epoch,link_name,tx,rx,drop
1,US0->CS0,27683,27683,0
1,US0->CS8,27161,27161,0
1,US0->CS16,27264,27264,0
1,US0->CS24,27344,27344,0
1,US0->CS32,27611,27611,0
1,US0->CS40,27814,27814,0
1,US0->CS48,27795,27795,0
1,US0->CS56,27588,27588,0
1,US1->CS1,27655,27655,0
1,US1->CS9,27391,27391,0
1,US1->CS17,27765,27765,0
1,US1->CS25,27594,27594,0
1,US1->CS33,27758,27758,0
1,US1->CS41,27670,27670,0
1,US1->CS49,27441,27441,0
1,US1->CS57,27254,27254,0
1,US2->CS2,27384,27384,0
1,US2->CS10,27432,27432,0
1,US2->CS18,27528,27528,0
1,US2->CS26,27549,27549,0
1,US2->CS34,27407,27407,0
1,US2->CS42,27224,27224,0
1,US2->CS50,27786,27786,0
1,US2->CS58,27553,27553,0
1,US3->CS3,27694,27694,0
1,US3->CS11,27750,27750,0
1,US3->CS19,27581,27581,0
1,US3->CS27,27805,27805,0
1,US3->CS35,27245,27245,0
1,US3->CS43,27754,27754,0
1,US3->CS51,27625,27625,0
1,US3->CS59,27514,27514,0
1,US4->CS4,27551,27551,0
1,US4->CS12,27578,27578,0
1,US4->CS20,27564,27564,0
1,US4->CS28,27440,27440,0
1,US4->CS36,27429,27429,0
1,US4->CS44,27416,27416,0
1,US4->CS52,27824,27824,0
1,US4->CS60,27559,27559,0
1,US5->CS5,27579,27579,0
1,US5->CS13,27675,27675,0
1,US5->CS21,27625,27625,0
1,US5->CS29,27511,27511,0
1,US5->CS37,27808,27808,0
1,US5->CS45,27477,27477,0
1,US5->CS53,27500,27500,0
1,US5->CS61,27880,27880,0
1,US6->CS6,27300,27300,0
1,US6->CS14,27791,27791,0
1,US6->CS22,27650,27650,0
1,US6->CS30,27375,27375,0
1,US6->CS38,27114,27114,0
1,US6->CS46,27773,27773,0
1,US6->CS54,27749,27749,0
1,US6->CS62,27721,27721,0
1,US7->CS7,27589,27589,0
1,US7->CS15,27655,27655,0
1,US7->CS23,27281,27281,0
1,US7->CS31,27565,27565,0
1,US7->CS39,27619,27619,0
1,US7->CS47,27458,27458,0
1,US7->CS55,27467,27467,0
1,US7->CS63,27750,27750,0
1,US8->CS0,0,0,0
1,US8->CS8,0,0,0
1,US8->CS16,0,0,0
1,US8->CS24,0,0,0
1,US8->CS32,0,0,0
1,US8->CS40,0,0,0
1,US8->CS48,0,0,0
1,US8->CS56,0,0,0
1,US9->CS1,0,0,0
1,US9->CS9,0,0,0
1,US9->CS17,0,0,0
1,US9->CS25,0,0,0
1,US9->CS33,0,0,0
1,US9->CS41,0,0,0
1,US9->CS49,0,0,0
1,US9->CS57,0,0,0
1,US10->CS2,0,0,0
1,US10->CS10,0,0,0
1,US10->CS18,0,0,0
1,US10->CS26,0,0,0
1,US10->CS34,0,0,0
1,US10->CS42,0,0,0
1,US10->CS50,0,0,0
1,US10->CS58,0,0,0
1,US11->CS3,0,0,0
1,US11->CS11,0,0,0
1,US11->CS19,0,0,0
1,US11->CS27,0,0,0
1,US11->CS35,0,0,0
1,US11->CS43,0,0,0
1,US11->CS51,0,0,0
1,US11->CS59,0,0,0
1,US12->CS4,0,0,0
1,US12->CS12,0,0,0
1,US12->CS20,0,0,0
1,US12->CS28,0,0,0
1,US12->CS36,0,0,0
1,US12->CS44,0,0,0
1,US12->CS52,0,0,0
1,US12->CS60,0,0,0
1,US13->CS5,0,0,0
1,US13->CS13,0,0,0
1,US13->CS21,0,0,0
1,US13->CS29,0,0,0
1,US13->CS37,0,0,0
1,US13->CS45,0,0,0
1,US13->CS53,0,0,0
1,US13->CS61,0,0,0
1,US14->CS6,0,0,0
1,US14->CS14,0,0,0
1,US14->CS22,0,0,0
1,US14->CS30,0,0,0
1,US14->CS38,0,0,0
1,US14->CS46,0,0,0
1,US14->CS54,0,0,0
1,US14->CS62,0,0,0
1,US15->CS7,0,0,0
1,US15->CS15,0,0,0
1,US15->CS23,0,0,0
1,US15->CS31,0,0,0
1,US15->CS39,0,0,0
1,US15->CS47,0,0,0
1,US15->CS55,0,0,0
1,US15->CS63,0,0,0
1,US16->CS0,0,0,0
1,US16->CS8,0,0,0
1,US16->CS16,0,0,0
1,US16->CS24,0,0,0
1,US16->CS32,0,0,0
1,US16->CS40,0,0,0
1,US16->CS48,0,0,0
1,US16->CS56,0,0,0
1,US17->CS1,0,0,0
1,US17->CS9,0,0,0
1,US17->CS17,0,0,0
1,US17->CS25,0,0,0
1,US17->CS33,0,0,0
1,US17->CS41,0,0,0
1,US17->CS49,0,0,0
1,US17->CS57,0,0,0
1,US18->CS2,0,0,0
1,US18->CS10,0,0,0
1,US18->CS18,0,0,0
1,US18->CS26,0,0,0
1,US18->CS34,0,0,0
1,US18->CS42,0,0,0
1,US18->CS50,0,0,0
1,US18->CS58,0,0,0
1,US19->CS3,0,0,0
1,US19->CS11,0,0,0
1,US19->CS19,0,0,0
1,US19->CS27,0,0,0
1,US19->CS35,0,0,0
1,US19->CS43,0,0,0
1,US19->CS51,0,0,0
1,US19->CS59,0,0,0
1,US20->CS4,0,0,0
1,US20->CS12,0,0,0
1,US20->CS20,0,0,0
1,US20->CS28,0,0,0
1,US20->CS36,0,0,0
1,US20->CS44,0,0,0
1,US20->CS52,0,0,0
1,US20->CS60,0,0,0
1,US21->CS5,0,0,0
1,US21->CS13,0,0,0
1,US21->CS21,0,0,0
1,US21->CS29,0,0,0
1,US21->CS37,0,0,0
1,US21->CS45,0,0,0
1,US21->CS53,0,0,0
1,US21->CS61,0,0,0
1,US22->CS6,0,0,0
1,US22->CS14,0,0,0
1,US22->CS22,0,0,0
1,US22->CS30,0,0,0
1,US22->CS38,0,0,0
1,US22->CS46,0,0,0
1,US22->CS54,0,0,0
1,US22->CS62,0,0,0
1,US23->CS7,0,0,0
1,US23->CS15,0,0,0
1,US23->CS23,0,0,0
1,US23->CS31,0,0,0
1,US23->CS39,0,0,0
1,US23->CS47,0,0,0
1,US23->CS55,0,0,0
1,US23->CS63,0,0,0
1,US24->CS0,0,0,0
1,US24->CS8,0,0,0
1,US24->CS16,0,0,0
1,US24->CS24,0,0,0
1,US24->CS32,0,0,0
1,US24->CS40,0,0,0
1,US24->CS48,0,0,0
1,US24->CS56,0,0,0
1,US25->CS1,0,0,0
1,US25->CS9,0,0,0
1,US25->CS17,0,0,0
1,US25->CS25,0,0,0
1,US25->CS33,0,0,0
1,US25->CS41,0,0,0
1,US25->CS49,0,0,0
1,US25->CS57,0,0,0
1,US26->CS2,0,0,0
1,US26->CS10,0,0,0
1,US26->CS18,0,0,0
1,US26->CS26,0,0,0
1,US26->CS34,0,0,0
1,US26->CS42,0,0,0
1,US26->CS50,0,0,0
1,US26->CS58,0,0,0
1,US27->CS3,0,0,0
1,US27->CS11,0,0,0
1,US27->CS19,0,0,0
1,US27->CS27,0,0,0
1,US27->CS35,0,0,0
1,US27->CS43,0,0,0
1,US27->CS51,0,0,0
1,US27->CS59,0,0,0
1,US28->CS4,0,0,0
1,US28->CS12,0,0,0
1,US28->CS20,0,0,0
1,US28->CS28,0,0,0
1,US28->CS36,0,0,0
1,US28->CS44,0,0,0
1,US28->CS52,0,0,0
1,US28->CS60,0,0,0
1,US29->CS5,0,0,0
1,US29->CS13,0,0,0
1,US29->CS21,0,0,0
1,US29->CS29,0,0,0
1,US29->CS37,0,0,0
1,US29->CS45,0,0,0
1,US29->CS53,0,0,0
1,US29->CS61,0,0,0
1,US30->CS6,0,0,0
1,US30->CS14,0,0,0
1,US30->CS22,0,0,0
1,US30->CS30,0,0,0
1,US30->CS38,0,0,0
1,US30->CS46,0,0,0
1,US30->CS54,0,0,0
1,US30->CS62,0,0,0
1,US31->CS7,0,0,0
1,US31->CS15,0,0,0
1,US31->CS23,0,0,0
1,US31->CS31,0,0,0
1,US31->CS39,0,0,0
1,US31->CS47,0,0,0
1,US31->CS55,0,0,0
1,US31->CS63,0,0,0
1,US32->CS0,0,0,0
1,US32->CS8,0,0,0
1,US32->CS16,0,0,0
1,US32->CS24,0,0,0
1,US32->CS32,0,0,0
1,US32->CS40,0,0,0
1,US32->CS48,0,0,0
1,US32->CS56,0,0,0
1,US33->CS1,0,0,0
1,US33->CS9,0,0,0
1,US33->CS17,0,0,0
1,US33->CS25,0,0,0
1,US33->CS33,0,0,0
1,US33->CS41,0,0,0
1,US33->CS49,0,0,0
1,US33->CS57,0,0,0
1,US34->CS2,0,0,0
1,US34->CS10,0,0,0
1,US34->CS18,0,0,0
1,US34->CS26,0,0,0
1,US34->CS34,0,0,0
1,US34->CS42,0,0,0
1,US34->CS50,0,0,0
1,US34->CS58,0,0,0
1,US35->CS3,0,0,0
1,US35->CS11,0,0,0
1,US35->CS19,0,0,0
1,US35->CS27,0,0,0
1,US35->CS35,0,0,0
1,US35->CS43,0,0,0
1,US35->CS51,0,0,0
1,US35->CS59,0,0,0
1,US36->CS4,0,0,0
1,US36->CS12,0,0,0
1,US36->CS20,0,0,0
1,US36->CS28,0,0,0
1,US36->CS36,0,0,0
1,US36->CS44,0,0,0
1,US36->CS52,0,0,0
1,US36->CS60,0,0,0
1,US37->CS5,0,0,0
1,US37->CS13,0,0,0
1,US37->CS21,0,0,0
1,US37->CS29,0,0,0
1,US37->CS37,0,0,0
1,US37->CS45,0,0,0
1,US37->CS53,0,0,0
1,US37->CS61,0,0,0
1,US38->CS6,0,0,0
1,US38->CS14,0,0,0
1,US38->CS22,0,0,0
1,US38->CS30,0,0,0
1,US38->CS38,0,0,0
1,US38->CS46,0,0,0
1,US38->CS54,0,0,0
1,US38->CS62,0,0,0
1,US39->CS7,0,0,0
1,US39->CS15,0,0,0
1,US39->CS23,0,0,0
1,US39->CS31,0,0,0
1,US39->CS39,0,0,0
1,US39->CS47,0,0,0
1,US39->CS55,0,0,0
1,US39->CS63,0,0,0
1,US40->CS0,0,0,0
1,US40->CS8,0,0,0
1,US40->CS16,0,0,0
1,US40->CS24,0,0,0
1,US40->CS32,0,0,0
1,US40->CS40,0,0,0
1,US40->CS48,0,0,0
1,US40->CS56,0,0,0
1,US41->CS1,0,0,0
1,US41->CS9,0,0,0
1,US41->CS17,0,0,0
1,US41->CS25,0,0,0
1,US41->CS33,0,0,0
1,US41->CS41,0,0,0
1,US41->CS49,0,0,0
1,US41->CS57,0,0,0
1,US42->CS2,0,0,0
1,US42->CS10,0,0,0
1,US42->CS18,0,0,0
1,US42->CS26,0,0,0
1,US42->CS34,0,0,0
1,US42->CS42,0,0,0
1,US42->CS50,0,0,0
1,US42->CS58,0,0,0
1,US43->CS3,0,0,0
1,US43->CS11,0,0,0
1,US43->CS19,0,0,0
1,US43->CS27,0,0,0
1,US43->CS35,0,0,0
1,US43->CS43,0,0,0
1,US43->CS51,0,0,0
1,US43->CS59,0,0,0
1,US44->CS4,0,0,0
1,US44->CS12,0,0,0
1,US44->CS20,0,0,0
1,US44->CS28,0,0,0
1,US44->CS36,0,0,0
1,US44->CS44,0,0,0
1,US44->CS52,0,0,0
1,US44->CS60,0,0,0
1,US45->CS5,0,0,0
1,US45->CS13,0,0,0
1,US45->CS21,0,0,0
1,US45->CS29,0,0,0
1,US45->CS37,0,0,0
1,US45->CS45,0,0,0
1,US45->CS53,0,0,0
1,US45->CS61,0,0,0
1,US46->CS6,0,0,0
1,US46->CS14,0,0,0
1,US46->CS22,0,0,0
1,US46->CS30,0,0,0
1,US46->CS38,0,0,0
1,US46->CS46,0,0,0
1,US46->CS54,0,0,0
1,US46->CS62,0,0,0
1,US47->CS7,0,0,0
1,US47->CS15,0,0,0
1,US47->CS23,0,0,0
1,US47->CS31,0,0,0
1,US47->CS39,0,0,0
1,US47->CS47,0,0,0
1,US47->CS55,0,0,0
1,US47->CS63,0,0,0
1,US48->CS0,27564,27564,0
1,US48->CS8,27706,27706,0
1,US48->CS16,27316,27316,0
1,US48->CS24,27609,27609,0
1,US48->CS32,27313,27313,0
1,US48->CS40,27793,27793,0
1,US48->CS48,27463,27463,0
1,US48->CS56,27365,27365,0
1,US49->CS1,27773,27773,0
1,US49->CS9,27734,27734,0
1,US49->CS17,27504,27504,0
1,US49->CS25,27425,27425,0
1,US49->CS33,27573,27573,0
1,US49->CS41,27529,27529,0
1,US49->CS49,27515,27515,0
1,US49->CS57,27656,27656,0
1,US50->CS2,27677,27677,0
1,US50->CS10,27568,27568,0
1,US50->CS18,27749,27749,0
1,US50->CS26,27628,27628,0
1,US50->CS34,27559,27559,0
1,US50->CS42,27490,27490,0
1,US50->CS50,27645,27645,0
1,US50->CS58,27468,27468,0
1,US51->CS3,27682,27682,0
1,US51->CS11,27255,27255,0
1,US51->CS19,27540,27540,0
1,US51->CS27,27405,27405,0
1,US51->CS35,27726,27726,0
1,US51->CS43,27595,27595,0
1,US51->CS51,27442,27442,0
1,US51->CS59,27660,27660,0
1,US52->CS4,27399,27399,0
1,US52->CS12,27482,27482,0
1,US52->CS20,27401,27401,0
1,US52->CS28,27712,27712,0
1,US52->CS36,27615,27615,0
1,US52->CS44,27955,27955,0
1,US52->CS52,27402,27402,0
1,US52->CS60,27430,27430,0
1,US53->CS5,27635,27635,0
1,US53->CS13,27614,27614,0
1,US53->CS21,27570,27570,0
1,US53->CS29,27548,27548,0
1,US53->CS37,27629,27629,0
1,US53->CS45,27627,27627,0
1,US53->CS53,27524,27524,0
1,US53->CS61,27667,27667,0
1,US54->CS6,27543,27543,0
1,US54->CS14,27672,27672,0
1,US54->CS22,27380,27380,0
1,US54->CS30,27717,27717,0
1,US54->CS38,27530,27530,0
1,US54->CS46,27836,27836,0
1,US54->CS54,27446,27446,0
1,US54->CS62,27678,27678,0
1,US55->CS7,27460,27460,0
1,US55->CS15,27653,27653,0
1,US55->CS23,27497,27497,0
1,US55->CS31,27440,27440,0
1,US55->CS39,27220,27220,0
1,US55->CS47,27547,27547,0
1,US55->CS55,27486,27486,0
1,US55->CS63,27299,27299,0
1,US56->CS0,0,0,0
1,US56->CS8,0,0,0
1,US56->CS16,0,0,0
1,US56->CS24,0,0,0
1,US56->CS32,0,0,0
1,US56->CS40,0,0,0
1,US56->CS48,0,0,0
1,US56->CS56,0,0,0
1,US57->CS1,0,0,0
1,US57->CS9,0,0,0
1,US57->CS17,0,0,0
1,US57->CS25,0,0,0
1,US57->CS33,0,0,0
1,US57->CS41,0,0,0
1,US57->CS49,0,0,0
1,US57->CS57,0,0,0
1,US58->CS2,0,0,0
1,US58->CS10,0,0,0
1,US58->CS18,0,0,0
1,US58->CS26,0,0,0
1,US58->CS34,0,0,0
1,US58->CS42,0,0,0
1,US58->CS50,0,0,0
1,US58->CS58,0,0,0
1,US59->CS3,0,0,0
1,US59->CS11,0,0,0
1,US59->CS19,0,0,0
1,US59->CS27,0,0,0
1,US59->CS35,0,0,0
1,US59->CS43,0,0,0
1,US59->CS51,0,0,0
1,US59->CS59,0,0,0
1,US60->CS4,0,0,0
1,US60->CS12,0,0,0
1,US60->CS20,0,0,0
1,US60->CS28,0,0,0
1,US60->CS36,0,0,0
1,US60->CS44,0,0,0
1,US60->CS52,0,0,0
1,US60->CS60,0,0,0
1,US61->CS5,0,0,0
1,US61->CS13,0,0,0
1,US61->CS21,0,0,0
1,US61->CS29,0,0,0
1,US61->CS37,0,0,0
1,US61->CS45,0,0,0
1,US61->CS53,0,0,0
1,US61->CS61,0,0,0
1,US62->CS6,0,0,0
1,US62->CS14,0,0,0
1,US62->CS22,0,0,0
1,US62->CS30,0,0,0
1,US62->CS38,0,0,0
1,US62->CS46,0,0,0
1,US62->CS54,0,0,0
1,US62->CS62,0,0,0
1,US63->CS7,0,0,0
1,US63->CS15,0,0,0
1,US63->CS23,0,0,0
1,US63->CS31,0,0,0
1,US63->CS39,0,0,0
1,US63->CS47,0,0,0
1,US63->CS55,0,0,0
1,US63->CS63,0,0,0
1,US64->CS0,0,0,0
1,US64->CS8,0,0,0
1,US64->CS16,0,0,0
1,US64->CS24,0,0,0
1,US64->CS32,0,0,0
1,US64->CS40,0,0,0
1,US64->CS48,0,0,0
1,US64->CS56,0,0,0
1,US65->CS1,0,0,0
1,US65->CS9,0,0,0
1,US65->CS17,0,0,0
1,US65->CS25,0,0,0
1,US65->CS33,0,0,0
1,US65->CS41,0,0,0
1,US65->CS49,0,0,0
1,US65->CS57,0,0,0
1,US66->CS2,0,0,0
1,US66->CS10,0,0,0
1,US66->CS18,0,0,0
1,US66->CS26,0,0,0
1,US66->CS34,0,0,0
1,US66->CS42,0,0,0
1,US66->CS50,0,0,0
1,US66->CS58,0,0,0
1,US67->CS3,0,0,0
1,US67->CS11,0,0,0
1,US67->CS19,0,0,0
1,US67->CS27,0,0,0
1,US67->CS35,0,0,0
1,US67->CS43,0,0,0
1,US67->CS51,0,0,0
1,US67->CS59,0,0,0
1,US68->CS4,0,0,0
1,US68->CS12,0,0,0
1,US68->CS20,0,0,0
1,US68->CS28,0,0,0
1,US68->CS36,0,0,0
1,US68->CS44,0,0,0
1,US68->CS52,0,0,0
1,US68->CS60,0,0,0
1,US69->CS5,0,0,0
1,US69->CS13,0,0,0
1,US69->CS21,0,0,0
1,US69->CS29,0,0,0
1,US69->CS37,0,0,0
1,US69->CS45,0,0,0
1,US69->CS53,0,0,0
1,US69->CS61,0,0,0
1,US70->CS6,0,0,0
1,US70->CS14,0,0,0
1,US70->CS22,0,0,0
1,US70->CS30,0,0,0
1,US70->CS38,0,0,0
1,US70->CS46,0,0,0
1,US70->CS54,0,0,0
1,US70->CS62,0,0,0
1,US71->CS7,0,0,0
1,US71->CS15,0,0,0
1,US71->CS23,0,0,0
1,US71->CS31,0,0,0
1,US71->CS39,0,0,0
1,US71->CS47,0,0,0
1,US71->CS55,0,0,0
1,US71->CS63,0,0,0
1,US72->CS0,0,0,0
1,US72->CS8,0,0,0
1,US72->CS16,0,0,0
1,US72->CS24,0,0,0
1,US72->CS32,0,0,0
1,US72->CS40,0,0,0
1,US72->CS48,0,0,0
1,US72->CS56,0,0,0
1,US73->CS1,0,0,0
1,US73->CS9,0,0,0
1,US73->CS17,0,0,0
1,US73->CS25,0,0,0
1,US73->CS33,0,0,0
1,US73->CS41,0,0,0
1,US73->CS49,0,0,0
1,US73->CS57,0,0,0
1,US74->CS2,0,0,0
1,US74->CS10,0,0,0
1,US74->CS18,0,0,0
1,US74->CS26,0,0,0
1,US74->CS34,0,0,0
1,US74->CS42,0,0,0
1,US74->CS50,0,0,0
1,US74->CS58,0,0,0
1,US75->CS3,0,0,0
1,US75->CS11,0,0,0
1,US75->CS19,0,0,0
1,US75->CS27,0,0,0
1,US75->CS35,0,0,0
1,US75->CS43,0,0,0
1,US75->CS51,0,0,0
1,US75->CS59,0,0,0
1,US76->CS4,0,0,0
1,US76->CS12,0,0,0
1,US76->CS20,0,0,0
1,US76->CS28,0,0,0
1,US76->CS36,0,0,0
1,US76->CS44,0,0,0
1,US76->CS52,0,0,0
1,US76->CS60,0,0,0
1,US77->CS5,0,0,0
1,US77->CS13,0,0,0
1,US77->CS21,0,0,0
1,US77->CS29,0,0,0
1,US77->CS37,0,0,0
1,US77->CS45,0,0,0
1,US77->CS53,0,0,0
1,US77->CS61,0,0,0
1,US78->CS6,0,0,0
1,US78->CS14,0,0,0
1,US78->CS22,0,0,0
1,US78->CS30,0,0,0
1,US78->CS38,0,0,0
1,US78->CS46,0,0,0
1,US78->CS54,0,0,0
1,US78->CS62,0,0,0
1,US79->CS7,0,0,0
1,US79->CS15,0,0,0
1,US79->CS23,0,0,0
1,US79->CS31,0,0,0
1,US79->CS39,0,0,0
1,US79->CS47,0,0,0
1,US79->CS55,0,0,0
1,US79->CS63,0,0,0
1,US80->CS0,0,0,0
1,US80->CS8,0,0,0
1,US80->CS16,0,0,0
1,US80->CS24,0,0,0
1,US80->CS32,0,0,0
1,US80->CS40,0,0,0
1,US80->CS48,0,0,0
1,US80->CS56,0,0,0
1,US81->CS1,0,0,0
1,US81->CS9,0,0,0
1,US81->CS17,0,0,0
1,US81->CS25,0,0,0
1,US81->CS33,0,0,0
1,US81->CS41,0,0,0
1,US81->CS49,0,0,0
1,US81->CS57,0,0,0
1,US82->CS2,0,0,0
1,US82->CS10,0,0,0
1,US82->CS18,0,0,0
1,US82->CS26,0,0,0
1,US82->CS34,0,0,0
1,US82->CS42,0,0,0
1,US82->CS50,0,0,0
1,US82->CS58,0,0,0
1,US83->CS3,0,0,0
1,US83->CS11,0,0,0
1,US83->CS19,0,0,0
1,US83->CS27,0,0,0
1,US83->CS35,0,0,0
1,US83->CS43,0,0,0
1,US83->CS51,0,0,0
1,US83->CS59,0,0,0
1,US84->CS4,0,0,0
1,US84->CS12,0,0,0
1,US84->CS20,0,0,0
1,US84->CS28,0,0,0
1,US84->CS36,0,0,0
1,US84->CS44,0,0,0
1,US84->CS52,0,0,0
1,US84->CS60,0,0,0
1,US85->CS5,0,0,0
1,US85->CS13,0,0,0
1,US85->CS21,0,0,0
1,US85->CS29,0,0,0
1,US85->CS37,0,0,0
1,US85->CS45,0,0,0
1,US85->CS53,0,0,0
1,US85->CS61,0,0,0
1,US86->CS6,0,0,0
1,US86->CS14,0,0,0
1,US86->CS22,0,0,0
1,US86->CS30,0,0,0
1,US86->CS38,0,0,0
1,US86->CS46,0,0,0
1,US86->CS54,0,0,0
1,US86->CS62,0,0,0
1,US87->CS7,0,0,0
1,US87->CS15,0,0,0
1,US87->CS23,0,0,0
1,US87->CS31,0,0,0
1,US87->CS39,0,0,0
1,US87->CS47,0,0,0
1,US87->CS55,0,0,0
1,US87->CS63,0,0,0
1,US88->CS0,0,0,0
1,US88->CS8,0,0,0
1,US88->CS16,0,0,0
1,US88->CS24,0,0,0
1,US88->CS32,0,0,0
1,US88->CS40,0,0,0
1,US88->CS48,0,0,0
1,US88->CS56,0,0,0
1,US89->CS1,0,0,0
1,US89->CS9,0,0,0
1,US89->CS17,0,0,0
1,US89->CS25,0,0,0
1,US89->CS33,0,0,0
1,US89->CS41,0,0,0
1,US89->CS49,0,0,0
1,US89->CS57,0,0,0
1,US90->CS2,0,0,0
1,US90->CS10,0,0,0
1,US90->CS18,0,0,0
1,US90->CS26,0,0,0
1,US90->CS34,0,0,0
1,US90->CS42,0,0,0
1,US90->CS50,0,0,0
1,US90->CS58,0,0,0
1,US91->CS3,0,0,0
1,US91->CS11,0,0,0
1,US91->CS19,0,0,0
1,US91->CS27,0,0,0
1,US91->CS35,0,0,0
1,US91->CS43,0,0,0
1,US91->CS51,0,0,0
1,US91->CS59,0,0,0
1,US92->CS4,0,0,0
1,US92->CS12,0,0,0
1,US92->CS20,0,0,0
1,US92->CS28,0,0,0
1,US92->CS36,0,0,0
1,US92->CS44,0,0,0
1,US92->CS52,0,0,0
1,US92->CS60,0,0,0
1,US93->CS5,0,0,0
1,US93->CS13,0,0,0
1,US93->CS21,0,0,0
1,US93->CS29,0,0,0
1,US93->CS37,0,0,0
1,US93->CS45,0,0,0
1,US93->CS53,0,0,0
1,US93->CS61,0,0,0
1,US94->CS6,0,0,0
1,US94->CS14,0,0,0
1,US94->CS22,0,0,0
1,US94->CS30,0,0,0
1,US94->CS38,0,0,0
1,US94->CS46,0,0,0
1,US94->CS54,0,0,0
1,US94->CS62,0,0,0
1,US95->CS7,0,0,0
1,US95->CS15,0,0,0
1,US95->CS23,0,0,0
1,US95->CS31,0,0,0
1,US95->CS39,0,0,0
1,US95->CS47,0,0,0
1,US95->CS55,0,0,0
1,US95->CS63,0,0,0
1,US96->CS0,0,0,0
1,US96->CS8,0,0,0
1,US96->CS16,0,0,0
1,US96->CS24,0,0,0
1,US96->CS32,0,0,0
1,US96->CS40,0,0,0
1,US96->CS48,0,0,0
1,US96->CS56,0,0,0
1,US97->CS1,0,0,0
1,US97->CS9,0,0,0
1,US97->CS17,0,0,0
1,US97->CS25,0,0,0
1,US97->CS33,0,0,0
1,US97->CS41,0,0,0
1,US97->CS49,0,0,0
1,US97->CS57,0,0,0
1,US98->CS2,0,0,0
1,US98->CS10,0,0,0
1,US98->CS18,0,0,0
1,US98->CS26,0,0,0
1,US98->CS34,0,0,0
1,US98->CS42,0,0,0
1,US98->CS50,0,0,0
1,US98->CS58,0,0,0
1,US99->CS3,0,0,0
1,US99->CS11,0,0,0
1,US99->CS19,0,0,0
1,US99->CS27,0,0,0
1,US99->CS35,0,0,0
1,US99->CS43,0,0,0
1,US99->CS51,0,0,0
1,US99->CS59,0,0,0
1,US100->CS4,0,0,0
1,US100->CS12,0,0,0
1,US100->CS20,0,0,0
1,US100->CS28,0,0,0
1,US100->CS36,0,0,0
1,US100->CS44,0,0,0
1,US100->CS52,0,0,0
1,US100->CS60,0,0,0
1,US101->CS5,0,0,0
1,US101->CS13,0,0,0
1,US101->CS21,0,0,0
1,US101->CS29,0,0,0
1,US101->CS37,0,0,0
1,US101->CS45,0,0,0
1,US101->CS53,0,0,0
1,US101->CS61,0,0,0
1,US102->CS6,0,0,0
1,US102->CS14,0,0,0
1,US102->CS22,0,0,0
1,US102->CS30,0,0,0
1,US102->CS38,0,0,0
1,US102->CS46,0,0,0
1,US102->CS54,0,0,0
1,US102->CS62,0,0,0
1,US103->CS7,0,0,0
1,US103->CS15,0,0,0
1,US103->CS23,0,0,0
1,US103->CS31,0,0,0
1,US103->CS39,0,0,0
1,US103->CS47,0,0,0
1,US103->CS55,0,0,0
1,US103->CS63,0,0,0
1,US104->CS0,0,0,0
1,US104->CS8,0,0,0
1,US104->CS16,0,0,0
1,US104->CS24,0,0,0
1,US104->CS32,0,0,0
1,US104->CS40,0,0,0
1,US104->CS48,0,0,0
1,US104->CS56,0,0,0
1,US105->CS1,0,0,0
1,US105->CS9,0,0,0
1,US105->CS17,0,0,0
1,US105->CS25,0,0,0
1,US105->CS33,0,0,0
1,US105->CS41,0,0,0
1,US105->CS49,0,0,0
1,US105->CS57,0,0,0
1,US106->CS2,0,0,0
1,US106->CS10,0,0,0
1,US106->CS18,0,0,0
1,US106->CS26,0,0,0
1,US106->CS34,0,0,0
1,US106->CS42,0,0,0
1,US106->CS50,0,0,0
1,US106->CS58,0,0,0
1,US107->CS3,0,0,0
1,US107->CS11,0,0,0
1,US107->CS19,0,0,0
1,US107->CS27,0,0,0
1,US107->CS35,0,0,0
1,US107->CS43,0,0,0
1,US107->CS51,0,0,0
1,US107->CS59,0,0,0
1,US108->CS4,0,0,0
1,US108->CS12,0,0,0
1,US108->CS20,0,0,0
1,US108->CS28,0,0,0
1,US108->CS36,0,0,0
1,US108->CS44,0,0,0
1,US108->CS52,0,0,0
1,US108->CS60,0,0,0
1,US109->CS5,0,0,0
1,US109->CS13,0,0,0
1,US109->CS21,0,0,0
1,US109->CS29,0,0,0
1,US109->CS37,0,0,0
1,US109->CS45,0,0,0
1,US109->CS53,0,0,0
1,US109->CS61,0,0,0
1,US110->CS6,0,0,0
1,US110->CS14,0,0,0
1,US110->CS22,0,0,0
1,US110->CS30,0,0,0
1,US110->CS38,0,0,0
1,US110->CS46,0,0,0
1,US110->CS54,0,0,0
1,US110->CS62,0,0,0
1,US111->CS7,0,0,0
1,US111->CS15,0,0,0
1,US111->CS23,0,0,0
1,US111->CS31,0,0,0
1,US111->CS39,0,0,0
1,US111->CS47,0,0,0
1,US111->CS55,0,0,0
1,US111->CS63,0,0,0
1,US112->CS0,0,0,0
1,US112->CS8,0,0,0
1,US112->CS16,0,0,0
1,US112->CS24,0,0,0
1,US112->CS32,0,0,0
1,US112->CS40,0,0,0
1,US112->CS48,0,0,0
1,US112->CS56,0,0,0
1,US113->CS1,0,0,0
1,US113->CS9,0,0,0
1,US113->CS17,0,0,0
1,US113->CS25,0,0,0
1,US113->CS33,0,0,0
1,US113->CS41,0,0,0
1,US113->CS49,0,0,0
1,US113->CS57,0,0,0
1,US114->CS2,0,0,0
1,US114->CS10,0,0,0
1,US114->CS18,0,0,0
1,US114->CS26,0,0,0
1,US114->CS34,0,0,0
1,US114->CS42,0,0,0
1,US114->CS50,0,0,0
1,US114->CS58,0,0,0
1,US115->CS3,0,0,0
1,US115->CS11,0,0,0
1,US115->CS19,0,0,0
1,US115->CS27,0,0,0
1,US115->CS35,0,0,0
1,US115->CS43,0,0,0
1,US115->CS51,0,0,0
1,US115->CS59,0,0,0
1,US116->CS4,0,0,0
1,US116->CS12,0,0,0
1,US116->CS20,0,0,0
1,US116->CS28,0,0,0
1,US116->CS36,0,0,0
1,US116->CS44,0,0,0
1,US116->CS52,0,0,0
1,US116->CS60,0,0,0
1,US117->CS5,0,0,0
1,US117->CS13,0,0,0
1,US117->CS21,0,0,0
1,US117->CS29,0,0,0
1,US117->CS37,0,0,0
1,US117->CS45,0,0,0
1,US117->CS53,0,0,0
1,US117->CS61,0,0,0
1,US118->CS6,0,0,0
1,US118->CS14,0,0,0
1,US118->CS22,0,0,0
1,US118->CS30,0,0,0
1,US118->CS38,0,0,0
1,US118->CS46,0,0,0
1,US118->CS54,0,0,0
1,US118->CS62,0,0,0
1,US119->CS7,0,0,0
1,US119->CS15,0,0,0
1,US119->CS23,0,0,0
1,US119->CS31,0,0,0
1,US119->CS39,0,0,0
1,US119->CS47,0,0,0
1,US119->CS55,0,0,0
1,US119->CS63,0,0,0
1,US120->CS0,0,0,0
1,US120->CS8,0,0,0
1,US120->CS16,0,0,0
1,US120->CS24,0,0,0
1,US120->CS32,0,0,0
1,US120->CS40,0,0,0
1,US120->CS48,0,0,0
1,US120->CS56,0,0,0
1,US121->CS1,0,0,0
1,US121->CS9,0,0,0
1,US121->CS17,0,0,0
1,US121->CS25,0,0,0
1,US121->CS33,0,0,0
1,US121->CS41,0,0,0
1,US121->CS49,0,0,0
1,US121->CS57,0,0,0
1,US122->CS2,0,0,0
1,US122->CS10,0,0,0
1,US122->CS18,0,0,0
1,US122->CS26,0,0,0
1,US122->CS34,0,0,0
1,US122->CS42,0,0,0
1,US122->CS50,0,0,0
1,US122->CS58,0,0,0
1,US123->CS3,0,0,0
1,US123->CS11,0,0,0
1,US123->CS19,0,0,0
1,US123->CS27,0,0,0
1,US123->CS35,0,0,0
1,US123->CS43,0,0,0
1,US123->CS51,0,0,0
1,US123->CS59,0,0,0
1,US124->CS4,0,0,0
1,US124->CS12,0,0,0
1,US124->CS20,0,0,0
1,US124->CS28,0,0,0
1,US124->CS36,0,0,0
1,US124->CS44,0,0,0
1,US124->CS52,0,0,0
1,US124->CS60,0,0,0
1,US125->CS5,0,0,0
1,US125->CS13,0,0,0
1,US125->CS21,0,0,0
1,US125->CS29,0,0,0
1,US125->CS37,0,0,0
1,US125->CS45,0,0,0
1,US125->CS53,0,0,0
1,US125->CS61,0,0,0
1,US126->CS6,0,0,0
1,US126->CS14,0,0,0
1,US126->CS22,0,0,0
1,US126->CS30,0,0,0
1,US126->CS38,0,0,0
1,US126->CS46,0,0,0
1,US126->CS54,0,0,0
1,US126->CS62,0,0,0
1,US127->CS7,0,0,0
1,US127->CS15,0,0,0
1,US127->CS23,0,0,0
1,US127->CS31,0,0,0
1,US127->CS39,0,0,0
1,US127->CS47,0,0,0
1,US127->CS55,0,0,0
1,US127->CS63,0,0,0
1,CS0->US0,27564,27564,0
1,CS0->US8,0,0,0
1,CS0->US16,0,0,0
1,CS0->US24,0,0,0
1,CS0->US32,0,0,0
1,CS0->US40,0,0,0
1,CS0->US48,27683,27683,0
1,CS0->US56,0,0,0
1,CS0->US64,0,0,0
1,CS0->US72,0,0,0
1,CS0->US80,0,0,0
1,CS0->US88,0,0,0
1,CS0->US96,0,0,0
1,CS0->US104,0,0,0
1,CS0->US112,0,0,0
1,CS0->US120,0,0,0
1,CS1->US1,27773,27773,0
1,CS1->US9,0,0,0
1,CS1->US17,0,0,0
1,CS1->US25,0,0,0
1,CS1->US33,0,0,0
1,CS1->US41,0,0,0
1,CS1->US49,27655,27655,0
1,CS1->US57,0,0,0
1,CS1->US65,0,0,0
1,CS1->US73,0,0,0
1,CS1->US81,0,0,0
1,CS1->US89,0,0,0
1,CS1->US97,0,0,0
1,CS1->US105,0,0,0
1,CS1->US113,0,0,0
1,CS1->US121,0,0,0
1,CS2->US2,27677,27677,0
1,CS2->US10,0,0,0
1,CS2->US18,0,0,0
1,CS2->US26,0,0,0
1,CS2->US34,0,0,0
1,CS2->US42,0,0,0
1,CS2->US50,27384,27384,0
1,CS2->US58,0,0,0
1,CS2->US66,0,0,0
1,CS2->US74,0,0,0
1,CS2->US82,0,0,0
1,CS2->US90,0,0,0
1,CS2->US98,0,0,0
1,CS2->US106,0,0,0
1,CS2->US114,0,0,0
1,CS2->US122,0,0,0
1,CS3->US3,27682,27682,0
1,CS3->US11,0,0,0
1,CS3->US19,0,0,0
1,CS3->US27,0,0,0
1,CS3->US35,0,0,0
1,CS3->US43,0,0,0
1,CS3->US51,27694,27694,0
1,CS3->US59,0,0,0
1,CS3->US67,0,0,0
1,CS3->US75,0,0,0
1,CS3->US83,0,0,0
1,CS3->US91,0,0,0
1,CS3->US99,0,0,0
1,CS3->US107,0,0,0
1,CS3->US115,0,0,0
1,CS3->US123,0,0,0
1,CS4->US4,27399,27399,0
1,CS4->US12,0,0,0
1,CS4->US20,0,0,0
1,CS4->US28,0,0,0
1,CS4->US36,0,0,0
1,CS4->US44,0,0,0
1,CS4->US52,27551,27551,0
1,CS4->US60,0,0,0
1,CS4->US68,0,0,0
1,CS4->US76,0,0,0
1,CS4->US84,0,0,0
1,CS4->US92,0,0,0
1,CS4->US100,0,0,0
1,CS4->US108,0,0,0
1,CS4->US116,0,0,0
1,CS4->US124,0,0,0
1,CS5->US5,27635,27635,0
1,CS5->US13,0,0,0
1,CS5->US21,0,0,0
1,CS5->US29,0,0,0
1,CS5->US37,0,0,0
1,CS5->US45,0,0,0
1,CS5->US53,27579,27579,0
1,CS5->US61,0,0,0
1,CS5->US69,0,0,0
1,CS5->US77,0,0,0
1,CS5->US85,0,0,0
1,CS5->US93,0,0,0
1,CS5->US101,0,0,0
1,CS5->US109,0,0,0
1,CS5->US117,0,0,0
1,CS5->US125,0,0,0
1,CS6->US6,27543,27543,0
1,CS6->US14,0,0,0
1,CS6->US22,0,0,0
1,CS6->US30,0,0,0
1,CS6->US38,0,0,0
1,CS6->US46,0,0,0
1,CS6->US54,27300,27300,0
1,CS6->US62,0,0,0
1,CS6->US70,0,0,0
1,CS6->US78,0,0,0
1,CS6->US86,0,0,0
1,CS6->US94,0,0,0
1,CS6->US102,0,0,0
1,CS6->US110,0,0,0
1,CS6->US118,0,0,0
1,CS6->US126,0,0,0
1,CS7->US7,27460,27460,0
1,CS7->US15,0,0,0
1,CS7->US23,0,0,0
1,CS7->US31,0,0,0
1,CS7->US39,0,0,0
1,CS7->US47,0,0,0
1,CS7->US55,27589,27589,0
1,CS7->US63,0,0,0
1,CS7->US71,0,0,0
1,CS7->US79,0,0,0
1,CS7->US87,0,0,0
1,CS7->US95,0,0,0
1,CS7->US103,0,0,0
1,CS7->US111,0,0,0
1,CS7->US119,0,0,0
1,CS7->US127,0,0,0
1,CS8->US0,27706,27706,0
1,CS8->US8,0,0,0
1,CS8->US16,0,0,0
1,CS8->US24,0,0,0
1,CS8->US32,0,0,0
1,CS8->US40,0,0,0
1,CS8->US48,27161,27161,0
1,CS8->US56,0,0,0
1,CS8->US64,0,0,0
1,CS8->US72,0,0,0
1,CS8->US80,0,0,0
1,CS8->US88,0,0,0
1,CS8->US96,0,0,0
1,CS8->US104,0,0,0
1,CS8->US112,0,0,0
1,CS8->US120,0,0,0
1,CS9->US1,27734,27734,0
1,CS9->US9,0,0,0
1,CS9->US17,0,0,0
1,CS9->US25,0,0,0
1,CS9->US33,0,0,0
1,CS9->US41,0,0,0
1,CS9->US49,27391,27391,0
1,CS9->US57,0,0,0
1,CS9->US65,0,0,0
1,CS9->US73,0,0,0
1,CS9->US81,0,0,0
1,CS9->US89,0,0,0
1,CS9->US97,0,0,0
1,CS9->US105,0,0,0
1,CS9->US113,0,0,0
1,CS9->US121,0,0,0
1,CS10->US2,27568,27568,0
1,CS10->US10,0,0,0
1,CS10->US18,0,0,0
1,CS10->US26,0,0,0
1,CS10->US34,0,0,0
1,CS10->US42,0,0,0
1,CS10->US50,27432,27432,0
1,CS10->US58,0,0,0
1,CS10->US66,0,0,0
1,CS10->US74,0,0,0
1,CS10->US82,0,0,0
1,CS10->US90,0,0,0
1,CS10->US98,0,0,0
1,CS10->US106,0,0,0
1,CS10->US114,0,0,0
1,CS10->US122,0,0,0
1,CS11->US3,27255,27255,0
1,CS11->US11,0,0,0
1,CS11->US19,0,0,0
1,CS11->US27,0,0,0
1,CS11->US35,0,0,0
1,CS11->US43,0,0,0
1,CS11->US51,27750,27750,0
1,CS11->US59,0,0,0
1,CS11->US67,0,0,0
1,CS11->US75,0,0,0
1,CS11->US83,0,0,0
1,CS11->US91,0,0,0
1,CS11->US99,0,0,0
1,CS11->US107,0,0,0
1,CS11->US115,0,0,0
1,CS11->US123,0,0,0
1,CS12->US4,27482,27482,0
1,CS12->US12,0,0,0
1,CS12->US20,0,0,0
1,CS12->US28,0,0,0
1,CS12->US36,0,0,0
1,CS12->US44,0,0,0
1,CS12->US52,27578,27578,0
1,CS12->US60,0,0,0
1,CS12->US68,0,0,0
1,CS12->US76,0,0,0
1,CS12->US84,0,0,0
1,CS12->US92,0,0,0
1,CS12->US100,0,0,0
1,CS12->US108,0,0,0
1,CS12->US116,0,0,0
1,CS12->US124,0,0,0
1,CS13->US5,27614,27614,0
1,CS13->US13,0,0,0
1,CS13->US21,0,0,0
1,CS13->US29,0,0,0
1,CS13->US37,0,0,0
1,CS13->US45,0,0,0
1,CS13->US53,27675,27675,0
1,CS13->US61,0,0,0
1,CS13->US69,0,0,0
1,CS13->US77,0,0,0
1,CS13->US85,0,0,0
1,CS13->US93,0,0,0
1,CS13->US101,0,0,0
1,CS13->US109,0,0,0
1,CS13->US117,0,0,0
1,CS13->US125,0,0,0
1,CS14->US6,27672,27672,0
1,CS14->US14,0,0,0
1,CS14->US22,0,0,0
1,CS14->US30,0,0,0
1,CS14->US38,0,0,0
1,CS14->US46,0,0,0
1,CS14->US54,27791,27791,0
1,CS14->US62,0,0,0
1,CS14->US70,0,0,0
1,CS14->US78,0,0,0
1,CS14->US86,0,0,0
1,CS14->US94,0,0,0
1,CS14->US102,0,0,0
1,CS14->US110,0,0,0
1,CS14->US118,0,0,0
1,CS14->US126,0,0,0
1,CS15->US7,27653,27653,0
1,CS15->US15,0,0,0
1,CS15->US23,0,0,0
1,CS15->US31,0,0,0
1,CS15->US39,0,0,0
1,CS15->US47,0,0,0
1,CS15->US55,27655,27655,0
1,CS15->US63,0,0,0
1,CS15->US71,0,0,0
1,CS15->US79,0,0,0
1,CS15->US87,0,0,0
1,CS15->US95,0,0,0
1,CS15->US103,0,0,0
1,CS15->US111,0,0,0
1,CS15->US119,0,0,0
1,CS15->US127,0,0,0
1,CS16->US0,27316,27316,0
1,CS16->US8,0,0,0
1,CS16->US16,0,0,0
1,CS16->US24,0,0,0
1,CS16->US32,0,0,0
1,CS16->US40,0,0,0
1,CS16->US48,27264,27264,0
1,CS16->US56,0,0,0
1,CS16->US64,0,0,0
1,CS16->US72,0,0,0
1,CS16->US80,0,0,0
1,CS16->US88,0,0,0
1,CS16->US96,0,0,0
1,CS16->US104,0,0,0
1,CS16->US112,0,0,0
1,CS16->US120,0,0,0
1,CS17->US1,27504,27504,0
1,CS17->US9,0,0,0
1,CS17->US17,0,0,0
1,CS17->US25,0,0,0
1,CS17->US33,0,0,0
1,CS17->US41,0,0,0
1,CS17->US49,27765,27765,0
1,CS17->US57,0,0,0
1,CS17->US65,0,0,0
1,CS17->US73,0,0,0
1,CS17->US81,0,0,0
1,CS17->US89,0,0,0
1,CS17->US97,0,0,0
1,CS17->US105,0,0,0
1,CS17->US113,0,0,0
1,CS17->US121,0,0,0
1,CS18->US2,27749,27749,0
1,CS18->US10,0,0,0
1,CS18->US18,0,0,0
1,CS18->US26,0,0,0
1,CS18->US34,0,0,0
1,CS18->US42,0,0,0
1,CS18->US50,27528,27528,0
1,CS18->US58,0,0,0
1,CS18->US66,0,0,0
1,CS18->US74,0,0,0
1,CS18->US82,0,0,0
1,CS18->US90,0,0,0
1,CS18->US98,0,0,0
1,CS18->US106,0,0,0
1,CS18->US114,0,0,0
1,CS18->US122,0,0,0
1,CS19->US3,27540,27540,0
1,CS19->US11,0,0,0
1,CS19->US19,0,0,0
1,CS19->US27,0,0,0
1,CS19->US35,0,0,0
1,CS19->US43,0,0,0
1,CS19->US51,27581,27581,0
1,CS19->US59,0,0,0
1,CS19->US67,0,0,0
1,CS19->US75,0,0,0
1,CS19->US83,0,0,0
1,CS19->US91,0,0,0
1,CS19->US99,0,0,0
1,CS19->US107,0,0,0
1,CS19->US115,0,0,0
1,CS19->US123,0,0,0
1,CS20->US4,27401,27401,0
1,CS20->US12,0,0,0
1,CS20->US20,0,0,0
1,CS20->US28,0,0,0
1,CS20->US36,0,0,0
1,CS20->US44,0,0,0
1,CS20->US52,27564,27564,0
1,CS20->US60,0,0,0
1,CS20->US68,0,0,0
1,CS20->US76,0,0,0
1,CS20->US84,0,0,0
1,CS20->US92,0,0,0
1,CS20->US100,0,0,0
1,CS20->US108,0,0,0
1,CS20->US116,0,0,0
1,CS20->US124,0,0,0
1,CS21->US5,27570,27570,0
1,CS21->US13,0,0,0
1,CS21->US21,0,0,0
1,CS21->US29,0,0,0
1,CS21->US37,0,0,0
1,CS21->US45,0,0,0
1,CS21->US53,27625,27625,0
1,CS21->US61,0,0,0
1,CS21->US69,0,0,0
1,CS21->US77,0,0,0
1,CS21->US85,0,0,0
1,CS21->US93,0,0,0
1,CS21->US101,0,0,0
1,CS21->US109,0,0,0
1,CS21->US117,0,0,0
1,CS21->US125,0,0,0
1,CS22->US6,27380,27380,0
1,CS22->US14,0,0,0
1,CS22->US22,0,0,0
1,CS22->US30,0,0,0
1,CS22->US38,0,0,0
1,CS22->US46,0,0,0
1,CS22->US54,27650,27650,0
1,CS22->US62,0,0,0
1,CS22->US70,0,0,0
1,CS22->US78,0,0,0
1,CS22->US86,0,0,0
1,CS22->US94,0,0,0
1,CS22->US102,0,0,0
1,CS22->US110,0,0,0
1,CS22->US118,0,0,0
1,CS22->US126,0,0,0
1,CS23->US7,27497,27497,0
1,CS23->US15,0,0,0
1,CS23->US23,0,0,0
1,CS23->US31,0,0,0
1,CS23->US39,0,0,0
1,CS23->US47,0,0,0
1,CS23->US55,27281,27281,0
1,CS23->US63,0,0,0
1,CS23->US71,0,0,0
1,CS23->US79,0,0,0
1,CS23->US87,0,0,0
1,CS23->US95,0,0,0
1,CS23->US103,0,0,0
1,CS23->US111,0,0,0
1,CS23->US119,0,0,0
1,CS23->US127,0,0,0
1,CS24->US0,27609,27609,0
1,CS24->US8,0,0,0
1,CS24->US16,0,0,0
1,CS24->US24,0,0,0
1,CS24->US32,0,0,0
1,CS24->US40,0,0,0
1,CS24->US48,27344,27344,0
1,CS24->US56,0,0,0
1,CS24->US64,0,0,0
1,CS24->US72,0,0,0
1,CS24->US80,0,0,0
1,CS24->US88,0,0,0
1,CS24->US96,0,0,0
1,CS24->US104,0,0,0
1,CS24->US112,0,0,0
1,CS24->US120,0,0,0
1,CS25->US1,27425,27425,0
1,CS25->US9,0,0,0
1,CS25->US17,0,0,0
1,CS25->US25,0,0,0
1,CS25->US33,0,0,0
1,CS25->US41,0,0,0
1,CS25->US49,27594,27594,0
1,CS25->US57,0,0,0
1,CS25->US65,0,0,0
1,CS25->US73,0,0,0
1,CS25->US81,0,0,0
1,CS25->US89,0,0,0
1,CS25->US97,0,0,0
1,CS25->US105,0,0,0
1,CS25->US113,0,0,0
1,CS25->US121,0,0,0
1,CS26->US2,27628,27628,0
1,CS26->US10,0,0,0
1,CS26->US18,0,0,0
1,CS26->US26,0,0,0
1,CS26->US34,0,0,0
1,CS26->US42,0,0,0
1,CS26->US50,27549,27549,0
1,CS26->US58,0,0,0
1,CS26->US66,0,0,0
1,CS26->US74,0,0,0
1,CS26->US82,0,0,0
1,CS26->US90,0,0,0
1,CS26->US98,0,0,0
1,CS26->US106,0,0,0
1,CS26->US114,0,0,0
1,CS26->US122,0,0,0
1,CS27->US3,27405,27405,0
1,CS27->US11,0,0,0
1,CS27->US19,0,0,0
1,CS27->US27,0,0,0
1,CS27->US35,0,0,0
1,CS27->US43,0,0,0
1,CS27->US51,27805,27805,0
1,CS27->US59,0,0,0
1,CS27->US67,0,0,0
1,CS27->US75,0,0,0
1,CS27->US83,0,0,0
1,CS27->US91,0,0,0
1,CS27->US99,0,0,0
1,CS27->US107,0,0,0
1,CS27->US115,0,0,0
1,CS27->US123,0,0,0
1,CS28->US4,27712,27712,0
1,CS28->US12,0,0,0
1,CS28->US20,0,0,0
1,CS28->US28,0,0,0
1,CS28->US36,0,0,0
1,CS28->US44,0,0,0
1,CS28->US52,27440,27440,0
1,CS28->US60,0,0,0
1,CS28->US68,0,0,0
1,CS28->US76,0,0,0
1,CS28->US84,0,0,0
1,CS28->US92,0,0,0
1,CS28->US100,0,0,0
1,CS28->US108,0,0,0
1,CS28->US116,0,0,0
1,CS28->US124,0,0,0
1,CS29->US5,27548,27548,0
1,CS29->US13,0,0,0
1,CS29->US21,0,0,0
1,CS29->US29,0,0,0
1,CS29->US37,0,0,0
1,CS29->US45,0,0,0
1,CS29->US53,27511,27511,0
1,CS29->US61,0,0,0
1,CS29->US69,0,0,0
1,CS29->US77,0,0,0
1,CS29->US85,0,0,0
1,CS29->US93,0,0,0
1,CS29->US101,0,0,0
1,CS29->US109,0,0,0
1,CS29->US117,0,0,0
1,CS29->US125,0,0,0
1,CS30->US6,27717,27717,0
1,CS30->US14,0,0,0
1,CS30->US22,0,0,0
1,CS30->US30,0,0,0
1,CS30->US38,0,0,0
1,CS30->US46,0,0,0
1,CS30->US54,27375,27375,0
1,CS30->US62,0,0,0
1,CS30->US70,0,0,0
1,CS30->US78,0,0,0
1,CS30->US86,0,0,0
1,CS30->US94,0,0,0
1,CS30->US102,0,0,0
1,CS30->US110,0,0,0
1,CS30->US118,0,0,0
1,CS30->US126,0,0,0
1,CS31->US7,27440,27440,0
1,CS31->US15,0,0,0
1,CS31->US23,0,0,0
1,CS31->US31,0,0,0
1,CS31->US39,0,0,0
1,CS31->US47,0,0,0
1,CS31->US55,27565,27565,0
1,CS31->US63,0,0,0
1,CS31->US71,0,0,0
1,CS31->US79,0,0,0
1,CS31->US87,0,0,0
1,CS31->US95,0,0,0
1,CS31->US103,0,0,0
1,CS31->US111,0,0,0
1,CS31->US119,0,0,0
1,CS31->US127,0,0,0
1,CS32->US0,27313,27313,0
1,CS32->US8,0,0,0
1,CS32->US16,0,0,0
1,CS32->US24,0,0,0
1,CS32->US32,0,0,0
1,CS32->US40,0,0,0
1,CS32->US48,27611,27611,0
1,CS32->US56,0,0,0
1,CS32->US64,0,0,0
1,CS32->US72,0,0,0
1,CS32->US80,0,0,0
1,CS32->US88,0,0,0
1,CS32->US96,0,0,0
1,CS32->US104,0,0,0
1,CS32->US112,0,0,0
1,CS32->US120,0,0,0
1,CS33->US1,27573,27573,0
1,CS33->US9,0,0,0
1,CS33->US17,0,0,0
1,CS33->US25,0,0,0
1,CS33->US33,0,0,0
1,CS33->US41,0,0,0
1,CS33->US49,27758,27758,0
1,CS33->US57,0,0,0
1,CS33->US65,0,0,0
1,CS33->US73,0,0,0
1,CS33->US81,0,0,0
1,CS33->US89,0,0,0
1,CS33->US97,0,0,0
1,CS33->US105,0,0,0
1,CS33->US113,0,0,0
1,CS33->US121,0,0,0
1,CS34->US2,27559,27559,0
1,CS34->US10,0,0,0
1,CS34->US18,0,0,0
1,CS34->US26,0,0,0
1,CS34->US34,0,0,0
1,CS34->US42,0,0,0
1,CS34->US50,27407,27407,0
1,CS34->US58,0,0,0
1,CS34->US66,0,0,0
1,CS34->US74,0,0,0
1,CS34->US82,0,0,0
1,CS34->US90,0,0,0
1,CS34->US98,0,0,0
1,CS34->US106,0,0,0
1,CS34->US114,0,0,0
1,CS34->US122,0,0,0
1,CS35->US3,27726,27726,0
1,CS35->US11,0,0,0
1,CS35->US19,0,0,0
1,CS35->US27,0,0,0
1,CS35->US35,0,0,0
1,CS35->US43,0,0,0
1,CS35->US51,27245,27245,0
1,CS35->US59,0,0,0
1,CS35->US67,0,0,0
1,CS35->US75,0,0,0
1,CS35->US83,0,0,0
1,CS35->US91,0,0,0
1,CS35->US99,0,0,0
1,CS35->US107,0,0,0
1,CS35->US115,0,0,0
1,CS35->US123,0,0,0
1,CS36->US4,27615,27615,0
1,CS36->US12,0,0,0
1,CS36->US20,0,0,0
1,CS36->US28,0,0,0
1,CS36->US36,0,0,0
1,CS36->US44,0,0,0
1,CS36->US52,27429,27429,0
1,CS36->US60,0,0,0
1,CS36->US68,0,0,0
1,CS36->US76,0,0,0
1,CS36->US84,0,0,0
1,CS36->US92,0,0,0
1,CS36->US100,0,0,0
1,CS36->US108,0,0,0
1,CS36->US116,0,0,0
1,CS36->US124,0,0,0
1,CS37->US5,27629,27629,0
1,CS37->US13,0,0,0
1,CS37->US21,0,0,0
1,CS37->US29,0,0,0
1,CS37->US37,0,0,0
1,CS37->US45,0,0,0
1,CS37->US53,27808,27808,0
1,CS37->US61,0,0,0
1,CS37->US69,0,0,0
1,CS37->US77,0,0,0
1,CS37->US85,0,0,0
1,CS37->US93,0,0,0
1,CS37->US101,0,0,0
1,CS37->US109,0,0,0
1,CS37->US117,0,0,0
1,CS37->US125,0,0,0
1,CS38->US6,27530,27530,0
1,CS38->US14,0,0,0
1,CS38->US22,0,0,0
1,CS38->US30,0,0,0
1,CS38->US38,0,0,0
1,CS38->US46,0,0,0
1,CS38->US54,27114,27114,0
1,CS38->US62,0,0,0
1,CS38->US70,0,0,0
1,CS38->US78,0,0,0
1,CS38->US86,0,0,0
1,CS38->US94,0,0,0
1,CS38->US102,0,0,0
1,CS38->US110,0,0,0
1,CS38->US118,0,0,0
1,CS38->US126,0,0,0
1,CS39->US7,27220,27220,0
1,CS39->US15,0,0,0
1,CS39->US23,0,0,0
1,CS39->US31,0,0,0
1,CS39->US39,0,0,0
1,CS39->US47,0,0,0
1,CS39->US55,27619,27619,0
1,CS39->US63,0,0,0
1,CS39->US71,0,0,0
1,CS39->US79,0,0,0
1,CS39->US87,0,0,0
1,CS39->US95,0,0,0
1,CS39->US103,0,0,0
1,CS39->US111,0,0,0
1,CS39->US119,0,0,0
1,CS39->US127,0,0,0
1,CS40->US0,27793,27793,0
1,CS40->US8,0,0,0
1,CS40->US16,0,0,0
1,CS40->US24,0,0,0
1,CS40->US32,0,0,0
1,CS40->US40,0,0,0
1,CS40->US48,27814,27814,0
1,CS40->US56,0,0,0
1,CS40->US64,0,0,0
1,CS40->US72,0,0,0
1,CS40->US80,0,0,0
1,CS40->US88,0,0,0
1,CS40->US96,0,0,0
1,CS40->US104,0,0,0
1,CS40->US112,0,0,0
1,CS40->US120,0,0,0
1,CS41->US1,27529,27529,0
1,CS41->US9,0,0,0
1,CS41->US17,0,0,0
1,CS41->US25,0,0,0
1,CS41->US33,0,0,0
1,CS41->US41,0,0,0
1,CS41->US49,27670,27670,0
1,CS41->US57,0,0,0
1,CS41->US65,0,0,0
1,CS41->US73,0,0,0
1,CS41->US81,0,0,0
1,CS41->US89,0,0,0
1,CS41->US97,0,0,0
1,CS41->US105,0,0,0
1,CS41->US113,0,0,0
1,CS41->US121,0,0,0
1,CS42->US2,27490,27490,0
1,CS42->US10,0,0,0
1,CS42->US18,0,0,0
1,CS42->US26,0,0,0
1,CS42->US34,0,0,0
1,CS42->US42,0,0,0
1,CS42->US50,27224,27224,0
1,CS42->US58,0,0,0
1,CS42->US66,0,0,0
1,CS42->US74,0,0,0
1,CS42->US82,0,0,0
1,CS42->US90,0,0,0
1,CS42->US98,0,0,0
1,CS42->US106,0,0,0
1,CS42->US114,0,0,0
1,CS42->US122,0,0,0
1,CS43->US3,27595,27595,0
1,CS43->US11,0,0,0
1,CS43->US19,0,0,0
1,CS43->US27,0,0,0
1,CS43->US35,0,0,0
1,CS43->US43,0,0,0
1,CS43->US51,27754,27754,0
1,CS43->US59,0,0,0
1,CS43->US67,0,0,0
1,CS43->US75,0,0,0
1,CS43->US83,0,0,0
1,CS43->US91,0,0,0
1,CS43->US99,0,0,0
1,CS43->US107,0,0,0
1,CS43->US115,0,0,0
1,CS43->US123,0,0,0
1,CS44->US4,27955,27955,0
1,CS44->US12,0,0,0
1,CS44->US20,0,0,0
1,CS44->US28,0,0,0
1,CS44->US36,0,0,0
1,CS44->US44,0,0,0
1,CS44->US52,27416,27416,0
1,CS44->US60,0,0,0
1,CS44->US68,0,0,0
1,CS44->US76,0,0,0
1,CS44->US84,0,0,0
1,CS44->US92,0,0,0
1,CS44->US100,0,0,0
1,CS44->US108,0,0,0
1,CS44->US116,0,0,0
1,CS44->US124,0,0,0
1,CS45->US5,27627,27627,0
1,CS45->US13,0,0,0
1,CS45->US21,0,0,0
1,CS45->US29,0,0,0
1,CS45->US37,0,0,0
1,CS45->US45,0,0,0
1,CS45->US53,27477,27477,0
1,CS45->US61,0,0,0
1,CS45->US69,0,0,0
1,CS45->US77,0,0,0
1,CS45->US85,0,0,0
1,CS45->US93,0,0,0
1,CS45->US101,0,0,0
1,CS45->US109,0,0,0
1,CS45->US117,0,0,0
1,CS45->US125,0,0,0
1,CS46->US6,27836,27836,0
1,CS46->US14,0,0,0
1,CS46->US22,0,0,0
1,CS46->US30,0,0,0
1,CS46->US38,0,0,0
1,CS46->US46,0,0,0
1,CS46->US54,27773,27773,0
1,CS46->US62,0,0,0
1,CS46->US70,0,0,0
1,CS46->US78,0,0,0
1,CS46->US86,0,0,0
1,CS46->US94,0,0,0
1,CS46->US102,0,0,0
1,CS46->US110,0,0,0
1,CS46->US118,0,0,0
1,CS46->US126,0,0,0
1,CS47->US7,27547,27547,0
1,CS47->US15,0,0,0
1,CS47->US23,0,0,0
1,CS47->US31,0,0,0
1,CS47->US39,0,0,0
1,CS47->US47,0,0,0
1,CS47->US55,27458,27458,0
1,CS47->US63,0,0,0
1,CS47->US71,0,0,0
1,CS47->US79,0,0,0
1,CS47->US87,0,0,0
1,CS47->US95,0,0,0
1,CS47->US103,0,0,0
1,CS47->US111,0,0,0
1,CS47->US119,0,0,0
1,CS47->US127,0,0,0
1,CS48->US0,27463,27463,0
1,CS48->US8,0,0,0
1,CS48->US16,0,0,0
1,CS48->US24,0,0,0
1,CS48->US32,0,0,0
1,CS48->US40,0,0,0
1,CS48->US48,27795,27795,0
1,CS48->US56,0,0,0
1,CS48->US64,0,0,0
1,CS48->US72,0,0,0
1,CS48->US80,0,0,0
1,CS48->US88,0,0,0
1,CS48->US96,0,0,0
1,CS48->US104,0,0,0
1,CS48->US112,0,0,0
1,CS48->US120,0,0,0
1,CS49->US1,27515,27515,0
1,CS49->US9,0,0,0
1,CS49->US17,0,0,0
1,CS49->US25,0,0,0
1,CS49->US33,0,0,0
1,CS49->US41,0,0,0
1,CS49->US49,27441,27441,0
1,CS49->US57,0,0,0
1,CS49->US65,0,0,0
1,CS49->US73,0,0,0
1,CS49->US81,0,0,0
1,CS49->US89,0,0,0
1,CS49->US97,0,0,0
1,CS49->US105,0,0,0
1,CS49->US113,0,0,0
1,CS49->US121,0,0,0
1,CS50->US2,27645,27645,0
1,CS50->US10,0,0,0
1,CS50->US18,0,0,0
1,CS50->US26,0,0,0
1,CS50->US34,0,0,0
1,CS50->US42,0,0,0
1,CS50->US50,27786,27786,0
1,CS50->US58,0,0,0
1,CS50->US66,0,0,0
1,CS50->US74,0,0,0
1,CS50->US82,0,0,0
1,CS50->US90,0,0,0
1,CS50->US98,0,0,0
1,CS50->US106,0,0,0
1,CS50->US114,0,0,0
1,CS50->US122,0,0,0
1,CS51->US3,27442,27442,0
1,CS51->US11,0,0,0
1,CS51->US19,0,0,0
1,CS51->US27,0,0,0
1,CS51->US35,0,0,0
1,CS51->US43,0,0,0
1,CS51->US51,27625,27625,0
1,CS51->US59,0,0,0
1,CS51->US67,0,0,0
1,CS51->US75,0,0,0
1,CS51->US83,0,0,0
1,CS51->US91,0,0,0
1,CS51->US99,0,0,0
1,CS51->US107,0,0,0
1,CS51->US115,0,0,0
1,CS51->US123,0,0,0
1,CS52->US4,27402,27402,0
1,CS52->US12,0,0,0
1,CS52->US20,0,0,0
1,CS52->US28,0,0,0
1,CS52->US36,0,0,0
1,CS52->US44,0,0,0
1,CS52->US52,27824,27824,0
1,CS52->US60,0,0,0
1,CS52->US68,0,0,0
1,CS52->US76,0,0,0
1,CS52->US84,0,0,0
1,CS52->US92,0,0,0
1,CS52->US100,0,0,0
1,CS52->US108,0,0,0
1,CS52->US116,0,0,0
1,CS52->US124,0,0,0
1,CS53->US5,27524,27524,0
1,CS53->US13,0,0,0
1,CS53->US21,0,0,0
1,CS53->US29,0,0,0
1,CS53->US37,0,0,0
1,CS53->US45,0,0,0
1,CS53->US53,27500,27500,0
1,CS53->US61,0,0,0
1,CS53->US69,0,0,0
1,CS53->US77,0,0,0
1,CS53->US85,0,0,0
1,CS53->US93,0,0,0
1,CS53->US101,0,0,0
1,CS53->US109,0,0,0
1,CS53->US117,0,0,0
1,CS53->US125,0,0,0
1,CS54->US6,27446,27446,0
1,CS54->US14,0,0,0
1,CS54->US22,0,0,0
1,CS54->US30,0,0,0
1,CS54->US38,0,0,0
1,CS54->US46,0,0,0
1,CS54->US54,27749,27749,0
1,CS54->US62,0,0,0
1,CS54->US70,0,0,0
1,CS54->US78,0,0,0
1,CS54->US86,0,0,0
1,CS54->US94,0,0,0
1,CS54->US102,0,0,0
1,CS54->US110,0,0,0
1,CS54->US118,0,0,0
1,CS54->US126,0,0,0
1,CS55->US7,27486,27486,0
1,CS55->US15,0,0,0
1,CS55->US23,0,0,0
1,CS55->US31,0,0,0
1,CS55->US39,0,0,0
1,CS55->US47,0,0,0
1,CS55->US55,27467,27467,0
1,CS55->US63,0,0,0
1,CS55->US71,0,0,0
1,CS55->US79,0,0,0
1,CS55->US87,0,0,0
1,CS55->US95,0,0,0
1,CS55->US103,0,0,0
1,CS55->US111,0,0,0
1,CS55->US119,0,0,0
1,CS55->US127,0,0,0
1,CS56->US0,27365,27365,0
1,CS56->US8,0,0,0
1,CS56->US16,0,0,0
1,CS56->US24,0,0,0
1,CS56->US32,0,0,0
1,CS56->US40,0,0,0
1,CS56->US48,27588,27588,0
1,CS56->US56,0,0,0
1,CS56->US64,0,0,0
1,CS56->US72,0,0,0
1,CS56->US80,0,0,0
1,CS56->US88,0,0,0
1,CS56->US96,0,0,0
1,CS56->US104,0,0,0
1,CS56->US112,0,0,0
1,CS56->US120,0,0,0
1,CS57->US1,27656,27656,0
1,CS57->US9,0,0,0
1,CS57->US17,0,0,0
1,CS57->US25,0,0,0
1,CS57->US33,0,0,0
1,CS57->US41,0,0,0
1,CS57->US49,27254,27254,0
1,CS57->US57,0,0,0
1,CS57->US65,0,0,0
1,CS57->US73,0,0,0
1,CS57->US81,0,0,0
1,CS57->US89,0,0,0
1,CS57->US97,0,0,0
1,CS57->US105,0,0,0
1,CS57->US113,0,0,0
1,CS57->US121,0,0,0
1,CS58->US2,27468,27468,0
1,CS58->US10,0,0,0
1,CS58->US18,0,0,0
1,CS58->US26,0,0,0
1,CS58->US34,0,0,0
1,CS58->US42,0,0,0
1,CS58->US50,27553,27553,0
1,CS58->US58,0,0,0
1,CS58->US66,0,0,0
1,CS58->US74,0,0,0
1,CS58->US82,0,0,0
1,CS58->US90,0,0,0
1,CS58->US98,0,0,0
1,CS58->US106,0,0,0
1,CS58->US114,0,0,0
1,CS58->US122,0,0,0
1,CS59->US3,27660,27660,0
1,CS59->US11,0,0,0
1,CS59->US19,0,0,0
1,CS59->US27,0,0,0
1,CS59->US35,0,0,0
1,CS59->US43,0,0,0
1,CS59->US51,27514,27514,0
1,CS59->US59,0,0,0
1,CS59->US67,0,0,0
1,CS59->US75,0,0,0
1,CS59->US83,0,0,0
1,CS59->US91,0,0,0
1,CS59->US99,0,0,0
1,CS59->US107,0,0,0
1,CS59->US115,0,0,0
1,CS59->US123,0,0,0
1,CS60->US4,27430,27430,0
1,CS60->US12,0,0,0
1,CS60->US20,0,0,0
1,CS60->US28,0,0,0
1,CS60->US36,0,0,0
1,CS60->US44,0,0,0
1,CS60->US52,27559,27559,0
1,CS60->US60,0,0,0
1,CS60->US68,0,0,0
1,CS60->US76,0,0,0
1,CS60->US84,0,0,0
1,CS60->US92,0,0,0
1,CS60->US100,0,0,0
1,CS60->US108,0,0,0
1,CS60->US116,0,0,0
1,CS60->US124,0,0,0
1,CS61->US5,27667,27667,0
1,CS61->US13,0,0,0
1,CS61->US21,0,0,0
1,CS61->US29,0,0,0
1,CS61->US37,0,0,0
1,CS61->US45,0,0,0
1,CS61->US53,27880,27880,0
1,CS61->US61,0,0,0
1,CS61->US69,0,0,0
1,CS61->US77,0,0,0
1,CS61->US85,0,0,0
1,CS61->US93,0,0,0
1,CS61->US101,0,0,0
1,CS61->US109,0,0,0
1,CS61->US117,0,0,0
1,CS61->US125,0,0,0
1,CS62->US6,27678,27678,0
1,CS62->US14,0,0,0
1,CS62->US22,0,0,0
1,CS62->US30,0,0,0
1,CS62->US38,0,0,0
1,CS62->US46,0,0,0
1,CS62->US54,27721,27721,0
1,CS62->US62,0,0,0
1,CS62->US70,0,0,0
1,CS62->US78,0,0,0
1,CS62->US86,0,0,0
1,CS62->US94,0,0,0
1,CS62->US102,0,0,0
1,CS62->US110,0,0,0
1,CS62->US118,0,0,0
1,CS62->US126,0,0,0
1,CS63->US7,27299,27299,0
1,CS63->US15,0,0,0
1,CS63->US23,0,0,0
1,CS63->US31,0,0,0
1,CS63->US39,0,0,0
1,CS63->US47,0,0,0
1,CS63->US55,27750,27750,0
1,CS63->US63,0,0,0
1,CS63->US71,0,0,0
1,CS63->US79,0,0,0
1,CS63->US87,0,0,0
1,CS63->US95,0,0,0
1,CS63->US103,0,0,0
1,CS63->US111,0,0,0
1,CS63->US119,0,0,0
1,CS63->US127,0,0,0
2,US0->CS0,51579,51579,0
2,US0->CS8,51057,51057,0
2,US0->CS16,51166,51166,0
2,US0->CS24,51380,51380,0
2,US0->CS32,51386,51386,0
2,US0->CS40,51531,51531,0
2,US0->CS48,51651,51651,0
2,US0->CS56,51394,51394,0
2,US1->CS1,51549,51549,0
2,US1->CS9,51086,51086,0
2,US1->CS17,51615,51615,0
2,US1->CS25,51457,51457,0
2,US1->CS33,51576,51576,0
2,US1->CS41,51655,51655,0
2,US1->CS49,51324,51324,0
2,US1->CS57,51205,51205,0
2,US2->CS2,51252,51252,0
2,US2->CS10,51422,51422,0
2,US2->CS18,51367,51367,0
2,US2->CS26,51176,51176,0
2,US2->CS34,51257,51257,0
2,US2->CS42,51435,51435,0
2,US2->CS50,51659,51659,0
2,US2->CS58,51503,51503,0
2,US3->CS3,51685,51685,0
2,US3->CS11,51777,51777,0
2,US3->CS19,51385,51385,0
2,US3->CS27,51547,51547,0
2,US3->CS35,51207,51207,0
2,US3->CS43,51876,51876,0
2,US3->CS51,51904,51904,0
2,US3->CS59,51252,51252,0
2,US4->CS4,51617,51617,0
2,US4->CS12,51576,51576,0
2,US4->CS20,51406,51406,0
2,US4->CS28,51111,51111,0
2,US4->CS36,51365,51365,0
2,US4->CS44,51349,51349,0
2,US4->CS52,51752,51752,0
2,US4->CS60,51817,51817,0
2,US5->CS5,51286,51286,0
2,US5->CS13,51644,51644,0
2,US5->CS21,51447,51447,0
2,US5->CS29,51214,51214,0
2,US5->CS37,51587,51587,0
2,US5->CS45,51345,51345,0
2,US5->CS53,51271,51271,0
2,US5->CS61,51947,51947,0
2,US6->CS6,51256,51256,0
2,US6->CS14,51594,51594,0
2,US6->CS22,51405,51405,0
2,US6->CS30,51537,51537,0
2,US6->CS38,51140,51140,0
2,US6->CS46,51709,51709,0
2,US6->CS54,51862,51862,0
2,US6->CS62,51360,51360,0
2,US7->CS7,51568,51568,0
2,US7->CS15,51465,51465,0
2,US7->CS23,51210,51210,0
2,US7->CS31,51378,51378,0
2,US7->CS39,51399,51399,0
2,US7->CS47,51656,51656,0
2,US7->CS55,51390,51390,0
2,US7->CS63,51824,51824,0
2,US8->CS0,0,0,0
2,US8->CS8,0,0,0
2,US8->CS16,0,0,0
2,US8->CS24,0,0,0
2,US8->CS32,0,0,0
2,US8->CS40,0,0,0
2,US8->CS48,0,0,0
2,US8->CS56,0,0,0
2,US9->CS1,0,0,0
2,US9->CS9,0,0,0
2,US9->CS17,0,0,0
2,US9->CS25,0,0,0
2,US9->CS33,0,0,0
2,US9->CS41,0,0,0
2,US9->CS49,0,0,0
2,US9->CS57,0,0,0
2,US10->CS2,0,0,0
2,US10->CS10,0,0,0
2,US10->CS18,0,0,0
2,US10->CS26,0,0,0
2,US10->CS34,0,0,0
2,US10->CS42,0,0,0
2,US10->CS50,0,0,0
2,US10->CS58,0,0,0
2,US11->CS3,0,0,0
2,US11->CS11,0,0,0
2,US11->CS19,0,0,0
2,US11->CS27,0,0,0
2,US11->CS35,0,0,0
2,US11->CS43,0,0,0
2,US11->CS51,0,0,0
2,US11->CS59,0,0,0
2,US12->CS4,0,0,0
2,US12->CS12,0,0,0
2,US12->CS20,0,0,0
2,US12->CS28,0,0,0
2,US12->CS36,0,0,0
2,US12->CS44,0,0,0
2,US12->CS52,0,0,0
2,US12->CS60,0,0,0
2,US13->CS5,0,0,0
2,US13->CS13,0,0,0
2,US13->CS21,0,0,0
2,US13->CS29,0,0,0
2,US13->CS37,0,0,0
2,US13->CS45,0,0,0
2,US13->CS53,0,0,0
2,US13->CS61,0,0,0
2,US14->CS6,0,0,0
2,US14->CS14,0,0,0
2,US14->CS22,0,0,0
2,US14->CS30,0,0,0
2,US14->CS38,0,0,0
2,US14->CS46,0,0,0
2,US14->CS54,0,0,0
2,US14->CS62,0,0,0
2,US15->CS7,0,0,0
2,US15->CS15,0,0,0
2,US15->CS23,0,0,0
2,US15->CS31,0,0,0
2,US15->CS39,0,0,0
2,US15->CS47,0,0,0
2,US15->CS55,0,0,0
2,US15->CS63,0,0,0
2,US16->CS0,0,0,0
2,US16->CS8,0,0,0
2,US16->CS16,0,0,0
2,US16->CS24,0,0,0
2,US16->CS32,0,0,0
2,US16->CS40,0,0,0
2,US16->CS48,0,0,0
2,US16->CS56,0,0,0
2,US17->CS1,0,0,0
2,US17->CS9,0,0,0
2,US17->CS17,0,0,0
2,US17->CS25,0,0,0
2,US17->CS33,0,0,0
2,US17->CS41,0,0,0
2,US17->CS49,0,0,0
2,US17->CS57,0,0,0
2,US18->CS2,0,0,0
2,US18->CS10,0,0,0
2,US18->CS18,0,0,0
2,US18->CS26,0,0,0
2,US18->CS34,0,0,0
2,US18->CS42,0,0,0
2,US18->CS50,0,0,0
2,US18->CS58,0,0,0
2,US19->CS3,0,0,0
2,US19->CS11,0,0,0
2,US19->CS19,0,0,0
2,US19->CS27,0,0,0
2,US19->CS35,0,0,0
2,US19->CS43,0,0,0
2,US19->CS51,0,0,0
2,US19->CS59,0,0,0
2,US20->CS4,0,0,0
2,US20->CS12,0,0,0
2,US20->CS20,0,0,0
2,US20->CS28,0,0,0
2,US20->CS36,0,0,0
2,US20->CS44,0,0,0
2,US20->CS52,0,0,0
2,US20->CS60,0,0,0
2,US21->CS5,0,0,0
2,US21->CS13,0,0,0
2,US21->CS21,0,0,0
2,US21->CS29,0,0,0
2,US21->CS37,0,0,0
2,US21->CS45,0,0,0
2,US21->CS53,0,0,0
2,US21->CS61,0,0,0
2,US22->CS6,0,0,0
2,US22->CS14,0,0,0
2,US22->CS22,0,0,0
2,US22->CS30,0,0,0
2,US22->CS38,0,0,0
2,US22->CS46,0,0,0
2,US22->CS54,0,0,0
2,US22->CS62,0,0,0
2,US23->CS7,0,0,0
2,US23->CS15,0,0,0
2,US23->CS23,0,0,0
2,US23->CS31,0,0,0
2,US23->CS39,0,0,0
2,US23->CS47,0,0,0
2,US23->CS55,0,0,0
2,US23->CS63,0,0,0
2,US24->CS0,0,0,0
2,US24->CS8,0,0,0
2,US24->CS16,0,0,0
2,US24->CS24,0,0,0
2,US24->CS32,0,0,0
2,US24->CS40,0,0,0
2,US24->CS48,0,0,0
2,US24->CS56,0,0,0
2,US25->CS1,0,0,0
2,US25->CS9,0,0,0
2,US25->CS17,0,0,0
2,US25->CS25,0,0,0
2,US25->CS33,0,0,0
2,US25->CS41,0,0,0
2,US25->CS49,0,0,0
2,US25->CS57,0,0,0
2,US26->CS2,0,0,0
2,US26->CS10,0,0,0
2,US26->CS18,0,0,0
2,US26->CS26,0,0,0
2,US26->CS34,0,0,0
2,US26->CS42,0,0,0
2,US26->CS50,0,0,0
2,US26->CS58,0,0,0
2,US27->CS3,0,0,0
2,US27->CS11,0,0,0
2,US27->CS19,0,0,0
2,US27->CS27,0,0,0
2,US27->CS35,0,0,0
2,US27->CS43,0,0,0
2,US27->CS51,0,0,0
2,US27->CS59,0,0,0
2,US28->CS4,0,0,0
2,US28->CS12,0,0,0
2,US28->CS20,0,0,0
2,US28->CS28,0,0,0
2,US28->CS36,0,0,0
2,US28->CS44,0,0,0
2,US28->CS52,0,0,0
2,US28->CS60,0,0,0
2,US29->CS5,0,0,0
2,US29->CS13,0,0,0
2,US29->CS21,0,0,0
2,US29->CS29,0,0,0
2,US29->CS37,0,0,0
2,US29->CS45,0,0,0
2,US29->CS53,0,0,0
2,US29->CS61,0,0,0
2,US30->CS6,0,0,0
2,US30->CS14,0,0,0
2,US30->CS22,0,0,0
2,US30->CS30,0,0,0
2,US30->CS38,0,0,0
2,US30->CS46,0,0,0
2,US30->CS54,0,0,0
2,US30->CS62,0,0,0
2,US31->CS7,0,0,0
2,US31->CS15,0,0,0
2,US31->CS23,0,0,0
2,US31->CS31,0,0,0
2,US31->CS39,0,0,0
2,US31->CS47,0,0,0
2,US31->CS55,0,0,0
2,US31->CS63,0,0,0
2,US32->CS0,0,0,0
2,US32->CS8,0,0,0
2,US32->CS16,0,0,0
2,US32->CS24,0,0,0
2,US32->CS32,0,0,0
2,US32->CS40,0,0,0
2,US32->CS48,0,0,0
2,US32->CS56,0,0,0
2,US33->CS1,0,0,0
2,US33->CS9,0,0,0
2,US33->CS17,0,0,0
2,US33->CS25,0,0,0
2,US33->CS33,0,0,0
2,US33->CS41,0,0,0
2,US33->CS49,0,0,0
2,US33->CS57,0,0,0
2,US34->CS2,0,0,0
2,US34->CS10,0,0,0
2,US34->CS18,0,0,0
2,US34->CS26,0,0,0
2,US34->CS34,0,0,0
2,US34->CS42,0,0,0
2,US34->CS50,0,0,0
2,US34->CS58,0,0,0
2,US35->CS3,0,0,0
2,US35->CS11,0,0,0
2,US35->CS19,0,0,0
2,US35->CS27,0,0,0
2,US35->CS35,0,0,0
2,US35->CS43,0,0,0
2,US35->CS51,0,0,0
2,US35->CS59,0,0,0
2,US36->CS4,0,0,0
2,US36->CS12,0,0,0
2,US36->CS20,0,0,0
2,US36->CS28,0,0,0
2,US36->CS36,0,0,0
2,US36->CS44,0,0,0
2,US36->CS52,0,0,0
2,US36->CS60,0,0,0
2,US37->CS5,0,0,0
2,US37->CS13,0,0,0
2,US37->CS21,0,0,0
2,US37->CS29,0,0,0
2,US37->CS37,0,0,0
2,US37->CS45,0,0,0
2,US37->CS53,0,0,0
2,US37->CS61,0,0,0
2,US38->CS6,0,0,0
2,US38->CS14,0,0,0
2,US38->CS22,0,0,0
2,US38->CS30,0,0,0
2,US38->CS38,0,0,0
2,US38->CS46,0,0,0
2,US38->CS54,0,0,0
2,US38->CS62,0,0,0
2,US39->CS7,0,0,0
2,US39->CS15,0,0,0
2,US39->CS23,0,0,0
2,US39->CS31,0,0,0
2,US39->CS39,0,0,0
2,US39->CS47,0,0,0
2,US39->CS55,0,0,0
2,US39->CS63,0,0,0
2,US40->CS0,11353,11353,0
2,US40->CS8,11148,11148,0
2,US40->CS16,11239,11239,0
2,US40->CS24,11258,11258,0
2,US40->CS32,11280,11279,0
2,US40->CS40,11442,11442,0
2,US40->CS48,11380,11378,0
2,US40->CS56,11077,11076,0
2,US41->CS1,11113,11113,0
2,US41->CS9,11292,11291,0
2,US41->CS17,11102,11102,0
2,US41->CS25,11295,11295,0
2,US41->CS33,11129,11129,0
2,US41->CS41,11235,11234,0
2,US41->CS49,11317,11316,0
2,US41->CS57,11037,11036,0
2,US42->CS2,11164,11163,0
2,US42->CS10,11306,11305,0
2,US42->CS18,11125,11125,0
2,US42->CS26,11290,11289,0
2,US42->CS34,11368,11367,0
2,US42->CS42,11254,11254,0
2,US42->CS50,11144,11141,0
2,US42->CS58,11215,11213,0
2,US43->CS3,11340,11340,0
2,US43->CS11,11109,11109,0
2,US43->CS19,11227,11227,0
2,US43->CS27,11224,11224,0
2,US43->CS35,11392,11391,0
2,US43->CS43,11101,11101,0
2,US43->CS51,11392,11392,0
2,US43->CS59,11211,11210,0
2,US44->CS4,11311,11311,0
2,US44->CS12,11254,11252,0
2,US44->CS20,11366,11365,0
2,US44->CS28,11280,11280,0
2,US44->CS36,11324,11323,0
2,US44->CS44,11381,11379,0
2,US44->CS52,11162,11162,0
2,US44->CS60,11315,11315,0
2,US45->CS5,11474,11474,0
2,US45->CS13,11362,11361,0
2,US45->CS21,11131,11131,0
2,US45->CS29,11341,11340,0
2,US45->CS37,11369,11369,0
2,US45->CS45,11127,11127,0
2,US45->CS53,11293,11293,0
2,US45->CS61,11183,11183,0
2,US46->CS6,11366,11366,0
2,US46->CS14,11359,11358,0
2,US46->CS22,11188,11188,0
2,US46->CS30,11223,11221,0
2,US46->CS38,11246,11246,0
2,US46->CS46,11197,11197,0
2,US46->CS54,11240,11240,0
2,US46->CS62,11116,11116,0
2,US47->CS7,11329,11328,0
2,US47->CS15,11176,11176,0
2,US47->CS23,11294,11294,0
2,US47->CS31,11341,11341,0
2,US47->CS39,11256,11256,0
2,US47->CS47,11195,11195,0
2,US47->CS55,11340,11340,0
2,US47->CS63,11270,11269,0
2,US48->CS0,51498,51498,0
2,US48->CS8,51597,51597,0
2,US48->CS16,51343,51343,0
2,US48->CS24,51368,51368,0
2,US48->CS32,51164,51164,0
2,US48->CS40,51674,51674,0
2,US48->CS48,51100,51100,0
2,US48->CS56,51114,51114,0
2,US49->CS1,51866,51866,0
2,US49->CS9,51704,51704,0
2,US49->CS17,51307,51307,0
2,US49->CS25,51006,51006,0
2,US49->CS33,51502,51502,0
2,US49->CS41,51573,51573,0
2,US49->CS49,51517,51517,0
2,US49->CS57,51512,51512,0
2,US50->CS2,51249,51249,0
2,US50->CS10,51399,51399,0
2,US50->CS18,51279,51279,0
2,US50->CS26,51353,51353,0
2,US50->CS34,51403,51403,0
2,US50->CS42,51304,51304,0
2,US50->CS50,51387,51387,0
2,US50->CS58,51556,51556,0
2,US51->CS3,51762,51762,0
2,US51->CS11,51063,51063,0
2,US51->CS19,51570,51570,0
2,US51->CS27,51591,51591,0
2,US51->CS35,51687,51687,0
2,US51->CS43,51547,51547,0
2,US51->CS51,51164,51164,0
2,US51->CS59,51670,51670,0
2,US52->CS4,51303,51303,0
2,US52->CS12,51339,51339,0
2,US52->CS20,51226,51226,0
2,US52->CS28,51260,51260,0
2,US52->CS36,51612,51612,0
2,US52->CS44,51921,51921,0
2,US52->CS52,51509,51509,0
2,US52->CS60,51285,51285,0
2,US53->CS5,51797,51797,0
2,US53->CS13,51296,51296,0
2,US53->CS21,51339,51339,0
2,US53->CS29,51387,51387,0
2,US53->CS37,51209,51209,0
2,US53->CS45,51507,51507,0
2,US53->CS53,51099,51099,0
2,US53->CS61,51232,51232,0
2,US54->CS6,51462,51462,0
2,US54->CS14,52002,52002,0
2,US54->CS22,51286,51286,0
2,US54->CS30,51514,51514,0
2,US54->CS38,51404,51404,0
2,US54->CS46,51712,51712,0
2,US54->CS54,51400,51400,0
2,US54->CS62,51167,51167,0
2,US55->CS7,51412,51412,0
2,US55->CS15,51617,51617,0
2,US55->CS23,51340,51340,0
2,US55->CS31,51527,51527,0
2,US55->CS39,51359,51359,0
2,US55->CS47,51516,51516,0
2,US55->CS55,51440,51440,0
2,US55->CS63,51026,51026,0
2,US56->CS0,0,0,0
2,US56->CS8,0,0,0
2,US56->CS16,0,0,0
2,US56->CS24,0,0,0
2,US56->CS32,0,0,0
2,US56->CS40,0,0,0
2,US56->CS48,0,0,0
2,US56->CS56,0,0,0
2,US57->CS1,0,0,0
2,US57->CS9,0,0,0
2,US57->CS17,0,0,0
2,US57->CS25,0,0,0
2,US57->CS33,0,0,0
2,US57->CS41,0,0,0
2,US57->CS49,0,0,0
2,US57->CS57,0,0,0
2,US58->CS2,0,0,0
2,US58->CS10,0,0,0
2,US58->CS18,0,0,0
2,US58->CS26,0,0,0
2,US58->CS34,0,0,0
2,US58->CS42,0,0,0
2,US58->CS50,0,0,0
2,US58->CS58,0,0,0
2,US59->CS3,0,0,0
2,US59->CS11,0,0,0
2,US59->CS19,0,0,0
2,US59->CS27,0,0,0
2,US59->CS35,0,0,0
2,US59->CS43,0,0,0
2,US59->CS51,0,0,0
2,US59->CS59,0,0,0
2,US60->CS4,0,0,0
2,US60->CS12,0,0,0
2,US60->CS20,0,0,0
2,US60->CS28,0,0,0
2,US60->CS36,0,0,0
2,US60->CS44,0,0,0
2,US60->CS52,0,0,0
2,US60->CS60,0,0,0
2,US61->CS5,0,0,0
2,US61->CS13,0,0,0
2,US61->CS21,0,0,0
2,US61->CS29,0,0,0
2,US61->CS37,0,0,0
2,US61->CS45,0,0,0
2,US61->CS53,0,0,0
2,US61->CS61,0,0,0
2,US62->CS6,0,0,0
2,US62->CS14,0,0,0
2,US62->CS22,0,0,0
2,US62->CS30,0,0,0
2,US62->CS38,0,0,0
2,US62->CS46,0,0,0
2,US62->CS54,0,0,0
2,US62->CS62,0,0,0
2,US63->CS7,0,0,0
2,US63->CS15,0,0,0
2,US63->CS23,0,0,0
2,US63->CS31,0,0,0
2,US63->CS39,0,0,0
2,US63->CS47,0,0,0
2,US63->CS55,0,0,0
2,US63->CS63,0,0,0
2,US64->CS0,0,0,0
2,US64->CS8,0,0,0
2,US64->CS16,0,0,0
2,US64->CS24,0,0,0
2,US64->CS32,0,0,0
2,US64->CS40,0,0,0
2,US64->CS48,0,0,0
2,US64->CS56,0,0,0
2,US65->CS1,0,0,0
2,US65->CS9,0,0,0
2,US65->CS17,0,0,0
2,US65->CS25,0,0,0
2,US65->CS33,0,0,0
2,US65->CS41,0,0,0
2,US65->CS49,0,0,0
2,US65->CS57,0,0,0
2,US66->CS2,0,0,0
2,US66->CS10,0,0,0
2,US66->CS18,0,0,0
2,US66->CS26,0,0,0
2,US66->CS34,0,0,0
2,US66->CS42,0,0,0
2,US66->CS50,0,0,0
2,US66->CS58,0,0,0
2,US67->CS3,0,0,0
2,US67->CS11,0,0,0
2,US67->CS19,0,0,0
2,US67->CS27,0,0,0
2,US67->CS35,0,0,0
2,US67->CS43,0,0,0
2,US67->CS51,0,0,0
2,US67->CS59,0,0,0
2,US68->CS4,0,0,0
2,US68->CS12,0,0,0
2,US68->CS20,0,0,0
2,US68->CS28,0,0,0
2,US68->CS36,0,0,0
2,US68->CS44,0,0,0
2,US68->CS52,0,0,0
2,US68->CS60,0,0,0
2,US69->CS5,0,0,0
2,US69->CS13,0,0,0
2,US69->CS21,0,0,0
2,US69->CS29,0,0,0
2,US69->CS37,0,0,0
2,US69->CS45,0,0,0
2,US69->CS53,0,0,0
2,US69->CS61,0,0,0
2,US70->CS6,0,0,0
2,US70->CS14,0,0,0
2,US70->CS22,0,0,0
2,US70->CS30,0,0,0
2,US70->CS38,0,0,0
2,US70->CS46,0,0,0
2,US70->CS54,0,0,0
2,US70->CS62,0,0,0
2,US71->CS7,0,0,0
2,US71->CS15,0,0,0
2,US71->CS23,0,0,0
2,US71->CS31,0,0,0
2,US71->CS39,0,0,0
2,US71->CS47,0,0,0
2,US71->CS55,0,0,0
2,US71->CS63,0,0,0
2,US72->CS0,0,0,0
2,US72->CS8,0,0,0
2,US72->CS16,0,0,0
2,US72->CS24,0,0,0
2,US72->CS32,0,0,0
2,US72->CS40,0,0,0
2,US72->CS48,0,0,0
2,US72->CS56,0,0,0
2,US73->CS1,0,0,0
2,US73->CS9,0,0,0
2,US73->CS17,0,0,0
2,US73->CS25,0,0,0
2,US73->CS33,0,0,0
2,US73->CS41,0,0,0
2,US73->CS49,0,0,0
2,US73->CS57,0,0,0
2,US74->CS2,0,0,0
2,US74->CS10,0,0,0
2,US74->CS18,0,0,0
2,US74->CS26,0,0,0
2,US74->CS34,0,0,0
2,US74->CS42,0,0,0
2,US74->CS50,0,0,0
2,US74->CS58,0,0,0
2,US75->CS3,0,0,0
2,US75->CS11,0,0,0
2,US75->CS19,0,0,0
2,US75->CS27,0,0,0
2,US75->CS35,0,0,0
2,US75->CS43,0,0,0
2,US75->CS51,0,0,0
2,US75->CS59,0,0,0
2,US76->CS4,0,0,0
2,US76->CS12,0,0,0
2,US76->CS20,0,0,0
2,US76->CS28,0,0,0
2,US76->CS36,0,0,0
2,US76->CS44,0,0,0
2,US76->CS52,0,0,0
2,US76->CS60,0,0,0
2,US77->CS5,0,0,0
2,US77->CS13,0,0,0
2,US77->CS21,0,0,0
2,US77->CS29,0,0,0
2,US77->CS37,0,0,0
2,US77->CS45,0,0,0
2,US77->CS53,0,0,0
2,US77->CS61,0,0,0
2,US78->CS6,0,0,0
2,US78->CS14,0,0,0
2,US78->CS22,0,0,0
2,US78->CS30,0,0,0
2,US78->CS38,0,0,0
2,US78->CS46,0,0,0
2,US78->CS54,0,0,0
2,US78->CS62,0,0,0
2,US79->CS7,0,0,0
2,US79->CS15,0,0,0
2,US79->CS23,0,0,0
2,US79->CS31,0,0,0
2,US79->CS39,0,0,0
2,US79->CS47,0,0,0
2,US79->CS55,0,0,0
2,US79->CS63,0,0,0
2,US80->CS0,0,0,0
2,US80->CS8,0,0,0
2,US80->CS16,0,0,0
2,US80->CS24,0,0,0
2,US80->CS32,0,0,0
2,US80->CS40,0,0,0
2,US80->CS48,0,0,0
2,US80->CS56,0,0,0
2,US81->CS1,0,0,0
2,US81->CS9,0,0,0
2,US81->CS17,0,0,0
2,US81->CS25,0,0,0
2,US81->CS33,0,0,0
2,US81->CS41,0,0,0
2,US81->CS49,0,0,0
2,US81->CS57,0,0,0
2,US82->CS2,0,0,0
2,US82->CS10,0,0,0
2,US82->CS18,0,0,0
2,US82->CS26,0,0,0
2,US82->CS34,0,0,0
2,US82->CS42,0,0,0
2,US82->CS50,0,0,0
2,US82->CS58,0,0,0
2,US83->CS3,0,0,0
2,US83->CS11,0,0,0
2,US83->CS19,0,0,0
2,US83->CS27,0,0,0
2,US83->CS35,0,0,0
2,US83->CS43,0,0,0
2,US83->CS51,0,0,0
2,US83->CS59,0,0,0
2,US84->CS4,0,0,0
2,US84->CS12,0,0,0
2,US84->CS20,0,0,0
2,US84->CS28,0,0,0
2,US84->CS36,0,0,0
2,US84->CS44,0,0,0
2,US84->CS52,0,0,0
2,US84->CS60,0,0,0
2,US85->CS5,0,0,0
2,US85->CS13,0,0,0
2,US85->CS21,0,0,0
2,US85->CS29,0,0,0
2,US85->CS37,0,0,0
2,US85->CS45,0,0,0
2,US85->CS53,0,0,0
2,US85->CS61,0,0,0
2,US86->CS6,0,0,0
2,US86->CS14,0,0,0
2,US86->CS22,0,0,0
2,US86->CS30,0,0,0
2,US86->CS38,0,0,0
2,US86->CS46,0,0,0
2,US86->CS54,0,0,0
2,US86->CS62,0,0,0
2,US87->CS7,0,0,0
2,US87->CS15,0,0,0
2,US87->CS23,0,0,0
2,US87->CS31,0,0,0
2,US87->CS39,0,0,0
2,US87->CS47,0,0,0
2,US87->CS55,0,0,0
2,US87->CS63,0,0,0
2,US88->CS0,0,0,0
2,US88->CS8,0,0,0
2,US88->CS16,0,0,0
2,US88->CS24,0,0,0
2,US88->CS32,0,0,0
2,US88->CS40,0,0,0
2,US88->CS48,0,0,0
2,US88->CS56,0,0,0
2,US89->CS1,0,0,0
2,US89->CS9,0,0,0
2,US89->CS17,0,0,0
2,US89->CS25,0,0,0
2,US89->CS33,0,0,0
2,US89->CS41,0,0,0
2,US89->CS49,0,0,0
2,US89->CS57,0,0,0
2,US90->CS2,0,0,0
2,US90->CS10,0,0,0
2,US90->CS18,0,0,0
2,US90->CS26,0,0,0
2,US90->CS34,0,0,0
2,US90->CS42,0,0,0
2,US90->CS50,0,0,0
2,US90->CS58,0,0,0
2,US91->CS3,0,0,0
2,US91->CS11,0,0,0
2,US91->CS19,0,0,0
2,US91->CS27,0,0,0
2,US91->CS35,0,0,0
2,US91->CS43,0,0,0
2,US91->CS51,0,0,0
2,US91->CS59,0,0,0
2,US92->CS4,0,0,0
2,US92->CS12,0,0,0
2,US92->CS20,0,0,0
2,US92->CS28,0,0,0
2,US92->CS36,0,0,0
2,US92->CS44,0,0,0
2,US92->CS52,0,0,0
2,US92->CS60,0,0,0
2,US93->CS5,0,0,0
2,US93->CS13,0,0,0
2,US93->CS21,0,0,0
2,US93->CS29,0,0,0
2,US93->CS37,0,0,0
2,US93->CS45,0,0,0
2,US93->CS53,0,0,0
2,US93->CS61,0,0,0
2,US94->CS6,0,0,0
2,US94->CS14,0,0,0
2,US94->CS22,0,0,0
2,US94->CS30,0,0,0
2,US94->CS38,0,0,0
2,US94->CS46,0,0,0
2,US94->CS54,0,0,0
2,US94->CS62,0,0,0
2,US95->CS7,0,0,0
2,US95->CS15,0,0,0
2,US95->CS23,0,0,0
2,US95->CS31,0,0,0
2,US95->CS39,0,0,0
2,US95->CS47,0,0,0
2,US95->CS55,0,0,0
2,US95->CS63,0,0,0
2,US96->CS0,0,0,0
2,US96->CS8,0,0,0
2,US96->CS16,0,0,0
2,US96->CS24,0,0,0
2,US96->CS32,0,0,0
2,US96->CS40,0,0,0
2,US96->CS48,0,0,0
2,US96->CS56,0,0,0
2,US97->CS1,0,0,0
2,US97->CS9,0,0,0
2,US97->CS17,0,0,0
2,US97->CS25,0,0,0
2,US97->CS33,0,0,0
2,US97->CS41,0,0,0
2,US97->CS49,0,0,0
2,US97->CS57,0,0,0
2,US98->CS2,0,0,0
2,US98->CS10,0,0,0
2,US98->CS18,0,0,0
2,US98->CS26,0,0,0
2,US98->CS34,0,0,0
2,US98->CS42,0,0,0
2,US98->CS50,0,0,0
2,US98->CS58,0,0,0
2,US99->CS3,0,0,0
2,US99->CS11,0,0,0
2,US99->CS19,0,0,0
2,US99->CS27,0,0,0
2,US99->CS35,0,0,0
2,US99->CS43,0,0,0
2,US99->CS51,0,0,0
2,US99->CS59,0,0,0
2,US100->CS4,0,0,0
2,US100->CS12,0,0,0
2,US100->CS20,0,0,0
2,US100->CS28,0,0,0
2,US100->CS36,0,0,0
2,US100->CS44,0,0,0
2,US100->CS52,0,0,0
2,US100->CS60,0,0,0
2,US101->CS5,0,0,0
2,US101->CS13,0,0,0
2,US101->CS21,0,0,0
2,US101->CS29,0,0,0
2,US101->CS37,0,0,0
2,US101->CS45,0,0,0
2,US101->CS53,0,0,0
2,US101->CS61,0,0,0
2,US102->CS6,0,0,0
2,US102->CS14,0,0,0
2,US102->CS22,0,0,0
2,US102->CS30,0,0,0
2,US102->CS38,0,0,0
2,US102->CS46,0,0,0
2,US102->CS54,0,0,0
2,US102->CS62,0,0,0
2,US103->CS7,0,0,0
2,US103->CS15,0,0,0
2,US103->CS23,0,0,0
2,US103->CS31,0,0,0
2,US103->CS39,0,0,0
2,US103->CS47,0,0,0
2,US103->CS55,0,0,0
2,US103->CS63,0,0,0
2,US104->CS0,0,0,0
2,US104->CS8,0,0,0
2,US104->CS16,0,0,0
2,US104->CS24,0,0,0
2,US104->CS32,0,0,0
2,US104->CS40,0,0,0
2,US104->CS48,0,0,0
2,US104->CS56,0,0,0
2,US105->CS1,0,0,0
2,US105->CS9,0,0,0
2,US105->CS17,0,0,0
2,US105->CS25,0,0,0
2,US105->CS33,0,0,0
2,US105->CS41,0,0,0
2,US105->CS49,0,0,0
2,US105->CS57,0,0,0
2,US106->CS2,0,0,0
2,US106->CS10,0,0,0
2,US106->CS18,0,0,0
2,US106->CS26,0,0,0
2,US106->CS34,0,0,0
2,US106->CS42,0,0,0
2,US106->CS50,0,0,0
2,US106->CS58,0,0,0
2,US107->CS3,0,0,0
2,US107->CS11,0,0,0
2,US107->CS19,0,0,0
2,US107->CS27,0,0,0
2,US107->CS35,0,0,0
2,US107->CS43,0,0,0
2,US107->CS51,0,0,0
2,US107->CS59,0,0,0
2,US108->CS4,0,0,0
2,US108->CS12,0,0,0
2,US108->CS20,0,0,0
2,US108->CS28,0,0,0
2,US108->CS36,0,0,0
2,US108->CS44,0,0,0
2,US108->CS52,0,0,0
2,US108->CS60,0,0,0
2,US109->CS5,0,0,0
2,US109->CS13,0,0,0
2,US109->CS21,0,0,0
2,US109->CS29,0,0,0
2,US109->CS37,0,0,0
2,US109->CS45,0,0,0
2,US109->CS53,0,0,0
2,US109->CS61,0,0,0
2,US110->CS6,0,0,0
2,US110->CS14,0,0,0
2,US110->CS22,0,0,0
2,US110->CS30,0,0,0
2,US110->CS38,0,0,0
2,US110->CS46,0,0,0
2,US110->CS54,0,0,0
2,US110->CS62,0,0,0
2,US111->CS7,0,0,0
2,US111->CS15,0,0,0
2,US111->CS23,0,0,0
2,US111->CS31,0,0,0
2,US111->CS39,0,0,0
2,US111->CS47,0,0,0
2,US111->CS55,0,0,0
2,US111->CS63,0,0,0
2,US112->CS0,11143,11143,0
2,US112->CS8,11263,11263,0
2,US112->CS16,11297,11297,0
2,US112->CS24,11482,11482,0
2,US112->CS32,11384,11384,0
2,US112->CS40,11318,11317,0
2,US112->CS48,11225,11225,0
2,US112->CS56,11448,11448,0
2,US113->CS1,11376,11376,0
2,US113->CS9,11375,11375,0
2,US113->CS17,11343,11342,0
2,US113->CS25,11320,11320,0
2,US113->CS33,11364,11364,0
2,US113->CS41,11312,11312,0
2,US113->CS49,11217,11214,0
2,US113->CS57,11352,11352,0
2,US114->CS2,11369,11369,0
2,US114->CS10,11640,11640,0
2,US114->CS18,11578,11576,0
2,US114->CS26,11179,11179,0
2,US114->CS34,11425,11424,0
2,US114->CS42,11469,11467,0
2,US114->CS50,11564,11564,0
2,US114->CS58,11543,11542,0
2,US115->CS3,11488,11487,0
2,US115->CS11,11355,11355,0
2,US115->CS19,11312,11310,0
2,US115->CS27,11249,11249,0
2,US115->CS35,11318,11318,0
2,US115->CS43,11413,11413,0
2,US115->CS51,11406,11406,0
2,US115->CS59,11394,11394,0
2,US116->CS4,11403,11403,0
2,US116->CS12,11321,11320,0
2,US116->CS20,11430,11429,0
2,US116->CS28,11268,11268,0
2,US116->CS36,11554,11554,0
2,US116->CS44,11304,11304,0
2,US116->CS52,11474,11474,0
2,US116->CS60,11490,11490,0
2,US117->CS5,11390,11390,0
2,US117->CS13,11448,11447,0
2,US117->CS21,11304,11304,0
2,US117->CS29,11441,11441,0
2,US117->CS37,11370,11368,0
2,US117->CS45,11395,11394,0
2,US117->CS53,11335,11335,0
2,US117->CS61,11266,11264,0
2,US118->CS6,11290,11290,0
2,US118->CS14,11363,11362,0
2,US118->CS22,11516,11516,0
2,US118->CS30,11261,11261,0
2,US118->CS38,11308,11308,0
2,US118->CS46,11347,11347,0
2,US118->CS54,11603,11601,0
2,US118->CS62,11429,11429,0
2,US119->CS7,11371,11370,0
2,US119->CS15,11371,11369,0
2,US119->CS23,11303,11303,0
2,US119->CS31,11240,11240,0
2,US119->CS39,11411,11410,0
2,US119->CS47,11430,11429,0
2,US119->CS55,11285,11285,0
2,US119->CS63,11454,11453,0
2,US120->CS0,0,0,0
2,US120->CS8,0,0,0
2,US120->CS16,0,0,0
2,US120->CS24,0,0,0
2,US120->CS32,0,0,0
2,US120->CS40,0,0,0
2,US120->CS48,0,0,0
2,US120->CS56,0,0,0
2,US121->CS1,0,0,0
2,US121->CS9,0,0,0
2,US121->CS17,0,0,0
2,US121->CS25,0,0,0
2,US121->CS33,0,0,0
2,US121->CS41,0,0,0
2,US121->CS49,0,0,0
2,US121->CS57,0,0,0
2,US122->CS2,0,0,0
2,US122->CS10,0,0,0
2,US122->CS18,0,0,0
2,US122->CS26,0,0,0
2,US122->CS34,0,0,0
2,US122->CS42,0,0,0
2,US122->CS50,0,0,0
2,US122->CS58,0,0,0
2,US123->CS3,0,0,0
2,US123->CS11,0,0,0
2,US123->CS19,0,0,0
2,US123->CS27,0,0,0
2,US123->CS35,0,0,0
2,US123->CS43,0,0,0
2,US123->CS51,0,0,0
2,US123->CS59,0,0,0
2,US124->CS4,0,0,0
2,US124->CS12,0,0,0
2,US124->CS20,0,0,0
2,US124->CS28,0,0,0
2,US124->CS36,0,0,0
2,US124->CS44,0,0,0
2,US124->CS52,0,0,0
2,US124->CS60,0,0,0
2,US125->CS5,0,0,0
2,US125->CS13,0,0,0
2,US125->CS21,0,0,0
2,US125->CS29,0,0,0
2,US125->CS37,0,0,0
2,US125->CS45,0,0,0
2,US125->CS53,0,0,0
2,US125->CS61,0,0,0
2,US126->CS6,0,0,0
2,US126->CS14,0,0,0
2,US126->CS22,0,0,0
2,US126->CS30,0,0,0
2,US126->CS38,0,0,0
2,US126->CS46,0,0,0
2,US126->CS54,0,0,0
2,US126->CS62,0,0,0
2,US127->CS7,0,0,0
2,US127->CS15,0,0,0
2,US127->CS23,0,0,0
2,US127->CS31,0,0,0
2,US127->CS39,0,0,0
2,US127->CS47,0,0,0
2,US127->CS55,0,0,0
2,US127->CS63,0,0,0
2,CS0->US0,51455,51455,0
2,CS0->US8,0,0,0
2,CS0->US16,0,0,0
2,CS0->US24,0,0,0
2,CS0->US32,0,0,0
2,CS0->US40,11186,11185,0
2,CS0->US48,51454,51454,0
2,CS0->US56,0,0,0
2,CS0->US64,0,0,0
2,CS0->US72,0,0,0
2,CS0->US80,0,0,0
2,CS0->US88,0,0,0
2,CS0->US96,0,0,0
2,CS0->US104,0,0,0
2,CS0->US112,11478,11478,0
2,CS0->US120,0,0,0
2,CS1->US1,51771,51771,0
2,CS1->US9,0,0,0
2,CS1->US17,0,0,0
2,CS1->US25,0,0,0
2,CS1->US33,0,0,0
2,CS1->US41,11471,11470,0
2,CS1->US49,51427,51427,0
2,CS1->US57,0,0,0
2,CS1->US65,0,0,0
2,CS1->US73,0,0,0
2,CS1->US81,0,0,0
2,CS1->US89,0,0,0
2,CS1->US97,0,0,0
2,CS1->US105,0,0,0
2,CS1->US113,11235,11235,0
2,CS1->US121,0,0,0
2,CS2->US2,51173,51173,0
2,CS2->US10,0,0,0
2,CS2->US18,0,0,0
2,CS2->US26,0,0,0
2,CS2->US34,0,0,0
2,CS2->US42,11445,11445,0
2,CS2->US50,51134,51134,0
2,CS2->US58,0,0,0
2,CS2->US66,0,0,0
2,CS2->US74,0,0,0
2,CS2->US82,0,0,0
2,CS2->US90,0,0,0
2,CS2->US98,0,0,0
2,CS2->US106,0,0,0
2,CS2->US114,11281,11280,0
2,CS2->US122,0,0,0
2,CS3->US3,51707,51707,0
2,CS3->US11,0,0,0
2,CS3->US19,0,0,0
2,CS3->US27,0,0,0
2,CS3->US35,0,0,0
2,CS3->US43,11542,11541,0
2,CS3->US51,51594,51594,0
2,CS3->US59,0,0,0
2,CS3->US67,0,0,0
2,CS3->US75,0,0,0
2,CS3->US83,0,0,0
2,CS3->US91,0,0,0
2,CS3->US99,0,0,0
2,CS3->US107,0,0,0
2,CS3->US115,11431,11429,0
2,CS3->US123,0,0,0
2,CS4->US4,51255,51255,0
2,CS4->US12,0,0,0
2,CS4->US20,0,0,0
2,CS4->US28,0,0,0
2,CS4->US36,0,0,0
2,CS4->US44,11451,11451,0
2,CS4->US52,51451,51451,0
2,CS4->US60,0,0,0
2,CS4->US68,0,0,0
2,CS4->US76,0,0,0
2,CS4->US84,0,0,0
2,CS4->US92,0,0,0
2,CS4->US100,0,0,0
2,CS4->US108,0,0,0
2,CS4->US116,11477,11476,0
2,CS4->US124,0,0,0
2,CS5->US5,51754,51754,0
2,CS5->US13,0,0,0
2,CS5->US21,0,0,0
2,CS5->US29,0,0,0
2,CS5->US37,0,0,0
2,CS5->US45,11433,11432,0
2,CS5->US53,51164,51164,0
2,CS5->US61,0,0,0
2,CS5->US69,0,0,0
2,CS5->US77,0,0,0
2,CS5->US85,0,0,0
2,CS5->US93,0,0,0
2,CS5->US101,0,0,0
2,CS5->US109,0,0,0
2,CS5->US117,11596,11595,0
2,CS5->US125,0,0,0
2,CS6->US6,51385,51385,0
2,CS6->US14,0,0,0
2,CS6->US22,0,0,0
2,CS6->US30,0,0,0
2,CS6->US38,0,0,0
2,CS6->US46,11367,11367,0
2,CS6->US54,51102,51102,0
2,CS6->US62,0,0,0
2,CS6->US70,0,0,0
2,CS6->US78,0,0,0
2,CS6->US86,0,0,0
2,CS6->US94,0,0,0
2,CS6->US102,0,0,0
2,CS6->US110,0,0,0
2,CS6->US118,11520,11520,0
2,CS6->US126,0,0,0
2,CS7->US7,51336,51336,0
2,CS7->US15,0,0,0
2,CS7->US23,0,0,0
2,CS7->US31,0,0,0
2,CS7->US39,0,0,0
2,CS7->US47,11446,11446,0
2,CS7->US55,51434,51434,0
2,CS7->US63,0,0,0
2,CS7->US71,0,0,0
2,CS7->US79,0,0,0
2,CS7->US87,0,0,0
2,CS7->US95,0,0,0
2,CS7->US103,0,0,0
2,CS7->US111,0,0,0
2,CS7->US119,11462,11462,0
2,CS7->US127,0,0,0
2,CS8->US0,51563,51563,0
2,CS8->US8,0,0,0
2,CS8->US16,0,0,0
2,CS8->US24,0,0,0
2,CS8->US32,0,0,0
2,CS8->US40,11297,11296,0
2,CS8->US48,50924,50924,0
2,CS8->US56,0,0,0
2,CS8->US64,0,0,0
2,CS8->US72,0,0,0
2,CS8->US80,0,0,0
2,CS8->US88,0,0,0
2,CS8->US96,0,0,0
2,CS8->US104,0,0,0
2,CS8->US112,11281,11281,0
2,CS8->US120,0,0,0
2,CS9->US1,51654,51654,0
2,CS9->US9,0,0,0
2,CS9->US17,0,0,0
2,CS9->US25,0,0,0
2,CS9->US33,0,0,0
2,CS9->US41,11425,11423,0
2,CS9->US49,50932,50932,0
2,CS9->US57,0,0,0
2,CS9->US65,0,0,0
2,CS9->US73,0,0,0
2,CS9->US81,0,0,0
2,CS9->US89,0,0,0
2,CS9->US97,0,0,0
2,CS9->US105,0,0,0
2,CS9->US113,11445,11445,0
2,CS9->US121,0,0,0
2,CS10->US2,51321,51321,0
2,CS10->US10,0,0,0
2,CS10->US18,0,0,0
2,CS10->US26,0,0,0
2,CS10->US34,0,0,0
2,CS10->US42,11718,11718,0
2,CS10->US50,51318,51318,0
2,CS10->US58,0,0,0
2,CS10->US66,0,0,0
2,CS10->US74,0,0,0
2,CS10->US82,0,0,0
2,CS10->US90,0,0,0
2,CS10->US98,0,0,0
2,CS10->US106,0,0,0
2,CS10->US114,11409,11409,0
2,CS10->US122,0,0,0
2,CS11->US3,50991,50991,0
2,CS11->US11,0,0,0
2,CS11->US19,0,0,0
2,CS11->US27,0,0,0
2,CS11->US35,0,0,0
2,CS11->US43,11427,11427,0
2,CS11->US51,51621,51621,0
2,CS11->US59,0,0,0
2,CS11->US67,0,0,0
2,CS11->US75,0,0,0
2,CS11->US83,0,0,0
2,CS11->US91,0,0,0
2,CS11->US99,0,0,0
2,CS11->US107,0,0,0
2,CS11->US115,11265,11265,0
2,CS11->US123,0,0,0
2,CS12->US4,51274,51274,0
2,CS12->US12,0,0,0
2,CS12->US20,0,0,0
2,CS12->US28,0,0,0
2,CS12->US36,0,0,0
2,CS12->US44,11385,11385,0
2,CS12->US52,51431,51431,0
2,CS12->US60,0,0,0
2,CS12->US68,0,0,0
2,CS12->US76,0,0,0
2,CS12->US84,0,0,0
2,CS12->US92,0,0,0
2,CS12->US100,0,0,0
2,CS12->US108,0,0,0
2,CS12->US116,11396,11396,0
2,CS12->US124,0,0,0
2,CS13->US5,51230,51230,0
2,CS13->US13,0,0,0
2,CS13->US21,0,0,0
2,CS13->US29,0,0,0
2,CS13->US37,0,0,0
2,CS13->US45,11513,11512,0
2,CS13->US53,51525,51525,0
2,CS13->US61,0,0,0
2,CS13->US69,0,0,0
2,CS13->US77,0,0,0
2,CS13->US85,0,0,0
2,CS13->US93,0,0,0
2,CS13->US101,0,0,0
2,CS13->US109,0,0,0
2,CS13->US117,11480,11480,0
2,CS13->US125,0,0,0
2,CS14->US6,51913,51913,0
2,CS14->US14,0,0,0
2,CS14->US22,0,0,0
2,CS14->US30,0,0,0
2,CS14->US38,0,0,0
2,CS14->US46,11451,11451,0
2,CS14->US54,51504,51504,0
2,CS14->US62,0,0,0
2,CS14->US70,0,0,0
2,CS14->US78,0,0,0
2,CS14->US86,0,0,0
2,CS14->US94,0,0,0
2,CS14->US102,0,0,0
2,CS14->US110,0,0,0
2,CS14->US118,11448,11448,0
2,CS14->US126,0,0,0
2,CS15->US7,51531,51531,0
2,CS15->US15,0,0,0
2,CS15->US23,0,0,0
2,CS15->US31,0,0,0
2,CS15->US39,0,0,0
2,CS15->US47,11455,11455,0
2,CS15->US55,51332,51332,0
2,CS15->US63,0,0,0
2,CS15->US71,0,0,0
2,CS15->US79,0,0,0
2,CS15->US87,0,0,0
2,CS15->US95,0,0,0
2,CS15->US103,0,0,0
2,CS15->US111,0,0,0
2,CS15->US119,11309,11309,0
2,CS15->US127,0,0,0
2,CS16->US0,51288,51288,0
2,CS16->US8,0,0,0
2,CS16->US16,0,0,0
2,CS16->US24,0,0,0
2,CS16->US32,0,0,0
2,CS16->US40,11352,11352,0
2,CS16->US48,51007,51007,0
2,CS16->US56,0,0,0
2,CS16->US64,0,0,0
2,CS16->US72,0,0,0
2,CS16->US80,0,0,0
2,CS16->US88,0,0,0
2,CS16->US96,0,0,0
2,CS16->US104,0,0,0
2,CS16->US112,11398,11398,0
2,CS16->US120,0,0,0
2,CS17->US1,51248,51248,0
2,CS17->US9,0,0,0
2,CS17->US17,0,0,0
2,CS17->US25,0,0,0
2,CS17->US33,0,0,0
2,CS17->US41,11401,11401,0
2,CS17->US49,51469,51469,0
2,CS17->US57,0,0,0
2,CS17->US65,0,0,0
2,CS17->US73,0,0,0
2,CS17->US81,0,0,0
2,CS17->US89,0,0,0
2,CS17->US97,0,0,0
2,CS17->US105,0,0,0
2,CS17->US113,11248,11247,0
2,CS17->US121,0,0,0
2,CS18->US2,51247,51247,0
2,CS18->US10,0,0,0
2,CS18->US18,0,0,0
2,CS18->US26,0,0,0
2,CS18->US34,0,0,0
2,CS18->US42,11608,11607,0
2,CS18->US50,51263,51263,0
2,CS18->US58,0,0,0
2,CS18->US66,0,0,0
2,CS18->US74,0,0,0
2,CS18->US82,0,0,0
2,CS18->US90,0,0,0
2,CS18->US98,0,0,0
2,CS18->US106,0,0,0
2,CS18->US114,11229,11229,0
2,CS18->US122,0,0,0
2,CS19->US3,51536,51536,0
2,CS19->US11,0,0,0
2,CS19->US19,0,0,0
2,CS19->US27,0,0,0
2,CS19->US35,0,0,0
2,CS19->US43,11344,11343,0
2,CS19->US51,51298,51298,0
2,CS19->US59,0,0,0
2,CS19->US67,0,0,0
2,CS19->US75,0,0,0
2,CS19->US83,0,0,0
2,CS19->US91,0,0,0
2,CS19->US99,0,0,0
2,CS19->US107,0,0,0
2,CS19->US115,11314,11314,0
2,CS19->US123,0,0,0
2,CS20->US4,51195,51195,0
2,CS20->US12,0,0,0
2,CS20->US20,0,0,0
2,CS20->US28,0,0,0
2,CS20->US36,0,0,0
2,CS20->US44,11460,11459,0
2,CS20->US52,51262,51262,0
2,CS20->US60,0,0,0
2,CS20->US68,0,0,0
2,CS20->US76,0,0,0
2,CS20->US84,0,0,0
2,CS20->US92,0,0,0
2,CS20->US100,0,0,0
2,CS20->US108,0,0,0
2,CS20->US116,11509,11508,0
2,CS20->US124,0,0,0
2,CS21->US5,51257,51257,0
2,CS21->US13,0,0,0
2,CS21->US21,0,0,0
2,CS21->US29,0,0,0
2,CS21->US37,0,0,0
2,CS21->US45,11386,11385,0
2,CS21->US53,51324,51324,0
2,CS21->US61,0,0,0
2,CS21->US69,0,0,0
2,CS21->US77,0,0,0
2,CS21->US85,0,0,0
2,CS21->US93,0,0,0
2,CS21->US101,0,0,0
2,CS21->US109,0,0,0
2,CS21->US117,11254,11254,0
2,CS21->US125,0,0,0
2,CS22->US6,51251,51251,0
2,CS22->US14,0,0,0
2,CS22->US22,0,0,0
2,CS22->US30,0,0,0
2,CS22->US38,0,0,0
2,CS22->US46,11551,11551,0
2,CS22->US54,51319,51319,0
2,CS22->US62,0,0,0
2,CS22->US70,0,0,0
2,CS22->US78,0,0,0
2,CS22->US86,0,0,0
2,CS22->US94,0,0,0
2,CS22->US102,0,0,0
2,CS22->US110,0,0,0
2,CS22->US118,11274,11273,0
2,CS22->US126,0,0,0
2,CS23->US7,51257,51257,0
2,CS23->US15,0,0,0
2,CS23->US23,0,0,0
2,CS23->US31,0,0,0
2,CS23->US39,0,0,0
2,CS23->US47,11386,11386,0
2,CS23->US55,51122,51122,0
2,CS23->US63,0,0,0
2,CS23->US71,0,0,0
2,CS23->US79,0,0,0
2,CS23->US87,0,0,0
2,CS23->US95,0,0,0
2,CS23->US103,0,0,0
2,CS23->US111,0,0,0
2,CS23->US119,11382,11382,0
2,CS23->US127,0,0,0
2,CS24->US0,51278,51278,0
2,CS24->US8,0,0,0
2,CS24->US16,0,0,0
2,CS24->US24,0,0,0
2,CS24->US32,0,0,0
2,CS24->US40,11572,11572,0
2,CS24->US48,51265,51265,0
2,CS24->US56,0,0,0
2,CS24->US64,0,0,0
2,CS24->US72,0,0,0
2,CS24->US80,0,0,0
2,CS24->US88,0,0,0
2,CS24->US96,0,0,0
2,CS24->US104,0,0,0
2,CS24->US112,11373,11372,0
2,CS24->US120,0,0,0
2,CS25->US1,50985,50985,0
2,CS25->US9,0,0,0
2,CS25->US17,0,0,0
2,CS25->US25,0,0,0
2,CS25->US33,0,0,0
2,CS25->US41,11340,11340,0
2,CS25->US49,51318,51318,0
2,CS25->US57,0,0,0
2,CS25->US65,0,0,0
2,CS25->US73,0,0,0
2,CS25->US81,0,0,0
2,CS25->US89,0,0,0
2,CS25->US97,0,0,0
2,CS25->US105,0,0,0
2,CS25->US113,11434,11434,0
2,CS25->US121,0,0,0
2,CS26->US2,51288,51288,0
2,CS26->US10,0,0,0
2,CS26->US18,0,0,0
2,CS26->US26,0,0,0
2,CS26->US34,0,0,0
2,CS26->US42,11244,11243,0
2,CS26->US50,51043,51043,0
2,CS26->US58,0,0,0
2,CS26->US66,0,0,0
2,CS26->US74,0,0,0
2,CS26->US82,0,0,0
2,CS26->US90,0,0,0
2,CS26->US98,0,0,0
2,CS26->US106,0,0,0
2,CS26->US114,11422,11422,0
2,CS26->US122,0,0,0
2,CS27->US3,51534,51534,0
2,CS27->US11,0,0,0
2,CS27->US19,0,0,0
2,CS27->US27,0,0,0
2,CS27->US35,0,0,0
2,CS27->US43,11306,11306,0
2,CS27->US51,51419,51419,0
2,CS27->US59,0,0,0
2,CS27->US67,0,0,0
2,CS27->US75,0,0,0
2,CS27->US83,0,0,0
2,CS27->US91,0,0,0
2,CS27->US99,0,0,0
2,CS27->US107,0,0,0
2,CS27->US115,11352,11351,0
2,CS27->US123,0,0,0
2,CS28->US4,51212,51212,0
2,CS28->US12,0,0,0
2,CS28->US20,0,0,0
2,CS28->US28,0,0,0
2,CS28->US36,0,0,0
2,CS28->US44,11316,11315,0
2,CS28->US52,50972,50972,0
2,CS28->US60,0,0,0
2,CS28->US68,0,0,0
2,CS28->US76,0,0,0
2,CS28->US84,0,0,0
2,CS28->US92,0,0,0
2,CS28->US100,0,0,0
2,CS28->US108,0,0,0
2,CS28->US116,11419,11419,0
2,CS28->US124,0,0,0
2,CS29->US5,51332,51332,0
2,CS29->US13,0,0,0
2,CS29->US21,0,0,0
2,CS29->US29,0,0,0
2,CS29->US37,0,0,0
2,CS29->US45,11496,11496,0
2,CS29->US53,51122,51122,0
2,CS29->US61,0,0,0
2,CS29->US69,0,0,0
2,CS29->US77,0,0,0
2,CS29->US85,0,0,0
2,CS29->US93,0,0,0
2,CS29->US101,0,0,0
2,CS29->US109,0,0,0
2,CS29->US117,11432,11431,0
2,CS29->US125,0,0,0
2,CS30->US6,51452,51452,0
2,CS30->US14,0,0,0
2,CS30->US22,0,0,0
2,CS30->US30,0,0,0
2,CS30->US38,0,0,0
2,CS30->US46,11323,11322,0
2,CS30->US54,51395,51395,0
2,CS30->US62,0,0,0
2,CS30->US70,0,0,0
2,CS30->US78,0,0,0
2,CS30->US86,0,0,0
2,CS30->US94,0,0,0
2,CS30->US102,0,0,0
2,CS30->US110,0,0,0
2,CS30->US118,11363,11363,0
2,CS30->US126,0,0,0
2,CS31->US7,51465,51465,0
2,CS31->US15,0,0,0
2,CS31->US23,0,0,0
2,CS31->US31,0,0,0
2,CS31->US39,0,0,0
2,CS31->US47,11302,11302,0
2,CS31->US55,51241,51241,0
2,CS31->US63,0,0,0
2,CS31->US71,0,0,0
2,CS31->US79,0,0,0
2,CS31->US87,0,0,0
2,CS31->US95,0,0,0
2,CS31->US103,0,0,0
2,CS31->US111,0,0,0
2,CS31->US119,11478,11476,0
2,CS31->US127,0,0,0
2,CS32->US0,51099,51099,0
2,CS32->US8,0,0,0
2,CS32->US16,0,0,0
2,CS32->US24,0,0,0
2,CS32->US32,0,0,0
2,CS32->US40,11449,11449,0
2,CS32->US48,51252,51252,0
2,CS32->US56,0,0,0
2,CS32->US64,0,0,0
2,CS32->US72,0,0,0
2,CS32->US80,0,0,0
2,CS32->US88,0,0,0
2,CS32->US96,0,0,0
2,CS32->US104,0,0,0
2,CS32->US112,11413,11413,0
2,CS32->US120,0,0,0
2,CS33->US1,51452,51452,0
2,CS33->US9,0,0,0
2,CS33->US17,0,0,0
2,CS33->US25,0,0,0
2,CS33->US33,0,0,0
2,CS33->US41,11414,11414,0
2,CS33->US49,51431,51431,0
2,CS33->US57,0,0,0
2,CS33->US65,0,0,0
2,CS33->US73,0,0,0
2,CS33->US81,0,0,0
2,CS33->US89,0,0,0
2,CS33->US97,0,0,0
2,CS33->US105,0,0,0
2,CS33->US113,11274,11274,0
2,CS33->US121,0,0,0
2,CS34->US2,51351,51351,0
2,CS34->US10,0,0,0
2,CS34->US18,0,0,0
2,CS34->US26,0,0,0
2,CS34->US34,0,0,0
2,CS34->US42,11476,11476,0
2,CS34->US50,51140,51140,0
2,CS34->US58,0,0,0
2,CS34->US66,0,0,0
2,CS34->US74,0,0,0
2,CS34->US82,0,0,0
2,CS34->US90,0,0,0
2,CS34->US98,0,0,0
2,CS34->US106,0,0,0
2,CS34->US114,11484,11484,0
2,CS34->US122,0,0,0
2,CS35->US3,51600,51600,0
2,CS35->US11,0,0,0
2,CS35->US19,0,0,0
2,CS35->US27,0,0,0
2,CS35->US35,0,0,0
2,CS35->US43,11405,11404,0
2,CS35->US51,51070,51070,0
2,CS35->US59,0,0,0
2,CS35->US67,0,0,0
2,CS35->US75,0,0,0
2,CS35->US83,0,0,0
2,CS35->US91,0,0,0
2,CS35->US99,0,0,0
2,CS35->US107,0,0,0
2,CS35->US115,11528,11528,0
2,CS35->US123,0,0,0
2,CS36->US4,51541,51541,0
2,CS36->US12,0,0,0
2,CS36->US20,0,0,0
2,CS36->US28,0,0,0
2,CS36->US36,0,0,0
2,CS36->US44,11625,11625,0
2,CS36->US52,51223,51223,0
2,CS36->US60,0,0,0
2,CS36->US68,0,0,0
2,CS36->US76,0,0,0
2,CS36->US84,0,0,0
2,CS36->US92,0,0,0
2,CS36->US100,0,0,0
2,CS36->US108,0,0,0
2,CS36->US116,11465,11465,0
2,CS36->US124,0,0,0
2,CS37->US5,51136,51136,0
2,CS37->US13,0,0,0
2,CS37->US21,0,0,0
2,CS37->US29,0,0,0
2,CS37->US37,0,0,0
2,CS37->US45,11441,11441,0
2,CS37->US53,51459,51459,0
2,CS37->US61,0,0,0
2,CS37->US69,0,0,0
2,CS37->US77,0,0,0
2,CS37->US85,0,0,0
2,CS37->US93,0,0,0
2,CS37->US101,0,0,0
2,CS37->US109,0,0,0
2,CS37->US117,11497,11497,0
2,CS37->US125,0,0,0
2,CS38->US6,51324,51324,0
2,CS38->US14,0,0,0
2,CS38->US22,0,0,0
2,CS38->US30,0,0,0
2,CS38->US38,0,0,0
2,CS38->US46,11388,11387,0
2,CS38->US54,51010,51010,0
2,CS38->US62,0,0,0
2,CS38->US70,0,0,0
2,CS38->US78,0,0,0
2,CS38->US86,0,0,0
2,CS38->US94,0,0,0
2,CS38->US102,0,0,0
2,CS38->US110,0,0,0
2,CS38->US118,11376,11376,0
2,CS38->US126,0,0,0
2,CS39->US7,51281,51281,0
2,CS39->US15,0,0,0
2,CS39->US23,0,0,0
2,CS39->US31,0,0,0
2,CS39->US39,0,0,0
2,CS39->US47,11488,11488,0
2,CS39->US55,51264,51264,0
2,CS39->US63,0,0,0
2,CS39->US71,0,0,0
2,CS39->US79,0,0,0
2,CS39->US87,0,0,0
2,CS39->US95,0,0,0
2,CS39->US103,0,0,0
2,CS39->US111,0,0,0
2,CS39->US119,11391,11390,0
2,CS39->US127,0,0,0
2,CS40->US0,51606,51606,0
2,CS40->US8,0,0,0
2,CS40->US16,0,0,0
2,CS40->US24,0,0,0
2,CS40->US32,0,0,0
2,CS40->US40,11385,11385,0
2,CS40->US48,51416,51416,0
2,CS40->US56,0,0,0
2,CS40->US64,0,0,0
2,CS40->US72,0,0,0
2,CS40->US80,0,0,0
2,CS40->US88,0,0,0
2,CS40->US96,0,0,0
2,CS40->US104,0,0,0
2,CS40->US112,11557,11555,0
2,CS40->US120,0,0,0
2,CS41->US1,51501,51501,0
2,CS41->US9,0,0,0
2,CS41->US17,0,0,0
2,CS41->US25,0,0,0
2,CS41->US33,0,0,0
2,CS41->US41,11384,11383,0
2,CS41->US49,51536,51536,0
2,CS41->US57,0,0,0
2,CS41->US65,0,0,0
2,CS41->US73,0,0,0
2,CS41->US81,0,0,0
2,CS41->US89,0,0,0
2,CS41->US97,0,0,0
2,CS41->US105,0,0,0
2,CS41->US113,11353,11353,0
2,CS41->US121,0,0,0
2,CS42->US2,51278,51278,0
2,CS42->US10,0,0,0
2,CS42->US18,0,0,0
2,CS42->US26,0,0,0
2,CS42->US34,0,0,0
2,CS42->US42,11493,11493,0
2,CS42->US50,51328,51328,0
2,CS42->US58,0,0,0
2,CS42->US66,0,0,0
2,CS42->US74,0,0,0
2,CS42->US82,0,0,0
2,CS42->US90,0,0,0
2,CS42->US98,0,0,0
2,CS42->US106,0,0,0
2,CS42->US114,11361,11360,0
2,CS42->US122,0,0,0
2,CS43->US3,51471,51471,0
2,CS43->US11,0,0,0
2,CS43->US19,0,0,0
2,CS43->US27,0,0,0
2,CS43->US35,0,0,0
2,CS43->US43,11489,11489,0
2,CS43->US51,51759,51759,0
2,CS43->US59,0,0,0
2,CS43->US67,0,0,0
2,CS43->US75,0,0,0
2,CS43->US83,0,0,0
2,CS43->US91,0,0,0
2,CS43->US99,0,0,0
2,CS43->US107,0,0,0
2,CS43->US115,11218,11218,0
2,CS43->US123,0,0,0
2,CS44->US4,51854,51854,0
2,CS44->US12,0,0,0
2,CS44->US20,0,0,0
2,CS44->US28,0,0,0
2,CS44->US36,0,0,0
2,CS44->US44,11371,11371,0
2,CS44->US52,51231,51231,0
2,CS44->US60,0,0,0
2,CS44->US68,0,0,0
2,CS44->US76,0,0,0
2,CS44->US84,0,0,0
2,CS44->US92,0,0,0
2,CS44->US100,0,0,0
2,CS44->US108,0,0,0
2,CS44->US116,11497,11497,0
2,CS44->US124,0,0,0
2,CS45->US5,51447,51447,0
2,CS45->US13,0,0,0
2,CS45->US21,0,0,0
2,CS45->US29,0,0,0
2,CS45->US37,0,0,0
2,CS45->US45,11454,11453,0
2,CS45->US53,51210,51210,0
2,CS45->US61,0,0,0
2,CS45->US69,0,0,0
2,CS45->US77,0,0,0
2,CS45->US85,0,0,0
2,CS45->US93,0,0,0
2,CS45->US101,0,0,0
2,CS45->US109,0,0,0
2,CS45->US117,11262,11261,0
2,CS45->US125,0,0,0
2,CS46->US6,51668,51668,0
2,CS46->US14,0,0,0
2,CS46->US22,0,0,0
2,CS46->US30,0,0,0
2,CS46->US38,0,0,0
2,CS46->US46,11391,11390,0
2,CS46->US54,51543,51543,0
2,CS46->US62,0,0,0
2,CS46->US70,0,0,0
2,CS46->US78,0,0,0
2,CS46->US86,0,0,0
2,CS46->US94,0,0,0
2,CS46->US102,0,0,0
2,CS46->US110,0,0,0
2,CS46->US118,11363,11363,0
2,CS46->US126,0,0,0
2,CS47->US7,51418,51418,0
2,CS47->US15,0,0,0
2,CS47->US23,0,0,0
2,CS47->US31,0,0,0
2,CS47->US39,0,0,0
2,CS47->US47,11527,11527,0
2,CS47->US55,51518,51518,0
2,CS47->US63,0,0,0
2,CS47->US71,0,0,0
2,CS47->US79,0,0,0
2,CS47->US87,0,0,0
2,CS47->US95,0,0,0
2,CS47->US103,0,0,0
2,CS47->US111,0,0,0
2,CS47->US119,11333,11333,0
2,CS47->US127,0,0,0
2,CS48->US0,51041,51041,0
2,CS48->US8,0,0,0
2,CS48->US16,0,0,0
2,CS48->US24,0,0,0
2,CS48->US32,0,0,0
2,CS48->US40,11284,11284,0
2,CS48->US48,51517,51517,0
2,CS48->US56,0,0,0
2,CS48->US64,0,0,0
2,CS48->US72,0,0,0
2,CS48->US80,0,0,0
2,CS48->US88,0,0,0
2,CS48->US96,0,0,0
2,CS48->US104,0,0,0
2,CS48->US112,11512,11512,0
2,CS48->US120,0,0,0
2,CS49->US1,51462,51462,0
2,CS49->US9,0,0,0
2,CS49->US17,0,0,0
2,CS49->US25,0,0,0
2,CS49->US33,0,0,0
2,CS49->US41,11269,11267,0
2,CS49->US49,51236,51236,0
2,CS49->US57,0,0,0
2,CS49->US65,0,0,0
2,CS49->US73,0,0,0
2,CS49->US81,0,0,0
2,CS49->US89,0,0,0
2,CS49->US97,0,0,0
2,CS49->US105,0,0,0
2,CS49->US113,11404,11402,0
2,CS49->US121,0,0,0
2,CS50->US2,51359,51359,0
2,CS50->US10,0,0,0
2,CS50->US18,0,0,0
2,CS50->US26,0,0,0
2,CS50->US34,0,0,0
2,CS50->US42,11592,11591,0
2,CS50->US50,51536,51536,0
2,CS50->US58,0,0,0
2,CS50->US66,0,0,0
2,CS50->US74,0,0,0
2,CS50->US82,0,0,0
2,CS50->US90,0,0,0
2,CS50->US98,0,0,0
2,CS50->US106,0,0,0
2,CS50->US114,11264,11264,0
2,CS50->US122,0,0,0
2,CS51->US3,51122,51122,0
2,CS51->US11,0,0,0
2,CS51->US19,0,0,0
2,CS51->US27,0,0,0
2,CS51->US35,0,0,0
2,CS51->US43,11447,11446,0
2,CS51->US51,51752,51752,0
2,CS51->US59,0,0,0
2,CS51->US67,0,0,0
2,CS51->US75,0,0,0
2,CS51->US83,0,0,0
2,CS51->US91,0,0,0
2,CS51->US99,0,0,0
2,CS51->US107,0,0,0
2,CS51->US115,11544,11543,0
2,CS51->US123,0,0,0
2,CS52->US4,51502,51502,0
2,CS52->US12,0,0,0
2,CS52->US20,0,0,0
2,CS52->US28,0,0,0
2,CS52->US36,0,0,0
2,CS52->US44,11481,11481,0
2,CS52->US52,51657,51657,0
2,CS52->US60,0,0,0
2,CS52->US68,0,0,0
2,CS52->US76,0,0,0
2,CS52->US84,0,0,0
2,CS52->US92,0,0,0
2,CS52->US100,0,0,0
2,CS52->US108,0,0,0
2,CS52->US116,11257,11257,0
2,CS52->US124,0,0,0
2,CS53->US5,51029,51029,0
2,CS53->US13,0,0,0
2,CS53->US21,0,0,0
2,CS53->US29,0,0,0
2,CS53->US37,0,0,0
2,CS53->US45,11405,11405,0
2,CS53->US53,51141,51141,0
2,CS53->US61,0,0,0
2,CS53->US69,0,0,0
2,CS53->US77,0,0,0
2,CS53->US85,0,0,0
2,CS53->US93,0,0,0
2,CS53->US101,0,0,0
2,CS53->US109,0,0,0
2,CS53->US117,11423,11422,0
2,CS53->US125,0,0,0
2,CS54->US6,51330,51330,0
2,CS54->US14,0,0,0
2,CS54->US22,0,0,0
2,CS54->US30,0,0,0
2,CS54->US38,0,0,0
2,CS54->US46,11670,11669,0
2,CS54->US54,51734,51734,0
2,CS54->US62,0,0,0
2,CS54->US70,0,0,0
2,CS54->US78,0,0,0
2,CS54->US86,0,0,0
2,CS54->US94,0,0,0
2,CS54->US102,0,0,0
2,CS54->US110,0,0,0
2,CS54->US118,11368,11367,0
2,CS54->US126,0,0,0
2,CS55->US7,51369,51369,0
2,CS55->US15,0,0,0
2,CS55->US23,0,0,0
2,CS55->US31,0,0,0
2,CS55->US39,0,0,0
2,CS55->US47,11356,11355,0
2,CS55->US55,51247,51247,0
2,CS55->US63,0,0,0
2,CS55->US71,0,0,0
2,CS55->US79,0,0,0
2,CS55->US87,0,0,0
2,CS55->US95,0,0,0
2,CS55->US103,0,0,0
2,CS55->US111,0,0,0
2,CS55->US119,11483,11482,0
2,CS55->US127,0,0,0
2,CS56->US0,51064,51064,0
2,CS56->US8,0,0,0
2,CS56->US16,0,0,0
2,CS56->US24,0,0,0
2,CS56->US32,0,0,0
2,CS56->US40,11498,11498,0
2,CS56->US48,51251,51251,0
2,CS56->US56,0,0,0
2,CS56->US64,0,0,0
2,CS56->US72,0,0,0
2,CS56->US80,0,0,0
2,CS56->US88,0,0,0
2,CS56->US96,0,0,0
2,CS56->US104,0,0,0
2,CS56->US112,11219,11219,0
2,CS56->US120,0,0,0
2,CS57->US1,51441,51441,0
2,CS57->US9,0,0,0
2,CS57->US17,0,0,0
2,CS57->US25,0,0,0
2,CS57->US33,0,0,0
2,CS57->US41,11423,11422,0
2,CS57->US49,51065,51065,0
2,CS57->US57,0,0,0
2,CS57->US65,0,0,0
2,CS57->US73,0,0,0
2,CS57->US81,0,0,0
2,CS57->US89,0,0,0
2,CS57->US97,0,0,0
2,CS57->US105,0,0,0
2,CS57->US113,11176,11176,0
2,CS57->US121,0,0,0
2,CS58->US2,51490,51490,0
2,CS58->US10,0,0,0
2,CS58->US18,0,0,0
2,CS58->US26,0,0,0
2,CS58->US34,0,0,0
2,CS58->US42,11607,11606,0
2,CS58->US50,51402,51402,0
2,CS58->US58,0,0,0
2,CS58->US66,0,0,0
2,CS58->US74,0,0,0
2,CS58->US82,0,0,0
2,CS58->US90,0,0,0
2,CS58->US98,0,0,0
2,CS58->US106,0,0,0
2,CS58->US114,11314,11314,0
2,CS58->US122,0,0,0
2,CS59->US3,51605,51605,0
2,CS59->US11,0,0,0
2,CS59->US19,0,0,0
2,CS59->US27,0,0,0
2,CS59->US35,0,0,0
2,CS59->US43,11459,11459,0
2,CS59->US51,51140,51140,0
2,CS59->US59,0,0,0
2,CS59->US67,0,0,0
2,CS59->US75,0,0,0
2,CS59->US83,0,0,0
2,CS59->US91,0,0,0
2,CS59->US99,0,0,0
2,CS59->US107,0,0,0
2,CS59->US115,11321,11320,0
2,CS59->US123,0,0,0
2,CS60->US4,51240,51240,0
2,CS60->US12,0,0,0
2,CS60->US20,0,0,0
2,CS60->US28,0,0,0
2,CS60->US36,0,0,0
2,CS60->US44,11535,11535,0
2,CS60->US52,51687,51687,0
2,CS60->US60,0,0,0
2,CS60->US68,0,0,0
2,CS60->US76,0,0,0
2,CS60->US84,0,0,0
2,CS60->US92,0,0,0
2,CS60->US100,0,0,0
2,CS60->US108,0,0,0
2,CS60->US116,11444,11443,0
2,CS60->US124,0,0,0
2,CS61->US5,51146,51146,0
2,CS61->US13,0,0,0
2,CS61->US21,0,0,0
2,CS61->US29,0,0,0
2,CS61->US37,0,0,0
2,CS61->US45,11350,11349,0
2,CS61->US53,51821,51821,0
2,CS61->US61,0,0,0
2,CS61->US69,0,0,0
2,CS61->US77,0,0,0
2,CS61->US85,0,0,0
2,CS61->US93,0,0,0
2,CS61->US101,0,0,0
2,CS61->US109,0,0,0
2,CS61->US117,11309,11307,0
2,CS61->US125,0,0,0
2,CS62->US6,51132,51132,0
2,CS62->US14,0,0,0
2,CS62->US22,0,0,0
2,CS62->US30,0,0,0
2,CS62->US38,0,0,0
2,CS62->US46,11464,11464,0
2,CS62->US54,51215,51215,0
2,CS62->US62,0,0,0
2,CS62->US70,0,0,0
2,CS62->US78,0,0,0
2,CS62->US86,0,0,0
2,CS62->US94,0,0,0
2,CS62->US102,0,0,0
2,CS62->US110,0,0,0
2,CS62->US118,11261,11261,0
2,CS62->US126,0,0,0
2,CS63->US7,50964,50964,0
2,CS63->US15,0,0,0
2,CS63->US23,0,0,0
2,CS63->US31,0,0,0
2,CS63->US39,0,0,0
2,CS63->US47,11515,11515,0
2,CS63->US55,51710,51710,0
2,CS63->US63,0,0,0
2,CS63->US71,0,0,0
2,CS63->US79,0,0,0
2,CS63->US87,0,0,0
2,CS63->US95,0,0,0
2,CS63->US103,0,0,0
2,CS63->US111,0,0,0
2,CS63->US119,11383,11383,0
2,CS63->US127,0,0,0
3,US0->CS0,51618,51618,0
3,US0->CS8,51082,51082,0
3,US0->CS16,51203,51203,0
3,US0->CS24,51405,51405,0
3,US0->CS32,51427,51427,0
3,US0->CS40,51560,51560,0
3,US0->CS48,51680,51680,0
3,US0->CS56,51425,51425,0
3,US1->CS1,51586,51586,0
3,US1->CS9,51115,51115,0
3,US1->CS17,51648,51648,0
3,US1->CS25,51490,51490,0
3,US1->CS33,51613,51613,0
3,US1->CS41,51688,51688,0
3,US1->CS49,51368,51368,0
3,US1->CS57,51241,51241,0
3,US2->CS2,51288,51288,0
3,US2->CS10,51449,51449,0
3,US2->CS18,51400,51400,0
3,US2->CS26,51205,51205,0
3,US2->CS34,51284,51284,0
3,US2->CS42,51484,51484,0
3,US2->CS50,51692,51692,0
3,US2->CS58,51543,51543,0
3,US3->CS3,51709,51709,0
3,US3->CS11,51811,51811,0
3,US3->CS19,51415,51415,0
3,US3->CS27,51585,51585,0
3,US3->CS35,51240,51240,0
3,US3->CS43,51908,51908,0
3,US3->CS51,51925,51925,0
3,US3->CS59,51270,51270,0
3,US4->CS4,51646,51646,0
3,US4->CS12,51606,51606,0
3,US4->CS20,51435,51435,0
3,US4->CS28,51146,51146,0
3,US4->CS36,51396,51396,0
3,US4->CS44,51373,51373,0
3,US4->CS52,51783,51783,0
3,US4->CS60,51846,51846,0
3,US5->CS5,51317,51317,0
3,US5->CS13,51674,51674,0
3,US5->CS21,51477,51477,0
3,US5->CS29,51254,51254,0
3,US5->CS37,51621,51621,0
3,US5->CS45,51377,51377,0
3,US5->CS53,51297,51297,0
3,US5->CS61,51978,51978,0
3,US6->CS6,51296,51296,0
3,US6->CS14,51633,51633,0
3,US6->CS22,51439,51439,0
3,US6->CS30,51581,51581,0
3,US6->CS38,51177,51177,0
3,US6->CS46,51752,51752,0
3,US6->CS54,51897,51897,0
3,US6->CS62,51401,51401,0
3,US7->CS7,51600,51600,0
3,US7->CS15,51497,51497,0
3,US7->CS23,51240,51240,0
3,US7->CS31,51416,51416,0
3,US7->CS39,51441,51441,0
3,US7->CS47,51685,51685,0
3,US7->CS55,51426,51426,0
3,US7->CS63,51850,51850,0
3,US8->CS0,0,0,0
3,US8->CS8,0,0,0
3,US8->CS16,0,0,0
3,US8->CS24,0,0,0
3,US8->CS32,0,0,0
3,US8->CS40,0,0,0
3,US8->CS48,0,0,0
3,US8->CS56,0,0,0
3,US9->CS1,0,0,0
3,US9->CS9,0,0,0
3,US9->CS17,0,0,0
3,US9->CS25,0,0,0
3,US9->CS33,0,0,0
3,US9->CS41,0,0,0
3,US9->CS49,0,0,0
3,US9->CS57,0,0,0
3,US10->CS2,0,0,0
3,US10->CS10,0,0,0
3,US10->CS18,0,0,0
3,US10->CS26,0,0,0
3,US10->CS34,0,0,0
3,US10->CS42,0,0,0
3,US10->CS50,0,0,0
3,US10->CS58,0,0,0
3,US11->CS3,0,0,0
3,US11->CS11,0,0,0
3,US11->CS19,0,0,0
3,US11->CS27,0,0,0
3,US11->CS35,0,0,0
3,US11->CS43,0,0,0
3,US11->CS51,0,0,0
3,US11->CS59,0,0,0
3,US12->CS4,0,0,0
3,US12->CS12,0,0,0
3,US12->CS20,0,0,0
3,US12->CS28,0,0,0
3,US12->CS36,0,0,0
3,US12->CS44,0,0,0
3,US12->CS52,0,0,0
3,US12->CS60,0,0,0
3,US13->CS5,0,0,0
3,US13->CS13,0,0,0
3,US13->CS21,0,0,0
3,US13->CS29,0,0,0
3,US13->CS37,0,0,0
3,US13->CS45,0,0,0
3,US13->CS53,0,0,0
3,US13->CS61,0,0,0
3,US14->CS6,0,0,0
3,US14->CS14,0,0,0
3,US14->CS22,0,0,0
3,US14->CS30,0,0,0
3,US14->CS38,0,0,0
3,US14->CS46,0,0,0
3,US14->CS54,0,0,0
3,US14->CS62,0,0,0
3,US15->CS7,0,0,0
3,US15->CS15,0,0,0
3,US15->CS23,0,0,0
3,US15->CS31,0,0,0
3,US15->CS39,0,0,0
3,US15->CS47,0,0,0
3,US15->CS55,0,0,0
3,US15->CS63,0,0,0
3,US16->CS0,0,0,0
3,US16->CS8,0,0,0
3,US16->CS16,0,0,0
3,US16->CS24,0,0,0
3,US16->CS32,0,0,0
3,US16->CS40,0,0,0
3,US16->CS48,0,0,0
3,US16->CS56,0,0,0
3,US17->CS1,0,0,0
3,US17->CS9,0,0,0
3,US17->CS17,0,0,0
3,US17->CS25,0,0,0
3,US17->CS33,0,0,0
3,US17->CS41,0,0,0
3,US17->CS49,0,0,0
3,US17->CS57,0,0,0
3,US18->CS2,0,0,0
3,US18->CS10,0,0,0
3,US18->CS18,0,0,0
3,US18->CS26,0,0,0
3,US18->CS34,0,0,0
3,US18->CS42,0,0,0
3,US18->CS50,0,0,0
3,US18->CS58,0,0,0
3,US19->CS3,0,0,0
3,US19->CS11,0,0,0
3,US19->CS19,0,0,0
3,US19->CS27,0,0,0
3,US19->CS35,0,0,0
3,US19->CS43,0,0,0
3,US19->CS51,0,0,0
3,US19->CS59,0,0,0
3,US20->CS4,0,0,0
3,US20->CS12,0,0,0
3,US20->CS20,0,0,0
3,US20->CS28,0,0,0
3,US20->CS36,0,0,0
3,US20->CS44,0,0,0
3,US20->CS52,0,0,0
3,US20->CS60,0,0,0
3,US21->CS5,0,0,0
3,US21->CS13,0,0,0
3,US21->CS21,0,0,0
3,US21->CS29,0,0,0
3,US21->CS37,0,0,0
3,US21->CS45,0,0,0
3,US21->CS53,0,0,0
3,US21->CS61,0,0,0
3,US22->CS6,0,0,0
3,US22->CS14,0,0,0
3,US22->CS22,0,0,0
3,US22->CS30,0,0,0
3,US22->CS38,0,0,0
3,US22->CS46,0,0,0
3,US22->CS54,0,0,0
3,US22->CS62,0,0,0
3,US23->CS7,0,0,0
3,US23->CS15,0,0,0
3,US23->CS23,0,0,0
3,US23->CS31,0,0,0
3,US23->CS39,0,0,0
3,US23->CS47,0,0,0
3,US23->CS55,0,0,0
3,US23->CS63,0,0,0
3,US24->CS0,0,0,0
3,US24->CS8,0,0,0
3,US24->CS16,0,0,0
3,US24->CS24,0,0,0
3,US24->CS32,0,0,0
3,US24->CS40,0,0,0
3,US24->CS48,0,0,0
3,US24->CS56,0,0,0
3,US25->CS1,0,0,0
3,US25->CS9,0,0,0
3,US25->CS17,0,0,0
3,US25->CS25,0,0,0
3,US25->CS33,0,0,0
3,US25->CS41,0,0,0
3,US25->CS49,0,0,0
3,US25->CS57,0,0,0
3,US26->CS2,0,0,0
3,US26->CS10,0,0,0
3,US26->CS18,0,0,0
3,US26->CS26,0,0,0
3,US26->CS34,0,0,0
3,US26->CS42,0,0,0
3,US26->CS50,0,0,0
3,US26->CS58,0,0,0
3,US27->CS3,0,0,0
3,US27->CS11,0,0,0
3,US27->CS19,0,0,0
3,US27->CS27,0,0,0
3,US27->CS35,0,0,0
3,US27->CS43,0,0,0
3,US27->CS51,0,0,0
3,US27->CS59,0,0,0
3,US28->CS4,0,0,0
3,US28->CS12,0,0,0
3,US28->CS20,0,0,0
3,US28->CS28,0,0,0
3,US28->CS36,0,0,0
3,US28->CS44,0,0,0
3,US28->CS52,0,0,0
3,US28->CS60,0,0,0
3,US29->CS5,0,0,0
3,US29->CS13,0,0,0
3,US29->CS21,0,0,0
3,US29->CS29,0,0,0
3,US29->CS37,0,0,0
3,US29->CS45,0,0,0
3,US29->CS53,0,0,0
3,US29->CS61,0,0,0
3,US30->CS6,0,0,0
3,US30->CS14,0,0,0
3,US30->CS22,0,0,0
3,US30->CS30,0,0,0
3,US30->CS38,0,0,0
3,US30->CS46,0,0,0
3,US30->CS54,0,0,0
3,US30->CS62,0,0,0
3,US31->CS7,0,0,0
3,US31->CS15,0,0,0
3,US31->CS23,0,0,0
3,US31->CS31,0,0,0
3,US31->CS39,0,0,0
3,US31->CS47,0,0,0
3,US31->CS55,0,0,0
3,US31->CS63,0,0,0
3,US32->CS0,0,0,0
3,US32->CS8,0,0,0
3,US32->CS16,0,0,0
3,US32->CS24,0,0,0
3,US32->CS32,0,0,0
3,US32->CS40,0,0,0
3,US32->CS48,0,0,0
3,US32->CS56,0,0,0
3,US33->CS1,0,0,0
3,US33->CS9,0,0,0
3,US33->CS17,0,0,0
3,US33->CS25,0,0,0
3,US33->CS33,0,0,0
3,US33->CS41,0,0,0
3,US33->CS49,0,0,0
3,US33->CS57,0,0,0
3,US34->CS2,0,0,0
3,US34->CS10,0,0,0
3,US34->CS18,0,0,0
3,US34->CS26,0,0,0
3,US34->CS34,0,0,0
3,US34->CS42,0,0,0
3,US34->CS50,0,0,0
3,US34->CS58,0,0,0
3,US35->CS3,0,0,0
3,US35->CS11,0,0,0
3,US35->CS19,0,0,0
3,US35->CS27,0,0,0
3,US35->CS35,0,0,0
3,US35->CS43,0,0,0
3,US35->CS51,0,0,0
3,US35->CS59,0,0,0
3,US36->CS4,0,0,0
3,US36->CS12,0,0,0
3,US36->CS20,0,0,0
3,US36->CS28,0,0,0
3,US36->CS36,0,0,0
3,US36->CS44,0,0,0
3,US36->CS52,0,0,0
3,US36->CS60,0,0,0
3,US37->CS5,0,0,0
3,US37->CS13,0,0,0
3,US37->CS21,0,0,0
3,US37->CS29,0,0,0
3,US37->CS37,0,0,0
3,US37->CS45,0,0,0
3,US37->CS53,0,0,0
3,US37->CS61,0,0,0
3,US38->CS6,0,0,0
3,US38->CS14,0,0,0
3,US38->CS22,0,0,0
3,US38->CS30,0,0,0
3,US38->CS38,0,0,0
3,US38->CS46,0,0,0
3,US38->CS54,0,0,0
3,US38->CS62,0,0,0
3,US39->CS7,0,0,0
3,US39->CS15,0,0,0
3,US39->CS23,0,0,0
3,US39->CS31,0,0,0
3,US39->CS39,0,0,0
3,US39->CS47,0,0,0
3,US39->CS55,0,0,0
3,US39->CS63,0,0,0
3,US40->CS0,54041,54041,0
3,US40->CS8,53872,53872,0
3,US40->CS16,54086,54086,0
3,US40->CS24,54236,54236,0
3,US40->CS32,53868,53868,0
3,US40->CS40,54152,54152,0
3,US40->CS48,54260,54260,0
3,US40->CS56,53387,53387,0
3,US41->CS1,53590,53590,0
3,US41->CS9,54059,54059,0
3,US41->CS17,54246,54246,0
3,US41->CS25,54205,54205,0
3,US41->CS33,54084,54084,0
3,US41->CS41,53969,53969,0
3,US41->CS49,54082,54082,0
3,US41->CS57,53712,53712,0
3,US42->CS2,53621,53621,0
3,US42->CS10,53897,53897,0
3,US42->CS18,53694,53694,0
3,US42->CS26,53832,53832,0
3,US42->CS34,53779,53779,0
3,US42->CS42,54170,54170,0
3,US42->CS50,53438,53438,0
3,US42->CS58,53738,53738,0
3,US43->CS3,53756,53756,0
3,US43->CS11,53930,53930,0
3,US43->CS19,53565,53565,0
3,US43->CS27,53995,53995,0
3,US43->CS35,54088,54088,0
3,US43->CS43,54072,54072,0
3,US43->CS51,53992,53992,0
3,US43->CS59,53798,53798,0
3,US44->CS4,53750,53750,0
3,US44->CS12,54125,54125,0
3,US44->CS20,53998,53998,0
3,US44->CS28,53660,53660,0
3,US44->CS36,53834,53834,0
3,US44->CS44,53698,53698,0
3,US44->CS52,53926,53926,0
3,US44->CS60,54134,54134,0
3,US45->CS5,54396,54396,0
3,US45->CS13,54070,54070,0
3,US45->CS21,53963,53963,0
3,US45->CS29,54266,54266,0
3,US45->CS37,53985,53985,0
3,US45->CS45,53988,53988,0
3,US45->CS53,53956,53956,0
3,US45->CS61,54008,54008,0
3,US46->CS6,53653,53653,0
3,US46->CS14,54266,54266,0
3,US46->CS22,53722,53722,0
3,US46->CS30,54271,54271,0
3,US46->CS38,53511,53511,0
3,US46->CS46,53945,53945,0
3,US46->CS54,54005,54005,0
3,US46->CS62,53728,53728,0
3,US47->CS7,53877,53877,0
3,US47->CS15,53777,53777,0
3,US47->CS23,54354,54354,0
3,US47->CS31,54391,54391,0
3,US47->CS39,54187,54187,0
3,US47->CS47,53912,53912,0
3,US47->CS55,53943,53943,0
3,US47->CS63,53880,53880,0
3,US48->CS0,51559,51559,0
3,US48->CS8,51667,51667,0
3,US48->CS16,51397,51397,0
3,US48->CS24,51429,51429,0
3,US48->CS32,51238,51238,0
3,US48->CS40,51734,51734,0
3,US48->CS48,51154,51154,0
3,US48->CS56,51174,51174,0
3,US49->CS1,51936,51936,0
3,US49->CS9,51748,51748,0
3,US49->CS17,51379,51379,0
3,US49->CS25,51081,51081,0
3,US49->CS33,51568,51568,0
3,US49->CS41,51639,51639,0
3,US49->CS49,51576,51576,0
3,US49->CS57,51576,51576,0
3,US50->CS2,51302,51302,0
3,US50->CS10,51461,51461,0
3,US50->CS18,51345,51345,0
3,US50->CS26,51415,51415,0
3,US50->CS34,51473,51473,0
3,US50->CS42,51368,51368,0
3,US50->CS50,51448,51448,0
3,US50->CS58,51617,51617,0
3,US51->CS3,51832,51832,0
3,US51->CS11,51136,51136,0
3,US51->CS19,51636,51636,0
3,US51->CS27,51667,51667,0
3,US51->CS35,51751,51751,0
3,US51->CS43,51621,51621,0
3,US51->CS51,51244,51244,0
3,US51->CS59,51746,51746,0
3,US52->CS4,51360,51360,0
3,US52->CS12,51410,51410,0
3,US52->CS20,51290,51290,0
3,US52->CS28,51325,51325,0
3,US52->CS36,51703,51703,0
3,US52->CS44,51972,51972,0
3,US52->CS52,51576,51576,0
3,US52->CS60,51344,51344,0
3,US53->CS5,51857,51857,0
3,US53->CS13,51352,51352,0
3,US53->CS21,51419,51419,0
3,US53->CS29,51449,51449,0
3,US53->CS37,51287,51287,0
3,US53->CS45,51567,51567,0
3,US53->CS53,51165,51165,0
3,US53->CS61,51293,51293,0
3,US54->CS6,51531,51531,0
3,US54->CS14,52063,52063,0
3,US54->CS22,51353,51353,0
3,US54->CS30,51583,51583,0
3,US54->CS38,51463,51463,0
3,US54->CS46,51768,51768,0
3,US54->CS54,51466,51466,0
3,US54->CS62,51239,51239,0
3,US55->CS7,51473,51473,0
3,US55->CS15,51685,51685,0
3,US55->CS23,51420,51420,0
3,US55->CS31,51607,51607,0
3,US55->CS39,51426,51426,0
3,US55->CS47,51574,51574,0
3,US55->CS55,51514,51514,0
3,US55->CS63,51107,51107,0
3,US56->CS0,0,0,0
3,US56->CS8,0,0,0
3,US56->CS16,0,0,0
3,US56->CS24,0,0,0
3,US56->CS32,0,0,0
3,US56->CS40,0,0,0
3,US56->CS48,0,0,0
3,US56->CS56,0,0,0
3,US57->CS1,0,0,0
3,US57->CS9,0,0,0
3,US57->CS17,0,0,0
3,US57->CS25,0,0,0
3,US57->CS33,0,0,0
3,US57->CS41,0,0,0
3,US57->CS49,0,0,0
3,US57->CS57,0,0,0
3,US58->CS2,0,0,0
3,US58->CS10,0,0,0
3,US58->CS18,0,0,0
3,US58->CS26,0,0,0
3,US58->CS34,0,0,0
3,US58->CS42,0,0,0
3,US58->CS50,0,0,0
3,US58->CS58,0,0,0
3,US59->CS3,0,0,0
3,US59->CS11,0,0,0
3,US59->CS19,0,0,0
3,US59->CS27,0,0,0
3,US59->CS35,0,0,0
3,US59->CS43,0,0,0
3,US59->CS51,0,0,0
3,US59->CS59,0,0,0
3,US60->CS4,0,0,0
3,US60->CS12,0,0,0
3,US60->CS20,0,0,0
3,US60->CS28,0,0,0
3,US60->CS36,0,0,0
3,US60->CS44,0,0,0
3,US60->CS52,0,0,0
3,US60->CS60,0,0,0
3,US61->CS5,0,0,0
3,US61->CS13,0,0,0
3,US61->CS21,0,0,0
3,US61->CS29,0,0,0
3,US61->CS37,0,0,0
3,US61->CS45,0,0,0
3,US61->CS53,0,0,0
3,US61->CS61,0,0,0
3,US62->CS6,0,0,0
3,US62->CS14,0,0,0
3,US62->CS22,0,0,0
3,US62->CS30,0,0,0
3,US62->CS38,0,0,0
3,US62->CS46,0,0,0
3,US62->CS54,0,0,0
3,US62->CS62,0,0,0
3,US63->CS7,0,0,0
3,US63->CS15,0,0,0
3,US63->CS23,0,0,0
3,US63->CS31,0,0,0
3,US63->CS39,0,0,0
3,US63->CS47,0,0,0
3,US63->CS55,0,0,0
3,US63->CS63,0,0,0
3,US64->CS0,0,0,0
3,US64->CS8,0,0,0
3,US64->CS16,0,0,0
3,US64->CS24,0,0,0
3,US64->CS32,0,0,0
3,US64->CS40,0,0,0
3,US64->CS48,0,0,0
3,US64->CS56,0,0,0
3,US65->CS1,0,0,0
3,US65->CS9,0,0,0
3,US65->CS17,0,0,0
3,US65->CS25,0,0,0
3,US65->CS33,0,0,0
3,US65->CS41,0,0,0
3,US65->CS49,0,0,0
3,US65->CS57,0,0,0
3,US66->CS2,0,0,0
3,US66->CS10,0,0,0
3,US66->CS18,0,0,0
3,US66->CS26,0,0,0
3,US66->CS34,0,0,0
3,US66->CS42,0,0,0
3,US66->CS50,0,0,0
3,US66->CS58,0,0,0
3,US67->CS3,0,0,0
3,US67->CS11,0,0,0
3,US67->CS19,0,0,0
3,US67->CS27,0,0,0
3,US67->CS35,0,0,0
3,US67->CS43,0,0,0
3,US67->CS51,0,0,0
3,US67->CS59,0,0,0
3,US68->CS4,0,0,0
3,US68->CS12,0,0,0
3,US68->CS20,0,0,0
3,US68->CS28,0,0,0
3,US68->CS36,0,0,0
3,US68->CS44,0,0,0
3,US68->CS52,0,0,0
3,US68->CS60,0,0,0
3,US69->CS5,0,0,0
3,US69->CS13,0,0,0
3,US69->CS21,0,0,0
3,US69->CS29,0,0,0
3,US69->CS37,0,0,0
3,US69->CS45,0,0,0
3,US69->CS53,0,0,0
3,US69->CS61,0,0,0
3,US70->CS6,0,0,0
3,US70->CS14,0,0,0
3,US70->CS22,0,0,0
3,US70->CS30,0,0,0
3,US70->CS38,0,0,0
3,US70->CS46,0,0,0
3,US70->CS54,0,0,0
3,US70->CS62,0,0,0
3,US71->CS7,0,0,0
3,US71->CS15,0,0,0
3,US71->CS23,0,0,0
3,US71->CS31,0,0,0
3,US71->CS39,0,0,0
3,US71->CS47,0,0,0
3,US71->CS55,0,0,0
3,US71->CS63,0,0,0
3,US72->CS0,0,0,0
3,US72->CS8,0,0,0
3,US72->CS16,0,0,0
3,US72->CS24,0,0,0
3,US72->CS32,0,0,0
3,US72->CS40,0,0,0
3,US72->CS48,0,0,0
3,US72->CS56,0,0,0
3,US73->CS1,0,0,0
3,US73->CS9,0,0,0
3,US73->CS17,0,0,0
3,US73->CS25,0,0,0
3,US73->CS33,0,0,0
3,US73->CS41,0,0,0
3,US73->CS49,0,0,0
3,US73->CS57,0,0,0
3,US74->CS2,0,0,0
3,US74->CS10,0,0,0
3,US74->CS18,0,0,0
3,US74->CS26,0,0,0
3,US74->CS34,0,0,0
3,US74->CS42,0,0,0
3,US74->CS50,0,0,0
3,US74->CS58,0,0,0
3,US75->CS3,0,0,0
3,US75->CS11,0,0,0
3,US75->CS19,0,0,0
3,US75->CS27,0,0,0
3,US75->CS35,0,0,0
3,US75->CS43,0,0,0
3,US75->CS51,0,0,0
3,US75->CS59,0,0,0
3,US76->CS4,0,0,0
3,US76->CS12,0,0,0
3,US76->CS20,0,0,0
3,US76->CS28,0,0,0
3,US76->CS36,0,0,0
3,US76->CS44,0,0,0
3,US76->CS52,0,0,0
3,US76->CS60,0,0,0
3,US77->CS5,0,0,0
3,US77->CS13,0,0,0
3,US77->CS21,0,0,0
3,US77->CS29,0,0,0
3,US77->CS37,0,0,0
3,US77->CS45,0,0,0
3,US77->CS53,0,0,0
3,US77->CS61,0,0,0
3,US78->CS6,0,0,0
3,US78->CS14,0,0,0
3,US78->CS22,0,0,0
3,US78->CS30,0,0,0
3,US78->CS38,0,0,0
3,US78->CS46,0,0,0
3,US78->CS54,0,0,0
3,US78->CS62,0,0,0
3,US79->CS7,0,0,0
3,US79->CS15,0,0,0
3,US79->CS23,0,0,0
3,US79->CS31,0,0,0
3,US79->CS39,0,0,0
3,US79->CS47,0,0,0
3,US79->CS55,0,0,0
3,US79->CS63,0,0,0
3,US80->CS0,0,0,0
3,US80->CS8,0,0,0
3,US80->CS16,0,0,0
3,US80->CS24,0,0,0
3,US80->CS32,0,0,0
3,US80->CS40,0,0,0
3,US80->CS48,0,0,0
3,US80->CS56,0,0,0
3,US81->CS1,0,0,0
3,US81->CS9,0,0,0
3,US81->CS17,0,0,0
3,US81->CS25,0,0,0
3,US81->CS33,0,0,0
3,US81->CS41,0,0,0
3,US81->CS49,0,0,0
3,US81->CS57,0,0,0
3,US82->CS2,0,0,0
3,US82->CS10,0,0,0
3,US82->CS18,0,0,0
3,US82->CS26,0,0,0
3,US82->CS34,0,0,0
3,US82->CS42,0,0,0
3,US82->CS50,0,0,0
3,US82->CS58,0,0,0
3,US83->CS3,0,0,0
3,US83->CS11,0,0,0
3,US83->CS19,0,0,0
3,US83->CS27,0,0,0
3,US83->CS35,0,0,0
3,US83->CS43,0,0,0
3,US83->CS51,0,0,0
3,US83->CS59,0,0,0
3,US84->CS4,0,0,0
3,US84->CS12,0,0,0
3,US84->CS20,0,0,0
3,US84->CS28,0,0,0
3,US84->CS36,0,0,0
3,US84->CS44,0,0,0
3,US84->CS52,0,0,0
3,US84->CS60,0,0,0
3,US85->CS5,0,0,0
3,US85->CS13,0,0,0
3,US85->CS21,0,0,0
3,US85->CS29,0,0,0
3,US85->CS37,0,0,0
3,US85->CS45,0,0,0
3,US85->CS53,0,0,0
3,US85->CS61,0,0,0
3,US86->CS6,0,0,0
3,US86->CS14,0,0,0
3,US86->CS22,0,0,0
3,US86->CS30,0,0,0
3,US86->CS38,0,0,0
3,US86->CS46,0,0,0
3,US86->CS54,0,0,0
3,US86->CS62,0,0,0
3,US87->CS7,0,0,0
3,US87->CS15,0,0,0
3,US87->CS23,0,0,0
3,US87->CS31,0,0,0
3,US87->CS39,0,0,0
3,US87->CS47,0,0,0
3,US87->CS55,0,0,0
3,US87->CS63,0,0,0
3,US88->CS0,0,0,0
3,US88->CS8,0,0,0
3,US88->CS16,0,0,0
3,US88->CS24,0,0,0
3,US88->CS32,0,0,0
3,US88->CS40,0,0,0
3,US88->CS48,0,0,0
3,US88->CS56,0,0,0
3,US89->CS1,0,0,0
3,US89->CS9,0,0,0
3,US89->CS17,0,0,0
3,US89->CS25,0,0,0
3,US89->CS33,0,0,0
3,US89->CS41,0,0,0
3,US89->CS49,0,0,0
3,US89->CS57,0,0,0
3,US90->CS2,0,0,0
3,US90->CS10,0,0,0
3,US90->CS18,0,0,0
3,US90->CS26,0,0,0
3,US90->CS34,0,0,0
3,US90->CS42,0,0,0
3,US90->CS50,0,0,0
3,US90->CS58,0,0,0
3,US91->CS3,0,0,0
3,US91->CS11,0,0,0
3,US91->CS19,0,0,0
3,US91->CS27,0,0,0
3,US91->CS35,0,0,0
3,US91->CS43,0,0,0
3,US91->CS51,0,0,0
3,US91->CS59,0,0,0
3,US92->CS4,0,0,0
3,US92->CS12,0,0,0
3,US92->CS20,0,0,0
3,US92->CS28,0,0,0
3,US92->CS36,0,0,0
3,US92->CS44,0,0,0
3,US92->CS52,0,0,0
3,US92->CS60,0,0,0
3,US93->CS5,0,0,0
3,US93->CS13,0,0,0
3,US93->CS21,0,0,0
3,US93->CS29,0,0,0
3,US93->CS37,0,0,0
3,US93->CS45,0,0,0
3,US93->CS53,0,0,0
3,US93->CS61,0,0,0
3,US94->CS6,0,0,0
3,US94->CS14,0,0,0
3,US94->CS22,0,0,0
3,US94->CS30,0,0,0
3,US94->CS38,0,0,0
3,US94->CS46,0,0,0
3,US94->CS54,0,0,0
3,US94->CS62,0,0,0
3,US95->CS7,0,0,0
3,US95->CS15,0,0,0
3,US95->CS23,0,0,0
3,US95->CS31,0,0,0
3,US95->CS39,0,0,0
3,US95->CS47,0,0,0
3,US95->CS55,0,0,0
3,US95->CS63,0,0,0
3,US96->CS0,0,0,0
3,US96->CS8,0,0,0
3,US96->CS16,0,0,0
3,US96->CS24,0,0,0
3,US96->CS32,0,0,0
3,US96->CS40,0,0,0
3,US96->CS48,0,0,0
3,US96->CS56,0,0,0
3,US97->CS1,0,0,0
3,US97->CS9,0,0,0
3,US97->CS17,0,0,0
3,US97->CS25,0,0,0
3,US97->CS33,0,0,0
3,US97->CS41,0,0,0
3,US97->CS49,0,0,0
3,US97->CS57,0,0,0
3,US98->CS2,0,0,0
3,US98->CS10,0,0,0
3,US98->CS18,0,0,0
3,US98->CS26,0,0,0
3,US98->CS34,0,0,0
3,US98->CS42,0,0,0
3,US98->CS50,0,0,0
3,US98->CS58,0,0,0
3,US99->CS3,0,0,0
3,US99->CS11,0,0,0
3,US99->CS19,0,0,0
3,US99->CS27,0,0,0
3,US99->CS35,0,0,0
3,US99->CS43,0,0,0
3,US99->CS51,0,0,0
3,US99->CS59,0,0,0
3,US100->CS4,0,0,0
3,US100->CS12,0,0,0
3,US100->CS20,0,0,0
3,US100->CS28,0,0,0
3,US100->CS36,0,0,0
3,US100->CS44,0,0,0
3,US100->CS52,0,0,0
3,US100->CS60,0,0,0
3,US101->CS5,0,0,0
3,US101->CS13,0,0,0
3,US101->CS21,0,0,0
3,US101->CS29,0,0,0
3,US101->CS37,0,0,0
3,US101->CS45,0,0,0
3,US101->CS53,0,0,0
3,US101->CS61,0,0,0
3,US102->CS6,0,0,0
3,US102->CS14,0,0,0
3,US102->CS22,0,0,0
3,US102->CS30,0,0,0
3,US102->CS38,0,0,0
3,US102->CS46,0,0,0
3,US102->CS54,0,0,0
3,US102->CS62,0,0,0
3,US103->CS7,0,0,0
3,US103->CS15,0,0,0
3,US103->CS23,0,0,0
3,US103->CS31,0,0,0
3,US103->CS39,0,0,0
3,US103->CS47,0,0,0
3,US103->CS55,0,0,0
3,US103->CS63,0,0,0
3,US104->CS0,0,0,0
3,US104->CS8,0,0,0
3,US104->CS16,0,0,0
3,US104->CS24,0,0,0
3,US104->CS32,0,0,0
3,US104->CS40,0,0,0
3,US104->CS48,0,0,0
3,US104->CS56,0,0,0
3,US105->CS1,0,0,0
3,US105->CS9,0,0,0
3,US105->CS17,0,0,0
3,US105->CS25,0,0,0
3,US105->CS33,0,0,0
3,US105->CS41,0,0,0
3,US105->CS49,0,0,0
3,US105->CS57,0,0,0
3,US106->CS2,0,0,0
3,US106->CS10,0,0,0
3,US106->CS18,0,0,0
3,US106->CS26,0,0,0
3,US106->CS34,0,0,0
3,US106->CS42,0,0,0
3,US106->CS50,0,0,0
3,US106->CS58,0,0,0
3,US107->CS3,0,0,0
3,US107->CS11,0,0,0
3,US107->CS19,0,0,0
3,US107->CS27,0,0,0
3,US107->CS35,0,0,0
3,US107->CS43,0,0,0
3,US107->CS51,0,0,0
3,US107->CS59,0,0,0
3,US108->CS4,0,0,0
3,US108->CS12,0,0,0
3,US108->CS20,0,0,0
3,US108->CS28,0,0,0
3,US108->CS36,0,0,0
3,US108->CS44,0,0,0
3,US108->CS52,0,0,0
3,US108->CS60,0,0,0
3,US109->CS5,0,0,0
3,US109->CS13,0,0,0
3,US109->CS21,0,0,0
3,US109->CS29,0,0,0
3,US109->CS37,0,0,0
3,US109->CS45,0,0,0
3,US109->CS53,0,0,0
3,US109->CS61,0,0,0
3,US110->CS6,0,0,0
3,US110->CS14,0,0,0
3,US110->CS22,0,0,0
3,US110->CS30,0,0,0
3,US110->CS38,0,0,0
3,US110->CS46,0,0,0
3,US110->CS54,0,0,0
3,US110->CS62,0,0,0
3,US111->CS7,0,0,0
3,US111->CS15,0,0,0
3,US111->CS23,0,0,0
3,US111->CS31,0,0,0
3,US111->CS39,0,0,0
3,US111->CS47,0,0,0
3,US111->CS55,0,0,0
3,US111->CS63,0,0,0
3,US112->CS0,52000,52000,0
3,US112->CS8,52297,52297,0
3,US112->CS16,51915,51915,0
3,US112->CS24,52868,52868,0
3,US112->CS32,52182,52182,0
3,US112->CS40,52190,52190,0
3,US112->CS48,52205,52205,0
3,US112->CS56,52609,52609,0
3,US113->CS1,52194,52194,0
3,US113->CS9,52518,52518,0
3,US113->CS17,52274,52274,0
3,US113->CS25,52497,52497,0
3,US113->CS33,52425,52425,0
3,US113->CS41,52132,52132,0
3,US113->CS49,52145,52145,0
3,US113->CS57,52393,52393,0
3,US114->CS2,52517,52517,0
3,US114->CS10,52876,52876,0
3,US114->CS18,52655,52655,0
3,US114->CS26,52149,52149,0
3,US114->CS34,52518,52518,0
3,US114->CS42,52450,52450,0
3,US114->CS50,52844,52844,0
3,US114->CS58,52593,52593,0
3,US115->CS3,52779,52779,0
3,US115->CS11,52606,52606,0
3,US115->CS19,51945,51945,0
3,US115->CS27,52090,52090,0
3,US115->CS35,52219,52219,0
3,US115->CS43,52593,52593,0
3,US115->CS51,52681,52681,0
3,US115->CS59,52272,52272,0
3,US116->CS4,52577,52577,0
3,US116->CS12,52047,52047,0
3,US116->CS20,52415,52415,0
3,US116->CS28,52332,52332,0
3,US116->CS36,52627,52627,0
3,US116->CS44,52132,52132,0
3,US116->CS52,52131,52131,0
3,US116->CS60,52458,52458,0
3,US117->CS5,52222,52222,0
3,US117->CS13,52693,52693,0
3,US117->CS21,52313,52313,0
3,US117->CS29,52551,52551,0
3,US117->CS37,52272,52272,0
3,US117->CS45,52189,52189,0
3,US117->CS53,52570,52570,0
3,US117->CS61,52320,52320,0
3,US118->CS6,52264,52264,0
3,US118->CS14,52298,52298,0
3,US118->CS22,52279,52279,0
3,US118->CS30,52318,52318,0
3,US118->CS38,52302,52302,0
3,US118->CS46,52349,52349,0
3,US118->CS54,52610,52610,0
3,US118->CS62,52101,52101,0
3,US119->CS7,52626,52626,0
3,US119->CS15,52689,52689,0
3,US119->CS23,52320,52320,0
3,US119->CS31,52505,52505,0
3,US119->CS39,52417,52417,0
3,US119->CS47,52444,52444,0
3,US119->CS55,52289,52289,0
3,US119->CS63,52527,52527,0
3,US120->CS0,0,0,0
3,US120->CS8,0,0,0
3,US120->CS16,0,0,0
3,US120->CS24,0,0,0
3,US120->CS32,0,0,0
3,US120->CS40,0,0,0
3,US120->CS48,0,0,0
3,US120->CS56,0,0,0
3,US121->CS1,0,0,0
3,US121->CS9,0,0,0
3,US121->CS17,0,0,0
3,US121->CS25,0,0,0
3,US121->CS33,0,0,0
3,US121->CS41,0,0,0
3,US121->CS49,0,0,0
3,US121->CS57,0,0,0
3,US122->CS2,0,0,0
3,US122->CS10,0,0,0
3,US122->CS18,0,0,0
3,US122->CS26,0,0,0
3,US122->CS34,0,0,0
3,US122->CS42,0,0,0
3,US122->CS50,0,0,0
3,US122->CS58,0,0,0
3,US123->CS3,0,0,0
3,US123->CS11,0,0,0
3,US123->CS19,0,0,0
3,US123->CS27,0,0,0
3,US123->CS35,0,0,0
3,US123->CS43,0,0,0
3,US123->CS51,0,0,0
3,US123->CS59,0,0,0
3,US124->CS4,0,0,0
3,US124->CS12,0,0,0
3,US124->CS20,0,0,0
3,US124->CS28,0,0,0
3,US124->CS36,0,0,0
3,US124->CS44,0,0,0
3,US124->CS52,0,0,0
3,US124->CS60,0,0,0
3,US125->CS5,0,0,0
3,US125->CS13,0,0,0
3,US125->CS21,0,0,0
3,US125->CS29,0,0,0
3,US125->CS37,0,0,0
3,US125->CS45,0,0,0
3,US125->CS53,0,0,0
3,US125->CS61,0,0,0
3,US126->CS6,0,0,0
3,US126->CS14,0,0,0
3,US126->CS22,0,0,0
3,US126->CS30,0,0,0
3,US126->CS38,0,0,0
3,US126->CS46,0,0,0
3,US126->CS54,0,0,0
3,US126->CS62,0,0,0
3,US127->CS7,0,0,0
3,US127->CS15,0,0,0
3,US127->CS23,0,0,0
3,US127->CS31,0,0,0
3,US127->CS39,0,0,0
3,US127->CS47,0,0,0
3,US127->CS55,0,0,0
3,US127->CS63,0,0,0
3,CS0->US0,51487,51487,0
3,CS0->US8,0,0,0
3,CS0->US16,0,0,0
3,CS0->US24,0,0,0
3,CS0->US32,0,0,0
3,CS0->US40,52072,52072,0
3,CS0->US48,51511,51511,0
3,CS0->US56,0,0,0
3,CS0->US64,0,0,0
3,CS0->US72,0,0,0
3,CS0->US80,0,0,0
3,CS0->US88,0,0,0
3,CS0->US96,0,0,0
3,CS0->US104,0,0,0
3,CS0->US112,54148,54148,0
3,CS0->US120,0,0,0
3,CS1->US1,51795,51795,0
3,CS1->US9,0,0,0
3,CS1->US17,0,0,0
3,CS1->US25,0,0,0
3,CS1->US33,0,0,0
3,CS1->US41,52335,52335,0
3,CS1->US49,51500,51500,0
3,CS1->US57,0,0,0
3,CS1->US65,0,0,0
3,CS1->US73,0,0,0
3,CS1->US81,0,0,0
3,CS1->US89,0,0,0
3,CS1->US97,0,0,0
3,CS1->US105,0,0,0
3,CS1->US113,53676,53676,0
3,CS1->US121,0,0,0
3,CS2->US2,51208,51208,0
3,CS2->US10,0,0,0
3,CS2->US18,0,0,0
3,CS2->US26,0,0,0
3,CS2->US34,0,0,0
3,CS2->US42,52611,52611,0
3,CS2->US50,51202,51202,0
3,CS2->US58,0,0,0
3,CS2->US66,0,0,0
3,CS2->US74,0,0,0
3,CS2->US82,0,0,0
3,CS2->US90,0,0,0
3,CS2->US98,0,0,0
3,CS2->US106,0,0,0
3,CS2->US114,53707,53707,0
3,CS2->US122,0,0,0
3,CS3->US3,51737,51737,0
3,CS3->US11,0,0,0
3,CS3->US19,0,0,0
3,CS3->US27,0,0,0
3,CS3->US35,0,0,0
3,CS3->US43,52874,52874,0
3,CS3->US51,51657,51657,0
3,CS3->US59,0,0,0
3,CS3->US67,0,0,0
3,CS3->US75,0,0,0
3,CS3->US83,0,0,0
3,CS3->US91,0,0,0
3,CS3->US99,0,0,0
3,CS3->US107,0,0,0
3,CS3->US115,53808,53808,0
3,CS3->US123,0,0,0
3,CS4->US4,51290,51290,0
3,CS4->US12,0,0,0
3,CS4->US20,0,0,0
3,CS4->US28,0,0,0
3,CS4->US36,0,0,0
3,CS4->US44,52647,52647,0
3,CS4->US52,51525,51525,0
3,CS4->US60,0,0,0
3,CS4->US68,0,0,0
3,CS4->US76,0,0,0
3,CS4->US84,0,0,0
3,CS4->US92,0,0,0
3,CS4->US100,0,0,0
3,CS4->US108,0,0,0
3,CS4->US116,53871,53871,0
3,CS4->US124,0,0,0
3,CS5->US5,51789,51789,0
3,CS5->US13,0,0,0
3,CS5->US21,0,0,0
3,CS5->US29,0,0,0
3,CS5->US37,0,0,0
3,CS5->US45,52290,52290,0
3,CS5->US53,51231,51231,0
3,CS5->US61,0,0,0
3,CS5->US69,0,0,0
3,CS5->US77,0,0,0
3,CS5->US85,0,0,0
3,CS5->US93,0,0,0
3,CS5->US101,0,0,0
3,CS5->US109,0,0,0
3,CS5->US117,54482,54482,0
3,CS5->US125,0,0,0
3,CS6->US6,51411,51411,0
3,CS6->US14,0,0,0
3,CS6->US22,0,0,0
3,CS6->US30,0,0,0
3,CS6->US38,0,0,0
3,CS6->US46,52384,52384,0
3,CS6->US54,51167,51167,0
3,CS6->US62,0,0,0
3,CS6->US70,0,0,0
3,CS6->US78,0,0,0
3,CS6->US86,0,0,0
3,CS6->US94,0,0,0
3,CS6->US102,0,0,0
3,CS6->US110,0,0,0
3,CS6->US118,53782,53782,0
3,CS6->US126,0,0,0
3,CS7->US7,51371,51371,0
3,CS7->US15,0,0,0
3,CS7->US23,0,0,0
3,CS7->US31,0,0,0
3,CS7->US39,0,0,0
3,CS7->US47,52728,52728,0
3,CS7->US55,51500,51500,0
3,CS7->US63,0,0,0
3,CS7->US71,0,0,0
3,CS7->US79,0,0,0
3,CS7->US87,0,0,0
3,CS7->US95,0,0,0
3,CS7->US103,0,0,0
3,CS7->US111,0,0,0
3,CS7->US119,53977,53977,0
3,CS7->US127,0,0,0
3,CS8->US0,51597,51597,0
3,CS8->US8,0,0,0
3,CS8->US16,0,0,0
3,CS8->US24,0,0,0
3,CS8->US32,0,0,0
3,CS8->US40,52367,52367,0
3,CS8->US48,50998,50998,0
3,CS8->US56,0,0,0
3,CS8->US64,0,0,0
3,CS8->US72,0,0,0
3,CS8->US80,0,0,0
3,CS8->US88,0,0,0
3,CS8->US96,0,0,0
3,CS8->US104,0,0,0
3,CS8->US112,53956,53956,0
3,CS8->US120,0,0,0
3,CS9->US1,51678,51678,0
3,CS9->US9,0,0,0
3,CS9->US17,0,0,0
3,CS9->US25,0,0,0
3,CS9->US33,0,0,0
3,CS9->US41,52588,52588,0
3,CS9->US49,51019,51019,0
3,CS9->US57,0,0,0
3,CS9->US65,0,0,0
3,CS9->US73,0,0,0
3,CS9->US81,0,0,0
3,CS9->US89,0,0,0
3,CS9->US97,0,0,0
3,CS9->US105,0,0,0
3,CS9->US113,54155,54155,0
3,CS9->US121,0,0,0
3,CS10->US2,51354,51354,0
3,CS10->US10,0,0,0
3,CS10->US18,0,0,0
3,CS10->US26,0,0,0
3,CS10->US34,0,0,0
3,CS10->US42,52983,52983,0
3,CS10->US50,51387,51387,0
3,CS10->US58,0,0,0
3,CS10->US66,0,0,0
3,CS10->US74,0,0,0
3,CS10->US82,0,0,0
3,CS10->US90,0,0,0
3,CS10->US98,0,0,0
3,CS10->US106,0,0,0
3,CS10->US114,53959,53959,0
3,CS10->US122,0,0,0
3,CS11->US3,51032,51032,0
3,CS11->US11,0,0,0
3,CS11->US19,0,0,0
3,CS11->US27,0,0,0
3,CS11->US35,0,0,0
3,CS11->US43,52710,52710,0
3,CS11->US51,51700,51700,0
3,CS11->US59,0,0,0
3,CS11->US67,0,0,0
3,CS11->US75,0,0,0
3,CS11->US83,0,0,0
3,CS11->US91,0,0,0
3,CS11->US99,0,0,0
3,CS11->US107,0,0,0
3,CS11->US115,54041,54041,0
3,CS11->US123,0,0,0
3,CS12->US4,51300,51300,0
3,CS12->US12,0,0,0
3,CS12->US20,0,0,0
3,CS12->US28,0,0,0
3,CS12->US36,0,0,0
3,CS12->US44,52157,52157,0
3,CS12->US52,51492,51492,0
3,CS12->US60,0,0,0
3,CS12->US68,0,0,0
3,CS12->US76,0,0,0
3,CS12->US84,0,0,0
3,CS12->US92,0,0,0
3,CS12->US100,0,0,0
3,CS12->US108,0,0,0
3,CS12->US116,54239,54239,0
3,CS12->US124,0,0,0
3,CS13->US5,51264,51264,0
3,CS13->US13,0,0,0
3,CS13->US21,0,0,0
3,CS13->US29,0,0,0
3,CS13->US37,0,0,0
3,CS13->US45,52781,52781,0
3,CS13->US53,51575,51575,0
3,CS13->US61,0,0,0
3,CS13->US69,0,0,0
3,CS13->US77,0,0,0
3,CS13->US85,0,0,0
3,CS13->US93,0,0,0
3,CS13->US101,0,0,0
3,CS13->US109,0,0,0
3,CS13->US117,54169,54169,0
3,CS13->US125,0,0,0
3,CS14->US6,51951,51951,0
3,CS14->US14,0,0,0
3,CS14->US22,0,0,0
3,CS14->US30,0,0,0
3,CS14->US38,0,0,0
3,CS14->US46,52410,52410,0
3,CS14->US54,51563,51563,0
3,CS14->US62,0,0,0
3,CS14->US70,0,0,0
3,CS14->US78,0,0,0
3,CS14->US86,0,0,0
3,CS14->US94,0,0,0
3,CS14->US102,0,0,0
3,CS14->US110,0,0,0
3,CS14->US118,54336,54336,0
3,CS14->US126,0,0,0
3,CS15->US7,51568,51568,0
3,CS15->US15,0,0,0
3,CS15->US23,0,0,0
3,CS15->US31,0,0,0
3,CS15->US39,0,0,0
3,CS15->US47,52806,52806,0
3,CS15->US55,51396,51396,0
3,CS15->US63,0,0,0
3,CS15->US71,0,0,0
3,CS15->US79,0,0,0
3,CS15->US87,0,0,0
3,CS15->US95,0,0,0
3,CS15->US103,0,0,0
3,CS15->US111,0,0,0
3,CS15->US119,53878,53878,0
3,CS15->US127,0,0,0
3,CS16->US0,51325,51325,0
3,CS16->US8,0,0,0
3,CS16->US16,0,0,0
3,CS16->US24,0,0,0
3,CS16->US32,0,0,0
3,CS16->US40,51987,51987,0
3,CS16->US48,51081,51081,0
3,CS16->US56,0,0,0
3,CS16->US64,0,0,0
3,CS16->US72,0,0,0
3,CS16->US80,0,0,0
3,CS16->US88,0,0,0
3,CS16->US96,0,0,0
3,CS16->US104,0,0,0
3,CS16->US112,54208,54208,0
3,CS16->US120,0,0,0
3,CS17->US1,51282,51282,0
3,CS17->US9,0,0,0
3,CS17->US17,0,0,0
3,CS17->US25,0,0,0
3,CS17->US33,0,0,0
3,CS17->US41,52371,52371,0
3,CS17->US49,51528,51528,0
3,CS17->US57,0,0,0
3,CS17->US65,0,0,0
3,CS17->US73,0,0,0
3,CS17->US81,0,0,0
3,CS17->US89,0,0,0
3,CS17->US97,0,0,0
3,CS17->US105,0,0,0
3,CS17->US113,54366,54366,0
3,CS17->US121,0,0,0
3,CS18->US2,51280,51280,0
3,CS18->US10,0,0,0
3,CS18->US18,0,0,0
3,CS18->US26,0,0,0
3,CS18->US34,0,0,0
3,CS18->US42,52720,52720,0
3,CS18->US50,51334,51334,0
3,CS18->US58,0,0,0
3,CS18->US66,0,0,0
3,CS18->US74,0,0,0
3,CS18->US82,0,0,0
3,CS18->US90,0,0,0
3,CS18->US98,0,0,0
3,CS18->US106,0,0,0
3,CS18->US114,53760,53760,0
3,CS18->US122,0,0,0
3,CS19->US3,51573,51573,0
3,CS19->US11,0,0,0
3,CS19->US19,0,0,0
3,CS19->US27,0,0,0
3,CS19->US35,0,0,0
3,CS19->US43,52008,52008,0
3,CS19->US51,51369,51369,0
3,CS19->US59,0,0,0
3,CS19->US67,0,0,0
3,CS19->US75,0,0,0
3,CS19->US83,0,0,0
3,CS19->US91,0,0,0
3,CS19->US99,0,0,0
3,CS19->US107,0,0,0
3,CS19->US115,53611,53611,0
3,CS19->US123,0,0,0
3,CS20->US4,51234,51234,0
3,CS20->US12,0,0,0
3,CS20->US20,0,0,0
3,CS20->US28,0,0,0
3,CS20->US36,0,0,0
3,CS20->US44,52471,52471,0
3,CS20->US52,51339,51339,0
3,CS20->US60,0,0,0
3,CS20->US68,0,0,0
3,CS20->US76,0,0,0
3,CS20->US84,0,0,0
3,CS20->US92,0,0,0
3,CS20->US100,0,0,0
3,CS20->US108,0,0,0
3,CS20->US116,54094,54094,0
3,CS20->US124,0,0,0
3,CS21->US5,51286,51286,0
3,CS21->US13,0,0,0
3,CS21->US21,0,0,0
3,CS21->US29,0,0,0
3,CS21->US37,0,0,0
3,CS21->US45,52446,52446,0
3,CS21->US53,51387,51387,0
3,CS21->US61,0,0,0
3,CS21->US69,0,0,0
3,CS21->US77,0,0,0
3,CS21->US85,0,0,0
3,CS21->US93,0,0,0
3,CS21->US101,0,0,0
3,CS21->US109,0,0,0
3,CS21->US117,54053,54053,0
3,CS21->US125,0,0,0
3,CS22->US6,51300,51300,0
3,CS22->US14,0,0,0
3,CS22->US22,0,0,0
3,CS22->US30,0,0,0
3,CS22->US38,0,0,0
3,CS22->US46,52332,52332,0
3,CS22->US54,51383,51383,0
3,CS22->US62,0,0,0
3,CS22->US70,0,0,0
3,CS22->US78,0,0,0
3,CS22->US86,0,0,0
3,CS22->US94,0,0,0
3,CS22->US102,0,0,0
3,CS22->US110,0,0,0
3,CS22->US118,53778,53778,0
3,CS22->US126,0,0,0
3,CS23->US7,51293,51293,0
3,CS23->US15,0,0,0
3,CS23->US23,0,0,0
3,CS23->US31,0,0,0
3,CS23->US39,0,0,0
3,CS23->US47,52447,52447,0
3,CS23->US55,51197,51197,0
3,CS23->US63,0,0,0
3,CS23->US71,0,0,0
3,CS23->US79,0,0,0
3,CS23->US87,0,0,0
3,CS23->US95,0,0,0
3,CS23->US103,0,0,0
3,CS23->US111,0,0,0
3,CS23->US119,54397,54397,0
3,CS23->US127,0,0,0
3,CS24->US0,51305,51305,0
3,CS24->US8,0,0,0
3,CS24->US16,0,0,0
3,CS24->US24,0,0,0
3,CS24->US32,0,0,0
3,CS24->US40,52992,52992,0
3,CS24->US48,51325,51325,0
3,CS24->US56,0,0,0
3,CS24->US64,0,0,0
3,CS24->US72,0,0,0
3,CS24->US80,0,0,0
3,CS24->US88,0,0,0
3,CS24->US96,0,0,0
3,CS24->US104,0,0,0
3,CS24->US112,54316,54316,0
3,CS24->US120,0,0,0
3,CS25->US1,51023,51023,0
3,CS25->US9,0,0,0
3,CS25->US17,0,0,0
3,CS25->US25,0,0,0
3,CS25->US33,0,0,0
3,CS25->US41,52555,52555,0
3,CS25->US49,51378,51378,0
3,CS25->US57,0,0,0
3,CS25->US65,0,0,0
3,CS25->US73,0,0,0
3,CS25->US81,0,0,0
3,CS25->US89,0,0,0
3,CS25->US97,0,0,0
3,CS25->US105,0,0,0
3,CS25->US113,54317,54317,0
3,CS25->US121,0,0,0
3,CS26->US2,51321,51321,0
3,CS26->US10,0,0,0
3,CS26->US18,0,0,0
3,CS26->US26,0,0,0
3,CS26->US34,0,0,0
3,CS26->US42,52243,52243,0
3,CS26->US50,51100,51100,0
3,CS26->US58,0,0,0
3,CS26->US66,0,0,0
3,CS26->US74,0,0,0
3,CS26->US82,0,0,0
3,CS26->US90,0,0,0
3,CS26->US98,0,0,0
3,CS26->US106,0,0,0
3,CS26->US114,53937,53937,0
3,CS26->US122,0,0,0
3,CS27->US3,51569,51569,0
3,CS27->US11,0,0,0
3,CS27->US19,0,0,0
3,CS27->US27,0,0,0
3,CS27->US35,0,0,0
3,CS27->US43,52188,52188,0
3,CS27->US51,51493,51493,0
3,CS27->US59,0,0,0
3,CS27->US67,0,0,0
3,CS27->US75,0,0,0
3,CS27->US83,0,0,0
3,CS27->US91,0,0,0
3,CS27->US99,0,0,0
3,CS27->US107,0,0,0
3,CS27->US115,54087,54087,0
3,CS27->US123,0,0,0
3,CS28->US4,51249,51249,0
3,CS28->US12,0,0,0
3,CS28->US20,0,0,0
3,CS28->US28,0,0,0
3,CS28->US36,0,0,0
3,CS28->US44,52408,52408,0
3,CS28->US52,51036,51036,0
3,CS28->US60,0,0,0
3,CS28->US68,0,0,0
3,CS28->US76,0,0,0
3,CS28->US84,0,0,0
3,CS28->US92,0,0,0
3,CS28->US100,0,0,0
3,CS28->US108,0,0,0
3,CS28->US116,53770,53770,0
3,CS28->US124,0,0,0
3,CS29->US5,51369,51369,0
3,CS29->US13,0,0,0
3,CS29->US21,0,0,0
3,CS29->US29,0,0,0
3,CS29->US37,0,0,0
3,CS29->US45,52631,52631,0
3,CS29->US53,51186,51186,0
3,CS29->US61,0,0,0
3,CS29->US69,0,0,0
3,CS29->US77,0,0,0
3,CS29->US85,0,0,0
3,CS29->US93,0,0,0
3,CS29->US101,0,0,0
3,CS29->US109,0,0,0
3,CS29->US117,54334,54334,0
3,CS29->US125,0,0,0
3,CS30->US6,51473,51473,0
3,CS30->US14,0,0,0
3,CS30->US22,0,0,0
3,CS30->US30,0,0,0
3,CS30->US38,0,0,0
3,CS30->US46,52428,52428,0
3,CS30->US54,51471,51471,0
3,CS30->US62,0,0,0
3,CS30->US70,0,0,0
3,CS30->US78,0,0,0
3,CS30->US86,0,0,0
3,CS30->US94,0,0,0
3,CS30->US102,0,0,0
3,CS30->US110,0,0,0
3,CS30->US118,54381,54381,0
3,CS30->US126,0,0,0
3,CS31->US7,51497,51497,0
3,CS31->US15,0,0,0
3,CS31->US23,0,0,0
3,CS31->US31,0,0,0
3,CS31->US39,0,0,0
3,CS31->US47,52615,52615,0
3,CS31->US55,51313,51313,0
3,CS31->US63,0,0,0
3,CS31->US71,0,0,0
3,CS31->US79,0,0,0
3,CS31->US87,0,0,0
3,CS31->US95,0,0,0
3,CS31->US103,0,0,0
3,CS31->US111,0,0,0
3,CS31->US119,54494,54494,0
3,CS31->US127,0,0,0
3,CS32->US0,51128,51128,0
3,CS32->US8,0,0,0
3,CS32->US16,0,0,0
3,CS32->US24,0,0,0
3,CS32->US32,0,0,0
3,CS32->US40,52292,52292,0
3,CS32->US48,51305,51305,0
3,CS32->US56,0,0,0
3,CS32->US64,0,0,0
3,CS32->US72,0,0,0
3,CS32->US80,0,0,0
3,CS32->US88,0,0,0
3,CS32->US96,0,0,0
3,CS32->US104,0,0,0
3,CS32->US112,53990,53990,0
3,CS32->US120,0,0,0
3,CS33->US1,51484,51484,0
3,CS33->US9,0,0,0
3,CS33->US17,0,0,0
3,CS33->US25,0,0,0
3,CS33->US33,0,0,0
3,CS33->US41,52509,52509,0
3,CS33->US49,51484,51484,0
3,CS33->US57,0,0,0
3,CS33->US65,0,0,0
3,CS33->US73,0,0,0
3,CS33->US81,0,0,0
3,CS33->US89,0,0,0
3,CS33->US97,0,0,0
3,CS33->US105,0,0,0
3,CS33->US113,54213,54213,0
3,CS33->US121,0,0,0
3,CS34->US2,51382,51382,0
3,CS34->US10,0,0,0
3,CS34->US18,0,0,0
3,CS34->US26,0,0,0
3,CS34->US34,0,0,0
3,CS34->US42,52609,52609,0
3,CS34->US50,51202,51202,0
3,CS34->US58,0,0,0
3,CS34->US66,0,0,0
3,CS34->US74,0,0,0
3,CS34->US82,0,0,0
3,CS34->US90,0,0,0
3,CS34->US98,0,0,0
3,CS34->US106,0,0,0
3,CS34->US114,53861,53861,0
3,CS34->US122,0,0,0
3,CS35->US3,51633,51633,0
3,CS35->US11,0,0,0
3,CS35->US19,0,0,0
3,CS35->US27,0,0,0
3,CS35->US35,0,0,0
3,CS35->US43,52337,52337,0
3,CS35->US51,51131,51131,0
3,CS35->US59,0,0,0
3,CS35->US67,0,0,0
3,CS35->US75,0,0,0
3,CS35->US83,0,0,0
3,CS35->US91,0,0,0
3,CS35->US99,0,0,0
3,CS35->US107,0,0,0
3,CS35->US115,54197,54197,0
3,CS35->US123,0,0,0
3,CS36->US4,51576,51576,0
3,CS36->US12,0,0,0
3,CS36->US20,0,0,0
3,CS36->US28,0,0,0
3,CS36->US36,0,0,0
3,CS36->US44,52754,52754,0
3,CS36->US52,51282,51282,0
3,CS36->US60,0,0,0
3,CS36->US68,0,0,0
3,CS36->US76,0,0,0
3,CS36->US84,0,0,0
3,CS36->US92,0,0,0
3,CS36->US100,0,0,0
3,CS36->US108,0,0,0
3,CS36->US116,53948,53948,0
3,CS36->US124,0,0,0
3,CS37->US5,51167,51167,0
3,CS37->US13,0,0,0
3,CS37->US21,0,0,0
3,CS37->US29,0,0,0
3,CS37->US37,0,0,0
3,CS37->US45,52392,52392,0
3,CS37->US53,51519,51519,0
3,CS37->US61,0,0,0
3,CS37->US69,0,0,0
3,CS37->US77,0,0,0
3,CS37->US85,0,0,0
3,CS37->US93,0,0,0
3,CS37->US101,0,0,0
3,CS37->US109,0,0,0
3,CS37->US117,54087,54087,0
3,CS37->US125,0,0,0
3,CS38->US6,51347,51347,0
3,CS38->US14,0,0,0
3,CS38->US22,0,0,0
3,CS38->US30,0,0,0
3,CS38->US38,0,0,0
3,CS38->US46,52418,52418,0
3,CS38->US54,51065,51065,0
3,CS38->US62,0,0,0
3,CS38->US70,0,0,0
3,CS38->US78,0,0,0
3,CS38->US86,0,0,0
3,CS38->US94,0,0,0
3,CS38->US102,0,0,0
3,CS38->US110,0,0,0
3,CS38->US118,53623,53623,0
3,CS38->US126,0,0,0
3,CS39->US7,51310,51310,0
3,CS39->US15,0,0,0
3,CS39->US23,0,0,0
3,CS39->US31,0,0,0
3,CS39->US39,0,0,0
3,CS39->US47,52533,52533,0
3,CS39->US55,51340,51340,0
3,CS39->US63,0,0,0
3,CS39->US71,0,0,0
3,CS39->US79,0,0,0
3,CS39->US87,0,0,0
3,CS39->US95,0,0,0
3,CS39->US103,0,0,0
3,CS39->US111,0,0,0
3,CS39->US119,54288,54288,0
3,CS39->US127,0,0,0
3,CS40->US0,51650,51650,0
3,CS40->US8,0,0,0
3,CS40->US16,0,0,0
3,CS40->US24,0,0,0
3,CS40->US32,0,0,0
3,CS40->US40,52274,52274,0
3,CS40->US48,51479,51479,0
3,CS40->US56,0,0,0
3,CS40->US64,0,0,0
3,CS40->US72,0,0,0
3,CS40->US80,0,0,0
3,CS40->US88,0,0,0
3,CS40->US96,0,0,0
3,CS40->US104,0,0,0
3,CS40->US112,54233,54233,0
3,CS40->US120,0,0,0
3,CS41->US1,51541,51541,0
3,CS41->US9,0,0,0
3,CS41->US17,0,0,0
3,CS41->US25,0,0,0
3,CS41->US33,0,0,0
3,CS41->US41,52230,52230,0
3,CS41->US49,51598,51598,0
3,CS41->US57,0,0,0
3,CS41->US65,0,0,0
3,CS41->US73,0,0,0
3,CS41->US81,0,0,0
3,CS41->US89,0,0,0
3,CS41->US97,0,0,0
3,CS41->US105,0,0,0
3,CS41->US113,54059,54059,0
3,CS41->US121,0,0,0
3,CS42->US2,51311,51311,0
3,CS42->US10,0,0,0
3,CS42->US18,0,0,0
3,CS42->US26,0,0,0
3,CS42->US34,0,0,0
3,CS42->US42,52507,52507,0
3,CS42->US50,51377,51377,0
3,CS42->US58,0,0,0
3,CS42->US66,0,0,0
3,CS42->US74,0,0,0
3,CS42->US82,0,0,0
3,CS42->US90,0,0,0
3,CS42->US98,0,0,0
3,CS42->US106,0,0,0
3,CS42->US114,54277,54277,0
3,CS42->US122,0,0,0
3,CS43->US3,51509,51509,0
3,CS43->US11,0,0,0
3,CS43->US19,0,0,0
3,CS43->US27,0,0,0
3,CS43->US35,0,0,0
3,CS43->US43,52705,52705,0
3,CS43->US51,51828,51828,0
3,CS43->US59,0,0,0
3,CS43->US67,0,0,0
3,CS43->US75,0,0,0
3,CS43->US83,0,0,0
3,CS43->US91,0,0,0
3,CS43->US99,0,0,0
3,CS43->US107,0,0,0
3,CS43->US115,54152,54152,0
3,CS43->US123,0,0,0
3,CS44->US4,51897,51897,0
3,CS44->US12,0,0,0
3,CS44->US20,0,0,0
3,CS44->US28,0,0,0
3,CS44->US36,0,0,0
3,CS44->US44,52207,52207,0
3,CS44->US52,51299,51299,0
3,CS44->US60,0,0,0
3,CS44->US68,0,0,0
3,CS44->US76,0,0,0
3,CS44->US84,0,0,0
3,CS44->US92,0,0,0
3,CS44->US100,0,0,0
3,CS44->US108,0,0,0
3,CS44->US116,53772,53772,0
3,CS44->US124,0,0,0
3,CS45->US5,51480,51480,0
3,CS45->US13,0,0,0
3,CS45->US21,0,0,0
3,CS45->US29,0,0,0
3,CS45->US37,0,0,0
3,CS45->US45,52276,52276,0
3,CS45->US53,51278,51278,0
3,CS45->US61,0,0,0
3,CS45->US69,0,0,0
3,CS45->US77,0,0,0
3,CS45->US85,0,0,0
3,CS45->US93,0,0,0
3,CS45->US101,0,0,0
3,CS45->US109,0,0,0
3,CS45->US117,54087,54087,0
3,CS45->US125,0,0,0
3,CS46->US6,51691,51691,0
3,CS46->US14,0,0,0
3,CS46->US22,0,0,0
3,CS46->US30,0,0,0
3,CS46->US38,0,0,0
3,CS46->US46,52426,52426,0
3,CS46->US54,51611,51611,0
3,CS46->US62,0,0,0
3,CS46->US70,0,0,0
3,CS46->US78,0,0,0
3,CS46->US86,0,0,0
3,CS46->US94,0,0,0
3,CS46->US102,0,0,0
3,CS46->US110,0,0,0
3,CS46->US118,54086,54086,0
3,CS46->US126,0,0,0
3,CS47->US7,51449,51449,0
3,CS47->US15,0,0,0
3,CS47->US23,0,0,0
3,CS47->US31,0,0,0
3,CS47->US39,0,0,0
3,CS47->US47,52569,52569,0
3,CS47->US55,51601,51601,0
3,CS47->US63,0,0,0
3,CS47->US71,0,0,0
3,CS47->US79,0,0,0
3,CS47->US87,0,0,0
3,CS47->US95,0,0,0
3,CS47->US103,0,0,0
3,CS47->US111,0,0,0
3,CS47->US119,53996,53996,0
3,CS47->US127,0,0,0
3,CS48->US0,51069,51069,0
3,CS48->US8,0,0,0
3,CS48->US16,0,0,0
3,CS48->US24,0,0,0
3,CS48->US32,0,0,0
3,CS48->US40,52290,52290,0
3,CS48->US48,51585,51585,0
3,CS48->US56,0,0,0
3,CS48->US64,0,0,0
3,CS48->US72,0,0,0
3,CS48->US80,0,0,0
3,CS48->US88,0,0,0
3,CS48->US96,0,0,0
3,CS48->US104,0,0,0
3,CS48->US112,54355,54355,0
3,CS48->US120,0,0,0
3,CS49->US1,51483,51483,0
3,CS49->US9,0,0,0
3,CS49->US17,0,0,0
3,CS49->US25,0,0,0
3,CS49->US33,0,0,0
3,CS49->US41,52238,52238,0
3,CS49->US49,51309,51309,0
3,CS49->US57,0,0,0
3,CS49->US65,0,0,0
3,CS49->US73,0,0,0
3,CS49->US81,0,0,0
3,CS49->US89,0,0,0
3,CS49->US97,0,0,0
3,CS49->US105,0,0,0
3,CS49->US113,54141,54141,0
3,CS49->US121,0,0,0
3,CS50->US2,51384,51384,0
3,CS50->US10,0,0,0
3,CS50->US18,0,0,0
3,CS50->US26,0,0,0
3,CS50->US34,0,0,0
3,CS50->US42,52908,52908,0
3,CS50->US50,51584,51584,0
3,CS50->US58,0,0,0
3,CS50->US66,0,0,0
3,CS50->US74,0,0,0
3,CS50->US82,0,0,0
3,CS50->US90,0,0,0
3,CS50->US98,0,0,0
3,CS50->US106,0,0,0
3,CS50->US114,53546,53546,0
3,CS50->US122,0,0,0
3,CS51->US3,51154,51154,0
3,CS51->US11,0,0,0
3,CS51->US19,0,0,0
3,CS51->US27,0,0,0
3,CS51->US35,0,0,0
3,CS51->US43,52771,52771,0
3,CS51->US51,51804,51804,0
3,CS51->US59,0,0,0
3,CS51->US67,0,0,0
3,CS51->US75,0,0,0
3,CS51->US83,0,0,0
3,CS51->US91,0,0,0
3,CS51->US99,0,0,0
3,CS51->US107,0,0,0
3,CS51->US115,54113,54113,0
3,CS51->US123,0,0,0
3,CS52->US4,51540,51540,0
3,CS52->US12,0,0,0
3,CS52->US20,0,0,0
3,CS52->US28,0,0,0
3,CS52->US36,0,0,0
3,CS52->US44,52167,52167,0
3,CS52->US52,51710,51710,0
3,CS52->US60,0,0,0
3,CS52->US68,0,0,0
3,CS52->US76,0,0,0
3,CS52->US84,0,0,0
3,CS52->US92,0,0,0
3,CS52->US100,0,0,0
3,CS52->US108,0,0,0
3,CS52->US116,53999,53999,0
3,CS52->US124,0,0,0
3,CS53->US5,51069,51069,0
3,CS53->US13,0,0,0
3,CS53->US21,0,0,0
3,CS53->US29,0,0,0
3,CS53->US37,0,0,0
3,CS53->US45,52666,52666,0
3,CS53->US53,51202,51202,0
3,CS53->US61,0,0,0
3,CS53->US69,0,0,0
3,CS53->US77,0,0,0
3,CS53->US85,0,0,0
3,CS53->US93,0,0,0
3,CS53->US101,0,0,0
3,CS53->US109,0,0,0
3,CS53->US117,54051,54051,0
3,CS53->US125,0,0,0
3,CS54->US6,51363,51363,0
3,CS54->US14,0,0,0
3,CS54->US22,0,0,0
3,CS54->US30,0,0,0
3,CS54->US38,0,0,0
3,CS54->US46,52713,52713,0
3,CS54->US54,51798,51798,0
3,CS54->US62,0,0,0
3,CS54->US70,0,0,0
3,CS54->US78,0,0,0
3,CS54->US86,0,0,0
3,CS54->US94,0,0,0
3,CS54->US102,0,0,0
3,CS54->US110,0,0,0
3,CS54->US118,54104,54104,0
3,CS54->US126,0,0,0
3,CS55->US7,51400,51400,0
3,CS55->US15,0,0,0
3,CS55->US23,0,0,0
3,CS55->US31,0,0,0
3,CS55->US39,0,0,0
3,CS55->US47,52403,52403,0
3,CS55->US55,51315,51315,0
3,CS55->US63,0,0,0
3,CS55->US71,0,0,0
3,CS55->US79,0,0,0
3,CS55->US87,0,0,0
3,CS55->US95,0,0,0
3,CS55->US103,0,0,0
3,CS55->US111,0,0,0
3,CS55->US119,54054,54054,0
3,CS55->US127,0,0,0
3,CS56->US0,51095,51095,0
3,CS56->US8,0,0,0
3,CS56->US16,0,0,0
3,CS56->US24,0,0,0
3,CS56->US32,0,0,0
3,CS56->US40,52688,52688,0
3,CS56->US48,51326,51326,0
3,CS56->US56,0,0,0
3,CS56->US64,0,0,0
3,CS56->US72,0,0,0
3,CS56->US80,0,0,0
3,CS56->US88,0,0,0
3,CS56->US96,0,0,0
3,CS56->US104,0,0,0
3,CS56->US112,53486,53486,0
3,CS56->US120,0,0,0
3,CS57->US1,51479,51479,0
3,CS57->US9,0,0,0
3,CS57->US17,0,0,0
3,CS57->US25,0,0,0
3,CS57->US33,0,0,0
3,CS57->US41,52490,52490,0
3,CS57->US49,51139,51139,0
3,CS57->US57,0,0,0
3,CS57->US65,0,0,0
3,CS57->US73,0,0,0
3,CS57->US81,0,0,0
3,CS57->US89,0,0,0
3,CS57->US97,0,0,0
3,CS57->US105,0,0,0
3,CS57->US113,53814,53814,0
3,CS57->US121,0,0,0
3,CS58->US2,51522,51522,0
3,CS58->US10,0,0,0
3,CS58->US18,0,0,0
3,CS58->US26,0,0,0
3,CS58->US34,0,0,0
3,CS58->US42,52688,52688,0
3,CS58->US50,51467,51467,0
3,CS58->US58,0,0,0
3,CS58->US66,0,0,0
3,CS58->US74,0,0,0
3,CS58->US82,0,0,0
3,CS58->US90,0,0,0
3,CS58->US98,0,0,0
3,CS58->US106,0,0,0
3,CS58->US114,53814,53814,0
3,CS58->US122,0,0,0
3,CS59->US3,51630,51630,0
3,CS59->US11,0,0,0
3,CS59->US19,0,0,0
3,CS59->US27,0,0,0
3,CS59->US35,0,0,0
3,CS59->US43,52388,52388,0
3,CS59->US51,51211,51211,0
3,CS59->US59,0,0,0
3,CS59->US67,0,0,0
3,CS59->US75,0,0,0
3,CS59->US83,0,0,0
3,CS59->US91,0,0,0
3,CS59->US99,0,0,0
3,CS59->US107,0,0,0
3,CS59->US115,53857,53857,0
3,CS59->US123,0,0,0
3,CS60->US4,51268,51268,0
3,CS60->US12,0,0,0
3,CS60->US20,0,0,0
3,CS60->US28,0,0,0
3,CS60->US36,0,0,0
3,CS60->US44,52534,52534,0
3,CS60->US52,51752,51752,0
3,CS60->US60,0,0,0
3,CS60->US68,0,0,0
3,CS60->US76,0,0,0
3,CS60->US84,0,0,0
3,CS60->US92,0,0,0
3,CS60->US100,0,0,0
3,CS60->US108,0,0,0
3,CS60->US116,54228,54228,0
3,CS60->US124,0,0,0
3,CS61->US5,51182,51182,0
3,CS61->US13,0,0,0
3,CS61->US21,0,0,0
3,CS61->US29,0,0,0
3,CS61->US37,0,0,0
3,CS61->US45,52431,52431,0
3,CS61->US53,51890,51890,0
3,CS61->US61,0,0,0
3,CS61->US69,0,0,0
3,CS61->US77,0,0,0
3,CS61->US85,0,0,0
3,CS61->US93,0,0,0
3,CS61->US101,0,0,0
3,CS61->US109,0,0,0
3,CS61->US117,54096,54096,0
3,CS61->US125,0,0,0
3,CS62->US6,51166,51166,0
3,CS62->US14,0,0,0
3,CS62->US22,0,0,0
3,CS62->US30,0,0,0
3,CS62->US38,0,0,0
3,CS62->US46,52174,52174,0
3,CS62->US54,51286,51286,0
3,CS62->US62,0,0,0
3,CS62->US70,0,0,0
3,CS62->US78,0,0,0
3,CS62->US86,0,0,0
3,CS62->US94,0,0,0
3,CS62->US102,0,0,0
3,CS62->US110,0,0,0
3,CS62->US118,53843,53843,0
3,CS62->US126,0,0,0
3,CS63->US7,50987,50987,0
3,CS63->US15,0,0,0
3,CS63->US23,0,0,0
3,CS63->US31,0,0,0
3,CS63->US39,0,0,0
3,CS63->US47,52647,52647,0
3,CS63->US55,51766,51766,0
3,CS63->US63,0,0,0
3,CS63->US71,0,0,0
3,CS63->US79,0,0,0
3,CS63->US87,0,0,0
3,CS63->US95,0,0,0
3,CS63->US103,0,0,0
3,CS63->US111,0,0,0
3,CS63->US119,53964,53964,0
3,CS63->US127,0,0,0
4,US0->CS0,51732,51732,0
4,US0->CS8,51206,51206,0
4,US0->CS16,51335,51335,0
4,US0->CS24,51529,51529,0
4,US0->CS32,51559,51559,0
4,US0->CS40,51694,51694,0
4,US0->CS48,51808,51808,0
4,US0->CS56,51571,51571,0
4,US1->CS1,51721,51721,0
4,US1->CS9,51244,51244,0
4,US1->CS17,51766,51766,0
4,US1->CS25,51596,51596,0
4,US1->CS33,51735,51735,0
4,US1->CS41,51822,51822,0
4,US1->CS49,51497,51497,0
4,US1->CS57,51391,51391,0
4,US2->CS2,51431,51431,0
4,US2->CS10,51582,51582,0
4,US2->CS18,51521,51521,0
4,US2->CS26,51347,51347,0
4,US2->CS34,51403,51403,0
4,US2->CS42,51625,51625,0
4,US2->CS50,51805,51805,0
4,US2->CS58,51681,51681,0
4,US3->CS3,51859,51859,0
4,US3->CS11,51962,51962,0
4,US3->CS19,51542,51542,0
4,US3->CS27,51729,51729,0
4,US3->CS35,51389,51389,0
4,US3->CS43,52035,52035,0
4,US3->CS51,52033,52033,0
4,US3->CS59,51404,51404,0
4,US4->CS4,51764,51764,0
4,US4->CS12,51729,51729,0
4,US4->CS20,51576,51576,0
4,US4->CS28,51280,51280,0
4,US4->CS36,51529,51529,0
4,US4->CS44,51511,51511,0
4,US4->CS52,51934,51934,0
4,US4->CS60,51986,51986,0
4,US5->CS5,51445,51445,0
4,US5->CS13,51786,51786,0
4,US5->CS21,51621,51621,0
4,US5->CS29,51375,51375,0
4,US5->CS37,51771,51771,0
4,US5->CS45,51504,51504,0
4,US5->CS53,51436,51436,0
4,US5->CS61,52102,52102,0
4,US6->CS6,51460,51460,0
4,US6->CS14,51768,51768,0
4,US6->CS22,51575,51575,0
4,US6->CS30,51718,51718,0
4,US6->CS38,51301,51301,0
4,US6->CS46,51898,51898,0
4,US6->CS54,52009,52009,0
4,US6->CS62,51515,51515,0
4,US7->CS7,51748,51748,0
4,US7->CS15,51636,51636,0
4,US7->CS23,51377,51377,0
4,US7->CS31,51553,51553,0
4,US7->CS39,51551,51551,0
4,US7->CS47,51810,51810,0
4,US7->CS55,51553,51553,0
4,US7->CS63,51987,51987,0
4,US8->CS0,0,0,0
4,US8->CS8,0,0,0
4,US8->CS16,0,0,0
4,US8->CS24,0,0,0
4,US8->CS32,0,0,0
4,US8->CS40,0,0,0
4,US8->CS48,0,0,0
4,US8->CS56,0,0,0
4,US9->CS1,0,0,0
4,US9->CS9,0,0,0
4,US9->CS17,0,0,0
4,US9->CS25,0,0,0
4,US9->CS33,0,0,0
4,US9->CS41,0,0,0
4,US9->CS49,0,0,0
4,US9->CS57,0,0,0
4,US10->CS2,0,0,0
4,US10->CS10,0,0,0
4,US10->CS18,0,0,0
4,US10->CS26,0,0,0
4,US10->CS34,0,0,0
4,US10->CS42,0,0,0
4,US10->CS50,0,0,0
4,US10->CS58,0,0,0
4,US11->CS3,0,0,0
4,US11->CS11,0,0,0
4,US11->CS19,0,0,0
4,US11->CS27,0,0,0
4,US11->CS35,0,0,0
4,US11->CS43,0,0,0
4,US11->CS51,0,0,0
4,US11->CS59,0,0,0
4,US12->CS4,0,0,0
4,US12->CS12,0,0,0
4,US12->CS20,0,0,0
4,US12->CS28,0,0,0
4,US12->CS36,0,0,0
4,US12->CS44,0,0,0
4,US12->CS52,0,0,0
4,US12->CS60,0,0,0
4,US13->CS5,0,0,0
4,US13->CS13,0,0,0
4,US13->CS21,0,0,0
4,US13->CS29,0,0,0
4,US13->CS37,0,0,0
4,US13->CS45,0,0,0
4,US13->CS53,0,0,0
4,US13->CS61,0,0,0
4,US14->CS6,0,0,0
4,US14->CS14,0,0,0
4,US14->CS22,0,0,0
4,US14->CS30,0,0,0
4,US14->CS38,0,0,0
4,US14->CS46,0,0,0
4,US14->CS54,0,0,0
4,US14->CS62,0,0,0
4,US15->CS7,0,0,0
4,US15->CS15,0,0,0
4,US15->CS23,0,0,0
4,US15->CS31,0,0,0
4,US15->CS39,0,0,0
4,US15->CS47,0,0,0
4,US15->CS55,0,0,0
4,US15->CS63,0,0,0
4,US16->CS0,0,0,0
4,US16->CS8,0,0,0
4,US16->CS16,0,0,0
4,US16->CS24,0,0,0
4,US16->CS32,0,0,0
4,US16->CS40,0,0,0
4,US16->CS48,0,0,0
4,US16->CS56,0,0,0
4,US17->CS1,0,0,0
4,US17->CS9,0,0,0
4,US17->CS17,0,0,0
4,US17->CS25,0,0,0
4,US17->CS33,0,0,0
4,US17->CS41,0,0,0
4,US17->CS49,0,0,0
4,US17->CS57,0,0,0
4,US18->CS2,0,0,0
4,US18->CS10,0,0,0
4,US18->CS18,0,0,0
4,US18->CS26,0,0,0
4,US18->CS34,0,0,0
4,US18->CS42,0,0,0
4,US18->CS50,0,0,0
4,US18->CS58,0,0,0
4,US19->CS3,0,0,0
4,US19->CS11,0,0,0
4,US19->CS19,0,0,0
4,US19->CS27,0,0,0
4,US19->CS35,0,0,0
4,US19->CS43,0,0,0
4,US19->CS51,0,0,0
4,US19->CS59,0,0,0
4,US20->CS4,0,0,0
4,US20->CS12,0,0,0
4,US20->CS20,0,0,0
4,US20->CS28,0,0,0
4,US20->CS36,0,0,0
4,US20->CS44,0,0,0
4,US20->CS52,0,0,0
4,US20->CS60,0,0,0
4,US21->CS5,0,0,0
4,US21->CS13,0,0,0
4,US21->CS21,0,0,0
4,US21->CS29,0,0,0
4,US21->CS37,0,0,0
4,US21->CS45,0,0,0
4,US21->CS53,0,0,0
4,US21->CS61,0,0,0
4,US22->CS6,0,0,0
4,US22->CS14,0,0,0
4,US22->CS22,0,0,0
4,US22->CS30,0,0,0
4,US22->CS38,0,0,0
4,US22->CS46,0,0,0
4,US22->CS54,0,0,0
4,US22->CS62,0,0,0
4,US23->CS7,0,0,0
4,US23->CS15,0,0,0
4,US23->CS23,0,0,0
4,US23->CS31,0,0,0
4,US23->CS39,0,0,0
4,US23->CS47,0,0,0
4,US23->CS55,0,0,0
4,US23->CS63,0,0,0
4,US24->CS0,0,0,0
4,US24->CS8,0,0,0
4,US24->CS16,0,0,0
4,US24->CS24,0,0,0
4,US24->CS32,0,0,0
4,US24->CS40,0,0,0
4,US24->CS48,0,0,0
4,US24->CS56,0,0,0
4,US25->CS1,0,0,0
4,US25->CS9,0,0,0
4,US25->CS17,0,0,0
4,US25->CS25,0,0,0
4,US25->CS33,0,0,0
4,US25->CS41,0,0,0
4,US25->CS49,0,0,0
4,US25->CS57,0,0,0
4,US26->CS2,0,0,0
4,US26->CS10,0,0,0
4,US26->CS18,0,0,0
4,US26->CS26,0,0,0
4,US26->CS34,0,0,0
4,US26->CS42,0,0,0
4,US26->CS50,0,0,0
4,US26->CS58,0,0,0
4,US27->CS3,0,0,0
4,US27->CS11,0,0,0
4,US27->CS19,0,0,0
4,US27->CS27,0,0,0
4,US27->CS35,0,0,0
4,US27->CS43,0,0,0
4,US27->CS51,0,0,0
4,US27->CS59,0,0,0
4,US28->CS4,0,0,0
4,US28->CS12,0,0,0
4,US28->CS20,0,0,0
4,US28->CS28,0,0,0
4,US28->CS36,0,0,0
4,US28->CS44,0,0,0
4,US28->CS52,0,0,0
4,US28->CS60,0,0,0
4,US29->CS5,0,0,0
4,US29->CS13,0,0,0
4,US29->CS21,0,0,0
4,US29->CS29,0,0,0
4,US29->CS37,0,0,0
4,US29->CS45,0,0,0
4,US29->CS53,0,0,0
4,US29->CS61,0,0,0
4,US30->CS6,0,0,0
4,US30->CS14,0,0,0
4,US30->CS22,0,0,0
4,US30->CS30,0,0,0
4,US30->CS38,0,0,0
4,US30->CS46,0,0,0
4,US30->CS54,0,0,0
4,US30->CS62,0,0,0
4,US31->CS7,0,0,0
4,US31->CS15,0,0,0
4,US31->CS23,0,0,0
4,US31->CS31,0,0,0
4,US31->CS39,0,0,0
4,US31->CS47,0,0,0
4,US31->CS55,0,0,0
4,US31->CS63,0,0,0
4,US32->CS0,0,0,0
4,US32->CS8,0,0,0
4,US32->CS16,0,0,0
4,US32->CS24,0,0,0
4,US32->CS32,0,0,0
4,US32->CS40,0,0,0
4,US32->CS48,0,0,0
4,US32->CS56,0,0,0
4,US33->CS1,0,0,0
4,US33->CS9,0,0,0
4,US33->CS17,0,0,0
4,US33->CS25,0,0,0
4,US33->CS33,0,0,0
4,US33->CS41,0,0,0
4,US33->CS49,0,0,0
4,US33->CS57,0,0,0
4,US34->CS2,0,0,0
4,US34->CS10,0,0,0
4,US34->CS18,0,0,0
4,US34->CS26,0,0,0
4,US34->CS34,0,0,0
4,US34->CS42,0,0,0
4,US34->CS50,0,0,0
4,US34->CS58,0,0,0
4,US35->CS3,0,0,0
4,US35->CS11,0,0,0
4,US35->CS19,0,0,0
4,US35->CS27,0,0,0
4,US35->CS35,0,0,0
4,US35->CS43,0,0,0
4,US35->CS51,0,0,0
4,US35->CS59,0,0,0
4,US36->CS4,0,0,0
4,US36->CS12,0,0,0
4,US36->CS20,0,0,0
4,US36->CS28,0,0,0
4,US36->CS36,0,0,0
4,US36->CS44,0,0,0
4,US36->CS52,0,0,0
4,US36->CS60,0,0,0
4,US37->CS5,0,0,0
4,US37->CS13,0,0,0
4,US37->CS21,0,0,0
4,US37->CS29,0,0,0
4,US37->CS37,0,0,0
4,US37->CS45,0,0,0
4,US37->CS53,0,0,0
4,US37->CS61,0,0,0
4,US38->CS6,0,0,0
4,US38->CS14,0,0,0
4,US38->CS22,0,0,0
4,US38->CS30,0,0,0
4,US38->CS38,0,0,0
4,US38->CS46,0,0,0
4,US38->CS54,0,0,0
4,US38->CS62,0,0,0
4,US39->CS7,0,0,0
4,US39->CS15,0,0,0
4,US39->CS23,0,0,0
4,US39->CS31,0,0,0
4,US39->CS39,0,0,0
4,US39->CS47,0,0,0
4,US39->CS55,0,0,0
4,US39->CS63,0,0,0
4,US40->CS0,54339,54339,0
4,US40->CS8,54167,54167,0
4,US40->CS16,54390,54390,0
4,US40->CS24,54557,54557,0
4,US40->CS32,54163,54163,0
4,US40->CS40,54498,54498,0
4,US40->CS48,54549,54549,0
4,US40->CS56,53657,53657,0
4,US41->CS1,53940,53940,0
4,US41->CS9,54339,54339,0
4,US41->CS17,54564,54564,0
4,US41->CS25,54509,54509,0
4,US41->CS33,54365,54365,0
4,US41->CS41,54299,54299,0
4,US41->CS49,54417,54417,0
4,US41->CS57,54003,54003,0
4,US42->CS2,53925,53925,0
4,US42->CS10,54193,54193,0
4,US42->CS18,53986,53986,0
4,US42->CS26,54097,54097,0
4,US42->CS34,54072,54072,0
4,US42->CS42,54458,54458,0
4,US42->CS50,53751,53751,0
4,US42->CS58,54012,54012,0
4,US43->CS3,54014,54014,0
4,US43->CS11,54232,54232,0
4,US43->CS19,53846,53846,0
4,US43->CS27,54337,54337,0
4,US43->CS35,54393,54393,0
4,US43->CS43,54368,54368,0
4,US43->CS51,54308,54308,0
4,US43->CS59,54117,54117,0
4,US44->CS4,54060,54060,0
4,US44->CS12,54457,54457,0
4,US44->CS20,54286,54286,0
4,US44->CS28,53969,53969,0
4,US44->CS36,54162,54162,0
4,US44->CS44,54006,54006,0
4,US44->CS52,54235,54235,0
4,US44->CS60,54476,54476,0
4,US45->CS5,54695,54695,0
4,US45->CS13,54387,54387,0
4,US45->CS21,54264,54264,0
4,US45->CS29,54553,54553,0
4,US45->CS37,54290,54290,0
4,US45->CS45,54301,54301,0
4,US45->CS53,54271,54271,0
4,US45->CS61,54327,54327,0
4,US46->CS6,53958,53958,0
4,US46->CS14,54562,54562,0
4,US46->CS22,54031,54031,0
4,US46->CS30,54571,54571,0
4,US46->CS38,53814,53814,0
4,US46->CS46,54238,54238,0
4,US46->CS54,54304,54304,0
4,US46->CS62,53993,53993,0
4,US47->CS7,54175,54175,0
4,US47->CS15,54063,54063,0
4,US47->CS23,54648,54648,0
4,US47->CS31,54710,54710,0
4,US47->CS39,54496,54496,0
4,US47->CS47,54228,54228,0
4,US47->CS55,54253,54253,0
4,US47->CS63,54194,54194,0
4,US48->CS0,51684,51684,0
4,US48->CS8,51800,51800,0
4,US48->CS16,51520,51520,0
4,US48->CS24,51557,51557,0
4,US48->CS32,51377,51377,0
4,US48->CS40,51850,51850,0
4,US48->CS48,51273,51273,0
4,US48->CS56,51333,51333,0
4,US49->CS1,52064,52064,0
4,US49->CS9,51884,51884,0
4,US49->CS17,51512,51512,0
4,US49->CS25,51201,51201,0
4,US49->CS33,51701,51701,0
4,US49->CS41,51761,51761,0
4,US49->CS49,51713,51713,0
4,US49->CS57,51724,51724,0
4,US50->CS2,51430,51430,0
4,US50->CS10,51597,51597,0
4,US50->CS18,51478,51478,0
4,US50->CS26,51539,51539,0
4,US50->CS34,51592,51592,0
4,US50->CS42,51507,51507,0
4,US50->CS50,51593,51593,0
4,US50->CS58,51712,51712,0
4,US51->CS3,51993,51993,0
4,US51->CS11,51261,51261,0
4,US51->CS19,51759,51759,0
4,US51->CS27,51797,51797,0
4,US51->CS35,51884,51884,0
4,US51->CS43,51755,51755,0
4,US51->CS51,51394,51394,0
4,US51->CS59,51869,51869,0
4,US52->CS4,51494,51494,0
4,US52->CS12,51567,51567,0
4,US52->CS20,51404,51404,0
4,US52->CS28,51468,51468,0
4,US52->CS36,51846,51846,0
4,US52->CS44,52106,52106,0
4,US52->CS52,51700,51700,0
4,US52->CS60,51469,51469,0
4,US53->CS5,51983,51983,0
4,US53->CS13,51499,51499,0
4,US53->CS21,51560,51560,0
4,US53->CS29,51589,51589,0
4,US53->CS37,51410,51410,0
4,US53->CS45,51697,51697,0
4,US53->CS53,51267,51267,0
4,US53->CS61,51427,51427,0
4,US54->CS6,51664,51664,0
4,US54->CS14,52196,52196,0
4,US54->CS22,51492,51492,0
4,US54->CS30,51732,51732,0
4,US54->CS38,51610,51610,0
4,US54->CS46,51899,51899,0
4,US54->CS54,51594,51594,0
4,US54->CS62,51348,51348,0
4,US55->CS7,51598,51598,0
4,US55->CS15,51838,51838,0
4,US55->CS23,51568,51568,0
4,US55->CS31,51732,51732,0
4,US55->CS39,51571,51571,0
4,US55->CS47,51692,51692,0
4,US55->CS55,51638,51638,0
4,US55->CS63,51234,51234,0
4,US56->CS0,0,0,0
4,US56->CS8,0,0,0
4,US56->CS16,0,0,0
4,US56->CS24,0,0,0
4,US56->CS32,0,0,0
4,US56->CS40,0,0,0
4,US56->CS48,0,0,0
4,US56->CS56,0,0,0
4,US57->CS1,0,0,0
4,US57->CS9,0,0,0
4,US57->CS17,0,0,0
4,US57->CS25,0,0,0
4,US57->CS33,0,0,0
4,US57->CS41,0,0,0
4,US57->CS49,0,0,0
4,US57->CS57,0,0,0
4,US58->CS2,0,0,0
4,US58->CS10,0,0,0
4,US58->CS18,0,0,0
4,US58->CS26,0,0,0
4,US58->CS34,0,0,0
4,US58->CS42,0,0,0
4,US58->CS50,0,0,0
4,US58->CS58,0,0,0
4,US59->CS3,0,0,0
4,US59->CS11,0,0,0
4,US59->CS19,0,0,0
4,US59->CS27,0,0,0
4,US59->CS35,0,0,0
4,US59->CS43,0,0,0
4,US59->CS51,0,0,0
4,US59->CS59,0,0,0
4,US60->CS4,0,0,0
4,US60->CS12,0,0,0
4,US60->CS20,0,0,0
4,US60->CS28,0,0,0
4,US60->CS36,0,0,0
4,US60->CS44,0,0,0
4,US60->CS52,0,0,0
4,US60->CS60,0,0,0
4,US61->CS5,0,0,0
4,US61->CS13,0,0,0
4,US61->CS21,0,0,0
4,US61->CS29,0,0,0
4,US61->CS37,0,0,0
4,US61->CS45,0,0,0
4,US61->CS53,0,0,0
4,US61->CS61,0,0,0
4,US62->CS6,0,0,0
4,US62->CS14,0,0,0
4,US62->CS22,0,0,0
4,US62->CS30,0,0,0
4,US62->CS38,0,0,0
4,US62->CS46,0,0,0
4,US62->CS54,0,0,0
4,US62->CS62,0,0,0
4,US63->CS7,0,0,0
4,US63->CS15,0,0,0
4,US63->CS23,0,0,0
4,US63->CS31,0,0,0
4,US63->CS39,0,0,0
4,US63->CS47,0,0,0
4,US63->CS55,0,0,0
4,US63->CS63,0,0,0
4,US64->CS0,0,0,0
4,US64->CS8,0,0,0
4,US64->CS16,0,0,0
4,US64->CS24,0,0,0
4,US64->CS32,0,0,0
4,US64->CS40,0,0,0
4,US64->CS48,0,0,0
4,US64->CS56,0,0,0
4,US65->CS1,0,0,0
4,US65->CS9,0,0,0
4,US65->CS17,0,0,0
4,US65->CS25,0,0,0
4,US65->CS33,0,0,0
4,US65->CS41,0,0,0
4,US65->CS49,0,0,0
4,US65->CS57,0,0,0
4,US66->CS2,0,0,0
4,US66->CS10,0,0,0
4,US66->CS18,0,0,0
4,US66->CS26,0,0,0
4,US66->CS34,0,0,0
4,US66->CS42,0,0,0
4,US66->CS50,0,0,0
4,US66->CS58,0,0,0
4,US67->CS3,0,0,0
4,US67->CS11,0,0,0
4,US67->CS19,0,0,0
4,US67->CS27,0,0,0
4,US67->CS35,0,0,0
4,US67->CS43,0,0,0
4,US67->CS51,0,0,0
4,US67->CS59,0,0,0
4,US68->CS4,0,0,0
4,US68->CS12,0,0,0
4,US68->CS20,0,0,0
4,US68->CS28,0,0,0
4,US68->CS36,0,0,0
4,US68->CS44,0,0,0
4,US68->CS52,0,0,0
4,US68->CS60,0,0,0
4,US69->CS5,0,0,0
4,US69->CS13,0,0,0
4,US69->CS21,0,0,0
4,US69->CS29,0,0,0
4,US69->CS37,0,0,0
4,US69->CS45,0,0,0
4,US69->CS53,0,0,0
4,US69->CS61,0,0,0
4,US70->CS6,0,0,0
4,US70->CS14,0,0,0
4,US70->CS22,0,0,0
4,US70->CS30,0,0,0
4,US70->CS38,0,0,0
4,US70->CS46,0,0,0
4,US70->CS54,0,0,0
4,US70->CS62,0,0,0
4,US71->CS7,0,0,0
4,US71->CS15,0,0,0
4,US71->CS23,0,0,0
4,US71->CS31,0,0,0
4,US71->CS39,0,0,0
4,US71->CS47,0,0,0
4,US71->CS55,0,0,0
4,US71->CS63,0,0,0
4,US72->CS0,42590,42590,0
4,US72->CS8,42591,42591,0
4,US72->CS16,42561,42560,0
4,US72->CS24,42156,42155,0
4,US72->CS32,42036,42035,0
4,US72->CS40,42521,42519,0
4,US72->CS48,42171,42170,0
4,US72->CS56,42073,42073,0
4,US73->CS1,41800,41799,0
4,US73->CS9,42145,42145,0
4,US73->CS17,42206,42206,0
4,US73->CS25,42722,42722,0
4,US73->CS33,42350,42350,0
4,US73->CS41,42403,42402,0
4,US73->CS49,42205,42204,0
4,US73->CS57,42510,42510,0
4,US74->CS2,42268,42268,0
4,US74->CS10,42156,42156,0
4,US74->CS18,42378,42377,0
4,US74->CS26,42508,42507,0
4,US74->CS34,42313,42312,0
4,US74->CS42,42374,42372,0
4,US74->CS50,42281,42281,0
4,US74->CS58,42431,42430,0
4,US75->CS3,42446,42445,0
4,US75->CS11,42447,42446,0
4,US75->CS19,42316,42315,0
4,US75->CS27,42251,42251,0
4,US75->CS35,42265,42265,0
4,US75->CS43,42385,42382,0
4,US75->CS51,42468,42467,0
4,US75->CS59,42280,42279,0
4,US76->CS4,42248,42248,0
4,US76->CS12,42303,42303,0
4,US76->CS20,42292,42291,0
4,US76->CS28,42429,42429,0
4,US76->CS36,42335,42334,0
4,US76->CS44,42222,42222,0
4,US76->CS52,42251,42251,0
4,US76->CS60,42086,42086,0
4,US77->CS5,42049,42049,0
4,US77->CS13,42765,42764,0
4,US77->CS21,42498,42498,0
4,US77->CS29,42367,42367,0
4,US77->CS37,42106,42106,0
4,US77->CS45,42151,42151,0
4,US77->CS53,42087,42087,0
4,US77->CS61,42638,42638,0
4,US78->CS6,42158,42158,0
4,US78->CS14,42377,42377,0
4,US78->CS22,42295,42293,0
4,US78->CS30,42234,42234,0
4,US78->CS38,41760,41760,0
4,US78->CS46,42101,42101,0
4,US78->CS54,42104,42104,0
4,US78->CS62,42348,42348,0
4,US79->CS7,42173,42173,0
4,US79->CS15,42375,42374,0
4,US79->CS23,42541,42540,0
4,US79->CS31,42384,42384,0
4,US79->CS39,42659,42658,0
4,US79->CS47,42473,42473,0
4,US79->CS55,42259,42257,0
4,US79->CS63,42517,42517,0
4,US80->CS0,0,0,0
4,US80->CS8,0,0,0
4,US80->CS16,0,0,0
4,US80->CS24,0,0,0
4,US80->CS32,0,0,0
4,US80->CS40,0,0,0
4,US80->CS48,0,0,0
4,US80->CS56,0,0,0
4,US81->CS1,0,0,0
4,US81->CS9,0,0,0
4,US81->CS17,0,0,0
4,US81->CS25,0,0,0
4,US81->CS33,0,0,0
4,US81->CS41,0,0,0
4,US81->CS49,0,0,0
4,US81->CS57,0,0,0
4,US82->CS2,0,0,0
4,US82->CS10,0,0,0
4,US82->CS18,0,0,0
4,US82->CS26,0,0,0
4,US82->CS34,0,0,0
4,US82->CS42,0,0,0
4,US82->CS50,0,0,0
4,US82->CS58,0,0,0
4,US83->CS3,0,0,0
4,US83->CS11,0,0,0
4,US83->CS19,0,0,0
4,US83->CS27,0,0,0
4,US83->CS35,0,0,0
4,US83->CS43,0,0,0
4,US83->CS51,0,0,0
4,US83->CS59,0,0,0
4,US84->CS4,0,0,0
4,US84->CS12,0,0,0
4,US84->CS20,0,0,0
4,US84->CS28,0,0,0
4,US84->CS36,0,0,0
4,US84->CS44,0,0,0
4,US84->CS52,0,0,0
4,US84->CS60,0,0,0
4,US85->CS5,0,0,0
4,US85->CS13,0,0,0
4,US85->CS21,0,0,0
4,US85->CS29,0,0,0
4,US85->CS37,0,0,0
4,US85->CS45,0,0,0
4,US85->CS53,0,0,0
4,US85->CS61,0,0,0
4,US86->CS6,0,0,0
4,US86->CS14,0,0,0
4,US86->CS22,0,0,0
4,US86->CS30,0,0,0
4,US86->CS38,0,0,0
4,US86->CS46,0,0,0
4,US86->CS54,0,0,0
4,US86->CS62,0,0,0
4,US87->CS7,0,0,0
4,US87->CS15,0,0,0
4,US87->CS23,0,0,0
4,US87->CS31,0,0,0
4,US87->CS39,0,0,0
4,US87->CS47,0,0,0
4,US87->CS55,0,0,0
4,US87->CS63,0,0,0
4,US88->CS0,41913,41912,0
4,US88->CS8,41953,41953,0
4,US88->CS16,42207,42207,0
4,US88->CS24,41847,41845,0
4,US88->CS32,42030,42030,0
4,US88->CS40,42202,42201,0
4,US88->CS48,41827,41826,0
4,US88->CS56,41899,41899,0
4,US89->CS1,41955,41955,0
4,US89->CS9,42082,42082,0
4,US89->CS17,41828,41828,0
4,US89->CS25,41975,41975,0
4,US89->CS33,41962,41961,0
4,US89->CS41,41806,41805,0
4,US89->CS49,41561,41560,0
4,US89->CS57,42194,42194,0
4,US90->CS2,41796,41796,0
4,US90->CS10,42450,42450,0
4,US90->CS18,42019,42018,0
4,US90->CS26,41923,41923,0
4,US90->CS34,41951,41951,0
4,US90->CS42,41653,41653,0
4,US90->CS50,41909,41907,0
4,US90->CS58,41964,41964,0
4,US91->CS3,42005,42003,0
4,US91->CS11,41817,41817,0
4,US91->CS19,41968,41968,0
4,US91->CS27,41858,41858,0
4,US91->CS35,41401,41401,0
4,US91->CS43,42160,42160,0
4,US91->CS51,42082,42081,0
4,US91->CS59,42001,42001,0
4,US92->CS4,41889,41889,0
4,US92->CS12,41961,41961,0
4,US92->CS20,41734,41733,0
4,US92->CS28,41929,41929,0
4,US92->CS36,41916,41915,0
4,US92->CS44,41866,41866,0
4,US92->CS52,42167,42167,0
4,US92->CS60,42406,42405,0
4,US93->CS5,41831,41830,0
4,US93->CS13,41652,41652,0
4,US93->CS21,42347,42347,0
4,US93->CS29,42035,42034,0
4,US93->CS37,41948,41948,0
4,US93->CS45,41890,41890,0
4,US93->CS53,42134,42134,0
4,US93->CS61,42036,42035,0
4,US94->CS6,41726,41726,0
4,US94->CS14,41859,41858,0
4,US94->CS22,41875,41874,0
4,US94->CS30,41987,41987,0
4,US94->CS38,41948,41948,0
4,US94->CS46,42082,42081,0
4,US94->CS54,41821,41821,0
4,US94->CS62,41963,41963,0
4,US95->CS7,41912,41912,0
4,US95->CS15,41996,41996,0
4,US95->CS23,41611,41609,0
4,US95->CS31,42042,42040,0
4,US95->CS39,42215,42214,0
4,US95->CS47,42250,42250,0
4,US95->CS55,41262,41261,0
4,US95->CS63,41902,41901,0
4,US96->CS0,0,0,0
4,US96->CS8,0,0,0
4,US96->CS16,0,0,0
4,US96->CS24,0,0,0
4,US96->CS32,0,0,0
4,US96->CS40,0,0,0
4,US96->CS48,0,0,0
4,US96->CS56,0,0,0
4,US97->CS1,0,0,0
4,US97->CS9,0,0,0
4,US97->CS17,0,0,0
4,US97->CS25,0,0,0
4,US97->CS33,0,0,0
4,US97->CS41,0,0,0
4,US97->CS49,0,0,0
4,US97->CS57,0,0,0
4,US98->CS2,0,0,0
4,US98->CS10,0,0,0
4,US98->CS18,0,0,0
4,US98->CS26,0,0,0
4,US98->CS34,0,0,0
4,US98->CS42,0,0,0
4,US98->CS50,0,0,0
4,US98->CS58,0,0,0
4,US99->CS3,0,0,0
4,US99->CS11,0,0,0
4,US99->CS19,0,0,0
4,US99->CS27,0,0,0
4,US99->CS35,0,0,0
4,US99->CS43,0,0,0
4,US99->CS51,0,0,0
4,US99->CS59,0,0,0
4,US100->CS4,0,0,0
4,US100->CS12,0,0,0
4,US100->CS20,0,0,0
4,US100->CS28,0,0,0
4,US100->CS36,0,0,0
4,US100->CS44,0,0,0
4,US100->CS52,0,0,0
4,US100->CS60,0,0,0
4,US101->CS5,0,0,0
4,US101->CS13,0,0,0
4,US101->CS21,0,0,0
4,US101->CS29,0,0,0
4,US101->CS37,0,0,0
4,US101->CS45,0,0,0
4,US101->CS53,0,0,0
4,US101->CS61,0,0,0
4,US102->CS6,0,0,0
4,US102->CS14,0,0,0
4,US102->CS22,0,0,0
4,US102->CS30,0,0,0
4,US102->CS38,0,0,0
4,US102->CS46,0,0,0
4,US102->CS54,0,0,0
4,US102->CS62,0,0,0
4,US103->CS7,0,0,0
4,US103->CS15,0,0,0
4,US103->CS23,0,0,0
4,US103->CS31,0,0,0
4,US103->CS39,0,0,0
4,US103->CS47,0,0,0
4,US103->CS55,0,0,0
4,US103->CS63,0,0,0
4,US104->CS0,0,0,0
4,US104->CS8,0,0,0
4,US104->CS16,0,0,0
4,US104->CS24,0,0,0
4,US104->CS32,0,0,0
4,US104->CS40,0,0,0
4,US104->CS48,0,0,0
4,US104->CS56,0,0,0
4,US105->CS1,0,0,0
4,US105->CS9,0,0,0
4,US105->CS17,0,0,0
4,US105->CS25,0,0,0
4,US105->CS33,0,0,0
4,US105->CS41,0,0,0
4,US105->CS49,0,0,0
4,US105->CS57,0,0,0
4,US106->CS2,0,0,0
4,US106->CS10,0,0,0
4,US106->CS18,0,0,0
4,US106->CS26,0,0,0
4,US106->CS34,0,0,0
4,US106->CS42,0,0,0
4,US106->CS50,0,0,0
4,US106->CS58,0,0,0
4,US107->CS3,0,0,0
4,US107->CS11,0,0,0
4,US107->CS19,0,0,0
4,US107->CS27,0,0,0
4,US107->CS35,0,0,0
4,US107->CS43,0,0,0
4,US107->CS51,0,0,0
4,US107->CS59,0,0,0
4,US108->CS4,0,0,0
4,US108->CS12,0,0,0
4,US108->CS20,0,0,0
4,US108->CS28,0,0,0
4,US108->CS36,0,0,0
4,US108->CS44,0,0,0
4,US108->CS52,0,0,0
4,US108->CS60,0,0,0
4,US109->CS5,0,0,0
4,US109->CS13,0,0,0
4,US109->CS21,0,0,0
4,US109->CS29,0,0,0
4,US109->CS37,0,0,0
4,US109->CS45,0,0,0
4,US109->CS53,0,0,0
4,US109->CS61,0,0,0
4,US110->CS6,0,0,0
4,US110->CS14,0,0,0
4,US110->CS22,0,0,0
4,US110->CS30,0,0,0
4,US110->CS38,0,0,0
4,US110->CS46,0,0,0
4,US110->CS54,0,0,0
4,US110->CS62,0,0,0
4,US111->CS7,0,0,0
4,US111->CS15,0,0,0
4,US111->CS23,0,0,0
4,US111->CS31,0,0,0
4,US111->CS39,0,0,0
4,US111->CS47,0,0,0
4,US111->CS55,0,0,0
4,US111->CS63,0,0,0
4,US112->CS0,52289,52289,0
4,US112->CS8,52580,52580,0
4,US112->CS16,52259,52259,0
4,US112->CS24,53158,53158,0
4,US112->CS32,52469,52469,0
4,US112->CS40,52519,52519,0
4,US112->CS48,52512,52512,0
4,US112->CS56,52911,52911,0
4,US113->CS1,52503,52503,0
4,US113->CS9,52856,52856,0
4,US113->CS17,52557,52557,0
4,US113->CS25,52814,52814,0
4,US113->CS33,52713,52713,0
4,US113->CS41,52427,52427,0
4,US113->CS49,52420,52420,0
4,US113->CS57,52698,52698,0
4,US114->CS2,52833,52833,0
4,US114->CS10,53169,53169,0
4,US114->CS18,52969,52969,0
4,US114->CS26,52447,52447,0
4,US114->CS34,52837,52837,0
4,US114->CS42,52754,52754,0
4,US114->CS50,53128,53128,0
4,US114->CS58,52909,52909,0
4,US115->CS3,53104,53104,0
4,US115->CS11,52901,52901,0
4,US115->CS19,52260,52260,0
4,US115->CS27,52398,52398,0
4,US115->CS35,52510,52510,0
4,US115->CS43,52914,52914,0
4,US115->CS51,53008,53008,0
4,US115->CS59,52593,52593,0
4,US116->CS4,52906,52906,0
4,US116->CS12,52340,52340,0
4,US116->CS20,52726,52726,0
4,US116->CS28,52624,52624,0
4,US116->CS36,52914,52914,0
4,US116->CS44,52442,52442,0
4,US116->CS52,52431,52431,0
4,US116->CS60,52770,52770,0
4,US117->CS5,52537,52537,0
4,US117->CS13,53003,53003,0
4,US117->CS21,52639,52639,0
4,US117->CS29,52843,52843,0
4,US117->CS37,52551,52551,0
4,US117->CS45,52503,52503,0
4,US117->CS53,52857,52857,0
4,US117->CS61,52622,52622,0
4,US118->CS6,52555,52555,0
4,US118->CS14,52602,52602,0
4,US118->CS22,52575,52575,0
4,US118->CS30,52614,52614,0
4,US118->CS38,52610,52610,0
4,US118->CS46,52650,52650,0
4,US118->CS54,52917,52917,0
4,US118->CS62,52406,52406,0
4,US119->CS7,52925,52925,0
4,US119->CS15,52989,52989,0
4,US119->CS23,52642,52642,0
4,US119->CS31,52777,52777,0
4,US119->CS39,52704,52704,0
4,US119->CS47,52765,52765,0
4,US119->CS55,52570,52570,0
4,US119->CS63,52841,52841,0
4,US120->CS0,0,0,0
4,US120->CS8,0,0,0
4,US120->CS16,0,0,0
4,US120->CS24,0,0,0
4,US120->CS32,0,0,0
4,US120->CS40,0,0,0
4,US120->CS48,0,0,0
4,US120->CS56,0,0,0
4,US121->CS1,0,0,0
4,US121->CS9,0,0,0
4,US121->CS17,0,0,0
4,US121->CS25,0,0,0
4,US121->CS33,0,0,0
4,US121->CS41,0,0,0
4,US121->CS49,0,0,0
4,US121->CS57,0,0,0
4,US122->CS2,0,0,0
4,US122->CS10,0,0,0
4,US122->CS18,0,0,0
4,US122->CS26,0,0,0
4,US122->CS34,0,0,0
4,US122->CS42,0,0,0
4,US122->CS50,0,0,0
4,US122->CS58,0,0,0
4,US123->CS3,0,0,0
4,US123->CS11,0,0,0
4,US123->CS19,0,0,0
4,US123->CS27,0,0,0
4,US123->CS35,0,0,0
4,US123->CS43,0,0,0
4,US123->CS51,0,0,0
4,US123->CS59,0,0,0
4,US124->CS4,0,0,0
4,US124->CS12,0,0,0
4,US124->CS20,0,0,0
4,US124->CS28,0,0,0
4,US124->CS36,0,0,0
4,US124->CS44,0,0,0
4,US124->CS52,0,0,0
4,US124->CS60,0,0,0
4,US125->CS5,0,0,0
4,US125->CS13,0,0,0
4,US125->CS21,0,0,0
4,US125->CS29,0,0,0
4,US125->CS37,0,0,0
4,US125->CS45,0,0,0
4,US125->CS53,0,0,0
4,US125->CS61,0,0,0
4,US126->CS6,0,0,0
4,US126->CS14,0,0,0
4,US126->CS22,0,0,0
4,US126->CS30,0,0,0
4,US126->CS38,0,0,0
4,US126->CS46,0,0,0
4,US126->CS54,0,0,0
4,US126->CS62,0,0,0
4,US127->CS7,0,0,0
4,US127->CS15,0,0,0
4,US127->CS23,0,0,0
4,US127->CS31,0,0,0
4,US127->CS39,0,0,0
4,US127->CS47,0,0,0
4,US127->CS55,0,0,0
4,US127->CS63,0,0,0
4,CS0->US0,51524,51524,0
4,CS0->US8,0,0,0
4,CS0->US16,0,0,0
4,CS0->US24,0,0,0
4,CS0->US32,0,0,0
4,CS0->US40,52386,52386,0
4,CS0->US48,51557,51557,0
4,CS0->US56,0,0,0
4,CS0->US64,0,0,0
4,CS0->US72,41932,41932,0
4,CS0->US80,0,0,0
4,CS0->US88,42653,42653,0
4,CS0->US96,0,0,0
4,CS0->US104,0,0,0
4,CS0->US112,54494,54494,0
4,CS0->US120,0,0,0
4,CS1->US1,51837,51837,0
4,CS1->US9,0,0,0
4,CS1->US17,0,0,0
4,CS1->US25,0,0,0
4,CS1->US33,0,0,0
4,CS1->US41,52665,52665,0
4,CS1->US49,51544,51544,0
4,CS1->US57,0,0,0
4,CS1->US65,0,0,0
4,CS1->US73,42033,42033,0
4,CS1->US81,0,0,0
4,CS1->US89,41864,41864,0
4,CS1->US97,0,0,0
4,CS1->US105,0,0,0
4,CS1->US113,54039,54039,0
4,CS1->US121,0,0,0
4,CS2->US2,51255,51255,0
4,CS2->US10,0,0,0
4,CS2->US18,0,0,0
4,CS2->US26,0,0,0
4,CS2->US34,0,0,0
4,CS2->US42,52928,52928,0
4,CS2->US50,51239,51239,0
4,CS2->US58,0,0,0
4,CS2->US66,0,0,0
4,CS2->US74,41804,41803,0
4,CS2->US82,0,0,0
4,CS2->US90,42348,42348,0
4,CS2->US98,0,0,0
4,CS2->US106,0,0,0
4,CS2->US114,54109,54109,0
4,CS2->US122,0,0,0
4,CS3->US3,51784,51784,0
4,CS3->US11,0,0,0
4,CS3->US19,0,0,0
4,CS3->US27,0,0,0
4,CS3->US35,0,0,0
4,CS3->US43,53238,53238,0
4,CS3->US51,51694,51694,0
4,CS3->US59,0,0,0
4,CS3->US67,0,0,0
4,CS3->US75,41999,41999,0
4,CS3->US83,0,0,0
4,CS3->US91,42520,42518,0
4,CS3->US99,0,0,0
4,CS3->US107,0,0,0
4,CS3->US115,54183,54183,0
4,CS3->US123,0,0,0
4,CS4->US4,51329,51329,0
4,CS4->US12,0,0,0
4,CS4->US20,0,0,0
4,CS4->US28,0,0,0
4,CS4->US36,0,0,0
4,CS4->US44,52952,52952,0
4,CS4->US52,51567,51567,0
4,CS4->US60,0,0,0
4,CS4->US68,0,0,0
4,CS4->US76,41943,41943,0
4,CS4->US84,0,0,0
4,CS4->US92,42367,42367,0
4,CS4->US100,0,0,0
4,CS4->US108,0,0,0
4,CS4->US116,54203,54203,0
4,CS4->US124,0,0,0
4,CS5->US5,51847,51847,0
4,CS5->US13,0,0,0
4,CS5->US21,0,0,0
4,CS5->US29,0,0,0
4,CS5->US37,0,0,0
4,CS5->US45,52625,52625,0
4,CS5->US53,51278,51278,0
4,CS5->US61,0,0,0
4,CS5->US69,0,0,0
4,CS5->US77,41836,41836,0
4,CS5->US85,0,0,0
4,CS5->US93,42097,42096,0
4,CS5->US101,0,0,0
4,CS5->US109,0,0,0
4,CS5->US117,54856,54856,0
4,CS5->US125,0,0,0
4,CS6->US6,51439,51439,0
4,CS6->US14,0,0,0
4,CS6->US22,0,0,0
4,CS6->US30,0,0,0
4,CS6->US38,0,0,0
4,CS6->US46,52706,52706,0
4,CS6->US54,51207,51207,0
4,CS6->US62,0,0,0
4,CS6->US70,0,0,0
4,CS6->US78,41768,41768,0
4,CS6->US86,0,0,0
4,CS6->US94,42232,42232,0
4,CS6->US102,0,0,0
4,CS6->US110,0,0,0
4,CS6->US118,54169,54169,0
4,CS6->US126,0,0,0
4,CS7->US7,51409,51409,0
4,CS7->US15,0,0,0
4,CS7->US23,0,0,0
4,CS7->US31,0,0,0
4,CS7->US39,0,0,0
4,CS7->US47,53041,53041,0
4,CS7->US55,51532,51532,0
4,CS7->US63,0,0,0
4,CS7->US71,0,0,0
4,CS7->US79,41977,41977,0
4,CS7->US87,0,0,0
4,CS7->US95,42245,42244,0
4,CS7->US103,0,0,0
4,CS7->US111,0,0,0
4,CS7->US119,54326,54326,0
4,CS7->US127,0,0,0
4,CS8->US0,51640,51640,0
4,CS8->US8,0,0,0
4,CS8->US16,0,0,0
4,CS8->US24,0,0,0
4,CS8->US32,0,0,0
4,CS8->US40,52685,52685,0
4,CS8->US48,51040,51040,0
4,CS8->US56,0,0,0
4,CS8->US64,0,0,0
4,CS8->US72,41972,41971,0
4,CS8->US80,0,0,0
4,CS8->US88,42646,42646,0
4,CS8->US96,0,0,0
4,CS8->US104,0,0,0
4,CS8->US112,54313,54313,0
4,CS8->US120,0,0,0
4,CS9->US1,51732,51732,0
4,CS9->US9,0,0,0
4,CS9->US17,0,0,0
4,CS9->US25,0,0,0
4,CS9->US33,0,0,0
4,CS9->US41,52925,52925,0
4,CS9->US49,51054,51054,0
4,CS9->US57,0,0,0
4,CS9->US65,0,0,0
4,CS9->US73,42099,42098,0
4,CS9->US81,0,0,0
4,CS9->US89,42228,42227,0
4,CS9->US97,0,0,0
4,CS9->US105,0,0,0
4,CS9->US113,54512,54512,0
4,CS9->US121,0,0,0
4,CS10->US2,51393,51393,0
4,CS10->US10,0,0,0
4,CS10->US18,0,0,0
4,CS10->US26,0,0,0
4,CS10->US34,0,0,0
4,CS10->US42,53309,53309,0
4,CS10->US50,51423,51423,0
4,CS10->US58,0,0,0
4,CS10->US66,0,0,0
4,CS10->US74,42475,42475,0
4,CS10->US82,0,0,0
4,CS10->US90,42220,42218,0
4,CS10->US98,0,0,0
4,CS10->US106,0,0,0
4,CS10->US114,54327,54327,0
4,CS10->US122,0,0,0
4,CS11->US3,51064,51064,0
4,CS11->US11,0,0,0
4,CS11->US19,0,0,0
4,CS11->US27,0,0,0
4,CS11->US35,0,0,0
4,CS11->US43,53012,53012,0
4,CS11->US51,51737,51737,0
4,CS11->US59,0,0,0
4,CS11->US67,0,0,0
4,CS11->US75,41831,41830,0
4,CS11->US83,0,0,0
4,CS11->US91,42532,42532,0
4,CS11->US99,0,0,0
4,CS11->US107,0,0,0
4,CS11->US115,54443,54443,0
4,CS11->US123,0,0,0
4,CS12->US4,51334,51334,0
4,CS12->US12,0,0,0
4,CS12->US20,0,0,0
4,CS12->US28,0,0,0
4,CS12->US36,0,0,0
4,CS12->US44,52511,52511,0
4,CS12->US52,51534,51534,0
4,CS12->US60,0,0,0
4,CS12->US68,0,0,0
4,CS12->US76,41990,41988,0
4,CS12->US84,0,0,0
4,CS12->US92,42365,42364,0
4,CS12->US100,0,0,0
4,CS12->US108,0,0,0
4,CS12->US116,54623,54623,0
4,CS12->US124,0,0,0
4,CS13->US5,51296,51296,0
4,CS13->US13,0,0,0
4,CS13->US21,0,0,0
4,CS13->US29,0,0,0
4,CS13->US37,0,0,0
4,CS13->US45,53099,53099,0
4,CS13->US53,51602,51602,0
4,CS13->US61,0,0,0
4,CS13->US69,0,0,0
4,CS13->US77,41720,41720,0
4,CS13->US85,0,0,0
4,CS13->US93,42871,42871,0
4,CS13->US101,0,0,0
4,CS13->US109,0,0,0
4,CS13->US117,54503,54503,0
4,CS13->US125,0,0,0
4,CS14->US6,51989,51989,0
4,CS14->US14,0,0,0
4,CS14->US22,0,0,0
4,CS14->US30,0,0,0
4,CS14->US38,0,0,0
4,CS14->US46,52719,52719,0
4,CS14->US54,51596,51596,0
4,CS14->US62,0,0,0
4,CS14->US70,0,0,0
4,CS14->US78,41911,41911,0
4,CS14->US86,0,0,0
4,CS14->US94,42467,42466,0
4,CS14->US102,0,0,0
4,CS14->US110,0,0,0
4,CS14->US118,54681,54681,0
4,CS14->US126,0,0,0
4,CS15->US7,51613,51613,0
4,CS15->US15,0,0,0
4,CS15->US23,0,0,0
4,CS15->US31,0,0,0
4,CS15->US39,0,0,0
4,CS15->US47,53141,53141,0
4,CS15->US55,51436,51436,0
4,CS15->US63,0,0,0
4,CS15->US71,0,0,0
4,CS15->US79,41997,41997,0
4,CS15->US87,0,0,0
4,CS15->US95,42447,42447,0
4,CS15->US103,0,0,0
4,CS15->US111,0,0,0
4,CS15->US119,54262,54262,0
4,CS15->US127,0,0,0
4,CS16->US0,51372,51372,0
4,CS16->US8,0,0,0
4,CS16->US16,0,0,0
4,CS16->US24,0,0,0
4,CS16->US32,0,0,0
4,CS16->US40,52301,52301,0
4,CS16->US48,51121,51121,0
4,CS16->US56,0,0,0
4,CS16->US64,0,0,0
4,CS16->US72,42243,42243,0
4,CS16->US80,0,0,0
4,CS16->US88,42666,42666,0
4,CS16->US96,0,0,0
4,CS16->US104,0,0,0
4,CS16->US112,54568,54568,0
4,CS16->US120,0,0,0
4,CS17->US1,51316,51316,0
4,CS17->US9,0,0,0
4,CS17->US17,0,0,0
4,CS17->US25,0,0,0
4,CS17->US33,0,0,0
4,CS17->US41,52706,52706,0
4,CS17->US49,51571,51571,0
4,CS17->US57,0,0,0
4,CS17->US65,0,0,0
4,CS17->US73,41867,41867,0
4,CS17->US81,0,0,0
4,CS17->US89,42253,42253,0
4,CS17->US97,0,0,0
4,CS17->US105,0,0,0
4,CS17->US113,54720,54720,0
4,CS17->US121,0,0,0
4,CS18->US2,51322,51322,0
4,CS18->US10,0,0,0
4,CS18->US18,0,0,0
4,CS18->US26,0,0,0
4,CS18->US34,0,0,0
4,CS18->US42,53038,53038,0
4,CS18->US50,51373,51373,0
4,CS18->US58,0,0,0
4,CS18->US66,0,0,0
4,CS18->US74,42052,42052,0
4,CS18->US82,0,0,0
4,CS18->US90,42464,42464,0
4,CS18->US98,0,0,0
4,CS18->US106,0,0,0
4,CS18->US114,54100,54100,0
4,CS18->US122,0,0,0
4,CS19->US3,51611,51611,0
4,CS19->US11,0,0,0
4,CS19->US19,0,0,0
4,CS19->US27,0,0,0
4,CS19->US35,0,0,0
4,CS19->US43,52312,52312,0
4,CS19->US51,51418,51418,0
4,CS19->US59,0,0,0
4,CS19->US67,0,0,0
4,CS19->US75,41954,41954,0
4,CS19->US83,0,0,0
4,CS19->US91,42411,42410,0
4,CS19->US99,0,0,0
4,CS19->US107,0,0,0
4,CS19->US115,53984,53984,0
4,CS19->US123,0,0,0
4,CS20->US4,51263,51263,0
4,CS20->US12,0,0,0
4,CS20->US20,0,0,0
4,CS20->US28,0,0,0
4,CS20->US36,0,0,0
4,CS20->US44,52773,52773,0
4,CS20->US52,51381,51381,0
4,CS20->US60,0,0,0
4,CS20->US68,0,0,0
4,CS20->US76,41733,41733,0
4,CS20->US84,0,0,0
4,CS20->US92,42385,42384,0
4,CS20->US100,0,0,0
4,CS20->US108,0,0,0
4,CS20->US116,54481,54481,0
4,CS20->US124,0,0,0
4,CS21->US5,51336,51336,0
4,CS21->US13,0,0,0
4,CS21->US21,0,0,0
4,CS21->US29,0,0,0
4,CS21->US37,0,0,0
4,CS21->US45,52762,52762,0
4,CS21->US53,51427,51427,0
4,CS21->US61,0,0,0
4,CS21->US69,0,0,0
4,CS21->US77,42361,42361,0
4,CS21->US85,0,0,0
4,CS21->US93,42599,42599,0
4,CS21->US101,0,0,0
4,CS21->US109,0,0,0
4,CS21->US117,54444,54444,0
4,CS21->US125,0,0,0
4,CS22->US6,51341,51341,0
4,CS22->US14,0,0,0
4,CS22->US22,0,0,0
4,CS22->US30,0,0,0
4,CS22->US38,0,0,0
4,CS22->US46,52679,52679,0
4,CS22->US54,51425,51425,0
4,CS22->US62,0,0,0
4,CS22->US70,0,0,0
4,CS22->US78,41925,41924,0
4,CS22->US86,0,0,0
4,CS22->US94,42340,42339,0
4,CS22->US102,0,0,0
4,CS22->US110,0,0,0
4,CS22->US118,54130,54130,0
4,CS22->US126,0,0,0
4,CS23->US7,51337,51337,0
4,CS23->US15,0,0,0
4,CS23->US23,0,0,0
4,CS23->US31,0,0,0
4,CS23->US39,0,0,0
4,CS23->US47,52768,52768,0
4,CS23->US55,51238,51238,0
4,CS23->US63,0,0,0
4,CS23->US71,0,0,0
4,CS23->US79,41636,41636,0
4,CS23->US87,0,0,0
4,CS23->US95,42645,42645,0
4,CS23->US103,0,0,0
4,CS23->US111,0,0,0
4,CS23->US119,54760,54760,0
4,CS23->US127,0,0,0
4,CS24->US0,51348,51348,0
4,CS24->US8,0,0,0
4,CS24->US16,0,0,0
4,CS24->US24,0,0,0
4,CS24->US32,0,0,0
4,CS24->US40,53304,53304,0
4,CS24->US48,51362,51362,0
4,CS24->US56,0,0,0
4,CS24->US64,0,0,0
4,CS24->US72,41929,41928,0
4,CS24->US80,0,0,0
4,CS24->US88,42218,42218,0
4,CS24->US96,0,0,0
4,CS24->US104,0,0,0
4,CS24->US112,54640,54640,0
4,CS24->US120,0,0,0
4,CS25->US1,51063,51063,0
4,CS25->US9,0,0,0
4,CS25->US17,0,0,0
4,CS25->US25,0,0,0
4,CS25->US33,0,0,0
4,CS25->US41,52859,52859,0
4,CS25->US49,51427,51427,0
4,CS25->US57,0,0,0
4,CS25->US65,0,0,0
4,CS25->US73,42014,42014,0
4,CS25->US81,0,0,0
4,CS25->US89,42815,42815,0
4,CS25->US97,0,0,0
4,CS25->US105,0,0,0
4,CS25->US113,54639,54639,0
4,CS25->US121,0,0,0
4,CS26->US2,51358,51358,0
4,CS26->US10,0,0,0
4,CS26->US18,0,0,0
4,CS26->US26,0,0,0
4,CS26->US34,0,0,0
4,CS26->US42,52570,52570,0
4,CS26->US50,51143,51143,0
4,CS26->US58,0,0,0
4,CS26->US66,0,0,0
4,CS26->US74,41907,41907,0
4,CS26->US82,0,0,0
4,CS26->US90,42565,42565,0
4,CS26->US98,0,0,0
4,CS26->US106,0,0,0
4,CS26->US114,54317,54317,0
4,CS26->US122,0,0,0
4,CS27->US3,51600,51600,0
4,CS27->US11,0,0,0
4,CS27->US19,0,0,0
4,CS27->US27,0,0,0
4,CS27->US35,0,0,0
4,CS27->US43,52487,52487,0
4,CS27->US51,51540,51540,0
4,CS27->US59,0,0,0
4,CS27->US67,0,0,0
4,CS27->US75,41939,41938,0
4,CS27->US83,0,0,0
4,CS27->US91,42359,42358,0
4,CS27->US99,0,0,0
4,CS27->US107,0,0,0
4,CS27->US115,54445,54445,0
4,CS27->US123,0,0,0
4,CS28->US4,51288,51288,0
4,CS28->US12,0,0,0
4,CS28->US20,0,0,0
4,CS28->US28,0,0,0
4,CS28->US36,0,0,0
4,CS28->US44,52752,52752,0
4,CS28->US52,51078,51078,0
4,CS28->US60,0,0,0
4,CS28->US68,0,0,0
4,CS28->US76,41951,41951,0
4,CS28->US84,0,0,0
4,CS28->US92,42481,42481,0
4,CS28->US100,0,0,0
4,CS28->US108,0,0,0
4,CS28->US116,54149,54149,0
4,CS28->US124,0,0,0
4,CS29->US5,51405,51405,0
4,CS29->US13,0,0,0
4,CS29->US21,0,0,0
4,CS29->US29,0,0,0
4,CS29->US37,0,0,0
4,CS29->US45,52960,52960,0
4,CS29->US53,51224,51224,0
4,CS29->US61,0,0,0
4,CS29->US69,0,0,0
4,CS29->US77,42039,42038,0
4,CS29->US85,0,0,0
4,CS29->US93,42434,42434,0
4,CS29->US101,0,0,0
4,CS29->US109,0,0,0
4,CS29->US117,54698,54698,0
4,CS29->US125,0,0,0
4,CS30->US6,51505,51505,0
4,CS30->US14,0,0,0
4,CS30->US22,0,0,0
4,CS30->US30,0,0,0
4,CS30->US38,0,0,0
4,CS30->US46,52757,52757,0
4,CS30->US54,51514,51514,0
4,CS30->US62,0,0,0
4,CS30->US70,0,0,0
4,CS30->US78,42013,42011,0
4,CS30->US86,0,0,0
4,CS30->US94,42318,42317,0
4,CS30->US102,0,0,0
4,CS30->US110,0,0,0
4,CS30->US118,54749,54749,0
4,CS30->US126,0,0,0
4,CS31->US7,51529,51529,0
4,CS31->US15,0,0,0
4,CS31->US23,0,0,0
4,CS31->US31,0,0,0
4,CS31->US39,0,0,0
4,CS31->US47,52967,52967,0
4,CS31->US55,51356,51356,0
4,CS31->US63,0,0,0
4,CS31->US71,0,0,0
4,CS31->US79,42075,42075,0
4,CS31->US87,0,0,0
4,CS31->US95,42397,42397,0
4,CS31->US103,0,0,0
4,CS31->US111,0,0,0
4,CS31->US119,54872,54872,0
4,CS31->US127,0,0,0
4,CS32->US0,51178,51178,0
4,CS32->US8,0,0,0
4,CS32->US16,0,0,0
4,CS32->US24,0,0,0
4,CS32->US32,0,0,0
4,CS32->US40,52637,52637,0
4,CS32->US48,51328,51328,0
4,CS32->US56,0,0,0
4,CS32->US64,0,0,0
4,CS32->US72,42041,42039,0
4,CS32->US80,0,0,0
4,CS32->US88,42066,42066,0
4,CS32->US96,0,0,0
4,CS32->US104,0,0,0
4,CS32->US112,54383,54383,0
4,CS32->US120,0,0,0
4,CS33->US1,51522,51522,0
4,CS33->US9,0,0,0
4,CS33->US17,0,0,0
4,CS33->US25,0,0,0
4,CS33->US33,0,0,0
4,CS33->US41,52846,52846,0
4,CS33->US49,51525,51525,0
4,CS33->US57,0,0,0
4,CS33->US65,0,0,0
4,CS33->US73,41952,41951,0
4,CS33->US81,0,0,0
4,CS33->US89,42396,42395,0
4,CS33->US97,0,0,0
4,CS33->US105,0,0,0
4,CS33->US113,54584,54584,0
4,CS33->US121,0,0,0
4,CS34->US2,51428,51428,0
4,CS34->US10,0,0,0
4,CS34->US18,0,0,0
4,CS34->US26,0,0,0
4,CS34->US34,0,0,0
4,CS34->US42,52909,52909,0
4,CS34->US50,51244,51244,0
4,CS34->US58,0,0,0
4,CS34->US66,0,0,0
4,CS34->US74,41971,41971,0
4,CS34->US82,0,0,0
4,CS34->US90,42404,42401,0
4,CS34->US98,0,0,0
4,CS34->US106,0,0,0
4,CS34->US114,54211,54211,0
4,CS34->US122,0,0,0
4,CS35->US3,51667,51667,0
4,CS35->US11,0,0,0
4,CS35->US19,0,0,0
4,CS35->US27,0,0,0
4,CS35->US35,0,0,0
4,CS35->US43,52694,52694,0
4,CS35->US51,51166,51166,0
4,CS35->US59,0,0,0
4,CS35->US67,0,0,0
4,CS35->US75,41445,41445,0
4,CS35->US83,0,0,0
4,CS35->US91,42297,42297,0
4,CS35->US99,0,0,0
4,CS35->US107,0,0,0
4,CS35->US115,54572,54572,0
4,CS35->US123,0,0,0
4,CS36->US4,51611,51611,0
4,CS36->US12,0,0,0
4,CS36->US20,0,0,0
4,CS36->US28,0,0,0
4,CS36->US36,0,0,0
4,CS36->US44,53095,53095,0
4,CS36->US52,51320,51320,0
4,CS36->US60,0,0,0
4,CS36->US68,0,0,0
4,CS36->US76,41977,41976,0
4,CS36->US84,0,0,0
4,CS36->US92,42388,42388,0
4,CS36->US100,0,0,0
4,CS36->US108,0,0,0
4,CS36->US116,54308,54308,0
4,CS36->US124,0,0,0
4,CS37->US5,51208,51208,0
4,CS37->US13,0,0,0
4,CS37->US21,0,0,0
4,CS37->US29,0,0,0
4,CS37->US37,0,0,0
4,CS37->US45,52691,52691,0
4,CS37->US53,51551,51551,0
4,CS37->US61,0,0,0
4,CS37->US69,0,0,0
4,CS37->US77,42007,42007,0
4,CS37->US85,0,0,0
4,CS37->US93,42167,42167,0
4,CS37->US101,0,0,0
4,CS37->US109,0,0,0
4,CS37->US117,54451,54451,0
4,CS37->US125,0,0,0
4,CS38->US6,51398,51398,0
4,CS38->US14,0,0,0
4,CS38->US22,0,0,0
4,CS38->US30,0,0,0
4,CS38->US38,0,0,0
4,CS38->US46,52785,52785,0
4,CS38->US54,51103,51103,0
4,CS38->US62,0,0,0
4,CS38->US70,0,0,0
4,CS38->US78,41967,41967,0
4,CS38->US86,0,0,0
4,CS38->US94,41797,41797,0
4,CS38->US102,0,0,0
4,CS38->US110,0,0,0
4,CS38->US118,53993,53993,0
4,CS38->US126,0,0,0
4,CS39->US7,51360,51360,0
4,CS39->US15,0,0,0
4,CS39->US23,0,0,0
4,CS39->US31,0,0,0
4,CS39->US39,0,0,0
4,CS39->US47,52861,52861,0
4,CS39->US55,51373,51373,0
4,CS39->US63,0,0,0
4,CS39->US71,0,0,0
4,CS39->US79,42237,42236,0
4,CS39->US87,0,0,0
4,CS39->US95,42711,42711,0
4,CS39->US103,0,0,0
4,CS39->US111,0,0,0
4,CS39->US119,54651,54651,0
4,CS39->US127,0,0,0
4,CS40->US0,51693,51693,0
4,CS40->US8,0,0,0
4,CS40->US16,0,0,0
4,CS40->US24,0,0,0
4,CS40->US32,0,0,0
4,CS40->US40,52595,52595,0
4,CS40->US48,51518,51518,0
4,CS40->US56,0,0,0
4,CS40->US64,0,0,0
4,CS40->US72,42267,42266,0
4,CS40->US80,0,0,0
4,CS40->US88,42600,42600,0
4,CS40->US96,0,0,0
4,CS40->US104,0,0,0
4,CS40->US112,54607,54607,0
4,CS40->US120,0,0,0
4,CS41->US1,51583,51583,0
4,CS41->US9,0,0,0
4,CS41->US17,0,0,0
4,CS41->US25,0,0,0
4,CS41->US33,0,0,0
4,CS41->US41,52544,52544,0
4,CS41->US49,51645,51645,0
4,CS41->US57,0,0,0
4,CS41->US65,0,0,0
4,CS41->US73,41867,41867,0
4,CS41->US81,0,0,0
4,CS41->US89,42463,42463,0
4,CS41->US97,0,0,0
4,CS41->US105,0,0,0
4,CS41->US113,54414,54414,0
4,CS41->US121,0,0,0
4,CS42->US2,51348,51348,0
4,CS42->US10,0,0,0
4,CS42->US18,0,0,0
4,CS42->US26,0,0,0
4,CS42->US34,0,0,0
4,CS42->US42,52859,52859,0
4,CS42->US50,51419,51419,0
4,CS42->US58,0,0,0
4,CS42->US66,0,0,0
4,CS42->US74,41664,41662,0
4,CS42->US82,0,0,0
4,CS42->US90,42426,42424,0
4,CS42->US98,0,0,0
4,CS42->US106,0,0,0
4,CS42->US114,54653,54653,0
4,CS42->US122,0,0,0
4,CS43->US3,51540,51540,0
4,CS43->US11,0,0,0
4,CS43->US19,0,0,0
4,CS43->US27,0,0,0
4,CS43->US35,0,0,0
4,CS43->US43,53044,53044,0
4,CS43->US51,51855,51855,0
4,CS43->US59,0,0,0
4,CS43->US67,0,0,0
4,CS43->US75,42198,42197,0
4,CS43->US83,0,0,0
4,CS43->US91,42467,42466,0
4,CS43->US99,0,0,0
4,CS43->US107,0,0,0
4,CS43->US115,54510,54510,0
4,CS43->US123,0,0,0
4,CS44->US4,51938,51938,0
4,CS44->US12,0,0,0
4,CS44->US20,0,0,0
4,CS44->US28,0,0,0
4,CS44->US36,0,0,0
4,CS44->US44,52555,52555,0
4,CS44->US52,51341,51341,0
4,CS44->US60,0,0,0
4,CS44->US68,0,0,0
4,CS44->US76,41884,41884,0
4,CS44->US84,0,0,0
4,CS44->US92,42277,42277,0
4,CS44->US100,0,0,0
4,CS44->US108,0,0,0
4,CS44->US116,54158,54158,0
4,CS44->US124,0,0,0
4,CS45->US5,51513,51513,0
4,CS45->US13,0,0,0
4,CS45->US21,0,0,0
4,CS45->US29,0,0,0
4,CS45->US37,0,0,0
4,CS45->US45,52614,52614,0
4,CS45->US53,51323,51323,0
4,CS45->US61,0,0,0
4,CS45->US69,0,0,0
4,CS45->US77,41924,41923,0
4,CS45->US85,0,0,0
4,CS45->US93,42224,42223,0
4,CS45->US101,0,0,0
4,CS45->US109,0,0,0
4,CS45->US117,54448,54448,0
4,CS45->US125,0,0,0
4,CS46->US6,51730,51730,0
4,CS46->US14,0,0,0
4,CS46->US22,0,0,0
4,CS46->US30,0,0,0
4,CS46->US38,0,0,0
4,CS46->US46,52752,52752,0
4,CS46->US54,51659,51659,0
4,CS46->US62,0,0,0
4,CS46->US70,0,0,0
4,CS46->US78,42084,42084,0
4,CS46->US86,0,0,0
4,CS46->US94,42168,42167,0
4,CS46->US102,0,0,0
4,CS46->US110,0,0,0
4,CS46->US118,54474,54474,0
4,CS46->US126,0,0,0
4,CS47->US7,51496,51496,0
4,CS47->US15,0,0,0
4,CS47->US23,0,0,0
4,CS47->US31,0,0,0
4,CS47->US39,0,0,0
4,CS47->US47,52856,52856,0
4,CS47->US55,51642,51642,0
4,CS47->US63,0,0,0
4,CS47->US71,0,0,0
4,CS47->US79,42299,42299,0
4,CS47->US87,0,0,0
4,CS47->US95,42578,42578,0
4,CS47->US103,0,0,0
4,CS47->US111,0,0,0
4,CS47->US119,54347,54347,0
4,CS47->US127,0,0,0
4,CS48->US0,51107,51107,0
4,CS48->US8,0,0,0
4,CS48->US16,0,0,0
4,CS48->US24,0,0,0
4,CS48->US32,0,0,0
4,CS48->US40,52608,52608,0
4,CS48->US48,51621,51621,0
4,CS48->US56,0,0,0
4,CS48->US64,0,0,0
4,CS48->US72,41864,41863,0
4,CS48->US80,0,0,0
4,CS48->US88,42240,42240,0
4,CS48->US96,0,0,0
4,CS48->US104,0,0,0
4,CS48->US112,54697,54697,0
4,CS48->US120,0,0,0
4,CS49->US1,51512,51512,0
4,CS49->US9,0,0,0
4,CS49->US17,0,0,0
4,CS49->US25,0,0,0
4,CS49->US33,0,0,0
4,CS49->US41,52588,52588,0
4,CS49->US49,51350,51350,0
4,CS49->US57,0,0,0
4,CS49->US65,0,0,0
4,CS49->US73,41643,41643,0
4,CS49->US81,0,0,0
4,CS49->US89,42237,42236,0
4,CS49->US97,0,0,0
4,CS49->US105,0,0,0
4,CS49->US113,54481,54481,0
4,CS49->US121,0,0,0
4,CS50->US2,51408,51408,0
4,CS50->US10,0,0,0
4,CS50->US18,0,0,0
4,CS50->US26,0,0,0
4,CS50->US34,0,0,0
4,CS50->US42,53218,53218,0
4,CS50->US50,51622,51622,0
4,CS50->US58,0,0,0
4,CS50->US66,0,0,0
4,CS50->US74,41941,41941,0
4,CS50->US82,0,0,0
4,CS50->US90,42376,42374,0
4,CS50->US98,0,0,0
4,CS50->US106,0,0,0
4,CS50->US114,53900,53900,0
4,CS50->US122,0,0,0
4,CS51->US3,51195,51195,0
4,CS51->US11,0,0,0
4,CS51->US19,0,0,0
4,CS51->US27,0,0,0
4,CS51->US35,0,0,0
4,CS51->US43,53123,53123,0
4,CS51->US51,51852,51852,0
4,CS51->US59,0,0,0
4,CS51->US67,0,0,0
4,CS51->US75,42108,42108,0
4,CS51->US83,0,0,0
4,CS51->US91,42551,42551,0
4,CS51->US99,0,0,0
4,CS51->US107,0,0,0
4,CS51->US115,54462,54462,0
4,CS51->US123,0,0,0
4,CS52->US4,51585,51585,0
4,CS52->US12,0,0,0
4,CS52->US20,0,0,0
4,CS52->US28,0,0,0
4,CS52->US36,0,0,0
4,CS52->US44,52494,52494,0
4,CS52->US52,51744,51744,0
4,CS52->US60,0,0,0
4,CS52->US68,0,0,0
4,CS52->US76,42196,42196,0
4,CS52->US84,0,0,0
4,CS52->US92,42303,42303,0
4,CS52->US100,0,0,0
4,CS52->US108,0,0,0
4,CS52->US116,54396,54396,0
4,CS52->US124,0,0,0
4,CS53->US5,51106,51106,0
4,CS53->US13,0,0,0
4,CS53->US21,0,0,0
4,CS53->US29,0,0,0
4,CS53->US37,0,0,0
4,CS53->US45,52975,52975,0
4,CS53->US53,51252,51252,0
4,CS53->US61,0,0,0
4,CS53->US69,0,0,0
4,CS53->US77,42180,42178,0
4,CS53->US85,0,0,0
4,CS53->US93,42130,42128,0
4,CS53->US101,0,0,0
4,CS53->US109,0,0,0
4,CS53->US117,54409,54409,0
4,CS53->US125,0,0,0
4,CS54->US6,51406,51406,0
4,CS54->US14,0,0,0
4,CS54->US22,0,0,0
4,CS54->US30,0,0,0
4,CS54->US38,0,0,0
4,CS54->US46,53021,53021,0
4,CS54->US54,51831,51831,0
4,CS54->US62,0,0,0
4,CS54->US70,0,0,0
4,CS54->US78,41866,41864,0
4,CS54->US86,0,0,0
4,CS54->US94,42188,42188,0
4,CS54->US102,0,0,0
4,CS54->US110,0,0,0
4,CS54->US118,54437,54437,0
4,CS54->US126,0,0,0
4,CS55->US7,51429,51429,0
4,CS55->US15,0,0,0
4,CS55->US23,0,0,0
4,CS55->US31,0,0,0
4,CS55->US39,0,0,0
4,CS55->US47,52723,52723,0
4,CS55->US55,51359,51359,0
4,CS55->US63,0,0,0
4,CS55->US71,0,0,0
4,CS55->US79,41264,41263,0
4,CS55->US87,0,0,0
4,CS55->US95,42313,42313,0
4,CS55->US103,0,0,0
4,CS55->US111,0,0,0
4,CS55->US119,54444,54444,0
4,CS55->US127,0,0,0
4,CS56->US0,51133,51133,0
4,CS56->US8,0,0,0
4,CS56->US16,0,0,0
4,CS56->US24,0,0,0
4,CS56->US32,0,0,0
4,CS56->US40,53063,53063,0
4,CS56->US48,51357,51357,0
4,CS56->US56,0,0,0
4,CS56->US64,0,0,0
4,CS56->US72,41910,41909,0
4,CS56->US80,0,0,0
4,CS56->US88,42121,42121,0
4,CS56->US96,0,0,0
4,CS56->US104,0,0,0
4,CS56->US112,53860,53860,0
4,CS56->US120,0,0,0
4,CS57->US1,51530,51530,0
4,CS57->US9,0,0,0
4,CS57->US17,0,0,0
4,CS57->US25,0,0,0
4,CS57->US33,0,0,0
4,CS57->US41,52835,52835,0
4,CS57->US49,51179,51179,0
4,CS57->US57,0,0,0
4,CS57->US65,0,0,0
4,CS57->US73,42187,42187,0
4,CS57->US81,0,0,0
4,CS57->US89,42567,42567,0
4,CS57->US97,0,0,0
4,CS57->US105,0,0,0
4,CS57->US113,54222,54222,0
4,CS57->US121,0,0,0
4,CS58->US2,51566,51566,0
4,CS58->US10,0,0,0
4,CS58->US18,0,0,0
4,CS58->US26,0,0,0
4,CS58->US34,0,0,0
4,CS58->US42,52980,52980,0
4,CS58->US50,51510,51510,0
4,CS58->US58,0,0,0
4,CS58->US66,0,0,0
4,CS58->US74,41966,41966,0
4,CS58->US82,0,0,0
4,CS58->US90,42505,42502,0
4,CS58->US98,0,0,0
4,CS58->US106,0,0,0
4,CS58->US114,54181,54181,0
4,CS58->US122,0,0,0
4,CS59->US3,51688,51688,0
4,CS59->US11,0,0,0
4,CS59->US19,0,0,0
4,CS59->US27,0,0,0
4,CS59->US35,0,0,0
4,CS59->US43,52696,52696,0
4,CS59->US51,51250,51250,0
4,CS59->US59,0,0,0
4,CS59->US67,0,0,0
4,CS59->US75,42036,42035,0
4,CS59->US83,0,0,0
4,CS59->US91,42357,42357,0
4,CS59->US99,0,0,0
4,CS59->US107,0,0,0
4,CS59->US115,54236,54236,0
4,CS59->US123,0,0,0
4,CS60->US4,51309,51309,0
4,CS60->US12,0,0,0
4,CS60->US20,0,0,0
4,CS60->US28,0,0,0
4,CS60->US36,0,0,0
4,CS60->US44,52857,52857,0
4,CS60->US52,51787,51787,0
4,CS60->US60,0,0,0
4,CS60->US68,0,0,0
4,CS60->US76,42472,42472,0
4,CS60->US84,0,0,0
4,CS60->US92,42159,42159,0
4,CS60->US100,0,0,0
4,CS60->US108,0,0,0
4,CS60->US116,54608,54608,0
4,CS60->US124,0,0,0
4,CS61->US5,51222,51222,0
4,CS61->US13,0,0,0
4,CS61->US21,0,0,0
4,CS61->US29,0,0,0
4,CS61->US37,0,0,0
4,CS61->US45,52768,52768,0
4,CS61->US53,51932,51932,0
4,CS61->US61,0,0,0
4,CS61->US69,0,0,0
4,CS61->US77,42081,42081,0
4,CS61->US85,0,0,0
4,CS61->US93,42697,42697,0
4,CS61->US101,0,0,0
4,CS61->US109,0,0,0
4,CS61->US117,54451,54451,0
4,CS61->US125,0,0,0
4,CS62->US6,51199,51199,0
4,CS62->US14,0,0,0
4,CS62->US22,0,0,0
4,CS62->US30,0,0,0
4,CS62->US38,0,0,0
4,CS62->US46,52474,52474,0
4,CS62->US54,51323,51323,0
4,CS62->US62,0,0,0
4,CS62->US70,0,0,0
4,CS62->US78,41956,41955,0
4,CS62->US86,0,0,0
4,CS62->US94,42429,42428,0
4,CS62->US102,0,0,0
4,CS62->US110,0,0,0
4,CS62->US118,54192,54192,0
4,CS62->US126,0,0,0
4,CS63->US7,51025,51025,0
4,CS63->US15,0,0,0
4,CS63->US23,0,0,0
4,CS63->US31,0,0,0
4,CS63->US39,0,0,0
4,CS63->US47,52955,52955,0
4,CS63->US55,51820,51820,0
4,CS63->US63,0,0,0
4,CS63->US71,0,0,0
4,CS63->US79,41938,41938,0
4,CS63->US87,0,0,0
4,CS63->US95,42612,42612,0
4,CS63->US103,0,0,0
4,CS63->US111,0,0,0
4,CS63->US119,54324,54324,0
4,CS63->US127,0,0,0
5,US0->CS0,51863,51863,0
5,US0->CS8,51346,51346,0
5,US0->CS16,51465,51465,0
5,US0->CS24,51668,51668,0
5,US0->CS32,51703,51703,0
5,US0->CS40,51826,51826,0
5,US0->CS48,51938,51938,0
5,US0->CS56,51716,51716,0
5,US1->CS1,51851,51851,0
5,US1->CS9,51370,51370,0
5,US1->CS17,51895,51895,0
5,US1->CS25,51740,51740,0
5,US1->CS33,51857,51857,0
5,US1->CS41,51957,51957,0
5,US1->CS49,51615,51615,0
5,US1->CS57,51526,51526,0
5,US2->CS2,51557,51557,0
5,US2->CS10,51712,51712,0
5,US2->CS18,51670,51670,0
5,US2->CS26,51489,51489,0
5,US2->CS34,51528,51528,0
5,US2->CS42,51746,51746,0
5,US2->CS50,51945,51945,0
5,US2->CS58,51806,51806,0
5,US3->CS3,51998,51998,0
5,US3->CS11,52090,52090,0
5,US3->CS19,51678,51678,0
5,US3->CS27,51871,51871,0
5,US3->CS35,51518,51518,0
5,US3->CS43,52162,52162,0
5,US3->CS51,52150,52150,0
5,US3->CS59,51526,51526,0
5,US4->CS4,51892,51892,0
5,US4->CS12,51869,51869,0
5,US4->CS20,51711,51711,0
5,US4->CS28,51422,51422,0
5,US4->CS36,51660,51660,0
5,US4->CS44,51653,51653,0
5,US4->CS52,52036,52036,0
5,US4->CS60,52119,52119,0
5,US5->CS5,51581,51581,0
5,US5->CS13,51906,51906,0
5,US5->CS21,51758,51758,0
5,US5->CS29,51502,51502,0
5,US5->CS37,51893,51893,0
5,US5->CS45,51628,51628,0
5,US5->CS53,51570,51570,0
5,US5->CS61,52207,52207,0
5,US6->CS6,51591,51591,0
5,US6->CS14,51890,51890,0
5,US6->CS22,51720,51720,0
5,US6->CS30,51858,51858,0
5,US6->CS38,51421,51421,0
5,US6->CS46,52011,52011,0
5,US6->CS54,52135,52135,0
5,US6->CS62,51659,51659,0
5,US7->CS7,51882,51882,0
5,US7->CS15,51760,51760,0
5,US7->CS23,51524,51524,0
5,US7->CS31,51690,51690,0
5,US7->CS39,51701,51701,0
5,US7->CS47,51940,51940,0
5,US7->CS55,51712,51712,0
5,US7->CS63,52127,52127,0
5,US8->CS0,0,0,0
5,US8->CS8,0,0,0
5,US8->CS16,0,0,0
5,US8->CS24,0,0,0
5,US8->CS32,0,0,0
5,US8->CS40,0,0,0
5,US8->CS48,0,0,0
5,US8->CS56,0,0,0
5,US9->CS1,0,0,0
5,US9->CS9,0,0,0
5,US9->CS17,0,0,0
5,US9->CS25,0,0,0
5,US9->CS33,0,0,0
5,US9->CS41,0,0,0
5,US9->CS49,0,0,0
5,US9->CS57,0,0,0
5,US10->CS2,0,0,0
5,US10->CS10,0,0,0
5,US10->CS18,0,0,0
5,US10->CS26,0,0,0
5,US10->CS34,0,0,0
5,US10->CS42,0,0,0
5,US10->CS50,0,0,0
5,US10->CS58,0,0,0
5,US11->CS3,0,0,0
5,US11->CS11,0,0,0
5,US11->CS19,0,0,0
5,US11->CS27,0,0,0
5,US11->CS35,0,0,0
5,US11->CS43,0,0,0
5,US11->CS51,0,0,0
5,US11->CS59,0,0,0
5,US12->CS4,0,0,0
5,US12->CS12,0,0,0
5,US12->CS20,0,0,0
5,US12->CS28,0,0,0
5,US12->CS36,0,0,0
5,US12->CS44,0,0,0
5,US12->CS52,0,0,0
5,US12->CS60,0,0,0
5,US13->CS5,0,0,0
5,US13->CS13,0,0,0
5,US13->CS21,0,0,0
5,US13->CS29,0,0,0
5,US13->CS37,0,0,0
5,US13->CS45,0,0,0
5,US13->CS53,0,0,0
5,US13->CS61,0,0,0
5,US14->CS6,0,0,0
5,US14->CS14,0,0,0
5,US14->CS22,0,0,0
5,US14->CS30,0,0,0
5,US14->CS38,0,0,0
5,US14->CS46,0,0,0
5,US14->CS54,0,0,0
5,US14->CS62,0,0,0
5,US15->CS7,0,0,0
5,US15->CS15,0,0,0
5,US15->CS23,0,0,0
5,US15->CS31,0,0,0
5,US15->CS39,0,0,0
5,US15->CS47,0,0,0
5,US15->CS55,0,0,0
5,US15->CS63,0,0,0
5,US16->CS0,24808,24808,0
5,US16->CS8,24887,24886,0
5,US16->CS16,25047,25045,0
5,US16->CS24,24873,24872,0
5,US16->CS32,24661,24661,0
5,US16->CS40,24821,24821,0
5,US16->CS48,25120,25120,0
5,US16->CS56,24995,24993,0
5,US17->CS1,25119,25118,0
5,US17->CS9,24980,24979,0
5,US17->CS17,24793,24793,0
5,US17->CS25,24957,24957,0
5,US17->CS33,25009,25008,0
5,US17->CS41,24876,24876,0
5,US17->CS49,25070,25069,0
5,US17->CS57,24753,24750,0
5,US18->CS2,24749,24747,0
5,US18->CS10,24849,24849,0
5,US18->CS18,24926,24926,0
5,US18->CS26,24849,24848,0
5,US18->CS34,24473,24473,0
5,US18->CS42,24893,24892,0
5,US18->CS50,24922,24921,0
5,US18->CS58,24693,24692,0
5,US19->CS3,25116,25115,0
5,US19->CS11,24859,24859,0
5,US19->CS19,24654,24653,0
5,US19->CS27,24677,24677,0
5,US19->CS35,24912,24911,0
5,US19->CS43,24761,24761,0
5,US19->CS51,24929,24929,0
5,US19->CS59,24691,24691,0
5,US20->CS4,25002,25002,0
5,US20->CS12,24726,24725,0
5,US20->CS20,24971,24971,0
5,US20->CS28,24897,24897,0
5,US20->CS36,24674,24674,0
5,US20->CS44,24864,24864,0
5,US20->CS52,25002,25002,0
5,US20->CS60,24434,24434,0
5,US21->CS5,24669,24669,0
5,US21->CS13,24825,24824,0
5,US21->CS21,25127,25127,0
5,US21->CS29,25010,25010,0
5,US21->CS37,24754,24753,0
5,US21->CS45,24833,24833,0
5,US21->CS53,24911,24910,0
5,US21->CS61,24496,24495,0
5,US22->CS6,24715,24715,0
5,US22->CS14,25094,25094,0
5,US22->CS22,25121,25119,0
5,US22->CS30,24921,24921,0
5,US22->CS38,24921,24918,0
5,US22->CS46,24718,24717,0
5,US22->CS54,24893,24893,0
5,US22->CS62,24689,24689,0
5,US23->CS7,24843,24842,0
5,US23->CS15,24663,24662,0
5,US23->CS23,24918,24918,0
5,US23->CS31,24905,24905,0
5,US23->CS39,24670,24670,0
5,US23->CS47,24953,24951,0
5,US23->CS55,24848,24848,0
5,US23->CS63,24904,24904,0
5,US24->CS0,0,0,0
5,US24->CS8,0,0,0
5,US24->CS16,0,0,0
5,US24->CS24,0,0,0
5,US24->CS32,0,0,0
5,US24->CS40,0,0,0
5,US24->CS48,0,0,0
5,US24->CS56,0,0,0
5,US25->CS1,0,0,0
5,US25->CS9,0,0,0
5,US25->CS17,0,0,0
5,US25->CS25,0,0,0
5,US25->CS33,0,0,0
5,US25->CS41,0,0,0
5,US25->CS49,0,0,0
5,US25->CS57,0,0,0
5,US26->CS2,0,0,0
5,US26->CS10,0,0,0
5,US26->CS18,0,0,0
5,US26->CS26,0,0,0
5,US26->CS34,0,0,0
5,US26->CS42,0,0,0
5,US26->CS50,0,0,0
5,US26->CS58,0,0,0
5,US27->CS3,0,0,0
5,US27->CS11,0,0,0
5,US27->CS19,0,0,0
5,US27->CS27,0,0,0
5,US27->CS35,0,0,0
5,US27->CS43,0,0,0
5,US27->CS51,0,0,0
5,US27->CS59,0,0,0
5,US28->CS4,0,0,0
5,US28->CS12,0,0,0
5,US28->CS20,0,0,0
5,US28->CS28,0,0,0
5,US28->CS36,0,0,0
5,US28->CS44,0,0,0
5,US28->CS52,0,0,0
5,US28->CS60,0,0,0
5,US29->CS5,0,0,0
5,US29->CS13,0,0,0
5,US29->CS21,0,0,0
5,US29->CS29,0,0,0
5,US29->CS37,0,0,0
5,US29->CS45,0,0,0
5,US29->CS53,0,0,0
5,US29->CS61,0,0,0
5,US30->CS6,0,0,0
5,US30->CS14,0,0,0
5,US30->CS22,0,0,0
5,US30->CS30,0,0,0
5,US30->CS38,0,0,0
5,US30->CS46,0,0,0
5,US30->CS54,0,0,0
5,US30->CS62,0,0,0
5,US31->CS7,0,0,0
5,US31->CS15,0,0,0
5,US31->CS23,0,0,0
5,US31->CS31,0,0,0
5,US31->CS39,0,0,0
5,US31->CS47,0,0,0
5,US31->CS55,0,0,0
5,US31->CS63,0,0,0
5,US32->CS0,0,0,0
5,US32->CS8,0,0,0
5,US32->CS16,0,0,0
5,US32->CS24,0,0,0
5,US32->CS32,0,0,0
5,US32->CS40,0,0,0
5,US32->CS48,0,0,0
5,US32->CS56,0,0,0
5,US33->CS1,0,0,0
5,US33->CS9,0,0,0
5,US33->CS17,0,0,0
5,US33->CS25,0,0,0
5,US33->CS33,0,0,0
5,US33->CS41,0,0,0
5,US33->CS49,0,0,0
5,US33->CS57,0,0,0
5,US34->CS2,0,0,0
5,US34->CS10,0,0,0
5,US34->CS18,0,0,0
5,US34->CS26,0,0,0
5,US34->CS34,0,0,0
5,US34->CS42,0,0,0
5,US34->CS50,0,0,0
5,US34->CS58,0,0,0
5,US35->CS3,0,0,0
5,US35->CS11,0,0,0
5,US35->CS19,0,0,0
5,US35->CS27,0,0,0
5,US35->CS35,0,0,0
5,US35->CS43,0,0,0
5,US35->CS51,0,0,0
5,US35->CS59,0,0,0
5,US36->CS4,0,0,0
5,US36->CS12,0,0,0
5,US36->CS20,0,0,0
5,US36->CS28,0,0,0
5,US36->CS36,0,0,0
5,US36->CS44,0,0,0
5,US36->CS52,0,0,0
5,US36->CS60,0,0,0
5,US37->CS5,0,0,0
5,US37->CS13,0,0,0
5,US37->CS21,0,0,0
5,US37->CS29,0,0,0
5,US37->CS37,0,0,0
5,US37->CS45,0,0,0
5,US37->CS53,0,0,0
5,US37->CS61,0,0,0
5,US38->CS6,0,0,0
5,US38->CS14,0,0,0
5,US38->CS22,0,0,0
5,US38->CS30,0,0,0
5,US38->CS38,0,0,0
5,US38->CS46,0,0,0
5,US38->CS54,0,0,0
5,US38->CS62,0,0,0
5,US39->CS7,0,0,0
5,US39->CS15,0,0,0
5,US39->CS23,0,0,0
5,US39->CS31,0,0,0
5,US39->CS39,0,0,0
5,US39->CS47,0,0,0
5,US39->CS55,0,0,0
5,US39->CS63,0,0,0
5,US40->CS0,54521,54521,0
5,US40->CS8,54342,54342,0
5,US40->CS16,54574,54574,0
5,US40->CS24,54722,54722,0
5,US40->CS32,54340,54340,0
5,US40->CS40,54688,54688,0
5,US40->CS48,54702,54702,0
5,US40->CS56,53827,53827,0
5,US41->CS1,54131,54131,0
5,US41->CS9,54516,54516,0
5,US41->CS17,54760,54760,0
5,US41->CS25,54698,54698,0
5,US41->CS33,54512,54512,0
5,US41->CS41,54455,54455,0
5,US41->CS49,54575,54575,0
5,US41->CS57,54173,54173,0
5,US42->CS2,54081,54081,0
5,US42->CS10,54351,54351,0
5,US42->CS18,54143,54143,0
5,US42->CS26,54275,54275,0
5,US42->CS34,54242,54242,0
5,US42->CS42,54644,54644,0
5,US42->CS50,53931,53931,0
5,US42->CS58,54180,54180,0
5,US43->CS3,54183,54183,0
5,US43->CS11,54398,54398,0
5,US43->CS19,54033,54033,0
5,US43->CS27,54486,54486,0
5,US43->CS35,54575,54575,0
5,US43->CS43,54541,54541,0
5,US43->CS51,54484,54484,0
5,US43->CS59,54277,54277,0
5,US44->CS4,54229,54229,0
5,US44->CS12,54630,54630,0
5,US44->CS20,54455,54455,0
5,US44->CS28,54123,54123,0
5,US44->CS36,54315,54315,0
5,US44->CS44,54186,54186,0
5,US44->CS52,54391,54391,0
5,US44->CS60,54650,54650,0
5,US45->CS5,54840,54840,0
5,US45->CS13,54562,54562,0
5,US45->CS21,54437,54437,0
5,US45->CS29,54728,54728,0
5,US45->CS37,54460,54460,0
5,US45->CS45,54447,54447,0
5,US45->CS53,54463,54463,0
5,US45->CS61,54497,54497,0
5,US46->CS6,54135,54135,0
5,US46->CS14,54736,54736,0
5,US46->CS22,54223,54223,0
5,US46->CS30,54758,54758,0
5,US46->CS38,53990,53990,0
5,US46->CS46,54391,54391,0
5,US46->CS54,54490,54490,0
5,US46->CS62,54158,54158,0
5,US47->CS7,54347,54347,0
5,US47->CS15,54244,54244,0
5,US47->CS23,54832,54832,0
5,US47->CS31,54887,54887,0
5,US47->CS39,54706,54706,0
5,US47->CS47,54398,54398,0
5,US47->CS55,54420,54420,0
5,US47->CS63,54360,54360,0
5,US48->CS0,51826,51826,0
5,US48->CS8,51933,51933,0
5,US48->CS16,51667,51667,0
5,US48->CS24,51680,51680,0
5,US48->CS32,51513,51513,0
5,US48->CS40,51977,51977,0
5,US48->CS48,51401,51401,0
5,US48->CS56,51444,51444,0
5,US49->CS1,52203,52203,0
5,US49->CS9,52019,52019,0
5,US49->CS17,51619,51619,0
5,US49->CS25,51334,51334,0
5,US49->CS33,51849,51849,0
5,US49->CS41,51889,51889,0
5,US49->CS49,51830,51830,0
5,US49->CS57,51864,51864,0
5,US50->CS2,51542,51542,0
5,US50->CS10,51753,51753,0
5,US50->CS18,51613,51613,0
5,US50->CS26,51665,51665,0
5,US50->CS34,51747,51747,0
5,US50->CS42,51648,51648,0
5,US50->CS50,51718,51718,0
5,US50->CS58,51839,51839,0
5,US51->CS3,52136,52136,0
5,US51->CS11,51404,51404,0
5,US51->CS19,51900,51900,0
5,US51->CS27,51942,51942,0
5,US51->CS35,52021,52021,0
5,US51->CS43,51874,51874,0
5,US51->CS51,51520,51520,0
5,US51->CS59,51977,51977,0
5,US52->CS4,51614,51614,0
5,US52->CS12,51692,51692,0
5,US52->CS20,51541,51541,0
5,US52->CS28,51602,51602,0
5,US52->CS36,51990,51990,0
5,US52->CS44,52243,52243,0
5,US52->CS52,51821,51821,0
5,US52->CS60,51604,51604,0
5,US53->CS5,52134,52134,0
5,US53->CS13,51630,51630,0
5,US53->CS21,51674,51674,0
5,US53->CS29,51715,51715,0
5,US53->CS37,51549,51549,0
5,US53->CS45,51824,51824,0
5,US53->CS53,51396,51396,0
5,US53->CS61,51569,51569,0
5,US54->CS6,51792,51792,0
5,US54->CS14,52336,52336,0
5,US54->CS22,51629,51629,0
5,US54->CS30,51856,51856,0
5,US54->CS38,51735,51735,0
5,US54->CS46,52035,52035,0
5,US54->CS54,51715,51715,0
5,US54->CS62,51493,51493,0
5,US55->CS7,51733,51733,0
5,US55->CS15,51950,51950,0
5,US55->CS23,51706,51706,0
5,US55->CS31,51861,51861,0
5,US55->CS39,51696,51696,0
5,US55->CS47,51832,51832,0
5,US55->CS55,51777,51777,0
5,US55->CS63,51363,51363,0
5,US56->CS0,0,0,0
5,US56->CS8,0,0,0
5,US56->CS16,0,0,0
5,US56->CS24,0,0,0
5,US56->CS32,0,0,0
5,US56->CS40,0,0,0
5,US56->CS48,0,0,0
5,US56->CS56,0,0,0
5,US57->CS1,0,0,0
5,US57->CS9,0,0,0
5,US57->CS17,0,0,0
5,US57->CS25,0,0,0
5,US57->CS33,0,0,0
5,US57->CS41,0,0,0
5,US57->CS49,0,0,0
5,US57->CS57,0,0,0
5,US58->CS2,0,0,0
5,US58->CS10,0,0,0
5,US58->CS18,0,0,0
5,US58->CS26,0,0,0
5,US58->CS34,0,0,0
5,US58->CS42,0,0,0
5,US58->CS50,0,0,0
5,US58->CS58,0,0,0
5,US59->CS3,0,0,0
5,US59->CS11,0,0,0
5,US59->CS19,0,0,0
5,US59->CS27,0,0,0
5,US59->CS35,0,0,0
5,US59->CS43,0,0,0
5,US59->CS51,0,0,0
5,US59->CS59,0,0,0
5,US60->CS4,0,0,0
5,US60->CS12,0,0,0
5,US60->CS20,0,0,0
5,US60->CS28,0,0,0
5,US60->CS36,0,0,0
5,US60->CS44,0,0,0
5,US60->CS52,0,0,0
5,US60->CS60,0,0,0
5,US61->CS5,0,0,0
5,US61->CS13,0,0,0
5,US61->CS21,0,0,0
5,US61->CS29,0,0,0
5,US61->CS37,0,0,0
5,US61->CS45,0,0,0
5,US61->CS53,0,0,0
5,US61->CS61,0,0,0
5,US62->CS6,0,0,0
5,US62->CS14,0,0,0
5,US62->CS22,0,0,0
5,US62->CS30,0,0,0
5,US62->CS38,0,0,0
5,US62->CS46,0,0,0
5,US62->CS54,0,0,0
5,US62->CS62,0,0,0
5,US63->CS7,0,0,0
5,US63->CS15,0,0,0
5,US63->CS23,0,0,0
5,US63->CS31,0,0,0
5,US63->CS39,0,0,0
5,US63->CS47,0,0,0
5,US63->CS55,0,0,0
5,US63->CS63,0,0,0
5,US64->CS0,0,0,0
5,US64->CS8,0,0,0
5,US64->CS16,0,0,0
5,US64->CS24,0,0,0
5,US64->CS32,0,0,0
5,US64->CS40,0,0,0
5,US64->CS48,0,0,0
5,US64->CS56,0,0,0
5,US65->CS1,0,0,0
5,US65->CS9,0,0,0
5,US65->CS17,0,0,0
5,US65->CS25,0,0,0
5,US65->CS33,0,0,0
5,US65->CS41,0,0,0
5,US65->CS49,0,0,0
5,US65->CS57,0,0,0
5,US66->CS2,0,0,0
5,US66->CS10,0,0,0
5,US66->CS18,0,0,0
5,US66->CS26,0,0,0
5,US66->CS34,0,0,0
5,US66->CS42,0,0,0
5,US66->CS50,0,0,0
5,US66->CS58,0,0,0
5,US67->CS3,0,0,0
5,US67->CS11,0,0,0
5,US67->CS19,0,0,0
5,US67->CS27,0,0,0
5,US67->CS35,0,0,0
5,US67->CS43,0,0,0
5,US67->CS51,0,0,0
5,US67->CS59,0,0,0
5,US68->CS4,0,0,0
5,US68->CS12,0,0,0
5,US68->CS20,0,0,0
5,US68->CS28,0,0,0
5,US68->CS36,0,0,0
5,US68->CS44,0,0,0
5,US68->CS52,0,0,0
5,US68->CS60,0,0,0
5,US69->CS5,0,0,0
5,US69->CS13,0,0,0
5,US69->CS21,0,0,0
5,US69->CS29,0,0,0
5,US69->CS37,0,0,0
5,US69->CS45,0,0,0
5,US69->CS53,0,0,0
5,US69->CS61,0,0,0
5,US70->CS6,0,0,0
5,US70->CS14,0,0,0
5,US70->CS22,0,0,0
5,US70->CS30,0,0,0
5,US70->CS38,0,0,0
5,US70->CS46,0,0,0
5,US70->CS54,0,0,0
5,US70->CS62,0,0,0
5,US71->CS7,0,0,0
5,US71->CS15,0,0,0
5,US71->CS23,0,0,0
5,US71->CS31,0,0,0
5,US71->CS39,0,0,0
5,US71->CS47,0,0,0
5,US71->CS55,0,0,0
5,US71->CS63,0,0,0
5,US72->CS0,50866,50866,0
5,US72->CS8,50975,50975,0
5,US72->CS16,50965,50965,0
5,US72->CS24,50589,50589,0
5,US72->CS32,50466,50466,0
5,US72->CS40,50689,50689,0
5,US72->CS48,50558,50558,0
5,US72->CS56,50330,50330,0
5,US73->CS1,50236,50236,0
5,US73->CS9,50512,50512,0
5,US73->CS17,50598,50598,0
5,US73->CS25,50900,50900,0
5,US73->CS33,50614,50614,0
5,US73->CS41,50762,50762,0
5,US73->CS49,50598,50598,0
5,US73->CS57,50790,50790,0
5,US74->CS2,50622,50622,0
5,US74->CS10,50462,50462,0
5,US74->CS18,50752,50752,0
5,US74->CS26,50783,50783,0
5,US74->CS34,50587,50587,0
5,US74->CS42,50670,50670,0
5,US74->CS50,50617,50617,0
5,US74->CS58,50709,50709,0
5,US75->CS3,50808,50808,0
5,US75->CS11,50755,50755,0
5,US75->CS19,50693,50693,0
5,US75->CS27,50507,50507,0
5,US75->CS35,50484,50484,0
5,US75->CS43,50749,50749,0
5,US75->CS51,50826,50826,0
5,US75->CS59,50570,50570,0
5,US76->CS4,50782,50782,0
5,US76->CS12,50705,50705,0
5,US76->CS20,50656,50656,0
5,US76->CS28,50830,50830,0
5,US76->CS36,50725,50725,0
5,US76->CS44,50613,50613,0
5,US76->CS52,50534,50534,0
5,US76->CS60,50396,50396,0
5,US77->CS5,50485,50485,0
5,US77->CS13,51070,51070,0
5,US77->CS21,50856,50856,0
5,US77->CS29,50615,50615,0
5,US77->CS37,50447,50447,0
5,US77->CS45,50648,50648,0
5,US77->CS53,50478,50478,0
5,US77->CS61,50885,50885,0
5,US78->CS6,50525,50525,0
5,US78->CS14,50686,50686,0
5,US78->CS22,50614,50614,0
5,US78->CS30,50665,50665,0
5,US78->CS38,50174,50174,0
5,US78->CS46,50563,50563,0
5,US78->CS54,50384,50384,0
5,US78->CS62,50642,50642,0
5,US79->CS7,50556,50556,0
5,US79->CS15,50740,50740,0
5,US79->CS23,50917,50917,0
5,US79->CS31,50836,50836,0
5,US79->CS39,51001,51001,0
5,US79->CS47,50679,50679,0
5,US79->CS55,50641,50641,0
5,US79->CS63,50735,50735,0
5,US80->CS0,0,0,0
5,US80->CS8,0,0,0
5,US80->CS16,0,0,0
5,US80->CS24,0,0,0
5,US80->CS32,0,0,0
5,US80->CS40,0,0,0
5,US80->CS48,0,0,0
5,US80->CS56,0,0,0
5,US81->CS1,0,0,0
5,US81->CS9,0,0,0
5,US81->CS17,0,0,0
5,US81->CS25,0,0,0
5,US81->CS33,0,0,0
5,US81->CS41,0,0,0
5,US81->CS49,0,0,0
5,US81->CS57,0,0,0
5,US82->CS2,0,0,0
5,US82->CS10,0,0,0
5,US82->CS18,0,0,0
5,US82->CS26,0,0,0
5,US82->CS34,0,0,0
5,US82->CS42,0,0,0
5,US82->CS50,0,0,0
5,US82->CS58,0,0,0
5,US83->CS3,0,0,0
5,US83->CS11,0,0,0
5,US83->CS19,0,0,0
5,US83->CS27,0,0,0
5,US83->CS35,0,0,0
5,US83->CS43,0,0,0
5,US83->CS51,0,0,0
5,US83->CS59,0,0,0
5,US84->CS4,0,0,0
5,US84->CS12,0,0,0
5,US84->CS20,0,0,0
5,US84->CS28,0,0,0
5,US84->CS36,0,0,0
5,US84->CS44,0,0,0
5,US84->CS52,0,0,0
5,US84->CS60,0,0,0
5,US85->CS5,0,0,0
5,US85->CS13,0,0,0
5,US85->CS21,0,0,0
5,US85->CS29,0,0,0
5,US85->CS37,0,0,0
5,US85->CS45,0,0,0
5,US85->CS53,0,0,0
5,US85->CS61,0,0,0
5,US86->CS6,0,0,0
5,US86->CS14,0,0,0
5,US86->CS22,0,0,0
5,US86->CS30,0,0,0
5,US86->CS38,0,0,0
5,US86->CS46,0,0,0
5,US86->CS54,0,0,0
5,US86->CS62,0,0,0
5,US87->CS7,0,0,0
5,US87->CS15,0,0,0
5,US87->CS23,0,0,0
5,US87->CS31,0,0,0
5,US87->CS39,0,0,0
5,US87->CS47,0,0,0
5,US87->CS55,0,0,0
5,US87->CS63,0,0,0
5,US88->CS0,50579,50579,0
5,US88->CS8,50792,50792,0
5,US88->CS16,50804,50804,0
5,US88->CS24,50777,50777,0
5,US88->CS32,50791,50791,0
5,US88->CS40,51022,51022,0
5,US88->CS48,50637,50637,0
5,US88->CS56,50676,50676,0
5,US89->CS1,50690,50690,0
5,US89->CS9,50840,50840,0
5,US89->CS17,50689,50689,0
5,US89->CS25,50763,50763,0
5,US89->CS33,50558,50558,0
5,US89->CS41,50590,50590,0
5,US89->CS49,50346,50346,0
5,US89->CS57,50980,50980,0
5,US90->CS2,50731,50731,0
5,US90->CS10,51328,51328,0
5,US90->CS18,50807,50807,0
5,US90->CS26,50835,50835,0
5,US90->CS34,50514,50514,0
5,US90->CS42,50457,50457,0
5,US90->CS50,50697,50697,0
5,US90->CS58,50733,50733,0
5,US91->CS3,50877,50877,0
5,US91->CS11,50627,50627,0
5,US91->CS19,50864,50864,0
5,US91->CS27,50759,50759,0
5,US91->CS35,50268,50268,0
5,US91->CS43,51073,51073,0
5,US91->CS51,50929,50929,0
5,US91->CS59,50724,50724,0
5,US92->CS4,50673,50673,0
5,US92->CS12,50739,50739,0
5,US92->CS20,50272,50272,0
5,US92->CS28,50885,50885,0
5,US92->CS36,50549,50549,0
5,US92->CS44,50763,50763,0
5,US92->CS52,50978,50978,0
5,US92->CS60,51035,51035,0
5,US93->CS5,50504,50504,0
5,US93->CS13,50350,50350,0
5,US93->CS21,51086,51086,0
5,US93->CS29,50779,50779,0
5,US93->CS37,50802,50802,0
5,US93->CS45,50526,50526,0
5,US93->CS53,50996,50996,0
5,US93->CS61,50623,50623,0
5,US94->CS6,50478,50478,0
5,US94->CS14,50553,50553,0
5,US94->CS22,50687,50687,0
5,US94->CS30,50704,50704,0
5,US94->CS38,50809,50809,0
5,US94->CS46,50957,50957,0
5,US94->CS54,50433,50433,0
5,US94->CS62,50702,50702,0
5,US95->CS7,50670,50670,0
5,US95->CS15,50772,50772,0
5,US95->CS23,50187,50187,0
5,US95->CS31,50858,50858,0
5,US95->CS39,51177,51177,0
5,US95->CS47,50954,50954,0
5,US95->CS55,50132,50132,0
5,US95->CS63,50807,50807,0
5,US96->CS0,0,0,0
5,US96->CS8,0,0,0
5,US96->CS16,0,0,0
5,US96->CS24,0,0,0
5,US96->CS32,0,0,0
5,US96->CS40,0,0,0
5,US96->CS48,0,0,0
5,US96->CS56,0,0,0
5,US97->CS1,0,0,0
5,US97->CS9,0,0,0
5,US97->CS17,0,0,0
5,US97->CS25,0,0,0
5,US97->CS33,0,0,0
5,US97->CS41,0,0,0
5,US97->CS49,0,0,0
5,US97->CS57,0,0,0
5,US98->CS2,0,0,0
5,US98->CS10,0,0,0
5,US98->CS18,0,0,0
5,US98->CS26,0,0,0
5,US98->CS34,0,0,0
5,US98->CS42,0,0,0
5,US98->CS50,0,0,0
5,US98->CS58,0,0,0
5,US99->CS3,0,0,0
5,US99->CS11,0,0,0
5,US99->CS19,0,0,0
5,US99->CS27,0,0,0
5,US99->CS35,0,0,0
5,US99->CS43,0,0,0
5,US99->CS51,0,0,0
5,US99->CS59,0,0,0
5,US100->CS4,0,0,0
5,US100->CS12,0,0,0
5,US100->CS20,0,0,0
5,US100->CS28,0,0,0
5,US100->CS36,0,0,0
5,US100->CS44,0,0,0
5,US100->CS52,0,0,0
5,US100->CS60,0,0,0
5,US101->CS5,0,0,0
5,US101->CS13,0,0,0
5,US101->CS21,0,0,0
5,US101->CS29,0,0,0
5,US101->CS37,0,0,0
5,US101->CS45,0,0,0
5,US101->CS53,0,0,0
5,US101->CS61,0,0,0
5,US102->CS6,0,0,0
5,US102->CS14,0,0,0
5,US102->CS22,0,0,0
5,US102->CS30,0,0,0
5,US102->CS38,0,0,0
5,US102->CS46,0,0,0
5,US102->CS54,0,0,0
5,US102->CS62,0,0,0
5,US103->CS7,0,0,0
5,US103->CS15,0,0,0
5,US103->CS23,0,0,0
5,US103->CS31,0,0,0
5,US103->CS39,0,0,0
5,US103->CS47,0,0,0
5,US103->CS55,0,0,0
5,US103->CS63,0,0,0
5,US104->CS0,0,0,0
5,US104->CS8,0,0,0
5,US104->CS16,0,0,0
5,US104->CS24,0,0,0
5,US104->CS32,0,0,0
5,US104->CS40,0,0,0
5,US104->CS48,0,0,0
5,US104->CS56,0,0,0
5,US105->CS1,0,0,0
5,US105->CS9,0,0,0
5,US105->CS17,0,0,0
5,US105->CS25,0,0,0
5,US105->CS33,0,0,0
5,US105->CS41,0,0,0
5,US105->CS49,0,0,0
5,US105->CS57,0,0,0
5,US106->CS2,0,0,0
5,US106->CS10,0,0,0
5,US106->CS18,0,0,0
5,US106->CS26,0,0,0
5,US106->CS34,0,0,0
5,US106->CS42,0,0,0
5,US106->CS50,0,0,0
5,US106->CS58,0,0,0
5,US107->CS3,0,0,0
5,US107->CS11,0,0,0
5,US107->CS19,0,0,0
5,US107->CS27,0,0,0
5,US107->CS35,0,0,0
5,US107->CS43,0,0,0
5,US107->CS51,0,0,0
5,US107->CS59,0,0,0
5,US108->CS4,0,0,0
5,US108->CS12,0,0,0
5,US108->CS20,0,0,0
5,US108->CS28,0,0,0
5,US108->CS36,0,0,0
5,US108->CS44,0,0,0
5,US108->CS52,0,0,0
5,US108->CS60,0,0,0
5,US109->CS5,0,0,0
5,US109->CS13,0,0,0
5,US109->CS21,0,0,0
5,US109->CS29,0,0,0
5,US109->CS37,0,0,0
5,US109->CS45,0,0,0
5,US109->CS53,0,0,0
5,US109->CS61,0,0,0
5,US110->CS6,0,0,0
5,US110->CS14,0,0,0
5,US110->CS22,0,0,0
5,US110->CS30,0,0,0
5,US110->CS38,0,0,0
5,US110->CS46,0,0,0
5,US110->CS54,0,0,0
5,US110->CS62,0,0,0
5,US111->CS7,0,0,0
5,US111->CS15,0,0,0
5,US111->CS23,0,0,0
5,US111->CS31,0,0,0
5,US111->CS39,0,0,0
5,US111->CS47,0,0,0
5,US111->CS55,0,0,0
5,US111->CS63,0,0,0
5,US112->CS0,52469,52469,0
5,US112->CS8,52762,52762,0
5,US112->CS16,52415,52415,0
5,US112->CS24,53312,53312,0
5,US112->CS32,52654,52654,0
5,US112->CS40,52688,52688,0
5,US112->CS48,52688,52688,0
5,US112->CS56,53110,53110,0
5,US113->CS1,52677,52677,0
5,US113->CS9,53038,53038,0
5,US113->CS17,52737,52737,0
5,US113->CS25,52979,52979,0
5,US113->CS33,52873,52873,0
5,US113->CS41,52595,52595,0
5,US113->CS49,52574,52574,0
5,US113->CS57,52900,52900,0
5,US114->CS2,53025,53025,0
5,US114->CS10,53349,53349,0
5,US114->CS18,53137,53137,0
5,US114->CS26,52616,52616,0
5,US114->CS34,53018,53018,0
5,US114->CS42,52932,52932,0
5,US114->CS50,53296,53296,0
5,US114->CS58,53098,53098,0
5,US115->CS3,53299,53299,0
5,US115->CS11,53047,53047,0
5,US115->CS19,52458,52458,0
5,US115->CS27,52561,52561,0
5,US115->CS35,52685,52685,0
5,US115->CS43,53100,53100,0
5,US115->CS51,53179,53179,0
5,US115->CS59,52745,52745,0
5,US116->CS4,53065,53065,0
5,US116->CS12,52503,52503,0
5,US116->CS20,52915,52915,0
5,US116->CS28,52793,52793,0
5,US116->CS36,53074,53074,0
5,US116->CS44,52624,52624,0
5,US116->CS52,52593,52593,0
5,US116->CS60,52951,52951,0
5,US117->CS5,52733,52733,0
5,US117->CS13,53179,53179,0
5,US117->CS21,52812,52812,0
5,US117->CS29,53021,53021,0
5,US117->CS37,52709,52709,0
5,US117->CS45,52666,52666,0
5,US117->CS53,53021,53021,0
5,US117->CS61,52790,52790,0
5,US118->CS6,52726,52726,0
5,US118->CS14,52775,52775,0
5,US118->CS22,52736,52736,0
5,US118->CS30,52786,52786,0
5,US118->CS38,52759,52759,0
5,US118->CS46,52802,52802,0
5,US118->CS54,53088,53088,0
5,US118->CS62,52569,52569,0
5,US119->CS7,53104,53104,0
5,US119->CS15,53140,53140,0
5,US119->CS23,52805,52805,0
5,US119->CS31,52957,52957,0
5,US119->CS39,52872,52872,0
5,US119->CS47,52933,52933,0
5,US119->CS55,52733,52733,0
5,US119->CS63,53024,53024,0
5,US120->CS0,24612,24612,0
5,US120->CS8,24359,24359,0
5,US120->CS16,24706,24706,0
5,US120->CS24,24431,24429,0
5,US120->CS32,24718,24717,0
5,US120->CS40,24816,24816,0
5,US120->CS48,24541,24541,0
5,US120->CS56,24428,24428,0
5,US121->CS1,24692,24692,0
5,US121->CS9,24348,24347,0
5,US121->CS17,24505,24504,0
5,US121->CS25,24587,24587,0
5,US121->CS33,24578,24578,0
5,US121->CS41,24431,24429,0
5,US121->CS49,24815,24815,0
5,US121->CS57,24359,24359,0
5,US122->CS2,24686,24685,0
5,US122->CS10,24478,24478,0
5,US122->CS18,24363,24363,0
5,US122->CS26,24514,24514,0
5,US122->CS34,24511,24511,0
5,US122->CS42,24521,24521,0
5,US122->CS50,24593,24591,0
5,US122->CS58,24605,24605,0
5,US123->CS3,24794,24794,0
5,US123->CS11,24245,24243,0
5,US123->CS19,24429,24429,0
5,US123->CS27,24524,24522,0
5,US123->CS35,24592,24592,0
5,US123->CS43,24445,24445,0
5,US123->CS51,24316,24316,0
5,US123->CS59,24407,24407,0
5,US124->CS4,24560,24560,0
5,US124->CS12,24416,24416,0
5,US124->CS20,24703,24702,0
5,US124->CS28,24411,24411,0
5,US124->CS36,24456,24456,0
5,US124->CS44,24568,24568,0
5,US124->CS52,24462,24462,0
5,US124->CS60,24421,24420,0
5,US125->CS5,24401,24401,0
5,US125->CS13,24761,24760,0
5,US125->CS21,24610,24610,0
5,US125->CS29,24297,24296,0
5,US125->CS37,24424,24423,0
5,US125->CS45,24492,24489,0
5,US125->CS53,24474,24474,0
5,US125->CS61,24700,24700,0
5,US126->CS6,24615,24615,0
5,US126->CS14,24738,24738,0
5,US126->CS22,24627,24627,0
5,US126->CS30,24319,24318,0
5,US126->CS38,24593,24593,0
5,US126->CS46,24561,24559,0
5,US126->CS54,24664,24663,0
5,US126->CS62,24402,24401,0
5,US127->CS7,24717,24716,0
5,US127->CS15,24336,24336,0
5,US127->CS23,24350,24350,0
5,US127->CS31,24637,24637,0
5,US127->CS39,24403,24402,0
5,US127->CS47,24309,24309,0
5,US127->CS55,24774,24773,0
5,US127->CS63,24609,24609,0
5,CS0->US0,51565,51565,0
5,CS0->US8,0,0,0
5,CS0->US16,24698,24698,0
5,CS0->US24,0,0,0
5,CS0->US32,0,0,0
5,CS0->US40,52571,52571,0
5,CS0->US48,51599,51599,0
5,CS0->US56,0,0,0
5,CS0->US64,0,0,0
5,CS0->US72,50622,50622,0
5,CS0->US80,0,0,0
5,CS0->US88,51030,51030,0
5,CS0->US96,0,0,0
5,CS0->US104,0,0,0
5,CS0->US112,54656,54656,0
5,CS0->US120,24803,24803,0
5,CS1->US1,51878,51878,0
5,CS1->US9,0,0,0
5,CS1->US17,24779,24779,0
5,CS1->US25,0,0,0
5,CS1->US33,0,0,0
5,CS1->US41,52844,52844,0
5,CS1->US49,51590,51590,0
5,CS1->US57,0,0,0
5,CS1->US65,0,0,0
5,CS1->US73,50790,50790,0
5,CS1->US81,0,0,0
5,CS1->US89,50366,50366,0
5,CS1->US97,0,0,0
5,CS1->US105,0,0,0
5,CS1->US113,54205,54205,0
5,CS1->US121,25145,25145,0
5,CS2->US2,51299,51299,0
5,CS2->US10,0,0,0
5,CS2->US18,24794,24794,0
5,CS2->US26,0,0,0
5,CS2->US34,0,0,0
5,CS2->US42,53079,53079,0
5,CS2->US50,51275,51275,0
5,CS2->US58,0,0,0
5,CS2->US66,0,0,0
5,CS2->US74,50706,50706,0
5,CS2->US82,0,0,0
5,CS2->US90,50765,50765,0
5,CS2->US98,0,0,0
5,CS2->US106,0,0,0
5,CS2->US114,54279,54279,0
5,CS2->US122,24793,24793,0
5,CS3->US3,51827,51827,0
5,CS3->US11,0,0,0
5,CS3->US19,24877,24877,0
5,CS3->US27,0,0,0
5,CS3->US35,0,0,0
5,CS3->US43,53416,53416,0
5,CS3->US51,51734,51734,0
5,CS3->US59,0,0,0
5,CS3->US67,0,0,0
5,CS3->US75,50868,50868,0
5,CS3->US83,0,0,0
5,CS3->US91,50975,50975,0
5,CS3->US99,0,0,0
5,CS3->US107,0,0,0
5,CS3->US115,54373,54373,0
5,CS3->US123,25140,25140,0
5,CS4->US4,51364,51364,0
5,CS4->US12,0,0,0
5,CS4->US20,24683,24681,0
5,CS4->US28,0,0,0
5,CS4->US36,0,0,0
5,CS4->US44,53112,53112,0
5,CS4->US52,51609,51609,0
5,CS4->US60,0,0,0
5,CS4->US68,0,0,0
5,CS4->US76,50693,50693,0
5,CS4->US84,0,0,0
5,CS4->US92,50946,50946,0
5,CS4->US100,0,0,0
5,CS4->US108,0,0,0
5,CS4->US116,54369,54369,0
5,CS4->US124,25041,25041,0
5,CS5->US5,51894,51894,0
5,CS5->US13,0,0,0
5,CS5->US21,24488,24488,0
5,CS5->US29,0,0,0
5,CS5->US37,0,0,0
5,CS5->US45,52808,52808,0
5,CS5->US53,51314,51314,0
5,CS5->US61,0,0,0
5,CS5->US69,0,0,0
5,CS5->US77,50499,50499,0
5,CS5->US85,0,0,0
5,CS5->US93,50621,50621,0
5,CS5->US101,0,0,0
5,CS5->US109,0,0,0
5,CS5->US117,55025,55025,0
5,CS5->US125,24698,24696,0
5,CS6->US6,51478,51478,0
5,CS6->US14,0,0,0
5,CS6->US22,24683,24683,0
5,CS6->US30,0,0,0
5,CS6->US38,0,0,0
5,CS6->US46,52869,52869,0
5,CS6->US54,51253,51253,0
5,CS6->US62,0,0,0
5,CS6->US70,0,0,0
5,CS6->US78,50550,50550,0
5,CS6->US86,0,0,0
5,CS6->US94,50697,50697,0
5,CS6->US102,0,0,0
5,CS6->US110,0,0,0
5,CS6->US118,54333,54333,0
5,CS6->US126,24714,24713,0
5,CS7->US7,51461,51461,0
5,CS7->US15,0,0,0
5,CS7->US23,24828,24828,0
5,CS7->US31,0,0,0
5,CS7->US39,0,0,0
5,CS7->US47,53220,53220,0
5,CS7->US55,51569,51569,0
5,CS7->US63,0,0,0
5,CS7->US71,0,0,0
5,CS7->US79,50706,50706,0
5,CS7->US87,0,0,0
5,CS7->US95,50663,50663,0
5,CS7->US103,0,0,0
5,CS7->US111,0,0,0
5,CS7->US119,54512,54512,0
5,CS7->US127,24891,24891,0
5,CS8->US0,51697,51697,0
5,CS8->US8,0,0,0
5,CS8->US16,24471,24471,0
5,CS8->US24,0,0,0
5,CS8->US32,0,0,0
5,CS8->US40,52861,52861,0
5,CS8->US48,51076,51076,0
5,CS8->US56,0,0,0
5,CS8->US64,0,0,0
5,CS8->US72,50793,50793,0
5,CS8->US80,0,0,0
5,CS8->US88,51051,51051,0
5,CS8->US96,0,0,0
5,CS8->US104,0,0,0
5,CS8->US112,54499,54499,0
5,CS8->US120,24947,24947,0
5,CS9->US1,51783,51783,0
5,CS9->US9,0,0,0
5,CS9->US17,24470,24470,0
5,CS9->US25,0,0,0
5,CS9->US33,0,0,0
5,CS9->US41,53106,53106,0
5,CS9->US49,51092,51092,0
5,CS9->US57,0,0,0
5,CS9->US65,0,0,0
5,CS9->US73,50837,50837,0
5,CS9->US81,0,0,0
5,CS9->US89,50670,50670,0
5,CS9->US97,0,0,0
5,CS9->US105,0,0,0
5,CS9->US113,54673,54673,0
5,CS9->US121,24988,24987,0
5,CS10->US2,51433,51433,0
5,CS10->US10,0,0,0
5,CS10->US18,24591,24591,0
5,CS10->US26,0,0,0
5,CS10->US34,0,0,0
5,CS10->US42,53499,53499,0
5,CS10->US50,51454,51454,0
5,CS10->US58,0,0,0
5,CS10->US66,0,0,0
5,CS10->US74,51337,51337,0
5,CS10->US82,0,0,0
5,CS10->US90,50595,50595,0
5,CS10->US98,0,0,0
5,CS10->US106,0,0,0
5,CS10->US114,54487,54487,0
5,CS10->US122,24886,24886,0
5,CS11->US3,51104,51104,0
5,CS11->US11,0,0,0
5,CS11->US19,24361,24361,0
5,CS11->US27,0,0,0
5,CS11->US35,0,0,0
5,CS11->US43,53193,53193,0
5,CS11->US51,51774,51774,0
5,CS11->US59,0,0,0
5,CS11->US67,0,0,0
5,CS11->US75,50619,50619,0
5,CS11->US83,0,0,0
5,CS11->US91,50880,50880,0
5,CS11->US99,0,0,0
5,CS11->US107,0,0,0
5,CS11->US115,54604,54604,0
5,CS11->US123,24888,24888,0
5,CS12->US4,51370,51370,0
5,CS12->US12,0,0,0
5,CS12->US20,24483,24483,0
5,CS12->US28,0,0,0
5,CS12->US36,0,0,0
5,CS12->US44,52681,52681,0
5,CS12->US52,51574,51574,0
5,CS12->US60,0,0,0
5,CS12->US68,0,0,0
5,CS12->US76,50789,50789,0
5,CS12->US84,0,0,0
5,CS12->US92,50864,50864,0
5,CS12->US100,0,0,0
5,CS12->US108,0,0,0
5,CS12->US116,54808,54808,0
5,CS12->US124,24710,24710,0
5,CS13->US5,51338,51338,0
5,CS13->US13,0,0,0
5,CS13->US21,24832,24831,0
5,CS13->US29,0,0,0
5,CS13->US37,0,0,0
5,CS13->US45,53274,53274,0
5,CS13->US53,51649,51649,0
5,CS13->US61,0,0,0
5,CS13->US69,0,0,0
5,CS13->US77,50436,50436,0
5,CS13->US85,0,0,0
5,CS13->US93,51256,51256,0
5,CS13->US101,0,0,0
5,CS13->US109,0,0,0
5,CS13->US117,54661,54661,0
5,CS13->US125,24835,24835,0
5,CS14->US6,52032,52032,0
5,CS14->US14,0,0,0
5,CS14->US22,24800,24800,0
5,CS14->US30,0,0,0
5,CS14->US38,0,0,0
5,CS14->US46,52894,52894,0
5,CS14->US54,51644,51644,0
5,CS14->US62,0,0,0
5,CS14->US70,0,0,0
5,CS14->US78,50629,50629,0
5,CS14->US86,0,0,0
5,CS14->US94,50855,50855,0
5,CS14->US102,0,0,0
5,CS14->US110,0,0,0
5,CS14->US118,54844,54844,0
5,CS14->US126,25110,25109,0
5,CS15->US7,51652,51652,0
5,CS15->US15,0,0,0
5,CS15->US23,24407,24406,0
5,CS15->US31,0,0,0
5,CS15->US39,0,0,0
5,CS15->US47,53290,53290,0
5,CS15->US55,51482,51482,0
5,CS15->US63,0,0,0
5,CS15->US71,0,0,0
5,CS15->US79,50794,50794,0
5,CS15->US87,0,0,0
5,CS15->US95,50872,50872,0
5,CS15->US103,0,0,0
5,CS15->US111,0,0,0
5,CS15->US119,54429,54429,0
5,CS15->US127,24678,24678,0
5,CS16->US0,51417,51417,0
5,CS16->US8,0,0,0
5,CS16->US16,24777,24776,0
5,CS16->US24,0,0,0
5,CS16->US32,0,0,0
5,CS16->US40,52488,52488,0
5,CS16->US48,51163,51163,0
5,CS16->US56,0,0,0
5,CS16->US64,0,0,0
5,CS16->US72,50879,50879,0
5,CS16->US80,0,0,0
5,CS16->US88,51104,51104,0
5,CS16->US96,0,0,0
5,CS16->US104,0,0,0
5,CS16->US112,54730,54730,0
5,CS16->US120,25083,25083,0
5,CS17->US1,51356,51356,0
5,CS17->US9,0,0,0
5,CS17->US17,24597,24597,0
5,CS17->US25,0,0,0
5,CS17->US33,0,0,0
5,CS17->US41,52854,52854,0
5,CS17->US49,51609,51609,0
5,CS17->US57,0,0,0
5,CS17->US65,0,0,0
5,CS17->US73,50761,50761,0
5,CS17->US81,0,0,0
5,CS17->US89,50673,50673,0
5,CS17->US97,0,0,0
5,CS17->US105,0,0,0
5,CS17->US113,54881,54881,0
5,CS17->US121,24864,24863,0
5,CS18->US2,51369,51369,0
5,CS18->US10,0,0,0
5,CS18->US18,24462,24461,0
5,CS18->US26,0,0,0
5,CS18->US34,0,0,0
5,CS18->US42,53212,53212,0
5,CS18->US50,51404,51404,0
5,CS18->US58,0,0,0
5,CS18->US66,0,0,0
5,CS18->US74,50833,50833,0
5,CS18->US82,0,0,0
5,CS18->US90,50875,50875,0
5,CS18->US98,0,0,0
5,CS18->US106,0,0,0
5,CS18->US114,54284,54284,0
5,CS18->US122,24971,24970,0
5,CS19->US3,51655,51655,0
5,CS19->US11,0,0,0
5,CS19->US19,24516,24515,0
5,CS19->US27,0,0,0
5,CS19->US35,0,0,0
5,CS19->US43,52499,52499,0
5,CS19->US51,51469,51469,0
5,CS19->US59,0,0,0
5,CS19->US67,0,0,0
5,CS19->US75,50864,50864,0
5,CS19->US83,0,0,0
5,CS19->US91,50864,50864,0
5,CS19->US99,0,0,0
5,CS19->US107,0,0,0
5,CS19->US115,54154,54154,0
5,CS19->US123,24686,24685,0
5,CS20->US4,51318,51318,0
5,CS20->US12,0,0,0
5,CS20->US20,24766,24764,0
5,CS20->US28,0,0,0
5,CS20->US36,0,0,0
5,CS20->US44,52953,52953,0
5,CS20->US52,51410,51410,0
5,CS20->US60,0,0,0
5,CS20->US68,0,0,0
5,CS20->US76,50319,50319,0
5,CS20->US84,0,0,0
5,CS20->US92,50815,50815,0
5,CS20->US100,0,0,0
5,CS20->US108,0,0,0
5,CS20->US116,54645,54645,0
5,CS20->US124,24997,24996,0
5,CS21->US5,51370,51370,0
5,CS21->US13,0,0,0
5,CS21->US21,24697,24696,0
5,CS21->US29,0,0,0
5,CS21->US37,0,0,0
5,CS21->US45,52920,52920,0
5,CS21->US53,51458,51458,0
5,CS21->US61,0,0,0
5,CS21->US69,0,0,0
5,CS21->US77,51115,51115,0
5,CS21->US85,0,0,0
5,CS21->US93,51032,51032,0
5,CS21->US101,0,0,0
5,CS21->US109,0,0,0
5,CS21->US117,54621,54621,0
5,CS21->US125,25147,25147,0
5,CS22->US6,51375,51375,0
5,CS22->US14,0,0,0
5,CS22->US22,24687,24684,0
5,CS22->US30,0,0,0
5,CS22->US38,0,0,0
5,CS22->US46,52848,52848,0
5,CS22->US54,51478,51478,0
5,CS22->US62,0,0,0
5,CS22->US70,0,0,0
5,CS22->US78,50776,50776,0
5,CS22->US86,0,0,0
5,CS22->US94,50719,50719,0
5,CS22->US102,0,0,0
5,CS22->US110,0,0,0
5,CS22->US118,54316,54316,0
5,CS22->US126,25156,25154,0
5,CS23->US7,51377,51377,0
5,CS23->US15,0,0,0
5,CS23->US23,24406,24406,0
5,CS23->US31,0,0,0
5,CS23->US39,0,0,0
5,CS23->US47,52942,52942,0
5,CS23->US55,51290,51290,0
5,CS23->US63,0,0,0
5,CS23->US71,0,0,0
5,CS23->US79,50237,50237,0
5,CS23->US87,0,0,0
5,CS23->US95,51131,51131,0
5,CS23->US103,0,0,0
5,CS23->US111,0,0,0
5,CS23->US119,54959,54959,0
5,CS23->US127,24896,24896,0
5,CS24->US0,51376,51376,0
5,CS24->US8,0,0,0
5,CS24->US16,24521,24520,0
5,CS24->US24,0,0,0
5,CS24->US32,0,0,0
5,CS24->US40,53474,53474,0
5,CS24->US48,51397,51397,0
5,CS24->US56,0,0,0
5,CS24->US64,0,0,0
5,CS24->US72,50862,50862,0
5,CS24->US80,0,0,0
5,CS24->US88,50712,50712,0
5,CS24->US96,0,0,0
5,CS24->US104,0,0,0
5,CS24->US112,54816,54816,0
5,CS24->US120,24891,24890,0
5,CS25->US1,51099,51099,0
5,CS25->US9,0,0,0
5,CS25->US17,24689,24688,0
5,CS25->US25,0,0,0
5,CS25->US33,0,0,0
5,CS25->US41,53029,53029,0
5,CS25->US49,51470,51470,0
5,CS25->US57,0,0,0
5,CS25->US65,0,0,0
5,CS25->US73,50801,50801,0
5,CS25->US81,0,0,0
5,CS25->US89,51085,51085,0
5,CS25->US97,0,0,0
5,CS25->US105,0,0,0
5,CS25->US113,54828,54828,0
5,CS25->US121,24957,24956,0
5,CS26->US2,51392,51392,0
5,CS26->US10,0,0,0
5,CS26->US18,24604,24602,0
5,CS26->US26,0,0,0
5,CS26->US34,0,0,0
5,CS26->US42,52736,52736,0
5,CS26->US50,51191,51191,0
5,CS26->US58,0,0,0
5,CS26->US66,0,0,0
5,CS26->US74,50811,50811,0
5,CS26->US82,0,0,0
5,CS26->US90,50873,50873,0
5,CS26->US98,0,0,0
5,CS26->US106,0,0,0
5,CS26->US114,54507,54507,0
5,CS26->US122,24911,24911,0
5,CS27->US3,51638,51638,0
5,CS27->US11,0,0,0
5,CS27->US19,24630,24630,0
5,CS27->US27,0,0,0
5,CS27->US35,0,0,0
5,CS27->US43,52670,52670,0
5,CS27->US51,51575,51575,0
5,CS27->US59,0,0,0
5,CS27->US67,0,0,0
5,CS27->US75,50811,50811,0
5,CS27->US83,0,0,0
5,CS27->US91,50667,50667,0
5,CS27->US99,0,0,0
5,CS27->US107,0,0,0
5,CS27->US115,54622,54622,0
5,CS27->US123,24712,24711,0
5,CS28->US4,51321,51321,0
5,CS28->US12,0,0,0
5,CS28->US20,24543,24543,0
5,CS28->US28,0,0,0
5,CS28->US36,0,0,0
5,CS28->US44,52921,52921,0
5,CS28->US52,51115,51115,0
5,CS28->US60,0,0,0
5,CS28->US68,0,0,0
5,CS28->US76,50858,50858,0
5,CS28->US84,0,0,0
5,CS28->US92,50985,50985,0
5,CS28->US100,0,0,0
5,CS28->US108,0,0,0
5,CS28->US116,54325,54325,0
5,CS28->US124,24895,24895,0
5,CS29->US5,51448,51448,0
5,CS29->US13,0,0,0
5,CS29->US21,24391,24391,0
5,CS29->US29,0,0,0
5,CS29->US37,0,0,0
5,CS29->US45,53133,53133,0
5,CS29->US53,51270,51270,0
5,CS29->US61,0,0,0
5,CS29->US69,0,0,0
5,CS29->US77,50790,50790,0
5,CS29->US85,0,0,0
5,CS29->US93,50724,50724,0
5,CS29->US101,0,0,0
5,CS29->US109,0,0,0
5,CS29->US117,54854,54854,0
5,CS29->US125,25056,25056,0
5,CS30->US6,51533,51533,0
5,CS30->US14,0,0,0
5,CS30->US22,24436,24436,0
5,CS30->US30,0,0,0
5,CS30->US38,0,0,0
5,CS30->US46,52931,52931,0
5,CS30->US54,51550,51550,0
5,CS30->US62,0,0,0
5,CS30->US70,0,0,0
5,CS30->US78,50713,50713,0
5,CS30->US86,0,0,0
5,CS30->US94,50820,50820,0
5,CS30->US102,0,0,0
5,CS30->US110,0,0,0
5,CS30->US118,54939,54939,0
5,CS30->US126,24944,24942,0
5,CS31->US7,51574,51574,0
5,CS31->US15,0,0,0
5,CS31->US23,24749,24748,0
5,CS31->US31,0,0,0
5,CS31->US39,0,0,0
5,CS31->US47,53135,53135,0
5,CS31->US55,51392,51392,0
5,CS31->US63,0,0,0
5,CS31->US71,0,0,0
5,CS31->US79,50870,50870,0
5,CS31->US87,0,0,0
5,CS31->US95,50921,50921,0
5,CS31->US103,0,0,0
5,CS31->US111,0,0,0
5,CS31->US119,55061,55061,0
5,CS31->US127,24929,24929,0
5,CS32->US0,51219,51219,0
5,CS32->US8,0,0,0
5,CS32->US16,24821,24821,0
5,CS32->US24,0,0,0
5,CS32->US32,0,0,0
5,CS32->US40,52817,52817,0
5,CS32->US48,51367,51367,0
5,CS32->US56,0,0,0
5,CS32->US64,0,0,0
5,CS32->US72,50796,50796,0
5,CS32->US80,0,0,0
5,CS32->US88,50604,50604,0
5,CS32->US96,0,0,0
5,CS32->US104,0,0,0
5,CS32->US112,54567,54567,0
5,CS32->US120,24654,24654,0
5,CS33->US1,51556,51556,0
5,CS33->US9,0,0,0
5,CS33->US17,24721,24720,0
5,CS33->US25,0,0,0
5,CS33->US33,0,0,0
5,CS33->US41,53040,53040,0
5,CS33->US49,51553,51553,0
5,CS33->US57,0,0,0
5,CS33->US65,0,0,0
5,CS33->US73,50483,50483,0
5,CS33->US81,0,0,0
5,CS33->US89,50701,50701,0
5,CS33->US97,0,0,0
5,CS33->US105,0,0,0
5,CS33->US113,54748,54748,0
5,CS33->US121,25047,25045,0
5,CS34->US2,51476,51476,0
5,CS34->US10,0,0,0
5,CS34->US18,24594,24594,0
5,CS34->US26,0,0,0
5,CS34->US34,0,0,0
5,CS34->US42,53104,53104,0
5,CS34->US50,51281,51281,0
5,CS34->US58,0,0,0
5,CS34->US66,0,0,0
5,CS34->US74,50538,50538,0
5,CS34->US82,0,0,0
5,CS34->US90,50761,50761,0
5,CS34->US98,0,0,0
5,CS34->US106,0,0,0
5,CS34->US114,54382,54382,0
5,CS34->US122,24484,24484,0
5,CS35->US3,51717,51717,0
5,CS35->US11,0,0,0
5,CS35->US19,24686,24685,0
5,CS35->US27,0,0,0
5,CS35->US35,0,0,0
5,CS35->US43,52879,52879,0
5,CS35->US51,51210,51210,0
5,CS35->US59,0,0,0
5,CS35->US67,0,0,0
5,CS35->US75,50312,50312,0
5,CS35->US83,0,0,0
5,CS35->US91,50562,50562,0
5,CS35->US99,0,0,0
5,CS35->US107,0,0,0
5,CS35->US115,54745,54745,0
5,CS35->US123,24943,24942,0
5,CS36->US4,51655,51655,0
5,CS36->US12,0,0,0
5,CS36->US20,24544,24543,0
5,CS36->US28,0,0,0
5,CS36->US36,0,0,0
5,CS36->US44,53278,53278,0
5,CS36->US52,51348,51348,0
5,CS36->US60,0,0,0
5,CS36->US68,0,0,0
5,CS36->US76,50608,50608,0
5,CS36->US84,0,0,0
5,CS36->US92,50766,50766,0
5,CS36->US100,0,0,0
5,CS36->US108,0,0,0
5,CS36->US116,54480,54480,0
5,CS36->US124,24764,24763,0
5,CS37->US5,51251,51251,0
5,CS37->US13,0,0,0
5,CS37->US21,24521,24521,0
5,CS37->US29,0,0,0
5,CS37->US37,0,0,0
5,CS37->US45,52877,52877,0
5,CS37->US53,51585,51585,0
5,CS37->US61,0,0,0
5,CS37->US69,0,0,0
5,CS37->US77,50865,50865,0
5,CS37->US85,0,0,0
5,CS37->US93,50560,50560,0
5,CS37->US101,0,0,0
5,CS37->US109,0,0,0
5,CS37->US117,54607,54607,0
5,CS37->US125,24770,24770,0
5,CS38->US6,51429,51429,0
5,CS38->US14,0,0,0
5,CS38->US22,24659,24659,0
5,CS38->US30,0,0,0
5,CS38->US38,0,0,0
5,CS38->US46,52955,52955,0
5,CS38->US54,51154,51154,0
5,CS38->US62,0,0,0
5,CS38->US70,0,0,0
5,CS38->US78,50843,50843,0
5,CS38->US86,0,0,0
5,CS38->US94,50256,50256,0
5,CS38->US102,0,0,0
5,CS38->US110,0,0,0
5,CS38->US118,54157,54157,0
5,CS38->US126,24946,24946,0
5,CS39->US7,51395,51395,0
5,CS39->US15,0,0,0
5,CS39->US23,24533,24533,0
5,CS39->US31,0,0,0
5,CS39->US39,0,0,0
5,CS39->US47,53016,53016,0
5,CS39->US55,51422,51422,0
5,CS39->US63,0,0,0
5,CS39->US71,0,0,0
5,CS39->US79,51193,51193,0
5,CS39->US87,0,0,0
5,CS39->US95,51133,51133,0
5,CS39->US103,0,0,0
5,CS39->US111,0,0,0
5,CS39->US119,54838,54838,0
5,CS39->US127,24695,24695,0
5,CS40->US0,51739,51739,0
5,CS40->US8,0,0,0
5,CS40->US16,24900,24900,0
5,CS40->US24,0,0,0
5,CS40->US32,0,0,0
5,CS40->US40,52766,52766,0
5,CS40->US48,51560,51560,0
5,CS40->US56,0,0,0
5,CS40->US64,0,0,0
5,CS40->US72,51112,51112,0
5,CS40->US80,0,0,0
5,CS40->US88,50836,50836,0
5,CS40->US96,0,0,0
5,CS40->US104,0,0,0
5,CS40->US112,54780,54780,0
5,CS40->US120,24834,24834,0
5,CS41->US1,51610,51610,0
5,CS41->US9,0,0,0
5,CS41->US17,24537,24536,0
5,CS41->US25,0,0,0
5,CS41->US33,0,0,0
5,CS41->US41,52717,52717,0
5,CS41->US49,51678,51678,0
5,CS41->US57,0,0,0
5,CS41->US65,0,0,0
5,CS41->US73,50616,50616,0
5,CS41->US81,0,0,0
5,CS41->US89,50913,50913,0
5,CS41->US97,0,0,0
5,CS41->US105,0,0,0
5,CS41->US113,54600,54600,0
5,CS41->US121,24882,24881,0
5,CS42->US2,51387,51387,0
5,CS42->US10,0,0,0
5,CS42->US18,24636,24636,0
5,CS42->US26,0,0,0
5,CS42->US34,0,0,0
5,CS42->US42,53031,53031,0
5,CS42->US50,51460,51460,0
5,CS42->US58,0,0,0
5,CS42->US66,0,0,0
5,CS42->US74,50457,50457,0
5,CS42->US82,0,0,0
5,CS42->US90,50822,50822,0
5,CS42->US98,0,0,0
5,CS42->US106,0,0,0
5,CS42->US114,54815,54815,0
5,CS42->US122,24902,24901,0
5,CS43->US3,51586,51586,0
5,CS43->US11,0,0,0
5,CS43->US19,24544,24544,0
5,CS43->US27,0,0,0
5,CS43->US35,0,0,0
5,CS43->US43,53199,53199,0
5,CS43->US51,51904,51904,0
5,CS43->US59,0,0,0
5,CS43->US67,0,0,0
5,CS43->US75,51092,51092,0
5,CS43->US83,0,0,0
5,CS43->US91,50901,50901,0
5,CS43->US99,0,0,0
5,CS43->US107,0,0,0
5,CS43->US115,54681,54681,0
5,CS43->US123,24798,24798,0
5,CS44->US4,51978,51978,0
5,CS44->US12,0,0,0
5,CS44->US20,24654,24651,0
5,CS44->US28,0,0,0
5,CS44->US36,0,0,0
5,CS44->US44,52733,52733,0
5,CS44->US52,51374,51374,0
5,CS44->US60,0,0,0
5,CS44->US68,0,0,0
5,CS44->US76,50799,50799,0
5,CS44->US84,0,0,0
5,CS44->US92,50748,50748,0
5,CS44->US100,0,0,0
5,CS44->US108,0,0,0
5,CS44->US116,54343,54343,0
5,CS44->US124,24885,24885,0
5,CS45->US5,51547,51547,0
5,CS45->US13,0,0,0
5,CS45->US21,24596,24594,0
5,CS45->US29,0,0,0
5,CS45->US37,0,0,0
5,CS45->US45,52786,52786,0
5,CS45->US53,51355,51355,0
5,CS45->US61,0,0,0
5,CS45->US69,0,0,0
5,CS45->US77,50523,50523,0
5,CS45->US85,0,0,0
5,CS45->US93,50764,50764,0
5,CS45->US101,0,0,0
5,CS45->US109,0,0,0
5,CS45->US117,54616,54616,0
5,CS45->US125,24874,24873,0
5,CS46->US6,51776,51776,0
5,CS46->US14,0,0,0
5,CS46->US22,24620,24620,0
5,CS46->US30,0,0,0
5,CS46->US38,0,0,0
5,CS46->US46,52923,52923,0
5,CS46->US54,51698,51698,0
5,CS46->US62,0,0,0
5,CS46->US70,0,0,0
5,CS46->US78,50971,50971,0
5,CS46->US86,0,0,0
5,CS46->US94,50637,50637,0
5,CS46->US102,0,0,0
5,CS46->US110,0,0,0
5,CS46->US118,54628,54628,0
5,CS46->US126,24781,24781,0
5,CS47->US7,51533,51533,0
5,CS47->US15,0,0,0
5,CS47->US23,24424,24424,0
5,CS47->US31,0,0,0
5,CS47->US39,0,0,0
5,CS47->US47,53022,53022,0
5,CS47->US55,51686,51686,0
5,CS47->US63,0,0,0
5,CS47->US71,0,0,0
5,CS47->US79,50979,50979,0
5,CS47->US87,0,0,0
5,CS47->US95,50882,50882,0
5,CS47->US103,0,0,0
5,CS47->US111,0,0,0
5,CS47->US119,54512,54512,0
5,CS47->US127,24957,24956,0
5,CS48->US0,51153,51153,0
5,CS48->US8,0,0,0
5,CS48->US16,24583,24582,0
5,CS48->US24,0,0,0
5,CS48->US32,0,0,0
5,CS48->US40,52779,52779,0
5,CS48->US48,51659,51659,0
5,CS48->US56,0,0,0
5,CS48->US64,0,0,0
5,CS48->US72,50704,50704,0
5,CS48->US80,0,0,0
5,CS48->US88,50695,50695,0
5,CS48->US96,0,0,0
5,CS48->US104,0,0,0
5,CS48->US112,54872,54872,0
5,CS48->US120,25140,25140,0
5,CS49->US1,51540,51540,0
5,CS49->US9,0,0,0
5,CS49->US17,24937,24937,0
5,CS49->US25,0,0,0
5,CS49->US33,0,0,0
5,CS49->US41,52742,52742,0
5,CS49->US49,51391,51391,0
5,CS49->US57,0,0,0
5,CS49->US65,0,0,0
5,CS49->US73,50380,50380,0
5,CS49->US81,0,0,0
5,CS49->US89,50661,50661,0
5,CS49->US97,0,0,0
5,CS49->US105,0,0,0
5,CS49->US113,54643,54643,0
5,CS49->US121,25128,25128,0
5,CS50->US2,51446,51446,0
5,CS50->US10,0,0,0
5,CS50->US18,24658,24658,0
5,CS50->US26,0,0,0
5,CS50->US34,0,0,0
5,CS50->US42,53384,53384,0
5,CS50->US50,51666,51666,0
5,CS50->US58,0,0,0
5,CS50->US66,0,0,0
5,CS50->US74,50765,50765,0
5,CS50->US82,0,0,0
5,CS50->US90,50793,50793,0
5,CS50->US98,0,0,0
5,CS50->US106,0,0,0
5,CS50->US114,54075,54075,0
5,CS50->US122,24929,24929,0
5,CS51->US3,51229,51229,0
5,CS51->US11,0,0,0
5,CS51->US19,24407,24406,0
5,CS51->US27,0,0,0
5,CS51->US35,0,0,0
5,CS51->US43,53294,53294,0
5,CS51->US51,51897,51897,0
5,CS51->US59,0,0,0
5,CS51->US67,0,0,0
5,CS51->US75,50961,50961,0
5,CS51->US83,0,0,0
5,CS51->US91,50954,50954,0
5,CS51->US99,0,0,0
5,CS51->US107,0,0,0
5,CS51->US115,54614,54614,0
5,CS51->US123,24976,24975,0
5,CS52->US4,51618,51618,0
5,CS52->US12,0,0,0
5,CS52->US20,24545,24545,0
5,CS52->US28,0,0,0
5,CS52->US36,0,0,0
5,CS52->US44,52660,52660,0
5,CS52->US52,51776,51776,0
5,CS52->US60,0,0,0
5,CS52->US68,0,0,0
5,CS52->US76,51009,51009,0
5,CS52->US84,0,0,0
5,CS52->US92,50642,50642,0
5,CS52->US100,0,0,0
5,CS52->US108,0,0,0
5,CS52->US116,54537,54537,0
5,CS52->US124,25030,25030,0
5,CS53->US5,51134,51134,0
5,CS53->US13,0,0,0
5,CS53->US21,24517,24517,0
5,CS53->US29,0,0,0
5,CS53->US37,0,0,0
5,CS53->US45,53145,53145,0
5,CS53->US53,51299,51299,0
5,CS53->US61,0,0,0
5,CS53->US69,0,0,0
5,CS53->US77,51109,51109,0
5,CS53->US85,0,0,0
5,CS53->US93,50578,50578,0
5,CS53->US101,0,0,0
5,CS53->US109,0,0,0
5,CS53->US117,54578,54578,0
5,CS53->US125,24948,24948,0
5,CS54->US6,51447,51447,0
5,CS54->US14,0,0,0
5,CS54->US22,24760,24759,0
5,CS54->US30,0,0,0
5,CS54->US38,0,0,0
5,CS54->US46,53191,53191,0
5,CS54->US54,51875,51875,0
5,CS54->US62,0,0,0
5,CS54->US70,0,0,0
5,CS54->US78,50482,50482,0
5,CS54->US86,0,0,0
5,CS54->US94,50518,50518,0
5,CS54->US102,0,0,0
5,CS54->US110,0,0,0
5,CS54->US118,54604,54604,0
5,CS54->US126,24924,24924,0
5,CS55->US7,51465,51465,0
5,CS55->US15,0,0,0
5,CS55->US23,24871,24871,0
5,CS55->US31,0,0,0
5,CS55->US39,0,0,0
5,CS55->US47,52901,52901,0
5,CS55->US55,51387,51387,0
5,CS55->US63,0,0,0
5,CS55->US71,0,0,0
5,CS55->US79,50144,50144,0
5,CS55->US87,0,0,0
5,CS55->US95,50739,50739,0
5,CS55->US103,0,0,0
5,CS55->US111,0,0,0
5,CS55->US119,54635,54635,0
5,CS55->US127,24894,24893,0
5,CS56->US0,51177,51177,0
5,CS56->US8,0,0,0
5,CS56->US16,24490,24490,0
5,CS56->US24,0,0,0
5,CS56->US32,0,0,0
5,CS56->US40,53203,53203,0
5,CS56->US48,51396,51396,0
5,CS56->US56,0,0,0
5,CS56->US64,0,0,0
5,CS56->US72,50707,50707,0
5,CS56->US80,0,0,0
5,CS56->US88,50494,50494,0
5,CS56->US96,0,0,0
5,CS56->US104,0,0,0
5,CS56->US112,54054,54054,0
5,CS56->US120,25003,25002,0
5,CS57->US1,51573,51573,0
5,CS57->US9,0,0,0
5,CS57->US17,24440,24440,0
5,CS57->US25,0,0,0
5,CS57->US33,0,0,0
5,CS57->US41,53016,53016,0
5,CS57->US49,51222,51222,0
5,CS57->US57,0,0,0
5,CS57->US65,0,0,0
5,CS57->US73,50966,50966,0
5,CS57->US81,0,0,0
5,CS57->US89,50968,50968,0
5,CS57->US97,0,0,0
5,CS57->US105,0,0,0
5,CS57->US113,54410,54410,0
5,CS57->US121,24747,24744,0
5,CS58->US2,51602,51602,0
5,CS58->US10,0,0,0
5,CS58->US18,24706,24705,0
5,CS58->US26,0,0,0
5,CS58->US34,0,0,0
5,CS58->US42,53133,53133,0
5,CS58->US50,51554,51554,0
5,CS58->US58,0,0,0
5,CS58->US66,0,0,0
5,CS58->US74,50714,50714,0
5,CS58->US82,0,0,0
5,CS58->US90,50874,50874,0
5,CS58->US98,0,0,0
5,CS58->US106,0,0,0
5,CS58->US114,54350,54350,0
5,CS58->US122,24729,24729,0
5,CS59->US3,51724,51724,0
5,CS59->US11,0,0,0
5,CS59->US19,24524,24524,0
5,CS59->US27,0,0,0
5,CS59->US35,0,0,0
5,CS59->US43,52833,52833,0
5,CS59->US51,51289,51289,0
5,CS59->US59,0,0,0
5,CS59->US67,0,0,0
5,CS59->US75,50721,50721,0
5,CS59->US83,0,0,0
5,CS59->US91,50726,50726,0
5,CS59->US99,0,0,0
5,CS59->US107,0,0,0
5,CS59->US115,54400,54400,0
5,CS59->US123,24700,24700,0
5,CS60->US4,51352,51352,0
5,CS60->US12,0,0,0
5,CS60->US20,24517,24517,0
5,CS60->US28,0,0,0
5,CS60->US36,0,0,0
5,CS60->US44,53025,53025,0
5,CS60->US52,51818,51818,0
5,CS60->US60,0,0,0
5,CS60->US68,0,0,0
5,CS60->US76,51118,51118,0
5,CS60->US84,0,0,0
5,CS60->US92,50546,50546,0
5,CS60->US100,0,0,0
5,CS60->US108,0,0,0
5,CS60->US116,54771,54771,0
5,CS60->US124,24462,24462,0
5,CS61->US5,51262,51262,0
5,CS61->US13,0,0,0
5,CS61->US21,24799,24799,0
5,CS61->US29,0,0,0
5,CS61->US37,0,0,0
5,CS61->US45,52954,52954,0
5,CS61->US53,51978,51978,0
5,CS61->US61,0,0,0
5,CS61->US69,0,0,0
5,CS61->US77,50658,50658,0
5,CS61->US85,0,0,0
5,CS61->US93,50984,50984,0
5,CS61->US101,0,0,0
5,CS61->US109,0,0,0
5,CS61->US117,54592,54592,0
5,CS61->US125,24539,24539,0
5,CS62->US6,51232,51232,0
5,CS62->US14,0,0,0
5,CS62->US22,24494,24494,0
5,CS62->US30,0,0,0
5,CS62->US38,0,0,0
5,CS62->US46,52659,52659,0
5,CS62->US54,51362,51362,0
5,CS62->US62,0,0,0
5,CS62->US70,0,0,0
5,CS62->US78,50695,50695,0
5,CS62->US86,0,0,0
5,CS62->US94,50777,50777,0
5,CS62->US102,0,0,0
5,CS62->US110,0,0,0
5,CS62->US118,54369,54369,0
5,CS62->US126,24725,24724,0
5,CS63->US7,51068,51068,0
5,CS63->US15,0,0,0
5,CS63->US23,24720,24720,0
5,CS63->US31,0,0,0
5,CS63->US39,0,0,0
5,CS63->US47,53132,53132,0
5,CS63->US55,51864,51864,0
5,CS63->US63,0,0,0
5,CS63->US71,0,0,0
5,CS63->US79,50815,50815,0
5,CS63->US87,0,0,0
5,CS63->US95,50875,50875,0
5,CS63->US103,0,0,0
5,CS63->US111,0,0,0
5,CS63->US119,54504,54504,0
5,CS63->US127,24951,24950,0
6,US0->CS0,51863,51863,0
6,US0->CS8,51346,51346,0
6,US0->CS16,51465,51465,0
6,US0->CS24,51668,51668,0
6,US0->CS32,51703,51703,0
6,US0->CS40,51826,51826,0
6,US0->CS48,51938,51938,0
6,US0->CS56,51716,51716,0
6,US1->CS1,51851,51851,0
6,US1->CS9,51370,51370,0
6,US1->CS17,51895,51895,0
6,US1->CS25,51740,51740,0
6,US1->CS33,51857,51857,0
6,US1->CS41,51957,51957,0
6,US1->CS49,51615,51615,0
6,US1->CS57,51526,51526,0
6,US2->CS2,51557,51557,0
6,US2->CS10,51712,51712,0
6,US2->CS18,51670,51670,0
6,US2->CS26,51489,51489,0
6,US2->CS34,51528,51528,0
6,US2->CS42,51746,51746,0
6,US2->CS50,51945,51945,0
6,US2->CS58,51806,51806,0
6,US3->CS3,51998,51998,0
6,US3->CS11,52090,52090,0
6,US3->CS19,51678,51678,0
6,US3->CS27,51871,51871,0
6,US3->CS35,51518,51518,0
6,US3->CS43,52162,52162,0
6,US3->CS51,52150,52150,0
6,US3->CS59,51526,51526,0
6,US4->CS4,51892,51892,0
6,US4->CS12,51869,51869,0
6,US4->CS20,51711,51711,0
6,US4->CS28,51422,51422,0
6,US4->CS36,51660,51660,0
6,US4->CS44,51653,51653,0
6,US4->CS52,52036,52036,0
6,US4->CS60,52119,52119,0
6,US5->CS5,51581,51581,0
6,US5->CS13,51906,51906,0
6,US5->CS21,51758,51758,0
6,US5->CS29,51502,51502,0
6,US5->CS37,51893,51893,0
6,US5->CS45,51628,51628,0
6,US5->CS53,51570,51570,0
6,US5->CS61,52207,52207,0
6,US6->CS6,51591,51591,0
6,US6->CS14,51890,51890,0
6,US6->CS22,51720,51720,0
6,US6->CS30,51858,51858,0
6,US6->CS38,51421,51421,0
6,US6->CS46,52011,52011,0
6,US6->CS54,52135,52135,0
6,US6->CS62,51659,51659,0
6,US7->CS7,51882,51882,0
6,US7->CS15,51760,51760,0
6,US7->CS23,51524,51524,0
6,US7->CS31,51690,51690,0
6,US7->CS39,51701,51701,0
6,US7->CS47,51940,51940,0
6,US7->CS55,51712,51712,0
6,US7->CS63,52127,52127,0
6,US8->CS0,5440,5440,0
6,US8->CS8,5419,5418,0
6,US8->CS16,5493,5493,0
6,US8->CS24,5343,5343,0
6,US8->CS32,5442,5442,0
6,US8->CS40,5367,5367,0
6,US8->CS48,5259,5259,0
6,US8->CS56,5334,5334,0
6,US9->CS1,5302,5302,0
6,US9->CS9,5575,5575,0
6,US9->CS17,5331,5330,0
6,US9->CS25,5265,5265,0
6,US9->CS33,5420,5420,0
6,US9->CS41,5498,5497,0
6,US9->CS49,5328,5328,0
6,US9->CS57,5355,5355,0
6,US10->CS2,5346,5346,0
6,US10->CS10,5342,5342,0
6,US10->CS18,5430,5430,0
6,US10->CS26,5346,5346,0
6,US10->CS34,5424,5423,0
6,US10->CS42,5306,5305,0
6,US10->CS50,5351,5351,0
6,US10->CS58,5261,5261,0
6,US11->CS3,5229,5228,0
6,US11->CS11,5360,5360,0
6,US11->CS19,5315,5315,0
6,US11->CS27,5473,5473,0
6,US11->CS35,5359,5358,0
6,US11->CS43,5360,5360,0
6,US11->CS51,5467,5465,0
6,US11->CS59,5393,5393,0
6,US12->CS4,5439,5439,0
6,US12->CS12,5380,5380,0
6,US12->CS20,5327,5327,0
6,US12->CS28,5358,5357,0
6,US12->CS36,5409,5409,0
6,US12->CS44,5358,5356,0
6,US12->CS52,5526,5525,0
6,US12->CS60,5427,5426,0
6,US13->CS5,5469,5468,0
6,US13->CS13,5383,5381,0
6,US13->CS21,5256,5256,0
6,US13->CS29,5315,5315,0
6,US13->CS37,5463,5463,0
6,US13->CS45,5304,5304,0
6,US13->CS53,5394,5394,0
6,US13->CS61,5293,5292,0
6,US14->CS6,5301,5301,0
6,US14->CS14,5276,5276,0
6,US14->CS22,5364,5364,0
6,US14->CS30,5309,5309,0
6,US14->CS38,5406,5406,0
6,US14->CS46,5423,5422,0
6,US14->CS54,5422,5422,0
6,US14->CS62,5244,5244,0
6,US15->CS7,5430,5428,0
6,US15->CS15,5293,5293,0
6,US15->CS23,5572,5571,0
6,US15->CS31,5456,5456,0
6,US15->CS39,5422,5422,0
6,US15->CS47,5343,5343,0
6,US15->CS55,5299,5299,0
6,US15->CS63,5312,5311,0
6,US16->CS0,53909,53909,0
6,US16->CS8,54251,54251,0
6,US16->CS16,54048,54048,0
6,US16->CS24,54148,54148,0
6,US16->CS32,53909,53909,0
6,US16->CS40,53958,53958,0
6,US16->CS48,54358,54358,0
6,US16->CS56,53977,53977,0
6,US17->CS1,54060,54060,0
6,US17->CS9,54184,54184,0
6,US17->CS17,53989,53989,0
6,US17->CS25,53955,53955,0
6,US17->CS33,54176,54176,0
6,US17->CS41,54106,54106,0
6,US17->CS49,54115,54115,0
6,US17->CS57,53739,53739,0
6,US18->CS2,53526,53526,0
6,US18->CS10,53976,53976,0
6,US18->CS18,53976,53976,0
6,US18->CS26,53934,53934,0
6,US18->CS34,53463,53463,0
6,US18->CS42,54237,54237,0
6,US18->CS50,53869,53869,0
6,US18->CS58,53671,53671,0
6,US19->CS3,54274,54274,0
6,US19->CS11,53839,53839,0
6,US19->CS19,53861,53861,0
6,US19->CS27,53908,53908,0
6,US19->CS35,54259,54259,0
6,US19->CS43,53833,53833,0
6,US19->CS51,54294,54294,0
6,US19->CS59,53576,53576,0
6,US20->CS4,54146,54146,0
6,US20->CS12,54003,54003,0
6,US20->CS20,53925,53925,0
6,US20->CS28,54451,54451,0
6,US20->CS36,53991,53991,0
6,US20->CS44,53780,53780,0
6,US20->CS52,53866,53866,0
6,US20->CS60,53301,53301,0
6,US21->CS5,53707,53707,0
6,US21->CS13,54135,54135,0
6,US21->CS21,54182,54182,0
6,US21->CS29,54045,54045,0
6,US21->CS37,53768,53768,0
6,US21->CS45,53941,53941,0
6,US21->CS53,54054,54054,0
6,US21->CS61,53589,53589,0
6,US22->CS6,53581,53581,0
6,US22->CS14,53986,53986,0
6,US22->CS22,54264,54264,0
6,US22->CS30,54072,54072,0
6,US22->CS38,54115,54115,0
6,US22->CS46,53859,53859,0
6,US22->CS54,53552,53552,0
6,US22->CS62,53900,53900,0
6,US23->CS7,54059,54059,0
6,US23->CS15,53937,53937,0
6,US23->CS23,54216,54216,0
6,US23->CS31,53933,53933,0
6,US23->CS39,54144,54144,0
6,US23->CS47,53739,53739,0
6,US23->CS55,53723,53723,0
6,US23->CS63,53853,53853,0
6,US24->CS0,0,0,0
6,US24->CS8,0,0,0
6,US24->CS16,0,0,0
6,US24->CS24,0,0,0
6,US24->CS32,0,0,0
6,US24->CS40,0,0,0
6,US24->CS48,0,0,0
6,US24->CS56,0,0,0
6,US25->CS1,0,0,0
6,US25->CS9,0,0,0
6,US25->CS17,0,0,0
6,US25->CS25,0,0,0
6,US25->CS33,0,0,0
6,US25->CS41,0,0,0
6,US25->CS49,0,0,0
6,US25->CS57,0,0,0
6,US26->CS2,0,0,0
6,US26->CS10,0,0,0
6,US26->CS18,0,0,0
6,US26->CS26,0,0,0
6,US26->CS34,0,0,0
6,US26->CS42,0,0,0
6,US26->CS50,0,0,0
6,US26->CS58,0,0,0
6,US27->CS3,0,0,0
6,US27->CS11,0,0,0
6,US27->CS19,0,0,0
6,US27->CS27,0,0,0
6,US27->CS35,0,0,0
6,US27->CS43,0,0,0
6,US27->CS51,0,0,0
6,US27->CS59,0,0,0
6,US28->CS4,0,0,0
6,US28->CS12,0,0,0
6,US28->CS20,0,0,0
6,US28->CS28,0,0,0
6,US28->CS36,0,0,0
6,US28->CS44,0,0,0
6,US28->CS52,0,0,0
6,US28->CS60,0,0,0
6,US29->CS5,0,0,0
6,US29->CS13,0,0,0
6,US29->CS21,0,0,0
6,US29->CS29,0,0,0
6,US29->CS37,0,0,0
6,US29->CS45,0,0,0
6,US29->CS53,0,0,0
6,US29->CS61,0,0,0
6,US30->CS6,0,0,0
6,US30->CS14,0,0,0
6,US30->CS22,0,0,0
6,US30->CS30,0,0,0
6,US30->CS38,0,0,0
6,US30->CS46,0,0,0
6,US30->CS54,0,0,0
6,US30->CS62,0,0,0
6,US31->CS7,0,0,0
6,US31->CS15,0,0,0
6,US31->CS23,0,0,0
6,US31->CS31,0,0,0
6,US31->CS39,0,0,0
6,US31->CS47,0,0,0
6,US31->CS55,0,0,0
6,US31->CS63,0,0,0
6,US32->CS0,0,0,0
6,US32->CS8,0,0,0
6,US32->CS16,0,0,0
6,US32->CS24,0,0,0
6,US32->CS32,0,0,0
6,US32->CS40,0,0,0
6,US32->CS48,0,0,0
6,US32->CS56,0,0,0
6,US33->CS1,0,0,0
6,US33->CS9,0,0,0
6,US33->CS17,0,0,0
6,US33->CS25,0,0,0
6,US33->CS33,0,0,0
6,US33->CS41,0,0,0
6,US33->CS49,0,0,0
6,US33->CS57,0,0,0
6,US34->CS2,0,0,0
6,US34->CS10,0,0,0
6,US34->CS18,0,0,0
6,US34->CS26,0,0,0
6,US34->CS34,0,0,0
6,US34->CS42,0,0,0
6,US34->CS50,0,0,0
6,US34->CS58,0,0,0
6,US35->CS3,0,0,0
6,US35->CS11,0,0,0
6,US35->CS19,0,0,0
6,US35->CS27,0,0,0
6,US35->CS35,0,0,0
6,US35->CS43,0,0,0
6,US35->CS51,0,0,0
6,US35->CS59,0,0,0
6,US36->CS4,0,0,0
6,US36->CS12,0,0,0
6,US36->CS20,0,0,0
6,US36->CS28,0,0,0
6,US36->CS36,0,0,0
6,US36->CS44,0,0,0
6,US36->CS52,0,0,0
6,US36->CS60,0,0,0
6,US37->CS5,0,0,0
6,US37->CS13,0,0,0
6,US37->CS21,0,0,0
6,US37->CS29,0,0,0
6,US37->CS37,0,0,0
6,US37->CS45,0,0,0
6,US37->CS53,0,0,0
6,US37->CS61,0,0,0
6,US38->CS6,0,0,0
6,US38->CS14,0,0,0
6,US38->CS22,0,0,0
6,US38->CS30,0,0,0
6,US38->CS38,0,0,0
6,US38->CS46,0,0,0
6,US38->CS54,0,0,0
6,US38->CS62,0,0,0
6,US39->CS7,0,0,0
6,US39->CS15,0,0,0
6,US39->CS23,0,0,0
6,US39->CS31,0,0,0
6,US39->CS39,0,0,0
6,US39->CS47,0,0,0
6,US39->CS55,0,0,0
6,US39->CS63,0,0,0
6,US40->CS0,54521,54521,0
6,US40->CS8,54342,54342,0
6,US40->CS16,54574,54574,0
6,US40->CS24,54722,54722,0
6,US40->CS32,54340,54340,0
6,US40->CS40,54688,54688,0
6,US40->CS48,54702,54702,0
6,US40->CS56,53827,53827,0
6,US41->CS1,54131,54131,0
6,US41->CS9,54516,54516,0
6,US41->CS17,54760,54760,0
6,US41->CS25,54698,54698,0
6,US41->CS33,54512,54512,0
6,US41->CS41,54455,54455,0
6,US41->CS49,54575,54575,0
6,US41->CS57,54173,54173,0
6,US42->CS2,54081,54081,0
6,US42->CS10,54351,54351,0
6,US42->CS18,54143,54143,0
6,US42->CS26,54275,54275,0
6,US42->CS34,54242,54242,0
6,US42->CS42,54644,54644,0
6,US42->CS50,53931,53931,0
6,US42->CS58,54180,54180,0
6,US43->CS3,54183,54183,0
6,US43->CS11,54398,54398,0
6,US43->CS19,54033,54033,0
6,US43->CS27,54486,54486,0
6,US43->CS35,54575,54575,0
6,US43->CS43,54541,54541,0
6,US43->CS51,54484,54484,0
6,US43->CS59,54277,54277,0
6,US44->CS4,54229,54229,0
6,US44->CS12,54630,54630,0
6,US44->CS20,54455,54455,0
6,US44->CS28,54123,54123,0
6,US44->CS36,54315,54315,0
6,US44->CS44,54186,54186,0
6,US44->CS52,54391,54391,0
6,US44->CS60,54650,54650,0
6,US45->CS5,54840,54840,0
6,US45->CS13,54562,54562,0
6,US45->CS21,54437,54437,0
6,US45->CS29,54728,54728,0
6,US45->CS37,54460,54460,0
6,US45->CS45,54447,54447,0
6,US45->CS53,54463,54463,0
6,US45->CS61,54497,54497,0
6,US46->CS6,54135,54135,0
6,US46->CS14,54736,54736,0
6,US46->CS22,54223,54223,0
6,US46->CS30,54758,54758,0
6,US46->CS38,53990,53990,0
6,US46->CS46,54391,54391,0
6,US46->CS54,54490,54490,0
6,US46->CS62,54158,54158,0
6,US47->CS7,54347,54347,0
6,US47->CS15,54244,54244,0
6,US47->CS23,54832,54832,0
6,US47->CS31,54887,54887,0
6,US47->CS39,54706,54706,0
6,US47->CS47,54398,54398,0
6,US47->CS55,54420,54420,0
6,US47->CS63,54360,54360,0
6,US48->CS0,51826,51826,0
6,US48->CS8,51933,51933,0
6,US48->CS16,51667,51667,0
6,US48->CS24,51680,51680,0
6,US48->CS32,51513,51513,0
6,US48->CS40,51977,51977,0
6,US48->CS48,51401,51401,0
6,US48->CS56,51444,51444,0
6,US49->CS1,52203,52203,0
6,US49->CS9,52019,52019,0
6,US49->CS17,51619,51619,0
6,US49->CS25,51334,51334,0
6,US49->CS33,51849,51849,0
6,US49->CS41,51889,51889,0
6,US49->CS49,51830,51830,0
6,US49->CS57,51864,51864,0
6,US50->CS2,51542,51542,0
6,US50->CS10,51753,51753,0
6,US50->CS18,51613,51613,0
6,US50->CS26,51665,51665,0
6,US50->CS34,51747,51747,0
6,US50->CS42,51648,51648,0
6,US50->CS50,51718,51718,0
6,US50->CS58,51839,51839,0
6,US51->CS3,52136,52136,0
6,US51->CS11,51404,51404,0
6,US51->CS19,51900,51900,0
6,US51->CS27,51942,51942,0
6,US51->CS35,52021,52021,0
6,US51->CS43,51874,51874,0
6,US51->CS51,51520,51520,0
6,US51->CS59,51977,51977,0
6,US52->CS4,51614,51614,0
6,US52->CS12,51692,51692,0
6,US52->CS20,51541,51541,0
6,US52->CS28,51602,51602,0
6,US52->CS36,51990,51990,0
6,US52->CS44,52243,52243,0
6,US52->CS52,51821,51821,0
6,US52->CS60,51604,51604,0
6,US53->CS5,52134,52134,0
6,US53->CS13,51630,51630,0
6,US53->CS21,51674,51674,0
6,US53->CS29,51715,51715,0
6,US53->CS37,51549,51549,0
6,US53->CS45,51824,51824,0
6,US53->CS53,51396,51396,0
6,US53->CS61,51569,51569,0
6,US54->CS6,51792,51792,0
6,US54->CS14,52336,52336,0
6,US54->CS22,51629,51629,0
6,US54->CS30,51856,51856,0
6,US54->CS38,51735,51735,0
6,US54->CS46,52035,52035,0
6,US54->CS54,51715,51715,0
6,US54->CS62,51493,51493,0
6,US55->CS7,51733,51733,0
6,US55->CS15,51950,51950,0
6,US55->CS23,51706,51706,0
6,US55->CS31,51861,51861,0
6,US55->CS39,51696,51696,0
6,US55->CS47,51832,51832,0
6,US55->CS55,51777,51777,0
6,US55->CS63,51363,51363,0
6,US56->CS0,0,0,0
6,US56->CS8,0,0,0
6,US56->CS16,0,0,0
6,US56->CS24,0,0,0
6,US56->CS32,0,0,0
6,US56->CS40,0,0,0
6,US56->CS48,0,0,0
6,US56->CS56,0,0,0
6,US57->CS1,0,0,0
6,US57->CS9,0,0,0
6,US57->CS17,0,0,0
6,US57->CS25,0,0,0
6,US57->CS33,0,0,0
6,US57->CS41,0,0,0
6,US57->CS49,0,0,0
6,US57->CS57,0,0,0
6,US58->CS2,0,0,0
6,US58->CS10,0,0,0
6,US58->CS18,0,0,0
6,US58->CS26,0,0,0
6,US58->CS34,0,0,0
6,US58->CS42,0,0,0
6,US58->CS50,0,0,0
6,US58->CS58,0,0,0
6,US59->CS3,0,0,0
6,US59->CS11,0,0,0
6,US59->CS19,0,0,0
6,US59->CS27,0,0,0
6,US59->CS35,0,0,0
6,US59->CS43,0,0,0
6,US59->CS51,0,0,0
6,US59->CS59,0,0,0
6,US60->CS4,0,0,0
6,US60->CS12,0,0,0
6,US60->CS20,0,0,0
6,US60->CS28,0,0,0
6,US60->CS36,0,0,0
6,US60->CS44,0,0,0
6,US60->CS52,0,0,0
6,US60->CS60,0,0,0
6,US61->CS5,0,0,0
6,US61->CS13,0,0,0
6,US61->CS21,0,0,0
6,US61->CS29,0,0,0
6,US61->CS37,0,0,0
6,US61->CS45,0,0,0
6,US61->CS53,0,0,0
6,US61->CS61,0,0,0
6,US62->CS6,0,0,0
6,US62->CS14,0,0,0
6,US62->CS22,0,0,0
6,US62->CS30,0,0,0
6,US62->CS38,0,0,0
6,US62->CS46,0,0,0
6,US62->CS54,0,0,0
6,US62->CS62,0,0,0
6,US63->CS7,0,0,0
6,US63->CS15,0,0,0
6,US63->CS23,0,0,0
6,US63->CS31,0,0,0
6,US63->CS39,0,0,0
6,US63->CS47,0,0,0
6,US63->CS55,0,0,0
6,US63->CS63,0,0,0
6,US64->CS0,0,0,0
6,US64->CS8,0,0,0
6,US64->CS16,0,0,0
6,US64->CS24,0,0,0
6,US64->CS32,0,0,0
6,US64->CS40,0,0,0
6,US64->CS48,0,0,0
6,US64->CS56,0,0,0
6,US65->CS1,0,0,0
6,US65->CS9,0,0,0
6,US65->CS17,0,0,0
6,US65->CS25,0,0,0
6,US65->CS33,0,0,0
6,US65->CS41,0,0,0
6,US65->CS49,0,0,0
6,US65->CS57,0,0,0
6,US66->CS2,0,0,0
6,US66->CS10,0,0,0
6,US66->CS18,0,0,0
6,US66->CS26,0,0,0
6,US66->CS34,0,0,0
6,US66->CS42,0,0,0
6,US66->CS50,0,0,0
6,US66->CS58,0,0,0
6,US67->CS3,0,0,0
6,US67->CS11,0,0,0
6,US67->CS19,0,0,0
6,US67->CS27,0,0,0
6,US67->CS35,0,0,0
6,US67->CS43,0,0,0
6,US67->CS51,0,0,0
6,US67->CS59,0,0,0
6,US68->CS4,0,0,0
6,US68->CS12,0,0,0
6,US68->CS20,0,0,0
6,US68->CS28,0,0,0
6,US68->CS36,0,0,0
6,US68->CS44,0,0,0
6,US68->CS52,0,0,0
6,US68->CS60,0,0,0
6,US69->CS5,0,0,0
6,US69->CS13,0,0,0
6,US69->CS21,0,0,0
6,US69->CS29,0,0,0
6,US69->CS37,0,0,0
6,US69->CS45,0,0,0
6,US69->CS53,0,0,0
6,US69->CS61,0,0,0
6,US70->CS6,0,0,0
6,US70->CS14,0,0,0
6,US70->CS22,0,0,0
6,US70->CS30,0,0,0
6,US70->CS38,0,0,0
6,US70->CS46,0,0,0
6,US70->CS54,0,0,0
6,US70->CS62,0,0,0
6,US71->CS7,0,0,0
6,US71->CS15,0,0,0
6,US71->CS23,0,0,0
6,US71->CS31,0,0,0
6,US71->CS39,0,0,0
6,US71->CS47,0,0,0
6,US71->CS55,0,0,0
6,US71->CS63,0,0,0
6,US72->CS0,50866,50866,0
6,US72->CS8,50975,50975,0
6,US72->CS16,50965,50965,0
6,US72->CS24,50589,50589,0
6,US72->CS32,50466,50466,0
6,US72->CS40,50689,50689,0
6,US72->CS48,50558,50558,0
6,US72->CS56,50330,50330,0
6,US73->CS1,50236,50236,0
6,US73->CS9,50512,50512,0
6,US73->CS17,50598,50598,0
6,US73->CS25,50900,50900,0
6,US73->CS33,50614,50614,0
6,US73->CS41,50762,50762,0
6,US73->CS49,50598,50598,0
6,US73->CS57,50790,50790,0
6,US74->CS2,50622,50622,0
6,US74->CS10,50462,50462,0
6,US74->CS18,50752,50752,0
6,US74->CS26,50783,50783,0
6,US74->CS34,50587,50587,0
6,US74->CS42,50670,50670,0
6,US74->CS50,50617,50617,0
6,US74->CS58,50709,50709,0
6,US75->CS3,50808,50808,0
6,US75->CS11,50755,50755,0
6,US75->CS19,50693,50693,0
6,US75->CS27,50507,50507,0
6,US75->CS35,50484,50484,0
6,US75->CS43,50749,50749,0
6,US75->CS51,50826,50826,0
6,US75->CS59,50570,50570,0
6,US76->CS4,50782,50782,0
6,US76->CS12,50705,50705,0
6,US76->CS20,50656,50656,0
6,US76->CS28,50830,50830,0
6,US76->CS36,50725,50725,0
6,US76->CS44,50613,50613,0
6,US76->CS52,50534,50534,0
6,US76->CS60,50396,50396,0
6,US77->CS5,50485,50485,0
6,US77->CS13,51070,51070,0
6,US77->CS21,50856,50856,0
6,US77->CS29,50615,50615,0
6,US77->CS37,50447,50447,0
6,US77->CS45,50648,50648,0
6,US77->CS53,50478,50478,0
6,US77->CS61,50885,50885,0
6,US78->CS6,50525,50525,0
6,US78->CS14,50686,50686,0
6,US78->CS22,50614,50614,0
6,US78->CS30,50665,50665,0
6,US78->CS38,50174,50174,0
6,US78->CS46,50563,50563,0
6,US78->CS54,50384,50384,0
6,US78->CS62,50642,50642,0
6,US79->CS7,50556,50556,0
6,US79->CS15,50740,50740,0
6,US79->CS23,50917,50917,0
6,US79->CS31,50836,50836,0
6,US79->CS39,51001,51001,0
6,US79->CS47,50679,50679,0
6,US79->CS55,50641,50641,0
6,US79->CS63,50735,50735,0
6,US80->CS0,6310,6310,0
6,US80->CS8,6355,6354,0
6,US80->CS16,6392,6392,0
6,US80->CS24,6355,6355,0
6,US80->CS32,6572,6571,0
6,US80->CS40,6338,6338,0
6,US80->CS48,6310,6310,0
6,US80->CS56,6315,6315,0
6,US81->CS1,6474,6474,0
6,US81->CS9,6368,6368,0
6,US81->CS17,6442,6442,0
6,US81->CS25,6290,6290,0
6,US81->CS33,6201,6200,0
6,US81->CS41,6324,6324,0
6,US81->CS49,6359,6359,0
6,US81->CS57,6353,6353,0
6,US82->CS2,6372,6371,0
6,US82->CS10,6450,6450,0
6,US82->CS18,6262,6261,0
6,US82->CS26,6467,6466,0
6,US82->CS34,6331,6331,0
6,US82->CS42,6391,6390,0
6,US82->CS50,6487,6487,0
6,US82->CS58,6398,6398,0
6,US83->CS3,6306,6306,0
6,US83->CS11,6407,6407,0
6,US83->CS19,6481,6481,0
6,US83->CS27,6659,6659,0
6,US83->CS35,6489,6489,0
6,US83->CS43,6380,6380,0
6,US83->CS51,6267,6267,0
6,US83->CS59,6447,6447,0
6,US84->CS4,6335,6335,0
6,US84->CS12,6382,6382,0
6,US84->CS20,6497,6496,0
6,US84->CS28,6419,6417,0
6,US84->CS36,6368,6367,0
6,US84->CS44,6409,6409,0
6,US84->CS52,6399,6398,0
6,US84->CS60,6279,6277,0
6,US85->CS5,6418,6417,0
6,US85->CS13,6547,6547,0
6,US85->CS21,6399,6398,0
6,US85->CS29,6261,6261,0
6,US85->CS37,6435,6435,0
6,US85->CS45,6517,6517,0
6,US85->CS53,6515,6515,0
6,US85->CS61,6335,6335,0
6,US86->CS6,6329,6328,0
6,US86->CS14,6352,6352,0
6,US86->CS22,6496,6495,0
6,US86->CS30,6368,6368,0
6,US86->CS38,6491,6491,0
6,US86->CS46,6503,6502,0
6,US86->CS54,6305,6305,0
6,US86->CS62,6367,6367,0
6,US87->CS7,6334,6334,0
6,US87->CS15,6534,6531,0
6,US87->CS23,6403,6403,0
6,US87->CS31,6324,6324,0
6,US87->CS39,6559,6559,0
6,US87->CS47,6335,6335,0
6,US87->CS55,6255,6254,0
6,US87->CS63,6483,6483,0
6,US88->CS0,50579,50579,0
6,US88->CS8,50792,50792,0
6,US88->CS16,50804,50804,0
6,US88->CS24,50777,50777,0
6,US88->CS32,50791,50791,0
6,US88->CS40,51022,51022,0
6,US88->CS48,50637,50637,0
6,US88->CS56,50676,50676,0
6,US89->CS1,50690,50690,0
6,US89->CS9,50840,50840,0
6,US89->CS17,50689,50689,0
6,US89->CS25,50763,50763,0
6,US89->CS33,50558,50558,0
6,US89->CS41,50590,50590,0
6,US89->CS49,50346,50346,0
6,US89->CS57,50980,50980,0
6,US90->CS2,50731,50731,0
6,US90->CS10,51328,51328,0
6,US90->CS18,50807,50807,0
6,US90->CS26,50835,50835,0
6,US90->CS34,50514,50514,0
6,US90->CS42,50457,50457,0
6,US90->CS50,50697,50697,0
6,US90->CS58,50733,50733,0
6,US91->CS3,50877,50877,0
6,US91->CS11,50627,50627,0
6,US91->CS19,50864,50864,0
6,US91->CS27,50759,50759,0
6,US91->CS35,50268,50268,0
6,US91->CS43,51073,51073,0
6,US91->CS51,50929,50929,0
6,US91->CS59,50724,50724,0
6,US92->CS4,50673,50673,0
6,US92->CS12,50739,50739,0
6,US92->CS20,50272,50272,0
6,US92->CS28,50885,50885,0
6,US92->CS36,50549,50549,0
6,US92->CS44,50763,50763,0
6,US92->CS52,50978,50978,0
6,US92->CS60,51035,51035,0
6,US93->CS5,50504,50504,0
6,US93->CS13,50350,50350,0
6,US93->CS21,51086,51086,0
6,US93->CS29,50779,50779,0
6,US93->CS37,50802,50802,0
6,US93->CS45,50526,50526,0
6,US93->CS53,50996,50996,0
6,US93->CS61,50623,50623,0
6,US94->CS6,50478,50478,0
6,US94->CS14,50553,50553,0
6,US94->CS22,50687,50687,0
6,US94->CS30,50704,50704,0
6,US94->CS38,50809,50809,0
6,US94->CS46,50957,50957,0
6,US94->CS54,50433,50433,0
6,US94->CS62,50702,50702,0
6,US95->CS7,50670,50670,0
6,US95->CS15,50772,50772,0
6,US95->CS23,50187,50187,0
6,US95->CS31,50858,50858,0
6,US95->CS39,51177,51177,0
6,US95->CS47,50954,50954,0
6,US95->CS55,50132,50132,0
6,US95->CS63,50807,50807,0
6,US96->CS0,0,0,0
6,US96->CS8,0,0,0
6,US96->CS16,0,0,0
6,US96->CS24,0,0,0
6,US96->CS32,0,0,0
6,US96->CS40,0,0,0
6,US96->CS48,0,0,0
6,US96->CS56,0,0,0
6,US97->CS1,0,0,0
6,US97->CS9,0,0,0
6,US97->CS17,0,0,0
6,US97->CS25,0,0,0
6,US97->CS33,0,0,0
6,US97->CS41,0,0,0
6,US97->CS49,0,0,0
6,US97->CS57,0,0,0
6,US98->CS2,0,0,0
6,US98->CS10,0,0,0
6,US98->CS18,0,0,0
6,US98->CS26,0,0,0
6,US98->CS34,0,0,0
6,US98->CS42,0,0,0
6,US98->CS50,0,0,0
6,US98->CS58,0,0,0
6,US99->CS3,0,0,0
6,US99->CS11,0,0,0
6,US99->CS19,0,0,0
6,US99->CS27,0,0,0
6,US99->CS35,0,0,0
6,US99->CS43,0,0,0
6,US99->CS51,0,0,0
6,US99->CS59,0,0,0
6,US100->CS4,0,0,0
6,US100->CS12,0,0,0
6,US100->CS20,0,0,0
6,US100->CS28,0,0,0
6,US100->CS36,0,0,0
6,US100->CS44,0,0,0
6,US100->CS52,0,0,0
6,US100->CS60,0,0,0
6,US101->CS5,0,0,0
6,US101->CS13,0,0,0
6,US101->CS21,0,0,0
6,US101->CS29,0,0,0
6,US101->CS37,0,0,0
6,US101->CS45,0,0,0
6,US101->CS53,0,0,0
6,US101->CS61,0,0,0
6,US102->CS6,0,0,0
6,US102->CS14,0,0,0
6,US102->CS22,0,0,0
6,US102->CS30,0,0,0
6,US102->CS38,0,0,0
6,US102->CS46,0,0,0
6,US102->CS54,0,0,0
6,US102->CS62,0,0,0
6,US103->CS7,0,0,0
6,US103->CS15,0,0,0
6,US103->CS23,0,0,0
6,US103->CS31,0,0,0
6,US103->CS39,0,0,0
6,US103->CS47,0,0,0
6,US103->CS55,0,0,0
6,US103->CS63,0,0,0
6,US104->CS0,0,0,0
6,US104->CS8,0,0,0
6,US104->CS16,0,0,0
6,US104->CS24,0,0,0
6,US104->CS32,0,0,0
6,US104->CS40,0,0,0
6,US104->CS48,0,0,0
6,US104->CS56,0,0,0
6,US105->CS1,0,0,0
6,US105->CS9,0,0,0
6,US105->CS17,0,0,0
6,US105->CS25,0,0,0
6,US105->CS33,0,0,0
6,US105->CS41,0,0,0
6,US105->CS49,0,0,0
6,US105->CS57,0,0,0
6,US106->CS2,0,0,0
6,US106->CS10,0,0,0
6,US106->CS18,0,0,0
6,US106->CS26,0,0,0
6,US106->CS34,0,0,0
6,US106->CS42,0,0,0
6,US106->CS50,0,0,0
6,US106->CS58,0,0,0
6,US107->CS3,0,0,0
6,US107->CS11,0,0,0
6,US107->CS19,0,0,0
6,US107->CS27,0,0,0
6,US107->CS35,0,0,0
6,US107->CS43,0,0,0
6,US107->CS51,0,0,0
6,US107->CS59,0,0,0
6,US108->CS4,0,0,0
6,US108->CS12,0,0,0
6,US108->CS20,0,0,0
6,US108->CS28,0,0,0
6,US108->CS36,0,0,0
6,US108->CS44,0,0,0
6,US108->CS52,0,0,0
6,US108->CS60,0,0,0
6,US109->CS5,0,0,0
6,US109->CS13,0,0,0
6,US109->CS21,0,0,0
6,US109->CS29,0,0,0
6,US109->CS37,0,0,0
6,US109->CS45,0,0,0
6,US109->CS53,0,0,0
6,US109->CS61,0,0,0
6,US110->CS6,0,0,0
6,US110->CS14,0,0,0
6,US110->CS22,0,0,0
6,US110->CS30,0,0,0
6,US110->CS38,0,0,0
6,US110->CS46,0,0,0
6,US110->CS54,0,0,0
6,US110->CS62,0,0,0
6,US111->CS7,0,0,0
6,US111->CS15,0,0,0
6,US111->CS23,0,0,0
6,US111->CS31,0,0,0
6,US111->CS39,0,0,0
6,US111->CS47,0,0,0
6,US111->CS55,0,0,0
6,US111->CS63,0,0,0
6,US112->CS0,52469,52469,0
6,US112->CS8,52762,52762,0
6,US112->CS16,52415,52415,0
6,US112->CS24,53312,53312,0
6,US112->CS32,52654,52654,0
6,US112->CS40,52688,52688,0
6,US112->CS48,52688,52688,0
6,US112->CS56,53110,53110,0
6,US113->CS1,52677,52677,0
6,US113->CS9,53038,53038,0
6,US113->CS17,52737,52737,0
6,US113->CS25,52979,52979,0
6,US113->CS33,52873,52873,0
6,US113->CS41,52595,52595,0
6,US113->CS49,52574,52574,0
6,US113->CS57,52900,52900,0
6,US114->CS2,53025,53025,0
6,US114->CS10,53349,53349,0
6,US114->CS18,53137,53137,0
6,US114->CS26,52616,52616,0
6,US114->CS34,53018,53018,0
6,US114->CS42,52932,52932,0
6,US114->CS50,53296,53296,0
6,US114->CS58,53098,53098,0
6,US115->CS3,53299,53299,0
6,US115->CS11,53047,53047,0
6,US115->CS19,52458,52458,0
6,US115->CS27,52561,52561,0
6,US115->CS35,52685,52685,0
6,US115->CS43,53100,53100,0
6,US115->CS51,53179,53179,0
6,US115->CS59,52745,52745,0
6,US116->CS4,53065,53065,0
6,US116->CS12,52503,52503,0
6,US116->CS20,52915,52915,0
6,US116->CS28,52793,52793,0
6,US116->CS36,53074,53074,0
6,US116->CS44,52624,52624,0
6,US116->CS52,52593,52593,0
6,US116->CS60,52951,52951,0
6,US117->CS5,52733,52733,0
6,US117->CS13,53179,53179,0
6,US117->CS21,52812,52812,0
6,US117->CS29,53021,53021,0
6,US117->CS37,52709,52709,0
6,US117->CS45,52666,52666,0
6,US117->CS53,53021,53021,0
6,US117->CS61,52790,52790,0
6,US118->CS6,52726,52726,0
6,US118->CS14,52775,52775,0
6,US118->CS22,52736,52736,0
6,US118->CS30,52786,52786,0
6,US118->CS38,52759,52759,0
6,US118->CS46,52802,52802,0
6,US118->CS54,53088,53088,0
6,US118->CS62,52569,52569,0
6,US119->CS7,53104,53104,0
6,US119->CS15,53140,53140,0
6,US119->CS23,52805,52805,0
6,US119->CS31,52957,52957,0
6,US119->CS39,52872,52872,0
6,US119->CS47,52933,52933,0
6,US119->CS55,52733,52733,0
6,US119->CS63,53024,53024,0
6,US120->CS0,50601,50601,0
6,US120->CS8,49881,49881,0
6,US120->CS16,50510,50510,0
6,US120->CS24,50316,50316,0
6,US120->CS32,50394,50394,0
6,US120->CS40,50743,50743,0
6,US120->CS48,50504,50504,0
6,US120->CS56,50163,50163,0
6,US121->CS1,50610,50610,0
6,US121->CS9,50209,50209,0
6,US121->CS17,50191,50191,0
6,US121->CS25,50157,50157,0
6,US121->CS33,50404,50404,0
6,US121->CS41,50291,50291,0
6,US121->CS49,50534,50534,0
6,US121->CS57,49806,49806,0
6,US122->CS2,50712,50712,0
6,US122->CS10,50232,50232,0
6,US122->CS18,50108,50108,0
6,US122->CS26,50279,50279,0
6,US122->CS34,50449,50449,0
6,US122->CS42,50120,50120,0
6,US122->CS50,50020,50020,0
6,US122->CS58,50544,50544,0
6,US123->CS3,50459,50459,0
6,US123->CS11,50084,50084,0
6,US123->CS19,50240,50240,0
6,US123->CS27,50306,50306,0
6,US123->CS35,50050,50050,0
6,US123->CS43,50087,50087,0
6,US123->CS51,50176,50176,0
6,US123->CS59,49694,49694,0
6,US124->CS4,50154,50154,0
6,US124->CS12,50175,50175,0
6,US124->CS20,50599,50599,0
6,US124->CS28,50090,50090,0
6,US124->CS36,50238,50238,0
6,US124->CS44,49897,49897,0
6,US124->CS52,50452,50452,0
6,US124->CS60,50074,50074,0
6,US125->CS5,50004,50004,0
6,US125->CS13,50766,50766,0
6,US125->CS21,50318,50318,0
6,US125->CS29,50219,50219,0
6,US125->CS37,50256,50256,0
6,US125->CS45,50367,50367,0
6,US125->CS53,50122,50122,0
6,US125->CS61,50722,50722,0
6,US126->CS6,50473,50473,0
6,US126->CS14,50414,50414,0
6,US126->CS22,50669,50669,0
6,US126->CS30,49939,49939,0
6,US126->CS38,50289,50289,0
6,US126->CS46,49952,49952,0
6,US126->CS54,50375,50375,0
6,US126->CS62,50127,50127,0
6,US127->CS7,50767,50767,0
6,US127->CS15,49947,49947,0
6,US127->CS23,50085,50085,0
6,US127->CS31,50545,50545,0
6,US127->CS39,50043,50043,0
6,US127->CS47,50104,50104,0
6,US127->CS55,50210,50210,0
6,US127->CS63,50389,50389,0
6,CS0->US0,51565,51565,0
6,CS0->US8,6416,6416,0
6,CS0->US16,50697,50697,0
6,CS0->US24,0,0,0
6,CS0->US32,0,0,0
6,CS0->US40,52571,52571,0
6,CS0->US48,51599,51599,0
6,CS0->US56,0,0,0
6,CS0->US64,0,0,0
6,CS0->US72,50622,50622,0
6,CS0->US80,5430,5429,0
6,CS0->US88,51030,51030,0
6,CS0->US96,0,0,0
6,CS0->US104,0,0,0
6,CS0->US112,54656,54656,0
6,CS0->US120,53798,53798,0
6,CS1->US1,51878,51878,0
6,CS1->US9,6591,6591,0
6,CS1->US17,50690,50690,0
6,CS1->US25,0,0,0
6,CS1->US33,0,0,0
6,CS1->US41,52844,52844,0
6,CS1->US49,51590,51590,0
6,CS1->US57,0,0,0
6,CS1->US65,0,0,0
6,CS1->US73,50790,50790,0
6,CS1->US81,5309,5308,0
6,CS1->US89,50366,50366,0
6,CS1->US97,0,0,0
6,CS1->US105,0,0,0
6,CS1->US113,54205,54205,0
6,CS1->US121,53971,53971,0
6,CS2->US2,51299,51299,0
6,CS2->US10,6457,6456,0
6,CS2->US18,50805,50805,0
6,CS2->US26,0,0,0
6,CS2->US34,0,0,0
6,CS2->US42,53079,53079,0
6,CS2->US50,51275,51275,0
6,CS2->US58,0,0,0
6,CS2->US66,0,0,0
6,CS2->US74,50706,50706,0
6,CS2->US82,5362,5362,0
6,CS2->US90,50765,50765,0
6,CS2->US98,0,0,0
6,CS2->US106,0,0,0
6,CS2->US114,54279,54279,0
6,CS2->US122,53486,53486,0
6,CS3->US3,51827,51827,0
6,CS3->US11,6397,6396,0
6,CS3->US19,50536,50536,0
6,CS3->US27,0,0,0
6,CS3->US35,0,0,0
6,CS3->US43,53416,53416,0
6,CS3->US51,51734,51734,0
6,CS3->US59,0,0,0
6,CS3->US67,0,0,0
6,CS3->US75,50868,50868,0
6,CS3->US83,5234,5233,0
6,CS3->US91,50975,50975,0
6,CS3->US99,0,0,0
6,CS3->US107,0,0,0
6,CS3->US115,54373,54373,0
6,CS3->US123,54208,54208,0
6,CS4->US4,51364,51364,0
6,CS4->US12,6424,6424,0
6,CS4->US20,50294,50294,0
6,CS4->US28,0,0,0
6,CS4->US36,0,0,0
6,CS4->US44,53112,53112,0
6,CS4->US52,51609,51609,0
6,CS4->US60,0,0,0
6,CS4->US68,0,0,0
6,CS4->US76,50693,50693,0
6,CS4->US84,5422,5422,0
6,CS4->US92,50946,50946,0
6,CS4->US100,0,0,0
6,CS4->US108,0,0,0
6,CS4->US116,54369,54369,0
6,CS4->US124,54096,54096,0
6,CS5->US5,51894,51894,0
6,CS5->US13,6527,6526,0
6,CS5->US21,50072,50072,0
6,CS5->US29,0,0,0
6,CS5->US37,0,0,0
6,CS5->US45,52808,52808,0
6,CS5->US53,51314,51314,0
6,CS5->US61,0,0,0
6,CS5->US69,0,0,0
6,CS5->US77,50499,50499,0
6,CS5->US85,5487,5486,0
6,CS5->US93,50621,50621,0
6,CS5->US101,0,0,0
6,CS5->US109,0,0,0
6,CS5->US117,55025,55025,0
6,CS5->US125,53625,53625,0
6,CS6->US6,51478,51478,0
6,CS6->US14,6412,6412,0
6,CS6->US22,50562,50562,0
6,CS6->US30,0,0,0
6,CS6->US38,0,0,0
6,CS6->US46,52869,52869,0
6,CS6->US54,51253,51253,0
6,CS6->US62,0,0,0
6,CS6->US70,0,0,0
6,CS6->US78,50550,50550,0
6,CS6->US86,5280,5280,0
6,CS6->US94,50697,50697,0
6,CS6->US102,0,0,0
6,CS6->US110,0,0,0
6,CS6->US118,54333,54333,0
6,CS6->US126,53496,53496,0
6,CS7->US7,51461,51461,0
6,CS7->US15,6416,6416,0
6,CS7->US23,50861,50861,0
6,CS7->US31,0,0,0
6,CS7->US39,0,0,0
6,CS7->US47,53220,53220,0
6,CS7->US55,51569,51569,0
6,CS7->US63,0,0,0
6,CS7->US71,0,0,0
6,CS7->US79,50706,50706,0
6,CS7->US87,5445,5445,0
6,CS7->US95,50663,50663,0
6,CS7->US103,0,0,0
6,CS7->US111,0,0,0
6,CS7->US119,54512,54512,0
6,CS7->US127,54026,54026,0
6,CS8->US0,51697,51697,0
6,CS8->US8,6453,6453,0
6,CS8->US16,49962,49962,0
6,CS8->US24,0,0,0
6,CS8->US32,0,0,0
6,CS8->US40,52861,52861,0
6,CS8->US48,51076,51076,0
6,CS8->US56,0,0,0
6,CS8->US64,0,0,0
6,CS8->US72,50793,50793,0
6,CS8->US80,5449,5448,0
6,CS8->US88,51051,51051,0
6,CS8->US96,0,0,0
6,CS8->US104,0,0,0
6,CS8->US112,54499,54499,0
6,CS8->US120,54213,54213,0
6,CS9->US1,51783,51783,0
6,CS9->US9,6461,6461,0
6,CS9->US17,50344,50344,0
6,CS9->US25,0,0,0
6,CS9->US33,0,0,0
6,CS9->US41,53106,53106,0
6,CS9->US49,51092,51092,0
6,CS9->US57,0,0,0
6,CS9->US65,0,0,0
6,CS9->US73,50837,50837,0
6,CS9->US81,5564,5564,0
6,CS9->US89,50670,50670,0
6,CS9->US97,0,0,0
6,CS9->US105,0,0,0
6,CS9->US113,54673,54673,0
6,CS9->US121,54101,54101,0
6,CS10->US2,51433,51433,0
6,CS10->US10,6547,6545,0
6,CS10->US18,50336,50336,0
6,CS10->US26,0,0,0
6,CS10->US34,0,0,0
6,CS10->US42,53499,53499,0
6,CS10->US50,51454,51454,0
6,CS10->US58,0,0,0
6,CS10->US66,0,0,0
6,CS10->US74,51337,51337,0
6,CS10->US82,5351,5350,0
6,CS10->US90,50595,50595,0
6,CS10->US98,0,0,0
6,CS10->US106,0,0,0
6,CS10->US114,54487,54487,0
6,CS10->US122,53916,53916,0
6,CS11->US3,51104,51104,0
6,CS11->US11,6493,6493,0
6,CS11->US19,50188,50188,0
6,CS11->US27,0,0,0
6,CS11->US35,0,0,0
6,CS11->US43,53193,53193,0
6,CS11->US51,51774,51774,0
6,CS11->US59,0,0,0
6,CS11->US67,0,0,0
6,CS11->US75,50619,50619,0
6,CS11->US83,5374,5373,0
6,CS11->US91,50880,50880,0
6,CS11->US99,0,0,0
6,CS11->US107,0,0,0
6,CS11->US115,54604,54604,0
6,CS11->US123,53782,53782,0
6,CS12->US4,51370,51370,0
6,CS12->US12,6480,6479,0
6,CS12->US20,50260,50260,0
6,CS12->US28,0,0,0
6,CS12->US36,0,0,0
6,CS12->US44,52681,52681,0
6,CS12->US52,51574,51574,0
6,CS12->US60,0,0,0
6,CS12->US68,0,0,0
6,CS12->US76,50789,50789,0
6,CS12->US84,5362,5361,0
6,CS12->US92,50864,50864,0
6,CS12->US100,0,0,0
6,CS12->US108,0,0,0
6,CS12->US116,54808,54808,0
6,CS12->US124,53890,53890,0
6,CS13->US5,51338,51338,0
6,CS13->US13,6609,6607,0
6,CS13->US21,50837,50837,0
6,CS13->US29,0,0,0
6,CS13->US37,0,0,0
6,CS13->US45,53274,53274,0
6,CS13->US53,51649,51649,0
6,CS13->US61,0,0,0
6,CS13->US69,0,0,0
6,CS13->US77,50436,50436,0
6,CS13->US85,5382,5382,0
6,CS13->US93,51256,51256,0
6,CS13->US101,0,0,0
6,CS13->US109,0,0,0
6,CS13->US117,54661,54661,0
6,CS13->US125,54084,54084,0
6,CS14->US6,52032,52032,0
6,CS14->US14,6440,6439,0
6,CS14->US22,50448,50448,0
6,CS14->US30,0,0,0
6,CS14->US38,0,0,0
6,CS14->US46,52894,52894,0
6,CS14->US54,51644,51644,0
6,CS14->US62,0,0,0
6,CS14->US70,0,0,0
6,CS14->US78,50629,50629,0
6,CS14->US86,5304,5304,0
6,CS14->US94,50855,50855,0
6,CS14->US102,0,0,0
6,CS14->US110,0,0,0
6,CS14->US118,54844,54844,0
6,CS14->US126,53914,53914,0
6,CS15->US7,51652,51652,0
6,CS15->US15,6627,6627,0
6,CS15->US23,50013,50013,0
6,CS15->US31,0,0,0
6,CS15->US39,0,0,0
6,CS15->US47,53290,53290,0
6,CS15->US55,51482,51482,0
6,CS15->US63,0,0,0
6,CS15->US71,0,0,0
6,CS15->US79,50794,50794,0
6,CS15->US87,5298,5298,0
6,CS15->US95,50872,50872,0
6,CS15->US103,0,0,0
6,CS15->US111,0,0,0
6,CS15->US119,54429,54429,0
6,CS15->US127,53857,53857,0
6,CS16->US0,51417,51417,0
6,CS16->US8,6495,6495,0
6,CS16->US16,50590,50590,0
6,CS16->US24,0,0,0
6,CS16->US32,0,0,0
6,CS16->US40,52488,52488,0
6,CS16->US48,51163,51163,0
6,CS16->US56,0,0,0
6,CS16->US64,0,0,0
6,CS16->US72,50879,50879,0
6,CS16->US80,5484,5483,0
6,CS16->US88,51104,51104,0
6,CS16->US96,0,0,0
6,CS16->US104,0,0,0
6,CS16->US112,54730,54730,0
6,CS16->US120,53983,53983,0
6,CS17->US1,51356,51356,0
6,CS17->US9,6520,6520,0
6,CS17->US17,50314,50314,0
6,CS17->US25,0,0,0
6,CS17->US33,0,0,0
6,CS17->US41,52854,52854,0
6,CS17->US49,51609,51609,0
6,CS17->US57,0,0,0
6,CS17->US65,0,0,0
6,CS17->US73,50761,50761,0
6,CS17->US81,5300,5300,0
6,CS17->US89,50673,50673,0
6,CS17->US97,0,0,0
6,CS17->US105,0,0,0
6,CS17->US113,54881,54881,0
6,CS17->US121,53982,53982,0
6,CS18->US2,51369,51369,0
6,CS18->US10,6375,6375,0
6,CS18->US18,50190,50190,0
6,CS18->US26,0,0,0
6,CS18->US34,0,0,0
6,CS18->US42,53212,53212,0
6,CS18->US50,51404,51404,0
6,CS18->US58,0,0,0
6,CS18->US66,0,0,0
6,CS18->US74,50833,50833,0
6,CS18->US82,5447,5447,0
6,CS18->US90,50875,50875,0
6,CS18->US98,0,0,0
6,CS18->US106,0,0,0
6,CS18->US114,54284,54284,0
6,CS18->US122,53908,53908,0
6,CS19->US3,51655,51655,0
6,CS19->US11,6587,6587,0
6,CS19->US19,50339,50339,0
6,CS19->US27,0,0,0
6,CS19->US35,0,0,0
6,CS19->US43,52499,52499,0
6,CS19->US51,51469,51469,0
6,CS19->US59,0,0,0
6,CS19->US67,0,0,0
6,CS19->US75,50864,50864,0
6,CS19->US83,5304,5303,0
6,CS19->US91,50864,50864,0
6,CS19->US99,0,0,0
6,CS19->US107,0,0,0
6,CS19->US115,54154,54154,0
6,CS19->US123,53788,53788,0
6,CS20->US4,51318,51318,0
6,CS20->US12,6573,6571,0
6,CS20->US20,50644,50644,0
6,CS20->US28,0,0,0
6,CS20->US36,0,0,0
6,CS20->US44,52953,52953,0
6,CS20->US52,51410,51410,0
6,CS20->US60,0,0,0
6,CS20->US68,0,0,0
6,CS20->US76,50319,50319,0
6,CS20->US84,5346,5346,0
6,CS20->US92,50815,50815,0
6,CS20->US100,0,0,0
6,CS20->US108,0,0,0
6,CS20->US116,54645,54645,0
6,CS20->US124,53874,53874,0
6,CS21->US5,51370,51370,0
6,CS21->US13,6478,6478,0
6,CS21->US21,50405,50405,0
6,CS21->US29,0,0,0
6,CS21->US37,0,0,0
6,CS21->US45,52920,52920,0
6,CS21->US53,51458,51458,0
6,CS21->US61,0,0,0
6,CS21->US69,0,0,0
6,CS21->US77,51115,51115,0
6,CS21->US85,5256,5256,0
6,CS21->US93,51032,51032,0
6,CS21->US101,0,0,0
6,CS21->US109,0,0,0
6,CS21->US117,54621,54621,0
6,CS21->US125,54122,54122,0
6,CS22->US6,51375,51375,0
6,CS22->US14,6583,6581,0
6,CS22->US22,50725,50725,0
6,CS22->US30,0,0,0
6,CS22->US38,0,0,0
6,CS22->US46,52848,52848,0
6,CS22->US54,51478,51478,0
6,CS22->US62,0,0,0
6,CS22->US70,0,0,0
6,CS22->US78,50776,50776,0
6,CS22->US86,5368,5368,0
6,CS22->US94,50719,50719,0
6,CS22->US102,0,0,0
6,CS22->US110,0,0,0
6,CS22->US118,54316,54316,0
6,CS22->US126,54213,54213,0
6,CS23->US7,51377,51377,0
6,CS23->US15,6484,6483,0
6,CS23->US23,50156,50156,0
6,CS23->US31,0,0,0
6,CS23->US39,0,0,0
6,CS23->US47,52942,52942,0
6,CS23->US55,51290,51290,0
6,CS23->US63,0,0,0
6,CS23->US71,0,0,0
6,CS23->US79,50237,50237,0
6,CS23->US87,5557,5557,0
6,CS23->US95,51131,51131,0
6,CS23->US103,0,0,0
6,CS23->US111,0,0,0
6,CS23->US119,54959,54959,0
6,CS23->US127,54113,54113,0
6,CS24->US0,51376,51376,0
6,CS24->US8,6455,6453,0
6,CS24->US16,50394,50394,0
6,CS24->US24,0,0,0
6,CS24->US32,0,0,0
6,CS24->US40,53474,53474,0
6,CS24->US48,51397,51397,0
6,CS24->US56,0,0,0
6,CS24->US64,0,0,0
6,CS24->US72,50862,50862,0
6,CS24->US80,5357,5357,0
6,CS24->US88,50712,50712,0
6,CS24->US96,0,0,0
6,CS24->US104,0,0,0
6,CS24->US112,54816,54816,0
6,CS24->US120,54067,54067,0
6,CS25->US1,51099,51099,0
6,CS25->US9,6402,6402,0
6,CS25->US17,50240,50240,0
6,CS25->US25,0,0,0
6,CS25->US33,0,0,0
6,CS25->US41,53029,53029,0
6,CS25->US49,51470,51470,0
6,CS25->US57,0,0,0
6,CS25->US65,0,0,0
6,CS25->US73,50801,50801,0
6,CS25->US81,5284,5284,0
6,CS25->US89,51085,51085,0
6,CS25->US97,0,0,0
6,CS25->US105,0,0,0
6,CS25->US113,54828,54828,0
6,CS25->US121,53843,53843,0
6,CS26->US2,51392,51392,0
6,CS26->US10,6568,6567,0
6,CS26->US18,50373,50373,0
6,CS26->US26,0,0,0
6,CS26->US34,0,0,0
6,CS26->US42,52736,52736,0
6,CS26->US50,51191,51191,0
6,CS26->US58,0,0,0
6,CS26->US66,0,0,0
6,CS26->US74,50811,50811,0
6,CS26->US82,5342,5342,0
6,CS26->US90,50873,50873,0
6,CS26->US98,0,0,0
6,CS26->US106,0,0,0
6,CS26->US114,54507,54507,0
6,CS26->US122,53895,53895,0
6,CS27->US3,51638,51638,0
6,CS27->US11,6730,6730,0
6,CS27->US19,50392,50392,0
6,CS27->US27,0,0,0
6,CS27->US35,0,0,0
6,CS27->US43,52670,52670,0
6,CS27->US51,51575,51575,0
6,CS27->US59,0,0,0
6,CS27->US67,0,0,0
6,CS27->US75,50811,50811,0
6,CS27->US83,5495,5495,0
6,CS27->US91,50667,50667,0
6,CS27->US99,0,0,0
6,CS27->US107,0,0,0
6,CS27->US115,54622,54622,0
6,CS27->US123,53872,53872,0
6,CS28->US4,51321,51321,0
6,CS28->US12,6512,6512,0
6,CS28->US20,50206,50206,0
6,CS28->US28,0,0,0
6,CS28->US36,0,0,0
6,CS28->US44,52921,52921,0
6,CS28->US52,51115,51115,0
6,CS28->US60,0,0,0
6,CS28->US68,0,0,0
6,CS28->US76,50858,50858,0
6,CS28->US84,5373,5373,0
6,CS28->US92,50985,50985,0
6,CS28->US100,0,0,0
6,CS28->US108,0,0,0
6,CS28->US116,54325,54325,0
6,CS28->US124,54354,54354,0
6,CS29->US5,51448,51448,0
6,CS29->US13,6353,6353,0
6,CS29->US21,50301,50301,0
6,CS29->US29,0,0,0
6,CS29->US37,0,0,0
6,CS29->US45,53133,53133,0
6,CS29->US53,51270,51270,0
6,CS29->US61,0,0,0
6,CS29->US69,0,0,0
6,CS29->US77,50790,50790,0
6,CS29->US85,5328,5328,0
6,CS29->US93,50724,50724,0
6,CS29->US101,0,0,0
6,CS29->US109,0,0,0
6,CS29->US117,54854,54854,0
6,CS29->US125,53999,53999,0
6,CS30->US6,51533,51533,0
6,CS30->US14,6465,6464,0
6,CS30->US22,50071,50071,0
6,CS30->US30,0,0,0
6,CS30->US38,0,0,0
6,CS30->US46,52931,52931,0
6,CS30->US54,51550,51550,0
6,CS30->US62,0,0,0
6,CS30->US70,0,0,0
6,CS30->US78,50713,50713,0
6,CS30->US86,5295,5295,0
6,CS30->US94,50820,50820,0
6,CS30->US102,0,0,0
6,CS30->US110,0,0,0
6,CS30->US118,54939,54939,0
6,CS30->US126,53998,53998,0
6,CS31->US7,51574,51574,0
6,CS31->US15,6417,6417,0
6,CS31->US23,50657,50657,0
6,CS31->US31,0,0,0
6,CS31->US39,0,0,0
6,CS31->US47,53135,53135,0
6,CS31->US55,51392,51392,0
6,CS31->US63,0,0,0
6,CS31->US71,0,0,0
6,CS31->US79,50870,50870,0
6,CS31->US87,5456,5456,0
6,CS31->US95,50921,50921,0
6,CS31->US103,0,0,0
6,CS31->US111,0,0,0
6,CS31->US119,55061,55061,0
6,CS31->US127,53864,53864,0
6,CS32->US0,51219,51219,0
6,CS32->US8,6653,6653,0
6,CS32->US16,50492,50492,0
6,CS32->US24,0,0,0
6,CS32->US32,0,0,0
6,CS32->US40,52817,52817,0
6,CS32->US48,51367,51367,0
6,CS32->US56,0,0,0
6,CS32->US64,0,0,0
6,CS32->US72,50796,50796,0
6,CS32->US80,5448,5448,0
6,CS32->US88,50604,50604,0
6,CS32->US96,0,0,0
6,CS32->US104,0,0,0
6,CS32->US112,54567,54567,0
6,CS32->US120,53820,53820,0
6,CS33->US1,51556,51556,0
6,CS33->US9,6304,6304,0
6,CS33->US17,50543,50543,0
6,CS33->US25,0,0,0
6,CS33->US33,0,0,0
6,CS33->US41,53040,53040,0
6,CS33->US49,51553,51553,0
6,CS33->US57,0,0,0
6,CS33->US65,0,0,0
6,CS33->US73,50483,50483,0
6,CS33->US81,5424,5424,0
6,CS33->US89,50701,50701,0
6,CS33->US97,0,0,0
6,CS33->US105,0,0,0
6,CS33->US113,54748,54748,0
6,CS33->US121,54111,54111,0
6,CS34->US2,51476,51476,0
6,CS34->US10,6434,6434,0
6,CS34->US18,50524,50524,0
6,CS34->US26,0,0,0
6,CS34->US34,0,0,0
6,CS34->US42,53104,53104,0
6,CS34->US50,51281,51281,0
6,CS34->US58,0,0,0
6,CS34->US66,0,0,0
6,CS34->US74,50538,50538,0
6,CS34->US82,5431,5431,0
6,CS34->US90,50761,50761,0
6,CS34->US98,0,0,0
6,CS34->US106,0,0,0
6,CS34->US114,54382,54382,0
6,CS34->US122,53371,53371,0
6,CS35->US3,51717,51717,0
6,CS35->US11,6586,6586,0
6,CS35->US19,50144,50144,0
6,CS35->US27,0,0,0
6,CS35->US35,0,0,0
6,CS35->US43,52879,52879,0
6,CS35->US51,51210,51210,0
6,CS35->US59,0,0,0
6,CS35->US67,0,0,0
6,CS35->US75,50312,50312,0
6,CS35->US83,5358,5358,0
6,CS35->US91,50562,50562,0
6,CS35->US99,0,0,0
6,CS35->US107,0,0,0
6,CS35->US115,54745,54745,0
6,CS35->US123,54194,54194,0
6,CS36->US4,51655,51655,0
6,CS36->US12,6460,6460,0
6,CS36->US20,50316,50316,0
6,CS36->US28,0,0,0
6,CS36->US36,0,0,0
6,CS36->US44,53278,53278,0
6,CS36->US52,51348,51348,0
6,CS36->US60,0,0,0
6,CS36->US68,0,0,0
6,CS36->US76,50608,50608,0
6,CS36->US84,5419,5419,0
6,CS36->US92,50766,50766,0
6,CS36->US100,0,0,0
6,CS36->US108,0,0,0
6,CS36->US116,54480,54480,0
6,CS36->US124,53988,53988,0
6,CS37->US5,51251,51251,0
6,CS37->US13,6523,6523,0
6,CS37->US21,50345,50345,0
6,CS37->US29,0,0,0
6,CS37->US37,0,0,0
6,CS37->US45,52877,52877,0
6,CS37->US53,51585,51585,0
6,CS37->US61,0,0,0
6,CS37->US69,0,0,0
6,CS37->US77,50865,50865,0
6,CS37->US85,5472,5472,0
6,CS37->US93,50560,50560,0
6,CS37->US101,0,0,0
6,CS37->US109,0,0,0
6,CS37->US117,54607,54607,0
6,CS37->US125,53697,53697,0
6,CS38->US6,51429,51429,0
6,CS38->US14,6582,6581,0
6,CS38->US22,50365,50365,0
6,CS38->US30,0,0,0
6,CS38->US38,0,0,0
6,CS38->US46,52955,52955,0
6,CS38->US54,51154,51154,0
6,CS38->US62,0,0,0
6,CS38->US70,0,0,0
6,CS38->US78,50843,50843,0
6,CS38->US86,5396,5396,0
6,CS38->US94,50256,50256,0
6,CS38->US102,0,0,0
6,CS38->US110,0,0,0
6,CS38->US118,54157,54157,0
6,CS38->US126,54052,54052,0
6,CS39->US7,51395,51395,0
6,CS39->US15,6662,6661,0
6,CS39->US23,50173,50173,0
6,CS39->US31,0,0,0
6,CS39->US39,0,0,0
6,CS39->US47,53016,53016,0
6,CS39->US55,51422,51422,0
6,CS39->US63,0,0,0
6,CS39->US71,0,0,0
6,CS39->US79,51193,51193,0
6,CS39->US87,5423,5422,0
6,CS39->US95,51133,51133,0
6,CS39->US103,0,0,0
6,CS39->US111,0,0,0
6,CS39->US119,54838,54838,0
6,CS39->US127,54066,54066,0
6,CS40->US0,51739,51739,0
6,CS40->US8,6427,6427,0
6,CS40->US16,50814,50814,0
6,CS40->US24,0,0,0
6,CS40->US32,0,0,0
6,CS40->US40,52766,52766,0
6,CS40->US48,51560,51560,0
6,CS40->US56,0,0,0
6,CS40->US64,0,0,0
6,CS40->US72,51112,51112,0
6,CS40->US80,5379,5379,0
6,CS40->US88,50836,50836,0
6,CS40->US96,0,0,0
6,CS40->US104,0,0,0
6,CS40->US112,54780,54780,0
6,CS40->US120,53882,53882,0
6,CS41->US1,51610,51610,0
6,CS41->US9,6429,6429,0
6,CS41->US17,50414,50414,0
6,CS41->US25,0,0,0
6,CS41->US33,0,0,0
6,CS41->US41,52717,52717,0
6,CS41->US49,51678,51678,0
6,CS41->US57,0,0,0
6,CS41->US65,0,0,0
6,CS41->US73,50616,50616,0
6,CS41->US81,5482,5482,0
6,CS41->US89,50913,50913,0
6,CS41->US97,0,0,0
6,CS41->US105,0,0,0
6,CS41->US113,54600,54600,0
6,CS41->US121,54007,54007,0
6,CS42->US2,51387,51387,0
6,CS42->US10,6489,6488,0
6,CS42->US18,50279,50279,0
6,CS42->US26,0,0,0
6,CS42->US34,0,0,0
6,CS42->US42,53031,53031,0
6,CS42->US50,51460,51460,0
6,CS42->US58,0,0,0
6,CS42->US66,0,0,0
6,CS42->US74,50457,50457,0
6,CS42->US82,5261,5261,0
6,CS42->US90,50822,50822,0
6,CS42->US98,0,0,0
6,CS42->US106,0,0,0
6,CS42->US114,54815,54815,0
6,CS42->US122,54148,54148,0
6,CS43->US3,51586,51586,0
6,CS43->US11,6469,6469,0
6,CS43->US19,50187,50187,0
6,CS43->US27,0,0,0
6,CS43->US35,0,0,0
6,CS43->US43,53199,53199,0
6,CS43->US51,51904,51904,0
6,CS43->US59,0,0,0
6,CS43->US67,0,0,0
6,CS43->US75,51092,51092,0
6,CS43->US83,5359,5359,0
6,CS43->US91,50901,50901,0
6,CS43->US99,0,0,0
6,CS43->US107,0,0,0
6,CS43->US115,54681,54681,0
6,CS43->US123,53781,53781,0
6,CS44->US4,51978,51978,0
6,CS44->US12,6496,6496,0
6,CS44->US20,49997,49997,0
6,CS44->US28,0,0,0
6,CS44->US36,0,0,0
6,CS44->US44,52733,52733,0
6,CS44->US52,51374,51374,0
6,CS44->US60,0,0,0
6,CS44->US68,0,0,0
6,CS44->US76,50799,50799,0
6,CS44->US84,5342,5342,0
6,CS44->US92,50748,50748,0
6,CS44->US100,0,0,0
6,CS44->US108,0,0,0
6,CS44->US116,54343,54343,0
6,CS44->US124,53714,53714,0
6,CS45->US5,51547,51547,0
6,CS45->US13,6596,6596,0
6,CS45->US21,50463,50463,0
6,CS45->US29,0,0,0
6,CS45->US37,0,0,0
6,CS45->US45,52786,52786,0
6,CS45->US53,51355,51355,0
6,CS45->US61,0,0,0
6,CS45->US69,0,0,0
6,CS45->US77,50523,50523,0
6,CS45->US85,5315,5315,0
6,CS45->US93,50764,50764,0
6,CS45->US101,0,0,0
6,CS45->US109,0,0,0
6,CS45->US117,54616,54616,0
6,CS45->US125,53903,53903,0
6,CS46->US6,51776,51776,0
6,CS46->US14,6588,6588,0
6,CS46->US22,50027,50027,0
6,CS46->US30,0,0,0
6,CS46->US38,0,0,0
6,CS46->US46,52923,52923,0
6,CS46->US54,51698,51698,0
6,CS46->US62,0,0,0
6,CS46->US70,0,0,0
6,CS46->US78,50971,50971,0
6,CS46->US86,5409,5408,0
6,CS46->US94,50637,50637,0
6,CS46->US102,0,0,0
6,CS46->US110,0,0,0
6,CS46->US118,54628,54628,0
6,CS46->US126,53837,53837,0
6,CS47->US7,51533,51533,0
6,CS47->US15,6445,6445,0
6,CS47->US23,50237,50237,0
6,CS47->US31,0,0,0
6,CS47->US39,0,0,0
6,CS47->US47,53022,53022,0
6,CS47->US55,51686,51686,0
6,CS47->US63,0,0,0
6,CS47->US71,0,0,0
6,CS47->US79,50979,50979,0
6,CS47->US87,5325,5325,0
6,CS47->US95,50882,50882,0
6,CS47->US103,0,0,0
6,CS47->US111,0,0,0
6,CS47->US119,54512,54512,0
6,CS47->US127,53636,53636,0
6,CS48->US0,51153,51153,0
6,CS48->US8,6398,6397,0
6,CS48->US16,50559,50559,0
6,CS48->US24,0,0,0
6,CS48->US32,0,0,0
6,CS48->US40,52779,52779,0
6,CS48->US48,51659,51659,0
6,CS48->US56,0,0,0
6,CS48->US64,0,0,0
6,CS48->US72,50704,50704,0
6,CS48->US80,5246,5246,0
6,CS48->US88,50695,50695,0
6,CS48->US96,0,0,0
6,CS48->US104,0,0,0
6,CS48->US112,54872,54872,0
6,CS48->US120,54290,54290,0
6,CS49->US1,51540,51540,0
6,CS49->US9,6439,6439,0
6,CS49->US17,50640,50640,0
6,CS49->US25,0,0,0
6,CS49->US33,0,0,0
6,CS49->US41,52742,52742,0
6,CS49->US49,51391,51391,0
6,CS49->US57,0,0,0
6,CS49->US65,0,0,0
6,CS49->US73,50380,50380,0
6,CS49->US81,5344,5343,0
6,CS49->US89,50661,50661,0
6,CS49->US97,0,0,0
6,CS49->US105,0,0,0
6,CS49->US113,54643,54643,0
6,CS49->US121,54094,54094,0
6,CS50->US2,51446,51446,0
6,CS50->US10,6594,6594,0
6,CS50->US18,50120,50120,0
6,CS50->US26,0,0,0
6,CS50->US34,0,0,0
6,CS50->US42,53384,53384,0
6,CS50->US50,51666,51666,0
6,CS50->US58,0,0,0
6,CS50->US66,0,0,0
6,CS50->US74,50765,50765,0
6,CS50->US82,5318,5317,0
6,CS50->US90,50793,50793,0
6,CS50->US98,0,0,0
6,CS50->US106,0,0,0
6,CS50->US114,54075,54075,0
6,CS50->US122,53770,53770,0
6,CS51->US3,51229,51229,0
6,CS51->US11,6348,6348,0
6,CS51->US19,50287,50287,0
6,CS51->US27,0,0,0
6,CS51->US35,0,0,0
6,CS51->US43,53294,53294,0
6,CS51->US51,51897,51897,0
6,CS51->US59,0,0,0
6,CS51->US67,0,0,0
6,CS51->US75,50961,50961,0
6,CS51->US83,5445,5445,0
6,CS51->US91,50954,50954,0
6,CS51->US99,0,0,0
6,CS51->US107,0,0,0
6,CS51->US115,54614,54614,0
6,CS51->US123,54261,54261,0
6,CS52->US4,51618,51618,0
6,CS52->US12,6476,6476,0
6,CS52->US20,50528,50528,0
6,CS52->US28,0,0,0
6,CS52->US36,0,0,0
6,CS52->US44,52660,52660,0
6,CS52->US52,51776,51776,0
6,CS52->US60,0,0,0
6,CS52->US68,0,0,0
6,CS52->US76,51009,51009,0
6,CS52->US84,5532,5532,0
6,CS52->US92,50642,50642,0
6,CS52->US100,0,0,0
6,CS52->US108,0,0,0
6,CS52->US116,54537,54537,0
6,CS52->US124,53815,53815,0
6,CS53->US5,51134,51134,0
6,CS53->US13,6600,6600,0
6,CS53->US21,50166,50166,0
6,CS53->US29,0,0,0
6,CS53->US37,0,0,0
6,CS53->US45,53145,53145,0
6,CS53->US53,51299,51299,0
6,CS53->US61,0,0,0
6,CS53->US69,0,0,0
6,CS53->US77,51109,51109,0
6,CS53->US85,5393,5393,0
6,CS53->US93,50578,50578,0
6,CS53->US101,0,0,0
6,CS53->US109,0,0,0
6,CS53->US117,54578,54578,0
6,CS53->US125,54007,54007,0
6,CS54->US6,51447,51447,0
6,CS54->US14,6393,6393,0
6,CS54->US22,50463,50463,0
6,CS54->US30,0,0,0
6,CS54->US38,0,0,0
6,CS54->US46,53191,53191,0
6,CS54->US54,51875,51875,0
6,CS54->US62,0,0,0
6,CS54->US70,0,0,0
6,CS54->US78,50482,50482,0
6,CS54->US86,5431,5430,0
6,CS54->US94,50518,50518,0
6,CS54->US102,0,0,0
6,CS54->US110,0,0,0
6,CS54->US118,54604,54604,0
6,CS54->US126,53495,53495,0
6,CS55->US7,51465,51465,0
6,CS55->US15,6337,6337,0
6,CS55->US23,50273,50273,0
6,CS55->US31,0,0,0
6,CS55->US39,0,0,0
6,CS55->US47,52901,52901,0
6,CS55->US55,51387,51387,0
6,CS55->US63,0,0,0
6,CS55->US71,0,0,0
6,CS55->US79,50144,50144,0
6,CS55->US87,5334,5333,0
6,CS55->US95,50739,50739,0
6,CS55->US103,0,0,0
6,CS55->US111,0,0,0
6,CS55->US119,54635,54635,0
6,CS55->US127,53686,53686,0
6,CS56->US0,51177,51177,0
6,CS56->US8,6391,6391,0
6,CS56->US16,50246,50246,0
6,CS56->US24,0,0,0
6,CS56->US32,0,0,0
6,CS56->US40,53203,53203,0
6,CS56->US48,51396,51396,0
6,CS56->US56,0,0,0
6,CS56->US64,0,0,0
6,CS56->US72,50707,50707,0
6,CS56->US80,5313,5313,0
6,CS56->US88,50494,50494,0
6,CS56->US96,0,0,0
6,CS56->US104,0,0,0
6,CS56->US112,54054,54054,0
6,CS56->US120,53911,53911,0
6,CS57->US1,51573,51573,0
6,CS57->US9,6453,6453,0
6,CS57->US17,49871,49871,0
6,CS57->US25,0,0,0
6,CS57->US33,0,0,0
6,CS57->US41,53016,53016,0
6,CS57->US49,51222,51222,0
6,CS57->US57,0,0,0
6,CS57->US65,0,0,0
6,CS57->US73,50966,50966,0
6,CS57->US81,5371,5370,0
6,CS57->US89,50968,50968,0
6,CS57->US97,0,0,0
6,CS57->US105,0,0,0
6,CS57->US113,54410,54410,0
6,CS57->US121,53636,53636,0
6,CS58->US2,51602,51602,0
6,CS58->US10,6481,6481,0
6,CS58->US18,50617,50617,0
6,CS58->US26,0,0,0
6,CS58->US34,0,0,0
6,CS58->US42,53133,53133,0
6,CS58->US50,51554,51554,0
6,CS58->US58,0,0,0
6,CS58->US66,0,0,0
6,CS58->US74,50714,50714,0
6,CS58->US82,5289,5289,0
6,CS58->US90,50874,50874,0
6,CS58->US98,0,0,0
6,CS58->US106,0,0,0
6,CS58->US114,54350,54350,0
6,CS58->US122,53625,53625,0
6,CS59->US3,51724,51724,0
6,CS59->US11,6550,6550,0
6,CS59->US19,49839,49839,0
6,CS59->US27,0,0,0
6,CS59->US35,0,0,0
6,CS59->US43,52833,52833,0
6,CS59->US51,51289,51289,0
6,CS59->US59,0,0,0
6,CS59->US67,0,0,0
6,CS59->US75,50721,50721,0
6,CS59->US83,5365,5365,0
6,CS59->US91,50726,50726,0
6,CS59->US99,0,0,0
6,CS59->US107,0,0,0
6,CS59->US115,54400,54400,0
6,CS59->US123,53482,53482,0
6,CS60->US4,51352,51352,0
6,CS60->US12,6357,6357,0
6,CS60->US20,50162,50162,0
6,CS60->US28,0,0,0
6,CS60->US36,0,0,0
6,CS60->US44,53025,53025,0
6,CS60->US52,51818,51818,0
6,CS60->US60,0,0,0
6,CS60->US68,0,0,0
6,CS60->US76,51118,51118,0
6,CS60->US84,5435,5435,0
6,CS60->US92,50546,50546,0
6,CS60->US100,0,0,0
6,CS60->US108,0,0,0
6,CS60->US116,54771,54771,0
6,CS60->US124,53249,53249,0
6,CS61->US5,51262,51262,0
6,CS61->US13,6429,6428,0
6,CS61->US21,50815,50815,0
6,CS61->US29,0,0,0
6,CS61->US37,0,0,0
6,CS61->US45,52954,52954,0
6,CS61->US53,51978,51978,0
6,CS61->US61,0,0,0
6,CS61->US69,0,0,0
6,CS61->US77,50658,50658,0
6,CS61->US85,5298,5297,0
6,CS61->US93,50984,50984,0
6,CS61->US101,0,0,0
6,CS61->US109,0,0,0
6,CS61->US117,54592,54592,0
6,CS61->US125,53539,53539,0
6,CS62->US6,51232,51232,0
6,CS62->US14,6476,6476,0
6,CS62->US22,50200,50200,0
6,CS62->US30,0,0,0
6,CS62->US38,0,0,0
6,CS62->US46,52659,52659,0
6,CS62->US54,51362,51362,0
6,CS62->US62,0,0,0
6,CS62->US70,0,0,0
6,CS62->US78,50695,50695,0
6,CS62->US86,5264,5262,0
6,CS62->US94,50777,50777,0
6,CS62->US102,0,0,0
6,CS62->US110,0,0,0
6,CS62->US118,54369,54369,0
6,CS62->US126,53827,53827,0
6,CS63->US7,51068,51068,0
6,CS63->US15,6560,6560,0
6,CS63->US23,50476,50476,0
6,CS63->US31,0,0,0
6,CS63->US39,0,0,0
6,CS63->US47,53132,53132,0
6,CS63->US55,51864,51864,0
6,CS63->US63,0,0,0
6,CS63->US71,0,0,0
6,CS63->US79,50815,50815,0
6,CS63->US87,5334,5334,0
6,CS63->US95,50875,50875,0
6,CS63->US103,0,0,0
6,CS63->US111,0,0,0
6,CS63->US119,54504,54504,0
6,CS63->US127,53823,53823,0
7,US0->CS0,51863,51863,0
7,US0->CS8,51346,51346,0
7,US0->CS16,51465,51465,0
7,US0->CS24,51668,51668,0
7,US0->CS32,51703,51703,0
7,US0->CS40,51826,51826,0
7,US0->CS48,51938,51938,0
7,US0->CS56,51716,51716,0
7,US1->CS1,51851,51851,0
7,US1->CS9,51370,51370,0
7,US1->CS17,51895,51895,0
7,US1->CS25,51740,51740,0
7,US1->CS33,51857,51857,0
7,US1->CS41,51957,51957,0
7,US1->CS49,51615,51615,0
7,US1->CS57,51526,51526,0
7,US2->CS2,51557,51557,0
7,US2->CS10,51712,51712,0
7,US2->CS18,51670,51670,0
7,US2->CS26,51489,51489,0
7,US2->CS34,51528,51528,0
7,US2->CS42,51746,51746,0
7,US2->CS50,51945,51945,0
7,US2->CS58,51806,51806,0
7,US3->CS3,51998,51998,0
7,US3->CS11,52090,52090,0
7,US3->CS19,51678,51678,0
7,US3->CS27,51871,51871,0
7,US3->CS35,51518,51518,0
7,US3->CS43,52162,52162,0
7,US3->CS51,52150,52150,0
7,US3->CS59,51526,51526,0
7,US4->CS4,51892,51892,0
7,US4->CS12,51869,51869,0
7,US4->CS20,51711,51711,0
7,US4->CS28,51422,51422,0
7,US4->CS36,51660,51660,0
7,US4->CS44,51653,51653,0
7,US4->CS52,52036,52036,0
7,US4->CS60,52119,52119,0
7,US5->CS5,51581,51581,0
7,US5->CS13,51906,51906,0
7,US5->CS21,51758,51758,0
7,US5->CS29,51502,51502,0
7,US5->CS37,51893,51893,0
7,US5->CS45,51628,51628,0
7,US5->CS53,51570,51570,0
7,US5->CS61,52207,52207,0
7,US6->CS6,51591,51591,0
7,US6->CS14,51890,51890,0
7,US6->CS22,51720,51720,0
7,US6->CS30,51858,51858,0
7,US6->CS38,51421,51421,0
7,US6->CS46,52011,52011,0
7,US6->CS54,52135,52135,0
7,US6->CS62,51659,51659,0
7,US7->CS7,51882,51882,0
7,US7->CS15,51760,51760,0
7,US7->CS23,51524,51524,0
7,US7->CS31,51690,51690,0
7,US7->CS39,51701,51701,0
7,US7->CS47,51940,51940,0
7,US7->CS55,51712,51712,0
7,US7->CS63,52127,52127,0
7,US8->CS0,56417,56417,0
7,US8->CS8,56235,56235,0
7,US8->CS16,56067,56067,0
7,US8->CS24,56009,56009,0
7,US8->CS32,56458,56458,0
7,US8->CS40,56321,56320,0
7,US8->CS48,56295,56295,0
7,US8->CS56,56078,56078,0
7,US9->CS1,55997,55997,0
7,US9->CS9,56174,56174,0
7,US9->CS17,56259,56259,0
7,US9->CS25,56222,56222,0
7,US9->CS33,56490,56490,0
7,US9->CS41,56543,56542,0
7,US9->CS49,56478,56478,0
7,US9->CS57,56061,56059,0
7,US10->CS2,56395,56395,0
7,US10->CS10,56394,56394,0
7,US10->CS18,56123,56122,0
7,US10->CS26,56120,56119,0
7,US10->CS34,56535,56533,0
7,US10->CS42,56405,56405,0
7,US10->CS50,55939,55939,0
7,US10->CS58,56388,56388,0
7,US11->CS3,55830,55829,0
7,US11->CS11,56346,56346,0
7,US11->CS19,56011,56011,0
7,US11->CS27,56293,56293,0
7,US11->CS35,55760,55760,0
7,US11->CS43,56272,56272,0
7,US11->CS51,56211,56211,0
7,US11->CS59,56085,56085,0
7,US12->CS4,56328,56328,0
7,US12->CS12,56454,56454,0
7,US12->CS20,56016,56015,0
7,US12->CS28,55924,55924,0
7,US12->CS36,56266,56266,0
7,US12->CS44,56086,56086,0
7,US12->CS52,56324,56324,0
7,US12->CS60,56099,56099,0
7,US13->CS5,56194,56194,0
7,US13->CS13,55880,55880,0
7,US13->CS21,55833,55833,0
7,US13->CS29,55883,55882,0
7,US13->CS37,56199,56199,0
7,US13->CS45,55836,55836,0
7,US13->CS53,56105,56105,0
7,US13->CS61,56277,56277,0
7,US14->CS6,56001,56001,0
7,US14->CS14,56226,56226,0
7,US14->CS22,56422,56422,0
7,US14->CS30,56118,56118,0
7,US14->CS38,56744,56742,0
7,US14->CS46,56428,56428,0
7,US14->CS54,55872,55872,0
7,US14->CS62,55981,55981,0
7,US15->CS7,56430,56430,0
7,US15->CS15,56239,56239,0
7,US15->CS23,56444,56444,0
7,US15->CS31,55966,55965,0
7,US15->CS39,56149,56149,0
7,US15->CS47,56415,56414,0
7,US15->CS55,56368,56368,0
7,US15->CS63,56509,56509,0
7,US16->CS0,54072,54072,0
7,US16->CS8,54439,54439,0
7,US16->CS16,54217,54217,0
7,US16->CS24,54313,54313,0
7,US16->CS32,54085,54085,0
7,US16->CS40,54138,54138,0
7,US16->CS48,54527,54527,0
7,US16->CS56,54170,54170,0
7,US17->CS1,54238,54238,0
7,US17->CS9,54356,54356,0
7,US17->CS17,54152,54152,0
7,US17->CS25,54121,54121,0
7,US17->CS33,54341,54341,0
7,US17->CS41,54278,54278,0
7,US17->CS49,54255,54255,0
7,US17->CS57,53911,53911,0
7,US18->CS2,53699,53699,0
7,US18->CS10,54149,54149,0
7,US18->CS18,54160,54160,0
7,US18->CS26,54104,54104,0
7,US18->CS34,53621,53621,0
7,US18->CS42,54428,54428,0
7,US18->CS50,54051,54051,0
7,US18->CS58,53845,53845,0
7,US19->CS3,54435,54435,0
7,US19->CS11,54011,54011,0
7,US19->CS19,54027,54027,0
7,US19->CS27,54084,54084,0
7,US19->CS35,54435,54435,0
7,US19->CS43,54017,54017,0
7,US19->CS51,54462,54462,0
7,US19->CS59,53733,53733,0
7,US20->CS4,54330,54330,0
7,US20->CS12,54169,54169,0
7,US20->CS20,54094,54094,0
7,US20->CS28,54617,54617,0
7,US20->CS36,54149,54149,0
7,US20->CS44,53969,53969,0
7,US20->CS52,54024,54024,0
7,US20->CS60,53497,53497,0
7,US21->CS5,53880,53880,0
7,US21->CS13,54297,54297,0
7,US21->CS21,54339,54339,0
7,US21->CS29,54204,54204,0
7,US21->CS37,53961,53961,0
7,US21->CS45,54109,54109,0
7,US21->CS53,54229,54229,0
7,US21->CS61,53762,53762,0
7,US22->CS6,53766,53766,0
7,US22->CS14,54156,54156,0
7,US22->CS22,54445,54445,0
7,US22->CS30,54243,54243,0
7,US22->CS38,54289,54289,0
7,US22->CS46,54029,54029,0
7,US22->CS54,53715,53715,0
7,US22->CS62,54061,54061,0
7,US23->CS7,54243,54243,0
7,US23->CS15,54119,54119,0
7,US23->CS23,54386,54386,0
7,US23->CS31,54120,54120,0
7,US23->CS39,54314,54314,0
7,US23->CS47,53904,53904,0
7,US23->CS55,53903,53903,0
7,US23->CS63,54005,54005,0
7,US24->CS0,0,0,0
7,US24->CS8,0,0,0
7,US24->CS16,0,0,0
7,US24->CS24,0,0,0
7,US24->CS32,0,0,0
7,US24->CS40,0,0,0
7,US24->CS48,0,0,0
7,US24->CS56,0,0,0
7,US25->CS1,0,0,0
7,US25->CS9,0,0,0
7,US25->CS17,0,0,0
7,US25->CS25,0,0,0
7,US25->CS33,0,0,0
7,US25->CS41,0,0,0
7,US25->CS49,0,0,0
7,US25->CS57,0,0,0
7,US26->CS2,0,0,0
7,US26->CS10,0,0,0
7,US26->CS18,0,0,0
7,US26->CS26,0,0,0
7,US26->CS34,0,0,0
7,US26->CS42,0,0,0
7,US26->CS50,0,0,0
7,US26->CS58,0,0,0
7,US27->CS3,0,0,0
7,US27->CS11,0,0,0
7,US27->CS19,0,0,0
7,US27->CS27,0,0,0
7,US27->CS35,0,0,0
7,US27->CS43,0,0,0
7,US27->CS51,0,0,0
7,US27->CS59,0,0,0
7,US28->CS4,0,0,0
7,US28->CS12,0,0,0
7,US28->CS20,0,0,0
7,US28->CS28,0,0,0
7,US28->CS36,0,0,0
7,US28->CS44,0,0,0
7,US28->CS52,0,0,0
7,US28->CS60,0,0,0
7,US29->CS5,0,0,0
7,US29->CS13,0,0,0
7,US29->CS21,0,0,0
7,US29->CS29,0,0,0
7,US29->CS37,0,0,0
7,US29->CS45,0,0,0
7,US29->CS53,0,0,0
7,US29->CS61,0,0,0
7,US30->CS6,0,0,0
7,US30->CS14,0,0,0
7,US30->CS22,0,0,0
7,US30->CS30,0,0,0
7,US30->CS38,0,0,0
7,US30->CS46,0,0,0
7,US30->CS54,0,0,0
7,US30->CS62,0,0,0
7,US31->CS7,0,0,0
7,US31->CS15,0,0,0
7,US31->CS23,0,0,0
7,US31->CS31,0,0,0
7,US31->CS39,0,0,0
7,US31->CS47,0,0,0
7,US31->CS55,0,0,0
7,US31->CS63,0,0,0
7,US32->CS0,0,0,0
7,US32->CS8,0,0,0
7,US32->CS16,0,0,0
7,US32->CS24,0,0,0
7,US32->CS32,0,0,0
7,US32->CS40,0,0,0
7,US32->CS48,0,0,0
7,US32->CS56,0,0,0
7,US33->CS1,0,0,0
7,US33->CS9,0,0,0
7,US33->CS17,0,0,0
7,US33->CS25,0,0,0
7,US33->CS33,0,0,0
7,US33->CS41,0,0,0
7,US33->CS49,0,0,0
7,US33->CS57,0,0,0
7,US34->CS2,0,0,0
7,US34->CS10,0,0,0
7,US34->CS18,0,0,0
7,US34->CS26,0,0,0
7,US34->CS34,0,0,0
7,US34->CS42,0,0,0
7,US34->CS50,0,0,0
7,US34->CS58,0,0,0
7,US35->CS3,0,0,0
7,US35->CS11,0,0,0
7,US35->CS19,0,0,0
7,US35->CS27,0,0,0
7,US35->CS35,0,0,0
7,US35->CS43,0,0,0
7,US35->CS51,0,0,0
7,US35->CS59,0,0,0
7,US36->CS4,0,0,0
7,US36->CS12,0,0,0
7,US36->CS20,0,0,0
7,US36->CS28,0,0,0
7,US36->CS36,0,0,0
7,US36->CS44,0,0,0
7,US36->CS52,0,0,0
7,US36->CS60,0,0,0
7,US37->CS5,0,0,0
7,US37->CS13,0,0,0
7,US37->CS21,0,0,0
7,US37->CS29,0,0,0
7,US37->CS37,0,0,0
7,US37->CS45,0,0,0
7,US37->CS53,0,0,0
7,US37->CS61,0,0,0
7,US38->CS6,0,0,0
7,US38->CS14,0,0,0
7,US38->CS22,0,0,0
7,US38->CS30,0,0,0
7,US38->CS38,0,0,0
7,US38->CS46,0,0,0
7,US38->CS54,0,0,0
7,US38->CS62,0,0,0
7,US39->CS7,0,0,0
7,US39->CS15,0,0,0
7,US39->CS23,0,0,0
7,US39->CS31,0,0,0
7,US39->CS39,0,0,0
7,US39->CS47,0,0,0
7,US39->CS55,0,0,0
7,US39->CS63,0,0,0
7,US40->CS0,54661,54661,0
7,US40->CS8,54477,54477,0
7,US40->CS16,54693,54693,0
7,US40->CS24,54863,54863,0
7,US40->CS32,54469,54469,0
7,US40->CS40,54836,54836,0
7,US40->CS48,54821,54821,0
7,US40->CS56,53970,53970,0
7,US41->CS1,54253,54253,0
7,US41->CS9,54655,54655,0
7,US41->CS17,54893,54893,0
7,US41->CS25,54839,54839,0
7,US41->CS33,54642,54642,0
7,US41->CS41,54577,54577,0
7,US41->CS49,54713,54713,0
7,US41->CS57,54302,54302,0
7,US42->CS2,54208,54208,0
7,US42->CS10,54490,54490,0
7,US42->CS18,54288,54288,0
7,US42->CS26,54393,54393,0
7,US42->CS34,54375,54375,0
7,US42->CS42,54783,54783,0
7,US42->CS50,54070,54070,0
7,US42->CS58,54303,54303,0
7,US43->CS3,54330,54330,0
7,US43->CS11,54507,54507,0
7,US43->CS19,54157,54157,0
7,US43->CS27,54630,54630,0
7,US43->CS35,54703,54703,0
7,US43->CS43,54670,54670,0
7,US43->CS51,54628,54628,0
7,US43->CS59,54392,54392,0
7,US44->CS4,54358,54358,0
7,US44->CS12,54782,54782,0
7,US44->CS20,54563,54563,0
7,US44->CS28,54240,54240,0
7,US44->CS36,54467,54467,0
7,US44->CS44,54319,54319,0
7,US44->CS52,54510,54510,0
7,US44->CS60,54817,54817,0
7,US45->CS5,54980,54980,0
7,US45->CS13,54693,54693,0
7,US45->CS21,54565,54565,0
7,US45->CS29,54867,54867,0
7,US45->CS37,54584,54584,0
7,US45->CS45,54576,54576,0
7,US45->CS53,54588,54588,0
7,US45->CS61,54621,54621,0
7,US46->CS6,54262,54262,0
7,US46->CS14,54898,54898,0
7,US46->CS22,54356,54356,0
7,US46->CS30,54898,54898,0
7,US46->CS38,54105,54105,0
7,US46->CS46,54540,54540,0
7,US46->CS54,54621,54621,0
7,US46->CS62,54294,54294,0
7,US47->CS7,54486,54486,0
7,US47->CS15,54387,54387,0
7,US47->CS23,54941,54941,0
7,US47->CS31,55009,55009,0
7,US47->CS39,54837,54837,0
7,US47->CS47,54518,54518,0
7,US47->CS55,54535,54535,0
7,US47->CS63,54488,54488,0
7,US48->CS0,51826,51826,0
7,US48->CS8,51933,51933,0
7,US48->CS16,51667,51667,0
7,US48->CS24,51680,51680,0
7,US48->CS32,51513,51513,0
7,US48->CS40,51977,51977,0
7,US48->CS48,51401,51401,0
7,US48->CS56,51444,51444,0
7,US49->CS1,52203,52203,0
7,US49->CS9,52019,52019,0
7,US49->CS17,51619,51619,0
7,US49->CS25,51334,51334,0
7,US49->CS33,51849,51849,0
7,US49->CS41,51889,51889,0
7,US49->CS49,51830,51830,0
7,US49->CS57,51864,51864,0
7,US50->CS2,51542,51542,0
7,US50->CS10,51753,51753,0
7,US50->CS18,51613,51613,0
7,US50->CS26,51665,51665,0
7,US50->CS34,51747,51747,0
7,US50->CS42,51648,51648,0
7,US50->CS50,51718,51718,0
7,US50->CS58,51839,51839,0
7,US51->CS3,52136,52136,0
7,US51->CS11,51404,51404,0
7,US51->CS19,51900,51900,0
7,US51->CS27,51942,51942,0
7,US51->CS35,52021,52021,0
7,US51->CS43,51874,51874,0
7,US51->CS51,51520,51520,0
7,US51->CS59,51977,51977,0
7,US52->CS4,51614,51614,0
7,US52->CS12,51692,51692,0
7,US52->CS20,51541,51541,0
7,US52->CS28,51602,51602,0
7,US52->CS36,51990,51990,0
7,US52->CS44,52243,52243,0
7,US52->CS52,51821,51821,0
7,US52->CS60,51604,51604,0
7,US53->CS5,52134,52134,0
7,US53->CS13,51630,51630,0
7,US53->CS21,51674,51674,0
7,US53->CS29,51715,51715,0
7,US53->CS37,51549,51549,0
7,US53->CS45,51824,51824,0
7,US53->CS53,51396,51396,0
7,US53->CS61,51569,51569,0
7,US54->CS6,51792,51792,0
7,US54->CS14,52336,52336,0
7,US54->CS22,51629,51629,0
7,US54->CS30,51856,51856,0
7,US54->CS38,51735,51735,0
7,US54->CS46,52035,52035,0
7,US54->CS54,51715,51715,0
7,US54->CS62,51493,51493,0
7,US55->CS7,51733,51733,0
7,US55->CS15,51950,51950,0
7,US55->CS23,51706,51706,0
7,US55->CS31,51861,51861,0
7,US55->CS39,51696,51696,0
7,US55->CS47,51832,51832,0
7,US55->CS55,51777,51777,0
7,US55->CS63,51363,51363,0
7,US56->CS0,0,0,0
7,US56->CS8,0,0,0
7,US56->CS16,0,0,0
7,US56->CS24,0,0,0
7,US56->CS32,0,0,0
7,US56->CS40,0,0,0
7,US56->CS48,0,0,0
7,US56->CS56,0,0,0
7,US57->CS1,0,0,0
7,US57->CS9,0,0,0
7,US57->CS17,0,0,0
7,US57->CS25,0,0,0
7,US57->CS33,0,0,0
7,US57->CS41,0,0,0
7,US57->CS49,0,0,0
7,US57->CS57,0,0,0
7,US58->CS2,0,0,0
7,US58->CS10,0,0,0
7,US58->CS18,0,0,0
7,US58->CS26,0,0,0
7,US58->CS34,0,0,0
7,US58->CS42,0,0,0
7,US58->CS50,0,0,0
7,US58->CS58,0,0,0
7,US59->CS3,0,0,0
7,US59->CS11,0,0,0
7,US59->CS19,0,0,0
7,US59->CS27,0,0,0
7,US59->CS35,0,0,0
7,US59->CS43,0,0,0
7,US59->CS51,0,0,0
7,US59->CS59,0,0,0
7,US60->CS4,0,0,0
7,US60->CS12,0,0,0
7,US60->CS20,0,0,0
7,US60->CS28,0,0,0
7,US60->CS36,0,0,0
7,US60->CS44,0,0,0
7,US60->CS52,0,0,0
7,US60->CS60,0,0,0
7,US61->CS5,0,0,0
7,US61->CS13,0,0,0
7,US61->CS21,0,0,0
7,US61->CS29,0,0,0
7,US61->CS37,0,0,0
7,US61->CS45,0,0,0
7,US61->CS53,0,0,0
7,US61->CS61,0,0,0
7,US62->CS6,0,0,0
7,US62->CS14,0,0,0
7,US62->CS22,0,0,0
7,US62->CS30,0,0,0
7,US62->CS38,0,0,0
7,US62->CS46,0,0,0
7,US62->CS54,0,0,0
7,US62->CS62,0,0,0
7,US63->CS7,0,0,0
7,US63->CS15,0,0,0
7,US63->CS23,0,0,0
7,US63->CS31,0,0,0
7,US63->CS39,0,0,0
7,US63->CS47,0,0,0
7,US63->CS55,0,0,0
7,US63->CS63,0,0,0
7,US64->CS0,0,0,0
7,US64->CS8,0,0,0
7,US64->CS16,0,0,0
7,US64->CS24,0,0,0
7,US64->CS32,0,0,0
7,US64->CS40,0,0,0
7,US64->CS48,0,0,0
7,US64->CS56,0,0,0
7,US65->CS1,0,0,0
7,US65->CS9,0,0,0
7,US65->CS17,0,0,0
7,US65->CS25,0,0,0
7,US65->CS33,0,0,0
7,US65->CS41,0,0,0
7,US65->CS49,0,0,0
7,US65->CS57,0,0,0
7,US66->CS2,0,0,0
7,US66->CS10,0,0,0
7,US66->CS18,0,0,0
7,US66->CS26,0,0,0
7,US66->CS34,0,0,0
7,US66->CS42,0,0,0
7,US66->CS50,0,0,0
7,US66->CS58,0,0,0
7,US67->CS3,0,0,0
7,US67->CS11,0,0,0
7,US67->CS19,0,0,0
7,US67->CS27,0,0,0
7,US67->CS35,0,0,0
7,US67->CS43,0,0,0
7,US67->CS51,0,0,0
7,US67->CS59,0,0,0
7,US68->CS4,0,0,0
7,US68->CS12,0,0,0
7,US68->CS20,0,0,0
7,US68->CS28,0,0,0
7,US68->CS36,0,0,0
7,US68->CS44,0,0,0
7,US68->CS52,0,0,0
7,US68->CS60,0,0,0
7,US69->CS5,0,0,0
7,US69->CS13,0,0,0
7,US69->CS21,0,0,0
7,US69->CS29,0,0,0
7,US69->CS37,0,0,0
7,US69->CS45,0,0,0
7,US69->CS53,0,0,0
7,US69->CS61,0,0,0
7,US70->CS6,0,0,0
7,US70->CS14,0,0,0
7,US70->CS22,0,0,0
7,US70->CS30,0,0,0
7,US70->CS38,0,0,0
7,US70->CS46,0,0,0
7,US70->CS54,0,0,0
7,US70->CS62,0,0,0
7,US71->CS7,0,0,0
7,US71->CS15,0,0,0
7,US71->CS23,0,0,0
7,US71->CS31,0,0,0
7,US71->CS39,0,0,0
7,US71->CS47,0,0,0
7,US71->CS55,0,0,0
7,US71->CS63,0,0,0
7,US72->CS0,51055,51055,0
7,US72->CS8,51137,51137,0
7,US72->CS16,51141,51141,0
7,US72->CS24,50759,50759,0
7,US72->CS32,50658,50658,0
7,US72->CS40,50859,50859,0
7,US72->CS48,50734,50734,0
7,US72->CS56,50514,50514,0
7,US73->CS1,50422,50422,0
7,US73->CS9,50685,50685,0
7,US73->CS17,50794,50794,0
7,US73->CS25,51065,51065,0
7,US73->CS33,50781,50781,0
7,US73->CS41,50945,50945,0
7,US73->CS49,50789,50789,0
7,US73->CS57,50955,50955,0
7,US74->CS2,50786,50786,0
7,US74->CS10,50648,50648,0
7,US74->CS18,50921,50921,0
7,US74->CS26,50978,50978,0
7,US74->CS34,50775,50775,0
7,US74->CS42,50851,50851,0
7,US74->CS50,50801,50801,0
7,US74->CS58,50873,50873,0
7,US75->CS3,50984,50984,0
7,US75->CS11,50933,50933,0
7,US75->CS19,50854,50854,0
7,US75->CS27,50681,50681,0
7,US75->CS35,50664,50664,0
7,US75->CS43,50919,50919,0
7,US75->CS51,51005,51005,0
7,US75->CS59,50730,50730,0
7,US76->CS4,50956,50956,0
7,US76->CS12,50884,50884,0
7,US76->CS20,50841,50841,0
7,US76->CS28,50995,50995,0
7,US76->CS36,50883,50883,0
7,US76->CS44,50784,50784,0
7,US76->CS52,50697,50697,0
7,US76->CS60,50569,50569,0
7,US77->CS5,50662,50662,0
7,US77->CS13,51217,51217,0
7,US77->CS21,51013,51013,0
7,US77->CS29,50794,50794,0
7,US77->CS37,50594,50594,0
7,US77->CS45,50822,50822,0
7,US77->CS53,50626,50626,0
7,US77->CS61,51049,51049,0
7,US78->CS6,50712,50712,0
7,US78->CS14,50844,50844,0
7,US78->CS22,50764,50764,0
7,US78->CS30,50840,50840,0
7,US78->CS38,50322,50322,0
7,US78->CS46,50736,50736,0
7,US78->CS54,50549,50549,0
7,US78->CS62,50826,50826,0
7,US79->CS7,50727,50727,0
7,US79->CS15,50906,50906,0
7,US79->CS23,51078,51078,0
7,US79->CS31,50993,50993,0
7,US79->CS39,51178,51178,0
7,US79->CS47,50847,50847,0
7,US79->CS55,50825,50825,0
7,US79->CS63,50901,50901,0
7,US80->CS0,49654,49654,0
7,US80->CS8,49637,49636,0
7,US80->CS16,49501,49501,0
7,US80->CS24,49897,49896,0
7,US80->CS32,49970,49970,0
7,US80->CS40,50123,50123,0
7,US80->CS48,49524,49524,0
7,US80->CS56,49881,49881,0
7,US81->CS1,50196,50196,0
7,US81->CS9,50052,50052,0
7,US81->CS17,49850,49850,0
7,US81->CS25,49802,49802,0
7,US81->CS33,49931,49931,0
7,US81->CS41,49652,49652,0
7,US81->CS49,49810,49810,0
7,US81->CS57,50005,50005,0
7,US82->CS2,50269,50268,0
7,US82->CS10,50039,50038,0
7,US82->CS18,49514,49514,0
7,US82->CS26,50347,50347,0
7,US82->CS34,49867,49867,0
7,US82->CS42,49816,49816,0
7,US82->CS50,50111,50110,0
7,US82->CS58,50202,50200,0
7,US83->CS3,49613,49613,0
7,US83->CS11,49902,49901,0
7,US83->CS19,50208,50207,0
7,US83->CS27,50572,50571,0
7,US83->CS35,50009,50008,0
7,US83->CS43,49663,49663,0
7,US83->CS51,49737,49737,0
7,US83->CS59,50127,50127,0
7,US84->CS4,49638,49638,0
7,US84->CS12,49906,49906,0
7,US84->CS20,50047,50047,0
7,US84->CS28,49823,49822,0
7,US84->CS36,49908,49908,0
7,US84->CS44,50236,50236,0
7,US84->CS52,49941,49941,0
7,US84->CS60,49685,49685,0
7,US85->CS5,49890,49889,0
7,US85->CS13,50131,50131,0
7,US85->CS21,49697,49697,0
7,US85->CS29,49522,49522,0
7,US85->CS37,49998,49998,0
7,US85->CS45,50246,50245,0
7,US85->CS53,50070,50069,0
7,US85->CS61,49723,49723,0
7,US86->CS6,49812,49812,0
7,US86->CS14,49706,49706,0
7,US86->CS22,50173,50172,0
7,US86->CS30,50086,50086,0
7,US86->CS38,49773,49773,0
7,US86->CS46,50576,50576,0
7,US86->CS54,49834,49834,0
7,US86->CS62,49558,49558,0
7,US87->CS7,49636,49636,0
7,US87->CS15,49850,49850,0
7,US87->CS23,50211,50211,0
7,US87->CS31,49922,49922,0
7,US87->CS39,50154,50154,0
7,US87->CS47,49642,49642,0
7,US87->CS55,49810,49810,0
7,US87->CS63,49908,49908,0
7,US88->CS0,50769,50769,0
7,US88->CS8,50968,50968,0
7,US88->CS16,50979,50979,0
7,US88->CS24,50936,50936,0
7,US88->CS32,50966,50966,0
7,US88->CS40,51182,51182,0
7,US88->CS48,50789,50789,0
7,US88->CS56,50864,50864,0
7,US89->CS1,50846,50846,0
7,US89->CS9,51009,51009,0
7,US89->CS17,50883,50883,0
7,US89->CS25,50914,50914,0
7,US89->CS33,50723,50723,0
7,US89->CS41,50722,50722,0
7,US89->CS49,50514,50514,0
7,US89->CS57,51164,51164,0
7,US90->CS2,50892,50892,0
7,US90->CS10,51533,51533,0
7,US90->CS18,50962,50962,0
7,US90->CS26,51013,51013,0
7,US90->CS34,50673,50673,0
7,US90->CS42,50634,50634,0
7,US90->CS50,50866,50866,0
7,US90->CS58,50895,50895,0
7,US91->CS3,51028,51028,0
7,US91->CS11,50792,50792,0
7,US91->CS19,51026,51026,0
7,US91->CS27,50940,50940,0
7,US91->CS35,50445,50445,0
7,US91->CS43,51243,51243,0
7,US91->CS51,51109,51109,0
7,US91->CS59,50879,50879,0
7,US92->CS4,50840,50840,0
7,US92->CS12,50895,50895,0
7,US92->CS20,50437,50437,0
7,US92->CS28,51076,51076,0
7,US92->CS36,50700,50700,0
7,US92->CS44,50939,50939,0
7,US92->CS52,51145,51145,0
7,US92->CS60,51204,51204,0
7,US93->CS5,50678,50678,0
7,US93->CS13,50524,50524,0
7,US93->CS21,51271,51271,0
7,US93->CS29,50956,50956,0
7,US93->CS37,50962,50962,0
7,US93->CS45,50712,50712,0
7,US93->CS53,51189,51189,0
7,US93->CS61,50795,50795,0
7,US94->CS6,50650,50650,0
7,US94->CS14,50712,50712,0
7,US94->CS22,50854,50854,0
7,US94->CS30,50884,50884,0
7,US94->CS38,50983,50983,0
7,US94->CS46,51126,51126,0
7,US94->CS54,50631,50631,0
7,US94->CS62,50885,50885,0
7,US95->CS7,50838,50838,0
7,US95->CS15,50928,50928,0
7,US95->CS23,50366,50366,0
7,US95->CS31,51043,51043,0
7,US95->CS39,51389,51389,0
7,US95->CS47,51146,51146,0
7,US95->CS55,50304,50304,0
7,US95->CS63,50983,50983,0
7,US96->CS0,0,0,0
7,US96->CS8,0,0,0
7,US96->CS16,0,0,0
7,US96->CS24,0,0,0
7,US96->CS32,0,0,0
7,US96->CS40,0,0,0
7,US96->CS48,0,0,0
7,US96->CS56,0,0,0
7,US97->CS1,0,0,0
7,US97->CS9,0,0,0
7,US97->CS17,0,0,0
7,US97->CS25,0,0,0
7,US97->CS33,0,0,0
7,US97->CS41,0,0,0
7,US97->CS49,0,0,0
7,US97->CS57,0,0,0
7,US98->CS2,0,0,0
7,US98->CS10,0,0,0
7,US98->CS18,0,0,0
7,US98->CS26,0,0,0
7,US98->CS34,0,0,0
7,US98->CS42,0,0,0
7,US98->CS50,0,0,0
7,US98->CS58,0,0,0
7,US99->CS3,0,0,0
7,US99->CS11,0,0,0
7,US99->CS19,0,0,0
7,US99->CS27,0,0,0
7,US99->CS35,0,0,0
7,US99->CS43,0,0,0
7,US99->CS51,0,0,0
7,US99->CS59,0,0,0
7,US100->CS4,0,0,0
7,US100->CS12,0,0,0
7,US100->CS20,0,0,0
7,US100->CS28,0,0,0
7,US100->CS36,0,0,0
7,US100->CS44,0,0,0
7,US100->CS52,0,0,0
7,US100->CS60,0,0,0
7,US101->CS5,0,0,0
7,US101->CS13,0,0,0
7,US101->CS21,0,0,0
7,US101->CS29,0,0,0
7,US101->CS37,0,0,0
7,US101->CS45,0,0,0
7,US101->CS53,0,0,0
7,US101->CS61,0,0,0
7,US102->CS6,0,0,0
7,US102->CS14,0,0,0
7,US102->CS22,0,0,0
7,US102->CS30,0,0,0
7,US102->CS38,0,0,0
7,US102->CS46,0,0,0
7,US102->CS54,0,0,0
7,US102->CS62,0,0,0
7,US103->CS7,0,0,0
7,US103->CS15,0,0,0
7,US103->CS23,0,0,0
7,US103->CS31,0,0,0
7,US103->CS39,0,0,0
7,US103->CS47,0,0,0
7,US103->CS55,0,0,0
7,US103->CS63,0,0,0
7,US104->CS0,0,0,0
7,US104->CS8,0,0,0
7,US104->CS16,0,0,0
7,US104->CS24,0,0,0
7,US104->CS32,0,0,0
7,US104->CS40,0,0,0
7,US104->CS48,0,0,0
7,US104->CS56,0,0,0
7,US105->CS1,0,0,0
7,US105->CS9,0,0,0
7,US105->CS17,0,0,0
7,US105->CS25,0,0,0
7,US105->CS33,0,0,0
7,US105->CS41,0,0,0
7,US105->CS49,0,0,0
7,US105->CS57,0,0,0
7,US106->CS2,0,0,0
7,US106->CS10,0,0,0
7,US106->CS18,0,0,0
7,US106->CS26,0,0,0
7,US106->CS34,0,0,0
7,US106->CS42,0,0,0
7,US106->CS50,0,0,0
7,US106->CS58,0,0,0
7,US107->CS3,0,0,0
7,US107->CS11,0,0,0
7,US107->CS19,0,0,0
7,US107->CS27,0,0,0
7,US107->CS35,0,0,0
7,US107->CS43,0,0,0
7,US107->CS51,0,0,0
7,US107->CS59,0,0,0
7,US108->CS4,0,0,0
7,US108->CS12,0,0,0
7,US108->CS20,0,0,0
7,US108->CS28,0,0,0
7,US108->CS36,0,0,0
7,US108->CS44,0,0,0
7,US108->CS52,0,0,0
7,US108->CS60,0,0,0
7,US109->CS5,0,0,0
7,US109->CS13,0,0,0
7,US109->CS21,0,0,0
7,US109->CS29,0,0,0
7,US109->CS37,0,0,0
7,US109->CS45,0,0,0
7,US109->CS53,0,0,0
7,US109->CS61,0,0,0
7,US110->CS6,0,0,0
7,US110->CS14,0,0,0
7,US110->CS22,0,0,0
7,US110->CS30,0,0,0
7,US110->CS38,0,0,0
7,US110->CS46,0,0,0
7,US110->CS54,0,0,0
7,US110->CS62,0,0,0
7,US111->CS7,0,0,0
7,US111->CS15,0,0,0
7,US111->CS23,0,0,0
7,US111->CS31,0,0,0
7,US111->CS39,0,0,0
7,US111->CS47,0,0,0
7,US111->CS55,0,0,0
7,US111->CS63,0,0,0
7,US112->CS0,52608,52608,0
7,US112->CS8,52902,52902,0
7,US112->CS16,52536,52536,0
7,US112->CS24,53440,53440,0
7,US112->CS32,52774,52774,0
7,US112->CS40,52850,52850,0
7,US112->CS48,52816,52816,0
7,US112->CS56,53250,53250,0
7,US113->CS1,52804,52804,0
7,US113->CS9,53190,53190,0
7,US113->CS17,52863,52863,0
7,US113->CS25,53093,53093,0
7,US113->CS33,52989,52989,0
7,US113->CS41,52752,52752,0
7,US113->CS49,52705,52705,0
7,US113->CS57,53031,53031,0
7,US114->CS2,53166,53166,0
7,US114->CS10,53495,53495,0
7,US114->CS18,53276,53276,0
7,US114->CS26,52762,52762,0
7,US114->CS34,53164,53164,0
7,US114->CS42,53069,53069,0
7,US114->CS50,53428,53428,0
7,US114->CS58,53235,53235,0
7,US115->CS3,53408,53408,0
7,US115->CS11,53200,53200,0
7,US115->CS19,52580,52580,0
7,US115->CS27,52688,52688,0
7,US115->CS35,52806,52806,0
7,US115->CS43,53247,53247,0
7,US115->CS51,53324,53324,0
7,US115->CS59,52871,52871,0
7,US116->CS4,53220,53220,0
7,US116->CS12,52644,52644,0
7,US116->CS20,53045,53045,0
7,US116->CS28,52920,52920,0
7,US116->CS36,53201,53201,0
7,US116->CS44,52765,52765,0
7,US116->CS52,52726,52726,0
7,US116->CS60,53079,53079,0
7,US117->CS5,52860,52860,0
7,US117->CS13,53292,53292,0
7,US117->CS21,52940,52940,0
7,US117->CS29,53154,53154,0
7,US117->CS37,52832,52832,0
7,US117->CS45,52816,52816,0
7,US117->CS53,53168,53168,0
7,US117->CS61,52923,52923,0
7,US118->CS6,52856,52856,0
7,US118->CS14,52913,52913,0
7,US118->CS22,52867,52867,0
7,US118->CS30,52934,52934,0
7,US118->CS38,52873,52873,0
7,US118->CS46,52919,52919,0
7,US118->CS54,53210,53210,0
7,US118->CS62,52686,52686,0
7,US119->CS7,53245,53245,0
7,US119->CS15,53269,53269,0
7,US119->CS23,52939,52939,0
7,US119->CS31,53077,53077,0
7,US119->CS39,52971,52971,0
7,US119->CS47,53035,53035,0
7,US119->CS55,52871,52871,0
7,US119->CS63,53150,53150,0
7,US120->CS0,50763,50763,0
7,US120->CS8,50050,50050,0
7,US120->CS16,50677,50677,0
7,US120->CS24,50489,50489,0
7,US120->CS32,50570,50570,0
7,US120->CS40,50904,50904,0
7,US120->CS48,50697,50697,0
7,US120->CS56,50312,50312,0
7,US121->CS1,50806,50806,0
7,US121->CS9,50399,50399,0
7,US121->CS17,50361,50361,0
7,US121->CS25,50330,50330,0
7,US121->CS33,50590,50590,0
7,US121->CS41,50457,50457,0
7,US121->CS49,50707,50707,0
7,US121->CS57,49983,49983,0
7,US122->CS2,50891,50891,0
7,US122->CS10,50414,50414,0
7,US122->CS18,50276,50276,0
7,US122->CS26,50438,50438,0
7,US122->CS34,50638,50638,0
7,US122->CS42,50295,50295,0
7,US122->CS50,50190,50190,0
7,US122->CS58,50716,50716,0
7,US123->CS3,50647,50647,0
7,US123->CS11,50253,50253,0
7,US123->CS19,50389,50389,0
7,US123->CS27,50479,50479,0
7,US123->CS35,50228,50228,0
7,US123->CS43,50251,50251,0
7,US123->CS51,50347,50347,0
7,US123->CS59,49892,49892,0
7,US124->CS4,50307,50307,0
7,US124->CS12,50350,50350,0
7,US124->CS20,50772,50772,0
7,US124->CS28,50274,50274,0
7,US124->CS36,50401,50401,0
7,US124->CS44,50072,50072,0
7,US124->CS52,50629,50629,0
7,US124->CS60,50265,50265,0
7,US125->CS5,50170,50170,0
7,US125->CS13,50928,50928,0
7,US125->CS21,50473,50473,0
7,US125->CS29,50395,50395,0
7,US125->CS37,50425,50425,0
7,US125->CS45,50555,50555,0
7,US125->CS53,50278,50278,0
7,US125->CS61,50899,50899,0
7,US126->CS6,50654,50654,0
7,US126->CS14,50581,50581,0
7,US126->CS22,50857,50857,0
7,US126->CS30,50108,50108,0
7,US126->CS38,50455,50455,0
7,US126->CS46,50105,50105,0
7,US126->CS54,50558,50558,0
7,US126->CS62,50281,50281,0
7,US127->CS7,50929,50929,0
7,US127->CS15,50120,50120,0
7,US127->CS23,50240,50240,0
7,US127->CS31,50713,50713,0
7,US127->CS39,50228,50228,0
7,US127->CS47,50273,50273,0
7,US127->CS55,50360,50360,0
7,US127->CS63,50562,50562,0
7,CS0->US0,51565,51565,0
7,CS0->US8,49735,49734,0
7,CS0->US16,50968,50968,0
7,CS0->US24,0,0,0
7,CS0->US32,0,0,0
7,CS0->US40,52611,52611,0
7,CS0->US48,51599,51599,0
7,CS0->US56,0,0,0
7,CS0->US64,0,0,0
7,CS0->US72,50799,50799,0
7,CS0->US80,56398,56397,0
7,CS0->US88,51212,51212,0
7,CS0->US96,0,0,0
7,CS0->US104,0,0,0
7,CS0->US112,54709,54709,0
7,CS0->US120,54092,54092,0
7,CS1->US1,51878,51878,0
7,CS1->US9,50301,50300,0
7,CS1->US17,50944,50944,0
7,CS1->US25,0,0,0
7,CS1->US33,0,0,0
7,CS1->US41,52894,52894,0
7,CS1->US49,51590,51590,0
7,CS1->US57,0,0,0
7,CS1->US65,0,0,0
7,CS1->US73,50954,50954,0
7,CS1->US81,56022,56022,0
7,CS1->US89,50548,50548,0
7,CS1->US97,0,0,0
7,CS1->US105,0,0,0
7,CS1->US113,54243,54243,0
7,CS1->US121,54242,54242,0
7,CS2->US2,51299,51299,0
7,CS2->US10,50350,50349,0
7,CS2->US18,51036,51036,0
7,CS2->US26,0,0,0
7,CS2->US34,0,0,0
7,CS2->US42,53109,53109,0
7,CS2->US50,51275,51275,0
7,CS2->US58,0,0,0
7,CS2->US66,0,0,0
7,CS2->US74,50880,50880,0
7,CS2->US82,56434,56434,0
7,CS2->US90,50944,50944,0
7,CS2->US98,0,0,0
7,CS2->US106,0,0,0
7,CS2->US114,54318,54318,0
7,CS2->US122,53759,53759,0
7,CS3->US3,51827,51827,0
7,CS3->US11,49695,49695,0
7,CS3->US19,50790,50790,0
7,CS3->US27,0,0,0
7,CS3->US35,0,0,0
7,CS3->US43,53464,53464,0
7,CS3->US51,51734,51734,0
7,CS3->US59,0,0,0
7,CS3->US67,0,0,0
7,CS3->US75,51060,51060,0
7,CS3->US83,55840,55840,0
7,CS3->US91,51120,51120,0
7,CS3->US99,0,0,0
7,CS3->US107,0,0,0
7,CS3->US115,54408,54408,0
7,CS3->US123,54470,54470,0
7,CS4->US4,51364,51364,0
7,CS4->US12,49724,49724,0
7,CS4->US20,50546,50546,0
7,CS4->US28,0,0,0
7,CS4->US36,0,0,0
7,CS4->US44,53146,53146,0
7,CS4->US52,51609,51609,0
7,CS4->US60,0,0,0
7,CS4->US68,0,0,0
7,CS4->US76,50860,50860,0
7,CS4->US84,56306,56306,0
7,CS4->US92,51160,51160,0
7,CS4->US100,0,0,0
7,CS4->US108,0,0,0
7,CS4->US116,54404,54404,0
7,CS4->US124,54364,54364,0
7,CS5->US5,51894,51894,0
7,CS5->US13,49992,49991,0
7,CS5->US21,50341,50341,0
7,CS5->US29,0,0,0
7,CS5->US37,0,0,0
7,CS5->US45,52851,52851,0
7,CS5->US53,51314,51314,0
7,CS5->US61,0,0,0
7,CS5->US69,0,0,0
7,CS5->US77,50684,50684,0
7,CS5->US85,56203,56202,0
7,CS5->US93,50798,50798,0
7,CS5->US101,0,0,0
7,CS5->US109,0,0,0
7,CS5->US117,55061,55061,0
7,CS5->US125,53890,53890,0
7,CS6->US6,51478,51478,0
7,CS6->US14,49909,49909,0
7,CS6->US22,50830,50830,0
7,CS6->US30,0,0,0
7,CS6->US38,0,0,0
7,CS6->US46,52920,52920,0
7,CS6->US54,51253,51253,0
7,CS6->US62,0,0,0
7,CS6->US70,0,0,0
7,CS6->US78,50723,50723,0
7,CS6->US86,55984,55983,0
7,CS6->US94,50870,50870,0
7,CS6->US102,0,0,0
7,CS6->US110,0,0,0
7,CS6->US118,54368,54368,0
7,CS6->US126,53761,53761,0
7,CS7->US7,51461,51461,0
7,CS7->US15,49741,49741,0
7,CS7->US23,51126,51126,0
7,CS7->US31,0,0,0
7,CS7->US39,0,0,0
7,CS7->US47,53274,53274,0
7,CS7->US55,51569,51569,0
7,CS7->US63,0,0,0
7,CS7->US71,0,0,0
7,CS7->US79,50888,50888,0
7,CS7->US87,56435,56435,0
7,CS7->US95,50849,50849,0
7,CS7->US103,0,0,0
7,CS7->US111,0,0,0
7,CS7->US119,54547,54547,0
7,CS7->US127,54259,54259,0
7,CS8->US0,51697,51697,0
7,CS8->US8,49733,49733,0
7,CS8->US16,50221,50221,0
7,CS8->US24,0,0,0
7,CS8->US32,0,0,0
7,CS8->US40,52889,52889,0
7,CS8->US48,51076,51076,0
7,CS8->US56,0,0,0
7,CS8->US64,0,0,0
7,CS8->US72,50978,50978,0
7,CS8->US80,56265,56265,0
7,CS8->US88,51235,51235,0
7,CS8->US96,0,0,0
7,CS8->US104,0,0,0
7,CS8->US112,54536,54536,0
7,CS8->US120,54493,54493,0
7,CS9->US1,51783,51783,0
7,CS9->US9,50141,50141,0
7,CS9->US17,50610,50610,0
7,CS9->US25,0,0,0
7,CS9->US33,0,0,0
7,CS9->US41,53136,53136,0
7,CS9->US49,51092,51092,0
7,CS9->US57,0,0,0
7,CS9->US65,0,0,0
7,CS9->US73,51027,51027,0
7,CS9->US81,56167,56167,0
7,CS9->US89,50866,50866,0
7,CS9->US97,0,0,0
7,CS9->US105,0,0,0
7,CS9->US113,54711,54711,0
7,CS9->US121,54375,54375,0
7,CS10->US2,51433,51433,0
7,CS10->US10,50141,50141,0
7,CS10->US18,50604,50604,0
7,CS10->US26,0,0,0
7,CS10->US34,0,0,0
7,CS10->US42,53543,53543,0
7,CS10->US50,51454,51454,0
7,CS10->US58,0,0,0
7,CS10->US66,0,0,0
7,CS10->US74,51521,51521,0
7,CS10->US82,56422,56422,0
7,CS10->US90,50777,50777,0
7,CS10->US98,0,0,0
7,CS10->US106,0,0,0
7,CS10->US114,54542,54542,0
7,CS10->US122,54189,54189,0
7,CS11->US3,51104,51104,0
7,CS11->US11,49981,49981,0
7,CS11->US19,50456,50456,0
7,CS11->US27,0,0,0
7,CS11->US35,0,0,0
7,CS11->US43,53232,53232,0
7,CS11->US51,51774,51774,0
7,CS11->US59,0,0,0
7,CS11->US67,0,0,0
7,CS11->US75,50767,50767,0
7,CS11->US83,56351,56351,0
7,CS11->US91,51074,51074,0
7,CS11->US99,0,0,0
7,CS11->US107,0,0,0
7,CS11->US115,54640,54640,0
7,CS11->US123,54058,54058,0
7,CS12->US4,51370,51370,0
7,CS12->US12,50014,50014,0
7,CS12->US20,50509,50509,0
7,CS12->US28,0,0,0
7,CS12->US36,0,0,0
7,CS12->US44,52730,52730,0
7,CS12->US52,51574,51574,0
7,CS12->US60,0,0,0
7,CS12->US68,0,0,0
7,CS12->US76,50991,50991,0
7,CS12->US84,56429,56428,0
7,CS12->US92,51045,51045,0
7,CS12->US100,0,0,0
7,CS12->US108,0,0,0
7,CS12->US116,54847,54847,0
7,CS12->US124,54136,54136,0
7,CS13->US5,51338,51338,0
7,CS13->US13,50176,50176,0
7,CS13->US21,51105,51105,0
7,CS13->US29,0,0,0
7,CS13->US37,0,0,0
7,CS13->US45,53309,53309,0
7,CS13->US53,51649,51649,0
7,CS13->US61,0,0,0
7,CS13->US69,0,0,0
7,CS13->US77,50599,50599,0
7,CS13->US85,55875,55875,0
7,CS13->US93,51409,51409,0
7,CS13->US101,0,0,0
7,CS13->US109,0,0,0
7,CS13->US117,54703,54703,0
7,CS13->US125,54335,54335,0
7,CS14->US6,52032,52032,0
7,CS14->US14,49793,49792,0
7,CS14->US22,50668,50668,0
7,CS14->US30,0,0,0
7,CS14->US38,0,0,0
7,CS14->US46,52929,52929,0
7,CS14->US54,51644,51644,0
7,CS14->US62,0,0,0
7,CS14->US70,0,0,0
7,CS14->US78,50835,50835,0
7,CS14->US86,56276,56276,0
7,CS14->US94,51038,51038,0
7,CS14->US102,0,0,0
7,CS14->US110,0,0,0
7,CS14->US118,54884,54884,0
7,CS14->US126,54163,54163,0
7,CS15->US7,51652,51652,0
7,CS15->US15,49953,49953,0
7,CS15->US23,50250,50250,0
7,CS15->US31,0,0,0
7,CS15->US39,0,0,0
7,CS15->US47,53325,53325,0
7,CS15->US55,51482,51482,0
7,CS15->US63,0,0,0
7,CS15->US71,0,0,0
7,CS15->US79,50975,50975,0
7,CS15->US87,56258,56258,0
7,CS15->US95,51039,51039,0
7,CS15->US103,0,0,0
7,CS15->US111,0,0,0
7,CS15->US119,54469,54469,0
7,CS15->US127,54125,54125,0
7,CS16->US0,51417,51417,0
7,CS16->US8,49626,49626,0
7,CS16->US16,50869,50869,0
7,CS16->US24,0,0,0
7,CS16->US32,0,0,0
7,CS16->US40,52531,52531,0
7,CS16->US48,51163,51163,0
7,CS16->US56,0,0,0
7,CS16->US64,0,0,0
7,CS16->US72,51046,51046,0
7,CS16->US80,56035,56035,0
7,CS16->US88,51265,51265,0
7,CS16->US96,0,0,0
7,CS16->US104,0,0,0
7,CS16->US112,54768,54768,0
7,CS16->US120,54223,54223,0
7,CS17->US1,51356,51356,0
7,CS17->US9,49937,49937,0
7,CS17->US17,50603,50603,0
7,CS17->US25,0,0,0
7,CS17->US33,0,0,0
7,CS17->US41,52916,52916,0
7,CS17->US49,51609,51609,0
7,CS17->US57,0,0,0
7,CS17->US65,0,0,0
7,CS17->US73,50924,50924,0
7,CS17->US81,56230,56229,0
7,CS17->US89,50828,50828,0
7,CS17->US97,0,0,0
7,CS17->US105,0,0,0
7,CS17->US113,54925,54925,0
7,CS17->US121,54241,54241,0
7,CS18->US2,51369,51369,0
7,CS18->US10,49666,49666,0
7,CS18->US18,50443,50443,0
7,CS18->US26,0,0,0
7,CS18->US34,0,0,0
7,CS18->US42,53254,53254,0
7,CS18->US50,51404,51404,0
7,CS18->US58,0,0,0
7,CS18->US66,0,0,0
7,CS18->US74,51014,51014,0
7,CS18->US82,56128,56128,0
7,CS18->US90,51046,51046,0
7,CS18->US98,0,0,0
7,CS18->US106,0,0,0
7,CS18->US114,54329,54329,0
7,CS18->US122,54149,54149,0
7,CS19->US3,51655,51655,0
7,CS19->US11,50294,50294,0
7,CS19->US19,50578,50578,0
7,CS19->US27,0,0,0
7,CS19->US35,0,0,0
7,CS19->US43,52532,52532,0
7,CS19->US51,51469,51469,0
7,CS19->US59,0,0,0
7,CS19->US67,0,0,0
7,CS19->US75,51025,51025,0
7,CS19->US83,55994,55994,0
7,CS19->US91,51026,51026,0
7,CS19->US99,0,0,0
7,CS19->US107,0,0,0
7,CS19->US115,54195,54195,0
7,CS19->US123,54061,54061,0
7,CS20->US4,51318,51318,0
7,CS20->US12,50117,50117,0
7,CS20->US20,50890,50890,0
7,CS20->US28,0,0,0
7,CS20->US36,0,0,0
7,CS20->US44,52988,52988,0
7,CS20->US52,51410,51410,0
7,CS20->US60,0,0,0
7,CS20->US68,0,0,0
7,CS20->US76,50466,50466,0
7,CS20->US84,56053,56053,0
7,CS20->US92,50987,50987,0
7,CS20->US100,0,0,0
7,CS20->US108,0,0,0
7,CS20->US116,54679,54679,0
7,CS20->US124,54158,54158,0
7,CS21->US5,51370,51370,0
7,CS21->US13,49772,49772,0
7,CS21->US21,50671,50671,0
7,CS21->US29,0,0,0
7,CS21->US37,0,0,0
7,CS21->US45,52957,52957,0
7,CS21->US53,51458,51458,0
7,CS21->US61,0,0,0
7,CS21->US69,0,0,0
7,CS21->US77,51273,51273,0
7,CS21->US85,55838,55838,0
7,CS21->US93,51193,51193,0
7,CS21->US101,0,0,0
7,CS21->US109,0,0,0
7,CS21->US117,54660,54660,0
7,CS21->US125,54371,54371,0
7,CS22->US6,51375,51375,0
7,CS22->US14,50243,50243,0
7,CS22->US22,50982,50982,0
7,CS22->US30,0,0,0
7,CS22->US38,0,0,0
7,CS22->US46,52881,52881,0
7,CS22->US54,51478,51478,0
7,CS22->US62,0,0,0
7,CS22->US70,0,0,0
7,CS22->US78,50952,50952,0
7,CS22->US86,56432,56432,0
7,CS22->US94,50890,50890,0
7,CS22->US102,0,0,0
7,CS22->US110,0,0,0
7,CS22->US118,54365,54365,0
7,CS22->US126,54488,54488,0
7,CS23->US7,51377,51377,0
7,CS23->US15,50275,50275,0
7,CS23->US23,50417,50417,0
7,CS23->US31,0,0,0
7,CS23->US39,0,0,0
7,CS23->US47,52977,52977,0
7,CS23->US55,51290,51290,0
7,CS23->US63,0,0,0
7,CS23->US71,0,0,0
7,CS23->US79,50377,50377,0
7,CS23->US87,56439,56438,0
7,CS23->US95,51301,51301,0
7,CS23->US103,0,0,0
7,CS23->US111,0,0,0
7,CS23->US119,54992,54992,0
7,CS23->US127,54390,54390,0
7,CS24->US0,51376,51376,0
7,CS24->US8,50007,50007,0
7,CS24->US16,50630,50630,0
7,CS24->US24,0,0,0
7,CS24->US32,0,0,0
7,CS24->US40,53513,53513,0
7,CS24->US48,51397,51397,0
7,CS24->US56,0,0,0
7,CS24->US64,0,0,0
7,CS24->US72,51042,51042,0
7,CS24->US80,56041,56040,0
7,CS24->US88,50876,50876,0
7,CS24->US96,0,0,0
7,CS24->US104,0,0,0
7,CS24->US112,54855,54855,0
7,CS24->US120,54316,54316,0
7,CS25->US1,51099,51099,0
7,CS25->US9,49897,49897,0
7,CS25->US17,50503,50503,0
7,CS25->US25,0,0,0
7,CS25->US33,0,0,0
7,CS25->US41,53080,53080,0
7,CS25->US49,51470,51470,0
7,CS25->US57,0,0,0
7,CS25->US65,0,0,0
7,CS25->US73,50970,50970,0
7,CS25->US81,56248,56248,0
7,CS25->US89,51245,51245,0
7,CS25->US97,0,0,0
7,CS25->US105,0,0,0
7,CS25->US113,54854,54854,0
7,CS25->US121,54094,54094,0
7,CS26->US2,51392,51392,0
7,CS26->US10,50459,50459,0
7,CS26->US18,50629,50629,0
7,CS26->US26,0,0,0
7,CS26->US34,0,0,0
7,CS26->US42,52779,52779,0
7,CS26->US50,51191,51191,0
7,CS26->US58,0,0,0
7,CS26->US66,0,0,0
7,CS26->US74,50964,50964,0
7,CS26->US82,56120,56120,0
7,CS26->US90,51050,51050,0
7,CS26->US98,0,0,0
7,CS26->US106,0,0,0
7,CS26->US114,54548,54548,0
7,CS26->US122,54176,54176,0
7,CS27->US3,51638,51638,0
7,CS27->US11,50655,50655,0
7,CS27->US19,50657,50657,0
7,CS27->US27,0,0,0
7,CS27->US35,0,0,0
7,CS27->US43,52708,52708,0
7,CS27->US51,51575,51575,0
7,CS27->US59,0,0,0
7,CS27->US67,0,0,0
7,CS27->US75,50991,50991,0
7,CS27->US83,56329,56329,0
7,CS27->US91,50824,50824,0
7,CS27->US99,0,0,0
7,CS27->US107,0,0,0
7,CS27->US115,54661,54661,0
7,CS27->US123,54141,54141,0
7,CS28->US4,51321,51321,0
7,CS28->US12,49899,49899,0
7,CS28->US20,50486,50486,0
7,CS28->US28,0,0,0
7,CS28->US36,0,0,0
7,CS28->US44,52951,52951,0
7,CS28->US52,51115,51115,0
7,CS28->US60,0,0,0
7,CS28->US68,0,0,0
7,CS28->US76,51011,51011,0
7,CS28->US84,55956,55956,0
7,CS28->US92,51148,51148,0
7,CS28->US100,0,0,0
7,CS28->US108,0,0,0
7,CS28->US116,54368,54368,0
7,CS28->US124,54637,54637,0
7,CS29->US5,51448,51448,0
7,CS29->US13,49616,49615,0
7,CS29->US21,50566,50566,0
7,CS29->US29,0,0,0
7,CS29->US37,0,0,0
7,CS29->US45,53173,53173,0
7,CS29->US53,51270,51270,0
7,CS29->US61,0,0,0
7,CS29->US69,0,0,0
7,CS29->US77,50968,50968,0
7,CS29->US85,55910,55910,0
7,CS29->US93,50894,50894,0
7,CS29->US101,0,0,0
7,CS29->US109,0,0,0
7,CS29->US117,54888,54888,0
7,CS29->US125,54258,54258,0
7,CS30->US6,51533,51533,0
7,CS30->US14,50185,50185,0
7,CS30->US22,50350,50350,0
7,CS30->US30,0,0,0
7,CS30->US38,0,0,0
7,CS30->US46,52968,52968,0
7,CS30->US54,51550,51550,0
7,CS30->US62,0,0,0
7,CS30->US70,0,0,0
7,CS30->US78,50889,50889,0
7,CS30->US86,56091,56090,0
7,CS30->US94,51012,51012,0
7,CS30->US102,0,0,0
7,CS30->US110,0,0,0
7,CS30->US118,54986,54986,0
7,CS30->US126,54261,54261,0
7,CS31->US7,51574,51574,0
7,CS31->US15,50061,50060,0
7,CS31->US23,50928,50928,0
7,CS31->US31,0,0,0
7,CS31->US39,0,0,0
7,CS31->US47,53164,53164,0
7,CS31->US55,51392,51392,0
7,CS31->US63,0,0,0
7,CS31->US71,0,0,0
7,CS31->US79,51031,51031,0
7,CS31->US87,55954,55954,0
7,CS31->US95,51078,51078,0
7,CS31->US103,0,0,0
7,CS31->US111,0,0,0
7,CS31->US119,55115,55115,0
7,CS31->US127,54096,54096,0
7,CS32->US0,51219,51219,0
7,CS32->US8,50049,50049,0
7,CS32->US16,50764,50764,0
7,CS32->US24,0,0,0
7,CS32->US32,0,0,0
7,CS32->US40,52866,52866,0
7,CS32->US48,51367,51367,0
7,CS32->US56,0,0,0
7,CS32->US64,0,0,0
7,CS32->US72,50964,50964,0
7,CS32->US80,56464,56463,0
7,CS32->US88,50774,50774,0
7,CS32->US96,0,0,0
7,CS32->US104,0,0,0
7,CS32->US112,54607,54607,0
7,CS32->US120,54092,54092,0
7,CS33->US1,51556,51556,0
7,CS33->US9,50026,50025,0
7,CS33->US17,50808,50808,0
7,CS33->US25,0,0,0
7,CS33->US33,0,0,0
7,CS33->US41,53082,53082,0
7,CS33->US49,51553,51553,0
7,CS33->US57,0,0,0
7,CS33->US65,0,0,0
7,CS33->US73,50660,50660,0
7,CS33->US81,56502,56502,0
7,CS33->US89,50861,50861,0
7,CS33->US97,0,0,0
7,CS33->US105,0,0,0
7,CS33->US113,54779,54779,0
7,CS33->US121,54366,54366,0
7,CS34->US2,51476,51476,0
7,CS34->US10,49977,49977,0
7,CS34->US18,50769,50769,0
7,CS34->US26,0,0,0
7,CS34->US34,0,0,0
7,CS34->US42,53150,53150,0
7,CS34->US50,51281,51281,0
7,CS34->US58,0,0,0
7,CS34->US66,0,0,0
7,CS34->US74,50717,50717,0
7,CS34->US82,56566,56566,0
7,CS34->US90,50941,50941,0
7,CS34->US98,0,0,0
7,CS34->US106,0,0,0
7,CS34->US114,54414,54414,0
7,CS34->US122,53630,53630,0
7,CS35->US3,51717,51717,0
7,CS35->US11,50103,50102,0
7,CS35->US19,50394,50394,0
7,CS35->US27,0,0,0
7,CS35->US35,0,0,0
7,CS35->US43,52927,52927,0
7,CS35->US51,51210,51210,0
7,CS35->US59,0,0,0
7,CS35->US67,0,0,0
7,CS35->US75,50479,50479,0
7,CS35->US83,55783,55783,0
7,CS35->US91,50720,50720,0
7,CS35->US99,0,0,0
7,CS35->US107,0,0,0
7,CS35->US115,54788,54788,0
7,CS35->US123,54467,54467,0
7,CS36->US4,51655,51655,0
7,CS36->US12,50007,50006,0
7,CS36->US20,50563,50563,0
7,CS36->US28,0,0,0
7,CS36->US36,0,0,0
7,CS36->US44,53318,53318,0
7,CS36->US52,51348,51348,0
7,CS36->US60,0,0,0
7,CS36->US68,0,0,0
7,CS36->US76,50801,50801,0
7,CS36->US84,56269,56269,0
7,CS36->US92,50929,50929,0
7,CS36->US100,0,0,0
7,CS36->US108,0,0,0
7,CS36->US116,54513,54513,0
7,CS36->US124,54222,54222,0
7,CS37->US5,51251,51251,0
7,CS37->US13,50086,50086,0
7,CS37->US21,50600,50600,0
7,CS37->US29,0,0,0
7,CS37->US37,0,0,0
7,CS37->US45,52915,52915,0
7,CS37->US53,51585,51585,0
7,CS37->US61,0,0,0
7,CS37->US69,0,0,0
7,CS37->US77,51023,51023,0
7,CS37->US85,56212,56211,0
7,CS37->US93,50735,50735,0
7,CS37->US101,0,0,0
7,CS37->US109,0,0,0
7,CS37->US117,54643,54643,0
7,CS37->US125,53947,53947,0
7,CS38->US6,51429,51429,0
7,CS38->US14,49872,49872,0
7,CS38->US22,50611,50611,0
7,CS38->US30,0,0,0
7,CS38->US38,0,0,0
7,CS38->US46,52983,52983,0
7,CS38->US54,51154,51154,0
7,CS38->US62,0,0,0
7,CS38->US70,0,0,0
7,CS38->US78,50998,50998,0
7,CS38->US86,56746,56746,0
7,CS38->US94,50411,50411,0
7,CS38->US102,0,0,0
7,CS38->US110,0,0,0
7,CS38->US118,54197,54197,0
7,CS38->US126,54297,54297,0
7,CS39->US7,51395,51395,0
7,CS39->US15,50235,50235,0
7,CS39->US23,50463,50463,0
7,CS39->US31,0,0,0
7,CS39->US39,0,0,0
7,CS39->US47,53062,53062,0
7,CS39->US55,51422,51422,0
7,CS39->US63,0,0,0
7,CS39->US71,0,0,0
7,CS39->US79,51369,51369,0
7,CS39->US87,56163,56163,0
7,CS39->US95,51274,51274,0
7,CS39->US103,0,0,0
7,CS39->US111,0,0,0
7,CS39->US119,54887,54887,0
7,CS39->US127,54347,54347,0
7,CS40->US0,51739,51739,0
7,CS40->US8,50228,50228,0
7,CS40->US16,51061,51061,0
7,CS40->US24,0,0,0
7,CS40->US32,0,0,0
7,CS40->US40,52798,52798,0
7,CS40->US48,51560,51560,0
7,CS40->US56,0,0,0
7,CS40->US64,0,0,0
7,CS40->US72,51295,51295,0
7,CS40->US80,56338,56337,0
7,CS40->US88,51040,51040,0
7,CS40->US96,0,0,0
7,CS40->US104,0,0,0
7,CS40->US112,54814,54814,0
7,CS40->US120,54142,54142,0
7,CS41->US1,51610,51610,0
7,CS41->US9,49748,49747,0
7,CS41->US17,50655,50655,0
7,CS41->US25,0,0,0
7,CS41->US33,0,0,0
7,CS41->US41,52774,52774,0
7,CS41->US49,51678,51678,0
7,CS41->US57,0,0,0
7,CS41->US65,0,0,0
7,CS41->US73,50782,50782,0
7,CS41->US81,56503,56503,0
7,CS41->US89,51109,51109,0
7,CS41->US97,0,0,0
7,CS41->US105,0,0,0
7,CS41->US113,54637,54637,0
7,CS41->US121,54275,54275,0
7,CS42->US2,51387,51387,0
7,CS42->US10,49929,49929,0
7,CS42->US18,50546,50546,0
7,CS42->US26,0,0,0
7,CS42->US34,0,0,0
7,CS42->US42,53080,53080,0
7,CS42->US50,51460,51460,0
7,CS42->US58,0,0,0
7,CS42->US66,0,0,0
7,CS42->US74,50639,50639,0
7,CS42->US82,56359,56359,0
7,CS42->US90,51008,51008,0
7,CS42->US98,0,0,0
7,CS42->US106,0,0,0
7,CS42->US114,54858,54858,0
7,CS42->US122,54408,54408,0
7,CS43->US3,51586,51586,0
7,CS43->US11,49778,49778,0
7,CS43->US19,50470,50470,0
7,CS43->US27,0,0,0
7,CS43->US35,0,0,0
7,CS43->US43,53238,53238,0
7,CS43->US51,51904,51904,0
7,CS43->US59,0,0,0
7,CS43->US67,0,0,0
7,CS43->US75,51253,51253,0
7,CS43->US83,56250,56250,0
7,CS43->US91,51076,51076,0
7,CS43->US99,0,0,0
7,CS43->US107,0,0,0
7,CS43->US115,54720,54720,0
7,CS43->US123,54042,54042,0
7,CS44->US4,51978,51978,0
7,CS44->US12,50308,50308,0
7,CS44->US20,50283,50283,0
7,CS44->US28,0,0,0
7,CS44->US36,0,0,0
7,CS44->US44,52774,52774,0
7,CS44->US52,51374,51374,0
7,CS44->US60,0,0,0
7,CS44->US68,0,0,0
7,CS44->US76,50966,50966,0
7,CS44->US84,56059,56057,0
7,CS44->US92,50943,50943,0
7,CS44->US100,0,0,0
7,CS44->US108,0,0,0
7,CS44->US116,54387,54387,0
7,CS44->US124,53994,53994,0
7,CS45->US5,51547,51547,0
7,CS45->US13,50336,50336,0
7,CS45->US21,50745,50745,0
7,CS45->US29,0,0,0
7,CS45->US37,0,0,0
7,CS45->US45,52821,52821,0
7,CS45->US53,51355,51355,0
7,CS45->US61,0,0,0
7,CS45->US69,0,0,0
7,CS45->US77,50688,50688,0
7,CS45->US85,55863,55863,0
7,CS45->US93,50956,50956,0
7,CS45->US101,0,0,0
7,CS45->US109,0,0,0
7,CS45->US117,54656,54656,0
7,CS45->US125,54156,54156,0
7,CS46->US6,51776,51776,0
7,CS46->US14,50649,50649,0
7,CS46->US22,50294,50294,0
7,CS46->US30,0,0,0
7,CS46->US38,0,0,0
7,CS46->US46,52961,52961,0
7,CS46->US54,51698,51698,0
7,CS46->US62,0,0,0
7,CS46->US70,0,0,0
7,CS46->US78,51159,51159,0
7,CS46->US86,56403,56403,0
7,CS46->US94,50797,50797,0
7,CS46->US102,0,0,0
7,CS46->US110,0,0,0
7,CS46->US118,54656,54656,0
7,CS46->US126,54112,54112,0
7,CS47->US7,51533,51533,0
7,CS47->US15,49745,49745,0
7,CS47->US23,50499,50499,0
7,CS47->US31,0,0,0
7,CS47->US39,0,0,0
7,CS47->US47,53063,53063,0
7,CS47->US55,51686,51686,0
7,CS47->US63,0,0,0
7,CS47->US71,0,0,0
7,CS47->US79,51135,51135,0
7,CS47->US87,56403,56403,0
7,CS47->US95,51020,51020,0
7,CS47->US103,0,0,0
7,CS47->US111,0,0,0
7,CS47->US119,54568,54568,0
7,CS47->US127,53899,53899,0
7,CS48->US0,51153,51153,0
7,CS48->US8,49594,49594,0
7,CS48->US16,50789,50789,0
7,CS48->US24,0,0,0
7,CS48->US32,0,0,0
7,CS48->US40,52819,52819,0
7,CS48->US48,51659,51659,0
7,CS48->US56,0,0,0
7,CS48->US64,0,0,0
7,CS48->US72,50866,50866,0
7,CS48->US80,56319,56319,0
7,CS48->US88,50863,50863,0
7,CS48->US96,0,0,0
7,CS48->US104,0,0,0
7,CS48->US112,54907,54907,0
7,CS48->US120,54573,54573,0
7,CS49->US1,51540,51540,0
7,CS49->US9,49888,49888,0
7,CS49->US17,50877,50877,0
7,CS49->US25,0,0,0
7,CS49->US33,0,0,0
7,CS49->US41,52789,52789,0
7,CS49->US49,51391,51391,0
7,CS49->US57,0,0,0
7,CS49->US65,0,0,0
7,CS49->US73,50560,50560,0
7,CS49->US81,56515,56514,0
7,CS49->US89,50817,50817,0
7,CS49->US97,0,0,0
7,CS49->US105,0,0,0
7,CS49->US113,54684,54684,0
7,CS49->US121,54355,54355,0
7,CS50->US2,51446,51446,0
7,CS50->US10,50237,50236,0
7,CS50->US18,50398,50398,0
7,CS50->US26,0,0,0
7,CS50->US34,0,0,0
7,CS50->US42,53426,53426,0
7,CS50->US50,51666,51666,0
7,CS50->US58,0,0,0
7,CS50->US66,0,0,0
7,CS50->US74,50942,50942,0
7,CS50->US82,55895,55895,0
7,CS50->US90,50963,50963,0
7,CS50->US98,0,0,0
7,CS50->US106,0,0,0
7,CS50->US114,54109,54109,0
7,CS50->US122,54036,54036,0
7,CS51->US3,51229,51229,0
7,CS51->US11,49813,49813,0
7,CS51->US19,50558,50558,0
7,CS51->US27,0,0,0
7,CS51->US35,0,0,0
7,CS51->US43,53341,53341,0
7,CS51->US51,51897,51897,0
7,CS51->US59,0,0,0
7,CS51->US67,0,0,0
7,CS51->US75,51134,51134,0
7,CS51->US83,56196,56196,0
7,CS51->US91,51143,51143,0
7,CS51->US99,0,0,0
7,CS51->US107,0,0,0
7,CS51->US115,54660,54660,0
7,CS51->US123,54522,54522,0
7,CS52->US4,51618,51618,0
7,CS52->US12,49999,49999,0
7,CS52->US20,50763,50763,0
7,CS52->US28,0,0,0
7,CS52->US36,0,0,0
7,CS52->US44,52696,52696,0
7,CS52->US52,51776,51776,0
7,CS52->US60,0,0,0
7,CS52->US68,0,0,0
7,CS52->US76,51166,51166,0
7,CS52->US84,56357,56357,0
7,CS52->US92,50817,50817,0
7,CS52->US100,0,0,0
7,CS52->US108,0,0,0
7,CS52->US116,54582,54582,0
7,CS52->US124,54079,54079,0
7,CS53->US5,51134,51134,0
7,CS53->US13,50143,50142,0
7,CS53->US21,50460,50460,0
7,CS53->US29,0,0,0
7,CS53->US37,0,0,0
7,CS53->US45,53177,53177,0
7,CS53->US53,51299,51299,0
7,CS53->US61,0,0,0
7,CS53->US69,0,0,0
7,CS53->US77,51276,51276,0
7,CS53->US85,56067,56067,0
7,CS53->US93,50771,50771,0
7,CS53->US101,0,0,0
7,CS53->US109,0,0,0
7,CS53->US117,54628,54628,0
7,CS53->US125,54263,54263,0
7,CS54->US6,51447,51447,0
7,CS54->US14,49934,49934,0
7,CS54->US22,50749,50749,0
7,CS54->US30,0,0,0
7,CS54->US38,0,0,0
7,CS54->US46,53229,53229,0
7,CS54->US54,51875,51875,0
7,CS54->US62,0,0,0
7,CS54->US70,0,0,0
7,CS54->US78,50653,50653,0
7,CS54->US86,55892,55892,0
7,CS54->US94,50671,50671,0
7,CS54->US102,0,0,0
7,CS54->US110,0,0,0
7,CS54->US118,54648,54648,0
7,CS54->US126,53742,53742,0
7,CS55->US7,51465,51465,0
7,CS55->US15,49902,49902,0
7,CS55->US23,50549,50549,0
7,CS55->US31,0,0,0
7,CS55->US39,0,0,0
7,CS55->US47,52945,52945,0
7,CS55->US55,51387,51387,0
7,CS55->US63,0,0,0
7,CS55->US71,0,0,0
7,CS55->US79,50302,50302,0
7,CS55->US87,56354,56354,0
7,CS55->US95,50920,50920,0
7,CS55->US103,0,0,0
7,CS55->US111,0,0,0
7,CS55->US119,54687,54687,0
7,CS55->US127,53954,53954,0
7,CS56->US0,51177,51177,0
7,CS56->US8,49993,49992,0
7,CS56->US16,50526,50526,0
7,CS56->US24,0,0,0
7,CS56->US32,0,0,0
7,CS56->US40,53242,53242,0
7,CS56->US48,51396,51396,0
7,CS56->US56,0,0,0
7,CS56->US64,0,0,0
7,CS56->US72,50894,50894,0
7,CS56->US80,56033,56033,0
7,CS56->US88,50674,50674,0
7,CS56->US96,0,0,0
7,CS56->US104,0,0,0
7,CS56->US112,54091,54091,0
7,CS56->US120,54172,54172,0
7,CS57->US1,51573,51573,0
7,CS57->US9,50118,50118,0
7,CS57->US17,50147,50147,0
7,CS57->US25,0,0,0
7,CS57->US33,0,0,0
7,CS57->US41,53054,53054,0
7,CS57->US49,51222,51222,0
7,CS57->US57,0,0,0
7,CS57->US65,0,0,0
7,CS57->US73,51134,51134,0
7,CS57->US81,56084,56084,0
7,CS57->US89,51130,51130,0
7,CS57->US97,0,0,0
7,CS57->US105,0,0,0
7,CS57->US113,54447,54447,0
7,CS57->US121,53891,53891,0
7,CS58->US2,51602,51602,0
7,CS58->US10,50274,50274,0
7,CS58->US18,50890,50890,0
7,CS58->US26,0,0,0
7,CS58->US34,0,0,0
7,CS58->US42,53160,53160,0
7,CS58->US50,51554,51554,0
7,CS58->US58,0,0,0
7,CS58->US66,0,0,0
7,CS58->US74,50876,50876,0
7,CS58->US82,56411,56411,0
7,CS58->US90,51048,51048,0
7,CS58->US98,0,0,0
7,CS58->US106,0,0,0
7,CS58->US114,54377,54377,0
7,CS58->US122,53908,53908,0
7,CS59->US3,51724,51724,0
7,CS59->US11,50226,50225,0
7,CS59->US19,50086,50086,0
7,CS59->US27,0,0,0
7,CS59->US35,0,0,0
7,CS59->US43,52860,52860,0
7,CS59->US51,51289,51289,0
7,CS59->US59,0,0,0
7,CS59->US67,0,0,0
7,CS59->US75,50893,50893,0
7,CS59->US83,56071,56071,0
7,CS59->US91,50891,50891,0
7,CS59->US99,0,0,0
7,CS59->US107,0,0,0
7,CS59->US115,54435,54435,0
7,CS59->US123,53737,53737,0
7,CS60->US4,51352,51352,0
7,CS60->US12,49793,49793,0
7,CS60->US20,50424,50424,0
7,CS60->US28,0,0,0
7,CS60->US36,0,0,0
7,CS60->US44,53062,53062,0
7,CS60->US52,51818,51818,0
7,CS60->US60,0,0,0
7,CS60->US68,0,0,0
7,CS60->US76,51322,51322,0
7,CS60->US84,56131,56130,0
7,CS60->US92,50709,50709,0
7,CS60->US100,0,0,0
7,CS60->US108,0,0,0
7,CS60->US116,54809,54809,0
7,CS60->US124,53518,53518,0
7,CS61->US5,51262,51262,0
7,CS61->US13,49836,49836,0
7,CS61->US21,51066,51066,0
7,CS61->US29,0,0,0
7,CS61->US37,0,0,0
7,CS61->US45,52995,52995,0
7,CS61->US53,51978,51978,0
7,CS61->US61,0,0,0
7,CS61->US69,0,0,0
7,CS61->US77,50827,50827,0
7,CS61->US85,56293,56293,0
7,CS61->US93,51160,51160,0
7,CS61->US101,0,0,0
7,CS61->US109,0,0,0
7,CS61->US117,54635,54635,0
7,CS61->US125,53773,53773,0
7,CS62->US6,51232,51232,0
7,CS62->US14,49657,49657,0
7,CS62->US22,50447,50447,0
7,CS62->US30,0,0,0
7,CS62->US38,0,0,0
7,CS62->US46,52706,52706,0
7,CS62->US54,51362,51362,0
7,CS62->US62,0,0,0
7,CS62->US70,0,0,0
7,CS62->US78,50862,50862,0
7,CS62->US86,56013,56012,0
7,CS62->US94,50931,50931,0
7,CS62->US102,0,0,0
7,CS62->US110,0,0,0
7,CS62->US118,54416,54416,0
7,CS62->US126,54098,54098,0
7,CS63->US7,51068,51068,0
7,CS63->US15,49959,49959,0
7,CS63->US23,50743,50743,0
7,CS63->US31,0,0,0
7,CS63->US39,0,0,0
7,CS63->US47,53166,53166,0
7,CS63->US55,51864,51864,0
7,CS63->US63,0,0,0
7,CS63->US71,0,0,0
7,CS63->US79,50985,50985,0
7,CS63->US87,56530,56530,0
7,CS63->US95,51034,51034,0
7,CS63->US103,0,0,0
7,CS63->US111,0,0,0
7,CS63->US119,54547,54547,0
7,CS63->US127,54100,54100,0
8,US0->CS0,51863,51863,0
8,US0->CS8,51346,51346,0
8,US0->CS16,51465,51465,0
8,US0->CS24,51668,51668,0
8,US0->CS32,51703,51703,0
8,US0->CS40,51826,51826,0
8,US0->CS48,51938,51938,0
8,US0->CS56,51716,51716,0
8,US1->CS1,51851,51851,0
8,US1->CS9,51370,51370,0
8,US1->CS17,51895,51895,0
8,US1->CS25,51740,51740,0
8,US1->CS33,51857,51857,0
8,US1->CS41,51957,51957,0
8,US1->CS49,51615,51615,0
8,US1->CS57,51526,51526,0
8,US2->CS2,51557,51557,0
8,US2->CS10,51712,51712,0
8,US2->CS18,51670,51670,0
8,US2->CS26,51489,51489,0
8,US2->CS34,51528,51528,0
8,US2->CS42,51746,51746,0
8,US2->CS50,51945,51945,0
8,US2->CS58,51806,51806,0
8,US3->CS3,51998,51998,0
8,US3->CS11,52090,52090,0
8,US3->CS19,51678,51678,0
8,US3->CS27,51871,51871,0
8,US3->CS35,51518,51518,0
8,US3->CS43,52162,52162,0
8,US3->CS51,52150,52150,0
8,US3->CS59,51526,51526,0
8,US4->CS4,51892,51892,0
8,US4->CS12,51869,51869,0
8,US4->CS20,51711,51711,0
8,US4->CS28,51422,51422,0
8,US4->CS36,51660,51660,0
8,US4->CS44,51653,51653,0
8,US4->CS52,52036,52036,0
8,US4->CS60,52119,52119,0
8,US5->CS5,51581,51581,0
8,US5->CS13,51906,51906,0
8,US5->CS21,51758,51758,0
8,US5->CS29,51502,51502,0
8,US5->CS37,51893,51893,0
8,US5->CS45,51628,51628,0
8,US5->CS53,51570,51570,0
8,US5->CS61,52207,52207,0
8,US6->CS6,51591,51591,0
8,US6->CS14,51890,51890,0
8,US6->CS22,51720,51720,0
8,US6->CS30,51858,51858,0
8,US6->CS38,51421,51421,0
8,US6->CS46,52011,52011,0
8,US6->CS54,52135,52135,0
8,US6->CS62,51659,51659,0
8,US7->CS7,51882,51882,0
8,US7->CS15,51760,51760,0
8,US7->CS23,51524,51524,0
8,US7->CS31,51690,51690,0
8,US7->CS39,51701,51701,0
8,US7->CS47,51940,51940,0
8,US7->CS55,51712,51712,0
8,US7->CS63,52127,52127,0
8,US8->CS0,56791,56791,0
8,US8->CS8,56615,56615,0
8,US8->CS16,56432,56432,0
8,US8->CS24,56373,56373,0
8,US8->CS32,56840,56840,0
8,US8->CS40,56718,56718,0
8,US8->CS48,56698,56698,0
8,US8->CS56,56455,56455,0
8,US9->CS1,56396,56396,0
8,US9->CS9,56592,56592,0
8,US9->CS17,56645,56645,0
8,US9->CS25,56606,56606,0
8,US9->CS33,56903,56903,0
8,US9->CS41,56918,56918,0
8,US9->CS49,56872,56872,0
8,US9->CS57,56464,56464,0
8,US10->CS2,56803,56803,0
8,US10->CS10,56763,56763,0
8,US10->CS18,56517,56517,0
8,US10->CS26,56487,56487,0
8,US10->CS34,56916,56916,0
8,US10->CS42,56783,56783,0
8,US10->CS50,56319,56319,0
8,US10->CS58,56756,56756,0
8,US11->CS3,56216,56216,0
8,US11->CS11,56714,56714,0
8,US11->CS19,56421,56421,0
8,US11->CS27,56707,56707,0
8,US11->CS35,56133,56133,0
8,US11->CS43,56656,56656,0
8,US11->CS51,56624,56624,0
8,US11->CS59,56504,56504,0
8,US12->CS4,56690,56690,0
8,US12->CS12,56867,56867,0
8,US12->CS20,56422,56422,0
8,US12->CS28,56292,56292,0
8,US12->CS36,56619,56619,0
8,US12->CS44,56484,56484,0
8,US12->CS52,56739,56739,0
8,US12->CS60,56467,56467,0
8,US13->CS5,56538,56538,0
8,US13->CS13,56268,56268,0
8,US13->CS21,56191,56191,0
8,US13->CS29,56310,56310,0
8,US13->CS37,56605,56605,0
8,US13->CS45,56245,56245,0
8,US13->CS53,56493,56493,0
8,US13->CS61,56654,56654,0
8,US14->CS6,56367,56367,0
8,US14->CS14,56669,56669,0
8,US14->CS22,56813,56813,0
8,US14->CS30,56484,56484,0
8,US14->CS38,57096,57096,0
8,US14->CS46,56791,56791,0
8,US14->CS54,56246,56246,0
8,US14->CS62,56411,56411,0
8,US15->CS7,56814,56814,0
8,US15->CS15,56620,56620,0
8,US15->CS23,56825,56825,0
8,US15->CS31,56340,56340,0
8,US15->CS39,56533,56533,0
8,US15->CS47,56815,56815,0
8,US15->CS55,56721,56721,0
8,US15->CS63,56941,56941,0
8,US16->CS0,54246,54246,0
8,US16->CS8,54594,54594,0
8,US16->CS16,54396,54396,0
8,US16->CS24,54482,54482,0
8,US16->CS32,54261,54261,0
8,US16->CS40,54312,54312,0
8,US16->CS48,54692,54692,0
8,US16->CS56,54346,54346,0
8,US17->CS1,54421,54421,0
8,US17->CS9,54550,54550,0
8,US17->CS17,54318,54318,0
8,US17->CS25,54296,54296,0
8,US17->CS33,54512,54512,0
8,US17->CS41,54443,54443,0
8,US17->CS49,54413,54413,0
8,US17->CS57,54077,54077,0
8,US18->CS2,53867,53867,0
8,US18->CS10,54321,54321,0
8,US18->CS18,54327,54327,0
8,US18->CS26,54277,54277,0
8,US18->CS34,53781,53781,0
8,US18->CS42,54597,54597,0
8,US18->CS50,54234,54234,0
8,US18->CS58,54041,54041,0
8,US19->CS3,54598,54598,0
8,US19->CS11,54169,54169,0
8,US19->CS19,54174,54174,0
8,US19->CS27,54252,54252,0
8,US19->CS35,54588,54588,0
8,US19->CS43,54193,54193,0
8,US19->CS51,54637,54637,0
8,US19->CS59,53899,53899,0
8,US20->CS4,54506,54506,0
8,US20->CS12,54338,54338,0
8,US20->CS20,54266,54266,0
8,US20->CS28,54792,54792,0
8,US20->CS36,54329,54329,0
8,US20->CS44,54163,54163,0
8,US20->CS52,54192,54192,0
8,US20->CS60,53661,53661,0
8,US21->CS5,54035,54035,0
8,US21->CS13,54453,54453,0
8,US21->CS21,54525,54525,0
8,US21->CS29,54380,54380,0
8,US21->CS37,54141,54141,0
8,US21->CS45,54272,54272,0
8,US21->CS53,54407,54407,0
8,US21->CS61,53920,53920,0
8,US22->CS6,53939,53939,0
8,US22->CS14,54317,54317,0
8,US22->CS22,54634,54634,0
8,US22->CS30,54422,54422,0
8,US22->CS38,54446,54446,0
8,US22->CS46,54218,54218,0
8,US22->CS54,53886,53886,0
8,US22->CS62,54212,54212,0
8,US23->CS7,54419,54419,0
8,US23->CS15,54316,54316,0
8,US23->CS23,54555,54555,0
8,US23->CS31,54299,54299,0
8,US23->CS39,54471,54471,0
8,US23->CS47,54092,54092,0
8,US23->CS55,54093,54093,0
8,US23->CS63,54190,54190,0
8,US24->CS0,32419,32419,0
8,US24->CS8,32633,32633,0
8,US24->CS16,32261,32261,0
8,US24->CS24,32247,32247,0
8,US24->CS32,32672,32672,0
8,US24->CS40,32337,32337,0
8,US24->CS48,32093,32092,0
8,US24->CS56,32326,32326,0
8,US25->CS1,32412,32410,0
8,US25->CS9,32052,32052,0
8,US25->CS17,32370,32370,0
8,US25->CS25,32322,32321,0
8,US25->CS33,32430,32429,0
8,US25->CS41,32325,32325,0
8,US25->CS49,32099,32099,0
8,US25->CS57,32573,32572,0
8,US26->CS2,32328,32328,0
8,US26->CS10,32385,32385,0
8,US26->CS18,32492,32492,0
8,US26->CS26,32513,32513,0
8,US26->CS34,32198,32198,0
8,US26->CS42,32627,32627,0
8,US26->CS50,32621,32620,0
8,US26->CS58,32807,32806,0
8,US27->CS3,32713,32712,0
8,US27->CS11,32451,32451,0
8,US27->CS19,32343,32341,0
8,US27->CS27,32401,32401,0
8,US27->CS35,32500,32500,0
8,US27->CS43,32581,32581,0
8,US27->CS51,32144,32143,0
8,US27->CS59,32545,32544,0
8,US28->CS4,32364,32364,0
8,US28->CS12,32391,32391,0
8,US28->CS20,32225,32225,0
8,US28->CS28,32565,32564,0
8,US28->CS36,32431,32430,0
8,US28->CS44,32315,32314,0
8,US28->CS52,32268,32266,0
8,US28->CS60,32378,32377,0
8,US29->CS5,32040,32039,0
8,US29->CS13,32102,32102,0
8,US29->CS21,31903,31902,0
8,US29->CS29,32200,32200,0
8,US29->CS37,32416,32415,0
8,US29->CS45,32177,32177,0
8,US29->CS53,32190,32190,0
8,US29->CS61,32329,32329,0
8,US30->CS6,32427,32427,0
8,US30->CS14,32376,32375,0
8,US30->CS22,32490,32489,0
8,US30->CS30,32364,32363,0
8,US30->CS38,32346,32346,0
8,US30->CS46,32532,32531,0
8,US30->CS54,32561,32561,0
8,US30->CS62,32241,32240,0
8,US31->CS7,32180,32179,0
8,US31->CS15,32128,32128,0
8,US31->CS23,32389,32389,0
8,US31->CS31,32377,32377,0
8,US31->CS39,32640,32640,0
8,US31->CS47,32454,32453,0
8,US31->CS55,32412,32412,0
8,US31->CS63,32566,32565,0
8,US32->CS0,0,0,0
8,US32->CS8,0,0,0
8,US32->CS16,0,0,0
8,US32->CS24,0,0,0
8,US32->CS32,0,0,0
8,US32->CS40,0,0,0
8,US32->CS48,0,0,0
8,US32->CS56,0,0,0
8,US33->CS1,0,0,0
8,US33->CS9,0,0,0
8,US33->CS17,0,0,0
8,US33->CS25,0,0,0
8,US33->CS33,0,0,0
8,US33->CS41,0,0,0
8,US33->CS49,0,0,0
8,US33->CS57,0,0,0
8,US34->CS2,0,0,0
8,US34->CS10,0,0,0
8,US34->CS18,0,0,0
8,US34->CS26,0,0,0
8,US34->CS34,0,0,0
8,US34->CS42,0,0,0
8,US34->CS50,0,0,0
8,US34->CS58,0,0,0
8,US35->CS3,0,0,0
8,US35->CS11,0,0,0
8,US35->CS19,0,0,0
8,US35->CS27,0,0,0
8,US35->CS35,0,0,0
8,US35->CS43,0,0,0
8,US35->CS51,0,0,0
8,US35->CS59,0,0,0
8,US36->CS4,0,0,0
8,US36->CS12,0,0,0
8,US36->CS20,0,0,0
8,US36->CS28,0,0,0
8,US36->CS36,0,0,0
8,US36->CS44,0,0,0
8,US36->CS52,0,0,0
8,US36->CS60,0,0,0
8,US37->CS5,0,0,0
8,US37->CS13,0,0,0
8,US37->CS21,0,0,0
8,US37->CS29,0,0,0
8,US37->CS37,0,0,0
8,US37->CS45,0,0,0
8,US37->CS53,0,0,0
8,US37->CS61,0,0,0
8,US38->CS6,0,0,0
8,US38->CS14,0,0,0
8,US38->CS22,0,0,0
8,US38->CS30,0,0,0
8,US38->CS38,0,0,0
8,US38->CS46,0,0,0
8,US38->CS54,0,0,0
8,US38->CS62,0,0,0
8,US39->CS7,0,0,0
8,US39->CS15,0,0,0
8,US39->CS23,0,0,0
8,US39->CS31,0,0,0
8,US39->CS39,0,0,0
8,US39->CS47,0,0,0
8,US39->CS55,0,0,0
8,US39->CS63,0,0,0
8,US40->CS0,54661,54661,0
8,US40->CS8,54477,54477,0
8,US40->CS16,54693,54693,0
8,US40->CS24,54863,54863,0
8,US40->CS32,54469,54469,0
8,US40->CS40,54836,54836,0
8,US40->CS48,54821,54821,0
8,US40->CS56,53970,53970,0
8,US41->CS1,54253,54253,0
8,US41->CS9,54655,54655,0
8,US41->CS17,54893,54893,0
8,US41->CS25,54839,54839,0
8,US41->CS33,54642,54642,0
8,US41->CS41,54577,54577,0
8,US41->CS49,54713,54713,0
8,US41->CS57,54302,54302,0
8,US42->CS2,54208,54208,0
8,US42->CS10,54490,54490,0
8,US42->CS18,54288,54288,0
8,US42->CS26,54393,54393,0
8,US42->CS34,54375,54375,0
8,US42->CS42,54783,54783,0
8,US42->CS50,54070,54070,0
8,US42->CS58,54303,54303,0
8,US43->CS3,54330,54330,0
8,US43->CS11,54507,54507,0
8,US43->CS19,54157,54157,0
8,US43->CS27,54630,54630,0
8,US43->CS35,54703,54703,0
8,US43->CS43,54670,54670,0
8,US43->CS51,54628,54628,0
8,US43->CS59,54392,54392,0
8,US44->CS4,54358,54358,0
8,US44->CS12,54782,54782,0
8,US44->CS20,54563,54563,0
8,US44->CS28,54240,54240,0
8,US44->CS36,54467,54467,0
8,US44->CS44,54319,54319,0
8,US44->CS52,54510,54510,0
8,US44->CS60,54817,54817,0
8,US45->CS5,54980,54980,0
8,US45->CS13,54693,54693,0
8,US45->CS21,54565,54565,0
8,US45->CS29,54867,54867,0
8,US45->CS37,54584,54584,0
8,US45->CS45,54576,54576,0
8,US45->CS53,54588,54588,0
8,US45->CS61,54621,54621,0
8,US46->CS6,54262,54262,0
8,US46->CS14,54898,54898,0
8,US46->CS22,54356,54356,0
8,US46->CS30,54898,54898,0
8,US46->CS38,54105,54105,0
8,US46->CS46,54540,54540,0
8,US46->CS54,54621,54621,0
8,US46->CS62,54294,54294,0
8,US47->CS7,54486,54486,0
8,US47->CS15,54387,54387,0
8,US47->CS23,54941,54941,0
8,US47->CS31,55009,55009,0
8,US47->CS39,54837,54837,0
8,US47->CS47,54518,54518,0
8,US47->CS55,54535,54535,0
8,US47->CS63,54488,54488,0
8,US48->CS0,51826,51826,0
8,US48->CS8,51933,51933,0
8,US48->CS16,51667,51667,0
8,US48->CS24,51680,51680,0
8,US48->CS32,51513,51513,0
8,US48->CS40,51977,51977,0
8,US48->CS48,51401,51401,0
8,US48->CS56,51444,51444,0
8,US49->CS1,52203,52203,0
8,US49->CS9,52019,52019,0
8,US49->CS17,51619,51619,0
8,US49->CS25,51334,51334,0
8,US49->CS33,51849,51849,0
8,US49->CS41,51889,51889,0
8,US49->CS49,51830,51830,0
8,US49->CS57,51864,51864,0
8,US50->CS2,51542,51542,0
8,US50->CS10,51753,51753,0
8,US50->CS18,51613,51613,0
8,US50->CS26,51665,51665,0
8,US50->CS34,51747,51747,0
8,US50->CS42,51648,51648,0
8,US50->CS50,51718,51718,0
8,US50->CS58,51839,51839,0
8,US51->CS3,52136,52136,0
8,US51->CS11,51404,51404,0
8,US51->CS19,51900,51900,0
8,US51->CS27,51942,51942,0
8,US51->CS35,52021,52021,0
8,US51->CS43,51874,51874,0
8,US51->CS51,51520,51520,0
8,US51->CS59,51977,51977,0
8,US52->CS4,51614,51614,0
8,US52->CS12,51692,51692,0
8,US52->CS20,51541,51541,0
8,US52->CS28,51602,51602,0
8,US52->CS36,51990,51990,0
8,US52->CS44,52243,52243,0
8,US52->CS52,51821,51821,0
8,US52->CS60,51604,51604,0
8,US53->CS5,52134,52134,0
8,US53->CS13,51630,51630,0
8,US53->CS21,51674,51674,0
8,US53->CS29,51715,51715,0
8,US53->CS37,51549,51549,0
8,US53->CS45,51824,51824,0
8,US53->CS53,51396,51396,0
8,US53->CS61,51569,51569,0
8,US54->CS6,51792,51792,0
8,US54->CS14,52336,52336,0
8,US54->CS22,51629,51629,0
8,US54->CS30,51856,51856,0
8,US54->CS38,51735,51735,0
8,US54->CS46,52035,52035,0
8,US54->CS54,51715,51715,0
8,US54->CS62,51493,51493,0
8,US55->CS7,51733,51733,0
8,US55->CS15,51950,51950,0
8,US55->CS23,51706,51706,0
8,US55->CS31,51861,51861,0
8,US55->CS39,51696,51696,0
8,US55->CS47,51832,51832,0
8,US55->CS55,51777,51777,0
8,US55->CS63,51363,51363,0
8,US56->CS0,32013,32013,0
8,US56->CS8,32219,32218,0
8,US56->CS16,31952,31951,0
8,US56->CS24,31967,31966,0
8,US56->CS32,32141,32140,0
8,US56->CS40,31936,31935,0
8,US56->CS48,31928,31928,0
8,US56->CS56,31790,31788,0
8,US57->CS1,31937,31937,0
8,US57->CS9,31916,31915,0
8,US57->CS17,31917,31915,0
8,US57->CS25,31880,31880,0
8,US57->CS33,31839,31838,0
8,US57->CS41,32049,32046,0
8,US57->CS49,31741,31741,0
8,US57->CS57,31867,31867,0
8,US58->CS2,31973,31973,0
8,US58->CS10,31871,31871,0
8,US58->CS18,32060,32059,0
8,US58->CS26,31931,31931,0
8,US58->CS34,31944,31944,0
8,US58->CS42,31473,31472,0
8,US58->CS50,32149,32149,0
8,US58->CS58,31899,31899,0
8,US59->CS3,32062,32062,0
8,US59->CS11,31737,31737,0
8,US59->CS19,31658,31658,0
8,US59->CS27,31760,31760,0
8,US59->CS35,31834,31834,0
8,US59->CS43,31704,31704,0
8,US59->CS51,31818,31818,0
8,US59->CS59,32081,32080,0
8,US60->CS4,31791,31790,0
8,US60->CS12,31831,31831,0
8,US60->CS20,31796,31796,0
8,US60->CS28,31444,31444,0
8,US60->CS36,32062,32060,0
8,US60->CS44,31755,31755,0
8,US60->CS52,31851,31851,0
8,US60->CS60,32165,32165,0
8,US61->CS5,32041,32040,0
8,US61->CS13,31933,31932,0
8,US61->CS21,32001,32001,0
8,US61->CS29,32096,32096,0
8,US61->CS37,31745,31745,0
8,US61->CS45,31938,31937,0
8,US61->CS53,31714,31714,0
8,US61->CS61,31904,31904,0
8,US62->CS6,31828,31828,0
8,US62->CS14,31873,31872,0
8,US62->CS22,31895,31894,0
8,US62->CS30,31676,31676,0
8,US62->CS38,31679,31679,0
8,US62->CS46,32128,32128,0
8,US62->CS54,31920,31920,0
8,US62->CS62,31935,31935,0
8,US63->CS7,31656,31655,0
8,US63->CS15,31912,31911,0
8,US63->CS23,31907,31906,0
8,US63->CS31,32301,32301,0
8,US63->CS39,32015,32015,0
8,US63->CS47,31958,31958,0
8,US63->CS55,31679,31679,0
8,US63->CS63,32011,32011,0
8,US64->CS0,0,0,0
8,US64->CS8,0,0,0
8,US64->CS16,0,0,0
8,US64->CS24,0,0,0
8,US64->CS32,0,0,0
8,US64->CS40,0,0,0
8,US64->CS48,0,0,0
8,US64->CS56,0,0,0
8,US65->CS1,0,0,0
8,US65->CS9,0,0,0
8,US65->CS17,0,0,0
8,US65->CS25,0,0,0
8,US65->CS33,0,0,0
8,US65->CS41,0,0,0
8,US65->CS49,0,0,0
8,US65->CS57,0,0,0
8,US66->CS2,0,0,0
8,US66->CS10,0,0,0
8,US66->CS18,0,0,0
8,US66->CS26,0,0,0
8,US66->CS34,0,0,0
8,US66->CS42,0,0,0
8,US66->CS50,0,0,0
8,US66->CS58,0,0,0
8,US67->CS3,0,0,0
8,US67->CS11,0,0,0
8,US67->CS19,0,0,0
8,US67->CS27,0,0,0
8,US67->CS35,0,0,0
8,US67->CS43,0,0,0
8,US67->CS51,0,0,0
8,US67->CS59,0,0,0
8,US68->CS4,0,0,0
8,US68->CS12,0,0,0
8,US68->CS20,0,0,0
8,US68->CS28,0,0,0
8,US68->CS36,0,0,0
8,US68->CS44,0,0,0
8,US68->CS52,0,0,0
8,US68->CS60,0,0,0
8,US69->CS5,0,0,0
8,US69->CS13,0,0,0
8,US69->CS21,0,0,0
8,US69->CS29,0,0,0
8,US69->CS37,0,0,0
8,US69->CS45,0,0,0
8,US69->CS53,0,0,0
8,US69->CS61,0,0,0
8,US70->CS6,0,0,0
8,US70->CS14,0,0,0
8,US70->CS22,0,0,0
8,US70->CS30,0,0,0
8,US70->CS38,0,0,0
8,US70->CS46,0,0,0
8,US70->CS54,0,0,0
8,US70->CS62,0,0,0
8,US71->CS7,0,0,0
8,US71->CS15,0,0,0
8,US71->CS23,0,0,0
8,US71->CS31,0,0,0
8,US71->CS39,0,0,0
8,US71->CS47,0,0,0
8,US71->CS55,0,0,0
8,US71->CS63,0,0,0
8,US72->CS0,51184,51184,0
8,US72->CS8,51281,51281,0
8,US72->CS16,51254,51254,0
8,US72->CS24,50890,50890,0
8,US72->CS32,50768,50768,0
8,US72->CS40,51002,51002,0
8,US72->CS48,50845,50845,0
8,US72->CS56,50641,50641,0
8,US73->CS1,50540,50540,0
8,US73->CS9,50798,50798,0
8,US73->CS17,50924,50924,0
8,US73->CS25,51171,51171,0
8,US73->CS33,50927,50927,0
8,US73->CS41,51085,51085,0
8,US73->CS49,50914,50914,0
8,US73->CS57,51092,51092,0
8,US74->CS2,50898,50898,0
8,US74->CS10,50783,50783,0
8,US74->CS18,51064,51064,0
8,US74->CS26,51117,51117,0
8,US74->CS34,50917,50917,0
8,US74->CS42,50991,50991,0
8,US74->CS50,50935,50935,0
8,US74->CS58,51007,51007,0
8,US75->CS3,51115,51115,0
8,US75->CS11,51080,51080,0
8,US75->CS19,50971,50971,0
8,US75->CS27,50826,50826,0
8,US75->CS35,50790,50790,0
8,US75->CS43,51059,51059,0
8,US75->CS51,51136,51136,0
8,US75->CS59,50859,50859,0
8,US76->CS4,51086,51086,0
8,US76->CS12,51008,51008,0
8,US76->CS20,50981,50981,0
8,US76->CS28,51151,51151,0
8,US76->CS36,51012,51012,0
8,US76->CS44,50934,50934,0
8,US76->CS52,50835,50835,0
8,US76->CS60,50699,50699,0
8,US77->CS5,50789,50789,0
8,US77->CS13,51356,51356,0
8,US77->CS21,51136,51136,0
8,US77->CS29,50920,50920,0
8,US77->CS37,50715,50715,0
8,US77->CS45,50971,50971,0
8,US77->CS53,50769,50769,0
8,US77->CS61,51163,51163,0
8,US78->CS6,50853,50853,0
8,US78->CS14,50969,50969,0
8,US78->CS22,50894,50894,0
8,US78->CS30,51001,51001,0
8,US78->CS38,50451,50451,0
8,US78->CS46,50862,50862,0
8,US78->CS54,50696,50696,0
8,US78->CS62,50947,50947,0
8,US79->CS7,50867,50867,0
8,US79->CS15,51038,51038,0
8,US79->CS23,51207,51207,0
8,US79->CS31,51118,51118,0
8,US79->CS39,51301,51301,0
8,US79->CS47,50988,50988,0
8,US79->CS55,50974,50974,0
8,US79->CS63,51023,51023,0
8,US80->CS0,50018,50018,0
8,US80->CS8,49983,49983,0
8,US80->CS16,49864,49864,0
8,US80->CS24,50289,50289,0
8,US80->CS32,50362,50362,0
8,US80->CS40,50471,50471,0
8,US80->CS48,49912,49912,0
8,US80->CS56,50249,50249,0
8,US81->CS1,50556,50556,0
8,US81->CS9,50432,50432,0
8,US81->CS17,50204,50204,0
8,US81->CS25,50151,50151,0
8,US81->CS33,50304,50304,0
8,US81->CS41,49987,49987,0
8,US81->CS49,50188,50188,0
8,US81->CS57,50366,50366,0
8,US82->CS2,50661,50661,0
8,US82->CS10,50427,50427,0
8,US82->CS18,49836,49836,0
8,US82->CS26,50690,50690,0
8,US82->CS34,50247,50247,0
8,US82->CS42,50190,50190,0
8,US82->CS50,50461,50461,0
8,US82->CS58,50549,50549,0
8,US83->CS3,49969,49969,0
8,US83->CS11,50245,50245,0
8,US83->CS19,50584,50584,0
8,US83->CS27,50913,50913,0
8,US83->CS35,50344,50344,0
8,US83->CS43,50014,50014,0
8,US83->CS51,50119,50119,0
8,US83->CS59,50463,50463,0
8,US84->CS4,50010,50010,0
8,US84->CS12,50225,50225,0
8,US84->CS20,50415,50415,0
8,US84->CS28,50193,50193,0
8,US84->CS36,50308,50308,0
8,US84->CS44,50580,50580,0
8,US84->CS52,50294,50294,0
8,US84->CS60,50044,50044,0
8,US85->CS5,50236,50236,0
8,US85->CS13,50499,50499,0
8,US85->CS21,50070,50070,0
8,US85->CS29,49892,49892,0
8,US85->CS37,50358,50358,0
8,US85->CS45,50592,50592,0
8,US85->CS53,50436,50436,0
8,US85->CS61,50078,50078,0
8,US86->CS6,50171,50171,0
8,US86->CS14,50070,50070,0
8,US86->CS22,50551,50551,0
8,US86->CS30,50435,50435,0
8,US86->CS38,50135,50135,0
8,US86->CS46,50943,50943,0
8,US86->CS54,50196,50196,0
8,US86->CS62,49924,49924,0
8,US87->CS7,50009,50009,0
8,US87->CS15,50245,50245,0
8,US87->CS23,50603,50603,0
8,US87->CS31,50269,50269,0
8,US87->CS39,50488,50488,0
8,US87->CS47,49996,49996,0
8,US87->CS55,50173,50173,0
8,US87->CS63,50229,50229,0
8,US88->CS0,50890,50890,0
8,US88->CS8,51094,51094,0
8,US88->CS16,51095,51095,0
8,US88->CS24,51055,51055,0
8,US88->CS32,51109,51109,0
8,US88->CS40,51323,51323,0
8,US88->CS48,50928,50928,0
8,US88->CS56,51003,51003,0
8,US89->CS1,50978,50978,0
8,US89->CS9,51139,51139,0
8,US89->CS17,51021,51021,0
8,US89->CS25,51053,51053,0
8,US89->CS33,50852,50852,0
8,US89->CS41,50852,50852,0
8,US89->CS49,50679,50679,0
8,US89->CS57,51313,51313,0
8,US90->CS2,51015,51015,0
8,US90->CS10,51666,51666,0
8,US90->CS18,51092,51092,0
8,US90->CS26,51140,51140,0
8,US90->CS34,50815,50815,0
8,US90->CS42,50756,50756,0
8,US90->CS50,50997,50997,0
8,US90->CS58,51038,51038,0
8,US91->CS3,51175,51175,0
8,US91->CS11,50932,50932,0
8,US91->CS19,51170,51170,0
8,US91->CS27,51062,51062,0
8,US91->CS35,50597,50597,0
8,US91->CS43,51351,51351,0
8,US91->CS51,51249,51249,0
8,US91->CS59,50991,50991,0
8,US92->CS4,50976,50976,0
8,US92->CS12,51024,51024,0
8,US92->CS20,50568,50568,0
8,US92->CS28,51211,51211,0
8,US92->CS36,50847,50847,0
8,US92->CS44,51069,51069,0
8,US92->CS52,51278,51278,0
8,US92->CS60,51329,51329,0
8,US93->CS5,50814,50814,0
8,US93->CS13,50645,50645,0
8,US93->CS21,51394,51394,0
8,US93->CS29,51079,51079,0
8,US93->CS37,51086,51086,0
8,US93->CS45,50838,50838,0
8,US93->CS53,51327,51327,0
8,US93->CS61,50926,50926,0
8,US94->CS6,50775,50775,0
8,US94->CS14,50845,50845,0
8,US94->CS22,50970,50970,0
8,US94->CS30,51010,51010,0
8,US94->CS38,51130,51130,0
8,US94->CS46,51243,51243,0
8,US94->CS54,50770,50770,0
8,US94->CS62,51023,51023,0
8,US95->CS7,50963,50963,0
8,US95->CS15,51056,51056,0
8,US95->CS23,50492,50492,0
8,US95->CS31,51191,51191,0
8,US95->CS39,51510,51510,0
8,US95->CS47,51278,51278,0
8,US95->CS55,50438,50438,0
8,US95->CS63,51116,51116,0
8,US96->CS0,0,0,0
8,US96->CS8,0,0,0
8,US96->CS16,0,0,0
8,US96->CS24,0,0,0
8,US96->CS32,0,0,0
8,US96->CS40,0,0,0
8,US96->CS48,0,0,0
8,US96->CS56,0,0,0
8,US97->CS1,0,0,0
8,US97->CS9,0,0,0
8,US97->CS17,0,0,0
8,US97->CS25,0,0,0
8,US97->CS33,0,0,0
8,US97->CS41,0,0,0
8,US97->CS49,0,0,0
8,US97->CS57,0,0,0
8,US98->CS2,0,0,0
8,US98->CS10,0,0,0
8,US98->CS18,0,0,0
8,US98->CS26,0,0,0
8,US98->CS34,0,0,0
8,US98->CS42,0,0,0
8,US98->CS50,0,0,0
8,US98->CS58,0,0,0
8,US99->CS3,0,0,0
8,US99->CS11,0,0,0
8,US99->CS19,0,0,0
8,US99->CS27,0,0,0
8,US99->CS35,0,0,0
8,US99->CS43,0,0,0
8,US99->CS51,0,0,0
8,US99->CS59,0,0,0
8,US100->CS4,0,0,0
8,US100->CS12,0,0,0
8,US100->CS20,0,0,0
8,US100->CS28,0,0,0
8,US100->CS36,0,0,0
8,US100->CS44,0,0,0
8,US100->CS52,0,0,0
8,US100->CS60,0,0,0
8,US101->CS5,0,0,0
8,US101->CS13,0,0,0
8,US101->CS21,0,0,0
8,US101->CS29,0,0,0
8,US101->CS37,0,0,0
8,US101->CS45,0,0,0
8,US101->CS53,0,0,0
8,US101->CS61,0,0,0
8,US102->CS6,0,0,0
8,US102->CS14,0,0,0
8,US102->CS22,0,0,0
8,US102->CS30,0,0,0
8,US102->CS38,0,0,0
8,US102->CS46,0,0,0
8,US102->CS54,0,0,0
8,US102->CS62,0,0,0
8,US103->CS7,0,0,0
8,US103->CS15,0,0,0
8,US103->CS23,0,0,0
8,US103->CS31,0,0,0
8,US103->CS39,0,0,0
8,US103->CS47,0,0,0
8,US103->CS55,0,0,0
8,US103->CS63,0,0,0
8,US104->CS0,0,0,0
8,US104->CS8,0,0,0
8,US104->CS16,0,0,0
8,US104->CS24,0,0,0
8,US104->CS32,0,0,0
8,US104->CS40,0,0,0
8,US104->CS48,0,0,0
8,US104->CS56,0,0,0
8,US105->CS1,0,0,0
8,US105->CS9,0,0,0
8,US105->CS17,0,0,0
8,US105->CS25,0,0,0
8,US105->CS33,0,0,0
8,US105->CS41,0,0,0
8,US105->CS49,0,0,0
8,US105->CS57,0,0,0
8,US106->CS2,0,0,0
8,US106->CS10,0,0,0
8,US106->CS18,0,0,0
8,US106->CS26,0,0,0
8,US106->CS34,0,0,0
8,US106->CS42,0,0,0
8,US106->CS50,0,0,0
8,US106->CS58,0,0,0
8,US107->CS3,0,0,0
8,US107->CS11,0,0,0
8,US107->CS19,0,0,0
8,US107->CS27,0,0,0
8,US107->CS35,0,0,0
8,US107->CS43,0,0,0
8,US107->CS51,0,0,0
8,US107->CS59,0,0,0
8,US108->CS4,0,0,0
8,US108->CS12,0,0,0
8,US108->CS20,0,0,0
8,US108->CS28,0,0,0
8,US108->CS36,0,0,0
8,US108->CS44,0,0,0
8,US108->CS52,0,0,0
8,US108->CS60,0,0,0
8,US109->CS5,0,0,0
8,US109->CS13,0,0,0
8,US109->CS21,0,0,0
8,US109->CS29,0,0,0
8,US109->CS37,0,0,0
8,US109->CS45,0,0,0
8,US109->CS53,0,0,0
8,US109->CS61,0,0,0
8,US110->CS6,0,0,0
8,US110->CS14,0,0,0
8,US110->CS22,0,0,0
8,US110->CS30,0,0,0
8,US110->CS38,0,0,0
8,US110->CS46,0,0,0
8,US110->CS54,0,0,0
8,US110->CS62,0,0,0
8,US111->CS7,0,0,0
8,US111->CS15,0,0,0
8,US111->CS23,0,0,0
8,US111->CS31,0,0,0
8,US111->CS39,0,0,0
8,US111->CS47,0,0,0
8,US111->CS55,0,0,0
8,US111->CS63,0,0,0
8,US112->CS0,52608,52608,0
8,US112->CS8,52902,52902,0
8,US112->CS16,52536,52536,0
8,US112->CS24,53440,53440,0
8,US112->CS32,52774,52774,0
8,US112->CS40,52850,52850,0
8,US112->CS48,52816,52816,0
8,US112->CS56,53250,53250,0
8,US113->CS1,52804,52804,0
8,US113->CS9,53190,53190,0
8,US113->CS17,52863,52863,0
8,US113->CS25,53093,53093,0
8,US113->CS33,52989,52989,0
8,US113->CS41,52752,52752,0
8,US113->CS49,52705,52705,0
8,US113->CS57,53031,53031,0
8,US114->CS2,53166,53166,0
8,US114->CS10,53495,53495,0
8,US114->CS18,53276,53276,0
8,US114->CS26,52762,52762,0
8,US114->CS34,53164,53164,0
8,US114->CS42,53069,53069,0
8,US114->CS50,53428,53428,0
8,US114->CS58,53235,53235,0
8,US115->CS3,53408,53408,0
8,US115->CS11,53200,53200,0
8,US115->CS19,52580,52580,0
8,US115->CS27,52688,52688,0
8,US115->CS35,52806,52806,0
8,US115->CS43,53247,53247,0
8,US115->CS51,53324,53324,0
8,US115->CS59,52871,52871,0
8,US116->CS4,53220,53220,0
8,US116->CS12,52644,52644,0
8,US116->CS20,53045,53045,0
8,US116->CS28,52920,52920,0
8,US116->CS36,53201,53201,0
8,US116->CS44,52765,52765,0
8,US116->CS52,52726,52726,0
8,US116->CS60,53079,53079,0
8,US117->CS5,52860,52860,0
8,US117->CS13,53292,53292,0
8,US117->CS21,52940,52940,0
8,US117->CS29,53154,53154,0
8,US117->CS37,52832,52832,0
8,US117->CS45,52816,52816,0
8,US117->CS53,53168,53168,0
8,US117->CS61,52923,52923,0
8,US118->CS6,52856,52856,0
8,US118->CS14,52913,52913,0
8,US118->CS22,52867,52867,0
8,US118->CS30,52934,52934,0
8,US118->CS38,52873,52873,0
8,US118->CS46,52919,52919,0
8,US118->CS54,53210,53210,0
8,US118->CS62,52686,52686,0
8,US119->CS7,53245,53245,0
8,US119->CS15,53269,53269,0
8,US119->CS23,52939,52939,0
8,US119->CS31,53077,53077,0
8,US119->CS39,52971,52971,0
8,US119->CS47,53035,53035,0
8,US119->CS55,52871,52871,0
8,US119->CS63,53150,53150,0
8,US120->CS0,50929,50929,0
8,US120->CS8,50243,50243,0
8,US120->CS16,50854,50854,0
8,US120->CS24,50660,50660,0
8,US120->CS32,50736,50736,0
8,US120->CS40,51068,51068,0
8,US120->CS48,50864,50864,0
8,US120->CS56,50489,50489,0
8,US121->CS1,50996,50996,0
8,US121->CS9,50579,50579,0
8,US121->CS17,50539,50539,0
8,US121->CS25,50507,50507,0
8,US121->CS33,50747,50747,0
8,US121->CS41,50627,50627,0
8,US121->CS49,50897,50897,0
8,US121->CS57,50162,50162,0
8,US122->CS2,51060,51060,0
8,US122->CS10,50574,50574,0
8,US122->CS18,50439,50439,0
8,US122->CS26,50618,50618,0
8,US122->CS34,50799,50799,0
8,US122->CS42,50466,50466,0
8,US122->CS50,50382,50382,0
8,US122->CS58,50905,50905,0
8,US123->CS3,50832,50832,0
8,US123->CS11,50431,50431,0
8,US123->CS19,50566,50566,0
8,US123->CS27,50649,50649,0
8,US123->CS35,50416,50416,0
8,US123->CS43,50416,50416,0
8,US123->CS51,50545,50545,0
8,US123->CS59,50053,50053,0
8,US124->CS4,50492,50492,0
8,US124->CS12,50507,50507,0
8,US124->CS20,50932,50932,0
8,US124->CS28,50431,50431,0
8,US124->CS36,50577,50577,0
8,US124->CS44,50234,50234,0
8,US124->CS52,50795,50795,0
8,US124->CS60,50435,50435,0
8,US125->CS5,50375,50375,0
8,US125->CS13,51108,51108,0
8,US125->CS21,50619,50619,0
8,US125->CS29,50553,50553,0
8,US125->CS37,50604,50604,0
8,US125->CS45,50716,50716,0
8,US125->CS53,50451,50451,0
8,US125->CS61,51092,51092,0
8,US126->CS6,50836,50836,0
8,US126->CS14,50759,50759,0
8,US126->CS22,51011,51011,0
8,US126->CS30,50271,50271,0
8,US126->CS38,50624,50624,0
8,US126->CS46,50274,50274,0
8,US126->CS54,50731,50731,0
8,US126->CS62,50443,50443,0
8,US127->CS7,51103,51103,0
8,US127->CS15,50267,50267,0
8,US127->CS23,50406,50406,0
8,US127->CS31,50884,50884,0
8,US127->CS39,50397,50397,0
8,US127->CS47,50439,50439,0
8,US127->CS55,50517,50517,0
8,US127->CS63,50730,50730,0
8,CS0->US0,51565,51565,0
8,CS0->US8,50094,50094,0
8,CS0->US16,51126,51126,0
8,CS0->US24,32035,32035,0
8,CS0->US32,0,0,0
8,CS0->US40,52611,52611,0
8,CS0->US48,51599,51599,0
8,CS0->US56,32521,32521,0
8,CS0->US64,0,0,0
8,CS0->US72,50839,50839,0
8,CS0->US80,56839,56839,0
8,CS0->US88,51247,51247,0
8,CS0->US96,0,0,0
8,CS0->US104,0,0,0
8,CS0->US112,54709,54709,0
8,CS0->US120,54263,54263,0
8,CS1->US1,51878,51878,0
8,CS1->US9,50666,50666,0
8,CS1->US17,51106,51106,0
8,CS1->US25,32000,32000,0
8,CS1->US33,0,0,0
8,CS1->US41,52894,52894,0
8,CS1->US49,51590,51590,0
8,CS1->US57,32511,32510,0
8,CS1->US65,0,0,0
8,CS1->US73,50999,50999,0
8,CS1->US81,56473,56473,0
8,CS1->US89,50586,50586,0
8,CS1->US97,0,0,0
8,CS1->US105,0,0,0
8,CS1->US113,54243,54243,0
8,CS1->US121,54399,54399,0
8,CS2->US2,51299,51299,0
8,CS2->US10,50748,50748,0
8,CS2->US18,51206,51206,0
8,CS2->US26,32036,32036,0
8,CS2->US34,0,0,0
8,CS2->US42,53109,53109,0
8,CS2->US50,51275,51275,0
8,CS2->US58,32408,32408,0
8,CS2->US66,0,0,0
8,CS2->US74,50917,50917,0
8,CS2->US82,56864,56864,0
8,CS2->US90,50985,50985,0
8,CS2->US98,0,0,0
8,CS2->US106,0,0,0
8,CS2->US114,54318,54318,0
8,CS2->US122,53913,53913,0
8,CS3->US3,51827,51827,0
8,CS3->US11,50041,50041,0
8,CS3->US19,50971,50971,0
8,CS3->US27,32093,32092,0
8,CS3->US35,0,0,0
8,CS3->US43,53464,53464,0
8,CS3->US51,51734,51734,0
8,CS3->US59,32802,32802,0
8,CS3->US67,0,0,0
8,CS3->US75,51105,51105,0
8,CS3->US83,56301,56301,0
8,CS3->US91,51156,51156,0
8,CS3->US99,0,0,0
8,CS3->US107,0,0,0
8,CS3->US115,54408,54408,0
8,CS3->US123,54648,54648,0
8,CS4->US4,51364,51364,0
8,CS4->US12,50087,50087,0
8,CS4->US20,50725,50725,0
8,CS4->US28,31848,31848,0
8,CS4->US36,0,0,0
8,CS4->US44,53146,53146,0
8,CS4->US52,51609,51609,0
8,CS4->US60,32466,32466,0
8,CS4->US68,0,0,0
8,CS4->US76,50898,50898,0
8,CS4->US84,56714,56714,0
8,CS4->US92,51202,51202,0
8,CS4->US100,0,0,0
8,CS4->US108,0,0,0
8,CS4->US116,54404,54404,0
8,CS4->US124,54535,54535,0
8,CS5->US5,51894,51894,0
8,CS5->US13,50324,50324,0
8,CS5->US21,50515,50515,0
8,CS5->US29,32085,32085,0
8,CS5->US37,0,0,0
8,CS5->US45,52851,52851,0
8,CS5->US53,51314,51314,0
8,CS5->US61,32127,32126,0
8,CS5->US69,0,0,0
8,CS5->US77,50741,50741,0
8,CS5->US85,56612,56612,0
8,CS5->US93,50838,50838,0
8,CS5->US101,0,0,0
8,CS5->US109,0,0,0
8,CS5->US117,55061,55061,0
8,CS5->US125,54059,54059,0
8,CS6->US6,51478,51478,0
8,CS6->US14,50271,50271,0
8,CS6->US22,50990,50990,0
8,CS6->US30,31876,31875,0
8,CS6->US38,0,0,0
8,CS6->US46,52920,52920,0
8,CS6->US54,51253,51253,0
8,CS6->US62,32513,32512,0
8,CS6->US70,0,0,0
8,CS6->US78,50760,50760,0
8,CS6->US86,56412,56412,0
8,CS6->US94,50904,50904,0
8,CS6->US102,0,0,0
8,CS6->US110,0,0,0
8,CS6->US118,54368,54368,0
8,CS6->US126,53952,53952,0
8,CS7->US7,51461,51461,0
8,CS7->US15,50086,50086,0
8,CS7->US23,51297,51297,0
8,CS7->US31,31697,31695,0
8,CS7->US39,0,0,0
8,CS7->US47,53274,53274,0
8,CS7->US55,51569,51569,0
8,CS7->US63,32297,32297,0
8,CS7->US71,0,0,0
8,CS7->US79,50935,50935,0
8,CS7->US87,56858,56858,0
8,CS7->US95,50902,50902,0
8,CS7->US103,0,0,0
8,CS7->US111,0,0,0
8,CS7->US119,54547,54547,0
8,CS7->US127,54432,54432,0
8,CS8->US0,51697,51697,0
8,CS8->US8,50085,50085,0
8,CS8->US16,50386,50386,0
8,CS8->US24,32263,32263,0
8,CS8->US32,0,0,0
8,CS8->US40,52889,52889,0
8,CS8->US48,51076,51076,0
8,CS8->US56,32716,32716,0
8,CS8->US64,0,0,0
8,CS8->US72,51021,51021,0
8,CS8->US80,56711,56711,0
8,CS8->US88,51270,51270,0
8,CS8->US96,0,0,0
8,CS8->US104,0,0,0
8,CS8->US112,54536,54536,0
8,CS8->US120,54669,54669,0
8,CS9->US1,51783,51783,0
8,CS9->US9,50547,50547,0
8,CS9->US17,50780,50780,0
8,CS9->US25,31993,31992,0
8,CS9->US33,0,0,0
8,CS9->US41,53136,53136,0
8,CS9->US49,51092,51092,0
8,CS9->US57,32134,32134,0
8,CS9->US65,0,0,0
8,CS9->US73,51067,51067,0
8,CS9->US81,56607,56607,0
8,CS9->US89,50905,50905,0
8,CS9->US97,0,0,0
8,CS9->US105,0,0,0
8,CS9->US113,54711,54711,0
8,CS9->US121,54536,54536,0
8,CS10->US2,51433,51433,0
8,CS10->US10,50504,50504,0
8,CS10->US18,50783,50783,0
8,CS10->US26,31904,31904,0
8,CS10->US34,0,0,0
8,CS10->US42,53543,53543,0
8,CS10->US50,51454,51454,0
8,CS10->US58,32509,32509,0
8,CS10->US66,0,0,0
8,CS10->US74,51556,51556,0
8,CS10->US82,56837,56837,0
8,CS10->US90,50822,50822,0
8,CS10->US98,0,0,0
8,CS10->US106,0,0,0
8,CS10->US114,54542,54542,0
8,CS10->US122,54353,54353,0
8,CS11->US3,51104,51104,0
8,CS11->US11,50325,50325,0
8,CS11->US19,50630,50630,0
8,CS11->US27,31783,31782,0
8,CS11->US35,0,0,0
8,CS11->US43,53232,53232,0
8,CS11->US51,51774,51774,0
8,CS11->US59,32527,32527,0
8,CS11->US67,0,0,0
8,CS11->US75,50810,50810,0
8,CS11->US83,56774,56774,0
8,CS11->US91,51110,51110,0
8,CS11->US99,0,0,0
8,CS11->US107,0,0,0
8,CS11->US115,54640,54640,0
8,CS11->US123,54251,54251,0
8,CS12->US4,51370,51370,0
8,CS12->US12,50382,50382,0
8,CS12->US20,50680,50680,0
8,CS12->US28,31881,31880,0
8,CS12->US36,0,0,0
8,CS12->US44,52730,52730,0
8,CS12->US52,51574,51574,0
8,CS12->US60,32449,32449,0
8,CS12->US68,0,0,0
8,CS12->US76,51022,51022,0
8,CS12->US84,56876,56876,0
8,CS12->US92,51076,51076,0
8,CS12->US100,0,0,0
8,CS12->US108,0,0,0
8,CS12->US116,54847,54847,0
8,CS12->US124,54291,54291,0
8,CS13->US5,51338,51338,0
8,CS13->US13,50515,50515,0
8,CS13->US21,51263,51263,0
8,CS13->US29,31956,31956,0
8,CS13->US37,0,0,0
8,CS13->US45,53309,53309,0
8,CS13->US53,51649,51649,0
8,CS13->US61,32206,32206,0
8,CS13->US69,0,0,0
8,CS13->US77,50635,50635,0
8,CS13->US85,56346,56346,0
8,CS13->US93,51447,51447,0
8,CS13->US101,0,0,0
8,CS13->US109,0,0,0
8,CS13->US117,54703,54703,0
8,CS13->US125,54517,54517,0
8,CS14->US6,52032,52032,0
8,CS14->US14,50145,50145,0
8,CS14->US22,50849,50849,0
8,CS14->US30,31946,31945,0
8,CS14->US38,0,0,0
8,CS14->US46,52929,52929,0
8,CS14->US54,51644,51644,0
8,CS14->US62,32483,32483,0
8,CS14->US70,0,0,0
8,CS14->US78,50884,50884,0
8,CS14->US86,56726,56726,0
8,CS14->US94,51071,51071,0
8,CS14->US102,0,0,0
8,CS14->US110,0,0,0
8,CS14->US118,54884,54884,0
8,CS14->US126,54320,54320,0
8,CS15->US7,51652,51652,0
8,CS15->US15,50334,50334,0
8,CS15->US23,50411,50411,0
8,CS15->US31,31952,31952,0
8,CS15->US39,0,0,0
8,CS15->US47,53325,53325,0
8,CS15->US55,51482,51482,0
8,CS15->US63,32259,32259,0
8,CS15->US71,0,0,0
8,CS15->US79,51012,51012,0
8,CS15->US87,56675,56675,0
8,CS15->US95,51081,51081,0
8,CS15->US103,0,0,0
8,CS15->US111,0,0,0
8,CS15->US119,54469,54469,0
8,CS15->US127,54295,54295,0
8,CS16->US0,51417,51417,0
8,CS16->US8,49994,49994,0
8,CS16->US16,51016,51016,0
8,CS16->US24,31986,31986,0
8,CS16->US32,0,0,0
8,CS16->US40,52531,52531,0
8,CS16->US48,51163,51163,0
8,CS16->US56,32355,32355,0
8,CS16->US64,0,0,0
8,CS16->US72,51080,51080,0
8,CS16->US80,56477,56477,0
8,CS16->US88,51304,51304,0
8,CS16->US96,0,0,0
8,CS16->US104,0,0,0
8,CS16->US112,54768,54768,0
8,CS16->US120,54377,54377,0
8,CS17->US1,51356,51356,0
8,CS17->US9,50294,50294,0
8,CS17->US17,50788,50788,0
8,CS17->US25,31944,31944,0
8,CS17->US33,0,0,0
8,CS17->US41,52916,52916,0
8,CS17->US49,51609,51609,0
8,CS17->US57,32428,32427,0
8,CS17->US65,0,0,0
8,CS17->US73,50955,50955,0
8,CS17->US81,56687,56687,0
8,CS17->US89,50878,50878,0
8,CS17->US97,0,0,0
8,CS17->US105,0,0,0
8,CS17->US113,54925,54925,0
8,CS17->US121,54426,54426,0
8,CS18->US2,51369,51369,0
8,CS18->US10,50011,50011,0
8,CS18->US18,50606,50606,0
8,CS18->US26,32085,32085,0
8,CS18->US34,0,0,0
8,CS18->US42,53254,53254,0
8,CS18->US50,51404,51404,0
8,CS18->US58,32561,32560,0
8,CS18->US66,0,0,0
8,CS18->US74,51049,51049,0
8,CS18->US82,56592,56592,0
8,CS18->US90,51090,51090,0
8,CS18->US98,0,0,0
8,CS18->US106,0,0,0
8,CS18->US114,54329,54329,0
8,CS18->US122,54323,54323,0
8,CS19->US3,51655,51655,0
8,CS19->US11,50638,50638,0
8,CS19->US19,50756,50756,0
8,CS19->US27,31739,31739,0
8,CS19->US35,0,0,0
8,CS19->US43,52532,52532,0
8,CS19->US51,51469,51469,0
8,CS19->US59,32441,32439,0
8,CS19->US67,0,0,0
8,CS19->US75,51056,51056,0
8,CS19->US83,56435,56435,0
8,CS19->US91,51054,51054,0
8,CS19->US99,0,0,0
8,CS19->US107,0,0,0
8,CS19->US115,54195,54195,0
8,CS19->US123,54230,54230,0
8,CS20->US4,51318,51318,0
8,CS20->US12,50508,50508,0
8,CS20->US20,51053,51053,0
8,CS20->US28,31857,31857,0
8,CS20->US36,0,0,0
8,CS20->US44,52988,52988,0
8,CS20->US52,51410,51410,0
8,CS20->US60,32303,32303,0
8,CS20->US68,0,0,0
8,CS20->US76,50507,50507,0
8,CS20->US84,56486,56486,0
8,CS20->US92,51018,51018,0
8,CS20->US100,0,0,0
8,CS20->US108,0,0,0
8,CS20->US116,54679,54679,0
8,CS20->US124,54338,54338,0
8,CS21->US5,51370,51370,0
8,CS21->US13,50168,50168,0
8,CS21->US21,50840,50840,0
8,CS21->US29,32034,32033,0
8,CS21->US37,0,0,0
8,CS21->US45,52957,52957,0
8,CS21->US53,51458,51458,0
8,CS21->US61,31996,31995,0
8,CS21->US69,0,0,0
8,CS21->US77,51307,51307,0
8,CS21->US85,56229,56229,0
8,CS21->US93,51222,51222,0
8,CS21->US101,0,0,0
8,CS21->US109,0,0,0
8,CS21->US117,54660,54660,0
8,CS21->US125,54534,54534,0
8,CS22->US6,51375,51375,0
8,CS22->US14,50612,50612,0
8,CS22->US22,51130,51130,0
8,CS22->US30,31956,31956,0
8,CS22->US38,0,0,0
8,CS22->US46,52881,52881,0
8,CS22->US54,51478,51478,0
8,CS22->US62,32598,32598,0
8,CS22->US70,0,0,0
8,CS22->US78,50983,50983,0
8,CS22->US86,56852,56852,0
8,CS22->US94,50935,50935,0
8,CS22->US102,0,0,0
8,CS22->US110,0,0,0
8,CS22->US118,54365,54365,0
8,CS22->US126,54663,54663,0
8,CS23->US7,51377,51377,0
8,CS23->US15,50637,50637,0
8,CS23->US23,50579,50579,0
8,CS23->US31,31952,31952,0
8,CS23->US39,0,0,0
8,CS23->US47,52977,52977,0
8,CS23->US55,51290,51290,0
8,CS23->US63,32512,32512,0
8,CS23->US71,0,0,0
8,CS23->US79,50418,50418,0
8,CS23->US87,56863,56863,0
8,CS23->US95,51342,51342,0
8,CS23->US103,0,0,0
8,CS23->US111,0,0,0
8,CS23->US119,54992,54992,0
8,CS23->US127,54553,54553,0
8,CS24->US0,51376,51376,0
8,CS24->US8,50372,50372,0
8,CS24->US16,50778,50778,0
8,CS24->US24,32024,32022,0
8,CS24->US32,0,0,0
8,CS24->US40,53513,53513,0
8,CS24->US48,51397,51397,0
8,CS24->US56,32348,32348,0
8,CS24->US64,0,0,0
8,CS24->US72,51085,51085,0
8,CS24->US80,56446,56446,0
8,CS24->US88,50926,50926,0
8,CS24->US96,0,0,0
8,CS24->US104,0,0,0
8,CS24->US112,54855,54855,0
8,CS24->US120,54493,54493,0
8,CS25->US1,51099,51099,0
8,CS25->US9,50258,50258,0
8,CS25->US17,50682,50682,0
8,CS25->US25,31900,31900,0
8,CS25->US33,0,0,0
8,CS25->US41,53080,53080,0
8,CS25->US49,51470,51470,0
8,CS25->US57,32422,32422,0
8,CS25->US65,0,0,0
8,CS25->US73,51007,51007,0
8,CS25->US81,56712,56712,0
8,CS25->US89,51276,51276,0
8,CS25->US97,0,0,0
8,CS25->US105,0,0,0
8,CS25->US113,54854,54854,0
8,CS25->US121,54231,54231,0
8,CS26->US2,51392,51392,0
8,CS26->US10,50799,50799,0
8,CS26->US18,50795,50795,0
8,CS26->US26,31976,31975,0
8,CS26->US34,0,0,0
8,CS26->US42,52779,52779,0
8,CS26->US50,51191,51191,0
8,CS26->US58,32620,32620,0
8,CS26->US66,0,0,0
8,CS26->US74,51005,51005,0
8,CS26->US82,56543,56543,0
8,CS26->US90,51087,51087,0
8,CS26->US98,0,0,0
8,CS26->US106,0,0,0
8,CS26->US114,54548,54548,0
8,CS26->US122,54347,54347,0
8,CS27->US3,51638,51638,0
8,CS27->US11,50998,50998,0
8,CS27->US19,50812,50812,0
8,CS27->US27,31803,31802,0
8,CS27->US35,0,0,0
8,CS27->US43,52708,52708,0
8,CS27->US51,51575,51575,0
8,CS27->US59,32490,32490,0
8,CS27->US67,0,0,0
8,CS27->US75,51038,51038,0
8,CS27->US83,56790,56790,0
8,CS27->US91,50860,50860,0
8,CS27->US99,0,0,0
8,CS27->US107,0,0,0
8,CS27->US115,54661,54661,0
8,CS27->US123,54328,54328,0
8,CS28->US4,51321,51321,0
8,CS28->US12,50263,50263,0
8,CS28->US20,50665,50665,0
8,CS28->US28,31458,31457,0
8,CS28->US36,0,0,0
8,CS28->US44,52951,52951,0
8,CS28->US52,51115,51115,0
8,CS28->US60,32663,32662,0
8,CS28->US68,0,0,0
8,CS28->US76,51046,51046,0
8,CS28->US84,56388,56388,0
8,CS28->US92,51185,51185,0
8,CS28->US100,0,0,0
8,CS28->US108,0,0,0
8,CS28->US116,54368,54368,0
8,CS28->US124,54839,54839,0
8,CS29->US5,51448,51448,0
8,CS29->US13,49963,49963,0
8,CS29->US21,50741,50741,0
8,CS29->US29,32148,32148,0
8,CS29->US37,0,0,0
8,CS29->US45,53173,53173,0
8,CS29->US53,51270,51270,0
8,CS29->US61,32311,32310,0
8,CS29->US69,0,0,0
8,CS29->US77,51008,51008,0
8,CS29->US85,56352,56352,0
8,CS29->US93,50934,50934,0
8,CS29->US101,0,0,0
8,CS29->US109,0,0,0
8,CS29->US117,54888,54888,0
8,CS29->US125,54432,54432,0
8,CS30->US6,51533,51533,0
8,CS30->US14,50550,50550,0
8,CS30->US22,50519,50519,0
8,CS30->US30,31727,31727,0
8,CS30->US38,0,0,0
8,CS30->US46,52968,52968,0
8,CS30->US54,51550,51550,0
8,CS30->US62,32456,32455,0
8,CS30->US70,0,0,0
8,CS30->US78,50929,50929,0
8,CS30->US86,56486,56486,0
8,CS30->US94,51051,51051,0
8,CS30->US102,0,0,0
8,CS30->US110,0,0,0
8,CS30->US118,54986,54986,0
8,CS30->US126,54453,54453,0
8,CS31->US7,51574,51574,0
8,CS31->US15,50409,50409,0
8,CS31->US23,51112,51112,0
8,CS31->US31,32330,32330,0
8,CS31->US39,0,0,0
8,CS31->US47,53164,53164,0
8,CS31->US55,51392,51392,0
8,CS31->US63,32472,32472,0
8,CS31->US71,0,0,0
8,CS31->US79,51077,51077,0
8,CS31->US87,56389,56389,0
8,CS31->US95,51123,51123,0
8,CS31->US103,0,0,0
8,CS31->US111,0,0,0
8,CS31->US119,55115,55115,0
8,CS31->US127,54258,54258,0
8,CS32->US0,51219,51219,0
8,CS32->US8,50416,50416,0
8,CS32->US16,50946,50946,0
8,CS32->US24,32183,32182,0
8,CS32->US32,0,0,0
8,CS32->US40,52866,52866,0
8,CS32->US48,51367,51367,0
8,CS32->US56,32781,32778,0
8,CS32->US64,0,0,0
8,CS32->US72,51007,51007,0
8,CS32->US80,56887,56887,0
8,CS32->US88,50818,50818,0
8,CS32->US96,0,0,0
8,CS32->US104,0,0,0
8,CS32->US112,54607,54607,0
8,CS32->US120,54250,54250,0
8,CS33->US1,51556,51556,0
8,CS33->US9,50408,50408,0
8,CS33->US17,50978,50978,0
8,CS33->US25,31914,31914,0
8,CS33->US33,0,0,0
8,CS33->US41,53082,53082,0
8,CS33->US49,51553,51553,0
8,CS33->US57,32515,32514,0
8,CS33->US65,0,0,0
8,CS33->US73,50697,50697,0
8,CS33->US81,56918,56918,0
8,CS33->US89,50897,50897,0
8,CS33->US97,0,0,0
8,CS33->US105,0,0,0
8,CS33->US113,54779,54779,0
8,CS33->US121,54552,54552,0
8,CS34->US2,51476,51476,0
8,CS34->US10,50325,50325,0
8,CS34->US18,50947,50947,0
8,CS34->US26,32011,32010,0
8,CS34->US34,0,0,0
8,CS34->US42,53150,53150,0
8,CS34->US50,51281,51281,0
8,CS34->US58,32302,32302,0
8,CS34->US66,0,0,0
8,CS34->US74,50756,50756,0
8,CS34->US82,56968,56968,0
8,CS34->US90,50976,50976,0
8,CS34->US98,0,0,0
8,CS34->US106,0,0,0
8,CS34->US114,54414,54414,0
8,CS34->US122,53825,53825,0
8,CS35->US3,51717,51717,0
8,CS35->US11,50463,50463,0
8,CS35->US19,50591,50591,0
8,CS35->US27,31854,31854,0
8,CS35->US35,0,0,0
8,CS35->US43,52927,52927,0
8,CS35->US51,51210,51210,0
8,CS35->US59,32553,32552,0
8,CS35->US67,0,0,0
8,CS35->US75,50526,50526,0
8,CS35->US83,56232,56232,0
8,CS35->US91,50747,50747,0
8,CS35->US99,0,0,0
8,CS35->US107,0,0,0
8,CS35->US115,54788,54788,0
8,CS35->US123,54641,54641,0
8,CS36->US4,51655,51655,0
8,CS36->US12,50391,50391,0
8,CS36->US20,50749,50749,0
8,CS36->US28,32083,32083,0
8,CS36->US36,0,0,0
8,CS36->US44,53318,53318,0
8,CS36->US52,51348,51348,0
8,CS36->US60,32538,32538,0
8,CS36->US68,0,0,0
8,CS36->US76,50845,50845,0
8,CS36->US84,56692,56692,0
8,CS36->US92,50977,50977,0
8,CS36->US100,0,0,0
8,CS36->US108,0,0,0
8,CS36->US116,54513,54513,0
8,CS36->US124,54391,54391,0
8,CS37->US5,51251,51251,0
8,CS37->US13,50436,50436,0
8,CS37->US21,50760,50760,0
8,CS37->US29,31809,31808,0
8,CS37->US37,0,0,0
8,CS37->US45,52915,52915,0
8,CS37->US53,51585,51585,0
8,CS37->US61,32524,32524,0
8,CS37->US69,0,0,0
8,CS37->US77,51072,51072,0
8,CS37->US85,56648,56648,0
8,CS37->US93,50777,50777,0
8,CS37->US101,0,0,0
8,CS37->US109,0,0,0
8,CS37->US117,54643,54643,0
8,CS37->US125,54107,54107,0
8,CS38->US6,51429,51429,0
8,CS38->US14,50219,50219,0
8,CS38->US22,50796,50796,0
8,CS38->US30,31701,31701,0
8,CS38->US38,0,0,0
8,CS38->US46,52983,52983,0
8,CS38->US54,51154,51154,0
8,CS38->US62,32446,32445,0
8,CS38->US70,0,0,0
8,CS38->US78,51032,51032,0
8,CS38->US86,57175,57175,0
8,CS38->US94,50449,50449,0
8,CS38->US102,0,0,0
8,CS38->US110,0,0,0
8,CS38->US118,54197,54197,0
8,CS38->US126,54460,54460,0
8,CS39->US7,51395,51395,0
8,CS39->US15,50605,50605,0
8,CS39->US23,50635,50635,0
8,CS39->US31,32053,32053,0
8,CS39->US39,0,0,0
8,CS39->US47,53062,53062,0
8,CS39->US55,51422,51422,0
8,CS39->US63,32703,32703,0
8,CS39->US71,0,0,0
8,CS39->US79,51404,51404,0
8,CS39->US87,56592,56592,0
8,CS39->US95,51307,51307,0
8,CS39->US103,0,0,0
8,CS39->US111,0,0,0
8,CS39->US119,54887,54887,0
8,CS39->US127,54495,54495,0
8,CS40->US0,51739,51739,0
8,CS40->US8,50604,50604,0
8,CS40->US16,51244,51244,0
8,CS40->US24,31974,31972,0
8,CS40->US32,0,0,0
8,CS40->US40,52798,52798,0
8,CS40->US48,51560,51560,0
8,CS40->US56,32398,32398,0
8,CS40->US64,0,0,0
8,CS40->US72,51336,51336,0
8,CS40->US80,56778,56778,0
8,CS40->US88,51081,51081,0
8,CS40->US96,0,0,0
8,CS40->US104,0,0,0
8,CS40->US112,54814,54814,0
8,CS40->US120,54329,54329,0
8,CS41->US1,51610,51610,0
8,CS41->US9,50075,50075,0
8,CS41->US17,50828,50828,0
8,CS41->US25,32063,32063,0
8,CS41->US33,0,0,0
8,CS41->US41,52774,52774,0
8,CS41->US49,51678,51678,0
8,CS41->US57,32425,32424,0
8,CS41->US65,0,0,0
8,CS41->US73,50819,50819,0
8,CS41->US81,56952,56952,0
8,CS41->US89,51150,51150,0
8,CS41->US97,0,0,0
8,CS41->US105,0,0,0
8,CS41->US113,54637,54637,0
8,CS41->US121,54447,54447,0
8,CS42->US2,51387,51387,0
8,CS42->US10,50293,50293,0
8,CS42->US18,50703,50703,0
8,CS42->US26,31517,31517,0
8,CS42->US34,0,0,0
8,CS42->US42,53080,53080,0
8,CS42->US50,51460,51460,0
8,CS42->US58,32704,32704,0
8,CS42->US66,0,0,0
8,CS42->US74,50685,50685,0
8,CS42->US82,56783,56783,0
8,CS42->US90,51058,51058,0
8,CS42->US98,0,0,0
8,CS42->US106,0,0,0
8,CS42->US114,54858,54858,0
8,CS42->US122,54600,54600,0
8,CS43->US3,51586,51586,0
8,CS43->US11,50127,50127,0
8,CS43->US19,50624,50624,0
8,CS43->US27,31741,31740,0
8,CS43->US35,0,0,0
8,CS43->US43,53238,53238,0
8,CS43->US51,51904,51904,0
8,CS43->US59,32673,32673,0
8,CS43->US67,0,0,0
8,CS43->US75,51291,51291,0
8,CS43->US83,56679,56679,0
8,CS43->US91,51121,51121,0
8,CS43->US99,0,0,0
8,CS43->US107,0,0,0
8,CS43->US115,54720,54720,0
8,CS43->US123,54223,54223,0
8,CS44->US4,51978,51978,0
8,CS44->US12,50668,50668,0
8,CS44->US20,50451,50451,0
8,CS44->US28,31840,31839,0
8,CS44->US36,0,0,0
8,CS44->US44,52774,52774,0
8,CS44->US52,51374,51374,0
8,CS44->US60,32403,32402,0
8,CS44->US68,0,0,0
8,CS44->US76,50996,50996,0
8,CS44->US84,56466,56466,0
8,CS44->US92,50991,50991,0
8,CS44->US100,0,0,0
8,CS44->US108,0,0,0
8,CS44->US116,54387,54387,0
8,CS44->US124,54185,54185,0
8,CS45->US5,51547,51547,0
8,CS45->US13,50659,50659,0
8,CS45->US21,50914,50914,0
8,CS45->US29,31995,31995,0
8,CS45->US37,0,0,0
8,CS45->US45,52821,52821,0
8,CS45->US53,51355,51355,0
8,CS45->US61,32272,32272,0
8,CS45->US69,0,0,0
8,CS45->US77,50723,50723,0
8,CS45->US85,56297,56297,0
8,CS45->US93,51005,51005,0
8,CS45->US101,0,0,0
8,CS45->US109,0,0,0
8,CS45->US117,54656,54656,0
8,CS45->US125,54348,54348,0
8,CS46->US6,51776,51776,0
8,CS46->US14,51041,51041,0
8,CS46->US22,50448,50448,0
8,CS46->US30,32159,32159,0
8,CS46->US38,0,0,0
8,CS46->US46,52961,52961,0
8,CS46->US54,51698,51698,0
8,CS46->US62,32608,32608,0
8,CS46->US70,0,0,0
8,CS46->US78,51187,51187,0
8,CS46->US86,56839,56839,0
8,CS46->US94,50844,50844,0
8,CS46->US102,0,0,0
8,CS46->US110,0,0,0
8,CS46->US118,54656,54656,0
8,CS46->US126,54278,54278,0
8,CS47->US7,51533,51533,0
8,CS47->US15,50110,50110,0
8,CS47->US23,50684,50684,0
8,CS47->US31,32016,32016,0
8,CS47->US39,0,0,0
8,CS47->US47,53063,53063,0
8,CS47->US55,51686,51686,0
8,CS47->US63,32543,32543,0
8,CS47->US71,0,0,0
8,CS47->US79,51171,51171,0
8,CS47->US87,56823,56823,0
8,CS47->US95,51067,51067,0
8,CS47->US103,0,0,0
8,CS47->US111,0,0,0
8,CS47->US119,54568,54568,0
8,CS47->US127,54080,54080,0
8,CS48->US0,51153,51153,0
8,CS48->US8,49963,49963,0
8,CS48->US16,50966,50966,0
8,CS48->US24,31996,31996,0
8,CS48->US32,0,0,0
8,CS48->US40,52819,52819,0
8,CS48->US48,51659,51659,0
8,CS48->US56,32200,32200,0
8,CS48->US64,0,0,0
8,CS48->US72,50906,50906,0
8,CS48->US80,56743,56743,0
8,CS48->US88,50894,50894,0
8,CS48->US96,0,0,0
8,CS48->US104,0,0,0
8,CS48->US112,54907,54907,0
8,CS48->US120,54729,54729,0
8,CS49->US1,51540,51540,0
8,CS49->US9,50240,50240,0
8,CS49->US17,51083,51083,0
8,CS49->US25,31818,31817,0
8,CS49->US33,0,0,0
8,CS49->US41,52789,52789,0
8,CS49->US49,51391,51391,0
8,CS49->US57,32206,32205,0
8,CS49->US65,0,0,0
8,CS49->US73,50605,50605,0
8,CS49->US81,56936,56936,0
8,CS49->US89,50852,50852,0
8,CS49->US97,0,0,0
8,CS49->US105,0,0,0
8,CS49->US113,54684,54684,0
8,CS49->US121,54522,54522,0
8,CS50->US2,51446,51446,0
8,CS50->US10,50579,50579,0
8,CS50->US18,50572,50572,0
8,CS50->US26,32191,32191,0
8,CS50->US34,0,0,0
8,CS50->US42,53426,53426,0
8,CS50->US50,51666,51666,0
8,CS50->US58,32734,32734,0
8,CS50->US66,0,0,0
8,CS50->US74,50993,50993,0
8,CS50->US82,56331,56331,0
8,CS50->US90,51007,51007,0
8,CS50->US98,0,0,0
8,CS50->US106,0,0,0
8,CS50->US114,54109,54109,0
8,CS50->US122,54204,54204,0
8,CS51->US3,51229,51229,0
8,CS51->US11,50149,50149,0
8,CS51->US19,50735,50735,0
8,CS51->US27,31912,31912,0
8,CS51->US35,0,0,0
8,CS51->US43,53341,53341,0
8,CS51->US51,51897,51897,0
8,CS51->US59,32290,32290,0
8,CS51->US67,0,0,0
8,CS51->US75,51179,51179,0
8,CS51->US83,56631,56631,0
8,CS51->US91,51186,51186,0
8,CS51->US99,0,0,0
8,CS51->US107,0,0,0
8,CS51->US115,54660,54660,0
8,CS51->US123,54684,54684,0
8,CS52->US4,51618,51618,0
8,CS52->US12,50364,50364,0
8,CS52->US20,50946,50946,0
8,CS52->US28,31922,31920,0
8,CS52->US36,0,0,0
8,CS52->US44,52696,52696,0
8,CS52->US52,51776,51776,0
8,CS52->US60,32336,32334,0
8,CS52->US68,0,0,0
8,CS52->US76,51213,51213,0
8,CS52->US84,56770,56770,0
8,CS52->US92,50860,50860,0
8,CS52->US100,0,0,0
8,CS52->US108,0,0,0
8,CS52->US116,54582,54582,0
8,CS52->US124,54260,54260,0
8,CS53->US5,51134,51134,0
8,CS53->US13,50526,50526,0
8,CS53->US21,50636,50636,0
8,CS53->US29,31759,31759,0
8,CS53->US37,0,0,0
8,CS53->US45,53177,53177,0
8,CS53->US53,51299,51299,0
8,CS53->US61,32260,32259,0
8,CS53->US69,0,0,0
8,CS53->US77,51307,51307,0
8,CS53->US85,56514,56514,0
8,CS53->US93,50824,50824,0
8,CS53->US101,0,0,0
8,CS53->US109,0,0,0
8,CS53->US117,54628,54628,0
8,CS53->US125,54445,54445,0
8,CS54->US6,51447,51447,0
8,CS54->US14,50292,50292,0
8,CS54->US22,50932,50932,0
8,CS54->US30,31985,31985,0
8,CS54->US38,0,0,0
8,CS54->US46,53229,53229,0
8,CS54->US54,51875,51875,0
8,CS54->US62,32672,32670,0
8,CS54->US70,0,0,0
8,CS54->US78,50689,50689,0
8,CS54->US86,56294,56294,0
8,CS54->US94,50704,50704,0
8,CS54->US102,0,0,0
8,CS54->US110,0,0,0
8,CS54->US118,54648,54648,0
8,CS54->US126,53920,53920,0
8,CS55->US7,51465,51465,0
8,CS55->US15,50246,50246,0
8,CS55->US23,50718,50718,0
8,CS55->US31,31716,31716,0
8,CS55->US39,0,0,0
8,CS55->US47,52945,52945,0
8,CS55->US55,51387,51387,0
8,CS55->US63,32527,32527,0
8,CS55->US71,0,0,0
8,CS55->US79,50338,50338,0
8,CS55->US87,56755,56755,0
8,CS55->US95,50968,50968,0
8,CS55->US103,0,0,0
8,CS55->US111,0,0,0
8,CS55->US119,54687,54687,0
8,CS55->US127,54149,54149,0
8,CS56->US0,51177,51177,0
8,CS56->US8,50389,50389,0
8,CS56->US16,50701,50701,0
8,CS56->US24,31825,31825,0
8,CS56->US32,0,0,0
8,CS56->US40,53242,53242,0
8,CS56->US48,51396,51396,0
8,CS56->US56,32402,32402,0
8,CS56->US64,0,0,0
8,CS56->US72,50940,50940,0
8,CS56->US80,56468,56468,0
8,CS56->US88,50717,50717,0
8,CS56->US96,0,0,0
8,CS56->US104,0,0,0
8,CS56->US112,54091,54091,0
8,CS56->US120,54329,54329,0
8,CS57->US1,51573,51573,0
8,CS57->US9,50461,50461,0
8,CS57->US17,50335,50335,0
8,CS57->US25,31918,31917,0
8,CS57->US33,0,0,0
8,CS57->US41,53054,53054,0
8,CS57->US49,51222,51222,0
8,CS57->US57,32673,32673,0
8,CS57->US65,0,0,0
8,CS57->US73,51180,51180,0
8,CS57->US81,56532,56532,0
8,CS57->US89,51165,51165,0
8,CS57->US97,0,0,0
8,CS57->US105,0,0,0
8,CS57->US113,54447,54447,0
8,CS57->US121,54075,54075,0
8,CS58->US2,51602,51602,0
8,CS58->US10,50630,50630,0
8,CS58->US18,51077,51077,0
8,CS58->US26,31960,31960,0
8,CS58->US34,0,0,0
8,CS58->US42,53160,53160,0
8,CS58->US50,51554,51554,0
8,CS58->US58,32904,32904,0
8,CS58->US66,0,0,0
8,CS58->US74,50911,50911,0
8,CS58->US82,56827,56827,0
8,CS58->US90,51098,51098,0
8,CS58->US98,0,0,0
8,CS58->US106,0,0,0
8,CS58->US114,54377,54377,0
8,CS58->US122,54083,54083,0
8,CS59->US3,51724,51724,0
8,CS59->US11,50578,50578,0
8,CS59->US19,50240,50240,0
8,CS59->US27,32126,32126,0
8,CS59->US35,0,0,0
8,CS59->US43,52860,52860,0
8,CS59->US51,51289,51289,0
8,CS59->US59,32614,32614,0
8,CS59->US67,0,0,0
8,CS59->US75,50935,50935,0
8,CS59->US83,56521,56521,0
8,CS59->US91,50935,50935,0
8,CS59->US99,0,0,0
8,CS59->US107,0,0,0
8,CS59->US115,54435,54435,0
8,CS59->US123,53902,53902,0
8,CS60->US4,51352,51352,0
8,CS60->US12,50156,50156,0
8,CS60->US20,50587,50587,0
8,CS60->US28,32199,32199,0
8,CS60->US36,0,0,0
8,CS60->US44,53062,53062,0
8,CS60->US52,51818,51818,0
8,CS60->US60,32457,32457,0
8,CS60->US68,0,0,0
8,CS60->US76,51369,51369,0
8,CS60->US84,56550,56550,0
8,CS60->US92,50742,50742,0
8,CS60->US100,0,0,0
8,CS60->US108,0,0,0
8,CS60->US116,54809,54809,0
8,CS60->US124,53695,53695,0
8,CS61->US5,51262,51262,0
8,CS61->US13,50212,50212,0
8,CS61->US21,51241,51241,0
8,CS61->US29,31948,31947,0
8,CS61->US37,0,0,0
8,CS61->US45,52995,52995,0
8,CS61->US53,51978,51978,0
8,CS61->US61,32405,32405,0
8,CS61->US69,0,0,0
8,CS61->US77,50878,50878,0
8,CS61->US85,56724,56724,0
8,CS61->US93,51188,51188,0
8,CS61->US101,0,0,0
8,CS61->US109,0,0,0
8,CS61->US117,54635,54635,0
8,CS61->US125,53920,53920,0
8,CS62->US6,51232,51232,0
8,CS62->US14,49997,49997,0
8,CS62->US22,50634,50634,0
8,CS62->US30,31988,31987,0
8,CS62->US38,0,0,0
8,CS62->US46,52706,52706,0
8,CS62->US54,51362,51362,0
8,CS62->US62,32340,32338,0
8,CS62->US70,0,0,0
8,CS62->US78,50902,50902,0
8,CS62->US86,56463,56463,0
8,CS62->US94,50971,50971,0
8,CS62->US102,0,0,0
8,CS62->US110,0,0,0
8,CS62->US118,54416,54416,0
8,CS62->US126,54256,54256,0
8,CS63->US7,51068,51068,0
8,CS63->US15,50343,50343,0
8,CS63->US23,50918,50918,0
8,CS63->US31,32108,32107,0
8,CS63->US39,0,0,0
8,CS63->US47,53166,53166,0
8,CS63->US55,51864,51864,0
8,CS63->US63,32619,32619,0
8,CS63->US71,0,0,0
8,CS63->US79,51018,51018,0
8,CS63->US87,56958,56958,0
8,CS63->US95,51073,51073,0
8,CS63->US103,0,0,0
8,CS63->US111,0,0,0
8,CS63->US119,54547,54547,0
8,CS63->US127,54251,54251,0
9,US0->CS0,51863,51863,0
9,US0->CS8,51346,51346,0
9,US0->CS16,51465,51465,0
9,US0->CS24,51668,51668,0
9,US0->CS32,51703,51703,0
9,US0->CS40,51826,51826,0
9,US0->CS48,51938,51938,0
9,US0->CS56,51716,51716,0
9,US1->CS1,51851,51851,0
9,US1->CS9,51370,51370,0
9,US1->CS17,51895,51895,0
9,US1->CS25,51740,51740,0
9,US1->CS33,51857,51857,0
9,US1->CS41,51957,51957,0
9,US1->CS49,51615,51615,0
9,US1->CS57,51526,51526,0
9,US2->CS2,51557,51557,0
9,US2->CS10,51712,51712,0
9,US2->CS18,51670,51670,0
9,US2->CS26,51489,51489,0
9,US2->CS34,51528,51528,0
9,US2->CS42,51746,51746,0
9,US2->CS50,51945,51945,0
9,US2->CS58,51806,51806,0
9,US3->CS3,51998,51998,0
9,US3->CS11,52090,52090,0
9,US3->CS19,51678,51678,0
9,US3->CS27,51871,51871,0
9,US3->CS35,51518,51518,0
9,US3->CS43,52162,52162,0
9,US3->CS51,52150,52150,0
9,US3->CS59,51526,51526,0
9,US4->CS4,51892,51892,0
9,US4->CS12,51869,51869,0
9,US4->CS20,51711,51711,0
9,US4->CS28,51422,51422,0
9,US4->CS36,51660,51660,0
9,US4->CS44,51653,51653,0
9,US4->CS52,52036,52036,0
9,US4->CS60,52119,52119,0
9,US5->CS5,51581,51581,0
9,US5->CS13,51906,51906,0
9,US5->CS21,51758,51758,0
9,US5->CS29,51502,51502,0
9,US5->CS37,51893,51893,0
9,US5->CS45,51628,51628,0
9,US5->CS53,51570,51570,0
9,US5->CS61,52207,52207,0
9,US6->CS6,51591,51591,0
9,US6->CS14,51890,51890,0
9,US6->CS22,51720,51720,0
9,US6->CS30,51858,51858,0
9,US6->CS38,51421,51421,0
9,US6->CS46,52011,52011,0
9,US6->CS54,52135,52135,0
9,US6->CS62,51659,51659,0
9,US7->CS7,51882,51882,0
9,US7->CS15,51760,51760,0
9,US7->CS23,51524,51524,0
9,US7->CS31,51690,51690,0
9,US7->CS39,51701,51701,0
9,US7->CS47,51940,51940,0
9,US7->CS55,51712,51712,0
9,US7->CS63,52127,52127,0
9,US8->CS0,56967,56967,0
9,US8->CS8,56790,56790,0
9,US8->CS16,56612,56612,0
9,US8->CS24,56539,56539,0
9,US8->CS32,57008,57008,0
9,US8->CS40,56901,56901,0
9,US8->CS48,56867,56867,0
9,US8->CS56,56623,56623,0
9,US9->CS1,56570,56570,0
9,US9->CS9,56786,56786,0
9,US9->CS17,56819,56819,0
9,US9->CS25,56756,56756,0
9,US9->CS33,57089,57089,0
9,US9->CS41,57086,57086,0
9,US9->CS49,57047,57047,0
9,US9->CS57,56622,56622,0
9,US10->CS2,56979,56979,0
9,US10->CS10,56942,56942,0
9,US10->CS18,56711,56711,0
9,US10->CS26,56671,56671,0
9,US10->CS34,57094,57094,0
9,US10->CS42,56947,56947,0
9,US10->CS50,56487,56487,0
9,US10->CS58,56912,56912,0
9,US11->CS3,56381,56381,0
9,US11->CS11,56911,56911,0
9,US11->CS19,56598,56598,0
9,US11->CS27,56888,56888,0
9,US11->CS35,56287,56287,0
9,US11->CS43,56802,56802,0
9,US11->CS51,56813,56813,0
9,US11->CS59,56694,56694,0
9,US12->CS4,56840,56840,0
9,US12->CS12,57053,57053,0
9,US12->CS20,56577,56577,0
9,US12->CS28,56457,56457,0
9,US12->CS36,56791,56791,0
9,US12->CS44,56654,56654,0
9,US12->CS52,56880,56880,0
9,US12->CS60,56637,56637,0
9,US13->CS5,56725,56725,0
9,US13->CS13,56447,56447,0
9,US13->CS21,56374,56374,0
9,US13->CS29,56472,56472,0
9,US13->CS37,56781,56781,0
9,US13->CS45,56417,56417,0
9,US13->CS53,56674,56674,0
9,US13->CS61,56815,56815,0
9,US14->CS6,56526,56526,0
9,US14->CS14,56860,56860,0
9,US14->CS22,56974,56974,0
9,US14->CS30,56662,56662,0
9,US14->CS38,57278,57278,0
9,US14->CS46,56955,56955,0
9,US14->CS54,56419,56419,0
9,US14->CS62,56555,56555,0
9,US15->CS7,56993,56993,0
9,US15->CS15,56792,56792,0
9,US15->CS23,56995,56995,0
9,US15->CS31,56512,56512,0
9,US15->CS39,56708,56708,0
9,US15->CS47,56991,56991,0
9,US15->CS55,56892,56892,0
9,US15->CS63,57104,57104,0
9,US16->CS0,54369,54369,0
9,US16->CS8,54723,54723,0
9,US16->CS16,54521,54521,0
9,US16->CS24,54613,54613,0
9,US16->CS32,54393,54393,0
9,US16->CS40,54448,54448,0
9,US16->CS48,54817,54817,0
9,US16->CS56,54469,54469,0
9,US17->CS1,54547,54547,0
9,US17->CS9,54692,54692,0
9,US17->CS17,54463,54463,0
9,US17->CS25,54439,54439,0
9,US17->CS33,54647,54647,0
9,US17->CS41,54568,54568,0
9,US17->CS49,54561,54561,0
9,US17->CS57,54219,54219,0
9,US18->CS2,53991,53991,0
9,US18->CS10,54462,54462,0
9,US18->CS18,54469,54469,0
9,US18->CS26,54412,54412,0
9,US18->CS34,53908,53908,0
9,US18->CS42,54723,54723,0
9,US18->CS50,54370,54370,0
9,US18->CS58,54150,54150,0
9,US19->CS3,54737,54737,0
9,US19->CS11,54306,54306,0
9,US19->CS19,54308,54308,0
9,US19->CS27,54381,54381,0
9,US19->CS35,54724,54724,0
9,US19->CS43,54311,54311,0
9,US19->CS51,54774,54774,0
9,US19->CS59,54024,54024,0
9,US20->CS4,54646,54646,0
9,US20->CS12,54484,54484,0
9,US20->CS20,54390,54390,0
9,US20->CS28,54932,54932,0
9,US20->CS36,54460,54460,0
9,US20->CS44,54281,54281,0
9,US20->CS52,54328,54328,0
9,US20->CS60,53783,53783,0
9,US21->CS5,54166,54166,0
9,US21->CS13,54568,54568,0
9,US21->CS21,54662,54662,0
9,US21->CS29,54509,54509,0
9,US21->CS37,54283,54283,0
9,US21->CS45,54415,54415,0
9,US21->CS53,54535,54535,0
9,US21->CS61,54063,54063,0
9,US22->CS6,54059,54059,0
9,US22->CS14,54469,54469,0
9,US22->CS22,54782,54782,0
9,US22->CS30,54540,54540,0
9,US22->CS38,54585,54585,0
9,US22->CS46,54327,54327,0
9,US22->CS54,54008,54008,0
9,US22->CS62,54347,54347,0
9,US23->CS7,54535,54535,0
9,US23->CS15,54464,54464,0
9,US23->CS23,54684,54684,0
9,US23->CS31,54426,54426,0
9,US23->CS39,54589,54589,0
9,US23->CS47,54230,54230,0
9,US23->CS55,54231,54231,0
9,US23->CS63,54331,54331,0
9,US24->CS0,50823,50823,0
9,US24->CS8,50966,50966,0
9,US24->CS16,50392,50392,0
9,US24->CS24,50841,50841,0
9,US24->CS32,50827,50827,0
9,US24->CS40,50654,50654,0
9,US24->CS48,50375,50375,0
9,US24->CS56,50617,50617,0
9,US25->CS1,50677,50677,0
9,US25->CS9,50233,50233,0
9,US25->CS17,50610,50610,0
9,US25->CS25,50481,50481,0
9,US25->CS33,50660,50660,0
9,US25->CS41,50552,50552,0
9,US25->CS49,50401,50401,0
9,US25->CS57,51021,51021,0
9,US26->CS2,50443,50443,0
9,US26->CS10,50766,50766,0
9,US26->CS18,50953,50953,0
9,US26->CS26,50755,50755,0
9,US26->CS34,50610,50610,0
9,US26->CS42,50937,50937,0
9,US26->CS50,50935,50935,0
9,US26->CS58,51085,51085,0
9,US27->CS3,50969,50969,0
9,US27->CS11,50877,50877,0
9,US27->CS19,50504,50504,0
9,US27->CS27,50720,50720,0
9,US27->CS35,50802,50802,0
9,US27->CS43,50929,50929,0
9,US27->CS51,50534,50534,0
9,US27->CS59,50650,50650,0
9,US28->CS4,50702,50702,0
9,US28->CS12,50643,50643,0
9,US28->CS20,50563,50563,0
9,US28->CS28,50900,50900,0
9,US28->CS36,50544,50544,0
9,US28->CS44,50370,50370,0
9,US28->CS52,50430,50430,0
9,US28->CS60,50725,50725,0
9,US29->CS5,50082,50082,0
9,US29->CS13,50262,50262,0
9,US29->CS21,50233,50233,0
9,US29->CS29,50474,50474,0
9,US29->CS37,50321,50321,0
9,US29->CS45,50421,50421,0
9,US29->CS53,50442,50442,0
9,US29->CS61,50904,50904,0
9,US30->CS6,50638,50638,0
9,US30->CS14,50490,50490,0
9,US30->CS22,50924,50924,0
9,US30->CS30,50603,50603,0
9,US30->CS38,50647,50647,0
9,US30->CS46,50903,50903,0
9,US30->CS54,50952,50952,0
9,US30->CS62,50501,50501,0
9,US31->CS7,50260,50260,0
9,US31->CS15,50675,50675,0
9,US31->CS23,50647,50647,0
9,US31->CS31,50607,50607,0
9,US31->CS39,50532,50532,0
9,US31->CS47,50914,50914,0
9,US31->CS55,50578,50578,0
9,US31->CS63,50693,50693,0
9,US32->CS0,0,0,0
9,US32->CS8,0,0,0
9,US32->CS16,0,0,0
9,US32->CS24,0,0,0
9,US32->CS32,0,0,0
9,US32->CS40,0,0,0
9,US32->CS48,0,0,0
9,US32->CS56,0,0,0
9,US33->CS1,0,0,0
9,US33->CS9,0,0,0
9,US33->CS17,0,0,0
9,US33->CS25,0,0,0
9,US33->CS33,0,0,0
9,US33->CS41,0,0,0
9,US33->CS49,0,0,0
9,US33->CS57,0,0,0
9,US34->CS2,0,0,0
9,US34->CS10,0,0,0
9,US34->CS18,0,0,0
9,US34->CS26,0,0,0
9,US34->CS34,0,0,0
9,US34->CS42,0,0,0
9,US34->CS50,0,0,0
9,US34->CS58,0,0,0
9,US35->CS3,0,0,0
9,US35->CS11,0,0,0
9,US35->CS19,0,0,0
9,US35->CS27,0,0,0
9,US35->CS35,0,0,0
9,US35->CS43,0,0,0
9,US35->CS51,0,0,0
9,US35->CS59,0,0,0
9,US36->CS4,0,0,0
9,US36->CS12,0,0,0
9,US36->CS20,0,0,0
9,US36->CS28,0,0,0
9,US36->CS36,0,0,0
9,US36->CS44,0,0,0
9,US36->CS52,0,0,0
9,US36->CS60,0,0,0
9,US37->CS5,0,0,0
9,US37->CS13,0,0,0
9,US37->CS21,0,0,0
9,US37->CS29,0,0,0
9,US37->CS37,0,0,0
9,US37->CS45,0,0,0
9,US37->CS53,0,0,0
9,US37->CS61,0,0,0
9,US38->CS6,0,0,0
9,US38->CS14,0,0,0
9,US38->CS22,0,0,0
9,US38->CS30,0,0,0
9,US38->CS38,0,0,0
9,US38->CS46,0,0,0
9,US38->CS54,0,0,0
9,US38->CS62,0,0,0
9,US39->CS7,0,0,0
9,US39->CS15,0,0,0
9,US39->CS23,0,0,0
9,US39->CS31,0,0,0
9,US39->CS39,0,0,0
9,US39->CS47,0,0,0
9,US39->CS55,0,0,0
9,US39->CS63,0,0,0
9,US40->CS0,54661,54661,0
9,US40->CS8,54477,54477,0
9,US40->CS16,54693,54693,0
9,US40->CS24,54863,54863,0
9,US40->CS32,54469,54469,0
9,US40->CS40,54836,54836,0
9,US40->CS48,54821,54821,0
9,US40->CS56,53970,53970,0
9,US41->CS1,54253,54253,0
9,US41->CS9,54655,54655,0
9,US41->CS17,54893,54893,0
9,US41->CS25,54839,54839,0
9,US41->CS33,54642,54642,0
9,US41->CS41,54577,54577,0
9,US41->CS49,54713,54713,0
9,US41->CS57,54302,54302,0
9,US42->CS2,54208,54208,0
9,US42->CS10,54490,54490,0
9,US42->CS18,54288,54288,0
9,US42->CS26,54393,54393,0
9,US42->CS34,54375,54375,0
9,US42->CS42,54783,54783,0
9,US42->CS50,54070,54070,0
9,US42->CS58,54303,54303,0
9,US43->CS3,54330,54330,0
9,US43->CS11,54507,54507,0
9,US43->CS19,54157,54157,0
9,US43->CS27,54630,54630,0
9,US43->CS35,54703,54703,0
9,US43->CS43,54670,54670,0
9,US43->CS51,54628,54628,0
9,US43->CS59,54392,54392,0
9,US44->CS4,54358,54358,0
9,US44->CS12,54782,54782,0
9,US44->CS20,54563,54563,0
9,US44->CS28,54240,54240,0
9,US44->CS36,54467,54467,0
9,US44->CS44,54319,54319,0
9,US44->CS52,54510,54510,0
9,US44->CS60,54817,54817,0
9,US45->CS5,54980,54980,0
9,US45->CS13,54693,54693,0
9,US45->CS21,54565,54565,0
9,US45->CS29,54867,54867,0
9,US45->CS37,54584,54584,0
9,US45->CS45,54576,54576,0
9,US45->CS53,54588,54588,0
9,US45->CS61,54621,54621,0
9,US46->CS6,54262,54262,0
9,US46->CS14,54898,54898,0
9,US46->CS22,54356,54356,0
9,US46->CS30,54898,54898,0
9,US46->CS38,54105,54105,0
9,US46->CS46,54540,54540,0
9,US46->CS54,54621,54621,0
9,US46->CS62,54294,54294,0
9,US47->CS7,54486,54486,0
9,US47->CS15,54387,54387,0
9,US47->CS23,54941,54941,0
9,US47->CS31,55009,55009,0
9,US47->CS39,54837,54837,0
9,US47->CS47,54518,54518,0
9,US47->CS55,54535,54535,0
9,US47->CS63,54488,54488,0
9,US48->CS0,51826,51826,0
9,US48->CS8,51933,51933,0
9,US48->CS16,51667,51667,0
9,US48->CS24,51680,51680,0
9,US48->CS32,51513,51513,0
9,US48->CS40,51977,51977,0
9,US48->CS48,51401,51401,0
9,US48->CS56,51444,51444,0
9,US49->CS1,52203,52203,0
9,US49->CS9,52019,52019,0
9,US49->CS17,51619,51619,0
9,US49->CS25,51334,51334,0
9,US49->CS33,51849,51849,0
9,US49->CS41,51889,51889,0
9,US49->CS49,51830,51830,0
9,US49->CS57,51864,51864,0
9,US50->CS2,51542,51542,0
9,US50->CS10,51753,51753,0
9,US50->CS18,51613,51613,0
9,US50->CS26,51665,51665,0
9,US50->CS34,51747,51747,0
9,US50->CS42,51648,51648,0
9,US50->CS50,51718,51718,0
9,US50->CS58,51839,51839,0
9,US51->CS3,52136,52136,0
9,US51->CS11,51404,51404,0
9,US51->CS19,51900,51900,0
9,US51->CS27,51942,51942,0
9,US51->CS35,52021,52021,0
9,US51->CS43,51874,51874,0
9,US51->CS51,51520,51520,0
9,US51->CS59,51977,51977,0
9,US52->CS4,51614,51614,0
9,US52->CS12,51692,51692,0
9,US52->CS20,51541,51541,0
9,US52->CS28,51602,51602,0
9,US52->CS36,51990,51990,0
9,US52->CS44,52243,52243,0
9,US52->CS52,51821,51821,0
9,US52->CS60,51604,51604,0
9,US53->CS5,52134,52134,0
9,US53->CS13,51630,51630,0
9,US53->CS21,51674,51674,0
9,US53->CS29,51715,51715,0
9,US53->CS37,51549,51549,0
9,US53->CS45,51824,51824,0
9,US53->CS53,51396,51396,0
9,US53->CS61,51569,51569,0
9,US54->CS6,51792,51792,0
9,US54->CS14,52336,52336,0
9,US54->CS22,51629,51629,0
9,US54->CS30,51856,51856,0
9,US54->CS38,51735,51735,0
9,US54->CS46,52035,52035,0
9,US54->CS54,51715,51715,0
9,US54->CS62,51493,51493,0
9,US55->CS7,51733,51733,0
9,US55->CS15,51950,51950,0
9,US55->CS23,51706,51706,0
9,US55->CS31,51861,51861,0
9,US55->CS39,51696,51696,0
9,US55->CS47,51832,51832,0
9,US55->CS55,51777,51777,0
9,US55->CS63,51363,51363,0
9,US56->CS0,50833,50833,0
9,US56->CS8,50920,50920,0
9,US56->CS16,50605,50605,0
9,US56->CS24,51014,51014,0
9,US56->CS32,51081,51081,0
9,US56->CS40,50778,50778,0
9,US56->CS48,50881,50881,0
9,US56->CS56,50603,50603,0
9,US57->CS1,50694,50694,0
9,US57->CS9,50883,50883,0
9,US57->CS17,51176,51176,0
9,US57->CS25,50641,50641,0
9,US57->CS33,50513,50513,0
9,US57->CS41,50914,50914,0
9,US57->CS49,50705,50705,0
9,US57->CS57,50562,50562,0
9,US58->CS2,51312,51312,0
9,US58->CS10,50621,50621,0
9,US58->CS18,50904,50904,0
9,US58->CS26,50679,50679,0
9,US58->CS34,50700,50700,0
9,US58->CS42,50319,50319,0
9,US58->CS50,50923,50923,0
9,US58->CS58,50785,50785,0
9,US59->CS3,51024,51024,0
9,US59->CS11,50530,50530,0
9,US59->CS19,50237,50237,0
9,US59->CS27,50806,50806,0
9,US59->CS35,50621,50621,0
9,US59->CS43,50641,50641,0
9,US59->CS51,50611,50611,0
9,US59->CS59,50703,50703,0
9,US60->CS4,50575,50575,0
9,US60->CS12,50440,50440,0
9,US60->CS20,50558,50558,0
9,US60->CS28,50152,50152,0
9,US60->CS36,51047,51047,0
9,US60->CS44,50632,50632,0
9,US60->CS52,50653,50653,0
9,US60->CS60,50929,50929,0
9,US61->CS5,50762,50762,0
9,US61->CS13,50564,50564,0
9,US61->CS21,50692,50692,0
9,US61->CS29,51026,51026,0
9,US61->CS37,50802,50802,0
9,US61->CS45,50978,50978,0
9,US61->CS53,50632,50632,0
9,US61->CS61,50834,50834,0
9,US62->CS6,50884,50884,0
9,US62->CS14,50634,50634,0
9,US62->CS22,50513,50513,0
9,US62->CS30,50213,50213,0
9,US62->CS38,50343,50343,0
9,US62->CS46,50916,50916,0
9,US62->CS54,50756,50756,0
9,US62->CS62,50723,50723,0
9,US63->CS7,50455,50455,0
9,US63->CS15,50816,50816,0
9,US63->CS23,50744,50744,0
9,US63->CS31,51071,51071,0
9,US63->CS39,50996,50996,0
9,US63->CS47,50622,50622,0
9,US63->CS55,50816,50816,0
9,US63->CS63,50885,50885,0
9,US64->CS0,0,0,0
9,US64->CS8,0,0,0
9,US64->CS16,0,0,0
9,US64->CS24,0,0,0
9,US64->CS32,0,0,0
9,US64->CS40,0,0,0
9,US64->CS48,0,0,0
9,US64->CS56,0,0,0
9,US65->CS1,0,0,0
9,US65->CS9,0,0,0
9,US65->CS17,0,0,0
9,US65->CS25,0,0,0
9,US65->CS33,0,0,0
9,US65->CS41,0,0,0
9,US65->CS49,0,0,0
9,US65->CS57,0,0,0
9,US66->CS2,0,0,0
9,US66->CS10,0,0,0
9,US66->CS18,0,0,0
9,US66->CS26,0,0,0
9,US66->CS34,0,0,0
9,US66->CS42,0,0,0
9,US66->CS50,0,0,0
9,US66->CS58,0,0,0
9,US67->CS3,0,0,0
9,US67->CS11,0,0,0
9,US67->CS19,0,0,0
9,US67->CS27,0,0,0
9,US67->CS35,0,0,0
9,US67->CS43,0,0,0
9,US67->CS51,0,0,0
9,US67->CS59,0,0,0
9,US68->CS4,0,0,0
9,US68->CS12,0,0,0
9,US68->CS20,0,0,0
9,US68->CS28,0,0,0
9,US68->CS36,0,0,0
9,US68->CS44,0,0,0
9,US68->CS52,0,0,0
9,US68->CS60,0,0,0
9,US69->CS5,0,0,0
9,US69->CS13,0,0,0
9,US69->CS21,0,0,0
9,US69->CS29,0,0,0
9,US69->CS37,0,0,0
9,US69->CS45,0,0,0
9,US69->CS53,0,0,0
9,US69->CS61,0,0,0
9,US70->CS6,0,0,0
9,US70->CS14,0,0,0
9,US70->CS22,0,0,0
9,US70->CS30,0,0,0
9,US70->CS38,0,0,0
9,US70->CS46,0,0,0
9,US70->CS54,0,0,0
9,US70->CS62,0,0,0
9,US71->CS7,0,0,0
9,US71->CS15,0,0,0
9,US71->CS23,0,0,0
9,US71->CS31,0,0,0
9,US71->CS39,0,0,0
9,US71->CS47,0,0,0
9,US71->CS55,0,0,0
9,US71->CS63,0,0,0
9,US72->CS0,51184,51184,0
9,US72->CS8,51281,51281,0
9,US72->CS16,51254,51254,0
9,US72->CS24,50890,50890,0
9,US72->CS32,50768,50768,0
9,US72->CS40,51002,51002,0
9,US72->CS48,50845,50845,0
9,US72->CS56,50641,50641,0
9,US73->CS1,50540,50540,0
9,US73->CS9,50798,50798,0
9,US73->CS17,50924,50924,0
9,US73->CS25,51171,51171,0
9,US73->CS33,50927,50927,0
9,US73->CS41,51085,51085,0
9,US73->CS49,50914,50914,0
9,US73->CS57,51092,51092,0
9,US74->CS2,50898,50898,0
9,US74->CS10,50783,50783,0
9,US74->CS18,51064,51064,0
9,US74->CS26,51117,51117,0
9,US74->CS34,50917,50917,0
9,US74->CS42,50991,50991,0
9,US74->CS50,50935,50935,0
9,US74->CS58,51007,51007,0
9,US75->CS3,51115,51115,0
9,US75->CS11,51080,51080,0
9,US75->CS19,50971,50971,0
9,US75->CS27,50826,50826,0
9,US75->CS35,50790,50790,0
9,US75->CS43,51059,51059,0
9,US75->CS51,51136,51136,0
9,US75->CS59,50859,50859,0
9,US76->CS4,51086,51086,0
9,US76->CS12,51008,51008,0
9,US76->CS20,50981,50981,0
9,US76->CS28,51151,51151,0
9,US76->CS36,51012,51012,0
9,US76->CS44,50934,50934,0
9,US76->CS52,50835,50835,0
9,US76->CS60,50699,50699,0
9,US77->CS5,50789,50789,0
9,US77->CS13,51356,51356,0
9,US77->CS21,51136,51136,0
9,US77->CS29,50920,50920,0
9,US77->CS37,50715,50715,0
9,US77->CS45,50971,50971,0
9,US77->CS53,50769,50769,0
9,US77->CS61,51163,51163,0
9,US78->CS6,50853,50853,0
9,US78->CS14,50969,50969,0
9,US78->CS22,50894,50894,0
9,US78->CS30,51001,51001,0
9,US78->CS38,50451,50451,0
9,US78->CS46,50862,50862,0
9,US78->CS54,50696,50696,0
9,US78->CS62,50947,50947,0
9,US79->CS7,50867,50867,0
9,US79->CS15,51038,51038,0
9,US79->CS23,51207,51207,0
9,US79->CS31,51118,51118,0
9,US79->CS39,51301,51301,0
9,US79->CS47,50988,50988,0
9,US79->CS55,50974,50974,0
9,US79->CS63,51023,51023,0
9,US80->CS0,50177,50177,0
9,US80->CS8,50140,50140,0
9,US80->CS16,50034,50034,0
9,US80->CS24,50464,50464,0
9,US80->CS32,50539,50539,0
9,US80->CS40,50654,50654,0
9,US80->CS48,50075,50075,0
9,US80->CS56,50436,50436,0
9,US81->CS1,50717,50717,0
9,US81->CS9,50615,50615,0
9,US81->CS17,50369,50369,0
9,US81->CS25,50326,50326,0
9,US81->CS33,50492,50492,0
9,US81->CS41,50152,50152,0
9,US81->CS49,50345,50345,0
9,US81->CS57,50542,50542,0
9,US82->CS2,50827,50827,0
9,US82->CS10,50608,50608,0
9,US82->CS18,49998,49998,0
9,US82->CS26,50861,50861,0
9,US82->CS34,50411,50411,0
9,US82->CS42,50357,50357,0
9,US82->CS50,50672,50672,0
9,US82->CS58,50718,50718,0
9,US83->CS3,50128,50128,0
9,US83->CS11,50423,50423,0
9,US83->CS19,50759,50759,0
9,US83->CS27,51073,51073,0
9,US83->CS35,50521,50521,0
9,US83->CS43,50184,50184,0
9,US83->CS51,50303,50303,0
9,US83->CS59,50628,50628,0
9,US84->CS4,50171,50171,0
9,US84->CS12,50384,50384,0
9,US84->CS20,50583,50583,0
9,US84->CS28,50365,50365,0
9,US84->CS36,50488,50488,0
9,US84->CS44,50743,50743,0
9,US84->CS52,50460,50460,0
9,US84->CS60,50226,50226,0
9,US85->CS5,50411,50411,0
9,US85->CS13,50675,50675,0
9,US85->CS21,50250,50250,0
9,US85->CS29,50069,50069,0
9,US85->CS37,50528,50528,0
9,US85->CS45,50752,50752,0
9,US85->CS53,50631,50631,0
9,US85->CS61,50254,50254,0
9,US86->CS6,50347,50347,0
9,US86->CS14,50225,50225,0
9,US86->CS22,50696,50696,0
9,US86->CS30,50619,50619,0
9,US86->CS38,50318,50318,0
9,US86->CS46,51124,51124,0
9,US86->CS54,50361,50361,0
9,US86->CS62,50111,50111,0
9,US87->CS7,50183,50183,0
9,US87->CS15,50418,50418,0
9,US87->CS23,50758,50758,0
9,US87->CS31,50439,50439,0
9,US87->CS39,50631,50631,0
9,US87->CS47,50166,50166,0
9,US87->CS55,50370,50370,0
9,US87->CS63,50412,50412,0
9,US88->CS0,50890,50890,0
9,US88->CS8,51094,51094,0
9,US88->CS16,51095,51095,0
9,US88->CS24,51055,51055,0
9,US88->CS32,51109,51109,0
9,US88->CS40,51323,51323,0
9,US88->CS48,50928,50928,0
9,US88->CS56,51003,51003,0
9,US89->CS1,50978,50978,0
9,US89->CS9,51139,51139,0
9,US89->CS17,51021,51021,0
9,US89->CS25,51053,51053,0
9,US89->CS33,50852,50852,0
9,US89->CS41,50852,50852,0
9,US89->CS49,50679,50679,0
9,US89->CS57,51313,51313,0
9,US90->CS2,51015,51015,0
9,US90->CS10,51666,51666,0
9,US90->CS18,51092,51092,0
9,US90->CS26,51140,51140,0
9,US90->CS34,50815,50815,0
9,US90->CS42,50756,50756,0
9,US90->CS50,50997,50997,0
9,US90->CS58,51038,51038,0
9,US91->CS3,51175,51175,0
9,US91->CS11,50932,50932,0
9,US91->CS19,51170,51170,0
9,US91->CS27,51062,51062,0
9,US91->CS35,50597,50597,0
9,US91->CS43,51351,51351,0
9,US91->CS51,51249,51249,0
9,US91->CS59,50991,50991,0
9,US92->CS4,50976,50976,0
9,US92->CS12,51024,51024,0
9,US92->CS20,50568,50568,0
9,US92->CS28,51211,51211,0
9,US92->CS36,50847,50847,0
9,US92->CS44,51069,51069,0
9,US92->CS52,51278,51278,0
9,US92->CS60,51329,51329,0
9,US93->CS5,50814,50814,0
9,US93->CS13,50645,50645,0
9,US93->CS21,51394,51394,0
9,US93->CS29,51079,51079,0
9,US93->CS37,51086,51086,0
9,US93->CS45,50838,50838,0
9,US93->CS53,51327,51327,0
9,US93->CS61,50926,50926,0
9,US94->CS6,50775,50775,0
9,US94->CS14,50845,50845,0
9,US94->CS22,50970,50970,0
9,US94->CS30,51010,51010,0
9,US94->CS38,51130,51130,0
9,US94->CS46,51243,51243,0
9,US94->CS54,50770,50770,0
9,US94->CS62,51023,51023,0
9,US95->CS7,50963,50963,0
9,US95->CS15,51056,51056,0
9,US95->CS23,50492,50492,0
9,US95->CS31,51191,51191,0
9,US95->CS39,51510,51510,0
9,US95->CS47,51278,51278,0
9,US95->CS55,50438,50438,0
9,US95->CS63,51116,51116,0
9,US96->CS0,12592,12590,0
9,US96->CS8,12610,12610,0
9,US96->CS16,12617,12617,0
9,US96->CS24,12828,12827,0
9,US96->CS32,12651,12649,0
9,US96->CS40,12723,12723,0
9,US96->CS48,12710,12709,0
9,US96->CS56,12838,12837,0
9,US97->CS1,12873,12872,0
9,US97->CS9,12829,12829,0
9,US97->CS17,12496,12496,0
9,US97->CS25,12717,12716,0
9,US97->CS33,12725,12725,0
9,US97->CS41,12937,12937,0
9,US97->CS49,12773,12773,0
9,US97->CS57,12720,12720,0
9,US98->CS2,12618,12618,0
9,US98->CS10,12671,12670,0
9,US98->CS18,12658,12657,0
9,US98->CS26,12553,12552,0
9,US98->CS34,12865,12864,0
9,US98->CS42,12541,12541,0
9,US98->CS50,12748,12748,0
9,US98->CS58,12760,12759,0
9,US99->CS3,12539,12537,0
9,US99->CS11,12522,12521,0
9,US99->CS19,12700,12700,0
9,US99->CS27,12624,12623,0
9,US99->CS35,12542,12542,0
9,US99->CS43,12683,12683,0
9,US99->CS51,12664,12664,0
9,US99->CS59,12827,12827,0
9,US100->CS4,12634,12634,0
9,US100->CS12,12725,12725,0
9,US100->CS20,12891,12891,0
9,US100->CS28,12676,12676,0
9,US100->CS36,12674,12674,0
9,US100->CS44,12864,12863,0
9,US100->CS52,12763,12762,0
9,US100->CS60,12668,12668,0
9,US101->CS5,12809,12809,0
9,US101->CS13,12822,12821,0
9,US101->CS21,12765,12764,0
9,US101->CS29,12681,12681,0
9,US101->CS37,12730,12730,0
9,US101->CS45,12852,12852,0
9,US101->CS53,12829,12829,0
9,US101->CS61,12558,12558,0
9,US102->CS6,12690,12690,0
9,US102->CS14,12852,12852,0
9,US102->CS22,12624,12624,0
9,US102->CS30,12531,12530,0
9,US102->CS38,12685,12685,0
9,US102->CS46,12845,12845,0
9,US102->CS54,12527,12525,0
9,US102->CS62,12666,12666,0
9,US103->CS7,12535,12533,0
9,US103->CS15,12683,12683,0
9,US103->CS23,12751,12751,0
9,US103->CS31,12672,12672,0
9,US103->CS39,12774,12774,0
9,US103->CS47,12744,12744,0
9,US103->CS55,12640,12639,0
9,US103->CS63,12580,12579,0
9,US104->CS0,13105,13105,0
9,US104->CS8,13059,13059,0
9,US104->CS16,12857,12856,0
9,US104->CS24,13155,13155,0
9,US104->CS32,13173,13172,0
9,US104->CS40,13126,13126,0
9,US104->CS48,13211,13211,0
9,US104->CS56,13058,13058,0
9,US105->CS1,13138,13138,0
9,US105->CS9,13062,13062,0
9,US105->CS17,13212,13211,0
9,US105->CS25,13460,13458,0
9,US105->CS33,13060,13059,0
9,US105->CS41,12932,12931,0
9,US105->CS49,13079,13077,0
9,US105->CS57,13332,13332,0
9,US106->CS2,13015,13014,0
9,US106->CS10,13196,13196,0
9,US106->CS18,13337,13337,0
9,US106->CS26,13127,13126,0
9,US106->CS34,13139,13139,0
9,US106->CS42,13104,13104,0
9,US106->CS50,13040,13040,0
9,US106->CS58,13250,13250,0
9,US107->CS3,13122,13120,0
9,US107->CS11,13225,13225,0
9,US107->CS19,13234,13234,0
9,US107->CS27,13200,13200,0
9,US107->CS35,13075,13074,0
9,US107->CS43,13185,13185,0
9,US107->CS51,13115,13114,0
9,US107->CS59,13276,13275,0
9,US108->CS4,12926,12926,0
9,US108->CS12,13234,13234,0
9,US108->CS20,13301,13301,0
9,US108->CS28,13241,13241,0
9,US108->CS36,13057,13057,0
9,US108->CS44,13123,13123,0
9,US108->CS52,13083,13083,0
9,US108->CS60,13171,13171,0
9,US109->CS5,13117,13116,0
9,US109->CS13,13017,13015,0
9,US109->CS21,13100,13099,0
9,US109->CS29,13106,13105,0
9,US109->CS37,12854,12854,0
9,US109->CS45,13239,13239,0
9,US109->CS53,13204,13204,0
9,US109->CS61,12882,12882,0
9,US110->CS6,13115,13115,0
9,US110->CS14,13216,13215,0
9,US110->CS22,13061,13061,0
9,US110->CS30,13310,13310,0
9,US110->CS38,13060,13059,0
9,US110->CS46,13263,13263,0
9,US110->CS54,13201,13201,0
9,US110->CS62,13227,13227,0
9,US111->CS7,13071,13071,0
9,US111->CS15,13115,13115,0
9,US111->CS23,13213,13212,0
9,US111->CS31,13118,13117,0
9,US111->CS39,13076,13076,0
9,US111->CS47,13268,13268,0
9,US111->CS55,13018,13016,0
9,US111->CS63,13030,13030,0
9,US112->CS0,52608,52608,0
9,US112->CS8,52902,52902,0
9,US112->CS16,52536,52536,0
9,US112->CS24,53440,53440,0
9,US112->CS32,52774,52774,0
9,US112->CS40,52850,52850,0
9,US112->CS48,52816,52816,0
9,US112->CS56,53250,53250,0
9,US113->CS1,52804,52804,0
9,US113->CS9,53190,53190,0
9,US113->CS17,52863,52863,0
9,US113->CS25,53093,53093,0
9,US113->CS33,52989,52989,0
9,US113->CS41,52752,52752,0
9,US113->CS49,52705,52705,0
9,US113->CS57,53031,53031,0
9,US114->CS2,53166,53166,0
9,US114->CS10,53495,53495,0
9,US114->CS18,53276,53276,0
9,US114->CS26,52762,52762,0
9,US114->CS34,53164,53164,0
9,US114->CS42,53069,53069,0
9,US114->CS50,53428,53428,0
9,US114->CS58,53235,53235,0
9,US115->CS3,53408,53408,0
9,US115->CS11,53200,53200,0
9,US115->CS19,52580,52580,0
9,US115->CS27,52688,52688,0
9,US115->CS35,52806,52806,0
9,US115->CS43,53247,53247,0
9,US115->CS51,53324,53324,0
9,US115->CS59,52871,52871,0
9,US116->CS4,53220,53220,0
9,US116->CS12,52644,52644,0
9,US116->CS20,53045,53045,0
9,US116->CS28,52920,52920,0
9,US116->CS36,53201,53201,0
9,US116->CS44,52765,52765,0
9,US116->CS52,52726,52726,0
9,US116->CS60,53079,53079,0
9,US117->CS5,52860,52860,0
9,US117->CS13,53292,53292,0
9,US117->CS21,52940,52940,0
9,US117->CS29,53154,53154,0
9,US117->CS37,52832,52832,0
9,US117->CS45,52816,52816,0
9,US117->CS53,53168,53168,0
9,US117->CS61,52923,52923,0
9,US118->CS6,52856,52856,0
9,US118->CS14,52913,52913,0
9,US118->CS22,52867,52867,0
9,US118->CS30,52934,52934,0
9,US118->CS38,52873,52873,0
9,US118->CS46,52919,52919,0
9,US118->CS54,53210,53210,0
9,US118->CS62,52686,52686,0
9,US119->CS7,53245,53245,0
9,US119->CS15,53269,53269,0
9,US119->CS23,52939,52939,0
9,US119->CS31,53077,53077,0
9,US119->CS39,52971,52971,0
9,US119->CS47,53035,53035,0
9,US119->CS55,52871,52871,0
9,US119->CS63,53150,53150,0
9,US120->CS0,51064,51064,0
9,US120->CS8,50390,50390,0
9,US120->CS16,50996,50996,0
9,US120->CS24,50796,50796,0
9,US120->CS32,50874,50874,0
9,US120->CS40,51183,51183,0
9,US120->CS48,51005,51005,0
9,US120->CS56,50604,50604,0
9,US121->CS1,51110,51110,0
9,US121->CS9,50716,50716,0
9,US121->CS17,50655,50655,0
9,US121->CS25,50668,50668,0
9,US121->CS33,50882,50882,0
9,US121->CS41,50775,50775,0
9,US121->CS49,51042,51042,0
9,US121->CS57,50299,50299,0
9,US122->CS2,51191,51191,0
9,US122->CS10,50715,50715,0
9,US122->CS18,50571,50571,0
9,US122->CS26,50756,50756,0
9,US122->CS34,50944,50944,0
9,US122->CS42,50605,50605,0
9,US122->CS50,50516,50516,0
9,US122->CS58,51024,51024,0
9,US123->CS3,50968,50968,0
9,US123->CS11,50573,50573,0
9,US123->CS19,50681,50681,0
9,US123->CS27,50765,50765,0
9,US123->CS35,50526,50526,0
9,US123->CS43,50551,50551,0
9,US123->CS51,50690,50690,0
9,US123->CS59,50185,50185,0
9,US124->CS4,50614,50614,0
9,US124->CS12,50623,50623,0
9,US124->CS20,51059,51059,0
9,US124->CS28,50554,50554,0
9,US124->CS36,50723,50723,0
9,US124->CS44,50361,50361,0
9,US124->CS52,50930,50930,0
9,US124->CS60,50557,50557,0
9,US125->CS5,50483,50483,0
9,US125->CS13,51252,51252,0
9,US125->CS21,50760,50760,0
9,US125->CS29,50697,50697,0
9,US125->CS37,50736,50736,0
9,US125->CS45,50831,50831,0
9,US125->CS53,50586,50586,0
9,US125->CS61,51234,51234,0
9,US126->CS6,50975,50975,0
9,US126->CS14,50902,50902,0
9,US126->CS22,51146,51146,0
9,US126->CS30,50386,50386,0
9,US126->CS38,50761,50761,0
9,US126->CS46,50393,50393,0
9,US126->CS54,50861,50861,0
9,US126->CS62,50570,50570,0
9,US127->CS7,51222,51222,0
9,US127->CS15,50401,50401,0
9,US127->CS23,50544,50544,0
9,US127->CS31,50992,50992,0
9,US127->CS39,50542,50542,0
9,US127->CS47,50572,50572,0
9,US127->CS55,50652,50652,0
9,US127->CS63,50870,50870,0
9,CS0->US0,51565,51565,0
9,CS0->US8,50243,50243,0
9,CS0->US16,51169,51169,0
9,CS0->US24,50897,50897,0
9,CS0->US32,0,0,0
9,CS0->US40,52611,52611,0
9,CS0->US48,51599,51599,0
9,CS0->US56,50912,50912,0
9,CS0->US64,0,0,0
9,CS0->US72,50839,50839,0
9,CS0->US80,57024,57024,0
9,CS0->US88,51247,51247,0
9,CS0->US96,13208,13208,0
9,CS0->US104,12631,12631,0
9,CS0->US112,54709,54709,0
9,CS0->US120,54306,54306,0
9,CS1->US1,51878,51878,0
9,CS1->US9,50825,50825,0
9,CS1->US17,51147,51147,0
9,CS1->US25,50837,50837,0
9,CS1->US33,0,0,0
9,CS1->US41,52894,52894,0
9,CS1->US49,51590,51590,0
9,CS1->US57,50805,50805,0
9,CS1->US65,0,0,0
9,CS1->US73,50999,50999,0
9,CS1->US81,56620,56620,0
9,CS1->US89,50586,50586,0
9,CS1->US97,13193,13192,0
9,CS1->US105,12892,12892,0
9,CS1->US113,54243,54243,0
9,CS1->US121,54444,54444,0
9,CS2->US2,51299,51299,0
9,CS2->US10,50913,50913,0
9,CS2->US18,51245,51245,0
9,CS2->US26,51397,51397,0
9,CS2->US34,0,0,0
9,CS2->US42,53109,53109,0
9,CS2->US50,51275,51275,0
9,CS2->US58,50578,50578,0
9,CS2->US66,0,0,0
9,CS2->US74,50917,50917,0
9,CS2->US82,57042,57042,0
9,CS2->US90,50985,50985,0
9,CS2->US98,13038,13038,0
9,CS2->US106,12686,12686,0
9,CS2->US114,54318,54318,0
9,CS2->US122,53959,53959,0
9,CS3->US3,51827,51827,0
9,CS3->US11,50228,50228,0
9,CS3->US19,51009,51009,0
9,CS3->US27,51078,51078,0
9,CS3->US35,0,0,0
9,CS3->US43,53464,53464,0
9,CS3->US51,51734,51734,0
9,CS3->US59,51062,51062,0
9,CS3->US67,0,0,0
9,CS3->US75,51105,51105,0
9,CS3->US83,56474,56474,0
9,CS3->US91,51156,51156,0
9,CS3->US99,13194,13194,0
9,CS3->US107,12605,12605,0
9,CS3->US115,54408,54408,0
9,CS3->US123,54681,54681,0
9,CS4->US4,51364,51364,0
9,CS4->US12,50260,50260,0
9,CS4->US20,50768,50768,0
9,CS4->US28,50689,50689,0
9,CS4->US36,0,0,0
9,CS4->US44,53146,53146,0
9,CS4->US52,51609,51609,0
9,CS4->US60,50798,50798,0
9,CS4->US68,0,0,0
9,CS4->US76,50898,50898,0
9,CS4->US84,56888,56888,0
9,CS4->US92,51202,51202,0
9,CS4->US100,13014,13014,0
9,CS4->US108,12633,12632,0
9,CS4->US116,54404,54404,0
9,CS4->US124,54581,54581,0
9,CS5->US5,51894,51894,0
9,CS5->US13,50500,50500,0
9,CS5->US21,50554,50554,0
9,CS5->US29,50919,50919,0
9,CS5->US37,0,0,0
9,CS5->US45,52851,52851,0
9,CS5->US53,51314,51314,0
9,CS5->US61,50227,50227,0
9,CS5->US69,0,0,0
9,CS5->US77,50741,50741,0
9,CS5->US85,56763,56763,0
9,CS5->US93,50838,50838,0
9,CS5->US101,13155,13154,0
9,CS5->US109,12802,12801,0
9,CS5->US117,55061,55061,0
9,CS5->US125,54093,54093,0
9,CS6->US6,51478,51478,0
9,CS6->US14,50426,50426,0
9,CS6->US22,51030,51030,0
9,CS6->US30,50941,50941,0
9,CS6->US38,0,0,0
9,CS6->US46,52920,52920,0
9,CS6->US54,51253,51253,0
9,CS6->US62,50753,50753,0
9,CS6->US70,0,0,0
9,CS6->US78,50760,50760,0
9,CS6->US86,56603,56603,0
9,CS6->US94,50904,50904,0
9,CS6->US102,13190,13190,0
9,CS6->US110,12748,12747,0
9,CS6->US118,54368,54368,0
9,CS6->US126,53989,53989,0
9,CS7->US7,51461,51461,0
9,CS7->US15,50238,50238,0
9,CS7->US23,51333,51333,0
9,CS7->US31,50562,50562,0
9,CS7->US39,0,0,0
9,CS7->US47,53274,53274,0
9,CS7->US55,51569,51569,0
9,CS7->US63,50419,50419,0
9,CS7->US71,0,0,0
9,CS7->US79,50935,50935,0
9,CS7->US87,57014,57014,0
9,CS7->US95,50902,50902,0
9,CS7->US103,13125,13124,0
9,CS7->US111,12574,12574,0
9,CS7->US119,54547,54547,0
9,CS7->US127,54475,54475,0
9,CS8->US0,51697,51697,0
9,CS8->US8,50251,50251,0
9,CS8->US16,50433,50433,0
9,CS8->US24,51052,51052,0
9,CS8->US32,0,0,0
9,CS8->US40,52889,52889,0
9,CS8->US48,51076,51076,0
9,CS8->US56,51053,51053,0
9,CS8->US64,0,0,0
9,CS8->US72,51021,51021,0
9,CS8->US80,56892,56892,0
9,CS8->US88,51270,51270,0
9,CS8->US96,13136,13135,0
9,CS8->US104,12617,12617,0
9,CS8->US112,54536,54536,0
9,CS8->US120,54708,54708,0
9,CS9->US1,51783,51783,0
9,CS9->US9,50728,50728,0
9,CS9->US17,50833,50833,0
9,CS9->US25,51061,51061,0
9,CS9->US33,0,0,0
9,CS9->US41,53136,53136,0
9,CS9->US49,51092,51092,0
9,CS9->US57,50342,50342,0
9,CS9->US65,0,0,0
9,CS9->US73,51067,51067,0
9,CS9->US81,56784,56784,0
9,CS9->US89,50905,50905,0
9,CS9->US97,13134,13134,0
9,CS9->US105,12830,12829,0
9,CS9->US113,54711,54711,0
9,CS9->US121,54581,54581,0
9,CS10->US2,51433,51433,0
9,CS10->US10,50681,50681,0
9,CS10->US18,50834,50834,0
9,CS10->US26,50719,50719,0
9,CS10->US34,0,0,0
9,CS10->US42,53543,53543,0
9,CS10->US50,51454,51454,0
9,CS10->US58,50911,50911,0
9,CS10->US66,0,0,0
9,CS10->US74,51556,51556,0
9,CS10->US82,57024,57024,0
9,CS10->US90,50822,50822,0
9,CS10->US98,13272,13272,0
9,CS10->US106,12687,12686,0
9,CS10->US114,54542,54542,0
9,CS10->US122,54401,54401,0
9,CS11->US3,51104,51104,0
9,CS11->US11,50500,50500,0
9,CS11->US19,50665,50665,0
9,CS11->US27,50661,50661,0
9,CS11->US35,0,0,0
9,CS11->US43,53232,53232,0
9,CS11->US51,51774,51774,0
9,CS11->US59,50937,50937,0
9,CS11->US67,0,0,0
9,CS11->US75,50810,50810,0
9,CS11->US83,56951,56951,0
9,CS11->US91,51110,51110,0
9,CS11->US99,13334,13334,0
9,CS11->US107,12563,12562,0
9,CS11->US115,54640,54640,0
9,CS11->US123,54298,54298,0
9,CS12->US4,51370,51370,0
9,CS12->US12,50574,50574,0
9,CS12->US20,50724,50724,0
9,CS12->US28,50538,50538,0
9,CS12->US36,0,0,0
9,CS12->US44,52730,52730,0
9,CS12->US52,51574,51574,0
9,CS12->US60,50679,50679,0
9,CS12->US68,0,0,0
9,CS12->US76,51022,51022,0
9,CS12->US84,57037,57037,0
9,CS12->US92,51076,51076,0
9,CS12->US100,13328,13328,0
9,CS12->US108,12774,12774,0
9,CS12->US116,54847,54847,0
9,CS12->US124,54332,54332,0
9,CS13->US5,51338,51338,0
9,CS13->US13,50663,50663,0
9,CS13->US21,51308,51308,0
9,CS13->US29,50673,50673,0
9,CS13->US37,0,0,0
9,CS13->US45,53309,53309,0
9,CS13->US53,51649,51649,0
9,CS13->US61,50401,50401,0
9,CS13->US69,0,0,0
9,CS13->US77,50635,50635,0
9,CS13->US85,56526,56526,0
9,CS13->US93,51447,51447,0
9,CS13->US101,13083,13083,0
9,CS13->US109,12834,12834,0
9,CS13->US117,54703,54703,0
9,CS13->US125,54557,54557,0
9,CS14->US6,52032,52032,0
9,CS14->US14,50340,50340,0
9,CS14->US22,50901,50901,0
9,CS14->US30,50786,50786,0
9,CS14->US38,0,0,0
9,CS14->US46,52929,52929,0
9,CS14->US54,51644,51644,0
9,CS14->US62,50599,50599,0
9,CS14->US70,0,0,0
9,CS14->US78,50884,50884,0
9,CS14->US86,56908,56908,0
9,CS14->US94,51071,51071,0
9,CS14->US102,13289,13289,0
9,CS14->US110,12874,12874,0
9,CS14->US118,54884,54884,0
9,CS14->US126,54357,54357,0
9,CS15->US7,51652,51652,0
9,CS15->US15,50533,50533,0
9,CS15->US23,50448,50448,0
9,CS15->US31,50937,50937,0
9,CS15->US39,0,0,0
9,CS15->US47,53325,53325,0
9,CS15->US55,51482,51482,0
9,CS15->US63,50791,50791,0
9,CS15->US71,0,0,0
9,CS15->US79,51012,51012,0
9,CS15->US87,56847,56847,0
9,CS15->US95,51081,51081,0
9,CS15->US103,13220,13218,0
9,CS15->US111,12700,12700,0
9,CS15->US119,54469,54469,0
9,CS15->US127,54327,54327,0
9,CS16->US0,51417,51417,0
9,CS16->US8,50157,50157,0
9,CS16->US16,51066,51066,0
9,CS16->US24,50707,50707,0
9,CS16->US32,0,0,0
9,CS16->US40,52531,52531,0
9,CS16->US48,51163,51163,0
9,CS16->US56,50489,50489,0
9,CS16->US64,0,0,0
9,CS16->US72,51080,51080,0
9,CS16->US80,56662,56662,0
9,CS16->US88,51304,51304,0
9,CS16->US96,12948,12947,0
9,CS16->US104,12637,12637,0
9,CS16->US112,54768,54768,0
9,CS16->US120,54414,54414,0
9,CS17->US1,51356,51356,0
9,CS17->US9,50474,50474,0
9,CS17->US17,50833,50833,0
9,CS17->US25,51249,51249,0
9,CS17->US33,0,0,0
9,CS17->US41,52916,52916,0
9,CS17->US49,51609,51609,0
9,CS17->US57,50687,50687,0
9,CS17->US65,0,0,0
9,CS17->US73,50955,50955,0
9,CS17->US81,56840,56840,0
9,CS17->US89,50878,50878,0
9,CS17->US97,13285,13285,0
9,CS17->US105,12544,12544,0
9,CS17->US113,54925,54925,0
9,CS17->US121,54463,54463,0
9,CS18->US2,51369,51369,0
9,CS18->US10,50186,50186,0
9,CS18->US18,50648,50648,0
9,CS18->US26,51047,51047,0
9,CS18->US34,0,0,0
9,CS18->US42,53254,53254,0
9,CS18->US50,51404,51404,0
9,CS18->US58,51055,51055,0
9,CS18->US66,0,0,0
9,CS18->US74,51049,51049,0
9,CS18->US82,56770,56770,0
9,CS18->US90,51090,51090,0
9,CS18->US98,13391,13390,0
9,CS18->US106,12646,12646,0
9,CS18->US114,54329,54329,0
9,CS18->US122,54365,54365,0
9,CS19->US3,51655,51655,0
9,CS19->US11,50812,50812,0
9,CS19->US19,50797,50797,0
9,CS19->US27,50404,50404,0
9,CS19->US35,0,0,0
9,CS19->US43,52532,52532,0
9,CS19->US51,51469,51469,0
9,CS19->US59,50623,50623,0
9,CS19->US67,0,0,0
9,CS19->US75,51056,51056,0
9,CS19->US83,56591,56591,0
9,CS19->US91,51054,51054,0
9,CS19->US99,13316,13315,0
9,CS19->US107,12709,12709,0
9,CS19->US115,54195,54195,0
9,CS19->US123,54264,54264,0
9,CS20->US4,51318,51318,0
9,CS20->US12,50665,50665,0
9,CS20->US20,51088,51088,0
9,CS20->US28,50642,50642,0
9,CS20->US36,0,0,0
9,CS20->US44,52988,52988,0
9,CS20->US52,51410,51410,0
9,CS20->US60,50639,50639,0
9,CS20->US68,0,0,0
9,CS20->US76,50507,50507,0
9,CS20->US84,56651,56651,0
9,CS20->US92,51018,51018,0
9,CS20->US100,13397,13397,0
9,CS20->US108,12950,12950,0
9,CS20->US116,54679,54679,0
9,CS20->US124,54379,54379,0
9,CS21->US5,51370,51370,0
9,CS21->US13,50345,50345,0
9,CS21->US21,50878,50878,0
9,CS21->US29,50830,50830,0
9,CS21->US37,0,0,0
9,CS21->US45,52957,52957,0
9,CS21->US53,51458,51458,0
9,CS21->US61,50358,50358,0
9,CS21->US69,0,0,0
9,CS21->US77,51307,51307,0
9,CS21->US85,56412,56412,0
9,CS21->US93,51222,51222,0
9,CS21->US101,13166,13165,0
9,CS21->US109,12762,12762,0
9,CS21->US117,54660,54660,0
9,CS21->US125,54576,54576,0
9,CS22->US6,51375,51375,0
9,CS22->US14,50804,50804,0
9,CS22->US22,51172,51172,0
9,CS22->US30,50644,50644,0
9,CS22->US38,0,0,0
9,CS22->US46,52881,52881,0
9,CS22->US54,51478,51478,0
9,CS22->US62,51050,51050,0
9,CS22->US70,0,0,0
9,CS22->US78,50983,50983,0
9,CS22->US86,57019,57019,0
9,CS22->US94,50935,50935,0
9,CS22->US102,13116,13116,0
9,CS22->US110,12642,12640,0
9,CS22->US118,54365,54365,0
9,CS22->US126,54692,54692,0
9,CS23->US7,51377,51377,0
9,CS23->US15,50804,50804,0
9,CS23->US23,50618,50618,0
9,CS23->US31,50856,50856,0
9,CS23->US39,0,0,0
9,CS23->US47,52977,52977,0
9,CS23->US55,51290,51290,0
9,CS23->US63,50787,50787,0
9,CS23->US71,0,0,0
9,CS23->US79,50418,50418,0
9,CS23->US87,57042,57042,0
9,CS23->US95,51342,51342,0
9,CS23->US103,13275,13275,0
9,CS23->US111,12775,12773,0
9,CS23->US119,54992,54992,0
9,CS23->US127,54591,54591,0
9,CS24->US0,51376,51376,0
9,CS24->US8,50555,50555,0
9,CS24->US16,50813,50813,0
9,CS24->US24,51159,51159,0
9,CS24->US32,0,0,0
9,CS24->US40,53513,53513,0
9,CS24->US48,51397,51397,0
9,CS24->US56,50940,50940,0
9,CS24->US64,0,0,0
9,CS24->US72,51085,51085,0
9,CS24->US80,56623,56623,0
9,CS24->US88,50926,50926,0
9,CS24->US96,13243,13243,0
9,CS24->US104,12830,12828,0
9,CS24->US112,54855,54855,0
9,CS24->US120,54530,54530,0
9,CS25->US1,51099,51099,0
9,CS25->US9,50448,50448,0
9,CS25->US17,50714,50714,0
9,CS25->US25,50659,50659,0
9,CS25->US33,0,0,0
9,CS25->US41,53080,53080,0
9,CS25->US49,51470,51470,0
9,CS25->US57,50614,50614,0
9,CS25->US65,0,0,0
9,CS25->US73,51007,51007,0
9,CS25->US81,56914,56914,0
9,CS25->US89,51276,51276,0
9,CS25->US97,13513,13513,0
9,CS25->US105,12795,12795,0
9,CS25->US113,54854,54854,0
9,CS25->US121,54272,54272,0
9,CS26->US2,51392,51392,0
9,CS26->US10,50961,50961,0
9,CS26->US18,50845,50845,0
9,CS26->US26,50804,50804,0
9,CS26->US34,0,0,0
9,CS26->US42,52779,52779,0
9,CS26->US50,51191,51191,0
9,CS26->US58,50892,50892,0
9,CS26->US66,0,0,0
9,CS26->US74,51005,51005,0
9,CS26->US82,56731,56731,0
9,CS26->US90,51087,51087,0
9,CS26->US98,13203,13203,0
9,CS26->US106,12556,12556,0
9,CS26->US114,54548,54548,0
9,CS26->US122,54384,54384,0
9,CS27->US3,51638,51638,0
9,CS27->US11,51168,51168,0
9,CS27->US19,50853,50853,0
9,CS27->US27,50908,50908,0
9,CS27->US35,0,0,0
9,CS27->US43,52708,52708,0
9,CS27->US51,51575,51575,0
9,CS27->US59,50842,50842,0
9,CS27->US67,0,0,0
9,CS27->US75,51038,51038,0
9,CS27->US83,56961,56961,0
9,CS27->US91,50860,50860,0
9,CS27->US99,13259,13259,0
9,CS27->US107,12649,12648,0
9,CS27->US115,54661,54661,0
9,CS27->US123,54355,54355,0
9,CS28->US4,51321,51321,0
9,CS28->US12,50451,50451,0
9,CS28->US20,50699,50699,0
9,CS28->US28,50227,50227,0
9,CS28->US36,0,0,0
9,CS28->US44,52951,52951,0
9,CS28->US52,51115,51115,0
9,CS28->US60,50985,50985,0
9,CS28->US68,0,0,0
9,CS28->US76,51046,51046,0
9,CS28->US84,56563,56563,0
9,CS28->US92,51185,51185,0
9,CS28->US100,13332,13332,0
9,CS28->US108,12694,12694,0
9,CS28->US116,54368,54368,0
9,CS28->US124,54886,54886,0
9,CS29->US5,51448,51448,0
9,CS29->US13,50144,50144,0
9,CS29->US21,50773,50773,0
9,CS29->US29,51150,51150,0
9,CS29->US37,0,0,0
9,CS29->US45,53173,53173,0
9,CS29->US53,51270,51270,0
9,CS29->US61,50597,50597,0
9,CS29->US69,0,0,0
9,CS29->US77,51008,51008,0
9,CS29->US85,56537,56537,0
9,CS29->US93,50934,50934,0
9,CS29->US101,13187,13187,0
9,CS29->US109,12697,12697,0
9,CS29->US117,54888,54888,0
9,CS29->US125,54463,54463,0
9,CS30->US6,51533,51533,0
9,CS30->US14,50700,50700,0
9,CS30->US22,50561,50561,0
9,CS30->US30,50313,50313,0
9,CS30->US38,0,0,0
9,CS30->US46,52968,52968,0
9,CS30->US54,51550,51550,0
9,CS30->US62,50751,50751,0
9,CS30->US70,0,0,0
9,CS30->US78,50929,50929,0
9,CS30->US86,56633,56633,0
9,CS30->US94,51051,51051,0
9,CS30->US102,13361,13361,0
9,CS30->US110,12585,12585,0
9,CS30->US118,54986,54986,0
9,CS30->US126,54499,54499,0
9,CS31->US7,51574,51574,0
9,CS31->US15,50570,50570,0
9,CS31->US23,51158,51158,0
9,CS31->US31,51133,51133,0
9,CS31->US39,0,0,0
9,CS31->US47,53164,53164,0
9,CS31->US55,51392,51392,0
9,CS31->US63,50767,50767,0
9,CS31->US71,0,0,0
9,CS31->US79,51077,51077,0
9,CS31->US87,56536,56536,0
9,CS31->US95,51123,51123,0
9,CS31->US103,13159,13159,0
9,CS31->US111,12726,12726,0
9,CS31->US119,55115,55115,0
9,CS31->US127,54288,54288,0
9,CS32->US0,51219,51219,0
9,CS32->US8,50587,50587,0
9,CS32->US16,50983,50983,0
9,CS32->US24,51171,51171,0
9,CS32->US32,0,0,0
9,CS32->US40,52866,52866,0
9,CS32->US48,51367,51367,0
9,CS32->US56,50946,50946,0
9,CS32->US64,0,0,0
9,CS32->US72,51007,51007,0
9,CS32->US80,57067,57067,0
9,CS32->US88,50818,50818,0
9,CS32->US96,13257,13256,0
9,CS32->US104,12691,12691,0
9,CS32->US112,54607,54607,0
9,CS32->US120,54293,54293,0
9,CS33->US1,51556,51556,0
9,CS33->US9,50585,50585,0
9,CS33->US17,51013,51013,0
9,CS33->US25,50667,50667,0
9,CS33->US33,0,0,0
9,CS33->US41,53082,53082,0
9,CS33->US49,51553,51553,0
9,CS33->US57,50791,50791,0
9,CS33->US65,0,0,0
9,CS33->US73,50697,50697,0
9,CS33->US81,57097,57097,0
9,CS33->US89,50897,50897,0
9,CS33->US97,13116,13116,0
9,CS33->US105,12754,12753,0
9,CS33->US113,54779,54779,0
9,CS33->US121,54596,54596,0
9,CS34->US2,51476,51476,0
9,CS34->US10,50496,50496,0
9,CS34->US18,50994,50994,0
9,CS34->US26,50891,50891,0
9,CS34->US34,0,0,0
9,CS34->US42,53150,53150,0
9,CS34->US50,51281,51281,0
9,CS34->US58,50742,50742,0
9,CS34->US66,0,0,0
9,CS34->US74,50756,50756,0
9,CS34->US82,57147,57147,0
9,CS34->US90,50976,50976,0
9,CS34->US98,13191,13190,0
9,CS34->US106,12837,12837,0
9,CS34->US114,54414,54414,0
9,CS34->US122,53865,53865,0
9,CS35->US3,51717,51717,0
9,CS35->US11,50639,50639,0
9,CS35->US19,50625,50625,0
9,CS35->US27,50688,50688,0
9,CS35->US35,0,0,0
9,CS35->US43,52927,52927,0
9,CS35->US51,51210,51210,0
9,CS35->US59,50878,50878,0
9,CS35->US67,0,0,0
9,CS35->US75,50526,50526,0
9,CS35->US83,56379,56379,0
9,CS35->US91,50747,50747,0
9,CS35->US99,13138,13138,0
9,CS35->US107,12577,12575,0
9,CS35->US115,54788,54788,0
9,CS35->US123,54692,54692,0
9,CS36->US4,51655,51655,0
9,CS36->US12,50575,50575,0
9,CS36->US20,50789,50789,0
9,CS36->US28,51122,51122,0
9,CS36->US36,0,0,0
9,CS36->US44,53318,53318,0
9,CS36->US52,51348,51348,0
9,CS36->US60,50667,50667,0
9,CS36->US68,0,0,0
9,CS36->US76,50845,50845,0
9,CS36->US84,56869,56869,0
9,CS36->US92,50977,50977,0
9,CS36->US100,13129,13129,0
9,CS36->US108,12723,12722,0
9,CS36->US116,54513,54513,0
9,CS36->US124,54431,54431,0
9,CS37->US5,51251,51251,0
9,CS37->US13,50610,50610,0
9,CS37->US21,50799,50799,0
9,CS37->US29,50926,50926,0
9,CS37->US37,0,0,0
9,CS37->US45,52915,52915,0
9,CS37->US53,51585,51585,0
9,CS37->US61,50469,50469,0
9,CS37->US69,0,0,0
9,CS37->US77,51072,51072,0
9,CS37->US85,56816,56816,0
9,CS37->US93,50777,50777,0
9,CS37->US101,12918,12917,0
9,CS37->US109,12771,12771,0
9,CS37->US117,54643,54643,0
9,CS37->US125,54142,54142,0
9,CS38->US6,51429,51429,0
9,CS38->US14,50403,50403,0
9,CS38->US22,50836,50836,0
9,CS38->US30,50488,50488,0
9,CS38->US38,0,0,0
9,CS38->US46,52983,52983,0
9,CS38->US54,51154,51154,0
9,CS38->US62,50779,50779,0
9,CS38->US70,0,0,0
9,CS38->US78,51032,51032,0
9,CS38->US86,57350,57350,0
9,CS38->US94,50449,50449,0
9,CS38->US102,13122,13122,0
9,CS38->US110,12666,12666,0
9,CS38->US118,54197,54197,0
9,CS38->US126,54503,54503,0
9,CS39->US7,51395,51395,0
9,CS39->US15,50768,50768,0
9,CS39->US23,50666,50666,0
9,CS39->US31,51111,51111,0
9,CS39->US39,0,0,0
9,CS39->US47,53062,53062,0
9,CS39->US55,51422,51422,0
9,CS39->US63,50588,50588,0
9,CS39->US71,0,0,0
9,CS39->US79,51404,51404,0
9,CS39->US87,56769,56769,0
9,CS39->US95,51307,51307,0
9,CS39->US103,13142,13141,0
9,CS39->US111,12809,12809,0
9,CS39->US119,54887,54887,0
9,CS39->US127,54534,54534,0
9,CS40->US0,51739,51739,0
9,CS40->US8,50785,50785,0
9,CS40->US16,51284,51284,0
9,CS40->US24,50914,50914,0
9,CS40->US32,0,0,0
9,CS40->US40,52798,52798,0
9,CS40->US48,51560,51560,0
9,CS40->US56,50740,50740,0
9,CS40->US64,0,0,0
9,CS40->US72,51336,51336,0
9,CS40->US80,56929,56929,0
9,CS40->US88,51081,51081,0
9,CS40->US96,13197,13194,0
9,CS40->US104,12732,12732,0
9,CS40->US112,54814,54814,0
9,CS40->US120,54371,54371,0
9,CS41->US1,51610,51610,0
9,CS41->US9,50233,50233,0
9,CS41->US17,50863,50863,0
9,CS41->US25,51002,51002,0
9,CS41->US33,0,0,0
9,CS41->US41,52774,52774,0
9,CS41->US49,51678,51678,0
9,CS41->US57,50663,50663,0
9,CS41->US65,0,0,0
9,CS41->US73,50819,50819,0
9,CS41->US81,57134,57134,0
9,CS41->US89,51150,51150,0
9,CS41->US97,13012,13012,0
9,CS41->US105,12965,12964,0
9,CS41->US113,54637,54637,0
9,CS41->US121,54487,54487,0
9,CS42->US2,51387,51387,0
9,CS42->US10,50456,50456,0
9,CS42->US18,50743,50743,0
9,CS42->US26,50420,50420,0
9,CS42->US34,0,0,0
9,CS42->US42,53080,53080,0
9,CS42->US50,51460,51460,0
9,CS42->US58,50989,50989,0
9,CS42->US66,0,0,0
9,CS42->US74,50685,50685,0
9,CS42->US82,56956,56956,0
9,CS42->US90,51058,51058,0
9,CS42->US98,13213,13212,0
9,CS42->US106,12575,12575,0
9,CS42->US114,54858,54858,0
9,CS42->US122,54646,54646,0
9,CS43->US3,51586,51586,0
9,CS43->US11,50291,50291,0
9,CS43->US19,50655,50655,0
9,CS43->US27,50712,50712,0
9,CS43->US35,0,0,0
9,CS43->US43,53238,53238,0
9,CS43->US51,51904,51904,0
9,CS43->US59,51047,51047,0
9,CS43->US67,0,0,0
9,CS43->US75,51291,51291,0
9,CS43->US83,56864,56864,0
9,CS43->US91,51121,51121,0
9,CS43->US99,13233,13233,0
9,CS43->US107,12714,12714,0
9,CS43->US115,54720,54720,0
9,CS43->US123,54272,54272,0
9,CS44->US4,51978,51978,0
9,CS44->US12,50827,50827,0
9,CS44->US20,50480,50480,0
9,CS44->US28,50799,50799,0
9,CS44->US36,0,0,0
9,CS44->US44,52774,52774,0
9,CS44->US52,51374,51374,0
9,CS44->US60,50474,50474,0
9,CS44->US68,0,0,0
9,CS44->US76,50996,50996,0
9,CS44->US84,56632,56632,0
9,CS44->US92,50991,50991,0
9,CS44->US100,13197,13196,0
9,CS44->US108,12883,12883,0
9,CS44->US116,54387,54387,0
9,CS44->US124,54218,54218,0
9,CS45->US5,51547,51547,0
9,CS45->US13,50843,50843,0
9,CS45->US21,50948,50948,0
9,CS45->US29,51120,51120,0
9,CS45->US37,0,0,0
9,CS45->US45,52821,52821,0
9,CS45->US53,51355,51355,0
9,CS45->US61,50525,50525,0
9,CS45->US69,0,0,0
9,CS45->US77,50723,50723,0
9,CS45->US85,56446,56446,0
9,CS45->US93,51005,51005,0
9,CS45->US101,13324,13324,0
9,CS45->US109,12872,12872,0
9,CS45->US117,54656,54656,0
9,CS45->US125,54373,54373,0
9,CS46->US6,51776,51776,0
9,CS46->US14,51203,51203,0
9,CS46->US22,50488,50488,0
9,CS46->US30,51040,51040,0
9,CS46->US38,0,0,0
9,CS46->US46,52961,52961,0
9,CS46->US54,51698,51698,0
9,CS46->US62,51012,51012,0
9,CS46->US70,0,0,0
9,CS46->US78,51187,51187,0
9,CS46->US86,56994,56994,0
9,CS46->US94,50844,50844,0
9,CS46->US102,13323,13322,0
9,CS46->US110,12840,12840,0
9,CS46->US118,54656,54656,0
9,CS46->US126,54314,54314,0
9,CS47->US7,51533,51533,0
9,CS47->US15,50285,50285,0
9,CS47->US23,50716,50716,0
9,CS47->US31,50739,50739,0
9,CS47->US39,0,0,0
9,CS47->US47,53063,53063,0
9,CS47->US55,51686,51686,0
9,CS47->US63,51039,51039,0
9,CS47->US71,0,0,0
9,CS47->US79,51171,51171,0
9,CS47->US87,56992,56992,0
9,CS47->US95,51067,51067,0
9,CS47->US103,13327,13327,0
9,CS47->US111,12793,12792,0
9,CS47->US119,54568,54568,0
9,CS47->US127,54119,54119,0
9,CS48->US0,51153,51153,0
9,CS48->US8,50125,50125,0
9,CS48->US16,50997,50997,0
9,CS48->US24,51019,51019,0
9,CS48->US32,0,0,0
9,CS48->US40,52819,52819,0
9,CS48->US48,51659,51659,0
9,CS48->US56,50511,50511,0
9,CS48->US64,0,0,0
9,CS48->US72,50906,50906,0
9,CS48->US80,56925,56925,0
9,CS48->US88,50894,50894,0
9,CS48->US96,13268,13267,0
9,CS48->US104,12736,12736,0
9,CS48->US112,54907,54907,0
9,CS48->US120,54770,54770,0
9,CS49->US1,51540,51540,0
9,CS49->US9,50422,50422,0
9,CS49->US17,51129,51129,0
9,CS49->US25,50870,50870,0
9,CS49->US33,0,0,0
9,CS49->US41,52789,52789,0
9,CS49->US49,51391,51391,0
9,CS49->US57,50539,50539,0
9,CS49->US65,0,0,0
9,CS49->US73,50605,50605,0
9,CS49->US81,57124,57124,0
9,CS49->US89,50852,50852,0
9,CS49->US97,13132,13132,0
9,CS49->US105,12771,12771,0
9,CS49->US113,54684,54684,0
9,CS49->US121,54559,54559,0
9,CS50->US2,51446,51446,0
9,CS50->US10,50757,50757,0
9,CS50->US18,50610,50610,0
9,CS50->US26,51012,51012,0
9,CS50->US34,0,0,0
9,CS50->US42,53426,53426,0
9,CS50->US50,51666,51666,0
9,CS50->US58,51089,51089,0
9,CS50->US66,0,0,0
9,CS50->US74,50993,50993,0
9,CS50->US82,56503,56503,0
9,CS50->US90,51007,51007,0
9,CS50->US98,13125,13125,0
9,CS50->US106,12793,12793,0
9,CS50->US114,54109,54109,0
9,CS50->US122,54248,54248,0
9,CS51->US3,51229,51229,0
9,CS51->US11,50314,50314,0
9,CS51->US19,50784,50784,0
9,CS51->US27,50770,50770,0
9,CS51->US35,0,0,0
9,CS51->US43,53341,53341,0
9,CS51->US51,51897,51897,0
9,CS51->US59,50714,50714,0
9,CS51->US67,0,0,0
9,CS51->US75,51179,51179,0
9,CS51->US83,56815,56815,0
9,CS51->US91,51186,51186,0
9,CS51->US99,13197,13196,0
9,CS51->US107,12700,12700,0
9,CS51->US115,54660,54660,0
9,CS51->US123,54724,54724,0
9,CS52->US4,51618,51618,0
9,CS52->US12,50534,50534,0
9,CS52->US20,50984,50984,0
9,CS52->US28,50743,50743,0
9,CS52->US36,0,0,0
9,CS52->US44,52696,52696,0
9,CS52->US52,51776,51776,0
9,CS52->US60,50545,50545,0
9,CS52->US68,0,0,0
9,CS52->US76,51213,51213,0
9,CS52->US84,56950,56950,0
9,CS52->US92,50860,50860,0
9,CS52->US100,13130,13128,0
9,CS52->US108,12801,12801,0
9,CS52->US116,54582,54582,0
9,CS52->US124,54300,54300,0
9,CS53->US5,51134,51134,0
9,CS53->US13,50706,50706,0
9,CS53->US21,50682,50682,0
9,CS53->US29,50702,50702,0
9,CS53->US37,0,0,0
9,CS53->US45,53177,53177,0
9,CS53->US53,51299,51299,0
9,CS53->US61,50502,50502,0
9,CS53->US69,0,0,0
9,CS53->US77,51307,51307,0
9,CS53->US85,56704,56704,0
9,CS53->US93,50824,50824,0
9,CS53->US101,13295,13294,0
9,CS53->US109,12884,12884,0
9,CS53->US117,54628,54628,0
9,CS53->US125,54507,54507,0
9,CS54->US6,51447,51447,0
9,CS54->US14,50443,50443,0
9,CS54->US22,50976,50976,0
9,CS54->US30,50905,50905,0
9,CS54->US38,0,0,0
9,CS54->US46,53229,53229,0
9,CS54->US54,51875,51875,0
9,CS54->US62,51139,51139,0
9,CS54->US70,0,0,0
9,CS54->US78,50689,50689,0
9,CS54->US86,56462,56462,0
9,CS54->US94,50704,50704,0
9,CS54->US102,13229,13229,0
9,CS54->US110,12532,12532,0
9,CS54->US118,54648,54648,0
9,CS54->US126,53952,53952,0
9,CS55->US7,51465,51465,0
9,CS55->US15,50422,50422,0
9,CS55->US23,50764,50764,0
9,CS55->US31,50890,50890,0
9,CS55->US39,0,0,0
9,CS55->US47,52945,52945,0
9,CS55->US55,51387,51387,0
9,CS55->US63,50725,50725,0
9,CS55->US71,0,0,0
9,CS55->US79,50338,50338,0
9,CS55->US87,56935,56935,0
9,CS55->US95,50968,50968,0
9,CS55->US103,13102,13100,0
9,CS55->US111,12683,12683,0
9,CS55->US119,54687,54687,0
9,CS55->US127,54190,54190,0
9,CS56->US0,51177,51177,0
9,CS56->US8,50555,50555,0
9,CS56->US16,50739,50739,0
9,CS56->US24,50705,50705,0
9,CS56->US32,0,0,0
9,CS56->US40,53242,53242,0
9,CS56->US48,51396,51396,0
9,CS56->US56,50720,50720,0
9,CS56->US64,0,0,0
9,CS56->US72,50940,50940,0
9,CS56->US80,56614,56614,0
9,CS56->US88,50717,50717,0
9,CS56->US96,13145,13145,0
9,CS56->US104,12871,12871,0
9,CS56->US112,54091,54091,0
9,CS56->US120,54359,54359,0
9,CS57->US1,51573,51573,0
9,CS57->US9,50646,50646,0
9,CS57->US17,50366,50366,0
9,CS57->US25,50688,50688,0
9,CS57->US33,0,0,0
9,CS57->US41,53054,53054,0
9,CS57->US49,51222,51222,0
9,CS57->US57,51158,51158,0
9,CS57->US65,0,0,0
9,CS57->US73,51180,51180,0
9,CS57->US81,56703,56703,0
9,CS57->US89,51165,51165,0
9,CS57->US97,13396,13396,0
9,CS57->US105,12737,12736,0
9,CS57->US113,54447,54447,0
9,CS57->US121,54109,54109,0
9,CS58->US2,51602,51602,0
9,CS58->US10,50792,50792,0
9,CS58->US18,51111,51111,0
9,CS58->US26,50874,50874,0
9,CS58->US34,0,0,0
9,CS58->US42,53160,53160,0
9,CS58->US50,51554,51554,0
9,CS58->US58,51224,51224,0
9,CS58->US66,0,0,0
9,CS58->US74,50911,50911,0
9,CS58->US82,56989,56989,0
9,CS58->US90,51098,51098,0
9,CS58->US98,13282,13281,0
9,CS58->US106,12811,12810,0
9,CS58->US114,54377,54377,0
9,CS58->US122,54126,54126,0
9,CS59->US3,51724,51724,0
9,CS59->US11,50736,50736,0
9,CS59->US19,50286,50286,0
9,CS59->US27,50852,50852,0
9,CS59->US35,0,0,0
9,CS59->US43,52860,52860,0
9,CS59->US51,51289,51289,0
9,CS59->US59,50763,50763,0
9,CS59->US67,0,0,0
9,CS59->US75,50935,50935,0
9,CS59->US83,56677,56677,0
9,CS59->US91,50935,50935,0
9,CS59->US99,13324,13323,0
9,CS59->US107,12844,12844,0
9,CS59->US115,54435,54435,0
9,CS59->US123,53942,53942,0
9,CS60->US4,51352,51352,0
9,CS60->US12,50326,50326,0
9,CS60->US20,50625,50625,0
9,CS60->US28,51017,51017,0
9,CS60->US36,0,0,0
9,CS60->US44,53062,53062,0
9,CS60->US52,51818,51818,0
9,CS60->US60,50803,50803,0
9,CS60->US68,0,0,0
9,CS60->US76,51369,51369,0
9,CS60->US84,56714,56714,0
9,CS60->US92,50742,50742,0
9,CS60->US100,13266,13266,0
9,CS60->US108,12704,12704,0
9,CS60->US116,54809,54809,0
9,CS60->US124,53736,53736,0
9,CS61->US5,51262,51262,0
9,CS61->US13,50390,50390,0
9,CS61->US21,51283,51283,0
9,CS61->US29,50899,50899,0
9,CS61->US37,0,0,0
9,CS61->US45,52995,52995,0
9,CS61->US53,51978,51978,0
9,CS61->US61,51007,51007,0
9,CS61->US69,0,0,0
9,CS61->US77,50878,50878,0
9,CS61->US85,56911,56911,0
9,CS61->US93,51188,51188,0
9,CS61->US101,12959,12959,0
9,CS61->US109,12611,12611,0
9,CS61->US117,54635,54635,0
9,CS61->US125,53957,53957,0
9,CS62->US6,51232,51232,0
9,CS62->US14,50173,50173,0
9,CS62->US22,50668,50668,0
9,CS62->US30,50819,50819,0
9,CS62->US38,0,0,0
9,CS62->US46,52706,52706,0
9,CS62->US54,51362,51362,0
9,CS62->US62,50619,50619,0
9,CS62->US70,0,0,0
9,CS62->US78,50902,50902,0
9,CS62->US86,56622,56622,0
9,CS62->US94,50971,50971,0
9,CS62->US102,13299,13299,0
9,CS62->US110,12701,12700,0
9,CS62->US118,54416,54416,0
9,CS62->US126,54312,54312,0
9,CS63->US7,51068,51068,0
9,CS63->US15,50520,50520,0
9,CS63->US23,50960,50960,0
9,CS63->US31,51060,51060,0
9,CS63->US39,0,0,0
9,CS63->US47,53166,53166,0
9,CS63->US55,51864,51864,0
9,CS63->US63,50763,50763,0
9,CS63->US71,0,0,0
9,CS63->US79,51018,51018,0
9,CS63->US87,57133,57133,0
9,CS63->US95,51073,51073,0
9,CS63->US103,13123,13123,0
9,CS63->US111,12587,12587,0
9,CS63->US119,54547,54547,0
9,CS63->US127,54289,54289,0
10,US0->CS0,51863,51863,0
10,US0->CS8,51346,51346,0
10,US0->CS16,51465,51465,0
10,US0->CS24,51668,51668,0
10,US0->CS32,51703,51703,0
10,US0->CS40,51826,51826,0
10,US0->CS48,51938,51938,0
10,US0->CS56,51716,51716,0
10,US1->CS1,51851,51851,0
10,US1->CS9,51370,51370,0
10,US1->CS17,51895,51895,0
10,US1->CS25,51740,51740,0
10,US1->CS33,51857,51857,0
10,US1->CS41,51957,51957,0
10,US1->CS49,51615,51615,0
10,US1->CS57,51526,51526,0
10,US2->CS2,51557,51557,0
10,US2->CS10,51712,51712,0
10,US2->CS18,51670,51670,0
10,US2->CS26,51489,51489,0
10,US2->CS34,51528,51528,0
10,US2->CS42,51746,51746,0
10,US2->CS50,51945,51945,0
10,US2->CS58,51806,51806,0
10,US3->CS3,51998,51998,0
10,US3->CS11,52090,52090,0
10,US3->CS19,51678,51678,0
10,US3->CS27,51871,51871,0
10,US3->CS35,51518,51518,0
10,US3->CS43,52162,52162,0
10,US3->CS51,52150,52150,0
10,US3->CS59,51526,51526,0
10,US4->CS4,51892,51892,0
10,US4->CS12,51869,51869,0
10,US4->CS20,51711,51711,0
10,US4->CS28,51422,51422,0
10,US4->CS36,51660,51660,0
10,US4->CS44,51653,51653,0
10,US4->CS52,52036,52036,0
10,US4->CS60,52119,52119,0
10,US5->CS5,51581,51581,0
10,US5->CS13,51906,51906,0
10,US5->CS21,51758,51758,0
10,US5->CS29,51502,51502,0
10,US5->CS37,51893,51893,0
10,US5->CS45,51628,51628,0
10,US5->CS53,51570,51570,0
10,US5->CS61,52207,52207,0
10,US6->CS6,51591,51591,0
10,US6->CS14,51890,51890,0
10,US6->CS22,51720,51720,0
10,US6->CS30,51858,51858,0
10,US6->CS38,51421,51421,0
10,US6->CS46,52011,52011,0
10,US6->CS54,52135,52135,0
10,US6->CS62,51659,51659,0
10,US7->CS7,51882,51882,0
10,US7->CS15,51760,51760,0
10,US7->CS23,51524,51524,0
10,US7->CS31,51690,51690,0
10,US7->CS39,51701,51701,0
10,US7->CS47,51940,51940,0
10,US7->CS55,51712,51712,0
10,US7->CS63,52127,52127,0
10,US8->CS0,56967,56967,0
10,US8->CS8,56790,56790,0
10,US8->CS16,56612,56612,0
10,US8->CS24,56539,56539,0
10,US8->CS32,57008,57008,0
10,US8->CS40,56901,56901,0
10,US8->CS48,56867,56867,0
10,US8->CS56,56623,56623,0
10,US9->CS1,56570,56570,0
10,US9->CS9,56786,56786,0
10,US9->CS17,56819,56819,0
10,US9->CS25,56756,56756,0
10,US9->CS33,57089,57089,0
10,US9->CS41,57086,57086,0
10,US9->CS49,57047,57047,0
10,US9->CS57,56622,56622,0
10,US10->CS2,56979,56979,0
10,US10->CS10,56942,56942,0
10,US10->CS18,56711,56711,0
10,US10->CS26,56671,56671,0
10,US10->CS34,57094,57094,0
10,US10->CS42,56947,56947,0
10,US10->CS50,56487,56487,0
10,US10->CS58,56912,56912,0
10,US11->CS3,56381,56381,0
10,US11->CS11,56911,56911,0
10,US11->CS19,56598,56598,0
10,US11->CS27,56888,56888,0
10,US11->CS35,56287,56287,0
10,US11->CS43,56802,56802,0
10,US11->CS51,56813,56813,0
10,US11->CS59,56694,56694,0
10,US12->CS4,56840,56840,0
10,US12->CS12,57053,57053,0
10,US12->CS20,56577,56577,0
10,US12->CS28,56457,56457,0
10,US12->CS36,56791,56791,0
10,US12->CS44,56654,56654,0
10,US12->CS52,56880,56880,0
10,US12->CS60,56637,56637,0
10,US13->CS5,56725,56725,0
10,US13->CS13,56447,56447,0
10,US13->CS21,56374,56374,0
10,US13->CS29,56472,56472,0
10,US13->CS37,56781,56781,0
10,US13->CS45,56417,56417,0
10,US13->CS53,56674,56674,0
10,US13->CS61,56815,56815,0
10,US14->CS6,56526,56526,0
10,US14->CS14,56860,56860,0
10,US14->CS22,56974,56974,0
10,US14->CS30,56662,56662,0
10,US14->CS38,57278,57278,0
10,US14->CS46,56955,56955,0
10,US14->CS54,56419,56419,0
10,US14->CS62,56555,56555,0
10,US15->CS7,56993,56993,0
10,US15->CS15,56792,56792,0
10,US15->CS23,56995,56995,0
10,US15->CS31,56512,56512,0
10,US15->CS39,56708,56708,0
10,US15->CS47,56991,56991,0
10,US15->CS55,56892,56892,0
10,US15->CS63,57104,57104,0
10,US16->CS0,54369,54369,0
10,US16->CS8,54723,54723,0
10,US16->CS16,54521,54521,0
10,US16->CS24,54613,54613,0
10,US16->CS32,54393,54393,0
10,US16->CS40,54448,54448,0
10,US16->CS48,54817,54817,0
10,US16->CS56,54469,54469,0
10,US17->CS1,54547,54547,0
10,US17->CS9,54692,54692,0
10,US17->CS17,54463,54463,0
10,US17->CS25,54439,54439,0
10,US17->CS33,54647,54647,0
10,US17->CS41,54568,54568,0
10,US17->CS49,54561,54561,0
10,US17->CS57,54219,54219,0
10,US18->CS2,53991,53991,0
10,US18->CS10,54462,54462,0
10,US18->CS18,54469,54469,0
10,US18->CS26,54412,54412,0
10,US18->CS34,53908,53908,0
10,US18->CS42,54723,54723,0
10,US18->CS50,54370,54370,0
10,US18->CS58,54150,54150,0
10,US19->CS3,54737,54737,0
10,US19->CS11,54306,54306,0
10,US19->CS19,54308,54308,0
10,US19->CS27,54381,54381,0
10,US19->CS35,54724,54724,0
10,US19->CS43,54311,54311,0
10,US19->CS51,54774,54774,0
10,US19->CS59,54024,54024,0
10,US20->CS4,54646,54646,0
10,US20->CS12,54484,54484,0
10,US20->CS20,54390,54390,0
10,US20->CS28,54932,54932,0
10,US20->CS36,54460,54460,0
10,US20->CS44,54281,54281,0
10,US20->CS52,54328,54328,0
10,US20->CS60,53783,53783,0
10,US21->CS5,54166,54166,0
10,US21->CS13,54568,54568,0
10,US21->CS21,54662,54662,0
10,US21->CS29,54509,54509,0
10,US21->CS37,54283,54283,0
10,US21->CS45,54415,54415,0
10,US21->CS53,54535,54535,0
10,US21->CS61,54063,54063,0
10,US22->CS6,54059,54059,0
10,US22->CS14,54469,54469,0
10,US22->CS22,54782,54782,0
10,US22->CS30,54540,54540,0
10,US22->CS38,54585,54585,0
10,US22->CS46,54327,54327,0
10,US22->CS54,54008,54008,0
10,US22->CS62,54347,54347,0
10,US23->CS7,54535,54535,0
10,US23->CS15,54464,54464,0
10,US23->CS23,54684,54684,0
10,US23->CS31,54426,54426,0
10,US23->CS39,54589,54589,0
10,US23->CS47,54230,54230,0
10,US23->CS55,54231,54231,0
10,US23->CS63,54331,54331,0
10,US24->CS0,50823,50823,0
10,US24->CS8,50966,50966,0
10,US24->CS16,50392,50392,0
10,US24->CS24,50841,50841,0
10,US24->CS32,50827,50827,0
10,US24->CS40,50654,50654,0
10,US24->CS48,50375,50375,0
10,US24->CS56,50617,50617,0
10,US25->CS1,50677,50677,0
10,US25->CS9,50233,50233,0
10,US25->CS17,50610,50610,0
10,US25->CS25,50481,50481,0
10,US25->CS33,50660,50660,0
10,US25->CS41,50552,50552,0
10,US25->CS49,50401,50401,0
10,US25->CS57,51021,51021,0
10,US26->CS2,50443,50443,0
10,US26->CS10,50766,50766,0
10,US26->CS18,50953,50953,0
10,US26->CS26,50755,50755,0
10,US26->CS34,50610,50610,0
10,US26->CS42,50937,50937,0
10,US26->CS50,50935,50935,0
10,US26->CS58,51085,51085,0
10,US27->CS3,50969,50969,0
10,US27->CS11,50877,50877,0
10,US27->CS19,50504,50504,0
10,US27->CS27,50720,50720,0
10,US27->CS35,50802,50802,0
10,US27->CS43,50929,50929,0
10,US27->CS51,50534,50534,0
10,US27->CS59,50650,50650,0
10,US28->CS4,50702,50702,0
10,US28->CS12,50643,50643,0
10,US28->CS20,50563,50563,0
10,US28->CS28,50900,50900,0
10,US28->CS36,50544,50544,0
10,US28->CS44,50370,50370,0
10,US28->CS52,50430,50430,0
10,US28->CS60,50725,50725,0
10,US29->CS5,50082,50082,0
10,US29->CS13,50262,50262,0
10,US29->CS21,50233,50233,0
10,US29->CS29,50474,50474,0
10,US29->CS37,50321,50321,0
10,US29->CS45,50421,50421,0
10,US29->CS53,50442,50442,0
10,US29->CS61,50904,50904,0
10,US30->CS6,50638,50638,0
10,US30->CS14,50490,50490,0
10,US30->CS22,50924,50924,0
10,US30->CS30,50603,50603,0
10,US30->CS38,50647,50647,0
10,US30->CS46,50903,50903,0
10,US30->CS54,50952,50952,0
10,US30->CS62,50501,50501,0
10,US31->CS7,50260,50260,0
10,US31->CS15,50675,50675,0
10,US31->CS23,50647,50647,0
10,US31->CS31,50607,50607,0
10,US31->CS39,50532,50532,0
10,US31->CS47,50914,50914,0
10,US31->CS55,50578,50578,0
10,US31->CS63,50693,50693,0
10,US32->CS0,0,0,0
10,US32->CS8,0,0,0
10,US32->CS16,0,0,0
10,US32->CS24,0,0,0
10,US32->CS32,0,0,0
10,US32->CS40,0,0,0
10,US32->CS48,0,0,0
10,US32->CS56,0,0,0
10,US33->CS1,0,0,0
10,US33->CS9,0,0,0
10,US33->CS17,0,0,0
10,US33->CS25,0,0,0
10,US33->CS33,0,0,0
10,US33->CS41,0,0,0
10,US33->CS49,0,0,0
10,US33->CS57,0,0,0
10,US34->CS2,0,0,0
10,US34->CS10,0,0,0
10,US34->CS18,0,0,0
10,US34->CS26,0,0,0
10,US34->CS34,0,0,0
10,US34->CS42,0,0,0
10,US34->CS50,0,0,0
10,US34->CS58,0,0,0
10,US35->CS3,0,0,0
10,US35->CS11,0,0,0
10,US35->CS19,0,0,0
10,US35->CS27,0,0,0
10,US35->CS35,0,0,0
10,US35->CS43,0,0,0
10,US35->CS51,0,0,0
10,US35->CS59,0,0,0
10,US36->CS4,0,0,0
10,US36->CS12,0,0,0
10,US36->CS20,0,0,0
10,US36->CS28,0,0,0
10,US36->CS36,0,0,0
10,US36->CS44,0,0,0
10,US36->CS52,0,0,0
10,US36->CS60,0,0,0
10,US37->CS5,0,0,0
10,US37->CS13,0,0,0
10,US37->CS21,0,0,0
10,US37->CS29,0,0,0
10,US37->CS37,0,0,0
10,US37->CS45,0,0,0
10,US37->CS53,0,0,0
10,US37->CS61,0,0,0
10,US38->CS6,0,0,0
10,US38->CS14,0,0,0
10,US38->CS22,0,0,0
10,US38->CS30,0,0,0
10,US38->CS38,0,0,0
10,US38->CS46,0,0,0
10,US38->CS54,0,0,0
10,US38->CS62,0,0,0
10,US39->CS7,0,0,0
10,US39->CS15,0,0,0
10,US39->CS23,0,0,0
10,US39->CS31,0,0,0
10,US39->CS39,0,0,0
10,US39->CS47,0,0,0
10,US39->CS55,0,0,0
10,US39->CS63,0,0,0
10,US40->CS0,54661,54661,0
10,US40->CS8,54477,54477,0
10,US40->CS16,54693,54693,0
10,US40->CS24,54863,54863,0
10,US40->CS32,54469,54469,0
10,US40->CS40,54836,54836,0
10,US40->CS48,54821,54821,0
10,US40->CS56,53970,53970,0
10,US41->CS1,54253,54253,0
10,US41->CS9,54655,54655,0
10,US41->CS17,54893,54893,0
10,US41->CS25,54839,54839,0
10,US41->CS33,54642,54642,0
10,US41->CS41,54577,54577,0
10,US41->CS49,54713,54713,0
10,US41->CS57,54302,54302,0
10,US42->CS2,54208,54208,0
10,US42->CS10,54490,54490,0
10,US42->CS18,54288,54288,0
10,US42->CS26,54393,54393,0
10,US42->CS34,54375,54375,0
10,US42->CS42,54783,54783,0
10,US42->CS50,54070,54070,0
10,US42->CS58,54303,54303,0
10,US43->CS3,54330,54330,0
10,US43->CS11,54507,54507,0
10,US43->CS19,54157,54157,0
10,US43->CS27,54630,54630,0
10,US43->CS35,54703,54703,0
10,US43->CS43,54670,54670,0
10,US43->CS51,54628,54628,0
10,US43->CS59,54392,54392,0
10,US44->CS4,54358,54358,0
10,US44->CS12,54782,54782,0
10,US44->CS20,54563,54563,0
10,US44->CS28,54240,54240,0
10,US44->CS36,54467,54467,0
10,US44->CS44,54319,54319,0
10,US44->CS52,54510,54510,0
10,US44->CS60,54817,54817,0
10,US45->CS5,54980,54980,0
10,US45->CS13,54693,54693,0
10,US45->CS21,54565,54565,0
10,US45->CS29,54867,54867,0
10,US45->CS37,54584,54584,0
10,US45->CS45,54576,54576,0
10,US45->CS53,54588,54588,0
10,US45->CS61,54621,54621,0
10,US46->CS6,54262,54262,0
10,US46->CS14,54898,54898,0
10,US46->CS22,54356,54356,0
10,US46->CS30,54898,54898,0
10,US46->CS38,54105,54105,0
10,US46->CS46,54540,54540,0
10,US46->CS54,54621,54621,0
10,US46->CS62,54294,54294,0
10,US47->CS7,54486,54486,0
10,US47->CS15,54387,54387,0
10,US47->CS23,54941,54941,0
10,US47->CS31,55009,55009,0
10,US47->CS39,54837,54837,0
10,US47->CS47,54518,54518,0
10,US47->CS55,54535,54535,0
10,US47->CS63,54488,54488,0
10,US48->CS0,51826,51826,0
10,US48->CS8,51933,51933,0
10,US48->CS16,51667,51667,0
10,US48->CS24,51680,51680,0
10,US48->CS32,51513,51513,0
10,US48->CS40,51977,51977,0
10,US48->CS48,51401,51401,0
10,US48->CS56,51444,51444,0
10,US49->CS1,52203,52203,0
10,US49->CS9,52019,52019,0
10,US49->CS17,51619,51619,0
10,US49->CS25,51334,51334,0
10,US49->CS33,51849,51849,0
10,US49->CS41,51889,51889,0
10,US49->CS49,51830,51830,0
10,US49->CS57,51864,51864,0
10,US50->CS2,51542,51542,0
10,US50->CS10,51753,51753,0
10,US50->CS18,51613,51613,0
10,US50->CS26,51665,51665,0
10,US50->CS34,51747,51747,0
10,US50->CS42,51648,51648,0
10,US50->CS50,51718,51718,0
10,US50->CS58,51839,51839,0
10,US51->CS3,52136,52136,0
10,US51->CS11,51404,51404,0
10,US51->CS19,51900,51900,0
10,US51->CS27,51942,51942,0
10,US51->CS35,52021,52021,0
10,US51->CS43,51874,51874,0
10,US51->CS51,51520,51520,0
10,US51->CS59,51977,51977,0
10,US52->CS4,51614,51614,0
10,US52->CS12,51692,51692,0
10,US52->CS20,51541,51541,0
10,US52->CS28,51602,51602,0
10,US52->CS36,51990,51990,0
10,US52->CS44,52243,52243,0
10,US52->CS52,51821,51821,0
10,US52->CS60,51604,51604,0
10,US53->CS5,52134,52134,0
10,US53->CS13,51630,51630,0
10,US53->CS21,51674,51674,0
10,US53->CS29,51715,51715,0
10,US53->CS37,51549,51549,0
10,US53->CS45,51824,51824,0
10,US53->CS53,51396,51396,0
10,US53->CS61,51569,51569,0
10,US54->CS6,51792,51792,0
10,US54->CS14,52336,52336,0
10,US54->CS22,51629,51629,0
10,US54->CS30,51856,51856,0
10,US54->CS38,51735,51735,0
10,US54->CS46,52035,52035,0
10,US54->CS54,51715,51715,0
10,US54->CS62,51493,51493,0
10,US55->CS7,51733,51733,0
10,US55->CS15,51950,51950,0
10,US55->CS23,51706,51706,0
10,US55->CS31,51861,51861,0
10,US55->CS39,51696,51696,0
10,US55->CS47,51832,51832,0
10,US55->CS55,51777,51777,0
10,US55->CS63,51363,51363,0
10,US56->CS0,50833,50833,0
10,US56->CS8,50920,50920,0
10,US56->CS16,50605,50605,0
10,US56->CS24,51014,51014,0
10,US56->CS32,51081,51081,0
10,US56->CS40,50778,50778,0
10,US56->CS48,50881,50881,0
10,US56->CS56,50603,50603,0
10,US57->CS1,50694,50694,0
10,US57->CS9,50883,50883,0
10,US57->CS17,51176,51176,0
10,US57->CS25,50641,50641,0
10,US57->CS33,50513,50513,0
10,US57->CS41,50914,50914,0
10,US57->CS49,50705,50705,0
10,US57->CS57,50562,50562,0
10,US58->CS2,51312,51312,0
10,US58->CS10,50621,50621,0
10,US58->CS18,50904,50904,0
10,US58->CS26,50679,50679,0
10,US58->CS34,50700,50700,0
10,US58->CS42,50319,50319,0
10,US58->CS50,50923,50923,0
10,US58->CS58,50785,50785,0
10,US59->CS3,51024,51024,0
10,US59->CS11,50530,50530,0
10,US59->CS19,50237,50237,0
10,US59->CS27,50806,50806,0
10,US59->CS35,50621,50621,0
10,US59->CS43,50641,50641,0
10,US59->CS51,50611,50611,0
10,US59->CS59,50703,50703,0
10,US60->CS4,50575,50575,0
10,US60->CS12,50440,50440,0
10,US60->CS20,50558,50558,0
10,US60->CS28,50152,50152,0
10,US60->CS36,51047,51047,0
10,US60->CS44,50632,50632,0
10,US60->CS52,50653,50653,0
10,US60->CS60,50929,50929,0
10,US61->CS5,50762,50762,0
10,US61->CS13,50564,50564,0
10,US61->CS21,50692,50692,0
10,US61->CS29,51026,51026,0
10,US61->CS37,50802,50802,0
10,US61->CS45,50978,50978,0
10,US61->CS53,50632,50632,0
10,US61->CS61,50834,50834,0
10,US62->CS6,50884,50884,0
10,US62->CS14,50634,50634,0
10,US62->CS22,50513,50513,0
10,US62->CS30,50213,50213,0
10,US62->CS38,50343,50343,0
10,US62->CS46,50916,50916,0
10,US62->CS54,50756,50756,0
10,US62->CS62,50723,50723,0
10,US63->CS7,50455,50455,0
10,US63->CS15,50816,50816,0
10,US63->CS23,50744,50744,0
10,US63->CS31,51071,51071,0
10,US63->CS39,50996,50996,0
10,US63->CS47,50622,50622,0
10,US63->CS55,50816,50816,0
10,US63->CS63,50885,50885,0
10,US64->CS0,0,0,0
10,US64->CS8,0,0,0
10,US64->CS16,0,0,0
10,US64->CS24,0,0,0
10,US64->CS32,0,0,0
10,US64->CS40,0,0,0
10,US64->CS48,0,0,0
10,US64->CS56,0,0,0
10,US65->CS1,0,0,0
10,US65->CS9,0,0,0
10,US65->CS17,0,0,0
10,US65->CS25,0,0,0
10,US65->CS33,0,0,0
10,US65->CS41,0,0,0
10,US65->CS49,0,0,0
10,US65->CS57,0,0,0
10,US66->CS2,0,0,0
10,US66->CS10,0,0,0
10,US66->CS18,0,0,0
10,US66->CS26,0,0,0
10,US66->CS34,0,0,0
10,US66->CS42,0,0,0
10,US66->CS50,0,0,0
10,US66->CS58,0,0,0
10,US67->CS3,0,0,0
10,US67->CS11,0,0,0
10,US67->CS19,0,0,0
10,US67->CS27,0,0,0
10,US67->CS35,0,0,0
10,US67->CS43,0,0,0
10,US67->CS51,0,0,0
10,US67->CS59,0,0,0
10,US68->CS4,0,0,0
10,US68->CS12,0,0,0
10,US68->CS20,0,0,0
10,US68->CS28,0,0,0
10,US68->CS36,0,0,0
10,US68->CS44,0,0,0
10,US68->CS52,0,0,0
10,US68->CS60,0,0,0
10,US69->CS5,0,0,0
10,US69->CS13,0,0,0
10,US69->CS21,0,0,0
10,US69->CS29,0,0,0
10,US69->CS37,0,0,0
10,US69->CS45,0,0,0
10,US69->CS53,0,0,0
10,US69->CS61,0,0,0
10,US70->CS6,0,0,0
10,US70->CS14,0,0,0
10,US70->CS22,0,0,0
10,US70->CS30,0,0,0
10,US70->CS38,0,0,0
10,US70->CS46,0,0,0
10,US70->CS54,0,0,0
10,US70->CS62,0,0,0
10,US71->CS7,0,0,0
10,US71->CS15,0,0,0
10,US71->CS23,0,0,0
10,US71->CS31,0,0,0
10,US71->CS39,0,0,0
10,US71->CS47,0,0,0
10,US71->CS55,0,0,0
10,US71->CS63,0,0,0
10,US72->CS0,51184,51184,0
10,US72->CS8,51281,51281,0
10,US72->CS16,51254,51254,0
10,US72->CS24,50890,50890,0
10,US72->CS32,50768,50768,0
10,US72->CS40,51002,51002,0
10,US72->CS48,50845,50845,0
10,US72->CS56,50641,50641,0
10,US73->CS1,50540,50540,0
10,US73->CS9,50798,50798,0
10,US73->CS17,50924,50924,0
10,US73->CS25,51171,51171,0
10,US73->CS33,50927,50927,0
10,US73->CS41,51085,51085,0
10,US73->CS49,50914,50914,0
10,US73->CS57,51092,51092,0
10,US74->CS2,50898,50898,0
10,US74->CS10,50783,50783,0
10,US74->CS18,51064,51064,0
10,US74->CS26,51117,51117,0
10,US74->CS34,50917,50917,0
10,US74->CS42,50991,50991,0
10,US74->CS50,50935,50935,0
10,US74->CS58,51007,51007,0
10,US75->CS3,51115,51115,0
10,US75->CS11,51080,51080,0
10,US75->CS19,50971,50971,0
10,US75->CS27,50826,50826,0
10,US75->CS35,50790,50790,0
10,US75->CS43,51059,51059,0
10,US75->CS51,51136,51136,0
10,US75->CS59,50859,50859,0
10,US76->CS4,51086,51086,0
10,US76->CS12,51008,51008,0
10,US76->CS20,50981,50981,0
10,US76->CS28,51151,51151,0
10,US76->CS36,51012,51012,0
10,US76->CS44,50934,50934,0
10,US76->CS52,50835,50835,0
10,US76->CS60,50699,50699,0
10,US77->CS5,50789,50789,0
10,US77->CS13,51356,51356,0
10,US77->CS21,51136,51136,0
10,US77->CS29,50920,50920,0
10,US77->CS37,50715,50715,0
10,US77->CS45,50971,50971,0
10,US77->CS53,50769,50769,0
10,US77->CS61,51163,51163,0
10,US78->CS6,50853,50853,0
10,US78->CS14,50969,50969,0
10,US78->CS22,50894,50894,0
10,US78->CS30,51001,51001,0
10,US78->CS38,50451,50451,0
10,US78->CS46,50862,50862,0
10,US78->CS54,50696,50696,0
10,US78->CS62,50947,50947,0
10,US79->CS7,50867,50867,0
10,US79->CS15,51038,51038,0
10,US79->CS23,51207,51207,0
10,US79->CS31,51118,51118,0
10,US79->CS39,51301,51301,0
10,US79->CS47,50988,50988,0
10,US79->CS55,50974,50974,0
10,US79->CS63,51023,51023,0
10,US80->CS0,50177,50177,0
10,US80->CS8,50140,50140,0
10,US80->CS16,50034,50034,0
10,US80->CS24,50464,50464,0
10,US80->CS32,50539,50539,0
10,US80->CS40,50654,50654,0
10,US80->CS48,50075,50075,0
10,US80->CS56,50436,50436,0
10,US81->CS1,50717,50717,0
10,US81->CS9,50615,50615,0
10,US81->CS17,50369,50369,0
10,US81->CS25,50326,50326,0
10,US81->CS33,50492,50492,0
10,US81->CS41,50152,50152,0
10,US81->CS49,50345,50345,0
10,US81->CS57,50542,50542,0
10,US82->CS2,50827,50827,0
10,US82->CS10,50608,50608,0
10,US82->CS18,49998,49998,0
10,US82->CS26,50861,50861,0
10,US82->CS34,50411,50411,0
10,US82->CS42,50357,50357,0
10,US82->CS50,50672,50672,0
10,US82->CS58,50718,50718,0
10,US83->CS3,50128,50128,0
10,US83->CS11,50423,50423,0
10,US83->CS19,50759,50759,0
10,US83->CS27,51073,51073,0
10,US83->CS35,50521,50521,0
10,US83->CS43,50184,50184,0
10,US83->CS51,50303,50303,0
10,US83->CS59,50628,50628,0
10,US84->CS4,50171,50171,0
10,US84->CS12,50384,50384,0
10,US84->CS20,50583,50583,0
10,US84->CS28,50365,50365,0
10,US84->CS36,50488,50488,0
10,US84->CS44,50743,50743,0
10,US84->CS52,50460,50460,0
10,US84->CS60,50226,50226,0
10,US85->CS5,50411,50411,0
10,US85->CS13,50675,50675,0
10,US85->CS21,50250,50250,0
10,US85->CS29,50069,50069,0
10,US85->CS37,50528,50528,0
10,US85->CS45,50752,50752,0
10,US85->CS53,50631,50631,0
10,US85->CS61,50254,50254,0
10,US86->CS6,50347,50347,0
10,US86->CS14,50225,50225,0
10,US86->CS22,50696,50696,0
10,US86->CS30,50619,50619,0
10,US86->CS38,50318,50318,0
10,US86->CS46,51124,51124,0
10,US86->CS54,50361,50361,0
10,US86->CS62,50111,50111,0
10,US87->CS7,50183,50183,0
10,US87->CS15,50418,50418,0
10,US87->CS23,50758,50758,0
10,US87->CS31,50439,50439,0
10,US87->CS39,50631,50631,0
10,US87->CS47,50166,50166,0
10,US87->CS55,50370,50370,0
10,US87->CS63,50412,50412,0
10,US88->CS0,50890,50890,0
10,US88->CS8,51094,51094,0
10,US88->CS16,51095,51095,0
10,US88->CS24,51055,51055,0
10,US88->CS32,51109,51109,0
10,US88->CS40,51323,51323,0
10,US88->CS48,50928,50928,0
10,US88->CS56,51003,51003,0
10,US89->CS1,50978,50978,0
10,US89->CS9,51139,51139,0
10,US89->CS17,51021,51021,0
10,US89->CS25,51053,51053,0
10,US89->CS33,50852,50852,0
10,US89->CS41,50852,50852,0
10,US89->CS49,50679,50679,0
10,US89->CS57,51313,51313,0
10,US90->CS2,51015,51015,0
10,US90->CS10,51666,51666,0
10,US90->CS18,51092,51092,0
10,US90->CS26,51140,51140,0
10,US90->CS34,50815,50815,0
10,US90->CS42,50756,50756,0
10,US90->CS50,50997,50997,0
10,US90->CS58,51038,51038,0
10,US91->CS3,51175,51175,0
10,US91->CS11,50932,50932,0
10,US91->CS19,51170,51170,0
10,US91->CS27,51062,51062,0
10,US91->CS35,50597,50597,0
10,US91->CS43,51351,51351,0
10,US91->CS51,51249,51249,0
10,US91->CS59,50991,50991,0
10,US92->CS4,50976,50976,0
10,US92->CS12,51024,51024,0
10,US92->CS20,50568,50568,0
10,US92->CS28,51211,51211,0
10,US92->CS36,50847,50847,0
10,US92->CS44,51069,51069,0
10,US92->CS52,51278,51278,0
10,US92->CS60,51329,51329,0
10,US93->CS5,50814,50814,0
10,US93->CS13,50645,50645,0
10,US93->CS21,51394,51394,0
10,US93->CS29,51079,51079,0
10,US93->CS37,51086,51086,0
10,US93->CS45,50838,50838,0
10,US93->CS53,51327,51327,0
10,US93->CS61,50926,50926,0
10,US94->CS6,50775,50775,0
10,US94->CS14,50845,50845,0
10,US94->CS22,50970,50970,0
10,US94->CS30,51010,51010,0
10,US94->CS38,51130,51130,0
10,US94->CS46,51243,51243,0
10,US94->CS54,50770,50770,0
10,US94->CS62,51023,51023,0
10,US95->CS7,50963,50963,0
10,US95->CS15,51056,51056,0
10,US95->CS23,50492,50492,0
10,US95->CS31,51191,51191,0
10,US95->CS39,51510,51510,0
10,US95->CS47,51278,51278,0
10,US95->CS55,50438,50438,0
10,US95->CS63,51116,51116,0
10,US96->CS0,50442,50442,0
10,US96->CS8,50209,50209,0
10,US96->CS16,50683,50683,0
10,US96->CS24,50951,50951,0
10,US96->CS32,50267,50267,0
10,US96->CS40,50391,50391,0
10,US96->CS48,50754,50754,0
10,US96->CS56,51041,51041,0
10,US97->CS1,50532,50532,0
10,US97->CS9,50526,50526,0
10,US97->CS17,50215,50215,0
10,US97->CS25,50634,50634,0
10,US97->CS33,50776,50776,0
10,US97->CS41,50837,50837,0
10,US97->CS49,50376,50376,0
10,US97->CS57,50480,50480,0
10,US98->CS2,50300,50300,0
10,US98->CS10,50607,50607,0
10,US98->CS18,50528,50528,0
10,US98->CS26,50406,50406,0
10,US98->CS34,50796,50796,0
10,US98->CS42,50310,50310,0
10,US98->CS50,50107,50107,0
10,US98->CS58,50445,50445,0
10,US99->CS3,50483,50483,0
10,US99->CS11,50382,50382,0
10,US99->CS19,50386,50386,0
10,US99->CS27,50298,50298,0
10,US99->CS35,50537,50537,0
10,US99->CS43,50266,50266,0
10,US99->CS51,50321,50321,0
10,US99->CS59,50704,50704,0
10,US100->CS4,50245,50245,0
10,US100->CS12,50501,50501,0
10,US100->CS20,51199,51199,0
10,US100->CS28,50883,50883,0
10,US100->CS36,50772,50772,0
10,US100->CS44,50445,50445,0
10,US100->CS52,50417,50417,0
10,US100->CS60,50651,50651,0
10,US101->CS5,50797,50797,0
10,US101->CS13,50292,50292,0
10,US101->CS21,50312,50312,0
10,US101->CS29,50297,50297,0
10,US101->CS37,50476,50476,0
10,US101->CS45,50695,50695,0
10,US101->CS53,50801,50801,0
10,US101->CS61,50112,50112,0
10,US102->CS6,50727,50727,0
10,US102->CS14,50620,50620,0
10,US102->CS22,50344,50344,0
10,US102->CS30,50510,50510,0
10,US102->CS38,50589,50589,0
10,US102->CS46,50748,50748,0
10,US102->CS54,50331,50331,0
10,US102->CS62,50477,50477,0
10,US103->CS7,50220,50220,0
10,US103->CS15,50552,50552,0
10,US103->CS23,50489,50489,0
10,US103->CS31,50306,50306,0
10,US103->CS39,50635,50635,0
10,US103->CS47,50851,50851,0
10,US103->CS55,50761,50761,0
10,US103->CS63,50444,50444,0
10,US104->CS0,50295,50295,0
10,US104->CS8,50202,50202,0
10,US104->CS16,50173,50173,0
10,US104->CS24,50540,50540,0
10,US104->CS32,50185,50185,0
10,US104->CS40,50517,50517,0
10,US104->CS48,50477,50477,0
10,US104->CS56,50166,50166,0
10,US105->CS1,50060,50060,0
10,US105->CS9,50425,50425,0
10,US105->CS17,50571,50571,0
10,US105->CS25,50627,50627,0
10,US105->CS33,50197,50197,0
10,US105->CS41,50214,50214,0
10,US105->CS49,50304,50304,0
10,US105->CS57,50316,50316,0
10,US106->CS2,50460,50460,0
10,US106->CS10,50133,50133,0
10,US106->CS18,50650,50650,0
10,US106->CS26,50403,50403,0
10,US106->CS34,50335,50335,0
10,US106->CS42,50144,50144,0
10,US106->CS50,50257,50257,0
10,US106->CS58,49982,49982,0
10,US107->CS3,50433,50433,0
10,US107->CS11,50622,50622,0
10,US107->CS19,50447,50447,0
10,US107->CS27,50714,50714,0
10,US107->CS35,50622,50622,0
10,US107->CS43,50501,50501,0
10,US107->CS51,50260,50260,0
10,US107->CS59,50210,50210,0
10,US108->CS4,50151,50151,0
10,US108->CS12,50277,50277,0
10,US108->CS20,50594,50594,0
10,US108->CS28,50421,50421,0
10,US108->CS36,50647,50647,0
10,US108->CS44,50406,50406,0
10,US108->CS52,50179,50179,0
10,US108->CS60,50125,50125,0
10,US109->CS5,50017,50017,0
10,US109->CS13,50688,50688,0
10,US109->CS21,50462,50462,0
10,US109->CS29,50490,50490,0
10,US109->CS37,50122,50122,0
10,US109->CS45,50497,50497,0
10,US109->CS53,50560,50560,0
10,US109->CS61,50057,50057,0
10,US110->CS6,50610,50610,0
10,US110->CS14,50415,50415,0
10,US110->CS22,50380,50380,0
10,US110->CS30,50345,50345,0
10,US110->CS38,50322,50322,0
10,US110->CS46,50286,50286,0
10,US110->CS54,50197,50197,0
10,US110->CS62,50612,50612,0
10,US111->CS7,50211,50211,0
10,US111->CS15,50708,50708,0
10,US111->CS23,50469,50469,0
10,US111->CS31,50336,50336,0
10,US111->CS39,50444,50444,0
10,US111->CS47,50394,50394,0
10,US111->CS55,50022,50022,0
10,US111->CS63,50872,50872,0
10,US112->CS0,52608,52608,0
10,US112->CS8,52902,52902,0
10,US112->CS16,52536,52536,0
10,US112->CS24,53440,53440,0
10,US112->CS32,52774,52774,0
10,US112->CS40,52850,52850,0
10,US112->CS48,52816,52816,0
10,US112->CS56,53250,53250,0
10,US113->CS1,52804,52804,0
10,US113->CS9,53190,53190,0
10,US113->CS17,52863,52863,0
10,US113->CS25,53093,53093,0
10,US113->CS33,52989,52989,0
10,US113->CS41,52752,52752,0
10,US113->CS49,52705,52705,0
10,US113->CS57,53031,53031,0
10,US114->CS2,53166,53166,0
10,US114->CS10,53495,53495,0
10,US114->CS18,53276,53276,0
10,US114->CS26,52762,52762,0
10,US114->CS34,53164,53164,0
10,US114->CS42,53069,53069,0
10,US114->CS50,53428,53428,0
10,US114->CS58,53235,53235,0
10,US115->CS3,53408,53408,0
10,US115->CS11,53200,53200,0
10,US115->CS19,52580,52580,0
10,US115->CS27,52688,52688,0
10,US115->CS35,52806,52806,0
10,US115->CS43,53247,53247,0
10,US115->CS51,53324,53324,0
10,US115->CS59,52871,52871,0
10,US116->CS4,53220,53220,0
10,US116->CS12,52644,52644,0
10,US116->CS20,53045,53045,0
10,US116->CS28,52920,52920,0
10,US116->CS36,53201,53201,0
10,US116->CS44,52765,52765,0
10,US116->CS52,52726,52726,0
10,US116->CS60,53079,53079,0
10,US117->CS5,52860,52860,0
10,US117->CS13,53292,53292,0
10,US117->CS21,52940,52940,0
10,US117->CS29,53154,53154,0
10,US117->CS37,52832,52832,0
10,US117->CS45,52816,52816,0
10,US117->CS53,53168,53168,0
10,US117->CS61,52923,52923,0
10,US118->CS6,52856,52856,0
10,US118->CS14,52913,52913,0
10,US118->CS22,52867,52867,0
10,US118->CS30,52934,52934,0
10,US118->CS38,52873,52873,0
10,US118->CS46,52919,52919,0
10,US118->CS54,53210,53210,0
10,US118->CS62,52686,52686,0
10,US119->CS7,53245,53245,0
10,US119->CS15,53269,53269,0
10,US119->CS23,52939,52939,0
10,US119->CS31,53077,53077,0
10,US119->CS39,52971,52971,0
10,US119->CS47,53035,53035,0
10,US119->CS55,52871,52871,0
10,US119->CS63,53150,53150,0
10,US120->CS0,51064,51064,0
10,US120->CS8,50390,50390,0
10,US120->CS16,50996,50996,0
10,US120->CS24,50796,50796,0
10,US120->CS32,50874,50874,0
10,US120->CS40,51183,51183,0
10,US120->CS48,51005,51005,0
10,US120->CS56,50604,50604,0
10,US121->CS1,51110,51110,0
10,US121->CS9,50716,50716,0
10,US121->CS17,50655,50655,0
10,US121->CS25,50668,50668,0
10,US121->CS33,50882,50882,0
10,US121->CS41,50775,50775,0
10,US121->CS49,51042,51042,0
10,US121->CS57,50299,50299,0
10,US122->CS2,51191,51191,0
10,US122->CS10,50715,50715,0
10,US122->CS18,50571,50571,0
10,US122->CS26,50756,50756,0
10,US122->CS34,50944,50944,0
10,US122->CS42,50605,50605,0
10,US122->CS50,50516,50516,0
10,US122->CS58,51024,51024,0
10,US123->CS3,50968,50968,0
10,US123->CS11,50573,50573,0
10,US123->CS19,50681,50681,0
10,US123->CS27,50765,50765,0
10,US123->CS35,50526,50526,0
10,US123->CS43,50551,50551,0
10,US123->CS51,50690,50690,0
10,US123->CS59,50185,50185,0
10,US124->CS4,50614,50614,0
10,US124->CS12,50623,50623,0
10,US124->CS20,51059,51059,0
10,US124->CS28,50554,50554,0
10,US124->CS36,50723,50723,0
10,US124->CS44,50361,50361,0
10,US124->CS52,50930,50930,0
10,US124->CS60,50557,50557,0
10,US125->CS5,50483,50483,0
10,US125->CS13,51252,51252,0
10,US125->CS21,50760,50760,0
10,US125->CS29,50697,50697,0
10,US125->CS37,50736,50736,0
10,US125->CS45,50831,50831,0
10,US125->CS53,50586,50586,0
10,US125->CS61,51234,51234,0
10,US126->CS6,50975,50975,0
10,US126->CS14,50902,50902,0
10,US126->CS22,51146,51146,0
10,US126->CS30,50386,50386,0
10,US126->CS38,50761,50761,0
10,US126->CS46,50393,50393,0
10,US126->CS54,50861,50861,0
10,US126->CS62,50570,50570,0
10,US127->CS7,51222,51222,0
10,US127->CS15,50401,50401,0
10,US127->CS23,50544,50544,0
10,US127->CS31,50992,50992,0
10,US127->CS39,50542,50542,0
10,US127->CS47,50572,50572,0
10,US127->CS55,50652,50652,0
10,US127->CS63,50870,50870,0
10,CS0->US0,51565,51565,0
10,CS0->US8,50243,50243,0
10,CS0->US16,51169,51169,0
10,CS0->US24,50897,50897,0
10,CS0->US32,0,0,0
10,CS0->US40,52611,52611,0
10,CS0->US48,51599,51599,0
10,CS0->US56,50912,50912,0
10,CS0->US64,0,0,0
10,CS0->US72,50839,50839,0
10,CS0->US80,57024,57024,0
10,CS0->US88,51247,51247,0
10,CS0->US96,50398,50398,0
10,CS0->US104,50483,50483,0
10,CS0->US112,54709,54709,0
10,CS0->US120,54306,54306,0
10,CS1->US1,51878,51878,0
10,CS1->US9,50825,50825,0
10,CS1->US17,51147,51147,0
10,CS1->US25,50837,50837,0
10,CS1->US33,0,0,0
10,CS1->US41,52894,52894,0
10,CS1->US49,51590,51590,0
10,CS1->US57,50805,50805,0
10,CS1->US65,0,0,0
10,CS1->US73,50999,50999,0
10,CS1->US81,56620,56620,0
10,CS1->US89,50586,50586,0
10,CS1->US97,50116,50116,0
10,CS1->US105,50552,50552,0
10,CS1->US113,54243,54243,0
10,CS1->US121,54444,54444,0
10,CS2->US2,51299,51299,0
10,CS2->US10,50913,50913,0
10,CS2->US18,51245,51245,0
10,CS2->US26,51397,51397,0
10,CS2->US34,0,0,0
10,CS2->US42,53109,53109,0
10,CS2->US50,51275,51275,0
10,CS2->US58,50578,50578,0
10,CS2->US66,0,0,0
10,CS2->US74,50917,50917,0
10,CS2->US82,57042,57042,0
10,CS2->US90,50985,50985,0
10,CS2->US98,50484,50484,0
10,CS2->US106,50368,50368,0
10,CS2->US114,54318,54318,0
10,CS2->US122,53959,53959,0
10,CS3->US3,51827,51827,0
10,CS3->US11,50228,50228,0
10,CS3->US19,51009,51009,0
10,CS3->US27,51078,51078,0
10,CS3->US35,0,0,0
10,CS3->US43,53464,53464,0
10,CS3->US51,51734,51734,0
10,CS3->US59,51062,51062,0
10,CS3->US67,0,0,0
10,CS3->US75,51105,51105,0
10,CS3->US83,56474,56474,0
10,CS3->US91,51156,51156,0
10,CS3->US99,50508,50508,0
10,CS3->US107,50551,50551,0
10,CS3->US115,54408,54408,0
10,CS3->US123,54681,54681,0
10,CS4->US4,51364,51364,0
10,CS4->US12,50260,50260,0
10,CS4->US20,50768,50768,0
10,CS4->US28,50689,50689,0
10,CS4->US36,0,0,0
10,CS4->US44,53146,53146,0
10,CS4->US52,51609,51609,0
10,CS4->US60,50798,50798,0
10,CS4->US68,0,0,0
10,CS4->US76,50898,50898,0
10,CS4->US84,56888,56888,0
10,CS4->US92,51202,51202,0
10,CS4->US100,50239,50239,0
10,CS4->US108,50244,50244,0
10,CS4->US116,54404,54404,0
10,CS4->US124,54581,54581,0
10,CS5->US5,51894,51894,0
10,CS5->US13,50500,50500,0
10,CS5->US21,50554,50554,0
10,CS5->US29,50919,50919,0
10,CS5->US37,0,0,0
10,CS5->US45,52851,52851,0
10,CS5->US53,51314,51314,0
10,CS5->US61,50227,50227,0
10,CS5->US69,0,0,0
10,CS5->US77,50741,50741,0
10,CS5->US85,56763,56763,0
10,CS5->US93,50838,50838,0
10,CS5->US101,50056,50056,0
10,CS5->US109,50790,50790,0
10,CS5->US117,55061,55061,0
10,CS5->US125,54093,54093,0
10,CS6->US6,51478,51478,0
10,CS6->US14,50426,50426,0
10,CS6->US22,51030,51030,0
10,CS6->US30,50941,50941,0
10,CS6->US38,0,0,0
10,CS6->US46,52920,52920,0
10,CS6->US54,51253,51253,0
10,CS6->US62,50753,50753,0
10,CS6->US70,0,0,0
10,CS6->US78,50760,50760,0
10,CS6->US86,56603,56603,0
10,CS6->US94,50904,50904,0
10,CS6->US102,50685,50685,0
10,CS6->US110,50785,50785,0
10,CS6->US118,54368,54368,0
10,CS6->US126,53989,53989,0
10,CS7->US7,51461,51461,0
10,CS7->US15,50238,50238,0
10,CS7->US23,51333,51333,0
10,CS7->US31,50562,50562,0
10,CS7->US39,0,0,0
10,CS7->US47,53274,53274,0
10,CS7->US55,51569,51569,0
10,CS7->US63,50419,50419,0
10,CS7->US71,0,0,0
10,CS7->US79,50935,50935,0
10,CS7->US87,57014,57014,0
10,CS7->US95,50902,50902,0
10,CS7->US103,50265,50265,0
10,CS7->US111,50261,50261,0
10,CS7->US119,54547,54547,0
10,CS7->US127,54475,54475,0
10,CS8->US0,51697,51697,0
10,CS8->US8,50251,50251,0
10,CS8->US16,50433,50433,0
10,CS8->US24,51052,51052,0
10,CS8->US32,0,0,0
10,CS8->US40,52889,52889,0
10,CS8->US48,51076,51076,0
10,CS8->US56,51053,51053,0
10,CS8->US64,0,0,0
10,CS8->US72,51021,51021,0
10,CS8->US80,56892,56892,0
10,CS8->US88,51270,51270,0
10,CS8->US96,50279,50279,0
10,CS8->US104,50216,50216,0
10,CS8->US112,54536,54536,0
10,CS8->US120,54708,54708,0
10,CS9->US1,51783,51783,0
10,CS9->US9,50728,50728,0
10,CS9->US17,50833,50833,0
10,CS9->US25,51061,51061,0
10,CS9->US33,0,0,0
10,CS9->US41,53136,53136,0
10,CS9->US49,51092,51092,0
10,CS9->US57,50342,50342,0
10,CS9->US65,0,0,0
10,CS9->US73,51067,51067,0
10,CS9->US81,56784,56784,0
10,CS9->US89,50905,50905,0
10,CS9->US97,50497,50497,0
10,CS9->US105,50527,50527,0
10,CS9->US113,54711,54711,0
10,CS9->US121,54581,54581,0
10,CS10->US2,51433,51433,0
10,CS10->US10,50681,50681,0
10,CS10->US18,50834,50834,0
10,CS10->US26,50719,50719,0
10,CS10->US34,0,0,0
10,CS10->US42,53543,53543,0
10,CS10->US50,51454,51454,0
10,CS10->US58,50911,50911,0
10,CS10->US66,0,0,0
10,CS10->US74,51556,51556,0
10,CS10->US82,57024,57024,0
10,CS10->US90,50822,50822,0
10,CS10->US98,50209,50209,0
10,CS10->US106,50624,50624,0
10,CS10->US114,54542,54542,0
10,CS10->US122,54401,54401,0
10,CS11->US3,51104,51104,0
10,CS11->US11,50500,50500,0
10,CS11->US19,50665,50665,0
10,CS11->US27,50661,50661,0
10,CS11->US35,0,0,0
10,CS11->US43,53232,53232,0
10,CS11->US51,51774,51774,0
10,CS11->US59,50937,50937,0
10,CS11->US67,0,0,0
10,CS11->US75,50810,50810,0
10,CS11->US83,56951,56951,0
10,CS11->US91,51110,51110,0
10,CS11->US99,50731,50731,0
10,CS11->US107,50424,50424,0
10,CS11->US115,54640,54640,0
10,CS11->US123,54298,54298,0
10,CS12->US4,51370,51370,0
10,CS12->US12,50574,50574,0
10,CS12->US20,50724,50724,0
10,CS12->US28,50538,50538,0
10,CS12->US36,0,0,0
10,CS12->US44,52730,52730,0
10,CS12->US52,51574,51574,0
10,CS12->US60,50679,50679,0
10,CS12->US68,0,0,0
10,CS12->US76,51022,51022,0
10,CS12->US84,57037,57037,0
10,CS12->US92,51076,51076,0
10,CS12->US100,50371,50371,0
10,CS12->US108,50550,50550,0
10,CS12->US116,54847,54847,0
10,CS12->US124,54332,54332,0
10,CS13->US5,51338,51338,0
10,CS13->US13,50663,50663,0
10,CS13->US21,51308,51308,0
10,CS13->US29,50673,50673,0
10,CS13->US37,0,0,0
10,CS13->US45,53309,53309,0
10,CS13->US53,51649,51649,0
10,CS13->US61,50401,50401,0
10,CS13->US69,0,0,0
10,CS13->US77,50635,50635,0
10,CS13->US85,56526,56526,0
10,CS13->US93,51447,51447,0
10,CS13->US101,50756,50756,0
10,CS13->US109,50305,50305,0
10,CS13->US117,54703,54703,0
10,CS13->US125,54557,54557,0
10,CS14->US6,52032,52032,0
10,CS14->US14,50340,50340,0
10,CS14->US22,50901,50901,0
10,CS14->US30,50786,50786,0
10,CS14->US38,0,0,0
10,CS14->US46,52929,52929,0
10,CS14->US54,51644,51644,0
10,CS14->US62,50599,50599,0
10,CS14->US70,0,0,0
10,CS14->US78,50884,50884,0
10,CS14->US86,56908,56908,0
10,CS14->US94,51071,51071,0
10,CS14->US102,50489,50489,0
10,CS14->US110,50642,50642,0
10,CS14->US118,54884,54884,0
10,CS14->US126,54357,54357,0
10,CS15->US7,51652,51652,0
10,CS15->US15,50533,50533,0
10,CS15->US23,50448,50448,0
10,CS15->US31,50937,50937,0
10,CS15->US39,0,0,0
10,CS15->US47,53325,53325,0
10,CS15->US55,51482,51482,0
10,CS15->US63,50791,50791,0
10,CS15->US71,0,0,0
10,CS15->US79,51012,51012,0
10,CS15->US87,56847,56847,0
10,CS15->US95,51081,51081,0
10,CS15->US103,50813,50813,0
10,CS15->US111,50569,50569,0
10,CS15->US119,54469,54469,0
10,CS15->US127,54327,54327,0
10,CS16->US0,51417,51417,0
10,CS16->US8,50157,50157,0
10,CS16->US16,51066,51066,0
10,CS16->US24,50707,50707,0
10,CS16->US32,0,0,0
10,CS16->US40,52531,52531,0
10,CS16->US48,51163,51163,0
10,CS16->US56,50489,50489,0
10,CS16->US64,0,0,0
10,CS16->US72,51080,51080,0
10,CS16->US80,56662,56662,0
10,CS16->US88,51304,51304,0
10,CS16->US96,50265,50265,0
10,CS16->US104,50703,50703,0
10,CS16->US112,54768,54768,0
10,CS16->US120,54414,54414,0
10,CS17->US1,51356,51356,0
10,CS17->US9,50474,50474,0
10,CS17->US17,50833,50833,0
10,CS17->US25,51249,51249,0
10,CS17->US33,0,0,0
10,CS17->US41,52916,52916,0
10,CS17->US49,51609,51609,0
10,CS17->US57,50687,50687,0
10,CS17->US65,0,0,0
10,CS17->US73,50955,50955,0
10,CS17->US81,56840,56840,0
10,CS17->US89,50878,50878,0
10,CS17->US97,50645,50645,0
10,CS17->US105,50263,50263,0
10,CS17->US113,54925,54925,0
10,CS17->US121,54463,54463,0
10,CS18->US2,51369,51369,0
10,CS18->US10,50186,50186,0
10,CS18->US18,50648,50648,0
10,CS18->US26,51047,51047,0
10,CS18->US34,0,0,0
10,CS18->US42,53254,53254,0
10,CS18->US50,51404,51404,0
10,CS18->US58,51055,51055,0
10,CS18->US66,0,0,0
10,CS18->US74,51049,51049,0
10,CS18->US82,56770,56770,0
10,CS18->US90,51090,51090,0
10,CS18->US98,50704,50704,0
10,CS18->US106,50517,50517,0
10,CS18->US114,54329,54329,0
10,CS18->US122,54365,54365,0
10,CS19->US3,51655,51655,0
10,CS19->US11,50812,50812,0
10,CS19->US19,50797,50797,0
10,CS19->US27,50404,50404,0
10,CS19->US35,0,0,0
10,CS19->US43,52532,52532,0
10,CS19->US51,51469,51469,0
10,CS19->US59,50623,50623,0
10,CS19->US67,0,0,0
10,CS19->US75,51056,51056,0
10,CS19->US83,56591,56591,0
10,CS19->US91,51054,51054,0
10,CS19->US99,50529,50529,0
10,CS19->US107,50395,50395,0
10,CS19->US115,54195,54195,0
10,CS19->US123,54264,54264,0
10,CS20->US4,51318,51318,0
10,CS20->US12,50665,50665,0
10,CS20->US20,51088,51088,0
10,CS20->US28,50642,50642,0
10,CS20->US36,0,0,0
10,CS20->US44,52988,52988,0
10,CS20->US52,51410,51410,0
10,CS20->US60,50639,50639,0
10,CS20->US68,0,0,0
10,CS20->US76,50507,50507,0
10,CS20->US84,56651,56651,0
10,CS20->US92,51018,51018,0
10,CS20->US100,50690,50690,0
10,CS20->US108,51258,51258,0
10,CS20->US116,54679,54679,0
10,CS20->US124,54379,54379,0
10,CS21->US5,51370,51370,0
10,CS21->US13,50345,50345,0
10,CS21->US21,50878,50878,0
10,CS21->US29,50830,50830,0
10,CS21->US37,0,0,0
10,CS21->US45,52957,52957,0
10,CS21->US53,51458,51458,0
10,CS21->US61,50358,50358,0
10,CS21->US69,0,0,0
10,CS21->US77,51307,51307,0
10,CS21->US85,56412,56412,0
10,CS21->US93,51222,51222,0
10,CS21->US101,50529,50529,0
10,CS21->US109,50310,50310,0
10,CS21->US117,54660,54660,0
10,CS21->US125,54576,54576,0
10,CS22->US6,51375,51375,0
10,CS22->US14,50804,50804,0
10,CS22->US22,51172,51172,0
10,CS22->US30,50644,50644,0
10,CS22->US38,0,0,0
10,CS22->US46,52881,52881,0
10,CS22->US54,51478,51478,0
10,CS22->US62,51050,51050,0
10,CS22->US70,0,0,0
10,CS22->US78,50983,50983,0
10,CS22->US86,57019,57019,0
10,CS22->US94,50935,50935,0
10,CS22->US102,50435,50435,0
10,CS22->US110,50362,50362,0
10,CS22->US118,54365,54365,0
10,CS22->US126,54692,54692,0
10,CS23->US7,51377,51377,0
10,CS23->US15,50804,50804,0
10,CS23->US23,50618,50618,0
10,CS23->US31,50856,50856,0
10,CS23->US39,0,0,0
10,CS23->US47,52977,52977,0
10,CS23->US55,51290,51290,0
10,CS23->US63,50787,50787,0
10,CS23->US71,0,0,0
10,CS23->US79,50418,50418,0
10,CS23->US87,57042,57042,0
10,CS23->US95,51342,51342,0
10,CS23->US103,50532,50532,0
10,CS23->US111,50513,50513,0
10,CS23->US119,54992,54992,0
10,CS23->US127,54591,54591,0
10,CS24->US0,51376,51376,0
10,CS24->US8,50555,50555,0
10,CS24->US16,50813,50813,0
10,CS24->US24,51159,51159,0
10,CS24->US32,0,0,0
10,CS24->US40,53513,53513,0
10,CS24->US48,51397,51397,0
10,CS24->US56,50940,50940,0
10,CS24->US64,0,0,0
10,CS24->US72,51085,51085,0
10,CS24->US80,56623,56623,0
10,CS24->US88,50926,50926,0
10,CS24->US96,50628,50628,0
10,CS24->US104,50954,50954,0
10,CS24->US112,54855,54855,0
10,CS24->US120,54530,54530,0
10,CS25->US1,51099,51099,0
10,CS25->US9,50448,50448,0
10,CS25->US17,50714,50714,0
10,CS25->US25,50659,50659,0
10,CS25->US33,0,0,0
10,CS25->US41,53080,53080,0
10,CS25->US49,51470,51470,0
10,CS25->US57,50614,50614,0
10,CS25->US65,0,0,0
10,CS25->US73,51007,51007,0
10,CS25->US81,56914,56914,0
10,CS25->US89,51276,51276,0
10,CS25->US97,50682,50682,0
10,CS25->US105,50713,50713,0
10,CS25->US113,54854,54854,0
10,CS25->US121,54272,54272,0
10,CS26->US2,51392,51392,0
10,CS26->US10,50961,50961,0
10,CS26->US18,50845,50845,0
10,CS26->US26,50804,50804,0
10,CS26->US34,0,0,0
10,CS26->US42,52779,52779,0
10,CS26->US50,51191,51191,0
10,CS26->US58,50892,50892,0
10,CS26->US66,0,0,0
10,CS26->US74,51005,51005,0
10,CS26->US82,56731,56731,0
10,CS26->US90,51087,51087,0
10,CS26->US98,50480,50480,0
10,CS26->US106,50410,50410,0
10,CS26->US114,54548,54548,0
10,CS26->US122,54384,54384,0
10,CS27->US3,51638,51638,0
10,CS27->US11,51168,51168,0
10,CS27->US19,50853,50853,0
10,CS27->US27,50908,50908,0
10,CS27->US35,0,0,0
10,CS27->US43,52708,52708,0
10,CS27->US51,51575,51575,0
10,CS27->US59,50842,50842,0
10,CS27->US67,0,0,0
10,CS27->US75,51038,51038,0
10,CS27->US83,56961,56961,0
10,CS27->US91,50860,50860,0
10,CS27->US99,50773,50773,0
10,CS27->US107,50324,50324,0
10,CS27->US115,54661,54661,0
10,CS27->US123,54355,54355,0
10,CS28->US4,51321,51321,0
10,CS28->US12,50451,50451,0
10,CS28->US20,50699,50699,0
10,CS28->US28,50227,50227,0
10,CS28->US36,0,0,0
10,CS28->US44,52951,52951,0
10,CS28->US52,51115,51115,0
10,CS28->US60,50985,50985,0
10,CS28->US68,0,0,0
10,CS28->US76,51046,51046,0
10,CS28->US84,56563,56563,0
10,CS28->US92,51185,51185,0
10,CS28->US100,50512,50512,0
10,CS28->US108,50901,50901,0
10,CS28->US116,54368,54368,0
10,CS28->US124,54886,54886,0
10,CS29->US5,51448,51448,0
10,CS29->US13,50144,50144,0
10,CS29->US21,50773,50773,0
10,CS29->US29,51150,51150,0
10,CS29->US37,0,0,0
10,CS29->US45,53173,53173,0
10,CS29->US53,51270,51270,0
10,CS29->US61,50597,50597,0
10,CS29->US69,0,0,0
10,CS29->US77,51008,51008,0
10,CS29->US85,56537,56537,0
10,CS29->US93,50934,50934,0
10,CS29->US101,50572,50572,0
10,CS29->US109,50314,50314,0
10,CS29->US117,54888,54888,0
10,CS29->US125,54463,54463,0
10,CS30->US6,51533,51533,0
10,CS30->US14,50700,50700,0
10,CS30->US22,50561,50561,0
10,CS30->US30,50313,50313,0
10,CS30->US38,0,0,0
10,CS30->US46,52968,52968,0
10,CS30->US54,51550,51550,0
10,CS30->US62,50751,50751,0
10,CS30->US70,0,0,0
10,CS30->US78,50929,50929,0
10,CS30->US86,56633,56633,0
10,CS30->US94,51051,51051,0
10,CS30->US102,50396,50396,0
10,CS30->US110,50565,50565,0
10,CS30->US118,54986,54986,0
10,CS30->US126,54499,54499,0
10,CS31->US7,51574,51574,0
10,CS31->US15,50570,50570,0
10,CS31->US23,51158,51158,0
10,CS31->US31,51133,51133,0
10,CS31->US39,0,0,0
10,CS31->US47,53164,53164,0
10,CS31->US55,51392,51392,0
10,CS31->US63,50767,50767,0
10,CS31->US71,0,0,0
10,CS31->US79,51077,51077,0
10,CS31->US87,56536,56536,0
10,CS31->US95,51123,51123,0
10,CS31->US103,50378,50378,0
10,CS31->US111,50360,50360,0
10,CS31->US119,55115,55115,0
10,CS31->US127,54288,54288,0
10,CS32->US0,51219,51219,0
10,CS32->US8,50587,50587,0
10,CS32->US16,50983,50983,0
10,CS32->US24,51171,51171,0
10,CS32->US32,0,0,0
10,CS32->US40,52866,52866,0
10,CS32->US48,51367,51367,0
10,CS32->US56,50946,50946,0
10,CS32->US64,0,0,0
10,CS32->US72,51007,51007,0
10,CS32->US80,57067,57067,0
10,CS32->US88,50818,50818,0
10,CS32->US96,50270,50270,0
10,CS32->US104,50309,50309,0
10,CS32->US112,54607,54607,0
10,CS32->US120,54293,54293,0
10,CS33->US1,51556,51556,0
10,CS33->US9,50585,50585,0
10,CS33->US17,51013,51013,0
10,CS33->US25,50667,50667,0
10,CS33->US33,0,0,0
10,CS33->US41,53082,53082,0
10,CS33->US49,51553,51553,0
10,CS33->US57,50791,50791,0
10,CS33->US65,0,0,0
10,CS33->US73,50697,50697,0
10,CS33->US81,57097,57097,0
10,CS33->US89,50897,50897,0
10,CS33->US97,50254,50254,0
10,CS33->US105,50805,50805,0
10,CS33->US113,54779,54779,0
10,CS33->US121,54596,54596,0
10,CS34->US2,51476,51476,0
10,CS34->US10,50496,50496,0
10,CS34->US18,50994,50994,0
10,CS34->US26,50891,50891,0
10,CS34->US34,0,0,0
10,CS34->US42,53150,53150,0
10,CS34->US50,51281,51281,0
10,CS34->US58,50742,50742,0
10,CS34->US66,0,0,0
10,CS34->US74,50756,50756,0
10,CS34->US82,57147,57147,0
10,CS34->US90,50976,50976,0
10,CS34->US98,50387,50387,0
10,CS34->US106,50769,50769,0
10,CS34->US114,54414,54414,0
10,CS34->US122,53865,53865,0
10,CS35->US3,51717,51717,0
10,CS35->US11,50639,50639,0
10,CS35->US19,50625,50625,0
10,CS35->US27,50688,50688,0
10,CS35->US35,0,0,0
10,CS35->US43,52927,52927,0
10,CS35->US51,51210,51210,0
10,CS35->US59,50878,50878,0
10,CS35->US67,0,0,0
10,CS35->US75,50526,50526,0
10,CS35->US83,56379,56379,0
10,CS35->US91,50747,50747,0
10,CS35->US99,50686,50686,0
10,CS35->US107,50573,50573,0
10,CS35->US115,54788,54788,0
10,CS35->US123,54692,54692,0
10,CS36->US4,51655,51655,0
10,CS36->US12,50575,50575,0
10,CS36->US20,50789,50789,0
10,CS36->US28,51122,51122,0
10,CS36->US36,0,0,0
10,CS36->US44,53318,53318,0
10,CS36->US52,51348,51348,0
10,CS36->US60,50667,50667,0
10,CS36->US68,0,0,0
10,CS36->US76,50845,50845,0
10,CS36->US84,56869,56869,0
10,CS36->US92,50977,50977,0
10,CS36->US100,50719,50719,0
10,CS36->US108,50821,50821,0
10,CS36->US116,54513,54513,0
10,CS36->US124,54431,54431,0
10,CS37->US5,51251,51251,0
10,CS37->US13,50610,50610,0
10,CS37->US21,50799,50799,0
10,CS37->US29,50926,50926,0
10,CS37->US37,0,0,0
10,CS37->US45,52915,52915,0
10,CS37->US53,51585,51585,0
10,CS37->US61,50469,50469,0
10,CS37->US69,0,0,0
10,CS37->US77,51072,51072,0
10,CS37->US85,56816,56816,0
10,CS37->US93,50777,50777,0
10,CS37->US101,50186,50186,0
10,CS37->US109,50517,50517,0
10,CS37->US117,54643,54643,0
10,CS37->US125,54142,54142,0
10,CS38->US6,51429,51429,0
10,CS38->US14,50403,50403,0
10,CS38->US22,50836,50836,0
10,CS38->US30,50488,50488,0
10,CS38->US38,0,0,0
10,CS38->US46,52983,52983,0
10,CS38->US54,51154,51154,0
10,CS38->US62,50779,50779,0
10,CS38->US70,0,0,0
10,CS38->US78,51032,51032,0
10,CS38->US86,57350,57350,0
10,CS38->US94,50449,50449,0
10,CS38->US102,50385,50385,0
10,CS38->US110,50570,50570,0
10,CS38->US118,54197,54197,0
10,CS38->US126,54503,54503,0
10,CS39->US7,51395,51395,0
10,CS39->US15,50768,50768,0
10,CS39->US23,50666,50666,0
10,CS39->US31,51111,51111,0
10,CS39->US39,0,0,0
10,CS39->US47,53062,53062,0
10,CS39->US55,51422,51422,0
10,CS39->US63,50588,50588,0
10,CS39->US71,0,0,0
10,CS39->US79,51404,51404,0
10,CS39->US87,56769,56769,0
10,CS39->US95,51307,51307,0
10,CS39->US103,50510,50510,0
10,CS39->US111,50670,50670,0
10,CS39->US119,54887,54887,0
10,CS39->US127,54534,54534,0
10,CS40->US0,51739,51739,0
10,CS40->US8,50785,50785,0
10,CS40->US16,51284,51284,0
10,CS40->US24,50914,50914,0
10,CS40->US32,0,0,0
10,CS40->US40,52798,52798,0
10,CS40->US48,51560,51560,0
10,CS40->US56,50740,50740,0
10,CS40->US64,0,0,0
10,CS40->US72,51336,51336,0
10,CS40->US80,56929,56929,0
10,CS40->US88,51081,51081,0
10,CS40->US96,50588,50588,0
10,CS40->US104,50401,50401,0
10,CS40->US112,54814,54814,0
10,CS40->US120,54371,54371,0
10,CS41->US1,51610,51610,0
10,CS41->US9,50233,50233,0
10,CS41->US17,50863,50863,0
10,CS41->US25,51002,51002,0
10,CS41->US33,0,0,0
10,CS41->US41,52774,52774,0
10,CS41->US49,51678,51678,0
10,CS41->US57,50663,50663,0
10,CS41->US65,0,0,0
10,CS41->US73,50819,50819,0
10,CS41->US81,57134,57134,0
10,CS41->US89,51150,51150,0
10,CS41->US97,50295,50295,0
10,CS41->US105,50865,50865,0
10,CS41->US113,54637,54637,0
10,CS41->US121,54487,54487,0
10,CS42->US2,51387,51387,0
10,CS42->US10,50456,50456,0
10,CS42->US18,50743,50743,0
10,CS42->US26,50420,50420,0
10,CS42->US34,0,0,0
10,CS42->US42,53080,53080,0
10,CS42->US50,51460,51460,0
10,CS42->US58,50989,50989,0
10,CS42->US66,0,0,0
10,CS42->US74,50685,50685,0
10,CS42->US82,56956,56956,0
10,CS42->US90,51058,51058,0
10,CS42->US98,50253,50253,0
10,CS42->US106,50344,50344,0
10,CS42->US114,54858,54858,0
10,CS42->US122,54646,54646,0
10,CS43->US3,51586,51586,0
10,CS43->US11,50291,50291,0
10,CS43->US19,50655,50655,0
10,CS43->US27,50712,50712,0
10,CS43->US35,0,0,0
10,CS43->US43,53238,53238,0
10,CS43->US51,51904,51904,0
10,CS43->US59,51047,51047,0
10,CS43->US67,0,0,0
10,CS43->US75,51291,51291,0
10,CS43->US83,56864,56864,0
10,CS43->US91,51121,51121,0
10,CS43->US99,50550,50550,0
10,CS43->US107,50297,50297,0
10,CS43->US115,54720,54720,0
10,CS43->US123,54272,54272,0
10,CS44->US4,51978,51978,0
10,CS44->US12,50827,50827,0
10,CS44->US20,50480,50480,0
10,CS44->US28,50799,50799,0
10,CS44->US36,0,0,0
10,CS44->US44,52774,52774,0
10,CS44->US52,51374,51374,0
10,CS44->US60,50474,50474,0
10,CS44->US68,0,0,0
10,CS44->US76,50996,50996,0
10,CS44->US84,56632,56632,0
10,CS44->US92,50991,50991,0
10,CS44->US100,50480,50480,0
10,CS44->US108,50465,50465,0
10,CS44->US116,54387,54387,0
10,CS44->US124,54218,54218,0
10,CS45->US5,51547,51547,0
10,CS45->US13,50843,50843,0
10,CS45->US21,50948,50948,0
10,CS45->US29,51120,51120,0
10,CS45->US37,0,0,0
10,CS45->US45,52821,52821,0
10,CS45->US53,51355,51355,0
10,CS45->US61,50525,50525,0
10,CS45->US69,0,0,0
10,CS45->US77,50723,50723,0
10,CS45->US85,56446,56446,0
10,CS45->US93,51005,51005,0
10,CS45->US101,50582,50582,0
10,CS45->US109,50715,50715,0
10,CS45->US117,54656,54656,0
10,CS45->US125,54373,54373,0
10,CS46->US6,51776,51776,0
10,CS46->US14,51203,51203,0
10,CS46->US22,50488,50488,0
10,CS46->US30,51040,51040,0
10,CS46->US38,0,0,0
10,CS46->US46,52961,52961,0
10,CS46->US54,51698,51698,0
10,CS46->US62,51012,51012,0
10,CS46->US70,0,0,0
10,CS46->US78,51187,51187,0
10,CS46->US86,56994,56994,0
10,CS46->US94,50844,50844,0
10,CS46->US102,50346,50346,0
10,CS46->US110,50743,50743,0
10,CS46->US118,54656,54656,0
10,CS46->US126,54314,54314,0
10,CS47->US7,51533,51533,0
10,CS47->US15,50285,50285,0
10,CS47->US23,50716,50716,0
10,CS47->US31,50739,50739,0
10,CS47->US39,0,0,0
10,CS47->US47,53063,53063,0
10,CS47->US55,51686,51686,0
10,CS47->US63,51039,51039,0
10,CS47->US71,0,0,0
10,CS47->US79,51171,51171,0
10,CS47->US87,56992,56992,0
10,CS47->US95,51067,51067,0
10,CS47->US103,50453,50453,0
10,CS47->US111,50900,50900,0
10,CS47->US119,54568,54568,0
10,CS47->US127,54119,54119,0
10,CS48->US0,51153,51153,0
10,CS48->US8,50125,50125,0
10,CS48->US16,50997,50997,0
10,CS48->US24,51019,51019,0
10,CS48->US32,0,0,0
10,CS48->US40,52819,52819,0
10,CS48->US48,51659,51659,0
10,CS48->US56,50511,50511,0
10,CS48->US64,0,0,0
10,CS48->US72,50906,50906,0
10,CS48->US80,56925,56925,0
10,CS48->US88,50894,50894,0
10,CS48->US96,50534,50534,0
10,CS48->US104,50781,50781,0
10,CS48->US112,54907,54907,0
10,CS48->US120,54770,54770,0
10,CS49->US1,51540,51540,0
10,CS49->US9,50422,50422,0
10,CS49->US17,51129,51129,0
10,CS49->US25,50870,50870,0
10,CS49->US33,0,0,0
10,CS49->US41,52789,52789,0
10,CS49->US49,51391,51391,0
10,CS49->US57,50539,50539,0
10,CS49->US65,0,0,0
10,CS49->US73,50605,50605,0
10,CS49->US81,57124,57124,0
10,CS49->US89,50852,50852,0
10,CS49->US97,50359,50359,0
10,CS49->US105,50374,50374,0
10,CS49->US113,54684,54684,0
10,CS49->US121,54559,54559,0
10,CS50->US2,51446,51446,0
10,CS50->US10,50757,50757,0
10,CS50->US18,50610,50610,0
10,CS50->US26,51012,51012,0
10,CS50->US34,0,0,0
10,CS50->US42,53426,53426,0
10,CS50->US50,51666,51666,0
10,CS50->US58,51089,51089,0
10,CS50->US66,0,0,0
10,CS50->US74,50993,50993,0
10,CS50->US82,56503,56503,0
10,CS50->US90,51007,51007,0
10,CS50->US98,50342,50342,0
10,CS50->US106,50152,50152,0
10,CS50->US114,54109,54109,0
10,CS50->US122,54248,54248,0
10,CS51->US3,51229,51229,0
10,CS51->US11,50314,50314,0
10,CS51->US19,50784,50784,0
10,CS51->US27,50770,50770,0
10,CS51->US35,0,0,0
10,CS51->US43,53341,53341,0
10,CS51->US51,51897,51897,0
10,CS51->US59,50714,50714,0
10,CS51->US67,0,0,0
10,CS51->US75,51179,51179,0
10,CS51->US83,56815,56815,0
10,CS51->US91,51186,51186,0
10,CS51->US99,50343,50343,0
10,CS51->US107,50357,50357,0
10,CS51->US115,54660,54660,0
10,CS51->US123,54724,54724,0
10,CS52->US4,51618,51618,0
10,CS52->US12,50534,50534,0
10,CS52->US20,50984,50984,0
10,CS52->US28,50743,50743,0
10,CS52->US36,0,0,0
10,CS52->US44,52696,52696,0
10,CS52->US52,51776,51776,0
10,CS52->US60,50545,50545,0
10,CS52->US68,0,0,0
10,CS52->US76,51213,51213,0
10,CS52->US84,56950,56950,0
10,CS52->US92,50860,50860,0
10,CS52->US100,50226,50226,0
10,CS52->US108,50456,50456,0
10,CS52->US116,54582,54582,0
10,CS52->US124,54300,54300,0
10,CS53->US5,51134,51134,0
10,CS53->US13,50706,50706,0
10,CS53->US21,50682,50682,0
10,CS53->US29,50702,50702,0
10,CS53->US37,0,0,0
10,CS53->US45,53177,53177,0
10,CS53->US53,51299,51299,0
10,CS53->US61,50502,50502,0
10,CS53->US69,0,0,0
10,CS53->US77,51307,51307,0
10,CS53->US85,56704,56704,0
10,CS53->US93,50824,50824,0
10,CS53->US101,50651,50651,0
10,CS53->US109,50856,50856,0
10,CS53->US117,54628,54628,0
10,CS53->US125,54507,54507,0
10,CS54->US6,51447,51447,0
10,CS54->US14,50443,50443,0
10,CS54->US22,50976,50976,0
10,CS54->US30,50905,50905,0
10,CS54->US38,0,0,0
10,CS54->US46,53229,53229,0
10,CS54->US54,51875,51875,0
10,CS54->US62,51139,51139,0
10,CS54->US70,0,0,0
10,CS54->US78,50689,50689,0
10,CS54->US86,56462,56462,0
10,CS54->US94,50704,50704,0
10,CS54->US102,50225,50225,0
10,CS54->US110,50338,50338,0
10,CS54->US118,54648,54648,0
10,CS54->US126,53952,53952,0
10,CS55->US7,51465,51465,0
10,CS55->US15,50422,50422,0
10,CS55->US23,50764,50764,0
10,CS55->US31,50890,50890,0
10,CS55->US39,0,0,0
10,CS55->US47,52945,52945,0
10,CS55->US55,51387,51387,0
10,CS55->US63,50725,50725,0
10,CS55->US71,0,0,0
10,CS55->US79,50338,50338,0
10,CS55->US87,56935,56935,0
10,CS55->US95,50968,50968,0
10,CS55->US103,50108,50108,0
10,CS55->US111,50805,50805,0
10,CS55->US119,54687,54687,0
10,CS55->US127,54190,54190,0
10,CS56->US0,51177,51177,0
10,CS56->US8,50555,50555,0
10,CS56->US16,50739,50739,0
10,CS56->US24,50705,50705,0
10,CS56->US32,0,0,0
10,CS56->US40,53242,53242,0
10,CS56->US48,51396,51396,0
10,CS56->US56,50720,50720,0
10,CS56->US64,0,0,0
10,CS56->US72,50940,50940,0
10,CS56->US80,56614,56614,0
10,CS56->US88,50717,50717,0
10,CS56->US96,50253,50253,0
10,CS56->US104,51075,51075,0
10,CS56->US112,54091,54091,0
10,CS56->US120,54359,54359,0
10,CS57->US1,51573,51573,0
10,CS57->US9,50646,50646,0
10,CS57->US17,50366,50366,0
10,CS57->US25,50688,50688,0
10,CS57->US33,0,0,0
10,CS57->US41,53054,53054,0
10,CS57->US49,51222,51222,0
10,CS57->US57,51158,51158,0
10,CS57->US65,0,0,0
10,CS57->US73,51180,51180,0
10,CS57->US81,56703,56703,0
10,CS57->US89,51165,51165,0
10,CS57->US97,50380,50380,0
10,CS57->US105,50498,50498,0
10,CS57->US113,54447,54447,0
10,CS57->US121,54109,54109,0
10,CS58->US2,51602,51602,0
10,CS58->US10,50792,50792,0
10,CS58->US18,51111,51111,0
10,CS58->US26,50874,50874,0
10,CS58->US34,0,0,0
10,CS58->US42,53160,53160,0
10,CS58->US50,51554,51554,0
10,CS58->US58,51224,51224,0
10,CS58->US66,0,0,0
10,CS58->US74,50911,50911,0
10,CS58->US82,56989,56989,0
10,CS58->US90,51098,51098,0
10,CS58->US98,50014,50014,0
10,CS58->US106,50497,50497,0
10,CS58->US114,54377,54377,0
10,CS58->US122,54126,54126,0
10,CS59->US3,51724,51724,0
10,CS59->US11,50736,50736,0
10,CS59->US19,50286,50286,0
10,CS59->US27,50852,50852,0
10,CS59->US35,0,0,0
10,CS59->US43,52860,52860,0
10,CS59->US51,51289,51289,0
10,CS59->US59,50763,50763,0
10,CS59->US67,0,0,0
10,CS59->US75,50935,50935,0
10,CS59->US83,56677,56677,0
10,CS59->US91,50935,50935,0
10,CS59->US99,50259,50259,0
10,CS59->US107,50721,50721,0
10,CS59->US115,54435,54435,0
10,CS59->US123,53942,53942,0
10,CS60->US4,51352,51352,0
10,CS60->US12,50326,50326,0
10,CS60->US20,50625,50625,0
10,CS60->US28,51017,51017,0
10,CS60->US36,0,0,0
10,CS60->US44,53062,53062,0
10,CS60->US52,51818,51818,0
10,CS60->US60,50803,50803,0
10,CS60->US68,0,0,0
10,CS60->US76,51369,51369,0
10,CS60->US84,56714,56714,0
10,CS60->US92,50742,50742,0
10,CS60->US100,50220,50220,0
10,CS60->US108,50687,50687,0
10,CS60->US116,54809,54809,0
10,CS60->US124,53736,53736,0
10,CS61->US5,51262,51262,0
10,CS61->US13,50390,50390,0
10,CS61->US21,51283,51283,0
10,CS61->US29,50899,50899,0
10,CS61->US37,0,0,0
10,CS61->US45,52995,52995,0
10,CS61->US53,51978,51978,0
10,CS61->US61,51007,51007,0
10,CS61->US69,0,0,0
10,CS61->US77,50878,50878,0
10,CS61->US85,56911,56911,0
10,CS61->US93,51188,51188,0
10,CS61->US101,50134,50134,0
10,CS61->US109,50165,50165,0
10,CS61->US117,54635,54635,0
10,CS61->US125,53957,53957,0
10,CS62->US6,51232,51232,0
10,CS62->US14,50173,50173,0
10,CS62->US22,50668,50668,0
10,CS62->US30,50819,50819,0
10,CS62->US38,0,0,0
10,CS62->US46,52706,52706,0
10,CS62->US54,51362,51362,0
10,CS62->US62,50619,50619,0
10,CS62->US70,0,0,0
10,CS62->US78,50902,50902,0
10,CS62->US86,56622,56622,0
10,CS62->US94,50971,50971,0
10,CS62->US102,50684,50684,0
10,CS62->US110,50512,50512,0
10,CS62->US118,54416,54416,0
10,CS62->US126,54312,54312,0
10,CS63->US7,51068,51068,0
10,CS63->US15,50520,50520,0
10,CS63->US23,50960,50960,0
10,CS63->US31,51060,51060,0
10,CS63->US39,0,0,0
10,CS63->US47,53166,53166,0
10,CS63->US55,51864,51864,0
10,CS63->US63,50763,50763,0
10,CS63->US71,0,0,0
10,CS63->US79,51018,51018,0
10,CS63->US87,57133,57133,0
10,CS63->US95,51073,51073,0
10,CS63->US103,50965,50965,0
10,CS63->US111,50452,50452,0
10,CS63->US119,54547,54547,0
10,CS63->US127,54289,54289,0
11,US0->CS0,51863,51863,0
11,US0->CS8,51346,51346,0
11,US0->CS16,51465,51465,0
11,US0->CS24,51668,51668,0
11,US0->CS32,51703,51703,0
11,US0->CS40,51826,51826,0
11,US0->CS48,51938,51938,0
11,US0->CS56,51716,51716,0
11,US1->CS1,51851,51851,0
11,US1->CS9,51370,51370,0
11,US1->CS17,51895,51895,0
11,US1->CS25,51740,51740,0
11,US1->CS33,51857,51857,0
11,US1->CS41,51957,51957,0
11,US1->CS49,51615,51615,0
11,US1->CS57,51526,51526,0
11,US2->CS2,51557,51557,0
11,US2->CS10,51712,51712,0
11,US2->CS18,51670,51670,0
11,US2->CS26,51489,51489,0
11,US2->CS34,51528,51528,0
11,US2->CS42,51746,51746,0
11,US2->CS50,51945,51945,0
11,US2->CS58,51806,51806,0
11,US3->CS3,51998,51998,0
11,US3->CS11,52090,52090,0
11,US3->CS19,51678,51678,0
11,US3->CS27,51871,51871,0
11,US3->CS35,51518,51518,0
11,US3->CS43,52162,52162,0
11,US3->CS51,52150,52150,0
11,US3->CS59,51526,51526,0
11,US4->CS4,51892,51892,0
11,US4->CS12,51869,51869,0
11,US4->CS20,51711,51711,0
11,US4->CS28,51422,51422,0
11,US4->CS36,51660,51660,0
11,US4->CS44,51653,51653,0
11,US4->CS52,52036,52036,0
11,US4->CS60,52119,52119,0
11,US5->CS5,51581,51581,0
11,US5->CS13,51906,51906,0
11,US5->CS21,51758,51758,0
11,US5->CS29,51502,51502,0
11,US5->CS37,51893,51893,0
11,US5->CS45,51628,51628,0
11,US5->CS53,51570,51570,0
11,US5->CS61,52207,52207,0
11,US6->CS6,51591,51591,0
11,US6->CS14,51890,51890,0
11,US6->CS22,51720,51720,0
11,US6->CS30,51858,51858,0
11,US6->CS38,51421,51421,0
11,US6->CS46,52011,52011,0
11,US6->CS54,52135,52135,0
11,US6->CS62,51659,51659,0
11,US7->CS7,51882,51882,0
11,US7->CS15,51760,51760,0
11,US7->CS23,51524,51524,0
11,US7->CS31,51690,51690,0
11,US7->CS39,51701,51701,0
11,US7->CS47,51940,51940,0
11,US7->CS55,51712,51712,0
11,US7->CS63,52127,52127,0
11,US8->CS0,57088,57088,0
11,US8->CS8,56930,56930,0
11,US8->CS16,56744,56744,0
11,US8->CS24,56670,56670,0
11,US8->CS32,57135,57135,0
11,US8->CS40,57025,57025,0
11,US8->CS48,57014,57014,0
11,US8->CS56,56767,56767,0
11,US9->CS1,56700,56700,0
11,US9->CS9,56914,56914,0
11,US9->CS17,56943,56943,0
11,US9->CS25,56902,56902,0
11,US9->CS33,57240,57240,0
11,US9->CS41,57224,57224,0
11,US9->CS49,57165,57165,0
11,US9->CS57,56741,56741,0
11,US10->CS2,57095,57095,0
11,US10->CS10,57060,57060,0
11,US10->CS18,56859,56859,0
11,US10->CS26,56806,56806,0
11,US10->CS34,57252,57252,0
11,US10->CS42,57054,57054,0
11,US10->CS50,56614,56614,0
11,US10->CS58,57050,57050,0
11,US11->CS3,56513,56513,0
11,US11->CS11,57039,57039,0
11,US11->CS19,56737,56737,0
11,US11->CS27,57029,57029,0
11,US11->CS35,56426,56426,0
11,US11->CS43,56946,56946,0
11,US11->CS51,56953,56953,0
11,US11->CS59,56813,56813,0
11,US12->CS4,56989,56989,0
11,US12->CS12,57182,57182,0
11,US12->CS20,56707,56707,0
11,US12->CS28,56586,56586,0
11,US12->CS36,56930,56930,0
11,US12->CS44,56776,56776,0
11,US12->CS52,56997,56997,0
11,US12->CS60,56762,56762,0
11,US13->CS5,56868,56868,0
11,US13->CS13,56585,56585,0
11,US13->CS21,56481,56481,0
11,US13->CS29,56616,56616,0
11,US13->CS37,56912,56912,0
11,US13->CS45,56550,56550,0
11,US13->CS53,56802,56802,0
11,US13->CS61,56952,56952,0
11,US14->CS6,56636,56636,0
11,US14->CS14,56988,56988,0
11,US14->CS22,57123,57123,0
11,US14->CS30,56791,56791,0
11,US14->CS38,57397,57397,0
11,US14->CS46,57076,57076,0
11,US14->CS54,56555,56555,0
11,US14->CS62,56685,56685,0
11,US15->CS7,57141,57141,0
11,US15->CS15,56926,56926,0
11,US15->CS23,57130,57130,0
11,US15->CS31,56636,56636,0
11,US15->CS39,56837,56837,0
11,US15->CS47,57126,57126,0
11,US15->CS55,57010,57010,0
11,US15->CS63,57257,57257,0
11,US16->CS0,54369,54369,0
11,US16->CS8,54723,54723,0
11,US16->CS16,54521,54521,0
11,US16->CS24,54613,54613,0
11,US16->CS32,54393,54393,0
11,US16->CS40,54448,54448,0
11,US16->CS48,54817,54817,0
11,US16->CS56,54469,54469,0
11,US17->CS1,54547,54547,0
11,US17->CS9,54692,54692,0
11,US17->CS17,54463,54463,0
11,US17->CS25,54439,54439,0
11,US17->CS33,54647,54647,0
11,US17->CS41,54568,54568,0
11,US17->CS49,54561,54561,0
11,US17->CS57,54219,54219,0
11,US18->CS2,53991,53991,0
11,US18->CS10,54462,54462,0
11,US18->CS18,54469,54469,0
11,US18->CS26,54412,54412,0
11,US18->CS34,53908,53908,0
11,US18->CS42,54723,54723,0
11,US18->CS50,54370,54370,0
11,US18->CS58,54150,54150,0
11,US19->CS3,54737,54737,0
11,US19->CS11,54306,54306,0
11,US19->CS19,54308,54308,0
11,US19->CS27,54381,54381,0
11,US19->CS35,54724,54724,0
11,US19->CS43,54311,54311,0
11,US19->CS51,54774,54774,0
11,US19->CS59,54024,54024,0
11,US20->CS4,54646,54646,0
11,US20->CS12,54484,54484,0
11,US20->CS20,54390,54390,0
11,US20->CS28,54932,54932,0
11,US20->CS36,54460,54460,0
11,US20->CS44,54281,54281,0
11,US20->CS52,54328,54328,0
11,US20->CS60,53783,53783,0
11,US21->CS5,54166,54166,0
11,US21->CS13,54568,54568,0
11,US21->CS21,54662,54662,0
11,US21->CS29,54509,54509,0
11,US21->CS37,54283,54283,0
11,US21->CS45,54415,54415,0
11,US21->CS53,54535,54535,0
11,US21->CS61,54063,54063,0
11,US22->CS6,54059,54059,0
11,US22->CS14,54469,54469,0
11,US22->CS22,54782,54782,0
11,US22->CS30,54540,54540,0
11,US22->CS38,54585,54585,0
11,US22->CS46,54327,54327,0
11,US22->CS54,54008,54008,0
11,US22->CS62,54347,54347,0
11,US23->CS7,54535,54535,0
11,US23->CS15,54464,54464,0
11,US23->CS23,54684,54684,0
11,US23->CS31,54426,54426,0
11,US23->CS39,54589,54589,0
11,US23->CS47,54230,54230,0
11,US23->CS55,54231,54231,0
11,US23->CS63,54331,54331,0
11,US24->CS0,50999,50999,0
11,US24->CS8,51137,51137,0
11,US24->CS16,50547,50547,0
11,US24->CS24,51023,51023,0
11,US24->CS32,51019,51019,0
11,US24->CS40,50820,50820,0
11,US24->CS48,50565,50565,0
11,US24->CS56,50780,50780,0
11,US25->CS1,50856,50856,0
11,US25->CS9,50415,50415,0
11,US25->CS17,50782,50782,0
11,US25->CS25,50647,50647,0
11,US25->CS33,50840,50840,0
11,US25->CS41,50711,50711,0
11,US25->CS49,50572,50572,0
11,US25->CS57,51204,51204,0
11,US26->CS2,50618,50618,0
11,US26->CS10,50928,50928,0
11,US26->CS18,51115,51115,0
11,US26->CS26,50897,50897,0
11,US26->CS34,50797,50797,0
11,US26->CS42,51121,51121,0
11,US26->CS50,51103,51103,0
11,US26->CS58,51252,51252,0
11,US27->CS3,51143,51143,0
11,US27->CS11,51056,51056,0
11,US27->CS19,50698,50698,0
11,US27->CS27,50885,50885,0
11,US27->CS35,50963,50963,0
11,US27->CS43,51098,51098,0
11,US27->CS51,50727,50727,0
11,US27->CS59,50825,50825,0
11,US28->CS4,50872,50872,0
11,US28->CS12,50827,50827,0
11,US28->CS20,50742,50742,0
11,US28->CS28,51039,51039,0
11,US28->CS36,50724,50724,0
11,US28->CS44,50525,50525,0
11,US28->CS52,50613,50613,0
11,US28->CS60,50876,50876,0
11,US29->CS5,50255,50255,0
11,US29->CS13,50434,50434,0
11,US29->CS21,50403,50403,0
11,US29->CS29,50649,50649,0
11,US29->CS37,50501,50501,0
11,US29->CS45,50569,50569,0
11,US29->CS53,50622,50622,0
11,US29->CS61,51077,51077,0
11,US30->CS6,50791,50791,0
11,US30->CS14,50635,50635,0
11,US30->CS22,51099,51099,0
11,US30->CS30,50769,50769,0
11,US30->CS38,50844,50844,0
11,US30->CS46,51071,51071,0
11,US30->CS54,51124,51124,0
11,US30->CS62,50667,50667,0
11,US31->CS7,50443,50443,0
11,US31->CS15,50846,50846,0
11,US31->CS23,50827,50827,0
11,US31->CS31,50766,50766,0
11,US31->CS39,50709,50709,0
11,US31->CS47,51109,51109,0
11,US31->CS55,50758,50758,0
11,US31->CS63,50848,50848,0
11,US32->CS0,41912,41912,0
11,US32->CS8,42239,42239,0
11,US32->CS16,42124,42123,0
11,US32->CS24,42102,42100,0
11,US32->CS32,42141,42141,0
11,US32->CS40,41839,41839,0
11,US32->CS48,41708,41708,0
11,US32->CS56,42382,42381,0
11,US33->CS1,42177,42175,0
11,US33->CS9,42300,42299,0
11,US33->CS17,42169,42167,0
11,US33->CS25,42016,42015,0
11,US33->CS33,42146,42146,0
11,US33->CS41,42354,42353,0
11,US33->CS49,42511,42509,0
11,US33->CS57,41704,41704,0
11,US34->CS2,41893,41893,0
11,US34->CS10,41968,41966,0
11,US34->CS18,41949,41949,0
11,US34->CS26,42285,42284,0
11,US34->CS34,41972,41972,0
11,US34->CS42,42252,42252,0
11,US34->CS50,42139,42139,0
11,US34->CS58,42252,42252,0
11,US35->CS3,42002,42002,0
11,US35->CS11,42319,42319,0
11,US35->CS19,42132,42132,0
11,US35->CS27,42597,42595,0
11,US35->CS35,42193,42192,0
11,US35->CS43,42636,42635,0
11,US35->CS51,42131,42131,0
11,US35->CS59,42462,42461,0
11,US36->CS4,42436,42436,0
11,US36->CS12,42006,42004,0
11,US36->CS20,42128,42127,0
11,US36->CS28,42285,42285,0
11,US36->CS36,42090,42090,0
11,US36->CS44,42073,42072,0
11,US36->CS52,42595,42594,0
11,US36->CS60,42478,42477,0
11,US37->CS5,41921,41921,0
11,US37->CS13,42367,42366,0
11,US37->CS21,41938,41938,0
11,US37->CS29,41992,41992,0
11,US37->CS37,42207,42207,0
11,US37->CS45,42238,42237,0
11,US37->CS53,42087,42086,0
11,US37->CS61,42037,42037,0
11,US38->CS6,42287,42287,0
11,US38->CS14,41862,41862,0
11,US38->CS22,41818,41818,0
11,US38->CS30,42446,42446,0
11,US38->CS38,42261,42261,0
11,US38->CS46,41809,41809,0
11,US38->CS54,42113,42113,0
11,US38->CS62,42248,42248,0
11,US39->CS7,42047,42047,0
11,US39->CS15,42069,42069,0
11,US39->CS23,42351,42350,0
11,US39->CS31,42108,42108,0
11,US39->CS39,41807,41807,0
11,US39->CS47,42391,42391,0
11,US39->CS55,41848,41848,0
11,US39->CS63,42118,42118,0
11,US40->CS0,54661,54661,0
11,US40->CS8,54477,54477,0
11,US40->CS16,54693,54693,0
11,US40->CS24,54863,54863,0
11,US40->CS32,54469,54469,0
11,US40->CS40,54836,54836,0
11,US40->CS48,54821,54821,0
11,US40->CS56,53970,53970,0
11,US41->CS1,54253,54253,0
11,US41->CS9,54655,54655,0
11,US41->CS17,54893,54893,0
11,US41->CS25,54839,54839,0
11,US41->CS33,54642,54642,0
11,US41->CS41,54577,54577,0
11,US41->CS49,54713,54713,0
11,US41->CS57,54302,54302,0
11,US42->CS2,54208,54208,0
11,US42->CS10,54490,54490,0
11,US42->CS18,54288,54288,0
11,US42->CS26,54393,54393,0
11,US42->CS34,54375,54375,0
11,US42->CS42,54783,54783,0
11,US42->CS50,54070,54070,0
11,US42->CS58,54303,54303,0
11,US43->CS3,54330,54330,0
11,US43->CS11,54507,54507,0
11,US43->CS19,54157,54157,0
11,US43->CS27,54630,54630,0
11,US43->CS35,54703,54703,0
11,US43->CS43,54670,54670,0
11,US43->CS51,54628,54628,0
11,US43->CS59,54392,54392,0
11,US44->CS4,54358,54358,0
11,US44->CS12,54782,54782,0
11,US44->CS20,54563,54563,0
11,US44->CS28,54240,54240,0
11,US44->CS36,54467,54467,0
11,US44->CS44,54319,54319,0
11,US44->CS52,54510,54510,0
11,US44->CS60,54817,54817,0
11,US45->CS5,54980,54980,0
11,US45->CS13,54693,54693,0
11,US45->CS21,54565,54565,0
11,US45->CS29,54867,54867,0
11,US45->CS37,54584,54584,0
11,US45->CS45,54576,54576,0
11,US45->CS53,54588,54588,0
11,US45->CS61,54621,54621,0
11,US46->CS6,54262,54262,0
11,US46->CS14,54898,54898,0
11,US46->CS22,54356,54356,0
11,US46->CS30,54898,54898,0
11,US46->CS38,54105,54105,0
11,US46->CS46,54540,54540,0
11,US46->CS54,54621,54621,0
11,US46->CS62,54294,54294,0
11,US47->CS7,54486,54486,0
11,US47->CS15,54387,54387,0
11,US47->CS23,54941,54941,0
11,US47->CS31,55009,55009,0
11,US47->CS39,54837,54837,0
11,US47->CS47,54518,54518,0
11,US47->CS55,54535,54535,0
11,US47->CS63,54488,54488,0
11,US48->CS0,51826,51826,0
11,US48->CS8,51933,51933,0
11,US48->CS16,51667,51667,0
11,US48->CS24,51680,51680,0
11,US48->CS32,51513,51513,0
11,US48->CS40,51977,51977,0
11,US48->CS48,51401,51401,0
11,US48->CS56,51444,51444,0
11,US49->CS1,52203,52203,0
11,US49->CS9,52019,52019,0
11,US49->CS17,51619,51619,0
11,US49->CS25,51334,51334,0
11,US49->CS33,51849,51849,0
11,US49->CS41,51889,51889,0
11,US49->CS49,51830,51830,0
11,US49->CS57,51864,51864,0
11,US50->CS2,51542,51542,0
11,US50->CS10,51753,51753,0
11,US50->CS18,51613,51613,0
11,US50->CS26,51665,51665,0
11,US50->CS34,51747,51747,0
11,US50->CS42,51648,51648,0
11,US50->CS50,51718,51718,0
11,US50->CS58,51839,51839,0
11,US51->CS3,52136,52136,0
11,US51->CS11,51404,51404,0
11,US51->CS19,51900,51900,0
11,US51->CS27,51942,51942,0
11,US51->CS35,52021,52021,0
11,US51->CS43,51874,51874,0
11,US51->CS51,51520,51520,0
11,US51->CS59,51977,51977,0
11,US52->CS4,51614,51614,0
11,US52->CS12,51692,51692,0
11,US52->CS20,51541,51541,0
11,US52->CS28,51602,51602,0
11,US52->CS36,51990,51990,0
11,US52->CS44,52243,52243,0
11,US52->CS52,51821,51821,0
11,US52->CS60,51604,51604,0
11,US53->CS5,52134,52134,0
11,US53->CS13,51630,51630,0
11,US53->CS21,51674,51674,0
11,US53->CS29,51715,51715,0
11,US53->CS37,51549,51549,0
11,US53->CS45,51824,51824,0
11,US53->CS53,51396,51396,0
11,US53->CS61,51569,51569,0
11,US54->CS6,51792,51792,0
11,US54->CS14,52336,52336,0
11,US54->CS22,51629,51629,0
11,US54->CS30,51856,51856,0
11,US54->CS38,51735,51735,0
11,US54->CS46,52035,52035,0
11,US54->CS54,51715,51715,0
11,US54->CS62,51493,51493,0
11,US55->CS7,51733,51733,0
11,US55->CS15,51950,51950,0
11,US55->CS23,51706,51706,0
11,US55->CS31,51861,51861,0
11,US55->CS39,51696,51696,0
11,US55->CS47,51832,51832,0
11,US55->CS55,51777,51777,0
11,US55->CS63,51363,51363,0
11,US56->CS0,50990,50990,0
11,US56->CS8,51089,51089,0
11,US56->CS16,50767,50767,0
11,US56->CS24,51171,51171,0
11,US56->CS32,51273,51273,0
11,US56->CS40,50949,50949,0
11,US56->CS48,51058,51058,0
11,US56->CS56,50789,50789,0
11,US57->CS1,50887,50887,0
11,US57->CS9,51072,51072,0
11,US57->CS17,51338,51338,0
11,US57->CS25,50800,50800,0
11,US57->CS33,50676,50676,0
11,US57->CS41,51087,51087,0
11,US57->CS49,50903,50903,0
11,US57->CS57,50721,50721,0
11,US58->CS2,51495,51495,0
11,US58->CS10,50780,50780,0
11,US58->CS18,51089,51089,0
11,US58->CS26,50856,50856,0
11,US58->CS34,50866,50866,0
11,US58->CS42,50496,50496,0
11,US58->CS50,51097,51097,0
11,US58->CS58,50960,50960,0
11,US59->CS3,51177,51177,0
11,US59->CS11,50698,50698,0
11,US59->CS19,50397,50397,0
11,US59->CS27,50977,50977,0
11,US59->CS35,50791,50791,0
11,US59->CS43,50835,50835,0
11,US59->CS51,50803,50803,0
11,US59->CS59,50892,50892,0
11,US60->CS4,50739,50739,0
11,US60->CS12,50606,50606,0
11,US60->CS20,50734,50734,0
11,US60->CS28,50315,50315,0
11,US60->CS36,51203,51203,0
11,US60->CS44,50830,50830,0
11,US60->CS52,50803,50803,0
11,US60->CS60,51063,51063,0
11,US61->CS5,50925,50925,0
11,US61->CS13,50728,50728,0
11,US61->CS21,50855,50855,0
11,US61->CS29,51201,51201,0
11,US61->CS37,50970,50970,0
11,US61->CS45,51137,51137,0
11,US61->CS53,50781,50781,0
11,US61->CS61,51017,51017,0
11,US62->CS6,51051,51051,0
11,US62->CS14,50808,50808,0
11,US62->CS22,50666,50666,0
11,US62->CS30,50372,50372,0
11,US62->CS38,50543,50543,0
11,US62->CS46,51100,51100,0
11,US62->CS54,50942,50942,0
11,US62->CS62,50903,50903,0
11,US63->CS7,50626,50626,0
11,US63->CS15,50973,50973,0
11,US63->CS23,50922,50922,0
11,US63->CS31,51272,51272,0
11,US63->CS39,51156,51156,0
11,US63->CS47,50802,50802,0
11,US63->CS55,50998,50998,0
11,US63->CS63,51064,51064,0
11,US64->CS0,41977,41976,0
11,US64->CS8,41569,41569,0
11,US64->CS16,41698,41698,0
11,US64->CS24,41488,41486,0
11,US64->CS32,41535,41534,0
11,US64->CS40,41900,41899,0
11,US64->CS48,41825,41825,0
11,US64->CS56,41566,41566,0
11,US65->CS1,41557,41557,0
11,US65->CS9,41587,41587,0
11,US65->CS17,41565,41565,0
11,US65->CS25,41481,41479,0
11,US65->CS33,41852,41852,0
11,US65->CS41,42103,42103,0
11,US65->CS49,41449,41449,0
11,US65->CS57,41352,41352,0
11,US66->CS2,41510,41510,0
11,US66->CS10,41369,41368,0
11,US66->CS18,41925,41925,0
11,US66->CS26,41703,41700,0
11,US66->CS34,41373,41372,0
11,US66->CS42,41299,41299,0
11,US66->CS50,41809,41808,0
11,US66->CS58,41845,41845,0
11,US67->CS3,41485,41485,0
11,US67->CS11,41706,41706,0
11,US67->CS19,41399,41399,0
11,US67->CS27,41384,41384,0
11,US67->CS35,41488,41488,0
11,US67->CS43,41791,41790,0
11,US67->CS51,41383,41383,0
11,US67->CS59,42001,41999,0
11,US68->CS4,41854,41854,0
11,US68->CS12,41273,41273,0
11,US68->CS20,41460,41460,0
11,US68->CS28,41505,41504,0
11,US68->CS36,41531,41530,0
11,US68->CS44,41780,41779,0
11,US68->CS52,41795,41795,0
11,US68->CS60,41601,41601,0
11,US69->CS5,41581,41581,0
11,US69->CS13,41446,41444,0
11,US69->CS21,41684,41684,0
11,US69->CS29,41693,41693,0
11,US69->CS37,41877,41877,0
11,US69->CS45,41275,41275,0
11,US69->CS53,41539,41539,0
11,US69->CS61,41475,41475,0
11,US70->CS6,41395,41395,0
11,US70->CS14,41440,41438,0
11,US70->CS22,41950,41950,0
11,US70->CS30,41459,41458,0
11,US70->CS38,41905,41904,0
11,US70->CS46,41950,41949,0
11,US70->CS54,41733,41733,0
11,US70->CS62,41599,41599,0
11,US71->CS7,41841,41841,0
11,US71->CS15,41742,41742,0
11,US71->CS23,41806,41806,0
11,US71->CS31,41595,41594,0
11,US71->CS39,41905,41905,0
11,US71->CS47,41376,41375,0
11,US71->CS55,41450,41450,0
11,US71->CS63,41596,41595,0
11,US72->CS0,51184,51184,0
11,US72->CS8,51281,51281,0
11,US72->CS16,51254,51254,0
11,US72->CS24,50890,50890,0
11,US72->CS32,50768,50768,0
11,US72->CS40,51002,51002,0
11,US72->CS48,50845,50845,0
11,US72->CS56,50641,50641,0
11,US73->CS1,50540,50540,0
11,US73->CS9,50798,50798,0
11,US73->CS17,50924,50924,0
11,US73->CS25,51171,51171,0
11,US73->CS33,50927,50927,0
11,US73->CS41,51085,51085,0
11,US73->CS49,50914,50914,0
11,US73->CS57,51092,51092,0
11,US74->CS2,50898,50898,0
11,US74->CS10,50783,50783,0
11,US74->CS18,51064,51064,0
11,US74->CS26,51117,51117,0
11,US74->CS34,50917,50917,0
11,US74->CS42,50991,50991,0
11,US74->CS50,50935,50935,0
11,US74->CS58,51007,51007,0
11,US75->CS3,51115,51115,0
11,US75->CS11,51080,51080,0
11,US75->CS19,50971,50971,0
11,US75->CS27,50826,50826,0
11,US75->CS35,50790,50790,0
11,US75->CS43,51059,51059,0
11,US75->CS51,51136,51136,0
11,US75->CS59,50859,50859,0
11,US76->CS4,51086,51086,0
11,US76->CS12,51008,51008,0
11,US76->CS20,50981,50981,0
11,US76->CS28,51151,51151,0
11,US76->CS36,51012,51012,0
11,US76->CS44,50934,50934,0
11,US76->CS52,50835,50835,0
11,US76->CS60,50699,50699,0
11,US77->CS5,50789,50789,0
11,US77->CS13,51356,51356,0
11,US77->CS21,51136,51136,0
11,US77->CS29,50920,50920,0
11,US77->CS37,50715,50715,0
11,US77->CS45,50971,50971,0
11,US77->CS53,50769,50769,0
11,US77->CS61,51163,51163,0
11,US78->CS6,50853,50853,0
11,US78->CS14,50969,50969,0
11,US78->CS22,50894,50894,0
11,US78->CS30,51001,51001,0
11,US78->CS38,50451,50451,0
11,US78->CS46,50862,50862,0
11,US78->CS54,50696,50696,0
11,US78->CS62,50947,50947,0
11,US79->CS7,50867,50867,0
11,US79->CS15,51038,51038,0
11,US79->CS23,51207,51207,0
11,US79->CS31,51118,51118,0
11,US79->CS39,51301,51301,0
11,US79->CS47,50988,50988,0
11,US79->CS55,50974,50974,0
11,US79->CS63,51023,51023,0
11,US80->CS0,50333,50333,0
11,US80->CS8,50281,50281,0
11,US80->CS16,50164,50164,0
11,US80->CS24,50595,50595,0
11,US80->CS32,50681,50681,0
11,US80->CS40,50781,50781,0
11,US80->CS48,50241,50241,0
11,US80->CS56,50569,50569,0
11,US81->CS1,50845,50845,0
11,US81->CS9,50759,50759,0
11,US81->CS17,50498,50498,0
11,US81->CS25,50461,50461,0
11,US81->CS33,50624,50624,0
11,US81->CS41,50284,50284,0
11,US81->CS49,50485,50485,0
11,US81->CS57,50673,50673,0
11,US82->CS2,50961,50961,0
11,US82->CS10,50729,50729,0
11,US82->CS18,50106,50106,0
11,US82->CS26,51007,51007,0
11,US82->CS34,50544,50544,0
11,US82->CS42,50474,50474,0
11,US82->CS50,50812,50812,0
11,US82->CS58,50833,50833,0
11,US83->CS3,50255,50255,0
11,US83->CS11,50550,50550,0
11,US83->CS19,50886,50886,0
11,US83->CS27,51217,51217,0
11,US83->CS35,50647,50647,0
11,US83->CS43,50334,50334,0
11,US83->CS51,50442,50442,0
11,US83->CS59,50747,50747,0
11,US84->CS4,50317,50317,0
11,US84->CS12,50521,50521,0
11,US84->CS20,50713,50713,0
11,US84->CS28,50498,50498,0
11,US84->CS36,50621,50621,0
11,US84->CS44,50862,50862,0
11,US84->CS52,50584,50584,0
11,US84->CS60,50363,50363,0
11,US85->CS5,50557,50557,0
11,US85->CS13,50783,50783,0
11,US85->CS21,50399,50399,0
11,US85->CS29,50197,50197,0
11,US85->CS37,50643,50643,0
11,US85->CS45,50885,50885,0
11,US85->CS53,50772,50772,0
11,US85->CS61,50405,50405,0
11,US86->CS6,50484,50484,0
11,US86->CS14,50337,50337,0
11,US86->CS22,50826,50826,0
11,US86->CS30,50739,50739,0
11,US86->CS38,50457,50457,0
11,US86->CS46,51232,51232,0
11,US86->CS54,50488,50488,0
11,US86->CS62,50249,50249,0
11,US87->CS7,50311,50311,0
11,US87->CS15,50538,50538,0
11,US87->CS23,50894,50894,0
11,US87->CS31,50552,50552,0
11,US87->CS39,50756,50756,0
11,US87->CS47,50301,50301,0
11,US87->CS55,50525,50525,0
11,US87->CS63,50537,50537,0
11,US88->CS0,50890,50890,0
11,US88->CS8,51094,51094,0
11,US88->CS16,51095,51095,0
11,US88->CS24,51055,51055,0
11,US88->CS32,51109,51109,0
11,US88->CS40,51323,51323,0
11,US88->CS48,50928,50928,0
11,US88->CS56,51003,51003,0
11,US89->CS1,50978,50978,0
11,US89->CS9,51139,51139,0
11,US89->CS17,51021,51021,0
11,US89->CS25,51053,51053,0
11,US89->CS33,50852,50852,0
11,US89->CS41,50852,50852,0
11,US89->CS49,50679,50679,0
11,US89->CS57,51313,51313,0
11,US90->CS2,51015,51015,0
11,US90->CS10,51666,51666,0
11,US90->CS18,51092,51092,0
11,US90->CS26,51140,51140,0
11,US90->CS34,50815,50815,0
11,US90->CS42,50756,50756,0
11,US90->CS50,50997,50997,0
11,US90->CS58,51038,51038,0
11,US91->CS3,51175,51175,0
11,US91->CS11,50932,50932,0
11,US91->CS19,51170,51170,0
11,US91->CS27,51062,51062,0
11,US91->CS35,50597,50597,0
11,US91->CS43,51351,51351,0
11,US91->CS51,51249,51249,0
11,US91->CS59,50991,50991,0
11,US92->CS4,50976,50976,0
11,US92->CS12,51024,51024,0
11,US92->CS20,50568,50568,0
11,US92->CS28,51211,51211,0
11,US92->CS36,50847,50847,0
11,US92->CS44,51069,51069,0
11,US92->CS52,51278,51278,0
11,US92->CS60,51329,51329,0
11,US93->CS5,50814,50814,0
11,US93->CS13,50645,50645,0
11,US93->CS21,51394,51394,0
11,US93->CS29,51079,51079,0
11,US93->CS37,51086,51086,0
11,US93->CS45,50838,50838,0
11,US93->CS53,51327,51327,0
11,US93->CS61,50926,50926,0
11,US94->CS6,50775,50775,0
11,US94->CS14,50845,50845,0
11,US94->CS22,50970,50970,0
11,US94->CS30,51010,51010,0
11,US94->CS38,51130,51130,0
11,US94->CS46,51243,51243,0
11,US94->CS54,50770,50770,0
11,US94->CS62,51023,51023,0
11,US95->CS7,50963,50963,0
11,US95->CS15,51056,51056,0
11,US95->CS23,50492,50492,0
11,US95->CS31,51191,51191,0
11,US95->CS39,51510,51510,0
11,US95->CS47,51278,51278,0
11,US95->CS55,50438,50438,0
11,US95->CS63,51116,51116,0
11,US96->CS0,50764,50764,0
11,US96->CS8,50519,50519,0
11,US96->CS16,50981,50981,0
11,US96->CS24,51257,51257,0
11,US96->CS32,50568,50568,0
11,US96->CS40,50724,50724,0
11,US96->CS48,51075,51075,0
11,US96->CS56,51351,51351,0
11,US97->CS1,50819,50819,0
11,US97->CS9,50840,50840,0
11,US97->CS17,50512,50512,0
11,US97->CS25,50910,50910,0
11,US97->CS33,51076,51076,0
11,US97->CS41,51140,51140,0
11,US97->CS49,50651,50651,0
11,US97->CS57,50768,50768,0
11,US98->CS2,50584,50584,0
11,US98->CS10,50946,50946,0
11,US98->CS18,50842,50842,0
11,US98->CS26,50699,50699,0
11,US98->CS34,51080,51080,0
11,US98->CS42,50623,50623,0
11,US98->CS50,50381,50381,0
11,US98->CS58,50733,50733,0
11,US99->CS3,50802,50802,0
11,US99->CS11,50685,50685,0
11,US99->CS19,50659,50659,0
11,US99->CS27,50614,50614,0
11,US99->CS35,50833,50833,0
11,US99->CS43,50599,50599,0
11,US99->CS51,50657,50657,0
11,US99->CS59,51022,51022,0
11,US100->CS4,50543,50543,0
11,US100->CS12,50796,50796,0
11,US100->CS20,51506,51506,0
11,US100->CS28,51179,51179,0
11,US100->CS36,51059,51059,0
11,US100->CS44,50734,50734,0
11,US100->CS52,50752,50752,0
11,US100->CS60,50966,50966,0
11,US101->CS5,51077,51077,0
11,US101->CS13,50585,50585,0
11,US101->CS21,50595,50595,0
11,US101->CS29,50622,50622,0
11,US101->CS37,50799,50799,0
11,US101->CS45,51005,51005,0
11,US101->CS53,51127,51127,0
11,US101->CS61,50409,50409,0
11,US102->CS6,51052,51052,0
11,US102->CS14,50913,50913,0
11,US102->CS22,50640,50640,0
11,US102->CS30,50815,50815,0
11,US102->CS38,50878,50878,0
11,US102->CS46,51038,51038,0
11,US102->CS54,50649,50649,0
11,US102->CS62,50787,50787,0
11,US103->CS7,50510,50510,0
11,US103->CS15,50845,50845,0
11,US103->CS23,50796,50796,0
11,US103->CS31,50599,50599,0
11,US103->CS39,50978,50978,0
11,US103->CS47,51167,51167,0
11,US103->CS55,51080,51080,0
11,US103->CS63,50724,50724,0
11,US104->CS0,50619,50619,0
11,US104->CS8,50485,50485,0
11,US104->CS16,50470,50470,0
11,US104->CS24,50864,50864,0
11,US104->CS32,50488,50488,0
11,US104->CS40,50810,50810,0
11,US104->CS48,50787,50787,0
11,US104->CS56,50457,50457,0
11,US105->CS1,50341,50341,0
11,US105->CS9,50719,50719,0
11,US105->CS17,50812,50812,0
11,US105->CS25,50918,50918,0
11,US105->CS33,50509,50509,0
11,US105->CS41,50546,50546,0
11,US105->CS49,50595,50595,0
11,US105->CS57,50642,50642,0
11,US106->CS2,50775,50775,0
11,US106->CS10,50437,50437,0
11,US106->CS18,50939,50939,0
11,US106->CS26,50702,50702,0
11,US106->CS34,50641,50641,0
11,US106->CS42,50453,50453,0
11,US106->CS50,50587,50587,0
11,US106->CS58,50288,50288,0
11,US107->CS3,50744,50744,0
11,US107->CS11,50930,50930,0
11,US107->CS19,50753,50753,0
11,US107->CS27,51009,51009,0
11,US107->CS35,50929,50929,0
11,US107->CS43,50802,50802,0
11,US107->CS51,50560,50560,0
11,US107->CS59,50496,50496,0
11,US108->CS4,50444,50444,0
11,US108->CS12,50625,50625,0
11,US108->CS20,50906,50906,0
11,US108->CS28,50703,50703,0
11,US108->CS36,50946,50946,0
11,US108->CS44,50733,50733,0
11,US108->CS52,50482,50482,0
11,US108->CS60,50408,50408,0
11,US109->CS5,50303,50303,0
11,US109->CS13,51031,51031,0
11,US109->CS21,50786,50786,0
11,US109->CS29,50790,50790,0
11,US109->CS37,50390,50390,0
11,US109->CS45,50784,50784,0
11,US109->CS53,50870,50870,0
11,US109->CS61,50363,50363,0
11,US110->CS6,50952,50952,0
11,US110->CS14,50694,50694,0
11,US110->CS22,50718,50718,0
11,US110->CS30,50642,50642,0
11,US110->CS38,50627,50627,0
11,US110->CS46,50628,50628,0
11,US110->CS54,50508,50508,0
11,US110->CS62,50901,50901,0
11,US111->CS7,50501,50501,0
11,US111->CS15,51009,51009,0
11,US111->CS23,50790,50790,0
11,US111->CS31,50631,50631,0
11,US111->CS39,50744,50744,0
11,US111->CS47,50687,50687,0
11,US111->CS55,50323,50323,0
11,US111->CS63,51185,51185,0
11,US112->CS0,52608,52608,0
11,US112->CS8,52902,52902,0
11,US112->CS16,52536,52536,0
11,US112->CS24,53440,53440,0
11,US112->CS32,52774,52774,0
11,US112->CS40,52850,52850,0
11,US112->CS48,52816,52816,0
11,US112->CS56,53250,53250,0
11,US113->CS1,52804,52804,0
11,US113->CS9,53190,53190,0
11,US113->CS17,52863,52863,0
11,US113->CS25,53093,53093,0
11,US113->CS33,52989,52989,0
11,US113->CS41,52752,52752,0
11,US113->CS49,52705,52705,0
11,US113->CS57,53031,53031,0
11,US114->CS2,53166,53166,0
11,US114->CS10,53495,53495,0
11,US114->CS18,53276,53276,0
11,US114->CS26,52762,52762,0
11,US114->CS34,53164,53164,0
11,US114->CS42,53069,53069,0
11,US114->CS50,53428,53428,0
11,US114->CS58,53235,53235,0
11,US115->CS3,53408,53408,0
11,US115->CS11,53200,53200,0
11,US115->CS19,52580,52580,0
11,US115->CS27,52688,52688,0
11,US115->CS35,52806,52806,0
11,US115->CS43,53247,53247,0
11,US115->CS51,53324,53324,0
11,US115->CS59,52871,52871,0
11,US116->CS4,53220,53220,0
11,US116->CS12,52644,52644,0
11,US116->CS20,53045,53045,0
11,US116->CS28,52920,52920,0
11,US116->CS36,53201,53201,0
11,US116->CS44,52765,52765,0
11,US116->CS52,52726,52726,0
11,US116->CS60,53079,53079,0
11,US117->CS5,52860,52860,0
11,US117->CS13,53292,53292,0
11,US117->CS21,52940,52940,0
11,US117->CS29,53154,53154,0
11,US117->CS37,52832,52832,0
11,US117->CS45,52816,52816,0
11,US117->CS53,53168,53168,0
11,US117->CS61,52923,52923,0
11,US118->CS6,52856,52856,0
11,US118->CS14,52913,52913,0
11,US118->CS22,52867,52867,0
11,US118->CS30,52934,52934,0
11,US118->CS38,52873,52873,0
11,US118->CS46,52919,52919,0
11,US118->CS54,53210,53210,0
11,US118->CS62,52686,52686,0
11,US119->CS7,53245,53245,0
11,US119->CS15,53269,53269,0
11,US119->CS23,52939,52939,0
11,US119->CS31,53077,53077,0
11,US119->CS39,52971,52971,0
11,US119->CS47,53035,53035,0
11,US119->CS55,52871,52871,0
11,US119->CS63,53150,53150,0
11,US120->CS0,51064,51064,0
11,US120->CS8,50390,50390,0
11,US120->CS16,50996,50996,0
11,US120->CS24,50796,50796,0
11,US120->CS32,50874,50874,0
11,US120->CS40,51183,51183,0
11,US120->CS48,51005,51005,0
11,US120->CS56,50604,50604,0
11,US121->CS1,51110,51110,0
11,US121->CS9,50716,50716,0
11,US121->CS17,50655,50655,0
11,US121->CS25,50668,50668,0
11,US121->CS33,50882,50882,0
11,US121->CS41,50775,50775,0
11,US121->CS49,51042,51042,0
11,US121->CS57,50299,50299,0
11,US122->CS2,51191,51191,0
11,US122->CS10,50715,50715,0
11,US122->CS18,50571,50571,0
11,US122->CS26,50756,50756,0
11,US122->CS34,50944,50944,0
11,US122->CS42,50605,50605,0
11,US122->CS50,50516,50516,0
11,US122->CS58,51024,51024,0
11,US123->CS3,50968,50968,0
11,US123->CS11,50573,50573,0
11,US123->CS19,50681,50681,0
11,US123->CS27,50765,50765,0
11,US123->CS35,50526,50526,0
11,US123->CS43,50551,50551,0
11,US123->CS51,50690,50690,0
11,US123->CS59,50185,50185,0
11,US124->CS4,50614,50614,0
11,US124->CS12,50623,50623,0
11,US124->CS20,51059,51059,0
11,US124->CS28,50554,50554,0
11,US124->CS36,50723,50723,0
11,US124->CS44,50361,50361,0
11,US124->CS52,50930,50930,0
11,US124->CS60,50557,50557,0
11,US125->CS5,50483,50483,0
11,US125->CS13,51252,51252,0
11,US125->CS21,50760,50760,0
11,US125->CS29,50697,50697,0
11,US125->CS37,50736,50736,0
11,US125->CS45,50831,50831,0
11,US125->CS53,50586,50586,0
11,US125->CS61,51234,51234,0
11,US126->CS6,50975,50975,0
11,US126->CS14,50902,50902,0
11,US126->CS22,51146,51146,0
11,US126->CS30,50386,50386,0
11,US126->CS38,50761,50761,0
11,US126->CS46,50393,50393,0
11,US126->CS54,50861,50861,0
11,US126->CS62,50570,50570,0
11,US127->CS7,51222,51222,0
11,US127->CS15,50401,50401,0
11,US127->CS23,50544,50544,0
11,US127->CS31,50992,50992,0
11,US127->CS39,50542,50542,0
11,US127->CS47,50572,50572,0
11,US127->CS55,50652,50652,0
11,US127->CS63,50870,50870,0
11,CS0->US0,51565,51565,0
11,CS0->US8,50270,50270,0
11,CS0->US16,51169,51169,0
11,CS0->US24,51066,51066,0
11,CS0->US32,42044,42043,0
11,CS0->US40,52611,52611,0
11,CS0->US48,51599,51599,0
11,CS0->US56,51107,51107,0
11,CS0->US64,42038,42038,0
11,CS0->US72,50839,50839,0
11,CS0->US80,57052,57052,0
11,CS0->US88,51247,51247,0
11,CS0->US96,50706,50706,0
11,CS0->US104,50818,50818,0
11,CS0->US112,54709,54709,0
11,CS0->US120,54306,54306,0
11,CS1->US1,51878,51878,0
11,CS1->US9,50870,50870,0
11,CS1->US17,51147,51147,0
11,CS1->US25,51000,51000,0
11,CS1->US33,41622,41621,0
11,CS1->US41,52894,52894,0
11,CS1->US49,51590,51590,0
11,CS1->US57,50981,50981,0
11,CS1->US65,42236,42236,0
11,CS1->US73,50999,50999,0
11,CS1->US81,56653,56653,0
11,CS1->US89,50586,50586,0
11,CS1->US97,50422,50422,0
11,CS1->US105,50901,50901,0
11,CS1->US113,54243,54243,0
11,CS1->US121,54444,54444,0
11,CS2->US2,51299,51299,0
11,CS2->US10,50957,50957,0
11,CS2->US18,51245,51245,0
11,CS2->US26,51556,51556,0
11,CS2->US34,41558,41558,0
11,CS2->US42,53109,53109,0
11,CS2->US50,51275,51275,0
11,CS2->US58,50748,50748,0
11,CS2->US66,41989,41989,0
11,CS2->US74,50917,50917,0
11,CS2->US82,57080,57080,0
11,CS2->US90,50985,50985,0
11,CS2->US98,50798,50798,0
11,CS2->US106,50706,50706,0
11,CS2->US114,54318,54318,0
11,CS2->US122,53959,53959,0
11,CS3->US3,51827,51827,0
11,CS3->US11,50268,50268,0
11,CS3->US19,51009,51009,0
11,CS3->US27,51243,51243,0
11,CS3->US35,41581,41580,0
11,CS3->US43,53464,53464,0
11,CS3->US51,51734,51734,0
11,CS3->US59,51235,51235,0
11,CS3->US67,42110,42110,0
11,CS3->US75,51105,51105,0
11,CS3->US83,56502,56502,0
11,CS3->US91,51156,51156,0
11,CS3->US99,50799,50799,0
11,CS3->US107,50866,50866,0
11,CS3->US115,54408,54408,0
11,CS3->US123,54681,54681,0
11,CS4->US4,51364,51364,0
11,CS4->US12,50296,50296,0
11,CS4->US20,50768,50768,0
11,CS4->US28,50874,50874,0
11,CS4->US36,41915,41914,0
11,CS4->US44,53146,53146,0
11,CS4->US52,51609,51609,0
11,CS4->US60,50981,50981,0
11,CS4->US68,42505,42504,0
11,CS4->US76,50898,50898,0
11,CS4->US84,56926,56926,0
11,CS4->US92,51202,51202,0
11,CS4->US100,50560,50560,0
11,CS4->US108,50571,50571,0
11,CS4->US116,54404,54404,0
11,CS4->US124,54581,54581,0
11,CS5->US5,51894,51894,0
11,CS5->US13,50534,50534,0
11,CS5->US21,50554,50554,0
11,CS5->US29,51104,51104,0
11,CS5->US37,41638,41637,0
11,CS5->US45,52851,52851,0
11,CS5->US53,51314,51314,0
11,CS5->US61,50405,50405,0
11,CS5->US69,42002,42001,0
11,CS5->US77,50741,50741,0
11,CS5->US85,56803,56803,0
11,CS5->US93,50838,50838,0
11,CS5->US101,50368,50368,0
11,CS5->US109,51094,51094,0
11,CS5->US117,55061,55061,0
11,CS5->US125,54093,54093,0
11,CS6->US6,51478,51478,0
11,CS6->US14,50470,50470,0
11,CS6->US22,51030,51030,0
11,CS6->US30,51084,51084,0
11,CS6->US38,41513,41513,0
11,CS6->US46,52920,52920,0
11,CS6->US54,51253,51253,0
11,CS6->US62,50949,50949,0
11,CS6->US70,42408,42408,0
11,CS6->US78,50760,50760,0
11,CS6->US86,56640,56640,0
11,CS6->US94,50904,50904,0
11,CS6->US102,50956,50956,0
11,CS6->US110,51089,51089,0
11,CS6->US118,54368,54368,0
11,CS6->US126,53989,53989,0
11,CS7->US7,51461,51461,0
11,CS7->US15,50285,50285,0
11,CS7->US23,51333,51333,0
11,CS7->US31,50757,50757,0
11,CS7->US39,41878,41878,0
11,CS7->US47,53274,53274,0
11,CS7->US55,51569,51569,0
11,CS7->US63,50592,50592,0
11,CS7->US71,42124,42121,0
11,CS7->US79,50935,50935,0
11,CS7->US87,57045,57045,0
11,CS7->US95,50902,50902,0
11,CS7->US103,50569,50569,0
11,CS7->US111,50607,50607,0
11,CS7->US119,54547,54547,0
11,CS7->US127,54475,54475,0
11,CS8->US0,51697,51697,0
11,CS8->US8,50297,50297,0
11,CS8->US16,50433,50433,0
11,CS8->US24,51228,51228,0
11,CS8->US32,41644,41643,0
11,CS8->US40,52889,52889,0
11,CS8->US48,51076,51076,0
11,CS8->US56,51233,51233,0
11,CS8->US64,42324,42323,0
11,CS8->US72,51021,51021,0
11,CS8->US80,56929,56929,0
11,CS8->US88,51270,51270,0
11,CS8->US96,50563,50563,0
11,CS8->US104,50547,50547,0
11,CS8->US112,54536,54536,0
11,CS8->US120,54708,54708,0
11,CS9->US1,51783,51783,0
11,CS9->US9,50766,50766,0
11,CS9->US17,50833,50833,0
11,CS9->US25,51218,51218,0
11,CS9->US33,41683,41683,0
11,CS9->US41,53136,53136,0
11,CS9->US49,51092,51092,0
11,CS9->US57,50525,50525,0
11,CS9->US65,42375,42375,0
11,CS9->US73,51067,51067,0
11,CS9->US81,56833,56833,0
11,CS9->US89,50905,50905,0
11,CS9->US97,50819,50819,0
11,CS9->US105,50856,50856,0
11,CS9->US113,54711,54711,0
11,CS9->US121,54581,54581,0
11,CS10->US2,51433,51433,0
11,CS10->US10,50718,50718,0
11,CS10->US18,50834,50834,0
11,CS10->US26,50894,50894,0
11,CS10->US34,41468,41467,0
11,CS10->US42,53543,53543,0
11,CS10->US50,51454,51454,0
11,CS10->US58,51069,51069,0
11,CS10->US66,42047,42046,0
11,CS10->US74,51556,51556,0
11,CS10->US82,57064,57064,0
11,CS10->US90,50822,50822,0
11,CS10->US98,50520,50520,0
11,CS10->US106,50925,50925,0
11,CS10->US114,54542,54542,0
11,CS10->US122,54401,54401,0
11,CS11->US3,51104,51104,0
11,CS11->US11,50539,50539,0
11,CS11->US19,50665,50665,0
11,CS11->US27,50826,50826,0
11,CS11->US35,41789,41789,0
11,CS11->US43,53232,53232,0
11,CS11->US51,51774,51774,0
11,CS11->US59,51106,51106,0
11,CS11->US67,42420,42418,0
11,CS11->US75,50810,50810,0
11,CS11->US83,56990,56990,0
11,CS11->US91,51110,51110,0
11,CS11->US99,51036,51036,0
11,CS11->US107,50736,50736,0
11,CS11->US115,54640,54640,0
11,CS11->US123,54298,54298,0
11,CS12->US4,51370,51370,0
11,CS12->US12,50614,50614,0
11,CS12->US20,50724,50724,0
11,CS12->US28,50711,50711,0
11,CS12->US36,41333,41332,0
11,CS12->US44,52730,52730,0
11,CS12->US52,51574,51574,0
11,CS12->US60,50861,50861,0
11,CS12->US68,42140,42140,0
11,CS12->US76,51022,51022,0
11,CS12->US84,57086,57086,0
11,CS12->US92,51076,51076,0
11,CS12->US100,50682,50682,0
11,CS12->US108,50858,50858,0
11,CS12->US116,54847,54847,0
11,CS12->US124,54332,54332,0
11,CS13->US5,51338,51338,0
11,CS13->US13,50708,50708,0
11,CS13->US21,51308,51308,0
11,CS13->US29,50845,50845,0
11,CS13->US37,41488,41487,0
11,CS13->US45,53309,53309,0
11,CS13->US53,51649,51649,0
11,CS13->US61,50545,50545,0
11,CS13->US69,42496,42496,0
11,CS13->US77,50635,50635,0
11,CS13->US85,56568,56568,0
11,CS13->US93,51447,51447,0
11,CS13->US101,51060,51060,0
11,CS13->US109,50642,50642,0
11,CS13->US117,54703,54703,0
11,CS13->US125,54557,54557,0
11,CS14->US6,52032,52032,0
11,CS14->US14,50371,50371,0
11,CS14->US22,50901,50901,0
11,CS14->US30,50965,50965,0
11,CS14->US38,41500,41498,0
11,CS14->US46,52929,52929,0
11,CS14->US54,51644,51644,0
11,CS14->US62,50742,50742,0
11,CS14->US70,41959,41958,0
11,CS14->US78,50884,50884,0
11,CS14->US86,56952,56952,0
11,CS14->US94,51071,51071,0
11,CS14->US102,50754,50754,0
11,CS14->US110,50952,50952,0
11,CS14->US118,54884,54884,0
11,CS14->US126,54357,54357,0
11,CS15->US7,51652,51652,0
11,CS15->US15,50571,50571,0
11,CS15->US23,50448,50448,0
11,CS15->US31,51109,51109,0
11,CS15->US39,41803,41802,0
11,CS15->US47,53325,53325,0
11,CS15->US55,51482,51482,0
11,CS15->US63,50955,50955,0
11,CS15->US71,42157,42156,0
11,CS15->US79,51012,51012,0
11,CS15->US87,56886,56886,0
11,CS15->US95,51081,51081,0
11,CS15->US103,51115,51115,0
11,CS15->US111,50881,50881,0
11,CS15->US119,54469,54469,0
11,CS15->US127,54327,54327,0
11,CS16->US0,51417,51417,0
11,CS16->US8,50193,50193,0
11,CS16->US16,51066,51066,0
11,CS16->US24,50878,50878,0
11,CS16->US32,41776,41774,0
11,CS16->US40,52531,52531,0
11,CS16->US48,51163,51163,0
11,CS16->US56,50662,50662,0
11,CS16->US64,42221,42220,0
11,CS16->US72,51080,51080,0
11,CS16->US80,56700,56700,0
11,CS16->US88,51304,51304,0
11,CS16->US96,50540,50540,0
11,CS16->US104,51008,51008,0
11,CS16->US112,54768,54768,0
11,CS16->US120,54414,54414,0
11,CS17->US1,51356,51356,0
11,CS17->US9,50506,50506,0
11,CS17->US17,50833,50833,0
11,CS17->US25,51421,51421,0
11,CS17->US33,41626,41625,0
11,CS17->US41,52916,52916,0
11,CS17->US49,51609,51609,0
11,CS17->US57,50850,50850,0
11,CS17->US65,42201,42200,0
11,CS17->US73,50955,50955,0
11,CS17->US81,56883,56883,0
11,CS17->US89,50878,50878,0
11,CS17->US97,50958,50958,0
11,CS17->US105,50570,50570,0
11,CS17->US113,54925,54925,0
11,CS17->US121,54463,54463,0
11,CS18->US2,51369,51369,0
11,CS18->US10,50220,50220,0
11,CS18->US18,50648,50648,0
11,CS18->US26,51226,51226,0
11,CS18->US34,42008,42008,0
11,CS18->US42,53254,53254,0
11,CS18->US50,51404,51404,0
11,CS18->US58,51198,51198,0
11,CS18->US66,42035,42035,0
11,CS18->US74,51049,51049,0
11,CS18->US82,56811,56811,0
11,CS18->US90,51090,51090,0
11,CS18->US98,51000,51000,0
11,CS18->US106,50861,50861,0
11,CS18->US114,54329,54329,0
11,CS18->US122,54365,54365,0
11,CS19->US3,51655,51655,0
11,CS19->US11,50868,50868,0
11,CS19->US19,50797,50797,0
11,CS19->US27,50576,50576,0
11,CS19->US35,41464,41464,0
11,CS19->US43,52532,52532,0
11,CS19->US51,51469,51469,0
11,CS19->US59,50795,50795,0
11,CS19->US67,42233,42232,0
11,CS19->US75,51056,51056,0
11,CS19->US83,56631,56631,0
11,CS19->US91,51054,51054,0
11,CS19->US99,50827,50827,0
11,CS19->US107,50690,50690,0
11,CS19->US115,54195,54195,0
11,CS19->US123,54264,54264,0
11,CS20->US4,51318,51318,0
11,CS20->US12,50706,50706,0
11,CS20->US20,51088,51088,0
11,CS20->US28,50808,50808,0
11,CS20->US36,41540,41538,0
11,CS20->US44,52988,52988,0
11,CS20->US52,51410,51410,0
11,CS20->US60,50810,50810,0
11,CS20->US68,42234,42234,0
11,CS20->US76,50507,50507,0
11,CS20->US84,56693,56693,0
11,CS20->US92,51018,51018,0
11,CS20->US100,50992,50992,0
11,CS20->US108,51583,51583,0
11,CS20->US116,54679,54679,0
11,CS20->US124,54379,54379,0
11,CS21->US5,51370,51370,0
11,CS21->US13,50404,50404,0
11,CS21->US21,50878,50878,0
11,CS21->US29,50980,50980,0
11,CS21->US37,41715,41715,0
11,CS21->US45,52957,52957,0
11,CS21->US53,51458,51458,0
11,CS21->US61,50555,50555,0
11,CS21->US69,42049,42048,0
11,CS21->US77,51307,51307,0
11,CS21->US85,56446,56446,0
11,CS21->US93,51222,51222,0
11,CS21->US101,50805,50805,0
11,CS21->US109,50648,50648,0
11,CS21->US117,54660,54660,0
11,CS21->US125,54576,54576,0
11,CS22->US6,51375,51375,0
11,CS22->US14,50839,50839,0
11,CS22->US22,51172,51172,0
11,CS22->US30,50836,50836,0
11,CS22->US38,42028,42028,0
11,CS22->US46,52881,52881,0
11,CS22->US54,51478,51478,0
11,CS22->US62,51232,51232,0
11,CS22->US70,41960,41960,0
11,CS22->US78,50983,50983,0
11,CS22->US86,57063,57063,0
11,CS22->US94,50935,50935,0
11,CS22->US102,50719,50719,0
11,CS22->US110,50646,50646,0
11,CS22->US118,54365,54365,0
11,CS22->US126,54692,54692,0
11,CS23->US7,51377,51377,0
11,CS23->US15,50843,50843,0
11,CS23->US23,50618,50618,0
11,CS23->US31,51028,51028,0
11,CS23->US39,41889,41889,0
11,CS23->US47,52977,52977,0
11,CS23->US55,51290,51290,0
11,CS23->US63,50956,50956,0
11,CS23->US71,42461,42460,0
11,CS23->US79,50418,50418,0
11,CS23->US87,57083,57083,0
11,CS23->US95,51342,51342,0
11,CS23->US103,50850,50850,0
11,CS23->US111,50837,50837,0
11,CS23->US119,54992,54992,0
11,CS23->US127,54591,54591,0
11,CS24->US0,51376,51376,0
11,CS24->US8,50596,50596,0
11,CS24->US16,50813,50813,0
11,CS24->US24,51323,51323,0
11,CS24->US32,41560,41559,0
11,CS24->US40,53513,53513,0
11,CS24->US48,51397,51397,0
11,CS24->US56,51118,51118,0
11,CS24->US64,42210,42210,0
11,CS24->US72,51085,51085,0
11,CS24->US80,56662,56662,0
11,CS24->US88,50926,50926,0
11,CS24->US96,50936,50936,0
11,CS24->US104,51271,51271,0
11,CS24->US112,54855,54855,0
11,CS24->US120,54530,54530,0
11,CS25->US1,51099,51099,0
11,CS25->US9,50488,50488,0
11,CS25->US17,50714,50714,0
11,CS25->US25,50835,50835,0
11,CS25->US33,41511,41511,0
11,CS25->US41,53080,53080,0
11,CS25->US49,51470,51470,0
11,CS25->US57,50780,50780,0
11,CS25->US65,42098,42097,0
11,CS25->US73,51007,51007,0
11,CS25->US81,56962,56962,0
11,CS25->US89,51276,51276,0
11,CS25->US97,50985,50985,0
11,CS25->US105,51038,51038,0
11,CS25->US113,54854,54854,0
11,CS25->US121,54272,54272,0
11,CS26->US2,51392,51392,0
11,CS26->US10,50999,50999,0
11,CS26->US18,50845,50845,0
11,CS26->US26,50963,50963,0
11,CS26->US34,41806,41806,0
11,CS26->US42,52779,52779,0
11,CS26->US50,51191,51191,0
11,CS26->US58,51077,51077,0
11,CS26->US66,42328,42327,0
11,CS26->US74,51005,51005,0
11,CS26->US82,56771,56771,0
11,CS26->US90,51087,51087,0
11,CS26->US98,50800,50800,0
11,CS26->US106,50709,50709,0
11,CS26->US114,54548,54548,0
11,CS26->US122,54384,54384,0
11,CS27->US3,51638,51638,0
11,CS27->US11,51207,51207,0
11,CS27->US19,50853,50853,0
11,CS27->US27,51086,51086,0
11,CS27->US35,41465,41465,0
11,CS27->US43,52708,52708,0
11,CS27->US51,51575,51575,0
11,CS27->US59,51031,51031,0
11,CS27->US67,42646,42646,0
11,CS27->US75,51038,51038,0
11,CS27->US83,56999,56999,0
11,CS27->US91,50860,50860,0
11,CS27->US99,51098,51098,0
11,CS27->US107,50655,50655,0
11,CS27->US115,54661,54661,0
11,CS27->US123,54355,54355,0
11,CS28->US4,51321,51321,0
11,CS28->US12,50478,50478,0
11,CS28->US20,50699,50699,0
11,CS28->US28,50396,50396,0
11,CS28->US36,41567,41567,0
11,CS28->US44,52951,52951,0
11,CS28->US52,51115,51115,0
11,CS28->US60,51148,51148,0
11,CS28->US68,42386,42386,0
11,CS28->US76,51046,51046,0
11,CS28->US84,56597,56597,0
11,CS28->US92,51185,51185,0
11,CS28->US100,50775,50775,0
11,CS28->US108,51223,51223,0
11,CS28->US116,54368,54368,0
11,CS28->US124,54886,54886,0
11,CS29->US5,51448,51448,0
11,CS29->US13,50179,50179,0
11,CS29->US21,50773,50773,0
11,CS29->US29,51329,51329,0
11,CS29->US37,41799,41799,0
11,CS29->US45,53173,53173,0
11,CS29->US53,51270,51270,0
11,CS29->US61,50775,50775,0
11,CS29->US69,42087,42087,0
11,CS29->US77,51008,51008,0
11,CS29->US85,56579,56579,0
11,CS29->US93,50934,50934,0
11,CS29->US101,50867,50867,0
11,CS29->US109,50631,50631,0
11,CS29->US117,54888,54888,0
11,CS29->US125,54463,54463,0
11,CS30->US6,51533,51533,0
11,CS30->US14,50740,50740,0
11,CS30->US22,50561,50561,0
11,CS30->US30,50486,50486,0
11,CS30->US38,41520,41520,0
11,CS30->US46,52968,52968,0
11,CS30->US54,51550,51550,0
11,CS30->US62,50913,50913,0
11,CS30->US70,42540,42540,0
11,CS30->US78,50929,50929,0
11,CS30->US86,56672,56672,0
11,CS30->US94,51051,51051,0
11,CS30->US102,50683,50683,0
11,CS30->US110,50884,50884,0
11,CS30->US118,54986,54986,0
11,CS30->US126,54499,54499,0
11,CS31->US7,51574,51574,0
11,CS31->US15,50618,50618,0
11,CS31->US23,51158,51158,0
11,CS31->US31,51297,51297,0
11,CS31->US39,41639,41639,0
11,CS31->US47,53164,53164,0
11,CS31->US55,51392,51392,0
11,CS31->US63,50910,50910,0
11,CS31->US71,42196,42196,0
11,CS31->US79,51077,51077,0
11,CS31->US87,56578,56578,0
11,CS31->US95,51123,51123,0
11,CS31->US103,50666,50666,0
11,CS31->US111,50727,50727,0
11,CS31->US119,55115,55115,0
11,CS31->US127,54288,54288,0
11,CS32->US0,51219,51219,0
11,CS32->US8,50630,50630,0
11,CS32->US16,50983,50983,0
11,CS32->US24,51334,51334,0
11,CS32->US32,41609,41608,0
11,CS32->US40,52866,52866,0
11,CS32->US48,51367,51367,0
11,CS32->US56,51131,51131,0
11,CS32->US64,42227,42227,0
11,CS32->US72,51007,51007,0
11,CS32->US80,57115,57115,0
11,CS32->US88,50818,50818,0
11,CS32->US96,50593,50593,0
11,CS32->US104,50643,50643,0
11,CS32->US112,54607,54607,0
11,CS32->US120,54293,54293,0
11,CS33->US1,51556,51556,0
11,CS33->US9,50624,50624,0
11,CS33->US17,51013,51013,0
11,CS33->US25,50871,50871,0
11,CS33->US33,41910,41910,0
11,CS33->US41,53082,53082,0
11,CS33->US49,51553,51553,0
11,CS33->US57,50963,50963,0
11,CS33->US65,42246,42246,0
11,CS33->US73,50697,50697,0
11,CS33->US81,57134,57134,0
11,CS33->US89,50897,50897,0
11,CS33->US97,50567,50567,0
11,CS33->US105,51119,51119,0
11,CS33->US113,54779,54779,0
11,CS33->US121,54596,54596,0
11,CS34->US2,51476,51476,0
11,CS34->US10,50542,50542,0
11,CS34->US18,50994,50994,0
11,CS34->US26,51088,51088,0
11,CS34->US34,41405,41405,0
11,CS34->US42,53150,53150,0
11,CS34->US50,51281,51281,0
11,CS34->US58,50917,50917,0
11,CS34->US66,42071,42070,0
11,CS34->US74,50756,50756,0
11,CS34->US82,57194,57194,0
11,CS34->US90,50976,50976,0
11,CS34->US98,50693,50693,0
11,CS34->US106,51100,51100,0
11,CS34->US114,54414,54414,0
11,CS34->US122,53865,53865,0
11,CS35->US3,51717,51717,0
11,CS35->US11,50674,50674,0
11,CS35->US19,50625,50625,0
11,CS35->US27,50865,50865,0
11,CS35->US35,41569,41569,0
11,CS35->US43,52927,52927,0
11,CS35->US51,51210,51210,0
11,CS35->US59,51043,51043,0
11,CS35->US67,42274,42274,0
11,CS35->US75,50526,50526,0
11,CS35->US83,56409,56409,0
11,CS35->US91,50747,50747,0
11,CS35->US99,50998,50998,0
11,CS35->US107,50890,50890,0
11,CS35->US115,54788,54788,0
11,CS35->US123,54692,54692,0
11,CS36->US4,51655,51655,0
11,CS36->US12,50618,50618,0
11,CS36->US20,50789,50789,0
11,CS36->US28,51307,51307,0
11,CS36->US36,41556,41556,0
11,CS36->US44,53318,53318,0
11,CS36->US52,51348,51348,0
11,CS36->US60,50844,50844,0
11,CS36->US68,42162,42159,0
11,CS36->US76,50845,50845,0
11,CS36->US84,56902,56902,0
11,CS36->US92,50977,50977,0
11,CS36->US100,51039,51039,0
11,CS36->US108,51159,51159,0
11,CS36->US116,54513,54513,0
11,CS36->US124,54431,54431,0
11,CS37->US5,51251,51251,0
11,CS37->US13,50657,50657,0
11,CS37->US21,50799,50799,0
11,CS37->US29,51107,51107,0
11,CS37->US37,41950,41950,0
11,CS37->US45,52915,52915,0
11,CS37->US53,51585,51585,0
11,CS37->US61,50622,50622,0
11,CS37->US69,42281,42281,0
11,CS37->US77,51072,51072,0
11,CS37->US85,56852,56852,0
11,CS37->US93,50777,50777,0
11,CS37->US101,50475,50475,0
11,CS37->US109,50849,50849,0
11,CS37->US117,54643,54643,0
11,CS37->US125,54142,54142,0
11,CS38->US6,51429,51429,0
11,CS38->US14,50452,50452,0
11,CS38->US22,50836,50836,0
11,CS38->US30,50639,50639,0
11,CS38->US38,41979,41979,0
11,CS38->US46,52983,52983,0
11,CS38->US54,51154,51154,0
11,CS38->US62,50959,50959,0
11,CS38->US70,42358,42358,0
11,CS38->US78,51032,51032,0
11,CS38->US86,57393,57393,0
11,CS38->US94,50449,50449,0
11,CS38->US102,50700,50700,0
11,CS38->US110,50908,50908,0
11,CS38->US118,54197,54197,0
11,CS38->US126,54503,54503,0
11,CS39->US7,51395,51395,0
11,CS39->US15,50802,50802,0
11,CS39->US23,50666,50666,0
11,CS39->US31,51280,51280,0
11,CS39->US39,41990,41990,0
11,CS39->US47,53062,53062,0
11,CS39->US55,51422,51422,0
11,CS39->US63,50756,50756,0
11,CS39->US71,41880,41880,0
11,CS39->US79,51404,51404,0
11,CS39->US87,56809,56809,0
11,CS39->US95,51307,51307,0
11,CS39->US103,50835,50835,0
11,CS39->US111,51008,51008,0
11,CS39->US119,54887,54887,0
11,CS39->US127,54534,54534,0
11,CS40->US0,51739,51739,0
11,CS40->US8,50824,50824,0
11,CS40->US16,51284,51284,0
11,CS40->US24,51079,51079,0
11,CS40->US32,41997,41997,0
11,CS40->US40,52798,52798,0
11,CS40->US48,51560,51560,0
11,CS40->US56,50901,50901,0
11,CS40->US64,41902,41902,0
11,CS40->US72,51336,51336,0
11,CS40->US80,56965,56965,0
11,CS40->US88,51081,51081,0
11,CS40->US96,50911,50911,0
11,CS40->US104,50730,50730,0
11,CS40->US112,54814,54814,0
11,CS40->US120,54371,54371,0
11,CS41->US1,51610,51610,0
11,CS41->US9,50266,50266,0
11,CS41->US17,50863,50863,0
11,CS41->US25,51179,51179,0
11,CS41->US33,42179,42179,0
11,CS41->US41,52774,52774,0
11,CS41->US49,51678,51678,0
11,CS41->US57,50851,50851,0
11,CS41->US65,42446,42446,0
11,CS41->US73,50819,50819,0
11,CS41->US81,57175,57175,0
11,CS41->US89,51150,51150,0
11,CS41->US97,50604,50604,0
11,CS41->US105,51185,51185,0
11,CS41->US113,54637,54637,0
11,CS41->US121,54487,54487,0
11,CS42->US2,51387,51387,0
11,CS42->US10,50490,50490,0
11,CS42->US18,50743,50743,0
11,CS42->US26,50566,50566,0
11,CS42->US34,41401,41400,0
11,CS42->US42,53080,53080,0
11,CS42->US50,51460,51460,0
11,CS42->US58,51143,51143,0
11,CS42->US66,42345,42345,0
11,CS42->US74,50685,50685,0
11,CS42->US82,56990,56990,0
11,CS42->US90,51058,51058,0
11,CS42->US98,50582,50582,0
11,CS42->US106,50659,50659,0
11,CS42->US114,54858,54858,0
11,CS42->US122,54646,54646,0
11,CS43->US3,51586,51586,0
11,CS43->US11,50325,50325,0
11,CS43->US19,50655,50655,0
11,CS43->US27,50895,50895,0
11,CS43->US35,41884,41883,0
11,CS43->US43,53238,53238,0
11,CS43->US51,51904,51904,0
11,CS43->US59,51232,51232,0
11,CS43->US67,42734,42734,0
11,CS43->US75,51291,51291,0
11,CS43->US83,56909,56909,0
11,CS43->US91,51121,51121,0
11,CS43->US99,50852,50852,0
11,CS43->US107,50646,50646,0
11,CS43->US115,54720,54720,0
11,CS43->US123,54272,54272,0
11,CS44->US4,51978,51978,0
11,CS44->US12,50858,50858,0
11,CS44->US20,50480,50480,0
11,CS44->US28,50958,50958,0
11,CS44->US36,41842,41842,0
11,CS44->US44,52774,52774,0
11,CS44->US52,51374,51374,0
11,CS44->US60,50629,50629,0
11,CS44->US68,42172,42172,0
11,CS44->US76,50996,50996,0
11,CS44->US84,56680,56680,0
11,CS44->US92,50991,50991,0
11,CS44->US100,50795,50795,0
11,CS44->US108,50804,50804,0
11,CS44->US116,54387,54387,0
11,CS44->US124,54218,54218,0
11,CS45->US5,51547,51547,0
11,CS45->US13,50879,50879,0
11,CS45->US21,50948,50948,0
11,CS45->US29,51296,51296,0
11,CS45->US37,41354,41354,0
11,CS45->US45,52821,52821,0
11,CS45->US53,51355,51355,0
11,CS45->US61,50688,50688,0
11,CS45->US69,42336,42335,0
11,CS45->US77,50723,50723,0
11,CS45->US85,56476,56476,0
11,CS45->US93,51005,51005,0
11,CS45->US101,50852,50852,0
11,CS45->US109,51032,51032,0
11,CS45->US117,54656,54656,0
11,CS45->US125,54373,54373,0
11,CS46->US6,51776,51776,0
11,CS46->US14,51235,51235,0
11,CS46->US22,50488,50488,0
11,CS46->US30,51198,51198,0
11,CS46->US38,42013,42013,0
11,CS46->US46,52961,52961,0
11,CS46->US54,51698,51698,0
11,CS46->US62,51159,51159,0
11,CS46->US70,41955,41953,0
11,CS46->US78,51187,51187,0
11,CS46->US86,57038,57038,0
11,CS46->US94,50844,50844,0
11,CS46->US102,50638,50638,0
11,CS46->US110,51072,51072,0
11,CS46->US118,54656,54656,0
11,CS46->US126,54314,54314,0
11,CS47->US7,51533,51533,0
11,CS47->US15,50333,50333,0
11,CS47->US23,50716,50716,0
11,CS47->US31,50907,50907,0
11,CS47->US39,41472,41472,0
11,CS47->US47,53063,53063,0
11,CS47->US55,51686,51686,0
11,CS47->US63,51204,51204,0
11,CS47->US71,42468,42468,0
11,CS47->US79,51171,51171,0
11,CS47->US87,57035,57035,0
11,CS47->US95,51067,51067,0
11,CS47->US103,50786,50786,0
11,CS47->US111,51223,51223,0
11,CS47->US119,54568,54568,0
11,CS47->US127,54119,54119,0
11,CS48->US0,51153,51153,0
11,CS48->US8,50171,50171,0
11,CS48->US16,50997,50997,0
11,CS48->US24,51205,51205,0
11,CS48->US32,41907,41907,0
11,CS48->US40,52819,52819,0
11,CS48->US48,51659,51659,0
11,CS48->US56,50719,50719,0
11,CS48->US64,41812,41811,0
11,CS48->US72,50906,50906,0
11,CS48->US80,56965,56965,0
11,CS48->US88,50894,50894,0
11,CS48->US96,50842,50842,0
11,CS48->US104,51118,51118,0
11,CS48->US112,54907,54907,0
11,CS48->US120,54770,54770,0
11,CS49->US1,51540,51540,0
11,CS49->US9,50461,50461,0
11,CS49->US17,51129,51129,0
11,CS49->US25,51034,51034,0
11,CS49->US33,41505,41505,0
11,CS49->US41,52789,52789,0
11,CS49->US49,51391,51391,0
11,CS49->US57,50723,50723,0
11,CS49->US65,42573,42573,0
11,CS49->US73,50605,50605,0
11,CS49->US81,57172,57172,0
11,CS49->US89,50852,50852,0
11,CS49->US97,50674,50674,0
11,CS49->US105,50697,50697,0
11,CS49->US113,54684,54684,0
11,CS49->US121,54559,54559,0
11,CS50->US2,51446,51446,0
11,CS50->US10,50793,50793,0
11,CS50->US18,50610,50610,0
11,CS50->US26,51178,51178,0
11,CS50->US34,41869,41869,0
11,CS50->US42,53426,53426,0
11,CS50->US50,51666,51666,0
11,CS50->US58,51274,51274,0
11,CS50->US66,42253,42253,0
11,CS50->US74,50993,50993,0
11,CS50->US82,56540,56540,0
11,CS50->US90,51007,51007,0
11,CS50->US98,50644,50644,0
11,CS50->US106,50463,50463,0
11,CS50->US114,54109,54109,0
11,CS50->US122,54248,54248,0
11,CS51->US3,51229,51229,0
11,CS51->US11,50362,50362,0
11,CS51->US19,50784,50784,0
11,CS51->US27,50957,50957,0
11,CS51->US35,41485,41485,0
11,CS51->US43,53341,53341,0
11,CS51->US51,51897,51897,0
11,CS51->US59,50891,50891,0
11,CS51->US67,42231,42231,0
11,CS51->US75,51179,51179,0
11,CS51->US83,56866,56866,0
11,CS51->US91,51186,51186,0
11,CS51->US99,50650,50650,0
11,CS51->US107,50685,50685,0
11,CS51->US115,54660,54660,0
11,CS51->US123,54724,54724,0
11,CS52->US4,51618,51618,0
11,CS52->US12,50583,50583,0
11,CS52->US20,50984,50984,0
11,CS52->US28,50906,50906,0
11,CS52->US36,41872,41871,0
11,CS52->US44,52696,52696,0
11,CS52->US52,51776,51776,0
11,CS52->US60,50704,50704,0
11,CS52->US68,42699,42699,0
11,CS52->US76,51213,51213,0
11,CS52->US84,56982,56982,0
11,CS52->US92,50860,50860,0
11,CS52->US100,50523,50523,0
11,CS52->US108,50786,50786,0
11,CS52->US116,54582,54582,0
11,CS52->US124,54300,54300,0
11,CS53->US5,51134,51134,0
11,CS53->US13,50751,50751,0
11,CS53->US21,50682,50682,0
11,CS53->US29,50869,50869,0
11,CS53->US37,41608,41607,0
11,CS53->US45,53177,53177,0
11,CS53->US53,51299,51299,0
11,CS53->US61,50686,50686,0
11,CS53->US69,42158,42157,0
11,CS53->US77,51307,51307,0
11,CS53->US85,56739,56739,0
11,CS53->US93,50824,50824,0
11,CS53->US101,50981,50981,0
11,CS53->US109,51187,51187,0
11,CS53->US117,54628,54628,0
11,CS53->US125,54507,54507,0
11,CS54->US6,51447,51447,0
11,CS54->US14,50476,50476,0
11,CS54->US22,50976,50976,0
11,CS54->US30,51081,51081,0
11,CS54->US38,41806,41806,0
11,CS54->US46,53229,53229,0
11,CS54->US54,51875,51875,0
11,CS54->US62,51300,51300,0
11,CS54->US70,42216,42216,0
11,CS54->US78,50689,50689,0
11,CS54->US86,56503,56503,0
11,CS54->US94,50704,50704,0
11,CS54->US102,50538,50538,0
11,CS54->US110,50688,50688,0
11,CS54->US118,54648,54648,0
11,CS54->US126,53952,53952,0
11,CS55->US7,51465,51465,0
11,CS55->US15,50463,50463,0
11,CS55->US23,50764,50764,0
11,CS55->US31,51044,51044,0
11,CS55->US39,41544,41543,0
11,CS55->US47,52945,52945,0
11,CS55->US55,51387,51387,0
11,CS55->US63,50923,50923,0
11,CS55->US71,41935,41934,0
11,CS55->US79,50338,50338,0
11,CS55->US87,56976,56976,0
11,CS55->US95,50968,50968,0
11,CS55->US103,50418,50418,0
11,CS55->US111,51135,51135,0
11,CS55->US119,54687,54687,0
11,CS55->US127,54190,54190,0
11,CS56->US0,51177,51177,0
11,CS56->US8,50591,50591,0
11,CS56->US16,50739,50739,0
11,CS56->US24,50895,50895,0
11,CS56->US32,41633,41632,0
11,CS56->US40,53242,53242,0
11,CS56->US48,51396,51396,0
11,CS56->US56,50888,50888,0
11,CS56->US64,42477,42477,0
11,CS56->US72,50940,50940,0
11,CS56->US80,56655,56655,0
11,CS56->US88,50717,50717,0
11,CS56->US96,50540,50540,0
11,CS56->US104,51417,51417,0
11,CS56->US112,54091,54091,0
11,CS56->US120,54359,54359,0
11,CS57->US1,51573,51573,0
11,CS57->US9,50700,50700,0
11,CS57->US17,50366,50366,0
11,CS57->US25,50858,50858,0
11,CS57->US33,41420,41420,0
11,CS57->US41,53054,53054,0
11,CS57->US49,51222,51222,0
11,CS57->US57,51336,51336,0
11,CS57->US65,41807,41807,0
11,CS57->US73,51180,51180,0
11,CS57->US81,56731,56731,0
11,CS57->US89,51165,51165,0
11,CS57->US97,50685,50685,0
11,CS57->US105,50798,50798,0
11,CS57->US113,54447,54447,0
11,CS57->US121,54109,54109,0
11,CS58->US2,51602,51602,0
11,CS58->US10,50831,50831,0
11,CS58->US18,51111,51111,0
11,CS58->US26,51044,51044,0
11,CS58->US34,41868,41866,0
11,CS58->US42,53160,53160,0
11,CS58->US50,51554,51554,0
11,CS58->US58,51381,51381,0
11,CS58->US66,42349,42349,0
11,CS58->US74,50911,50911,0
11,CS58->US82,57039,57039,0
11,CS58->US90,51098,51098,0
11,CS58->US98,50309,50309,0
11,CS58->US106,50855,50855,0
11,CS58->US114,54377,54377,0
11,CS58->US122,54126,54126,0
11,CS59->US3,51724,51724,0
11,CS59->US11,50773,50773,0
11,CS59->US19,50286,50286,0
11,CS59->US27,51019,51019,0
11,CS59->US35,42088,42086,0
11,CS59->US43,52860,52860,0
11,CS59->US51,51289,51289,0
11,CS59->US59,50924,50924,0
11,CS59->US67,42523,42521,0
11,CS59->US75,50935,50935,0
11,CS59->US83,56737,56737,0
11,CS59->US91,50935,50935,0
11,CS59->US99,50579,50579,0
11,CS59->US107,51031,51031,0
11,CS59->US115,54435,54435,0
11,CS59->US123,53942,53942,0
11,CS60->US4,51352,51352,0
11,CS60->US12,50362,50362,0
11,CS60->US20,50625,50625,0
11,CS60->US28,51188,51188,0
11,CS60->US36,41680,41679,0
11,CS60->US44,53062,53062,0
11,CS60->US52,51818,51818,0
11,CS60->US60,50976,50976,0
11,CS60->US68,42533,42533,0
11,CS60->US76,51369,51369,0
11,CS60->US84,56740,56740,0
11,CS60->US92,50742,50742,0
11,CS60->US100,50526,50526,0
11,CS60->US108,50985,50985,0
11,CS60->US116,54809,54809,0
11,CS60->US124,53736,53736,0
11,CS61->US5,51262,51262,0
11,CS61->US13,50433,50433,0
11,CS61->US21,51283,51283,0
11,CS61->US29,51070,51070,0
11,CS61->US37,41542,41541,0
11,CS61->US45,52995,52995,0
11,CS61->US53,51978,51978,0
11,CS61->US61,51196,51196,0
11,CS61->US69,42165,42165,0
11,CS61->US77,50878,50878,0
11,CS61->US85,56958,56958,0
11,CS61->US93,51188,51188,0
11,CS61->US101,50404,50404,0
11,CS61->US109,50497,50497,0
11,CS61->US117,54635,54635,0
11,CS61->US125,53957,53957,0
11,CS62->US6,51232,51232,0
11,CS62->US14,50211,50211,0
11,CS62->US22,50668,50668,0
11,CS62->US30,51001,51001,0
11,CS62->US38,41657,41657,0
11,CS62->US46,52706,52706,0
11,CS62->US54,51362,51362,0
11,CS62->US62,50788,50788,0
11,CS62->US70,42338,42338,0
11,CS62->US78,50902,50902,0
11,CS62->US86,56664,56664,0
11,CS62->US94,50971,50971,0
11,CS62->US102,50980,50980,0
11,CS62->US110,50850,50850,0
11,CS62->US118,54416,54416,0
11,CS62->US126,54312,54312,0
11,CS63->US7,51068,51068,0
11,CS63->US15,50556,50556,0
11,CS63->US23,50960,50960,0
11,CS63->US31,51250,51250,0
11,CS63->US39,41643,41643,0
11,CS63->US47,53166,53166,0
11,CS63->US55,51864,51864,0
11,CS63->US63,50923,50923,0
11,CS63->US71,42243,42243,0
11,CS63->US79,51018,51018,0
11,CS63->US87,57176,57176,0
11,CS63->US95,51073,51073,0
11,CS63->US103,51237,51237,0
11,CS63->US111,50783,50783,0
11,CS63->US119,54547,54547,0
11,CS63->US127,54289,54289,0
12,US0->CS0,51863,51863,0
12,US0->CS8,51346,51346,0
12,US0->CS16,51465,51465,0
12,US0->CS24,51668,51668,0
12,US0->CS32,51703,51703,0
12,US0->CS40,51826,51826,0
12,US0->CS48,51938,51938,0
12,US0->CS56,51716,51716,0
12,US1->CS1,51851,51851,0
12,US1->CS9,51370,51370,0
12,US1->CS17,51895,51895,0
12,US1->CS25,51740,51740,0
12,US1->CS33,51857,51857,0
12,US1->CS41,51957,51957,0
12,US1->CS49,51615,51615,0
12,US1->CS57,51526,51526,0
12,US2->CS2,51557,51557,0
12,US2->CS10,51712,51712,0
12,US2->CS18,51670,51670,0
12,US2->CS26,51489,51489,0
12,US2->CS34,51528,51528,0
12,US2->CS42,51746,51746,0
12,US2->CS50,51945,51945,0
12,US2->CS58,51806,51806,0
12,US3->CS3,51998,51998,0
12,US3->CS11,52090,52090,0
12,US3->CS19,51678,51678,0
12,US3->CS27,51871,51871,0
12,US3->CS35,51518,51518,0
12,US3->CS43,52162,52162,0
12,US3->CS51,52150,52150,0
12,US3->CS59,51526,51526,0
12,US4->CS4,51892,51892,0
12,US4->CS12,51869,51869,0
12,US4->CS20,51711,51711,0
12,US4->CS28,51422,51422,0
12,US4->CS36,51660,51660,0
12,US4->CS44,51653,51653,0
12,US4->CS52,52036,52036,0
12,US4->CS60,52119,52119,0
12,US5->CS5,51581,51581,0
12,US5->CS13,51906,51906,0
12,US5->CS21,51758,51758,0
12,US5->CS29,51502,51502,0
12,US5->CS37,51893,51893,0
12,US5->CS45,51628,51628,0
12,US5->CS53,51570,51570,0
12,US5->CS61,52207,52207,0
12,US6->CS6,51591,51591,0
12,US6->CS14,51890,51890,0
12,US6->CS22,51720,51720,0
12,US6->CS30,51858,51858,0
12,US6->CS38,51421,51421,0
12,US6->CS46,52011,52011,0
12,US6->CS54,52135,52135,0
12,US6->CS62,51659,51659,0
12,US7->CS7,51882,51882,0
12,US7->CS15,51760,51760,0
12,US7->CS23,51524,51524,0
12,US7->CS31,51690,51690,0
12,US7->CS39,51701,51701,0
12,US7->CS47,51940,51940,0
12,US7->CS55,51712,51712,0
12,US7->CS63,52127,52127,0
12,US8->CS0,57088,57088,0
12,US8->CS8,56930,56930,0
12,US8->CS16,56744,56744,0
12,US8->CS24,56670,56670,0
12,US8->CS32,57135,57135,0
12,US8->CS40,57025,57025,0
12,US8->CS48,57014,57014,0
12,US8->CS56,56767,56767,0
12,US9->CS1,56700,56700,0
12,US9->CS9,56914,56914,0
12,US9->CS17,56943,56943,0
12,US9->CS25,56902,56902,0
12,US9->CS33,57240,57240,0
12,US9->CS41,57224,57224,0
12,US9->CS49,57165,57165,0
12,US9->CS57,56741,56741,0
12,US10->CS2,57095,57095,0
12,US10->CS10,57060,57060,0
12,US10->CS18,56859,56859,0
12,US10->CS26,56806,56806,0
12,US10->CS34,57252,57252,0
12,US10->CS42,57054,57054,0
12,US10->CS50,56614,56614,0
12,US10->CS58,57050,57050,0
12,US11->CS3,56513,56513,0
12,US11->CS11,57039,57039,0
12,US11->CS19,56737,56737,0
12,US11->CS27,57029,57029,0
12,US11->CS35,56426,56426,0
12,US11->CS43,56946,56946,0
12,US11->CS51,56953,56953,0
12,US11->CS59,56813,56813,0
12,US12->CS4,56989,56989,0
12,US12->CS12,57182,57182,0
12,US12->CS20,56707,56707,0
12,US12->CS28,56586,56586,0
12,US12->CS36,56930,56930,0
12,US12->CS44,56776,56776,0
12,US12->CS52,56997,56997,0
12,US12->CS60,56762,56762,0
12,US13->CS5,56868,56868,0
12,US13->CS13,56585,56585,0
12,US13->CS21,56481,56481,0
12,US13->CS29,56616,56616,0
12,US13->CS37,56912,56912,0
12,US13->CS45,56550,56550,0
12,US13->CS53,56802,56802,0
12,US13->CS61,56952,56952,0
12,US14->CS6,56636,56636,0
12,US14->CS14,56988,56988,0
12,US14->CS22,57123,57123,0
12,US14->CS30,56791,56791,0
12,US14->CS38,57397,57397,0
12,US14->CS46,57076,57076,0
12,US14->CS54,56555,56555,0
12,US14->CS62,56685,56685,0
12,US15->CS7,57141,57141,0
12,US15->CS15,56926,56926,0
12,US15->CS23,57130,57130,0
12,US15->CS31,56636,56636,0
12,US15->CS39,56837,56837,0
12,US15->CS47,57126,57126,0
12,US15->CS55,57010,57010,0
12,US15->CS63,57257,57257,0
12,US16->CS0,54369,54369,0
12,US16->CS8,54723,54723,0
12,US16->CS16,54521,54521,0
12,US16->CS24,54613,54613,0
12,US16->CS32,54393,54393,0
12,US16->CS40,54448,54448,0
12,US16->CS48,54817,54817,0
12,US16->CS56,54469,54469,0
12,US17->CS1,54547,54547,0
12,US17->CS9,54692,54692,0
12,US17->CS17,54463,54463,0
12,US17->CS25,54439,54439,0
12,US17->CS33,54647,54647,0
12,US17->CS41,54568,54568,0
12,US17->CS49,54561,54561,0
12,US17->CS57,54219,54219,0
12,US18->CS2,53991,53991,0
12,US18->CS10,54462,54462,0
12,US18->CS18,54469,54469,0
12,US18->CS26,54412,54412,0
12,US18->CS34,53908,53908,0
12,US18->CS42,54723,54723,0
12,US18->CS50,54370,54370,0
12,US18->CS58,54150,54150,0
12,US19->CS3,54737,54737,0
12,US19->CS11,54306,54306,0
12,US19->CS19,54308,54308,0
12,US19->CS27,54381,54381,0
12,US19->CS35,54724,54724,0
12,US19->CS43,54311,54311,0
12,US19->CS51,54774,54774,0
12,US19->CS59,54024,54024,0
12,US20->CS4,54646,54646,0
12,US20->CS12,54484,54484,0
12,US20->CS20,54390,54390,0
12,US20->CS28,54932,54932,0
12,US20->CS36,54460,54460,0
12,US20->CS44,54281,54281,0
12,US20->CS52,54328,54328,0
12,US20->CS60,53783,53783,0
12,US21->CS5,54166,54166,0
12,US21->CS13,54568,54568,0
12,US21->CS21,54662,54662,0
12,US21->CS29,54509,54509,0
12,US21->CS37,54283,54283,0
12,US21->CS45,54415,54415,0
12,US21->CS53,54535,54535,0
12,US21->CS61,54063,54063,0
12,US22->CS6,54059,54059,0
12,US22->CS14,54469,54469,0
12,US22->CS22,54782,54782,0
12,US22->CS30,54540,54540,0
12,US22->CS38,54585,54585,0
12,US22->CS46,54327,54327,0
12,US22->CS54,54008,54008,0
12,US22->CS62,54347,54347,0
12,US23->CS7,54535,54535,0
12,US23->CS15,54464,54464,0
12,US23->CS23,54684,54684,0
12,US23->CS31,54426,54426,0
12,US23->CS39,54589,54589,0
12,US23->CS47,54230,54230,0
12,US23->CS55,54231,54231,0
12,US23->CS63,54331,54331,0
12,US24->CS0,51034,51034,0
12,US24->CS8,51180,51180,0
12,US24->CS16,50592,50592,0
12,US24->CS24,51067,51067,0
12,US24->CS32,51060,51060,0
12,US24->CS40,50852,50852,0
12,US24->CS48,50599,50599,0
12,US24->CS56,50806,50806,0
12,US25->CS1,50889,50889,0
12,US25->CS9,50460,50460,0
12,US25->CS17,50820,50820,0
12,US25->CS25,50695,50695,0
12,US25->CS33,50873,50873,0
12,US25->CS41,50744,50744,0
12,US25->CS49,50610,50610,0
12,US25->CS57,51250,51250,0
12,US26->CS2,50655,50655,0
12,US26->CS10,50971,50971,0
12,US26->CS18,51153,51153,0
12,US26->CS26,50934,50934,0
12,US26->CS34,50830,50830,0
12,US26->CS42,51162,51162,0
12,US26->CS50,51147,51147,0
12,US26->CS58,51287,51287,0
12,US27->CS3,51178,51178,0
12,US27->CS11,51108,51108,0
12,US27->CS19,50735,50735,0
12,US27->CS27,50936,50936,0
12,US27->CS35,51002,51002,0
12,US27->CS43,51137,51137,0
12,US27->CS51,50773,50773,0
12,US27->CS59,50869,50869,0
12,US28->CS4,50907,50907,0
12,US28->CS12,50861,50861,0
12,US28->CS20,50790,50790,0
12,US28->CS28,51077,51077,0
12,US28->CS36,50760,50760,0
12,US28->CS44,50563,50563,0
12,US28->CS52,50643,50643,0
12,US28->CS60,50905,50905,0
12,US29->CS5,50297,50297,0
12,US29->CS13,50485,50485,0
12,US29->CS21,50447,50447,0
12,US29->CS29,50699,50699,0
12,US29->CS37,50536,50536,0
12,US29->CS45,50612,50612,0
12,US29->CS53,50662,50662,0
12,US29->CS61,51110,51110,0
12,US30->CS6,50836,50836,0
12,US30->CS14,50678,50678,0
12,US30->CS22,51146,51146,0
12,US30->CS30,50812,50812,0
12,US30->CS38,50881,50881,0
12,US30->CS46,51112,51112,0
12,US30->CS54,51168,51168,0
12,US30->CS62,50705,50705,0
12,US31->CS7,50488,50488,0
12,US31->CS15,50884,50884,0
12,US31->CS23,50866,50866,0
12,US31->CS31,50810,50810,0
12,US31->CS39,50747,50747,0
12,US31->CS47,51156,51156,0
12,US31->CS55,50797,50797,0
12,US31->CS63,50887,50887,0
12,US32->CS0,50923,50923,0
12,US32->CS8,51273,51273,0
12,US32->CS16,51165,51165,0
12,US32->CS24,51351,51351,0
12,US32->CS32,51353,51353,0
12,US32->CS40,50870,50870,0
12,US32->CS48,50800,50800,0
12,US32->CS56,51466,51466,0
12,US33->CS1,51153,51153,0
12,US33->CS9,51425,51425,0
12,US33->CS17,51122,51122,0
12,US33->CS25,51123,51123,0
12,US33->CS33,51253,51253,0
12,US33->CS41,51564,51564,0
12,US33->CS49,51532,51532,0
12,US33->CS57,51019,51019,0
12,US34->CS2,50817,50817,0
12,US34->CS10,50977,50977,0
12,US34->CS18,51189,51189,0
12,US34->CS26,51456,51456,0
12,US34->CS34,51005,51005,0
12,US34->CS42,51417,51417,0
12,US34->CS50,51142,51142,0
12,US34->CS58,51319,51319,0
12,US35->CS3,50904,50904,0
12,US35->CS11,51219,51219,0
12,US35->CS19,51085,51085,0
12,US35->CS27,51703,51703,0
12,US35->CS35,51168,51168,0
12,US35->CS43,51585,51585,0
12,US35->CS51,51325,51325,0
12,US35->CS59,51651,51651,0
12,US36->CS4,51449,51449,0
12,US36->CS12,51160,51160,0
12,US36->CS20,51046,51046,0
12,US36->CS28,51513,51513,0
12,US36->CS36,51288,51288,0
12,US36->CS44,51107,51107,0
12,US36->CS52,51613,51613,0
12,US36->CS60,51623,51623,0
12,US37->CS5,51119,51119,0
12,US37->CS13,51410,51410,0
12,US37->CS21,50914,50914,0
12,US37->CS29,51167,51167,0
12,US37->CS37,51338,51338,0
12,US37->CS45,51416,51416,0
12,US37->CS53,51273,51273,0
12,US37->CS61,51188,51188,0
12,US38->CS6,51509,51509,0
12,US38->CS14,50985,50985,0
12,US38->CS22,50929,50929,0
12,US38->CS30,51572,51572,0
12,US38->CS38,51311,51311,0
12,US38->CS46,50798,50798,0
12,US38->CS54,51075,51075,0
12,US38->CS62,51284,51284,0
12,US39->CS7,51236,51236,0
12,US39->CS15,51108,51108,0
12,US39->CS23,51406,51406,0
12,US39->CS31,51395,51395,0
12,US39->CS39,50808,50808,0
12,US39->CS47,51509,51509,0
12,US39->CS55,50844,50844,0
12,US39->CS63,51180,51180,0
12,US40->CS0,54661,54661,0
12,US40->CS8,54477,54477,0
12,US40->CS16,54693,54693,0
12,US40->CS24,54863,54863,0
12,US40->CS32,54469,54469,0
12,US40->CS40,54836,54836,0
12,US40->CS48,54821,54821,0
12,US40->CS56,53970,53970,0
12,US41->CS1,54253,54253,0
12,US41->CS9,54655,54655,0
12,US41->CS17,54893,54893,0
12,US41->CS25,54839,54839,0
12,US41->CS33,54642,54642,0
12,US41->CS41,54577,54577,0
12,US41->CS49,54713,54713,0
12,US41->CS57,54302,54302,0
12,US42->CS2,54208,54208,0
12,US42->CS10,54490,54490,0
12,US42->CS18,54288,54288,0
12,US42->CS26,54393,54393,0
12,US42->CS34,54375,54375,0
12,US42->CS42,54783,54783,0
12,US42->CS50,54070,54070,0
12,US42->CS58,54303,54303,0
12,US43->CS3,54330,54330,0
12,US43->CS11,54507,54507,0
12,US43->CS19,54157,54157,0
12,US43->CS27,54630,54630,0
12,US43->CS35,54703,54703,0
12,US43->CS43,54670,54670,0
12,US43->CS51,54628,54628,0
12,US43->CS59,54392,54392,0
12,US44->CS4,54358,54358,0
12,US44->CS12,54782,54782,0
12,US44->CS20,54563,54563,0
12,US44->CS28,54240,54240,0
12,US44->CS36,54467,54467,0
12,US44->CS44,54319,54319,0
12,US44->CS52,54510,54510,0
12,US44->CS60,54817,54817,0
12,US45->CS5,54980,54980,0
12,US45->CS13,54693,54693,0
12,US45->CS21,54565,54565,0
12,US45->CS29,54867,54867,0
12,US45->CS37,54584,54584,0
12,US45->CS45,54576,54576,0
12,US45->CS53,54588,54588,0
12,US45->CS61,54621,54621,0
12,US46->CS6,54262,54262,0
12,US46->CS14,54898,54898,0
12,US46->CS22,54356,54356,0
12,US46->CS30,54898,54898,0
12,US46->CS38,54105,54105,0
12,US46->CS46,54540,54540,0
12,US46->CS54,54621,54621,0
12,US46->CS62,54294,54294,0
12,US47->CS7,54486,54486,0
12,US47->CS15,54387,54387,0
12,US47->CS23,54941,54941,0
12,US47->CS31,55009,55009,0
12,US47->CS39,54837,54837,0
12,US47->CS47,54518,54518,0
12,US47->CS55,54535,54535,0
12,US47->CS63,54488,54488,0
12,US48->CS0,51826,51826,0
12,US48->CS8,51933,51933,0
12,US48->CS16,51667,51667,0
12,US48->CS24,51680,51680,0
12,US48->CS32,51513,51513,0
12,US48->CS40,51977,51977,0
12,US48->CS48,51401,51401,0
12,US48->CS56,51444,51444,0
12,US49->CS1,52203,52203,0
12,US49->CS9,52019,52019,0
12,US49->CS17,51619,51619,0
12,US49->CS25,51334,51334,0
12,US49->CS33,51849,51849,0
12,US49->CS41,51889,51889,0
12,US49->CS49,51830,51830,0
12,US49->CS57,51864,51864,0
12,US50->CS2,51542,51542,0
12,US50->CS10,51753,51753,0
12,US50->CS18,51613,51613,0
12,US50->CS26,51665,51665,0
12,US50->CS34,51747,51747,0
12,US50->CS42,51648,51648,0
12,US50->CS50,51718,51718,0
12,US50->CS58,51839,51839,0
12,US51->CS3,52136,52136,0
12,US51->CS11,51404,51404,0
12,US51->CS19,51900,51900,0
12,US51->CS27,51942,51942,0
12,US51->CS35,52021,52021,0
12,US51->CS43,51874,51874,0
12,US51->CS51,51520,51520,0
12,US51->CS59,51977,51977,0
12,US52->CS4,51614,51614,0
12,US52->CS12,51692,51692,0
12,US52->CS20,51541,51541,0
12,US52->CS28,51602,51602,0
12,US52->CS36,51990,51990,0
12,US52->CS44,52243,52243,0
12,US52->CS52,51821,51821,0
12,US52->CS60,51604,51604,0
12,US53->CS5,52134,52134,0
12,US53->CS13,51630,51630,0
12,US53->CS21,51674,51674,0
12,US53->CS29,51715,51715,0
12,US53->CS37,51549,51549,0
12,US53->CS45,51824,51824,0
12,US53->CS53,51396,51396,0
12,US53->CS61,51569,51569,0
12,US54->CS6,51792,51792,0
12,US54->CS14,52336,52336,0
12,US54->CS22,51629,51629,0
12,US54->CS30,51856,51856,0
12,US54->CS38,51735,51735,0
12,US54->CS46,52035,52035,0
12,US54->CS54,51715,51715,0
12,US54->CS62,51493,51493,0
12,US55->CS7,51733,51733,0
12,US55->CS15,51950,51950,0
12,US55->CS23,51706,51706,0
12,US55->CS31,51861,51861,0
12,US55->CS39,51696,51696,0
12,US55->CS47,51832,51832,0
12,US55->CS55,51777,51777,0
12,US55->CS63,51363,51363,0
12,US56->CS0,51019,51019,0
12,US56->CS8,51133,51133,0
12,US56->CS16,50803,50803,0
12,US56->CS24,51213,51213,0
12,US56->CS32,51307,51307,0
12,US56->CS40,50986,50986,0
12,US56->CS48,51091,51091,0
12,US56->CS56,50828,50828,0
12,US57->CS1,50929,50929,0
12,US57->CS9,51121,51121,0
12,US57->CS17,51382,51382,0
12,US57->CS25,50843,50843,0
12,US57->CS33,50726,50726,0
12,US57->CS41,51123,51123,0
12,US57->CS49,50952,50952,0
12,US57->CS57,50761,50761,0
12,US58->CS2,51527,51527,0
12,US58->CS10,50816,50816,0
12,US58->CS18,51129,51129,0
12,US58->CS26,50901,50901,0
12,US58->CS34,50918,50918,0
12,US58->CS42,50530,50530,0
12,US58->CS50,51150,51150,0
12,US58->CS58,51000,51000,0
12,US59->CS3,51219,51219,0
12,US59->CS11,50738,50738,0
12,US59->CS19,50445,50445,0
12,US59->CS27,51011,51011,0
12,US59->CS35,50829,50829,0
12,US59->CS43,50876,50876,0
12,US59->CS51,50843,50843,0
12,US59->CS59,50936,50936,0
12,US60->CS4,50783,50783,0
12,US60->CS12,50649,50649,0
12,US60->CS20,50771,50771,0
12,US60->CS28,50350,50350,0
12,US60->CS36,51237,51237,0
12,US60->CS44,50865,50865,0
12,US60->CS52,50842,50842,0
12,US60->CS60,51116,51116,0
12,US61->CS5,50971,50971,0
12,US61->CS13,50765,50765,0
12,US61->CS21,50895,50895,0
12,US61->CS29,51235,51235,0
12,US61->CS37,51002,51002,0
12,US61->CS45,51183,51183,0
12,US61->CS53,50827,50827,0
12,US61->CS61,51058,51058,0
12,US62->CS6,51088,51088,0
12,US62->CS14,50856,50856,0
12,US62->CS22,50697,50697,0
12,US62->CS30,50413,50413,0
12,US62->CS38,50575,50575,0
12,US62->CS46,51144,51144,0
12,US62->CS54,50981,50981,0
12,US62->CS62,50940,50940,0
12,US63->CS7,50668,50668,0
12,US63->CS15,51019,51019,0
12,US63->CS23,50960,50960,0
12,US63->CS31,51311,51311,0
12,US63->CS39,51191,51191,0
12,US63->CS47,50826,50826,0
12,US63->CS55,51030,51030,0
12,US63->CS63,51108,51108,0
12,US64->CS0,51658,51658,0
12,US64->CS8,51319,51319,0
12,US64->CS16,51497,51497,0
12,US64->CS24,51328,51328,0
12,US64->CS32,51370,51370,0
12,US64->CS40,51688,51688,0
12,US64->CS48,51494,51494,0
12,US64->CS56,51199,51199,0
12,US65->CS1,51243,51243,0
12,US65->CS9,51047,51047,0
12,US65->CS17,51313,51313,0
12,US65->CS25,51123,51123,0
12,US65->CS33,51486,51486,0
12,US65->CS41,51660,51660,0
12,US65->CS49,51132,51132,0
12,US65->CS57,51051,51051,0
12,US66->CS2,51172,51172,0
12,US66->CS10,50918,50918,0
12,US66->CS18,51700,51700,0
12,US66->CS26,51512,51512,0
12,US66->CS34,51114,51114,0
12,US66->CS42,50998,50998,0
12,US66->CS50,51473,51473,0
12,US66->CS58,51884,51884,0
12,US67->CS3,51095,51095,0
12,US67->CS11,51377,51377,0
12,US67->CS19,51048,51048,0
12,US67->CS27,51037,51037,0
12,US67->CS35,51113,51113,0
12,US67->CS43,51276,51276,0
12,US67->CS51,50966,50966,0
12,US67->CS59,51677,51677,0
12,US68->CS4,51698,51698,0
12,US68->CS12,51047,51047,0
12,US68->CS20,51211,51211,0
12,US68->CS28,50963,50963,0
12,US68->CS36,51186,51186,0
12,US68->CS44,51418,51418,0
12,US68->CS52,51636,51636,0
12,US68->CS60,51302,51302,0
12,US69->CS5,51201,51201,0
12,US69->CS13,51158,51158,0
12,US69->CS21,51198,51198,0
12,US69->CS29,51459,51459,0
12,US69->CS37,51733,51733,0
12,US69->CS45,50997,50997,0
12,US69->CS53,51244,51244,0
12,US69->CS61,51138,51138,0
12,US70->CS6,51145,51145,0
12,US70->CS14,51165,51165,0
12,US70->CS22,51707,51707,0
12,US70->CS30,51185,51185,0
12,US70->CS38,51599,51599,0
12,US70->CS46,51612,51612,0
12,US70->CS54,51413,51413,0
12,US70->CS62,51281,51281,0
12,US71->CS7,51495,51495,0
12,US71->CS15,51223,51223,0
12,US71->CS23,51546,51546,0
12,US71->CS31,51540,51540,0
12,US71->CS39,51593,51593,0
12,US71->CS47,50913,50913,0
12,US71->CS55,50941,50941,0
12,US71->CS63,51390,51390,0
12,US72->CS0,51184,51184,0
12,US72->CS8,51281,51281,0
12,US72->CS16,51254,51254,0
12,US72->CS24,50890,50890,0
12,US72->CS32,50768,50768,0
12,US72->CS40,51002,51002,0
12,US72->CS48,50845,50845,0
12,US72->CS56,50641,50641,0
12,US73->CS1,50540,50540,0
12,US73->CS9,50798,50798,0
12,US73->CS17,50924,50924,0
12,US73->CS25,51171,51171,0
12,US73->CS33,50927,50927,0
12,US73->CS41,51085,51085,0
12,US73->CS49,50914,50914,0
12,US73->CS57,51092,51092,0
12,US74->CS2,50898,50898,0
12,US74->CS10,50783,50783,0
12,US74->CS18,51064,51064,0
12,US74->CS26,51117,51117,0
12,US74->CS34,50917,50917,0
12,US74->CS42,50991,50991,0
12,US74->CS50,50935,50935,0
12,US74->CS58,51007,51007,0
12,US75->CS3,51115,51115,0
12,US75->CS11,51080,51080,0
12,US75->CS19,50971,50971,0
12,US75->CS27,50826,50826,0
12,US75->CS35,50790,50790,0
12,US75->CS43,51059,51059,0
12,US75->CS51,51136,51136,0
12,US75->CS59,50859,50859,0
12,US76->CS4,51086,51086,0
12,US76->CS12,51008,51008,0
12,US76->CS20,50981,50981,0
12,US76->CS28,51151,51151,0
12,US76->CS36,51012,51012,0
12,US76->CS44,50934,50934,0
12,US76->CS52,50835,50835,0
12,US76->CS60,50699,50699,0
12,US77->CS5,50789,50789,0
12,US77->CS13,51356,51356,0
12,US77->CS21,51136,51136,0
12,US77->CS29,50920,50920,0
12,US77->CS37,50715,50715,0
12,US77->CS45,50971,50971,0
12,US77->CS53,50769,50769,0
12,US77->CS61,51163,51163,0
12,US78->CS6,50853,50853,0
12,US78->CS14,50969,50969,0
12,US78->CS22,50894,50894,0
12,US78->CS30,51001,51001,0
12,US78->CS38,50451,50451,0
12,US78->CS46,50862,50862,0
12,US78->CS54,50696,50696,0
12,US78->CS62,50947,50947,0
12,US79->CS7,50867,50867,0
12,US79->CS15,51038,51038,0
12,US79->CS23,51207,51207,0
12,US79->CS31,51118,51118,0
12,US79->CS39,51301,51301,0
12,US79->CS47,50988,50988,0
12,US79->CS55,50974,50974,0
12,US79->CS63,51023,51023,0
12,US80->CS0,50333,50333,0
12,US80->CS8,50281,50281,0
12,US80->CS16,50164,50164,0
12,US80->CS24,50595,50595,0
12,US80->CS32,50681,50681,0
12,US80->CS40,50781,50781,0
12,US80->CS48,50241,50241,0
12,US80->CS56,50569,50569,0
12,US81->CS1,50845,50845,0
12,US81->CS9,50759,50759,0
12,US81->CS17,50498,50498,0
12,US81->CS25,50461,50461,0
12,US81->CS33,50624,50624,0
12,US81->CS41,50284,50284,0
12,US81->CS49,50485,50485,0
12,US81->CS57,50673,50673,0
12,US82->CS2,50961,50961,0
12,US82->CS10,50729,50729,0
12,US82->CS18,50106,50106,0
12,US82->CS26,51007,51007,0
12,US82->CS34,50544,50544,0
12,US82->CS42,50474,50474,0
12,US82->CS50,50812,50812,0
12,US82->CS58,50833,50833,0
12,US83->CS3,50255,50255,0
12,US83->CS11,50550,50550,0
12,US83->CS19,50886,50886,0
12,US83->CS27,51217,51217,0
12,US83->CS35,50647,50647,0
12,US83->CS43,50334,50334,0
12,US83->CS51,50442,50442,0
12,US83->CS59,50747,50747,0
12,US84->CS4,50317,50317,0
12,US84->CS12,50521,50521,0
12,US84->CS20,50713,50713,0
12,US84->CS28,50498,50498,0
12,US84->CS36,50621,50621,0
12,US84->CS44,50862,50862,0
12,US84->CS52,50584,50584,0
12,US84->CS60,50363,50363,0
12,US85->CS5,50557,50557,0
12,US85->CS13,50783,50783,0
12,US85->CS21,50399,50399,0
12,US85->CS29,50197,50197,0
12,US85->CS37,50643,50643,0
12,US85->CS45,50885,50885,0
12,US85->CS53,50772,50772,0
12,US85->CS61,50405,50405,0
12,US86->CS6,50484,50484,0
12,US86->CS14,50337,50337,0
12,US86->CS22,50826,50826,0
12,US86->CS30,50739,50739,0
12,US86->CS38,50457,50457,0
12,US86->CS46,51232,51232,0
12,US86->CS54,50488,50488,0
12,US86->CS62,50249,50249,0
12,US87->CS7,50311,50311,0
12,US87->CS15,50538,50538,0
12,US87->CS23,50894,50894,0
12,US87->CS31,50552,50552,0
12,US87->CS39,50756,50756,0
12,US87->CS47,50301,50301,0
12,US87->CS55,50525,50525,0
12,US87->CS63,50537,50537,0
12,US88->CS0,50890,50890,0
12,US88->CS8,51094,51094,0
12,US88->CS16,51095,51095,0
12,US88->CS24,51055,51055,0
12,US88->CS32,51109,51109,0
12,US88->CS40,51323,51323,0
12,US88->CS48,50928,50928,0
12,US88->CS56,51003,51003,0
12,US89->CS1,50978,50978,0
12,US89->CS9,51139,51139,0
12,US89->CS17,51021,51021,0
12,US89->CS25,51053,51053,0
12,US89->CS33,50852,50852,0
12,US89->CS41,50852,50852,0
12,US89->CS49,50679,50679,0
12,US89->CS57,51313,51313,0
12,US90->CS2,51015,51015,0
12,US90->CS10,51666,51666,0
12,US90->CS18,51092,51092,0
12,US90->CS26,51140,51140,0
12,US90->CS34,50815,50815,0
12,US90->CS42,50756,50756,0
12,US90->CS50,50997,50997,0
12,US90->CS58,51038,51038,0
12,US91->CS3,51175,51175,0
12,US91->CS11,50932,50932,0
12,US91->CS19,51170,51170,0
12,US91->CS27,51062,51062,0
12,US91->CS35,50597,50597,0
12,US91->CS43,51351,51351,0
12,US91->CS51,51249,51249,0
12,US91->CS59,50991,50991,0
12,US92->CS4,50976,50976,0
12,US92->CS12,51024,51024,0
12,US92->CS20,50568,50568,0
12,US92->CS28,51211,51211,0
12,US92->CS36,50847,50847,0
12,US92->CS44,51069,51069,0
12,US92->CS52,51278,51278,0
12,US92->CS60,51329,51329,0
12,US93->CS5,50814,50814,0
12,US93->CS13,50645,50645,0
12,US93->CS21,51394,51394,0
12,US93->CS29,51079,51079,0
12,US93->CS37,51086,51086,0
12,US93->CS45,50838,50838,0
12,US93->CS53,51327,51327,0
12,US93->CS61,50926,50926,0
12,US94->CS6,50775,50775,0
12,US94->CS14,50845,50845,0
12,US94->CS22,50970,50970,0
12,US94->CS30,51010,51010,0
12,US94->CS38,51130,51130,0
12,US94->CS46,51243,51243,0
12,US94->CS54,50770,50770,0
12,US94->CS62,51023,51023,0
12,US95->CS7,50963,50963,0
12,US95->CS15,51056,51056,0
12,US95->CS23,50492,50492,0
12,US95->CS31,51191,51191,0
12,US95->CS39,51510,51510,0
12,US95->CS47,51278,51278,0
12,US95->CS55,50438,50438,0
12,US95->CS63,51116,51116,0
12,US96->CS0,50921,50921,0
12,US96->CS8,50685,50685,0
12,US96->CS16,51154,51154,0
12,US96->CS24,51429,51429,0
12,US96->CS32,50760,50760,0
12,US96->CS40,50917,50917,0
12,US96->CS48,51229,51229,0
12,US96->CS56,51508,51508,0
12,US97->CS1,50997,50997,0
12,US97->CS9,51015,51015,0
12,US97->CS17,50669,50669,0
12,US97->CS25,51076,51076,0
12,US97->CS33,51255,51255,0
12,US97->CS41,51325,51325,0
12,US97->CS49,50844,50844,0
12,US97->CS57,50945,50945,0
12,US98->CS2,50766,50766,0
12,US98->CS10,51117,51117,0
12,US98->CS18,51014,51014,0
12,US98->CS26,50887,50887,0
12,US98->CS34,51218,51218,0
12,US98->CS42,50793,50793,0
12,US98->CS50,50578,50578,0
12,US98->CS58,50878,50878,0
12,US99->CS3,51003,51003,0
12,US99->CS11,50858,50858,0
12,US99->CS19,50840,50840,0
12,US99->CS27,50793,50793,0
12,US99->CS35,50973,50973,0
12,US99->CS43,50779,50779,0
12,US99->CS51,50843,50843,0
12,US99->CS59,51189,51189,0
12,US100->CS4,50716,50716,0
12,US100->CS12,50979,50979,0
12,US100->CS20,51665,51665,0
12,US100->CS28,51347,51347,0
12,US100->CS36,51228,51228,0
12,US100->CS44,50888,50888,0
12,US100->CS52,50915,50915,0
12,US100->CS60,51144,51144,0
12,US101->CS5,51243,51243,0
12,US101->CS13,50781,50781,0
12,US101->CS21,50739,50739,0
12,US101->CS29,50790,50790,0
12,US101->CS37,50978,50978,0
12,US101->CS45,51170,51170,0
12,US101->CS53,51309,51309,0
12,US101->CS61,50560,50560,0
12,US102->CS6,51231,51231,0
12,US102->CS14,51080,51080,0
12,US102->CS22,50801,50801,0
12,US102->CS30,50989,50989,0
12,US102->CS38,51051,51051,0
12,US102->CS46,51209,51209,0
12,US102->CS54,50823,50823,0
12,US102->CS62,50984,50984,0
12,US103->CS7,50668,50668,0
12,US103->CS15,51009,51009,0
12,US103->CS23,50963,50963,0
12,US103->CS31,50789,50789,0
12,US103->CS39,51160,51160,0
12,US103->CS47,51333,51333,0
12,US103->CS55,51253,51253,0
12,US103->CS63,50891,50891,0
12,US104->CS0,50814,50814,0
12,US104->CS8,50685,50685,0
12,US104->CS16,50650,50650,0
12,US104->CS24,51039,51039,0
12,US104->CS32,50655,50655,0
12,US104->CS40,50969,50969,0
12,US104->CS48,50944,50944,0
12,US104->CS56,50634,50634,0
12,US105->CS1,50498,50498,0
12,US105->CS9,50889,50889,0
12,US105->CS17,50975,50975,0
12,US105->CS25,51083,51083,0
12,US105->CS33,50688,50688,0
12,US105->CS41,50706,50706,0
12,US105->CS49,50759,50759,0
12,US105->CS57,50808,50808,0
12,US106->CS2,50955,50955,0
12,US106->CS10,50591,50591,0
12,US106->CS18,51125,51125,0
12,US106->CS26,50856,50856,0
12,US106->CS34,50801,50801,0
12,US106->CS42,50625,50625,0
12,US106->CS50,50763,50763,0
12,US106->CS58,50469,50469,0
12,US107->CS3,50895,50895,0
12,US107->CS11,51112,51112,0
12,US107->CS19,50917,50917,0
12,US107->CS27,51184,51184,0
12,US107->CS35,51081,51081,0
12,US107->CS43,50982,50982,0
12,US107->CS51,50723,50723,0
12,US107->CS59,50690,50690,0
12,US108->CS4,50629,50629,0
12,US108->CS12,50788,50788,0
12,US108->CS20,51067,51067,0
12,US108->CS28,50863,50863,0
12,US108->CS36,51122,51122,0
12,US108->CS44,50920,50920,0
12,US108->CS52,50659,50659,0
12,US108->CS60,50574,50574,0
12,US109->CS5,50478,50478,0
12,US109->CS13,51224,51224,0
12,US109->CS21,50969,50969,0
12,US109->CS29,50964,50964,0
12,US109->CS37,50545,50545,0
12,US109->CS45,50966,50966,0
12,US109->CS53,51047,51047,0
12,US109->CS61,50539,50539,0
12,US110->CS6,51126,51126,0
12,US110->CS14,50858,50858,0
12,US110->CS22,50871,50871,0
12,US110->CS30,50802,50802,0
12,US110->CS38,50816,50816,0
12,US110->CS46,50791,50791,0
12,US110->CS54,50687,50687,0
12,US110->CS62,51087,51087,0
12,US111->CS7,50689,50689,0
12,US111->CS15,51176,51176,0
12,US111->CS23,50955,50955,0
12,US111->CS31,50797,50797,0
12,US111->CS39,50916,50916,0
12,US111->CS47,50861,50861,0
12,US111->CS55,50502,50502,0
12,US111->CS63,51361,51361,0
12,US112->CS0,52608,52608,0
12,US112->CS8,52902,52902,0
12,US112->CS16,52536,52536,0
12,US112->CS24,53440,53440,0
12,US112->CS32,52774,52774,0
12,US112->CS40,52850,52850,0
12,US112->CS48,52816,52816,0
12,US112->CS56,53250,53250,0
12,US113->CS1,52804,52804,0
12,US113->CS9,53190,53190,0
12,US113->CS17,52863,52863,0
12,US113->CS25,53093,53093,0
12,US113->CS33,52989,52989,0
12,US113->CS41,52752,52752,0
12,US113->CS49,52705,52705,0
12,US113->CS57,53031,53031,0
12,US114->CS2,53166,53166,0
12,US114->CS10,53495,53495,0
12,US114->CS18,53276,53276,0
12,US114->CS26,52762,52762,0
12,US114->CS34,53164,53164,0
12,US114->CS42,53069,53069,0
12,US114->CS50,53428,53428,0
12,US114->CS58,53235,53235,0
12,US115->CS3,53408,53408,0
12,US115->CS11,53200,53200,0
12,US115->CS19,52580,52580,0
12,US115->CS27,52688,52688,0
12,US115->CS35,52806,52806,0
12,US115->CS43,53247,53247,0
12,US115->CS51,53324,53324,0
12,US115->CS59,52871,52871,0
12,US116->CS4,53220,53220,0
12,US116->CS12,52644,52644,0
12,US116->CS20,53045,53045,0
12,US116->CS28,52920,52920,0
12,US116->CS36,53201,53201,0
12,US116->CS44,52765,52765,0
12,US116->CS52,52726,52726,0
12,US116->CS60,53079,53079,0
12,US117->CS5,52860,52860,0
12,US117->CS13,53292,53292,0
12,US117->CS21,52940,52940,0
12,US117->CS29,53154,53154,0
12,US117->CS37,52832,52832,0
12,US117->CS45,52816,52816,0
12,US117->CS53,53168,53168,0
12,US117->CS61,52923,52923,0
12,US118->CS6,52856,52856,0
12,US118->CS14,52913,52913,0
12,US118->CS22,52867,52867,0
12,US118->CS30,52934,52934,0
12,US118->CS38,52873,52873,0
12,US118->CS46,52919,52919,0
12,US118->CS54,53210,53210,0
12,US118->CS62,52686,52686,0
12,US119->CS7,53245,53245,0
12,US119->CS15,53269,53269,0
12,US119->CS23,52939,52939,0
12,US119->CS31,53077,53077,0
12,US119->CS39,52971,52971,0
12,US119->CS47,53035,53035,0
12,US119->CS55,52871,52871,0
12,US119->CS63,53150,53150,0
12,US120->CS0,51064,51064,0
12,US120->CS8,50390,50390,0
12,US120->CS16,50996,50996,0
12,US120->CS24,50796,50796,0
12,US120->CS32,50874,50874,0
12,US120->CS40,51183,51183,0
12,US120->CS48,51005,51005,0
12,US120->CS56,50604,50604,0
12,US121->CS1,51110,51110,0
12,US121->CS9,50716,50716,0
12,US121->CS17,50655,50655,0
12,US121->CS25,50668,50668,0
12,US121->CS33,50882,50882,0
12,US121->CS41,50775,50775,0
12,US121->CS49,51042,51042,0
12,US121->CS57,50299,50299,0
12,US122->CS2,51191,51191,0
12,US122->CS10,50715,50715,0
12,US122->CS18,50571,50571,0
12,US122->CS26,50756,50756,0
12,US122->CS34,50944,50944,0
12,US122->CS42,50605,50605,0
12,US122->CS50,50516,50516,0
12,US122->CS58,51024,51024,0
12,US123->CS3,50968,50968,0
12,US123->CS11,50573,50573,0
12,US123->CS19,50681,50681,0
12,US123->CS27,50765,50765,0
12,US123->CS35,50526,50526,0
12,US123->CS43,50551,50551,0
12,US123->CS51,50690,50690,0
12,US123->CS59,50185,50185,0
12,US124->CS4,50614,50614,0
12,US124->CS12,50623,50623,0
12,US124->CS20,51059,51059,0
12,US124->CS28,50554,50554,0
12,US124->CS36,50723,50723,0
12,US124->CS44,50361,50361,0
12,US124->CS52,50930,50930,0
12,US124->CS60,50557,50557,0
12,US125->CS5,50483,50483,0
12,US125->CS13,51252,51252,0
12,US125->CS21,50760,50760,0
12,US125->CS29,50697,50697,0
12,US125->CS37,50736,50736,0
12,US125->CS45,50831,50831,0
12,US125->CS53,50586,50586,0
12,US125->CS61,51234,51234,0
12,US126->CS6,50975,50975,0
12,US126->CS14,50902,50902,0
12,US126->CS22,51146,51146,0
12,US126->CS30,50386,50386,0
12,US126->CS38,50761,50761,0
12,US126->CS46,50393,50393,0
12,US126->CS54,50861,50861,0
12,US126->CS62,50570,50570,0
12,US127->CS7,51222,51222,0
12,US127->CS15,50401,50401,0
12,US127->CS23,50544,50544,0
12,US127->CS31,50992,50992,0
12,US127->CS39,50542,50542,0
12,US127->CS47,50572,50572,0
12,US127->CS55,50652,50652,0
12,US127->CS63,50870,50870,0
12,CS0->US0,51565,51565,0
12,CS0->US8,50270,50270,0
12,CS0->US16,51169,51169,0
12,CS0->US24,51192,51192,0
12,CS0->US32,51625,51625,0
12,CS0->US40,52611,52611,0
12,CS0->US48,51599,51599,0
12,CS0->US56,51258,51258,0
12,CS0->US64,50963,50963,0
12,CS0->US72,50839,50839,0
12,CS0->US80,57052,57052,0
12,CS0->US88,51247,51247,0
12,CS0->US96,50871,50871,0
12,CS0->US104,50979,50979,0
12,CS0->US112,54709,54709,0
12,CS0->US120,54306,54306,0
12,CS1->US1,51878,51878,0
12,CS1->US9,50870,50870,0
12,CS1->US17,51147,51147,0
12,CS1->US25,51138,51138,0
12,CS1->US33,51215,51215,0
12,CS1->US41,52894,52894,0
12,CS1->US49,51590,51590,0
12,CS1->US57,51098,51098,0
12,CS1->US65,51141,51141,0
12,CS1->US73,50999,50999,0
12,CS1->US81,56653,56653,0
12,CS1->US89,50586,50586,0
12,CS1->US97,50568,50568,0
12,CS1->US105,51076,51076,0
12,CS1->US113,54243,54243,0
12,CS1->US121,54444,54444,0
12,CS2->US2,51299,51299,0
12,CS2->US10,50957,50957,0
12,CS2->US18,51245,51245,0
12,CS2->US26,51698,51698,0
12,CS2->US34,51111,51111,0
12,CS2->US42,53109,53109,0
12,CS2->US50,51275,51275,0
12,CS2->US58,50891,50891,0
12,CS2->US66,50822,50822,0
12,CS2->US74,50917,50917,0
12,CS2->US82,57080,57080,0
12,CS2->US90,50985,50985,0
12,CS2->US98,50963,50963,0
12,CS2->US106,50887,50887,0
12,CS2->US114,54318,54318,0
12,CS2->US122,53959,53959,0
12,CS3->US3,51827,51827,0
12,CS3->US11,50268,50268,0
12,CS3->US19,51009,51009,0
12,CS3->US27,51389,51389,0
12,CS3->US35,51126,51126,0
12,CS3->US43,53464,53464,0
12,CS3->US51,51734,51734,0
12,CS3->US59,51345,51345,0
12,CS3->US67,50927,50927,0
12,CS3->US75,51105,51105,0
12,CS3->US83,56502,56502,0
12,CS3->US91,51156,51156,0
12,CS3->US99,50960,50960,0
12,CS3->US107,51028,51028,0
12,CS3->US115,54408,54408,0
12,CS3->US123,54681,54681,0
12,CS4->US4,51364,51364,0
12,CS4->US12,50296,50296,0
12,CS4->US20,50768,50768,0
12,CS4->US28,51002,51002,0
12,CS4->US36,51683,51683,0
12,CS4->US44,53146,53146,0
12,CS4->US52,51609,51609,0
12,CS4->US60,51120,51120,0
12,CS4->US68,51457,51457,0
12,CS4->US76,50898,50898,0
12,CS4->US84,56926,56926,0
12,CS4->US92,51202,51202,0
12,CS4->US100,50702,50702,0
12,CS4->US108,50736,50736,0
12,CS4->US116,54404,54404,0
12,CS4->US124,54581,54581,0
12,CS5->US5,51894,51894,0
12,CS5->US13,50534,50534,0
12,CS5->US21,50554,50554,0
12,CS5->US29,51229,51229,0
12,CS5->US37,51176,51176,0
12,CS5->US45,52851,52851,0
12,CS5->US53,51314,51314,0
12,CS5->US61,50534,50534,0
12,CS5->US69,51116,51116,0
12,CS5->US77,50741,50741,0
12,CS5->US85,56803,56803,0
12,CS5->US93,50838,50838,0
12,CS5->US101,50540,50540,0
12,CS5->US109,51263,51263,0
12,CS5->US117,55061,55061,0
12,CS5->US125,54093,54093,0
12,CS6->US6,51478,51478,0
12,CS6->US14,50470,50470,0
12,CS6->US22,51030,51030,0
12,CS6->US30,51223,51223,0
12,CS6->US38,51163,51163,0
12,CS6->US46,52920,52920,0
12,CS6->US54,51253,51253,0
12,CS6->US62,51085,51085,0
12,CS6->US70,51542,51542,0
12,CS6->US78,50760,50760,0
12,CS6->US86,56640,56640,0
12,CS6->US94,50904,50904,0
12,CS6->US102,51127,51127,0
12,CS6->US110,51266,51266,0
12,CS6->US118,54368,54368,0
12,CS6->US126,53989,53989,0
12,CS7->US7,51461,51461,0
12,CS7->US15,50285,50285,0
12,CS7->US23,51333,51333,0
12,CS7->US31,50874,50874,0
12,CS7->US39,51450,51450,0
12,CS7->US47,53274,53274,0
12,CS7->US55,51569,51569,0
12,CS7->US63,50733,50733,0
12,CS7->US71,51217,51217,0
12,CS7->US79,50935,50935,0
12,CS7->US87,57045,57045,0
12,CS7->US95,50902,50902,0
12,CS7->US103,50757,50757,0
12,CS7->US111,50772,50772,0
12,CS7->US119,54547,54547,0
12,CS7->US127,54475,54475,0
12,CS8->US0,51697,51697,0
12,CS8->US8,50297,50297,0
12,CS8->US16,50433,50433,0
12,CS8->US24,51363,51363,0
12,CS8->US32,51277,51277,0
12,CS8->US40,52889,52889,0
12,CS8->US48,51076,51076,0
12,CS8->US56,51383,51383,0
12,CS8->US64,51276,51276,0
12,CS8->US72,51021,51021,0
12,CS8->US80,56929,56929,0
12,CS8->US88,51270,51270,0
12,CS8->US96,50738,50738,0
12,CS8->US104,50739,50739,0
12,CS8->US112,54536,54536,0
12,CS8->US120,54708,54708,0
12,CS9->US1,51783,51783,0
12,CS9->US9,50766,50766,0
12,CS9->US17,50833,50833,0
12,CS9->US25,51347,51347,0
12,CS9->US33,51052,51052,0
12,CS9->US41,53136,53136,0
12,CS9->US49,51092,51092,0
12,CS9->US57,50651,50651,0
12,CS9->US65,51430,51430,0
12,CS9->US73,51067,51067,0
12,CS9->US81,56833,56833,0
12,CS9->US89,50905,50905,0
12,CS9->US97,50980,50980,0
12,CS9->US105,51042,51042,0
12,CS9->US113,54711,54711,0
12,CS9->US121,54581,54581,0
12,CS10->US2,51433,51433,0
12,CS10->US10,50718,50718,0
12,CS10->US18,50834,50834,0
12,CS10->US26,51031,51031,0
12,CS10->US34,50918,50918,0
12,CS10->US42,53543,53543,0
12,CS10->US50,51454,51454,0
12,CS10->US58,51178,51178,0
12,CS10->US66,50978,50978,0
12,CS10->US74,51556,51556,0
12,CS10->US82,57064,57064,0
12,CS10->US90,50822,50822,0
12,CS10->US98,50688,50688,0
12,CS10->US106,51095,51095,0
12,CS10->US114,54542,54542,0
12,CS10->US122,54401,54401,0
12,CS11->US3,51104,51104,0
12,CS11->US11,50539,50539,0
12,CS11->US19,50665,50665,0
12,CS11->US27,50966,50966,0
12,CS11->US35,51342,51342,0
12,CS11->US43,53232,53232,0
12,CS11->US51,51774,51774,0
12,CS11->US59,51251,51251,0
12,CS11->US67,51241,51241,0
12,CS11->US75,50810,50810,0
12,CS11->US83,56990,56990,0
12,CS11->US91,51110,51110,0
12,CS11->US99,51204,51204,0
12,CS11->US107,50927,50927,0
12,CS11->US115,54640,54640,0
12,CS11->US123,54298,54298,0
12,CS12->US4,51370,51370,0
12,CS12->US12,50614,50614,0
12,CS12->US20,50724,50724,0
12,CS12->US28,50844,50844,0
12,CS12->US36,51024,51024,0
12,CS12->US44,52730,52730,0
12,CS12->US52,51574,51574,0
12,CS12->US60,50989,50989,0
12,CS12->US68,51199,51199,0
12,CS12->US76,51022,51022,0
12,CS12->US84,57086,57086,0
12,CS12->US92,51076,51076,0
12,CS12->US100,50848,50848,0
12,CS12->US108,51034,51034,0
12,CS12->US116,54847,54847,0
12,CS12->US124,54332,54332,0
12,CS13->US5,51338,51338,0
12,CS13->US13,50708,50708,0
12,CS13->US21,51308,51308,0
12,CS13->US29,50995,50995,0
12,CS13->US37,51098,51098,0
12,CS13->US45,53309,53309,0
12,CS13->US53,51649,51649,0
12,CS13->US61,50681,50681,0
12,CS13->US69,51461,51461,0
12,CS13->US77,50635,50635,0
12,CS13->US85,56568,56568,0
12,CS13->US93,51447,51447,0
12,CS13->US101,51247,51247,0
12,CS13->US109,50829,50829,0
12,CS13->US117,54703,54703,0
12,CS13->US125,54557,54557,0
12,CS14->US6,52032,52032,0
12,CS14->US14,50371,50371,0
12,CS14->US22,50901,50901,0
12,CS14->US30,51097,51097,0
12,CS14->US38,51116,51116,0
12,CS14->US46,52929,52929,0
12,CS14->US54,51644,51644,0
12,CS14->US62,50869,50869,0
12,CS14->US70,50984,50984,0
12,CS14->US78,50884,50884,0
12,CS14->US86,56952,56952,0
12,CS14->US94,51071,51071,0
12,CS14->US102,50932,50932,0
12,CS14->US110,51146,51146,0
12,CS14->US118,54884,54884,0
12,CS14->US126,54357,54357,0
12,CS15->US7,51652,51652,0
12,CS15->US15,50571,50571,0
12,CS15->US23,50448,50448,0
12,CS15->US31,51235,51235,0
12,CS15->US39,51194,51194,0
12,CS15->US47,53325,53325,0
12,CS15->US55,51482,51482,0
12,CS15->US63,51078,51078,0
12,CS15->US71,51102,51102,0
12,CS15->US79,51012,51012,0
12,CS15->US87,56886,56886,0
12,CS15->US95,51081,51081,0
12,CS15->US103,51291,51291,0
12,CS15->US111,51055,51055,0
12,CS15->US119,54469,54469,0
12,CS15->US127,54327,54327,0
12,CS16->US0,51417,51417,0
12,CS16->US8,50193,50193,0
12,CS16->US16,51066,51066,0
12,CS16->US24,51015,51015,0
12,CS16->US32,51469,51469,0
12,CS16->US40,52531,52531,0
12,CS16->US48,51163,51163,0
12,CS16->US56,50796,50796,0
12,CS16->US64,51194,51194,0
12,CS16->US72,51080,51080,0
12,CS16->US80,56700,56700,0
12,CS16->US88,51304,51304,0
12,CS16->US96,50700,50700,0
12,CS16->US104,51186,51186,0
12,CS16->US112,54768,54768,0
12,CS16->US120,54414,54414,0
12,CS17->US1,51356,51356,0
12,CS17->US9,50506,50506,0
12,CS17->US17,50833,50833,0
12,CS17->US25,51536,51536,0
12,CS17->US33,51292,51292,0
12,CS17->US41,52916,52916,0
12,CS17->US49,51609,51609,0
12,CS17->US57,50976,50976,0
12,CS17->US65,51066,51066,0
12,CS17->US73,50955,50955,0
12,CS17->US81,56883,56883,0
12,CS17->US89,50878,50878,0
12,CS17->US97,51123,51123,0
12,CS17->US105,50738,50738,0
12,CS17->US113,54925,54925,0
12,CS17->US121,54463,54463,0
12,CS18->US2,51369,51369,0
12,CS18->US10,50220,50220,0
12,CS18->US18,50648,50648,0
12,CS18->US26,51364,51364,0
12,CS18->US34,51700,51700,0
12,CS18->US42,53254,53254,0
12,CS18->US50,51404,51404,0
12,CS18->US58,51342,51342,0
12,CS18->US66,51164,51164,0
12,CS18->US74,51049,51049,0
12,CS18->US82,56811,56811,0
12,CS18->US90,51090,51090,0
12,CS18->US98,51191,51191,0
12,CS18->US106,51018,51018,0
12,CS18->US114,54329,54329,0
12,CS18->US122,54365,54365,0
12,CS19->US3,51655,51655,0
12,CS19->US11,50868,50868,0
12,CS19->US19,50797,50797,0
12,CS19->US27,50715,50715,0
12,CS19->US35,51039,51039,0
12,CS19->US43,52532,52532,0
12,CS19->US51,51469,51469,0
12,CS19->US59,50915,50915,0
12,CS19->US67,51078,51078,0
12,CS19->US75,51056,51056,0
12,CS19->US83,56631,56631,0
12,CS19->US91,51054,51054,0
12,CS19->US99,51016,51016,0
12,CS19->US107,50854,50854,0
12,CS19->US115,54195,54195,0
12,CS19->US123,54264,54264,0
12,CS20->US4,51318,51318,0
12,CS20->US12,50706,50706,0
12,CS20->US20,51088,51088,0
12,CS20->US28,50934,50934,0
12,CS20->US36,51183,51183,0
12,CS20->US44,52988,52988,0
12,CS20->US52,51410,51410,0
12,CS20->US60,50933,50933,0
12,CS20->US68,51063,51063,0
12,CS20->US76,50507,50507,0
12,CS20->US84,56693,56693,0
12,CS20->US92,51018,51018,0
12,CS20->US100,51168,51168,0
12,CS20->US108,51761,51761,0
12,CS20->US116,54679,54679,0
12,CS20->US124,54379,54379,0
12,CS21->US5,51370,51370,0
12,CS21->US13,50404,50404,0
12,CS21->US21,50878,50878,0
12,CS21->US29,51093,51093,0
12,CS21->US37,51124,51124,0
12,CS21->US45,52957,52957,0
12,CS21->US53,51458,51458,0
12,CS21->US61,50708,50708,0
12,CS21->US69,50921,50921,0
12,CS21->US77,51307,51307,0
12,CS21->US85,56446,56446,0
12,CS21->US93,51222,51222,0
12,CS21->US101,50983,50983,0
12,CS21->US109,50824,50824,0
12,CS21->US117,54660,54660,0
12,CS21->US125,54576,54576,0
12,CS22->US6,51375,51375,0
12,CS22->US14,50839,50839,0
12,CS22->US22,51172,51172,0
12,CS22->US30,50953,50953,0
12,CS22->US38,51697,51697,0
12,CS22->US46,52881,52881,0
12,CS22->US54,51478,51478,0
12,CS22->US62,51354,51354,0
12,CS22->US70,50972,50972,0
12,CS22->US78,50983,50983,0
12,CS22->US86,57063,57063,0
12,CS22->US94,50935,50935,0
12,CS22->US102,50896,50896,0
12,CS22->US110,50809,50809,0
12,CS22->US118,54365,54365,0
12,CS22->US126,54692,54692,0
12,CS23->US7,51377,51377,0
12,CS23->US15,50843,50843,0
12,CS23->US23,50618,50618,0
12,CS23->US31,51155,51155,0
12,CS23->US39,51514,51514,0
12,CS23->US47,52977,52977,0
12,CS23->US55,51290,51290,0
12,CS23->US63,51084,51084,0
12,CS23->US71,51424,51424,0
12,CS23->US79,50418,50418,0
12,CS23->US87,57083,57083,0
12,CS23->US95,51342,51342,0
12,CS23->US103,51019,51019,0
12,CS23->US111,51030,51030,0
12,CS23->US119,54992,54992,0
12,CS23->US127,54591,54591,0
12,CS24->US0,51376,51376,0
12,CS24->US8,50596,50596,0
12,CS24->US16,50813,50813,0
12,CS24->US24,51451,51451,0
12,CS24->US32,51335,51335,0
12,CS24->US40,53513,53513,0
12,CS24->US48,51397,51397,0
12,CS24->US56,51248,51248,0
12,CS24->US64,51374,51374,0
12,CS24->US72,51085,51085,0
12,CS24->US80,56662,56662,0
12,CS24->US88,50926,50926,0
12,CS24->US96,51112,51112,0
12,CS24->US104,51424,51424,0
12,CS24->US112,54855,54855,0
12,CS24->US120,54530,54530,0
12,CS25->US1,51099,51099,0
12,CS25->US9,50488,50488,0
12,CS25->US17,50714,50714,0
12,CS25->US25,50963,50963,0
12,CS25->US33,51070,51070,0
12,CS25->US41,53080,53080,0
12,CS25->US49,51470,51470,0
12,CS25->US57,50915,50915,0
12,CS25->US65,51110,51110,0
12,CS25->US73,51007,51007,0
12,CS25->US81,56962,56962,0
12,CS25->US89,51276,51276,0
12,CS25->US97,51159,51159,0
12,CS25->US105,51204,51204,0
12,CS25->US113,54854,54854,0
12,CS25->US121,54272,54272,0
12,CS26->US2,51392,51392,0
12,CS26->US10,50999,50999,0
12,CS26->US18,50845,50845,0
12,CS26->US26,51114,51114,0
12,CS26->US34,51539,51539,0
12,CS26->US42,52779,52779,0
12,CS26->US50,51191,51191,0
12,CS26->US58,51198,51198,0
12,CS26->US66,51403,51403,0
12,CS26->US74,51005,51005,0
12,CS26->US82,56771,56771,0
12,CS26->US90,51087,51087,0
12,CS26->US98,50967,50967,0
12,CS26->US106,50871,50871,0
12,CS26->US114,54548,54548,0
12,CS26->US122,54384,54384,0
12,CS27->US3,51638,51638,0
12,CS27->US11,51207,51207,0
12,CS27->US19,50853,50853,0
12,CS27->US27,51220,51220,0
12,CS27->US35,51024,51024,0
12,CS27->US43,52708,52708,0
12,CS27->US51,51575,51575,0
12,CS27->US59,51163,51163,0
12,CS27->US67,51672,51672,0
12,CS27->US75,51038,51038,0
12,CS27->US83,56999,56999,0
12,CS27->US91,50860,50860,0
12,CS27->US99,51274,51274,0
12,CS27->US107,50828,50828,0
12,CS27->US115,54661,54661,0
12,CS27->US123,54355,54355,0
12,CS28->US4,51321,51321,0
12,CS28->US12,50478,50478,0
12,CS28->US20,50699,50699,0
12,CS28->US28,50526,50526,0
12,CS28->US36,50924,50924,0
12,CS28->US44,52951,52951,0
12,CS28->US52,51115,51115,0
12,CS28->US60,51269,51269,0
12,CS28->US68,51520,51520,0
12,CS28->US76,51046,51046,0
12,CS28->US84,56597,56597,0
12,CS28->US92,51185,51185,0
12,CS28->US100,50946,50946,0
12,CS28->US108,51398,51398,0
12,CS28->US116,54368,54368,0
12,CS28->US124,54886,54886,0
12,CS29->US5,51448,51448,0
12,CS29->US13,50179,50179,0
12,CS29->US21,50773,50773,0
12,CS29->US29,51460,51460,0
12,CS29->US37,51477,51477,0
12,CS29->US45,53173,53173,0
12,CS29->US53,51270,51270,0
12,CS29->US61,50898,50898,0
12,CS29->US69,51168,51168,0
12,CS29->US77,51008,51008,0
12,CS29->US85,56579,56579,0
12,CS29->US93,50934,50934,0
12,CS29->US101,51062,51062,0
12,CS29->US109,50790,50790,0
12,CS29->US117,54888,54888,0
12,CS29->US125,54463,54463,0
12,CS30->US6,51533,51533,0
12,CS30->US14,50740,50740,0
12,CS30->US22,50561,50561,0
12,CS30->US30,50627,50627,0
12,CS30->US38,51154,51154,0
12,CS30->US46,52968,52968,0
12,CS30->US54,51550,51550,0
12,CS30->US62,51035,51035,0
12,CS30->US70,51568,51568,0
12,CS30->US78,50929,50929,0
12,CS30->US86,56672,56672,0
12,CS30->US94,51051,51051,0
12,CS30->US102,50862,50862,0
12,CS30->US110,51051,51051,0
12,CS30->US118,54986,54986,0
12,CS30->US126,54499,54499,0
12,CS31->US7,51574,51574,0
12,CS31->US15,50618,50618,0
12,CS31->US23,51158,51158,0
12,CS31->US31,51436,51436,0
12,CS31->US39,51512,51512,0
12,CS31->US47,53164,53164,0
12,CS31->US55,51392,51392,0
12,CS31->US63,51045,51045,0
12,CS31->US71,51379,51379,0
12,CS31->US79,51077,51077,0
12,CS31->US87,56578,56578,0
12,CS31->US95,51123,51123,0
12,CS31->US103,50845,50845,0
12,CS31->US111,50890,50890,0
12,CS31->US119,55115,55115,0
12,CS31->US127,54288,54288,0
12,CS32->US0,51219,51219,0
12,CS32->US8,50630,50630,0
12,CS32->US16,50983,50983,0
12,CS32->US24,51469,51469,0
12,CS32->US32,51380,51380,0
12,CS32->US40,52866,52866,0
12,CS32->US48,51367,51367,0
12,CS32->US56,51263,51263,0
12,CS32->US64,51334,51334,0
12,CS32->US72,51007,51007,0
12,CS32->US80,57115,57115,0
12,CS32->US88,50818,50818,0
12,CS32->US96,50774,50774,0
12,CS32->US104,50799,50799,0
12,CS32->US112,54607,54607,0
12,CS32->US120,54293,54293,0
12,CS33->US1,51556,51556,0
12,CS33->US9,50624,50624,0
12,CS33->US17,51013,51013,0
12,CS33->US25,51003,51003,0
12,CS33->US33,51475,51475,0
12,CS33->US41,53082,53082,0
12,CS33->US49,51553,51553,0
12,CS33->US57,51108,51108,0
12,CS33->US65,51259,51259,0
12,CS33->US73,50697,50697,0
12,CS33->US81,57134,57134,0
12,CS33->US89,50897,50897,0
12,CS33->US97,50728,50728,0
12,CS33->US105,51286,51286,0
12,CS33->US113,54779,54779,0
12,CS33->US121,54596,54596,0
12,CS34->US2,51476,51476,0
12,CS34->US10,50542,50542,0
12,CS34->US18,50994,50994,0
12,CS34->US26,51197,51197,0
12,CS34->US34,51046,51046,0
12,CS34->US42,53150,53150,0
12,CS34->US50,51281,51281,0
12,CS34->US58,51045,51045,0
12,CS34->US66,50990,50990,0
12,CS34->US74,50756,50756,0
12,CS34->US82,57194,57194,0
12,CS34->US90,50976,50976,0
12,CS34->US98,50872,50872,0
12,CS34->US106,51282,51282,0
12,CS34->US114,54414,54414,0
12,CS34->US122,53865,53865,0
12,CS35->US3,51717,51717,0
12,CS35->US11,50674,50674,0
12,CS35->US19,50625,50625,0
12,CS35->US27,50972,50972,0
12,CS35->US35,51096,51096,0
12,CS35->US43,52927,52927,0
12,CS35->US51,51210,51210,0
12,CS35->US59,51161,51161,0
12,CS35->US67,51161,51161,0
12,CS35->US75,50526,50526,0
12,CS35->US83,56409,56409,0
12,CS35->US91,50747,50747,0
12,CS35->US99,51160,51160,0
12,CS35->US107,51059,51059,0
12,CS35->US115,54788,54788,0
12,CS35->US123,54692,54692,0
12,CS36->US4,51655,51655,0
12,CS36->US12,50618,50618,0
12,CS36->US20,50789,50789,0
12,CS36->US28,51440,51440,0
12,CS36->US36,51117,51117,0
12,CS36->US44,53318,53318,0
12,CS36->US52,51348,51348,0
12,CS36->US60,50984,50984,0
12,CS36->US68,51260,51260,0
12,CS36->US76,50845,50845,0
12,CS36->US84,56902,56902,0
12,CS36->US92,50977,50977,0
12,CS36->US100,51211,51211,0
12,CS36->US108,51324,51324,0
12,CS36->US116,54513,54513,0
12,CS36->US124,54431,54431,0
12,CS37->US5,51251,51251,0
12,CS37->US13,50657,50657,0
12,CS37->US21,50799,50799,0
12,CS37->US29,51236,51236,0
12,CS37->US37,51737,51737,0
12,CS37->US45,52915,52915,0
12,CS37->US53,51585,51585,0
12,CS37->US61,50733,50733,0
12,CS37->US69,51319,51319,0
12,CS37->US77,51072,51072,0
12,CS37->US85,56852,56852,0
12,CS37->US93,50777,50777,0
12,CS37->US101,50647,50647,0
12,CS37->US109,51000,51000,0
12,CS37->US117,54643,54643,0
12,CS37->US125,54142,54142,0
12,CS38->US6,51429,51429,0
12,CS38->US14,50452,50452,0
12,CS38->US22,50836,50836,0
12,CS38->US30,50777,50777,0
12,CS38->US38,51589,51589,0
12,CS38->US46,52983,52983,0
12,CS38->US54,51154,51154,0
12,CS38->US62,51103,51103,0
12,CS38->US70,51321,51321,0
12,CS38->US78,51032,51032,0
12,CS38->US86,57393,57393,0
12,CS38->US94,50449,50449,0
12,CS38->US102,50869,50869,0
12,CS38->US110,51061,51061,0
12,CS38->US118,54197,54197,0
12,CS38->US126,54503,54503,0
12,CS39->US7,51395,51395,0
12,CS39->US15,50802,50802,0
12,CS39->US23,50666,50666,0
12,CS39->US31,51423,51423,0
12,CS39->US39,51579,51579,0
12,CS39->US47,53062,53062,0
12,CS39->US55,51422,51422,0
12,CS39->US63,50882,50882,0
12,CS39->US71,50795,50795,0
12,CS39->US79,51404,51404,0
12,CS39->US87,56809,56809,0
12,CS39->US95,51307,51307,0
12,CS39->US103,51007,51007,0
12,CS39->US111,51181,51181,0
12,CS39->US119,54887,54887,0
12,CS39->US127,54534,54534,0
12,CS40->US0,51739,51739,0
12,CS40->US8,50824,50824,0
12,CS40->US16,51284,51284,0
12,CS40->US24,51225,51225,0
12,CS40->US32,51699,51699,0
12,CS40->US40,52798,52798,0
12,CS40->US48,51560,51560,0
12,CS40->US56,51022,51022,0
12,CS40->US64,50854,50854,0
12,CS40->US72,51336,51336,0
12,CS40->US80,56965,56965,0
12,CS40->US88,51081,51081,0
12,CS40->US96,51060,51060,0
12,CS40->US104,50901,50901,0
12,CS40->US112,54814,54814,0
12,CS40->US120,54371,54371,0
12,CS41->US1,51610,51610,0
12,CS41->US9,50266,50266,0
12,CS41->US17,50863,50863,0
12,CS41->US25,51317,51317,0
12,CS41->US33,51658,51658,0
12,CS41->US41,52774,52774,0
12,CS41->US49,51678,51678,0
12,CS41->US57,50979,50979,0
12,CS41->US65,51539,51539,0
12,CS41->US73,50819,50819,0
12,CS41->US81,57175,57175,0
12,CS41->US89,51150,51150,0
12,CS41->US97,50787,50787,0
12,CS41->US105,51346,51346,0
12,CS41->US113,54637,54637,0
12,CS41->US121,54487,54487,0
12,CS42->US2,51387,51387,0
12,CS42->US10,50490,50490,0
12,CS42->US18,50743,50743,0
12,CS42->US26,50696,50696,0
12,CS42->US34,51002,51002,0
12,CS42->US42,53080,53080,0
12,CS42->US50,51460,51460,0
12,CS42->US58,51272,51272,0
12,CS42->US66,51412,51412,0
12,CS42->US74,50685,50685,0
12,CS42->US82,56990,56990,0
12,CS42->US90,51058,51058,0
12,CS42->US98,50764,50764,0
12,CS42->US106,50831,50831,0
12,CS42->US114,54858,54858,0
12,CS42->US122,54646,54646,0
12,CS43->US3,51586,51586,0
12,CS43->US11,50325,50325,0
12,CS43->US19,50655,50655,0
12,CS43->US27,51035,51035,0
12,CS43->US35,51276,51276,0
12,CS43->US43,53238,53238,0
12,CS43->US51,51904,51904,0
12,CS43->US59,51377,51377,0
12,CS43->US67,51588,51588,0
12,CS43->US75,51291,51291,0
12,CS43->US83,56909,56909,0
12,CS43->US91,51121,51121,0
12,CS43->US99,51022,51022,0
12,CS43->US107,50821,50821,0
12,CS43->US115,54720,54720,0
12,CS43->US123,54272,54272,0
12,CS44->US4,51978,51978,0
12,CS44->US12,50858,50858,0
12,CS44->US20,50480,50480,0
12,CS44->US28,51070,51070,0
12,CS44->US36,51412,51412,0
12,CS44->US44,52774,52774,0
12,CS44->US52,51374,51374,0
12,CS44->US60,50767,50767,0
12,CS44->US68,51126,51126,0
12,CS44->US76,50996,50996,0
12,CS44->US84,56680,56680,0
12,CS44->US92,50991,50991,0
12,CS44->US100,50963,50963,0
12,CS44->US108,50950,50950,0
12,CS44->US116,54387,54387,0
12,CS44->US124,54218,54218,0
12,CS45->US5,51547,51547,0
12,CS45->US13,50879,50879,0
12,CS45->US21,50948,50948,0
12,CS45->US29,51416,51416,0
12,CS45->US37,50993,50993,0
12,CS45->US45,52821,52821,0
12,CS45->US53,51355,51355,0
12,CS45->US61,50828,50828,0
12,CS45->US69,51407,51407,0
12,CS45->US77,50723,50723,0
12,CS45->US85,56476,56476,0
12,CS45->US93,51005,51005,0
12,CS45->US101,51045,51045,0
12,CS45->US109,51206,51206,0
12,CS45->US117,54656,54656,0
12,CS45->US125,54373,54373,0
12,CS46->US6,51776,51776,0
12,CS46->US14,51235,51235,0
12,CS46->US22,50488,50488,0
12,CS46->US30,51338,51338,0
12,CS46->US38,51576,51576,0
12,CS46->US46,52961,52961,0
12,CS46->US54,51698,51698,0
12,CS46->US62,51286,51286,0
12,CS46->US70,50859,50859,0
12,CS46->US78,51187,51187,0
12,CS46->US86,57038,57038,0
12,CS46->US94,50844,50844,0
12,CS46->US102,50801,50801,0
12,CS46->US110,51247,51247,0
12,CS46->US118,54656,54656,0
12,CS46->US126,54314,54314,0
12,CS47->US7,51533,51533,0
12,CS47->US15,50333,50333,0
12,CS47->US23,50716,50716,0
12,CS47->US31,51034,51034,0
12,CS47->US39,50922,50922,0
12,CS47->US47,53063,53063,0
12,CS47->US55,51686,51686,0
12,CS47->US63,51337,51337,0
12,CS47->US71,51489,51489,0
12,CS47->US79,51171,51171,0
12,CS47->US87,57035,57035,0
12,CS47->US95,51067,51067,0
12,CS47->US103,50971,50971,0
12,CS47->US111,51374,51374,0
12,CS47->US119,54568,54568,0
12,CS47->US127,54119,54119,0
12,CS48->US0,51153,51153,0
12,CS48->US8,50171,50171,0
12,CS48->US16,50997,50997,0
12,CS48->US24,51323,51323,0
12,CS48->US32,51483,51483,0
12,CS48->US40,52819,52819,0
12,CS48->US48,51659,51659,0
12,CS48->US56,50847,50847,0
12,CS48->US64,50812,50812,0
12,CS48->US72,50906,50906,0
12,CS48->US80,56965,56965,0
12,CS48->US88,50894,50894,0
12,CS48->US96,50997,50997,0
12,CS48->US104,51280,51280,0
12,CS48->US112,54907,54907,0
12,CS48->US120,54770,54770,0
12,CS49->US1,51540,51540,0
12,CS49->US9,50461,50461,0
12,CS49->US17,51129,51129,0
12,CS49->US25,51175,51175,0
12,CS49->US33,51103,51103,0
12,CS49->US41,52789,52789,0
12,CS49->US49,51391,51391,0
12,CS49->US57,50845,50845,0
12,CS49->US65,51505,51505,0
12,CS49->US73,50605,50605,0
12,CS49->US81,57172,57172,0
12,CS49->US89,50852,50852,0
12,CS49->US97,50845,50845,0
12,CS49->US105,50883,50883,0
12,CS49->US113,54684,54684,0
12,CS49->US121,54559,54559,0
12,CS50->US2,51446,51446,0
12,CS50->US10,50793,50793,0
12,CS50->US18,50610,50610,0
12,CS50->US26,51327,51327,0
12,CS50->US34,51455,51455,0
12,CS50->US42,53426,53426,0
12,CS50->US50,51666,51666,0
12,CS50->US58,51417,51417,0
12,CS50->US66,51138,51138,0
12,CS50->US74,50993,50993,0
12,CS50->US82,56540,56540,0
12,CS50->US90,51007,51007,0
12,CS50->US98,50840,50840,0
12,CS50->US106,50643,50643,0
12,CS50->US114,54109,54109,0
12,CS50->US122,54248,54248,0
12,CS51->US3,51229,51229,0
12,CS51->US11,50362,50362,0
12,CS51->US19,50784,50784,0
12,CS51->US27,51103,51103,0
12,CS51->US35,50970,50970,0
12,CS51->US43,53341,53341,0
12,CS51->US51,51897,51897,0
12,CS51->US59,51012,51012,0
12,CS51->US67,51323,51323,0
12,CS51->US75,51179,51179,0
12,CS51->US83,56866,56866,0
12,CS51->US91,51186,51186,0
12,CS51->US99,50840,50840,0
12,CS51->US107,50863,50863,0
12,CS51->US115,54660,54660,0
12,CS51->US123,54724,54724,0
12,CS52->US4,51618,51618,0
12,CS52->US12,50583,50583,0
12,CS52->US20,50984,50984,0
12,CS52->US28,51039,51039,0
12,CS52->US36,51606,51606,0
12,CS52->US44,52696,52696,0
12,CS52->US52,51776,51776,0
12,CS52->US60,50838,50838,0
12,CS52->US68,51647,51647,0
12,CS52->US76,51213,51213,0
12,CS52->US84,56982,56982,0
12,CS52->US92,50860,50860,0
12,CS52->US100,50667,50667,0
12,CS52->US108,50962,50962,0
12,CS52->US116,54582,54582,0
12,CS52->US124,54300,54300,0
12,CS53->US5,51134,51134,0
12,CS53->US13,50751,50751,0
12,CS53->US21,50682,50682,0
12,CS53->US29,51012,51012,0
12,CS53->US37,51234,51234,0
12,CS53->US45,53177,53177,0
12,CS53->US53,51299,51299,0
12,CS53->US61,50818,50818,0
12,CS53->US69,51255,51255,0
12,CS53->US77,51307,51307,0
12,CS53->US85,56739,56739,0
12,CS53->US93,50824,50824,0
12,CS53->US101,51156,51156,0
12,CS53->US109,51352,51352,0
12,CS53->US117,54628,54628,0
12,CS53->US125,54507,54507,0
12,CS54->US6,51447,51447,0
12,CS54->US14,50476,50476,0
12,CS54->US22,50976,50976,0
12,CS54->US30,51199,51199,0
12,CS54->US38,51406,51406,0
12,CS54->US46,53229,53229,0
12,CS54->US54,51875,51875,0
12,CS54->US62,51446,51446,0
12,CS54->US70,51091,51091,0
12,CS54->US78,50689,50689,0
12,CS54->US86,56503,56503,0
12,CS54->US94,50704,50704,0
12,CS54->US102,50702,50702,0
12,CS54->US110,50863,50863,0
12,CS54->US118,54648,54648,0
12,CS54->US126,53952,53952,0
12,CS55->US7,51465,51465,0
12,CS55->US15,50463,50463,0
12,CS55->US23,50764,50764,0
12,CS55->US31,51173,51173,0
12,CS55->US39,50931,50931,0
12,CS55->US47,52945,52945,0
12,CS55->US55,51387,51387,0
12,CS55->US63,51064,51064,0
12,CS55->US71,50820,50820,0
12,CS55->US79,50338,50338,0
12,CS55->US87,56976,56976,0
12,CS55->US95,50968,50968,0
12,CS55->US103,50606,50606,0
12,CS55->US111,51315,51315,0
12,CS55->US119,54687,54687,0
12,CS55->US127,54190,54190,0
12,CS56->US0,51177,51177,0
12,CS56->US8,50591,50591,0
12,CS56->US16,50739,50739,0
12,CS56->US24,51014,51014,0
12,CS56->US32,51163,51163,0
12,CS56->US40,53242,53242,0
12,CS56->US48,51396,51396,0
12,CS56->US56,51031,51031,0
12,CS56->US64,51456,51456,0
12,CS56->US72,50940,50940,0
12,CS56->US80,56655,56655,0
12,CS56->US88,50717,50717,0
12,CS56->US96,50706,50706,0
12,CS56->US104,51597,51597,0
12,CS56->US112,54091,54091,0
12,CS56->US120,54359,54359,0
12,CS57->US1,51573,51573,0
12,CS57->US9,50700,50700,0
12,CS57->US17,50366,50366,0
12,CS57->US25,50996,50996,0
12,CS57->US33,51020,51020,0
12,CS57->US41,53054,53054,0
12,CS57->US49,51222,51222,0
12,CS57->US57,51468,51468,0
12,CS57->US65,51027,51027,0
12,CS57->US73,51180,51180,0
12,CS57->US81,56731,56731,0
12,CS57->US89,51165,51165,0
12,CS57->US97,50860,50860,0
12,CS57->US105,50976,50976,0
12,CS57->US113,54447,54447,0
12,CS57->US121,54109,54109,0
12,CS58->US2,51602,51602,0
12,CS58->US10,50831,50831,0
12,CS58->US18,51111,51111,0
12,CS58->US26,51157,51157,0
12,CS58->US34,51806,51806,0
12,CS58->US42,53160,53160,0
12,CS58->US50,51554,51554,0
12,CS58->US58,51514,51514,0
12,CS58->US66,51345,51345,0
12,CS58->US74,50911,50911,0
12,CS58->US82,57039,57039,0
12,CS58->US90,51098,51098,0
12,CS58->US98,50463,50463,0
12,CS58->US106,51028,51028,0
12,CS58->US114,54377,54377,0
12,CS58->US122,54126,54126,0
12,CS59->US3,51724,51724,0
12,CS59->US11,50773,50773,0
12,CS59->US19,50286,50286,0
12,CS59->US27,51149,51149,0
12,CS59->US35,51659,51659,0
12,CS59->US43,52860,52860,0
12,CS59->US51,51289,51289,0
12,CS59->US59,51065,51065,0
12,CS59->US67,51640,51640,0
12,CS59->US75,50935,50935,0
12,CS59->US83,56737,56737,0
12,CS59->US91,50935,50935,0
12,CS59->US99,50749,50749,0
12,CS59->US107,51219,51219,0
12,CS59->US115,54435,54435,0
12,CS59->US123,53942,53942,0
12,CS60->US4,51352,51352,0
12,CS60->US12,50362,50362,0
12,CS60->US20,50625,50625,0
12,CS60->US28,51327,51327,0
12,CS60->US36,51292,51292,0
12,CS60->US44,53062,53062,0
12,CS60->US52,51818,51818,0
12,CS60->US60,51102,51102,0
12,CS60->US68,51579,51579,0
12,CS60->US76,51369,51369,0
12,CS60->US84,56740,56740,0
12,CS60->US92,50742,50742,0
12,CS60->US100,50695,50695,0
12,CS60->US108,51166,51166,0
12,CS60->US116,54809,54809,0
12,CS60->US124,53736,53736,0
12,CS61->US5,51262,51262,0
12,CS61->US13,50433,50433,0
12,CS61->US21,51283,51283,0
12,CS61->US29,51196,51196,0
12,CS61->US37,51104,51104,0
12,CS61->US45,52995,52995,0
12,CS61->US53,51978,51978,0
12,CS61->US61,51335,51335,0
12,CS61->US69,51225,51225,0
12,CS61->US77,50878,50878,0
12,CS61->US85,56958,56958,0
12,CS61->US93,51188,51188,0
12,CS61->US101,50565,50565,0
12,CS61->US109,50664,50664,0
12,CS61->US117,54635,54635,0
12,CS61->US125,53957,53957,0
12,CS62->US6,51232,51232,0
12,CS62->US14,50211,50211,0
12,CS62->US22,50668,50668,0
12,CS62->US30,51160,51160,0
12,CS62->US38,51220,51220,0
12,CS62->US46,52706,52706,0
12,CS62->US54,51362,51362,0
12,CS62->US62,50934,50934,0
12,CS62->US70,51271,51271,0
12,CS62->US78,50902,50902,0
12,CS62->US86,56664,56664,0
12,CS62->US94,50971,50971,0
12,CS62->US102,51161,51161,0
12,CS62->US110,51044,51044,0
12,CS62->US118,54416,54416,0
12,CS62->US126,54312,54312,0
12,CS63->US7,51068,51068,0
12,CS63->US15,50556,50556,0
12,CS63->US23,50960,50960,0
12,CS63->US31,51381,51381,0
12,CS63->US39,51337,51337,0
12,CS63->US47,53166,53166,0
12,CS63->US55,51864,51864,0
12,CS63->US63,51060,51060,0
12,CS63->US71,51208,51208,0
12,CS63->US79,51018,51018,0
12,CS63->US87,57176,57176,0
12,CS63->US95,51073,51073,0
12,CS63->US103,51412,51412,0
12,CS63->US111,50964,50964,0
12,CS63->US119,54547,54547,0
12,CS63->US127,54289,54289,0
13,US0->CS0,51873,51873,0
13,US0->CS8,51353,51353,0
13,US0->CS16,51479,51479,0
13,US0->CS24,51681,51681,0
13,US0->CS32,51710,51710,0
13,US0->CS40,51840,51840,0
13,US0->CS48,51949,51949,0
13,US0->CS56,51724,51724,0
13,US1->CS1,51867,51867,0
13,US1->CS9,51385,51385,0
13,US1->CS17,51905,51905,0
13,US1->CS25,51752,51752,0
13,US1->CS33,51868,51868,0
13,US1->CS41,51968,51968,0
13,US1->CS49,51625,51625,0
13,US1->CS57,51541,51541,0
13,US2->CS2,51564,51564,0
13,US2->CS10,51721,51721,0
13,US2->CS18,51681,51681,0
13,US2->CS26,51500,51500,0
13,US2->CS34,51538,51538,0
13,US2->CS42,51757,51757,0
13,US2->CS50,51957,51957,0
13,US2->CS58,51816,51816,0
13,US3->CS3,52006,52006,0
13,US3->CS11,52101,52101,0
13,US3->CS19,51689,51689,0
13,US3->CS27,51878,51878,0
13,US3->CS35,51528,51528,0
13,US3->CS43,52176,52176,0
13,US3->CS51,52160,52160,0
13,US3->CS59,51531,51531,0
13,US4->CS4,51898,51898,0
13,US4->CS12,51880,51880,0
13,US4->CS20,51722,51722,0
13,US4->CS28,51430,51430,0
13,US4->CS36,51666,51666,0
13,US4->CS44,51663,51663,0
13,US4->CS52,52041,52041,0
13,US4->CS60,52130,52130,0
13,US5->CS5,51593,51593,0
13,US5->CS13,51915,51915,0
13,US5->CS21,51766,51766,0
13,US5->CS29,51515,51515,0
13,US5->CS37,51904,51904,0
13,US5->CS45,51636,51636,0
13,US5->CS53,51575,51575,0
13,US5->CS61,52215,52215,0
13,US6->CS6,51600,51600,0
13,US6->CS14,51897,51897,0
13,US6->CS22,51734,51734,0
13,US6->CS30,51868,51868,0
13,US6->CS38,51434,51434,0
13,US6->CS46,52030,52030,0
13,US6->CS54,52144,52144,0
13,US6->CS62,51664,51664,0
13,US7->CS7,51892,51892,0
13,US7->CS15,51772,51772,0
13,US7->CS23,51531,51531,0
13,US7->CS31,51701,51701,0
13,US7->CS39,51707,51707,0
13,US7->CS47,51948,51948,0
13,US7->CS55,51717,51717,0
13,US7->CS63,52138,52138,0
13,US8->CS0,57384,57384,0
13,US8->CS8,57189,57189,0
13,US8->CS16,57039,57039,0
13,US8->CS24,56965,56965,0
13,US8->CS32,57445,57445,0
13,US8->CS40,57321,57321,0
13,US8->CS48,57305,57305,0
13,US8->CS56,57076,57076,0
13,US9->CS1,57002,57002,0
13,US9->CS9,57250,57250,0
13,US9->CS17,57244,57244,0
13,US9->CS25,57236,57236,0
13,US9->CS33,57544,57544,0
13,US9->CS41,57537,57537,0
13,US9->CS49,57485,57485,0
13,US9->CS57,57063,57063,0
13,US10->CS2,57391,57391,0
13,US10->CS10,57351,57351,0
13,US10->CS18,57168,57168,0
13,US10->CS26,57121,57121,0
13,US10->CS34,57580,57580,0
13,US10->CS42,57352,57352,0
13,US10->CS50,56939,56939,0
13,US10->CS58,57375,57375,0
13,US11->CS3,56812,56812,0
13,US11->CS11,57327,57327,0
13,US11->CS19,57069,57069,0
13,US11->CS27,57351,57351,0
13,US11->CS35,56708,56708,0
13,US11->CS43,57275,57275,0
13,US11->CS51,57228,57228,0
13,US11->CS59,57159,57159,0
13,US12->CS4,57305,57305,0
13,US12->CS12,57529,57529,0
13,US12->CS20,57037,57037,0
13,US12->CS28,56905,56905,0
13,US12->CS36,57241,57241,0
13,US12->CS44,57103,57103,0
13,US12->CS52,57284,57284,0
13,US12->CS60,57040,57040,0
13,US13->CS5,57187,57187,0
13,US13->CS13,56885,56885,0
13,US13->CS21,56790,56790,0
13,US13->CS29,56943,56943,0
13,US13->CS37,57225,57225,0
13,US13->CS45,56861,56861,0
13,US13->CS53,57106,57106,0
13,US13->CS61,57277,57277,0
13,US14->CS6,56961,56961,0
13,US14->CS14,57321,57321,0
13,US14->CS22,57423,57423,0
13,US14->CS30,57087,57087,0
13,US14->CS38,57706,57706,0
13,US14->CS46,57408,57408,0
13,US14->CS54,56882,56882,0
13,US14->CS62,56988,56988,0
13,US15->CS7,57457,57457,0
13,US15->CS15,57246,57246,0
13,US15->CS23,57465,57465,0
13,US15->CS31,56941,56941,0
13,US15->CS39,57144,57144,0
13,US15->CS47,57454,57454,0
13,US15->CS55,57299,57299,0
13,US15->CS63,57562,57562,0
13,US16->CS0,54570,54570,0
13,US16->CS8,54968,54968,0
13,US16->CS16,54765,54765,0
13,US16->CS24,54869,54869,0
13,US16->CS32,54625,54625,0
13,US16->CS40,54690,54690,0
13,US16->CS48,55077,55077,0
13,US16->CS56,54704,54704,0
13,US17->CS1,54786,54786,0
13,US17->CS9,54951,54951,0
13,US17->CS17,54730,54730,0
13,US17->CS25,54670,54670,0
13,US17->CS33,54899,54899,0
13,US17->CS41,54816,54816,0
13,US17->CS49,54776,54776,0
13,US17->CS57,54427,54426,1
13,US18->CS2,54226,54226,0
13,US18->CS10,54702,54702,0
13,US18->CS18,54691,54691,0
13,US18->CS26,54657,54657,0
13,US18->CS34,54114,54114,0
13,US18->CS42,54964,54964,0
13,US18->CS50,54606,54606,0
13,US18->CS58,54386,54386,0
13,US19->CS3,54979,54979,0
13,US19->CS11,54552,54552,0
13,US19->CS19,54531,54531,0
13,US19->CS27,54606,54606,0
13,US19->CS35,54960,54960,0
13,US19->CS43,54565,54565,0
13,US19->CS51,55005,55005,0
13,US19->CS59,54247,54247,0
13,US20->CS4,54870,54870,0
13,US20->CS12,54731,54731,0
13,US20->CS20,54654,54654,0
13,US20->CS28,55174,55174,0
13,US20->CS36,54705,54705,0
13,US20->CS44,54522,54522,0
13,US20->CS52,54587,54587,0
13,US20->CS60,54012,54012,0
13,US21->CS5,54396,54396,0
13,US21->CS13,54796,54796,0
13,US21->CS21,54896,54896,0
13,US21->CS29,54774,54774,0
13,US21->CS37,54509,54509,0
13,US21->CS45,54619,54619,0
13,US21->CS53,54778,54778,0
13,US21->CS61,54282,54282,0
13,US22->CS6,54287,54287,0
13,US22->CS14,54689,54689,0
13,US22->CS22,55009,55009,0
13,US22->CS30,54777,54777,0
13,US22->CS38,54841,54841,0
13,US22->CS46,54541,54541,0
13,US22->CS54,54236,54236,0
13,US22->CS62,54561,54561,0
13,US23->CS7,54794,54794,0
13,US23->CS15,54680,54680,0
13,US23->CS23,54891,54891,0
13,US23->CS31,54662,54662,0
13,US23->CS39,54806,54806,0
13,US23->CS47,54465,54465,0
13,US23->CS55,54476,54476,0
13,US23->CS63,54550,54550,0
13,US24->CS0,51495,51495,0
13,US24->CS8,51647,51647,0
13,US24->CS16,51075,51075,0
13,US24->CS24,51533,51533,0
13,US24->CS32,51541,51541,0
13,US24->CS40,51303,51303,0
13,US24->CS48,51065,51065,0
13,US24->CS56,51285,51285,0
13,US25->CS1,51383,51383,0
13,US25->CS9,50919,50919,0
13,US25->CS17,51296,51296,0
13,US25->CS25,51124,51124,0
13,US25->CS33,51336,51336,0
13,US25->CS41,51187,51187,0
13,US25->CS49,51076,51076,0
13,US25->CS57,51730,51730,0
13,US26->CS2,51112,51112,0
13,US26->CS10,51440,51440,0
13,US26->CS18,51606,51606,0
13,US26->CS26,51384,51384,0
13,US26->CS34,51312,51312,0
13,US26->CS42,51612,51612,0
13,US26->CS50,51651,51651,0
13,US26->CS58,51744,51744,0
13,US27->CS3,51627,51627,0
13,US27->CS11,51563,51563,0
13,US27->CS19,51157,51157,0
13,US27->CS27,51375,51375,0
13,US27->CS35,51467,51467,0
13,US27->CS43,51611,51611,0
13,US27->CS51,51212,51212,0
13,US27->CS59,51335,51335,0
13,US28->CS4,51345,51345,0
13,US28->CS12,51355,51355,0
13,US28->CS20,51265,51265,0
13,US28->CS28,51556,51556,0
13,US28->CS36,51198,51198,0
13,US28->CS44,51050,51050,0
13,US28->CS52,51089,51089,0
13,US28->CS60,51372,51372,0
13,US29->CS5,50755,50755,0
13,US29->CS13,50953,50953,0
13,US29->CS21,50916,50916,0
13,US29->CS29,51200,51200,0
13,US29->CS37,51004,51004,0
13,US29->CS45,51065,51065,0
13,US29->CS53,51117,51117,0
13,US29->CS61,51562,51562,0
13,US30->CS6,51306,51306,0
13,US30->CS14,51133,51133,0
13,US30->CS22,51639,51639,0
13,US30->CS30,51245,51245,0
13,US30->CS38,51401,51401,0
13,US30->CS46,51587,51587,0
13,US30->CS54,51650,51650,0
13,US30->CS62,51187,51187,0
13,US31->CS7,50928,50928,0
13,US31->CS15,51364,51364,0
13,US31->CS23,51353,51353,0
13,US31->CS31,51320,51320,0
13,US31->CS39,51212,51212,0
13,US31->CS47,51594,51594,0
13,US31->CS55,51294,51294,0
13,US31->CS63,51332,51332,0
13,US32->CS0,51257,51257,0
13,US32->CS8,51605,51605,0
13,US32->CS16,51539,51539,0
13,US32->CS24,51698,51698,0
13,US32->CS32,51691,51691,0
13,US32->CS40,51193,51193,0
13,US32->CS48,51127,51127,0
13,US32->CS56,51773,51773,0
13,US33->CS1,51487,51487,0
13,US33->CS9,51778,51778,0
13,US33->CS17,51489,51489,0
13,US33->CS25,51459,51459,0
13,US33->CS33,51610,51610,0
13,US33->CS41,51926,51926,0
13,US33->CS49,51872,51872,0
13,US33->CS57,51404,51404,0
13,US34->CS2,51152,51152,0
13,US34->CS10,51304,51304,0
13,US34->CS18,51570,51570,0
13,US34->CS26,51801,51801,0
13,US34->CS34,51340,51340,0
13,US34->CS42,51771,51771,0
13,US34->CS50,51464,51464,0
13,US34->CS58,51643,51643,0
13,US35->CS3,51244,51244,0
13,US35->CS11,51565,51565,0
13,US35->CS19,51426,51426,0
13,US35->CS27,52019,52019,0
13,US35->CS35,51482,51482,0
13,US35->CS43,51938,51938,0
13,US35->CS51,51688,51688,0
13,US35->CS59,52018,52018,0
13,US36->CS4,51771,51771,0
13,US36->CS12,51552,51552,0
13,US36->CS20,51367,51367,0
13,US36->CS28,51870,51870,0
13,US36->CS36,51632,51632,0
13,US36->CS44,51447,51447,0
13,US36->CS52,51944,51944,0
13,US36->CS60,51956,51956,0
13,US37->CS5,51476,51476,0
13,US37->CS13,51787,51787,0
13,US37->CS21,51254,51254,0
13,US37->CS29,51531,51531,0
13,US37->CS37,51691,51691,0
13,US37->CS45,51763,51763,0
13,US37->CS53,51577,51577,0
13,US37->CS61,51519,51519,0
13,US38->CS6,51850,51850,0
13,US38->CS14,51303,51303,0
13,US38->CS22,51295,51295,0
13,US38->CS30,51891,51891,0
13,US38->CS38,51679,51679,0
13,US38->CS46,51134,51134,0
13,US38->CS54,51426,51426,0
13,US38->CS62,51633,51633,0
13,US39->CS7,51606,51606,0
13,US39->CS15,51466,51466,0
13,US39->CS23,51729,51729,0
13,US39->CS31,51760,51760,0
13,US39->CS39,51118,51118,0
13,US39->CS47,51857,51857,0
13,US39->CS55,51214,51214,0
13,US39->CS63,51511,51511,0
13,US40->CS0,54728,54728,0
13,US40->CS8,54540,54540,0
13,US40->CS16,54758,54758,0
13,US40->CS24,54941,54941,0
13,US40->CS32,54543,54543,0
13,US40->CS40,54906,54906,0
13,US40->CS48,54901,54901,0
13,US40->CS56,54048,54048,0
13,US41->CS1,54317,54317,0
13,US41->CS9,54735,54735,0
13,US41->CS17,54964,54964,0
13,US41->CS25,54908,54908,0
13,US41->CS33,54721,54721,0
13,US41->CS41,54652,54652,0
13,US41->CS49,54777,54777,0
13,US41->CS57,54369,54369,0
13,US42->CS2,54281,54281,0
13,US42->CS10,54579,54579,0
13,US42->CS18,54364,54364,0
13,US42->CS26,54467,54467,0
13,US42->CS34,54451,54451,0
13,US42->CS42,54859,54859,0
13,US42->CS50,54147,54147,0
13,US42->CS58,54370,54370,0
13,US43->CS3,54417,54417,0
13,US43->CS11,54575,54575,0
13,US43->CS19,54226,54226,0
13,US43->CS27,54706,54706,0
13,US43->CS35,54788,54788,0
13,US43->CS43,54761,54761,0
13,US43->CS51,54703,54703,0
13,US43->CS59,54466,54466,0
13,US44->CS4,54430,54430,0
13,US44->CS12,54837,54837,0
13,US44->CS20,54631,54631,0
13,US44->CS28,54300,54300,0
13,US44->CS36,54527,54527,0
13,US44->CS44,54390,54390,0
13,US44->CS52,54583,54583,0
13,US44->CS60,54904,54904,0
13,US45->CS5,55054,55054,0
13,US45->CS13,54751,54751,0
13,US45->CS21,54628,54628,0
13,US45->CS29,54948,54948,0
13,US45->CS37,54663,54663,0
13,US45->CS45,54657,54657,0
13,US45->CS53,54664,54664,0
13,US45->CS61,54702,54702,0
13,US46->CS6,54328,54328,0
13,US46->CS14,54964,54964,0
13,US46->CS22,54433,54433,0
13,US46->CS30,54978,54978,0
13,US46->CS38,54194,54194,0
13,US46->CS46,54598,54598,0
13,US46->CS54,54698,54698,0
13,US46->CS62,54371,54371,0
13,US47->CS7,54551,54551,0
13,US47->CS15,54460,54460,0
13,US47->CS23,55010,55010,0
13,US47->CS31,55086,55086,0
13,US47->CS39,54897,54897,0
13,US47->CS47,54594,54594,0
13,US47->CS55,54599,54599,0
13,US47->CS63,54567,54567,0
13,US48->CS0,51841,51841,0
13,US48->CS8,51951,51951,0
13,US48->CS16,51674,51674,0
13,US48->CS24,51688,51688,0
13,US48->CS32,51524,51524,0
13,US48->CS40,51988,51988,0
13,US48->CS48,51415,51415,0
13,US48->CS56,51456,51456,0
13,US49->CS1,52215,52215,0
13,US49->CS9,52029,52029,0
13,US49->CS17,51629,51629,0
13,US49->CS25,51344,51344,0
13,US49->CS33,51856,51856,0
13,US49->CS41,51894,51894,0
13,US49->CS49,51842,51842,0
13,US49->CS57,51879,51879,0
13,US50->CS2,51548,51548,0
13,US50->CS10,51760,51760,0
13,US50->CS18,51623,51623,0
13,US50->CS26,51672,51672,0
13,US50->CS34,51756,51756,0
13,US50->CS42,51659,51659,0
13,US50->CS50,51727,51727,0
13,US50->CS58,51850,51850,0
13,US51->CS3,52146,52146,0
13,US51->CS11,51413,51413,0
13,US51->CS19,51911,51911,0
13,US51->CS27,51955,51955,0
13,US51->CS35,52031,52031,0
13,US51->CS43,51884,51884,0
13,US51->CS51,51528,51528,0
13,US51->CS59,51989,51989,0
13,US52->CS4,51622,51622,0
13,US52->CS12,51699,51699,0
13,US52->CS20,51552,51552,0
13,US52->CS28,51612,51612,0
13,US52->CS36,51997,51997,0
13,US52->CS44,52253,52253,0
13,US52->CS52,51829,51829,0
13,US52->CS60,51609,51609,0
13,US53->CS5,52145,52145,0
13,US53->CS13,51641,51641,0
13,US53->CS21,51684,51684,0
13,US53->CS29,51729,51729,0
13,US53->CS37,51565,51565,0
13,US53->CS45,51831,51831,0
13,US53->CS53,51404,51404,0
13,US53->CS61,51577,51577,0
13,US54->CS6,51805,51805,0
13,US54->CS14,52344,52344,0
13,US54->CS22,51640,51640,0
13,US54->CS30,51867,51867,0
13,US54->CS38,51748,51748,0
13,US54->CS46,52044,52044,0
13,US54->CS54,51722,51722,0
13,US54->CS62,51498,51498,0
13,US55->CS7,51745,51745,0
13,US55->CS15,51960,51960,0
13,US55->CS23,51712,51712,0
13,US55->CS31,51876,51876,0
13,US55->CS39,51705,51705,0
13,US55->CS47,51837,51837,0
13,US55->CS55,51788,51788,0
13,US55->CS63,51376,51376,0
13,US56->CS0,51488,51488,0
13,US56->CS8,51614,51614,0
13,US56->CS16,51261,51261,0
13,US56->CS24,51655,51655,0
13,US56->CS32,51766,51766,0
13,US56->CS40,51475,51475,0
13,US56->CS48,51545,51545,0
13,US56->CS56,51286,51286,0
13,US57->CS1,51347,51347,0
13,US57->CS9,51593,51593,0
13,US57->CS17,51823,51823,0
13,US57->CS25,51297,51297,0
13,US57->CS33,51186,51186,0
13,US57->CS41,51535,51535,0
13,US57->CS49,51400,51400,0
13,US57->CS57,51178,51178,0
13,US58->CS2,51980,51980,0
13,US58->CS10,51255,51255,0
13,US58->CS18,51566,51566,0
13,US58->CS26,51367,51367,0
13,US58->CS34,51341,51341,0
13,US58->CS42,50987,50987,0
13,US58->CS50,51580,51580,0
13,US58->CS58,51412,51412,0
13,US59->CS3,51656,51656,0
13,US59->CS11,51187,51187,0
13,US59->CS19,50869,50869,0
13,US59->CS27,51483,51483,0
13,US59->CS35,51282,51282,0
13,US59->CS43,51338,51338,0
13,US59->CS51,51281,51281,0
13,US59->CS59,51359,51359,0
13,US60->CS4,51266,51266,0
13,US60->CS12,51087,51087,0
13,US60->CS20,51232,51232,0
13,US60->CS28,50738,50738,0
13,US60->CS36,51669,51669,0
13,US60->CS44,51335,51335,0
13,US60->CS52,51332,51332,0
13,US60->CS60,51540,51540,0
13,US61->CS5,51407,51407,0
13,US61->CS13,51206,51206,0
13,US61->CS21,51355,51355,0
13,US61->CS29,51667,51667,0
13,US61->CS37,51471,51471,0
13,US61->CS45,51624,51624,0
13,US61->CS53,51291,51291,0
13,US61->CS61,51483,51483,0
13,US62->CS6,51525,51525,0
13,US62->CS14,51296,51296,0
13,US62->CS22,51159,51159,0
13,US62->CS30,50837,50837,0
13,US62->CS38,51011,51011,0
13,US62->CS46,51597,51597,0
13,US62->CS54,51392,51392,0
13,US62->CS62,51400,51400,0
13,US63->CS7,51129,51129,0
13,US63->CS15,51464,51464,0
13,US63->CS23,51413,51413,0
13,US63->CS31,51766,51766,0
13,US63->CS39,51637,51637,0
13,US63->CS47,51278,51278,0
13,US63->CS55,51462,51462,0
13,US63->CS63,51518,51518,0
13,US64->CS0,51978,51978,0
13,US64->CS8,51686,51686,0
13,US64->CS16,51855,51855,0
13,US64->CS24,51655,51655,0
13,US64->CS32,51684,51684,0
13,US64->CS40,52041,52041,0
13,US64->CS48,51849,51849,0
13,US64->CS56,51534,51534,0
13,US65->CS1,51582,51582,0
13,US65->CS9,51445,51445,0
13,US65->CS17,51642,51642,0
13,US65->CS25,51467,51467,0
13,US65->CS33,51821,51821,0
13,US65->CS41,51957,51957,0
13,US65->CS49,51484,51484,0
13,US65->CS57,51390,51390,0
13,US66->CS2,51497,51497,0
13,US66->CS10,51267,51267,0
13,US66->CS18,52036,52036,0
13,US66->CS26,51835,51835,0
13,US66->CS34,51470,51470,0
13,US66->CS42,51336,51336,0
13,US66->CS50,51804,51804,0
13,US66->CS58,52231,52231,0
13,US67->CS3,51442,51442,0
13,US67->CS11,51694,51694,0
13,US67->CS19,51376,51376,0
13,US67->CS27,51375,51375,0
13,US67->CS35,51456,51456,0
13,US67->CS43,51616,51616,0
13,US67->CS51,51319,51319,0
13,US67->CS59,52060,52060,0
13,US68->CS4,52073,52073,0
13,US68->CS12,51397,51397,0
13,US68->CS20,51542,51542,0
13,US68->CS28,51307,51307,0
13,US68->CS36,51533,51533,0
13,US68->CS44,51747,51747,0
13,US68->CS52,51984,51984,0
13,US68->CS60,51656,51656,0
13,US69->CS5,51528,51528,0
13,US69->CS13,51494,51494,0
13,US69->CS21,51581,51581,0
13,US69->CS29,51827,51827,0
13,US69->CS37,52075,52075,0
13,US69->CS45,51363,51363,0
13,US69->CS53,51597,51597,0
13,US69->CS61,51473,51473,0
13,US70->CS6,51479,51479,0
13,US70->CS14,51514,51514,0
13,US70->CS22,52072,52072,0
13,US70->CS30,51559,51559,0
13,US70->CS38,51959,51959,0
13,US70->CS46,51950,51950,0
13,US70->CS54,51741,51741,0
13,US70->CS62,51600,51600,0
13,US71->CS7,51852,51852,0
13,US71->CS15,51558,51558,0
13,US71->CS23,51876,51876,0
13,US71->CS31,51893,51893,0
13,US71->CS39,51911,51911,0
13,US71->CS47,51277,51277,0
13,US71->CS55,51272,51272,0
13,US71->CS63,51743,51743,0
13,US72->CS0,51323,51323,0
13,US72->CS8,51465,51465,0
13,US72->CS16,51433,51433,0
13,US72->CS24,51084,51084,0
13,US72->CS32,50955,50955,0
13,US72->CS40,51196,51196,0
13,US72->CS48,51019,51019,0
13,US72->CS56,50800,50800,0
13,US73->CS1,50738,50738,0
13,US73->CS9,50977,50977,0
13,US73->CS17,51092,51092,0
13,US73->CS25,51341,51341,0
13,US73->CS33,51114,51114,0
13,US73->CS41,51246,51246,0
13,US73->CS49,51083,51083,0
13,US73->CS57,51266,51266,0
13,US74->CS2,51073,51073,0
13,US74->CS10,50945,50945,0
13,US74->CS18,51245,51245,0
13,US74->CS26,51304,51304,0
13,US74->CS34,51082,51082,0
13,US74->CS42,51155,51155,0
13,US74->CS50,51105,51105,0
13,US74->CS58,51192,51192,0
13,US75->CS3,51278,51278,0
13,US75->CS11,51235,51235,0
13,US75->CS19,51148,51148,0
13,US75->CS27,50990,50990,0
13,US75->CS35,50967,50967,0
13,US75->CS43,51240,51240,0
13,US75->CS51,51320,51320,0
13,US75->CS59,51030,51030,0
13,US76->CS4,51283,51283,0
13,US76->CS12,51169,51169,0
13,US76->CS20,51162,51162,0
13,US76->CS28,51328,51328,0
13,US76->CS36,51192,51192,0
13,US76->CS44,51120,51120,0
13,US76->CS52,51001,51001,0
13,US76->CS60,50860,50860,0
13,US77->CS5,50996,50996,0
13,US77->CS13,51524,51524,0
13,US77->CS21,51306,51306,0
13,US77->CS29,51075,51075,0
13,US77->CS37,50895,50895,0
13,US77->CS45,51139,51139,0
13,US77->CS53,50934,50934,0
13,US77->CS61,51310,51310,0
13,US78->CS6,51013,51013,0
13,US78->CS14,51144,51144,0
13,US78->CS22,51053,51053,0
13,US78->CS30,51173,51173,0
13,US78->CS38,50636,50636,0
13,US78->CS46,51004,51004,0
13,US78->CS54,50869,50869,0
13,US78->CS62,51117,51117,0
13,US79->CS7,51056,51056,0
13,US79->CS15,51200,51200,0
13,US79->CS23,51343,51343,0
13,US79->CS31,51293,51293,0
13,US79->CS39,51449,51449,0
13,US79->CS47,51160,51160,0
13,US79->CS55,51148,51148,0
13,US79->CS63,51191,51191,0
13,US80->CS0,50617,50617,0
13,US80->CS8,50596,50596,0
13,US80->CS16,50459,50459,0
13,US80->CS24,50915,50915,0
13,US80->CS32,50981,50981,0
13,US80->CS40,51092,51092,0
13,US80->CS48,50533,50533,0
13,US80->CS56,50885,50885,0
13,US81->CS1,51138,51138,0
13,US81->CS9,51092,51092,0
13,US81->CS17,50831,50831,0
13,US81->CS25,50796,50796,0
13,US81->CS33,50917,50917,0
13,US81->CS41,50569,50569,0
13,US81->CS49,50802,50802,0
13,US81->CS57,51015,51015,0
13,US82->CS2,51255,51255,0
13,US82->CS10,51033,51033,0
13,US82->CS18,50409,50409,0
13,US82->CS26,51331,51331,0
13,US82->CS34,50913,50913,0
13,US82->CS42,50794,50794,0
13,US82->CS50,51173,51173,0
13,US82->CS58,51128,51128,0
13,US83->CS3,50560,50560,0
13,US83->CS11,50882,50882,0
13,US83->CS19,51187,51187,0
13,US83->CS27,51525,51525,0
13,US83->CS35,50943,50943,0
13,US83->CS43,50652,50652,0
13,US83->CS51,50761,50761,0
13,US83->CS59,51067,51067,0
13,US84->CS4,50610,50610,0
13,US84->CS12,50792,50792,0
13,US84->CS20,51018,51018,0
13,US84->CS28,50798,50798,0
13,US84->CS36,50939,50939,0
13,US84->CS44,51171,51171,0
13,US84->CS52,50883,50883,0
13,US84->CS60,50695,50695,0
13,US85->CS5,50870,50870,0
13,US85->CS13,51108,51108,0
13,US85->CS21,50709,50709,0
13,US85->CS29,50465,50465,0
13,US85->CS37,50956,50956,0
13,US85->CS45,51211,51211,0
13,US85->CS53,51092,51092,0
13,US85->CS61,50739,50739,0
13,US86->CS6,50795,50795,0
13,US86->CS14,50626,50626,0
13,US86->CS22,51142,51142,0
13,US86->CS30,51061,51061,0
13,US86->CS38,50751,50751,0
13,US86->CS46,51568,51568,0
13,US86->CS54,50797,50797,0
13,US86->CS62,50534,50534,0
13,US87->CS7,50621,50621,0
13,US87->CS15,50837,50837,0
13,US87->CS23,51222,51222,0
13,US87->CS31,50842,50842,0
13,US87->CS39,51070,51070,0
13,US87->CS47,50602,50602,0
13,US87->CS55,50837,50837,0
13,US87->CS63,50849,50849,0
13,US88->CS0,51022,51022,0
13,US88->CS8,51242,51242,0
13,US88->CS16,51272,51272,0
13,US88->CS24,51213,51213,0
13,US88->CS32,51260,51260,0
13,US88->CS40,51463,51463,0
13,US88->CS48,51090,51090,0
13,US88->CS56,51151,51151,0
13,US89->CS1,51142,51142,0
13,US89->CS9,51299,51299,0
13,US89->CS17,51189,51189,0
13,US89->CS25,51220,51220,0
13,US89->CS33,50974,50974,0
13,US89->CS41,50993,50993,0
13,US89->CS49,50817,50817,0
13,US89->CS57,51465,51465,0
13,US90->CS2,51154,51154,0
13,US90->CS10,51813,51813,0
13,US90->CS18,51234,51234,0
13,US90->CS26,51293,51293,0
13,US90->CS34,50968,50968,0
13,US90->CS42,50919,50919,0
13,US90->CS50,51158,51158,0
13,US90->CS58,51225,51225,0
13,US91->CS3,51323,51323,0
13,US91->CS11,51082,51082,0
13,US91->CS19,51310,51310,0
13,US91->CS27,51203,51203,0
13,US91->CS35,50742,50742,0
13,US91->CS43,51501,51501,0
13,US91->CS51,51392,51392,0
13,US91->CS59,51137,51137,0
13,US92->CS4,51121,51121,0
13,US92->CS12,51166,51166,0
13,US92->CS20,50727,50727,0
13,US92->CS28,51374,51374,0
13,US92->CS36,50980,50980,0
13,US92->CS44,51209,51209,0
13,US92->CS52,51449,51449,0
13,US92->CS60,51468,51468,0
13,US93->CS5,50959,50959,0
13,US93->CS13,50783,50783,0
13,US93->CS21,51544,51544,0
13,US93->CS29,51221,51221,0
13,US93->CS37,51225,51225,0
13,US93->CS45,50979,50979,0
13,US93->CS53,51484,51484,0
13,US93->CS61,51066,51066,0
13,US94->CS6,50901,50901,0
13,US94->CS14,50998,50998,0
13,US94->CS22,51122,51122,0
13,US94->CS30,51157,51157,0
13,US94->CS38,51268,51268,0
13,US94->CS46,51403,51403,0
13,US94->CS54,50916,50916,0
13,US94->CS62,51170,51170,0
13,US95->CS7,51126,51126,0
13,US95->CS15,51207,51207,0
13,US95->CS23,50654,50654,0
13,US95->CS31,51331,51331,0
13,US95->CS39,51659,51659,0
13,US95->CS47,51404,51404,0
13,US95->CS55,50573,50573,0
13,US95->CS63,51273,51273,0
13,US96->CS0,51529,51529,0
13,US96->CS8,51335,51335,0
13,US96->CS16,51794,51794,0
13,US96->CS24,52049,52049,0
13,US96->CS32,51405,51405,0
13,US96->CS40,51528,51528,0
13,US96->CS48,51861,51861,0
13,US96->CS56,52118,52118,0
13,US97->CS1,51620,51620,0
13,US97->CS9,51666,51666,0
13,US97->CS17,51299,51299,0
13,US97->CS25,51708,51708,0
13,US97->CS33,51802,51802,0
13,US97->CS41,51946,51946,0
13,US97->CS49,51456,51456,0
13,US97->CS57,51531,51531,0
13,US98->CS2,51391,51391,0
13,US98->CS10,51717,51717,0
13,US98->CS18,51610,51610,0
13,US98->CS26,51495,51495,0
13,US98->CS34,51856,51856,0
13,US98->CS42,51429,51429,0
13,US98->CS50,51152,51152,0
13,US98->CS58,51507,51507,0
13,US99->CS3,51646,51646,0
13,US99->CS11,51487,51487,0
13,US99->CS19,51445,51445,0
13,US99->CS27,51443,51443,0
13,US99->CS35,51598,51598,0
13,US99->CS43,51361,51361,0
13,US99->CS51,51473,51473,0
13,US99->CS59,51781,51781,0
13,US100->CS4,51345,51345,0
13,US100->CS12,51604,51604,0
13,US100->CS20,52312,52312,0
13,US100->CS28,51959,51959,0
13,US100->CS36,51850,51850,0
13,US100->CS44,51517,51517,0
13,US100->CS52,51518,51518,0
13,US100->CS60,51773,51773,0
13,US101->CS5,51861,51861,0
13,US101->CS13,51387,51387,0
13,US101->CS21,51351,51351,0
13,US101->CS29,51362,51362,0
13,US101->CS37,51564,51564,0
13,US101->CS45,51773,51773,0
13,US101->CS53,51930,51930,0
13,US101->CS61,51177,51177,0
13,US102->CS6,51844,51844,0
13,US102->CS14,51686,51686,0
13,US102->CS22,51426,51426,0
13,US102->CS30,51589,51589,0
13,US102->CS38,51671,51671,0
13,US102->CS46,51840,51840,0
13,US102->CS54,51425,51425,0
13,US102->CS62,51561,51561,0
13,US103->CS7,51273,51273,0
13,US103->CS15,51652,51652,0
13,US103->CS23,51572,51572,0
13,US103->CS31,51376,51376,0
13,US103->CS39,51803,51803,0
13,US103->CS47,51909,51909,0
13,US103->CS55,51837,51837,0
13,US103->CS63,51507,51507,0
13,US104->CS0,51380,51380,0
13,US104->CS8,51252,51252,0
13,US104->CS16,51193,51193,0
13,US104->CS24,51587,51587,0
13,US104->CS32,51205,51205,0
13,US104->CS40,51466,51466,0
13,US104->CS48,51527,51527,0
13,US104->CS56,51205,51205,0
13,US105->CS1,51036,51036,0
13,US105->CS9,51458,51458,0
13,US105->CS17,51535,51535,0
13,US105->CS25,51666,51666,0
13,US105->CS33,51253,51253,0
13,US105->CS41,51228,51228,0
13,US105->CS49,51288,51288,0
13,US105->CS57,51354,51354,0
13,US106->CS2,51517,51517,0
13,US106->CS10,51155,51155,0
13,US106->CS18,51688,51688,0
13,US106->CS26,51427,51427,0
13,US106->CS34,51330,51330,0
13,US106->CS42,51153,51153,0
13,US106->CS50,51337,51337,0
13,US106->CS58,50979,50979,0
13,US107->CS3,51463,51463,0
13,US107->CS11,51621,51621,0
13,US107->CS19,51462,51462,0
13,US107->CS27,51762,51762,0
13,US107->CS35,51618,51618,0
13,US107->CS43,51506,51506,0
13,US107->CS51,51278,51278,0
13,US107->CS59,51240,51240,0
13,US108->CS4,51148,51148,0
13,US108->CS12,51342,51342,0
13,US108->CS20,51620,51620,0
13,US108->CS28,51444,51444,0
13,US108->CS36,51652,51652,0
13,US108->CS44,51465,51465,0
13,US108->CS52,51182,51182,0
13,US108->CS60,51172,51172,0
13,US109->CS5,51027,51027,0
13,US109->CS13,51771,51771,0
13,US109->CS21,51558,51558,0
13,US109->CS29,51519,51519,0
13,US109->CS37,51085,51085,0
13,US109->CS45,51500,51500,0
13,US109->CS53,51590,51590,0
13,US109->CS61,51050,51050,0
13,US110->CS6,51694,51694,0
13,US110->CS14,51399,51399,0
13,US110->CS22,51439,51439,0
13,US110->CS30,51359,51359,0
13,US110->CS38,51396,51396,0
13,US110->CS46,51337,51337,0
13,US110->CS54,51257,51257,0
13,US110->CS62,51595,51595,0
13,US111->CS7,51280,51280,0
13,US111->CS15,51736,51736,0
13,US111->CS23,51478,51478,0
13,US111->CS31,51322,51322,0
13,US111->CS39,51475,51475,0
13,US111->CS47,51384,51384,0
13,US111->CS55,51022,51022,0
13,US111->CS63,51876,51876,0
13,US112->CS0,52674,52674,0
13,US112->CS8,52959,52959,0
13,US112->CS16,52609,52609,0
13,US112->CS24,53498,53498,0
13,US112->CS32,52835,52835,0
13,US112->CS40,52916,52916,0
13,US112->CS48,52874,52874,0
13,US112->CS56,53312,53312,0
13,US113->CS1,52860,52860,0
13,US113->CS9,53260,53260,0
13,US113->CS17,52929,52929,0
13,US113->CS25,53164,53164,0
13,US113->CS33,53041,53041,0
13,US113->CS41,52815,52815,0
13,US113->CS49,52779,52779,0
13,US113->CS57,53085,53085,0
13,US114->CS2,53231,53231,0
13,US114->CS10,53555,53555,0
13,US114->CS18,53342,53342,0
13,US114->CS26,52826,52826,0
13,US114->CS34,53227,53227,0
13,US114->CS42,53144,53144,0
13,US114->CS50,53487,53487,0
13,US114->CS58,53287,53287,0
13,US115->CS3,53470,53470,0
13,US115->CS11,53251,53251,0
13,US115->CS19,52645,52645,0
13,US115->CS27,52755,52755,0
13,US115->CS35,52870,52870,0
13,US115->CS43,53305,53305,0
13,US115->CS51,53386,53386,0
13,US115->CS59,52941,52941,0
13,US116->CS4,53286,53286,0
13,US116->CS12,52711,52711,0
13,US116->CS20,53105,53105,0
13,US116->CS28,52997,52997,0
13,US116->CS36,53247,53247,0
13,US116->CS44,52841,52841,0
13,US116->CS52,52784,52784,0
13,US116->CS60,53146,53146,0
13,US117->CS5,52926,52926,0
13,US117->CS13,53358,53358,0
13,US117->CS21,52997,52997,0
13,US117->CS29,53225,53225,0
13,US117->CS37,52895,52895,0
13,US117->CS45,52875,52875,0
13,US117->CS53,53223,53223,0
13,US117->CS61,52976,52976,0
13,US118->CS6,52921,52921,0
13,US118->CS14,52981,52981,0
13,US118->CS22,52920,52920,0
13,US118->CS30,53009,53009,0
13,US118->CS38,52936,52936,0
13,US118->CS46,52978,52978,0
13,US118->CS54,53266,53266,0
13,US118->CS62,52749,52749,0
13,US119->CS7,53321,53321,0
13,US119->CS15,53335,53335,0
13,US119->CS23,52998,52998,0
13,US119->CS31,53147,53147,0
13,US119->CS39,53027,53027,0
13,US119->CS47,53102,53102,0
13,US119->CS55,52938,52938,0
13,US119->CS63,53201,53201,0
13,US120->CS0,51273,51273,0
13,US120->CS8,50598,50598,0
13,US120->CS16,51192,51192,0
13,US120->CS24,51001,51001,0
13,US120->CS32,51087,51087,0
13,US120->CS40,51377,51377,0
13,US120->CS48,51206,51206,0
13,US120->CS56,50786,50786,0
13,US121->CS1,51298,51298,0
13,US121->CS9,50916,50916,0
13,US121->CS17,50873,50873,0
13,US121->CS25,50886,50886,0
13,US121->CS33,51088,51088,0
13,US121->CS41,50954,50954,0
13,US121->CS49,51237,51237,0
13,US121->CS57,50530,50530,0
13,US122->CS2,51392,51392,0
13,US122->CS10,50937,50937,0
13,US122->CS18,50764,50764,0
13,US122->CS26,50980,50980,0
13,US122->CS34,51147,51147,0
13,US122->CS42,50827,50827,0
13,US122->CS50,50712,50712,0
13,US122->CS58,51256,51256,0
13,US123->CS3,51160,51160,0
13,US123->CS11,50779,50779,0
13,US123->CS19,50881,50881,0
13,US123->CS27,50949,50949,0
13,US123->CS35,50728,50728,0
13,US123->CS43,50770,50770,0
13,US123->CS51,50864,50864,0
13,US123->CS59,50383,50383,0
13,US124->CS4,50816,50816,0
13,US124->CS12,50823,50823,0
13,US124->CS20,51272,51272,0
13,US124->CS28,50759,50759,0
13,US124->CS36,50924,50924,0
13,US124->CS44,50549,50549,0
13,US124->CS52,51146,51146,0
13,US124->CS60,50744,50744,0
13,US125->CS5,50679,50679,0
13,US125->CS13,51446,51446,0
13,US125->CS21,50965,50965,0
13,US125->CS29,50932,50932,0
13,US125->CS37,50943,50943,0
13,US125->CS45,51027,51027,0
13,US125->CS53,50794,50794,0
13,US125->CS61,51423,51423,0
13,US126->CS6,51167,51167,0
13,US126->CS14,51104,51104,0
13,US126->CS22,51323,51323,0
13,US126->CS30,50587,50587,0
13,US126->CS38,50951,50951,0
13,US126->CS46,50603,50603,0
13,US126->CS54,51085,51085,0
13,US126->CS62,50787,50787,0
13,US127->CS7,51440,51440,0
13,US127->CS15,50568,50568,0
13,US127->CS23,50738,50738,0
13,US127->CS31,51165,51165,0
13,US127->CS39,50757,50757,0
13,US127->CS47,50790,50790,0
13,US127->CS55,50832,50832,0
13,US127->CS63,51061,51061,0
13,CS0->US0,51600,51600,0
13,CS0->US8,50575,50575,0
13,CS0->US16,51433,51433,0
13,CS0->US24,51511,51511,0
13,CS0->US32,51984,51984,0
13,CS0->US40,52735,52735,0
13,CS0->US48,51631,51631,0
13,CS0->US56,51561,51561,0
13,CS0->US64,51307,51307,0
13,CS0->US72,51003,51003,0
13,CS0->US80,57402,57402,0
13,CS0->US88,51424,51424,0
13,CS0->US96,51416,51416,0
13,CS0->US104,51498,51498,0
13,CS0->US112,54813,54813,0
13,CS0->US120,54539,54539,0
13,CS1->US1,51909,51909,0
13,CS1->US9,51243,51243,0
13,CS1->US17,51422,51422,0
13,CS1->US25,51497,51497,0
13,CS1->US33,51557,51557,0
13,CS1->US41,53064,53064,0
13,CS1->US49,51618,51618,0
13,CS1->US57,51372,51372,0
13,CS1->US65,51488,51488,0
13,CS1->US73,51162,51162,0
13,CS1->US81,56960,56960,0
13,CS1->US89,50769,50769,0
13,CS1->US97,51104,51104,0
13,CS1->US105,51587,51587,0
13,CS1->US113,54372,54372,0
13,CS1->US121,54694,54694,0
13,CS2->US2,51327,51327,0
13,CS2->US10,51296,51296,0
13,CS2->US18,51528,51528,0
13,CS2->US26,52024,52024,0
13,CS2->US34,51464,51464,0
13,CS2->US42,53236,53236,0
13,CS2->US50,51314,51314,0
13,CS2->US58,51189,51189,0
13,CS2->US66,51175,51175,0
13,CS2->US74,51074,51074,0
13,CS2->US82,57421,57421,0
13,CS2->US90,51187,51187,0
13,CS2->US98,51486,51486,0
13,CS2->US106,51402,51402,0
13,CS2->US114,54423,54423,0
13,CS2->US122,54218,54218,0
13,CS3->US3,51853,51853,0
13,CS3->US11,50572,50572,0
13,CS3->US19,51275,51275,0
13,CS3->US27,51737,51737,0
13,CS3->US35,51509,51509,0
13,CS3->US43,53593,53593,0
13,CS3->US51,51773,51773,0
13,CS3->US59,51624,51624,0
13,CS3->US67,51295,51295,0
13,CS3->US75,51268,51268,0
13,CS3->US83,56830,56830,0
13,CS3->US91,51367,51367,0
13,CS3->US99,51512,51512,0
13,CS3->US107,51561,51561,0
13,CS3->US115,54509,54509,0
13,CS3->US123,54951,54951,0
13,CS4->US4,51400,51400,0
13,CS4->US12,50619,50619,0
13,CS4->US20,51055,51055,0
13,CS4->US28,51360,51360,0
13,CS4->US36,52033,52033,0
13,CS4->US44,53310,53310,0
13,CS4->US52,51633,51633,0
13,CS4->US60,51383,51383,0
13,CS4->US68,51791,51791,0
13,CS4->US76,51078,51078,0
13,CS4->US84,57263,57263,0
13,CS4->US92,51391,51391,0
13,CS4->US100,51204,51204,0
13,CS4->US108,51327,51327,0
13,CS4->US116,54505,54505,0
13,CS4->US124,54837,54837,0
13,CS5->US5,51927,51927,0
13,CS5->US13,50862,50862,0
13,CS5->US21,50844,50844,0
13,CS5->US29,51571,51571,0
13,CS5->US37,51521,51521,0
13,CS5->US45,53022,53022,0
13,CS5->US53,51345,51345,0
13,CS5->US61,50815,50815,0
13,CS5->US69,51459,51459,0
13,CS5->US77,50910,50910,0
13,CS5->US85,57159,57159,0
13,CS5->US93,51030,51030,0
13,CS5->US101,51098,51098,0
13,CS5->US109,51740,51740,0
13,CS5->US117,55178,55178,0
13,CS5->US125,54378,54378,0
13,CS6->US6,51517,51517,0
13,CS6->US14,50811,50811,0
13,CS6->US22,51301,51301,0
13,CS6->US30,51593,51593,0
13,CS6->US38,51503,51503,0
13,CS6->US46,53048,53048,0
13,CS6->US54,51279,51279,0
13,CS6->US62,51365,51365,0
13,CS6->US70,51901,51901,0
13,CS6->US78,50939,50939,0
13,CS6->US86,56953,56953,0
13,CS6->US94,51089,51089,0
13,CS6->US102,51666,51666,0
13,CS6->US110,51777,51777,0
13,CS6->US118,54460,54460,0
13,CS6->US126,54274,54274,0
13,CS7->US7,51500,51500,0
13,CS7->US15,50615,50615,0
13,CS7->US23,51628,51628,0
13,CS7->US31,51223,51223,0
13,CS7->US39,51781,51781,0
13,CS7->US47,53429,53429,0
13,CS7->US55,51598,51598,0
13,CS7->US63,51044,51044,0
13,CS7->US71,51582,51582,0
13,CS7->US79,51115,51115,0
13,CS7->US87,57402,57402,0
13,CS7->US95,51127,51127,0
13,CS7->US103,51308,51308,0
13,CS7->US111,51306,51306,0
13,CS7->US119,54667,54667,0
13,CS7->US127,54746,54746,0
13,CS8->US0,51734,51734,0
13,CS8->US8,50621,50621,0
13,CS8->US16,50672,50672,0
13,CS8->US24,51708,51708,0
13,CS8->US32,51650,51650,0
13,CS8->US40,53050,53050,0
13,CS8->US48,51107,51107,0
13,CS8->US56,51688,51688,0
13,CS8->US64,51625,51625,0
13,CS8->US72,51190,51190,0
13,CS8->US80,57279,57279,0
13,CS8->US88,51462,51462,0
13,CS8->US96,51285,51285,0
13,CS8->US104,51308,51308,0
13,CS8->US112,54643,54643,0
13,CS8->US120,54978,54978,0
13,CS9->US1,51821,51821,0
13,CS9->US9,51103,51103,0
13,CS9->US17,51144,51144,0
13,CS9->US25,51701,51701,0
13,CS9->US33,51429,51429,0
13,CS9->US41,53280,53280,0
13,CS9->US49,51120,51120,0
13,CS9->US57,50946,50946,0
13,CS9->US65,51800,51800,0
13,CS9->US73,51254,51254,0
13,CS9->US81,57175,57175,0
13,CS9->US89,51123,51123,0
13,CS9->US97,51527,51527,0
13,CS9->US105,51635,51635,0
13,CS9->US113,54831,54831,0
13,CS9->US121,54864,54864,0
13,CS10->US2,51467,51467,0
13,CS10->US10,51060,51060,0
13,CS10->US18,51093,51093,0
13,CS10->US26,51367,51367,0
13,CS10->US34,51257,51257,0
13,CS10->US42,53663,53663,0
13,CS10->US50,51493,51493,0
13,CS10->US58,51445,51445,0
13,CS10->US66,51352,51352,0
13,CS10->US74,51749,51749,0
13,CS10->US82,57403,57403,0
13,CS10->US90,51018,51018,0
13,CS10->US98,51212,51212,0
13,CS10->US106,51623,51623,0
13,CS10->US114,54655,54655,0
13,CS10->US122,54677,54677,0
13,CS11->US3,51135,51135,0
13,CS11->US11,50864,50864,0
13,CS11->US19,50941,50941,0
13,CS11->US27,51298,51298,0
13,CS11->US35,51707,51707,0
13,CS11->US43,53349,53349,0
13,CS11->US51,51805,51805,0
13,CS11->US59,51520,51520,0
13,CS11->US67,51568,51568,0
13,CS11->US75,50982,50982,0
13,CS11->US83,57312,57312,0
13,CS11->US91,51303,51303,0
13,CS11->US99,51753,51753,0
13,CS11->US107,51442,51442,0
13,CS11->US115,54745,54745,0
13,CS11->US123,54590,54590,0
13,CS12->US4,51400,51400,0
13,CS12->US12,50968,50968,0
13,CS12->US20,51035,51035,0
13,CS12->US28,51203,51203,0
13,CS12->US36,51378,51378,0
13,CS12->US44,52864,52864,0
13,CS12->US52,51599,51599,0
13,CS12->US60,51245,51245,0
13,CS12->US68,51561,51561,0
13,CS12->US76,51202,51202,0
13,CS12->US84,57393,57393,0
13,CS12->US92,51277,51277,0
13,CS12->US100,51463,51463,0
13,CS12->US108,51565,51565,0
13,CS12->US116,54948,54948,0
13,CS12->US124,54573,54573,0
13,CS13->US5,51368,51368,0
13,CS13->US13,51047,51047,0
13,CS13->US21,51581,51581,0
13,CS13->US29,51334,51334,0
13,CS13->US37,51444,51444,0
13,CS13->US45,53452,53452,0
13,CS13->US53,51673,51673,0
13,CS13->US61,50969,50969,0
13,CS13->US69,51800,51800,0
13,CS13->US77,50795,50795,0
13,CS13->US85,56893,56893,0
13,CS13->US93,51644,51644,0
13,CS13->US101,51820,51820,0
13,CS13->US109,51349,51349,0
13,CS13->US117,54798,54798,0
13,CS13->US125,54838,54838,0
13,CS14->US6,52064,52064,0
13,CS14->US14,50699,50699,0
13,CS14->US22,51211,51211,0
13,CS14->US30,51466,51466,0
13,CS14->US38,51433,51433,0
13,CS14->US46,53068,53068,0
13,CS14->US54,51676,51676,0
13,CS14->US62,51183,51183,0
13,CS14->US70,51299,51299,0
13,CS14->US78,51040,51040,0
13,CS14->US86,57287,57287,0
13,CS14->US94,51268,51268,0
13,CS14->US102,51436,51436,0
13,CS14->US110,51680,51680,0
13,CS14->US118,54987,54987,0
13,CS14->US126,54602,54602,0
13,CS15->US7,51694,51694,0
13,CS15->US15,50898,50898,0
13,CS15->US23,50742,50742,0
13,CS15->US31,51613,51613,0
13,CS15->US39,51538,51538,0
13,CS15->US47,53465,53465,0
13,CS15->US55,51514,51514,0
13,CS15->US63,51370,51370,0
13,CS15->US71,51441,51441,0
13,CS15->US79,51154,51154,0
13,CS15->US87,57227,57227,0
13,CS15->US95,51260,51260,0
13,CS15->US103,51863,51863,0
13,CS15->US111,51560,51560,0
13,CS15->US119,54579,54579,0
13,CS15->US127,54587,54587,0
13,CS16->US0,51449,51449,0
13,CS16->US8,50525,50525,0
13,CS16->US16,51330,51330,0
13,CS16->US24,51369,51369,0
13,CS16->US32,51832,51832,0
13,CS16->US40,52675,52675,0
13,CS16->US48,51189,51189,0
13,CS16->US56,51065,51065,0
13,CS16->US64,51542,51542,0
13,CS16->US72,51251,51251,0
13,CS16->US80,57020,57020,0
13,CS16->US88,51521,51521,0
13,CS16->US96,51293,51293,0
13,CS16->US104,51746,51746,0
13,CS16->US112,54913,54913,0
13,CS16->US120,54677,54677,0
13,CS17->US1,51387,51387,0
13,CS17->US9,50852,50852,0
13,CS17->US17,51111,51111,0
13,CS17->US25,51896,51896,0
13,CS17->US33,51642,51642,0
13,CS17->US41,53053,53053,0
13,CS17->US49,51641,51641,0
13,CS17->US57,51282,51282,0
13,CS17->US65,51404,51404,0
13,CS17->US73,51133,51133,0
13,CS17->US81,57210,57210,0
13,CS17->US89,51113,51113,0
13,CS17->US97,51687,51687,0
13,CS17->US105,51260,51260,0
13,CS17->US113,55046,55046,0
13,CS17->US121,54753,54753,0
13,CS18->US2,51405,51405,0
13,CS18->US10,50545,50545,0
13,CS18->US18,50922,50922,0
13,CS18->US26,51722,51722,0
13,CS18->US34,52015,52015,0
13,CS18->US42,53405,53405,0
13,CS18->US50,51444,51444,0
13,CS18->US58,51618,51618,0
13,CS18->US66,51524,51524,0
13,CS18->US74,51203,51203,0
13,CS18->US82,57142,57142,0
13,CS18->US90,51278,51278,0
13,CS18->US98,51764,51764,0
13,CS18->US106,51535,51535,0
13,CS18->US114,54440,54440,0
13,CS18->US122,54635,54635,0
13,CS19->US3,51689,51689,0
13,CS19->US11,51182,51182,0
13,CS19->US19,51078,51078,0
13,CS19->US27,51068,51068,0
13,CS19->US35,51386,51386,0
13,CS19->US43,52672,52672,0
13,CS19->US51,51508,51508,0
13,CS19->US59,51197,51197,0
13,CS19->US67,51419,51419,0
13,CS19->US75,51210,51210,0
13,CS19->US83,56947,56947,0
13,CS19->US91,51244,51244,0
13,CS19->US99,51529,51529,0
13,CS19->US107,51366,51366,0
13,CS19->US115,54302,54302,0
13,CS19->US123,54535,54535,0
13,CS20->US4,51343,51343,0
13,CS20->US12,51044,51044,0
13,CS20->US20,51391,51391,0
13,CS20->US28,51311,51311,0
13,CS20->US36,51542,51542,0
13,CS20->US44,53140,53140,0
13,CS20->US52,51446,51446,0
13,CS20->US60,51226,51226,0
13,CS20->US68,51405,51405,0
13,CS20->US76,50680,50680,0
13,CS20->US84,57034,57034,0
13,CS20->US92,51243,51243,0
13,CS20->US100,51700,51700,0
13,CS20->US108,52284,52284,0
13,CS20->US116,54787,54787,0
13,CS20->US124,54642,54642,0
13,CS21->US5,51390,51390,0
13,CS21->US13,50731,50731,0
13,CS21->US21,51158,51158,0
13,CS21->US29,51459,51459,0
13,CS21->US37,51450,51450,0
13,CS21->US45,53087,53087,0
13,CS21->US53,51489,51489,0
13,CS21->US61,51004,51004,0
13,CS21->US69,51291,51291,0
13,CS21->US77,51462,51462,0
13,CS21->US85,56806,56806,0
13,CS21->US93,51421,51421,0
13,CS21->US101,51537,51537,0
13,CS21->US109,51389,51389,0
13,CS21->US117,54767,54767,0
13,CS21->US125,54859,54859,0
13,CS22->US6,51399,51399,0
13,CS22->US14,51206,51206,0
13,CS22->US22,51459,51459,0
13,CS22->US30,51301,51301,0
13,CS22->US38,52039,52039,0
13,CS22->US46,53016,53016,0
13,CS22->US54,51514,51514,0
13,CS22->US62,51645,51645,0
13,CS22->US70,51322,51322,0
13,CS22->US78,51148,51148,0
13,CS22->US86,57381,57381,0
13,CS22->US94,51109,51109,0
13,CS22->US102,51470,51470,0
13,CS22->US110,51371,51371,0
13,CS22->US118,54479,54479,0
13,CS22->US126,54970,54970,0
13,CS23->US7,51411,51411,0
13,CS23->US15,51196,51196,0
13,CS23->US23,50902,50902,0
13,CS23->US31,51516,51516,0
13,CS23->US39,51858,51858,0
13,CS23->US47,53076,53076,0
13,CS23->US55,51322,51322,0
13,CS23->US63,51335,51335,0
13,CS23->US71,51770,51770,0
13,CS23->US79,50577,50577,0
13,CS23->US87,57418,57418,0
13,CS23->US95,51510,51510,0
13,CS23->US103,51540,51540,0
13,CS23->US111,51550,51550,0
13,CS23->US119,55116,55116,0
13,CS23->US127,54888,54888,0
13,CS24->US0,51405,51405,0
13,CS24->US8,50929,50929,0
13,CS24->US16,51075,51075,0
13,CS24->US24,51797,51797,0
13,CS24->US32,51691,51691,0
13,CS24->US40,53671,53671,0
13,CS24->US48,51426,51426,0
13,CS24->US56,51538,51538,0
13,CS24->US64,51711,51711,0
13,CS24->US72,51273,51273,0
13,CS24->US80,57003,57003,0
13,CS24->US88,51139,51139,0
13,CS24->US96,51664,51664,0
13,CS24->US104,51918,51918,0
13,CS24->US112,54977,54977,0
13,CS24->US120,54815,54815,0
13,CS25->US1,51135,51135,0
13,CS25->US9,50799,50799,0
13,CS25->US17,51013,51013,0
13,CS25->US25,51323,51323,0
13,CS25->US33,51428,51428,0
13,CS25->US41,53223,53223,0
13,CS25->US49,51507,51507,0
13,CS25->US57,51210,51210,0
13,CS25->US65,51473,51473,0
13,CS25->US73,51189,51189,0
13,CS25->US81,57319,57319,0
13,CS25->US89,51470,51470,0
13,CS25->US97,51685,51685,0
13,CS25->US105,51712,51712,0
13,CS25->US113,54983,54983,0
13,CS25->US121,54569,54569,0
13,CS26->US2,51428,51428,0
13,CS26->US10,51342,51342,0
13,CS26->US18,51130,51130,0
13,CS26->US26,51471,51471,0
13,CS26->US34,51876,51876,0
13,CS26->US42,52928,52928,0
13,CS26->US50,51220,51220,0
13,CS26->US58,51483,51483,0
13,CS26->US66,51778,51778,0
13,CS26->US74,51191,51191,0
13,CS26->US82,57143,57143,0
13,CS26->US90,51278,51278,0
13,CS26->US98,51501,51501,0
13,CS26->US106,51371,51371,0
13,CS26->US114,54656,54656,0
13,CS26->US122,54664,54664,0
13,CS27->US3,51675,51675,0
13,CS27->US11,51513,51513,0
13,CS27->US19,51152,51152,0
13,CS27->US27,51585,51585,0
13,CS27->US35,51385,51385,0
13,CS27->US43,52853,52853,0
13,CS27->US51,51605,51605,0
13,CS27->US59,51443,51443,0
13,CS27->US67,52039,52039,0
13,CS27->US75,51207,51207,0
13,CS27->US83,57351,57351,0
13,CS27->US91,51044,51044,0
13,CS27->US99,51794,51794,0
13,CS27->US107,51347,51347,0
13,CS27->US115,54756,54756,0
13,CS27->US123,54626,54626,0
13,CS28->US4,51357,51357,0
13,CS28->US12,50831,50831,0
13,CS28->US20,50998,50998,0
13,CS28->US28,50875,50875,0
13,CS28->US36,51265,51265,0
13,CS28->US44,53099,53099,0
13,CS28->US52,51143,51143,0
13,CS28->US60,51573,51573,0
13,CS28->US68,51895,51895,0
13,CS28->US76,51212,51212,0
13,CS28->US84,56901,56901,0
13,CS28->US92,51399,51399,0
13,CS28->US100,51498,51498,0
13,CS28->US108,51896,51896,0
13,CS28->US116,54482,54482,0
13,CS28->US124,55127,55127,0
13,CS29->US5,51488,51488,0
13,CS29->US13,50543,50543,0
13,CS29->US21,51055,51055,0
13,CS29->US29,51816,51816,0
13,CS29->US37,51779,51779,0
13,CS29->US45,53311,53311,0
13,CS29->US53,51306,51306,0
13,CS29->US61,51186,51186,0
13,CS29->US69,51506,51506,0
13,CS29->US77,51200,51200,0
13,CS29->US85,56922,56922,0
13,CS29->US93,51156,51156,0
13,CS29->US101,51637,51637,0
13,CS29->US109,51334,51334,0
13,CS29->US117,55003,55003,0
13,CS29->US125,54691,54691,0
13,CS30->US6,51575,51575,0
13,CS30->US14,51063,51063,0
13,CS30->US22,50816,50816,0
13,CS30->US30,50986,50986,0
13,CS30->US38,51476,51476,0
13,CS30->US46,53105,53105,0
13,CS30->US54,51586,51586,0
13,CS30->US62,51330,51330,0
13,CS30->US70,51919,51919,0
13,CS30->US78,51104,51104,0
13,CS30->US86,57011,57011,0
13,CS30->US94,51257,51257,0
13,CS30->US102,51355,51355,0
13,CS30->US110,51580,51580,0
13,CS30->US118,55103,55103,0
13,CS30->US126,54778,54778,0
13,CS31->US7,51612,51612,0
13,CS31->US15,50975,50975,0
13,CS31->US23,51420,51420,0
13,CS31->US31,51803,51803,0
13,CS31->US39,51820,51820,0
13,CS31->US47,53317,53317,0
13,CS31->US55,51428,51428,0
13,CS31->US63,51302,51302,0
13,CS31->US71,51729,51729,0
13,CS31->US79,51224,51224,0
13,CS31->US87,56925,56925,0
13,CS31->US95,51320,51320,0
13,CS31->US103,51434,51434,0
13,CS31->US111,51418,51418,0
13,CS31->US119,55221,55221,0
13,CS31->US127,54533,54533,0
13,CS32->US0,51249,51249,0
13,CS32->US8,50957,50957,0
13,CS32->US16,51249,51249,0
13,CS32->US24,51845,51845,0
13,CS32->US32,51738,51738,0
13,CS32->US40,53018,53018,0
13,CS32->US48,51400,51400,0
13,CS32->US56,51547,51547,0
13,CS32->US64,51673,51673,0
13,CS32->US72,51194,51194,0
13,CS32->US80,57461,57461,0
13,CS32->US88,51021,51021,0
13,CS32->US96,51326,51326,0
13,CS32->US104,51293,51293,0
13,CS32->US112,54720,54720,0
13,CS32->US120,54566,54566,0
13,CS33->US1,51581,51581,0
13,CS33->US9,50939,50939,0
13,CS33->US17,51284,51284,0
13,CS33->US25,51293,51293,0
13,CS33->US33,51810,51810,0
13,CS33->US41,53227,53227,0
13,CS33->US49,51593,51593,0
13,CS33->US57,51398,51398,0
13,CS33->US65,51608,51608,0
13,CS33->US73,50864,50864,0
13,CS33->US81,57477,57477,0
13,CS33->US89,51106,51106,0
13,CS33->US97,51303,51303,0
13,CS33->US105,51816,51816,0
13,CS33->US113,54867,54867,0
13,CS33->US121,54864,54864,0
13,CS34->US2,51512,51512,0
13,CS34->US10,50858,50858,0
13,CS34->US18,51293,51293,0
13,CS34->US26,51532,51532,0
13,CS34->US34,51422,51422,0
13,CS34->US42,53294,53294,0
13,CS34->US50,51314,51314,0
13,CS34->US58,51317,51317,0
13,CS34->US66,51344,51344,0
13,CS34->US74,50928,50928,0
13,CS34->US82,57506,57506,0
13,CS34->US90,51145,51145,0
13,CS34->US98,51437,51437,0
13,CS34->US106,51823,51823,0
13,CS34->US114,54533,54533,0
13,CS34->US122,54167,54167,0
13,CS35->US3,51757,51757,0
13,CS35->US11,51031,51031,0
13,CS35->US19,50880,50880,0
13,CS35->US27,51300,51300,0
13,CS35->US35,51458,51458,0
13,CS35->US43,53072,53072,0
13,CS35->US51,51251,51251,0
13,CS35->US59,51456,51456,0
13,CS35->US67,51485,51485,0
13,CS35->US75,50697,50697,0
13,CS35->US83,56781,56781,0
13,CS35->US91,50935,50935,0
13,CS35->US99,51654,51654,0
13,CS35->US107,51558,51558,0
13,CS35->US115,54905,54905,0
13,CS35->US123,54948,54948,0
13,CS36->US4,51683,51683,0
13,CS36->US12,50932,50932,0
13,CS36->US20,51056,51056,0
13,CS36->US28,51810,51810,0
13,CS36->US36,51459,51459,0
13,CS36->US44,53462,53462,0
13,CS36->US52,51376,51376,0
13,CS36->US60,51242,51242,0
13,CS36->US68,51606,51606,0
13,CS36->US76,51017,51017,0
13,CS36->US84,57214,57214,0
13,CS36->US92,51179,51179,0
13,CS36->US100,51740,51740,0
13,CS36->US108,51852,51852,0
13,CS36->US116,54606,54606,0
13,CS36->US124,54718,54718,0
13,CS37->US5,51281,51281,0
13,CS37->US13,50978,50978,0
13,CS37->US21,51087,51087,0
13,CS37->US29,51539,51539,0
13,CS37->US37,52092,52092,0
13,CS37->US45,53068,53068,0
13,CS37->US53,51619,51619,0
13,CS37->US61,51006,51006,0
13,CS37->US69,51656,51656,0
13,CS37->US77,51247,51247,0
13,CS37->US85,57205,57205,0
13,CS37->US93,50970,50970,0
13,CS37->US101,51213,51213,0
13,CS37->US109,51535,51535,0
13,CS37->US117,54746,54746,0
13,CS37->US125,54428,54428,0
13,CS38->US6,51461,51461,0
13,CS38->US14,50803,50803,0
13,CS38->US22,51126,51126,0
13,CS38->US30,51140,51140,0
13,CS38->US38,51915,51915,0
13,CS38->US46,53139,53139,0
13,CS38->US54,51197,51197,0
13,CS38->US62,51398,51398,0
13,CS38->US70,51681,51681,0
13,CS38->US78,51211,51211,0
13,CS38->US86,57708,57708,0
13,CS38->US94,50663,50663,0
13,CS38->US102,51479,51479,0
13,CS38->US110,51599,51599,0
13,CS38->US118,54298,54298,0
13,CS38->US126,54764,54764,0
13,CS39->US7,51423,51423,0
13,CS39->US15,51130,51130,0
13,CS39->US23,50946,50946,0
13,CS39->US31,51792,51792,0
13,CS39->US39,51928,51928,0
13,CS39->US47,53181,53181,0
13,CS39->US55,51452,51452,0
13,CS39->US63,51159,51159,0
13,CS39->US71,51157,51157,0
13,CS39->US79,51574,51574,0
13,CS39->US87,57146,57146,0
13,CS39->US95,51486,51486,0
13,CS39->US103,51520,51520,0
13,CS39->US111,51683,51683,0
13,CS39->US119,54994,54994,0
13,CS39->US127,54806,54806,0
13,CS40->US0,51771,51771,0
13,CS40->US8,51144,51144,0
13,CS40->US16,51566,51566,0
13,CS40->US24,51571,51571,0
13,CS40->US32,52037,52037,0
13,CS40->US40,52965,52965,0
13,CS40->US48,51591,51591,0
13,CS40->US56,51286,51286,0
13,CS40->US64,51160,51160,0
13,CS40->US72,51503,51503,0
13,CS40->US80,57333,57333,0
13,CS40->US88,51285,51285,0
13,CS40->US96,51586,51586,0
13,CS40->US104,51441,51441,0
13,CS40->US112,54909,54909,0
13,CS40->US120,54647,54647,0
13,CS41->US1,51641,51641,0
13,CS41->US9,50603,50603,0
13,CS41->US17,51162,51162,0
13,CS41->US25,51659,51659,0
13,CS41->US33,52004,52004,0
13,CS41->US41,52900,52900,0
13,CS41->US49,51715,51715,0
13,CS41->US57,51270,51270,0
13,CS41->US65,51841,51841,0
13,CS41->US73,50979,50979,0
13,CS41->US81,57483,57483,0
13,CS41->US89,51347,51347,0
13,CS41->US97,51338,51338,0
13,CS41->US105,51804,51804,0
13,CS41->US113,54736,54736,0
13,CS41->US121,54741,54741,0
13,CS42->US2,51426,51426,0
13,CS42->US10,50818,50818,0
13,CS42->US18,51025,51025,0
13,CS42->US26,51045,51045,0
13,CS42->US34,51358,51358,0
13,CS42->US42,53231,53231,0
13,CS42->US50,51496,51496,0
13,CS42->US58,51556,51556,0
13,CS42->US66,51738,51738,0
13,CS42->US74,50863,50863,0
13,CS42->US82,57345,57345,0
13,CS42->US90,51265,51265,0
13,CS42->US98,51310,51310,0
13,CS42->US106,51355,51355,0
13,CS42->US114,54979,54979,0
13,CS42->US122,54908,54908,0
13,CS43->US3,51614,51614,0
13,CS43->US11,50671,50671,0
13,CS43->US19,50949,50949,0
13,CS43->US27,51400,51400,0
13,CS43->US35,51585,51585,0
13,CS43->US43,53401,53401,0
13,CS43->US51,51947,51947,0
13,CS43->US59,51669,51669,0
13,CS43->US67,51905,51905,0
13,CS43->US75,51488,51488,0
13,CS43->US83,57251,57251,0
13,CS43->US91,51328,51328,0
13,CS43->US99,51580,51580,0
13,CS43->US107,51351,51351,0
13,CS43->US115,54827,54827,0
13,CS43->US123,54533,54533,0
13,CS44->US4,52030,52030,0
13,CS44->US12,51191,51191,0
13,CS44->US20,50778,50778,0
13,CS44->US28,51426,51426,0
13,CS44->US36,51763,51763,0
13,CS44->US44,52924,52924,0
13,CS44->US52,51410,51410,0
13,CS44->US60,51033,51033,0
13,CS44->US68,51474,51474,0
13,CS44->US76,51153,51153,0
13,CS44->US84,57002,57002,0
13,CS44->US92,51181,51181,0
13,CS44->US100,51532,51532,0
13,CS44->US108,51493,51493,0
13,CS44->US116,54488,54488,0
13,CS44->US124,54504,54504,0
13,CS45->US5,51581,51581,0
13,CS45->US13,51200,51200,0
13,CS45->US21,51245,51245,0
13,CS45->US29,51751,51751,0
13,CS45->US37,51331,51331,0
13,CS45->US45,52966,52966,0
13,CS45->US53,51391,51391,0
13,CS45->US61,51120,51120,0
13,CS45->US69,51731,51731,0
13,CS45->US77,50905,50905,0
13,CS45->US85,56808,56808,0
13,CS45->US93,51178,51178,0
13,CS45->US101,51580,51580,0
13,CS45->US109,51740,51740,0
13,CS45->US117,54749,54749,0
13,CS45->US125,54647,54647,0
13,CS46->US6,51801,51801,0
13,CS46->US14,51575,51575,0
13,CS46->US22,50772,50772,0
13,CS46->US30,51721,51721,0
13,CS46->US38,51926,51926,0
13,CS46->US46,53076,53076,0
13,CS46->US54,51724,51724,0
13,CS46->US62,51584,51584,0
13,CS46->US70,51201,51201,0
13,CS46->US78,51362,51362,0
13,CS46->US86,57390,57390,0
13,CS46->US94,51031,51031,0
13,CS46->US102,51333,51333,0
13,CS46->US110,51753,51753,0
13,CS46->US118,54781,54781,0
13,CS46->US126,54592,54592,0
13,CS47->US7,51568,51568,0
13,CS47->US15,50661,50661,0
13,CS47->US23,51016,51016,0
13,CS47->US31,51347,51347,0
13,CS47->US39,51260,51260,0
13,CS47->US47,53199,53199,0
13,CS47->US55,51716,51716,0
13,CS47->US63,51600,51600,0
13,CS47->US71,51829,51829,0
13,CS47->US79,51357,51357,0
13,CS47->US87,57386,57386,0
13,CS47->US95,51265,51265,0
13,CS47->US103,51496,51496,0
13,CS47->US111,51917,51917,0
13,CS47->US119,54655,54655,0
13,CS47->US127,54383,54383,0
13,CS48->US0,51187,51187,0
13,CS48->US8,50522,50522,0
13,CS48->US16,51255,51255,0
13,CS48->US24,51690,51690,0
13,CS48->US32,51830,51830,0
13,CS48->US40,52968,52968,0
13,CS48->US48,51694,51694,0
13,CS48->US56,51144,51144,0
13,CS48->US64,51177,51177,0
13,CS48->US72,51092,51092,0
13,CS48->US80,57302,57302,0
13,CS48->US88,51095,51095,0
13,CS48->US96,51522,51522,0
13,CS48->US104,51812,51812,0
13,CS48->US112,55031,55031,0
13,CS48->US120,55022,55022,0
13,CS49->US1,51576,51576,0
13,CS49->US9,50800,50800,0
13,CS49->US17,51419,51419,0
13,CS49->US25,51539,51539,0
13,CS49->US33,51429,51429,0
13,CS49->US41,52925,52925,0
13,CS49->US49,51418,51418,0
13,CS49->US57,51119,51119,0
13,CS49->US65,51847,51847,0
13,CS49->US73,50771,50771,0
13,CS49->US81,57494,57494,0
13,CS49->US89,51046,51046,0
13,CS49->US97,51371,51371,0
13,CS49->US105,51427,51427,0
13,CS49->US113,54784,54784,0
13,CS49->US121,54834,54834,0
13,CS50->US2,51468,51468,0
13,CS50->US10,51149,51149,0
13,CS50->US18,50893,50893,0
13,CS50->US26,51681,51681,0
13,CS50->US34,51770,51770,0
13,CS50->US42,53570,53570,0
13,CS50->US50,51699,51699,0
13,CS50->US58,51737,51737,0
13,CS50->US66,51497,51497,0
13,CS50->US74,51169,51169,0
13,CS50->US82,56861,56861,0
13,CS50->US90,51204,51204,0
13,CS50->US98,51386,51386,0
13,CS50->US106,51147,51147,0
13,CS50->US114,54229,54229,0
13,CS50->US122,54539,54539,0
13,CS51->US3,51265,51265,0
13,CS51->US11,50680,50680,0
13,CS51->US19,51016,51016,0
13,CS51->US27,51470,51470,0
13,CS51->US35,51320,51320,0
13,CS51->US43,53502,53502,0
13,CS51->US51,51933,51933,0
13,CS51->US59,51285,51285,0
13,CS51->US67,51679,51679,0
13,CS51->US75,51330,51330,0
13,CS51->US83,57187,57187,0
13,CS51->US91,51377,51377,0
13,CS51->US99,51390,51390,0
13,CS51->US107,51395,51395,0
13,CS51->US115,54769,54769,0
13,CS51->US123,55000,55000,0
13,CS52->US4,51643,51643,0
13,CS52->US12,50902,50902,0
13,CS52->US20,51253,51253,0
13,CS52->US28,51370,51370,0
13,CS52->US36,51962,51962,0
13,CS52->US44,52827,52827,0
13,CS52->US52,51814,51814,0
13,CS52->US60,51114,51114,0
13,CS52->US68,51976,51976,0
13,CS52->US76,51391,51391,0
13,CS52->US84,57336,57336,0
13,CS52->US92,51073,51073,0
13,CS52->US100,51204,51204,0
13,CS52->US108,51519,51519,0
13,CS52->US116,54692,54692,0
13,CS52->US124,54560,54560,0
13,CS53->US5,51168,51168,0
13,CS53->US13,51069,51069,0
13,CS53->US21,50970,50970,0
13,CS53->US29,51362,51362,0
13,CS53->US37,51574,51574,0
13,CS53->US45,53304,53304,0
13,CS53->US53,51337,51337,0
13,CS53->US61,51118,51118,0
13,CS53->US69,51576,51576,0
13,CS53->US77,51470,51470,0
13,CS53->US85,57077,57077,0
13,CS53->US93,51023,51023,0
13,CS53->US101,51662,51662,0
13,CS53->US109,51914,51914,0
13,CS53->US117,54737,54737,0
13,CS53->US125,54795,54795,0
13,CS54->US6,51480,51480,0
13,CS54->US14,50822,50822,0
13,CS54->US22,51270,51270,0
13,CS54->US30,51535,51535,0
13,CS54->US38,51748,51748,0
13,CS54->US46,53372,53372,0
13,CS54->US54,51917,51917,0
13,CS54->US62,51738,51738,0
13,CS54->US70,51451,51451,0
13,CS54->US78,50868,50868,0
13,CS54->US86,56823,56823,0
13,CS54->US94,50893,50893,0
13,CS54->US102,51251,51251,0
13,CS54->US110,51362,51362,0
13,CS54->US118,54760,54760,0
13,CS54->US126,54216,54216,0
13,CS55->US7,51491,51491,0
13,CS55->US15,50815,50815,0
13,CS55->US23,51032,51032,0
13,CS55->US31,51493,51493,0
13,CS55->US39,51262,51262,0
13,CS55->US47,53092,53092,0
13,CS55->US55,51417,51417,0
13,CS55->US63,51334,51334,0
13,CS55->US71,51150,51150,0
13,CS55->US79,50499,50499,0
13,CS55->US87,57273,57273,0
13,CS55->US95,51183,51183,0
13,CS55->US103,51192,51192,0
13,CS55->US111,51834,51834,0
13,CS55->US119,54781,54781,0
13,CS55->US127,54460,54460,0
13,CS56->US0,51215,51215,0
13,CS56->US8,50931,50931,0
13,CS56->US16,51026,51026,0
13,CS56->US24,51371,51371,0
13,CS56->US32,51494,51494,0
13,CS56->US40,53374,53374,0
13,CS56->US48,51431,51431,0
13,CS56->US56,51331,51331,0
13,CS56->US64,51810,51810,0
13,CS56->US72,51103,51103,0
13,CS56->US80,56991,56991,0
13,CS56->US88,50904,50904,0
13,CS56->US96,51224,51224,0
13,CS56->US104,52116,52116,0
13,CS56->US112,54191,54191,0
13,CS56->US120,54631,54631,0
13,CS57->US1,51605,51605,0
13,CS57->US9,51042,51042,0
13,CS57->US17,50650,50650,0
13,CS57->US25,51367,51367,0
13,CS57->US33,51333,51333,0
13,CS57->US41,53196,53196,0
13,CS57->US49,51247,51247,0
13,CS57->US57,51746,51746,0
13,CS57->US65,51369,51369,0
13,CS57->US73,51376,51376,0
13,CS57->US81,57043,57043,0
13,CS57->US89,51313,51313,0
13,CS57->US97,51464,51464,0
13,CS57->US105,51497,51497,0
13,CS57->US113,54554,54554,0
13,CS57->US121,54424,54424,0
13,CS58->US2,51634,51634,0
13,CS58->US10,51154,51154,0
13,CS58->US18,51417,51417,0
13,CS58->US26,51505,51505,0
13,CS58->US34,52174,52174,0
13,CS58->US42,53317,53317,0
13,CS58->US50,51576,51576,0
13,CS58->US58,51790,51790,0
13,CS58->US66,51658,51658,0
13,CS58->US74,51114,51114,0
13,CS58->US82,57348,57348,0
13,CS58->US90,51285,51285,0
13,CS58->US98,50990,50990,0
13,CS58->US106,51552,51552,0
13,CS58->US114,54506,54506,0
13,CS58->US122,54381,54381,0
13,CS59->US3,51764,51764,0
13,CS59->US11,51103,51103,0
13,CS59->US19,50587,50587,0
13,CS59->US27,51502,51502,0
13,CS59->US35,51993,51993,0
13,CS59->US43,53000,53000,0
13,CS59->US51,51315,51315,0
13,CS59->US59,51371,51371,0
13,CS59->US67,51969,51969,0
13,CS59->US75,51111,51111,0
13,CS59->US83,57052,57052,0
13,CS59->US91,51112,51112,0
13,CS59->US99,51328,51328,0
13,CS59->US107,51780,51780,0
13,CS59->US115,54536,54536,0
13,CS59->US123,54220,54220,0
13,CS60->US4,51392,51392,0
13,CS60->US12,50727,50727,0
13,CS60->US20,50872,50872,0
13,CS60->US28,51669,51669,0
13,CS60->US36,51656,51656,0
13,CS60->US44,53198,53198,0
13,CS60->US52,51857,51857,0
13,CS60->US60,51428,51428,0
13,CS60->US68,51956,51956,0
13,CS60->US76,51530,51530,0
13,CS60->US84,57064,57064,0
13,CS60->US92,50915,50915,0
13,CS60->US100,51213,51213,0
13,CS60->US108,51694,51694,0
13,CS60->US116,54913,54913,0
13,CS60->US124,53993,53993,0
13,CS61->US5,51292,51292,0
13,CS61->US13,50766,50766,0
13,CS61->US21,51570,51570,0
13,CS61->US29,51549,51549,0
13,CS61->US37,51456,51456,0
13,CS61->US45,53115,53115,0
13,CS61->US53,52013,52013,0
13,CS61->US61,51610,51610,0
13,CS61->US69,51545,51545,0
13,CS61->US77,51051,51051,0
13,CS61->US85,57291,57291,0
13,CS61->US93,51360,51360,0
13,CS61->US101,51085,51085,0
13,CS61->US109,51153,51153,0
13,CS61->US117,54733,54733,0
13,CS61->US125,54242,54242,0
13,CS62->US6,51258,51258,0
13,CS62->US14,50549,50549,0
13,CS62->US22,50947,50947,0
13,CS62->US30,51491,51491,0
13,CS62->US38,51547,51547,0
13,CS62->US46,52852,52852,0
13,CS62->US54,51396,51396,0
13,CS62->US62,51217,51217,0
13,CS62->US70,51556,51556,0
13,CS62->US78,51092,51092,0
13,CS62->US86,57008,57008,0
13,CS62->US94,51158,51158,0
13,CS62->US102,51718,51718,0
13,CS62->US110,51549,51549,0
13,CS62->US118,54511,54511,0
13,CS62->US126,54566,54566,0
13,CS63->US7,51100,51100,0
13,CS63->US15,50859,50859,0
13,CS63->US23,51217,51217,0
13,CS63->US31,51749,51749,0
13,CS63->US39,51673,51673,0
13,CS63->US47,53306,53306,0
13,CS63->US55,51901,51901,0
13,CS63->US63,51317,51317,0
13,CS63->US71,51527,51527,0
13,CS63->US79,51178,51178,0
13,CS63->US87,57490,57490,0
13,CS63->US95,51250,51250,0
13,CS63->US103,51946,51946,0
13,CS63->US111,51486,51486,0
13,CS63->US119,54675,54675,0
13,CS63->US127,54581,54581,0
14,US0->CS0,51948,51948,0
14,US0->CS8,51427,51427,0
14,US0->CS16,51547,51547,0
14,US0->CS24,51755,51755,0
14,US0->CS32,51784,51784,0
14,US0->CS40,51925,51925,0
14,US0->CS48,52053,52053,0
14,US0->CS56,51807,51807,0
14,US1->CS1,51950,51950,0
14,US1->CS9,51452,51452,0
14,US1->CS17,51988,51988,0
14,US1->CS25,51856,51856,0
14,US1->CS33,51948,51948,0
14,US1->CS41,52060,52060,0
14,US1->CS49,51702,51702,0
14,US1->CS57,51609,51609,0
14,US2->CS2,51641,51641,0
14,US2->CS10,51784,51784,0
14,US2->CS18,51757,51757,0
14,US2->CS26,51575,51575,0
14,US2->CS34,51607,51607,0
14,US2->CS42,51844,51844,0
14,US2->CS50,52038,52038,0
14,US2->CS58,51894,51894,0
14,US3->CS3,52089,52089,0
14,US3->CS11,52190,52190,0
14,US3->CS19,51767,51767,0
14,US3->CS27,51958,51958,0
14,US3->CS35,51605,51605,0
14,US3->CS43,52281,52281,0
14,US3->CS51,52232,52232,0
14,US3->CS59,51604,51604,0
14,US4->CS4,51964,51964,0
14,US4->CS12,51962,51962,0
14,US4->CS20,51804,51804,0
14,US4->CS28,51501,51501,0
14,US4->CS36,51729,51729,0
14,US4->CS44,51729,51729,0
14,US4->CS52,52135,52135,0
14,US4->CS60,52208,52208,0
14,US5->CS5,51679,51679,0
14,US5->CS13,51999,51999,0
14,US5->CS21,51855,51855,0
14,US5->CS29,51589,51589,0
14,US5->CS37,51995,51995,0
14,US5->CS45,51704,51704,0
14,US5->CS53,51652,51652,0
14,US5->CS61,52303,52303,0
14,US6->CS6,51693,51693,0
14,US6->CS14,51965,51965,0
14,US6->CS22,51823,51823,0
14,US6->CS30,51953,51953,0
14,US6->CS38,51517,51517,0
14,US6->CS46,52118,52118,0
14,US6->CS54,52219,52219,0
14,US6->CS62,51745,51745,0
14,US7->CS7,51979,51979,0
14,US7->CS15,51844,51844,0
14,US7->CS23,51598,51598,0
14,US7->CS31,51780,51780,0
14,US7->CS39,51791,51791,0
14,US7->CS47,52009,52009,0
14,US7->CS55,51812,51812,0
14,US7->CS63,52226,52226,0
14,US8->CS0,58213,58213,0
14,US8->CS8,57969,57969,0
14,US8->CS16,57773,57773,0
14,US8->CS24,57716,57715,0
14,US8->CS32,58223,58223,0
14,US8->CS40,58075,58075,0
14,US8->CS48,58008,58008,0
14,US8->CS56,57848,57848,0
14,US9->CS1,57792,57792,0
14,US9->CS9,58036,58036,0
14,US9->CS17,58017,58017,0
14,US9->CS25,57995,57995,0
14,US9->CS33,58342,58342,0
14,US9->CS41,58295,58295,0
14,US9->CS49,58227,58227,0
14,US9->CS57,57812,57812,0
14,US10->CS2,58095,58095,0
14,US10->CS10,58083,58083,0
14,US10->CS18,57921,57921,0
14,US10->CS26,57920,57920,0
14,US10->CS34,58294,58294,0
14,US10->CS42,58114,58114,0
14,US10->CS50,57690,57690,0
14,US10->CS58,58157,58157,0
14,US11->CS3,57550,57549,0
14,US11->CS11,58127,58127,0
14,US11->CS19,57842,57842,0
14,US11->CS27,58101,58101,0
14,US11->CS35,57470,57470,0
14,US11->CS43,58048,58048,0
14,US11->CS51,57935,57934,0
14,US11->CS59,57851,57851,0
14,US12->CS4,58102,58102,0
14,US12->CS12,58294,58293,0
14,US12->CS20,57805,57805,0
14,US12->CS28,57645,57645,0
14,US12->CS36,57997,57996,0
14,US12->CS44,57918,57918,0
14,US12->CS52,57990,57990,0
14,US12->CS60,57796,57796,0
14,US13->CS5,57968,57968,0
14,US13->CS13,57655,57654,0
14,US13->CS21,57543,57543,0
14,US13->CS29,57681,57681,0
14,US13->CS37,57973,57973,0
14,US13->CS45,57625,57625,0
14,US13->CS53,57901,57901,0
14,US13->CS61,58004,58004,0
14,US14->CS6,57713,57713,0
14,US14->CS14,58066,58066,0
14,US14->CS22,58220,58220,0
14,US14->CS30,57887,57887,0
14,US14->CS38,58417,58417,0
14,US14->CS46,58211,58211,0
14,US14->CS54,57664,57664,0
14,US14->CS62,57701,57700,0
14,US15->CS7,58257,58257,0
14,US15->CS15,57996,57996,0
14,US15->CS23,58183,58182,0
14,US15->CS31,57743,57743,0
14,US15->CS39,57914,57914,0
14,US15->CS47,58215,58215,0
14,US15->CS55,58053,58053,0
14,US15->CS63,58310,58310,0
14,US16->CS0,54846,54846,0
14,US16->CS8,55245,55245,0
14,US16->CS16,55027,55027,0
14,US16->CS24,55159,55159,0
14,US16->CS32,54887,54887,0
14,US16->CS40,54970,54970,0
14,US16->CS48,55381,55381,0
14,US16->CS56,54993,54993,0
14,US17->CS1,55090,55090,0
14,US17->CS9,55234,55234,0
14,US17->CS17,55028,55028,0
14,US17->CS25,54959,54959,0
14,US17->CS33,55195,55195,0
14,US17->CS41,55103,55103,0
14,US17->CS49,55094,55094,0
14,US17->CS57,54680,54679,1
14,US18->CS2,54509,54509,0
14,US18->CS10,54998,54998,0
14,US18->CS18,54980,54980,0
14,US18->CS26,54951,54951,0
14,US18->CS34,54395,54395,0
14,US18->CS42,55255,55255,0
14,US18->CS50,54893,54893,0
14,US18->CS58,54685,54685,0
14,US19->CS3,55290,55290,0
14,US19->CS11,54851,54851,0
14,US19->CS19,54838,54838,0
14,US19->CS27,54903,54903,0
14,US19->CS35,55241,55241,0
14,US19->CS43,54835,54835,0
14,US19->CS51,55327,55327,0
14,US19->CS59,54533,54533,0
14,US20->CS4,55179,55179,0
14,US20->CS12,55020,55020,0
14,US20->CS20,55006,55006,0
14,US20->CS28,55452,55452,0
14,US20->CS36,55003,55003,0
14,US20->CS44,54824,54824,0
14,US20->CS52,54880,54880,0
14,US20->CS60,54301,54301,0
14,US21->CS5,54659,54659,0
14,US21->CS13,55098,55098,0
14,US21->CS21,55173,55173,0
14,US21->CS29,55048,55048,0
14,US21->CS37,54825,54825,0
14,US21->CS45,54895,54895,0
14,US21->CS53,55076,55076,0
14,US21->CS61,54583,54583,0
14,US22->CS6,54591,54591,0
14,US22->CS14,54937,54937,0
14,US22->CS22,55298,55298,0
14,US22->CS30,55079,55079,0
14,US22->CS38,55129,55129,0
14,US22->CS46,54817,54817,0
14,US22->CS54,54543,54543,0
14,US22->CS62,54870,54870,0
14,US23->CS7,55108,55108,0
14,US23->CS15,54973,54973,0
14,US23->CS23,55186,55186,0
14,US23->CS31,54936,54936,0
14,US23->CS39,55106,55106,0
14,US23->CS47,54738,54738,0
14,US23->CS55,54758,54758,0
14,US23->CS63,54839,54839,0
14,US24->CS0,56633,56632,0
14,US24->CS8,56734,56733,0
14,US24->CS16,56177,56176,0
14,US24->CS24,56642,56642,0
14,US24->CS32,56684,56684,0
14,US24->CS40,56424,56424,0
14,US24->CS48,56047,56046,0
14,US24->CS56,56236,56236,0
14,US25->CS1,56531,56531,0
14,US25->CS9,56079,56079,0
14,US25->CS17,56343,56343,0
14,US25->CS25,56307,56307,0
14,US25->CS33,56311,56310,0
14,US25->CS41,56301,56301,0
14,US25->CS49,56176,56176,0
14,US25->CS57,56900,56899,0
14,US26->CS2,56183,56183,0
14,US26->CS10,56463,56463,0
14,US26->CS18,56665,56665,0
14,US26->CS26,56544,56544,0
14,US26->CS34,56302,56301,0
14,US26->CS42,56515,56515,0
14,US26->CS50,56724,56724,0
14,US26->CS58,56776,56776,0
14,US27->CS3,56638,56638,0
14,US27->CS11,56621,56620,0
14,US27->CS19,56288,56288,0
14,US27->CS27,56364,56364,0
14,US27->CS35,56561,56559,0
14,US27->CS43,56789,56789,0
14,US27->CS51,56269,56269,0
14,US27->CS59,56276,56276,0
14,US28->CS4,56435,56435,0
14,US28->CS12,56452,56452,0
14,US28->CS20,56270,56270,0
14,US28->CS28,56470,56470,0
14,US28->CS36,56289,56289,0
14,US28->CS44,56071,56071,0
14,US28->CS52,56061,56060,0
14,US28->CS60,56377,56377,0
14,US29->CS5,55796,55795,0
14,US29->CS13,55993,55992,0
14,US29->CS21,55939,55938,0
14,US29->CS29,56325,56325,0
14,US29->CS37,55997,55997,0
14,US29->CS45,56107,56107,0
14,US29->CS53,56220,56220,0
14,US29->CS61,56616,56616,0
14,US30->CS6,56341,56341,0
14,US30->CS14,56203,56203,0
14,US30->CS22,56678,56678,0
14,US30->CS30,56228,56228,0
14,US30->CS38,56459,56459,0
14,US30->CS46,56707,56707,0
14,US30->CS54,56843,56843,0
14,US30->CS62,56238,56238,0
14,US31->CS7,56033,56033,0
14,US31->CS15,56532,56532,0
14,US31->CS23,56366,56366,0
14,US31->CS31,56330,56330,0
14,US31->CS39,56360,56360,0
14,US31->CS47,56622,56621,0
14,US31->CS55,56275,56274,0
14,US31->CS63,56241,56241,0
14,US32->CS0,71704,71704,0
14,US32->CS8,72017,72016,0
14,US32->CS16,71875,71874,0
14,US32->CS24,72297,72296,0
14,US32->CS32,71839,71839,0
14,US32->CS40,71652,71652,0
14,US32->CS48,71425,71424,0
14,US32->CS56,72270,72270,0
14,US33->CS1,72063,72062,0
14,US33->CS9,72229,72229,0
14,US33->CS17,71933,71933,0
14,US33->CS25,72026,72026,0
14,US33->CS33,72109,72108,0
14,US33->CS41,72265,72264,0
14,US33->CS49,72288,72288,0
14,US33->CS57,71802,71802,0
14,US34->CS2,71352,71352,0
14,US34->CS10,71796,71795,0
14,US34->CS18,72084,72082,0
14,US34->CS26,72374,72374,0
14,US34->CS34,71868,71868,0
14,US34->CS42,72276,72276,0
14,US34->CS50,71710,71710,0
14,US34->CS58,71998,71998,0
14,US35->CS3,71681,71681,0
14,US35->CS11,71939,71939,0
14,US35->CS19,71808,71808,0
14,US35->CS27,72432,72431,0
14,US35->CS35,71818,71818,0
14,US35->CS43,72225,72224,0
14,US35->CS51,72283,72283,0
14,US35->CS59,72535,72535,0
14,US36->CS4,72130,72130,0
14,US36->CS12,72113,72113,0
14,US36->CS20,71908,71908,0
14,US36->CS28,72393,72393,0
14,US36->CS36,71930,71930,0
14,US36->CS44,72010,72010,0
14,US36->CS52,72255,72254,0
14,US36->CS60,72395,72395,0
14,US37->CS5,71995,71994,0
14,US37->CS13,72411,72410,0
14,US37->CS21,71590,71588,0
14,US37->CS29,72208,72208,0
14,US37->CS37,71983,71983,0
14,US37->CS45,72496,72496,0
14,US37->CS53,71854,71853,0
14,US37->CS61,72186,72186,0
14,US38->CS6,72641,72640,0
14,US38->CS14,71627,71625,0
14,US38->CS22,71757,71757,0
14,US38->CS30,72367,72367,0
14,US38->CS38,71966,71966,0
14,US38->CS46,71490,71489,0
14,US38->CS54,71749,71748,0
14,US38->CS62,71662,71662,0
14,US39->CS7,72008,72008,0
14,US39->CS15,72048,72048,0
14,US39->CS23,72122,72121,0
14,US39->CS31,72332,72331,0
14,US39->CS39,71593,71591,0
14,US39->CS47,72122,72121,0
14,US39->CS55,71629,71629,0
14,US39->CS63,71952,71952,0
14,US40->CS0,55022,55022,0
14,US40->CS8,54863,54863,0
14,US40->CS16,55097,55097,0
14,US40->CS24,55256,55256,0
14,US40->CS32,54873,54873,0
14,US40->CS40,55206,55206,0
14,US40->CS48,55220,55220,0
14,US40->CS56,54393,54393,0
14,US41->CS1,54635,54635,0
14,US41->CS9,55094,55094,0
14,US41->CS17,55290,55290,0
14,US41->CS25,55226,55226,0
14,US41->CS33,55030,55030,0
14,US41->CS41,54951,54951,0
14,US41->CS49,55111,55111,0
14,US41->CS57,54701,54701,0
14,US42->CS2,54600,54600,0
14,US42->CS10,54921,54921,0
14,US42->CS18,54717,54717,0
14,US42->CS26,54786,54786,0
14,US42->CS34,54769,54769,0
14,US42->CS42,55161,55161,0
14,US42->CS50,54457,54457,0
14,US42->CS58,54684,54684,0
14,US43->CS3,54747,54747,0
14,US43->CS11,54897,54897,0
14,US43->CS19,54553,54553,0
14,US43->CS27,55018,55018,0
14,US43->CS35,55116,55116,0
14,US43->CS43,55098,55098,0
14,US43->CS51,55033,55033,0
14,US43->CS59,54828,54828,0
14,US44->CS4,54776,54776,0
14,US44->CS12,55160,55160,0
14,US44->CS20,54932,54932,0
14,US44->CS28,54618,54618,0
14,US44->CS36,54861,54861,0
14,US44->CS44,54698,54698,0
14,US44->CS52,54903,54903,0
14,US44->CS60,55233,55233,0
14,US45->CS5,55426,55426,0
14,US45->CS13,55066,55066,0
14,US45->CS21,54948,54948,0
14,US45->CS29,55274,55274,0
14,US45->CS37,54997,54997,0
14,US45->CS45,54985,54985,0
14,US45->CS53,54980,54980,0
14,US45->CS61,55036,55036,0
14,US46->CS6,54659,54659,0
14,US46->CS14,55275,55275,0
14,US46->CS22,54766,54766,0
14,US46->CS30,55325,55325,0
14,US46->CS38,54511,54511,0
14,US46->CS46,54914,54914,0
14,US46->CS54,55026,55026,0
14,US46->CS62,54696,54696,0
14,US47->CS7,54863,54863,0
14,US47->CS15,54749,54749,0
14,US47->CS23,55317,55317,0
14,US47->CS31,55422,55422,0
14,US47->CS39,55243,55243,0
14,US47->CS47,54933,54933,0
14,US47->CS55,54898,54898,0
14,US47->CS63,54853,54853,0
14,US48->CS0,51915,51915,0
14,US48->CS8,52023,52023,0
14,US48->CS16,51751,51751,0
14,US48->CS24,51772,51772,0
14,US48->CS32,51587,51587,0
14,US48->CS40,52062,52062,0
14,US48->CS48,51487,51487,0
14,US48->CS56,51535,51535,0
14,US49->CS1,52304,52304,0
14,US49->CS9,52108,52108,0
14,US49->CS17,51704,51704,0
14,US49->CS25,51432,51432,0
14,US49->CS33,51930,51930,0
14,US49->CS41,51968,51968,0
14,US49->CS49,51929,51929,0
14,US49->CS57,51951,51951,0
14,US50->CS2,51642,51642,0
14,US50->CS10,51836,51836,0
14,US50->CS18,51702,51702,0
14,US50->CS26,51755,51755,0
14,US50->CS34,51852,51852,0
14,US50->CS42,51746,51746,0
14,US50->CS50,51805,51805,0
14,US50->CS58,51930,51930,0
14,US51->CS3,52227,52227,0
14,US51->CS11,51495,51495,0
14,US51->CS19,51977,51977,0
14,US51->CS27,52029,52029,0
14,US51->CS35,52131,52131,0
14,US51->CS43,51979,51979,0
14,US51->CS51,51616,51616,0
14,US51->CS59,52061,52061,0
14,US52->CS4,51719,51719,0
14,US52->CS12,51792,51792,0
14,US52->CS20,51626,51626,0
14,US52->CS28,51678,51678,0
14,US52->CS36,52086,52086,0
14,US52->CS44,52318,52318,0
14,US52->CS52,51915,51915,0
14,US52->CS60,51692,51692,0
14,US53->CS5,52216,52216,0
14,US53->CS13,51714,51714,0
14,US53->CS21,51764,51764,0
14,US53->CS29,51818,51818,0
14,US53->CS37,51645,51645,0
14,US53->CS45,51903,51903,0
14,US53->CS53,51486,51486,0
14,US53->CS61,51659,51659,0
14,US54->CS6,51867,51867,0
14,US54->CS14,52425,52425,0
14,US54->CS22,51717,51717,0
14,US54->CS30,51949,51949,0
14,US54->CS38,51836,51836,0
14,US54->CS46,52123,52123,0
14,US54->CS54,51791,51791,0
14,US54->CS62,51579,51579,0
14,US55->CS7,51814,51814,0
14,US55->CS15,52051,52051,0
14,US55->CS23,51792,51792,0
14,US55->CS31,51954,51954,0
14,US55->CS39,51783,51783,0
14,US55->CS47,51931,51931,0
14,US55->CS55,51865,51865,0
14,US55->CS63,51455,51455,0
14,US56->CS0,56027,56027,0
14,US56->CS8,56259,56259,0
14,US56->CS16,55850,55849,0
14,US56->CS24,56293,56293,0
14,US56->CS32,56424,56424,0
14,US56->CS40,56107,56107,0
14,US56->CS48,56136,56135,0
14,US56->CS56,55796,55795,0
14,US57->CS1,56002,56001,0
14,US57->CS9,56179,56178,0
14,US57->CS17,56318,56318,0
14,US57->CS25,55861,55861,0
14,US57->CS33,55786,55786,0
14,US57->CS41,56093,56093,0
14,US57->CS49,56089,56088,0
14,US57->CS57,55756,55756,0
14,US58->CS2,56560,56560,0
14,US58->CS10,55881,55881,0
14,US58->CS18,56013,56013,0
14,US58->CS26,55974,55974,0
14,US58->CS34,55944,55944,0
14,US58->CS42,55615,55615,0
14,US58->CS50,56202,56202,0
14,US58->CS58,56106,56105,0
14,US59->CS3,56383,56383,0
14,US59->CS11,55765,55765,0
14,US59->CS19,55408,55408,0
14,US59->CS27,56038,56038,0
14,US59->CS35,55823,55823,0
14,US59->CS43,55887,55887,0
14,US59->CS51,55820,55819,0
14,US59->CS59,55893,55893,0
14,US60->CS4,55913,55913,0
14,US60->CS12,55615,55614,0
14,US60->CS20,55750,55749,0
14,US60->CS28,55380,55380,0
14,US60->CS36,56306,56306,0
14,US60->CS44,55927,55927,0
14,US60->CS52,55921,55921,0
14,US60->CS60,56143,56143,0
14,US61->CS5,56002,56001,0
14,US61->CS13,55671,55671,0
14,US61->CS21,55969,55969,0
14,US61->CS29,56257,56257,0
14,US61->CS37,56042,56042,0
14,US61->CS45,56166,56166,0
14,US61->CS53,55833,55831,0
14,US61->CS61,56042,56042,0
14,US62->CS6,55999,55998,0
14,US62->CS14,55908,55908,0
14,US62->CS22,55727,55727,0
14,US62->CS30,55447,55446,0
14,US62->CS38,55547,55547,0
14,US62->CS46,56247,56246,0
14,US62->CS54,55986,55986,0
14,US62->CS62,55936,55936,0
14,US63->CS7,55690,55690,0
14,US63->CS15,56113,56113,0
14,US63->CS23,56066,56065,0
14,US63->CS31,56374,56374,0
14,US63->CS39,56197,56197,0
14,US63->CS47,55895,55895,0
14,US63->CS55,56107,56107,0
14,US63->CS63,56085,56085,0
14,US64->CS0,72311,72311,0
14,US64->CS8,71945,71945,0
14,US64->CS16,72246,72246,0
14,US64->CS24,71946,71946,0
14,US64->CS32,71822,71821,0
14,US64->CS40,72088,72088,0
14,US64->CS48,72005,72003,0
14,US64->CS56,71699,71699,0
14,US65->CS1,71612,71611,0
14,US65->CS9,71626,71625,0
14,US65->CS17,71955,71953,0
14,US65->CS25,71651,71650,0
14,US65->CS33,71928,71928,0
14,US65->CS41,72269,72269,0
14,US65->CS49,71775,71775,0
14,US65->CS57,71658,71657,0
14,US66->CS2,71990,71990,0
14,US66->CS10,71599,71598,0
14,US66->CS18,72192,72192,0
14,US66->CS26,71840,71838,0
14,US66->CS34,71611,71611,0
14,US66->CS42,71707,71707,0
14,US66->CS50,71873,71873,0
14,US66->CS58,72523,72522,0
14,US67->CS3,71687,71687,0
14,US67->CS11,71988,71988,0
14,US67->CS19,71586,71584,0
14,US67->CS27,71579,71578,0
14,US67->CS35,71619,71619,0
14,US67->CS43,71831,71830,0
14,US67->CS51,71482,71481,0
14,US67->CS59,72072,72071,0
14,US68->CS4,71991,71991,0
14,US68->CS12,71555,71555,0
14,US68->CS20,71494,71493,0
14,US68->CS28,71390,71390,0
14,US68->CS36,71829,71828,0
14,US68->CS44,71917,71917,0
14,US68->CS52,72081,72081,0
14,US68->CS60,71875,71875,0
14,US69->CS5,71967,71967,0
14,US69->CS13,71920,71920,0
14,US69->CS21,71542,71542,0
14,US69->CS29,72162,72161,0
14,US69->CS37,72276,72276,0
14,US69->CS45,71565,71565,0
14,US69->CS53,71656,71655,0
14,US69->CS61,71597,71597,0
14,US70->CS6,71676,71675,0
14,US70->CS14,71576,71575,0
14,US70->CS22,72219,72218,0
14,US70->CS30,71749,71749,0
14,US70->CS38,72190,72190,0
14,US70->CS46,72227,72226,0
14,US70->CS54,71770,71770,0
14,US70->CS62,71879,71879,0
14,US71->CS7,71965,71965,0
14,US71->CS15,71676,71676,0
14,US71->CS23,72125,72125,0
14,US71->CS31,72150,72150,0
14,US71->CS39,72057,72057,0
14,US71->CS47,71380,71380,0
14,US71->CS55,71248,71248,0
14,US71->CS63,71817,71817,0
14,US72->CS0,51583,51583,0
14,US72->CS8,51744,51744,0
14,US72->CS16,51690,51690,0
14,US72->CS24,51354,51354,0
14,US72->CS32,51230,51230,0
14,US72->CS40,51500,51500,0
14,US72->CS48,51333,51333,0
14,US72->CS56,51070,51070,0
14,US73->CS1,51032,51032,0
14,US73->CS9,51256,51256,0
14,US73->CS17,51355,51355,0
14,US73->CS25,51638,51638,0
14,US73->CS33,51424,51424,0
14,US73->CS41,51502,51502,0
14,US73->CS49,51368,51368,0
14,US73->CS57,51580,51580,0
14,US74->CS2,51336,51336,0
14,US74->CS10,51222,51222,0
14,US74->CS18,51520,51520,0
14,US74->CS26,51593,51593,0
14,US74->CS34,51402,51402,0
14,US74->CS42,51431,51431,0
14,US74->CS50,51388,51388,0
14,US74->CS58,51494,51494,0
14,US75->CS3,51572,51572,0
14,US75->CS11,51513,51513,0
14,US75->CS19,51431,51431,0
14,US75->CS27,51264,51264,0
14,US75->CS35,51214,51214,0
14,US75->CS43,51514,51514,0
14,US75->CS51,51574,51574,0
14,US75->CS59,51289,51289,0
14,US76->CS4,51549,51549,0
14,US76->CS12,51428,51428,0
14,US76->CS20,51410,51410,0
14,US76->CS28,51615,51615,0
14,US76->CS36,51472,51472,0
14,US76->CS44,51418,51418,0
14,US76->CS52,51283,51283,0
14,US76->CS60,51137,51137,0
14,US77->CS5,51280,51280,0
14,US77->CS13,51787,51787,0
14,US77->CS21,51585,51585,0
14,US77->CS29,51344,51344,0
14,US77->CS37,51168,51168,0
14,US77->CS45,51417,51417,0
14,US77->CS53,51180,51180,0
14,US77->CS61,51587,51587,0
14,US78->CS6,51286,51286,0
14,US78->CS14,51436,51436,0
14,US78->CS22,51319,51319,0
14,US78->CS30,51456,51456,0
14,US78->CS38,50912,50912,0
14,US78->CS46,51301,51301,0
14,US78->CS54,51163,51163,0
14,US78->CS62,51385,51385,0
14,US79->CS7,51323,51323,0
14,US79->CS15,51505,51505,0
14,US79->CS23,51614,51614,0
14,US79->CS31,51545,51545,0
14,US79->CS39,51726,51726,0
14,US79->CS47,51462,51462,0
14,US79->CS55,51401,51401,0
14,US79->CS63,51459,51459,0
14,US80->CS0,51333,51333,0
14,US80->CS8,51364,51364,0
14,US80->CS16,51198,51198,0
14,US80->CS24,51654,51654,0
14,US80->CS32,51743,51743,0
14,US80->CS40,51840,51840,0
14,US80->CS48,51322,51321,0
14,US80->CS56,51684,51684,0
14,US81->CS1,51886,51886,0
14,US81->CS9,51857,51857,0
14,US81->CS17,51620,51620,0
14,US81->CS25,51523,51523,0
14,US81->CS33,51666,51666,0
14,US81->CS41,51361,51361,0
14,US81->CS49,51568,51566,0
14,US81->CS57,51781,51781,0
14,US82->CS2,52041,52041,0
14,US82->CS10,51750,51750,0
14,US82->CS18,51157,51157,0
14,US82->CS26,52054,52054,0
14,US82->CS34,51668,51668,0
14,US82->CS42,51532,51531,0
14,US82->CS50,51919,51918,0
14,US82->CS58,51863,51863,0
14,US83->CS3,51379,51379,0
14,US83->CS11,51649,51649,0
14,US83->CS19,51938,51938,0
14,US83->CS27,52264,52264,0
14,US83->CS35,51641,51641,0
14,US83->CS43,51404,51404,0
14,US83->CS51,51520,51520,0
14,US83->CS59,51800,51800,0
14,US84->CS4,51440,51440,0
14,US84->CS12,51560,51560,0
14,US84->CS20,51767,51767,0
14,US84->CS28,51508,51508,0
14,US84->CS36,51730,51729,0
14,US84->CS44,51866,51866,0
14,US84->CS52,51648,51648,0
14,US84->CS60,51431,51431,0
14,US85->CS5,51632,51632,0
14,US85->CS13,51838,51837,0
14,US85->CS21,51528,51528,0
14,US85->CS29,51195,51195,0
14,US85->CS37,51721,51721,0
14,US85->CS45,51996,51996,0
14,US85->CS53,51874,51874,0
14,US85->CS61,51474,51474,0
14,US86->CS6,51557,51557,0
14,US86->CS14,51436,51435,0
14,US86->CS22,51901,51901,0
14,US86->CS30,51826,51826,0
14,US86->CS38,51510,51510,0
14,US86->CS46,52299,52299,0
14,US86->CS54,51592,51592,0
14,US86->CS62,51341,51340,0
14,US87->CS7,51339,51338,0
14,US87->CS15,51585,51585,0
14,US87->CS23,51984,51984,0
14,US87->CS31,51610,51610,0
14,US87->CS39,51818,51818,0
14,US87->CS47,51312,51311,0
14,US87->CS55,51567,51567,0
14,US87->CS63,51599,51599,0
14,US88->CS0,51393,51393,0
14,US88->CS8,51619,51619,0
14,US88->CS16,51668,51668,0
14,US88->CS24,51587,51587,0
14,US88->CS32,51622,51622,0
14,US88->CS40,51817,51817,0
14,US88->CS48,51463,51463,0
14,US88->CS56,51531,51531,0
14,US89->CS1,51504,51504,0
14,US89->CS9,51702,51702,0
14,US89->CS17,51534,51534,0
14,US89->CS25,51640,51640,0
14,US89->CS33,51361,51361,0
14,US89->CS41,51356,51356,0
14,US89->CS49,51206,51206,0
14,US89->CS57,51808,51808,0
14,US90->CS2,51507,51507,0
14,US90->CS10,52187,52187,0
14,US90->CS18,51609,51609,0
14,US90->CS26,51667,51667,0
14,US90->CS34,51331,51331,0
14,US90->CS42,51308,51308,0
14,US90->CS50,51509,51509,0
14,US90->CS58,51600,51600,0
14,US91->CS3,51710,51710,0
14,US91->CS11,51462,51462,0
14,US91->CS19,51705,51705,0
14,US91->CS27,51575,51575,0
14,US91->CS35,51142,51142,0
14,US91->CS43,51842,51842,0
14,US91->CS51,51754,51754,0
14,US91->CS59,51514,51514,0
14,US92->CS4,51504,51504,0
14,US92->CS12,51515,51515,0
14,US92->CS20,51072,51072,0
14,US92->CS28,51744,51744,0
14,US92->CS36,51363,51363,0
14,US92->CS44,51591,51591,0
14,US92->CS52,51790,51790,0
14,US92->CS60,51815,51815,0
14,US93->CS5,51301,51301,0
14,US93->CS13,51135,51135,0
14,US93->CS21,51947,51947,0
14,US93->CS29,51567,51567,0
14,US93->CS37,51587,51587,0
14,US93->CS45,51335,51335,0
14,US93->CS53,51855,51855,0
14,US93->CS61,51420,51420,0
14,US94->CS6,51247,51247,0
14,US94->CS14,51337,51337,0
14,US94->CS22,51470,51470,0
14,US94->CS30,51512,51512,0
14,US94->CS38,51633,51633,0
14,US94->CS46,51724,51724,0
14,US94->CS54,51276,51276,0
14,US94->CS62,51540,51540,0
14,US95->CS7,51516,51516,0
14,US95->CS15,51537,51537,0
14,US95->CS23,51019,51019,0
14,US95->CS31,51674,51674,0
14,US95->CS39,52055,52055,0
14,US95->CS47,51782,51782,0
14,US95->CS55,50918,50918,0
14,US95->CS63,51649,51649,0
14,US96->CS0,64471,64471,0
14,US96->CS8,64366,64366,0
14,US96->CS16,64802,64800,0
14,US96->CS24,65208,65208,0
14,US96->CS32,64607,64607,0
14,US96->CS40,64676,64675,0
14,US96->CS48,64808,64808,0
14,US96->CS56,65256,65256,0
14,US97->CS1,64660,64659,0
14,US97->CS9,64625,64623,0
14,US97->CS17,64253,64252,0
14,US97->CS25,64871,64870,0
14,US97->CS33,65148,65148,0
14,US97->CS41,65049,65049,0
14,US97->CS49,64734,64734,0
14,US97->CS57,64626,64626,0
14,US98->CS2,64347,64346,0
14,US98->CS10,64881,64881,0
14,US98->CS18,64694,64694,0
14,US98->CS26,64601,64601,0
14,US98->CS34,64862,64861,0
14,US98->CS42,64430,64430,0
14,US98->CS50,64250,64250,0
14,US98->CS58,64661,64661,0
14,US99->CS3,64954,64952,0
14,US99->CS11,64270,64267,0
14,US99->CS19,64630,64630,0
14,US99->CS27,64725,64725,0
14,US99->CS35,64794,64794,0
14,US99->CS43,64347,64347,0
14,US99->CS51,64588,64587,0
14,US99->CS59,64954,64954,0
14,US100->CS4,64542,64542,0
14,US100->CS12,64627,64626,0
14,US100->CS20,65432,65432,0
14,US100->CS28,64992,64992,0
14,US100->CS36,64885,64885,0
14,US100->CS44,64634,64632,0
14,US100->CS52,64455,64454,0
14,US100->CS60,64909,64909,0
14,US101->CS5,64820,64820,0
14,US101->CS13,64402,64402,0
14,US101->CS21,64402,64400,0
14,US101->CS29,64416,64414,0
14,US101->CS37,64734,64734,0
14,US101->CS45,64815,64815,0
14,US101->CS53,65042,65040,0
14,US101->CS61,64136,64136,0
14,US102->CS6,64890,64889,0
14,US102->CS14,64865,64864,0
14,US102->CS22,64528,64528,0
14,US102->CS30,64742,64741,0
14,US102->CS38,64824,64824,0
14,US102->CS46,64936,64936,0
14,US102->CS54,64457,64457,0
14,US102->CS62,64686,64686,0
14,US103->CS7,64477,64477,0
14,US103->CS15,64858,64858,0
14,US103->CS23,64593,64593,0
14,US103->CS31,64595,64595,0
14,US103->CS39,64764,64764,0
14,US103->CS47,64934,64933,0
14,US103->CS55,64930,64930,0
14,US103->CS63,64858,64858,0
14,US104->CS0,63213,63213,0
14,US104->CS8,63288,63288,0
14,US104->CS16,63139,63138,0
14,US104->CS24,63570,63570,0
14,US104->CS32,63129,63128,0
14,US104->CS40,63368,63368,0
14,US104->CS48,63510,63510,0
14,US104->CS56,63283,63282,0
14,US105->CS1,62804,62804,0
14,US105->CS9,63319,63319,0
14,US105->CS17,63603,63602,0
14,US105->CS25,63670,63668,0
14,US105->CS33,63248,63248,0
14,US105->CS41,63186,63185,0
14,US105->CS49,63226,63226,0
14,US105->CS57,63335,63335,0
14,US106->CS2,63577,63577,0
14,US106->CS10,63114,63113,0
14,US106->CS18,63805,63805,0
14,US106->CS26,63339,63339,0
14,US106->CS34,63314,63313,0
14,US106->CS42,63260,63260,0
14,US106->CS50,63297,63296,0
14,US106->CS58,62958,62957,0
14,US107->CS3,63282,63282,0
14,US107->CS11,63582,63582,0
14,US107->CS19,63358,63358,0
14,US107->CS27,63756,63756,0
14,US107->CS35,63722,63722,0
14,US107->CS43,63527,63527,0
14,US107->CS51,63212,63211,0
14,US107->CS59,63326,63326,0
14,US108->CS4,63250,63250,0
14,US108->CS12,63316,63316,0
14,US108->CS20,63556,63556,0
14,US108->CS28,63332,63332,0
14,US108->CS36,63553,63553,0
14,US108->CS44,63393,63393,0
14,US108->CS52,63051,63051,0
14,US108->CS60,63176,63176,0
14,US109->CS5,63032,63031,0
14,US109->CS13,64041,64041,0
14,US109->CS21,63504,63503,0
14,US109->CS29,63472,63472,0
14,US109->CS37,62898,62897,0
14,US109->CS45,63525,63525,0
14,US109->CS53,63382,63382,0
14,US109->CS61,62842,62842,0
14,US110->CS6,63718,63718,0
14,US110->CS14,63386,63386,0
14,US110->CS22,63221,63221,0
14,US110->CS30,63305,63305,0
14,US110->CS38,63455,63454,0
14,US110->CS46,63329,63329,0
14,US110->CS54,63312,63312,0
14,US110->CS62,63570,63570,0
14,US111->CS7,63179,63178,0
14,US111->CS15,63794,63794,0
14,US111->CS23,63622,63621,0
14,US111->CS31,63279,63278,0
14,US111->CS39,63506,63504,0
14,US111->CS47,63455,63455,0
14,US111->CS55,62991,62991,0
14,US111->CS63,63791,63791,0
14,US112->CS0,53016,53016,0
14,US112->CS8,53301,53301,0
14,US112->CS16,52937,52937,0
14,US112->CS24,53853,53853,0
14,US112->CS32,53208,53208,0
14,US112->CS40,53282,53282,0
14,US112->CS48,53203,53203,0
14,US112->CS56,53634,53634,0
14,US113->CS1,53247,53247,0
14,US113->CS9,53628,53628,0
14,US113->CS17,53323,53323,0
14,US113->CS25,53537,53537,0
14,US113->CS33,53392,53392,0
14,US113->CS41,53197,53197,0
14,US113->CS49,53121,53121,0
14,US113->CS57,53420,53420,0
14,US114->CS2,53583,53583,0
14,US114->CS10,53901,53901,0
14,US114->CS18,53693,53693,0
14,US114->CS26,53171,53171,0
14,US114->CS34,53543,53543,0
14,US114->CS42,53468,53468,0
14,US114->CS50,53834,53834,0
14,US114->CS58,53661,53661,0
14,US115->CS3,53828,53828,0
14,US115->CS11,53595,53595,0
14,US115->CS19,52990,52990,0
14,US115->CS27,53088,53088,0
14,US115->CS35,53248,53248,0
14,US115->CS43,53715,53715,0
14,US115->CS51,53731,53731,0
14,US115->CS59,53310,53310,0
14,US116->CS4,53645,53645,0
14,US116->CS12,53070,53070,0
14,US116->CS20,53438,53438,0
14,US116->CS28,53371,53371,0
14,US116->CS36,53597,53597,0
14,US116->CS44,53198,53198,0
14,US116->CS52,53117,53117,0
14,US116->CS60,53504,53504,0
14,US117->CS5,53314,53314,0
14,US117->CS13,53702,53702,0
14,US117->CS21,53349,53349,0
14,US117->CS29,53574,53574,0
14,US117->CS37,53251,53251,0
14,US117->CS45,53231,53231,0
14,US117->CS53,53583,53583,0
14,US117->CS61,53356,53356,0
14,US118->CS6,53244,53244,0
14,US118->CS14,53354,53354,0
14,US118->CS22,53258,53258,0
14,US118->CS30,53362,53362,0
14,US118->CS38,53298,53298,0
14,US118->CS46,53320,53320,0
14,US118->CS54,53617,53617,0
14,US118->CS62,53103,53103,0
14,US119->CS7,53692,53692,0
14,US119->CS15,53646,53646,0
14,US119->CS23,53333,53333,0
14,US119->CS31,53504,53504,0
14,US119->CS39,53372,53372,0
14,US119->CS47,53474,53474,0
14,US119->CS55,53285,53285,0
14,US119->CS63,53582,53582,0
14,US120->CS0,51591,51591,0
14,US120->CS8,50957,50957,0
14,US120->CS16,51520,51520,0
14,US120->CS24,51349,51349,0
14,US120->CS32,51362,51362,0
14,US120->CS40,51719,51719,0
14,US120->CS48,51521,51521,0
14,US120->CS56,51130,51130,0
14,US121->CS1,51596,51596,0
14,US121->CS9,51232,51232,0
14,US121->CS17,51216,51216,0
14,US121->CS25,51194,51194,0
14,US121->CS33,51397,51397,0
14,US121->CS41,51272,51272,0
14,US121->CS49,51559,51559,0
14,US121->CS57,50838,50838,0
14,US122->CS2,51707,51707,0
14,US122->CS10,51281,51281,0
14,US122->CS18,51075,51075,0
14,US122->CS26,51302,51302,0
14,US122->CS34,51466,51466,0
14,US122->CS42,51129,51129,0
14,US122->CS50,51012,51012,0
14,US122->CS58,51585,51585,0
14,US123->CS3,51493,51493,0
14,US123->CS11,51123,51123,0
14,US123->CS19,51187,51187,0
14,US123->CS27,51282,51282,0
14,US123->CS35,51066,51066,0
14,US123->CS43,51099,51099,0
14,US123->CS51,51146,51146,0
14,US123->CS59,50709,50709,0
14,US124->CS4,51112,51112,0
14,US124->CS12,51150,51150,0
14,US124->CS20,51618,51618,0
14,US124->CS28,51097,51097,0
14,US124->CS36,51254,51254,0
14,US124->CS44,50850,50850,0
14,US124->CS52,51459,51459,0
14,US124->CS60,51099,51099,0
14,US125->CS5,50971,50971,0
14,US125->CS13,51796,51796,0
14,US125->CS21,51258,51258,0
14,US125->CS29,51241,51241,0
14,US125->CS37,51268,51268,0
14,US125->CS45,51372,51372,0
14,US125->CS53,51122,51122,0
14,US125->CS61,51737,51737,0
14,US126->CS6,51485,51485,0
14,US126->CS14,51431,51431,0
14,US126->CS22,51635,51635,0
14,US126->CS30,50921,50921,0
14,US126->CS38,51291,51291,0
14,US126->CS46,50921,50921,0
14,US126->CS54,51422,51422,0
14,US126->CS62,51159,51159,0
14,US127->CS7,51768,51768,0
14,US127->CS15,50923,50923,0
14,US127->CS23,51049,51049,0
14,US127->CS31,51519,51519,0
14,US127->CS39,51069,51069,0
14,US127->CS47,51113,51113,0
14,US127->CS55,51153,51153,0
14,US127->CS63,51381,51381,0
14,CS0->US0,51863,51863,0
14,CS0->US8,51355,51355,0
14,CS0->US16,51713,51713,0
14,CS0->US24,55944,55943,0
14,CS0->US32,72198,72197,0
14,CS0->US40,52998,52998,0
14,CS0->US48,51863,51863,0
14,CS0->US56,56719,56719,0
14,CS0->US64,71660,71660,0
14,CS0->US72,51331,51331,0
14,CS0->US80,58255,58255,0
14,CS0->US88,51723,51723,0
14,CS0->US96,63144,63144,0
14,CS0->US104,64479,64479,0
14,CS0->US112,55193,55193,0
14,CS0->US120,54780,54780,0
14,CS1->US1,52203,52203,0
14,CS1->US9,52068,52068,0
14,CS1->US17,51717,51717,0
14,CS1->US25,56049,56049,0
14,CS1->US33,71498,71497,0
14,CS1->US41,53357,53357,0
14,CS1->US49,51880,51880,0
14,CS1->US57,56514,56513,0
14,CS1->US65,71967,71967,0
14,CS1->US73,51454,51454,0
14,CS1->US81,57791,57791,0
14,CS1->US89,51089,51089,0
14,CS1->US97,62774,62774,0
14,CS1->US105,64615,64615,0
14,CS1->US113,54744,54744,0
14,CS1->US121,54984,54984,0
14,CS2->US2,51585,51585,0
14,CS2->US10,52103,52103,0
14,CS2->US18,51771,51771,0
14,CS2->US26,56510,56510,0
14,CS2->US34,71860,71860,0
14,CS2->US42,53518,53518,0
14,CS2->US50,51580,51580,0
14,CS2->US58,56288,56288,0
14,CS2->US66,71272,71270,0
14,CS2->US74,51376,51376,0
14,CS2->US82,58210,58210,0
14,CS2->US90,51482,51482,0
14,CS2->US98,63473,63473,0
14,CS2->US106,64355,64355,0
14,CS2->US114,54784,54784,0
14,CS2->US122,54502,54502,0
14,CS3->US3,52109,52109,0
14,CS3->US11,51415,51415,0
14,CS3->US19,51548,51548,0
14,CS3->US27,56359,56359,0
14,CS3->US35,71642,71642,0
14,CS3->US43,53880,53880,0
14,CS3->US51,52043,52043,0
14,CS3->US59,56661,56660,0
14,CS3->US67,71635,71634,0
14,CS3->US75,51597,51597,0
14,CS3->US83,57636,57636,0
14,CS3->US91,51714,51714,0
14,CS3->US99,63245,63244,0
14,CS3->US107,64872,64872,0
14,CS3->US115,54913,54913,0
14,CS3->US123,55238,55238,0
14,CS4->US4,51661,51661,0
14,CS4->US12,51415,51415,0
14,CS4->US20,51338,51338,0
14,CS4->US28,55952,55952,0
14,CS4->US36,71861,71861,0
14,CS4->US44,53587,53587,0
14,CS4->US52,51920,51920,0
14,CS4->US60,56524,56524,0
14,CS4->US68,72079,72078,0
14,CS4->US76,51379,51379,0
14,CS4->US84,58100,58100,0
14,CS4->US92,51743,51743,0
14,CS4->US100,63185,63183,0
14,CS4->US108,64480,64480,0
14,CS4->US116,54874,54874,0
14,CS4->US124,55153,55153,0
14,CS5->US5,52222,52222,0
14,CS5->US13,51664,51663,0
14,CS5->US21,51115,51115,0
14,CS5->US29,56089,56089,0
14,CS5->US37,71873,71872,0
14,CS5->US45,53287,53287,0
14,CS5->US53,51649,51649,0
14,CS5->US61,55847,55847,0
14,CS5->US69,71879,71879,0
14,CS5->US77,51215,51215,0
14,CS5->US85,57970,57970,0
14,CS5->US93,51333,51333,0
14,CS5->US101,63024,63024,0
14,CS5->US109,64680,64680,0
14,CS5->US117,55542,55542,0
14,CS5->US125,54664,54664,0
14,CS6->US6,51750,51750,0
14,CS6->US14,51579,51579,0
14,CS6->US22,51542,51542,0
14,CS6->US30,55984,55984,0
14,CS6->US38,71624,71624,0
14,CS6->US46,53308,53308,0
14,CS6->US54,51558,51558,0
14,CS6->US62,56421,56421,0
14,CS6->US70,72578,72578,0
14,CS6->US78,51243,51243,0
14,CS6->US86,57770,57770,0
14,CS6->US94,51432,51432,0
14,CS6->US102,63629,63628,0
14,CS6->US110,64806,64806,0
14,CS6->US118,54832,54832,0
14,CS6->US126,54547,54547,0
14,CS7->US7,51790,51790,0
14,CS7->US15,51392,51392,0
14,CS7->US23,51902,51902,0
14,CS7->US31,55732,55731,0
14,CS7->US39,71789,71789,0
14,CS7->US47,53690,53690,0
14,CS7->US55,51841,51841,0
14,CS7->US63,56204,56204,0
14,CS7->US71,71883,71883,0
14,CS7->US79,51449,51449,0
14,CS7->US87,58228,58228,0
14,CS7->US95,51442,51442,0
14,CS7->US103,63100,63100,0
14,CS7->US111,64496,64495,0
14,CS7->US119,55077,55077,0
14,CS7->US127,54993,54993,0
14,CS8->US0,52005,52005,0
14,CS8->US8,51386,51386,0
14,CS8->US16,50980,50980,0
14,CS8->US24,56249,56249,0
14,CS8->US32,71832,71832,0
14,CS8->US40,53321,53321,0
14,CS8->US48,51373,51373,0
14,CS8->US56,56840,56839,0
14,CS8->US64,71978,71978,0
14,CS8->US72,51545,51545,0
14,CS8->US80,58084,58084,0
14,CS8->US88,51759,51759,0
14,CS8->US96,63169,63169,0
14,CS8->US104,64328,64328,0
14,CS8->US112,55014,55014,0
14,CS8->US120,55256,55256,0
14,CS9->US1,52095,52095,0
14,CS9->US9,51871,51870,0
14,CS9->US17,51435,51435,0
14,CS9->US25,56199,56199,0
14,CS9->US33,71506,71506,0
14,CS9->US41,53559,53559,0
14,CS9->US49,51418,51418,0
14,CS9->US57,56094,56094,0
14,CS9->US65,72155,72154,0
14,CS9->US73,51575,51575,0
14,CS9->US81,57985,57985,0
14,CS9->US89,51443,51443,0
14,CS9->US97,63341,63341,0
14,CS9->US105,64597,64597,0
14,CS9->US113,55227,55227,0
14,CS9->US121,55152,55152,0
14,CS10->US2,51717,51717,0
14,CS10->US10,51800,51800,0
14,CS10->US18,51365,51365,0
14,CS10->US26,55926,55926,0
14,CS10->US34,71493,71492,0
14,CS10->US42,53927,53927,0
14,CS10->US50,51759,51759,0
14,CS10->US58,56514,56514,0
14,CS10->US66,71743,71743,0
14,CS10->US74,52103,52103,0
14,CS10->US82,58192,58191,0
14,CS10->US90,51345,51345,0
14,CS10->US98,63066,63065,0
14,CS10->US106,64763,64762,0
14,CS10->US114,55015,55015,0
14,CS10->US122,54966,54966,0
14,CS11->US3,51395,51395,0
14,CS11->US11,51674,51674,0
14,CS11->US19,51215,51215,0
14,CS11->US27,55775,55775,0
14,CS11->US35,71885,71884,0
14,CS11->US43,53632,53632,0
14,CS11->US51,52060,52060,0
14,CS11->US59,56595,56595,0
14,CS11->US67,71858,71858,0
14,CS11->US75,51325,51325,0
14,CS11->US83,58176,58176,0
14,CS11->US91,51624,51624,0
14,CS11->US99,63607,63607,0
14,CS11->US107,64247,64246,0
14,CS11->US115,55136,55136,0
14,CS11->US123,54859,54859,0
14,CS12->US4,51674,51674,0
14,CS12->US12,51753,51753,0
14,CS12->US20,51305,51305,0
14,CS12->US28,55652,55652,0
14,CS12->US36,71462,71461,0
14,CS12->US44,53144,53144,0
14,CS12->US52,51862,51862,0
14,CS12->US60,56403,56403,0
14,CS12->US68,72035,72035,0
14,CS12->US76,51520,51520,0
14,CS12->US84,58196,58196,0
14,CS12->US92,51589,51589,0
14,CS12->US100,63316,63315,0
14,CS12->US108,64562,64561,0
14,CS12->US116,55316,55316,0
14,CS12->US124,54837,54837,0
14,CS13->US5,51624,51624,0
14,CS13->US13,51823,51823,0
14,CS13->US21,51853,51853,0
14,CS13->US29,55682,55682,0
14,CS13->US37,71777,71777,0
14,CS13->US45,53725,53725,0
14,CS13->US53,51929,51929,0
14,CS13->US61,55989,55988,0
14,CS13->US69,72327,72327,0
14,CS13->US77,51144,51144,0
14,CS13->US85,57709,57709,0
14,CS13->US93,51976,51976,0
14,CS13->US101,64026,64026,0
14,CS13->US109,64384,64384,0
14,CS13->US117,55165,55165,0
14,CS13->US125,55091,55091,0
14,CS14->US6,52340,52340,0
14,CS14->US14,51517,51516,0
14,CS14->US22,51473,51473,0
14,CS14->US30,55975,55975,0
14,CS14->US38,71393,71393,0
14,CS14->US46,53361,53361,0
14,CS14->US54,51923,51923,0
14,CS14->US62,56254,56254,0
14,CS14->US70,71531,71530,0
14,CS14->US78,51387,51387,0
14,CS14->US86,58063,58063,0
14,CS14->US94,51564,51564,0
14,CS14->US102,63343,63342,0
14,CS14->US110,64875,64874,0
14,CS14->US118,55331,55331,0
14,CS14->US126,54890,54890,0
14,CS15->US7,51921,51921,0
14,CS15->US15,51642,51642,0
14,CS15->US23,50996,50996,0
14,CS15->US31,56163,56163,0
14,CS15->US39,71583,71582,0
14,CS15->US47,53762,53762,0
14,CS15->US55,51748,51748,0
14,CS15->US63,56553,56553,0
14,CS15->US71,71939,71939,0
14,CS15->US79,51499,51499,0
14,CS15->US87,58058,58058,0
14,CS15->US95,51584,51584,0
14,CS15->US103,63832,63832,0
14,CS15->US111,64742,64742,0
14,CS15->US119,54907,54907,0
14,CS15->US127,54901,54901,0
14,CS16->US0,51697,51697,0
14,CS16->US8,51287,51287,0
14,CS16->US16,51592,51592,0
14,CS16->US24,55879,55879,0
14,CS16->US32,72130,72129,0
14,CS16->US40,52936,52936,0
14,CS16->US48,51468,51468,0
14,CS16->US56,56184,56183,0
14,CS16->US64,71778,71778,0
14,CS16->US72,51584,51584,0
14,CS16->US80,57794,57794,0
14,CS16->US88,51799,51799,0
14,CS16->US96,63162,63162,0
14,CS16->US104,64754,64753,0
14,CS16->US112,55299,55299,0
14,CS16->US120,54948,54948,0
14,CS17->US1,51683,51683,0
14,CS17->US9,51640,51640,0
14,CS17->US17,51375,51375,0
14,CS17->US25,56303,56302,0
14,CS17->US33,71864,71864,0
14,CS17->US41,53310,53310,0
14,CS17->US49,51914,51914,0
14,CS17->US57,56348,56347,0
14,CS17->US65,71759,71757,0
14,CS17->US73,51465,51465,0
14,CS17->US81,58025,58025,0
14,CS17->US89,51460,51460,0
14,CS17->US97,63666,63666,0
14,CS17->US105,64208,64208,0
14,CS17->US113,55414,55414,0
14,CS17->US121,55042,55042,0
14,CS18->US2,51671,51671,0
14,CS18->US10,51302,51302,0
14,CS18->US18,51209,51209,0
14,CS18->US26,56078,56078,0
14,CS18->US34,72068,72067,0
14,CS18->US42,53688,53688,0
14,CS18->US50,51738,51738,0
14,CS18->US58,56716,56716,0
14,CS18->US66,71930,71930,0
14,CS18->US74,51515,51515,0
14,CS18->US82,57936,57936,0
14,CS18->US90,51586,51586,0
14,CS18->US98,63799,63797,0
14,CS18->US106,64621,64620,0
14,CS18->US114,54813,54813,0
14,CS18->US122,54912,54912,0
14,CS19->US3,51947,51947,0
14,CS19->US11,51970,51970,0
14,CS19->US19,51363,51363,0
14,CS19->US27,55500,55500,0
14,CS19->US35,71519,71518,0
14,CS19->US43,52930,52930,0
14,CS19->US51,51776,51776,0
14,CS19->US59,56341,56341,0
14,CS19->US67,71705,71705,0
14,CS19->US75,51520,51520,0
14,CS19->US83,57753,57753,0
14,CS19->US91,51569,51569,0
14,CS19->US99,63338,63337,0
14,CS19->US107,64546,64546,0
14,CS19->US115,54699,54699,0
14,CS19->US123,54828,54828,0
14,CS20->US4,51602,51602,0
14,CS20->US12,51877,51876,0
14,CS20->US20,51655,51655,0
14,CS20->US28,55781,55780,0
14,CS20->US36,71418,71418,0
14,CS20->US44,53387,53387,0
14,CS20->US52,51681,51681,0
14,CS20->US60,56213,56213,0
14,CS20->US68,71863,71862,0
14,CS20->US76,51037,51037,0
14,CS20->US84,57820,57820,0
14,CS20->US92,51593,51593,0
14,CS20->US100,63551,63550,0
14,CS20->US108,65370,65369,0
14,CS20->US116,55143,55143,0
14,CS20->US124,54895,54895,0
14,CS21->US5,51633,51633,0
14,CS21->US13,51554,51554,0
14,CS21->US21,51445,51445,0
14,CS21->US29,55961,55961,0
14,CS21->US37,71333,71332,0
14,CS21->US45,53362,53362,0
14,CS21->US53,51759,51759,0
14,CS21->US61,56034,56034,0
14,CS21->US69,71536,71536,0
14,CS21->US77,51740,51740,0
14,CS21->US85,57617,57617,0
14,CS21->US93,51767,51767,0
14,CS21->US101,63390,63390,0
14,CS21->US109,64424,64424,0
14,CS21->US117,55183,55183,0
14,CS21->US125,55152,55152,0
14,CS22->US6,51661,51661,0
14,CS22->US14,51980,51980,0
14,CS22->US22,51726,51726,0
14,CS22->US30,55750,55750,0
14,CS22->US38,72095,72094,0
14,CS22->US46,53290,53290,0
14,CS22->US54,51778,51778,0
14,CS22->US62,56664,56664,0
14,CS22->US70,71689,71688,0
14,CS22->US78,51467,51467,0
14,CS22->US86,58212,58211,0
14,CS22->US94,51423,51423,0
14,CS22->US102,63206,63206,0
14,CS22->US110,64506,64505,0
14,CS22->US118,54853,54853,0
14,CS22->US126,55236,55236,0
14,CS23->US7,51664,51664,0
14,CS23->US15,51984,51984,0
14,CS23->US23,51171,51171,0
14,CS23->US31,56060,56060,0
14,CS23->US39,72010,72010,0
14,CS23->US47,53341,53341,0
14,CS23->US55,51568,51568,0
14,CS23->US63,56345,56345,0
14,CS23->US71,72072,72070,0
14,CS23->US79,50880,50880,0
14,CS23->US87,58194,58194,0
14,CS23->US95,51833,51833,0
14,CS23->US103,63595,63595,0
14,CS23->US111,64581,64581,0
14,CS23->US119,55484,55484,0
14,CS23->US127,55183,55183,0
14,CS24->US0,51688,51688,0
14,CS24->US8,51739,51739,0
14,CS24->US16,51348,51348,0
14,CS24->US24,56343,56343,0
14,CS24->US32,71863,71863,0
14,CS24->US40,53942,53942,0
14,CS24->US48,51684,51684,0
14,CS24->US56,56621,56621,0
14,CS24->US64,72203,72203,0
14,CS24->US72,51612,51612,0
14,CS24->US80,57799,57799,0
14,CS24->US88,51437,51437,0
14,CS24->US96,63586,63585,0
14,CS24->US104,65100,65100,0
14,CS24->US112,55360,55360,0
14,CS24->US120,55084,55084,0
14,CS25->US1,51398,51398,0
14,CS25->US9,51555,51555,0
14,CS25->US17,51285,51285,0
14,CS25->US25,55791,55791,0
14,CS25->US33,71526,71525,0
14,CS25->US41,53524,53524,0
14,CS25->US49,51775,51775,0
14,CS25->US57,56374,56374,0
14,CS25->US65,71935,71935,0
14,CS25->US73,51487,51487,0
14,CS25->US81,58099,58099,0
14,CS25->US89,51804,51804,0
14,CS25->US97,63659,63657,0
14,CS25->US105,64898,64897,0
14,CS25->US113,55431,55431,0
14,CS25->US121,54841,54841,0
14,CS26->US2,51686,51686,0
14,CS26->US10,52105,52105,0
14,CS26->US18,51427,51427,0
14,CS26->US26,56011,56011,0
14,CS26->US34,71795,71794,0
14,CS26->US42,53207,53207,0
14,CS26->US50,51461,51461,0
14,CS26->US58,56649,56648,0
14,CS26->US66,72276,72275,0
14,CS26->US74,51533,51533,0
14,CS26->US82,57942,57941,0
14,CS26->US90,51603,51603,0
14,CS26->US98,63321,63321,0
14,CS26->US106,64463,64463,0
14,CS26->US114,55031,55031,0
14,CS26->US122,54934,54934,0
14,CS27->US3,51923,51923,0
14,CS27->US11,52289,52288,0
14,CS27->US19,51400,51400,0
14,CS27->US27,56052,56051,0
14,CS27->US35,71508,71508,0
14,CS27->US43,53124,53124,0
14,CS27->US51,51869,51869,0
14,CS27->US59,56429,56428,0
14,CS27->US67,72357,72356,0
14,CS27->US75,51530,51530,0
14,CS27->US83,58147,58147,0
14,CS27->US91,51368,51368,0
14,CS27->US99,63701,63700,0
14,CS27->US107,64630,64628,0
14,CS27->US115,55139,55139,0
14,CS27->US123,54907,54907,0
14,CS28->US4,51645,51645,0
14,CS28->US12,51606,51606,0
14,CS28->US20,51244,51244,0
14,CS28->US28,55451,55451,0
14,CS28->US36,71210,71210,0
14,CS28->US44,53371,53371,0
14,CS28->US52,51403,51403,0
14,CS28->US60,56511,56511,0
14,CS28->US68,72326,72326,0
14,CS28->US76,51546,51546,0
14,CS28->US84,57679,57679,0
14,CS28->US92,51700,51700,0
14,CS28->US100,63290,63290,0
14,CS28->US108,64970,64969,0
14,CS28->US116,54864,54864,0
14,CS28->US124,55369,55369,0
14,CS29->US5,51750,51750,0
14,CS29->US13,51340,51340,0
14,CS29->US21,51299,51299,0
14,CS29->US29,56329,56329,0
14,CS29->US37,72009,72009,0
14,CS29->US45,53599,53599,0
14,CS29->US53,51583,51583,0
14,CS29->US61,56289,56289,0
14,CS29->US69,72069,72068,0
14,CS29->US77,51496,51496,0
14,CS29->US85,57727,57727,0
14,CS29->US93,51455,51455,0
14,CS29->US101,63547,63547,0
14,CS29->US109,64376,64375,0
14,CS29->US117,55365,55365,0
14,CS29->US125,54934,54934,0
14,CS30->US6,51842,51842,0
14,CS30->US14,51880,51880,0
14,CS30->US22,51076,51076,0
14,CS30->US30,55508,55508,0
14,CS30->US38,71571,71570,0
14,CS30->US46,53392,53392,0
14,CS30->US54,51865,51865,0
14,CS30->US62,56333,56333,0
14,CS30->US70,72317,72317,0
14,CS30->US78,51454,51454,0
14,CS30->US86,57848,57848,0
14,CS30->US94,51576,51576,0
14,CS30->US102,63187,63186,0
14,CS30->US110,64737,64737,0
14,CS30->US118,55475,55475,0
14,CS30->US126,55045,55045,0
14,CS31->US7,51886,51886,0
14,CS31->US15,51775,51775,0
14,CS31->US23,51710,51710,0
14,CS31->US31,56353,56353,0
14,CS31->US39,71978,71978,0
14,CS31->US47,53574,53574,0
14,CS31->US55,51705,51705,0
14,CS31->US63,56374,56374,0
14,CS31->US71,72211,72210,0
14,CS31->US79,51572,51572,0
14,CS31->US87,57744,57744,0
14,CS31->US95,51615,51615,0
14,CS31->US103,63287,63286,0
14,CS31->US111,64621,64620,0
14,CS31->US119,55574,55574,0
14,CS31->US127,54766,54766,0
14,CS32->US0,51525,51525,0
14,CS32->US8,51744,51744,0
14,CS32->US16,51533,51533,0
14,CS32->US24,56411,56410,0
14,CS32->US32,71769,71769,0
14,CS32->US40,53275,53275,0
14,CS32->US48,51668,51668,0
14,CS32->US56,56675,56675,0
14,CS32->US64,71733,71731,0
14,CS32->US72,51483,51483,0
14,CS32->US80,58265,58265,0
14,CS32->US88,51330,51330,0
14,CS32->US96,63165,63165,0
14,CS32->US104,64496,64496,0
14,CS32->US112,55091,55091,0
14,CS32->US120,54859,54859,0
14,CS33->US1,51831,51831,0
14,CS33->US9,51716,51715,0
14,CS33->US17,51565,51565,0
14,CS33->US25,55792,55791,0
14,CS33->US33,71830,71829,0
14,CS33->US41,53534,53534,0
14,CS33->US49,51834,51834,0
14,CS33->US57,56391,56391,0
14,CS33->US65,72006,72006,0
14,CS33->US73,51173,51173,0
14,CS33->US81,58304,58304,0
14,CS33->US89,51445,51445,0
14,CS33->US97,63208,63207,0
14,CS33->US105,65175,65175,0
14,CS33->US113,55266,55266,0
14,CS33->US121,55142,55142,0
14,CS34->US2,51742,51742,0
14,CS34->US10,51623,51623,0
14,CS34->US18,51538,51538,0
14,CS34->US26,56000,56000,0
14,CS34->US34,71485,71484,0
14,CS34->US42,53623,53623,0
14,CS34->US50,51570,51570,0
14,CS34->US58,56340,56340,0
14,CS34->US66,71783,71782,0
14,CS34->US74,51264,51264,0
14,CS34->US82,58300,58299,0
14,CS34->US90,51450,51450,0
14,CS34->US98,63320,63320,0
14,CS34->US106,64822,64822,0
14,CS34->US114,54904,54904,0
14,CS34->US122,54461,54461,0
14,CS35->US3,52042,52042,0
14,CS35->US11,51776,51776,0
14,CS35->US19,51163,51163,0
14,CS35->US27,55767,55766,0
14,CS35->US35,71487,71487,0
14,CS35->US43,53342,53342,0
14,CS35->US51,51528,51528,0
14,CS35->US59,56604,56604,0
14,CS35->US67,71719,71718,0
14,CS35->US75,51021,51021,0
14,CS35->US83,57598,57598,0
14,CS35->US91,51254,51254,0
14,CS35->US99,63640,63640,0
14,CS35->US107,64769,64769,0
14,CS35->US115,55302,55302,0
14,CS35->US123,55197,55197,0
14,CS36->US4,51932,51932,0
14,CS36->US12,51725,51725,0
14,CS36->US20,51326,51326,0
14,CS36->US28,56318,56318,0
14,CS36->US36,71662,71662,0
14,CS36->US44,53741,53741,0
14,CS36->US52,51657,51657,0
14,CS36->US60,56350,56350,0
14,CS36->US68,71820,71820,0
14,CS36->US76,51320,51320,0
14,CS36->US84,58078,58078,0
14,CS36->US92,51519,51519,0
14,CS36->US100,63554,63554,0
14,CS36->US108,64892,64892,0
14,CS36->US116,54969,54969,0
14,CS36->US124,55018,55018,0
14,CS37->US5,51570,51570,0
14,CS37->US13,51768,51768,0
14,CS37->US21,51360,51360,0
14,CS37->US29,55999,55998,0
14,CS37->US37,72178,72177,0
14,CS37->US45,53342,53342,0
14,CS37->US53,51894,51894,0
14,CS37->US61,56044,56044,0
14,CS37->US69,71850,71850,0
14,CS37->US77,51570,51570,0
14,CS37->US85,57996,57995,0
14,CS37->US93,51284,51284,0
14,CS37->US101,62937,62937,0
14,CS37->US109,64741,64740,0
14,CS37->US117,55134,55134,0
14,CS37->US125,54692,54692,0
14,CS38->US6,51732,51732,0
14,CS38->US14,51595,51595,0
14,CS38->US22,51368,51368,0
14,CS38->US30,55589,55589,0
14,CS38->US38,72062,72062,0
14,CS38->US46,53433,53433,0
14,CS38->US54,51465,51465,0
14,CS38->US62,56458,56457,0
14,CS38->US70,71873,71873,0
14,CS38->US78,51550,51550,0
14,CS38->US86,58485,58485,0
14,CS38->US94,50987,50987,0
14,CS38->US102,63448,63447,0
14,CS38->US110,64737,64737,0
14,CS38->US118,54674,54674,0
14,CS38->US126,55037,55037,0
14,CS39->US7,51696,51696,0
14,CS39->US15,51894,51894,0
14,CS39->US23,51217,51217,0
14,CS39->US31,56269,56269,0
14,CS39->US39,71996,71996,0
14,CS39->US47,53448,53448,0
14,CS39->US55,51741,51741,0
14,CS39->US63,56338,56338,0
14,CS39->US71,71533,71532,0
14,CS39->US79,51887,51887,0
14,CS39->US87,57931,57931,0
14,CS39->US95,51784,51784,0
14,CS39->US103,63480,63480,0
14,CS39->US111,64654,64652,0
14,CS39->US119,55395,55395,0
14,CS39->US127,55087,55087,0
14,CS40->US0,52036,52036,0
14,CS40->US8,51896,51896,0
14,CS40->US16,51840,51840,0
14,CS40->US24,56090,56090,0
14,CS40->US32,71991,71991,0
14,CS40->US40,53247,53247,0
14,CS40->US48,51829,51829,0
14,CS40->US56,56389,56389,0
14,CS40->US64,71527,71527,0
14,CS40->US72,51840,51840,0
14,CS40->US80,58143,58143,0
14,CS40->US88,51605,51605,0
14,CS40->US96,63448,63448,0
14,CS40->US104,64597,64597,0
14,CS40->US112,55282,55282,0
14,CS40->US120,54950,54950,0
14,CS41->US1,51905,51905,0
14,CS41->US9,51401,51401,0
14,CS41->US17,51432,51432,0
14,CS41->US25,56156,56154,0
14,CS41->US33,72224,72224,0
14,CS41->US41,53161,53161,0
14,CS41->US49,51957,51957,0
14,CS41->US57,56401,56401,0
14,CS41->US65,72080,72080,0
14,CS41->US73,51287,51287,0
14,CS41->US81,58289,58289,0
14,CS41->US89,51702,51702,0
14,CS41->US97,63204,63204,0
14,CS41->US105,64881,64880,0
14,CS41->US113,55119,55119,0
14,CS41->US121,55027,55027,0
14,CS42->US2,51662,51662,0
14,CS42->US10,51528,51528,0
14,CS42->US18,51311,51311,0
14,CS42->US26,55605,55605,0
14,CS42->US34,71636,71636,0
14,CS42->US42,53508,53508,0
14,CS42->US50,51732,51732,0
14,CS42->US58,56533,56533,0
14,CS42->US66,72153,72153,0
14,CS42->US74,51167,51167,0
14,CS42->US82,58123,58122,0
14,CS42->US90,51594,51594,0
14,CS42->US98,63309,63309,0
14,CS42->US106,64359,64359,0
14,CS42->US114,55375,55375,0
14,CS42->US122,55195,55195,0
14,CS43->US3,51915,51915,0
14,CS43->US11,51473,51473,0
14,CS43->US19,51247,51247,0
14,CS43->US27,55874,55874,0
14,CS43->US35,71716,71716,0
14,CS43->US43,53690,53690,0
14,CS43->US51,52216,52216,0
14,CS43->US59,56826,56826,0
14,CS43->US67,72109,72109,0
14,CS43->US75,51819,51819,0
14,CS43->US83,58054,58054,0
14,CS43->US91,51652,51652,0
14,CS43->US99,63511,63511,0
14,CS43->US107,64305,64305,0
14,CS43->US115,55201,55201,0
14,CS43->US123,54811,54811,0
14,CS44->US4,52286,52286,0
14,CS44->US12,51921,51921,0
14,CS44->US20,51060,51060,0
14,CS44->US28,55964,55964,0
14,CS44->US36,71865,71864,0
14,CS44->US44,53189,53189,0
14,CS44->US52,51663,51663,0
14,CS44->US60,56047,56047,0
14,CS44->US68,71940,71940,0
14,CS44->US76,51459,51459,0
14,CS44->US84,57806,57806,0
14,CS44->US92,51545,51545,0
14,CS44->US100,63378,63378,0
14,CS44->US108,64581,64581,0
14,CS44->US116,54864,54864,0
14,CS44->US124,54792,54792,0
14,CS45->US5,51844,51844,0
14,CS45->US13,51953,51952,0
14,CS45->US21,51528,51528,0
14,CS45->US29,56183,56182,0
14,CS45->US37,71437,71437,0
14,CS45->US45,53246,53246,0
14,CS45->US53,51658,51658,0
14,CS45->US61,56168,56168,0
14,CS45->US69,72373,72373,0
14,CS45->US77,51241,51241,0
14,CS45->US85,57603,57603,0
14,CS45->US93,51500,51500,0
14,CS45->US101,63542,63542,0
14,CS45->US109,64814,64812,0
14,CS45->US117,55103,55103,0
14,CS45->US125,54944,54944,0
14,CS46->US6,52053,52053,0
14,CS46->US14,52346,52346,0
14,CS46->US22,51022,51022,0
14,CS46->US30,56270,56269,0
14,CS46->US38,72116,72116,0
14,CS46->US46,53362,53362,0
14,CS46->US54,51978,51978,0
14,CS46->US62,56710,56710,0
14,CS46->US70,71453,71452,0
14,CS46->US78,51685,51685,0
14,CS46->US86,58261,58260,0
14,CS46->US94,51346,51346,0
14,CS46->US102,63240,63240,0
14,CS46->US110,64828,64828,0
14,CS46->US118,55136,55136,0
14,CS46->US126,54875,54875,0
14,CS47->US7,51851,51851,0
14,CS47->US15,51392,51392,0
14,CS47->US23,51262,51262,0
14,CS47->US31,55859,55859,0
14,CS47->US39,71272,71272,0
14,CS47->US47,53509,53509,0
14,CS47->US55,51998,51998,0
14,CS47->US63,56641,56641,0
14,CS47->US71,72007,72007,0
14,CS47->US79,51686,51686,0
14,CS47->US87,58222,58222,0
14,CS47->US95,51578,51578,0
14,CS47->US103,63477,63477,0
14,CS47->US111,64939,64939,0
14,CS47->US119,55021,55021,0
14,CS47->US127,54657,54657,0
14,CS48->US0,51424,51424,0
14,CS48->US8,51276,51275,0
14,CS48->US16,51479,51479,0
14,CS48->US24,56200,56200,0
14,CS48->US32,71884,71884,0
14,CS48->US40,53260,53260,0
14,CS48->US48,51959,51959,0
14,CS48->US56,56208,56208,0
14,CS48->US64,71380,71379,0
14,CS48->US72,51390,51390,0
14,CS48->US80,58082,58082,0
14,CS48->US88,51431,51431,0
14,CS48->US96,63402,63402,0
14,CS48->US104,64771,64771,0
14,CS48->US112,55446,55446,0
14,CS48->US120,55324,55324,0
14,CS49->US1,51825,51825,0
14,CS49->US9,51574,51574,0
14,CS49->US17,51686,51686,0
14,CS49->US25,56124,56124,0
14,CS49->US33,71645,71645,0
14,CS49->US41,53230,53230,0
14,CS49->US49,51698,51698,0
14,CS49->US57,56259,56257,0
14,CS49->US65,72180,72179,0
14,CS49->US73,51085,51085,0
14,CS49->US81,58321,58321,0
14,CS49->US89,51381,51381,0
14,CS49->US97,63204,63204,0
14,CS49->US105,64668,64666,0
14,CS49->US113,55175,55175,0
14,CS49->US121,55115,55115,0
14,CS50->US2,51730,51730,0
14,CS50->US10,51923,51923,0
14,CS50->US18,51149,51149,0
14,CS50->US26,56223,56223,0
14,CS50->US34,71751,71751,0
14,CS50->US42,53857,53857,0
14,CS50->US50,51948,51948,0
14,CS50->US58,56847,56847,0
14,CS50->US66,71628,71627,0
14,CS50->US74,51487,51487,0
14,CS50->US82,57681,57681,0
14,CS50->US90,51521,51521,0
14,CS50->US98,63260,63259,0
14,CS50->US106,64203,64203,0
14,CS50->US114,54589,54589,0
14,CS50->US122,54802,54802,0
14,CS51->US3,51517,51517,0
14,CS51->US11,51433,51433,0
14,CS51->US19,51255,51255,0
14,CS51->US27,55914,55914,0
14,CS51->US35,71400,71399,0
14,CS51->US43,53763,53763,0
14,CS51->US51,52203,52203,0
14,CS51->US59,56376,56375,0
14,CS51->US67,72172,72172,0
14,CS51->US75,51633,51633,0
14,CS51->US83,57957,57957,0
14,CS51->US91,51732,51732,0
14,CS51->US99,63240,63238,0
14,CS51->US107,64480,64480,0
14,CS51->US115,55142,55142,0
14,CS51->US123,55297,55297,0
14,CS52->US4,51879,51879,0
14,CS52->US12,51691,51691,0
14,CS52->US20,51532,51532,0
14,CS52->US28,55852,55852,0
14,CS52->US36,71982,71982,0
14,CS52->US44,53110,53110,0
14,CS52->US52,52077,52077,0
14,CS52->US60,56082,56082,0
14,CS52->US68,72212,72212,0
14,CS52->US76,51704,51704,0
14,CS52->US84,58090,58090,0
14,CS52->US92,51401,51401,0
14,CS52->US100,62978,62978,0
14,CS52->US108,64438,64437,0
14,CS52->US116,55058,55058,0
14,CS52->US124,54855,54855,0
14,CS53->US5,51441,51441,0
14,CS53->US13,51848,51848,0
14,CS53->US21,51253,51253,0
14,CS53->US29,55825,55825,0
14,CS53->US37,71520,71520,0
14,CS53->US45,53558,53558,0
14,CS53->US53,51595,51595,0
14,CS53->US61,56265,56264,0
14,CS53->US69,71761,71761,0
14,CS53->US77,51799,51799,0
14,CS53->US85,57888,57888,0
14,CS53->US93,51352,51352,0
14,CS53->US101,63366,63366,0
14,CS53->US109,65045,65045,0
14,CS53->US117,55110,55110,0
14,CS53->US125,55063,55063,0
14,CS54->US6,51740,51740,0
14,CS54->US14,51615,51615,0
14,CS54->US22,51541,51541,0
14,CS54->US30,56027,56027,0
14,CS54->US38,71689,71687,0
14,CS54->US46,53662,53662,0
14,CS54->US54,52172,52172,0
14,CS54->US62,56976,56975,0
14,CS54->US70,71691,71691,0
14,CS54->US78,51209,51209,0
14,CS54->US86,57644,57644,0
14,CS54->US94,51226,51226,0
14,CS54->US102,63196,63196,0
14,CS54->US110,64422,64422,0
14,CS54->US118,55116,55116,0
14,CS54->US126,54503,54503,0
14,CS55->US7,51754,51754,0
14,CS55->US15,51576,51576,0
14,CS55->US23,51311,51311,0
14,CS55->US31,56079,56079,0
14,CS55->US39,71161,71161,0
14,CS55->US47,53352,53352,0
14,CS55->US55,51665,51665,0
14,CS55->US63,56324,56323,0
14,CS55->US71,71464,71464,0
14,CS55->US79,50799,50799,0
14,CS55->US87,58064,58064,0
14,CS55->US95,51490,51490,0
14,CS55->US103,63078,63078,0
14,CS55->US111,64884,64883,0
14,CS55->US119,55156,55156,0
14,CS55->US127,54732,54732,0
14,CS56->US0,51454,51454,0
14,CS56->US8,51710,51710,0
14,CS56->US16,51297,51297,0
14,CS56->US24,55827,55827,0
14,CS56->US32,71556,71556,0
14,CS56->US40,53653,53653,0
14,CS56->US48,51709,51709,0
14,CS56->US56,56340,56339,0
14,CS56->US64,72194,72194,0
14,CS56->US72,51460,51460,0
14,CS56->US80,57784,57784,0
14,CS56->US88,51203,51203,0
14,CS56->US96,63234,63233,0
14,CS56->US104,65241,65241,0
14,CS56->US112,54585,54585,0
14,CS56->US120,54916,54916,0
14,CS57->US1,51860,51860,0
14,CS57->US9,51781,51781,0
14,CS57->US17,50915,50915,0
14,CS57->US25,55824,55824,0
14,CS57->US33,71493,71492,0
14,CS57->US41,53487,53487,0
14,CS57->US49,51518,51518,0
14,CS57->US57,56951,56951,0
14,CS57->US65,71686,71686,0
14,CS57->US73,51693,51693,0
14,CS57->US81,57859,57859,0
14,CS57->US89,51588,51588,0
14,CS57->US97,63363,63363,0
14,CS57->US105,64618,64617,0
14,CS57->US113,54887,54887,0
14,CS57->US121,54731,54731,0
14,CS58->US2,51912,51912,0
14,CS58->US10,51933,51933,0
14,CS58->US18,51690,51690,0
14,CS58->US26,56115,56115,0
14,CS58->US34,72356,72356,0
14,CS58->US42,53615,53615,0
14,CS58->US50,51832,51832,0
14,CS58->US58,56834,56834,0
14,CS58->US66,71903,71903,0
14,CS58->US74,51442,51442,0
14,CS58->US82,58180,58180,0
14,CS58->US90,51621,51621,0
14,CS58->US98,62888,62887,0
14,CS58->US106,64716,64716,0
14,CS58->US114,54877,54877,0
14,CS58->US122,54657,54657,0
14,CS59->US3,52036,52036,0
14,CS59->US11,51865,51865,0
14,CS59->US19,50808,50808,0
14,CS59->US27,55944,55944,0
14,CS59->US35,71929,71929,0
14,CS59->US43,53256,53256,0
14,CS59->US51,51606,51606,0
14,CS59->US59,56356,56356,0
14,CS59->US67,72403,72403,0
14,CS59->US75,51450,51450,0
14,CS59->US83,57816,57816,0
14,CS59->US91,51423,51423,0
14,CS59->US99,63292,63290,0
14,CS59->US107,64951,64951,0
14,CS59->US115,54920,54920,0
14,CS59->US123,54499,54499,0
14,CS60->US4,51656,51656,0
14,CS60->US12,51489,51489,0
14,CS60->US20,51160,51160,0
14,CS60->US28,56198,56198,0
14,CS60->US36,71785,71784,0
14,CS60->US44,53487,53487,0
14,CS60->US52,52121,52121,0
14,CS60->US60,56469,56469,0
14,CS60->US68,72318,72317,0
14,CS60->US76,51884,51884,0
14,CS60->US84,57832,57831,0
14,CS60->US92,51245,51245,0
14,CS60->US100,63093,63093,0
14,CS60->US108,64830,64830,0
14,CS60->US116,55268,55268,0
14,CS60->US124,54255,54255,0
14,CS61->US5,51580,51580,0
14,CS61->US13,51526,51526,0
14,CS61->US21,51810,51810,0
14,CS61->US29,56017,56017,0
14,CS61->US37,71504,71504,0
14,CS61->US45,53401,53401,0
14,CS61->US53,52288,52288,0
14,CS61->US61,56677,56677,0
14,CS61->US69,72127,72125,0
14,CS61->US77,51379,51379,0
14,CS61->US85,58075,58075,0
14,CS61->US93,51694,51694,0
14,CS61->US101,62782,62781,0
14,CS61->US109,64082,64081,0
14,CS61->US117,55120,55120,0
14,CS61->US125,54516,54516,0
14,CS62->US6,51531,51531,0
14,CS62->US14,51398,51397,0
14,CS62->US22,51172,51172,0
14,CS62->US30,55979,55979,0
14,CS62->US38,71749,71748,0
14,CS62->US46,53128,53128,0
14,CS62->US54,51666,51666,0
14,CS62->US62,56329,56329,0
14,CS62->US70,71521,71521,0
14,CS62->US78,51452,51452,0
14,CS62->US86,57791,57791,0
14,CS62->US94,51468,51468,0
14,CS62->US102,63547,63545,0
14,CS62->US110,64636,64636,0
14,CS62->US118,54896,54896,0
14,CS62->US126,54825,54825,0
14,CS63->US7,51386,51386,0
14,CS63->US15,51663,51663,0
14,CS63->US23,51464,51464,0
14,CS63->US31,56183,56182,0
14,CS63->US39,71667,71667,0
14,CS63->US47,53581,53581,0
14,CS63->US55,52127,52127,0
14,CS63->US63,56214,56214,0
14,CS63->US71,71887,71887,0
14,CS63->US79,51499,51499,0
14,CS63->US87,58321,58321,0
14,CS63->US95,51573,51573,0
14,CS63->US103,63764,63764,0
14,CS63->US111,64841,64839,0
14,CS63->US119,55077,55077,0
14,CS63->US127,54850,54850,0
15,US0->CS0,52193,52193,0
15,US0->CS8,51654,51654,0
15,US0->CS16,51774,51774,0
15,US0->CS24,51990,51990,0
15,US0->CS32,52023,52023,0
15,US0->CS40,52185,52185,0
15,US0->CS48,52308,52308,0
15,US0->CS56,52042,52042,0
15,US1->CS1,52171,52171,0
15,US1->CS9,51705,51705,0
15,US1->CS17,52223,52223,0
15,US1->CS25,52102,52102,0
15,US1->CS33,52154,52154,0
15,US1->CS41,52303,52303,0
15,US1->CS49,51919,51919,0
15,US1->CS57,51831,51831,0
15,US2->CS2,51857,51857,0
15,US2->CS10,52014,52014,0
15,US2->CS18,51974,51974,0
15,US2->CS26,51819,51819,0
15,US2->CS34,51842,51842,0
15,US2->CS42,52071,52071,0
15,US2->CS50,52297,52297,0
15,US2->CS58,52148,52148,0
15,US3->CS3,52347,52347,0
15,US3->CS11,52424,52424,0
15,US3->CS19,52022,52022,0
15,US3->CS27,52188,52188,0
15,US3->CS35,51818,51818,0
15,US3->CS43,52490,52490,0
15,US3->CS51,52451,52451,0
15,US3->CS59,51821,51821,0
15,US4->CS4,52193,52193,0
15,US4->CS12,52194,52194,0
15,US4->CS20,52034,52034,0
15,US4->CS28,51752,51752,0
15,US4->CS36,51974,51974,0
15,US4->CS44,51954,51954,0
15,US4->CS52,52362,52362,0
15,US4->CS60,52422,52422,0
15,US5->CS5,51919,51919,0
15,US5->CS13,52195,52195,0
15,US5->CS21,52084,52084,0
15,US5->CS29,51806,51806,0
15,US5->CS37,52221,52221,0
15,US5->CS45,51960,51960,0
15,US5->CS53,51876,51876,0
15,US5->CS61,52568,52568,0
15,US6->CS6,51930,51930,0
15,US6->CS14,52231,52231,0
15,US6->CS22,52058,52058,0
15,US6->CS30,52192,52192,0
15,US6->CS38,51753,51753,0
15,US6->CS46,52356,52356,0
15,US6->CS54,52457,52457,0
15,US6->CS62,51969,51969,0
15,US7->CS7,52195,52195,0
15,US7->CS15,52074,52074,0
15,US7->CS23,51807,51807,0
15,US7->CS31,52020,52020,0
15,US7->CS39,52029,52029,0
15,US7->CS47,52214,52214,0
15,US7->CS55,52056,52056,0
15,US7->CS63,52439,52439,0
15,US8->CS0,88780,88779,0
15,US8->CS8,88602,88602,0
15,US8->CS16,88340,88340,0
15,US8->CS24,88254,88254,0
15,US8->CS32,88861,88861,0
15,US8->CS40,88626,88624,0
15,US8->CS48,88794,88793,0
15,US8->CS56,88489,88489,0
15,US9->CS1,88465,88465,0
15,US9->CS9,88646,88645,0
15,US9->CS17,88567,88567,0
15,US9->CS25,88430,88429,0
15,US9->CS33,88917,88917,0
15,US9->CS41,88709,88709,0
15,US9->CS49,89073,89073,0
15,US9->CS57,88620,88620,0
15,US10->CS2,88528,88528,0
15,US10->CS10,88496,88496,0
15,US10->CS18,88791,88790,0
15,US10->CS26,88432,88431,0
15,US10->CS34,88767,88767,0
15,US10->CS42,88782,88781,0
15,US10->CS50,88141,88141,0
15,US10->CS58,88685,88685,0
15,US11->CS3,88117,88117,0
15,US11->CS11,88481,88481,0
15,US11->CS19,88492,88492,0
15,US11->CS27,88997,88997,0
15,US11->CS35,88125,88125,0
15,US11->CS43,88444,88444,0
15,US11->CS51,87987,87986,0
15,US11->CS59,88671,88671,0
15,US12->CS4,88613,88612,0
15,US12->CS12,88893,88892,0
15,US12->CS20,88300,88299,0
15,US12->CS28,88000,88000,0
15,US12->CS36,88748,88748,0
15,US12->CS44,88481,88480,0
15,US12->CS52,88774,88774,0
15,US12->CS60,88492,88491,0
15,US13->CS5,88254,88253,0
15,US13->CS13,88542,88542,0
15,US13->CS21,87943,87943,0
15,US13->CS29,88481,88480,0
15,US13->CS37,88635,88635,0
15,US13->CS45,88223,88223,0
15,US13->CS53,88257,88257,0
15,US13->CS61,88492,88492,0
15,US14->CS6,88488,88487,0
15,US14->CS14,88787,88786,0
15,US14->CS22,88863,88860,0
15,US14->CS30,88526,88526,0
15,US14->CS38,89316,89315,0
15,US14->CS46,88566,88566,0
15,US14->CS54,88161,88161,0
15,US14->CS62,88036,88036,0
15,US15->CS7,88644,88644,0
15,US15->CS15,88640,88640,0
15,US15->CS23,89142,89142,0
15,US15->CS31,88671,88671,0
15,US15->CS39,88305,88305,0
15,US15->CS47,88804,88804,0
15,US15->CS55,88629,88628,0
15,US15->CS63,89059,89058,0
15,US16->CS0,77163,77163,0
15,US16->CS8,77546,77546,0
15,US16->CS16,77251,77250,0
15,US16->CS24,77247,77247,0
15,US16->CS32,77054,77054,0
15,US16->CS40,77215,77214,0
15,US16->CS48,77396,77396,0
15,US16->CS56,77312,77312,0
15,US17->CS1,77144,77144,0
15,US17->CS9,77600,77600,0
15,US17->CS17,77426,77426,0
15,US17->CS25,76886,76886,0
15,US17->CS33,77337,77336,0
15,US17->CS41,77098,77098,0
15,US17->CS49,76983,76983,0
15,US17->CS57,76878,76874,4
15,US18->CS2,76804,76804,0
15,US18->CS10,76994,76992,0
15,US18->CS18,77082,77082,0
15,US18->CS26,77293,77293,0
15,US18->CS34,76330,76330,0
15,US18->CS42,77778,77777,0
15,US18->CS50,77256,77256,0
15,US18->CS58,76740,76740,0
15,US19->CS3,77521,77520,0
15,US19->CS11,77211,77210,0
15,US19->CS19,77161,77161,0
15,US19->CS27,77134,77134,0
15,US19->CS35,77745,77744,0
15,US19->CS43,77129,77129,0
15,US19->CS51,77644,77643,0
15,US19->CS59,76601,76600,0
15,US20->CS4,77352,77352,0
15,US20->CS12,77202,77201,0
15,US20->CS20,77490,77489,0
15,US20->CS28,77698,77698,0
15,US20->CS36,77302,77301,0
15,US20->CS44,76728,76728,0
15,US20->CS52,77018,77018,0
15,US20->CS60,76476,76476,0
15,US21->CS5,76657,76657,0
15,US21->CS13,77321,77320,0
15,US21->CS21,77317,77316,0
15,US21->CS29,77416,77416,0
15,US21->CS37,77114,77114,0
15,US21->CS45,76520,76520,0
15,US21->CS53,77146,77146,0
15,US21->CS61,76636,76636,0
15,US22->CS6,76954,76953,0
15,US22->CS14,77066,77066,0
15,US22->CS22,77548,77548,0
15,US22->CS30,77117,77117,0
15,US22->CS38,77400,77400,0
15,US22->CS46,77077,77077,0
15,US22->CS54,76735,76735,0
15,US22->CS62,76963,76961,0
15,US23->CS7,77252,77252,0
15,US23->CS15,76998,76998,0
15,US23->CS23,77434,77434,0
15,US23->CS31,76808,76808,0
15,US23->CS39,77418,77418,0
15,US23->CS47,77068,77068,0
15,US23->CS55,76893,76891,0
15,US23->CS63,76900,76899,0
15,US24->CS0,96194,96194,0
15,US24->CS8,96489,96489,0
15,US24->CS16,95701,95701,0
15,US24->CS24,96272,96271,0
15,US24->CS32,96436,96436,0
15,US24->CS40,96031,96029,0
15,US24->CS48,95627,95627,0
15,US24->CS56,96297,96297,0
15,US25->CS1,96191,96191,0
15,US25->CS9,95814,95813,0
15,US25->CS17,95983,95983,0
15,US25->CS25,95863,95863,0
15,US25->CS33,96405,96404,0
15,US25->CS41,96171,96170,0
15,US25->CS49,95794,95794,0
15,US25->CS57,96891,96891,0
15,US26->CS2,95769,95768,0
15,US26->CS10,96429,96429,0
15,US26->CS18,96565,96564,0
15,US26->CS26,96149,96149,0
15,US26->CS34,95849,95847,0
15,US26->CS42,95953,95953,0
15,US26->CS50,96564,96564,0
15,US26->CS58,96554,96554,0
15,US27->CS3,96406,96406,0
15,US27->CS11,95781,95781,0
15,US27->CS19,95981,95980,0
15,US27->CS27,95880,95880,0
15,US27->CS35,96694,96693,0
15,US27->CS43,96513,96513,0
15,US27->CS51,96315,96315,0
15,US27->CS59,96037,96037,0
15,US28->CS4,96462,96462,0
15,US28->CS12,96046,96045,0
15,US28->CS20,95965,95965,0
15,US28->CS28,96476,96476,0
15,US28->CS36,95668,95668,0
15,US28->CS44,95893,95893,0
15,US28->CS52,95608,95608,0
15,US28->CS60,96065,96065,0
15,US29->CS5,95644,95643,0
15,US29->CS13,95998,95996,0
15,US29->CS21,95843,95843,0
15,US29->CS29,96147,96146,0
15,US29->CS37,95580,95580,0
15,US29->CS45,95622,95622,0
15,US29->CS53,95984,95984,0
15,US29->CS61,96455,96455,0
15,US30->CS6,95960,95960,0
15,US30->CS14,96184,96184,0
15,US30->CS22,96538,96538,0
15,US30->CS30,95853,95853,0
15,US30->CS38,96244,96244,0
15,US30->CS46,96233,96231,0
15,US30->CS54,96322,96321,0
15,US30->CS62,95927,95927,0
15,US31->CS7,95756,95756,0
15,US31->CS15,96594,96592,0
15,US31->CS23,96380,96380,0
15,US31->CS31,95874,95874,0
15,US31->CS39,96207,96206,0
15,US31->CS47,96648,96648,0
15,US31->CS55,96038,96037,0
15,US31->CS63,96051,96051,0
15,US32->CS0,119075,119075,0
15,US32->CS8,119345,119344,0
15,US32->CS16,118869,118869,0
15,US32->CS24,119137,119137,0
15,US32->CS32,118783,118782,0
15,US32->CS40,118649,118648,0
15,US32->CS48,118480,118480,0
15,US32->CS56,119033,119032,0
15,US33->CS1,118675,118675,0
15,US33->CS9,119274,119274,0
15,US33->CS17,118934,118934,0
15,US33->CS25,118929,118929,0
15,US33->CS33,118949,118949,0
15,US33->CS41,118958,118958,0
15,US33->CS49,119041,119038,0
15,US33->CS57,118924,118924,0
15,US34->CS2,118159,118158,0
15,US34->CS10,118744,118741,0
15,US34->CS18,119070,119070,0
15,US34->CS26,119577,119577,0
15,US34->CS34,118768,118767,0
15,US34->CS42,119066,119066,0
15,US34->CS50,118829,118829,0
15,US34->CS58,118803,118801,0
15,US35->CS3,118551,118551,0
15,US35->CS11,119163,119163,0
15,US35->CS19,119101,119101,0
15,US35->CS27,119418,119417,0
15,US35->CS35,118805,118804,0
15,US35->CS43,118991,118989,0
15,US35->CS51,119590,119590,0
15,US35->CS59,119090,119090,0
15,US36->CS4,118786,118786,0
15,US36->CS12,119101,119099,0
15,US36->CS20,118273,118273,0
15,US36->CS28,119150,119149,0
15,US36->CS36,118967,118967,0
15,US36->CS44,119211,119210,0
15,US36->CS52,119274,119274,0
15,US36->CS60,119260,119260,0
15,US37->CS5,119104,119103,0
15,US37->CS13,119666,119666,0
15,US37->CS21,118689,118689,0
15,US37->CS29,118717,118716,0
15,US37->CS37,118794,118792,0
15,US37->CS45,119423,119422,0
15,US37->CS53,118965,118965,0
15,US37->CS61,119211,119210,0
15,US38->CS6,119154,119153,0
15,US38->CS14,118342,118341,0
15,US38->CS22,118845,118845,0
15,US38->CS30,119095,119095,0
15,US38->CS38,119150,119150,0
15,US38->CS46,118638,118638,0
15,US38->CS54,118712,118712,0
15,US38->CS62,118597,118597,0
15,US39->CS7,119182,119182,0
15,US39->CS15,118743,118742,0
15,US39->CS23,118868,118868,0
15,US39->CS31,119003,119003,0
15,US39->CS39,118276,118276,0
15,US39->CS47,118968,118968,0
15,US39->CS55,118777,118777,0
15,US39->CS63,118733,118733,0
15,US40->CS0,62048,62048,0
15,US40->CS8,61731,61731,0
15,US40->CS16,61998,61998,0
15,US40->CS24,61994,61994,0
15,US40->CS32,61862,61862,0
15,US40->CS40,61863,61862,0
15,US40->CS48,62064,62064,0
15,US40->CS56,61231,61231,0
15,US41->CS1,61511,61511,0
15,US41->CS9,61860,61860,0
15,US41->CS17,62103,62103,0
15,US41->CS25,62041,62041,0
15,US41->CS33,61869,61869,0
15,US41->CS41,61908,61908,0
15,US41->CS49,61939,61939,0
15,US41->CS57,61454,61454,0
15,US42->CS2,61470,61470,0
15,US42->CS10,61790,61789,0
15,US42->CS18,61604,61603,0
15,US42->CS26,61545,61544,0
15,US42->CS34,61554,61553,0
15,US42->CS42,62055,62055,0
15,US42->CS50,61292,61292,0
15,US42->CS58,61471,61471,0
15,US43->CS3,61565,61564,0
15,US43->CS11,61652,61652,0
15,US43->CS19,61453,61453,0
15,US43->CS27,61833,61833,0
15,US43->CS35,61929,61929,0
15,US43->CS43,61950,61950,0
15,US43->CS51,61925,61924,0
15,US43->CS59,61697,61697,0
15,US44->CS4,61559,61559,0
15,US44->CS12,62045,62044,0
15,US44->CS20,61789,61788,0
15,US44->CS28,61339,61339,0
15,US44->CS36,61749,61749,0
15,US44->CS44,61459,61459,0
15,US44->CS52,61679,61679,0
15,US44->CS60,62160,62160,0
15,US45->CS5,62067,62066,0
15,US45->CS13,61958,61958,0
15,US45->CS21,61854,61854,0
15,US45->CS29,62020,62020,0
15,US45->CS37,62006,62006,0
15,US45->CS45,61738,61738,0
15,US45->CS53,61842,61841,0
15,US45->CS61,61819,61819,0
15,US46->CS6,61463,61463,0
15,US46->CS14,62093,62093,0
15,US46->CS22,61711,61711,0
15,US46->CS30,62178,62178,0
15,US46->CS38,61302,61302,0
15,US46->CS46,61629,61629,0
15,US46->CS54,61893,61892,0
15,US46->CS62,61508,61506,0
15,US47->CS7,61694,61694,0
15,US47->CS15,61617,61616,0
15,US47->CS23,62066,62065,0
15,US47->CS31,62325,62325,0
15,US47->CS39,62031,62031,0
15,US47->CS47,61711,61711,0
15,US47->CS55,61872,61872,0
15,US47->CS63,61772,61771,0
15,US48->CS0,52131,52131,0
15,US48->CS8,52215,52215,0
15,US48->CS16,51975,51975,0
15,US48->CS24,51963,51963,0
15,US48->CS32,51776,51776,0
15,US48->CS40,52285,52285,0
15,US48->CS48,51693,51693,0
15,US48->CS56,51752,51752,0
15,US49->CS1,52514,52514,0
15,US49->CS9,52343,52343,0
15,US49->CS17,51919,51919,0
15,US49->CS25,51645,51645,0
15,US49->CS33,52153,52153,0
15,US49->CS41,52176,52176,0
15,US49->CS49,52129,52129,0
15,US49->CS57,52145,52145,0
15,US50->CS2,51844,51844,0
15,US50->CS10,52071,52071,0
15,US50->CS18,51914,51914,0
15,US50->CS26,51933,51933,0
15,US50->CS34,52059,52059,0
15,US50->CS42,51972,51972,0
15,US50->CS50,52040,52040,0
15,US50->CS58,52124,52124,0
15,US51->CS3,52424,52424,0
15,US51->CS11,51717,51717,0
15,US51->CS19,52196,52196,0
15,US51->CS27,52247,52247,0
15,US51->CS35,52334,52334,0
15,US51->CS43,52185,52185,0
15,US51->CS51,51805,51805,0
15,US51->CS59,52267,52267,0
15,US52->CS4,51922,51922,0
15,US52->CS12,52013,52013,0
15,US52->CS20,51845,51845,0
15,US52->CS28,51880,51880,0
15,US52->CS36,52313,52313,0
15,US52->CS44,52542,52542,0
15,US52->CS52,52149,52149,0
15,US52->CS60,51909,51909,0
15,US53->CS5,52439,52439,0
15,US53->CS13,51920,51920,0
15,US53->CS21,51979,51979,0
15,US53->CS29,52037,52037,0
15,US53->CS37,51856,51856,0
15,US53->CS45,52110,52110,0
15,US53->CS53,51681,51681,0
15,US53->CS61,51872,51872,0
15,US54->CS6,52074,52074,0
15,US54->CS14,52633,52633,0
15,US54->CS22,51944,51944,0
15,US54->CS30,52161,52161,0
15,US54->CS38,52058,52058,0
15,US54->CS46,52318,52318,0
15,US54->CS54,51995,51995,0
15,US54->CS62,51813,51813,0
15,US55->CS7,52029,52029,0
15,US55->CS15,52238,52238,0
15,US55->CS23,52003,52003,0
15,US55->CS31,52174,52174,0
15,US55->CS39,51989,51989,0
15,US55->CS47,52138,52138,0
15,US55->CS55,52071,52071,0
15,US55->CS63,51700,51700,0
15,US56->CS0,96592,96592,0
15,US56->CS8,96510,96507,0
15,US56->CS16,96098,96097,0
15,US56->CS24,96699,96698,0
15,US56->CS32,96957,96957,0
15,US56->CS40,96371,96369,0
15,US56->CS48,96572,96572,0
15,US56->CS56,96545,96545,0
15,US57->CS1,96581,96581,0
15,US57->CS9,96647,96647,0
15,US57->CS17,96973,96973,0
15,US57->CS25,96560,96560,0
15,US57->CS33,96464,96464,0
15,US57->CS41,96594,96594,0
15,US57->CS49,96561,96561,0
15,US57->CS57,96313,96313,0
15,US58->CS2,96898,96898,0
15,US58->CS10,96570,96568,0
15,US58->CS18,96322,96321,0
15,US58->CS26,96805,96805,0
15,US58->CS34,96461,96461,0
15,US58->CS42,96236,96235,0
15,US58->CS50,96834,96834,0
15,US58->CS58,96424,96424,0
15,US59->CS3,96922,96920,0
15,US59->CS11,96109,96108,0
15,US59->CS19,95911,95910,0
15,US59->CS27,96306,96306,0
15,US59->CS35,96227,96226,0
15,US59->CS43,96286,96286,0
15,US59->CS51,96045,96044,0
15,US59->CS59,96715,96715,0
15,US60->CS4,96029,96029,0
15,US60->CS12,96360,96359,0
15,US60->CS20,96387,96387,0
15,US60->CS28,95619,95619,0
15,US60->CS36,96781,96780,0
15,US60->CS44,96417,96417,0
15,US60->CS52,96447,96447,0
15,US60->CS60,96907,96907,0
15,US61->CS5,96475,96475,0
15,US61->CS13,96109,96109,0
15,US61->CS21,96918,96918,0
15,US61->CS29,97008,97008,0
15,US61->CS37,96600,96600,0
15,US61->CS45,96608,96608,0
15,US61->CS53,96280,96280,0
15,US61->CS61,96684,96684,0
15,US62->CS6,96433,96432,0
15,US62->CS14,96208,96208,0
15,US62->CS22,95755,95755,0
15,US62->CS30,95844,95844,0
15,US62->CS38,96318,96318,0
15,US62->CS46,96916,96915,0
15,US62->CS54,96483,96483,0
15,US62->CS62,96409,96408,0
15,US63->CS7,96255,96255,0
15,US63->CS15,96459,96459,0
15,US63->CS23,96887,96886,0
15,US63->CS31,96884,96883,0
15,US63->CS39,97185,97185,0
15,US63->CS47,96324,96323,0
15,US63->CS55,96871,96871,0
15,US63->CS63,96621,96621,0
15,US64->CS0,118908,118908,0
15,US64->CS8,119010,119008,0
15,US64->CS16,119278,119277,0
15,US64->CS24,118951,118951,0
15,US64->CS32,119164,119163,0
15,US64->CS40,118403,118403,0
15,US64->CS48,119051,119051,0
15,US64->CS56,118545,118545,0
15,US65->CS1,118676,118675,0
15,US65->CS9,118029,118029,0
15,US65->CS17,118599,118597,0
15,US65->CS25,118668,118668,0
15,US65->CS33,118791,118791,0
15,US65->CS41,118974,118973,0
15,US65->CS49,118499,118499,0
15,US65->CS57,118745,118745,0
15,US66->CS2,118690,118689,0
15,US66->CS10,118646,118646,0
15,US66->CS18,118795,118795,0
15,US66->CS26,118714,118714,0
15,US66->CS34,118609,118609,0
15,US66->CS42,118707,118707,0
15,US66->CS50,118775,118774,0
15,US66->CS58,119232,119231,0
15,US67->CS3,118861,118860,0
15,US67->CS11,119191,119190,0
15,US67->CS19,118554,118554,0
15,US67->CS27,118236,118236,0
15,US67->CS35,118644,118642,0
15,US67->CS43,118688,118687,0
15,US67->CS51,118434,118434,0
15,US67->CS59,119097,119097,0
15,US68->CS4,118834,118833,0
15,US68->CS12,118599,118598,0
15,US68->CS20,118463,118463,0
15,US68->CS28,117734,117734,0
15,US68->CS36,118665,118665,0
15,US68->CS44,119023,119023,0
15,US68->CS52,119071,119068,0
15,US68->CS60,118875,118875,0
15,US69->CS5,118918,118918,0
15,US69->CS13,119043,119043,0
15,US69->CS21,118189,118189,0
15,US69->CS29,118904,118904,0
15,US69->CS37,119242,119242,0
15,US69->CS45,118710,118709,0
15,US69->CS53,118520,118520,0
15,US69->CS61,118668,118668,0
15,US70->CS6,118533,118532,0
15,US70->CS14,118670,118670,0
15,US70->CS22,118956,118956,0
15,US70->CS30,118559,118558,0
15,US70->CS38,119075,119074,0
15,US70->CS46,119238,119238,0
15,US70->CS54,118337,118337,0
15,US70->CS62,118826,118826,0
15,US71->CS7,118592,118591,0
15,US71->CS15,118643,118643,0
15,US71->CS23,118820,118820,0
15,US71->CS31,119292,119291,0
15,US71->CS39,118918,118917,0
15,US71->CS47,118115,118115,0
15,US71->CS55,118171,118170,0
15,US71->CS63,118740,118740,0
15,US72->CS0,65120,65120,0
15,US72->CS8,65409,65409,0
15,US72->CS16,65366,65366,0
15,US72->CS24,65207,65206,0
15,US72->CS32,64793,64792,0
15,US72->CS40,65064,65064,0
15,US72->CS48,64912,64912,0
15,US72->CS56,64628,64628,0
15,US73->CS1,64576,64576,0
15,US73->CS9,64843,64843,0
15,US73->CS17,64919,64918,0
15,US73->CS25,65182,65182,0
15,US73->CS33,64882,64881,0
15,US73->CS41,65163,65161,0
15,US73->CS49,65165,65165,0
15,US73->CS57,65316,65315,0
15,US74->CS2,64880,64879,0
15,US74->CS10,64752,64752,0
15,US74->CS18,65046,65046,0
15,US74->CS26,65107,65107,0
15,US74->CS34,65150,65149,0
15,US74->CS42,65130,65130,0
15,US74->CS50,64913,64913,0
15,US74->CS58,65162,65161,0
15,US75->CS3,65135,65134,0
15,US75->CS11,65342,65342,0
15,US75->CS19,65123,65122,0
15,US75->CS27,64946,64945,0
15,US75->CS35,64810,64809,0
15,US75->CS43,64982,64982,0
15,US75->CS51,65174,65172,0
15,US75->CS59,64979,64979,0
15,US76->CS4,65224,65224,0
15,US76->CS12,65018,65017,0
15,US76->CS20,64922,64922,0
15,US76->CS28,65219,65218,0
15,US76->CS36,65324,65324,0
15,US76->CS44,65216,65216,0
15,US76->CS52,65033,65033,0
15,US76->CS60,64773,64771,0
15,US77->CS5,64986,64985,0
15,US77->CS13,65262,65261,0
15,US77->CS21,65012,65012,0
15,US77->CS29,64888,64888,0
15,US77->CS37,64688,64686,0
15,US77->CS45,65058,65057,0
15,US77->CS53,64820,64819,0
15,US77->CS61,64953,64953,0
15,US78->CS6,64610,64610,0
15,US78->CS14,64932,64932,0
15,US78->CS22,64853,64853,0
15,US78->CS30,65201,65201,0
15,US78->CS38,64571,64571,0
15,US78->CS46,64875,64875,0
15,US78->CS54,64667,64667,0
15,US78->CS62,65013,65013,0
15,US79->CS7,65044,65044,0
15,US79->CS15,64916,64916,0
15,US79->CS23,65096,65096,0
15,US79->CS31,65045,65044,0
15,US79->CS39,65392,65391,0
15,US79->CS47,64985,64985,0
15,US79->CS55,65065,65065,0
15,US79->CS63,65045,65045,0
15,US80->CS0,83329,83329,0
15,US80->CS8,83450,83450,0
15,US80->CS16,83319,83319,0
15,US80->CS24,84279,84279,0
15,US80->CS32,84204,84204,0
15,US80->CS40,84219,84218,0
15,US80->CS48,83676,83675,0
15,US80->CS56,83813,83813,0
15,US81->CS1,83863,83863,0
15,US81->CS9,83954,83954,0
15,US81->CS17,83508,83508,0
15,US81->CS25,83326,83326,0
15,US81->CS33,83805,83805,0
15,US81->CS41,83484,83484,0
15,US81->CS49,83249,83249,0
15,US81->CS57,83717,83716,0
15,US82->CS2,84283,84283,0
15,US82->CS10,83747,83747,0
15,US82->CS18,83254,83254,0
15,US82->CS26,83776,83776,0
15,US82->CS34,83756,83756,0
15,US82->CS42,83577,83577,0
15,US82->CS50,83936,83936,0
15,US82->CS58,83801,83800,0
15,US83->CS3,83319,83317,0
15,US83->CS11,83846,83846,0
15,US83->CS19,84192,84192,0
15,US83->CS27,84443,84442,0
15,US83->CS35,83592,83592,0
15,US83->CS43,83275,83275,0
15,US83->CS51,83353,83352,0
15,US83->CS59,83975,83975,0
15,US84->CS4,83668,83668,0
15,US84->CS12,83805,83805,0
15,US84->CS20,84103,84102,0
15,US84->CS28,83665,83665,0
15,US84->CS36,83728,83728,0
15,US84->CS44,84206,84206,0
15,US84->CS52,83885,83885,0
15,US84->CS60,83248,83248,0
15,US85->CS5,83917,83916,0
15,US85->CS13,84090,84089,0
15,US85->CS21,83583,83583,0
15,US85->CS29,83383,83383,0
15,US85->CS37,83810,83807,0
15,US85->CS45,84255,84254,0
15,US85->CS53,83860,83860,0
15,US85->CS61,83720,83720,0
15,US86->CS6,83443,83443,0
15,US86->CS14,83599,83599,0
15,US86->CS22,83825,83825,0
15,US86->CS30,84130,84130,0
15,US86->CS38,84136,84136,0
15,US86->CS46,84713,84713,0
15,US86->CS54,83804,83804,0
15,US86->CS62,83635,83635,0
15,US87->CS7,83693,83693,0
15,US87->CS15,83645,83645,0
15,US87->CS23,83877,83877,0
15,US87->CS31,84011,84010,0
15,US87->CS39,84007,84007,0
15,US87->CS47,83480,83480,0
15,US87->CS55,84096,84096,0
15,US87->CS63,83892,83892,0
15,US88->CS0,64421,64421,0
15,US88->CS8,64673,64673,0
15,US88->CS16,64698,64698,0
15,US88->CS24,64593,64592,0
15,US88->CS32,64720,64720,0
15,US88->CS40,64849,64849,0
15,US88->CS48,64700,64699,0
15,US88->CS56,64708,64708,0
15,US89->CS1,64654,64654,0
15,US89->CS9,64908,64907,0
15,US89->CS17,64746,64745,0
15,US89->CS25,64601,64600,0
15,US89->CS33,64468,64467,0
15,US89->CS41,64632,64631,0
15,US89->CS49,64065,64065,0
15,US89->CS57,64884,64884,0
15,US90->CS2,64773,64772,0
15,US90->CS10,65264,65263,0
15,US90->CS18,64820,64820,0
15,US90->CS26,64778,64778,0
15,US90->CS34,64485,64485,0
15,US90->CS42,64273,64273,0
15,US90->CS50,64655,64655,0
15,US90->CS58,64734,64734,0
15,US91->CS3,64762,64762,0
15,US91->CS11,64359,64359,0
15,US91->CS19,64785,64785,0
15,US91->CS27,64834,64834,0
15,US91->CS35,64446,64445,0
15,US91->CS43,65059,65058,0
15,US91->CS51,64937,64937,0
15,US91->CS59,64716,64715,0
15,US92->CS4,64641,64640,0
15,US92->CS12,64660,64659,0
15,US92->CS20,64157,64157,0
15,US92->CS28,64839,64839,0
15,US92->CS36,64501,64501,0
15,US92->CS44,64575,64575,0
15,US92->CS52,64814,64814,0
15,US92->CS60,64872,64872,0
15,US93->CS5,64127,64127,0
15,US93->CS13,64234,64233,0
15,US93->CS21,64901,64900,0
15,US93->CS29,64506,64506,0
15,US93->CS37,64614,64613,0
15,US93->CS45,64354,64354,0
15,US93->CS53,65046,65045,0
15,US93->CS61,64414,64414,0
15,US94->CS6,64357,64357,0
15,US94->CS14,64341,64341,0
15,US94->CS22,64391,64391,0
15,US94->CS30,64732,64732,0
15,US94->CS38,64747,64747,0
15,US94->CS46,64892,64892,0
15,US94->CS54,64378,64376,0
15,US94->CS62,64663,64663,0
15,US95->CS7,64777,64776,0
15,US95->CS15,64617,64615,0
15,US95->CS23,64260,64260,0
15,US95->CS31,64769,64768,0
15,US95->CS39,65075,65075,0
15,US95->CS47,64913,64913,0
15,US95->CS55,64183,64183,0
15,US95->CS63,64758,64757,0
15,US96->CS0,109118,109118,0
15,US96->CS8,109262,109262,0
15,US96->CS16,109414,109413,0
15,US96->CS24,110087,110087,0
15,US96->CS32,109501,109501,0
15,US96->CS40,109546,109546,0
15,US96->CS48,109669,109667,0
15,US96->CS56,109316,109316,0
15,US97->CS1,109255,109255,0
15,US97->CS9,109282,109280,0
15,US97->CS17,108771,108770,0
15,US97->CS25,109110,109110,0
15,US97->CS33,109771,109771,0
15,US97->CS41,109467,109466,0
15,US97->CS49,108812,108812,0
15,US97->CS57,109153,109153,0
15,US98->CS2,109052,109052,0
15,US98->CS10,109451,109451,0
15,US98->CS18,109310,109310,0
15,US98->CS26,108964,108963,0
15,US98->CS34,109147,109147,0
15,US98->CS42,108954,108953,0
15,US98->CS50,109087,109086,0
15,US98->CS58,109384,109382,0
15,US99->CS3,109423,109423,0
15,US99->CS11,108886,108886,0
15,US99->CS19,108934,108934,0
15,US99->CS27,109093,109093,0
15,US99->CS35,109728,109728,0
15,US99->CS43,108992,108991,0
15,US99->CS51,109265,109265,0
15,US99->CS59,109427,109427,0
15,US100->CS4,108738,108737,0
15,US100->CS12,108785,108785,0
15,US100->CS20,110076,110075,0
15,US100->CS28,109737,109736,0
15,US100->CS36,109158,109158,0
15,US100->CS44,109375,109375,0
15,US100->CS52,109208,109208,0
15,US100->CS60,109358,109357,0
15,US101->CS5,109322,109321,0
15,US101->CS13,109208,109207,0
15,US101->CS21,109035,109035,0
15,US101->CS29,108809,108809,0
15,US101->CS37,109301,109301,0
15,US101->CS45,109378,109377,0
15,US101->CS53,109464,109463,0
15,US101->CS61,108659,108659,0
15,US102->CS6,109449,109448,0
15,US102->CS14,109476,109476,0
15,US102->CS22,108907,108905,0
15,US102->CS30,109301,109301,0
15,US102->CS38,109534,109534,0
15,US102->CS46,109295,109294,0
15,US102->CS54,109083,109083,0
15,US102->CS62,109186,109185,0
15,US103->CS7,109360,109360,0
15,US103->CS15,109490,109490,0
15,US103->CS23,108856,108855,0
15,US103->CS31,109261,109261,0
15,US103->CS39,109394,109393,0
15,US103->CS47,109542,109540,0
15,US103->CS55,109481,109481,0
15,US103->CS63,109469,109469,0
15,US104->CS0,107301,107301,0
15,US104->CS8,107429,107429,0
15,US104->CS16,107330,107330,0
15,US104->CS24,107448,107447,0
15,US104->CS32,107481,107479,0
15,US104->CS40,107352,107352,0
15,US104->CS48,107420,107419,0
15,US104->CS56,107405,107405,0
15,US105->CS1,106985,106985,0
15,US105->CS9,107370,107370,0
15,US105->CS17,108162,108161,0
15,US105->CS25,107744,107744,0
15,US105->CS33,107722,107720,0
15,US105->CS41,107333,107333,0
15,US105->CS49,107590,107588,0
15,US105->CS57,107663,107663,0
15,US106->CS2,107212,107212,0
15,US106->CS10,107275,107275,0
15,US106->CS18,107947,107946,0
15,US106->CS26,107254,107253,0
15,US106->CS34,107415,107415,0
15,US106->CS42,107115,107115,0
15,US106->CS50,107511,107511,0
15,US106->CS58,107121,107120,0
15,US107->CS3,107307,107306,0
15,US107->CS11,107367,107367,0
15,US107->CS19,107598,107597,0
15,US107->CS27,107681,107681,0
15,US107->CS35,107812,107812,0
15,US107->CS43,107727,107727,0
15,US107->CS51,107581,107580,0
15,US107->CS59,107418,107418,0
15,US108->CS4,107460,107460,0
15,US108->CS12,107660,107659,0
15,US108->CS20,107572,107572,0
15,US108->CS28,107258,107257,0
15,US108->CS36,107643,107642,0
15,US108->CS44,107554,107554,0
15,US108->CS52,107459,107459,0
15,US108->CS60,107308,107308,0
15,US109->CS5,107261,107261,0
15,US109->CS13,108138,108136,0
15,US109->CS21,108129,108127,0
15,US109->CS29,107418,107418,0
15,US109->CS37,107056,107056,0
15,US109->CS45,107549,107548,0
15,US109->CS53,107192,107192,0
15,US109->CS61,107130,107128,0
15,US110->CS6,107914,107914,0
15,US110->CS14,107720,107719,0
15,US110->CS22,107136,107135,0
15,US110->CS30,107183,107183,0
15,US110->CS38,107305,107305,0
15,US110->CS46,107429,107429,0
15,US110->CS54,107527,107527,0
15,US110->CS62,107890,107890,0
15,US111->CS7,107220,107220,0
15,US111->CS15,107923,107923,0
15,US111->CS23,107413,107412,0
15,US111->CS31,107267,107267,0
15,US111->CS39,107964,107963,0
15,US111->CS47,107554,107553,0
15,US111->CS55,107126,107126,0
15,US111->CS63,107671,107671,0
15,US112->CS0,59063,59063,0
15,US112->CS8,59364,59363,0
15,US112->CS16,59050,59050,0
15,US112->CS24,59931,59931,0
15,US112->CS32,59267,59267,0
15,US112->CS40,59448,59447,0
15,US112->CS48,59183,59183,0
15,US112->CS56,59797,59797,0
15,US113->CS1,59455,59455,0
15,US113->CS9,59692,59692,0
15,US113->CS17,59475,59474,0
15,US113->CS25,59618,59618,0
15,US113->CS33,59383,59383,0
15,US113->CS41,59302,59300,0
15,US113->CS49,59111,59111,0
15,US113->CS57,59457,59457,0
15,US114->CS2,59661,59661,0
15,US114->CS10,59894,59894,0
15,US114->CS18,59791,59789,0
15,US114->CS26,59201,59201,0
15,US114->CS34,59597,59597,0
15,US114->CS42,59562,59562,0
15,US114->CS50,60047,60047,0
15,US114->CS58,59818,59818,0
15,US115->CS3,59901,59900,0
15,US115->CS11,59661,59661,0
15,US115->CS19,58973,58971,0
15,US115->CS27,59007,59006,0
15,US115->CS35,59201,59201,0
15,US115->CS43,59694,59694,0
15,US115->CS51,59678,59678,0
15,US115->CS59,59268,59268,0
15,US116->CS4,59829,59828,0
15,US116->CS12,59223,59222,0
15,US116->CS20,59459,59459,0
15,US116->CS28,59482,59482,0
15,US116->CS36,59712,59712,0
15,US116->CS44,59043,59042,0
15,US116->CS52,59147,59147,0
15,US116->CS60,59635,59635,0
15,US117->CS5,59358,59357,0
15,US117->CS13,59773,59772,0
15,US117->CS21,59457,59457,0
15,US117->CS29,59405,59404,0
15,US117->CS37,59296,59296,0
15,US117->CS45,59155,59155,0
15,US117->CS53,59761,59760,0
15,US117->CS61,59381,59381,0
15,US118->CS6,59291,59291,0
15,US118->CS14,59535,59535,0
15,US118->CS22,59239,59238,0
15,US118->CS30,59424,59424,0
15,US118->CS38,59390,59390,0
15,US118->CS46,59284,59283,0
15,US118->CS54,59639,59639,0
15,US118->CS62,59171,59171,0
15,US119->CS7,59915,59915,0
15,US119->CS15,59711,59711,0
15,US119->CS23,59329,59329,0
15,US119->CS31,59648,59647,0
15,US119->CS39,59445,59445,0
15,US119->CS47,59428,59428,0
15,US119->CS55,59360,59360,0
15,US119->CS63,59587,59587,0
15,US120->CS0,73539,73538,0
15,US120->CS8,72608,72608,0
15,US120->CS16,73450,73449,0
15,US120->CS24,73142,73141,0
15,US120->CS32,73264,73264,0
15,US120->CS40,73469,73468,0
15,US120->CS48,73052,73050,0
15,US120->CS56,72691,72691,0
15,US121->CS1,73392,73392,0
15,US121->CS9,73043,73043,0
15,US121->CS17,73079,73078,0
15,US121->CS25,73045,73045,0
15,US121->CS33,73027,73027,0
15,US121->CS41,72696,72696,0
15,US121->CS49,73136,73136,0
15,US121->CS57,72569,72566,0
15,US122->CS2,73666,73664,0
15,US122->CS10,72702,72702,0
15,US122->CS18,72862,72862,0
15,US122->CS26,72894,72894,0
15,US122->CS34,73262,73262,0
15,US122->CS42,73082,73082,0
15,US122->CS50,72618,72618,0
15,US122->CS58,73335,73335,0
15,US123->CS3,73168,73168,0
15,US123->CS11,72684,72683,0
15,US123->CS19,72914,72914,0
15,US123->CS27,72949,72949,0
15,US123->CS35,72780,72780,0
15,US123->CS43,73076,73076,0
15,US123->CS51,72686,72686,0
15,US123->CS59,72346,72346,0
15,US124->CS4,72939,72939,0
15,US124->CS12,72881,72881,0
15,US124->CS20,73399,73399,0
15,US124->CS28,72939,72939,0
15,US124->CS36,72779,72779,0
15,US124->CS44,72586,72586,0
15,US124->CS52,73229,73229,0
15,US124->CS60,73223,73223,0
15,US125->CS5,72577,72576,0
15,US125->CS13,73865,73865,0
15,US125->CS21,72950,72950,0
15,US125->CS29,72918,72918,0
15,US125->CS37,73235,73234,0
15,US125->CS45,73181,73181,0
15,US125->CS53,72911,72911,0
15,US125->CS61,73574,73574,0
15,US126->CS6,73268,73267,0
15,US126->CS14,72966,72966,0
15,US126->CS22,73530,73530,0
15,US126->CS30,72656,72656,0
15,US126->CS38,73014,73014,0
15,US126->CS46,72657,72657,0
15,US126->CS54,73267,73267,0
15,US126->CS62,73352,73352,0
15,US127->CS7,73460,73459,0
15,US127->CS15,72741,72740,0
15,US127->CS23,72617,72616,0
15,US127->CS31,73058,73057,0
15,US127->CS39,72793,72791,0
15,US127->CS47,72836,72836,0
15,US127->CS55,72980,72980,0
15,US127->CS63,73560,73560,0
15,CS0->US0,52237,52237,0
15,CS0->US8,83309,83309,0
15,CS0->US16,73661,73661,0
15,CS0->US24,96509,96509,0
15,CS0->US32,118795,118795,0
15,CS0->US40,59013,59013,0
15,CS0->US48,52256,52256,0
15,CS0->US56,96281,96281,0
15,CS0->US64,119031,119031,0
15,CS0->US72,64366,64366,0
15,CS0->US80,88763,88761,0
15,CS0->US88,65188,65188,0
15,CS0->US96,107232,107232,0
15,CS0->US104,109126,109126,0
15,CS0->US112,62121,62120,0
15,CS0->US120,77085,77085,0
15,CS1->US1,52547,52547,0
15,CS1->US9,84001,84001,0
15,CS1->US17,73515,73515,0
15,CS1->US25,96629,96629,0
15,CS1->US33,118562,118562,0
15,CS1->US41,59592,59592,0
15,CS1->US49,52243,52243,0
15,CS1->US57,96174,96174,0
15,CS1->US65,118580,118580,0
15,CS1->US73,64636,64634,0
15,CS1->US81,88394,88394,0
15,CS1->US89,64556,64555,0
15,CS1->US97,106955,106955,0
15,CS1->US105,109211,109208,0
15,CS1->US113,61514,61513,0
15,CS1->US121,76997,76996,0
15,CS2->US2,51932,51932,0
15,CS2->US10,84289,84289,0
15,CS2->US18,73706,73706,0
15,CS2->US26,96848,96847,0
15,CS2->US34,118559,118559,0
15,CS2->US42,59580,59579,0
15,CS2->US50,51939,51939,0
15,CS2->US58,95873,95873,0
15,CS2->US66,118078,118078,0
15,CS2->US74,64660,64660,0
15,CS2->US82,88574,88573,0
15,CS2->US90,64979,64978,0
15,CS2->US98,107108,107108,0
15,CS2->US106,109061,109061,0
15,CS2->US114,61583,61583,0
15,CS2->US122,76770,76770,0
15,CS3->US3,52456,52456,0
15,CS3->US11,83288,83288,0
15,CS3->US19,73223,73223,0
15,CS3->US27,96895,96895,0
15,CS3->US35,118815,118815,0
15,CS3->US43,59913,59913,0
15,CS3->US51,52429,52429,0
15,CS3->US59,96429,96429,0
15,CS3->US67,118505,118505,0
15,CS3->US75,64666,64666,0
15,CS3->US83,88153,88153,0
15,CS3->US91,65225,65225,0
15,CS3->US99,107268,107268,0
15,CS3->US107,109343,109343,0
15,CS3->US115,61636,61636,0
15,CS3->US123,77473,77473,0
15,CS4->US4,52015,52015,0
15,CS4->US12,83603,83603,0
15,CS4->US20,73166,73166,0
15,CS4->US28,96068,96068,0
15,CS4->US36,118703,118702,0
15,CS4->US44,59769,59769,0
15,CS4->US52,52305,52305,0
15,CS4->US60,96551,96550,0
15,CS4->US68,118734,118731,0
15,CS4->US76,64563,64562,0
15,CS4->US84,88529,88527,0
15,CS4->US92,65327,65326,0
15,CS4->US100,107395,107394,0
15,CS4->US108,108675,108675,0
15,CS4->US116,61533,61532,0
15,CS4->US124,77307,77307,0
15,CS5->US5,52584,52584,0
15,CS5->US13,83884,83884,0
15,CS5->US21,72724,72724,0
15,CS5->US29,96563,96561,0
15,CS5->US37,118824,118824,0
15,CS5->US45,59348,59348,0
15,CS5->US53,52042,52042,0
15,CS5->US61,95695,95695,0
15,CS5->US69,118988,118987,0
15,CS5->US77,64067,64066,0
15,CS5->US85,88184,88184,0
15,CS5->US93,64947,64947,0
15,CS5->US101,107255,107253,0
15,CS5->US109,109181,109181,0
15,CS5->US117,62070,62069,0
15,CS5->US125,76660,76660,0
15,CS6->US6,52120,52120,0
15,CS6->US14,83439,83438,0
15,CS6->US22,73334,73334,0
15,CS6->US30,96418,96418,0
15,CS6->US38,118481,118481,0
15,CS6->US46,59315,59315,0
15,CS6->US54,51928,51928,0
15,CS6->US62,96040,96040,0
15,CS6->US70,119091,119091,0
15,CS6->US78,64361,64361,0
15,CS6->US86,88468,88468,0
15,CS6->US94,64705,64705,0
15,CS6->US102,107825,107825,0
15,CS6->US110,109365,109365,0
15,CS6->US118,61561,61561,0
15,CS6->US126,76863,76863,0
15,CS7->US7,52134,52134,0
15,CS7->US15,83705,83704,0
15,CS7->US23,73580,73580,0
15,CS7->US31,96297,96297,0
15,CS7->US39,118415,118415,0
15,CS7->US47,59899,59899,0
15,CS7->US55,52195,52195,0
15,CS7->US63,95927,95927,0
15,CS7->US71,119057,119057,0
15,CS7->US79,64740,64740,0
15,CS7->US87,88558,88557,0
15,CS7->US95,65128,65128,0
15,CS7->US103,107142,107142,0
15,CS7->US111,109380,109379,0
15,CS7->US119,61809,61809,0
15,CS7->US127,77097,77097,0
15,CS8->US0,52355,52355,0
15,CS8->US8,83411,83411,0
15,CS8->US16,72658,72658,0
15,CS8->US24,96497,96496,0
15,CS8->US32,118894,118894,0
15,CS8->US40,59369,59369,0
15,CS8->US48,51702,51702,0
15,CS8->US56,96596,96596,0
15,CS8->US64,119306,119306,0
15,CS8->US72,64589,64589,0
15,CS8->US80,88648,88647,0
15,CS8->US88,65348,65348,0
15,CS8->US96,107310,107309,0
15,CS8->US104,109224,109224,0
15,CS8->US112,61831,61831,0
15,CS8->US120,77550,77550,0
15,CS9->US1,52452,52452,0
15,CS9->US9,83913,83913,0
15,CS9->US17,73233,73233,0
15,CS9->US25,96668,96666,0
15,CS9->US33,117910,117909,0
15,CS9->US41,59633,59632,0
15,CS9->US49,51821,51821,0
15,CS9->US57,95828,95826,0
15,CS9->US65,119200,119199,0
15,CS9->US73,64799,64799,0
15,CS9->US81,88518,88518,0
15,CS9->US89,64958,64958,0
15,CS9->US97,107392,107391,0
15,CS9->US105,109254,109254,0
15,CS9->US113,61913,61913,0
15,CS9->US121,77513,77513,0
15,CS10->US2,52093,52093,0
15,CS10->US10,83749,83749,0
15,CS10->US18,72792,72791,0
15,CS10->US26,96613,96612,0
15,CS10->US34,118541,118541,0
15,CS10->US42,59915,59915,0
15,CS10->US50,52152,52152,0
15,CS10->US58,96480,96480,0
15,CS10->US66,118689,118688,0
15,CS10->US74,65205,65204,0
15,CS10->US82,88533,88533,0
15,CS10->US90,64814,64814,0
15,CS10->US98,107228,107227,0
15,CS10->US106,109333,109333,0
15,CS10->US114,61760,61759,0
15,CS10->US122,76933,76931,0
15,CS11->US3,51740,51740,0
15,CS11->US11,83806,83806,0
15,CS11->US19,72784,72784,0
15,CS11->US27,96118,96118,0
15,CS11->US35,119087,119086,0
15,CS11->US43,59749,59749,0
15,CS11->US51,52442,52442,0
15,CS11->US59,95755,95754,0
15,CS11->US67,119082,119081,0
15,CS11->US75,64241,64241,0
15,CS11->US83,88451,88450,0
15,CS11->US91,65358,65358,0
15,CS11->US99,107392,107390,0
15,CS11->US107,108866,108866,0
15,CS11->US115,61794,61794,0
15,CS11->US123,77204,77204,0
15,CS12->US4,52030,52030,0
15,CS12->US12,83954,83954,0
15,CS12->US20,73050,73049,0
15,CS12->US28,96397,96397,0
15,CS12->US36,118505,118505,0
15,CS12->US44,59291,59291,0
15,CS12->US52,52231,52231,0
15,CS12->US60,95996,95996,0
15,CS12->US68,119021,119021,0
15,CS12->US76,64652,64652,0
15,CS12->US84,88727,88727,0
15,CS12->US92,65125,65125,0
15,CS12->US100,107659,107659,0
15,CS12->US108,108721,108721,0
15,CS12->US116,62129,62129,0
15,CS12->US124,76985,76984,0
15,CS13->US5,51972,51972,0
15,CS13->US13,84035,84034,0
15,CS13->US21,73925,73925,0
15,CS13->US29,96120,96120,0
15,CS13->US37,118900,118900,0
15,CS13->US45,59793,59792,0
15,CS13->US53,52244,52244,0
15,CS13->US61,95993,95993,0
15,CS13->US69,119583,119583,0
15,CS13->US77,64288,64287,0
15,CS13->US85,88528,88527,0
15,CS13->US93,65385,65385,0
15,CS13->US101,108121,108120,0
15,CS13->US109,109189,109189,0
15,CS13->US117,61958,61958,0
15,CS13->US125,77277,77277,0
15,CS14->US6,52680,52680,0
15,CS14->US14,83651,83651,0
15,CS14->US22,73003,73003,0
15,CS14->US30,96275,96275,0
15,CS14->US38,118489,118488,0
15,CS14->US46,59552,59552,0
15,CS14->US54,52321,52321,0
15,CS14->US62,96235,96234,0
15,CS14->US70,118247,118246,0
15,CS14->US78,64474,64474,0
15,CS14->US86,88702,88701,0
15,CS14->US94,64973,64972,0
15,CS14->US102,107676,107676,0
15,CS14->US110,109487,109487,0
15,CS14->US118,62020,62020,0
15,CS14->US126,76995,76995,0
15,CS15->US7,52271,52271,0
15,CS15->US15,83653,83653,0
15,CS15->US23,72818,72818,0
15,CS15->US31,96509,96509,0
15,CS15->US39,118550,118550,0
15,CS15->US47,59801,59801,0
15,CS15->US55,52104,52104,0
15,CS15->US63,96613,96613,0
15,CS15->US71,118633,118633,0
15,CS15->US79,64612,64611,0
15,CS15->US87,88628,88628,0
15,CS15->US95,64943,64943,0
15,CS15->US103,107961,107961,0
15,CS15->US111,109374,109372,0
15,CS15->US119,61682,61682,0
15,CS15->US127,76890,76890,0
15,CS16->US0,52079,52079,0
15,CS16->US8,83375,83375,0
15,CS16->US16,73491,73491,0
15,CS16->US24,96127,96126,0
15,CS16->US32,119161,119160,0
15,CS16->US40,59035,59035,0
15,CS16->US48,51846,51846,0
15,CS16->US56,95709,95709,0
15,CS16->US64,118773,118773,0
15,CS16->US72,64644,64644,0
15,CS16->US80,88310,88310,0
15,CS16->US88,65408,65408,0
15,CS16->US96,107354,107353,0
15,CS16->US104,109367,109366,0
15,CS16->US112,62100,62100,0
15,CS16->US120,77127,77126,0
15,CS17->US1,52049,52049,0
15,CS17->US9,83471,83471,0
15,CS17->US17,73257,73257,0
15,CS17->US25,96958,96958,0
15,CS17->US33,118508,118508,0
15,CS17->US41,59408,59406,0
15,CS17->US49,52299,52299,0
15,CS17->US57,95988,95988,0
15,CS17->US65,118760,118759,0
15,CS17->US73,64681,64681,0
15,CS17->US81,88503,88503,0
15,CS17->US89,65001,65001,0
15,CS17->US97,108225,108225,0
15,CS17->US105,108726,108725,0
15,CS17->US113,62124,62123,0
15,CS17->US121,77420,77420,0
15,CS18->US2,51999,51999,0
15,CS18->US10,83355,83355,0
15,CS18->US18,72998,72998,0
15,CS18->US26,96386,96386,0
15,CS18->US34,118671,118671,0
15,CS18->US42,59812,59812,0
15,CS18->US50,52090,52090,0
15,CS18->US58,96615,96615,0
15,CS18->US66,118918,118917,0
15,CS18->US74,64739,64738,0
15,CS18->US82,88729,88727,0
15,CS18->US90,65023,65021,0
15,CS18->US98,107940,107940,0
15,CS18->US106,109237,109237,0
15,CS18->US114,61625,61624,0
15,CS18->US122,77003,77003,0
15,CS19->US3,52306,52306,0
15,CS19->US11,84149,84149,0
15,CS19->US19,73075,73074,0
15,CS19->US27,96002,96001,0
15,CS19->US35,118489,118488,0
15,CS19->US43,58916,58916,0
15,CS19->US51,52174,52174,0
15,CS19->US59,96033,96033,0
15,CS19->US67,118998,118998,0
15,CS19->US75,64629,64629,0
15,CS19->US83,88340,88340,0
15,CS19->US91,65191,65190,0
15,CS19->US99,107577,107576,0
15,CS19->US107,108850,108849,0
15,CS19->US115,61505,61505,0
15,CS19->US123,77150,77150,0
15,CS20->US4,51981,51981,0
15,CS20->US12,84169,84169,0
15,CS20->US20,73438,73438,0
15,CS20->US28,96419,96419,0
15,CS20->US36,118388,118386,0
15,CS20->US44,59382,59381,0
15,CS20->US52,52076,52076,0
15,CS20->US60,95908,95908,0
15,CS20->US68,118228,118227,0
15,CS20->US76,64146,64145,0
15,CS20->US84,88259,88257,0
15,CS20->US92,65035,65034,0
15,CS20->US100,107567,107567,0
15,CS20->US108,110013,110013,0
15,CS20->US116,61863,61863,0
15,CS20->US124,77357,77356,0
15,CS21->US5,51999,51999,0
15,CS21->US13,83555,83553,0
15,CS21->US21,73111,73111,0
15,CS21->US29,96910,96909,0
15,CS21->US37,117980,117980,0
15,CS21->US45,59449,59449,0
15,CS21->US53,52143,52143,0
15,CS21->US61,95939,95939,0
15,CS21->US69,118637,118636,0
15,CS21->US77,64728,64728,0
15,CS21->US85,87951,87951,0
15,CS21->US93,65134,65133,0
15,CS21->US101,108014,108014,0
15,CS21->US109,109059,109058,0
15,CS21->US117,61991,61990,0
15,CS21->US125,77278,77278,0
15,CS22->US6,52019,52019,0
15,CS22->US14,83863,83863,0
15,CS22->US22,73629,73629,0
15,CS22->US30,95778,95778,0
15,CS22->US38,118833,118832,0
15,CS22->US46,59279,59279,0
15,CS22->US54,52130,52130,0
15,CS22->US62,96524,96522,0
15,CS22->US70,118777,118777,0
15,CS22->US78,64410,64409,0
15,CS22->US86,88787,88787,0
15,CS22->US94,64908,64908,0
15,CS22->US102,107120,107118,0
15,CS22->US110,108883,108883,0
15,CS22->US118,61716,61716,0
15,CS22->US126,77436,77436,0
15,CS23->US7,52018,52018,0
15,CS23->US15,83839,83839,0
15,CS23->US23,72740,72739,0
15,CS23->US31,96881,96881,0
15,CS23->US39,118705,118705,0
15,CS23->US47,59350,59350,0
15,CS23->US55,51923,51923,0
15,CS23->US63,96359,96358,0
15,CS23->US71,118819,118818,0
15,CS23->US79,64128,64127,0
15,CS23->US87,89088,89087,0
15,CS23->US95,65228,65228,0
15,CS23->US103,107386,107385,0
15,CS23->US111,108843,108843,0
15,CS23->US119,62142,62142,0
15,CS23->US127,77400,77400,0
15,CS24->US0,52014,52014,0
15,CS24->US8,84326,84326,0
15,CS24->US16,73141,73141,0
15,CS24->US24,96747,96747,0
15,CS24->US32,118868,118867,0
15,CS24->US40,60034,60034,0
15,CS24->US48,52029,52029,0
15,CS24->US56,96250,96249,0
15,CS24->US64,119044,119043,0
15,CS24->US72,64613,64612,0
15,CS24->US80,88275,88275,0
15,CS24->US88,65194,65194,0
15,CS24->US96,107463,107463,0
15,CS24->US104,109979,109978,0
15,CS24->US112,62054,62054,0
15,CS24->US120,77156,77156,0
15,CS25->US1,51744,51744,0
15,CS25->US9,83311,83311,0
15,CS25->US17,73133,73132,0
15,CS25->US25,96490,96488,0
15,CS25->US33,118544,118541,0
15,CS25->US41,59624,59624,0
15,CS25->US49,52145,52145,0
15,CS25->US57,95930,95930,0
15,CS25->US65,118838,118838,0
15,CS25->US73,64492,64492,0
15,CS25->US81,88447,88446,0
15,CS25->US89,65258,65258,0
15,CS25->US97,107734,107733,0
15,CS25->US105,109138,109138,0
15,CS25->US113,62165,62165,0
15,CS25->US121,76753,76753,0
15,CS26->US2,52006,52006,0
15,CS26->US10,83793,83793,0
15,CS26->US18,73027,73027,0
15,CS26->US26,96842,96841,0
15,CS26->US34,118671,118671,0
15,CS26->US42,59217,59217,0
15,CS26->US50,51828,51828,0
15,CS26->US58,96254,96253,0
15,CS26->US66,119479,119479,0
15,CS26->US74,64654,64654,0
15,CS26->US82,88375,88374,0
15,CS26->US90,65063,65063,0
15,CS26->US98,107235,107234,0
15,CS26->US106,108825,108825,0
15,CS26->US114,61725,61725,0
15,CS26->US122,77242,77241,0
15,CS27->US3,52274,52274,0
15,CS27->US11,84428,84427,0
15,CS27->US19,73027,73027,0
15,CS27->US27,96320,96319,0
15,CS27->US35,118166,118165,0
15,CS27->US43,59026,59026,0
15,CS27->US51,52235,52235,0
15,CS27->US59,95945,95944,0
15,CS27->US67,119344,119344,0
15,CS27->US75,64835,64835,0
15,CS27->US83,88979,88979,0
15,CS27->US91,64996,64996,0
15,CS27->US99,107626,107626,0
15,CS27->US107,108998,108997,0
15,CS27->US115,61876,61876,0
15,CS27->US123,77113,77113,0
15,CS28->US4,51987,51987,0
15,CS28->US12,83712,83711,0
15,CS28->US20,73055,73054,0
15,CS28->US28,95690,95690,0
15,CS28->US36,117554,117551,0
15,CS28->US44,59470,59470,0
15,CS28->US52,51791,51791,0
15,CS28->US60,96517,96515,0
15,CS28->US68,119083,119083,0
15,CS28->US76,64709,64708,0
15,CS28->US84,87973,87971,0
15,CS28->US92,65259,65258,0
15,CS28->US100,107215,107215,0
15,CS28->US108,109714,109714,0
15,CS28->US116,61471,61471,0
15,CS28->US124,77582,77582,0
15,CS29->US5,52093,52093,0
15,CS29->US13,83484,83484,0
15,CS29->US21,72978,72978,0
15,CS29->US29,97080,97079,0
15,CS29->US37,118752,118752,0
15,CS29->US45,59431,59431,0
15,CS29->US53,51935,51935,0
15,CS29->US61,96110,96110,0
15,CS29->US69,118578,118577,0
15,CS29->US77,64470,64470,0
15,CS29->US85,88449,88449,0
15,CS29->US93,64959,64958,0
15,CS29->US101,107493,107493,0
15,CS29->US109,108771,108771,0
15,CS29->US117,62016,62016,0
15,CS29->US125,77260,77260,0
15,CS30->US6,52156,52156,0
15,CS30->US14,84127,84127,0
15,CS30->US22,72808,72807,0
15,CS30->US30,95906,95904,0
15,CS30->US38,118380,118379,0
15,CS30->US46,59497,59497,0
15,CS30->US54,52239,52239,0
15,CS30->US62,95958,95958,0
15,CS30->US70,119045,119044,0
15,CS30->US78,64674,64673,0
15,CS30->US86,88431,88430,0
15,CS30->US94,65245,65245,0
15,CS30->US102,107065,107065,0
15,CS30->US110,109297,109297,0
15,CS30->US118,62252,62252,0
15,CS30->US126,77071,77071,0
15,CS31->US7,52223,52223,0
15,CS31->US15,84133,84133,0
15,CS31->US23,73233,73232,0
15,CS31->US31,96862,96862,0
15,CS31->US39,119119,119119,0
15,CS31->US47,59740,59740,0
15,CS31->US55,52083,52083,0
15,CS31->US63,95918,95918,0
15,CS31->US71,118883,118883,0
15,CS31->US79,64692,64691,0
15,CS31->US87,88600,88600,0
15,CS31->US95,65052,65052,0
15,CS31->US103,107276,107276,0
15,CS31->US111,109287,109287,0
15,CS31->US119,62400,62400,0
15,CS31->US127,76602,76601,0
15,CS32->US0,51876,51876,0
15,CS32->US8,84154,84154,0
15,CS32->US16,73440,73437,0
15,CS32->US24,96944,96943,0
15,CS32->US32,119111,119111,0
15,CS32->US40,59305,59305,0
15,CS32->US48,52048,52048,0
15,CS32->US56,96427,96426,0
15,CS32->US64,118676,118676,0
15,CS32->US72,64576,64575,0
15,CS32->US80,88836,88836,0
15,CS32->US88,64826,64825,0
15,CS32->US96,107516,107515,0
15,CS32->US104,109389,109389,0
15,CS32->US112,62005,62005,0
15,CS32->US120,77010,77010,0
15,CS33->US1,52174,52174,0
15,CS33->US9,83780,83780,0
15,CS33->US17,73176,73175,0
15,CS33->US25,96470,96469,0
15,CS33->US33,118694,118694,0
15,CS33->US41,59550,59549,0
15,CS33->US49,52189,52189,0
15,CS33->US57,96485,96484,0
15,CS33->US65,118847,118846,0
15,CS33->US73,64325,64324,0
15,CS33->US81,88820,88820,0
15,CS33->US89,64830,64829,0
15,CS33->US97,107680,107680,0
15,CS33->US105,109798,109798,0
15,CS33->US113,61988,61988,0
15,CS33->US121,77285,77284,0
15,CS34->US2,52088,52088,0
15,CS34->US10,83667,83667,0
15,CS34->US18,73319,73319,0
15,CS34->US26,96517,96516,0
15,CS34->US34,118483,118483,0
15,CS34->US42,59675,59675,0
15,CS34->US50,51921,51921,0
15,CS34->US58,95886,95886,0
15,CS34->US66,118682,118682,0
15,CS34->US74,64411,64411,0
15,CS34->US82,88716,88716,0
15,CS34->US90,65149,65148,0
15,CS34->US98,107422,107422,0
15,CS34->US106,109108,109108,0
15,CS34->US114,61651,61651,0
15,CS34->US122,76351,76351,0
15,CS35->US3,52377,52377,0
15,CS35->US11,83683,83683,0
15,CS35->US19,72881,72881,0
15,CS35->US27,96170,96170,0
15,CS35->US35,118510,118509,0
15,CS35->US43,59289,59289,0
15,CS35->US51,51880,51880,0
15,CS35->US59,96738,96737,0
15,CS35->US67,118705,118705,0
15,CS35->US75,64344,64343,0
15,CS35->US83,88189,88189,0
15,CS35->US91,64802,64801,0
15,CS35->US99,107730,107728,0
15,CS35->US107,109703,109702,0
15,CS35->US115,62016,62015,0
15,CS35->US123,77665,77663,0
15,CS36->US4,52274,52274,0
15,CS36->US12,83678,83678,0
15,CS36->US20,72850,72849,0
15,CS36->US28,96792,96792,0
15,CS36->US36,118499,118499,0
15,CS36->US44,59880,59879,0
15,CS36->US52,52046,52046,0
15,CS36->US60,95729,95729,0
15,CS36->US68,118857,118857,0
15,CS36->US76,64471,64471,0
15,CS36->US84,88764,88764,0
15,CS36->US92,65304,65304,0
15,CS36->US100,107643,107643,0
15,CS36->US108,109165,109164,0
15,CS36->US116,61767,61767,0
15,CS36->US124,77290,77290,0
15,CS37->US5,51902,51902,0
15,CS37->US13,83829,83828,0
15,CS37->US21,73350,73350,0
15,CS37->US29,96557,96557,0
15,CS37->US37,119144,119144,0
15,CS37->US45,59379,59379,0
15,CS37->US53,52263,52263,0
15,CS37->US61,95627,95627,0
15,CS37->US69,118659,118659,0
15,CS37->US77,64599,64598,0
15,CS37->US85,88583,88583,0
15,CS37->US93,64758,64758,0
15,CS37->US101,107096,107096,0
15,CS37->US109,109308,109307,0
15,CS37->US117,62048,62047,0
15,CS37->US125,76937,76936,0
15,CS38->US6,52103,52103,0
15,CS38->US14,84165,84164,0
15,CS38->US22,73124,73124,0
15,CS38->US30,96360,96360,0
15,CS38->US38,118946,118944,0
15,CS38->US46,59507,59507,0
15,CS38->US54,51807,51807,0
15,CS38->US62,96243,96243,0
15,CS38->US70,119058,119058,0
15,CS38->US78,64679,64679,0
15,CS38->US86,89294,89292,0
15,CS38->US94,64582,64582,0
15,CS38->US102,107299,107299,0
15,CS38->US110,109447,109445,0
15,CS38->US118,61400,61400,0
15,CS38->US126,77296,77295,0
15,CS39->US7,52027,52027,0
15,CS39->US15,84038,84037,0
15,CS39->US23,72926,72926,0
15,CS39->US31,97257,97257,0
15,CS39->US39,118856,118856,0
15,CS39->US47,59514,59513,0
15,CS39->US55,52116,52116,0
15,CS39->US63,96184,96183,0
15,CS39->US71,118218,118218,0
15,CS39->US79,64922,64922,0
15,CS39->US87,88276,88276,0
15,CS39->US95,65369,65368,0
15,CS39->US103,107938,107938,0
15,CS39->US111,109283,109282,0
15,CS39->US119,62090,62089,0
15,CS39->US127,77406,77406,0
15,CS40->US0,52393,52393,0
15,CS40->US8,84245,84244,0
15,CS40->US16,73593,73593,0
15,CS40->US24,96352,96350,0
15,CS40->US32,118306,118306,0
15,CS40->US40,59444,59444,0
15,CS40->US48,52198,52198,0
15,CS40->US56,95994,95993,0
15,CS40->US64,118522,118521,0
15,CS40->US72,64873,64872,0
15,CS40->US80,88620,88620,0
15,CS40->US88,65079,65079,0
15,CS40->US96,107432,107432,0
15,CS40->US104,109468,109467,0
15,CS40->US112,61896,61896,0
15,CS40->US120,77147,77146,0
15,CS41->US1,52262,52262,0
15,CS41->US9,83463,83462,0
15,CS41->US17,72862,72862,0
15,CS41->US25,96657,96656,0
15,CS41->US33,118927,118926,0
15,CS41->US41,59260,59260,0
15,CS41->US49,52344,52344,0
15,CS41->US57,96270,96270,0
15,CS41->US65,118774,118774,0
15,CS41->US73,64595,64595,0
15,CS41->US81,88618,88618,0
15,CS41->US89,65282,65282,0
15,CS41->US97,107352,107351,0
15,CS41->US105,109298,109296,0
15,CS41->US113,61978,61978,0
15,CS41->US121,77017,77017,0
15,CS42->US2,52030,52030,0
15,CS42->US10,83501,83501,0
15,CS42->US18,73245,73244,0
15,CS42->US26,96225,96225,0
15,CS42->US34,118636,118636,0
15,CS42->US42,59598,59598,0
15,CS42->US50,52097,52097,0
15,CS42->US58,95971,95971,0
15,CS42->US66,118943,118942,0
15,CS42->US74,64181,64180,0
15,CS42->US82,88713,88713,0
15,CS42->US90,65215,65215,0
15,CS42->US98,107164,107163,0
15,CS42->US106,108882,108882,0
15,CS42->US114,62178,62178,0
15,CS42->US122,77729,77728,0
15,CS43->US3,52232,52232,0
15,CS43->US11,83313,83312,0
15,CS43->US19,73228,73227,0
15,CS43->US27,96273,96273,0
15,CS43->US35,118572,118571,0
15,CS43->US43,59684,59684,0
15,CS43->US51,52568,52568,0
15,CS43->US59,96550,96550,0
15,CS43->US67,118874,118873,0
15,CS43->US75,65020,65020,0
15,CS43->US83,88387,88386,0
15,CS43->US91,65058,65058,0
15,CS43->US99,107711,107710,0
15,CS43->US107,108949,108948,0
15,CS43->US115,61984,61984,0
15,CS43->US123,77072,77072,0
15,CS44->US4,52639,52639,0
15,CS44->US12,84221,84221,0
15,CS44->US20,72780,72780,0
15,CS44->US28,96454,96454,0
15,CS44->US36,118971,118971,0
15,CS44->US44,59039,59038,0
15,CS44->US52,52039,52039,0
15,CS44->US60,95869,95869,0
15,CS44->US68,119140,119139,0
15,CS44->US76,64457,64457,0
15,CS44->US84,88312,88312,0
15,CS44->US92,65293,65292,0
15,CS44->US100,107539,107539,0
15,CS44->US108,109324,109324,0
15,CS44->US116,61532,61532,0
15,CS44->US124,76650,76649,0
15,CS45->US5,52190,52190,0
15,CS45->US13,84175,84174,0
15,CS45->US21,73364,73364,0
15,CS45->US29,96625,96625,0
15,CS45->US37,118581,118581,0
15,CS45->US45,59198,59196,0
15,CS45->US53,52024,52024,0
15,CS45->US61,95683,95683,0
15,CS45->US69,119299,119297,0
15,CS45->US77,64303,64303,0
15,CS45->US85,88106,88106,0
15,CS45->US93,65046,65046,0
15,CS45->US101,107565,107565,0
15,CS45->US109,109376,109376,0
15,CS45->US117,61771,61771,0
15,CS45->US125,76531,76531,0
15,CS46->US6,52379,52379,0
15,CS46->US14,84706,84705,0
15,CS46->US22,72758,72757,0
15,CS46->US30,96939,96938,0
15,CS46->US38,119128,119127,0
15,CS46->US46,59323,59322,0
15,CS46->US54,52371,52371,0
15,CS46->US62,96234,96234,0
15,CS46->US70,118602,118601,0
15,CS46->US78,64841,64841,0
15,CS46->US86,88555,88555,0
15,CS46->US94,64862,64860,0
15,CS46->US102,107340,107337,0
15,CS46->US110,109186,109186,0
15,CS46->US118,61768,61767,0
15,CS46->US126,77118,77118,0
15,CS47->US7,52221,52221,0
15,CS47->US15,83514,83514,0
15,CS47->US23,72996,72996,0
15,CS47->US31,96287,96286,0
15,CS47->US39,118007,118006,0
15,CS47->US47,59424,59424,0
15,CS47->US55,52316,52316,0
15,CS47->US63,96669,96669,0
15,CS47->US71,118854,118854,0
15,CS47->US79,64811,64811,0
15,CS47->US87,88750,88750,0
15,CS47->US95,65051,65051,0
15,CS47->US103,107575,107574,0
15,CS47->US111,109546,109546,0
15,CS47->US119,61742,61742,0
15,CS47->US127,76960,76960,0
15,CS48->US0,51774,51774,0
15,CS48->US8,83564,83564,0
15,CS48->US16,73004,73004,0
15,CS48->US24,96636,96636,0
15,CS48->US32,118931,118929,0
15,CS48->US40,59206,59206,0
15,CS48->US48,52357,52357,0
15,CS48->US56,95789,95788,0
15,CS48->US64,118436,118436,0
15,CS48->US72,64629,64629,0
15,CS48->US80,88800,88799,0
15,CS48->US88,64968,64967,0
15,CS48->US96,107311,107311,0
15,CS48->US104,109630,109630,0
15,CS48->US112,62215,62215,0
15,CS48->US120,77337,77335,0
15,CS49->US1,52180,52180,0
15,CS49->US9,83223,83223,0
15,CS49->US17,73261,73261,0
15,CS49->US25,96597,96597,0
15,CS49->US33,118369,118369,0
15,CS49->US41,59197,59196,0
15,CS49->US49,52052,52052,0
15,CS49->US57,95877,95876,0
15,CS49->US65,118930,118930,0
15,CS49->US73,63977,63977,0
15,CS49->US81,89105,89105,0
15,CS49->US89,65108,65108,0
15,CS49->US97,107566,107566,0
15,CS49->US105,108746,108746,0
15,CS49->US113,61897,61897,0
15,CS49->US121,76976,76976,0
15,CS50->US2,52111,52111,0
15,CS50->US10,83887,83887,0
15,CS50->US18,72757,72756,0
15,CS50->US26,96854,96854,0
15,CS50->US34,118652,118650,0
15,CS50->US42,60036,60036,0
15,CS50->US50,52351,52351,0
15,CS50->US58,96687,96686,0
15,CS50->US66,118746,118746,0
15,CS50->US74,64655,64654,0
15,CS50->US82,88059,88059,0
15,CS50->US90,65024,65023,0
15,CS50->US98,107474,107473,0
15,CS50->US106,109039,109037,0
15,CS50->US114,61329,61328,0
15,CS50->US122,77129,77128,0
15,CS51->US3,51857,51857,0
15,CS51->US11,83230,83230,0
15,CS51->US19,72781,72781,0
15,CS51->US27,96139,96139,0
15,CS51->US35,118353,118353,0
15,CS51->US43,59670,59670,0
15,CS51->US51,52585,52585,0
15,CS51->US59,96422,96421,0
15,CS51->US67,119479,119478,0
15,CS51->US75,64868,64867,0
15,CS51->US83,87933,87933,0
15,CS51->US91,65290,65289,0
15,CS51->US99,107610,107609,0
15,CS51->US107,109159,109159,0
15,CS51->US115,61908,61908,0
15,CS51->US123,77577,77577,0
15,CS52->US4,52247,52247,0
15,CS52->US12,83879,83879,0
15,CS52->US20,73309,73309,0
15,CS52->US28,96378,96377,0
15,CS52->US36,118969,118969,0
15,CS52->US44,59159,59159,0
15,CS52->US52,52442,52442,0
15,CS52->US60,95630,95630,0
15,CS52->US68,119232,119232,0
15,CS52->US76,64724,64724,0
15,CS52->US84,88818,88818,0
15,CS52->US92,65052,65050,0
15,CS52->US100,107386,107386,0
15,CS52->US108,109192,109192,0
15,CS52->US116,61749,61749,0
15,CS52->US124,76988,76988,0
15,CS53->US5,51780,51780,0
15,CS53->US13,83785,83784,0
15,CS53->US21,73030,73030,0
15,CS53->US29,96275,96275,0
15,CS53->US37,118385,118385,0
15,CS53->US45,59726,59726,0
15,CS53->US53,51938,51938,0
15,CS53->US61,96029,96029,0
15,CS53->US69,118873,118873,0
15,CS53->US77,64991,64991,0
15,CS53->US85,88171,88171,0
15,CS53->US93,64935,64935,0
15,CS53->US101,107176,107176,0
15,CS53->US109,109468,109467,0
15,CS53->US117,61934,61933,0
15,CS53->US125,77103,77101,0
15,CS54->US6,52064,52064,0
15,CS54->US14,83802,83802,0
15,CS54->US22,73391,73391,0
15,CS54->US30,96524,96524,0
15,CS54->US38,118256,118255,0
15,CS54->US46,59694,59694,0
15,CS54->US54,52540,52540,0
15,CS54->US62,96452,96452,0
15,CS54->US70,118655,118655,0
15,CS54->US78,64313,64313,0
15,CS54->US86,88079,88079,0
15,CS54->US94,64644,64644,0
15,CS54->US102,107411,107410,0
15,CS54->US110,109048,109048,0
15,CS54->US118,61904,61904,0
15,CS54->US126,76676,76676,0
15,CS55->US7,52120,52120,0
15,CS55->US15,84036,84035,0
15,CS55->US23,73142,73142,0
15,CS55->US31,96843,96842,0
15,CS55->US39,118083,118083,0
15,CS55->US47,59406,59406,0
15,CS55->US55,52049,52049,0
15,CS55->US63,96087,96087,0
15,CS55->US71,118612,118612,0
15,CS55->US79,64075,64075,0
15,CS55->US87,88575,88573,0
15,CS55->US95,65070,65070,0
15,CS55->US103,107213,107213,0
15,CS55->US111,109435,109435,0
15,CS55->US119,62039,62038,0
15,CS55->US127,76879,76879,0
15,CS56->US0,51800,51800,0
15,CS56->US8,83784,83784,0
15,CS56->US16,72892,72890,0
15,CS56->US24,96577,96576,0
15,CS56->US32,118401,118401,0
15,CS56->US40,59802,59802,0
15,CS56->US48,52104,52104,0
15,CS56->US56,96401,96401,0
15,CS56->US64,118956,118954,0
15,CS56->US72,64641,64640,0
15,CS56->US80,88343,88343,0
15,CS56->US88,64697,64696,0
15,CS56->US96,107357,107357,0
15,CS56->US104,109301,109301,0
15,CS56->US112,61306,61306,0
15,CS56->US120,77239,77239,0
15,CS57->US1,52198,52198,0
15,CS57->US9,83683,83683,0
15,CS57->US17,72633,72633,0
15,CS57->US25,96381,96381,0
15,CS57->US33,118581,118581,0
15,CS57->US41,59525,59525,0
15,CS57->US49,51896,51896,0
15,CS57->US57,96943,96943,0
15,CS57->US65,118808,118807,0
15,CS57->US73,64803,64803,0
15,CS57->US81,88602,88602,0
15,CS57->US89,65221,65220,0
15,CS57->US97,107691,107691,0
15,CS57->US105,109145,109145,0
15,CS57->US113,61525,61525,0
15,CS57->US121,76916,76916,0
15,CS58->US2,52243,52243,0
15,CS58->US10,83826,83826,0
15,CS58->US18,73420,73420,0
15,CS58->US26,96434,96434,0
15,CS58->US34,119065,119065,0
15,CS58->US42,59755,59755,0
15,CS58->US50,52219,52219,0
15,CS58->US58,96613,96610,0
15,CS58->US66,118706,118706,0
15,CS58->US74,64593,64593,0
15,CS58->US82,88649,88649,0
15,CS58->US90,65228,65228,0
15,CS58->US98,107051,107051,0
15,CS58->US106,109437,109437,0
15,CS58->US114,61593,61593,0
15,CS58->US122,76696,76696,0
15,CS59->US3,52335,52335,0
15,CS59->US11,84008,84008,0
15,CS59->US19,72454,72453,0
15,CS59->US27,96766,96766,0
15,CS59->US35,118955,118955,0
15,CS59->US43,59239,59238,0
15,CS59->US51,51969,51969,0
15,CS59->US59,96117,96117,0
15,CS59->US67,118958,118958,0
15,CS59->US75,64696,64696,0
15,CS59->US83,88558,88556,0
15,CS59->US91,65064,65064,0
15,CS59->US99,107384,107384,0
15,CS59->US107,109424,109424,0
15,CS59->US115,61666,61666,0
15,CS59->US123,76529,76528,0
15,CS60->US4,52011,52011,0
15,CS60->US12,83274,83274,0
15,CS60->US20,73302,73302,0
15,CS60->US28,96962,96962,0
15,CS60->US36,118785,118785,0
15,CS60->US44,59628,59628,0
15,CS60->US52,52482,52482,0
15,CS60->US60,96157,96157,0
15,CS60->US68,119182,119182,0
15,CS60->US76,64927,64927,0
15,CS60->US84,88449,88449,0
15,CS60->US92,64810,64810,0
15,CS60->US100,107226,107224,0
15,CS60->US108,109278,109278,0
15,CS60->US116,62121,62121,0
15,CS60->US124,76383,76383,0
15,CS61->US5,51948,51948,0
15,CS61->US13,83739,83739,0
15,CS61->US21,73655,73655,0
15,CS61->US29,96659,96659,0
15,CS61->US37,118575,118575,0
15,CS61->US45,59408,59407,0
15,CS61->US53,52694,52694,0
15,CS61->US61,96516,96516,0
15,CS61->US69,119151,119150,0
15,CS61->US77,64404,64403,0
15,CS61->US85,88490,88490,0
15,CS61->US93,65000,65000,0
15,CS61->US101,107068,107068,0
15,CS61->US109,108604,108603,0
15,CS61->US117,61796,61796,0
15,CS61->US125,76525,76525,0
15,CS62->US6,51898,51898,0
15,CS62->US14,83652,83652,0
15,CS62->US22,73378,73378,0
15,CS62->US30,96451,96451,0
15,CS62->US38,118696,118694,0
15,CS62->US46,59204,59204,0
15,CS62->US54,52016,52016,0
15,CS62->US62,96017,96017,0
15,CS62->US70,118456,118456,0
15,CS62->US78,64602,64601,0
15,CS62->US86,88032,88031,0
15,CS62->US94,65021,65021,0
15,CS62->US102,107867,107866,0
15,CS62->US110,109135,109135,0
15,CS62->US118,61635,61635,0
15,CS62->US126,76891,76890,0
15,CS63->US7,51764,51764,0
15,CS63->US15,83908,83908,0
15,CS63->US23,73645,73644,0
15,CS63->US31,96719,96719,0
15,CS63->US39,118590,118590,0
15,CS63->US47,59615,59615,0
15,CS63->US55,52497,52497,0
15,CS63->US63,96024,96024,0
15,CS63->US71,118668,118667,0
15,CS63->US79,64616,64616,0
15,CS63->US87,88994,88994,0
15,CS63->US95,65060,65060,0
15,CS63->US103,107644,107644,0
15,CS63->US111,109452,109451,0
15,CS63->US119,61902,61901,0
15,CS63->US127,76895,76894,0
