epoch,link_name,tx,rx,drop
1,US0->CS0,27626,27626,0
1,US0->CS8,27434,27434,0
1,US0->CS16,27545,27545,0
1,US0->CS24,27675,27675,0
1,US0->CS32,27868,27868,0
1,US0->CS40,27347,27347,0
1,US0->CS48,27581,27581,0
1,US0->CS56,27659,27659,0
1,US1->CS1,27418,27418,0
1,US1->CS9,27441,27441,0
1,US1->CS17,27600,27600,0
1,US1->CS25,27579,27579,0
1,US1->CS33,27785,27785,0
1,US1->CS41,27538,27538,0
1,US1->CS49,27507,27507,0
1,US1->CS57,27475,27475,0
1,US2->CS2,27474,27474,0
1,US2->CS10,27494,27494,0
1,US2->CS18,27400,27400,0
1,US2->CS26,27458,27458,0
1,US2->CS34,27398,27398,0
1,US2->CS42,27618,27618,0
1,US2->CS50,27879,27879,0
1,US2->CS58,27701,27701,0
1,US3->CS3,27785,27785,0
1,US3->CS11,27509,27509,0
1,US3->CS19,27677,27677,0
1,US3->CS27,27481,27481,0
1,US3->CS35,27446,27446,0
1,US3->CS43,27792,27792,0
1,US3->CS51,27586,27586,0
1,US3->CS59,27253,27253,0
1,US4->CS4,27607,27607,0
1,US4->CS12,27427,27427,0
1,US4->CS20,27510,27510,0
1,US4->CS28,27759,27759,0
1,US4->CS36,27426,27426,0
1,US4->CS44,27576,27576,0
1,US4->CS52,27657,27657,0
1,US4->CS60,27540,27540,0
1,US5->CS5,27552,27552,0
1,US5->CS13,27421,27421,0
1,US5->CS21,27473,27473,0
1,US5->CS29,27558,27558,0
1,US5->CS37,27429,27429,0
1,US5->CS45,27544,27544,0
1,US5->CS53,27567,27567,0
1,US5->CS61,27777,27777,0
1,US6->CS6,27515,27515,0
1,US6->CS14,27737,27737,0
1,US6->CS22,27648,27648,0
1,US6->CS30,27665,27665,0
1,US6->CS38,27571,27571,0
1,US6->CS46,27594,27594,0
1,US6->CS54,27519,27519,0
1,US6->CS62,27549,27549,0
1,US7->CS7,27417,27417,0
1,US7->CS15,27679,27679,0
1,US7->CS23,27436,27436,0
1,US7->CS31,27631,27631,0
1,US7->CS39,27439,27439,0
1,US7->CS47,27315,27315,0
1,US7->CS55,27482,27482,0
1,US7->CS63,27627,27627,0
1,US8->CS0,0,0,0
1,US8->CS8,0,0,0
1,US8->CS16,0,0,0
1,US8->CS24,0,0,0
1,US8->CS32,0,0,0
1,US8->CS40,0,0,0
1,US8->CS48,0,0,0
1,US8->CS56,0,0,0
1,US9->CS1,0,0,0
1,US9->CS9,0,0,0
1,US9->CS17,0,0,0
1,US9->CS25,0,0,0
1,US9->CS33,0,0,0
1,US9->CS41,0,0,0
1,US9->CS49,0,0,0
1,US9->CS57,0,0,0
1,US10->CS2,0,0,0
1,US10->CS10,0,0,0
1,US10->CS18,0,0,0
1,US10->CS26,0,0,0
1,US10->CS34,0,0,0
1,US10->CS42,0,0,0
1,US10->CS50,0,0,0
1,US10->CS58,0,0,0
1,US11->CS3,0,0,0
1,US11->CS11,0,0,0
1,US11->CS19,0,0,0
1,US11->CS27,0,0,0
1,US11->CS35,0,0,0
1,US11->CS43,0,0,0
1,US11->CS51,0,0,0
1,US11->CS59,0,0,0
1,US12->CS4,0,0,0
1,US12->CS12,0,0,0
1,US12->CS20,0,0,0
1,US12->CS28,0,0,0
1,US12->CS36,0,0,0
1,US12->CS44,0,0,0
1,US12->CS52,0,0,0
1,US12->CS60,0,0,0
1,US13->CS5,0,0,0
1,US13->CS13,0,0,0
1,US13->CS21,0,0,0
1,US13->CS29,0,0,0
1,US13->CS37,0,0,0
1,US13->CS45,0,0,0
1,US13->CS53,0,0,0
1,US13->CS61,0,0,0
1,US14->CS6,0,0,0
1,US14->CS14,0,0,0
1,US14->CS22,0,0,0
1,US14->CS30,0,0,0
1,US14->CS38,0,0,0
1,US14->CS46,0,0,0
1,US14->CS54,0,0,0
1,US14->CS62,0,0,0
1,US15->CS7,0,0,0
1,US15->CS15,0,0,0
1,US15->CS23,0,0,0
1,US15->CS31,0,0,0
1,US15->CS39,0,0,0
1,US15->CS47,0,0,0
1,US15->CS55,0,0,0
1,US15->CS63,0,0,0
1,US16->CS0,0,0,0
1,US16->CS8,0,0,0
1,US16->CS16,0,0,0
1,US16->CS24,0,0,0
1,US16->CS32,0,0,0
1,US16->CS40,0,0,0
1,US16->CS48,0,0,0
1,US16->CS56,0,0,0
1,US17->CS1,0,0,0
1,US17->CS9,0,0,0
1,US17->CS17,0,0,0
1,US17->CS25,0,0,0
1,US17->CS33,0,0,0
1,US17->CS41,0,0,0
1,US17->CS49,0,0,0
1,US17->CS57,0,0,0
1,US18->CS2,0,0,0
1,US18->CS10,0,0,0
1,US18->CS18,0,0,0
1,US18->CS26,0,0,0
1,US18->CS34,0,0,0
1,US18->CS42,0,0,0
1,US18->CS50,0,0,0
1,US18->CS58,0,0,0
1,US19->CS3,0,0,0
1,US19->CS11,0,0,0
1,US19->CS19,0,0,0
1,US19->CS27,0,0,0
1,US19->CS35,0,0,0
1,US19->CS43,0,0,0
1,US19->CS51,0,0,0
1,US19->CS59,0,0,0
1,US20->CS4,0,0,0
1,US20->CS12,0,0,0
1,US20->CS20,0,0,0
1,US20->CS28,0,0,0
1,US20->CS36,0,0,0
1,US20->CS44,0,0,0
1,US20->CS52,0,0,0
1,US20->CS60,0,0,0
1,US21->CS5,0,0,0
1,US21->CS13,0,0,0
1,US21->CS21,0,0,0
1,US21->CS29,0,0,0
1,US21->CS37,0,0,0
1,US21->CS45,0,0,0
1,US21->CS53,0,0,0
1,US21->CS61,0,0,0
1,US22->CS6,0,0,0
1,US22->CS14,0,0,0
1,US22->CS22,0,0,0
1,US22->CS30,0,0,0
1,US22->CS38,0,0,0
1,US22->CS46,0,0,0
1,US22->CS54,0,0,0
1,US22->CS62,0,0,0
1,US23->CS7,0,0,0
1,US23->CS15,0,0,0
1,US23->CS23,0,0,0
1,US23->CS31,0,0,0
1,US23->CS39,0,0,0
1,US23->CS47,0,0,0
1,US23->CS55,0,0,0
1,US23->CS63,0,0,0
1,US24->CS0,0,0,0
1,US24->CS8,0,0,0
1,US24->CS16,0,0,0
1,US24->CS24,0,0,0
1,US24->CS32,0,0,0
1,US24->CS40,0,0,0
1,US24->CS48,0,0,0
1,US24->CS56,0,0,0
1,US25->CS1,0,0,0
1,US25->CS9,0,0,0
1,US25->CS17,0,0,0
1,US25->CS25,0,0,0
1,US25->CS33,0,0,0
1,US25->CS41,0,0,0
1,US25->CS49,0,0,0
1,US25->CS57,0,0,0
1,US26->CS2,0,0,0
1,US26->CS10,0,0,0
1,US26->CS18,0,0,0
1,US26->CS26,0,0,0
1,US26->CS34,0,0,0
1,US26->CS42,0,0,0
1,US26->CS50,0,0,0
1,US26->CS58,0,0,0
1,US27->CS3,0,0,0
1,US27->CS11,0,0,0
1,US27->CS19,0,0,0
1,US27->CS27,0,0,0
1,US27->CS35,0,0,0
1,US27->CS43,0,0,0
1,US27->CS51,0,0,0
1,US27->CS59,0,0,0
1,US28->CS4,0,0,0
1,US28->CS12,0,0,0
1,US28->CS20,0,0,0
1,US28->CS28,0,0,0
1,US28->CS36,0,0,0
1,US28->CS44,0,0,0
1,US28->CS52,0,0,0
1,US28->CS60,0,0,0
1,US29->CS5,0,0,0
1,US29->CS13,0,0,0
1,US29->CS21,0,0,0
1,US29->CS29,0,0,0
1,US29->CS37,0,0,0
1,US29->CS45,0,0,0
1,US29->CS53,0,0,0
1,US29->CS61,0,0,0
1,US30->CS6,0,0,0
1,US30->CS14,0,0,0
1,US30->CS22,0,0,0
1,US30->CS30,0,0,0
1,US30->CS38,0,0,0
1,US30->CS46,0,0,0
1,US30->CS54,0,0,0
1,US30->CS62,0,0,0
1,US31->CS7,0,0,0
1,US31->CS15,0,0,0
1,US31->CS23,0,0,0
1,US31->CS31,0,0,0
1,US31->CS39,0,0,0
1,US31->CS47,0,0,0
1,US31->CS55,0,0,0
1,US31->CS63,0,0,0
1,US32->CS0,0,0,0
1,US32->CS8,0,0,0
1,US32->CS16,0,0,0
1,US32->CS24,0,0,0
1,US32->CS32,0,0,0
1,US32->CS40,0,0,0
1,US32->CS48,0,0,0
1,US32->CS56,0,0,0
1,US33->CS1,0,0,0
1,US33->CS9,0,0,0
1,US33->CS17,0,0,0
1,US33->CS25,0,0,0
1,US33->CS33,0,0,0
1,US33->CS41,0,0,0
1,US33->CS49,0,0,0
1,US33->CS57,0,0,0
1,US34->CS2,0,0,0
1,US34->CS10,0,0,0
1,US34->CS18,0,0,0
1,US34->CS26,0,0,0
1,US34->CS34,0,0,0
1,US34->CS42,0,0,0
1,US34->CS50,0,0,0
1,US34->CS58,0,0,0
1,US35->CS3,0,0,0
1,US35->CS11,0,0,0
1,US35->CS19,0,0,0
1,US35->CS27,0,0,0
1,US35->CS35,0,0,0
1,US35->CS43,0,0,0
1,US35->CS51,0,0,0
1,US35->CS59,0,0,0
1,US36->CS4,0,0,0
1,US36->CS12,0,0,0
1,US36->CS20,0,0,0
1,US36->CS28,0,0,0
1,US36->CS36,0,0,0
1,US36->CS44,0,0,0
1,US36->CS52,0,0,0
1,US36->CS60,0,0,0
1,US37->CS5,0,0,0
1,US37->CS13,0,0,0
1,US37->CS21,0,0,0
1,US37->CS29,0,0,0
1,US37->CS37,0,0,0
1,US37->CS45,0,0,0
1,US37->CS53,0,0,0
1,US37->CS61,0,0,0
1,US38->CS6,0,0,0
1,US38->CS14,0,0,0
1,US38->CS22,0,0,0
1,US38->CS30,0,0,0
1,US38->CS38,0,0,0
1,US38->CS46,0,0,0
1,US38->CS54,0,0,0
1,US38->CS62,0,0,0
1,US39->CS7,0,0,0
1,US39->CS15,0,0,0
1,US39->CS23,0,0,0
1,US39->CS31,0,0,0
1,US39->CS39,0,0,0
1,US39->CS47,0,0,0
1,US39->CS55,0,0,0
1,US39->CS63,0,0,0
1,US40->CS0,0,0,0
1,US40->CS8,0,0,0
1,US40->CS16,0,0,0
1,US40->CS24,0,0,0
1,US40->CS32,0,0,0
1,US40->CS40,0,0,0
1,US40->CS48,0,0,0
1,US40->CS56,0,0,0
1,US41->CS1,0,0,0
1,US41->CS9,0,0,0
1,US41->CS17,0,0,0
1,US41->CS25,0,0,0
1,US41->CS33,0,0,0
1,US41->CS41,0,0,0
1,US41->CS49,0,0,0
1,US41->CS57,0,0,0
1,US42->CS2,0,0,0
1,US42->CS10,0,0,0
1,US42->CS18,0,0,0
1,US42->CS26,0,0,0
1,US42->CS34,0,0,0
1,US42->CS42,0,0,0
1,US42->CS50,0,0,0
1,US42->CS58,0,0,0
1,US43->CS3,0,0,0
1,US43->CS11,0,0,0
1,US43->CS19,0,0,0
1,US43->CS27,0,0,0
1,US43->CS35,0,0,0
1,US43->CS43,0,0,0
1,US43->CS51,0,0,0
1,US43->CS59,0,0,0
1,US44->CS4,0,0,0
1,US44->CS12,0,0,0
1,US44->CS20,0,0,0
1,US44->CS28,0,0,0
1,US44->CS36,0,0,0
1,US44->CS44,0,0,0
1,US44->CS52,0,0,0
1,US44->CS60,0,0,0
1,US45->CS5,0,0,0
1,US45->CS13,0,0,0
1,US45->CS21,0,0,0
1,US45->CS29,0,0,0
1,US45->CS37,0,0,0
1,US45->CS45,0,0,0
1,US45->CS53,0,0,0
1,US45->CS61,0,0,0
1,US46->CS6,0,0,0
1,US46->CS14,0,0,0
1,US46->CS22,0,0,0
1,US46->CS30,0,0,0
1,US46->CS38,0,0,0
1,US46->CS46,0,0,0
1,US46->CS54,0,0,0
1,US46->CS62,0,0,0
1,US47->CS7,0,0,0
1,US47->CS15,0,0,0
1,US47->CS23,0,0,0
1,US47->CS31,0,0,0
1,US47->CS39,0,0,0
1,US47->CS47,0,0,0
1,US47->CS55,0,0,0
1,US47->CS63,0,0,0
1,US48->CS0,27908,27908,0
1,US48->CS8,27653,27653,0
1,US48->CS16,28069,28069,0
1,US48->CS24,27725,27725,0
1,US48->CS32,27375,27375,0
1,US48->CS40,27628,27628,0
1,US48->CS48,27489,27489,0
1,US48->CS56,27485,27485,0
1,US49->CS1,27674,27674,0
1,US49->CS9,27791,27791,0
1,US49->CS17,27844,27844,0
1,US49->CS25,27512,27512,0
1,US49->CS33,27661,27661,0
1,US49->CS41,27335,27335,0
1,US49->CS49,27553,27553,0
1,US49->CS57,27638,27638,0
1,US50->CS2,27559,27559,0
1,US50->CS10,27552,27552,0
1,US50->CS18,27542,27542,0
1,US50->CS26,27352,27352,0
1,US50->CS34,27308,27308,0
1,US50->CS42,27536,27536,0
1,US50->CS50,27293,27293,0
1,US50->CS58,27710,27710,0
1,US51->CS3,27345,27345,0
1,US51->CS11,27499,27499,0
1,US51->CS19,27656,27656,0
1,US51->CS27,27516,27516,0
1,US51->CS35,27774,27774,0
1,US51->CS43,27565,27565,0
1,US51->CS51,27459,27459,0
1,US51->CS59,27434,27434,0
1,US52->CS4,27795,27795,0
1,US52->CS12,27333,27333,0
1,US52->CS20,27691,27691,0
1,US52->CS28,27394,27394,0
1,US52->CS36,27597,27597,0
1,US52->CS44,27332,27332,0
1,US52->CS52,27559,27559,0
1,US52->CS60,27590,27590,0
1,US53->CS5,27373,27373,0
1,US53->CS13,27600,27600,0
1,US53->CS21,27836,27836,0
1,US53->CS29,27488,27488,0
1,US53->CS37,27454,27454,0
1,US53->CS45,27434,27434,0
1,US53->CS53,27459,27459,0
1,US53->CS61,27496,27496,0
1,US54->CS6,27669,27669,0
1,US54->CS14,27474,27474,0
1,US54->CS22,27232,27232,0
1,US54->CS30,27723,27723,0
1,US54->CS38,27354,27354,0
1,US54->CS46,27580,27580,0
1,US54->CS54,27398,27398,0
1,US54->CS62,27563,27563,0
1,US55->CS7,27426,27426,0
1,US55->CS15,27797,27797,0
1,US55->CS23,27541,27541,0
1,US55->CS31,27328,27328,0
1,US55->CS39,27688,27688,0
1,US55->CS47,27555,27555,0
1,US55->CS55,27642,27642,0
1,US55->CS63,27596,27596,0
1,US56->CS0,0,0,0
1,US56->CS8,0,0,0
1,US56->CS16,0,0,0
1,US56->CS24,0,0,0
1,US56->CS32,0,0,0
1,US56->CS40,0,0,0
1,US56->CS48,0,0,0
1,US56->CS56,0,0,0
1,US57->CS1,0,0,0
1,US57->CS9,0,0,0
1,US57->CS17,0,0,0
1,US57->CS25,0,0,0
1,US57->CS33,0,0,0
1,US57->CS41,0,0,0
1,US57->CS49,0,0,0
1,US57->CS57,0,0,0
1,US58->CS2,0,0,0
1,US58->CS10,0,0,0
1,US58->CS18,0,0,0
1,US58->CS26,0,0,0
1,US58->CS34,0,0,0
1,US58->CS42,0,0,0
1,US58->CS50,0,0,0
1,US58->CS58,0,0,0
1,US59->CS3,0,0,0
1,US59->CS11,0,0,0
1,US59->CS19,0,0,0
1,US59->CS27,0,0,0
1,US59->CS35,0,0,0
1,US59->CS43,0,0,0
1,US59->CS51,0,0,0
1,US59->CS59,0,0,0
1,US60->CS4,0,0,0
1,US60->CS12,0,0,0
1,US60->CS20,0,0,0
1,US60->CS28,0,0,0
1,US60->CS36,0,0,0
1,US60->CS44,0,0,0
1,US60->CS52,0,0,0
1,US60->CS60,0,0,0
1,US61->CS5,0,0,0
1,US61->CS13,0,0,0
1,US61->CS21,0,0,0
1,US61->CS29,0,0,0
1,US61->CS37,0,0,0
1,US61->CS45,0,0,0
1,US61->CS53,0,0,0
1,US61->CS61,0,0,0
1,US62->CS6,0,0,0
1,US62->CS14,0,0,0
1,US62->CS22,0,0,0
1,US62->CS30,0,0,0
1,US62->CS38,0,0,0
1,US62->CS46,0,0,0
1,US62->CS54,0,0,0
1,US62->CS62,0,0,0
1,US63->CS7,0,0,0
1,US63->CS15,0,0,0
1,US63->CS23,0,0,0
1,US63->CS31,0,0,0
1,US63->CS39,0,0,0
1,US63->CS47,0,0,0
1,US63->CS55,0,0,0
1,US63->CS63,0,0,0
1,US64->CS0,0,0,0
1,US64->CS8,0,0,0
1,US64->CS16,0,0,0
1,US64->CS24,0,0,0
1,US64->CS32,0,0,0
1,US64->CS40,0,0,0
1,US64->CS48,0,0,0
1,US64->CS56,0,0,0
1,US65->CS1,0,0,0
1,US65->CS9,0,0,0
1,US65->CS17,0,0,0
1,US65->CS25,0,0,0
1,US65->CS33,0,0,0
1,US65->CS41,0,0,0
1,US65->CS49,0,0,0
1,US65->CS57,0,0,0
1,US66->CS2,0,0,0
1,US66->CS10,0,0,0
1,US66->CS18,0,0,0
1,US66->CS26,0,0,0
1,US66->CS34,0,0,0
1,US66->CS42,0,0,0
1,US66->CS50,0,0,0
1,US66->CS58,0,0,0
1,US67->CS3,0,0,0
1,US67->CS11,0,0,0
1,US67->CS19,0,0,0
1,US67->CS27,0,0,0
1,US67->CS35,0,0,0
1,US67->CS43,0,0,0
1,US67->CS51,0,0,0
1,US67->CS59,0,0,0
1,US68->CS4,0,0,0
1,US68->CS12,0,0,0
1,US68->CS20,0,0,0
1,US68->CS28,0,0,0
1,US68->CS36,0,0,0
1,US68->CS44,0,0,0
1,US68->CS52,0,0,0
1,US68->CS60,0,0,0
1,US69->CS5,0,0,0
1,US69->CS13,0,0,0
1,US69->CS21,0,0,0
1,US69->CS29,0,0,0
1,US69->CS37,0,0,0
1,US69->CS45,0,0,0
1,US69->CS53,0,0,0
1,US69->CS61,0,0,0
1,US70->CS6,0,0,0
1,US70->CS14,0,0,0
1,US70->CS22,0,0,0
1,US70->CS30,0,0,0
1,US70->CS38,0,0,0
1,US70->CS46,0,0,0
1,US70->CS54,0,0,0
1,US70->CS62,0,0,0
1,US71->CS7,0,0,0
1,US71->CS15,0,0,0
1,US71->CS23,0,0,0
1,US71->CS31,0,0,0
1,US71->CS39,0,0,0
1,US71->CS47,0,0,0
1,US71->CS55,0,0,0
1,US71->CS63,0,0,0
1,US72->CS0,0,0,0
1,US72->CS8,0,0,0
1,US72->CS16,0,0,0
1,US72->CS24,0,0,0
1,US72->CS32,0,0,0
1,US72->CS40,0,0,0
1,US72->CS48,0,0,0
1,US72->CS56,0,0,0
1,US73->CS1,0,0,0
1,US73->CS9,0,0,0
1,US73->CS17,0,0,0
1,US73->CS25,0,0,0
1,US73->CS33,0,0,0
1,US73->CS41,0,0,0
1,US73->CS49,0,0,0
1,US73->CS57,0,0,0
1,US74->CS2,0,0,0
1,US74->CS10,0,0,0
1,US74->CS18,0,0,0
1,US74->CS26,0,0,0
1,US74->CS34,0,0,0
1,US74->CS42,0,0,0
1,US74->CS50,0,0,0
1,US74->CS58,0,0,0
1,US75->CS3,0,0,0
1,US75->CS11,0,0,0
1,US75->CS19,0,0,0
1,US75->CS27,0,0,0
1,US75->CS35,0,0,0
1,US75->CS43,0,0,0
1,US75->CS51,0,0,0
1,US75->CS59,0,0,0
1,US76->CS4,0,0,0
1,US76->CS12,0,0,0
1,US76->CS20,0,0,0
1,US76->CS28,0,0,0
1,US76->CS36,0,0,0
1,US76->CS44,0,0,0
1,US76->CS52,0,0,0
1,US76->CS60,0,0,0
1,US77->CS5,0,0,0
1,US77->CS13,0,0,0
1,US77->CS21,0,0,0
1,US77->CS29,0,0,0
1,US77->CS37,0,0,0
1,US77->CS45,0,0,0
1,US77->CS53,0,0,0
1,US77->CS61,0,0,0
1,US78->CS6,0,0,0
1,US78->CS14,0,0,0
1,US78->CS22,0,0,0
1,US78->CS30,0,0,0
1,US78->CS38,0,0,0
1,US78->CS46,0,0,0
1,US78->CS54,0,0,0
1,US78->CS62,0,0,0
1,US79->CS7,0,0,0
1,US79->CS15,0,0,0
1,US79->CS23,0,0,0
1,US79->CS31,0,0,0
1,US79->CS39,0,0,0
1,US79->CS47,0,0,0
1,US79->CS55,0,0,0
1,US79->CS63,0,0,0
1,US80->CS0,0,0,0
1,US80->CS8,0,0,0
1,US80->CS16,0,0,0
1,US80->CS24,0,0,0
1,US80->CS32,0,0,0
1,US80->CS40,0,0,0
1,US80->CS48,0,0,0
1,US80->CS56,0,0,0
1,US81->CS1,0,0,0
1,US81->CS9,0,0,0
1,US81->CS17,0,0,0
1,US81->CS25,0,0,0
1,US81->CS33,0,0,0
1,US81->CS41,0,0,0
1,US81->CS49,0,0,0
1,US81->CS57,0,0,0
1,US82->CS2,0,0,0
1,US82->CS10,0,0,0
1,US82->CS18,0,0,0
1,US82->CS26,0,0,0
1,US82->CS34,0,0,0
1,US82->CS42,0,0,0
1,US82->CS50,0,0,0
1,US82->CS58,0,0,0
1,US83->CS3,0,0,0
1,US83->CS11,0,0,0
1,US83->CS19,0,0,0
1,US83->CS27,0,0,0
1,US83->CS35,0,0,0
1,US83->CS43,0,0,0
1,US83->CS51,0,0,0
1,US83->CS59,0,0,0
1,US84->CS4,0,0,0
1,US84->CS12,0,0,0
1,US84->CS20,0,0,0
1,US84->CS28,0,0,0
1,US84->CS36,0,0,0
1,US84->CS44,0,0,0
1,US84->CS52,0,0,0
1,US84->CS60,0,0,0
1,US85->CS5,0,0,0
1,US85->CS13,0,0,0
1,US85->CS21,0,0,0
1,US85->CS29,0,0,0
1,US85->CS37,0,0,0
1,US85->CS45,0,0,0
1,US85->CS53,0,0,0
1,US85->CS61,0,0,0
1,US86->CS6,0,0,0
1,US86->CS14,0,0,0
1,US86->CS22,0,0,0
1,US86->CS30,0,0,0
1,US86->CS38,0,0,0
1,US86->CS46,0,0,0
1,US86->CS54,0,0,0
1,US86->CS62,0,0,0
1,US87->CS7,0,0,0
1,US87->CS15,0,0,0
1,US87->CS23,0,0,0
1,US87->CS31,0,0,0
1,US87->CS39,0,0,0
1,US87->CS47,0,0,0
1,US87->CS55,0,0,0
1,US87->CS63,0,0,0
1,US88->CS0,0,0,0
1,US88->CS8,0,0,0
1,US88->CS16,0,0,0
1,US88->CS24,0,0,0
1,US88->CS32,0,0,0
1,US88->CS40,0,0,0
1,US88->CS48,0,0,0
1,US88->CS56,0,0,0
1,US89->CS1,0,0,0
1,US89->CS9,0,0,0
1,US89->CS17,0,0,0
1,US89->CS25,0,0,0
1,US89->CS33,0,0,0
1,US89->CS41,0,0,0
1,US89->CS49,0,0,0
1,US89->CS57,0,0,0
1,US90->CS2,0,0,0
1,US90->CS10,0,0,0
1,US90->CS18,0,0,0
1,US90->CS26,0,0,0
1,US90->CS34,0,0,0
1,US90->CS42,0,0,0
1,US90->CS50,0,0,0
1,US90->CS58,0,0,0
1,US91->CS3,0,0,0
1,US91->CS11,0,0,0
1,US91->CS19,0,0,0
1,US91->CS27,0,0,0
1,US91->CS35,0,0,0
1,US91->CS43,0,0,0
1,US91->CS51,0,0,0
1,US91->CS59,0,0,0
1,US92->CS4,0,0,0
1,US92->CS12,0,0,0
1,US92->CS20,0,0,0
1,US92->CS28,0,0,0
1,US92->CS36,0,0,0
1,US92->CS44,0,0,0
1,US92->CS52,0,0,0
1,US92->CS60,0,0,0
1,US93->CS5,0,0,0
1,US93->CS13,0,0,0
1,US93->CS21,0,0,0
1,US93->CS29,0,0,0
1,US93->CS37,0,0,0
1,US93->CS45,0,0,0
1,US93->CS53,0,0,0
1,US93->CS61,0,0,0
1,US94->CS6,0,0,0
1,US94->CS14,0,0,0
1,US94->CS22,0,0,0
1,US94->CS30,0,0,0
1,US94->CS38,0,0,0
1,US94->CS46,0,0,0
1,US94->CS54,0,0,0
1,US94->CS62,0,0,0
1,US95->CS7,0,0,0
1,US95->CS15,0,0,0
1,US95->CS23,0,0,0
1,US95->CS31,0,0,0
1,US95->CS39,0,0,0
1,US95->CS47,0,0,0
1,US95->CS55,0,0,0
1,US95->CS63,0,0,0
1,US96->CS0,0,0,0
1,US96->CS8,0,0,0
1,US96->CS16,0,0,0
1,US96->CS24,0,0,0
1,US96->CS32,0,0,0
1,US96->CS40,0,0,0
1,US96->CS48,0,0,0
1,US96->CS56,0,0,0
1,US97->CS1,0,0,0
1,US97->CS9,0,0,0
1,US97->CS17,0,0,0
1,US97->CS25,0,0,0
1,US97->CS33,0,0,0
1,US97->CS41,0,0,0
1,US97->CS49,0,0,0
1,US97->CS57,0,0,0
1,US98->CS2,0,0,0
1,US98->CS10,0,0,0
1,US98->CS18,0,0,0
1,US98->CS26,0,0,0
1,US98->CS34,0,0,0
1,US98->CS42,0,0,0
1,US98->CS50,0,0,0
1,US98->CS58,0,0,0
1,US99->CS3,0,0,0
1,US99->CS11,0,0,0
1,US99->CS19,0,0,0
1,US99->CS27,0,0,0
1,US99->CS35,0,0,0
1,US99->CS43,0,0,0
1,US99->CS51,0,0,0
1,US99->CS59,0,0,0
1,US100->CS4,0,0,0
1,US100->CS12,0,0,0
1,US100->CS20,0,0,0
1,US100->CS28,0,0,0
1,US100->CS36,0,0,0
1,US100->CS44,0,0,0
1,US100->CS52,0,0,0
1,US100->CS60,0,0,0
1,US101->CS5,0,0,0
1,US101->CS13,0,0,0
1,US101->CS21,0,0,0
1,US101->CS29,0,0,0
1,US101->CS37,0,0,0
1,US101->CS45,0,0,0
1,US101->CS53,0,0,0
1,US101->CS61,0,0,0
1,US102->CS6,0,0,0
1,US102->CS14,0,0,0
1,US102->CS22,0,0,0
1,US102->CS30,0,0,0
1,US102->CS38,0,0,0
1,US102->CS46,0,0,0
1,US102->CS54,0,0,0
1,US102->CS62,0,0,0
1,US103->CS7,0,0,0
1,US103->CS15,0,0,0
1,US103->CS23,0,0,0
1,US103->CS31,0,0,0
1,US103->CS39,0,0,0
1,US103->CS47,0,0,0
1,US103->CS55,0,0,0
1,US103->CS63,0,0,0
1,US104->CS0,0,0,0
1,US104->CS8,0,0,0
1,US104->CS16,0,0,0
1,US104->CS24,0,0,0
1,US104->CS32,0,0,0
1,US104->CS40,0,0,0
1,US104->CS48,0,0,0
1,US104->CS56,0,0,0
1,US105->CS1,0,0,0
1,US105->CS9,0,0,0
1,US105->CS17,0,0,0
1,US105->CS25,0,0,0
1,US105->CS33,0,0,0
1,US105->CS41,0,0,0
1,US105->CS49,0,0,0
1,US105->CS57,0,0,0
1,US106->CS2,0,0,0
1,US106->CS10,0,0,0
1,US106->CS18,0,0,0
1,US106->CS26,0,0,0
1,US106->CS34,0,0,0
1,US106->CS42,0,0,0
1,US106->CS50,0,0,0
1,US106->CS58,0,0,0
1,US107->CS3,0,0,0
1,US107->CS11,0,0,0
1,US107->CS19,0,0,0
1,US107->CS27,0,0,0
1,US107->CS35,0,0,0
1,US107->CS43,0,0,0
1,US107->CS51,0,0,0
1,US107->CS59,0,0,0
1,US108->CS4,0,0,0
1,US108->CS12,0,0,0
1,US108->CS20,0,0,0
1,US108->CS28,0,0,0
1,US108->CS36,0,0,0
1,US108->CS44,0,0,0
1,US108->CS52,0,0,0
1,US108->CS60,0,0,0
1,US109->CS5,0,0,0
1,US109->CS13,0,0,0
1,US109->CS21,0,0,0
1,US109->CS29,0,0,0
1,US109->CS37,0,0,0
1,US109->CS45,0,0,0
1,US109->CS53,0,0,0
1,US109->CS61,0,0,0
1,US110->CS6,0,0,0
1,US110->CS14,0,0,0
1,US110->CS22,0,0,0
1,US110->CS30,0,0,0
1,US110->CS38,0,0,0
1,US110->CS46,0,0,0
1,US110->CS54,0,0,0
1,US110->CS62,0,0,0
1,US111->CS7,0,0,0
1,US111->CS15,0,0,0
1,US111->CS23,0,0,0
1,US111->CS31,0,0,0
1,US111->CS39,0,0,0
1,US111->CS47,0,0,0
1,US111->CS55,0,0,0
1,US111->CS63,0,0,0
1,US112->CS0,0,0,0
1,US112->CS8,0,0,0
1,US112->CS16,0,0,0
1,US112->CS24,0,0,0
1,US112->CS32,0,0,0
1,US112->CS40,0,0,0
1,US112->CS48,0,0,0
1,US112->CS56,0,0,0
1,US113->CS1,0,0,0
1,US113->CS9,0,0,0
1,US113->CS17,0,0,0
1,US113->CS25,0,0,0
1,US113->CS33,0,0,0
1,US113->CS41,0,0,0
1,US113->CS49,0,0,0
1,US113->CS57,0,0,0
1,US114->CS2,0,0,0
1,US114->CS10,0,0,0
1,US114->CS18,0,0,0
1,US114->CS26,0,0,0
1,US114->CS34,0,0,0
1,US114->CS42,0,0,0
1,US114->CS50,0,0,0
1,US114->CS58,0,0,0
1,US115->CS3,0,0,0
1,US115->CS11,0,0,0
1,US115->CS19,0,0,0
1,US115->CS27,0,0,0
1,US115->CS35,0,0,0
1,US115->CS43,0,0,0
1,US115->CS51,0,0,0
1,US115->CS59,0,0,0
1,US116->CS4,0,0,0
1,US116->CS12,0,0,0
1,US116->CS20,0,0,0
1,US116->CS28,0,0,0
1,US116->CS36,0,0,0
1,US116->CS44,0,0,0
1,US116->CS52,0,0,0
1,US116->CS60,0,0,0
1,US117->CS5,0,0,0
1,US117->CS13,0,0,0
1,US117->CS21,0,0,0
1,US117->CS29,0,0,0
1,US117->CS37,0,0,0
1,US117->CS45,0,0,0
1,US117->CS53,0,0,0
1,US117->CS61,0,0,0
1,US118->CS6,0,0,0
1,US118->CS14,0,0,0
1,US118->CS22,0,0,0
1,US118->CS30,0,0,0
1,US118->CS38,0,0,0
1,US118->CS46,0,0,0
1,US118->CS54,0,0,0
1,US118->CS62,0,0,0
1,US119->CS7,0,0,0
1,US119->CS15,0,0,0
1,US119->CS23,0,0,0
1,US119->CS31,0,0,0
1,US119->CS39,0,0,0
1,US119->CS47,0,0,0
1,US119->CS55,0,0,0
1,US119->CS63,0,0,0
1,US120->CS0,0,0,0
1,US120->CS8,0,0,0
1,US120->CS16,0,0,0
1,US120->CS24,0,0,0
1,US120->CS32,0,0,0
1,US120->CS40,0,0,0
1,US120->CS48,0,0,0
1,US120->CS56,0,0,0
1,US121->CS1,0,0,0
1,US121->CS9,0,0,0
1,US121->CS17,0,0,0
1,US121->CS25,0,0,0
1,US121->CS33,0,0,0
1,US121->CS41,0,0,0
1,US121->CS49,0,0,0
1,US121->CS57,0,0,0
1,US122->CS2,0,0,0
1,US122->CS10,0,0,0
1,US122->CS18,0,0,0
1,US122->CS26,0,0,0
1,US122->CS34,0,0,0
1,US122->CS42,0,0,0
1,US122->CS50,0,0,0
1,US122->CS58,0,0,0
1,US123->CS3,0,0,0
1,US123->CS11,0,0,0
1,US123->CS19,0,0,0
1,US123->CS27,0,0,0
1,US123->CS35,0,0,0
1,US123->CS43,0,0,0
1,US123->CS51,0,0,0
1,US123->CS59,0,0,0
1,US124->CS4,0,0,0
1,US124->CS12,0,0,0
1,US124->CS20,0,0,0
1,US124->CS28,0,0,0
1,US124->CS36,0,0,0
1,US124->CS44,0,0,0
1,US124->CS52,0,0,0
1,US124->CS60,0,0,0
1,US125->CS5,0,0,0
1,US125->CS13,0,0,0
1,US125->CS21,0,0,0
1,US125->CS29,0,0,0
1,US125->CS37,0,0,0
1,US125->CS45,0,0,0
1,US125->CS53,0,0,0
1,US125->CS61,0,0,0
1,US126->CS6,0,0,0
1,US126->CS14,0,0,0
1,US126->CS22,0,0,0
1,US126->CS30,0,0,0
1,US126->CS38,0,0,0
1,US126->CS46,0,0,0
1,US126->CS54,0,0,0
1,US126->CS62,0,0,0
1,US127->CS7,0,0,0
1,US127->CS15,0,0,0
1,US127->CS23,0,0,0
1,US127->CS31,0,0,0
1,US127->CS39,0,0,0
1,US127->CS47,0,0,0
1,US127->CS55,0,0,0
1,US127->CS63,0,0,0
1,CS0->US0,27908,27908,0
1,CS0->US8,0,0,0
1,CS0->US16,0,0,0
1,CS0->US24,0,0,0
1,CS0->US32,0,0,0
1,CS0->US40,0,0,0
1,CS0->US48,27626,27626,0
1,CS0->US56,0,0,0
1,CS0->US64,0,0,0
1,CS0->US72,0,0,0
1,CS0->US80,0,0,0
1,CS0->US88,0,0,0
1,CS0->US96,0,0,0
1,CS0->US104,0,0,0
1,CS0->US112,0,0,0
1,CS0->US120,0,0,0
1,CS1->US1,27674,27674,0
1,CS1->US9,0,0,0
1,CS1->US17,0,0,0
1,CS1->US25,0,0,0
1,CS1->US33,0,0,0
1,CS1->US41,0,0,0
1,CS1->US49,27418,27418,0
1,CS1->US57,0,0,0
1,CS1->US65,0,0,0
1,CS1->US73,0,0,0
1,CS1->US81,0,0,0
1,CS1->US89,0,0,0
1,CS1->US97,0,0,0
1,CS1->US105,0,0,0
1,CS1->US113,0,0,0
1,CS1->US121,0,0,0
1,CS2->US2,27559,27559,0
1,CS2->US10,0,0,0
1,CS2->US18,0,0,0
1,CS2->US26,0,0,0
1,CS2->US34,0,0,0
1,CS2->US42,0,0,0
1,CS2->US50,27474,27474,0
1,CS2->US58,0,0,0
1,CS2->US66,0,0,0
1,CS2->US74,0,0,0
1,CS2->US82,0,0,0
1,CS2->US90,0,0,0
1,CS2->US98,0,0,0
1,CS2->US106,0,0,0
1,CS2->US114,0,0,0
1,CS2->US122,0,0,0
1,CS3->US3,27345,27345,0
1,CS3->US11,0,0,0
1,CS3->US19,0,0,0
1,CS3->US27,0,0,0
1,CS3->US35,0,0,0
1,CS3->US43,0,0,0
1,CS3->US51,27785,27785,0
1,CS3->US59,0,0,0
1,CS3->US67,0,0,0
1,CS3->US75,0,0,0
1,CS3->US83,0,0,0
1,CS3->US91,0,0,0
1,CS3->US99,0,0,0
1,CS3->US107,0,0,0
1,CS3->US115,0,0,0
1,CS3->US123,0,0,0
1,CS4->US4,27795,27795,0
1,CS4->US12,0,0,0
1,CS4->US20,0,0,0
1,CS4->US28,0,0,0
1,CS4->US36,0,0,0
1,CS4->US44,0,0,0
1,CS4->US52,27607,27607,0
1,CS4->US60,0,0,0
1,CS4->US68,0,0,0
1,CS4->US76,0,0,0
1,CS4->US84,0,0,0
1,CS4->US92,0,0,0
1,CS4->US100,0,0,0
1,CS4->US108,0,0,0
1,CS4->US116,0,0,0
1,CS4->US124,0,0,0
1,CS5->US5,27373,27373,0
1,CS5->US13,0,0,0
1,CS5->US21,0,0,0
1,CS5->US29,0,0,0
1,CS5->US37,0,0,0
1,CS5->US45,0,0,0
1,CS5->US53,27552,27552,0
1,CS5->US61,0,0,0
1,CS5->US69,0,0,0
1,CS5->US77,0,0,0
1,CS5->US85,0,0,0
1,CS5->US93,0,0,0
1,CS5->US101,0,0,0
1,CS5->US109,0,0,0
1,CS5->US117,0,0,0
1,CS5->US125,0,0,0
1,CS6->US6,27669,27669,0
1,CS6->US14,0,0,0
1,CS6->US22,0,0,0
1,CS6->US30,0,0,0
1,CS6->US38,0,0,0
1,CS6->US46,0,0,0
1,CS6->US54,27515,27515,0
1,CS6->US62,0,0,0
1,CS6->US70,0,0,0
1,CS6->US78,0,0,0
1,CS6->US86,0,0,0
1,CS6->US94,0,0,0
1,CS6->US102,0,0,0
1,CS6->US110,0,0,0
1,CS6->US118,0,0,0
1,CS6->US126,0,0,0
1,CS7->US7,27426,27426,0
1,CS7->US15,0,0,0
1,CS7->US23,0,0,0
1,CS7->US31,0,0,0
1,CS7->US39,0,0,0
1,CS7->US47,0,0,0
1,CS7->US55,27417,27417,0
1,CS7->US63,0,0,0
1,CS7->US71,0,0,0
1,CS7->US79,0,0,0
1,CS7->US87,0,0,0
1,CS7->US95,0,0,0
1,CS7->US103,0,0,0
1,CS7->US111,0,0,0
1,CS7->US119,0,0,0
1,CS7->US127,0,0,0
1,CS8->US0,27653,27653,0
1,CS8->US8,0,0,0
1,CS8->US16,0,0,0
1,CS8->US24,0,0,0
1,CS8->US32,0,0,0
1,CS8->US40,0,0,0
1,CS8->US48,27434,27434,0
1,CS8->US56,0,0,0
1,CS8->US64,0,0,0
1,CS8->US72,0,0,0
1,CS8->US80,0,0,0
1,CS8->US88,0,0,0
1,CS8->US96,0,0,0
1,CS8->US104,0,0,0
1,CS8->US112,0,0,0
1,CS8->US120,0,0,0
1,CS9->US1,27791,27791,0
1,CS9->US9,0,0,0
1,CS9->US17,0,0,0
1,CS9->US25,0,0,0
1,CS9->US33,0,0,0
1,CS9->US41,0,0,0
1,CS9->US49,27441,27441,0
1,CS9->US57,0,0,0
1,CS9->US65,0,0,0
1,CS9->US73,0,0,0
1,CS9->US81,0,0,0
1,CS9->US89,0,0,0
1,CS9->US97,0,0,0
1,CS9->US105,0,0,0
1,CS9->US113,0,0,0
1,CS9->US121,0,0,0
1,CS10->US2,27552,27552,0
1,CS10->US10,0,0,0
1,CS10->US18,0,0,0
1,CS10->US26,0,0,0
1,CS10->US34,0,0,0
1,CS10->US42,0,0,0
1,CS10->US50,27494,27494,0
1,CS10->US58,0,0,0
1,CS10->US66,0,0,0
1,CS10->US74,0,0,0
1,CS10->US82,0,0,0
1,CS10->US90,0,0,0
1,CS10->US98,0,0,0
1,CS10->US106,0,0,0
1,CS10->US114,0,0,0
1,CS10->US122,0,0,0
1,CS11->US3,27499,27499,0
1,CS11->US11,0,0,0
1,CS11->US19,0,0,0
1,CS11->US27,0,0,0
1,CS11->US35,0,0,0
1,CS11->US43,0,0,0
1,CS11->US51,27509,27509,0
1,CS11->US59,0,0,0
1,CS11->US67,0,0,0
1,CS11->US75,0,0,0
1,CS11->US83,0,0,0
1,CS11->US91,0,0,0
1,CS11->US99,0,0,0
1,CS11->US107,0,0,0
1,CS11->US115,0,0,0
1,CS11->US123,0,0,0
1,CS12->US4,27333,27333,0
1,CS12->US12,0,0,0
1,CS12->US20,0,0,0
1,CS12->US28,0,0,0
1,CS12->US36,0,0,0
1,CS12->US44,0,0,0
1,CS12->US52,27427,27427,0
1,CS12->US60,0,0,0
1,CS12->US68,0,0,0
1,CS12->US76,0,0,0
1,CS12->US84,0,0,0
1,CS12->US92,0,0,0
1,CS12->US100,0,0,0
1,CS12->US108,0,0,0
1,CS12->US116,0,0,0
1,CS12->US124,0,0,0
1,CS13->US5,27600,27600,0
1,CS13->US13,0,0,0
1,CS13->US21,0,0,0
1,CS13->US29,0,0,0
1,CS13->US37,0,0,0
1,CS13->US45,0,0,0
1,CS13->US53,27421,27421,0
1,CS13->US61,0,0,0
1,CS13->US69,0,0,0
1,CS13->US77,0,0,0
1,CS13->US85,0,0,0
1,CS13->US93,0,0,0
1,CS13->US101,0,0,0
1,CS13->US109,0,0,0
1,CS13->US117,0,0,0
1,CS13->US125,0,0,0
1,CS14->US6,27474,27474,0
1,CS14->US14,0,0,0
1,CS14->US22,0,0,0
1,CS14->US30,0,0,0
1,CS14->US38,0,0,0
1,CS14->US46,0,0,0
1,CS14->US54,27737,27737,0
1,CS14->US62,0,0,0
1,CS14->US70,0,0,0
1,CS14->US78,0,0,0
1,CS14->US86,0,0,0
1,CS14->US94,0,0,0
1,CS14->US102,0,0,0
1,CS14->US110,0,0,0
1,CS14->US118,0,0,0
1,CS14->US126,0,0,0
1,CS15->US7,27797,27797,0
1,CS15->US15,0,0,0
1,CS15->US23,0,0,0
1,CS15->US31,0,0,0
1,CS15->US39,0,0,0
1,CS15->US47,0,0,0
1,CS15->US55,27679,27679,0
1,CS15->US63,0,0,0
1,CS15->US71,0,0,0
1,CS15->US79,0,0,0
1,CS15->US87,0,0,0
1,CS15->US95,0,0,0
1,CS15->US103,0,0,0
1,CS15->US111,0,0,0
1,CS15->US119,0,0,0
1,CS15->US127,0,0,0
1,CS16->US0,28069,28069,0
1,CS16->US8,0,0,0
1,CS16->US16,0,0,0
1,CS16->US24,0,0,0
1,CS16->US32,0,0,0
1,CS16->US40,0,0,0
1,CS16->US48,27545,27545,0
1,CS16->US56,0,0,0
1,CS16->US64,0,0,0
1,CS16->US72,0,0,0
1,CS16->US80,0,0,0
1,CS16->US88,0,0,0
1,CS16->US96,0,0,0
1,CS16->US104,0,0,0
1,CS16->US112,0,0,0
1,CS16->US120,0,0,0
1,CS17->US1,27844,27844,0
1,CS17->US9,0,0,0
1,CS17->US17,0,0,0
1,CS17->US25,0,0,0
1,CS17->US33,0,0,0
1,CS17->US41,0,0,0
1,CS17->US49,27600,27600,0
1,CS17->US57,0,0,0
1,CS17->US65,0,0,0
1,CS17->US73,0,0,0
1,CS17->US81,0,0,0
1,CS17->US89,0,0,0
1,CS17->US97,0,0,0
1,CS17->US105,0,0,0
1,CS17->US113,0,0,0
1,CS17->US121,0,0,0
1,CS18->US2,27542,27542,0
1,CS18->US10,0,0,0
1,CS18->US18,0,0,0
1,CS18->US26,0,0,0
1,CS18->US34,0,0,0
1,CS18->US42,0,0,0
1,CS18->US50,27400,27400,0
1,CS18->US58,0,0,0
1,CS18->US66,0,0,0
1,CS18->US74,0,0,0
1,CS18->US82,0,0,0
1,CS18->US90,0,0,0
1,CS18->US98,0,0,0
1,CS18->US106,0,0,0
1,CS18->US114,0,0,0
1,CS18->US122,0,0,0
1,CS19->US3,27656,27656,0
1,CS19->US11,0,0,0
1,CS19->US19,0,0,0
1,CS19->US27,0,0,0
1,CS19->US35,0,0,0
1,CS19->US43,0,0,0
1,CS19->US51,27677,27677,0
1,CS19->US59,0,0,0
1,CS19->US67,0,0,0
1,CS19->US75,0,0,0
1,CS19->US83,0,0,0
1,CS19->US91,0,0,0
1,CS19->US99,0,0,0
1,CS19->US107,0,0,0
1,CS19->US115,0,0,0
1,CS19->US123,0,0,0
1,CS20->US4,27691,27691,0
1,CS20->US12,0,0,0
1,CS20->US20,0,0,0
1,CS20->US28,0,0,0
1,CS20->US36,0,0,0
1,CS20->US44,0,0,0
1,CS20->US52,27510,27510,0
1,CS20->US60,0,0,0
1,CS20->US68,0,0,0
1,CS20->US76,0,0,0
1,CS20->US84,0,0,0
1,CS20->US92,0,0,0
1,CS20->US100,0,0,0
1,CS20->US108,0,0,0
1,CS20->US116,0,0,0
1,CS20->US124,0,0,0
1,CS21->US5,27836,27836,0
1,CS21->US13,0,0,0
1,CS21->US21,0,0,0
1,CS21->US29,0,0,0
1,CS21->US37,0,0,0
1,CS21->US45,0,0,0
1,CS21->US53,27473,27473,0
1,CS21->US61,0,0,0
1,CS21->US69,0,0,0
1,CS21->US77,0,0,0
1,CS21->US85,0,0,0
1,CS21->US93,0,0,0
1,CS21->US101,0,0,0
1,CS21->US109,0,0,0
1,CS21->US117,0,0,0
1,CS21->US125,0,0,0
1,CS22->US6,27232,27232,0
1,CS22->US14,0,0,0
1,CS22->US22,0,0,0
1,CS22->US30,0,0,0
1,CS22->US38,0,0,0
1,CS22->US46,0,0,0
1,CS22->US54,27648,27648,0
1,CS22->US62,0,0,0
1,CS22->US70,0,0,0
1,CS22->US78,0,0,0
1,CS22->US86,0,0,0
1,CS22->US94,0,0,0
1,CS22->US102,0,0,0
1,CS22->US110,0,0,0
1,CS22->US118,0,0,0
1,CS22->US126,0,0,0
1,CS23->US7,27541,27541,0
1,CS23->US15,0,0,0
1,CS23->US23,0,0,0
1,CS23->US31,0,0,0
1,CS23->US39,0,0,0
1,CS23->US47,0,0,0
1,CS23->US55,27436,27436,0
1,CS23->US63,0,0,0
1,CS23->US71,0,0,0
1,CS23->US79,0,0,0
1,CS23->US87,0,0,0
1,CS23->US95,0,0,0
1,CS23->US103,0,0,0
1,CS23->US111,0,0,0
1,CS23->US119,0,0,0
1,CS23->US127,0,0,0
1,CS24->US0,27725,27725,0
1,CS24->US8,0,0,0
1,CS24->US16,0,0,0
1,CS24->US24,0,0,0
1,CS24->US32,0,0,0
1,CS24->US40,0,0,0
1,CS24->US48,27675,27675,0
1,CS24->US56,0,0,0
1,CS24->US64,0,0,0
1,CS24->US72,0,0,0
1,CS24->US80,0,0,0
1,CS24->US88,0,0,0
1,CS24->US96,0,0,0
1,CS24->US104,0,0,0
1,CS24->US112,0,0,0
1,CS24->US120,0,0,0
1,CS25->US1,27512,27512,0
1,CS25->US9,0,0,0
1,CS25->US17,0,0,0
1,CS25->US25,0,0,0
1,CS25->US33,0,0,0
1,CS25->US41,0,0,0
1,CS25->US49,27579,27579,0
1,CS25->US57,0,0,0
1,CS25->US65,0,0,0
1,CS25->US73,0,0,0
1,CS25->US81,0,0,0
1,CS25->US89,0,0,0
1,CS25->US97,0,0,0
1,CS25->US105,0,0,0
1,CS25->US113,0,0,0
1,CS25->US121,0,0,0
1,CS26->US2,27352,27352,0
1,CS26->US10,0,0,0
1,CS26->US18,0,0,0
1,CS26->US26,0,0,0
1,CS26->US34,0,0,0
1,CS26->US42,0,0,0
1,CS26->US50,27458,27458,0
1,CS26->US58,0,0,0
1,CS26->US66,0,0,0
1,CS26->US74,0,0,0
1,CS26->US82,0,0,0
1,CS26->US90,0,0,0
1,CS26->US98,0,0,0
1,CS26->US106,0,0,0
1,CS26->US114,0,0,0
1,CS26->US122,0,0,0
1,CS27->US3,27516,27516,0
1,CS27->US11,0,0,0
1,CS27->US19,0,0,0
1,CS27->US27,0,0,0
1,CS27->US35,0,0,0
1,CS27->US43,0,0,0
1,CS27->US51,27481,27481,0
1,CS27->US59,0,0,0
1,CS27->US67,0,0,0
1,CS27->US75,0,0,0
1,CS27->US83,0,0,0
1,CS27->US91,0,0,0
1,CS27->US99,0,0,0
1,CS27->US107,0,0,0
1,CS27->US115,0,0,0
1,CS27->US123,0,0,0
1,CS28->US4,27394,27394,0
1,CS28->US12,0,0,0
1,CS28->US20,0,0,0
1,CS28->US28,0,0,0
1,CS28->US36,0,0,0
1,CS28->US44,0,0,0
1,CS28->US52,27759,27759,0
1,CS28->US60,0,0,0
1,CS28->US68,0,0,0
1,CS28->US76,0,0,0
1,CS28->US84,0,0,0
1,CS28->US92,0,0,0
1,CS28->US100,0,0,0
1,CS28->US108,0,0,0
1,CS28->US116,0,0,0
1,CS28->US124,0,0,0
1,CS29->US5,27488,27488,0
1,CS29->US13,0,0,0
1,CS29->US21,0,0,0
1,CS29->US29,0,0,0
1,CS29->US37,0,0,0
1,CS29->US45,0,0,0
1,CS29->US53,27558,27558,0
1,CS29->US61,0,0,0
1,CS29->US69,0,0,0
1,CS29->US77,0,0,0
1,CS29->US85,0,0,0
1,CS29->US93,0,0,0
1,CS29->US101,0,0,0
1,CS29->US109,0,0,0
1,CS29->US117,0,0,0
1,CS29->US125,0,0,0
1,CS30->US6,27723,27723,0
1,CS30->US14,0,0,0
1,CS30->US22,0,0,0
1,CS30->US30,0,0,0
1,CS30->US38,0,0,0
1,CS30->US46,0,0,0
1,CS30->US54,27665,27665,0
1,CS30->US62,0,0,0
1,CS30->US70,0,0,0
1,CS30->US78,0,0,0
1,CS30->US86,0,0,0
1,CS30->US94,0,0,0
1,CS30->US102,0,0,0
1,CS30->US110,0,0,0
1,CS30->US118,0,0,0
1,CS30->US126,0,0,0
1,CS31->US7,27328,27328,0
1,CS31->US15,0,0,0
1,CS31->US23,0,0,0
1,CS31->US31,0,0,0
1,CS31->US39,0,0,0
1,CS31->US47,0,0,0
1,CS31->US55,27631,27631,0
1,CS31->US63,0,0,0
1,CS31->US71,0,0,0
1,CS31->US79,0,0,0
1,CS31->US87,0,0,0
1,CS31->US95,0,0,0
1,CS31->US103,0,0,0
1,CS31->US111,0,0,0
1,CS31->US119,0,0,0
1,CS31->US127,0,0,0
1,CS32->US0,27375,27375,0
1,CS32->US8,0,0,0
1,CS32->US16,0,0,0
1,CS32->US24,0,0,0
1,CS32->US32,0,0,0
1,CS32->US40,0,0,0
1,CS32->US48,27868,27868,0
1,CS32->US56,0,0,0
1,CS32->US64,0,0,0
1,CS32->US72,0,0,0
1,CS32->US80,0,0,0
1,CS32->US88,0,0,0
1,CS32->US96,0,0,0
1,CS32->US104,0,0,0
1,CS32->US112,0,0,0
1,CS32->US120,0,0,0
1,CS33->US1,27661,27661,0
1,CS33->US9,0,0,0
1,CS33->US17,0,0,0
1,CS33->US25,0,0,0
1,CS33->US33,0,0,0
1,CS33->US41,0,0,0
1,CS33->US49,27785,27785,0
1,CS33->US57,0,0,0
1,CS33->US65,0,0,0
1,CS33->US73,0,0,0
1,CS33->US81,0,0,0
1,CS33->US89,0,0,0
1,CS33->US97,0,0,0
1,CS33->US105,0,0,0
1,CS33->US113,0,0,0
1,CS33->US121,0,0,0
1,CS34->US2,27308,27308,0
1,CS34->US10,0,0,0
1,CS34->US18,0,0,0
1,CS34->US26,0,0,0
1,CS34->US34,0,0,0
1,CS34->US42,0,0,0
1,CS34->US50,27398,27398,0
1,CS34->US58,0,0,0
1,CS34->US66,0,0,0
1,CS34->US74,0,0,0
1,CS34->US82,0,0,0
1,CS34->US90,0,0,0
1,CS34->US98,0,0,0
1,CS34->US106,0,0,0
1,CS34->US114,0,0,0
1,CS34->US122,0,0,0
1,CS35->US3,27774,27774,0
1,CS35->US11,0,0,0
1,CS35->US19,0,0,0
1,CS35->US27,0,0,0
1,CS35->US35,0,0,0
1,CS35->US43,0,0,0
1,CS35->US51,27446,27446,0
1,CS35->US59,0,0,0
1,CS35->US67,0,0,0
1,CS35->US75,0,0,0
1,CS35->US83,0,0,0
1,CS35->US91,0,0,0
1,CS35->US99,0,0,0
1,CS35->US107,0,0,0
1,CS35->US115,0,0,0
1,CS35->US123,0,0,0
1,CS36->US4,27597,27597,0
1,CS36->US12,0,0,0
1,CS36->US20,0,0,0
1,CS36->US28,0,0,0
1,CS36->US36,0,0,0
1,CS36->US44,0,0,0
1,CS36->US52,27426,27426,0
1,CS36->US60,0,0,0
1,CS36->US68,0,0,0
1,CS36->US76,0,0,0
1,CS36->US84,0,0,0
1,CS36->US92,0,0,0
1,CS36->US100,0,0,0
1,CS36->US108,0,0,0
1,CS36->US116,0,0,0
1,CS36->US124,0,0,0
1,CS37->US5,27454,27454,0
1,CS37->US13,0,0,0
1,CS37->US21,0,0,0
1,CS37->US29,0,0,0
1,CS37->US37,0,0,0
1,CS37->US45,0,0,0
1,CS37->US53,27429,27429,0
1,CS37->US61,0,0,0
1,CS37->US69,0,0,0
1,CS37->US77,0,0,0
1,CS37->US85,0,0,0
1,CS37->US93,0,0,0
1,CS37->US101,0,0,0
1,CS37->US109,0,0,0
1,CS37->US117,0,0,0
1,CS37->US125,0,0,0
1,CS38->US6,27354,27354,0
1,CS38->US14,0,0,0
1,CS38->US22,0,0,0
1,CS38->US30,0,0,0
1,CS38->US38,0,0,0
1,CS38->US46,0,0,0
1,CS38->US54,27571,27571,0
1,CS38->US62,0,0,0
1,CS38->US70,0,0,0
1,CS38->US78,0,0,0
1,CS38->US86,0,0,0
1,CS38->US94,0,0,0
1,CS38->US102,0,0,0
1,CS38->US110,0,0,0
1,CS38->US118,0,0,0
1,CS38->US126,0,0,0
1,CS39->US7,27688,27688,0
1,CS39->US15,0,0,0
1,CS39->US23,0,0,0
1,CS39->US31,0,0,0
1,CS39->US39,0,0,0
1,CS39->US47,0,0,0
1,CS39->US55,27439,27439,0
1,CS39->US63,0,0,0
1,CS39->US71,0,0,0
1,CS39->US79,0,0,0
1,CS39->US87,0,0,0
1,CS39->US95,0,0,0
1,CS39->US103,0,0,0
1,CS39->US111,0,0,0
1,CS39->US119,0,0,0
1,CS39->US127,0,0,0
1,CS40->US0,27628,27628,0
1,CS40->US8,0,0,0
1,CS40->US16,0,0,0
1,CS40->US24,0,0,0
1,CS40->US32,0,0,0
1,CS40->US40,0,0,0
1,CS40->US48,27347,27347,0
1,CS40->US56,0,0,0
1,CS40->US64,0,0,0
1,CS40->US72,0,0,0
1,CS40->US80,0,0,0
1,CS40->US88,0,0,0
1,CS40->US96,0,0,0
1,CS40->US104,0,0,0
1,CS40->US112,0,0,0
1,CS40->US120,0,0,0
1,CS41->US1,27335,27335,0
1,CS41->US9,0,0,0
1,CS41->US17,0,0,0
1,CS41->US25,0,0,0
1,CS41->US33,0,0,0
1,CS41->US41,0,0,0
1,CS41->US49,27538,27538,0
1,CS41->US57,0,0,0
1,CS41->US65,0,0,0
1,CS41->US73,0,0,0
1,CS41->US81,0,0,0
1,CS41->US89,0,0,0
1,CS41->US97,0,0,0
1,CS41->US105,0,0,0
1,CS41->US113,0,0,0
1,CS41->US121,0,0,0
1,CS42->US2,27536,27536,0
1,CS42->US10,0,0,0
1,CS42->US18,0,0,0
1,CS42->US26,0,0,0
1,CS42->US34,0,0,0
1,CS42->US42,0,0,0
1,CS42->US50,27618,27618,0
1,CS42->US58,0,0,0
1,CS42->US66,0,0,0
1,CS42->US74,0,0,0
1,CS42->US82,0,0,0
1,CS42->US90,0,0,0
1,CS42->US98,0,0,0
1,CS42->US106,0,0,0
1,CS42->US114,0,0,0
1,CS42->US122,0,0,0
1,CS43->US3,27565,27565,0
1,CS43->US11,0,0,0
1,CS43->US19,0,0,0
1,CS43->US27,0,0,0
1,CS43->US35,0,0,0
1,CS43->US43,0,0,0
1,CS43->US51,27792,27792,0
1,CS43->US59,0,0,0
1,CS43->US67,0,0,0
1,CS43->US75,0,0,0
1,CS43->US83,0,0,0
1,CS43->US91,0,0,0
1,CS43->US99,0,0,0
1,CS43->US107,0,0,0
1,CS43->US115,0,0,0
1,CS43->US123,0,0,0
1,CS44->US4,27332,27332,0
1,CS44->US12,0,0,0
1,CS44->US20,0,0,0
1,CS44->US28,0,0,0
1,CS44->US36,0,0,0
1,CS44->US44,0,0,0
1,CS44->US52,27576,27576,0
1,CS44->US60,0,0,0
1,CS44->US68,0,0,0
1,CS44->US76,0,0,0
1,CS44->US84,0,0,0
1,CS44->US92,0,0,0
1,CS44->US100,0,0,0
1,CS44->US108,0,0,0
1,CS44->US116,0,0,0
1,CS44->US124,0,0,0
1,CS45->US5,27434,27434,0
1,CS45->US13,0,0,0
1,CS45->US21,0,0,0
1,CS45->US29,0,0,0
1,CS45->US37,0,0,0
1,CS45->US45,0,0,0
1,CS45->US53,27544,27544,0
1,CS45->US61,0,0,0
1,CS45->US69,0,0,0
1,CS45->US77,0,0,0
1,CS45->US85,0,0,0
1,CS45->US93,0,0,0
1,CS45->US101,0,0,0
1,CS45->US109,0,0,0
1,CS45->US117,0,0,0
1,CS45->US125,0,0,0
1,CS46->US6,27580,27580,0
1,CS46->US14,0,0,0
1,CS46->US22,0,0,0
1,CS46->US30,0,0,0
1,CS46->US38,0,0,0
1,CS46->US46,0,0,0
1,CS46->US54,27594,27594,0
1,CS46->US62,0,0,0
1,CS46->US70,0,0,0
1,CS46->US78,0,0,0
1,CS46->US86,0,0,0
1,CS46->US94,0,0,0
1,CS46->US102,0,0,0
1,CS46->US110,0,0,0
1,CS46->US118,0,0,0
1,CS46->US126,0,0,0
1,CS47->US7,27555,27555,0
1,CS47->US15,0,0,0
1,CS47->US23,0,0,0
1,CS47->US31,0,0,0
1,CS47->US39,0,0,0
1,CS47->US47,0,0,0
1,CS47->US55,27315,27315,0
1,CS47->US63,0,0,0
1,CS47->US71,0,0,0
1,CS47->US79,0,0,0
1,CS47->US87,0,0,0
1,CS47->US95,0,0,0
1,CS47->US103,0,0,0
1,CS47->US111,0,0,0
1,CS47->US119,0,0,0
1,CS47->US127,0,0,0
1,CS48->US0,27489,27489,0
1,CS48->US8,0,0,0
1,CS48->US16,0,0,0
1,CS48->US24,0,0,0
1,CS48->US32,0,0,0
1,CS48->US40,0,0,0
1,CS48->US48,27581,27581,0
1,CS48->US56,0,0,0
1,CS48->US64,0,0,0
1,CS48->US72,0,0,0
1,CS48->US80,0,0,0
1,CS48->US88,0,0,0
1,CS48->US96,0,0,0
1,CS48->US104,0,0,0
1,CS48->US112,0,0,0
1,CS48->US120,0,0,0
1,CS49->US1,27553,27553,0
1,CS49->US9,0,0,0
1,CS49->US17,0,0,0
1,CS49->US25,0,0,0
1,CS49->US33,0,0,0
1,CS49->US41,0,0,0
1,CS49->US49,27507,27507,0
1,CS49->US57,0,0,0
1,CS49->US65,0,0,0
1,CS49->US73,0,0,0
1,CS49->US81,0,0,0
1,CS49->US89,0,0,0
1,CS49->US97,0,0,0
1,CS49->US105,0,0,0
1,CS49->US113,0,0,0
1,CS49->US121,0,0,0
1,CS50->US2,27293,27293,0
1,CS50->US10,0,0,0
1,CS50->US18,0,0,0
1,CS50->US26,0,0,0
1,CS50->US34,0,0,0
1,CS50->US42,0,0,0
1,CS50->US50,27879,27879,0
1,CS50->US58,0,0,0
1,CS50->US66,0,0,0
1,CS50->US74,0,0,0
1,CS50->US82,0,0,0
1,CS50->US90,0,0,0
1,CS50->US98,0,0,0
1,CS50->US106,0,0,0
1,CS50->US114,0,0,0
1,CS50->US122,0,0,0
1,CS51->US3,27459,27459,0
1,CS51->US11,0,0,0
1,CS51->US19,0,0,0
1,CS51->US27,0,0,0
1,CS51->US35,0,0,0
1,CS51->US43,0,0,0
1,CS51->US51,27586,27586,0
1,CS51->US59,0,0,0
1,CS51->US67,0,0,0
1,CS51->US75,0,0,0
1,CS51->US83,0,0,0
1,CS51->US91,0,0,0
1,CS51->US99,0,0,0
1,CS51->US107,0,0,0
1,CS51->US115,0,0,0
1,CS51->US123,0,0,0
1,CS52->US4,27559,27559,0
1,CS52->US12,0,0,0
1,CS52->US20,0,0,0
1,CS52->US28,0,0,0
1,CS52->US36,0,0,0
1,CS52->US44,0,0,0
1,CS52->US52,27657,27657,0
1,CS52->US60,0,0,0
1,CS52->US68,0,0,0
1,CS52->US76,0,0,0
1,CS52->US84,0,0,0
1,CS52->US92,0,0,0
1,CS52->US100,0,0,0
1,CS52->US108,0,0,0
1,CS52->US116,0,0,0
1,CS52->US124,0,0,0
1,CS53->US5,27459,27459,0
1,CS53->US13,0,0,0
1,CS53->US21,0,0,0
1,CS53->US29,0,0,0
1,CS53->US37,0,0,0
1,CS53->US45,0,0,0
1,CS53->US53,27567,27567,0
1,CS53->US61,0,0,0
1,CS53->US69,0,0,0
1,CS53->US77,0,0,0
1,CS53->US85,0,0,0
1,CS53->US93,0,0,0
1,CS53->US101,0,0,0
1,CS53->US109,0,0,0
1,CS53->US117,0,0,0
1,CS53->US125,0,0,0
1,CS54->US6,27398,27398,0
1,CS54->US14,0,0,0
1,CS54->US22,0,0,0
1,CS54->US30,0,0,0
1,CS54->US38,0,0,0
1,CS54->US46,0,0,0
1,CS54->US54,27519,27519,0
1,CS54->US62,0,0,0
1,CS54->US70,0,0,0
1,CS54->US78,0,0,0
1,CS54->US86,0,0,0
1,CS54->US94,0,0,0
1,CS54->US102,0,0,0
1,CS54->US110,0,0,0
1,CS54->US118,0,0,0
1,CS54->US126,0,0,0
1,CS55->US7,27642,27642,0
1,CS55->US15,0,0,0
1,CS55->US23,0,0,0
1,CS55->US31,0,0,0
1,CS55->US39,0,0,0
1,CS55->US47,0,0,0
1,CS55->US55,27482,27482,0
1,CS55->US63,0,0,0
1,CS55->US71,0,0,0
1,CS55->US79,0,0,0
1,CS55->US87,0,0,0
1,CS55->US95,0,0,0
1,CS55->US103,0,0,0
1,CS55->US111,0,0,0
1,CS55->US119,0,0,0
1,CS55->US127,0,0,0
1,CS56->US0,27485,27485,0
1,CS56->US8,0,0,0
1,CS56->US16,0,0,0
1,CS56->US24,0,0,0
1,CS56->US32,0,0,0
1,CS56->US40,0,0,0
1,CS56->US48,27659,27659,0
1,CS56->US56,0,0,0
1,CS56->US64,0,0,0
1,CS56->US72,0,0,0
1,CS56->US80,0,0,0
1,CS56->US88,0,0,0
1,CS56->US96,0,0,0
1,CS56->US104,0,0,0
1,CS56->US112,0,0,0
1,CS56->US120,0,0,0
1,CS57->US1,27638,27638,0
1,CS57->US9,0,0,0
1,CS57->US17,0,0,0
1,CS57->US25,0,0,0
1,CS57->US33,0,0,0
1,CS57->US41,0,0,0
1,CS57->US49,27475,27475,0
1,CS57->US57,0,0,0
1,CS57->US65,0,0,0
1,CS57->US73,0,0,0
1,CS57->US81,0,0,0
1,CS57->US89,0,0,0
1,CS57->US97,0,0,0
1,CS57->US105,0,0,0
1,CS57->US113,0,0,0
1,CS57->US121,0,0,0
1,CS58->US2,27710,27710,0
1,CS58->US10,0,0,0
1,CS58->US18,0,0,0
1,CS58->US26,0,0,0
1,CS58->US34,0,0,0
1,CS58->US42,0,0,0
1,CS58->US50,27701,27701,0
1,CS58->US58,0,0,0
1,CS58->US66,0,0,0
1,CS58->US74,0,0,0
1,CS58->US82,0,0,0
1,CS58->US90,0,0,0
1,CS58->US98,0,0,0
1,CS58->US106,0,0,0
1,CS58->US114,0,0,0
1,CS58->US122,0,0,0
1,CS59->US3,27434,27434,0
1,CS59->US11,0,0,0
1,CS59->US19,0,0,0
1,CS59->US27,0,0,0
1,CS59->US35,0,0,0
1,CS59->US43,0,0,0
1,CS59->US51,27253,27253,0
1,CS59->US59,0,0,0
1,CS59->US67,0,0,0
1,CS59->US75,0,0,0
1,CS59->US83,0,0,0
1,CS59->US91,0,0,0
1,CS59->US99,0,0,0
1,CS59->US107,0,0,0
1,CS59->US115,0,0,0
1,CS59->US123,0,0,0
1,CS60->US4,27590,27590,0
1,CS60->US12,0,0,0
1,CS60->US20,0,0,0
1,CS60->US28,0,0,0
1,CS60->US36,0,0,0
1,CS60->US44,0,0,0
1,CS60->US52,27540,27540,0
1,CS60->US60,0,0,0
1,CS60->US68,0,0,0
1,CS60->US76,0,0,0
1,CS60->US84,0,0,0
1,CS60->US92,0,0,0
1,CS60->US100,0,0,0
1,CS60->US108,0,0,0
1,CS60->US116,0,0,0
1,CS60->US124,0,0,0
1,CS61->US5,27496,27496,0
1,CS61->US13,0,0,0
1,CS61->US21,0,0,0
1,CS61->US29,0,0,0
1,CS61->US37,0,0,0
1,CS61->US45,0,0,0
1,CS61->US53,27777,27777,0
1,CS61->US61,0,0,0
1,CS61->US69,0,0,0
1,CS61->US77,0,0,0
1,CS61->US85,0,0,0
1,CS61->US93,0,0,0
1,CS61->US101,0,0,0
1,CS61->US109,0,0,0
1,CS61->US117,0,0,0
1,CS61->US125,0,0,0
1,CS62->US6,27563,27563,0
1,CS62->US14,0,0,0
1,CS62->US22,0,0,0
1,CS62->US30,0,0,0
1,CS62->US38,0,0,0
1,CS62->US46,0,0,0
1,CS62->US54,27549,27549,0
1,CS62->US62,0,0,0
1,CS62->US70,0,0,0
1,CS62->US78,0,0,0
1,CS62->US86,0,0,0
1,CS62->US94,0,0,0
1,CS62->US102,0,0,0
1,CS62->US110,0,0,0
1,CS62->US118,0,0,0
1,CS62->US126,0,0,0
1,CS63->US7,27596,27596,0
1,CS63->US15,0,0,0
1,CS63->US23,0,0,0
1,CS63->US31,0,0,0
1,CS63->US39,0,0,0
1,CS63->US47,0,0,0
1,CS63->US55,27627,27627,0
1,CS63->US63,0,0,0
1,CS63->US71,0,0,0
1,CS63->US79,0,0,0
1,CS63->US87,0,0,0
1,CS63->US95,0,0,0
1,CS63->US103,0,0,0
1,CS63->US111,0,0,0
1,CS63->US119,0,0,0
1,CS63->US127,0,0,0
2,US0->CS0,51388,51388,0
2,US0->CS8,51327,51327,0
2,US0->CS16,51581,51581,0
2,US0->CS24,51635,51635,0
2,US0->CS32,51888,51888,0
2,US0->CS40,51111,51111,0
2,US0->CS48,51694,51694,0
2,US0->CS56,51678,51678,0
2,US1->CS1,51182,51182,0
2,US1->CS9,51370,51370,0
2,US1->CS17,51410,51410,0
2,US1->CS25,51660,51660,0
2,US1->CS33,51793,51793,0
2,US1->CS41,51706,51706,0
2,US1->CS49,51238,51238,0
2,US1->CS57,51428,51428,0
2,US2->CS2,51368,51368,0
2,US2->CS10,51329,51329,0
2,US2->CS18,51390,51390,0
2,US2->CS26,51711,51711,0
2,US2->CS34,51355,51355,0
2,US2->CS42,51721,51721,0
2,US2->CS50,51557,51557,0
2,US2->CS58,51491,51491,0
2,US3->CS3,51751,51751,0
2,US3->CS11,51171,51171,0
2,US3->CS19,51733,51733,0
2,US3->CS27,51537,51537,0
2,US3->CS35,51424,51424,0
2,US3->CS43,51583,51583,0
2,US3->CS51,51735,51735,0
2,US3->CS59,51149,51149,0
2,US4->CS4,51408,51408,0
2,US4->CS12,51358,51358,0
2,US4->CS20,51277,51277,0
2,US4->CS28,51643,51643,0
2,US4->CS36,51345,51345,0
2,US4->CS44,51480,51480,0
2,US4->CS52,51508,51508,0
2,US4->CS60,51525,51525,0
2,US5->CS5,51382,51382,0
2,US5->CS13,51280,51280,0
2,US5->CS21,51351,51351,0
2,US5->CS29,51361,51361,0
2,US5->CS37,51376,51376,0
2,US5->CS45,51342,51342,0
2,US5->CS53,51505,51505,0
2,US5->CS61,51327,51327,0
2,US6->CS6,51338,51338,0
2,US6->CS14,51476,51476,0
2,US6->CS22,51826,51826,0
2,US6->CS30,51626,51626,0
2,US6->CS38,51551,51551,0
2,US6->CS46,51504,51504,0
2,US6->CS54,51325,51325,0
2,US6->CS62,51454,51454,0
2,US7->CS7,51216,51216,0
2,US7->CS15,51474,51474,0
2,US7->CS23,51167,51167,0
2,US7->CS31,51551,51551,0
2,US7->CS39,51138,51138,0
2,US7->CS47,51236,51236,0
2,US7->CS55,51508,51508,0
2,US7->CS63,51682,51682,0
2,US8->CS0,0,0,0
2,US8->CS8,0,0,0
2,US8->CS16,0,0,0
2,US8->CS24,0,0,0
2,US8->CS32,0,0,0
2,US8->CS40,0,0,0
2,US8->CS48,0,0,0
2,US8->CS56,0,0,0
2,US9->CS1,0,0,0
2,US9->CS9,0,0,0
2,US9->CS17,0,0,0
2,US9->CS25,0,0,0
2,US9->CS33,0,0,0
2,US9->CS41,0,0,0
2,US9->CS49,0,0,0
2,US9->CS57,0,0,0
2,US10->CS2,0,0,0
2,US10->CS10,0,0,0
2,US10->CS18,0,0,0
2,US10->CS26,0,0,0
2,US10->CS34,0,0,0
2,US10->CS42,0,0,0
2,US10->CS50,0,0,0
2,US10->CS58,0,0,0
2,US11->CS3,0,0,0
2,US11->CS11,0,0,0
2,US11->CS19,0,0,0
2,US11->CS27,0,0,0
2,US11->CS35,0,0,0
2,US11->CS43,0,0,0
2,US11->CS51,0,0,0
2,US11->CS59,0,0,0
2,US12->CS4,0,0,0
2,US12->CS12,0,0,0
2,US12->CS20,0,0,0
2,US12->CS28,0,0,0
2,US12->CS36,0,0,0
2,US12->CS44,0,0,0
2,US12->CS52,0,0,0
2,US12->CS60,0,0,0
2,US13->CS5,0,0,0
2,US13->CS13,0,0,0
2,US13->CS21,0,0,0
2,US13->CS29,0,0,0
2,US13->CS37,0,0,0
2,US13->CS45,0,0,0
2,US13->CS53,0,0,0
2,US13->CS61,0,0,0
2,US14->CS6,0,0,0
2,US14->CS14,0,0,0
2,US14->CS22,0,0,0
2,US14->CS30,0,0,0
2,US14->CS38,0,0,0
2,US14->CS46,0,0,0
2,US14->CS54,0,0,0
2,US14->CS62,0,0,0
2,US15->CS7,0,0,0
2,US15->CS15,0,0,0
2,US15->CS23,0,0,0
2,US15->CS31,0,0,0
2,US15->CS39,0,0,0
2,US15->CS47,0,0,0
2,US15->CS55,0,0,0
2,US15->CS63,0,0,0
2,US16->CS0,0,0,0
2,US16->CS8,0,0,0
2,US16->CS16,0,0,0
2,US16->CS24,0,0,0
2,US16->CS32,0,0,0
2,US16->CS40,0,0,0
2,US16->CS48,0,0,0
2,US16->CS56,0,0,0
2,US17->CS1,0,0,0
2,US17->CS9,0,0,0
2,US17->CS17,0,0,0
2,US17->CS25,0,0,0
2,US17->CS33,0,0,0
2,US17->CS41,0,0,0
2,US17->CS49,0,0,0
2,US17->CS57,0,0,0
2,US18->CS2,0,0,0
2,US18->CS10,0,0,0
2,US18->CS18,0,0,0
2,US18->CS26,0,0,0
2,US18->CS34,0,0,0
2,US18->CS42,0,0,0
2,US18->CS50,0,0,0
2,US18->CS58,0,0,0
2,US19->CS3,0,0,0
2,US19->CS11,0,0,0
2,US19->CS19,0,0,0
2,US19->CS27,0,0,0
2,US19->CS35,0,0,0
2,US19->CS43,0,0,0
2,US19->CS51,0,0,0
2,US19->CS59,0,0,0
2,US20->CS4,0,0,0
2,US20->CS12,0,0,0
2,US20->CS20,0,0,0
2,US20->CS28,0,0,0
2,US20->CS36,0,0,0
2,US20->CS44,0,0,0
2,US20->CS52,0,0,0
2,US20->CS60,0,0,0
2,US21->CS5,0,0,0
2,US21->CS13,0,0,0
2,US21->CS21,0,0,0
2,US21->CS29,0,0,0
2,US21->CS37,0,0,0
2,US21->CS45,0,0,0
2,US21->CS53,0,0,0
2,US21->CS61,0,0,0
2,US22->CS6,0,0,0
2,US22->CS14,0,0,0
2,US22->CS22,0,0,0
2,US22->CS30,0,0,0
2,US22->CS38,0,0,0
2,US22->CS46,0,0,0
2,US22->CS54,0,0,0
2,US22->CS62,0,0,0
2,US23->CS7,0,0,0
2,US23->CS15,0,0,0
2,US23->CS23,0,0,0
2,US23->CS31,0,0,0
2,US23->CS39,0,0,0
2,US23->CS47,0,0,0
2,US23->CS55,0,0,0
2,US23->CS63,0,0,0
2,US24->CS0,0,0,0
2,US24->CS8,0,0,0
2,US24->CS16,0,0,0
2,US24->CS24,0,0,0
2,US24->CS32,0,0,0
2,US24->CS40,0,0,0
2,US24->CS48,0,0,0
2,US24->CS56,0,0,0
2,US25->CS1,0,0,0
2,US25->CS9,0,0,0
2,US25->CS17,0,0,0
2,US25->CS25,0,0,0
2,US25->CS33,0,0,0
2,US25->CS41,0,0,0
2,US25->CS49,0,0,0
2,US25->CS57,0,0,0
2,US26->CS2,0,0,0
2,US26->CS10,0,0,0
2,US26->CS18,0,0,0
2,US26->CS26,0,0,0
2,US26->CS34,0,0,0
2,US26->CS42,0,0,0
2,US26->CS50,0,0,0
2,US26->CS58,0,0,0
2,US27->CS3,0,0,0
2,US27->CS11,0,0,0
2,US27->CS19,0,0,0
2,US27->CS27,0,0,0
2,US27->CS35,0,0,0
2,US27->CS43,0,0,0
2,US27->CS51,0,0,0
2,US27->CS59,0,0,0
2,US28->CS4,0,0,0
2,US28->CS12,0,0,0
2,US28->CS20,0,0,0
2,US28->CS28,0,0,0
2,US28->CS36,0,0,0
2,US28->CS44,0,0,0
2,US28->CS52,0,0,0
2,US28->CS60,0,0,0
2,US29->CS5,0,0,0
2,US29->CS13,0,0,0
2,US29->CS21,0,0,0
2,US29->CS29,0,0,0
2,US29->CS37,0,0,0
2,US29->CS45,0,0,0
2,US29->CS53,0,0,0
2,US29->CS61,0,0,0
2,US30->CS6,0,0,0
2,US30->CS14,0,0,0
2,US30->CS22,0,0,0
2,US30->CS30,0,0,0
2,US30->CS38,0,0,0
2,US30->CS46,0,0,0
2,US30->CS54,0,0,0
2,US30->CS62,0,0,0
2,US31->CS7,0,0,0
2,US31->CS15,0,0,0
2,US31->CS23,0,0,0
2,US31->CS31,0,0,0
2,US31->CS39,0,0,0
2,US31->CS47,0,0,0
2,US31->CS55,0,0,0
2,US31->CS63,0,0,0
2,US32->CS0,0,0,0
2,US32->CS8,0,0,0
2,US32->CS16,0,0,0
2,US32->CS24,0,0,0
2,US32->CS32,0,0,0
2,US32->CS40,0,0,0
2,US32->CS48,0,0,0
2,US32->CS56,0,0,0
2,US33->CS1,0,0,0
2,US33->CS9,0,0,0
2,US33->CS17,0,0,0
2,US33->CS25,0,0,0
2,US33->CS33,0,0,0
2,US33->CS41,0,0,0
2,US33->CS49,0,0,0
2,US33->CS57,0,0,0
2,US34->CS2,0,0,0
2,US34->CS10,0,0,0
2,US34->CS18,0,0,0
2,US34->CS26,0,0,0
2,US34->CS34,0,0,0
2,US34->CS42,0,0,0
2,US34->CS50,0,0,0
2,US34->CS58,0,0,0
2,US35->CS3,0,0,0
2,US35->CS11,0,0,0
2,US35->CS19,0,0,0
2,US35->CS27,0,0,0
2,US35->CS35,0,0,0
2,US35->CS43,0,0,0
2,US35->CS51,0,0,0
2,US35->CS59,0,0,0
2,US36->CS4,0,0,0
2,US36->CS12,0,0,0
2,US36->CS20,0,0,0
2,US36->CS28,0,0,0
2,US36->CS36,0,0,0
2,US36->CS44,0,0,0
2,US36->CS52,0,0,0
2,US36->CS60,0,0,0
2,US37->CS5,0,0,0
2,US37->CS13,0,0,0
2,US37->CS21,0,0,0
2,US37->CS29,0,0,0
2,US37->CS37,0,0,0
2,US37->CS45,0,0,0
2,US37->CS53,0,0,0
2,US37->CS61,0,0,0
2,US38->CS6,0,0,0
2,US38->CS14,0,0,0
2,US38->CS22,0,0,0
2,US38->CS30,0,0,0
2,US38->CS38,0,0,0
2,US38->CS46,0,0,0
2,US38->CS54,0,0,0
2,US38->CS62,0,0,0
2,US39->CS7,0,0,0
2,US39->CS15,0,0,0
2,US39->CS23,0,0,0
2,US39->CS31,0,0,0
2,US39->CS39,0,0,0
2,US39->CS47,0,0,0
2,US39->CS55,0,0,0
2,US39->CS63,0,0,0
2,US40->CS0,11014,11014,0
2,US40->CS8,11091,11091,0
2,US40->CS16,11089,11089,0
2,US40->CS24,11272,11272,0
2,US40->CS32,11137,11136,0
2,US40->CS40,11390,11390,0
2,US40->CS48,11182,11182,0
2,US40->CS56,11044,11044,0
2,US41->CS1,11199,11199,0
2,US41->CS9,11376,11376,0
2,US41->CS17,11215,11215,0
2,US41->CS25,11166,11166,0
2,US41->CS33,11477,11477,0
2,US41->CS41,11232,11232,0
2,US41->CS49,11178,11178,0
2,US41->CS57,11318,11318,0
2,US42->CS2,11110,11109,0
2,US42->CS10,11155,11154,0
2,US42->CS18,10868,10868,0
2,US42->CS26,11333,11331,0
2,US42->CS34,11259,11258,0
2,US42->CS42,11152,11152,0
2,US42->CS50,11254,11254,0
2,US42->CS58,11351,11351,0
2,US43->CS3,11033,11033,0
2,US43->CS11,11045,11045,0
2,US43->CS19,11247,11246,0
2,US43->CS27,11044,11041,0
2,US43->CS35,11326,11326,0
2,US43->CS43,11083,11083,0
2,US43->CS51,11132,11132,0
2,US43->CS59,11126,11125,0
2,US44->CS4,11032,11031,0
2,US44->CS12,11036,11036,0
2,US44->CS20,11163,11163,0
2,US44->CS28,11297,11297,0
2,US44->CS36,11022,11021,0
2,US44->CS44,10974,10972,0
2,US44->CS52,11167,11166,0
2,US44->CS60,11297,11297,0
2,US45->CS5,11148,11148,0
2,US45->CS13,11246,11245,0
2,US45->CS21,11209,11208,0
2,US45->CS29,11231,11231,0
2,US45->CS37,11050,11050,0
2,US45->CS45,11015,11014,0
2,US45->CS53,11164,11164,0
2,US45->CS61,11135,11134,0
2,US46->CS6,11298,11298,0
2,US46->CS14,11227,11226,0
2,US46->CS22,11091,11091,0
2,US46->CS30,11135,11134,0
2,US46->CS38,11150,11150,0
2,US46->CS46,11138,11136,0
2,US46->CS54,11262,11262,0
2,US46->CS62,11329,11329,0
2,US47->CS7,11096,11096,0
2,US47->CS15,11100,11098,0
2,US47->CS23,11138,11138,0
2,US47->CS31,11182,11181,0
2,US47->CS39,11132,11132,0
2,US47->CS47,11072,11072,0
2,US47->CS55,11215,11215,0
2,US47->CS63,11251,11251,0
2,US48->CS0,51871,51871,0
2,US48->CS8,51713,51713,0
2,US48->CS16,52171,52171,0
2,US48->CS24,51561,51561,0
2,US48->CS32,51156,51156,0
2,US48->CS40,51540,51540,0
2,US48->CS48,51562,51562,0
2,US48->CS56,51557,51557,0
2,US49->CS1,51516,51516,0
2,US49->CS9,51627,51627,0
2,US49->CS17,51631,51631,0
2,US49->CS25,51673,51673,0
2,US49->CS33,51709,51709,0
2,US49->CS41,51191,51191,0
2,US49->CS49,51262,51262,0
2,US49->CS57,51562,51562,0
2,US50->CS2,51519,51519,0
2,US50->CS10,51352,51352,0
2,US50->CS18,51553,51553,0
2,US50->CS26,51295,51295,0
2,US50->CS34,51116,51116,0
2,US50->CS42,51297,51297,0
2,US50->CS50,51032,51032,0
2,US50->CS58,51767,51767,0
2,US51->CS3,51006,51006,0
2,US51->CS11,51072,51072,0
2,US51->CS19,51441,51441,0
2,US51->CS27,51144,51144,0
2,US51->CS35,51626,51626,0
2,US51->CS43,51208,51208,0
2,US51->CS51,51221,51221,0
2,US51->CS59,51356,51356,0
2,US52->CS4,51612,51612,0
2,US52->CS12,51168,51168,0
2,US52->CS20,51490,51490,0
2,US52->CS28,51198,51198,0
2,US52->CS36,51525,51525,0
2,US52->CS44,51399,51399,0
2,US52->CS52,51433,51433,0
2,US52->CS60,51543,51543,0
2,US53->CS5,51181,51181,0
2,US53->CS13,51673,51673,0
2,US53->CS21,51766,51766,0
2,US53->CS29,51311,51311,0
2,US53->CS37,51390,51390,0
2,US53->CS45,51293,51293,0
2,US53->CS53,51467,51467,0
2,US53->CS61,51609,51609,0
2,US54->CS6,51586,51586,0
2,US54->CS14,51213,51213,0
2,US54->CS22,51130,51130,0
2,US54->CS30,51537,51537,0
2,US54->CS38,51295,51295,0
2,US54->CS46,51443,51443,0
2,US54->CS54,51090,51090,0
2,US54->CS62,51354,51354,0
2,US55->CS7,51295,51295,0
2,US55->CS15,51408,51408,0
2,US55->CS23,51416,51416,0
2,US55->CS31,51291,51291,0
2,US55->CS39,51755,51755,0
2,US55->CS47,51273,51273,0
2,US55->CS55,51402,51402,0
2,US55->CS63,51556,51556,0
2,US56->CS0,0,0,0
2,US56->CS8,0,0,0
2,US56->CS16,0,0,0
2,US56->CS24,0,0,0
2,US56->CS32,0,0,0
2,US56->CS40,0,0,0
2,US56->CS48,0,0,0
2,US56->CS56,0,0,0
2,US57->CS1,0,0,0
2,US57->CS9,0,0,0
2,US57->CS17,0,0,0
2,US57->CS25,0,0,0
2,US57->CS33,0,0,0
2,US57->CS41,0,0,0
2,US57->CS49,0,0,0
2,US57->CS57,0,0,0
2,US58->CS2,0,0,0
2,US58->CS10,0,0,0
2,US58->CS18,0,0,0
2,US58->CS26,0,0,0
2,US58->CS34,0,0,0
2,US58->CS42,0,0,0
2,US58->CS50,0,0,0
2,US58->CS58,0,0,0
2,US59->CS3,0,0,0
2,US59->CS11,0,0,0
2,US59->CS19,0,0,0
2,US59->CS27,0,0,0
2,US59->CS35,0,0,0
2,US59->CS43,0,0,0
2,US59->CS51,0,0,0
2,US59->CS59,0,0,0
2,US60->CS4,0,0,0
2,US60->CS12,0,0,0
2,US60->CS20,0,0,0
2,US60->CS28,0,0,0
2,US60->CS36,0,0,0
2,US60->CS44,0,0,0
2,US60->CS52,0,0,0
2,US60->CS60,0,0,0
2,US61->CS5,0,0,0
2,US61->CS13,0,0,0
2,US61->CS21,0,0,0
2,US61->CS29,0,0,0
2,US61->CS37,0,0,0
2,US61->CS45,0,0,0
2,US61->CS53,0,0,0
2,US61->CS61,0,0,0
2,US62->CS6,0,0,0
2,US62->CS14,0,0,0
2,US62->CS22,0,0,0
2,US62->CS30,0,0,0
2,US62->CS38,0,0,0
2,US62->CS46,0,0,0
2,US62->CS54,0,0,0
2,US62->CS62,0,0,0
2,US63->CS7,0,0,0
2,US63->CS15,0,0,0
2,US63->CS23,0,0,0
2,US63->CS31,0,0,0
2,US63->CS39,0,0,0
2,US63->CS47,0,0,0
2,US63->CS55,0,0,0
2,US63->CS63,0,0,0
2,US64->CS0,0,0,0
2,US64->CS8,0,0,0
2,US64->CS16,0,0,0
2,US64->CS24,0,0,0
2,US64->CS32,0,0,0
2,US64->CS40,0,0,0
2,US64->CS48,0,0,0
2,US64->CS56,0,0,0
2,US65->CS1,0,0,0
2,US65->CS9,0,0,0
2,US65->CS17,0,0,0
2,US65->CS25,0,0,0
2,US65->CS33,0,0,0
2,US65->CS41,0,0,0
2,US65->CS49,0,0,0
2,US65->CS57,0,0,0
2,US66->CS2,0,0,0
2,US66->CS10,0,0,0
2,US66->CS18,0,0,0
2,US66->CS26,0,0,0
2,US66->CS34,0,0,0
2,US66->CS42,0,0,0
2,US66->CS50,0,0,0
2,US66->CS58,0,0,0
2,US67->CS3,0,0,0
2,US67->CS11,0,0,0
2,US67->CS19,0,0,0
2,US67->CS27,0,0,0
2,US67->CS35,0,0,0
2,US67->CS43,0,0,0
2,US67->CS51,0,0,0
2,US67->CS59,0,0,0
2,US68->CS4,0,0,0
2,US68->CS12,0,0,0
2,US68->CS20,0,0,0
2,US68->CS28,0,0,0
2,US68->CS36,0,0,0
2,US68->CS44,0,0,0
2,US68->CS52,0,0,0
2,US68->CS60,0,0,0
2,US69->CS5,0,0,0
2,US69->CS13,0,0,0
2,US69->CS21,0,0,0
2,US69->CS29,0,0,0
2,US69->CS37,0,0,0
2,US69->CS45,0,0,0
2,US69->CS53,0,0,0
2,US69->CS61,0,0,0
2,US70->CS6,0,0,0
2,US70->CS14,0,0,0
2,US70->CS22,0,0,0
2,US70->CS30,0,0,0
2,US70->CS38,0,0,0
2,US70->CS46,0,0,0
2,US70->CS54,0,0,0
2,US70->CS62,0,0,0
2,US71->CS7,0,0,0
2,US71->CS15,0,0,0
2,US71->CS23,0,0,0
2,US71->CS31,0,0,0
2,US71->CS39,0,0,0
2,US71->CS47,0,0,0
2,US71->CS55,0,0,0
2,US71->CS63,0,0,0
2,US72->CS0,0,0,0
2,US72->CS8,0,0,0
2,US72->CS16,0,0,0
2,US72->CS24,0,0,0
2,US72->CS32,0,0,0
2,US72->CS40,0,0,0
2,US72->CS48,0,0,0
2,US72->CS56,0,0,0
2,US73->CS1,0,0,0
2,US73->CS9,0,0,0
2,US73->CS17,0,0,0
2,US73->CS25,0,0,0
2,US73->CS33,0,0,0
2,US73->CS41,0,0,0
2,US73->CS49,0,0,0
2,US73->CS57,0,0,0
2,US74->CS2,0,0,0
2,US74->CS10,0,0,0
2,US74->CS18,0,0,0
2,US74->CS26,0,0,0
2,US74->CS34,0,0,0
2,US74->CS42,0,0,0
2,US74->CS50,0,0,0
2,US74->CS58,0,0,0
2,US75->CS3,0,0,0
2,US75->CS11,0,0,0
2,US75->CS19,0,0,0
2,US75->CS27,0,0,0
2,US75->CS35,0,0,0
2,US75->CS43,0,0,0
2,US75->CS51,0,0,0
2,US75->CS59,0,0,0
2,US76->CS4,0,0,0
2,US76->CS12,0,0,0
2,US76->CS20,0,0,0
2,US76->CS28,0,0,0
2,US76->CS36,0,0,0
2,US76->CS44,0,0,0
2,US76->CS52,0,0,0
2,US76->CS60,0,0,0
2,US77->CS5,0,0,0
2,US77->CS13,0,0,0
2,US77->CS21,0,0,0
2,US77->CS29,0,0,0
2,US77->CS37,0,0,0
2,US77->CS45,0,0,0
2,US77->CS53,0,0,0
2,US77->CS61,0,0,0
2,US78->CS6,0,0,0
2,US78->CS14,0,0,0
2,US78->CS22,0,0,0
2,US78->CS30,0,0,0
2,US78->CS38,0,0,0
2,US78->CS46,0,0,0
2,US78->CS54,0,0,0
2,US78->CS62,0,0,0
2,US79->CS7,0,0,0
2,US79->CS15,0,0,0
2,US79->CS23,0,0,0
2,US79->CS31,0,0,0
2,US79->CS39,0,0,0
2,US79->CS47,0,0,0
2,US79->CS55,0,0,0
2,US79->CS63,0,0,0
2,US80->CS0,0,0,0
2,US80->CS8,0,0,0
2,US80->CS16,0,0,0
2,US80->CS24,0,0,0
2,US80->CS32,0,0,0
2,US80->CS40,0,0,0
2,US80->CS48,0,0,0
2,US80->CS56,0,0,0
2,US81->CS1,0,0,0
2,US81->CS9,0,0,0
2,US81->CS17,0,0,0
2,US81->CS25,0,0,0
2,US81->CS33,0,0,0
2,US81->CS41,0,0,0
2,US81->CS49,0,0,0
2,US81->CS57,0,0,0
2,US82->CS2,0,0,0
2,US82->CS10,0,0,0
2,US82->CS18,0,0,0
2,US82->CS26,0,0,0
2,US82->CS34,0,0,0
2,US82->CS42,0,0,0
2,US82->CS50,0,0,0
2,US82->CS58,0,0,0
2,US83->CS3,0,0,0
2,US83->CS11,0,0,0
2,US83->CS19,0,0,0
2,US83->CS27,0,0,0
2,US83->CS35,0,0,0
2,US83->CS43,0,0,0
2,US83->CS51,0,0,0
2,US83->CS59,0,0,0
2,US84->CS4,0,0,0
2,US84->CS12,0,0,0
2,US84->CS20,0,0,0
2,US84->CS28,0,0,0
2,US84->CS36,0,0,0
2,US84->CS44,0,0,0
2,US84->CS52,0,0,0
2,US84->CS60,0,0,0
2,US85->CS5,0,0,0
2,US85->CS13,0,0,0
2,US85->CS21,0,0,0
2,US85->CS29,0,0,0
2,US85->CS37,0,0,0
2,US85->CS45,0,0,0
2,US85->CS53,0,0,0
2,US85->CS61,0,0,0
2,US86->CS6,0,0,0
2,US86->CS14,0,0,0
2,US86->CS22,0,0,0
2,US86->CS30,0,0,0
2,US86->CS38,0,0,0
2,US86->CS46,0,0,0
2,US86->CS54,0,0,0
2,US86->CS62,0,0,0
2,US87->CS7,0,0,0
2,US87->CS15,0,0,0
2,US87->CS23,0,0,0
2,US87->CS31,0,0,0
2,US87->CS39,0,0,0
2,US87->CS47,0,0,0
2,US87->CS55,0,0,0
2,US87->CS63,0,0,0
2,US88->CS0,0,0,0
2,US88->CS8,0,0,0
2,US88->CS16,0,0,0
2,US88->CS24,0,0,0
2,US88->CS32,0,0,0
2,US88->CS40,0,0,0
2,US88->CS48,0,0,0
2,US88->CS56,0,0,0
2,US89->CS1,0,0,0
2,US89->CS9,0,0,0
2,US89->CS17,0,0,0
2,US89->CS25,0,0,0
2,US89->CS33,0,0,0
2,US89->CS41,0,0,0
2,US89->CS49,0,0,0
2,US89->CS57,0,0,0
2,US90->CS2,0,0,0
2,US90->CS10,0,0,0
2,US90->CS18,0,0,0
2,US90->CS26,0,0,0
2,US90->CS34,0,0,0
2,US90->CS42,0,0,0
2,US90->CS50,0,0,0
2,US90->CS58,0,0,0
2,US91->CS3,0,0,0
2,US91->CS11,0,0,0
2,US91->CS19,0,0,0
2,US91->CS27,0,0,0
2,US91->CS35,0,0,0
2,US91->CS43,0,0,0
2,US91->CS51,0,0,0
2,US91->CS59,0,0,0
2,US92->CS4,0,0,0
2,US92->CS12,0,0,0
2,US92->CS20,0,0,0
2,US92->CS28,0,0,0
2,US92->CS36,0,0,0
2,US92->CS44,0,0,0
2,US92->CS52,0,0,0
2,US92->CS60,0,0,0
2,US93->CS5,0,0,0
2,US93->CS13,0,0,0
2,US93->CS21,0,0,0
2,US93->CS29,0,0,0
2,US93->CS37,0,0,0
2,US93->CS45,0,0,0
2,US93->CS53,0,0,0
2,US93->CS61,0,0,0
2,US94->CS6,0,0,0
2,US94->CS14,0,0,0
2,US94->CS22,0,0,0
2,US94->CS30,0,0,0
2,US94->CS38,0,0,0
2,US94->CS46,0,0,0
2,US94->CS54,0,0,0
2,US94->CS62,0,0,0
2,US95->CS7,0,0,0
2,US95->CS15,0,0,0
2,US95->CS23,0,0,0
2,US95->CS31,0,0,0
2,US95->CS39,0,0,0
2,US95->CS47,0,0,0
2,US95->CS55,0,0,0
2,US95->CS63,0,0,0
2,US96->CS0,0,0,0
2,US96->CS8,0,0,0
2,US96->CS16,0,0,0
2,US96->CS24,0,0,0
2,US96->CS32,0,0,0
2,US96->CS40,0,0,0
2,US96->CS48,0,0,0
2,US96->CS56,0,0,0
2,US97->CS1,0,0,0
2,US97->CS9,0,0,0
2,US97->CS17,0,0,0
2,US97->CS25,0,0,0
2,US97->CS33,0,0,0
2,US97->CS41,0,0,0
2,US97->CS49,0,0,0
2,US97->CS57,0,0,0
2,US98->CS2,0,0,0
2,US98->CS10,0,0,0
2,US98->CS18,0,0,0
2,US98->CS26,0,0,0
2,US98->CS34,0,0,0
2,US98->CS42,0,0,0
2,US98->CS50,0,0,0
2,US98->CS58,0,0,0
2,US99->CS3,0,0,0
2,US99->CS11,0,0,0
2,US99->CS19,0,0,0
2,US99->CS27,0,0,0
2,US99->CS35,0,0,0
2,US99->CS43,0,0,0
2,US99->CS51,0,0,0
2,US99->CS59,0,0,0
2,US100->CS4,0,0,0
2,US100->CS12,0,0,0
2,US100->CS20,0,0,0
2,US100->CS28,0,0,0
2,US100->CS36,0,0,0
2,US100->CS44,0,0,0
2,US100->CS52,0,0,0
2,US100->CS60,0,0,0
2,US101->CS5,0,0,0
2,US101->CS13,0,0,0
2,US101->CS21,0,0,0
2,US101->CS29,0,0,0
2,US101->CS37,0,0,0
2,US101->CS45,0,0,0
2,US101->CS53,0,0,0
2,US101->CS61,0,0,0
2,US102->CS6,0,0,0
2,US102->CS14,0,0,0
2,US102->CS22,0,0,0
2,US102->CS30,0,0,0
2,US102->CS38,0,0,0
2,US102->CS46,0,0,0
2,US102->CS54,0,0,0
2,US102->CS62,0,0,0
2,US103->CS7,0,0,0
2,US103->CS15,0,0,0
2,US103->CS23,0,0,0
2,US103->CS31,0,0,0
2,US103->CS39,0,0,0
2,US103->CS47,0,0,0
2,US103->CS55,0,0,0
2,US103->CS63,0,0,0
2,US104->CS0,0,0,0
2,US104->CS8,0,0,0
2,US104->CS16,0,0,0
2,US104->CS24,0,0,0
2,US104->CS32,0,0,0
2,US104->CS40,0,0,0
2,US104->CS48,0,0,0
2,US104->CS56,0,0,0
2,US105->CS1,0,0,0
2,US105->CS9,0,0,0
2,US105->CS17,0,0,0
2,US105->CS25,0,0,0
2,US105->CS33,0,0,0
2,US105->CS41,0,0,0
2,US105->CS49,0,0,0
2,US105->CS57,0,0,0
2,US106->CS2,0,0,0
2,US106->CS10,0,0,0
2,US106->CS18,0,0,0
2,US106->CS26,0,0,0
2,US106->CS34,0,0,0
2,US106->CS42,0,0,0
2,US106->CS50,0,0,0
2,US106->CS58,0,0,0
2,US107->CS3,0,0,0
2,US107->CS11,0,0,0
2,US107->CS19,0,0,0
2,US107->CS27,0,0,0
2,US107->CS35,0,0,0
2,US107->CS43,0,0,0
2,US107->CS51,0,0,0
2,US107->CS59,0,0,0
2,US108->CS4,0,0,0
2,US108->CS12,0,0,0
2,US108->CS20,0,0,0
2,US108->CS28,0,0,0
2,US108->CS36,0,0,0
2,US108->CS44,0,0,0
2,US108->CS52,0,0,0
2,US108->CS60,0,0,0
2,US109->CS5,0,0,0
2,US109->CS13,0,0,0
2,US109->CS21,0,0,0
2,US109->CS29,0,0,0
2,US109->CS37,0,0,0
2,US109->CS45,0,0,0
2,US109->CS53,0,0,0
2,US109->CS61,0,0,0
2,US110->CS6,0,0,0
2,US110->CS14,0,0,0
2,US110->CS22,0,0,0
2,US110->CS30,0,0,0
2,US110->CS38,0,0,0
2,US110->CS46,0,0,0
2,US110->CS54,0,0,0
2,US110->CS62,0,0,0
2,US111->CS7,0,0,0
2,US111->CS15,0,0,0
2,US111->CS23,0,0,0
2,US111->CS31,0,0,0
2,US111->CS39,0,0,0
2,US111->CS47,0,0,0
2,US111->CS55,0,0,0
2,US111->CS63,0,0,0
2,US112->CS0,11285,11284,0
2,US112->CS8,11038,11038,0
2,US112->CS16,11260,11260,0
2,US112->CS24,11409,11409,0
2,US112->CS32,11154,11153,0
2,US112->CS40,11137,11137,0
2,US112->CS48,11274,11273,0
2,US112->CS56,11198,11198,0
2,US113->CS1,11105,11105,0
2,US113->CS9,11193,11192,0
2,US113->CS17,11134,11134,0
2,US113->CS25,11126,11126,0
2,US113->CS33,11264,11264,0
2,US113->CS41,11340,11340,0
2,US113->CS49,11294,11294,0
2,US113->CS57,11233,11233,0
2,US114->CS2,11176,11175,0
2,US114->CS10,11361,11360,0
2,US114->CS18,11118,11117,0
2,US114->CS26,11227,11227,0
2,US114->CS34,11238,11238,0
2,US114->CS42,11282,11282,0
2,US114->CS50,11160,11160,0
2,US114->CS58,11233,11231,0
2,US115->CS3,11181,11181,0
2,US115->CS11,11281,11280,0
2,US115->CS19,11212,11212,0
2,US115->CS27,11267,11266,0
2,US115->CS35,11161,11161,0
2,US115->CS43,11339,11338,0
2,US115->CS51,11220,11220,0
2,US115->CS59,11105,11105,0
2,US116->CS4,11292,11292,0
2,US116->CS12,11113,11112,0
2,US116->CS20,11068,11068,0
2,US116->CS28,11267,11267,0
2,US116->CS36,11229,11229,0
2,US116->CS44,11176,11176,0
2,US116->CS52,11368,11367,0
2,US116->CS60,11138,11138,0
2,US117->CS5,11224,11224,0
2,US117->CS13,11218,11217,0
2,US117->CS21,11174,11171,0
2,US117->CS29,11348,11348,0
2,US117->CS37,11201,11201,0
2,US117->CS45,11277,11276,0
2,US117->CS53,11395,11395,0
2,US117->CS61,11249,11249,0
2,US118->CS6,11224,11224,0
2,US118->CS14,11129,11129,0
2,US118->CS22,11392,11391,0
2,US118->CS30,11163,11163,0
2,US118->CS38,11261,11261,0
2,US118->CS46,11271,11271,0
2,US118->CS54,11186,11186,0
2,US118->CS62,11199,11198,0
2,US119->CS7,11153,11150,0
2,US119->CS15,11375,11374,0
2,US119->CS23,11239,11237,0
2,US119->CS31,11236,11236,0
2,US119->CS39,11137,11137,0
2,US119->CS47,11198,11196,0
2,US119->CS55,11210,11210,0
2,US119->CS63,11177,11177,0
2,US120->CS0,0,0,0
2,US120->CS8,0,0,0
2,US120->CS16,0,0,0
2,US120->CS24,0,0,0
2,US120->CS32,0,0,0
2,US120->CS40,0,0,0
2,US120->CS48,0,0,0
2,US120->CS56,0,0,0
2,US121->CS1,0,0,0
2,US121->CS9,0,0,0
2,US121->CS17,0,0,0
2,US121->CS25,0,0,0
2,US121->CS33,0,0,0
2,US121->CS41,0,0,0
2,US121->CS49,0,0,0
2,US121->CS57,0,0,0
2,US122->CS2,0,0,0
2,US122->CS10,0,0,0
2,US122->CS18,0,0,0
2,US122->CS26,0,0,0
2,US122->CS34,0,0,0
2,US122->CS42,0,0,0
2,US122->CS50,0,0,0
2,US122->CS58,0,0,0
2,US123->CS3,0,0,0
2,US123->CS11,0,0,0
2,US123->CS19,0,0,0
2,US123->CS27,0,0,0
2,US123->CS35,0,0,0
2,US123->CS43,0,0,0
2,US123->CS51,0,0,0
2,US123->CS59,0,0,0
2,US124->CS4,0,0,0
2,US124->CS12,0,0,0
2,US124->CS20,0,0,0
2,US124->CS28,0,0,0
2,US124->CS36,0,0,0
2,US124->CS44,0,0,0
2,US124->CS52,0,0,0
2,US124->CS60,0,0,0
2,US125->CS5,0,0,0
2,US125->CS13,0,0,0
2,US125->CS21,0,0,0
2,US125->CS29,0,0,0
2,US125->CS37,0,0,0
2,US125->CS45,0,0,0
2,US125->CS53,0,0,0
2,US125->CS61,0,0,0
2,US126->CS6,0,0,0
2,US126->CS14,0,0,0
2,US126->CS22,0,0,0
2,US126->CS30,0,0,0
2,US126->CS38,0,0,0
2,US126->CS46,0,0,0
2,US126->CS54,0,0,0
2,US126->CS62,0,0,0
2,US127->CS7,0,0,0
2,US127->CS15,0,0,0
2,US127->CS23,0,0,0
2,US127->CS31,0,0,0
2,US127->CS39,0,0,0
2,US127->CS47,0,0,0
2,US127->CS55,0,0,0
2,US127->CS63,0,0,0
2,CS0->US0,51818,51818,0
2,CS0->US8,0,0,0
2,CS0->US16,0,0,0
2,CS0->US24,0,0,0
2,CS0->US32,0,0,0
2,CS0->US40,11337,11336,0
2,CS0->US48,51268,51268,0
2,CS0->US56,0,0,0
2,CS0->US64,0,0,0
2,CS0->US72,0,0,0
2,CS0->US80,0,0,0
2,CS0->US88,0,0,0
2,CS0->US96,0,0,0
2,CS0->US104,0,0,0
2,CS0->US112,11134,11134,0
2,CS0->US120,0,0,0
2,CS1->US1,51433,51433,0
2,CS1->US9,0,0,0
2,CS1->US17,0,0,0
2,CS1->US25,0,0,0
2,CS1->US33,0,0,0
2,CS1->US41,11188,11188,0
2,CS1->US49,51045,51045,0
2,CS1->US57,0,0,0
2,CS1->US65,0,0,0
2,CS1->US73,0,0,0
2,CS1->US81,0,0,0
2,CS1->US89,0,0,0
2,CS1->US97,0,0,0
2,CS1->US105,0,0,0
2,CS1->US113,11336,11335,0
2,CS1->US121,0,0,0
2,CS2->US2,51448,51448,0
2,CS2->US10,0,0,0
2,CS2->US18,0,0,0
2,CS2->US26,0,0,0
2,CS2->US34,0,0,0
2,CS2->US42,11246,11246,0
2,CS2->US50,51245,51245,0
2,CS2->US58,0,0,0
2,CS2->US66,0,0,0
2,CS2->US74,0,0,0
2,CS2->US82,0,0,0
2,CS2->US90,0,0,0
2,CS2->US98,0,0,0
2,CS2->US106,0,0,0
2,CS2->US114,11232,11232,0
2,CS2->US122,0,0,0
2,CS3->US3,50976,50976,0
2,CS3->US11,0,0,0
2,CS3->US19,0,0,0
2,CS3->US27,0,0,0
2,CS3->US35,0,0,0
2,CS3->US43,11211,11211,0
2,CS3->US51,51609,51609,0
2,CS3->US59,0,0,0
2,CS3->US67,0,0,0
2,CS3->US75,0,0,0
2,CS3->US83,0,0,0
2,CS3->US91,0,0,0
2,CS3->US99,0,0,0
2,CS3->US107,0,0,0
2,CS3->US115,11175,11175,0
2,CS3->US123,0,0,0
2,CS4->US4,51577,51577,0
2,CS4->US12,0,0,0
2,CS4->US20,0,0,0
2,CS4->US28,0,0,0
2,CS4->US36,0,0,0
2,CS4->US44,11327,11326,0
2,CS4->US52,51263,51263,0
2,CS4->US60,0,0,0
2,CS4->US68,0,0,0
2,CS4->US76,0,0,0
2,CS4->US84,0,0,0
2,CS4->US92,0,0,0
2,CS4->US100,0,0,0
2,CS4->US108,0,0,0
2,CS4->US116,11176,11175,0
2,CS4->US124,0,0,0
2,CS5->US5,51109,51109,0
2,CS5->US13,0,0,0
2,CS5->US21,0,0,0
2,CS5->US29,0,0,0
2,CS5->US37,0,0,0
2,CS5->US45,11296,11295,0
2,CS5->US53,51228,51228,0
2,CS5->US61,0,0,0
2,CS5->US69,0,0,0
2,CS5->US77,0,0,0
2,CS5->US85,0,0,0
2,CS5->US93,0,0,0
2,CS5->US101,0,0,0
2,CS5->US109,0,0,0
2,CS5->US117,11302,11299,0
2,CS5->US125,0,0,0
2,CS6->US6,51528,51528,0
2,CS6->US14,0,0,0
2,CS6->US22,0,0,0
2,CS6->US30,0,0,0
2,CS6->US38,0,0,0
2,CS6->US46,11282,11282,0
2,CS6->US54,51220,51220,0
2,CS6->US62,0,0,0
2,CS6->US70,0,0,0
2,CS6->US78,0,0,0
2,CS6->US86,0,0,0
2,CS6->US94,0,0,0
2,CS6->US102,0,0,0
2,CS6->US110,0,0,0
2,CS6->US118,11416,11416,0
2,CS6->US126,0,0,0
2,CS7->US7,51196,51196,0
2,CS7->US15,0,0,0
2,CS7->US23,0,0,0
2,CS7->US31,0,0,0
2,CS7->US39,0,0,0
2,CS7->US47,11249,11247,0
2,CS7->US55,51088,51088,0
2,CS7->US63,0,0,0
2,CS7->US71,0,0,0
2,CS7->US79,0,0,0
2,CS7->US87,0,0,0
2,CS7->US95,0,0,0
2,CS7->US103,0,0,0
2,CS7->US111,0,0,0
2,CS7->US119,11223,11223,0
2,CS7->US127,0,0,0
2,CS8->US0,51637,51637,0
2,CS8->US8,0,0,0
2,CS8->US16,0,0,0
2,CS8->US24,0,0,0
2,CS8->US32,0,0,0
2,CS8->US40,11114,11114,0
2,CS8->US48,51162,51162,0
2,CS8->US56,0,0,0
2,CS8->US64,0,0,0
2,CS8->US72,0,0,0
2,CS8->US80,0,0,0
2,CS8->US88,0,0,0
2,CS8->US96,0,0,0
2,CS8->US104,0,0,0
2,CS8->US112,11256,11256,0
2,CS8->US120,0,0,0
2,CS9->US1,51585,51585,0
2,CS9->US9,0,0,0
2,CS9->US17,0,0,0
2,CS9->US25,0,0,0
2,CS9->US33,0,0,0
2,CS9->US41,11234,11234,0
2,CS9->US49,51234,51234,0
2,CS9->US57,0,0,0
2,CS9->US65,0,0,0
2,CS9->US73,0,0,0
2,CS9->US81,0,0,0
2,CS9->US89,0,0,0
2,CS9->US97,0,0,0
2,CS9->US105,0,0,0
2,CS9->US113,11512,11511,0
2,CS9->US121,0,0,0
2,CS10->US2,51314,51314,0
2,CS10->US10,0,0,0
2,CS10->US18,0,0,0
2,CS10->US26,0,0,0
2,CS10->US34,0,0,0
2,CS10->US42,11398,11398,0
2,CS10->US50,51211,51211,0
2,CS10->US58,0,0,0
2,CS10->US66,0,0,0
2,CS10->US74,0,0,0
2,CS10->US82,0,0,0
2,CS10->US90,0,0,0
2,CS10->US98,0,0,0
2,CS10->US106,0,0,0
2,CS10->US114,11272,11272,0
2,CS10->US122,0,0,0
2,CS11->US3,51010,51010,0
2,CS11->US11,0,0,0
2,CS11->US19,0,0,0
2,CS11->US27,0,0,0
2,CS11->US35,0,0,0
2,CS11->US43,11342,11341,0
2,CS11->US51,51040,51040,0
2,CS11->US59,0,0,0
2,CS11->US67,0,0,0
2,CS11->US75,0,0,0
2,CS11->US83,0,0,0
2,CS11->US91,0,0,0
2,CS11->US99,0,0,0
2,CS11->US107,0,0,0
2,CS11->US115,11176,11176,0
2,CS11->US123,0,0,0
2,CS12->US4,51150,51150,0
2,CS12->US12,0,0,0
2,CS12->US20,0,0,0
2,CS12->US28,0,0,0
2,CS12->US36,0,0,0
2,CS12->US44,11130,11130,0
2,CS12->US52,51239,51239,0
2,CS12->US60,0,0,0
2,CS12->US68,0,0,0
2,CS12->US76,0,0,0
2,CS12->US84,0,0,0
2,CS12->US92,0,0,0
2,CS12->US100,0,0,0
2,CS12->US108,0,0,0
2,CS12->US116,11155,11154,0
2,CS12->US124,0,0,0
2,CS13->US5,51618,51618,0
2,CS13->US13,0,0,0
2,CS13->US21,0,0,0
2,CS13->US29,0,0,0
2,CS13->US37,0,0,0
2,CS13->US45,11272,11272,0
2,CS13->US53,51145,51145,0
2,CS13->US61,0,0,0
2,CS13->US69,0,0,0
2,CS13->US77,0,0,0
2,CS13->US85,0,0,0
2,CS13->US93,0,0,0
2,CS13->US101,0,0,0
2,CS13->US109,0,0,0
2,CS13->US117,11380,11379,0
2,CS13->US125,0,0,0
2,CS14->US6,51140,51140,0
2,CS14->US14,0,0,0
2,CS14->US22,0,0,0
2,CS14->US30,0,0,0
2,CS14->US38,0,0,0
2,CS14->US46,11202,11201,0
2,CS14->US54,51382,51382,0
2,CS14->US62,0,0,0
2,CS14->US70,0,0,0
2,CS14->US78,0,0,0
2,CS14->US86,0,0,0
2,CS14->US94,0,0,0
2,CS14->US102,0,0,0
2,CS14->US110,0,0,0
2,CS14->US118,11320,11320,0
2,CS14->US126,0,0,0
2,CS15->US7,51383,51383,0
2,CS15->US15,0,0,0
2,CS15->US23,0,0,0
2,CS15->US31,0,0,0
2,CS15->US39,0,0,0
2,CS15->US47,11399,11398,0
2,CS15->US55,51336,51336,0
2,CS15->US63,0,0,0
2,CS15->US71,0,0,0
2,CS15->US79,0,0,0
2,CS15->US87,0,0,0
2,CS15->US95,0,0,0
2,CS15->US103,0,0,0
2,CS15->US111,0,0,0
2,CS15->US119,11236,11236,0
2,CS15->US127,0,0,0
2,CS16->US0,52110,52110,0
2,CS16->US8,0,0,0
2,CS16->US16,0,0,0
2,CS16->US24,0,0,0
2,CS16->US32,0,0,0
2,CS16->US40,11321,11319,0
2,CS16->US48,51450,51450,0
2,CS16->US56,0,0,0
2,CS16->US64,0,0,0
2,CS16->US72,0,0,0
2,CS16->US80,0,0,0
2,CS16->US88,0,0,0
2,CS16->US96,0,0,0
2,CS16->US104,0,0,0
2,CS16->US112,11220,11220,0
2,CS16->US120,0,0,0
2,CS17->US1,51593,51593,0
2,CS17->US9,0,0,0
2,CS17->US17,0,0,0
2,CS17->US25,0,0,0
2,CS17->US33,0,0,0
2,CS17->US41,11172,11172,0
2,CS17->US49,51279,51279,0
2,CS17->US57,0,0,0
2,CS17->US65,0,0,0
2,CS17->US73,0,0,0
2,CS17->US81,0,0,0
2,CS17->US89,0,0,0
2,CS17->US97,0,0,0
2,CS17->US105,0,0,0
2,CS17->US113,11346,11346,0
2,CS17->US121,0,0,0
2,CS18->US2,51473,51473,0
2,CS18->US10,0,0,0
2,CS18->US18,0,0,0
2,CS18->US26,0,0,0
2,CS18->US34,0,0,0
2,CS18->US42,11197,11197,0
2,CS18->US50,51260,51260,0
2,CS18->US58,0,0,0
2,CS18->US66,0,0,0
2,CS18->US74,0,0,0
2,CS18->US82,0,0,0
2,CS18->US90,0,0,0
2,CS18->US98,0,0,0
2,CS18->US106,0,0,0
2,CS18->US114,10998,10998,0
2,CS18->US122,0,0,0
2,CS19->US3,51390,51390,0
2,CS19->US11,0,0,0
2,CS19->US19,0,0,0
2,CS19->US27,0,0,0
2,CS19->US35,0,0,0
2,CS19->US43,11263,11263,0
2,CS19->US51,51614,51614,0
2,CS19->US59,0,0,0
2,CS19->US67,0,0,0
2,CS19->US75,0,0,0
2,CS19->US83,0,0,0
2,CS19->US91,0,0,0
2,CS19->US99,0,0,0
2,CS19->US107,0,0,0
2,CS19->US115,11365,11364,0
2,CS19->US123,0,0,0
2,CS20->US4,51438,51438,0
2,CS20->US12,0,0,0
2,CS20->US20,0,0,0
2,CS20->US28,0,0,0
2,CS20->US36,0,0,0
2,CS20->US44,11120,11116,0
2,CS20->US52,51169,51169,0
2,CS20->US60,0,0,0
2,CS20->US68,0,0,0
2,CS20->US76,0,0,0
2,CS20->US84,0,0,0
2,CS20->US92,0,0,0
2,CS20->US100,0,0,0
2,CS20->US108,0,0,0
2,CS20->US116,11271,11271,0
2,CS20->US124,0,0,0
2,CS21->US5,51701,51701,0
2,CS21->US13,0,0,0
2,CS21->US21,0,0,0
2,CS21->US29,0,0,0
2,CS21->US37,0,0,0
2,CS21->US45,11236,11235,0
2,CS21->US53,51227,51227,0
2,CS21->US61,0,0,0
2,CS21->US69,0,0,0
2,CS21->US77,0,0,0
2,CS21->US85,0,0,0
2,CS21->US93,0,0,0
2,CS21->US101,0,0,0
2,CS21->US109,0,0,0
2,CS21->US117,11332,11332,0
2,CS21->US125,0,0,0
2,CS22->US6,51059,51059,0
2,CS22->US14,0,0,0
2,CS22->US22,0,0,0
2,CS22->US30,0,0,0
2,CS22->US38,0,0,0
2,CS22->US46,11462,11462,0
2,CS22->US54,51702,51702,0
2,CS22->US62,0,0,0
2,CS22->US70,0,0,0
2,CS22->US78,0,0,0
2,CS22->US86,0,0,0
2,CS22->US94,0,0,0
2,CS22->US102,0,0,0
2,CS22->US110,0,0,0
2,CS22->US118,11215,11215,0
2,CS22->US126,0,0,0
2,CS23->US7,51359,51359,0
2,CS23->US15,0,0,0
2,CS23->US23,0,0,0
2,CS23->US31,0,0,0
2,CS23->US39,0,0,0
2,CS23->US47,11294,11294,0
2,CS23->US55,51046,51046,0
2,CS23->US63,0,0,0
2,CS23->US71,0,0,0
2,CS23->US79,0,0,0
2,CS23->US87,0,0,0
2,CS23->US95,0,0,0
2,CS23->US103,0,0,0
2,CS23->US111,0,0,0
2,CS23->US119,11259,11258,0
2,CS23->US127,0,0,0
2,CS24->US0,51485,51485,0
2,CS24->US8,0,0,0
2,CS24->US16,0,0,0
2,CS24->US24,0,0,0
2,CS24->US32,0,0,0
2,CS24->US40,11484,11484,0
2,CS24->US48,51497,51497,0
2,CS24->US56,0,0,0
2,CS24->US64,0,0,0
2,CS24->US72,0,0,0
2,CS24->US80,0,0,0
2,CS24->US88,0,0,0
2,CS24->US96,0,0,0
2,CS24->US104,0,0,0
2,CS24->US112,11410,11407,0
2,CS24->US120,0,0,0
2,CS25->US1,51604,51604,0
2,CS25->US9,0,0,0
2,CS25->US17,0,0,0
2,CS25->US25,0,0,0
2,CS25->US33,0,0,0
2,CS25->US41,11195,11195,0
2,CS25->US49,51536,51536,0
2,CS25->US57,0,0,0
2,CS25->US65,0,0,0
2,CS25->US73,0,0,0
2,CS25->US81,0,0,0
2,CS25->US89,0,0,0
2,CS25->US97,0,0,0
2,CS25->US105,0,0,0
2,CS25->US113,11290,11290,0
2,CS25->US121,0,0,0
2,CS26->US2,51241,51241,0
2,CS26->US10,0,0,0
2,CS26->US18,0,0,0
2,CS26->US26,0,0,0
2,CS26->US34,0,0,0
2,CS26->US42,11281,11281,0
2,CS26->US50,51596,51596,0
2,CS26->US58,0,0,0
2,CS26->US66,0,0,0
2,CS26->US74,0,0,0
2,CS26->US82,0,0,0
2,CS26->US90,0,0,0
2,CS26->US98,0,0,0
2,CS26->US106,0,0,0
2,CS26->US114,11446,11444,0
2,CS26->US122,0,0,0
2,CS27->US3,51111,51111,0
2,CS27->US11,0,0,0
2,CS27->US19,0,0,0
2,CS27->US27,0,0,0
2,CS27->US35,0,0,0
2,CS27->US43,11299,11297,0
2,CS27->US51,51405,51405,0
2,CS27->US59,0,0,0
2,CS27->US67,0,0,0
2,CS27->US75,0,0,0
2,CS27->US83,0,0,0
2,CS27->US91,0,0,0
2,CS27->US99,0,0,0
2,CS27->US107,0,0,0
2,CS27->US115,11172,11171,0
2,CS27->US123,0,0,0
2,CS28->US4,51133,51133,0
2,CS28->US12,0,0,0
2,CS28->US20,0,0,0
2,CS28->US28,0,0,0
2,CS28->US36,0,0,0
2,CS28->US44,11331,11330,0
2,CS28->US52,51510,51510,0
2,CS28->US60,0,0,0
2,CS28->US68,0,0,0
2,CS28->US76,0,0,0
2,CS28->US84,0,0,0
2,CS28->US92,0,0,0
2,CS28->US100,0,0,0
2,CS28->US108,0,0,0
2,CS28->US116,11430,11430,0
2,CS28->US124,0,0,0
2,CS29->US5,51222,51222,0
2,CS29->US13,0,0,0
2,CS29->US21,0,0,0
2,CS29->US29,0,0,0
2,CS29->US37,0,0,0
2,CS29->US45,11437,11436,0
2,CS29->US53,51265,51265,0
2,CS29->US61,0,0,0
2,CS29->US69,0,0,0
2,CS29->US77,0,0,0
2,CS29->US85,0,0,0
2,CS29->US93,0,0,0
2,CS29->US101,0,0,0
2,CS29->US109,0,0,0
2,CS29->US117,11327,11327,0
2,CS29->US125,0,0,0
2,CS30->US6,51498,51498,0
2,CS30->US14,0,0,0
2,CS30->US22,0,0,0
2,CS30->US30,0,0,0
2,CS30->US38,0,0,0
2,CS30->US46,11202,11202,0
2,CS30->US54,51501,51501,0
2,CS30->US62,0,0,0
2,CS30->US70,0,0,0
2,CS30->US78,0,0,0
2,CS30->US86,0,0,0
2,CS30->US94,0,0,0
2,CS30->US102,0,0,0
2,CS30->US110,0,0,0
2,CS30->US118,11259,11259,0
2,CS30->US126,0,0,0
2,CS31->US7,51228,51228,0
2,CS31->US15,0,0,0
2,CS31->US23,0,0,0
2,CS31->US31,0,0,0
2,CS31->US39,0,0,0
2,CS31->US47,11299,11299,0
2,CS31->US55,51427,51427,0
2,CS31->US63,0,0,0
2,CS31->US71,0,0,0
2,CS31->US79,0,0,0
2,CS31->US87,0,0,0
2,CS31->US95,0,0,0
2,CS31->US103,0,0,0
2,CS31->US111,0,0,0
2,CS31->US119,11305,11305,0
2,CS31->US127,0,0,0
2,CS32->US0,51100,51100,0
2,CS32->US8,0,0,0
2,CS32->US16,0,0,0
2,CS32->US24,0,0,0
2,CS32->US32,0,0,0
2,CS32->US40,11208,11207,0
2,CS32->US48,51765,51765,0
2,CS32->US56,0,0,0
2,CS32->US64,0,0,0
2,CS32->US72,0,0,0
2,CS32->US80,0,0,0
2,CS32->US88,0,0,0
2,CS32->US96,0,0,0
2,CS32->US104,0,0,0
2,CS32->US112,11259,11259,0
2,CS32->US120,0,0,0
2,CS33->US1,51658,51658,0
2,CS33->US9,0,0,0
2,CS33->US17,0,0,0
2,CS33->US25,0,0,0
2,CS33->US33,0,0,0
2,CS33->US41,11315,11315,0
2,CS33->US49,51697,51697,0
2,CS33->US57,0,0,0
2,CS33->US65,0,0,0
2,CS33->US73,0,0,0
2,CS33->US81,0,0,0
2,CS33->US89,0,0,0
2,CS33->US97,0,0,0
2,CS33->US105,0,0,0
2,CS33->US113,11573,11573,0
2,CS33->US121,0,0,0
2,CS34->US2,51068,51068,0
2,CS34->US10,0,0,0
2,CS34->US18,0,0,0
2,CS34->US26,0,0,0
2,CS34->US34,0,0,0
2,CS34->US42,11286,11286,0
2,CS34->US50,51229,51229,0
2,CS34->US58,0,0,0
2,CS34->US66,0,0,0
2,CS34->US74,0,0,0
2,CS34->US82,0,0,0
2,CS34->US90,0,0,0
2,CS34->US98,0,0,0
2,CS34->US106,0,0,0
2,CS34->US114,11384,11384,0
2,CS34->US122,0,0,0
2,CS35->US3,51584,51584,0
2,CS35->US11,0,0,0
2,CS35->US19,0,0,0
2,CS35->US27,0,0,0
2,CS35->US35,0,0,0
2,CS35->US43,11203,11201,0
2,CS35->US51,51329,51329,0
2,CS35->US59,0,0,0
2,CS35->US67,0,0,0
2,CS35->US75,0,0,0
2,CS35->US83,0,0,0
2,CS35->US91,0,0,0
2,CS35->US99,0,0,0
2,CS35->US107,0,0,0
2,CS35->US115,11421,11421,0
2,CS35->US123,0,0,0
2,CS36->US4,51465,51465,0
2,CS36->US12,0,0,0
2,CS36->US20,0,0,0
2,CS36->US28,0,0,0
2,CS36->US36,0,0,0
2,CS36->US44,11289,11289,0
2,CS36->US52,51197,51197,0
2,CS36->US60,0,0,0
2,CS36->US68,0,0,0
2,CS36->US76,0,0,0
2,CS36->US84,0,0,0
2,CS36->US92,0,0,0
2,CS36->US100,0,0,0
2,CS36->US108,0,0,0
2,CS36->US116,11169,11167,0
2,CS36->US124,0,0,0
2,CS37->US5,51345,51345,0
2,CS37->US13,0,0,0
2,CS37->US21,0,0,0
2,CS37->US29,0,0,0
2,CS37->US37,0,0,0
2,CS37->US45,11245,11245,0
2,CS37->US53,51234,51234,0
2,CS37->US61,0,0,0
2,CS37->US69,0,0,0
2,CS37->US77,0,0,0
2,CS37->US85,0,0,0
2,CS37->US93,0,0,0
2,CS37->US101,0,0,0
2,CS37->US109,0,0,0
2,CS37->US117,11191,11191,0
2,CS37->US125,0,0,0
2,CS38->US6,51182,51182,0
2,CS38->US14,0,0,0
2,CS38->US22,0,0,0
2,CS38->US30,0,0,0
2,CS38->US38,0,0,0
2,CS38->US46,11374,11374,0
2,CS38->US54,51433,51433,0
2,CS38->US62,0,0,0
2,CS38->US70,0,0,0
2,CS38->US78,0,0,0
2,CS38->US86,0,0,0
2,CS38->US94,0,0,0
2,CS38->US102,0,0,0
2,CS38->US110,0,0,0
2,CS38->US118,11268,11268,0
2,CS38->US126,0,0,0
2,CS39->US7,51688,51688,0
2,CS39->US15,0,0,0
2,CS39->US23,0,0,0
2,CS39->US31,0,0,0
2,CS39->US39,0,0,0
2,CS39->US47,11204,11204,0
2,CS39->US55,50986,50986,0
2,CS39->US63,0,0,0
2,CS39->US71,0,0,0
2,CS39->US79,0,0,0
2,CS39->US87,0,0,0
2,CS39->US95,0,0,0
2,CS39->US103,0,0,0
2,CS39->US111,0,0,0
2,CS39->US119,11284,11284,0
2,CS39->US127,0,0,0
2,CS40->US0,51463,51463,0
2,CS40->US8,0,0,0
2,CS40->US16,0,0,0
2,CS40->US24,0,0,0
2,CS40->US32,0,0,0
2,CS40->US40,11214,11214,0
2,CS40->US48,50991,50991,0
2,CS40->US56,0,0,0
2,CS40->US64,0,0,0
2,CS40->US72,0,0,0
2,CS40->US80,0,0,0
2,CS40->US88,0,0,0
2,CS40->US96,0,0,0
2,CS40->US104,0,0,0
2,CS40->US112,11510,11510,0
2,CS40->US120,0,0,0
2,CS41->US1,51113,51113,0
2,CS41->US9,0,0,0
2,CS41->US17,0,0,0
2,CS41->US25,0,0,0
2,CS41->US33,0,0,0
2,CS41->US41,11418,11418,0
2,CS41->US49,51584,51584,0
2,CS41->US57,0,0,0
2,CS41->US65,0,0,0
2,CS41->US73,0,0,0
2,CS41->US81,0,0,0
2,CS41->US89,0,0,0
2,CS41->US97,0,0,0
2,CS41->US105,0,0,0
2,CS41->US113,11354,11351,0
2,CS41->US121,0,0,0
2,CS42->US2,51262,51262,0
2,CS42->US10,0,0,0
2,CS42->US18,0,0,0
2,CS42->US26,0,0,0
2,CS42->US34,0,0,0
2,CS42->US42,11317,11317,0
2,CS42->US50,51577,51577,0
2,CS42->US58,0,0,0
2,CS42->US66,0,0,0
2,CS42->US74,0,0,0
2,CS42->US82,0,0,0
2,CS42->US90,0,0,0
2,CS42->US98,0,0,0
2,CS42->US106,0,0,0
2,CS42->US114,11296,11295,0
2,CS42->US122,0,0,0
2,CS43->US3,51167,51167,0
2,CS43->US11,0,0,0
2,CS43->US19,0,0,0
2,CS43->US27,0,0,0
2,CS43->US35,0,0,0
2,CS43->US43,11379,11379,0
2,CS43->US51,51490,51490,0
2,CS43->US59,0,0,0
2,CS43->US67,0,0,0
2,CS43->US75,0,0,0
2,CS43->US83,0,0,0
2,CS43->US91,0,0,0
2,CS43->US99,0,0,0
2,CS43->US107,0,0,0
2,CS43->US115,11176,11176,0
2,CS43->US123,0,0,0
2,CS44->US4,51330,51330,0
2,CS44->US12,0,0,0
2,CS44->US20,0,0,0
2,CS44->US28,0,0,0
2,CS44->US36,0,0,0
2,CS44->US44,11245,11245,0
2,CS44->US52,51347,51347,0
2,CS44->US60,0,0,0
2,CS44->US68,0,0,0
2,CS44->US76,0,0,0
2,CS44->US84,0,0,0
2,CS44->US92,0,0,0
2,CS44->US100,0,0,0
2,CS44->US108,0,0,0
2,CS44->US116,11105,11104,0
2,CS44->US124,0,0,0
2,CS45->US5,51227,51227,0
2,CS45->US13,0,0,0
2,CS45->US21,0,0,0
2,CS45->US29,0,0,0
2,CS45->US37,0,0,0
2,CS45->US45,11342,11342,0
2,CS45->US53,51226,51226,0
2,CS45->US61,0,0,0
2,CS45->US69,0,0,0
2,CS45->US77,0,0,0
2,CS45->US85,0,0,0
2,CS45->US93,0,0,0
2,CS45->US101,0,0,0
2,CS45->US109,0,0,0
2,CS45->US117,11130,11130,0
2,CS45->US125,0,0,0
2,CS46->US6,51348,51348,0
2,CS46->US14,0,0,0
2,CS46->US22,0,0,0
2,CS46->US30,0,0,0
2,CS46->US38,0,0,0
2,CS46->US46,11366,11366,0
2,CS46->US54,51408,51408,0
2,CS46->US62,0,0,0
2,CS46->US70,0,0,0
2,CS46->US78,0,0,0
2,CS46->US86,0,0,0
2,CS46->US94,0,0,0
2,CS46->US102,0,0,0
2,CS46->US110,0,0,0
2,CS46->US118,11232,11232,0
2,CS46->US126,0,0,0
2,CS47->US7,51212,51212,0
2,CS47->US15,0,0,0
2,CS47->US23,0,0,0
2,CS47->US31,0,0,0
2,CS47->US39,0,0,0
2,CS47->US47,11257,11256,0
2,CS47->US55,51088,51088,0
2,CS47->US63,0,0,0
2,CS47->US71,0,0,0
2,CS47->US79,0,0,0
2,CS47->US87,0,0,0
2,CS47->US95,0,0,0
2,CS47->US103,0,0,0
2,CS47->US111,0,0,0
2,CS47->US119,11220,11220,0
2,CS47->US127,0,0,0
2,CS48->US0,51504,51504,0
2,CS48->US8,0,0,0
2,CS48->US16,0,0,0
2,CS48->US24,0,0,0
2,CS48->US32,0,0,0
2,CS48->US40,11331,11331,0
2,CS48->US48,51576,51576,0
2,CS48->US56,0,0,0
2,CS48->US64,0,0,0
2,CS48->US72,0,0,0
2,CS48->US80,0,0,0
2,CS48->US88,0,0,0
2,CS48->US96,0,0,0
2,CS48->US104,0,0,0
2,CS48->US112,11300,11300,0
2,CS48->US120,0,0,0
2,CS49->US1,51203,51203,0
2,CS49->US9,0,0,0
2,CS49->US17,0,0,0
2,CS49->US25,0,0,0
2,CS49->US33,0,0,0
2,CS49->US41,11353,11353,0
2,CS49->US49,51093,51093,0
2,CS49->US57,0,0,0
2,CS49->US65,0,0,0
2,CS49->US73,0,0,0
2,CS49->US81,0,0,0
2,CS49->US89,0,0,0
2,CS49->US97,0,0,0
2,CS49->US105,0,0,0
2,CS49->US113,11323,11323,0
2,CS49->US121,0,0,0
2,CS50->US2,50989,50989,0
2,CS50->US10,0,0,0
2,CS50->US18,0,0,0
2,CS50->US26,0,0,0
2,CS50->US34,0,0,0
2,CS50->US42,11203,11202,0
2,CS50->US50,51389,51389,0
2,CS50->US58,0,0,0
2,CS50->US66,0,0,0
2,CS50->US74,0,0,0
2,CS50->US82,0,0,0
2,CS50->US90,0,0,0
2,CS50->US98,0,0,0
2,CS50->US106,0,0,0
2,CS50->US114,11422,11422,0
2,CS50->US122,0,0,0
2,CS51->US3,51186,51186,0
2,CS51->US11,0,0,0
2,CS51->US19,0,0,0
2,CS51->US27,0,0,0
2,CS51->US35,0,0,0
2,CS51->US43,11255,11255,0
2,CS51->US51,51616,51616,0
2,CS51->US59,0,0,0
2,CS51->US67,0,0,0
2,CS51->US75,0,0,0
2,CS51->US83,0,0,0
2,CS51->US91,0,0,0
2,CS51->US99,0,0,0
2,CS51->US107,0,0,0
2,CS51->US115,11251,11251,0
2,CS51->US123,0,0,0
2,CS52->US4,51347,51347,0
2,CS52->US12,0,0,0
2,CS52->US20,0,0,0
2,CS52->US28,0,0,0
2,CS52->US36,0,0,0
2,CS52->US44,11453,11452,0
2,CS52->US52,51358,51358,0
2,CS52->US60,0,0,0
2,CS52->US68,0,0,0
2,CS52->US76,0,0,0
2,CS52->US84,0,0,0
2,CS52->US92,0,0,0
2,CS52->US100,0,0,0
2,CS52->US108,0,0,0
2,CS52->US116,11316,11314,0
2,CS52->US124,0,0,0
2,CS53->US5,51396,51396,0
2,CS53->US13,0,0,0
2,CS53->US21,0,0,0
2,CS53->US29,0,0,0
2,CS53->US37,0,0,0
2,CS53->US45,11466,11466,0
2,CS53->US53,51381,51381,0
2,CS53->US61,0,0,0
2,CS53->US69,0,0,0
2,CS53->US77,0,0,0
2,CS53->US85,0,0,0
2,CS53->US93,0,0,0
2,CS53->US101,0,0,0
2,CS53->US109,0,0,0
2,CS53->US117,11288,11288,0
2,CS53->US125,0,0,0
2,CS54->US6,51019,51019,0
2,CS54->US14,0,0,0
2,CS54->US22,0,0,0
2,CS54->US30,0,0,0
2,CS54->US38,0,0,0
2,CS54->US46,11257,11257,0
2,CS54->US54,51209,51209,0
2,CS54->US62,0,0,0
2,CS54->US70,0,0,0
2,CS54->US78,0,0,0
2,CS54->US86,0,0,0
2,CS54->US94,0,0,0
2,CS54->US102,0,0,0
2,CS54->US110,0,0,0
2,CS54->US118,11378,11377,0
2,CS54->US126,0,0,0
2,CS55->US7,51346,51346,0
2,CS55->US15,0,0,0
2,CS55->US23,0,0,0
2,CS55->US31,0,0,0
2,CS55->US39,0,0,0
2,CS55->US47,11266,11266,0
2,CS55->US55,51399,51399,0
2,CS55->US63,0,0,0
2,CS55->US71,0,0,0
2,CS55->US79,0,0,0
2,CS55->US87,0,0,0
2,CS55->US95,0,0,0
2,CS55->US103,0,0,0
2,CS55->US111,0,0,0
2,CS55->US119,11324,11324,0
2,CS55->US127,0,0,0
2,CS56->US0,51494,51494,0
2,CS56->US8,0,0,0
2,CS56->US16,0,0,0
2,CS56->US24,0,0,0
2,CS56->US32,0,0,0
2,CS56->US40,11261,11260,0
2,CS56->US48,51525,51525,0
2,CS56->US56,0,0,0
2,CS56->US64,0,0,0
2,CS56->US72,0,0,0
2,CS56->US80,0,0,0
2,CS56->US88,0,0,0
2,CS56->US96,0,0,0
2,CS56->US104,0,0,0
2,CS56->US112,11197,11197,0
2,CS56->US120,0,0,0
2,CS57->US1,51481,51481,0
2,CS57->US9,0,0,0
2,CS57->US17,0,0,0
2,CS57->US25,0,0,0
2,CS57->US33,0,0,0
2,CS57->US41,11314,11314,0
2,CS57->US49,51312,51312,0
2,CS57->US57,0,0,0
2,CS57->US65,0,0,0
2,CS57->US73,0,0,0
2,CS57->US81,0,0,0
2,CS57->US89,0,0,0
2,CS57->US97,0,0,0
2,CS57->US105,0,0,0
2,CS57->US113,11434,11434,0
2,CS57->US121,0,0,0
2,CS58->US2,51742,51742,0
2,CS58->US10,0,0,0
2,CS58->US18,0,0,0
2,CS58->US26,0,0,0
2,CS58->US34,0,0,0
2,CS58->US42,11256,11256,0
2,CS58->US50,51348,51348,0
2,CS58->US58,0,0,0
2,CS58->US66,0,0,0
2,CS58->US74,0,0,0
2,CS58->US82,0,0,0
2,CS58->US90,0,0,0
2,CS58->US98,0,0,0
2,CS58->US106,0,0,0
2,CS58->US114,11493,11493,0
2,CS58->US122,0,0,0
2,CS59->US3,51278,51278,0
2,CS59->US11,0,0,0
2,CS59->US19,0,0,0
2,CS59->US27,0,0,0
2,CS59->US35,0,0,0
2,CS59->US43,11183,11181,0
2,CS59->US51,51011,51011,0
2,CS59->US59,0,0,0
2,CS59->US67,0,0,0
2,CS59->US75,0,0,0
2,CS59->US83,0,0,0
2,CS59->US91,0,0,0
2,CS59->US99,0,0,0
2,CS59->US107,0,0,0
2,CS59->US115,11263,11262,0
2,CS59->US123,0,0,0
2,CS60->US4,51463,51463,0
2,CS60->US12,0,0,0
2,CS60->US20,0,0,0
2,CS60->US28,0,0,0
2,CS60->US36,0,0,0
2,CS60->US44,11218,11218,0
2,CS60->US52,51386,51386,0
2,CS60->US60,0,0,0
2,CS60->US68,0,0,0
2,CS60->US76,0,0,0
2,CS60->US84,0,0,0
2,CS60->US92,0,0,0
2,CS60->US100,0,0,0
2,CS60->US108,0,0,0
2,CS60->US116,11436,11435,0
2,CS60->US124,0,0,0
2,CS61->US5,51540,51540,0
2,CS61->US13,0,0,0
2,CS61->US21,0,0,0
2,CS61->US29,0,0,0
2,CS61->US37,0,0,0
2,CS61->US45,11318,11318,0
2,CS61->US53,51217,51217,0
2,CS61->US61,0,0,0
2,CS61->US69,0,0,0
2,CS61->US77,0,0,0
2,CS61->US85,0,0,0
2,CS61->US93,0,0,0
2,CS61->US101,0,0,0
2,CS61->US109,0,0,0
2,CS61->US117,11244,11244,0
2,CS61->US125,0,0,0
2,CS62->US6,51328,51328,0
2,CS62->US14,0,0,0
2,CS62->US22,0,0,0
2,CS62->US30,0,0,0
2,CS62->US38,0,0,0
2,CS62->US46,11224,11223,0
2,CS62->US54,51315,51315,0
2,CS62->US62,0,0,0
2,CS62->US70,0,0,0
2,CS62->US78,0,0,0
2,CS62->US86,0,0,0
2,CS62->US94,0,0,0
2,CS62->US102,0,0,0
2,CS62->US110,0,0,0
2,CS62->US118,11468,11468,0
2,CS62->US126,0,0,0
2,CS63->US7,51476,51476,0
2,CS63->US15,0,0,0
2,CS63->US23,0,0,0
2,CS63->US31,0,0,0
2,CS63->US39,0,0,0
2,CS63->US47,11257,11256,0
2,CS63->US55,51580,51580,0
2,CS63->US63,0,0,0
2,CS63->US71,0,0,0
2,CS63->US79,0,0,0
2,CS63->US87,0,0,0
2,CS63->US95,0,0,0
2,CS63->US103,0,0,0
2,CS63->US111,0,0,0
2,CS63->US119,11353,11353,0
2,CS63->US127,0,0,0
3,US0->CS0,51422,51422,0
3,US0->CS8,51361,51361,0
3,US0->CS16,51607,51607,0
3,US0->CS24,51669,51669,0
3,US0->CS32,51930,51930,0
3,US0->CS40,51154,51154,0
3,US0->CS48,51722,51722,0
3,US0->CS56,51707,51707,0
3,US1->CS1,51216,51216,0
3,US1->CS9,51413,51413,0
3,US1->CS17,51450,51450,0
3,US1->CS25,51685,51685,0
3,US1->CS33,51825,51825,0
3,US1->CS41,51738,51738,0
3,US1->CS49,51275,51275,0
3,US1->CS57,51462,51462,0
3,US2->CS2,51412,51412,0
3,US2->CS10,51365,51365,0
3,US2->CS18,51425,51425,0
3,US2->CS26,51746,51746,0
3,US2->CS34,51389,51389,0
3,US2->CS42,51748,51748,0
3,US2->CS50,51581,51581,0
3,US2->CS58,51527,51527,0
3,US3->CS3,51776,51776,0
3,US3->CS11,51218,51218,0
3,US3->CS19,51761,51761,0
3,US3->CS27,51568,51568,0
3,US3->CS35,51455,51455,0
3,US3->CS43,51615,51615,0
3,US3->CS51,51773,51773,0
3,US3->CS59,51181,51181,0
3,US4->CS4,51434,51434,0
3,US4->CS12,51384,51384,0
3,US4->CS20,51307,51307,0
3,US4->CS28,51663,51663,0
3,US4->CS36,51384,51384,0
3,US4->CS44,51515,51515,0
3,US4->CS52,51550,51550,0
3,US4->CS60,51560,51560,0
3,US5->CS5,51412,51412,0
3,US5->CS13,51313,51313,0
3,US5->CS21,51382,51382,0
3,US5->CS29,51391,51391,0
3,US5->CS37,51406,51406,0
3,US5->CS45,51381,51381,0
3,US5->CS53,51537,51537,0
3,US5->CS61,51360,51360,0
3,US6->CS6,51372,51372,0
3,US6->CS14,51510,51510,0
3,US6->CS22,51861,51861,0
3,US6->CS30,51658,51658,0
3,US6->CS38,51579,51579,0
3,US6->CS46,51533,51533,0
3,US6->CS54,51348,51348,0
3,US6->CS62,51488,51488,0
3,US7->CS7,51250,51250,0
3,US7->CS15,51509,51509,0
3,US7->CS23,51200,51200,0
3,US7->CS31,51590,51590,0
3,US7->CS39,51168,51168,0
3,US7->CS47,51264,51264,0
3,US7->CS55,51550,51550,0
3,US7->CS63,51711,51711,0
3,US8->CS0,0,0,0
3,US8->CS8,0,0,0
3,US8->CS16,0,0,0
3,US8->CS24,0,0,0
3,US8->CS32,0,0,0
3,US8->CS40,0,0,0
3,US8->CS48,0,0,0
3,US8->CS56,0,0,0
3,US9->CS1,0,0,0
3,US9->CS9,0,0,0
3,US9->CS17,0,0,0
3,US9->CS25,0,0,0
3,US9->CS33,0,0,0
3,US9->CS41,0,0,0
3,US9->CS49,0,0,0
3,US9->CS57,0,0,0
3,US10->CS2,0,0,0
3,US10->CS10,0,0,0
3,US10->CS18,0,0,0
3,US10->CS26,0,0,0
3,US10->CS34,0,0,0
3,US10->CS42,0,0,0
3,US10->CS50,0,0,0
3,US10->CS58,0,0,0
3,US11->CS3,0,0,0
3,US11->CS11,0,0,0
3,US11->CS19,0,0,0
3,US11->CS27,0,0,0
3,US11->CS35,0,0,0
3,US11->CS43,0,0,0
3,US11->CS51,0,0,0
3,US11->CS59,0,0,0
3,US12->CS4,0,0,0
3,US12->CS12,0,0,0
3,US12->CS20,0,0,0
3,US12->CS28,0,0,0
3,US12->CS36,0,0,0
3,US12->CS44,0,0,0
3,US12->CS52,0,0,0
3,US12->CS60,0,0,0
3,US13->CS5,0,0,0
3,US13->CS13,0,0,0
3,US13->CS21,0,0,0
3,US13->CS29,0,0,0
3,US13->CS37,0,0,0
3,US13->CS45,0,0,0
3,US13->CS53,0,0,0
3,US13->CS61,0,0,0
3,US14->CS6,0,0,0
3,US14->CS14,0,0,0
3,US14->CS22,0,0,0
3,US14->CS30,0,0,0
3,US14->CS38,0,0,0
3,US14->CS46,0,0,0
3,US14->CS54,0,0,0
3,US14->CS62,0,0,0
3,US15->CS7,0,0,0
3,US15->CS15,0,0,0
3,US15->CS23,0,0,0
3,US15->CS31,0,0,0
3,US15->CS39,0,0,0
3,US15->CS47,0,0,0
3,US15->CS55,0,0,0
3,US15->CS63,0,0,0
3,US16->CS0,0,0,0
3,US16->CS8,0,0,0
3,US16->CS16,0,0,0
3,US16->CS24,0,0,0
3,US16->CS32,0,0,0
3,US16->CS40,0,0,0
3,US16->CS48,0,0,0
3,US16->CS56,0,0,0
3,US17->CS1,0,0,0
3,US17->CS9,0,0,0
3,US17->CS17,0,0,0
3,US17->CS25,0,0,0
3,US17->CS33,0,0,0
3,US17->CS41,0,0,0
3,US17->CS49,0,0,0
3,US17->CS57,0,0,0
3,US18->CS2,0,0,0
3,US18->CS10,0,0,0
3,US18->CS18,0,0,0
3,US18->CS26,0,0,0
3,US18->CS34,0,0,0
3,US18->CS42,0,0,0
3,US18->CS50,0,0,0
3,US18->CS58,0,0,0
3,US19->CS3,0,0,0
3,US19->CS11,0,0,0
3,US19->CS19,0,0,0
3,US19->CS27,0,0,0
3,US19->CS35,0,0,0
3,US19->CS43,0,0,0
3,US19->CS51,0,0,0
3,US19->CS59,0,0,0
3,US20->CS4,0,0,0
3,US20->CS12,0,0,0
3,US20->CS20,0,0,0
3,US20->CS28,0,0,0
3,US20->CS36,0,0,0
3,US20->CS44,0,0,0
3,US20->CS52,0,0,0
3,US20->CS60,0,0,0
3,US21->CS5,0,0,0
3,US21->CS13,0,0,0
3,US21->CS21,0,0,0
3,US21->CS29,0,0,0
3,US21->CS37,0,0,0
3,US21->CS45,0,0,0
3,US21->CS53,0,0,0
3,US21->CS61,0,0,0
3,US22->CS6,0,0,0
3,US22->CS14,0,0,0
3,US22->CS22,0,0,0
3,US22->CS30,0,0,0
3,US22->CS38,0,0,0
3,US22->CS46,0,0,0
3,US22->CS54,0,0,0
3,US22->CS62,0,0,0
3,US23->CS7,0,0,0
3,US23->CS15,0,0,0
3,US23->CS23,0,0,0
3,US23->CS31,0,0,0
3,US23->CS39,0,0,0
3,US23->CS47,0,0,0
3,US23->CS55,0,0,0
3,US23->CS63,0,0,0
3,US24->CS0,0,0,0
3,US24->CS8,0,0,0
3,US24->CS16,0,0,0
3,US24->CS24,0,0,0
3,US24->CS32,0,0,0
3,US24->CS40,0,0,0
3,US24->CS48,0,0,0
3,US24->CS56,0,0,0
3,US25->CS1,0,0,0
3,US25->CS9,0,0,0
3,US25->CS17,0,0,0
3,US25->CS25,0,0,0
3,US25->CS33,0,0,0
3,US25->CS41,0,0,0
3,US25->CS49,0,0,0
3,US25->CS57,0,0,0
3,US26->CS2,0,0,0
3,US26->CS10,0,0,0
3,US26->CS18,0,0,0
3,US26->CS26,0,0,0
3,US26->CS34,0,0,0
3,US26->CS42,0,0,0
3,US26->CS50,0,0,0
3,US26->CS58,0,0,0
3,US27->CS3,0,0,0
3,US27->CS11,0,0,0
3,US27->CS19,0,0,0
3,US27->CS27,0,0,0
3,US27->CS35,0,0,0
3,US27->CS43,0,0,0
3,US27->CS51,0,0,0
3,US27->CS59,0,0,0
3,US28->CS4,0,0,0
3,US28->CS12,0,0,0
3,US28->CS20,0,0,0
3,US28->CS28,0,0,0
3,US28->CS36,0,0,0
3,US28->CS44,0,0,0
3,US28->CS52,0,0,0
3,US28->CS60,0,0,0
3,US29->CS5,0,0,0
3,US29->CS13,0,0,0
3,US29->CS21,0,0,0
3,US29->CS29,0,0,0
3,US29->CS37,0,0,0
3,US29->CS45,0,0,0
3,US29->CS53,0,0,0
3,US29->CS61,0,0,0
3,US30->CS6,0,0,0
3,US30->CS14,0,0,0
3,US30->CS22,0,0,0
3,US30->CS30,0,0,0
3,US30->CS38,0,0,0
3,US30->CS46,0,0,0
3,US30->CS54,0,0,0
3,US30->CS62,0,0,0
3,US31->CS7,0,0,0
3,US31->CS15,0,0,0
3,US31->CS23,0,0,0
3,US31->CS31,0,0,0
3,US31->CS39,0,0,0
3,US31->CS47,0,0,0
3,US31->CS55,0,0,0
3,US31->CS63,0,0,0
3,US32->CS0,0,0,0
3,US32->CS8,0,0,0
3,US32->CS16,0,0,0
3,US32->CS24,0,0,0
3,US32->CS32,0,0,0
3,US32->CS40,0,0,0
3,US32->CS48,0,0,0
3,US32->CS56,0,0,0
3,US33->CS1,0,0,0
3,US33->CS9,0,0,0
3,US33->CS17,0,0,0
3,US33->CS25,0,0,0
3,US33->CS33,0,0,0
3,US33->CS41,0,0,0
3,US33->CS49,0,0,0
3,US33->CS57,0,0,0
3,US34->CS2,0,0,0
3,US34->CS10,0,0,0
3,US34->CS18,0,0,0
3,US34->CS26,0,0,0
3,US34->CS34,0,0,0
3,US34->CS42,0,0,0
3,US34->CS50,0,0,0
3,US34->CS58,0,0,0
3,US35->CS3,0,0,0
3,US35->CS11,0,0,0
3,US35->CS19,0,0,0
3,US35->CS27,0,0,0
3,US35->CS35,0,0,0
3,US35->CS43,0,0,0
3,US35->CS51,0,0,0
3,US35->CS59,0,0,0
3,US36->CS4,0,0,0
3,US36->CS12,0,0,0
3,US36->CS20,0,0,0
3,US36->CS28,0,0,0
3,US36->CS36,0,0,0
3,US36->CS44,0,0,0
3,US36->CS52,0,0,0
3,US36->CS60,0,0,0
3,US37->CS5,0,0,0
3,US37->CS13,0,0,0
3,US37->CS21,0,0,0
3,US37->CS29,0,0,0
3,US37->CS37,0,0,0
3,US37->CS45,0,0,0
3,US37->CS53,0,0,0
3,US37->CS61,0,0,0
3,US38->CS6,0,0,0
3,US38->CS14,0,0,0
3,US38->CS22,0,0,0
3,US38->CS30,0,0,0
3,US38->CS38,0,0,0
3,US38->CS46,0,0,0
3,US38->CS54,0,0,0
3,US38->CS62,0,0,0
3,US39->CS7,0,0,0
3,US39->CS15,0,0,0
3,US39->CS23,0,0,0
3,US39->CS31,0,0,0
3,US39->CS39,0,0,0
3,US39->CS47,0,0,0
3,US39->CS55,0,0,0
3,US39->CS63,0,0,0
3,US40->CS0,54700,54700,0
3,US40->CS8,55083,55083,0
3,US40->CS16,55201,55201,0
3,US40->CS24,54811,54811,0
3,US40->CS32,55106,55106,0
3,US40->CS40,55314,55314,0
3,US40->CS48,54948,54948,0
3,US40->CS56,55183,55183,0
3,US41->CS1,55273,55273,0
3,US41->CS9,55354,55354,0
3,US41->CS17,55095,55095,0
3,US41->CS25,55171,55171,0
3,US41->CS33,55497,55497,0
3,US41->CS41,54895,54895,0
3,US41->CS49,55242,55242,0
3,US41->CS57,55480,55480,0
3,US42->CS2,54788,54788,0
3,US42->CS10,54723,54723,0
3,US42->CS18,54425,54425,0
3,US42->CS26,55322,55322,0
3,US42->CS34,54992,54992,0
3,US42->CS42,54900,54900,0
3,US42->CS50,55344,55344,0
3,US42->CS58,55219,55219,0
3,US43->CS3,54895,54895,0
3,US43->CS11,54872,54872,0
3,US43->CS19,55160,55160,0
3,US43->CS27,54805,54805,0
3,US43->CS35,55510,55510,0
3,US43->CS43,54523,54523,0
3,US43->CS51,55104,55104,0
3,US43->CS59,55104,55104,0
3,US44->CS4,55045,55045,0
3,US44->CS12,54573,54573,0
3,US44->CS20,55098,55098,0
3,US44->CS28,54981,54981,0
3,US44->CS36,54672,54672,0
3,US44->CS44,54696,54696,0
3,US44->CS52,55017,55017,0
3,US44->CS60,55085,55085,0
3,US45->CS5,54763,54763,0
3,US45->CS13,54589,54589,0
3,US45->CS21,55019,55019,0
3,US45->CS29,55070,55070,0
3,US45->CS37,54639,54639,0
3,US45->CS45,55067,55067,0
3,US45->CS53,54573,54573,0
3,US45->CS61,54893,54893,0
3,US46->CS6,55401,55401,0
3,US46->CS14,55032,55032,0
3,US46->CS22,54918,54918,0
3,US46->CS30,54914,54914,0
3,US46->CS38,55285,55285,0
3,US46->CS46,55521,55521,0
3,US46->CS54,55271,55271,0
3,US46->CS62,55195,55195,0
3,US47->CS7,55391,55391,0
3,US47->CS15,54696,54696,0
3,US47->CS23,54938,54938,0
3,US47->CS31,54923,54923,0
3,US47->CS39,55015,55015,0
3,US47->CS47,55084,55084,0
3,US47->CS55,55340,55340,0
3,US47->CS63,55475,55475,0
3,US48->CS0,51933,51933,0
3,US48->CS8,51772,51772,0
3,US48->CS16,52257,52257,0
3,US48->CS24,51619,51619,0
3,US48->CS32,51244,51244,0
3,US48->CS40,51611,51611,0
3,US48->CS48,51631,51631,0
3,US48->CS56,51628,51628,0
3,US49->CS1,51583,51583,0
3,US49->CS9,51719,51719,0
3,US49->CS17,51695,51695,0
3,US49->CS25,51732,51732,0
3,US49->CS33,51784,51784,0
3,US49->CS41,51265,51265,0
3,US49->CS49,51330,51330,0
3,US49->CS57,51636,51636,0
3,US50->CS2,51574,51574,0
3,US50->CS10,51421,51421,0
3,US50->CS18,51619,51619,0
3,US50->CS26,51358,51358,0
3,US50->CS34,51164,51164,0
3,US50->CS42,51354,51354,0
3,US50->CS50,51096,51096,0
3,US50->CS58,51851,51851,0
3,US51->CS3,51064,51064,0
3,US51->CS11,51135,51135,0
3,US51->CS19,51484,51484,0
3,US51->CS27,51210,51210,0
3,US51->CS35,51683,51683,0
3,US51->CS43,51268,51268,0
3,US51->CS51,51299,51299,0
3,US51->CS59,51408,51408,0
3,US52->CS4,51674,51674,0
3,US52->CS12,51260,51260,0
3,US52->CS20,51542,51542,0
3,US52->CS28,51269,51269,0
3,US52->CS36,51592,51592,0
3,US52->CS44,51465,51465,0
3,US52->CS52,51504,51504,0
3,US52->CS60,51604,51604,0
3,US53->CS5,51240,51240,0
3,US53->CS13,51743,51743,0
3,US53->CS21,51839,51839,0
3,US53->CS29,51382,51382,0
3,US53->CS37,51449,51449,0
3,US53->CS45,51361,51361,0
3,US53->CS53,51534,51534,0
3,US53->CS61,51668,51668,0
3,US54->CS6,51641,51641,0
3,US54->CS14,51277,51277,0
3,US54->CS22,51203,51203,0
3,US54->CS30,51615,51615,0
3,US54->CS38,51371,51371,0
3,US54->CS46,51505,51505,0
3,US54->CS54,51148,51148,0
3,US54->CS62,51420,51420,0
3,US55->CS7,51356,51356,0
3,US55->CS15,51462,51462,0
3,US55->CS23,51479,51479,0
3,US55->CS31,51356,51356,0
3,US55->CS39,51813,51813,0
3,US55->CS47,51336,51336,0
3,US55->CS55,51474,51474,0
3,US55->CS63,51624,51624,0
3,US56->CS0,0,0,0
3,US56->CS8,0,0,0
3,US56->CS16,0,0,0
3,US56->CS24,0,0,0
3,US56->CS32,0,0,0
3,US56->CS40,0,0,0
3,US56->CS48,0,0,0
3,US56->CS56,0,0,0
3,US57->CS1,0,0,0
3,US57->CS9,0,0,0
3,US57->CS17,0,0,0
3,US57->CS25,0,0,0
3,US57->CS33,0,0,0
3,US57->CS41,0,0,0
3,US57->CS49,0,0,0
3,US57->CS57,0,0,0
3,US58->CS2,0,0,0
3,US58->CS10,0,0,0
3,US58->CS18,0,0,0
3,US58->CS26,0,0,0
3,US58->CS34,0,0,0
3,US58->CS42,0,0,0
3,US58->CS50,0,0,0
3,US58->CS58,0,0,0
3,US59->CS3,0,0,0
3,US59->CS11,0,0,0
3,US59->CS19,0,0,0
3,US59->CS27,0,0,0
3,US59->CS35,0,0,0
3,US59->CS43,0,0,0
3,US59->CS51,0,0,0
3,US59->CS59,0,0,0
3,US60->CS4,0,0,0
3,US60->CS12,0,0,0
3,US60->CS20,0,0,0
3,US60->CS28,0,0,0
3,US60->CS36,0,0,0
3,US60->CS44,0,0,0
3,US60->CS52,0,0,0
3,US60->CS60,0,0,0
3,US61->CS5,0,0,0
3,US61->CS13,0,0,0
3,US61->CS21,0,0,0
3,US61->CS29,0,0,0
3,US61->CS37,0,0,0
3,US61->CS45,0,0,0
3,US61->CS53,0,0,0
3,US61->CS61,0,0,0
3,US62->CS6,0,0,0
3,US62->CS14,0,0,0
3,US62->CS22,0,0,0
3,US62->CS30,0,0,0
3,US62->CS38,0,0,0
3,US62->CS46,0,0,0
3,US62->CS54,0,0,0
3,US62->CS62,0,0,0
3,US63->CS7,0,0,0
3,US63->CS15,0,0,0
3,US63->CS23,0,0,0
3,US63->CS31,0,0,0
3,US63->CS39,0,0,0
3,US63->CS47,0,0,0
3,US63->CS55,0,0,0
3,US63->CS63,0,0,0
3,US64->CS0,0,0,0
3,US64->CS8,0,0,0
3,US64->CS16,0,0,0
3,US64->CS24,0,0,0
3,US64->CS32,0,0,0
3,US64->CS40,0,0,0
3,US64->CS48,0,0,0
3,US64->CS56,0,0,0
3,US65->CS1,0,0,0
3,US65->CS9,0,0,0
3,US65->CS17,0,0,0
3,US65->CS25,0,0,0
3,US65->CS33,0,0,0
3,US65->CS41,0,0,0
3,US65->CS49,0,0,0
3,US65->CS57,0,0,0
3,US66->CS2,0,0,0
3,US66->CS10,0,0,0
3,US66->CS18,0,0,0
3,US66->CS26,0,0,0
3,US66->CS34,0,0,0
3,US66->CS42,0,0,0
3,US66->CS50,0,0,0
3,US66->CS58,0,0,0
3,US67->CS3,0,0,0
3,US67->CS11,0,0,0
3,US67->CS19,0,0,0
3,US67->CS27,0,0,0
3,US67->CS35,0,0,0
3,US67->CS43,0,0,0
3,US67->CS51,0,0,0
3,US67->CS59,0,0,0
3,US68->CS4,0,0,0
3,US68->CS12,0,0,0
3,US68->CS20,0,0,0
3,US68->CS28,0,0,0
3,US68->CS36,0,0,0
3,US68->CS44,0,0,0
3,US68->CS52,0,0,0
3,US68->CS60,0,0,0
3,US69->CS5,0,0,0
3,US69->CS13,0,0,0
3,US69->CS21,0,0,0
3,US69->CS29,0,0,0
3,US69->CS37,0,0,0
3,US69->CS45,0,0,0
3,US69->CS53,0,0,0
3,US69->CS61,0,0,0
3,US70->CS6,0,0,0
3,US70->CS14,0,0,0
3,US70->CS22,0,0,0
3,US70->CS30,0,0,0
3,US70->CS38,0,0,0
3,US70->CS46,0,0,0
3,US70->CS54,0,0,0
3,US70->CS62,0,0,0
3,US71->CS7,0,0,0
3,US71->CS15,0,0,0
3,US71->CS23,0,0,0
3,US71->CS31,0,0,0
3,US71->CS39,0,0,0
3,US71->CS47,0,0,0
3,US71->CS55,0,0,0
3,US71->CS63,0,0,0
3,US72->CS0,0,0,0
3,US72->CS8,0,0,0
3,US72->CS16,0,0,0
3,US72->CS24,0,0,0
3,US72->CS32,0,0,0
3,US72->CS40,0,0,0
3,US72->CS48,0,0,0
3,US72->CS56,0,0,0
3,US73->CS1,0,0,0
3,US73->CS9,0,0,0
3,US73->CS17,0,0,0
3,US73->CS25,0,0,0
3,US73->CS33,0,0,0
3,US73->CS41,0,0,0
3,US73->CS49,0,0,0
3,US73->CS57,0,0,0
3,US74->CS2,0,0,0
3,US74->CS10,0,0,0
3,US74->CS18,0,0,0
3,US74->CS26,0,0,0
3,US74->CS34,0,0,0
3,US74->CS42,0,0,0
3,US74->CS50,0,0,0
3,US74->CS58,0,0,0
3,US75->CS3,0,0,0
3,US75->CS11,0,0,0
3,US75->CS19,0,0,0
3,US75->CS27,0,0,0
3,US75->CS35,0,0,0
3,US75->CS43,0,0,0
3,US75->CS51,0,0,0
3,US75->CS59,0,0,0
3,US76->CS4,0,0,0
3,US76->CS12,0,0,0
3,US76->CS20,0,0,0
3,US76->CS28,0,0,0
3,US76->CS36,0,0,0
3,US76->CS44,0,0,0
3,US76->CS52,0,0,0
3,US76->CS60,0,0,0
3,US77->CS5,0,0,0
3,US77->CS13,0,0,0
3,US77->CS21,0,0,0
3,US77->CS29,0,0,0
3,US77->CS37,0,0,0
3,US77->CS45,0,0,0
3,US77->CS53,0,0,0
3,US77->CS61,0,0,0
3,US78->CS6,0,0,0
3,US78->CS14,0,0,0
3,US78->CS22,0,0,0
3,US78->CS30,0,0,0
3,US78->CS38,0,0,0
3,US78->CS46,0,0,0
3,US78->CS54,0,0,0
3,US78->CS62,0,0,0
3,US79->CS7,0,0,0
3,US79->CS15,0,0,0
3,US79->CS23,0,0,0
3,US79->CS31,0,0,0
3,US79->CS39,0,0,0
3,US79->CS47,0,0,0
3,US79->CS55,0,0,0
3,US79->CS63,0,0,0
3,US80->CS0,0,0,0
3,US80->CS8,0,0,0
3,US80->CS16,0,0,0
3,US80->CS24,0,0,0
3,US80->CS32,0,0,0
3,US80->CS40,0,0,0
3,US80->CS48,0,0,0
3,US80->CS56,0,0,0
3,US81->CS1,0,0,0
3,US81->CS9,0,0,0
3,US81->CS17,0,0,0
3,US81->CS25,0,0,0
3,US81->CS33,0,0,0
3,US81->CS41,0,0,0
3,US81->CS49,0,0,0
3,US81->CS57,0,0,0
3,US82->CS2,0,0,0
3,US82->CS10,0,0,0
3,US82->CS18,0,0,0
3,US82->CS26,0,0,0
3,US82->CS34,0,0,0
3,US82->CS42,0,0,0
3,US82->CS50,0,0,0
3,US82->CS58,0,0,0
3,US83->CS3,0,0,0
3,US83->CS11,0,0,0
3,US83->CS19,0,0,0
3,US83->CS27,0,0,0
3,US83->CS35,0,0,0
3,US83->CS43,0,0,0
3,US83->CS51,0,0,0
3,US83->CS59,0,0,0
3,US84->CS4,0,0,0
3,US84->CS12,0,0,0
3,US84->CS20,0,0,0
3,US84->CS28,0,0,0
3,US84->CS36,0,0,0
3,US84->CS44,0,0,0
3,US84->CS52,0,0,0
3,US84->CS60,0,0,0
3,US85->CS5,0,0,0
3,US85->CS13,0,0,0
3,US85->CS21,0,0,0
3,US85->CS29,0,0,0
3,US85->CS37,0,0,0
3,US85->CS45,0,0,0
3,US85->CS53,0,0,0
3,US85->CS61,0,0,0
3,US86->CS6,0,0,0
3,US86->CS14,0,0,0
3,US86->CS22,0,0,0
3,US86->CS30,0,0,0
3,US86->CS38,0,0,0
3,US86->CS46,0,0,0
3,US86->CS54,0,0,0
3,US86->CS62,0,0,0
3,US87->CS7,0,0,0
3,US87->CS15,0,0,0
3,US87->CS23,0,0,0
3,US87->CS31,0,0,0
3,US87->CS39,0,0,0
3,US87->CS47,0,0,0
3,US87->CS55,0,0,0
3,US87->CS63,0,0,0
3,US88->CS0,0,0,0
3,US88->CS8,0,0,0
3,US88->CS16,0,0,0
3,US88->CS24,0,0,0
3,US88->CS32,0,0,0
3,US88->CS40,0,0,0
3,US88->CS48,0,0,0
3,US88->CS56,0,0,0
3,US89->CS1,0,0,0
3,US89->CS9,0,0,0
3,US89->CS17,0,0,0
3,US89->CS25,0,0,0
3,US89->CS33,0,0,0
3,US89->CS41,0,0,0
3,US89->CS49,0,0,0
3,US89->CS57,0,0,0
3,US90->CS2,0,0,0
3,US90->CS10,0,0,0
3,US90->CS18,0,0,0
3,US90->CS26,0,0,0
3,US90->CS34,0,0,0
3,US90->CS42,0,0,0
3,US90->CS50,0,0,0
3,US90->CS58,0,0,0
3,US91->CS3,0,0,0
3,US91->CS11,0,0,0
3,US91->CS19,0,0,0
3,US91->CS27,0,0,0
3,US91->CS35,0,0,0
3,US91->CS43,0,0,0
3,US91->CS51,0,0,0
3,US91->CS59,0,0,0
3,US92->CS4,0,0,0
3,US92->CS12,0,0,0
3,US92->CS20,0,0,0
3,US92->CS28,0,0,0
3,US92->CS36,0,0,0
3,US92->CS44,0,0,0
3,US92->CS52,0,0,0
3,US92->CS60,0,0,0
3,US93->CS5,0,0,0
3,US93->CS13,0,0,0
3,US93->CS21,0,0,0
3,US93->CS29,0,0,0
3,US93->CS37,0,0,0
3,US93->CS45,0,0,0
3,US93->CS53,0,0,0
3,US93->CS61,0,0,0
3,US94->CS6,0,0,0
3,US94->CS14,0,0,0
3,US94->CS22,0,0,0
3,US94->CS30,0,0,0
3,US94->CS38,0,0,0
3,US94->CS46,0,0,0
3,US94->CS54,0,0,0
3,US94->CS62,0,0,0
3,US95->CS7,0,0,0
3,US95->CS15,0,0,0
3,US95->CS23,0,0,0
3,US95->CS31,0,0,0
3,US95->CS39,0,0,0
3,US95->CS47,0,0,0
3,US95->CS55,0,0,0
3,US95->CS63,0,0,0
3,US96->CS0,0,0,0
3,US96->CS8,0,0,0
3,US96->CS16,0,0,0
3,US96->CS24,0,0,0
3,US96->CS32,0,0,0
3,US96->CS40,0,0,0
3,US96->CS48,0,0,0
3,US96->CS56,0,0,0
3,US97->CS1,0,0,0
3,US97->CS9,0,0,0
3,US97->CS17,0,0,0
3,US97->CS25,0,0,0
3,US97->CS33,0,0,0
3,US97->CS41,0,0,0
3,US97->CS49,0,0,0
3,US97->CS57,0,0,0
3,US98->CS2,0,0,0
3,US98->CS10,0,0,0
3,US98->CS18,0,0,0
3,US98->CS26,0,0,0
3,US98->CS34,0,0,0
3,US98->CS42,0,0,0
3,US98->CS50,0,0,0
3,US98->CS58,0,0,0
3,US99->CS3,0,0,0
3,US99->CS11,0,0,0
3,US99->CS19,0,0,0
3,US99->CS27,0,0,0
3,US99->CS35,0,0,0
3,US99->CS43,0,0,0
3,US99->CS51,0,0,0
3,US99->CS59,0,0,0
3,US100->CS4,0,0,0
3,US100->CS12,0,0,0
3,US100->CS20,0,0,0
3,US100->CS28,0,0,0
3,US100->CS36,0,0,0
3,US100->CS44,0,0,0
3,US100->CS52,0,0,0
3,US100->CS60,0,0,0
3,US101->CS5,0,0,0
3,US101->CS13,0,0,0
3,US101->CS21,0,0,0
3,US101->CS29,0,0,0
3,US101->CS37,0,0,0
3,US101->CS45,0,0,0
3,US101->CS53,0,0,0
3,US101->CS61,0,0,0
3,US102->CS6,0,0,0
3,US102->CS14,0,0,0
3,US102->CS22,0,0,0
3,US102->CS30,0,0,0
3,US102->CS38,0,0,0
3,US102->CS46,0,0,0
3,US102->CS54,0,0,0
3,US102->CS62,0,0,0
3,US103->CS7,0,0,0
3,US103->CS15,0,0,0
3,US103->CS23,0,0,0
3,US103->CS31,0,0,0
3,US103->CS39,0,0,0
3,US103->CS47,0,0,0
3,US103->CS55,0,0,0
3,US103->CS63,0,0,0
3,US104->CS0,0,0,0
3,US104->CS8,0,0,0
3,US104->CS16,0,0,0
3,US104->CS24,0,0,0
3,US104->CS32,0,0,0
3,US104->CS40,0,0,0
3,US104->CS48,0,0,0
3,US104->CS56,0,0,0
3,US105->CS1,0,0,0
3,US105->CS9,0,0,0
3,US105->CS17,0,0,0
3,US105->CS25,0,0,0
3,US105->CS33,0,0,0
3,US105->CS41,0,0,0
3,US105->CS49,0,0,0
3,US105->CS57,0,0,0
3,US106->CS2,0,0,0
3,US106->CS10,0,0,0
3,US106->CS18,0,0,0
3,US106->CS26,0,0,0
3,US106->CS34,0,0,0
3,US106->CS42,0,0,0
3,US106->CS50,0,0,0
3,US106->CS58,0,0,0
3,US107->CS3,0,0,0
3,US107->CS11,0,0,0
3,US107->CS19,0,0,0
3,US107->CS27,0,0,0
3,US107->CS35,0,0,0
3,US107->CS43,0,0,0
3,US107->CS51,0,0,0
3,US107->CS59,0,0,0
3,US108->CS4,0,0,0
3,US108->CS12,0,0,0
3,US108->CS20,0,0,0
3,US108->CS28,0,0,0
3,US108->CS36,0,0,0
3,US108->CS44,0,0,0
3,US108->CS52,0,0,0
3,US108->CS60,0,0,0
3,US109->CS5,0,0,0
3,US109->CS13,0,0,0
3,US109->CS21,0,0,0
3,US109->CS29,0,0,0
3,US109->CS37,0,0,0
3,US109->CS45,0,0,0
3,US109->CS53,0,0,0
3,US109->CS61,0,0,0
3,US110->CS6,0,0,0
3,US110->CS14,0,0,0
3,US110->CS22,0,0,0
3,US110->CS30,0,0,0
3,US110->CS38,0,0,0
3,US110->CS46,0,0,0
3,US110->CS54,0,0,0
3,US110->CS62,0,0,0
3,US111->CS7,0,0,0
3,US111->CS15,0,0,0
3,US111->CS23,0,0,0
3,US111->CS31,0,0,0
3,US111->CS39,0,0,0
3,US111->CS47,0,0,0
3,US111->CS55,0,0,0
3,US111->CS63,0,0,0
3,US112->CS0,51382,51382,0
3,US112->CS8,51375,51375,0
3,US112->CS16,51669,51669,0
3,US112->CS24,51613,51613,0
3,US112->CS32,51236,51236,0
3,US112->CS40,51118,51118,0
3,US112->CS48,51580,51580,0
3,US112->CS56,51030,51030,0
3,US113->CS1,51300,51300,0
3,US113->CS9,51133,51133,0
3,US113->CS17,50998,50998,0
3,US113->CS25,51144,51144,0
3,US113->CS33,51486,51486,0
3,US113->CS41,51300,51300,0
3,US113->CS49,51356,51356,0
3,US113->CS57,51556,51556,0
3,US114->CS2,51274,51274,0
3,US114->CS10,51504,51504,0
3,US114->CS18,51320,51320,0
3,US114->CS26,51236,51236,0
3,US114->CS34,51395,51395,0
3,US114->CS42,51130,51130,0
3,US114->CS50,51408,51408,0
3,US114->CS58,51139,51139,0
3,US115->CS3,51247,51247,0
3,US115->CS11,51176,51176,0
3,US115->CS19,51228,51228,0
3,US115->CS27,51335,51335,0
3,US115->CS35,51179,51179,0
3,US115->CS43,51302,51302,0
3,US115->CS51,51410,51410,0
3,US115->CS59,51808,51808,0
3,US116->CS4,51261,51261,0
3,US116->CS12,51341,51341,0
3,US116->CS20,51290,51290,0
3,US116->CS28,51466,51466,0
3,US116->CS36,51288,51288,0
3,US116->CS44,51293,51293,0
3,US116->CS52,51842,51842,0
3,US116->CS60,50803,50803,0
3,US117->CS5,51206,51206,0
3,US117->CS13,51324,51324,0
3,US117->CS21,51203,51203,0
3,US117->CS29,51433,51433,0
3,US117->CS37,51391,51391,0
3,US117->CS45,51364,51364,0
3,US117->CS53,51611,51611,0
3,US117->CS61,51505,51505,0
3,US118->CS6,50884,50884,0
3,US118->CS14,51146,51146,0
3,US118->CS22,51227,51227,0
3,US118->CS30,51337,51337,0
3,US118->CS38,51195,51195,0
3,US118->CS46,51562,51562,0
3,US118->CS54,51297,51297,0
3,US118->CS62,51120,51120,0
3,US119->CS7,51255,51255,0
3,US119->CS15,51661,51661,0
3,US119->CS23,51575,51575,0
3,US119->CS31,51466,51466,0
3,US119->CS39,51199,51199,0
3,US119->CS47,51333,51333,0
3,US119->CS55,51158,51158,0
3,US119->CS63,51440,51440,0
3,US120->CS0,0,0,0
3,US120->CS8,0,0,0
3,US120->CS16,0,0,0
3,US120->CS24,0,0,0
3,US120->CS32,0,0,0
3,US120->CS40,0,0,0
3,US120->CS48,0,0,0
3,US120->CS56,0,0,0
3,US121->CS1,0,0,0
3,US121->CS9,0,0,0
3,US121->CS17,0,0,0
3,US121->CS25,0,0,0
3,US121->CS33,0,0,0
3,US121->CS41,0,0,0
3,US121->CS49,0,0,0
3,US121->CS57,0,0,0
3,US122->CS2,0,0,0
3,US122->CS10,0,0,0
3,US122->CS18,0,0,0
3,US122->CS26,0,0,0
3,US122->CS34,0,0,0
3,US122->CS42,0,0,0
3,US122->CS50,0,0,0
3,US122->CS58,0,0,0
3,US123->CS3,0,0,0
3,US123->CS11,0,0,0
3,US123->CS19,0,0,0
3,US123->CS27,0,0,0
3,US123->CS35,0,0,0
3,US123->CS43,0,0,0
3,US123->CS51,0,0,0
3,US123->CS59,0,0,0
3,US124->CS4,0,0,0
3,US124->CS12,0,0,0
3,US124->CS20,0,0,0
3,US124->CS28,0,0,0
3,US124->CS36,0,0,0
3,US124->CS44,0,0,0
3,US124->CS52,0,0,0
3,US124->CS60,0,0,0
3,US125->CS5,0,0,0
3,US125->CS13,0,0,0
3,US125->CS21,0,0,0
3,US125->CS29,0,0,0
3,US125->CS37,0,0,0
3,US125->CS45,0,0,0
3,US125->CS53,0,0,0
3,US125->CS61,0,0,0
3,US126->CS6,0,0,0
3,US126->CS14,0,0,0
3,US126->CS22,0,0,0
3,US126->CS30,0,0,0
3,US126->CS38,0,0,0
3,US126->CS46,0,0,0
3,US126->CS54,0,0,0
3,US126->CS62,0,0,0
3,US127->CS7,0,0,0
3,US127->CS15,0,0,0
3,US127->CS23,0,0,0
3,US127->CS31,0,0,0
3,US127->CS39,0,0,0
3,US127->CS47,0,0,0
3,US127->CS55,0,0,0
3,US127->CS63,0,0,0
3,CS0->US0,51851,51851,0
3,CS0->US8,0,0,0
3,CS0->US16,0,0,0
3,CS0->US24,0,0,0
3,CS0->US32,0,0,0
3,CS0->US40,51464,51464,0
3,CS0->US48,51329,51329,0
3,CS0->US56,0,0,0
3,CS0->US64,0,0,0
3,CS0->US72,0,0,0
3,CS0->US80,0,0,0
3,CS0->US88,0,0,0
3,CS0->US96,0,0,0
3,CS0->US104,0,0,0
3,CS0->US112,54793,54793,0
3,CS0->US120,0,0,0
3,CS1->US1,51463,51463,0
3,CS1->US9,0,0,0
3,CS1->US17,0,0,0
3,CS1->US25,0,0,0
3,CS1->US33,0,0,0
3,CS1->US41,51420,51420,0
3,CS1->US49,51115,51115,0
3,CS1->US57,0,0,0
3,CS1->US65,0,0,0
3,CS1->US73,0,0,0
3,CS1->US81,0,0,0
3,CS1->US89,0,0,0
3,CS1->US97,0,0,0
3,CS1->US105,0,0,0
3,CS1->US113,55374,55374,0
3,CS1->US121,0,0,0
3,CS2->US2,51473,51473,0
3,CS2->US10,0,0,0
3,CS2->US18,0,0,0
3,CS2->US26,0,0,0
3,CS2->US34,0,0,0
3,CS2->US42,51375,51375,0
3,CS2->US50,51296,51296,0
3,CS2->US58,0,0,0
3,CS2->US66,0,0,0
3,CS2->US74,0,0,0
3,CS2->US82,0,0,0
3,CS2->US90,0,0,0
3,CS2->US98,0,0,0
3,CS2->US106,0,0,0
3,CS2->US114,54904,54904,0
3,CS2->US122,0,0,0
3,CS3->US3,51004,51004,0
3,CS3->US11,0,0,0
3,CS3->US19,0,0,0
3,CS3->US27,0,0,0
3,CS3->US35,0,0,0
3,CS3->US43,51307,51307,0
3,CS3->US51,51672,51672,0
3,CS3->US59,0,0,0
3,CS3->US67,0,0,0
3,CS3->US75,0,0,0
3,CS3->US83,0,0,0
3,CS3->US91,0,0,0
3,CS3->US99,0,0,0
3,CS3->US107,0,0,0
3,CS3->US115,54999,54999,0
3,CS3->US123,0,0,0
3,CS4->US4,51608,51608,0
3,CS4->US12,0,0,0
3,CS4->US20,0,0,0
3,CS4->US28,0,0,0
3,CS4->US36,0,0,0
3,CS4->US44,51327,51327,0
3,CS4->US52,51313,51313,0
3,CS4->US60,0,0,0
3,CS4->US68,0,0,0
3,CS4->US76,0,0,0
3,CS4->US84,0,0,0
3,CS4->US92,0,0,0
3,CS4->US100,0,0,0
3,CS4->US108,0,0,0
3,CS4->US116,55166,55166,0
3,CS4->US124,0,0,0
3,CS5->US5,51153,51153,0
3,CS5->US13,0,0,0
3,CS5->US21,0,0,0
3,CS5->US29,0,0,0
3,CS5->US37,0,0,0
3,CS5->US45,51293,51293,0
3,CS5->US53,51278,51278,0
3,CS5->US61,0,0,0
3,CS5->US69,0,0,0
3,CS5->US77,0,0,0
3,CS5->US85,0,0,0
3,CS5->US93,0,0,0
3,CS5->US101,0,0,0
3,CS5->US109,0,0,0
3,CS5->US117,54897,54897,0
3,CS5->US125,0,0,0
3,CS6->US6,51557,51557,0
3,CS6->US14,0,0,0
3,CS6->US22,0,0,0
3,CS6->US30,0,0,0
3,CS6->US38,0,0,0
3,CS6->US46,50968,50968,0
3,CS6->US54,51286,51286,0
3,CS6->US62,0,0,0
3,CS6->US70,0,0,0
3,CS6->US78,0,0,0
3,CS6->US86,0,0,0
3,CS6->US94,0,0,0
3,CS6->US102,0,0,0
3,CS6->US110,0,0,0
3,CS6->US118,55487,55487,0
3,CS6->US126,0,0,0
3,CS7->US7,51232,51232,0
3,CS7->US15,0,0,0
3,CS7->US23,0,0,0
3,CS7->US31,0,0,0
3,CS7->US39,0,0,0
3,CS7->US47,51379,51379,0
3,CS7->US55,51161,51161,0
3,CS7->US63,0,0,0
3,CS7->US71,0,0,0
3,CS7->US79,0,0,0
3,CS7->US87,0,0,0
3,CS7->US95,0,0,0
3,CS7->US103,0,0,0
3,CS7->US111,0,0,0
3,CS7->US119,55480,55480,0
3,CS7->US127,0,0,0
3,CS8->US0,51679,51679,0
3,CS8->US8,0,0,0
3,CS8->US16,0,0,0
3,CS8->US24,0,0,0
3,CS8->US32,0,0,0
3,CS8->US40,51468,51468,0
3,CS8->US48,51225,51225,0
3,CS8->US56,0,0,0
3,CS8->US64,0,0,0
3,CS8->US72,0,0,0
3,CS8->US80,0,0,0
3,CS8->US88,0,0,0
3,CS8->US96,0,0,0
3,CS8->US104,0,0,0
3,CS8->US112,55219,55219,0
3,CS8->US120,0,0,0
3,CS9->US1,51617,51617,0
3,CS9->US9,0,0,0
3,CS9->US17,0,0,0
3,CS9->US25,0,0,0
3,CS9->US33,0,0,0
3,CS9->US41,51235,51235,0
3,CS9->US49,51315,51315,0
3,CS9->US57,0,0,0
3,CS9->US65,0,0,0
3,CS9->US73,0,0,0
3,CS9->US81,0,0,0
3,CS9->US89,0,0,0
3,CS9->US97,0,0,0
3,CS9->US105,0,0,0
3,CS9->US113,55452,55452,0
3,CS9->US121,0,0,0
3,CS10->US2,51342,51342,0
3,CS10->US10,0,0,0
3,CS10->US18,0,0,0
3,CS10->US26,0,0,0
3,CS10->US34,0,0,0
3,CS10->US42,51583,51583,0
3,CS10->US50,51263,51263,0
3,CS10->US58,0,0,0
3,CS10->US66,0,0,0
3,CS10->US74,0,0,0
3,CS10->US82,0,0,0
3,CS10->US90,0,0,0
3,CS10->US98,0,0,0
3,CS10->US106,0,0,0
3,CS10->US114,54825,54825,0
3,CS10->US122,0,0,0
3,CS11->US3,51044,51044,0
3,CS11->US11,0,0,0
3,CS11->US19,0,0,0
3,CS11->US27,0,0,0
3,CS11->US35,0,0,0
3,CS11->US43,51267,51267,0
3,CS11->US51,51103,51103,0
3,CS11->US59,0,0,0
3,CS11->US67,0,0,0
3,CS11->US75,0,0,0
3,CS11->US83,0,0,0
3,CS11->US91,0,0,0
3,CS11->US99,0,0,0
3,CS11->US107,0,0,0
3,CS11->US115,54987,54987,0
3,CS11->US123,0,0,0
3,CS12->US4,51181,51181,0
3,CS12->US12,0,0,0
3,CS12->US20,0,0,0
3,CS12->US28,0,0,0
3,CS12->US36,0,0,0
3,CS12->US44,51420,51420,0
3,CS12->US52,51296,51296,0
3,CS12->US60,0,0,0
3,CS12->US68,0,0,0
3,CS12->US76,0,0,0
3,CS12->US84,0,0,0
3,CS12->US92,0,0,0
3,CS12->US100,0,0,0
3,CS12->US108,0,0,0
3,CS12->US116,54661,54661,0
3,CS12->US124,0,0,0
3,CS13->US5,51648,51648,0
3,CS13->US13,0,0,0
3,CS13->US21,0,0,0
3,CS13->US29,0,0,0
3,CS13->US37,0,0,0
3,CS13->US45,51419,51419,0
3,CS13->US53,51210,51210,0
3,CS13->US61,0,0,0
3,CS13->US69,0,0,0
3,CS13->US77,0,0,0
3,CS13->US85,0,0,0
3,CS13->US93,0,0,0
3,CS13->US101,0,0,0
3,CS13->US109,0,0,0
3,CS13->US117,54692,54692,0
3,CS13->US125,0,0,0
3,CS14->US6,51177,51177,0
3,CS14->US14,0,0,0
3,CS14->US22,0,0,0
3,CS14->US30,0,0,0
3,CS14->US38,0,0,0
3,CS14->US46,51246,51246,0
3,CS14->US54,51441,51441,0
3,CS14->US62,0,0,0
3,CS14->US70,0,0,0
3,CS14->US78,0,0,0
3,CS14->US86,0,0,0
3,CS14->US94,0,0,0
3,CS14->US102,0,0,0
3,CS14->US110,0,0,0
3,CS14->US118,55101,55101,0
3,CS14->US126,0,0,0
3,CS15->US7,51410,51410,0
3,CS15->US15,0,0,0
3,CS15->US23,0,0,0
3,CS15->US31,0,0,0
3,CS15->US39,0,0,0
3,CS15->US47,51713,51713,0
3,CS15->US55,51402,51402,0
3,CS15->US63,0,0,0
3,CS15->US71,0,0,0
3,CS15->US79,0,0,0
3,CS15->US87,0,0,0
3,CS15->US95,0,0,0
3,CS15->US103,0,0,0
3,CS15->US111,0,0,0
3,CS15->US119,54803,54803,0
3,CS15->US127,0,0,0
3,CS16->US0,52139,52139,0
3,CS16->US8,0,0,0
3,CS16->US16,0,0,0
3,CS16->US24,0,0,0
3,CS16->US32,0,0,0
3,CS16->US40,51787,51787,0
3,CS16->US48,51519,51519,0
3,CS16->US56,0,0,0
3,CS16->US64,0,0,0
3,CS16->US72,0,0,0
3,CS16->US80,0,0,0
3,CS16->US88,0,0,0
3,CS16->US96,0,0,0
3,CS16->US104,0,0,0
3,CS16->US112,55289,55289,0
3,CS16->US120,0,0,0
3,CS17->US1,51620,51620,0
3,CS17->US9,0,0,0
3,CS17->US17,0,0,0
3,CS17->US25,0,0,0
3,CS17->US33,0,0,0
3,CS17->US41,51073,51073,0
3,CS17->US49,51343,51343,0
3,CS17->US57,0,0,0
3,CS17->US65,0,0,0
3,CS17->US73,0,0,0
3,CS17->US81,0,0,0
3,CS17->US89,0,0,0
3,CS17->US97,0,0,0
3,CS17->US105,0,0,0
3,CS17->US113,55202,55202,0
3,CS17->US121,0,0,0
3,CS18->US2,51501,51501,0
3,CS18->US10,0,0,0
3,CS18->US18,0,0,0
3,CS18->US26,0,0,0
3,CS18->US34,0,0,0
3,CS18->US42,51438,51438,0
3,CS18->US50,51327,51327,0
3,CS18->US58,0,0,0
3,CS18->US66,0,0,0
3,CS18->US74,0,0,0
3,CS18->US82,0,0,0
3,CS18->US90,0,0,0
3,CS18->US98,0,0,0
3,CS18->US106,0,0,0
3,CS18->US114,54523,54523,0
3,CS18->US122,0,0,0
3,CS19->US3,51426,51426,0
3,CS19->US11,0,0,0
3,CS19->US19,0,0,0
3,CS19->US27,0,0,0
3,CS19->US35,0,0,0
3,CS19->US43,51286,51286,0
3,CS19->US51,51677,51677,0
3,CS19->US59,0,0,0
3,CS19->US67,0,0,0
3,CS19->US75,0,0,0
3,CS19->US83,0,0,0
3,CS19->US91,0,0,0
3,CS19->US99,0,0,0
3,CS19->US107,0,0,0
3,CS19->US115,55244,55244,0
3,CS19->US123,0,0,0
3,CS20->US4,51475,51475,0
3,CS20->US12,0,0,0
3,CS20->US20,0,0,0
3,CS20->US28,0,0,0
3,CS20->US36,0,0,0
3,CS20->US44,51357,51357,0
3,CS20->US52,51244,51244,0
3,CS20->US60,0,0,0
3,CS20->US68,0,0,0
3,CS20->US76,0,0,0
3,CS20->US84,0,0,0
3,CS20->US92,0,0,0
3,CS20->US100,0,0,0
3,CS20->US108,0,0,0
3,CS20->US116,55161,55161,0
3,CS20->US124,0,0,0
3,CS21->US5,51746,51746,0
3,CS21->US13,0,0,0
3,CS21->US21,0,0,0
3,CS21->US29,0,0,0
3,CS21->US37,0,0,0
3,CS21->US45,51296,51296,0
3,CS21->US53,51285,51285,0
3,CS21->US61,0,0,0
3,CS21->US69,0,0,0
3,CS21->US77,0,0,0
3,CS21->US85,0,0,0
3,CS21->US93,0,0,0
3,CS21->US101,0,0,0
3,CS21->US109,0,0,0
3,CS21->US117,55116,55116,0
3,CS21->US125,0,0,0
3,CS22->US6,51100,51100,0
3,CS22->US14,0,0,0
3,CS22->US22,0,0,0
3,CS22->US30,0,0,0
3,CS22->US38,0,0,0
3,CS22->US46,51330,51330,0
3,CS22->US54,51758,51758,0
3,CS22->US62,0,0,0
3,CS22->US70,0,0,0
3,CS22->US78,0,0,0
3,CS22->US86,0,0,0
3,CS22->US94,0,0,0
3,CS22->US102,0,0,0
3,CS22->US110,0,0,0
3,CS22->US118,55021,55021,0
3,CS22->US126,0,0,0
3,CS23->US7,51395,51395,0
3,CS23->US15,0,0,0
3,CS23->US23,0,0,0
3,CS23->US31,0,0,0
3,CS23->US39,0,0,0
3,CS23->US47,51659,51659,0
3,CS23->US55,51115,51115,0
3,CS23->US63,0,0,0
3,CS23->US71,0,0,0
3,CS23->US79,0,0,0
3,CS23->US87,0,0,0
3,CS23->US95,0,0,0
3,CS23->US103,0,0,0
3,CS23->US111,0,0,0
3,CS23->US119,55023,55023,0
3,CS23->US127,0,0,0
3,CS24->US0,51518,51518,0
3,CS24->US8,0,0,0
3,CS24->US16,0,0,0
3,CS24->US24,0,0,0
3,CS24->US32,0,0,0
3,CS24->US40,51714,51714,0
3,CS24->US48,51568,51568,0
3,CS24->US56,0,0,0
3,CS24->US64,0,0,0
3,CS24->US72,0,0,0
3,CS24->US80,0,0,0
3,CS24->US88,0,0,0
3,CS24->US96,0,0,0
3,CS24->US104,0,0,0
3,CS24->US112,54912,54912,0
3,CS24->US120,0,0,0
3,CS25->US1,51638,51638,0
3,CS25->US9,0,0,0
3,CS25->US17,0,0,0
3,CS25->US25,0,0,0
3,CS25->US33,0,0,0
3,CS25->US41,51238,51238,0
3,CS25->US49,51600,51600,0
3,CS25->US57,0,0,0
3,CS25->US65,0,0,0
3,CS25->US73,0,0,0
3,CS25->US81,0,0,0
3,CS25->US89,0,0,0
3,CS25->US97,0,0,0
3,CS25->US105,0,0,0
3,CS25->US113,55256,55256,0
3,CS25->US121,0,0,0
3,CS26->US2,51265,51265,0
3,CS26->US10,0,0,0
3,CS26->US18,0,0,0
3,CS26->US26,0,0,0
3,CS26->US34,0,0,0
3,CS26->US42,51329,51329,0
3,CS26->US50,51649,51649,0
3,CS26->US58,0,0,0
3,CS26->US66,0,0,0
3,CS26->US74,0,0,0
3,CS26->US82,0,0,0
3,CS26->US90,0,0,0
3,CS26->US98,0,0,0
3,CS26->US106,0,0,0
3,CS26->US114,55419,55419,0
3,CS26->US122,0,0,0
3,CS27->US3,51147,51147,0
3,CS27->US11,0,0,0
3,CS27->US19,0,0,0
3,CS27->US27,0,0,0
3,CS27->US35,0,0,0
3,CS27->US43,51398,51398,0
3,CS27->US51,51487,51487,0
3,CS27->US59,0,0,0
3,CS27->US67,0,0,0
3,CS27->US75,0,0,0
3,CS27->US83,0,0,0
3,CS27->US91,0,0,0
3,CS27->US99,0,0,0
3,CS27->US107,0,0,0
3,CS27->US115,54886,54886,0
3,CS27->US123,0,0,0
3,CS28->US4,51159,51159,0
3,CS28->US12,0,0,0
3,CS28->US20,0,0,0
3,CS28->US28,0,0,0
3,CS28->US36,0,0,0
3,CS28->US44,51576,51576,0
3,CS28->US52,51589,51589,0
3,CS28->US60,0,0,0
3,CS28->US68,0,0,0
3,CS28->US76,0,0,0
3,CS28->US84,0,0,0
3,CS28->US92,0,0,0
3,CS28->US100,0,0,0
3,CS28->US108,0,0,0
3,CS28->US116,55055,55055,0
3,CS28->US124,0,0,0
3,CS29->US5,51256,51256,0
3,CS29->US13,0,0,0
3,CS29->US21,0,0,0
3,CS29->US29,0,0,0
3,CS29->US37,0,0,0
3,CS29->US45,51559,51559,0
3,CS29->US53,51325,51325,0
3,CS29->US61,0,0,0
3,CS29->US69,0,0,0
3,CS29->US77,0,0,0
3,CS29->US85,0,0,0
3,CS29->US93,0,0,0
3,CS29->US101,0,0,0
3,CS29->US109,0,0,0
3,CS29->US117,55136,55136,0
3,CS29->US125,0,0,0
3,CS30->US6,51526,51526,0
3,CS30->US14,0,0,0
3,CS30->US22,0,0,0
3,CS30->US30,0,0,0
3,CS30->US38,0,0,0
3,CS30->US46,51426,51426,0
3,CS30->US54,51570,51570,0
3,CS30->US62,0,0,0
3,CS30->US70,0,0,0
3,CS30->US78,0,0,0
3,CS30->US86,0,0,0
3,CS30->US94,0,0,0
3,CS30->US102,0,0,0
3,CS30->US110,0,0,0
3,CS30->US118,55002,55002,0
3,CS30->US126,0,0,0
3,CS31->US7,51262,51262,0
3,CS31->US15,0,0,0
3,CS31->US23,0,0,0
3,CS31->US31,0,0,0
3,CS31->US39,0,0,0
3,CS31->US47,51560,51560,0
3,CS31->US55,51506,51506,0
3,CS31->US63,0,0,0
3,CS31->US71,0,0,0
3,CS31->US79,0,0,0
3,CS31->US87,0,0,0
3,CS31->US95,0,0,0
3,CS31->US103,0,0,0
3,CS31->US111,0,0,0
3,CS31->US119,55007,55007,0
3,CS31->US127,0,0,0
3,CS32->US0,51136,51136,0
3,CS32->US8,0,0,0
3,CS32->US16,0,0,0
3,CS32->US24,0,0,0
3,CS32->US32,0,0,0
3,CS32->US40,51344,51344,0
3,CS32->US48,51822,51822,0
3,CS32->US56,0,0,0
3,CS32->US64,0,0,0
3,CS32->US72,0,0,0
3,CS32->US80,0,0,0
3,CS32->US88,0,0,0
3,CS32->US96,0,0,0
3,CS32->US104,0,0,0
3,CS32->US112,55214,55214,0
3,CS32->US120,0,0,0
3,CS33->US1,51688,51688,0
3,CS33->US9,0,0,0
3,CS33->US17,0,0,0
3,CS33->US25,0,0,0
3,CS33->US33,0,0,0
3,CS33->US41,51582,51582,0
3,CS33->US49,51768,51768,0
3,CS33->US57,0,0,0
3,CS33->US65,0,0,0
3,CS33->US73,0,0,0
3,CS33->US81,0,0,0
3,CS33->US89,0,0,0
3,CS33->US97,0,0,0
3,CS33->US105,0,0,0
3,CS33->US113,55554,55554,0
3,CS33->US121,0,0,0
3,CS34->US2,51104,51104,0
3,CS34->US10,0,0,0
3,CS34->US18,0,0,0
3,CS34->US26,0,0,0
3,CS34->US34,0,0,0
3,CS34->US42,51455,51455,0
3,CS34->US50,51297,51297,0
3,CS34->US58,0,0,0
3,CS34->US66,0,0,0
3,CS34->US74,0,0,0
3,CS34->US82,0,0,0
3,CS34->US90,0,0,0
3,CS34->US98,0,0,0
3,CS34->US106,0,0,0
3,CS34->US114,55084,55084,0
3,CS34->US122,0,0,0
3,CS35->US3,51622,51622,0
3,CS35->US11,0,0,0
3,CS35->US19,0,0,0
3,CS35->US27,0,0,0
3,CS35->US35,0,0,0
3,CS35->US43,51240,51240,0
3,CS35->US51,51410,51410,0
3,CS35->US59,0,0,0
3,CS35->US67,0,0,0
3,CS35->US75,0,0,0
3,CS35->US83,0,0,0
3,CS35->US91,0,0,0
3,CS35->US99,0,0,0
3,CS35->US107,0,0,0
3,CS35->US115,55555,55555,0
3,CS35->US123,0,0,0
3,CS36->US4,51500,51500,0
3,CS36->US12,0,0,0
3,CS36->US20,0,0,0
3,CS36->US28,0,0,0
3,CS36->US36,0,0,0
3,CS36->US44,51380,51380,0
3,CS36->US52,51261,51261,0
3,CS36->US60,0,0,0
3,CS36->US68,0,0,0
3,CS36->US76,0,0,0
3,CS36->US84,0,0,0
3,CS36->US92,0,0,0
3,CS36->US100,0,0,0
3,CS36->US108,0,0,0
3,CS36->US116,54795,54795,0
3,CS36->US124,0,0,0
3,CS37->US5,51372,51372,0
3,CS37->US13,0,0,0
3,CS37->US21,0,0,0
3,CS37->US29,0,0,0
3,CS37->US37,0,0,0
3,CS37->US45,51468,51468,0
3,CS37->US53,51292,51292,0
3,CS37->US61,0,0,0
3,CS37->US69,0,0,0
3,CS37->US77,0,0,0
3,CS37->US85,0,0,0
3,CS37->US93,0,0,0
3,CS37->US101,0,0,0
3,CS37->US109,0,0,0
3,CS37->US117,54753,54753,0
3,CS37->US125,0,0,0
3,CS38->US6,51226,51226,0
3,CS38->US14,0,0,0
3,CS38->US22,0,0,0
3,CS38->US30,0,0,0
3,CS38->US38,0,0,0
3,CS38->US46,51340,51340,0
3,CS38->US54,51502,51502,0
3,CS38->US62,0,0,0
3,CS38->US70,0,0,0
3,CS38->US78,0,0,0
3,CS38->US86,0,0,0
3,CS38->US94,0,0,0
3,CS38->US102,0,0,0
3,CS38->US110,0,0,0
3,CS38->US118,55362,55362,0
3,CS38->US126,0,0,0
3,CS39->US7,51718,51718,0
3,CS39->US15,0,0,0
3,CS39->US23,0,0,0
3,CS39->US31,0,0,0
3,CS39->US39,0,0,0
3,CS39->US47,51294,51294,0
3,CS39->US55,51053,51053,0
3,CS39->US63,0,0,0
3,CS39->US71,0,0,0
3,CS39->US79,0,0,0
3,CS39->US87,0,0,0
3,CS39->US95,0,0,0
3,CS39->US103,0,0,0
3,CS39->US111,0,0,0
3,CS39->US119,55130,55130,0
3,CS39->US127,0,0,0
3,CS40->US0,51495,51495,0
3,CS40->US8,0,0,0
3,CS40->US16,0,0,0
3,CS40->US24,0,0,0
3,CS40->US32,0,0,0
3,CS40->US40,51234,51234,0
3,CS40->US48,51068,51068,0
3,CS40->US56,0,0,0
3,CS40->US64,0,0,0
3,CS40->US72,0,0,0
3,CS40->US80,0,0,0
3,CS40->US88,0,0,0
3,CS40->US96,0,0,0
3,CS40->US104,0,0,0
3,CS40->US112,55400,55400,0
3,CS40->US120,0,0,0
3,CS41->US1,51145,51145,0
3,CS41->US9,0,0,0
3,CS41->US17,0,0,0
3,CS41->US25,0,0,0
3,CS41->US33,0,0,0
3,CS41->US41,51420,51420,0
3,CS41->US49,51657,51657,0
3,CS41->US57,0,0,0
3,CS41->US65,0,0,0
3,CS41->US73,0,0,0
3,CS41->US81,0,0,0
3,CS41->US89,0,0,0
3,CS41->US97,0,0,0
3,CS41->US105,0,0,0
3,CS41->US113,54976,54976,0
3,CS41->US121,0,0,0
3,CS42->US2,51297,51297,0
3,CS42->US10,0,0,0
3,CS42->US18,0,0,0
3,CS42->US26,0,0,0
3,CS42->US34,0,0,0
3,CS42->US42,51187,51187,0
3,CS42->US50,51631,51631,0
3,CS42->US58,0,0,0
3,CS42->US66,0,0,0
3,CS42->US74,0,0,0
3,CS42->US82,0,0,0
3,CS42->US90,0,0,0
3,CS42->US98,0,0,0
3,CS42->US106,0,0,0
3,CS42->US114,55017,55017,0
3,CS42->US122,0,0,0
3,CS43->US3,51197,51197,0
3,CS43->US11,0,0,0
3,CS43->US19,0,0,0
3,CS43->US27,0,0,0
3,CS43->US35,0,0,0
3,CS43->US43,51373,51373,0
3,CS43->US51,51557,51557,0
3,CS43->US59,0,0,0
3,CS43->US67,0,0,0
3,CS43->US75,0,0,0
3,CS43->US83,0,0,0
3,CS43->US91,0,0,0
3,CS43->US99,0,0,0
3,CS43->US107,0,0,0
3,CS43->US115,54581,54581,0
3,CS43->US123,0,0,0
3,CS44->US4,51366,51366,0
3,CS44->US12,0,0,0
3,CS44->US20,0,0,0
3,CS44->US28,0,0,0
3,CS44->US36,0,0,0
3,CS44->US44,51392,51392,0
3,CS44->US52,51406,51406,0
3,CS44->US60,0,0,0
3,CS44->US68,0,0,0
3,CS44->US76,0,0,0
3,CS44->US84,0,0,0
3,CS44->US92,0,0,0
3,CS44->US100,0,0,0
3,CS44->US108,0,0,0
3,CS44->US116,54805,54805,0
3,CS44->US124,0,0,0
3,CS45->US5,51260,51260,0
3,CS45->US13,0,0,0
3,CS45->US21,0,0,0
3,CS45->US29,0,0,0
3,CS45->US37,0,0,0
3,CS45->US45,51465,51465,0
3,CS45->US53,51296,51296,0
3,CS45->US61,0,0,0
3,CS45->US69,0,0,0
3,CS45->US77,0,0,0
3,CS45->US85,0,0,0
3,CS45->US93,0,0,0
3,CS45->US101,0,0,0
3,CS45->US109,0,0,0
3,CS45->US117,55152,55152,0
3,CS45->US125,0,0,0
3,CS46->US6,51379,51379,0
3,CS46->US14,0,0,0
3,CS46->US22,0,0,0
3,CS46->US30,0,0,0
3,CS46->US38,0,0,0
3,CS46->US46,51688,51688,0
3,CS46->US54,51462,51462,0
3,CS46->US62,0,0,0
3,CS46->US70,0,0,0
3,CS46->US78,0,0,0
3,CS46->US86,0,0,0
3,CS46->US94,0,0,0
3,CS46->US102,0,0,0
3,CS46->US110,0,0,0
3,CS46->US118,55592,55592,0
3,CS46->US126,0,0,0
3,CS47->US7,51236,51236,0
3,CS47->US15,0,0,0
3,CS47->US23,0,0,0
3,CS47->US31,0,0,0
3,CS47->US39,0,0,0
3,CS47->US47,51433,51433,0
3,CS47->US55,51142,51142,0
3,CS47->US63,0,0,0
3,CS47->US71,0,0,0
3,CS47->US79,0,0,0
3,CS47->US87,0,0,0
3,CS47->US95,0,0,0
3,CS47->US103,0,0,0
3,CS47->US111,0,0,0
3,CS47->US119,55206,55206,0
3,CS47->US127,0,0,0
3,CS48->US0,51541,51541,0
3,CS48->US8,0,0,0
3,CS48->US16,0,0,0
3,CS48->US24,0,0,0
3,CS48->US32,0,0,0
3,CS48->US40,51670,51670,0
3,CS48->US48,51647,51647,0
3,CS48->US56,0,0,0
3,CS48->US64,0,0,0
3,CS48->US72,0,0,0
3,CS48->US80,0,0,0
3,CS48->US88,0,0,0
3,CS48->US96,0,0,0
3,CS48->US104,0,0,0
3,CS48->US112,55023,55023,0
3,CS48->US120,0,0,0
3,CS49->US1,51233,51233,0
3,CS49->US9,0,0,0
3,CS49->US17,0,0,0
3,CS49->US25,0,0,0
3,CS49->US33,0,0,0
3,CS49->US41,51453,51453,0
3,CS49->US49,51154,51154,0
3,CS49->US57,0,0,0
3,CS49->US65,0,0,0
3,CS49->US73,0,0,0
3,CS49->US81,0,0,0
3,CS49->US89,0,0,0
3,CS49->US97,0,0,0
3,CS49->US105,0,0,0
3,CS49->US113,55363,55363,0
3,CS49->US121,0,0,0
3,CS50->US2,51020,51020,0
3,CS50->US10,0,0,0
3,CS50->US18,0,0,0
3,CS50->US26,0,0,0
3,CS50->US34,0,0,0
3,CS50->US42,51484,51484,0
3,CS50->US50,51464,51464,0
3,CS50->US58,0,0,0
3,CS50->US66,0,0,0
3,CS50->US74,0,0,0
3,CS50->US82,0,0,0
3,CS50->US90,0,0,0
3,CS50->US98,0,0,0
3,CS50->US106,0,0,0
3,CS50->US114,55461,55461,0
3,CS50->US122,0,0,0
3,CS51->US3,51217,51217,0
3,CS51->US11,0,0,0
3,CS51->US19,0,0,0
3,CS51->US27,0,0,0
3,CS51->US35,0,0,0
3,CS51->US43,51492,51492,0
3,CS51->US51,51676,51676,0
3,CS51->US59,0,0,0
3,CS51->US67,0,0,0
3,CS51->US75,0,0,0
3,CS51->US83,0,0,0
3,CS51->US91,0,0,0
3,CS51->US99,0,0,0
3,CS51->US107,0,0,0
3,CS51->US115,55201,55201,0
3,CS51->US123,0,0,0
3,CS52->US4,51381,51381,0
3,CS52->US12,0,0,0
3,CS52->US20,0,0,0
3,CS52->US28,0,0,0
3,CS52->US36,0,0,0
3,CS52->US44,51965,51965,0
3,CS52->US52,51436,51436,0
3,CS52->US60,0,0,0
3,CS52->US68,0,0,0
3,CS52->US76,0,0,0
3,CS52->US84,0,0,0
3,CS52->US92,0,0,0
3,CS52->US100,0,0,0
3,CS52->US108,0,0,0
3,CS52->US116,55131,55131,0
3,CS52->US124,0,0,0
3,CS53->US5,51417,51417,0
3,CS53->US13,0,0,0
3,CS53->US21,0,0,0
3,CS53->US29,0,0,0
3,CS53->US37,0,0,0
3,CS53->US45,51728,51728,0
3,CS53->US53,51451,51451,0
3,CS53->US61,0,0,0
3,CS53->US69,0,0,0
3,CS53->US77,0,0,0
3,CS53->US85,0,0,0
3,CS53->US93,0,0,0
3,CS53->US101,0,0,0
3,CS53->US109,0,0,0
3,CS53->US117,54659,54659,0
3,CS53->US125,0,0,0
3,CS54->US6,51053,51053,0
3,CS54->US14,0,0,0
3,CS54->US22,0,0,0
3,CS54->US30,0,0,0
3,CS54->US38,0,0,0
3,CS54->US46,51392,51392,0
3,CS54->US54,51272,51272,0
3,CS54->US62,0,0,0
3,CS54->US70,0,0,0
3,CS54->US78,0,0,0
3,CS54->US86,0,0,0
3,CS54->US94,0,0,0
3,CS54->US102,0,0,0
3,CS54->US110,0,0,0
3,CS54->US118,55347,55347,0
3,CS54->US126,0,0,0
3,CS55->US7,51372,51372,0
3,CS55->US15,0,0,0
3,CS55->US23,0,0,0
3,CS55->US31,0,0,0
3,CS55->US39,0,0,0
3,CS55->US47,51260,51260,0
3,CS55->US55,51458,51458,0
3,CS55->US63,0,0,0
3,CS55->US71,0,0,0
3,CS55->US79,0,0,0
3,CS55->US87,0,0,0
3,CS55->US95,0,0,0
3,CS55->US103,0,0,0
3,CS55->US111,0,0,0
3,CS55->US119,55432,55432,0
3,CS55->US127,0,0,0
3,CS56->US0,51529,51529,0
3,CS56->US8,0,0,0
3,CS56->US16,0,0,0
3,CS56->US24,0,0,0
3,CS56->US32,0,0,0
3,CS56->US40,51129,51129,0
3,CS56->US48,51575,51575,0
3,CS56->US56,0,0,0
3,CS56->US64,0,0,0
3,CS56->US72,0,0,0
3,CS56->US80,0,0,0
3,CS56->US88,0,0,0
3,CS56->US96,0,0,0
3,CS56->US104,0,0,0
3,CS56->US112,55315,55315,0
3,CS56->US120,0,0,0
3,CS57->US1,51513,51513,0
3,CS57->US9,0,0,0
3,CS57->US17,0,0,0
3,CS57->US25,0,0,0
3,CS57->US33,0,0,0
3,CS57->US41,51679,51679,0
3,CS57->US49,51379,51379,0
3,CS57->US57,0,0,0
3,CS57->US65,0,0,0
3,CS57->US73,0,0,0
3,CS57->US81,0,0,0
3,CS57->US89,0,0,0
3,CS57->US97,0,0,0
3,CS57->US105,0,0,0
3,CS57->US113,55563,55563,0
3,CS57->US121,0,0,0
3,CS58->US2,51775,51775,0
3,CS58->US10,0,0,0
3,CS58->US18,0,0,0
3,CS58->US26,0,0,0
3,CS58->US34,0,0,0
3,CS58->US42,51215,51215,0
3,CS58->US50,51407,51407,0
3,CS58->US58,0,0,0
3,CS58->US66,0,0,0
3,CS58->US74,0,0,0
3,CS58->US82,0,0,0
3,CS58->US90,0,0,0
3,CS58->US98,0,0,0
3,CS58->US106,0,0,0
3,CS58->US114,55339,55339,0
3,CS58->US122,0,0,0
3,CS59->US3,51314,51314,0
3,CS59->US11,0,0,0
3,CS59->US19,0,0,0
3,CS59->US27,0,0,0
3,CS59->US35,0,0,0
3,CS59->US43,51902,51902,0
3,CS59->US51,51085,51085,0
3,CS59->US59,0,0,0
3,CS59->US67,0,0,0
3,CS59->US75,0,0,0
3,CS59->US83,0,0,0
3,CS59->US91,0,0,0
3,CS59->US99,0,0,0
3,CS59->US107,0,0,0
3,CS59->US115,55200,55200,0
3,CS59->US123,0,0,0
3,CS60->US4,51501,51501,0
3,CS60->US12,0,0,0
3,CS60->US20,0,0,0
3,CS60->US28,0,0,0
3,CS60->US36,0,0,0
3,CS60->US44,50906,50906,0
3,CS60->US52,51475,51475,0
3,CS60->US60,0,0,0
3,CS60->US68,0,0,0
3,CS60->US76,0,0,0
3,CS60->US84,0,0,0
3,CS60->US92,0,0,0
3,CS60->US100,0,0,0
3,CS60->US108,0,0,0
3,CS60->US116,55170,55170,0
3,CS60->US124,0,0,0
3,CS61->US5,51570,51570,0
3,CS61->US13,0,0,0
3,CS61->US21,0,0,0
3,CS61->US29,0,0,0
3,CS61->US37,0,0,0
3,CS61->US45,51603,51603,0
3,CS61->US53,51292,51292,0
3,CS61->US61,0,0,0
3,CS61->US69,0,0,0
3,CS61->US77,0,0,0
3,CS61->US85,0,0,0
3,CS61->US93,0,0,0
3,CS61->US101,0,0,0
3,CS61->US109,0,0,0
3,CS61->US117,54961,54961,0
3,CS61->US125,0,0,0
3,CS62->US6,51360,51360,0
3,CS62->US14,0,0,0
3,CS62->US22,0,0,0
3,CS62->US30,0,0,0
3,CS62->US38,0,0,0
3,CS62->US46,51180,51180,0
3,CS62->US54,51380,51380,0
3,CS62->US62,0,0,0
3,CS62->US70,0,0,0
3,CS62->US78,0,0,0
3,CS62->US86,0,0,0
3,CS62->US94,0,0,0
3,CS62->US102,0,0,0
3,CS62->US110,0,0,0
3,CS62->US118,55303,55303,0
3,CS62->US126,0,0,0
3,CS63->US7,51518,51518,0
3,CS63->US15,0,0,0
3,CS63->US23,0,0,0
3,CS63->US31,0,0,0
3,CS63->US39,0,0,0
3,CS63->US47,51546,51546,0
3,CS63->US55,51646,51646,0
3,CS63->US63,0,0,0
3,CS63->US71,0,0,0
3,CS63->US79,0,0,0
3,CS63->US87,0,0,0
3,CS63->US95,0,0,0
3,CS63->US103,0,0,0
3,CS63->US111,0,0,0
3,CS63->US119,55540,55540,0
3,CS63->US127,0,0,0
4,US0->CS0,51557,51557,0
4,US0->CS8,51496,51496,0
4,US0->CS16,51721,51721,0
4,US0->CS24,51815,51815,0
4,US0->CS32,52073,52073,0
4,US0->CS40,51276,51276,0
4,US0->CS48,51867,51867,0
4,US0->CS56,51827,51827,0
4,US1->CS1,51363,51363,0
4,US1->CS9,51578,51578,0
4,US1->CS17,51582,51582,0
4,US1->CS25,51825,51825,0
4,US1->CS33,51959,51959,0
4,US1->CS41,51883,51883,0
4,US1->CS49,51381,51381,0
4,US1->CS57,51607,51607,0
4,US2->CS2,51546,51546,0
4,US2->CS10,51494,51494,0
4,US2->CS18,51557,51557,0
4,US2->CS26,51888,51888,0
4,US2->CS34,51529,51529,0
4,US2->CS42,51875,51875,0
4,US2->CS50,51713,51713,0
4,US2->CS58,51675,51675,0
4,US3->CS3,51915,51915,0
4,US3->CS11,51336,51336,0
4,US3->CS19,51908,51908,0
4,US3->CS27,51698,51698,0
4,US3->CS35,51582,51582,0
4,US3->CS43,51754,51754,0
4,US3->CS51,51890,51890,0
4,US3->CS59,51344,51344,0
4,US4->CS4,51567,51567,0
4,US4->CS12,51508,51508,0
4,US4->CS20,51448,51448,0
4,US4->CS28,51794,51794,0
4,US4->CS36,51504,51504,0
4,US4->CS44,51637,51637,0
4,US4->CS52,51647,51647,0
4,US4->CS60,51688,51688,0
4,US5->CS5,51546,51546,0
4,US5->CS13,51443,51443,0
4,US5->CS21,51516,51516,0
4,US5->CS29,51529,51529,0
4,US5->CS37,51542,51542,0
4,US5->CS45,51500,51500,0
4,US5->CS53,51676,51676,0
4,US5->CS61,51488,51488,0
4,US6->CS6,51512,51512,0
4,US6->CS14,51650,51650,0
4,US6->CS22,51985,51985,0
4,US6->CS30,51788,51788,0
4,US6->CS38,51706,51706,0
4,US6->CS46,51674,51674,0
4,US6->CS54,51473,51473,0
4,US6->CS62,51613,51613,0
4,US7->CS7,51380,51380,0
4,US7->CS15,51623,51623,0
4,US7->CS23,51337,51337,0
4,US7->CS31,51719,51719,0
4,US7->CS39,51294,51294,0
4,US7->CS47,51387,51387,0
4,US7->CS55,51674,51674,0
4,US7->CS63,51832,51832,0
4,US8->CS0,0,0,0
4,US8->CS8,0,0,0
4,US8->CS16,0,0,0
4,US8->CS24,0,0,0
4,US8->CS32,0,0,0
4,US8->CS40,0,0,0
4,US8->CS48,0,0,0
4,US8->CS56,0,0,0
4,US9->CS1,0,0,0
4,US9->CS9,0,0,0
4,US9->CS17,0,0,0
4,US9->CS25,0,0,0
4,US9->CS33,0,0,0
4,US9->CS41,0,0,0
4,US9->CS49,0,0,0
4,US9->CS57,0,0,0
4,US10->CS2,0,0,0
4,US10->CS10,0,0,0
4,US10->CS18,0,0,0
4,US10->CS26,0,0,0
4,US10->CS34,0,0,0
4,US10->CS42,0,0,0
4,US10->CS50,0,0,0
4,US10->CS58,0,0,0
4,US11->CS3,0,0,0
4,US11->CS11,0,0,0
4,US11->CS19,0,0,0
4,US11->CS27,0,0,0
4,US11->CS35,0,0,0
4,US11->CS43,0,0,0
4,US11->CS51,0,0,0
4,US11->CS59,0,0,0
4,US12->CS4,0,0,0
4,US12->CS12,0,0,0
4,US12->CS20,0,0,0
4,US12->CS28,0,0,0
4,US12->CS36,0,0,0
4,US12->CS44,0,0,0
4,US12->CS52,0,0,0
4,US12->CS60,0,0,0
4,US13->CS5,0,0,0
4,US13->CS13,0,0,0
4,US13->CS21,0,0,0
4,US13->CS29,0,0,0
4,US13->CS37,0,0,0
4,US13->CS45,0,0,0
4,US13->CS53,0,0,0
4,US13->CS61,0,0,0
4,US14->CS6,0,0,0
4,US14->CS14,0,0,0
4,US14->CS22,0,0,0
4,US14->CS30,0,0,0
4,US14->CS38,0,0,0
4,US14->CS46,0,0,0
4,US14->CS54,0,0,0
4,US14->CS62,0,0,0
4,US15->CS7,0,0,0
4,US15->CS15,0,0,0
4,US15->CS23,0,0,0
4,US15->CS31,0,0,0
4,US15->CS39,0,0,0
4,US15->CS47,0,0,0
4,US15->CS55,0,0,0
4,US15->CS63,0,0,0
4,US16->CS0,0,0,0
4,US16->CS8,0,0,0
4,US16->CS16,0,0,0
4,US16->CS24,0,0,0
4,US16->CS32,0,0,0
4,US16->CS40,0,0,0
4,US16->CS48,0,0,0
4,US16->CS56,0,0,0
4,US17->CS1,0,0,0
4,US17->CS9,0,0,0
4,US17->CS17,0,0,0
4,US17->CS25,0,0,0
4,US17->CS33,0,0,0
4,US17->CS41,0,0,0
4,US17->CS49,0,0,0
4,US17->CS57,0,0,0
4,US18->CS2,0,0,0
4,US18->CS10,0,0,0
4,US18->CS18,0,0,0
4,US18->CS26,0,0,0
4,US18->CS34,0,0,0
4,US18->CS42,0,0,0
4,US18->CS50,0,0,0
4,US18->CS58,0,0,0
4,US19->CS3,0,0,0
4,US19->CS11,0,0,0
4,US19->CS19,0,0,0
4,US19->CS27,0,0,0
4,US19->CS35,0,0,0
4,US19->CS43,0,0,0
4,US19->CS51,0,0,0
4,US19->CS59,0,0,0
4,US20->CS4,0,0,0
4,US20->CS12,0,0,0
4,US20->CS20,0,0,0
4,US20->CS28,0,0,0
4,US20->CS36,0,0,0
4,US20->CS44,0,0,0
4,US20->CS52,0,0,0
4,US20->CS60,0,0,0
4,US21->CS5,0,0,0
4,US21->CS13,0,0,0
4,US21->CS21,0,0,0
4,US21->CS29,0,0,0
4,US21->CS37,0,0,0
4,US21->CS45,0,0,0
4,US21->CS53,0,0,0
4,US21->CS61,0,0,0
4,US22->CS6,0,0,0
4,US22->CS14,0,0,0
4,US22->CS22,0,0,0
4,US22->CS30,0,0,0
4,US22->CS38,0,0,0
4,US22->CS46,0,0,0
4,US22->CS54,0,0,0
4,US22->CS62,0,0,0
4,US23->CS7,0,0,0
4,US23->CS15,0,0,0
4,US23->CS23,0,0,0
4,US23->CS31,0,0,0
4,US23->CS39,0,0,0
4,US23->CS47,0,0,0
4,US23->CS55,0,0,0
4,US23->CS63,0,0,0
4,US24->CS0,0,0,0
4,US24->CS8,0,0,0
4,US24->CS16,0,0,0
4,US24->CS24,0,0,0
4,US24->CS32,0,0,0
4,US24->CS40,0,0,0
4,US24->CS48,0,0,0
4,US24->CS56,0,0,0
4,US25->CS1,0,0,0
4,US25->CS9,0,0,0
4,US25->CS17,0,0,0
4,US25->CS25,0,0,0
4,US25->CS33,0,0,0
4,US25->CS41,0,0,0
4,US25->CS49,0,0,0
4,US25->CS57,0,0,0
4,US26->CS2,0,0,0
4,US26->CS10,0,0,0
4,US26->CS18,0,0,0
4,US26->CS26,0,0,0
4,US26->CS34,0,0,0
4,US26->CS42,0,0,0
4,US26->CS50,0,0,0
4,US26->CS58,0,0,0
4,US27->CS3,0,0,0
4,US27->CS11,0,0,0
4,US27->CS19,0,0,0
4,US27->CS27,0,0,0
4,US27->CS35,0,0,0
4,US27->CS43,0,0,0
4,US27->CS51,0,0,0
4,US27->CS59,0,0,0
4,US28->CS4,0,0,0
4,US28->CS12,0,0,0
4,US28->CS20,0,0,0
4,US28->CS28,0,0,0
4,US28->CS36,0,0,0
4,US28->CS44,0,0,0
4,US28->CS52,0,0,0
4,US28->CS60,0,0,0
4,US29->CS5,0,0,0
4,US29->CS13,0,0,0
4,US29->CS21,0,0,0
4,US29->CS29,0,0,0
4,US29->CS37,0,0,0
4,US29->CS45,0,0,0
4,US29->CS53,0,0,0
4,US29->CS61,0,0,0
4,US30->CS6,0,0,0
4,US30->CS14,0,0,0
4,US30->CS22,0,0,0
4,US30->CS30,0,0,0
4,US30->CS38,0,0,0
4,US30->CS46,0,0,0
4,US30->CS54,0,0,0
4,US30->CS62,0,0,0
4,US31->CS7,0,0,0
4,US31->CS15,0,0,0
4,US31->CS23,0,0,0
4,US31->CS31,0,0,0
4,US31->CS39,0,0,0
4,US31->CS47,0,0,0
4,US31->CS55,0,0,0
4,US31->CS63,0,0,0
4,US32->CS0,0,0,0
4,US32->CS8,0,0,0
4,US32->CS16,0,0,0
4,US32->CS24,0,0,0
4,US32->CS32,0,0,0
4,US32->CS40,0,0,0
4,US32->CS48,0,0,0
4,US32->CS56,0,0,0
4,US33->CS1,0,0,0
4,US33->CS9,0,0,0
4,US33->CS17,0,0,0
4,US33->CS25,0,0,0
4,US33->CS33,0,0,0
4,US33->CS41,0,0,0
4,US33->CS49,0,0,0
4,US33->CS57,0,0,0
4,US34->CS2,0,0,0
4,US34->CS10,0,0,0
4,US34->CS18,0,0,0
4,US34->CS26,0,0,0
4,US34->CS34,0,0,0
4,US34->CS42,0,0,0
4,US34->CS50,0,0,0
4,US34->CS58,0,0,0
4,US35->CS3,0,0,0
4,US35->CS11,0,0,0
4,US35->CS19,0,0,0
4,US35->CS27,0,0,0
4,US35->CS35,0,0,0
4,US35->CS43,0,0,0
4,US35->CS51,0,0,0
4,US35->CS59,0,0,0
4,US36->CS4,0,0,0
4,US36->CS12,0,0,0
4,US36->CS20,0,0,0
4,US36->CS28,0,0,0
4,US36->CS36,0,0,0
4,US36->CS44,0,0,0
4,US36->CS52,0,0,0
4,US36->CS60,0,0,0
4,US37->CS5,0,0,0
4,US37->CS13,0,0,0
4,US37->CS21,0,0,0
4,US37->CS29,0,0,0
4,US37->CS37,0,0,0
4,US37->CS45,0,0,0
4,US37->CS53,0,0,0
4,US37->CS61,0,0,0
4,US38->CS6,0,0,0
4,US38->CS14,0,0,0
4,US38->CS22,0,0,0
4,US38->CS30,0,0,0
4,US38->CS38,0,0,0
4,US38->CS46,0,0,0
4,US38->CS54,0,0,0
4,US38->CS62,0,0,0
4,US39->CS7,0,0,0
4,US39->CS15,0,0,0
4,US39->CS23,0,0,0
4,US39->CS31,0,0,0
4,US39->CS39,0,0,0
4,US39->CS47,0,0,0
4,US39->CS55,0,0,0
4,US39->CS63,0,0,0
4,US40->CS0,54998,54998,0
4,US40->CS8,55417,55417,0
4,US40->CS16,55517,55517,0
4,US40->CS24,55116,55116,0
4,US40->CS32,55373,55373,0
4,US40->CS40,55633,55633,0
4,US40->CS48,55239,55239,0
4,US40->CS56,55501,55501,0
4,US41->CS1,55580,55580,0
4,US41->CS9,55676,55676,0
4,US41->CS17,55386,55386,0
4,US41->CS25,55453,55453,0
4,US41->CS33,55780,55780,0
4,US41->CS41,55181,55181,0
4,US41->CS49,55529,55529,0
4,US41->CS57,55786,55786,0
4,US42->CS2,55086,55086,0
4,US42->CS10,55050,55050,0
4,US42->CS18,54736,54736,0
4,US42->CS26,55652,55652,0
4,US42->CS34,55260,55260,0
4,US42->CS42,55206,55206,0
4,US42->CS50,55645,55645,0
4,US42->CS58,55550,55550,0
4,US43->CS3,55180,55180,0
4,US43->CS11,55179,55179,0
4,US43->CS19,55484,55484,0
4,US43->CS27,55120,55120,0
4,US43->CS35,55806,55806,0
4,US43->CS43,54820,54820,0
4,US43->CS51,55416,55416,0
4,US43->CS59,55397,55397,0
4,US44->CS4,55343,55343,0
4,US44->CS12,54849,54849,0
4,US44->CS20,55350,55350,0
4,US44->CS28,55288,55288,0
4,US44->CS36,54973,54973,0
4,US44->CS44,54997,54997,0
4,US44->CS52,55332,55332,0
4,US44->CS60,55385,55385,0
4,US45->CS5,55036,55036,0
4,US45->CS13,54866,54866,0
4,US45->CS21,55297,55297,0
4,US45->CS29,55397,55397,0
4,US45->CS37,54931,54931,0
4,US45->CS45,55371,55371,0
4,US45->CS53,54898,54898,0
4,US45->CS61,55228,55228,0
4,US46->CS6,55689,55689,0
4,US46->CS14,55354,55354,0
4,US46->CS22,55210,55210,0
4,US46->CS30,55213,55213,0
4,US46->CS38,55598,55598,0
4,US46->CS46,55844,55844,0
4,US46->CS54,55579,55579,0
4,US46->CS62,55526,55526,0
4,US47->CS7,55735,55735,0
4,US47->CS15,55017,55017,0
4,US47->CS23,55238,55238,0
4,US47->CS31,55234,55234,0
4,US47->CS39,55329,55329,0
4,US47->CS47,55379,55379,0
4,US47->CS55,55635,55635,0
4,US47->CS63,55797,55797,0
4,US48->CS0,52070,52070,0
4,US48->CS8,51915,51915,0
4,US48->CS16,52382,52382,0
4,US48->CS24,51758,51758,0
4,US48->CS32,51369,51369,0
4,US48->CS40,51751,51751,0
4,US48->CS48,51737,51737,0
4,US48->CS56,51759,51759,0
4,US49->CS1,51712,51712,0
4,US49->CS9,51849,51849,0
4,US49->CS17,51838,51838,0
4,US49->CS25,51874,51874,0
4,US49->CS33,51901,51901,0
4,US49->CS41,51391,51391,0
4,US49->CS49,51481,51481,0
4,US49->CS57,51768,51768,0
4,US50->CS2,51708,51708,0
4,US50->CS10,51551,51551,0
4,US50->CS18,51748,51748,0
4,US50->CS26,51491,51491,0
4,US50->CS34,51301,51301,0
4,US50->CS42,51485,51485,0
4,US50->CS50,51224,51224,0
4,US50->CS58,51983,51983,0
4,US51->CS3,51206,51206,0
4,US51->CS11,51270,51270,0
4,US51->CS19,51622,51622,0
4,US51->CS27,51345,51345,0
4,US51->CS35,51797,51797,0
4,US51->CS43,51404,51404,0
4,US51->CS51,51421,51421,0
4,US51->CS59,51525,51525,0
4,US52->CS4,51782,51782,0
4,US52->CS12,51379,51379,0
4,US52->CS20,51665,51665,0
4,US52->CS28,51403,51403,0
4,US52->CS36,51746,51746,0
4,US52->CS44,51608,51608,0
4,US52->CS52,51657,51657,0
4,US52->CS60,51749,51749,0
4,US53->CS5,51360,51360,0
4,US53->CS13,51859,51859,0
4,US53->CS21,51970,51970,0
4,US53->CS29,51510,51510,0
4,US53->CS37,51576,51576,0
4,US53->CS45,51498,51498,0
4,US53->CS53,51667,51667,0
4,US53->CS61,51808,51808,0
4,US54->CS6,51781,51781,0
4,US54->CS14,51410,51410,0
4,US54->CS22,51343,51343,0
4,US54->CS30,51745,51745,0
4,US54->CS38,51494,51494,0
4,US54->CS46,51623,51623,0
4,US54->CS54,51274,51274,0
4,US54->CS62,51534,51534,0
4,US55->CS7,51504,51504,0
4,US55->CS15,51601,51601,0
4,US55->CS23,51600,51600,0
4,US55->CS31,51499,51499,0
4,US55->CS39,51966,51966,0
4,US55->CS47,51478,51478,0
4,US55->CS55,51607,51607,0
4,US55->CS63,51749,51749,0
4,US56->CS0,0,0,0
4,US56->CS8,0,0,0
4,US56->CS16,0,0,0
4,US56->CS24,0,0,0
4,US56->CS32,0,0,0
4,US56->CS40,0,0,0
4,US56->CS48,0,0,0
4,US56->CS56,0,0,0
4,US57->CS1,0,0,0
4,US57->CS9,0,0,0
4,US57->CS17,0,0,0
4,US57->CS25,0,0,0
4,US57->CS33,0,0,0
4,US57->CS41,0,0,0
4,US57->CS49,0,0,0
4,US57->CS57,0,0,0
4,US58->CS2,0,0,0
4,US58->CS10,0,0,0
4,US58->CS18,0,0,0
4,US58->CS26,0,0,0
4,US58->CS34,0,0,0
4,US58->CS42,0,0,0
4,US58->CS50,0,0,0
4,US58->CS58,0,0,0
4,US59->CS3,0,0,0
4,US59->CS11,0,0,0
4,US59->CS19,0,0,0
4,US59->CS27,0,0,0
4,US59->CS35,0,0,0
4,US59->CS43,0,0,0
4,US59->CS51,0,0,0
4,US59->CS59,0,0,0
4,US60->CS4,0,0,0
4,US60->CS12,0,0,0
4,US60->CS20,0,0,0
4,US60->CS28,0,0,0
4,US60->CS36,0,0,0
4,US60->CS44,0,0,0
4,US60->CS52,0,0,0
4,US60->CS60,0,0,0
4,US61->CS5,0,0,0
4,US61->CS13,0,0,0
4,US61->CS21,0,0,0
4,US61->CS29,0,0,0
4,US61->CS37,0,0,0
4,US61->CS45,0,0,0
4,US61->CS53,0,0,0
4,US61->CS61,0,0,0
4,US62->CS6,0,0,0
4,US62->CS14,0,0,0
4,US62->CS22,0,0,0
4,US62->CS30,0,0,0
4,US62->CS38,0,0,0
4,US62->CS46,0,0,0
4,US62->CS54,0,0,0
4,US62->CS62,0,0,0
4,US63->CS7,0,0,0
4,US63->CS15,0,0,0
4,US63->CS23,0,0,0
4,US63->CS31,0,0,0
4,US63->CS39,0,0,0
4,US63->CS47,0,0,0
4,US63->CS55,0,0,0
4,US63->CS63,0,0,0
4,US64->CS0,0,0,0
4,US64->CS8,0,0,0
4,US64->CS16,0,0,0
4,US64->CS24,0,0,0
4,US64->CS32,0,0,0
4,US64->CS40,0,0,0
4,US64->CS48,0,0,0
4,US64->CS56,0,0,0
4,US65->CS1,0,0,0
4,US65->CS9,0,0,0
4,US65->CS17,0,0,0
4,US65->CS25,0,0,0
4,US65->CS33,0,0,0
4,US65->CS41,0,0,0
4,US65->CS49,0,0,0
4,US65->CS57,0,0,0
4,US66->CS2,0,0,0
4,US66->CS10,0,0,0
4,US66->CS18,0,0,0
4,US66->CS26,0,0,0
4,US66->CS34,0,0,0
4,US66->CS42,0,0,0
4,US66->CS50,0,0,0
4,US66->CS58,0,0,0
4,US67->CS3,0,0,0
4,US67->CS11,0,0,0
4,US67->CS19,0,0,0
4,US67->CS27,0,0,0
4,US67->CS35,0,0,0
4,US67->CS43,0,0,0
4,US67->CS51,0,0,0
4,US67->CS59,0,0,0
4,US68->CS4,0,0,0
4,US68->CS12,0,0,0
4,US68->CS20,0,0,0
4,US68->CS28,0,0,0
4,US68->CS36,0,0,0
4,US68->CS44,0,0,0
4,US68->CS52,0,0,0
4,US68->CS60,0,0,0
4,US69->CS5,0,0,0
4,US69->CS13,0,0,0
4,US69->CS21,0,0,0
4,US69->CS29,0,0,0
4,US69->CS37,0,0,0
4,US69->CS45,0,0,0
4,US69->CS53,0,0,0
4,US69->CS61,0,0,0
4,US70->CS6,0,0,0
4,US70->CS14,0,0,0
4,US70->CS22,0,0,0
4,US70->CS30,0,0,0
4,US70->CS38,0,0,0
4,US70->CS46,0,0,0
4,US70->CS54,0,0,0
4,US70->CS62,0,0,0
4,US71->CS7,0,0,0
4,US71->CS15,0,0,0
4,US71->CS23,0,0,0
4,US71->CS31,0,0,0
4,US71->CS39,0,0,0
4,US71->CS47,0,0,0
4,US71->CS55,0,0,0
4,US71->CS63,0,0,0
4,US72->CS0,42636,42634,0
4,US72->CS8,42299,42297,0
4,US72->CS16,42543,42542,0
4,US72->CS24,42655,42655,0
4,US72->CS32,42276,42276,0
4,US72->CS40,42721,42721,0
4,US72->CS48,42537,42535,0
4,US72->CS56,42478,42478,0
4,US73->CS1,42098,42097,0
4,US73->CS9,42825,42825,0
4,US73->CS17,42435,42435,0
4,US73->CS25,42301,42300,0
4,US73->CS33,42272,42272,0
4,US73->CS41,42575,42575,0
4,US73->CS49,42448,42447,0
4,US73->CS57,42472,42472,0
4,US74->CS2,42655,42654,0
4,US74->CS10,42229,42229,0
4,US74->CS18,42465,42464,0
4,US74->CS26,42513,42512,0
4,US74->CS34,42445,42445,0
4,US74->CS42,42398,42398,0
4,US74->CS50,42580,42580,0
4,US74->CS58,42436,42436,0
4,US75->CS3,42315,42315,0
4,US75->CS11,42009,42009,0
4,US75->CS19,42345,42345,0
4,US75->CS27,42719,42719,0
4,US75->CS35,42411,42410,0
4,US75->CS43,42717,42716,0
4,US75->CS51,42334,42334,0
4,US75->CS59,42447,42447,0
4,US76->CS4,42428,42428,0
4,US76->CS12,42942,42942,0
4,US76->CS20,42088,42087,0
4,US76->CS28,42372,42372,0
4,US76->CS36,42353,42353,0
4,US76->CS44,42708,42707,0
4,US76->CS52,42727,42726,0
4,US76->CS60,42550,42549,0
4,US77->CS5,42711,42711,0
4,US77->CS13,42778,42777,0
4,US77->CS21,42617,42617,0
4,US77->CS29,42287,42287,0
4,US77->CS37,42232,42232,0
4,US77->CS45,43174,43173,0
4,US77->CS53,42416,42416,0
4,US77->CS61,42674,42674,0
4,US78->CS6,42278,42277,0
4,US78->CS14,42713,42710,0
4,US78->CS22,42711,42710,0
4,US78->CS30,42487,42487,0
4,US78->CS38,42671,42671,0
4,US78->CS46,42542,42542,0
4,US78->CS54,42218,42218,0
4,US78->CS62,42377,42375,0
4,US79->CS7,42547,42547,0
4,US79->CS15,42561,42561,0
4,US79->CS23,42401,42401,0
4,US79->CS31,42379,42378,0
4,US79->CS39,42378,42378,0
4,US79->CS47,42264,42263,0
4,US79->CS55,42460,42460,0
4,US79->CS63,42361,42361,0
4,US80->CS0,0,0,0
4,US80->CS8,0,0,0
4,US80->CS16,0,0,0
4,US80->CS24,0,0,0
4,US80->CS32,0,0,0
4,US80->CS40,0,0,0
4,US80->CS48,0,0,0
4,US80->CS56,0,0,0
4,US81->CS1,0,0,0
4,US81->CS9,0,0,0
4,US81->CS17,0,0,0
4,US81->CS25,0,0,0
4,US81->CS33,0,0,0
4,US81->CS41,0,0,0
4,US81->CS49,0,0,0
4,US81->CS57,0,0,0
4,US82->CS2,0,0,0
4,US82->CS10,0,0,0
4,US82->CS18,0,0,0
4,US82->CS26,0,0,0
4,US82->CS34,0,0,0
4,US82->CS42,0,0,0
4,US82->CS50,0,0,0
4,US82->CS58,0,0,0
4,US83->CS3,0,0,0
4,US83->CS11,0,0,0
4,US83->CS19,0,0,0
4,US83->CS27,0,0,0
4,US83->CS35,0,0,0
4,US83->CS43,0,0,0
4,US83->CS51,0,0,0
4,US83->CS59,0,0,0
4,US84->CS4,0,0,0
4,US84->CS12,0,0,0
4,US84->CS20,0,0,0
4,US84->CS28,0,0,0
4,US84->CS36,0,0,0
4,US84->CS44,0,0,0
4,US84->CS52,0,0,0
4,US84->CS60,0,0,0
4,US85->CS5,0,0,0
4,US85->CS13,0,0,0
4,US85->CS21,0,0,0
4,US85->CS29,0,0,0
4,US85->CS37,0,0,0
4,US85->CS45,0,0,0
4,US85->CS53,0,0,0
4,US85->CS61,0,0,0
4,US86->CS6,0,0,0
4,US86->CS14,0,0,0
4,US86->CS22,0,0,0
4,US86->CS30,0,0,0
4,US86->CS38,0,0,0
4,US86->CS46,0,0,0
4,US86->CS54,0,0,0
4,US86->CS62,0,0,0
4,US87->CS7,0,0,0
4,US87->CS15,0,0,0
4,US87->CS23,0,0,0
4,US87->CS31,0,0,0
4,US87->CS39,0,0,0
4,US87->CS47,0,0,0
4,US87->CS55,0,0,0
4,US87->CS63,0,0,0
4,US88->CS0,41898,41897,0
4,US88->CS8,41762,41761,0
4,US88->CS16,41860,41859,0
4,US88->CS24,41887,41886,0
4,US88->CS32,41799,41798,0
4,US88->CS40,41817,41815,0
4,US88->CS48,41966,41966,0
4,US88->CS56,41789,41788,0
4,US89->CS1,42269,42269,0
4,US89->CS9,41934,41933,0
4,US89->CS17,42021,42020,0
4,US89->CS25,42049,42048,0
4,US89->CS33,41485,41484,0
4,US89->CS41,41645,41645,0
4,US89->CS49,41734,41734,0
4,US89->CS57,42339,42338,0
4,US90->CS2,41961,41961,0
4,US90->CS10,41481,41481,0
4,US90->CS18,41864,41863,0
4,US90->CS26,42153,42152,0
4,US90->CS34,41908,41908,0
4,US90->CS42,41586,41585,0
4,US90->CS50,41884,41884,0
4,US90->CS58,42263,42263,0
4,US91->CS3,41782,41782,0
4,US91->CS11,41970,41969,0
4,US91->CS19,41789,41789,0
4,US91->CS27,41913,41912,0
4,US91->CS35,42020,42020,0
4,US91->CS43,42020,42019,0
4,US91->CS51,41975,41974,0
4,US91->CS59,41916,41916,0
4,US92->CS4,41715,41713,0
4,US92->CS12,42164,42164,0
4,US92->CS20,41956,41956,0
4,US92->CS28,42139,42139,0
4,US92->CS36,41761,41760,0
4,US92->CS44,41854,41854,0
4,US92->CS52,42188,42187,0
4,US92->CS60,42103,42102,0
4,US93->CS5,42099,42099,0
4,US93->CS13,41834,41834,0
4,US93->CS21,41816,41816,0
4,US93->CS29,41599,41599,0
4,US93->CS37,42348,42348,0
4,US93->CS45,41955,41954,0
4,US93->CS53,42210,42210,0
4,US93->CS61,41937,41936,0
4,US94->CS6,41669,41669,0
4,US94->CS14,41784,41783,0
4,US94->CS22,42141,42141,0
4,US94->CS30,41931,41930,0
4,US94->CS38,41882,41882,0
4,US94->CS46,42126,42126,0
4,US94->CS54,42101,42101,0
4,US94->CS62,42223,42223,0
4,US95->CS7,41787,41785,0
4,US95->CS15,42166,42166,0
4,US95->CS23,41859,41859,0
4,US95->CS31,41919,41919,0
4,US95->CS39,42179,42179,0
4,US95->CS47,41752,41752,0
4,US95->CS55,41398,41398,0
4,US95->CS63,42005,42005,0
4,US96->CS0,0,0,0
4,US96->CS8,0,0,0
4,US96->CS16,0,0,0
4,US96->CS24,0,0,0
4,US96->CS32,0,0,0
4,US96->CS40,0,0,0
4,US96->CS48,0,0,0
4,US96->CS56,0,0,0
4,US97->CS1,0,0,0
4,US97->CS9,0,0,0
4,US97->CS17,0,0,0
4,US97->CS25,0,0,0
4,US97->CS33,0,0,0
4,US97->CS41,0,0,0
4,US97->CS49,0,0,0
4,US97->CS57,0,0,0
4,US98->CS2,0,0,0
4,US98->CS10,0,0,0
4,US98->CS18,0,0,0
4,US98->CS26,0,0,0
4,US98->CS34,0,0,0
4,US98->CS42,0,0,0
4,US98->CS50,0,0,0
4,US98->CS58,0,0,0
4,US99->CS3,0,0,0
4,US99->CS11,0,0,0
4,US99->CS19,0,0,0
4,US99->CS27,0,0,0
4,US99->CS35,0,0,0
4,US99->CS43,0,0,0
4,US99->CS51,0,0,0
4,US99->CS59,0,0,0
4,US100->CS4,0,0,0
4,US100->CS12,0,0,0
4,US100->CS20,0,0,0
4,US100->CS28,0,0,0
4,US100->CS36,0,0,0
4,US100->CS44,0,0,0
4,US100->CS52,0,0,0
4,US100->CS60,0,0,0
4,US101->CS5,0,0,0
4,US101->CS13,0,0,0
4,US101->CS21,0,0,0
4,US101->CS29,0,0,0
4,US101->CS37,0,0,0
4,US101->CS45,0,0,0
4,US101->CS53,0,0,0
4,US101->CS61,0,0,0
4,US102->CS6,0,0,0
4,US102->CS14,0,0,0
4,US102->CS22,0,0,0
4,US102->CS30,0,0,0
4,US102->CS38,0,0,0
4,US102->CS46,0,0,0
4,US102->CS54,0,0,0
4,US102->CS62,0,0,0
4,US103->CS7,0,0,0
4,US103->CS15,0,0,0
4,US103->CS23,0,0,0
4,US103->CS31,0,0,0
4,US103->CS39,0,0,0
4,US103->CS47,0,0,0
4,US103->CS55,0,0,0
4,US103->CS63,0,0,0
4,US104->CS0,0,0,0
4,US104->CS8,0,0,0
4,US104->CS16,0,0,0
4,US104->CS24,0,0,0
4,US104->CS32,0,0,0
4,US104->CS40,0,0,0
4,US104->CS48,0,0,0
4,US104->CS56,0,0,0
4,US105->CS1,0,0,0
4,US105->CS9,0,0,0
4,US105->CS17,0,0,0
4,US105->CS25,0,0,0
4,US105->CS33,0,0,0
4,US105->CS41,0,0,0
4,US105->CS49,0,0,0
4,US105->CS57,0,0,0
4,US106->CS2,0,0,0
4,US106->CS10,0,0,0
4,US106->CS18,0,0,0
4,US106->CS26,0,0,0
4,US106->CS34,0,0,0
4,US106->CS42,0,0,0
4,US106->CS50,0,0,0
4,US106->CS58,0,0,0
4,US107->CS3,0,0,0
4,US107->CS11,0,0,0
4,US107->CS19,0,0,0
4,US107->CS27,0,0,0
4,US107->CS35,0,0,0
4,US107->CS43,0,0,0
4,US107->CS51,0,0,0
4,US107->CS59,0,0,0
4,US108->CS4,0,0,0
4,US108->CS12,0,0,0
4,US108->CS20,0,0,0
4,US108->CS28,0,0,0
4,US108->CS36,0,0,0
4,US108->CS44,0,0,0
4,US108->CS52,0,0,0
4,US108->CS60,0,0,0
4,US109->CS5,0,0,0
4,US109->CS13,0,0,0
4,US109->CS21,0,0,0
4,US109->CS29,0,0,0
4,US109->CS37,0,0,0
4,US109->CS45,0,0,0
4,US109->CS53,0,0,0
4,US109->CS61,0,0,0
4,US110->CS6,0,0,0
4,US110->CS14,0,0,0
4,US110->CS22,0,0,0
4,US110->CS30,0,0,0
4,US110->CS38,0,0,0
4,US110->CS46,0,0,0
4,US110->CS54,0,0,0
4,US110->CS62,0,0,0
4,US111->CS7,0,0,0
4,US111->CS15,0,0,0
4,US111->CS23,0,0,0
4,US111->CS31,0,0,0
4,US111->CS39,0,0,0
4,US111->CS47,0,0,0
4,US111->CS55,0,0,0
4,US111->CS63,0,0,0
4,US112->CS0,51690,51690,0
4,US112->CS8,51662,51662,0
4,US112->CS16,51972,51972,0
4,US112->CS24,51911,51911,0
4,US112->CS32,51552,51552,0
4,US112->CS40,51404,51404,0
4,US112->CS48,51882,51882,0
4,US112->CS56,51311,51311,0
4,US113->CS1,51606,51606,0
4,US113->CS9,51428,51428,0
4,US113->CS17,51293,51293,0
4,US113->CS25,51460,51460,0
4,US113->CS33,51795,51795,0
4,US113->CS41,51607,51607,0
4,US113->CS49,51637,51637,0
4,US113->CS57,51851,51851,0
4,US114->CS2,51594,51594,0
4,US114->CS10,51815,51815,0
4,US114->CS18,51628,51628,0
4,US114->CS26,51526,51526,0
4,US114->CS34,51707,51707,0
4,US114->CS42,51421,51421,0
4,US114->CS50,51715,51715,0
4,US114->CS58,51445,51445,0
4,US115->CS3,51569,51569,0
4,US115->CS11,51493,51493,0
4,US115->CS19,51537,51537,0
4,US115->CS27,51619,51619,0
4,US115->CS35,51514,51514,0
4,US115->CS43,51610,51610,0
4,US115->CS51,51726,51726,0
4,US115->CS59,52117,52117,0
4,US116->CS4,51563,51563,0
4,US116->CS12,51652,51652,0
4,US116->CS20,51605,51605,0
4,US116->CS28,51768,51768,0
4,US116->CS36,51599,51599,0
4,US116->CS44,51603,51603,0
4,US116->CS52,52139,52139,0
4,US116->CS60,51115,51115,0
4,US117->CS5,51508,51508,0
4,US117->CS13,51582,51582,0
4,US117->CS21,51522,51522,0
4,US117->CS29,51705,51705,0
4,US117->CS37,51691,51691,0
4,US117->CS45,51654,51654,0
4,US117->CS53,51918,51918,0
4,US117->CS61,51829,51829,0
4,US118->CS6,51183,51183,0
4,US118->CS14,51446,51446,0
4,US118->CS22,51536,51536,0
4,US118->CS30,51627,51627,0
4,US118->CS38,51517,51517,0
4,US118->CS46,51870,51870,0
4,US118->CS54,51616,51616,0
4,US118->CS62,51446,51446,0
4,US119->CS7,51568,51568,0
4,US119->CS15,51995,51995,0
4,US119->CS23,51878,51878,0
4,US119->CS31,51756,51756,0
4,US119->CS39,51480,51480,0
4,US119->CS47,51615,51615,0
4,US119->CS55,51455,51455,0
4,US119->CS63,51755,51755,0
4,US120->CS0,0,0,0
4,US120->CS8,0,0,0
4,US120->CS16,0,0,0
4,US120->CS24,0,0,0
4,US120->CS32,0,0,0
4,US120->CS40,0,0,0
4,US120->CS48,0,0,0
4,US120->CS56,0,0,0
4,US121->CS1,0,0,0
4,US121->CS9,0,0,0
4,US121->CS17,0,0,0
4,US121->CS25,0,0,0
4,US121->CS33,0,0,0
4,US121->CS41,0,0,0
4,US121->CS49,0,0,0
4,US121->CS57,0,0,0
4,US122->CS2,0,0,0
4,US122->CS10,0,0,0
4,US122->CS18,0,0,0
4,US122->CS26,0,0,0
4,US122->CS34,0,0,0
4,US122->CS42,0,0,0
4,US122->CS50,0,0,0
4,US122->CS58,0,0,0
4,US123->CS3,0,0,0
4,US123->CS11,0,0,0
4,US123->CS19,0,0,0
4,US123->CS27,0,0,0
4,US123->CS35,0,0,0
4,US123->CS43,0,0,0
4,US123->CS51,0,0,0
4,US123->CS59,0,0,0
4,US124->CS4,0,0,0
4,US124->CS12,0,0,0
4,US124->CS20,0,0,0
4,US124->CS28,0,0,0
4,US124->CS36,0,0,0
4,US124->CS44,0,0,0
4,US124->CS52,0,0,0
4,US124->CS60,0,0,0
4,US125->CS5,0,0,0
4,US125->CS13,0,0,0
4,US125->CS21,0,0,0
4,US125->CS29,0,0,0
4,US125->CS37,0,0,0
4,US125->CS45,0,0,0
4,US125->CS53,0,0,0
4,US125->CS61,0,0,0
4,US126->CS6,0,0,0
4,US126->CS14,0,0,0
4,US126->CS22,0,0,0
4,US126->CS30,0,0,0
4,US126->CS38,0,0,0
4,US126->CS46,0,0,0
4,US126->CS54,0,0,0
4,US126->CS62,0,0,0
4,US127->CS7,0,0,0
4,US127->CS15,0,0,0
4,US127->CS23,0,0,0
4,US127->CS31,0,0,0
4,US127->CS39,0,0,0
4,US127->CS47,0,0,0
4,US127->CS55,0,0,0
4,US127->CS63,0,0,0
4,CS0->US0,51898,51898,0
4,CS0->US8,0,0,0
4,CS0->US16,0,0,0
4,CS0->US24,0,0,0
4,CS0->US32,0,0,0
4,CS0->US40,51771,51771,0
4,CS0->US48,51367,51367,0
4,CS0->US56,0,0,0
4,CS0->US64,0,0,0
4,CS0->US72,41916,41915,0
4,CS0->US80,0,0,0
4,CS0->US88,42725,42724,0
4,CS0->US96,0,0,0
4,CS0->US104,0,0,0
4,CS0->US112,55169,55169,0
4,CS0->US120,0,0,0
4,CS1->US1,51507,51507,0
4,CS1->US9,0,0,0
4,CS1->US17,0,0,0
4,CS1->US25,0,0,0
4,CS1->US33,0,0,0
4,CS1->US41,51754,51754,0
4,CS1->US49,51155,51155,0
4,CS1->US57,0,0,0
4,CS1->US65,0,0,0
4,CS1->US73,42281,42281,0
4,CS1->US81,0,0,0
4,CS1->US89,42154,42154,0
4,CS1->US97,0,0,0
4,CS1->US105,0,0,0
4,CS1->US113,55776,55776,0
4,CS1->US121,0,0,0
4,CS2->US2,51515,51515,0
4,CS2->US10,0,0,0
4,CS2->US18,0,0,0
4,CS2->US26,0,0,0
4,CS2->US34,0,0,0
4,CS2->US42,51671,51671,0
4,CS2->US50,51334,51334,0
4,CS2->US58,0,0,0
4,CS2->US66,0,0,0
4,CS2->US74,41994,41994,0
4,CS2->US82,0,0,0
4,CS2->US90,42770,42769,0
4,CS2->US98,0,0,0
4,CS2->US106,0,0,0
4,CS2->US114,55265,55265,0
4,CS2->US122,0,0,0
4,CS3->US3,51041,51041,0
4,CS3->US11,0,0,0
4,CS3->US19,0,0,0
4,CS3->US27,0,0,0
4,CS3->US35,0,0,0
4,CS3->US43,51612,51612,0
4,CS3->US51,51707,51707,0
4,CS3->US59,0,0,0
4,CS3->US67,0,0,0
4,CS3->US75,41794,41793,0
4,CS3->US83,0,0,0
4,CS3->US91,42437,42437,0
4,CS3->US99,0,0,0
4,CS3->US107,0,0,0
4,CS3->US115,55376,55376,0
4,CS3->US123,0,0,0
4,CS4->US4,51646,51646,0
4,CS4->US12,0,0,0
4,CS4->US20,0,0,0
4,CS4->US28,0,0,0
4,CS4->US36,0,0,0
4,CS4->US44,51622,51622,0
4,CS4->US52,51348,51348,0
4,CS4->US60,0,0,0
4,CS4->US68,0,0,0
4,CS4->US76,41740,41740,0
4,CS4->US84,0,0,0
4,CS4->US92,42505,42505,0
4,CS4->US100,0,0,0
4,CS4->US108,0,0,0
4,CS4->US116,55535,55535,0
4,CS4->US124,0,0,0
4,CS5->US5,51187,51187,0
4,CS5->US13,0,0,0
4,CS5->US21,0,0,0
4,CS5->US29,0,0,0
4,CS5->US37,0,0,0
4,CS5->US45,51626,51626,0
4,CS5->US53,51323,51323,0
4,CS5->US61,0,0,0
4,CS5->US69,0,0,0
4,CS5->US77,42077,42077,0
4,CS5->US85,0,0,0
4,CS5->US93,42766,42766,0
4,CS5->US101,0,0,0
4,CS5->US109,0,0,0
4,CS5->US117,55281,55281,0
4,CS5->US125,0,0,0
4,CS6->US6,51601,51601,0
4,CS6->US14,0,0,0
4,CS6->US22,0,0,0
4,CS6->US30,0,0,0
4,CS6->US38,0,0,0
4,CS6->US46,51317,51317,0
4,CS6->US54,51329,51329,0
4,CS6->US62,0,0,0
4,CS6->US70,0,0,0
4,CS6->US78,41670,41670,0
4,CS6->US86,0,0,0
4,CS6->US94,42323,42323,0
4,CS6->US102,0,0,0
4,CS6->US110,0,0,0
4,CS6->US118,55871,55871,0
4,CS6->US126,0,0,0
4,CS7->US7,51272,51272,0
4,CS7->US15,0,0,0
4,CS7->US23,0,0,0
4,CS7->US31,0,0,0
4,CS7->US39,0,0,0
4,CS7->US47,51733,51733,0
4,CS7->US55,51221,51221,0
4,CS7->US63,0,0,0
4,CS7->US71,0,0,0
4,CS7->US79,41804,41803,0
4,CS7->US87,0,0,0
4,CS7->US95,42614,42614,0
4,CS7->US103,0,0,0
4,CS7->US111,0,0,0
4,CS7->US119,55875,55875,0
4,CS7->US127,0,0,0
4,CS8->US0,51706,51706,0
4,CS8->US8,0,0,0
4,CS8->US16,0,0,0
4,CS8->US24,0,0,0
4,CS8->US32,0,0,0
4,CS8->US40,51808,51808,0
4,CS8->US48,51268,51268,0
4,CS8->US56,0,0,0
4,CS8->US64,0,0,0
4,CS8->US72,41786,41786,0
4,CS8->US80,0,0,0
4,CS8->US88,42360,42360,0
4,CS8->US96,0,0,0
4,CS8->US104,0,0,0
4,CS8->US112,55620,55620,0
4,CS8->US120,0,0,0
4,CS9->US1,51656,51656,0
4,CS9->US9,0,0,0
4,CS9->US17,0,0,0
4,CS9->US25,0,0,0
4,CS9->US33,0,0,0
4,CS9->US41,51553,51553,0
4,CS9->US49,51349,51349,0
4,CS9->US57,0,0,0
4,CS9->US65,0,0,0
4,CS9->US73,42025,42025,0
4,CS9->US81,0,0,0
4,CS9->US89,42893,42892,0
4,CS9->US97,0,0,0
4,CS9->US105,0,0,0
4,CS9->US113,55813,55813,0
4,CS9->US121,0,0,0
4,CS10->US2,51392,51392,0
4,CS10->US10,0,0,0
4,CS10->US18,0,0,0
4,CS10->US26,0,0,0
4,CS10->US34,0,0,0
4,CS10->US42,51924,51924,0
4,CS10->US50,51304,51304,0
4,CS10->US58,0,0,0
4,CS10->US66,0,0,0
4,CS10->US74,41513,41513,0
4,CS10->US82,0,0,0
4,CS10->US90,42279,42278,0
4,CS10->US98,0,0,0
4,CS10->US106,0,0,0
4,CS10->US114,55208,55208,0
4,CS10->US122,0,0,0
4,CS11->US3,51089,51089,0
4,CS11->US11,0,0,0
4,CS11->US19,0,0,0
4,CS11->US27,0,0,0
4,CS11->US35,0,0,0
4,CS11->US43,51603,51603,0
4,CS11->US51,51148,51148,0
4,CS11->US59,0,0,0
4,CS11->US67,0,0,0
4,CS11->US75,42021,42021,0
4,CS11->US83,0,0,0
4,CS11->US91,42080,42080,0
4,CS11->US99,0,0,0
4,CS11->US107,0,0,0
4,CS11->US115,55315,55315,0
4,CS11->US123,0,0,0
4,CS12->US4,51222,51222,0
4,CS12->US12,0,0,0
4,CS12->US20,0,0,0
4,CS12->US28,0,0,0
4,CS12->US36,0,0,0
4,CS12->US44,51718,51718,0
4,CS12->US52,51337,51337,0
4,CS12->US60,0,0,0
4,CS12->US68,0,0,0
4,CS12->US76,42141,42141,0
4,CS12->US84,0,0,0
4,CS12->US92,43033,43032,0
4,CS12->US100,0,0,0
4,CS12->US108,0,0,0
4,CS12->US116,55042,55042,0
4,CS12->US124,0,0,0
4,CS13->US5,51687,51687,0
4,CS13->US13,0,0,0
4,CS13->US21,0,0,0
4,CS13->US29,0,0,0
4,CS13->US37,0,0,0
4,CS13->US45,51748,51748,0
4,CS13->US53,51246,51246,0
4,CS13->US61,0,0,0
4,CS13->US69,0,0,0
4,CS13->US77,41809,41809,0
4,CS13->US85,0,0,0
4,CS13->US93,42783,42783,0
4,CS13->US101,0,0,0
4,CS13->US109,0,0,0
4,CS13->US117,55088,55088,0
4,CS13->US125,0,0,0
4,CS14->US6,51210,51210,0
4,CS14->US14,0,0,0
4,CS14->US22,0,0,0
4,CS14->US30,0,0,0
4,CS14->US38,0,0,0
4,CS14->US46,51577,51577,0
4,CS14->US54,51480,51480,0
4,CS14->US62,0,0,0
4,CS14->US70,0,0,0
4,CS14->US78,41834,41834,0
4,CS14->US86,0,0,0
4,CS14->US94,42779,42779,0
4,CS14->US102,0,0,0
4,CS14->US110,0,0,0
4,CS14->US118,55473,55473,0
4,CS14->US126,0,0,0
4,CS15->US7,51452,51452,0
4,CS15->US15,0,0,0
4,CS15->US23,0,0,0
4,CS15->US31,0,0,0
4,CS15->US39,0,0,0
4,CS15->US47,52059,52059,0
4,CS15->US55,51447,51447,0
4,CS15->US63,0,0,0
4,CS15->US71,0,0,0
4,CS15->US79,42198,42197,0
4,CS15->US87,0,0,0
4,CS15->US95,42646,42646,0
4,CS15->US103,0,0,0
4,CS15->US111,0,0,0
4,CS15->US119,55161,55161,0
4,CS15->US127,0,0,0
4,CS16->US0,52184,52184,0
4,CS16->US8,0,0,0
4,CS16->US16,0,0,0
4,CS16->US24,0,0,0
4,CS16->US32,0,0,0
4,CS16->US40,52097,52097,0
4,CS16->US48,51550,51550,0
4,CS16->US56,0,0,0
4,CS16->US64,0,0,0
4,CS16->US72,41899,41899,0
4,CS16->US80,0,0,0
4,CS16->US88,42615,42615,0
4,CS16->US96,0,0,0
4,CS16->US104,0,0,0
4,CS16->US112,55648,55648,0
4,CS16->US120,0,0,0
4,CS17->US1,51682,51682,0
4,CS17->US9,0,0,0
4,CS17->US17,0,0,0
4,CS17->US25,0,0,0
4,CS17->US33,0,0,0
4,CS17->US41,51406,51406,0
4,CS17->US49,51385,51385,0
4,CS17->US57,0,0,0
4,CS17->US65,0,0,0
4,CS17->US73,42035,42035,0
4,CS17->US81,0,0,0
4,CS17->US89,42478,42477,0
4,CS17->US97,0,0,0
4,CS17->US105,0,0,0
4,CS17->US113,55568,55568,0
4,CS17->US121,0,0,0
4,CS18->US2,51535,51535,0
4,CS18->US10,0,0,0
4,CS18->US18,0,0,0
4,CS18->US26,0,0,0
4,CS18->US34,0,0,0
4,CS18->US42,51754,51754,0
4,CS18->US50,51370,51370,0
4,CS18->US58,0,0,0
4,CS18->US66,0,0,0
4,CS18->US74,41908,41906,0
4,CS18->US82,0,0,0
4,CS18->US90,42551,42551,0
4,CS18->US98,0,0,0
4,CS18->US106,0,0,0
4,CS18->US114,54877,54877,0
4,CS18->US122,0,0,0
4,CS19->US3,51463,51463,0
4,CS19->US11,0,0,0
4,CS19->US19,0,0,0
4,CS19->US27,0,0,0
4,CS19->US35,0,0,0
4,CS19->US43,51620,51620,0
4,CS19->US51,51715,51715,0
4,CS19->US59,0,0,0
4,CS19->US67,0,0,0
4,CS19->US75,41825,41825,0
4,CS19->US83,0,0,0
4,CS19->US91,42421,42420,0
4,CS19->US99,0,0,0
4,CS19->US107,0,0,0
4,CS19->US115,55641,55641,0
4,CS19->US123,0,0,0
4,CS20->US4,51522,51522,0
4,CS20->US12,0,0,0
4,CS20->US20,0,0,0
4,CS20->US28,0,0,0
4,CS20->US36,0,0,0
4,CS20->US44,51673,51673,0
4,CS20->US52,51280,51280,0
4,CS20->US60,0,0,0
4,CS20->US68,0,0,0
4,CS20->US76,41933,41933,0
4,CS20->US84,0,0,0
4,CS20->US92,42162,42162,0
4,CS20->US100,0,0,0
4,CS20->US108,0,0,0
4,CS20->US116,55541,55541,0
4,CS20->US124,0,0,0
4,CS21->US5,51793,51793,0
4,CS21->US13,0,0,0
4,CS21->US21,0,0,0
4,CS21->US29,0,0,0
4,CS21->US37,0,0,0
4,CS21->US45,51626,51626,0
4,CS21->US53,51323,51323,0
4,CS21->US61,0,0,0
4,CS21->US69,0,0,0
4,CS21->US77,41846,41844,0
4,CS21->US85,0,0,0
4,CS21->US93,42690,42690,0
4,CS21->US101,0,0,0
4,CS21->US109,0,0,0
4,CS21->US117,55460,55460,0
4,CS21->US125,0,0,0
4,CS22->US6,51143,51143,0
4,CS22->US14,0,0,0
4,CS22->US22,0,0,0
4,CS22->US30,0,0,0
4,CS22->US38,0,0,0
4,CS22->US46,51675,51675,0
4,CS22->US54,51795,51795,0
4,CS22->US62,0,0,0
4,CS22->US70,0,0,0
4,CS22->US78,42163,42163,0
4,CS22->US86,0,0,0
4,CS22->US94,42770,42770,0
4,CS22->US102,0,0,0
4,CS22->US110,0,0,0
4,CS22->US118,55378,55378,0
4,CS22->US126,0,0,0
4,CS23->US7,51431,51431,0
4,CS23->US15,0,0,0
4,CS23->US23,0,0,0
4,CS23->US31,0,0,0
4,CS23->US39,0,0,0
4,CS23->US47,51986,51986,0
4,CS23->US55,51153,51153,0
4,CS23->US63,0,0,0
4,CS23->US71,0,0,0
4,CS23->US79,41892,41892,0
4,CS23->US87,0,0,0
4,CS23->US95,42462,42460,0
4,CS23->US103,0,0,0
4,CS23->US111,0,0,0
4,CS23->US119,55389,55389,0
4,CS23->US127,0,0,0
4,CS24->US0,51557,51557,0
4,CS24->US8,0,0,0
4,CS24->US16,0,0,0
4,CS24->US24,0,0,0
4,CS24->US32,0,0,0
4,CS24->US40,52071,52071,0
4,CS24->US48,51604,51604,0
4,CS24->US56,0,0,0
4,CS24->US64,0,0,0
4,CS24->US72,41942,41942,0
4,CS24->US80,0,0,0
4,CS24->US88,42695,42695,0
4,CS24->US96,0,0,0
4,CS24->US104,0,0,0
4,CS24->US112,55271,55271,0
4,CS24->US120,0,0,0
4,CS25->US1,51679,51679,0
4,CS25->US9,0,0,0
4,CS25->US17,0,0,0
4,CS25->US25,0,0,0
4,CS25->US33,0,0,0
4,CS25->US41,51585,51585,0
4,CS25->US49,51640,51640,0
4,CS25->US57,0,0,0
4,CS25->US65,0,0,0
4,CS25->US73,42077,42076,0
4,CS25->US81,0,0,0
4,CS25->US89,42370,42370,0
4,CS25->US97,0,0,0
4,CS25->US105,0,0,0
4,CS25->US113,55609,55609,0
4,CS25->US121,0,0,0
4,CS26->US2,51307,51307,0
4,CS26->US10,0,0,0
4,CS26->US18,0,0,0
4,CS26->US26,0,0,0
4,CS26->US34,0,0,0
4,CS26->US42,51650,51650,0
4,CS26->US50,51697,51697,0
4,CS26->US58,0,0,0
4,CS26->US66,0,0,0
4,CS26->US74,42207,42205,0
4,CS26->US82,0,0,0
4,CS26->US90,42572,42571,0
4,CS26->US98,0,0,0
4,CS26->US106,0,0,0
4,CS26->US114,55788,55788,0
4,CS26->US122,0,0,0
4,CS27->US3,51184,51184,0
4,CS27->US11,0,0,0
4,CS27->US19,0,0,0
4,CS27->US27,0,0,0
4,CS27->US35,0,0,0
4,CS27->US43,51735,51735,0
4,CS27->US51,51527,51527,0
4,CS27->US59,0,0,0
4,CS27->US67,0,0,0
4,CS27->US75,41951,41950,0
4,CS27->US83,0,0,0
4,CS27->US91,42764,42764,0
4,CS27->US99,0,0,0
4,CS27->US107,0,0,0
4,CS27->US115,55252,55252,0
4,CS27->US123,0,0,0
4,CS28->US4,51189,51189,0
4,CS28->US12,0,0,0
4,CS28->US20,0,0,0
4,CS28->US28,0,0,0
4,CS28->US36,0,0,0
4,CS28->US44,51886,51886,0
4,CS28->US52,51633,51633,0
4,CS28->US60,0,0,0
4,CS28->US68,0,0,0
4,CS28->US76,42172,42172,0
4,CS28->US84,0,0,0
4,CS28->US92,42468,42467,0
4,CS28->US100,0,0,0
4,CS28->US108,0,0,0
4,CS28->US116,55416,55416,0
4,CS28->US124,0,0,0
4,CS29->US5,51296,51296,0
4,CS29->US13,0,0,0
4,CS29->US21,0,0,0
4,CS29->US29,0,0,0
4,CS29->US37,0,0,0
4,CS29->US45,51926,51926,0
4,CS29->US53,51365,51365,0
4,CS29->US61,0,0,0
4,CS29->US69,0,0,0
4,CS29->US77,41652,41652,0
4,CS29->US85,0,0,0
4,CS29->US93,42280,42279,0
4,CS29->US101,0,0,0
4,CS29->US109,0,0,0
4,CS29->US117,55508,55508,0
4,CS29->US125,0,0,0
4,CS30->US6,51564,51564,0
4,CS30->US14,0,0,0
4,CS30->US22,0,0,0
4,CS30->US30,0,0,0
4,CS30->US38,0,0,0
4,CS30->US46,51753,51753,0
4,CS30->US54,51617,51617,0
4,CS30->US62,0,0,0
4,CS30->US70,0,0,0
4,CS30->US78,41933,41932,0
4,CS30->US86,0,0,0
4,CS30->US94,42542,42541,0
4,CS30->US102,0,0,0
4,CS30->US110,0,0,0
4,CS30->US118,55381,55381,0
4,CS30->US126,0,0,0
4,CS31->US7,51299,51299,0
4,CS31->US15,0,0,0
4,CS31->US23,0,0,0
4,CS31->US31,0,0,0
4,CS31->US39,0,0,0
4,CS31->US47,51880,51880,0
4,CS31->US55,51545,51545,0
4,CS31->US63,0,0,0
4,CS31->US71,0,0,0
4,CS31->US79,41955,41955,0
4,CS31->US87,0,0,0
4,CS31->US95,42454,42452,0
4,CS31->US103,0,0,0
4,CS31->US111,0,0,0
4,CS31->US119,55372,55372,0
4,CS31->US127,0,0,0
4,CS32->US0,51166,51166,0
4,CS32->US8,0,0,0
4,CS32->US16,0,0,0
4,CS32->US24,0,0,0
4,CS32->US32,0,0,0
4,CS32->US40,51647,51647,0
4,CS32->US48,51858,51858,0
4,CS32->US56,0,0,0
4,CS32->US64,0,0,0
4,CS32->US72,41812,41809,0
4,CS32->US80,0,0,0
4,CS32->US88,42383,42383,0
4,CS32->US96,0,0,0
4,CS32->US104,0,0,0
4,CS32->US112,55574,55574,0
4,CS32->US120,0,0,0
4,CS33->US1,51736,51736,0
4,CS33->US9,0,0,0
4,CS33->US17,0,0,0
4,CS33->US25,0,0,0
4,CS33->US33,0,0,0
4,CS33->US41,51923,51923,0
4,CS33->US49,51806,51806,0
4,CS33->US57,0,0,0
4,CS33->US65,0,0,0
4,CS33->US73,41491,41490,0
4,CS33->US81,0,0,0
4,CS33->US89,42309,42309,0
4,CS33->US97,0,0,0
4,CS33->US105,0,0,0
4,CS33->US113,55926,55926,0
4,CS33->US121,0,0,0
4,CS34->US2,51149,51149,0
4,CS34->US10,0,0,0
4,CS34->US18,0,0,0
4,CS34->US26,0,0,0
4,CS34->US34,0,0,0
4,CS34->US42,51791,51791,0
4,CS34->US50,51331,51331,0
4,CS34->US58,0,0,0
4,CS34->US66,0,0,0
4,CS34->US74,41918,41918,0
4,CS34->US82,0,0,0
4,CS34->US90,42513,42513,0
4,CS34->US98,0,0,0
4,CS34->US106,0,0,0
4,CS34->US114,55448,55448,0
4,CS34->US122,0,0,0
4,CS35->US3,51672,51672,0
4,CS35->US11,0,0,0
4,CS35->US19,0,0,0
4,CS35->US27,0,0,0
4,CS35->US35,0,0,0
4,CS35->US43,51559,51559,0
4,CS35->US51,51452,51452,0
4,CS35->US59,0,0,0
4,CS35->US67,0,0,0
4,CS35->US75,42036,42036,0
4,CS35->US83,0,0,0
4,CS35->US91,42490,42490,0
4,CS35->US99,0,0,0
4,CS35->US107,0,0,0
4,CS35->US115,55920,55920,0
4,CS35->US123,0,0,0
4,CS36->US4,51537,51537,0
4,CS36->US12,0,0,0
4,CS36->US20,0,0,0
4,CS36->US28,0,0,0
4,CS36->US36,0,0,0
4,CS36->US44,51722,51722,0
4,CS36->US52,51296,51296,0
4,CS36->US60,0,0,0
4,CS36->US68,0,0,0
4,CS36->US76,41807,41807,0
4,CS36->US84,0,0,0
4,CS36->US92,42439,42438,0
4,CS36->US100,0,0,0
4,CS36->US108,0,0,0
4,CS36->US116,55134,55134,0
4,CS36->US124,0,0,0
4,CS37->US5,51409,51409,0
4,CS37->US13,0,0,0
4,CS37->US21,0,0,0
4,CS37->US29,0,0,0
4,CS37->US37,0,0,0
4,CS37->US45,51756,51756,0
4,CS37->US53,51329,51329,0
4,CS37->US61,0,0,0
4,CS37->US69,0,0,0
4,CS37->US77,42368,42367,0
4,CS37->US85,0,0,0
4,CS37->US93,42334,42334,0
4,CS37->US101,0,0,0
4,CS37->US109,0,0,0
4,CS37->US117,55124,55124,0
4,CS37->US125,0,0,0
4,CS38->US6,51270,51270,0
4,CS38->US14,0,0,0
4,CS38->US22,0,0,0
4,CS38->US30,0,0,0
4,CS38->US38,0,0,0
4,CS38->US46,51653,51653,0
4,CS38->US54,51539,51539,0
4,CS38->US62,0,0,0
4,CS38->US70,0,0,0
4,CS38->US78,41914,41914,0
4,CS38->US86,0,0,0
4,CS38->US94,42759,42759,0
4,CS38->US102,0,0,0
4,CS38->US110,0,0,0
4,CS38->US118,55733,55733,0
4,CS38->US126,0,0,0
4,CS39->US7,51753,51753,0
4,CS39->US15,0,0,0
4,CS39->US23,0,0,0
4,CS39->US31,0,0,0
4,CS39->US39,0,0,0
4,CS39->US47,51650,51650,0
4,CS39->US55,51100,51100,0
4,CS39->US63,0,0,0
4,CS39->US71,0,0,0
4,CS39->US79,42201,42200,0
4,CS39->US87,0,0,0
4,CS39->US95,42421,42419,0
4,CS39->US103,0,0,0
4,CS39->US111,0,0,0
4,CS39->US119,55501,55501,0
4,CS39->US127,0,0,0
4,CS40->US0,51537,51537,0
4,CS40->US8,0,0,0
4,CS40->US16,0,0,0
4,CS40->US24,0,0,0
4,CS40->US32,0,0,0
4,CS40->US40,51564,51564,0
4,CS40->US48,51111,51111,0
4,CS40->US56,0,0,0
4,CS40->US64,0,0,0
4,CS40->US72,41836,41834,0
4,CS40->US80,0,0,0
4,CS40->US88,42775,42775,0
4,CS40->US96,0,0,0
4,CS40->US104,0,0,0
4,CS40->US112,55777,55777,0
4,CS40->US120,0,0,0
4,CS41->US1,51186,51186,0
4,CS41->US9,0,0,0
4,CS41->US17,0,0,0
4,CS41->US25,0,0,0
4,CS41->US33,0,0,0
4,CS41->US41,51735,51735,0
4,CS41->US49,51687,51687,0
4,CS41->US57,0,0,0
4,CS41->US65,0,0,0
4,CS41->US73,41645,41645,0
4,CS41->US81,0,0,0
4,CS41->US89,42652,42651,0
4,CS41->US97,0,0,0
4,CS41->US105,0,0,0
4,CS41->US113,55377,55377,0
4,CS41->US121,0,0,0
4,CS42->US2,51329,51329,0
4,CS42->US10,0,0,0
4,CS42->US18,0,0,0
4,CS42->US26,0,0,0
4,CS42->US34,0,0,0
4,CS42->US42,51503,51503,0
4,CS42->US50,51676,51676,0
4,CS42->US58,0,0,0
4,CS42->US66,0,0,0
4,CS42->US74,41576,41576,0
4,CS42->US82,0,0,0
4,CS42->US90,42472,42472,0
4,CS42->US98,0,0,0
4,CS42->US106,0,0,0
4,CS42->US114,55414,55414,0
4,CS42->US122,0,0,0
4,CS43->US3,51249,51249,0
4,CS43->US11,0,0,0
4,CS43->US19,0,0,0
4,CS43->US27,0,0,0
4,CS43->US35,0,0,0
4,CS43->US43,51680,51680,0
4,CS43->US51,51598,51598,0
4,CS43->US59,0,0,0
4,CS43->US67,0,0,0
4,CS43->US75,42038,42038,0
4,CS43->US83,0,0,0
4,CS43->US91,42801,42801,0
4,CS43->US99,0,0,0
4,CS43->US107,0,0,0
4,CS43->US115,54957,54957,0
4,CS43->US123,0,0,0
4,CS44->US4,51399,51399,0
4,CS44->US12,0,0,0
4,CS44->US20,0,0,0
4,CS44->US28,0,0,0
4,CS44->US36,0,0,0
4,CS44->US44,51724,51724,0
4,CS44->US52,51459,51459,0
4,CS44->US60,0,0,0
4,CS44->US68,0,0,0
4,CS44->US76,41852,41852,0
4,CS44->US84,0,0,0
4,CS44->US92,42795,42795,0
4,CS44->US100,0,0,0
4,CS44->US108,0,0,0
4,CS44->US116,55177,55177,0
4,CS44->US124,0,0,0
4,CS45->US5,51296,51296,0
4,CS45->US13,0,0,0
4,CS45->US21,0,0,0
4,CS45->US29,0,0,0
4,CS45->US37,0,0,0
4,CS45->US45,51796,51796,0
4,CS45->US53,51336,51336,0
4,CS45->US61,0,0,0
4,CS45->US69,0,0,0
4,CS45->US77,41985,41984,0
4,CS45->US85,0,0,0
4,CS45->US93,43233,43232,0
4,CS45->US101,0,0,0
4,CS45->US109,0,0,0
4,CS45->US117,55504,55504,0
4,CS45->US125,0,0,0
4,CS46->US6,51413,51413,0
4,CS46->US14,0,0,0
4,CS46->US22,0,0,0
4,CS46->US30,0,0,0
4,CS46->US38,0,0,0
4,CS46->US46,51996,51996,0
4,CS46->US54,51512,51512,0
4,CS46->US62,0,0,0
4,CS46->US70,0,0,0
4,CS46->US78,42144,42144,0
4,CS46->US86,0,0,0
4,CS46->US94,42626,42626,0
4,CS46->US102,0,0,0
4,CS46->US110,0,0,0
4,CS46->US118,55988,55988,0
4,CS46->US126,0,0,0
4,CS47->US7,51262,51262,0
4,CS47->US15,0,0,0
4,CS47->US23,0,0,0
4,CS47->US31,0,0,0
4,CS47->US39,0,0,0
4,CS47->US47,51757,51757,0
4,CS47->US55,51178,51178,0
4,CS47->US63,0,0,0
4,CS47->US71,0,0,0
4,CS47->US79,41795,41794,0
4,CS47->US87,0,0,0
4,CS47->US95,42337,42337,0
4,CS47->US103,0,0,0
4,CS47->US111,0,0,0
4,CS47->US119,55545,55545,0
4,CS47->US127,0,0,0
4,CS48->US0,51580,51580,0
4,CS48->US8,0,0,0
4,CS48->US16,0,0,0
4,CS48->US24,0,0,0
4,CS48->US32,0,0,0
4,CS48->US40,51983,51983,0
4,CS48->US48,51678,51678,0
4,CS48->US56,0,0,0
4,CS48->US64,0,0,0
4,CS48->US72,41997,41996,0
4,CS48->US80,0,0,0
4,CS48->US88,42591,42591,0
4,CS48->US96,0,0,0
4,CS48->US104,0,0,0
4,CS48->US112,55397,55397,0
4,CS48->US120,0,0,0
4,CS49->US1,51268,51268,0
4,CS49->US9,0,0,0
4,CS49->US17,0,0,0
4,CS49->US25,0,0,0
4,CS49->US33,0,0,0
4,CS49->US41,51802,51802,0
4,CS49->US49,51182,51182,0
4,CS49->US57,0,0,0
4,CS49->US65,0,0,0
4,CS49->US73,41750,41749,0
4,CS49->US81,0,0,0
4,CS49->US89,42495,42495,0
4,CS49->US97,0,0,0
4,CS49->US105,0,0,0
4,CS49->US113,55712,55712,0
4,CS49->US121,0,0,0
4,CS50->US2,51057,51057,0
4,CS50->US10,0,0,0
4,CS50->US18,0,0,0
4,CS50->US26,0,0,0
4,CS50->US34,0,0,0
4,CS50->US42,51823,51823,0
4,CS50->US50,51508,51508,0
4,CS50->US58,0,0,0
4,CS50->US66,0,0,0
4,CS50->US74,41910,41910,0
4,CS50->US82,0,0,0
4,CS50->US90,42639,42638,0
4,CS50->US98,0,0,0
4,CS50->US106,0,0,0
4,CS50->US114,55824,55824,0
4,CS50->US122,0,0,0
4,CS51->US3,51253,51253,0
4,CS51->US11,0,0,0
4,CS51->US19,0,0,0
4,CS51->US27,0,0,0
4,CS51->US35,0,0,0
4,CS51->US43,51813,51813,0
4,CS51->US51,51705,51705,0
4,CS51->US59,0,0,0
4,CS51->US67,0,0,0
4,CS51->US75,42020,42020,0
4,CS51->US83,0,0,0
4,CS51->US91,42415,42414,0
4,CS51->US99,0,0,0
4,CS51->US107,0,0,0
4,CS51->US115,55555,55555,0
4,CS51->US123,0,0,0
4,CS52->US4,51426,51426,0
4,CS52->US12,0,0,0
4,CS52->US20,0,0,0
4,CS52->US28,0,0,0
4,CS52->US36,0,0,0
4,CS52->US44,52310,52310,0
4,CS52->US52,51474,51474,0
4,CS52->US60,0,0,0
4,CS52->US68,0,0,0
4,CS52->US76,42251,42251,0
4,CS52->US84,0,0,0
4,CS52->US92,42786,42784,0
4,CS52->US100,0,0,0
4,CS52->US108,0,0,0
4,CS52->US116,55441,55441,0
4,CS52->US124,0,0,0
4,CS53->US5,51458,51458,0
4,CS53->US13,0,0,0
4,CS53->US21,0,0,0
4,CS53->US29,0,0,0
4,CS53->US37,0,0,0
4,CS53->US45,52046,52046,0
4,CS53->US53,51496,51496,0
4,CS53->US61,0,0,0
4,CS53->US69,0,0,0
4,CS53->US77,42257,42256,0
4,CS53->US85,0,0,0
4,CS53->US93,42497,42497,0
4,CS53->US101,0,0,0
4,CS53->US109,0,0,0
4,CS53->US117,55030,55030,0
4,CS53->US125,0,0,0
4,CS54->US6,51102,51102,0
4,CS54->US14,0,0,0
4,CS54->US22,0,0,0
4,CS54->US30,0,0,0
4,CS54->US38,0,0,0
4,CS54->US46,51702,51702,0
4,CS54->US54,51307,51307,0
4,CS54->US62,0,0,0
4,CS54->US70,0,0,0
4,CS54->US78,42142,42141,0
4,CS54->US86,0,0,0
4,CS54->US94,42304,42304,0
4,CS54->US102,0,0,0
4,CS54->US110,0,0,0
4,CS54->US118,55704,55704,0
4,CS54->US126,0,0,0
4,CS55->US7,51413,51413,0
4,CS55->US15,0,0,0
4,CS55->US23,0,0,0
4,CS55->US31,0,0,0
4,CS55->US39,0,0,0
4,CS55->US47,51575,51575,0
4,CS55->US55,51493,51493,0
4,CS55->US63,0,0,0
4,CS55->US71,0,0,0
4,CS55->US79,41412,41412,0
4,CS55->US87,0,0,0
4,CS55->US95,42534,42534,0
4,CS55->US103,0,0,0
4,CS55->US111,0,0,0
4,CS55->US119,55802,55802,0
4,CS55->US127,0,0,0
4,CS56->US0,51561,51561,0
4,CS56->US8,0,0,0
4,CS56->US16,0,0,0
4,CS56->US24,0,0,0
4,CS56->US32,0,0,0
4,CS56->US40,51462,51462,0
4,CS56->US48,51621,51621,0
4,CS56->US56,0,0,0
4,CS56->US64,0,0,0
4,CS56->US72,41811,41810,0
4,CS56->US80,0,0,0
4,CS56->US88,42525,42525,0
4,CS56->US96,0,0,0
4,CS56->US104,0,0,0
4,CS56->US112,55683,55683,0
4,CS56->US120,0,0,0
4,CS57->US1,51546,51546,0
4,CS57->US9,0,0,0
4,CS57->US17,0,0,0
4,CS57->US25,0,0,0
4,CS57->US33,0,0,0
4,CS57->US41,51998,51998,0
4,CS57->US49,51415,51415,0
4,CS57->US57,0,0,0
4,CS57->US65,0,0,0
4,CS57->US73,42338,42338,0
4,CS57->US81,0,0,0
4,CS57->US89,42547,42546,0
4,CS57->US97,0,0,0
4,CS57->US105,0,0,0
4,CS57->US113,55978,55978,0
4,CS57->US121,0,0,0
4,CS58->US2,51816,51816,0
4,CS58->US10,0,0,0
4,CS58->US18,0,0,0
4,CS58->US26,0,0,0
4,CS58->US34,0,0,0
4,CS58->US42,51544,51544,0
4,CS58->US50,51452,51452,0
4,CS58->US58,0,0,0
4,CS58->US66,0,0,0
4,CS58->US74,42303,42303,0
4,CS58->US82,0,0,0
4,CS58->US90,42503,42503,0
4,CS58->US98,0,0,0
4,CS58->US106,0,0,0
4,CS58->US114,55733,55733,0
4,CS58->US122,0,0,0
4,CS59->US3,51347,51347,0
4,CS59->US11,0,0,0
4,CS59->US19,0,0,0
4,CS59->US27,0,0,0
4,CS59->US35,0,0,0
4,CS59->US43,52199,52199,0
4,CS59->US51,51116,51116,0
4,CS59->US59,0,0,0
4,CS59->US67,0,0,0
4,CS59->US75,41928,41927,0
4,CS59->US83,0,0,0
4,CS59->US91,42543,42542,0
4,CS59->US99,0,0,0
4,CS59->US107,0,0,0
4,CS59->US115,55613,55613,0
4,CS59->US123,0,0,0
4,CS60->US4,51545,51545,0
4,CS60->US12,0,0,0
4,CS60->US20,0,0,0
4,CS60->US28,0,0,0
4,CS60->US36,0,0,0
4,CS60->US44,51231,51231,0
4,CS60->US52,51509,51509,0
4,CS60->US60,0,0,0
4,CS60->US68,0,0,0
4,CS60->US76,42138,42137,0
4,CS60->US84,0,0,0
4,CS60->US92,42637,42636,0
4,CS60->US100,0,0,0
4,CS60->US108,0,0,0
4,CS60->US116,55528,55528,0
4,CS60->US124,0,0,0
4,CS61->US5,51613,51613,0
4,CS61->US13,0,0,0
4,CS61->US21,0,0,0
4,CS61->US29,0,0,0
4,CS61->US37,0,0,0
4,CS61->US45,51917,51917,0
4,CS61->US53,51345,51345,0
4,CS61->US61,0,0,0
4,CS61->US69,0,0,0
4,CS61->US77,41967,41967,0
4,CS61->US85,0,0,0
4,CS61->US93,42781,42780,0
4,CS61->US101,0,0,0
4,CS61->US109,0,0,0
4,CS61->US117,55340,55340,0
4,CS61->US125,0,0,0
4,CS62->US6,51393,51393,0
4,CS62->US14,0,0,0
4,CS62->US22,0,0,0
4,CS62->US30,0,0,0
4,CS62->US38,0,0,0
4,CS62->US46,51482,51482,0
4,CS62->US54,51429,51429,0
4,CS62->US62,0,0,0
4,CS62->US70,0,0,0
4,CS62->US78,42286,42286,0
4,CS62->US86,0,0,0
4,CS62->US94,42480,42478,0
4,CS62->US102,0,0,0
4,CS62->US110,0,0,0
4,CS62->US118,55647,55647,0
4,CS62->US126,0,0,0
4,CS63->US7,51571,51571,0
4,CS63->US15,0,0,0
4,CS63->US23,0,0,0
4,CS63->US31,0,0,0
4,CS63->US39,0,0,0
4,CS63->US47,51848,51848,0
4,CS63->US55,51684,51684,0
4,CS63->US63,0,0,0
4,CS63->US71,0,0,0
4,CS63->US79,42051,42050,0
4,CS63->US87,0,0,0
4,CS63->US95,42446,42444,0
4,CS63->US103,0,0,0
4,CS63->US111,0,0,0
4,CS63->US119,55899,55899,0
4,CS63->US127,0,0,0
5,US0->CS0,51659,51659,0
5,US0->CS8,51628,51628,0
5,US0->CS16,51842,51842,0
5,US0->CS24,51944,51944,0
5,US0->CS32,52200,52200,0
5,US0->CS40,51403,51403,0
5,US0->CS48,51985,51985,0
5,US0->CS56,51966,51966,0
5,US1->CS1,51490,51490,0
5,US1->CS9,51717,51717,0
5,US1->CS17,51720,51720,0
5,US1->CS25,51952,51952,0
5,US1->CS33,52087,52087,0
5,US1->CS41,52016,52016,0
5,US1->CS49,51514,51514,0
5,US1->CS57,51733,51733,0
5,US2->CS2,51678,51678,0
5,US2->CS10,51640,51640,0
5,US2->CS18,51691,51691,0
5,US2->CS26,52024,52024,0
5,US2->CS34,51656,51656,0
5,US2->CS42,52026,52026,0
5,US2->CS50,51849,51849,0
5,US2->CS58,51789,51789,0
5,US3->CS3,52063,52063,0
5,US3->CS11,51481,51481,0
5,US3->CS19,52047,52047,0
5,US3->CS27,51821,51821,0
5,US3->CS35,51708,51708,0
5,US3->CS43,51893,51893,0
5,US3->CS51,52022,52022,0
5,US3->CS59,51468,51468,0
5,US4->CS4,51699,51699,0
5,US4->CS12,51643,51643,0
5,US4->CS20,51570,51570,0
5,US4->CS28,51918,51918,0
5,US4->CS36,51642,51642,0
5,US4->CS44,51769,51769,0
5,US4->CS52,51793,51793,0
5,US4->CS60,51837,51837,0
5,US5->CS5,51668,51668,0
5,US5->CS13,51561,51561,0
5,US5->CS21,51640,51640,0
5,US5->CS29,51675,51675,0
5,US5->CS37,51684,51684,0
5,US5->CS45,51640,51640,0
5,US5->CS53,51823,51823,0
5,US5->CS61,51630,51630,0
5,US6->CS6,51640,51640,0
5,US6->CS14,51789,51789,0
5,US6->CS22,52103,52103,0
5,US6->CS30,51917,51917,0
5,US6->CS38,51845,51845,0
5,US6->CS46,51805,51805,0
5,US6->CS54,51617,51617,0
5,US6->CS62,51759,51759,0
5,US7->CS7,51488,51488,0
5,US7->CS15,51768,51768,0
5,US7->CS23,51466,51466,0
5,US7->CS31,51843,51843,0
5,US7->CS39,51429,51429,0
5,US7->CS47,51498,51498,0
5,US7->CS55,51810,51810,0
5,US7->CS63,51961,51961,0
5,US8->CS0,0,0,0
5,US8->CS8,0,0,0
5,US8->CS16,0,0,0
5,US8->CS24,0,0,0
5,US8->CS32,0,0,0
5,US8->CS40,0,0,0
5,US8->CS48,0,0,0
5,US8->CS56,0,0,0
5,US9->CS1,0,0,0
5,US9->CS9,0,0,0
5,US9->CS17,0,0,0
5,US9->CS25,0,0,0
5,US9->CS33,0,0,0
5,US9->CS41,0,0,0
5,US9->CS49,0,0,0
5,US9->CS57,0,0,0
5,US10->CS2,0,0,0
5,US10->CS10,0,0,0
5,US10->CS18,0,0,0
5,US10->CS26,0,0,0
5,US10->CS34,0,0,0
5,US10->CS42,0,0,0
5,US10->CS50,0,0,0
5,US10->CS58,0,0,0
5,US11->CS3,0,0,0
5,US11->CS11,0,0,0
5,US11->CS19,0,0,0
5,US11->CS27,0,0,0
5,US11->CS35,0,0,0
5,US11->CS43,0,0,0
5,US11->CS51,0,0,0
5,US11->CS59,0,0,0
5,US12->CS4,0,0,0
5,US12->CS12,0,0,0
5,US12->CS20,0,0,0
5,US12->CS28,0,0,0
5,US12->CS36,0,0,0
5,US12->CS44,0,0,0
5,US12->CS52,0,0,0
5,US12->CS60,0,0,0
5,US13->CS5,0,0,0
5,US13->CS13,0,0,0
5,US13->CS21,0,0,0
5,US13->CS29,0,0,0
5,US13->CS37,0,0,0
5,US13->CS45,0,0,0
5,US13->CS53,0,0,0
5,US13->CS61,0,0,0
5,US14->CS6,0,0,0
5,US14->CS14,0,0,0
5,US14->CS22,0,0,0
5,US14->CS30,0,0,0
5,US14->CS38,0,0,0
5,US14->CS46,0,0,0
5,US14->CS54,0,0,0
5,US14->CS62,0,0,0
5,US15->CS7,0,0,0
5,US15->CS15,0,0,0
5,US15->CS23,0,0,0
5,US15->CS31,0,0,0
5,US15->CS39,0,0,0
5,US15->CS47,0,0,0
5,US15->CS55,0,0,0
5,US15->CS63,0,0,0
5,US16->CS0,24215,24214,0
5,US16->CS8,24482,24482,0
5,US16->CS16,24032,24032,0
5,US16->CS24,24164,24164,0
5,US16->CS32,24250,24250,0
5,US16->CS40,24198,24198,0
5,US16->CS48,24362,24361,0
5,US16->CS56,24396,24396,0
5,US17->CS1,24266,24266,0
5,US17->CS9,24323,24323,0
5,US17->CS17,24151,24150,0
5,US17->CS25,24100,24100,0
5,US17->CS33,24250,24250,0
5,US17->CS41,24136,24135,0
5,US17->CS49,24029,24027,0
5,US17->CS57,24009,24009,0
5,US18->CS2,24285,24285,0
5,US18->CS10,24204,24204,0
5,US18->CS18,24104,24104,0
5,US18->CS26,24199,24198,0
5,US18->CS34,24350,24349,0
5,US18->CS42,24274,24274,0
5,US18->CS50,24210,24210,0
5,US18->CS58,24329,24327,0
5,US19->CS3,24239,24238,0
5,US19->CS11,24239,24239,0
5,US19->CS19,24023,24023,0
5,US19->CS27,24344,24341,0
5,US19->CS35,24308,24308,0
5,US19->CS43,24235,24235,0
5,US19->CS51,24587,24587,0
5,US19->CS59,24034,24032,0
5,US20->CS4,23996,23995,0
5,US20->CS12,24185,24184,0
5,US20->CS20,24522,24522,0
5,US20->CS28,24228,24228,0
5,US20->CS36,24007,24007,0
5,US20->CS44,24407,24407,0
5,US20->CS52,24462,24461,0
5,US20->CS60,24563,24562,0
5,US21->CS5,24056,24056,0
5,US21->CS13,24018,24018,0
5,US21->CS21,24082,24082,0
5,US21->CS29,24278,24277,0
5,US21->CS37,24053,24051,0
5,US21->CS45,24231,24231,0
5,US21->CS53,23844,23843,0
5,US21->CS61,24111,24111,0
5,US22->CS6,24328,24327,0
5,US22->CS14,24063,24063,0
5,US22->CS22,24629,24627,0
5,US22->CS30,24290,24289,0
5,US22->CS38,24241,24241,0
5,US22->CS46,24129,24129,0
5,US22->CS54,24099,24098,0
5,US22->CS62,24292,24292,0
5,US23->CS7,24207,24207,0
5,US23->CS15,24346,24346,0
5,US23->CS23,24225,24224,0
5,US23->CS31,23944,23944,0
5,US23->CS39,24343,24342,0
5,US23->CS47,24323,24323,0
5,US23->CS55,24249,24249,0
5,US23->CS63,24239,24237,0
5,US24->CS0,0,0,0
5,US24->CS8,0,0,0
5,US24->CS16,0,0,0
5,US24->CS24,0,0,0
5,US24->CS32,0,0,0
5,US24->CS40,0,0,0
5,US24->CS48,0,0,0
5,US24->CS56,0,0,0
5,US25->CS1,0,0,0
5,US25->CS9,0,0,0
5,US25->CS17,0,0,0
5,US25->CS25,0,0,0
5,US25->CS33,0,0,0
5,US25->CS41,0,0,0
5,US25->CS49,0,0,0
5,US25->CS57,0,0,0
5,US26->CS2,0,0,0
5,US26->CS10,0,0,0
5,US26->CS18,0,0,0
5,US26->CS26,0,0,0
5,US26->CS34,0,0,0
5,US26->CS42,0,0,0
5,US26->CS50,0,0,0
5,US26->CS58,0,0,0
5,US27->CS3,0,0,0
5,US27->CS11,0,0,0
5,US27->CS19,0,0,0
5,US27->CS27,0,0,0
5,US27->CS35,0,0,0
5,US27->CS43,0,0,0
5,US27->CS51,0,0,0
5,US27->CS59,0,0,0
5,US28->CS4,0,0,0
5,US28->CS12,0,0,0
5,US28->CS20,0,0,0
5,US28->CS28,0,0,0
5,US28->CS36,0,0,0
5,US28->CS44,0,0,0
5,US28->CS52,0,0,0
5,US28->CS60,0,0,0
5,US29->CS5,0,0,0
5,US29->CS13,0,0,0
5,US29->CS21,0,0,0
5,US29->CS29,0,0,0
5,US29->CS37,0,0,0
5,US29->CS45,0,0,0
5,US29->CS53,0,0,0
5,US29->CS61,0,0,0
5,US30->CS6,0,0,0
5,US30->CS14,0,0,0
5,US30->CS22,0,0,0
5,US30->CS30,0,0,0
5,US30->CS38,0,0,0
5,US30->CS46,0,0,0
5,US30->CS54,0,0,0
5,US30->CS62,0,0,0
5,US31->CS7,0,0,0
5,US31->CS15,0,0,0
5,US31->CS23,0,0,0
5,US31->CS31,0,0,0
5,US31->CS39,0,0,0
5,US31->CS47,0,0,0
5,US31->CS55,0,0,0
5,US31->CS63,0,0,0
5,US32->CS0,0,0,0
5,US32->CS8,0,0,0
5,US32->CS16,0,0,0
5,US32->CS24,0,0,0
5,US32->CS32,0,0,0
5,US32->CS40,0,0,0
5,US32->CS48,0,0,0
5,US32->CS56,0,0,0
5,US33->CS1,0,0,0
5,US33->CS9,0,0,0
5,US33->CS17,0,0,0
5,US33->CS25,0,0,0
5,US33->CS33,0,0,0
5,US33->CS41,0,0,0
5,US33->CS49,0,0,0
5,US33->CS57,0,0,0
5,US34->CS2,0,0,0
5,US34->CS10,0,0,0
5,US34->CS18,0,0,0
5,US34->CS26,0,0,0
5,US34->CS34,0,0,0
5,US34->CS42,0,0,0
5,US34->CS50,0,0,0
5,US34->CS58,0,0,0
5,US35->CS3,0,0,0
5,US35->CS11,0,0,0
5,US35->CS19,0,0,0
5,US35->CS27,0,0,0
5,US35->CS35,0,0,0
5,US35->CS43,0,0,0
5,US35->CS51,0,0,0
5,US35->CS59,0,0,0
5,US36->CS4,0,0,0
5,US36->CS12,0,0,0
5,US36->CS20,0,0,0
5,US36->CS28,0,0,0
5,US36->CS36,0,0,0
5,US36->CS44,0,0,0
5,US36->CS52,0,0,0
5,US36->CS60,0,0,0
5,US37->CS5,0,0,0
5,US37->CS13,0,0,0
5,US37->CS21,0,0,0
5,US37->CS29,0,0,0
5,US37->CS37,0,0,0
5,US37->CS45,0,0,0
5,US37->CS53,0,0,0
5,US37->CS61,0,0,0
5,US38->CS6,0,0,0
5,US38->CS14,0,0,0
5,US38->CS22,0,0,0
5,US38->CS30,0,0,0
5,US38->CS38,0,0,0
5,US38->CS46,0,0,0
5,US38->CS54,0,0,0
5,US38->CS62,0,0,0
5,US39->CS7,0,0,0
5,US39->CS15,0,0,0
5,US39->CS23,0,0,0
5,US39->CS31,0,0,0
5,US39->CS39,0,0,0
5,US39->CS47,0,0,0
5,US39->CS55,0,0,0
5,US39->CS63,0,0,0
5,US40->CS0,55173,55173,0
5,US40->CS8,55608,55608,0
5,US40->CS16,55691,55691,0
5,US40->CS24,55286,55286,0
5,US40->CS32,55542,55542,0
5,US40->CS40,55808,55808,0
5,US40->CS48,55420,55420,0
5,US40->CS56,55670,55670,0
5,US41->CS1,55770,55770,0
5,US41->CS9,55844,55844,0
5,US41->CS17,55568,55568,0
5,US41->CS25,55620,55620,0
5,US41->CS33,55937,55937,0
5,US41->CS41,55344,55344,0
5,US41->CS49,55693,55693,0
5,US41->CS57,55976,55976,0
5,US42->CS2,55260,55260,0
5,US42->CS10,55242,55242,0
5,US42->CS18,54903,54903,0
5,US42->CS26,55805,55805,0
5,US42->CS34,55463,55463,0
5,US42->CS42,55378,55378,0
5,US42->CS50,55840,55840,0
5,US42->CS58,55708,55708,0
5,US43->CS3,55357,55357,0
5,US43->CS11,55347,55347,0
5,US43->CS19,55638,55638,0
5,US43->CS27,55279,55279,0
5,US43->CS35,55996,55996,0
5,US43->CS43,54984,54984,0
5,US43->CS51,55578,55578,0
5,US43->CS59,55564,55564,0
5,US44->CS4,55531,55531,0
5,US44->CS12,55015,55015,0
5,US44->CS20,55500,55500,0
5,US44->CS28,55464,55464,0
5,US44->CS36,55150,55150,0
5,US44->CS44,55166,55166,0
5,US44->CS52,55496,55496,0
5,US44->CS60,55555,55555,0
5,US45->CS5,55179,55179,0
5,US45->CS13,55031,55031,0
5,US45->CS21,55472,55472,0
5,US45->CS29,55563,55563,0
5,US45->CS37,55115,55115,0
5,US45->CS45,55571,55571,0
5,US45->CS53,55058,55058,0
5,US45->CS61,55418,55418,0
5,US46->CS6,55867,55867,0
5,US46->CS14,55521,55521,0
5,US46->CS22,55389,55389,0
5,US46->CS30,55376,55376,0
5,US46->CS38,55788,55788,0
5,US46->CS46,56003,56003,0
5,US46->CS54,55739,55739,0
5,US46->CS62,55689,55689,0
5,US47->CS7,55902,55902,0
5,US47->CS15,55179,55179,0
5,US47->CS23,55408,55408,0
5,US47->CS31,55415,55415,0
5,US47->CS39,55493,55493,0
5,US47->CS47,55562,55562,0
5,US47->CS55,55795,55795,0
5,US47->CS63,55970,55970,0
5,US48->CS0,52204,52204,0
5,US48->CS8,52031,52031,0
5,US48->CS16,52509,52509,0
5,US48->CS24,51892,51892,0
5,US48->CS32,51491,51491,0
5,US48->CS40,51891,51891,0
5,US48->CS48,51853,51853,0
5,US48->CS56,51884,51884,0
5,US49->CS1,51864,51864,0
5,US49->CS9,51981,51981,0
5,US49->CS17,51977,51977,0
5,US49->CS25,52007,52007,0
5,US49->CS33,52037,52037,0
5,US49->CS41,51525,51525,0
5,US49->CS49,51608,51608,0
5,US49->CS57,51875,51875,0
5,US50->CS2,51843,51843,0
5,US50->CS10,51678,51678,0
5,US50->CS18,51870,51870,0
5,US50->CS26,51627,51627,0
5,US50->CS34,51431,51431,0
5,US50->CS42,51630,51630,0
5,US50->CS50,51352,51352,0
5,US50->CS58,52131,52131,0
5,US51->CS3,51355,51355,0
5,US51->CS11,51409,51409,0
5,US51->CS19,51751,51751,0
5,US51->CS27,51481,51481,0
5,US51->CS35,51928,51928,0
5,US51->CS43,51546,51546,0
5,US51->CS51,51552,51552,0
5,US51->CS59,51635,51635,0
5,US52->CS4,51930,51930,0
5,US52->CS12,51499,51499,0
5,US52->CS20,51792,51792,0
5,US52->CS28,51523,51523,0
5,US52->CS36,51891,51891,0
5,US52->CS44,51749,51749,0
5,US52->CS52,51772,51772,0
5,US52->CS60,51875,51875,0
5,US53->CS5,51497,51497,0
5,US53->CS13,51989,51989,0
5,US53->CS21,52103,52103,0
5,US53->CS29,51663,51663,0
5,US53->CS37,51703,51703,0
5,US53->CS45,51634,51634,0
5,US53->CS53,51791,51791,0
5,US53->CS61,51926,51926,0
5,US54->CS6,51922,51922,0
5,US54->CS14,51528,51528,0
5,US54->CS22,51479,51479,0
5,US54->CS30,51881,51881,0
5,US54->CS38,51628,51628,0
5,US54->CS46,51773,51773,0
5,US54->CS54,51393,51393,0
5,US54->CS62,51652,51652,0
5,US55->CS7,51651,51651,0
5,US55->CS15,51749,51749,0
5,US55->CS23,51741,51741,0
5,US55->CS31,51631,51631,0
5,US55->CS39,52096,52096,0
5,US55->CS47,51610,51610,0
5,US55->CS55,51728,51728,0
5,US55->CS63,51882,51882,0
5,US56->CS0,0,0,0
5,US56->CS8,0,0,0
5,US56->CS16,0,0,0
5,US56->CS24,0,0,0
5,US56->CS32,0,0,0
5,US56->CS40,0,0,0
5,US56->CS48,0,0,0
5,US56->CS56,0,0,0
5,US57->CS1,0,0,0
5,US57->CS9,0,0,0
5,US57->CS17,0,0,0
5,US57->CS25,0,0,0
5,US57->CS33,0,0,0
5,US57->CS41,0,0,0
5,US57->CS49,0,0,0
5,US57->CS57,0,0,0
5,US58->CS2,0,0,0
5,US58->CS10,0,0,0
5,US58->CS18,0,0,0
5,US58->CS26,0,0,0
5,US58->CS34,0,0,0
5,US58->CS42,0,0,0
5,US58->CS50,0,0,0
5,US58->CS58,0,0,0
5,US59->CS3,0,0,0
5,US59->CS11,0,0,0
5,US59->CS19,0,0,0
5,US59->CS27,0,0,0
5,US59->CS35,0,0,0
5,US59->CS43,0,0,0
5,US59->CS51,0,0,0
5,US59->CS59,0,0,0
5,US60->CS4,0,0,0
5,US60->CS12,0,0,0
5,US60->CS20,0,0,0
5,US60->CS28,0,0,0
5,US60->CS36,0,0,0
5,US60->CS44,0,0,0
5,US60->CS52,0,0,0
5,US60->CS60,0,0,0
5,US61->CS5,0,0,0
5,US61->CS13,0,0,0
5,US61->CS21,0,0,0
5,US61->CS29,0,0,0
5,US61->CS37,0,0,0
5,US61->CS45,0,0,0
5,US61->CS53,0,0,0
5,US61->CS61,0,0,0
5,US62->CS6,0,0,0
5,US62->CS14,0,0,0
5,US62->CS22,0,0,0
5,US62->CS30,0,0,0
5,US62->CS38,0,0,0
5,US62->CS46,0,0,0
5,US62->CS54,0,0,0
5,US62->CS62,0,0,0
5,US63->CS7,0,0,0
5,US63->CS15,0,0,0
5,US63->CS23,0,0,0
5,US63->CS31,0,0,0
5,US63->CS39,0,0,0
5,US63->CS47,0,0,0
5,US63->CS55,0,0,0
5,US63->CS63,0,0,0
5,US64->CS0,0,0,0
5,US64->CS8,0,0,0
5,US64->CS16,0,0,0
5,US64->CS24,0,0,0
5,US64->CS32,0,0,0
5,US64->CS40,0,0,0
5,US64->CS48,0,0,0
5,US64->CS56,0,0,0
5,US65->CS1,0,0,0
5,US65->CS9,0,0,0
5,US65->CS17,0,0,0
5,US65->CS25,0,0,0
5,US65->CS33,0,0,0
5,US65->CS41,0,0,0
5,US65->CS49,0,0,0
5,US65->CS57,0,0,0
5,US66->CS2,0,0,0
5,US66->CS10,0,0,0
5,US66->CS18,0,0,0
5,US66->CS26,0,0,0
5,US66->CS34,0,0,0
5,US66->CS42,0,0,0
5,US66->CS50,0,0,0
5,US66->CS58,0,0,0
5,US67->CS3,0,0,0
5,US67->CS11,0,0,0
5,US67->CS19,0,0,0
5,US67->CS27,0,0,0
5,US67->CS35,0,0,0
5,US67->CS43,0,0,0
5,US67->CS51,0,0,0
5,US67->CS59,0,0,0
5,US68->CS4,0,0,0
5,US68->CS12,0,0,0
5,US68->CS20,0,0,0
5,US68->CS28,0,0,0
5,US68->CS36,0,0,0
5,US68->CS44,0,0,0
5,US68->CS52,0,0,0
5,US68->CS60,0,0,0
5,US69->CS5,0,0,0
5,US69->CS13,0,0,0
5,US69->CS21,0,0,0
5,US69->CS29,0,0,0
5,US69->CS37,0,0,0
5,US69->CS45,0,0,0
5,US69->CS53,0,0,0
5,US69->CS61,0,0,0
5,US70->CS6,0,0,0
5,US70->CS14,0,0,0
5,US70->CS22,0,0,0
5,US70->CS30,0,0,0
5,US70->CS38,0,0,0
5,US70->CS46,0,0,0
5,US70->CS54,0,0,0
5,US70->CS62,0,0,0
5,US71->CS7,0,0,0
5,US71->CS15,0,0,0
5,US71->CS23,0,0,0
5,US71->CS31,0,0,0
5,US71->CS39,0,0,0
5,US71->CS47,0,0,0
5,US71->CS55,0,0,0
5,US71->CS63,0,0,0
5,US72->CS0,50964,50964,0
5,US72->CS8,50574,50574,0
5,US72->CS16,51012,51012,0
5,US72->CS24,51012,51012,0
5,US72->CS32,50595,50595,0
5,US72->CS40,51093,51093,0
5,US72->CS48,50929,50929,0
5,US72->CS56,50951,50951,0
5,US73->CS1,50274,50274,0
5,US73->CS9,51244,51244,0
5,US73->CS17,50762,50762,0
5,US73->CS25,50694,50694,0
5,US73->CS33,50785,50785,0
5,US73->CS41,50838,50838,0
5,US73->CS49,50768,50768,0
5,US73->CS57,50966,50966,0
5,US74->CS2,50924,50924,0
5,US74->CS10,50439,50439,0
5,US74->CS18,50859,50859,0
5,US74->CS26,50700,50700,0
5,US74->CS34,50840,50840,0
5,US74->CS42,50712,50712,0
5,US74->CS50,50995,50995,0
5,US74->CS58,50603,50603,0
5,US75->CS3,50719,50719,0
5,US75->CS11,50360,50360,0
5,US75->CS19,50932,50932,0
5,US75->CS27,51011,51011,0
5,US75->CS35,50639,50639,0
5,US75->CS43,51060,51060,0
5,US75->CS51,50594,50594,0
5,US75->CS59,50756,50756,0
5,US76->CS4,50869,50869,0
5,US76->CS12,51257,51257,0
5,US76->CS20,50493,50493,0
5,US76->CS28,50672,50672,0
5,US76->CS36,50742,50742,0
5,US76->CS44,50853,50853,0
5,US76->CS52,51155,51155,0
5,US76->CS60,50771,50771,0
5,US77->CS5,50930,50930,0
5,US77->CS13,51141,51141,0
5,US77->CS21,51029,51029,0
5,US77->CS29,50862,50862,0
5,US77->CS37,50497,50497,0
5,US77->CS45,51563,51563,0
5,US77->CS53,50714,50714,0
5,US77->CS61,51141,51141,0
5,US78->CS6,50655,50655,0
5,US78->CS14,50881,50881,0
5,US78->CS22,51188,51188,0
5,US78->CS30,50916,50916,0
5,US78->CS38,51032,51032,0
5,US78->CS46,50774,50774,0
5,US78->CS54,50521,50521,0
5,US78->CS62,50886,50886,0
5,US79->CS7,50817,50817,0
5,US79->CS15,50978,50978,0
5,US79->CS23,50763,50763,0
5,US79->CS31,50822,50822,0
5,US79->CS39,50848,50848,0
5,US79->CS47,50714,50714,0
5,US79->CS55,50888,50888,0
5,US79->CS63,50758,50758,0
5,US80->CS0,0,0,0
5,US80->CS8,0,0,0
5,US80->CS16,0,0,0
5,US80->CS24,0,0,0
5,US80->CS32,0,0,0
5,US80->CS40,0,0,0
5,US80->CS48,0,0,0
5,US80->CS56,0,0,0
5,US81->CS1,0,0,0
5,US81->CS9,0,0,0
5,US81->CS17,0,0,0
5,US81->CS25,0,0,0
5,US81->CS33,0,0,0
5,US81->CS41,0,0,0
5,US81->CS49,0,0,0
5,US81->CS57,0,0,0
5,US82->CS2,0,0,0
5,US82->CS10,0,0,0
5,US82->CS18,0,0,0
5,US82->CS26,0,0,0
5,US82->CS34,0,0,0
5,US82->CS42,0,0,0
5,US82->CS50,0,0,0
5,US82->CS58,0,0,0
5,US83->CS3,0,0,0
5,US83->CS11,0,0,0
5,US83->CS19,0,0,0
5,US83->CS27,0,0,0
5,US83->CS35,0,0,0
5,US83->CS43,0,0,0
5,US83->CS51,0,0,0
5,US83->CS59,0,0,0
5,US84->CS4,0,0,0
5,US84->CS12,0,0,0
5,US84->CS20,0,0,0
5,US84->CS28,0,0,0
5,US84->CS36,0,0,0
5,US84->CS44,0,0,0
5,US84->CS52,0,0,0
5,US84->CS60,0,0,0
5,US85->CS5,0,0,0
5,US85->CS13,0,0,0
5,US85->CS21,0,0,0
5,US85->CS29,0,0,0
5,US85->CS37,0,0,0
5,US85->CS45,0,0,0
5,US85->CS53,0,0,0
5,US85->CS61,0,0,0
5,US86->CS6,0,0,0
5,US86->CS14,0,0,0
5,US86->CS22,0,0,0
5,US86->CS30,0,0,0
5,US86->CS38,0,0,0
5,US86->CS46,0,0,0
5,US86->CS54,0,0,0
5,US86->CS62,0,0,0
5,US87->CS7,0,0,0
5,US87->CS15,0,0,0
5,US87->CS23,0,0,0
5,US87->CS31,0,0,0
5,US87->CS39,0,0,0
5,US87->CS47,0,0,0
5,US87->CS55,0,0,0
5,US87->CS63,0,0,0
5,US88->CS0,50869,50869,0
5,US88->CS8,50613,50613,0
5,US88->CS16,50656,50656,0
5,US88->CS24,50607,50607,0
5,US88->CS32,50683,50683,0
5,US88->CS40,50509,50509,0
5,US88->CS48,50766,50766,0
5,US88->CS56,50525,50525,0
5,US89->CS1,51054,51054,0
5,US89->CS9,50765,50765,0
5,US89->CS17,50968,50968,0
5,US89->CS25,50881,50881,0
5,US89->CS33,50317,50317,0
5,US89->CS41,50738,50738,0
5,US89->CS49,50599,50599,0
5,US89->CS57,51166,51166,0
5,US90->CS2,50975,50975,0
5,US90->CS10,50254,50254,0
5,US90->CS18,50519,50519,0
5,US90->CS26,51073,51073,0
5,US90->CS34,50800,50800,0
5,US90->CS42,50553,50553,0
5,US90->CS50,50816,50816,0
5,US90->CS58,51111,51111,0
5,US91->CS3,50664,50664,0
5,US91->CS11,50797,50797,0
5,US91->CS19,50448,50448,0
5,US91->CS27,50595,50595,0
5,US91->CS35,50799,50799,0
5,US91->CS43,50821,50821,0
5,US91->CS51,50789,50789,0
5,US91->CS59,50665,50665,0
5,US92->CS4,50523,50523,0
5,US92->CS12,51045,51045,0
5,US92->CS20,50850,50850,0
5,US92->CS28,51048,51048,0
5,US92->CS36,50591,50591,0
5,US92->CS44,50859,50859,0
5,US92->CS52,51027,51027,0
5,US92->CS60,51097,51097,0
5,US93->CS5,51032,51032,0
5,US93->CS13,50585,50585,0
5,US93->CS21,50640,50640,0
5,US93->CS29,50658,50658,0
5,US93->CS37,51090,51090,0
5,US93->CS45,50795,50795,0
5,US93->CS53,51111,51111,0
5,US93->CS61,50789,50789,0
5,US94->CS6,50651,50651,0
5,US94->CS14,50771,50771,0
5,US94->CS22,50815,50815,0
5,US94->CS30,50661,50661,0
5,US94->CS38,50775,50775,0
5,US94->CS46,51228,51228,0
5,US94->CS54,50966,50966,0
5,US94->CS62,50919,50919,0
5,US95->CS7,50596,50596,0
5,US95->CS15,51112,51112,0
5,US95->CS23,50569,50569,0
5,US95->CS31,50662,50662,0
5,US95->CS39,50934,50934,0
5,US95->CS47,50583,50583,0
5,US95->CS55,50232,50232,0
5,US95->CS63,50881,50881,0
5,US96->CS0,0,0,0
5,US96->CS8,0,0,0
5,US96->CS16,0,0,0
5,US96->CS24,0,0,0
5,US96->CS32,0,0,0
5,US96->CS40,0,0,0
5,US96->CS48,0,0,0
5,US96->CS56,0,0,0
5,US97->CS1,0,0,0
5,US97->CS9,0,0,0
5,US97->CS17,0,0,0
5,US97->CS25,0,0,0
5,US97->CS33,0,0,0
5,US97->CS41,0,0,0
5,US97->CS49,0,0,0
5,US97->CS57,0,0,0
5,US98->CS2,0,0,0
5,US98->CS10,0,0,0
5,US98->CS18,0,0,0
5,US98->CS26,0,0,0
5,US98->CS34,0,0,0
5,US98->CS42,0,0,0
5,US98->CS50,0,0,0
5,US98->CS58,0,0,0
5,US99->CS3,0,0,0
5,US99->CS11,0,0,0
5,US99->CS19,0,0,0
5,US99->CS27,0,0,0
5,US99->CS35,0,0,0
5,US99->CS43,0,0,0
5,US99->CS51,0,0,0
5,US99->CS59,0,0,0
5,US100->CS4,0,0,0
5,US100->CS12,0,0,0
5,US100->CS20,0,0,0
5,US100->CS28,0,0,0
5,US100->CS36,0,0,0
5,US100->CS44,0,0,0
5,US100->CS52,0,0,0
5,US100->CS60,0,0,0
5,US101->CS5,0,0,0
5,US101->CS13,0,0,0
5,US101->CS21,0,0,0
5,US101->CS29,0,0,0
5,US101->CS37,0,0,0
5,US101->CS45,0,0,0
5,US101->CS53,0,0,0
5,US101->CS61,0,0,0
5,US102->CS6,0,0,0
5,US102->CS14,0,0,0
5,US102->CS22,0,0,0
5,US102->CS30,0,0,0
5,US102->CS38,0,0,0
5,US102->CS46,0,0,0
5,US102->CS54,0,0,0
5,US102->CS62,0,0,0
5,US103->CS7,0,0,0
5,US103->CS15,0,0,0
5,US103->CS23,0,0,0
5,US103->CS31,0,0,0
5,US103->CS39,0,0,0
5,US103->CS47,0,0,0
5,US103->CS55,0,0,0
5,US103->CS63,0,0,0
5,US104->CS0,0,0,0
5,US104->CS8,0,0,0
5,US104->CS16,0,0,0
5,US104->CS24,0,0,0
5,US104->CS32,0,0,0
5,US104->CS40,0,0,0
5,US104->CS48,0,0,0
5,US104->CS56,0,0,0
5,US105->CS1,0,0,0
5,US105->CS9,0,0,0
5,US105->CS17,0,0,0
5,US105->CS25,0,0,0
5,US105->CS33,0,0,0
5,US105->CS41,0,0,0
5,US105->CS49,0,0,0
5,US105->CS57,0,0,0
5,US106->CS2,0,0,0
5,US106->CS10,0,0,0
5,US106->CS18,0,0,0
5,US106->CS26,0,0,0
5,US106->CS34,0,0,0
5,US106->CS42,0,0,0
5,US106->CS50,0,0,0
5,US106->CS58,0,0,0
5,US107->CS3,0,0,0
5,US107->CS11,0,0,0
5,US107->CS19,0,0,0
5,US107->CS27,0,0,0
5,US107->CS35,0,0,0
5,US107->CS43,0,0,0
5,US107->CS51,0,0,0
5,US107->CS59,0,0,0
5,US108->CS4,0,0,0
5,US108->CS12,0,0,0
5,US108->CS20,0,0,0
5,US108->CS28,0,0,0
5,US108->CS36,0,0,0
5,US108->CS44,0,0,0
5,US108->CS52,0,0,0
5,US108->CS60,0,0,0
5,US109->CS5,0,0,0
5,US109->CS13,0,0,0
5,US109->CS21,0,0,0
5,US109->CS29,0,0,0
5,US109->CS37,0,0,0
5,US109->CS45,0,0,0
5,US109->CS53,0,0,0
5,US109->CS61,0,0,0
5,US110->CS6,0,0,0
5,US110->CS14,0,0,0
5,US110->CS22,0,0,0
5,US110->CS30,0,0,0
5,US110->CS38,0,0,0
5,US110->CS46,0,0,0
5,US110->CS54,0,0,0
5,US110->CS62,0,0,0
5,US111->CS7,0,0,0
5,US111->CS15,0,0,0
5,US111->CS23,0,0,0
5,US111->CS31,0,0,0
5,US111->CS39,0,0,0
5,US111->CS47,0,0,0
5,US111->CS55,0,0,0
5,US111->CS63,0,0,0
5,US112->CS0,51871,51871,0
5,US112->CS8,51807,51807,0
5,US112->CS16,52143,52143,0
5,US112->CS24,52083,52083,0
5,US112->CS32,51711,51711,0
5,US112->CS40,51573,51573,0
5,US112->CS48,52056,52056,0
5,US112->CS56,51501,51501,0
5,US113->CS1,51770,51770,0
5,US113->CS9,51600,51600,0
5,US113->CS17,51484,51484,0
5,US113->CS25,51625,51625,0
5,US113->CS33,51968,51968,0
5,US113->CS41,51783,51783,0
5,US113->CS49,51813,51813,0
5,US113->CS57,52027,52027,0
5,US114->CS2,51752,51752,0
5,US114->CS10,51995,51995,0
5,US114->CS18,51788,51788,0
5,US114->CS26,51684,51684,0
5,US114->CS34,51883,51883,0
5,US114->CS42,51616,51616,0
5,US114->CS50,51902,51902,0
5,US114->CS58,51621,51621,0
5,US115->CS3,51753,51753,0
5,US115->CS11,51662,51662,0
5,US115->CS19,51698,51698,0
5,US115->CS27,51794,51794,0
5,US115->CS35,51681,51681,0
5,US115->CS43,51788,51788,0
5,US115->CS51,51888,51888,0
5,US115->CS59,52286,52286,0
5,US116->CS4,51728,51728,0
5,US116->CS12,51842,51842,0
5,US116->CS20,51768,51768,0
5,US116->CS28,51972,51972,0
5,US116->CS36,51757,51757,0
5,US116->CS44,51749,51749,0
5,US116->CS52,52328,52328,0
5,US116->CS60,51289,51289,0
5,US117->CS5,51696,51696,0
5,US117->CS13,51759,51759,0
5,US117->CS21,51700,51700,0
5,US117->CS29,51873,51873,0
5,US117->CS37,51845,51845,0
5,US117->CS45,51822,51822,0
5,US117->CS53,52096,52096,0
5,US117->CS61,51991,51991,0
5,US118->CS6,51335,51335,0
5,US118->CS14,51620,51620,0
5,US118->CS22,51691,51691,0
5,US118->CS30,51824,51824,0
5,US118->CS38,51680,51680,0
5,US118->CS46,52033,52033,0
5,US118->CS54,51799,51799,0
5,US118->CS62,51623,51623,0
5,US119->CS7,51751,51751,0
5,US119->CS15,52162,52162,0
5,US119->CS23,52041,52041,0
5,US119->CS31,51936,51936,0
5,US119->CS39,51652,51652,0
5,US119->CS47,51784,51784,0
5,US119->CS55,51630,51630,0
5,US119->CS63,51916,51916,0
5,US120->CS0,23840,23840,0
5,US120->CS8,23775,23774,0
5,US120->CS16,23810,23810,0
5,US120->CS24,24070,24070,0
5,US120->CS32,23955,23955,0
5,US120->CS40,23920,23919,0
5,US120->CS48,23983,23983,0
5,US120->CS56,24026,24024,0
5,US121->CS1,24003,24003,0
5,US121->CS9,23932,23932,0
5,US121->CS17,23916,23916,0
5,US121->CS25,24185,24185,0
5,US121->CS33,23987,23985,0
5,US121->CS41,24025,24025,0
5,US121->CS49,23830,23830,0
5,US121->CS57,23953,23953,0
5,US122->CS2,23822,23822,0
5,US122->CS10,23878,23878,0
5,US122->CS18,24013,24012,0
5,US122->CS26,23887,23887,0
5,US122->CS34,23849,23849,0
5,US122->CS42,23863,23863,0
5,US122->CS50,23784,23783,0
5,US122->CS58,23742,23740,0
5,US123->CS3,23856,23856,0
5,US123->CS11,23808,23807,0
5,US123->CS19,23952,23951,0
5,US123->CS27,23888,23888,0
5,US123->CS35,24207,24206,0
5,US123->CS43,23812,23811,0
5,US123->CS51,24039,24037,0
5,US123->CS59,23756,23755,0
5,US124->CS4,23820,23820,0
5,US124->CS12,23810,23810,0
5,US124->CS20,24022,24022,0
5,US124->CS28,23938,23938,0
5,US124->CS36,24179,24179,0
5,US124->CS44,23956,23956,0
5,US124->CS52,23817,23816,0
5,US124->CS60,23897,23895,0
5,US125->CS5,23757,23757,0
5,US125->CS13,24107,24107,0
5,US125->CS21,23729,23729,0
5,US125->CS29,24044,24044,0
5,US125->CS37,23944,23943,0
5,US125->CS45,23655,23655,0
5,US125->CS53,23687,23686,0
5,US125->CS61,23944,23943,0
5,US126->CS6,24168,24168,0
5,US126->CS14,23737,23737,0
5,US126->CS22,23872,23872,0
5,US126->CS30,24136,24136,0
5,US126->CS38,23839,23839,0
5,US126->CS46,24131,24131,0
5,US126->CS54,23754,23754,0
5,US126->CS62,23877,23876,0
5,US127->CS7,24057,24057,0
5,US127->CS15,23803,23803,0
5,US127->CS23,23985,23982,0
5,US127->CS31,23645,23644,0
5,US127->CS39,23979,23979,0
5,US127->CS47,23811,23811,0
5,US127->CS55,24198,24197,0
5,US127->CS63,23983,23983,0
5,CS0->US0,51948,51948,0
5,CS0->US8,0,0,0
5,CS0->US16,23962,23961,0
5,CS0->US24,0,0,0
5,CS0->US32,0,0,0
5,CS0->US40,51935,51935,0
5,CS0->US48,51411,51411,0
5,CS0->US56,0,0,0
5,CS0->US64,0,0,0
5,CS0->US72,50868,50868,0
5,CS0->US80,0,0,0
5,CS0->US88,51105,51105,0
5,CS0->US96,0,0,0
5,CS0->US104,0,0,0
5,CS0->US112,55300,55300,0
5,CS0->US120,24265,24265,0
5,CS1->US1,51548,51548,0
5,CS1->US9,0,0,0
5,CS1->US17,24108,24108,0
5,CS1->US25,0,0,0
5,CS1->US33,0,0,0
5,CS1->US41,51940,51940,0
5,CS1->US49,51209,51209,0
5,CS1->US57,0,0,0
5,CS1->US65,0,0,0
5,CS1->US73,51059,51059,0
5,CS1->US81,0,0,0
5,CS1->US89,50378,50378,0
5,CS1->US97,0,0,0
5,CS1->US105,0,0,0
5,CS1->US113,55941,55941,0
5,CS1->US121,24308,24308,0
5,CS2->US2,51552,51552,0
5,CS2->US10,0,0,0
5,CS2->US18,23927,23926,0
5,CS2->US26,0,0,0
5,CS2->US34,0,0,0
5,CS2->US42,51851,51851,0
5,CS2->US50,51371,51371,0
5,CS2->US58,0,0,0
5,CS2->US66,0,0,0
5,CS2->US74,50999,50999,0
5,CS2->US82,0,0,0
5,CS2->US90,51095,51095,0
5,CS2->US98,0,0,0
5,CS2->US106,0,0,0
5,CS2->US114,55438,55438,0
5,CS2->US122,24306,24306,0
5,CS3->US3,51085,51085,0
5,CS3->US11,0,0,0
5,CS3->US19,23944,23943,0
5,CS3->US27,0,0,0
5,CS3->US35,0,0,0
5,CS3->US43,51798,51798,0
5,CS3->US51,51748,51748,0
5,CS3->US59,0,0,0
5,CS3->US67,0,0,0
5,CS3->US75,50680,50680,0
5,CS3->US83,0,0,0
5,CS3->US91,50906,50906,0
5,CS3->US99,0,0,0
5,CS3->US107,0,0,0
5,CS3->US115,55568,55568,0
5,CS3->US123,24275,24273,0
5,CS4->US4,51685,51685,0
5,CS4->US12,0,0,0
5,CS4->US20,23922,23921,0
5,CS4->US28,0,0,0
5,CS4->US36,0,0,0
5,CS4->US44,51803,51803,0
5,CS4->US52,51388,51388,0
5,CS4->US60,0,0,0
5,CS4->US68,0,0,0
5,CS4->US76,50556,50556,0
5,CS4->US84,0,0,0
5,CS4->US92,51006,51006,0
5,CS4->US100,0,0,0
5,CS4->US108,0,0,0
5,CS4->US116,55706,55706,0
5,CS4->US124,24028,24028,0
5,CS5->US5,51218,51218,0
5,CS5->US13,0,0,0
5,CS5->US21,23876,23876,0
5,CS5->US29,0,0,0
5,CS5->US37,0,0,0
5,CS5->US45,51800,51800,0
5,CS5->US53,51354,51354,0
5,CS5->US61,0,0,0
5,CS5->US69,0,0,0
5,CS5->US77,50969,50969,0
5,CS5->US85,0,0,0
5,CS5->US93,51128,51128,0
5,CS5->US101,0,0,0
5,CS5->US109,0,0,0
5,CS5->US117,55437,55437,0
5,CS5->US125,24033,24031,0
5,CS6->US6,51642,51642,0
5,CS6->US14,0,0,0
5,CS6->US22,24282,24281,0
5,CS6->US30,0,0,0
5,CS6->US38,0,0,0
5,CS6->US46,51502,51502,0
5,CS6->US54,51365,51365,0
5,CS6->US62,0,0,0
5,CS6->US70,0,0,0
5,CS6->US78,50641,50641,0
5,CS6->US86,0,0,0
5,CS6->US94,50727,50727,0
5,CS6->US102,0,0,0
5,CS6->US110,0,0,0
5,CS6->US118,56038,56038,0
5,CS6->US126,24368,24366,0
5,CS7->US7,51322,51322,0
5,CS7->US15,0,0,0
5,CS7->US23,24154,24152,0
5,CS7->US31,0,0,0
5,CS7->US39,0,0,0
5,CS7->US47,51932,51932,0
5,CS7->US55,51267,51267,0
5,CS7->US63,0,0,0
5,CS7->US71,0,0,0
5,CS7->US79,50609,50609,0
5,CS7->US87,0,0,0
5,CS7->US95,50953,50953,0
5,CS7->US103,0,0,0
5,CS7->US111,0,0,0
5,CS7->US119,56013,56013,0
5,CS7->US127,24219,24217,0
5,CS8->US0,51733,51733,0
5,CS8->US8,0,0,0
5,CS8->US16,23830,23830,0
5,CS8->US24,0,0,0
5,CS8->US32,0,0,0
5,CS8->US40,51972,51972,0
5,CS8->US48,51304,51304,0
5,CS8->US56,0,0,0
5,CS8->US64,0,0,0
5,CS8->US72,50705,50705,0
5,CS8->US80,0,0,0
5,CS8->US88,50663,50663,0
5,CS8->US96,0,0,0
5,CS8->US104,0,0,0
5,CS8->US112,55784,55784,0
5,CS8->US120,24526,24525,0
5,CS9->US1,51709,51709,0
5,CS9->US9,0,0,0
5,CS9->US17,24016,24016,0
5,CS9->US25,0,0,0
5,CS9->US33,0,0,0
5,CS9->US41,51731,51731,0
5,CS9->US49,51385,51385,0
5,CS9->US57,0,0,0
5,CS9->US65,0,0,0
5,CS9->US73,50864,50864,0
5,CS9->US81,0,0,0
5,CS9->US89,51336,51336,0
5,CS9->US97,0,0,0
5,CS9->US105,0,0,0
5,CS9->US113,55993,55993,0
5,CS9->US121,24372,24372,0
5,CS10->US2,51427,51427,0
5,CS10->US10,0,0,0
5,CS10->US18,23957,23957,0
5,CS10->US26,0,0,0
5,CS10->US34,0,0,0
5,CS10->US42,52089,52089,0
5,CS10->US50,51344,51344,0
5,CS10->US58,0,0,0
5,CS10->US66,0,0,0
5,CS10->US74,50312,50312,0
5,CS10->US82,0,0,0
5,CS10->US90,50624,50624,0
5,CS10->US98,0,0,0
5,CS10->US106,0,0,0
5,CS10->US114,55401,55401,0
5,CS10->US122,24176,24176,0
5,CS11->US3,51127,51127,0
5,CS11->US11,0,0,0
5,CS11->US19,23896,23896,0
5,CS11->US27,0,0,0
5,CS11->US35,0,0,0
5,CS11->US43,51780,51780,0
5,CS11->US51,51187,51187,0
5,CS11->US59,0,0,0
5,CS11->US67,0,0,0
5,CS11->US75,50852,50852,0
5,CS11->US83,0,0,0
5,CS11->US91,50533,50533,0
5,CS11->US99,0,0,0
5,CS11->US107,0,0,0
5,CS11->US115,55497,55497,0
5,CS11->US123,24230,24230,0
5,CS12->US4,51265,51265,0
5,CS12->US12,0,0,0
5,CS12->US20,23892,23891,0
5,CS12->US28,0,0,0
5,CS12->US36,0,0,0
5,CS12->US44,51876,51876,0
5,CS12->US52,51372,51372,0
5,CS12->US60,0,0,0
5,CS12->US68,0,0,0
5,CS12->US76,51030,51030,0
5,CS12->US84,0,0,0
5,CS12->US92,51436,51436,0
5,CS12->US100,0,0,0
5,CS12->US108,0,0,0
5,CS12->US116,55219,55219,0
5,CS12->US124,24203,24203,0
5,CS13->US5,51719,51719,0
5,CS13->US13,0,0,0
5,CS13->US21,24175,24172,0
5,CS13->US29,0,0,0
5,CS13->US37,0,0,0
5,CS13->US45,51918,51918,0
5,CS13->US53,51280,51280,0
5,CS13->US61,0,0,0
5,CS13->US69,0,0,0
5,CS13->US77,50573,50573,0
5,CS13->US85,0,0,0
5,CS13->US93,51245,51245,0
5,CS13->US101,0,0,0
5,CS13->US109,0,0,0
5,CS13->US117,55256,55256,0
5,CS13->US125,24025,24025,0
5,CS14->US6,51238,51238,0
5,CS14->US14,0,0,0
5,CS14->US22,23793,23793,0
5,CS14->US30,0,0,0
5,CS14->US38,0,0,0
5,CS14->US46,51737,51737,0
5,CS14->US54,51523,51523,0
5,CS14->US62,0,0,0
5,CS14->US70,0,0,0
5,CS14->US78,50848,50848,0
5,CS14->US86,0,0,0
5,CS14->US94,51011,51011,0
5,CS14->US102,0,0,0
5,CS14->US110,0,0,0
5,CS14->US118,55654,55654,0
5,CS14->US126,24106,24106,0
5,CS15->US7,51492,51492,0
5,CS15->US15,0,0,0
5,CS15->US23,23890,23890,0
5,CS15->US31,0,0,0
5,CS15->US39,0,0,0
5,CS15->US47,52252,52252,0
5,CS15->US55,51481,51481,0
5,CS15->US63,0,0,0
5,CS15->US71,0,0,0
5,CS15->US79,51140,51140,0
5,CS15->US87,0,0,0
5,CS15->US95,51133,51133,0
5,CS15->US103,0,0,0
5,CS15->US111,0,0,0
5,CS15->US119,55351,55351,0
5,CS15->US127,24358,24357,0
5,CS16->US0,52225,52225,0
5,CS16->US8,0,0,0
5,CS16->US16,23910,23909,0
5,CS16->US24,0,0,0
5,CS16->US32,0,0,0
5,CS16->US40,52257,52257,0
5,CS16->US48,51601,51601,0
5,CS16->US56,0,0,0
5,CS16->US64,0,0,0
5,CS16->US72,50692,50692,0
5,CS16->US80,0,0,0
5,CS16->US88,51160,51160,0
5,CS16->US96,0,0,0
5,CS16->US104,0,0,0
5,CS16->US112,55796,55796,0
5,CS16->US120,24054,24054,0
5,CS17->US1,51729,51729,0
5,CS17->US9,0,0,0
5,CS17->US17,24016,24015,0
5,CS17->US25,0,0,0
5,CS17->US33,0,0,0
5,CS17->US41,51579,51579,0
5,CS17->US49,51417,51417,0
5,CS17->US57,0,0,0
5,CS17->US65,0,0,0
5,CS17->US73,50993,50993,0
5,CS17->US81,0,0,0
5,CS17->US89,50868,50868,0
5,CS17->US97,0,0,0
5,CS17->US105,0,0,0
5,CS17->US113,55746,55746,0
5,CS17->US121,24197,24196,0
5,CS18->US2,51575,51575,0
5,CS18->US10,0,0,0
5,CS18->US18,24106,24106,0
5,CS18->US26,0,0,0
5,CS18->US34,0,0,0
5,CS18->US42,51916,51916,0
5,CS18->US50,51414,51414,0
5,CS18->US58,0,0,0
5,CS18->US66,0,0,0
5,CS18->US74,50560,50560,0
5,CS18->US82,0,0,0
5,CS18->US90,50953,50953,0
5,CS18->US98,0,0,0
5,CS18->US106,0,0,0
5,CS18->US114,55045,55045,0
5,CS18->US122,24177,24176,0
5,CS19->US3,51505,51505,0
5,CS19->US11,0,0,0
5,CS19->US19,24053,24052,0
5,CS19->US27,0,0,0
5,CS19->US35,0,0,0
5,CS19->US43,51797,51797,0
5,CS19->US51,51751,51751,0
5,CS19->US59,0,0,0
5,CS19->US67,0,0,0
5,CS19->US75,50457,50457,0
5,CS19->US83,0,0,0
5,CS19->US91,51039,51039,0
5,CS19->US99,0,0,0
5,CS19->US107,0,0,0
5,CS19->US115,55822,55822,0
5,CS19->US123,24063,24062,0
5,CS20->US4,51568,51568,0
5,CS20->US12,0,0,0
5,CS20->US20,24098,24098,0
5,CS20->US28,0,0,0
5,CS20->US36,0,0,0
5,CS20->US44,51848,51848,0
5,CS20->US52,51310,51310,0
5,CS20->US60,0,0,0
5,CS20->US68,0,0,0
5,CS20->US76,50836,50836,0
5,CS20->US84,0,0,0
5,CS20->US92,50593,50593,0
5,CS20->US100,0,0,0
5,CS20->US108,0,0,0
5,CS20->US116,55698,55698,0
5,CS20->US124,24566,24566,0
5,CS21->US5,51832,51832,0
5,CS21->US13,0,0,0
5,CS21->US21,23794,23793,0
5,CS21->US29,0,0,0
5,CS21->US37,0,0,0
5,CS21->US45,51802,51802,0
5,CS21->US53,51376,51376,0
5,CS21->US61,0,0,0
5,CS21->US69,0,0,0
5,CS21->US77,50680,50680,0
5,CS21->US85,0,0,0
5,CS21->US93,51127,51127,0
5,CS21->US101,0,0,0
5,CS21->US109,0,0,0
5,CS21->US117,55631,55631,0
5,CS21->US125,24153,24153,0
5,CS22->US6,51175,51175,0
5,CS22->US14,0,0,0
5,CS22->US22,23918,23918,0
5,CS22->US30,0,0,0
5,CS22->US38,0,0,0
5,CS22->US46,51846,51846,0
5,CS22->US54,51834,51834,0
5,CS22->US62,0,0,0
5,CS22->US70,0,0,0
5,CS22->US78,50893,50893,0
5,CS22->US86,0,0,0
5,CS22->US94,51268,51268,0
5,CS22->US102,0,0,0
5,CS22->US110,0,0,0
5,CS22->US118,55534,55534,0
5,CS22->US126,24696,24694,0
5,CS23->US7,51470,51470,0
5,CS23->US15,0,0,0
5,CS23->US23,24075,24073,0
5,CS23->US31,0,0,0
5,CS23->US39,0,0,0
5,CS23->US47,52167,52167,0
5,CS23->US55,51202,51202,0
5,CS23->US63,0,0,0
5,CS23->US71,0,0,0
5,CS23->US79,50586,50586,0
5,CS23->US87,0,0,0
5,CS23->US95,50838,50838,0
5,CS23->US103,0,0,0
5,CS23->US111,0,0,0
5,CS23->US119,55562,55562,0
5,CS23->US127,24294,24293,0
5,CS24->US0,51597,51597,0
5,CS24->US8,0,0,0
5,CS24->US16,24115,24114,0
5,CS24->US24,0,0,0
5,CS24->US32,0,0,0
5,CS24->US40,52237,52237,0
5,CS24->US48,51642,51642,0
5,CS24->US56,0,0,0
5,CS24->US64,0,0,0
5,CS24->US72,50707,50707,0
5,CS24->US80,0,0,0
5,CS24->US88,51151,51151,0
5,CS24->US96,0,0,0
5,CS24->US104,0,0,0
5,CS24->US112,55443,55443,0
5,CS24->US120,24166,24166,0
5,CS25->US1,51728,51728,0
5,CS25->US9,0,0,0
5,CS25->US17,24251,24251,0
5,CS25->US25,0,0,0
5,CS25->US33,0,0,0
5,CS25->US41,51761,51761,0
5,CS25->US49,51681,51681,0
5,CS25->US57,0,0,0
5,CS25->US65,0,0,0
5,CS25->US73,50921,50921,0
5,CS25->US81,0,0,0
5,CS25->US89,50794,50794,0
5,CS25->US97,0,0,0
5,CS25->US105,0,0,0
5,CS25->US113,55784,55784,0
5,CS25->US121,24143,24143,0
5,CS26->US2,51339,51339,0
5,CS26->US10,0,0,0
5,CS26->US18,23956,23956,0
5,CS26->US26,0,0,0
5,CS26->US34,0,0,0
5,CS26->US42,51831,51831,0
5,CS26->US50,51743,51743,0
5,CS26->US58,0,0,0
5,CS26->US66,0,0,0
5,CS26->US74,51112,51112,0
5,CS26->US82,0,0,0
5,CS26->US90,50875,50875,0
5,CS26->US98,0,0,0
5,CS26->US106,0,0,0
5,CS26->US114,55978,55978,0
5,CS26->US122,24164,24163,0
5,CS27->US3,51228,51228,0
5,CS27->US11,0,0,0
5,CS27->US19,23972,23972,0
5,CS27->US27,0,0,0
5,CS27->US35,0,0,0
5,CS27->US43,51917,51917,0
5,CS27->US51,51564,51564,0
5,CS27->US59,0,0,0
5,CS27->US67,0,0,0
5,CS27->US75,50640,50640,0
5,CS27->US83,0,0,0
5,CS27->US91,51166,51166,0
5,CS27->US99,0,0,0
5,CS27->US107,0,0,0
5,CS27->US115,55407,55407,0
5,CS27->US123,24316,24316,0
5,CS28->US4,51245,51245,0
5,CS28->US12,0,0,0
5,CS28->US20,24081,24079,0
5,CS28->US28,0,0,0
5,CS28->US36,0,0,0
5,CS28->US44,52045,52045,0
5,CS28->US52,51679,51679,0
5,CS28->US60,0,0,0
5,CS28->US68,0,0,0
5,CS28->US76,51027,51027,0
5,CS28->US84,0,0,0
5,CS28->US92,50818,50818,0
5,CS28->US100,0,0,0
5,CS28->US108,0,0,0
5,CS28->US116,55581,55581,0
5,CS28->US124,24287,24286,0
5,CS29->US5,51335,51335,0
5,CS29->US13,0,0,0
5,CS29->US21,24119,24119,0
5,CS29->US29,0,0,0
5,CS29->US37,0,0,0
5,CS29->US45,52136,52136,0
5,CS29->US53,51406,51406,0
5,CS29->US61,0,0,0
5,CS29->US69,0,0,0
5,CS29->US77,50729,50729,0
5,CS29->US85,0,0,0
5,CS29->US93,50916,50916,0
5,CS29->US101,0,0,0
5,CS29->US109,0,0,0
5,CS29->US117,55685,55685,0
5,CS29->US125,24288,24288,0
5,CS30->US6,51612,51612,0
5,CS30->US14,0,0,0
5,CS30->US22,24252,24252,0
5,CS30->US30,0,0,0
5,CS30->US38,0,0,0
5,CS30->US46,51920,51920,0
5,CS30->US54,51651,51651,0
5,CS30->US62,0,0,0
5,CS30->US70,0,0,0
5,CS30->US78,50640,50640,0
5,CS30->US86,0,0,0
5,CS30->US94,51063,51063,0
5,CS30->US102,0,0,0
5,CS30->US110,0,0,0
5,CS30->US118,55547,55547,0
5,CS30->US126,24315,24314,0
5,CS31->US7,51333,51333,0
5,CS31->US15,0,0,0
5,CS31->US23,23781,23781,0
5,CS31->US31,0,0,0
5,CS31->US39,0,0,0
5,CS31->US47,52052,52052,0
5,CS31->US55,51584,51584,0
5,CS31->US63,0,0,0
5,CS31->US71,0,0,0
5,CS31->US79,50670,50670,0
5,CS31->US87,0,0,0
5,CS31->US95,50981,50981,0
5,CS31->US103,0,0,0
5,CS31->US111,0,0,0
5,CS31->US119,55529,55529,0
5,CS31->US127,23967,23966,0
5,CS32->US0,51200,51200,0
5,CS32->US8,0,0,0
5,CS32->US16,24054,24054,0
5,CS32->US24,0,0,0
5,CS32->US32,0,0,0
5,CS32->US40,51796,51796,0
5,CS32->US48,51897,51897,0
5,CS32->US56,0,0,0
5,CS32->US64,0,0,0
5,CS32->US72,50694,50694,0
5,CS32->US80,0,0,0
5,CS32->US88,50802,50802,0
5,CS32->US96,0,0,0
5,CS32->US104,0,0,0
5,CS32->US112,55735,55735,0
5,CS32->US120,24248,24246,0
5,CS33->US1,51768,51768,0
5,CS33->US9,0,0,0
5,CS33->US17,24089,24088,0
5,CS33->US25,0,0,0
5,CS33->US33,0,0,0
5,CS33->US41,52112,52112,0
5,CS33->US49,51842,51842,0
5,CS33->US57,0,0,0
5,CS33->US65,0,0,0
5,CS33->US73,50309,50309,0
5,CS33->US81,0,0,0
5,CS33->US89,50882,50882,0
5,CS33->US97,0,0,0
5,CS33->US105,0,0,0
5,CS33->US113,56086,56086,0
5,CS33->US121,24278,24277,0
5,CS34->US2,51195,51195,0
5,CS34->US10,0,0,0
5,CS34->US18,23945,23944,0
5,CS34->US26,0,0,0
5,CS34->US34,0,0,0
5,CS34->US42,51969,51969,0
5,CS34->US50,51381,51381,0
5,CS34->US58,0,0,0
5,CS34->US66,0,0,0
5,CS34->US74,50822,50822,0
5,CS34->US82,0,0,0
5,CS34->US90,50948,50948,0
5,CS34->US98,0,0,0
5,CS34->US106,0,0,0
5,CS34->US114,55620,55620,0
5,CS34->US122,24391,24391,0
5,CS35->US3,51713,51713,0
5,CS35->US11,0,0,0
5,CS35->US19,24283,24282,0
5,CS35->US27,0,0,0
5,CS35->US35,0,0,0
5,CS35->US43,51735,51735,0
5,CS35->US51,51493,51493,0
5,CS35->US59,0,0,0
5,CS35->US67,0,0,0
5,CS35->US75,50845,50845,0
5,CS35->US83,0,0,0
5,CS35->US91,50761,50761,0
5,CS35->US99,0,0,0
5,CS35->US107,0,0,0
5,CS35->US115,56088,56088,0
5,CS35->US123,24347,24346,0
5,CS36->US4,51567,51567,0
5,CS36->US12,0,0,0
5,CS36->US20,24254,24254,0
5,CS36->US28,0,0,0
5,CS36->US36,0,0,0
5,CS36->US44,51897,51897,0
5,CS36->US52,51333,51333,0
5,CS36->US60,0,0,0
5,CS36->US68,0,0,0
5,CS36->US76,50672,50672,0
5,CS36->US84,0,0,0
5,CS36->US92,50885,50885,0
5,CS36->US100,0,0,0
5,CS36->US108,0,0,0
5,CS36->US116,55303,55303,0
5,CS36->US124,24048,24048,0
5,CS37->US5,51443,51443,0
5,CS37->US13,0,0,0
5,CS37->US21,24047,24047,0
5,CS37->US29,0,0,0
5,CS37->US37,0,0,0
5,CS37->US45,51929,51929,0
5,CS37->US53,51368,51368,0
5,CS37->US61,0,0,0
5,CS37->US69,0,0,0
5,CS37->US77,51102,51102,0
5,CS37->US85,0,0,0
5,CS37->US93,50611,50611,0
5,CS37->US101,0,0,0
5,CS37->US109,0,0,0
5,CS37->US117,55315,55315,0
5,CS37->US125,24113,24113,0
5,CS38->US6,51303,51303,0
5,CS38->US14,0,0,0
5,CS38->US22,23948,23948,0
5,CS38->US30,0,0,0
5,CS38->US38,0,0,0
5,CS38->US46,51822,51822,0
5,CS38->US54,51595,51595,0
5,CS38->US62,0,0,0
5,CS38->US70,0,0,0
5,CS38->US78,50784,50784,0
5,CS38->US86,0,0,0
5,CS38->US94,51195,51195,0
5,CS38->US102,0,0,0
5,CS38->US110,0,0,0
5,CS38->US118,55920,55920,0
5,CS38->US126,24261,24261,0
5,CS39->US7,51796,51796,0
5,CS39->US15,0,0,0
5,CS39->US23,24065,24065,0
5,CS39->US31,0,0,0
5,CS39->US39,0,0,0
5,CS39->US47,51824,51824,0
5,CS39->US55,51129,51129,0
5,CS39->US63,0,0,0
5,CS39->US71,0,0,0
5,CS39->US79,50959,50959,0
5,CS39->US87,0,0,0
5,CS39->US95,50974,50974,0
5,CS39->US103,0,0,0
5,CS39->US111,0,0,0
5,CS39->US119,55682,55682,0
5,CS39->US127,24344,24344,0
5,CS40->US0,51580,51580,0
5,CS40->US8,0,0,0
5,CS40->US16,24016,24015,0
5,CS40->US24,0,0,0
5,CS40->US32,0,0,0
5,CS40->US40,51735,51735,0
5,CS40->US48,51147,51147,0
5,CS40->US56,0,0,0
5,CS40->US64,0,0,0
5,CS40->US72,50537,50537,0
5,CS40->US80,0,0,0
5,CS40->US88,51213,51213,0
5,CS40->US96,0,0,0
5,CS40->US104,0,0,0
5,CS40->US112,55939,55939,0
5,CS40->US120,24227,24225,0
5,CS41->US1,51237,51237,0
5,CS41->US9,0,0,0
5,CS41->US17,24146,24145,0
5,CS41->US25,0,0,0
5,CS41->US33,0,0,0
5,CS41->US41,51904,51904,0
5,CS41->US49,51729,51729,0
5,CS41->US57,0,0,0
5,CS41->US65,0,0,0
5,CS41->US73,50693,50693,0
5,CS41->US81,0,0,0
5,CS41->US89,50977,50977,0
5,CS41->US97,0,0,0
5,CS41->US105,0,0,0
5,CS41->US113,55555,55555,0
5,CS41->US121,24163,24163,0
5,CS42->US2,51378,51378,0
5,CS42->US10,0,0,0
5,CS42->US18,23954,23954,0
5,CS42->US26,0,0,0
5,CS42->US34,0,0,0
5,CS42->US42,51679,51679,0
5,CS42->US50,51711,51711,0
5,CS42->US58,0,0,0
5,CS42->US66,0,0,0
5,CS42->US74,50551,50551,0
5,CS42->US82,0,0,0
5,CS42->US90,50861,50861,0
5,CS42->US98,0,0,0
5,CS42->US106,0,0,0
5,CS42->US114,55604,55604,0
5,CS42->US122,24314,24313,0
5,CS43->US3,51287,51287,0
5,CS43->US11,0,0,0
5,CS43->US19,23907,23907,0
5,CS43->US27,0,0,0
5,CS43->US35,0,0,0
5,CS43->US43,51866,51866,0
5,CS43->US51,51638,51638,0
5,CS43->US59,0,0,0
5,CS43->US67,0,0,0
5,CS43->US75,50830,50830,0
5,CS43->US83,0,0,0
5,CS43->US91,51208,51208,0
5,CS43->US99,0,0,0
5,CS43->US107,0,0,0
5,CS43->US115,55134,55134,0
5,CS43->US123,24268,24268,0
5,CS44->US4,51432,51432,0
5,CS44->US12,0,0,0
5,CS44->US20,24060,24060,0
5,CS44->US28,0,0,0
5,CS44->US36,0,0,0
5,CS44->US44,51898,51898,0
5,CS44->US52,51505,51505,0
5,CS44->US60,0,0,0
5,CS44->US68,0,0,0
5,CS44->US76,50840,50840,0
5,CS44->US84,0,0,0
5,CS44->US92,51016,51016,0
5,CS44->US100,0,0,0
5,CS44->US108,0,0,0
5,CS44->US116,55345,55345,0
5,CS44->US124,24412,24412,0
5,CS45->US5,51343,51343,0
5,CS45->US13,0,0,0
5,CS45->US21,23748,23747,0
5,CS45->US29,0,0,0
5,CS45->US37,0,0,0
5,CS45->US45,51980,51980,0
5,CS45->US53,51390,51390,0
5,CS45->US61,0,0,0
5,CS45->US69,0,0,0
5,CS45->US77,50835,50835,0
5,CS45->US85,0,0,0
5,CS45->US93,51657,51657,0
5,CS45->US101,0,0,0
5,CS45->US109,0,0,0
5,CS45->US117,55688,55688,0
5,CS45->US125,24270,24269,0
5,CS46->US6,51457,51457,0
5,CS46->US14,0,0,0
5,CS46->US22,24206,24206,0
5,CS46->US30,0,0,0
5,CS46->US38,0,0,0
5,CS46->US46,52185,52185,0
5,CS46->US54,51549,51549,0
5,CS46->US62,0,0,0
5,CS46->US70,0,0,0
5,CS46->US78,51258,51258,0
5,CS46->US86,0,0,0
5,CS46->US94,50924,50924,0
5,CS46->US102,0,0,0
5,CS46->US110,0,0,0
5,CS46->US118,56154,56154,0
5,CS46->US126,24143,24143,0
5,CS47->US7,51290,51290,0
5,CS47->US15,0,0,0
5,CS47->US23,23919,23918,0
5,CS47->US31,0,0,0
5,CS47->US39,0,0,0
5,CS47->US47,51930,51930,0
5,CS47->US55,51219,51219,0
5,CS47->US63,0,0,0
5,CS47->US71,0,0,0
5,CS47->US79,50622,50622,0
5,CS47->US87,0,0,0
5,CS47->US95,50863,50863,0
5,CS47->US103,0,0,0
5,CS47->US111,0,0,0
5,CS47->US119,55694,55694,0
5,CS47->US127,24348,24348,0
5,CS48->US0,51614,51614,0
5,CS48->US8,0,0,0
5,CS48->US16,24112,24112,0
5,CS48->US24,0,0,0
5,CS48->US32,0,0,0
5,CS48->US40,52143,52143,0
5,CS48->US48,51720,51720,0
5,CS48->US56,0,0,0
5,CS48->US64,0,0,0
5,CS48->US72,50759,50759,0
5,CS48->US80,0,0,0
5,CS48->US88,51037,51037,0
5,CS48->US96,0,0,0
5,CS48->US104,0,0,0
5,CS48->US112,55563,55563,0
5,CS48->US120,24405,24404,0
5,CS49->US1,51315,51315,0
5,CS49->US9,0,0,0
5,CS49->US17,23930,23930,0
5,CS49->US25,0,0,0
5,CS49->US33,0,0,0
5,CS49->US41,51963,51963,0
5,CS49->US49,51215,51215,0
5,CS49->US57,0,0,0
5,CS49->US65,0,0,0
5,CS49->US73,50607,50607,0
5,CS49->US81,0,0,0
5,CS49->US89,50885,50885,0
5,CS49->US97,0,0,0
5,CS49->US105,0,0,0
5,CS49->US113,55884,55884,0
5,CS49->US121,24053,24052,0
5,CS50->US2,51102,51102,0
5,CS50->US10,0,0,0
5,CS50->US18,23894,23892,0
5,CS50->US26,0,0,0
5,CS50->US34,0,0,0
5,CS50->US42,51987,51987,0
5,CS50->US50,51553,51553,0
5,CS50->US58,0,0,0
5,CS50->US66,0,0,0
5,CS50->US74,50834,50834,0
5,CS50->US82,0,0,0
5,CS50->US90,51153,51153,0
5,CS50->US98,0,0,0
5,CS50->US106,0,0,0
5,CS50->US114,56007,56007,0
5,CS50->US122,24217,24215,0
5,CS51->US3,51285,51285,0
5,CS51->US11,0,0,0
5,CS51->US19,24169,24169,0
5,CS51->US27,0,0,0
5,CS51->US35,0,0,0
5,CS51->US43,51981,51981,0
5,CS51->US51,51728,51728,0
5,CS51->US59,0,0,0
5,CS51->US67,0,0,0
5,CS51->US75,50808,50808,0
5,CS51->US83,0,0,0
5,CS51->US91,50741,50741,0
5,CS51->US99,0,0,0
5,CS51->US107,0,0,0
5,CS51->US115,55721,55721,0
5,CS51->US123,24614,24612,0
5,CS52->US4,51475,51475,0
5,CS52->US12,0,0,0
5,CS52->US20,23898,23898,0
5,CS52->US28,0,0,0
5,CS52->US36,0,0,0
5,CS52->US44,52460,52460,0
5,CS52->US52,51511,51511,0
5,CS52->US60,0,0,0
5,CS52->US68,0,0,0
5,CS52->US76,51099,51099,0
5,CS52->US84,0,0,0
5,CS52->US92,51276,51276,0
5,CS52->US100,0,0,0
5,CS52->US108,0,0,0
5,CS52->US116,55624,55624,0
5,CS52->US124,24504,24504,0
5,CS53->US5,51501,51501,0
5,CS53->US13,0,0,0
5,CS53->US21,23773,23771,0
5,CS53->US29,0,0,0
5,CS53->US37,0,0,0
5,CS53->US45,52215,52215,0
5,CS53->US53,51529,51529,0
5,CS53->US61,0,0,0
5,CS53->US69,0,0,0
5,CS53->US77,51157,51157,0
5,CS53->US85,0,0,0
5,CS53->US93,50847,50847,0
5,CS53->US101,0,0,0
5,CS53->US109,0,0,0
5,CS53->US117,55219,55219,0
5,CS53->US125,23881,23881,0
5,CS54->US6,51144,51144,0
5,CS54->US14,0,0,0
5,CS54->US22,23865,23865,0
5,CS54->US30,0,0,0
5,CS54->US38,0,0,0
5,CS54->US46,51871,51871,0
5,CS54->US54,51350,51350,0
5,CS54->US62,0,0,0
5,CS54->US70,0,0,0
5,CS54->US78,50970,50970,0
5,CS54->US86,0,0,0
5,CS54->US94,50688,50688,0
5,CS54->US102,0,0,0
5,CS54->US110,0,0,0
5,CS54->US118,55891,55891,0
5,CS54->US126,24108,24108,0
5,CS55->US7,51450,51450,0
5,CS55->US15,0,0,0
5,CS55->US23,24249,24248,0
5,CS55->US31,0,0,0
5,CS55->US39,0,0,0
5,CS55->US47,51741,51741,0
5,CS55->US55,51537,51537,0
5,CS55->US63,0,0,0
5,CS55->US71,0,0,0
5,CS55->US79,50271,50271,0
5,CS55->US87,0,0,0
5,CS55->US95,51011,51011,0
5,CS55->US103,0,0,0
5,CS55->US111,0,0,0
5,CS55->US119,55977,55977,0
5,CS55->US127,24293,24293,0
5,CS56->US0,51594,51594,0
5,CS56->US8,0,0,0
5,CS56->US16,24067,24067,0
5,CS56->US24,0,0,0
5,CS56->US32,0,0,0
5,CS56->US40,51621,51621,0
5,CS56->US48,51658,51658,0
5,CS56->US56,0,0,0
5,CS56->US64,0,0,0
5,CS56->US72,50601,50601,0
5,CS56->US80,0,0,0
5,CS56->US88,51127,51127,0
5,CS56->US96,0,0,0
5,CS56->US104,0,0,0
5,CS56->US112,55859,55859,0
5,CS56->US120,24390,24390,0
5,CS57->US1,51587,51587,0
5,CS57->US9,0,0,0
5,CS57->US17,24058,24058,0
5,CS57->US25,0,0,0
5,CS57->US33,0,0,0
5,CS57->US41,52141,52141,0
5,CS57->US49,51452,51452,0
5,CS57->US57,0,0,0
5,CS57->US65,0,0,0
5,CS57->US73,51174,51174,0
5,CS57->US81,0,0,0
5,CS57->US89,51145,51145,0
5,CS57->US97,0,0,0
5,CS57->US105,0,0,0
5,CS57->US113,56144,56144,0
5,CS57->US121,24004,24003,0
5,CS58->US2,51852,51852,0
5,CS58->US10,0,0,0
5,CS58->US18,23862,23862,0
5,CS58->US26,0,0,0
5,CS58->US34,0,0,0
5,CS58->US42,51738,51738,0
5,CS58->US50,51494,51494,0
5,CS58->US58,0,0,0
5,CS58->US66,0,0,0
5,CS58->US74,51102,51102,0
5,CS58->US82,0,0,0
5,CS58->US90,50711,50711,0
5,CS58->US98,0,0,0
5,CS58->US106,0,0,0
5,CS58->US114,55890,55890,0
5,CS58->US122,24381,24381,0
5,CS59->US3,51382,51382,0
5,CS59->US11,0,0,0
5,CS59->US19,23850,23849,0
5,CS59->US27,0,0,0
5,CS59->US35,0,0,0
5,CS59->US43,52343,52343,0
5,CS59->US51,51151,51151,0
5,CS59->US59,0,0,0
5,CS59->US67,0,0,0
5,CS59->US75,50669,50669,0
5,CS59->US83,0,0,0
5,CS59->US91,50943,50943,0
5,CS59->US99,0,0,0
5,CS59->US107,0,0,0
5,CS59->US115,55782,55782,0
5,CS59->US123,24041,24040,0
5,CS60->US4,51584,51584,0
5,CS60->US12,0,0,0
5,CS60->US20,24014,24014,0
5,CS60->US28,0,0,0
5,CS60->US36,0,0,0
5,CS60->US44,51402,51402,0
5,CS60->US52,51557,51557,0
5,CS60->US60,0,0,0
5,CS60->US68,0,0,0
5,CS60->US76,51097,51097,0
5,CS60->US84,0,0,0
5,CS60->US92,50948,50948,0
5,CS60->US100,0,0,0
5,CS60->US108,0,0,0
5,CS60->US116,55716,55716,0
5,CS60->US124,24563,24563,0
5,CS61->US5,51649,51649,0
5,CS61->US13,0,0,0
5,CS61->US21,24056,24056,0
5,CS61->US29,0,0,0
5,CS61->US37,0,0,0
5,CS61->US45,52069,52069,0
5,CS61->US53,51385,51385,0
5,CS61->US61,0,0,0
5,CS61->US69,0,0,0
5,CS61->US77,50815,50815,0
5,CS61->US85,0,0,0
5,CS61->US93,51349,51349,0
5,CS61->US101,0,0,0
5,CS61->US109,0,0,0
5,CS61->US117,55524,55524,0
5,CS61->US125,24102,24101,0
5,CS62->US6,51437,51437,0
5,CS62->US14,0,0,0
5,CS62->US22,23979,23979,0
5,CS62->US30,0,0,0
5,CS62->US38,0,0,0
5,CS62->US46,51636,51636,0
5,CS62->US54,51463,51463,0
5,CS62->US62,0,0,0
5,CS62->US70,0,0,0
5,CS62->US78,50958,50958,0
5,CS62->US86,0,0,0
5,CS62->US94,51050,51050,0
5,CS62->US102,0,0,0
5,CS62->US110,0,0,0
5,CS62->US118,55843,55843,0
5,CS62->US126,24330,24330,0
5,CS63->US7,51612,51612,0
5,CS63->US15,0,0,0
5,CS63->US23,24073,24073,0
5,CS63->US31,0,0,0
5,CS63->US39,0,0,0
5,CS63->US47,52016,52016,0
5,CS63->US55,51725,51725,0
5,CS63->US63,0,0,0
5,CS63->US71,0,0,0
5,CS63->US79,50930,50930,0
5,CS63->US87,0,0,0
5,CS63->US95,50911,50911,0
5,CS63->US103,0,0,0
5,CS63->US111,0,0,0
5,CS63->US119,56067,56067,0
5,CS63->US127,24254,24254,0
6,US0->CS0,51659,51659,0
6,US0->CS8,51628,51628,0
6,US0->CS16,51842,51842,0
6,US0->CS24,51944,51944,0
6,US0->CS32,52200,52200,0
6,US0->CS40,51403,51403,0
6,US0->CS48,51985,51985,0
6,US0->CS56,51966,51966,0
6,US1->CS1,51490,51490,0
6,US1->CS9,51717,51717,0
6,US1->CS17,51720,51720,0
6,US1->CS25,51952,51952,0
6,US1->CS33,52087,52087,0
6,US1->CS41,52016,52016,0
6,US1->CS49,51514,51514,0
6,US1->CS57,51733,51733,0
6,US2->CS2,51678,51678,0
6,US2->CS10,51640,51640,0
6,US2->CS18,51691,51691,0
6,US2->CS26,52024,52024,0
6,US2->CS34,51656,51656,0
6,US2->CS42,52026,52026,0
6,US2->CS50,51849,51849,0
6,US2->CS58,51789,51789,0
6,US3->CS3,52063,52063,0
6,US3->CS11,51481,51481,0
6,US3->CS19,52047,52047,0
6,US3->CS27,51821,51821,0
6,US3->CS35,51708,51708,0
6,US3->CS43,51893,51893,0
6,US3->CS51,52022,52022,0
6,US3->CS59,51468,51468,0
6,US4->CS4,51699,51699,0
6,US4->CS12,51643,51643,0
6,US4->CS20,51570,51570,0
6,US4->CS28,51918,51918,0
6,US4->CS36,51642,51642,0
6,US4->CS44,51769,51769,0
6,US4->CS52,51793,51793,0
6,US4->CS60,51837,51837,0
6,US5->CS5,51668,51668,0
6,US5->CS13,51561,51561,0
6,US5->CS21,51640,51640,0
6,US5->CS29,51675,51675,0
6,US5->CS37,51684,51684,0
6,US5->CS45,51640,51640,0
6,US5->CS53,51823,51823,0
6,US5->CS61,51630,51630,0
6,US6->CS6,51640,51640,0
6,US6->CS14,51789,51789,0
6,US6->CS22,52103,52103,0
6,US6->CS30,51917,51917,0
6,US6->CS38,51845,51845,0
6,US6->CS46,51805,51805,0
6,US6->CS54,51617,51617,0
6,US6->CS62,51759,51759,0
6,US7->CS7,51488,51488,0
6,US7->CS15,51768,51768,0
6,US7->CS23,51466,51466,0
6,US7->CS31,51843,51843,0
6,US7->CS39,51429,51429,0
6,US7->CS47,51498,51498,0
6,US7->CS55,51810,51810,0
6,US7->CS63,51961,51961,0
6,US8->CS0,4908,4908,0
6,US8->CS8,4956,4955,0
6,US8->CS16,4908,4907,0
6,US8->CS24,4965,4965,0
6,US8->CS32,5106,5105,0
6,US8->CS40,4951,4950,0
6,US8->CS48,4992,4991,0
6,US8->CS56,4822,4821,0
6,US9->CS1,4885,4885,0
6,US9->CS9,4989,4989,0
6,US9->CS17,5024,5024,0
6,US9->CS25,5011,5011,0
6,US9->CS33,4976,4976,0
6,US9->CS41,5027,5026,0
6,US9->CS49,4966,4965,0
6,US9->CS57,4971,4970,0
6,US10->CS2,4858,4858,0
6,US10->CS10,4929,4928,0
6,US10->CS18,4898,4898,0
6,US10->CS26,4911,4911,0
6,US10->CS34,4988,4988,0
6,US10->CS42,5021,5021,0
6,US10->CS50,4989,4989,0
6,US10->CS58,5027,5027,0
6,US11->CS3,4921,4920,0
6,US11->CS11,4857,4856,0
6,US11->CS19,5004,5004,0
6,US11->CS27,4892,4891,0
6,US11->CS35,4973,4972,0
6,US11->CS43,4907,4907,0
6,US11->CS51,5021,5021,0
6,US11->CS59,4862,4862,0
6,US12->CS4,4970,4970,0
6,US12->CS12,4902,4901,0
6,US12->CS20,4981,4981,0
6,US12->CS28,4949,4949,0
6,US12->CS36,4959,4959,0
6,US12->CS44,4903,4903,0
6,US12->CS52,4951,4950,0
6,US12->CS60,5030,5028,0
6,US13->CS5,5021,5021,0
6,US13->CS13,5064,5062,0
6,US13->CS21,4905,4905,0
6,US13->CS29,4869,4868,0
6,US13->CS37,5037,5037,0
6,US13->CS45,4929,4929,0
6,US13->CS53,4975,4972,0
6,US13->CS61,4958,4957,0
6,US14->CS6,4923,4922,0
6,US14->CS14,5006,5006,0
6,US14->CS22,4924,4924,0
6,US14->CS30,5044,5044,0
6,US14->CS38,4998,4998,0
6,US14->CS46,4981,4981,0
6,US14->CS54,4920,4919,0
6,US14->CS62,4974,4974,0
6,US15->CS7,4909,4909,0
6,US15->CS15,4923,4923,0
6,US15->CS23,4943,4943,0
6,US15->CS31,4853,4853,0
6,US15->CS39,4918,4918,0
6,US15->CS47,4989,4989,0
6,US15->CS55,4754,4754,0
6,US15->CS63,5009,5009,0
6,US16->CS0,52885,52885,0
6,US16->CS8,53361,53361,0
6,US16->CS16,52845,52845,0
6,US16->CS24,53114,53114,0
6,US16->CS32,53043,53043,0
6,US16->CS40,53017,53017,0
6,US16->CS48,53473,53473,0
6,US16->CS56,53177,53177,0
6,US17->CS1,53158,53158,0
6,US17->CS9,53152,53152,0
6,US17->CS17,52914,52914,0
6,US17->CS25,52722,52722,0
6,US17->CS33,53483,53483,0
6,US17->CS41,53010,53010,0
6,US17->CS49,52692,52692,0
6,US17->CS57,52999,52999,0
6,US18->CS2,52819,52819,0
6,US18->CS10,53031,53031,0
6,US18->CS18,52846,52846,0
6,US18->CS26,53311,53311,0
6,US18->CS34,53073,53073,0
6,US18->CS42,53218,53218,0
6,US18->CS50,53185,53185,0
6,US18->CS58,53240,53240,0
6,US19->CS3,53172,53172,0
6,US19->CS11,53345,53345,0
6,US19->CS19,52844,52844,0
6,US19->CS27,53204,53204,0
6,US19->CS35,53228,53228,0
6,US19->CS43,53142,53142,0
6,US19->CS51,53456,53456,0
6,US19->CS59,52741,52741,0
6,US20->CS4,52859,52859,0
6,US20->CS12,53062,53062,0
6,US20->CS20,53430,53430,0
6,US20->CS28,53140,53140,0
6,US20->CS36,52895,52895,0
6,US20->CS44,53168,53168,0
6,US20->CS52,53344,53344,0
6,US20->CS60,53244,53244,0
6,US21->CS5,52536,52536,0
6,US21->CS13,52992,52992,0
6,US21->CS21,52827,52827,0
6,US21->CS29,52978,52978,0
6,US21->CS37,53136,53136,0
6,US21->CS45,53294,53294,0
6,US21->CS53,52636,52636,0
6,US21->CS61,53299,53299,0
6,US22->CS6,53310,53310,0
6,US22->CS14,52939,52939,0
6,US22->CS22,53725,53725,0
6,US22->CS30,53133,53133,0
6,US22->CS38,53011,53011,0
6,US22->CS46,53271,53271,0
6,US22->CS54,53148,53148,0
6,US22->CS62,53285,53285,0
6,US23->CS7,53382,53382,0
6,US23->CS15,53354,53354,0
6,US23->CS23,53198,53198,0
6,US23->CS31,52801,52801,0
6,US23->CS39,53466,53466,0
6,US23->CS47,53194,53194,0
6,US23->CS55,53253,53253,0
6,US23->CS63,53259,53259,0
6,US24->CS0,0,0,0
6,US24->CS8,0,0,0
6,US24->CS16,0,0,0
6,US24->CS24,0,0,0
6,US24->CS32,0,0,0
6,US24->CS40,0,0,0
6,US24->CS48,0,0,0
6,US24->CS56,0,0,0
6,US25->CS1,0,0,0
6,US25->CS9,0,0,0
6,US25->CS17,0,0,0
6,US25->CS25,0,0,0
6,US25->CS33,0,0,0
6,US25->CS41,0,0,0
6,US25->CS49,0,0,0
6,US25->CS57,0,0,0
6,US26->CS2,0,0,0
6,US26->CS10,0,0,0
6,US26->CS18,0,0,0
6,US26->CS26,0,0,0
6,US26->CS34,0,0,0
6,US26->CS42,0,0,0
6,US26->CS50,0,0,0
6,US26->CS58,0,0,0
6,US27->CS3,0,0,0
6,US27->CS11,0,0,0
6,US27->CS19,0,0,0
6,US27->CS27,0,0,0
6,US27->CS35,0,0,0
6,US27->CS43,0,0,0
6,US27->CS51,0,0,0
6,US27->CS59,0,0,0
6,US28->CS4,0,0,0
6,US28->CS12,0,0,0
6,US28->CS20,0,0,0
6,US28->CS28,0,0,0
6,US28->CS36,0,0,0
6,US28->CS44,0,0,0
6,US28->CS52,0,0,0
6,US28->CS60,0,0,0
6,US29->CS5,0,0,0
6,US29->CS13,0,0,0
6,US29->CS21,0,0,0
6,US29->CS29,0,0,0
6,US29->CS37,0,0,0
6,US29->CS45,0,0,0
6,US29->CS53,0,0,0
6,US29->CS61,0,0,0
6,US30->CS6,0,0,0
6,US30->CS14,0,0,0
6,US30->CS22,0,0,0
6,US30->CS30,0,0,0
6,US30->CS38,0,0,0
6,US30->CS46,0,0,0
6,US30->CS54,0,0,0
6,US30->CS62,0,0,0
6,US31->CS7,0,0,0
6,US31->CS15,0,0,0
6,US31->CS23,0,0,0
6,US31->CS31,0,0,0
6,US31->CS39,0,0,0
6,US31->CS47,0,0,0
6,US31->CS55,0,0,0
6,US31->CS63,0,0,0
6,US32->CS0,0,0,0
6,US32->CS8,0,0,0
6,US32->CS16,0,0,0
6,US32->CS24,0,0,0
6,US32->CS32,0,0,0
6,US32->CS40,0,0,0
6,US32->CS48,0,0,0
6,US32->CS56,0,0,0
6,US33->CS1,0,0,0
6,US33->CS9,0,0,0
6,US33->CS17,0,0,0
6,US33->CS25,0,0,0
6,US33->CS33,0,0,0
6,US33->CS41,0,0,0
6,US33->CS49,0,0,0
6,US33->CS57,0,0,0
6,US34->CS2,0,0,0
6,US34->CS10,0,0,0
6,US34->CS18,0,0,0
6,US34->CS26,0,0,0
6,US34->CS34,0,0,0
6,US34->CS42,0,0,0
6,US34->CS50,0,0,0
6,US34->CS58,0,0,0
6,US35->CS3,0,0,0
6,US35->CS11,0,0,0
6,US35->CS19,0,0,0
6,US35->CS27,0,0,0
6,US35->CS35,0,0,0
6,US35->CS43,0,0,0
6,US35->CS51,0,0,0
6,US35->CS59,0,0,0
6,US36->CS4,0,0,0
6,US36->CS12,0,0,0
6,US36->CS20,0,0,0
6,US36->CS28,0,0,0
6,US36->CS36,0,0,0
6,US36->CS44,0,0,0
6,US36->CS52,0,0,0
6,US36->CS60,0,0,0
6,US37->CS5,0,0,0
6,US37->CS13,0,0,0
6,US37->CS21,0,0,0
6,US37->CS29,0,0,0
6,US37->CS37,0,0,0
6,US37->CS45,0,0,0
6,US37->CS53,0,0,0
6,US37->CS61,0,0,0
6,US38->CS6,0,0,0
6,US38->CS14,0,0,0
6,US38->CS22,0,0,0
6,US38->CS30,0,0,0
6,US38->CS38,0,0,0
6,US38->CS46,0,0,0
6,US38->CS54,0,0,0
6,US38->CS62,0,0,0
6,US39->CS7,0,0,0
6,US39->CS15,0,0,0
6,US39->CS23,0,0,0
6,US39->CS31,0,0,0
6,US39->CS39,0,0,0
6,US39->CS47,0,0,0
6,US39->CS55,0,0,0
6,US39->CS63,0,0,0
6,US40->CS0,55173,55173,0
6,US40->CS8,55608,55608,0
6,US40->CS16,55691,55691,0
6,US40->CS24,55286,55286,0
6,US40->CS32,55542,55542,0
6,US40->CS40,55808,55808,0
6,US40->CS48,55420,55420,0
6,US40->CS56,55670,55670,0
6,US41->CS1,55770,55770,0
6,US41->CS9,55844,55844,0
6,US41->CS17,55568,55568,0
6,US41->CS25,55620,55620,0
6,US41->CS33,55937,55937,0
6,US41->CS41,55344,55344,0
6,US41->CS49,55693,55693,0
6,US41->CS57,55976,55976,0
6,US42->CS2,55260,55260,0
6,US42->CS10,55242,55242,0
6,US42->CS18,54903,54903,0
6,US42->CS26,55805,55805,0
6,US42->CS34,55463,55463,0
6,US42->CS42,55378,55378,0
6,US42->CS50,55840,55840,0
6,US42->CS58,55708,55708,0
6,US43->CS3,55357,55357,0
6,US43->CS11,55347,55347,0
6,US43->CS19,55638,55638,0
6,US43->CS27,55279,55279,0
6,US43->CS35,55996,55996,0
6,US43->CS43,54984,54984,0
6,US43->CS51,55578,55578,0
6,US43->CS59,55564,55564,0
6,US44->CS4,55531,55531,0
6,US44->CS12,55015,55015,0
6,US44->CS20,55500,55500,0
6,US44->CS28,55464,55464,0
6,US44->CS36,55150,55150,0
6,US44->CS44,55166,55166,0
6,US44->CS52,55496,55496,0
6,US44->CS60,55555,55555,0
6,US45->CS5,55179,55179,0
6,US45->CS13,55031,55031,0
6,US45->CS21,55472,55472,0
6,US45->CS29,55563,55563,0
6,US45->CS37,55115,55115,0
6,US45->CS45,55571,55571,0
6,US45->CS53,55058,55058,0
6,US45->CS61,55418,55418,0
6,US46->CS6,55867,55867,0
6,US46->CS14,55521,55521,0
6,US46->CS22,55389,55389,0
6,US46->CS30,55376,55376,0
6,US46->CS38,55788,55788,0
6,US46->CS46,56003,56003,0
6,US46->CS54,55739,55739,0
6,US46->CS62,55689,55689,0
6,US47->CS7,55902,55902,0
6,US47->CS15,55179,55179,0
6,US47->CS23,55408,55408,0
6,US47->CS31,55415,55415,0
6,US47->CS39,55493,55493,0
6,US47->CS47,55562,55562,0
6,US47->CS55,55795,55795,0
6,US47->CS63,55970,55970,0
6,US48->CS0,52204,52204,0
6,US48->CS8,52031,52031,0
6,US48->CS16,52509,52509,0
6,US48->CS24,51892,51892,0
6,US48->CS32,51491,51491,0
6,US48->CS40,51891,51891,0
6,US48->CS48,51853,51853,0
6,US48->CS56,51884,51884,0
6,US49->CS1,51864,51864,0
6,US49->CS9,51981,51981,0
6,US49->CS17,51977,51977,0
6,US49->CS25,52007,52007,0
6,US49->CS33,52037,52037,0
6,US49->CS41,51525,51525,0
6,US49->CS49,51608,51608,0
6,US49->CS57,51875,51875,0
6,US50->CS2,51843,51843,0
6,US50->CS10,51678,51678,0
6,US50->CS18,51870,51870,0
6,US50->CS26,51627,51627,0
6,US50->CS34,51431,51431,0
6,US50->CS42,51630,51630,0
6,US50->CS50,51352,51352,0
6,US50->CS58,52131,52131,0
6,US51->CS3,51355,51355,0
6,US51->CS11,51409,51409,0
6,US51->CS19,51751,51751,0
6,US51->CS27,51481,51481,0
6,US51->CS35,51928,51928,0
6,US51->CS43,51546,51546,0
6,US51->CS51,51552,51552,0
6,US51->CS59,51635,51635,0
6,US52->CS4,51930,51930,0
6,US52->CS12,51499,51499,0
6,US52->CS20,51792,51792,0
6,US52->CS28,51523,51523,0
6,US52->CS36,51891,51891,0
6,US52->CS44,51749,51749,0
6,US52->CS52,51772,51772,0
6,US52->CS60,51875,51875,0
6,US53->CS5,51497,51497,0
6,US53->CS13,51989,51989,0
6,US53->CS21,52103,52103,0
6,US53->CS29,51663,51663,0
6,US53->CS37,51703,51703,0
6,US53->CS45,51634,51634,0
6,US53->CS53,51791,51791,0
6,US53->CS61,51926,51926,0
6,US54->CS6,51922,51922,0
6,US54->CS14,51528,51528,0
6,US54->CS22,51479,51479,0
6,US54->CS30,51881,51881,0
6,US54->CS38,51628,51628,0
6,US54->CS46,51773,51773,0
6,US54->CS54,51393,51393,0
6,US54->CS62,51652,51652,0
6,US55->CS7,51651,51651,0
6,US55->CS15,51749,51749,0
6,US55->CS23,51741,51741,0
6,US55->CS31,51631,51631,0
6,US55->CS39,52096,52096,0
6,US55->CS47,51610,51610,0
6,US55->CS55,51728,51728,0
6,US55->CS63,51882,51882,0
6,US56->CS0,0,0,0
6,US56->CS8,0,0,0
6,US56->CS16,0,0,0
6,US56->CS24,0,0,0
6,US56->CS32,0,0,0
6,US56->CS40,0,0,0
6,US56->CS48,0,0,0
6,US56->CS56,0,0,0
6,US57->CS1,0,0,0
6,US57->CS9,0,0,0
6,US57->CS17,0,0,0
6,US57->CS25,0,0,0
6,US57->CS33,0,0,0
6,US57->CS41,0,0,0
6,US57->CS49,0,0,0
6,US57->CS57,0,0,0
6,US58->CS2,0,0,0
6,US58->CS10,0,0,0
6,US58->CS18,0,0,0
6,US58->CS26,0,0,0
6,US58->CS34,0,0,0
6,US58->CS42,0,0,0
6,US58->CS50,0,0,0
6,US58->CS58,0,0,0
6,US59->CS3,0,0,0
6,US59->CS11,0,0,0
6,US59->CS19,0,0,0
6,US59->CS27,0,0,0
6,US59->CS35,0,0,0
6,US59->CS43,0,0,0
6,US59->CS51,0,0,0
6,US59->CS59,0,0,0
6,US60->CS4,0,0,0
6,US60->CS12,0,0,0
6,US60->CS20,0,0,0
6,US60->CS28,0,0,0
6,US60->CS36,0,0,0
6,US60->CS44,0,0,0
6,US60->CS52,0,0,0
6,US60->CS60,0,0,0
6,US61->CS5,0,0,0
6,US61->CS13,0,0,0
6,US61->CS21,0,0,0
6,US61->CS29,0,0,0
6,US61->CS37,0,0,0
6,US61->CS45,0,0,0
6,US61->CS53,0,0,0
6,US61->CS61,0,0,0
6,US62->CS6,0,0,0
6,US62->CS14,0,0,0
6,US62->CS22,0,0,0
6,US62->CS30,0,0,0
6,US62->CS38,0,0,0
6,US62->CS46,0,0,0
6,US62->CS54,0,0,0
6,US62->CS62,0,0,0
6,US63->CS7,0,0,0
6,US63->CS15,0,0,0
6,US63->CS23,0,0,0
6,US63->CS31,0,0,0
6,US63->CS39,0,0,0
6,US63->CS47,0,0,0
6,US63->CS55,0,0,0
6,US63->CS63,0,0,0
6,US64->CS0,0,0,0
6,US64->CS8,0,0,0
6,US64->CS16,0,0,0
6,US64->CS24,0,0,0
6,US64->CS32,0,0,0
6,US64->CS40,0,0,0
6,US64->CS48,0,0,0
6,US64->CS56,0,0,0
6,US65->CS1,0,0,0
6,US65->CS9,0,0,0
6,US65->CS17,0,0,0
6,US65->CS25,0,0,0
6,US65->CS33,0,0,0
6,US65->CS41,0,0,0
6,US65->CS49,0,0,0
6,US65->CS57,0,0,0
6,US66->CS2,0,0,0
6,US66->CS10,0,0,0
6,US66->CS18,0,0,0
6,US66->CS26,0,0,0
6,US66->CS34,0,0,0
6,US66->CS42,0,0,0
6,US66->CS50,0,0,0
6,US66->CS58,0,0,0
6,US67->CS3,0,0,0
6,US67->CS11,0,0,0
6,US67->CS19,0,0,0
6,US67->CS27,0,0,0
6,US67->CS35,0,0,0
6,US67->CS43,0,0,0
6,US67->CS51,0,0,0
6,US67->CS59,0,0,0
6,US68->CS4,0,0,0
6,US68->CS12,0,0,0
6,US68->CS20,0,0,0
6,US68->CS28,0,0,0
6,US68->CS36,0,0,0
6,US68->CS44,0,0,0
6,US68->CS52,0,0,0
6,US68->CS60,0,0,0
6,US69->CS5,0,0,0
6,US69->CS13,0,0,0
6,US69->CS21,0,0,0
6,US69->CS29,0,0,0
6,US69->CS37,0,0,0
6,US69->CS45,0,0,0
6,US69->CS53,0,0,0
6,US69->CS61,0,0,0
6,US70->CS6,0,0,0
6,US70->CS14,0,0,0
6,US70->CS22,0,0,0
6,US70->CS30,0,0,0
6,US70->CS38,0,0,0
6,US70->CS46,0,0,0
6,US70->CS54,0,0,0
6,US70->CS62,0,0,0
6,US71->CS7,0,0,0
6,US71->CS15,0,0,0
6,US71->CS23,0,0,0
6,US71->CS31,0,0,0
6,US71->CS39,0,0,0
6,US71->CS47,0,0,0
6,US71->CS55,0,0,0
6,US71->CS63,0,0,0
6,US72->CS0,50964,50964,0
6,US72->CS8,50574,50574,0
6,US72->CS16,51012,51012,0
6,US72->CS24,51012,51012,0
6,US72->CS32,50595,50595,0
6,US72->CS40,51093,51093,0
6,US72->CS48,50929,50929,0
6,US72->CS56,50951,50951,0
6,US73->CS1,50274,50274,0
6,US73->CS9,51244,51244,0
6,US73->CS17,50762,50762,0
6,US73->CS25,50694,50694,0
6,US73->CS33,50785,50785,0
6,US73->CS41,50838,50838,0
6,US73->CS49,50768,50768,0
6,US73->CS57,50966,50966,0
6,US74->CS2,50924,50924,0
6,US74->CS10,50439,50439,0
6,US74->CS18,50859,50859,0
6,US74->CS26,50700,50700,0
6,US74->CS34,50840,50840,0
6,US74->CS42,50712,50712,0
6,US74->CS50,50995,50995,0
6,US74->CS58,50603,50603,0
6,US75->CS3,50719,50719,0
6,US75->CS11,50360,50360,0
6,US75->CS19,50932,50932,0
6,US75->CS27,51011,51011,0
6,US75->CS35,50639,50639,0
6,US75->CS43,51060,51060,0
6,US75->CS51,50594,50594,0
6,US75->CS59,50756,50756,0
6,US76->CS4,50869,50869,0
6,US76->CS12,51257,51257,0
6,US76->CS20,50493,50493,0
6,US76->CS28,50672,50672,0
6,US76->CS36,50742,50742,0
6,US76->CS44,50853,50853,0
6,US76->CS52,51155,51155,0
6,US76->CS60,50771,50771,0
6,US77->CS5,50930,50930,0
6,US77->CS13,51141,51141,0
6,US77->CS21,51029,51029,0
6,US77->CS29,50862,50862,0
6,US77->CS37,50497,50497,0
6,US77->CS45,51563,51563,0
6,US77->CS53,50714,50714,0
6,US77->CS61,51141,51141,0
6,US78->CS6,50655,50655,0
6,US78->CS14,50881,50881,0
6,US78->CS22,51188,51188,0
6,US78->CS30,50916,50916,0
6,US78->CS38,51032,51032,0
6,US78->CS46,50774,50774,0
6,US78->CS54,50521,50521,0
6,US78->CS62,50886,50886,0
6,US79->CS7,50817,50817,0
6,US79->CS15,50978,50978,0
6,US79->CS23,50763,50763,0
6,US79->CS31,50822,50822,0
6,US79->CS39,50848,50848,0
6,US79->CS47,50714,50714,0
6,US79->CS55,50888,50888,0
6,US79->CS63,50758,50758,0
6,US80->CS0,6034,6034,0
6,US80->CS8,6015,6014,0
6,US80->CS16,5893,5893,0
6,US80->CS24,5951,5951,0
6,US80->CS32,5895,5895,0
6,US80->CS40,5881,5880,0
6,US80->CS48,5974,5974,0
6,US80->CS56,6045,6045,0
6,US81->CS1,5943,5943,0
6,US81->CS9,5863,5862,0
6,US81->CS17,5954,5954,0
6,US81->CS25,5970,5970,0
6,US81->CS33,6026,6026,0
6,US81->CS41,5882,5882,0
6,US81->CS49,6016,6016,0
6,US81->CS57,5913,5913,0
6,US82->CS2,5940,5940,0
6,US82->CS10,5987,5987,0
6,US82->CS18,6006,6006,0
6,US82->CS26,5766,5766,0
6,US82->CS34,5840,5840,0
6,US82->CS42,5984,5983,0
6,US82->CS50,5985,5984,0
6,US82->CS58,5916,5916,0
6,US83->CS3,5816,5816,0
6,US83->CS11,5907,5907,0
6,US83->CS19,5970,5970,0
6,US83->CS27,5940,5939,0
6,US83->CS35,5807,5807,0
6,US83->CS43,5897,5897,0
6,US83->CS51,5974,5974,0
6,US83->CS59,5944,5943,0
6,US84->CS4,6057,6057,0
6,US84->CS12,5915,5914,0
6,US84->CS20,6001,6001,0
6,US84->CS28,5851,5851,0
6,US84->CS36,5961,5960,0
6,US84->CS44,5946,5945,0
6,US84->CS52,5905,5905,0
6,US84->CS60,5856,5855,0
6,US85->CS5,5919,5919,0
6,US85->CS13,5894,5894,0
6,US85->CS21,5943,5943,0
6,US85->CS29,5993,5993,0
6,US85->CS37,5913,5913,0
6,US85->CS45,5817,5817,0
6,US85->CS53,5880,5880,0
6,US85->CS61,6061,6059,0
6,US86->CS6,6076,6076,0
6,US86->CS14,5848,5848,0
6,US86->CS22,5841,5841,0
6,US86->CS30,5902,5902,0
6,US86->CS38,5880,5880,0
6,US86->CS46,5960,5960,0
6,US86->CS54,6002,6002,0
6,US86->CS62,5876,5876,0
6,US87->CS7,5904,5903,0
6,US87->CS15,6091,6091,0
6,US87->CS23,6000,6000,0
6,US87->CS31,5798,5798,0
6,US87->CS39,5970,5970,0
6,US87->CS47,5928,5928,0
6,US87->CS55,5859,5859,0
6,US87->CS63,5871,5870,0
6,US88->CS0,50869,50869,0
6,US88->CS8,50613,50613,0
6,US88->CS16,50656,50656,0
6,US88->CS24,50607,50607,0
6,US88->CS32,50683,50683,0
6,US88->CS40,50509,50509,0
6,US88->CS48,50766,50766,0
6,US88->CS56,50525,50525,0
6,US89->CS1,51054,51054,0
6,US89->CS9,50765,50765,0
6,US89->CS17,50968,50968,0
6,US89->CS25,50881,50881,0
6,US89->CS33,50317,50317,0
6,US89->CS41,50738,50738,0
6,US89->CS49,50599,50599,0
6,US89->CS57,51166,51166,0
6,US90->CS2,50975,50975,0
6,US90->CS10,50254,50254,0
6,US90->CS18,50519,50519,0
6,US90->CS26,51073,51073,0
6,US90->CS34,50800,50800,0
6,US90->CS42,50553,50553,0
6,US90->CS50,50816,50816,0
6,US90->CS58,51111,51111,0
6,US91->CS3,50664,50664,0
6,US91->CS11,50797,50797,0
6,US91->CS19,50448,50448,0
6,US91->CS27,50595,50595,0
6,US91->CS35,50799,50799,0
6,US91->CS43,50821,50821,0
6,US91->CS51,50789,50789,0
6,US91->CS59,50665,50665,0
6,US92->CS4,50523,50523,0
6,US92->CS12,51045,51045,0
6,US92->CS20,50850,50850,0
6,US92->CS28,51048,51048,0
6,US92->CS36,50591,50591,0
6,US92->CS44,50859,50859,0
6,US92->CS52,51027,51027,0
6,US92->CS60,51097,51097,0
6,US93->CS5,51032,51032,0
6,US93->CS13,50585,50585,0
6,US93->CS21,50640,50640,0
6,US93->CS29,50658,50658,0
6,US93->CS37,51090,51090,0
6,US93->CS45,50795,50795,0
6,US93->CS53,51111,51111,0
6,US93->CS61,50789,50789,0
6,US94->CS6,50651,50651,0
6,US94->CS14,50771,50771,0
6,US94->CS22,50815,50815,0
6,US94->CS30,50661,50661,0
6,US94->CS38,50775,50775,0
6,US94->CS46,51228,51228,0
6,US94->CS54,50966,50966,0
6,US94->CS62,50919,50919,0
6,US95->CS7,50596,50596,0
6,US95->CS15,51112,51112,0
6,US95->CS23,50569,50569,0
6,US95->CS31,50662,50662,0
6,US95->CS39,50934,50934,0
6,US95->CS47,50583,50583,0
6,US95->CS55,50232,50232,0
6,US95->CS63,50881,50881,0
6,US96->CS0,0,0,0
6,US96->CS8,0,0,0
6,US96->CS16,0,0,0
6,US96->CS24,0,0,0
6,US96->CS32,0,0,0
6,US96->CS40,0,0,0
6,US96->CS48,0,0,0
6,US96->CS56,0,0,0
6,US97->CS1,0,0,0
6,US97->CS9,0,0,0
6,US97->CS17,0,0,0
6,US97->CS25,0,0,0
6,US97->CS33,0,0,0
6,US97->CS41,0,0,0
6,US97->CS49,0,0,0
6,US97->CS57,0,0,0
6,US98->CS2,0,0,0
6,US98->CS10,0,0,0
6,US98->CS18,0,0,0
6,US98->CS26,0,0,0
6,US98->CS34,0,0,0
6,US98->CS42,0,0,0
6,US98->CS50,0,0,0
6,US98->CS58,0,0,0
6,US99->CS3,0,0,0
6,US99->CS11,0,0,0
6,US99->CS19,0,0,0
6,US99->CS27,0,0,0
6,US99->CS35,0,0,0
6,US99->CS43,0,0,0
6,US99->CS51,0,0,0
6,US99->CS59,0,0,0
6,US100->CS4,0,0,0
6,US100->CS12,0,0,0
6,US100->CS20,0,0,0
6,US100->CS28,0,0,0
6,US100->CS36,0,0,0
6,US100->CS44,0,0,0
6,US100->CS52,0,0,0
6,US100->CS60,0,0,0
6,US101->CS5,0,0,0
6,US101->CS13,0,0,0
6,US101->CS21,0,0,0
6,US101->CS29,0,0,0
6,US101->CS37,0,0,0
6,US101->CS45,0,0,0
6,US101->CS53,0,0,0
6,US101->CS61,0,0,0
6,US102->CS6,0,0,0
6,US102->CS14,0,0,0
6,US102->CS22,0,0,0
6,US102->CS30,0,0,0
6,US102->CS38,0,0,0
6,US102->CS46,0,0,0
6,US102->CS54,0,0,0
6,US102->CS62,0,0,0
6,US103->CS7,0,0,0
6,US103->CS15,0,0,0
6,US103->CS23,0,0,0
6,US103->CS31,0,0,0
6,US103->CS39,0,0,0
6,US103->CS47,0,0,0
6,US103->CS55,0,0,0
6,US103->CS63,0,0,0
6,US104->CS0,0,0,0
6,US104->CS8,0,0,0
6,US104->CS16,0,0,0
6,US104->CS24,0,0,0
6,US104->CS32,0,0,0
6,US104->CS40,0,0,0
6,US104->CS48,0,0,0
6,US104->CS56,0,0,0
6,US105->CS1,0,0,0
6,US105->CS9,0,0,0
6,US105->CS17,0,0,0
6,US105->CS25,0,0,0
6,US105->CS33,0,0,0
6,US105->CS41,0,0,0
6,US105->CS49,0,0,0
6,US105->CS57,0,0,0
6,US106->CS2,0,0,0
6,US106->CS10,0,0,0
6,US106->CS18,0,0,0
6,US106->CS26,0,0,0
6,US106->CS34,0,0,0
6,US106->CS42,0,0,0
6,US106->CS50,0,0,0
6,US106->CS58,0,0,0
6,US107->CS3,0,0,0
6,US107->CS11,0,0,0
6,US107->CS19,0,0,0
6,US107->CS27,0,0,0
6,US107->CS35,0,0,0
6,US107->CS43,0,0,0
6,US107->CS51,0,0,0
6,US107->CS59,0,0,0
6,US108->CS4,0,0,0
6,US108->CS12,0,0,0
6,US108->CS20,0,0,0
6,US108->CS28,0,0,0
6,US108->CS36,0,0,0
6,US108->CS44,0,0,0
6,US108->CS52,0,0,0
6,US108->CS60,0,0,0
6,US109->CS5,0,0,0
6,US109->CS13,0,0,0
6,US109->CS21,0,0,0
6,US109->CS29,0,0,0
6,US109->CS37,0,0,0
6,US109->CS45,0,0,0
6,US109->CS53,0,0,0
6,US109->CS61,0,0,0
6,US110->CS6,0,0,0
6,US110->CS14,0,0,0
6,US110->CS22,0,0,0
6,US110->CS30,0,0,0
6,US110->CS38,0,0,0
6,US110->CS46,0,0,0
6,US110->CS54,0,0,0
6,US110->CS62,0,0,0
6,US111->CS7,0,0,0
6,US111->CS15,0,0,0
6,US111->CS23,0,0,0
6,US111->CS31,0,0,0
6,US111->CS39,0,0,0
6,US111->CS47,0,0,0
6,US111->CS55,0,0,0
6,US111->CS63,0,0,0
6,US112->CS0,51871,51871,0
6,US112->CS8,51807,51807,0
6,US112->CS16,52143,52143,0
6,US112->CS24,52083,52083,0
6,US112->CS32,51711,51711,0
6,US112->CS40,51573,51573,0
6,US112->CS48,52056,52056,0
6,US112->CS56,51501,51501,0
6,US113->CS1,51770,51770,0
6,US113->CS9,51600,51600,0
6,US113->CS17,51484,51484,0
6,US113->CS25,51625,51625,0
6,US113->CS33,51968,51968,0
6,US113->CS41,51783,51783,0
6,US113->CS49,51813,51813,0
6,US113->CS57,52027,52027,0
6,US114->CS2,51752,51752,0
6,US114->CS10,51995,51995,0
6,US114->CS18,51788,51788,0
6,US114->CS26,51684,51684,0
6,US114->CS34,51883,51883,0
6,US114->CS42,51616,51616,0
6,US114->CS50,51902,51902,0
6,US114->CS58,51621,51621,0
6,US115->CS3,51753,51753,0
6,US115->CS11,51662,51662,0
6,US115->CS19,51698,51698,0
6,US115->CS27,51794,51794,0
6,US115->CS35,51681,51681,0
6,US115->CS43,51788,51788,0
6,US115->CS51,51888,51888,0
6,US115->CS59,52286,52286,0
6,US116->CS4,51728,51728,0
6,US116->CS12,51842,51842,0
6,US116->CS20,51768,51768,0
6,US116->CS28,51972,51972,0
6,US116->CS36,51757,51757,0
6,US116->CS44,51749,51749,0
6,US116->CS52,52328,52328,0
6,US116->CS60,51289,51289,0
6,US117->CS5,51696,51696,0
6,US117->CS13,51759,51759,0
6,US117->CS21,51700,51700,0
6,US117->CS29,51873,51873,0
6,US117->CS37,51845,51845,0
6,US117->CS45,51822,51822,0
6,US117->CS53,52096,52096,0
6,US117->CS61,51991,51991,0
6,US118->CS6,51335,51335,0
6,US118->CS14,51620,51620,0
6,US118->CS22,51691,51691,0
6,US118->CS30,51824,51824,0
6,US118->CS38,51680,51680,0
6,US118->CS46,52033,52033,0
6,US118->CS54,51799,51799,0
6,US118->CS62,51623,51623,0
6,US119->CS7,51751,51751,0
6,US119->CS15,52162,52162,0
6,US119->CS23,52041,52041,0
6,US119->CS31,51936,51936,0
6,US119->CS39,51652,51652,0
6,US119->CS47,51784,51784,0
6,US119->CS55,51630,51630,0
6,US119->CS63,51916,51916,0
6,US120->CS0,50133,50133,0
6,US120->CS8,50359,50359,0
6,US120->CS16,50414,50414,0
6,US120->CS24,50541,50541,0
6,US120->CS32,50123,50123,0
6,US120->CS40,50117,50117,0
6,US120->CS48,50454,50454,0
6,US120->CS56,50552,50552,0
6,US121->CS1,50537,50537,0
6,US121->CS9,50212,50212,0
6,US121->CS17,50109,50109,0
6,US121->CS25,50620,50620,0
6,US121->CS33,50131,50131,0
6,US121->CS41,50030,50030,0
6,US121->CS49,49951,49951,0
6,US121->CS57,50356,50356,0
6,US122->CS2,50271,50271,0
6,US122->CS10,50105,50105,0
6,US122->CS18,50160,50160,0
6,US122->CS26,50563,50563,0
6,US122->CS34,50136,50136,0
6,US122->CS42,50192,50192,0
6,US122->CS50,50213,50213,0
6,US122->CS58,50082,50082,0
6,US123->CS3,50184,50184,0
6,US123->CS11,50267,50267,0
6,US123->CS19,50204,50204,0
6,US123->CS27,50142,50142,0
6,US123->CS35,50396,50396,0
6,US123->CS43,50185,50185,0
6,US123->CS51,50450,50450,0
6,US123->CS59,50186,50186,0
6,US124->CS4,50300,50300,0
6,US124->CS12,50297,50297,0
6,US124->CS20,50354,50354,0
6,US124->CS28,50212,50212,0
6,US124->CS36,50244,50244,0
6,US124->CS44,50393,50393,0
6,US124->CS52,50289,50289,0
6,US124->CS60,50846,50846,0
6,US125->CS5,50128,50128,0
6,US125->CS13,50802,50802,0
6,US125->CS21,50440,50440,0
6,US125->CS29,50317,50317,0
6,US125->CS37,50353,50353,0
6,US125->CS45,50002,50002,0
6,US125->CS53,49902,49902,0
6,US125->CS61,50426,50426,0
6,US126->CS6,50313,50313,0
6,US126->CS14,49967,49967,0
6,US126->CS22,50442,50442,0
6,US126->CS30,50614,50614,0
6,US126->CS38,50468,50468,0
6,US126->CS46,50481,50481,0
6,US126->CS54,50008,50008,0
6,US126->CS62,50189,50189,0
6,US127->CS7,50340,50340,0
6,US127->CS15,50208,50208,0
6,US127->CS23,50637,50637,0
6,US127->CS31,49938,49938,0
6,US127->CS39,50247,50247,0
6,US127->CS47,50069,50069,0
6,US127->CS55,50596,50596,0
6,US127->CS63,50213,50213,0
6,CS0->US0,51948,51948,0
6,CS0->US8,6105,6105,0
6,CS0->US16,50280,50280,0
6,CS0->US24,0,0,0
6,CS0->US32,0,0,0
6,CS0->US40,51935,51935,0
6,CS0->US48,51411,51411,0
6,CS0->US56,0,0,0
6,CS0->US64,0,0,0
6,CS0->US72,50868,50868,0
6,CS0->US80,4883,4882,0
6,CS0->US88,51105,51105,0
6,CS0->US96,0,0,0
6,CS0->US104,0,0,0
6,CS0->US112,55300,55300,0
6,CS0->US120,52865,52865,0
6,CS1->US1,51548,51548,0
6,CS1->US9,6031,6031,0
6,CS1->US17,50633,50633,0
6,CS1->US25,0,0,0
6,CS1->US33,0,0,0
6,CS1->US41,51940,51940,0
6,CS1->US49,51209,51209,0
6,CS1->US57,0,0,0
6,CS1->US65,0,0,0
6,CS1->US73,51059,51059,0
6,CS1->US81,4894,4894,0
6,CS1->US89,50378,50378,0
6,CS1->US97,0,0,0
6,CS1->US105,0,0,0
6,CS1->US113,55941,55941,0
6,CS1->US121,53112,53112,0
6,CS2->US2,51552,51552,0
6,CS2->US10,6029,6028,0
6,CS2->US18,50378,50378,0
6,CS2->US26,0,0,0
6,CS2->US34,0,0,0
6,CS2->US42,51851,51851,0
6,CS2->US50,51371,51371,0
6,CS2->US58,0,0,0
6,CS2->US66,0,0,0
6,CS2->US74,50999,50999,0
6,CS2->US82,4856,4855,0
6,CS2->US90,51095,51095,0
6,CS2->US98,0,0,0
6,CS2->US106,0,0,0
6,CS2->US114,55438,55438,0
6,CS2->US122,52751,52751,0
6,CS3->US3,51085,51085,0
6,CS3->US11,5908,5908,0
6,CS3->US19,50262,50262,0
6,CS3->US27,0,0,0
6,CS3->US35,0,0,0
6,CS3->US43,51798,51798,0
6,CS3->US51,51748,51748,0
6,CS3->US59,0,0,0
6,CS3->US67,0,0,0
6,CS3->US75,50680,50680,0
6,CS3->US83,4930,4930,0
6,CS3->US91,50906,50906,0
6,CS3->US99,0,0,0
6,CS3->US107,0,0,0
6,CS3->US115,55568,55568,0
6,CS3->US123,53118,53118,0
6,CS4->US4,51685,51685,0
6,CS4->US12,6149,6149,0
6,CS4->US20,50385,50385,0
6,CS4->US28,0,0,0
6,CS4->US36,0,0,0
6,CS4->US44,51803,51803,0
6,CS4->US52,51388,51388,0
6,CS4->US60,0,0,0
6,CS4->US68,0,0,0
6,CS4->US76,50556,50556,0
6,CS4->US84,4988,4988,0
6,CS4->US92,51006,51006,0
6,CS4->US100,0,0,0
6,CS4->US108,0,0,0
6,CS4->US116,55706,55706,0
6,CS4->US124,52800,52800,0
6,CS5->US5,51218,51218,0
6,CS5->US13,6008,6008,0
6,CS5->US21,50238,50238,0
6,CS5->US29,0,0,0
6,CS5->US37,0,0,0
6,CS5->US45,51800,51800,0
6,CS5->US53,51354,51354,0
6,CS5->US61,0,0,0
6,CS5->US69,0,0,0
6,CS5->US77,50969,50969,0
6,CS5->US85,5030,5029,0
6,CS5->US93,51128,51128,0
6,CS5->US101,0,0,0
6,CS5->US109,0,0,0
6,CS5->US117,55437,55437,0
6,CS5->US125,52424,52424,0
6,CS6->US6,51642,51642,0
6,CS6->US14,6178,6177,0
6,CS6->US22,50428,50428,0
6,CS6->US30,0,0,0
6,CS6->US38,0,0,0
6,CS6->US46,51502,51502,0
6,CS6->US54,51365,51365,0
6,CS6->US62,0,0,0
6,CS6->US70,0,0,0
6,CS6->US78,50641,50641,0
6,CS6->US86,4921,4920,0
6,CS6->US94,50727,50727,0
6,CS6->US102,0,0,0
6,CS6->US110,0,0,0
6,CS6->US118,56038,56038,0
6,CS6->US126,53249,53249,0
6,CS7->US7,51322,51322,0
6,CS7->US15,6018,6018,0
6,CS7->US23,50435,50435,0
6,CS7->US31,0,0,0
6,CS7->US39,0,0,0
6,CS7->US47,51932,51932,0
6,CS7->US55,51267,51267,0
6,CS7->US63,0,0,0
6,CS7->US71,0,0,0
6,CS7->US79,50609,50609,0
6,CS7->US87,4911,4911,0
6,CS7->US95,50953,50953,0
6,CS7->US103,0,0,0
6,CS7->US111,0,0,0
6,CS7->US119,56013,56013,0
6,CS7->US127,53279,53279,0
6,CS8->US0,51733,51733,0
6,CS8->US8,6107,6107,0
6,CS8->US16,50423,50423,0
6,CS8->US24,0,0,0
6,CS8->US32,0,0,0
6,CS8->US40,51972,51972,0
6,CS8->US48,51304,51304,0
6,CS8->US56,0,0,0
6,CS8->US64,0,0,0
6,CS8->US72,50705,50705,0
6,CS8->US80,4947,4946,0
6,CS8->US88,50663,50663,0
6,CS8->US96,0,0,0
6,CS8->US104,0,0,0
6,CS8->US112,55784,55784,0
6,CS8->US120,53312,53312,0
6,CS9->US1,51709,51709,0
6,CS9->US9,5961,5961,0
6,CS9->US17,50296,50296,0
6,CS9->US25,0,0,0
6,CS9->US33,0,0,0
6,CS9->US41,51731,51731,0
6,CS9->US49,51385,51385,0
6,CS9->US57,0,0,0
6,CS9->US65,0,0,0
6,CS9->US73,50864,50864,0
6,CS9->US81,4989,4989,0
6,CS9->US89,51336,51336,0
6,CS9->US97,0,0,0
6,CS9->US105,0,0,0
6,CS9->US113,55993,55993,0
6,CS9->US121,53102,53102,0
6,CS10->US2,51427,51427,0
6,CS10->US10,6097,6097,0
6,CS10->US18,50184,50184,0
6,CS10->US26,0,0,0
6,CS10->US34,0,0,0
6,CS10->US42,52089,52089,0
6,CS10->US50,51344,51344,0
6,CS10->US58,0,0,0
6,CS10->US66,0,0,0
6,CS10->US74,50312,50312,0
6,CS10->US82,4928,4928,0
6,CS10->US90,50624,50624,0
6,CS10->US98,0,0,0
6,CS10->US106,0,0,0
6,CS10->US114,55401,55401,0
6,CS10->US122,52893,52893,0
6,CS11->US3,51127,51127,0
6,CS11->US11,6024,6024,0
6,CS11->US19,50382,50382,0
6,CS11->US27,0,0,0
6,CS11->US35,0,0,0
6,CS11->US43,51780,51780,0
6,CS11->US51,51187,51187,0
6,CS11->US59,0,0,0
6,CS11->US67,0,0,0
6,CS11->US75,50852,50852,0
6,CS11->US83,4829,4828,0
6,CS11->US91,50533,50533,0
6,CS11->US99,0,0,0
6,CS11->US107,0,0,0
6,CS11->US115,55497,55497,0
6,CS11->US123,53219,53219,0
6,CS12->US4,51265,51265,0
6,CS12->US12,6031,6031,0
6,CS12->US20,50378,50378,0
6,CS12->US28,0,0,0
6,CS12->US36,0,0,0
6,CS12->US44,51876,51876,0
6,CS12->US52,51372,51372,0
6,CS12->US60,0,0,0
6,CS12->US68,0,0,0
6,CS12->US76,51030,51030,0
6,CS12->US84,4902,4902,0
6,CS12->US92,51436,51436,0
6,CS12->US100,0,0,0
6,CS12->US108,0,0,0
6,CS12->US116,55219,55219,0
6,CS12->US124,52966,52966,0
6,CS13->US5,51719,51719,0
6,CS13->US13,6005,6005,0
6,CS13->US21,50840,50840,0
6,CS13->US29,0,0,0
6,CS13->US37,0,0,0
6,CS13->US45,51918,51918,0
6,CS13->US53,51280,51280,0
6,CS13->US61,0,0,0
6,CS13->US69,0,0,0
6,CS13->US77,50573,50573,0
6,CS13->US85,5092,5091,0
6,CS13->US93,51245,51245,0
6,CS13->US101,0,0,0
6,CS13->US109,0,0,0
6,CS13->US117,55256,55256,0
6,CS13->US125,52888,52888,0
6,CS14->US6,51238,51238,0
6,CS14->US14,5951,5951,0
6,CS14->US22,50065,50065,0
6,CS14->US30,0,0,0
6,CS14->US38,0,0,0
6,CS14->US46,51737,51737,0
6,CS14->US54,51523,51523,0
6,CS14->US62,0,0,0
6,CS14->US70,0,0,0
6,CS14->US78,50848,50848,0
6,CS14->US86,4964,4964,0
6,CS14->US94,51011,51011,0
6,CS14->US102,0,0,0
6,CS14->US110,0,0,0
6,CS14->US118,55654,55654,0
6,CS14->US126,52879,52879,0
6,CS15->US7,51492,51492,0
6,CS15->US15,6189,6188,0
6,CS15->US23,50298,50298,0
6,CS15->US31,0,0,0
6,CS15->US39,0,0,0
6,CS15->US47,52252,52252,0
6,CS15->US55,51481,51481,0
6,CS15->US63,0,0,0
6,CS15->US71,0,0,0
6,CS15->US79,51140,51140,0
6,CS15->US87,4920,4920,0
6,CS15->US95,51133,51133,0
6,CS15->US103,0,0,0
6,CS15->US111,0,0,0
6,CS15->US119,55351,55351,0
6,CS15->US127,53268,53268,0
6,CS16->US0,52225,52225,0
6,CS16->US8,5991,5991,0
6,CS16->US16,50536,50536,0
6,CS16->US24,0,0,0
6,CS16->US32,0,0,0
6,CS16->US40,52257,52257,0
6,CS16->US48,51601,51601,0
6,CS16->US56,0,0,0
6,CS16->US64,0,0,0
6,CS16->US72,50692,50692,0
6,CS16->US80,4885,4885,0
6,CS16->US88,51160,51160,0
6,CS16->US96,0,0,0
6,CS16->US104,0,0,0
6,CS16->US112,55796,55796,0
6,CS16->US120,52769,52769,0
6,CS17->US1,51729,51729,0
6,CS17->US9,6035,6035,0
6,CS17->US17,50198,50198,0
6,CS17->US25,0,0,0
6,CS17->US33,0,0,0
6,CS17->US41,51579,51579,0
6,CS17->US49,51417,51417,0
6,CS17->US57,0,0,0
6,CS17->US65,0,0,0
6,CS17->US73,50993,50993,0
6,CS17->US81,5035,5035,0
6,CS17->US89,50868,50868,0
6,CS17->US97,0,0,0
6,CS17->US105,0,0,0
6,CS17->US113,55746,55746,0
6,CS17->US121,52880,52880,0
6,CS18->US2,51575,51575,0
6,CS18->US10,6104,6104,0
6,CS18->US18,50235,50235,0
6,CS18->US26,0,0,0
6,CS18->US34,0,0,0
6,CS18->US42,51916,51916,0
6,CS18->US50,51414,51414,0
6,CS18->US58,0,0,0
6,CS18->US66,0,0,0
6,CS18->US74,50560,50560,0
6,CS18->US82,4917,4915,0
6,CS18->US90,50953,50953,0
6,CS18->US98,0,0,0
6,CS18->US106,0,0,0
6,CS18->US114,55045,55045,0
6,CS18->US122,52821,52821,0
6,CS19->US3,51505,51505,0
6,CS19->US11,6039,6039,0
6,CS19->US19,50305,50305,0
6,CS19->US27,0,0,0
6,CS19->US35,0,0,0
6,CS19->US43,51797,51797,0
6,CS19->US51,51751,51751,0
6,CS19->US59,0,0,0
6,CS19->US67,0,0,0
6,CS19->US75,50457,50457,0
6,CS19->US83,5006,5006,0
6,CS19->US91,51039,51039,0
6,CS19->US99,0,0,0
6,CS19->US107,0,0,0
6,CS19->US115,55822,55822,0
6,CS19->US123,52815,52815,0
6,CS20->US4,51568,51568,0
6,CS20->US12,6090,6090,0
6,CS20->US20,50437,50437,0
6,CS20->US28,0,0,0
6,CS20->US36,0,0,0
6,CS20->US44,51848,51848,0
6,CS20->US52,51310,51310,0
6,CS20->US60,0,0,0
6,CS20->US68,0,0,0
6,CS20->US76,50836,50836,0
6,CS20->US84,4974,4973,0
6,CS20->US92,50593,50593,0
6,CS20->US100,0,0,0
6,CS20->US108,0,0,0
6,CS20->US116,55698,55698,0
6,CS20->US124,53385,53385,0
6,CS21->US5,51832,51832,0
6,CS21->US13,6024,6023,0
6,CS21->US21,50495,50495,0
6,CS21->US29,0,0,0
6,CS21->US37,0,0,0
6,CS21->US45,51802,51802,0
6,CS21->US53,51376,51376,0
6,CS21->US61,0,0,0
6,CS21->US69,0,0,0
6,CS21->US77,50680,50680,0
6,CS21->US85,4915,4915,0
6,CS21->US93,51127,51127,0
6,CS21->US101,0,0,0
6,CS21->US109,0,0,0
6,CS21->US117,55631,55631,0
6,CS21->US125,52817,52817,0
6,CS22->US6,51175,51175,0
6,CS22->US14,5923,5923,0
6,CS22->US22,50479,50479,0
6,CS22->US30,0,0,0
6,CS22->US38,0,0,0
6,CS22->US46,51846,51846,0
6,CS22->US54,51834,51834,0
6,CS22->US62,0,0,0
6,CS22->US70,0,0,0
6,CS22->US78,50893,50893,0
6,CS22->US86,4933,4932,0
6,CS22->US94,51268,51268,0
6,CS22->US102,0,0,0
6,CS22->US110,0,0,0
6,CS22->US118,55534,55534,0
6,CS22->US126,53712,53712,0
6,CS23->US7,51470,51470,0
6,CS23->US15,6087,6087,0
6,CS23->US23,50718,50718,0
6,CS23->US31,0,0,0
6,CS23->US39,0,0,0
6,CS23->US47,52167,52167,0
6,CS23->US55,51202,51202,0
6,CS23->US63,0,0,0
6,CS23->US71,0,0,0
6,CS23->US79,50586,50586,0
6,CS23->US87,4955,4955,0
6,CS23->US95,50838,50838,0
6,CS23->US103,0,0,0
6,CS23->US111,0,0,0
6,CS23->US119,55562,55562,0
6,CS23->US127,53181,53181,0
6,CS24->US0,51597,51597,0
6,CS24->US8,6040,6040,0
6,CS24->US16,50566,50566,0
6,CS24->US24,0,0,0
6,CS24->US32,0,0,0
6,CS24->US40,52237,52237,0
6,CS24->US48,51642,51642,0
6,CS24->US56,0,0,0
6,CS24->US64,0,0,0
6,CS24->US72,50707,50707,0
6,CS24->US80,4984,4982,0
6,CS24->US88,51151,51151,0
6,CS24->US96,0,0,0
6,CS24->US104,0,0,0
6,CS24->US112,55443,55443,0
6,CS24->US120,53027,53027,0
6,CS25->US1,51728,51728,0
6,CS25->US9,6048,6048,0
6,CS25->US17,50687,50687,0
6,CS25->US25,0,0,0
6,CS25->US33,0,0,0
6,CS25->US41,51761,51761,0
6,CS25->US49,51681,51681,0
6,CS25->US57,0,0,0
6,CS25->US65,0,0,0
6,CS25->US73,50921,50921,0
6,CS25->US81,5011,5011,0
6,CS25->US89,50794,50794,0
6,CS25->US97,0,0,0
6,CS25->US105,0,0,0
6,CS25->US113,55784,55784,0
6,CS25->US121,52687,52687,0
6,CS26->US2,51339,51339,0
6,CS26->US10,5887,5887,0
6,CS26->US18,50621,50621,0
6,CS26->US26,0,0,0
6,CS26->US34,0,0,0
6,CS26->US42,51831,51831,0
6,CS26->US50,51743,51743,0
6,CS26->US58,0,0,0
6,CS26->US66,0,0,0
6,CS26->US74,51112,51112,0
6,CS26->US82,4922,4922,0
6,CS26->US90,50875,50875,0
6,CS26->US98,0,0,0
6,CS26->US106,0,0,0
6,CS26->US114,55978,55978,0
6,CS26->US122,53156,53156,0
6,CS27->US3,51228,51228,0
6,CS27->US11,6024,6024,0
6,CS27->US19,50233,50233,0
6,CS27->US27,0,0,0
6,CS27->US35,0,0,0
6,CS27->US43,51917,51917,0
6,CS27->US51,51564,51564,0
6,CS27->US59,0,0,0
6,CS27->US67,0,0,0
6,CS27->US75,50640,50640,0
6,CS27->US83,4883,4883,0
6,CS27->US91,51166,51166,0
6,CS27->US99,0,0,0
6,CS27->US107,0,0,0
6,CS27->US115,55407,55407,0
6,CS27->US123,53094,53094,0
6,CS28->US4,51245,51245,0
6,CS28->US12,5954,5954,0
6,CS28->US20,50361,50361,0
6,CS28->US28,0,0,0
6,CS28->US36,0,0,0
6,CS28->US44,52045,52045,0
6,CS28->US52,51679,51679,0
6,CS28->US60,0,0,0
6,CS28->US68,0,0,0
6,CS28->US76,51027,51027,0
6,CS28->US84,4943,4942,0
6,CS28->US92,50818,50818,0
6,CS28->US100,0,0,0
6,CS28->US108,0,0,0
6,CS28->US116,55581,55581,0
6,CS28->US124,53096,53096,0
6,CS29->US5,51335,51335,0
6,CS29->US13,6084,6084,0
6,CS29->US21,50394,50394,0
6,CS29->US29,0,0,0
6,CS29->US37,0,0,0
6,CS29->US45,52136,52136,0
6,CS29->US53,51406,51406,0
6,CS29->US61,0,0,0
6,CS29->US69,0,0,0
6,CS29->US77,50729,50729,0
6,CS29->US85,4867,4867,0
6,CS29->US93,50916,50916,0
6,CS29->US101,0,0,0
6,CS29->US109,0,0,0
6,CS29->US117,55685,55685,0
6,CS29->US125,52898,52898,0
6,CS30->US6,51612,51612,0
6,CS30->US14,5998,5998,0
6,CS30->US22,50736,50736,0
6,CS30->US30,0,0,0
6,CS30->US38,0,0,0
6,CS30->US46,51920,51920,0
6,CS30->US54,51651,51651,0
6,CS30->US62,0,0,0
6,CS30->US70,0,0,0
6,CS30->US78,50640,50640,0
6,CS30->US86,5038,5037,0
6,CS30->US94,51063,51063,0
6,CS30->US102,0,0,0
6,CS30->US110,0,0,0
6,CS30->US118,55547,55547,0
6,CS30->US126,53063,53063,0
6,CS31->US7,51333,51333,0
6,CS31->US15,5882,5882,0
6,CS31->US23,50090,50090,0
6,CS31->US31,0,0,0
6,CS31->US39,0,0,0
6,CS31->US47,52052,52052,0
6,CS31->US55,51584,51584,0
6,CS31->US63,0,0,0
6,CS31->US71,0,0,0
6,CS31->US79,50670,50670,0
6,CS31->US87,4838,4838,0
6,CS31->US95,50981,50981,0
6,CS31->US103,0,0,0
6,CS31->US111,0,0,0
6,CS31->US119,55529,55529,0
6,CS31->US127,52740,52740,0
6,CS32->US0,51200,51200,0
6,CS32->US8,5981,5981,0
6,CS32->US16,50223,50223,0
6,CS32->US24,0,0,0
6,CS32->US32,0,0,0
6,CS32->US40,51796,51796,0
6,CS32->US48,51897,51897,0
6,CS32->US56,0,0,0
6,CS32->US64,0,0,0
6,CS32->US72,50694,50694,0
6,CS32->US80,5104,5104,0
6,CS32->US88,50802,50802,0
6,CS32->US96,0,0,0
6,CS32->US104,0,0,0
6,CS32->US112,55735,55735,0
6,CS32->US120,52956,52956,0
6,CS33->US1,51768,51768,0
6,CS33->US9,6129,6129,0
6,CS33->US17,50257,50257,0
6,CS33->US25,0,0,0
6,CS33->US33,0,0,0
6,CS33->US41,52112,52112,0
6,CS33->US49,51842,51842,0
6,CS33->US57,0,0,0
6,CS33->US65,0,0,0
6,CS33->US73,50309,50309,0
6,CS33->US81,4954,4954,0
6,CS33->US89,50882,50882,0
6,CS33->US97,0,0,0
6,CS33->US105,0,0,0
6,CS33->US113,56086,56086,0
6,CS33->US121,53408,53408,0
6,CS34->US2,51195,51195,0
6,CS34->US10,5923,5923,0
6,CS34->US18,50260,50260,0
6,CS34->US26,0,0,0
6,CS34->US34,0,0,0
6,CS34->US42,51969,51969,0
6,CS34->US50,51381,51381,0
6,CS34->US58,0,0,0
6,CS34->US66,0,0,0
6,CS34->US74,50822,50822,0
6,CS34->US82,4960,4960,0
6,CS34->US90,50948,50948,0
6,CS34->US98,0,0,0
6,CS34->US106,0,0,0
6,CS34->US114,55620,55620,0
6,CS34->US122,53032,53032,0
6,CS35->US3,51713,51713,0
6,CS35->US11,5909,5908,0
6,CS35->US19,50487,50487,0
6,CS35->US27,0,0,0
6,CS35->US35,0,0,0
6,CS35->US43,51735,51735,0
6,CS35->US51,51493,51493,0
6,CS35->US59,0,0,0
6,CS35->US67,0,0,0
6,CS35->US75,50845,50845,0
6,CS35->US83,4958,4958,0
6,CS35->US91,50761,50761,0
6,CS35->US99,0,0,0
6,CS35->US107,0,0,0
6,CS35->US115,56088,56088,0
6,CS35->US123,53165,53165,0
6,CS36->US4,51567,51567,0
6,CS36->US12,6041,6041,0
6,CS36->US20,50306,50306,0
6,CS36->US28,0,0,0
6,CS36->US36,0,0,0
6,CS36->US44,51897,51897,0
6,CS36->US52,51333,51333,0
6,CS36->US60,0,0,0
6,CS36->US68,0,0,0
6,CS36->US76,50672,50672,0
6,CS36->US84,4972,4972,0
6,CS36->US92,50885,50885,0
6,CS36->US100,0,0,0
6,CS36->US108,0,0,0
6,CS36->US116,55303,55303,0
6,CS36->US124,52855,52855,0
6,CS37->US5,51443,51443,0
6,CS37->US13,6001,6001,0
6,CS37->US21,50438,50438,0
6,CS37->US29,0,0,0
6,CS37->US37,0,0,0
6,CS37->US45,51929,51929,0
6,CS37->US53,51368,51368,0
6,CS37->US61,0,0,0
6,CS37->US69,0,0,0
6,CS37->US77,51102,51102,0
6,CS37->US85,5056,5056,0
6,CS37->US93,50611,50611,0
6,CS37->US101,0,0,0
6,CS37->US109,0,0,0
6,CS37->US117,55315,55315,0
6,CS37->US125,53110,53110,0
6,CS38->US6,51303,51303,0
6,CS38->US14,5972,5972,0
6,CS38->US22,50580,50580,0
6,CS38->US30,0,0,0
6,CS38->US38,0,0,0
6,CS38->US46,51822,51822,0
6,CS38->US54,51595,51595,0
6,CS38->US62,0,0,0
6,CS38->US70,0,0,0
6,CS38->US78,50784,50784,0
6,CS38->US86,4995,4995,0
6,CS38->US94,51195,51195,0
6,CS38->US102,0,0,0
6,CS38->US110,0,0,0
6,CS38->US118,55920,55920,0
6,CS38->US126,52939,52939,0
6,CS39->US7,51796,51796,0
6,CS39->US15,6077,6077,0
6,CS39->US23,50293,50293,0
6,CS39->US31,0,0,0
6,CS39->US39,0,0,0
6,CS39->US47,51824,51824,0
6,CS39->US55,51129,51129,0
6,CS39->US63,0,0,0
6,CS39->US71,0,0,0
6,CS39->US79,50959,50959,0
6,CS39->US87,4958,4958,0
6,CS39->US95,50974,50974,0
6,CS39->US103,0,0,0
6,CS39->US111,0,0,0
6,CS39->US119,55682,55682,0
6,CS39->US127,53361,53361,0
6,CS40->US0,51580,51580,0
6,CS40->US8,5987,5985,0
6,CS40->US16,50188,50188,0
6,CS40->US24,0,0,0
6,CS40->US32,0,0,0
6,CS40->US40,51735,51735,0
6,CS40->US48,51147,51147,0
6,CS40->US56,0,0,0
6,CS40->US64,0,0,0
6,CS40->US72,50537,50537,0
6,CS40->US80,4976,4975,0
6,CS40->US88,51213,51213,0
6,CS40->US96,0,0,0
6,CS40->US104,0,0,0
6,CS40->US112,55939,55939,0
6,CS40->US120,52939,52939,0
6,CS41->US1,51237,51237,0
6,CS41->US9,5968,5968,0
6,CS41->US17,50129,50129,0
6,CS41->US25,0,0,0
6,CS41->US33,0,0,0
6,CS41->US41,51904,51904,0
6,CS41->US49,51729,51729,0
6,CS41->US57,0,0,0
6,CS41->US65,0,0,0
6,CS41->US73,50693,50693,0
6,CS41->US81,5048,5048,0
6,CS41->US89,50977,50977,0
6,CS41->US97,0,0,0
6,CS41->US105,0,0,0
6,CS41->US113,55555,55555,0
6,CS41->US121,52952,52952,0
6,CS42->US2,51378,51378,0
6,CS42->US10,6073,6073,0
6,CS42->US18,50289,50289,0
6,CS42->US26,0,0,0
6,CS42->US34,0,0,0
6,CS42->US42,51679,51679,0
6,CS42->US50,51711,51711,0
6,CS42->US58,0,0,0
6,CS42->US66,0,0,0
6,CS42->US74,50551,50551,0
6,CS42->US82,5015,5015,0
6,CS42->US90,50861,50861,0
6,CS42->US98,0,0,0
6,CS42->US106,0,0,0
6,CS42->US114,55604,55604,0
6,CS42->US122,53168,53168,0
6,CS43->US3,51287,51287,0
6,CS43->US11,5996,5995,0
6,CS43->US19,50254,50254,0
6,CS43->US27,0,0,0
6,CS43->US35,0,0,0
6,CS43->US43,51866,51866,0
6,CS43->US51,51638,51638,0
6,CS43->US59,0,0,0
6,CS43->US67,0,0,0
6,CS43->US75,50830,50830,0
6,CS43->US83,4934,4933,0
6,CS43->US91,51208,51208,0
6,CS43->US99,0,0,0
6,CS43->US107,0,0,0
6,CS43->US115,55134,55134,0
6,CS43->US123,53076,53076,0
6,CS44->US4,51432,51432,0
6,CS44->US12,6026,6026,0
6,CS44->US20,50522,50522,0
6,CS44->US28,0,0,0
6,CS44->US36,0,0,0
6,CS44->US44,51898,51898,0
6,CS44->US52,51505,51505,0
6,CS44->US60,0,0,0
6,CS44->US68,0,0,0
6,CS44->US76,50840,50840,0
6,CS44->US84,4878,4878,0
6,CS44->US92,51016,51016,0
6,CS44->US100,0,0,0
6,CS44->US108,0,0,0
6,CS44->US116,55345,55345,0
6,CS44->US124,53092,53092,0
6,CS45->US5,51343,51343,0
6,CS45->US13,5906,5906,0
6,CS45->US21,50098,50098,0
6,CS45->US29,0,0,0
6,CS45->US37,0,0,0
6,CS45->US45,51980,51980,0
6,CS45->US53,51390,51390,0
6,CS45->US61,0,0,0
6,CS45->US69,0,0,0
6,CS45->US77,50835,50835,0
6,CS45->US85,4926,4925,0
6,CS45->US93,51657,51657,0
6,CS45->US101,0,0,0
6,CS45->US109,0,0,0
6,CS45->US117,55688,55688,0
6,CS45->US125,53244,53244,0
6,CS46->US6,51457,51457,0
6,CS46->US14,6041,6040,0
6,CS46->US22,50557,50557,0
6,CS46->US30,0,0,0
6,CS46->US38,0,0,0
6,CS46->US46,52185,52185,0
6,CS46->US54,51549,51549,0
6,CS46->US62,0,0,0
6,CS46->US70,0,0,0
6,CS46->US78,51258,51258,0
6,CS46->US86,4980,4979,0
6,CS46->US94,50924,50924,0
6,CS46->US102,0,0,0
6,CS46->US110,0,0,0
6,CS46->US118,56154,56154,0
6,CS46->US126,53204,53204,0
6,CS47->US7,51290,51290,0
6,CS47->US15,6033,6032,0
6,CS47->US23,50190,50190,0
6,CS47->US31,0,0,0
6,CS47->US39,0,0,0
6,CS47->US47,51930,51930,0
6,CS47->US55,51219,51219,0
6,CS47->US63,0,0,0
6,CS47->US71,0,0,0
6,CS47->US79,50622,50622,0
6,CS47->US87,4976,4976,0
6,CS47->US95,50863,50863,0
6,CS47->US103,0,0,0
6,CS47->US111,0,0,0
6,CS47->US119,55694,55694,0
6,CS47->US127,53114,53114,0
6,CS48->US0,51614,51614,0
6,CS48->US8,6088,6087,0
6,CS48->US16,50593,50593,0
6,CS48->US24,0,0,0
6,CS48->US32,0,0,0
6,CS48->US40,52143,52143,0
6,CS48->US48,51720,51720,0
6,CS48->US56,0,0,0
6,CS48->US64,0,0,0
6,CS48->US72,50759,50759,0
6,CS48->US80,4981,4981,0
6,CS48->US88,51037,51037,0
6,CS48->US96,0,0,0
6,CS48->US104,0,0,0
6,CS48->US112,55563,55563,0
6,CS48->US120,53403,53403,0
6,CS49->US1,51315,51315,0
6,CS49->US9,6091,6091,0
6,CS49->US17,50045,50045,0
6,CS49->US25,0,0,0
6,CS49->US33,0,0,0
6,CS49->US41,51963,51963,0
6,CS49->US49,51215,51215,0
6,CS49->US57,0,0,0
6,CS49->US65,0,0,0
6,CS49->US73,50607,50607,0
6,CS49->US81,4971,4971,0
6,CS49->US89,50885,50885,0
6,CS49->US97,0,0,0
6,CS49->US105,0,0,0
6,CS49->US113,55884,55884,0
6,CS49->US121,52643,52643,0
6,CS50->US2,51102,51102,0
6,CS50->US10,6067,6067,0
6,CS50->US18,50305,50305,0
6,CS50->US26,0,0,0
6,CS50->US34,0,0,0
6,CS50->US42,51987,51987,0
6,CS50->US50,51553,51553,0
6,CS50->US58,0,0,0
6,CS50->US66,0,0,0
6,CS50->US74,50834,50834,0
6,CS50->US82,5008,5008,0
6,CS50->US90,51153,51153,0
6,CS50->US98,0,0,0
6,CS50->US106,0,0,0
6,CS50->US114,56007,56007,0
6,CS50->US122,53109,53109,0
6,CS51->US3,51285,51285,0
6,CS51->US11,6051,6050,0
6,CS51->US19,50592,50592,0
6,CS51->US27,0,0,0
6,CS51->US35,0,0,0
6,CS51->US43,51981,51981,0
6,CS51->US51,51728,51728,0
6,CS51->US59,0,0,0
6,CS51->US67,0,0,0
6,CS51->US75,50808,50808,0
6,CS51->US83,5011,5011,0
6,CS51->US91,50741,50741,0
6,CS51->US99,0,0,0
6,CS51->US107,0,0,0
6,CS51->US115,55721,55721,0
6,CS51->US123,53406,53406,0
6,CS52->US4,51475,51475,0
6,CS52->US12,6001,5999,0
6,CS52->US20,50357,50357,0
6,CS52->US28,0,0,0
6,CS52->US36,0,0,0
6,CS52->US44,52460,52460,0
6,CS52->US52,51511,51511,0
6,CS52->US60,0,0,0
6,CS52->US68,0,0,0
6,CS52->US76,51099,51099,0
6,CS52->US84,4964,4963,0
6,CS52->US92,51276,51276,0
6,CS52->US100,0,0,0
6,CS52->US108,0,0,0
6,CS52->US116,55624,55624,0
6,CS52->US124,53291,53291,0
6,CS53->US5,51501,51501,0
6,CS53->US13,5975,5975,0
6,CS53->US21,49985,49985,0
6,CS53->US29,0,0,0
6,CS53->US37,0,0,0
6,CS53->US45,52215,52215,0
6,CS53->US53,51529,51529,0
6,CS53->US61,0,0,0
6,CS53->US69,0,0,0
6,CS53->US77,51157,51157,0
6,CS53->US85,4976,4976,0
6,CS53->US93,50847,50847,0
6,CS53->US101,0,0,0
6,CS53->US109,0,0,0
6,CS53->US117,55219,55219,0
6,CS53->US125,52579,52579,0
6,CS54->US6,51144,51144,0
6,CS54->US14,6079,6079,0
6,CS54->US22,50131,50131,0
6,CS54->US30,0,0,0
6,CS54->US38,0,0,0
6,CS54->US46,51871,51871,0
6,CS54->US54,51350,51350,0
6,CS54->US62,0,0,0
6,CS54->US70,0,0,0
6,CS54->US78,50970,50970,0
6,CS54->US86,4907,4905,0
6,CS54->US94,50688,50688,0
6,CS54->US102,0,0,0
6,CS54->US110,0,0,0
6,CS54->US118,55891,55891,0
6,CS54->US126,53081,53081,0
6,CS55->US7,51450,51450,0
6,CS55->US15,5943,5943,0
6,CS55->US23,50658,50658,0
6,CS55->US31,0,0,0
6,CS55->US39,0,0,0
6,CS55->US47,51741,51741,0
6,CS55->US55,51537,51537,0
6,CS55->US63,0,0,0
6,CS55->US71,0,0,0
6,CS55->US79,50271,50271,0
6,CS55->US87,4744,4744,0
6,CS55->US95,51011,51011,0
6,CS55->US103,0,0,0
6,CS55->US111,0,0,0
6,CS55->US119,55977,55977,0
6,CS55->US127,53213,53213,0
6,CS56->US0,51594,51594,0
6,CS56->US8,6112,6112,0
6,CS56->US16,50604,50604,0
6,CS56->US24,0,0,0
6,CS56->US32,0,0,0
6,CS56->US40,51621,51621,0
6,CS56->US48,51658,51658,0
6,CS56->US56,0,0,0
6,CS56->US64,0,0,0
6,CS56->US72,50601,50601,0
6,CS56->US80,4811,4810,0
6,CS56->US88,51127,51127,0
6,CS56->US96,0,0,0
6,CS56->US104,0,0,0
6,CS56->US112,55859,55859,0
6,CS56->US120,53104,53104,0
6,CS57->US1,51587,51587,0
6,CS57->US9,6002,6002,0
6,CS57->US17,50453,50453,0
6,CS57->US25,0,0,0
6,CS57->US33,0,0,0
6,CS57->US41,52141,52141,0
6,CS57->US49,51452,51452,0
6,CS57->US57,0,0,0
6,CS57->US65,0,0,0
6,CS57->US73,51174,51174,0
6,CS57->US81,4978,4977,0
6,CS57->US89,51145,51145,0
6,CS57->US97,0,0,0
6,CS57->US105,0,0,0
6,CS57->US113,56144,56144,0
6,CS57->US121,52905,52905,0
6,CS58->US2,51852,51852,0
6,CS58->US10,6020,6019,0
6,CS58->US18,50187,50187,0
6,CS58->US26,0,0,0
6,CS58->US34,0,0,0
6,CS58->US42,51738,51738,0
6,CS58->US50,51494,51494,0
6,CS58->US58,0,0,0
6,CS58->US66,0,0,0
6,CS58->US74,51102,51102,0
6,CS58->US82,5044,5044,0
6,CS58->US90,50711,50711,0
6,CS58->US98,0,0,0
6,CS58->US106,0,0,0
6,CS58->US114,55890,55890,0
6,CS58->US122,53190,53190,0
6,CS59->US3,51382,51382,0
6,CS59->US11,6035,6035,0
6,CS59->US19,50261,50261,0
6,CS59->US27,0,0,0
6,CS59->US35,0,0,0
6,CS59->US43,52343,52343,0
6,CS59->US51,51151,51151,0
6,CS59->US59,0,0,0
6,CS59->US67,0,0,0
6,CS59->US75,50669,50669,0
6,CS59->US83,4882,4882,0
6,CS59->US91,50943,50943,0
6,CS59->US99,0,0,0
6,CS59->US107,0,0,0
6,CS59->US115,55782,55782,0
6,CS59->US123,52658,52658,0
6,CS60->US4,51584,51584,0
6,CS60->US12,5909,5909,0
6,CS60->US20,50980,50980,0
6,CS60->US28,0,0,0
6,CS60->US36,0,0,0
6,CS60->US44,51402,51402,0
6,CS60->US52,51557,51557,0
6,CS60->US60,0,0,0
6,CS60->US68,0,0,0
6,CS60->US76,51097,51097,0
6,CS60->US84,5013,5013,0
6,CS60->US92,50948,50948,0
6,CS60->US100,0,0,0
6,CS60->US108,0,0,0
6,CS60->US116,55716,55716,0
6,CS60->US124,53191,53191,0
6,CS61->US5,51649,51649,0
6,CS61->US13,6139,6139,0
6,CS61->US21,50545,50545,0
6,CS61->US29,0,0,0
6,CS61->US37,0,0,0
6,CS61->US45,52069,52069,0
6,CS61->US53,51385,51385,0
6,CS61->US61,0,0,0
6,CS61->US69,0,0,0
6,CS61->US77,50815,50815,0
6,CS61->US85,4951,4951,0
6,CS61->US93,51349,51349,0
6,CS61->US101,0,0,0
6,CS61->US109,0,0,0
6,CS61->US117,55524,55524,0
6,CS61->US125,53210,53210,0
6,CS62->US6,51437,51437,0
6,CS62->US14,5982,5982,0
6,CS62->US22,50296,50296,0
6,CS62->US30,0,0,0
6,CS62->US38,0,0,0
6,CS62->US46,51636,51636,0
6,CS62->US54,51463,51463,0
6,CS62->US62,0,0,0
6,CS62->US70,0,0,0
6,CS62->US78,50958,50958,0
6,CS62->US86,4970,4970,0
6,CS62->US94,51050,51050,0
6,CS62->US102,0,0,0
6,CS62->US110,0,0,0
6,CS62->US118,55843,55843,0
6,CS62->US126,53216,53216,0
6,CS63->US7,51612,51612,0
6,CS63->US15,5970,5970,0
6,CS63->US23,50280,50280,0
6,CS63->US31,0,0,0
6,CS63->US39,0,0,0
6,CS63->US47,52016,52016,0
6,CS63->US55,51725,51725,0
6,CS63->US63,0,0,0
6,CS63->US71,0,0,0
6,CS63->US79,50930,50930,0
6,CS63->US87,5031,5029,0
6,CS63->US95,50911,50911,0
6,CS63->US103,0,0,0
6,CS63->US111,0,0,0
6,CS63->US119,56067,56067,0
6,CS63->US127,53176,53176,0
7,US0->CS0,51659,51659,0
7,US0->CS8,51628,51628,0
7,US0->CS16,51842,51842,0
7,US0->CS24,51944,51944,0
7,US0->CS32,52200,52200,0
7,US0->CS40,51403,51403,0
7,US0->CS48,51985,51985,0
7,US0->CS56,51966,51966,0
7,US1->CS1,51490,51490,0
7,US1->CS9,51717,51717,0
7,US1->CS17,51720,51720,0
7,US1->CS25,51952,51952,0
7,US1->CS33,52087,52087,0
7,US1->CS41,52016,52016,0
7,US1->CS49,51514,51514,0
7,US1->CS57,51733,51733,0
7,US2->CS2,51678,51678,0
7,US2->CS10,51640,51640,0
7,US2->CS18,51691,51691,0
7,US2->CS26,52024,52024,0
7,US2->CS34,51656,51656,0
7,US2->CS42,52026,52026,0
7,US2->CS50,51849,51849,0
7,US2->CS58,51789,51789,0
7,US3->CS3,52063,52063,0
7,US3->CS11,51481,51481,0
7,US3->CS19,52047,52047,0
7,US3->CS27,51821,51821,0
7,US3->CS35,51708,51708,0
7,US3->CS43,51893,51893,0
7,US3->CS51,52022,52022,0
7,US3->CS59,51468,51468,0
7,US4->CS4,51699,51699,0
7,US4->CS12,51643,51643,0
7,US4->CS20,51570,51570,0
7,US4->CS28,51918,51918,0
7,US4->CS36,51642,51642,0
7,US4->CS44,51769,51769,0
7,US4->CS52,51793,51793,0
7,US4->CS60,51837,51837,0
7,US5->CS5,51668,51668,0
7,US5->CS13,51561,51561,0
7,US5->CS21,51640,51640,0
7,US5->CS29,51675,51675,0
7,US5->CS37,51684,51684,0
7,US5->CS45,51640,51640,0
7,US5->CS53,51823,51823,0
7,US5->CS61,51630,51630,0
7,US6->CS6,51640,51640,0
7,US6->CS14,51789,51789,0
7,US6->CS22,52103,52103,0
7,US6->CS30,51917,51917,0
7,US6->CS38,51845,51845,0
7,US6->CS46,51805,51805,0
7,US6->CS54,51617,51617,0
7,US6->CS62,51759,51759,0
7,US7->CS7,51488,51488,0
7,US7->CS15,51768,51768,0
7,US7->CS23,51466,51466,0
7,US7->CS31,51843,51843,0
7,US7->CS39,51429,51429,0
7,US7->CS47,51498,51498,0
7,US7->CS55,51810,51810,0
7,US7->CS63,51961,51961,0
7,US8->CS0,56543,56543,0
7,US8->CS8,56409,56409,0
7,US8->CS16,56526,56525,0
7,US8->CS24,56467,56466,0
7,US8->CS32,57169,57169,0
7,US8->CS40,56404,56403,0
7,US8->CS48,56748,56747,0
7,US8->CS56,56532,56531,0
7,US9->CS1,56626,56625,0
7,US9->CS9,56824,56824,0
7,US9->CS17,56599,56599,0
7,US9->CS25,56467,56467,0
7,US9->CS33,56804,56804,0
7,US9->CS41,57176,57174,0
7,US9->CS49,56718,56718,0
7,US9->CS57,56823,56823,0
7,US10->CS2,56922,56922,0
7,US10->CS10,56842,56842,0
7,US10->CS18,56588,56588,0
7,US10->CS26,56649,56647,0
7,US10->CS34,56839,56839,0
7,US10->CS42,56731,56731,0
7,US10->CS50,56709,56709,0
7,US10->CS58,56868,56867,0
7,US11->CS3,56431,56430,0
7,US11->CS11,56267,56266,0
7,US11->CS19,56113,56111,0
7,US11->CS27,56532,56532,0
7,US11->CS35,57183,57183,0
7,US11->CS43,56562,56562,0
7,US11->CS51,56458,56458,0
7,US11->CS59,56271,56271,0
7,US12->CS4,56595,56595,0
7,US12->CS12,56775,56775,0
7,US12->CS20,56523,56522,0
7,US12->CS28,56752,56751,0
7,US12->CS36,56122,56122,0
7,US12->CS44,56591,56591,0
7,US12->CS52,56506,56506,0
7,US12->CS60,57269,57268,0
7,US13->CS5,57002,57002,0
7,US13->CS13,56549,56549,0
7,US13->CS21,56149,56149,0
7,US13->CS29,56631,56631,0
7,US13->CS37,56619,56619,0
7,US13->CS45,56436,56435,0
7,US13->CS53,56580,56580,0
7,US13->CS61,56914,56914,0
7,US14->CS6,56584,56584,0
7,US14->CS14,56355,56355,0
7,US14->CS22,56626,56625,0
7,US14->CS30,56840,56840,0
7,US14->CS38,56868,56868,0
7,US14->CS46,56492,56492,0
7,US14->CS54,56565,56565,0
7,US14->CS62,56563,56563,0
7,US15->CS7,56936,56936,0
7,US15->CS15,56206,56206,0
7,US15->CS23,56988,56988,0
7,US15->CS31,56990,56990,0
7,US15->CS39,56446,56446,0
7,US15->CS47,56811,56811,0
7,US15->CS55,56540,56540,0
7,US15->CS63,56602,56602,0
7,US16->CS0,53068,53068,0
7,US16->CS8,53525,53525,0
7,US16->CS16,53010,53010,0
7,US16->CS24,53268,53268,0
7,US16->CS32,53220,53220,0
7,US16->CS40,53193,53193,0
7,US16->CS48,53651,53651,0
7,US16->CS56,53346,53346,0
7,US17->CS1,53305,53305,0
7,US17->CS9,53302,53302,0
7,US17->CS17,53074,53074,0
7,US17->CS25,52884,52884,0
7,US17->CS33,53671,53671,0
7,US17->CS41,53178,53178,0
7,US17->CS49,52894,52894,0
7,US17->CS57,53178,53178,0
7,US18->CS2,53006,53006,0
7,US18->CS10,53182,53182,0
7,US18->CS18,53038,53038,0
7,US18->CS26,53474,53474,0
7,US18->CS34,53248,53248,0
7,US18->CS42,53371,53371,0
7,US18->CS50,53341,53341,0
7,US18->CS58,53430,53430,0
7,US19->CS3,53336,53336,0
7,US19->CS11,53520,53520,0
7,US19->CS19,53008,53008,0
7,US19->CS27,53400,53400,0
7,US19->CS35,53397,53397,0
7,US19->CS43,53325,53325,0
7,US19->CS51,53619,53619,0
7,US19->CS59,52929,52929,0
7,US20->CS4,53029,53029,0
7,US20->CS12,53230,53230,0
7,US20->CS20,53610,53610,0
7,US20->CS28,53289,53289,0
7,US20->CS36,53075,53075,0
7,US20->CS44,53355,53355,0
7,US20->CS52,53525,53525,0
7,US20->CS60,53414,53414,0
7,US21->CS5,52702,52702,0
7,US21->CS13,53167,53167,0
7,US21->CS21,53005,53005,0
7,US21->CS29,53141,53141,0
7,US21->CS37,53321,53321,0
7,US21->CS45,53475,53475,0
7,US21->CS53,52802,52802,0
7,US21->CS61,53480,53480,0
7,US22->CS6,53482,53482,0
7,US22->CS14,53113,53113,0
7,US22->CS22,53876,53876,0
7,US22->CS30,53309,53309,0
7,US22->CS38,53184,53184,0
7,US22->CS46,53450,53450,0
7,US22->CS54,53294,53294,0
7,US22->CS62,53464,53464,0
7,US23->CS7,53531,53531,0
7,US23->CS15,53527,53527,0
7,US23->CS23,53366,53366,0
7,US23->CS31,52999,52999,0
7,US23->CS39,53629,53629,0
7,US23->CS47,53360,53360,0
7,US23->CS55,53437,53437,0
7,US23->CS63,53443,53443,0
7,US24->CS0,0,0,0
7,US24->CS8,0,0,0
7,US24->CS16,0,0,0
7,US24->CS24,0,0,0
7,US24->CS32,0,0,0
7,US24->CS40,0,0,0
7,US24->CS48,0,0,0
7,US24->CS56,0,0,0
7,US25->CS1,0,0,0
7,US25->CS9,0,0,0
7,US25->CS17,0,0,0
7,US25->CS25,0,0,0
7,US25->CS33,0,0,0
7,US25->CS41,0,0,0
7,US25->CS49,0,0,0
7,US25->CS57,0,0,0
7,US26->CS2,0,0,0
7,US26->CS10,0,0,0
7,US26->CS18,0,0,0
7,US26->CS26,0,0,0
7,US26->CS34,0,0,0
7,US26->CS42,0,0,0
7,US26->CS50,0,0,0
7,US26->CS58,0,0,0
7,US27->CS3,0,0,0
7,US27->CS11,0,0,0
7,US27->CS19,0,0,0
7,US27->CS27,0,0,0
7,US27->CS35,0,0,0
7,US27->CS43,0,0,0
7,US27->CS51,0,0,0
7,US27->CS59,0,0,0
7,US28->CS4,0,0,0
7,US28->CS12,0,0,0
7,US28->CS20,0,0,0
7,US28->CS28,0,0,0
7,US28->CS36,0,0,0
7,US28->CS44,0,0,0
7,US28->CS52,0,0,0
7,US28->CS60,0,0,0
7,US29->CS5,0,0,0
7,US29->CS13,0,0,0
7,US29->CS21,0,0,0
7,US29->CS29,0,0,0
7,US29->CS37,0,0,0
7,US29->CS45,0,0,0
7,US29->CS53,0,0,0
7,US29->CS61,0,0,0
7,US30->CS6,0,0,0
7,US30->CS14,0,0,0
7,US30->CS22,0,0,0
7,US30->CS30,0,0,0
7,US30->CS38,0,0,0
7,US30->CS46,0,0,0
7,US30->CS54,0,0,0
7,US30->CS62,0,0,0
7,US31->CS7,0,0,0
7,US31->CS15,0,0,0
7,US31->CS23,0,0,0
7,US31->CS31,0,0,0
7,US31->CS39,0,0,0
7,US31->CS47,0,0,0
7,US31->CS55,0,0,0
7,US31->CS63,0,0,0
7,US32->CS0,0,0,0
7,US32->CS8,0,0,0
7,US32->CS16,0,0,0
7,US32->CS24,0,0,0
7,US32->CS32,0,0,0
7,US32->CS40,0,0,0
7,US32->CS48,0,0,0
7,US32->CS56,0,0,0
7,US33->CS1,0,0,0
7,US33->CS9,0,0,0
7,US33->CS17,0,0,0
7,US33->CS25,0,0,0
7,US33->CS33,0,0,0
7,US33->CS41,0,0,0
7,US33->CS49,0,0,0
7,US33->CS57,0,0,0
7,US34->CS2,0,0,0
7,US34->CS10,0,0,0
7,US34->CS18,0,0,0
7,US34->CS26,0,0,0
7,US34->CS34,0,0,0
7,US34->CS42,0,0,0
7,US34->CS50,0,0,0
7,US34->CS58,0,0,0
7,US35->CS3,0,0,0
7,US35->CS11,0,0,0
7,US35->CS19,0,0,0
7,US35->CS27,0,0,0
7,US35->CS35,0,0,0
7,US35->CS43,0,0,0
7,US35->CS51,0,0,0
7,US35->CS59,0,0,0
7,US36->CS4,0,0,0
7,US36->CS12,0,0,0
7,US36->CS20,0,0,0
7,US36->CS28,0,0,0
7,US36->CS36,0,0,0
7,US36->CS44,0,0,0
7,US36->CS52,0,0,0
7,US36->CS60,0,0,0
7,US37->CS5,0,0,0
7,US37->CS13,0,0,0
7,US37->CS21,0,0,0
7,US37->CS29,0,0,0
7,US37->CS37,0,0,0
7,US37->CS45,0,0,0
7,US37->CS53,0,0,0
7,US37->CS61,0,0,0
7,US38->CS6,0,0,0
7,US38->CS14,0,0,0
7,US38->CS22,0,0,0
7,US38->CS30,0,0,0
7,US38->CS38,0,0,0
7,US38->CS46,0,0,0
7,US38->CS54,0,0,0
7,US38->CS62,0,0,0
7,US39->CS7,0,0,0
7,US39->CS15,0,0,0
7,US39->CS23,0,0,0
7,US39->CS31,0,0,0
7,US39->CS39,0,0,0
7,US39->CS47,0,0,0
7,US39->CS55,0,0,0
7,US39->CS63,0,0,0
7,US40->CS0,55308,55308,0
7,US40->CS8,55748,55748,0
7,US40->CS16,55829,55829,0
7,US40->CS24,55432,55432,0
7,US40->CS32,55660,55660,0
7,US40->CS40,55944,55944,0
7,US40->CS48,55563,55563,0
7,US40->CS56,55793,55793,0
7,US41->CS1,55896,55896,0
7,US41->CS9,55973,55973,0
7,US41->CS17,55682,55682,0
7,US41->CS25,55747,55747,0
7,US41->CS33,56080,56080,0
7,US41->CS41,55476,55476,0
7,US41->CS49,55805,55805,0
7,US41->CS57,56116,56116,0
7,US42->CS2,55400,55400,0
7,US42->CS10,55363,55363,0
7,US42->CS18,55041,55041,0
7,US42->CS26,55945,55945,0
7,US42->CS34,55594,55594,0
7,US42->CS42,55538,55538,0
7,US42->CS50,55960,55960,0
7,US42->CS58,55848,55848,0
7,US43->CS3,55489,55489,0
7,US43->CS11,55474,55474,0
7,US43->CS19,55751,55751,0
7,US43->CS27,55427,55427,0
7,US43->CS35,56136,56136,0
7,US43->CS43,55117,55117,0
7,US43->CS51,55718,55718,0
7,US43->CS59,55705,55705,0
7,US44->CS4,55661,55661,0
7,US44->CS12,55142,55142,0
7,US44->CS20,55626,55626,0
7,US44->CS28,55587,55587,0
7,US44->CS36,55272,55272,0
7,US44->CS44,55304,55304,0
7,US44->CS52,55625,55625,0
7,US44->CS60,55709,55709,0
7,US45->CS5,55315,55315,0
7,US45->CS13,55155,55155,0
7,US45->CS21,55594,55594,0
7,US45->CS29,55690,55690,0
7,US45->CS37,55231,55231,0
7,US45->CS45,55702,55702,0
7,US45->CS53,55172,55172,0
7,US45->CS61,55549,55549,0
7,US46->CS6,55981,55981,0
7,US46->CS14,55642,55642,0
7,US46->CS22,55538,55538,0
7,US46->CS30,55507,55507,0
7,US46->CS38,55927,55927,0
7,US46->CS46,56137,56137,0
7,US46->CS54,55863,55863,0
7,US46->CS62,55819,55819,0
7,US47->CS7,56022,56022,0
7,US47->CS15,55319,55319,0
7,US47->CS23,55548,55548,0
7,US47->CS31,55535,55535,0
7,US47->CS39,55634,55634,0
7,US47->CS47,55710,55710,0
7,US47->CS55,55923,55923,0
7,US47->CS63,56123,56123,0
7,US48->CS0,52204,52204,0
7,US48->CS8,52031,52031,0
7,US48->CS16,52509,52509,0
7,US48->CS24,51892,51892,0
7,US48->CS32,51491,51491,0
7,US48->CS40,51891,51891,0
7,US48->CS48,51853,51853,0
7,US48->CS56,51884,51884,0
7,US49->CS1,51864,51864,0
7,US49->CS9,51981,51981,0
7,US49->CS17,51977,51977,0
7,US49->CS25,52007,52007,0
7,US49->CS33,52037,52037,0
7,US49->CS41,51525,51525,0
7,US49->CS49,51608,51608,0
7,US49->CS57,51875,51875,0
7,US50->CS2,51843,51843,0
7,US50->CS10,51678,51678,0
7,US50->CS18,51870,51870,0
7,US50->CS26,51627,51627,0
7,US50->CS34,51431,51431,0
7,US50->CS42,51630,51630,0
7,US50->CS50,51352,51352,0
7,US50->CS58,52131,52131,0
7,US51->CS3,51355,51355,0
7,US51->CS11,51409,51409,0
7,US51->CS19,51751,51751,0
7,US51->CS27,51481,51481,0
7,US51->CS35,51928,51928,0
7,US51->CS43,51546,51546,0
7,US51->CS51,51552,51552,0
7,US51->CS59,51635,51635,0
7,US52->CS4,51930,51930,0
7,US52->CS12,51499,51499,0
7,US52->CS20,51792,51792,0
7,US52->CS28,51523,51523,0
7,US52->CS36,51891,51891,0
7,US52->CS44,51749,51749,0
7,US52->CS52,51772,51772,0
7,US52->CS60,51875,51875,0
7,US53->CS5,51497,51497,0
7,US53->CS13,51989,51989,0
7,US53->CS21,52103,52103,0
7,US53->CS29,51663,51663,0
7,US53->CS37,51703,51703,0
7,US53->CS45,51634,51634,0
7,US53->CS53,51791,51791,0
7,US53->CS61,51926,51926,0
7,US54->CS6,51922,51922,0
7,US54->CS14,51528,51528,0
7,US54->CS22,51479,51479,0
7,US54->CS30,51881,51881,0
7,US54->CS38,51628,51628,0
7,US54->CS46,51773,51773,0
7,US54->CS54,51393,51393,0
7,US54->CS62,51652,51652,0
7,US55->CS7,51651,51651,0
7,US55->CS15,51749,51749,0
7,US55->CS23,51741,51741,0
7,US55->CS31,51631,51631,0
7,US55->CS39,52096,52096,0
7,US55->CS47,51610,51610,0
7,US55->CS55,51728,51728,0
7,US55->CS63,51882,51882,0
7,US56->CS0,0,0,0
7,US56->CS8,0,0,0
7,US56->CS16,0,0,0
7,US56->CS24,0,0,0
7,US56->CS32,0,0,0
7,US56->CS40,0,0,0
7,US56->CS48,0,0,0
7,US56->CS56,0,0,0
7,US57->CS1,0,0,0
7,US57->CS9,0,0,0
7,US57->CS17,0,0,0
7,US57->CS25,0,0,0
7,US57->CS33,0,0,0
7,US57->CS41,0,0,0
7,US57->CS49,0,0,0
7,US57->CS57,0,0,0
7,US58->CS2,0,0,0
7,US58->CS10,0,0,0
7,US58->CS18,0,0,0
7,US58->CS26,0,0,0
7,US58->CS34,0,0,0
7,US58->CS42,0,0,0
7,US58->CS50,0,0,0
7,US58->CS58,0,0,0
7,US59->CS3,0,0,0
7,US59->CS11,0,0,0
7,US59->CS19,0,0,0
7,US59->CS27,0,0,0
7,US59->CS35,0,0,0
7,US59->CS43,0,0,0
7,US59->CS51,0,0,0
7,US59->CS59,0,0,0
7,US60->CS4,0,0,0
7,US60->CS12,0,0,0
7,US60->CS20,0,0,0
7,US60->CS28,0,0,0
7,US60->CS36,0,0,0
7,US60->CS44,0,0,0
7,US60->CS52,0,0,0
7,US60->CS60,0,0,0
7,US61->CS5,0,0,0
7,US61->CS13,0,0,0
7,US61->CS21,0,0,0
7,US61->CS29,0,0,0
7,US61->CS37,0,0,0
7,US61->CS45,0,0,0
7,US61->CS53,0,0,0
7,US61->CS61,0,0,0
7,US62->CS6,0,0,0
7,US62->CS14,0,0,0
7,US62->CS22,0,0,0
7,US62->CS30,0,0,0
7,US62->CS38,0,0,0
7,US62->CS46,0,0,0
7,US62->CS54,0,0,0
7,US62->CS62,0,0,0
7,US63->CS7,0,0,0
7,US63->CS15,0,0,0
7,US63->CS23,0,0,0
7,US63->CS31,0,0,0
7,US63->CS39,0,0,0
7,US63->CS47,0,0,0
7,US63->CS55,0,0,0
7,US63->CS63,0,0,0
7,US64->CS0,0,0,0
7,US64->CS8,0,0,0
7,US64->CS16,0,0,0
7,US64->CS24,0,0,0
7,US64->CS32,0,0,0
7,US64->CS40,0,0,0
7,US64->CS48,0,0,0
7,US64->CS56,0,0,0
7,US65->CS1,0,0,0
7,US65->CS9,0,0,0
7,US65->CS17,0,0,0
7,US65->CS25,0,0,0
7,US65->CS33,0,0,0
7,US65->CS41,0,0,0
7,US65->CS49,0,0,0
7,US65->CS57,0,0,0
7,US66->CS2,0,0,0
7,US66->CS10,0,0,0
7,US66->CS18,0,0,0
7,US66->CS26,0,0,0
7,US66->CS34,0,0,0
7,US66->CS42,0,0,0
7,US66->CS50,0,0,0
7,US66->CS58,0,0,0
7,US67->CS3,0,0,0
7,US67->CS11,0,0,0
7,US67->CS19,0,0,0
7,US67->CS27,0,0,0
7,US67->CS35,0,0,0
7,US67->CS43,0,0,0
7,US67->CS51,0,0,0
7,US67->CS59,0,0,0
7,US68->CS4,0,0,0
7,US68->CS12,0,0,0
7,US68->CS20,0,0,0
7,US68->CS28,0,0,0
7,US68->CS36,0,0,0
7,US68->CS44,0,0,0
7,US68->CS52,0,0,0
7,US68->CS60,0,0,0
7,US69->CS5,0,0,0
7,US69->CS13,0,0,0
7,US69->CS21,0,0,0
7,US69->CS29,0,0,0
7,US69->CS37,0,0,0
7,US69->CS45,0,0,0
7,US69->CS53,0,0,0
7,US69->CS61,0,0,0
7,US70->CS6,0,0,0
7,US70->CS14,0,0,0
7,US70->CS22,0,0,0
7,US70->CS30,0,0,0
7,US70->CS38,0,0,0
7,US70->CS46,0,0,0
7,US70->CS54,0,0,0
7,US70->CS62,0,0,0
7,US71->CS7,0,0,0
7,US71->CS15,0,0,0
7,US71->CS23,0,0,0
7,US71->CS31,0,0,0
7,US71->CS39,0,0,0
7,US71->CS47,0,0,0
7,US71->CS55,0,0,0
7,US71->CS63,0,0,0
7,US72->CS0,51141,51141,0
7,US72->CS8,50752,50752,0
7,US72->CS16,51179,51179,0
7,US72->CS24,51191,51191,0
7,US72->CS32,50749,50749,0
7,US72->CS40,51280,51280,0
7,US72->CS48,51093,51093,0
7,US72->CS56,51128,51128,0
7,US73->CS1,50456,50456,0
7,US73->CS9,51398,51398,0
7,US73->CS17,50944,50944,0
7,US73->CS25,50858,50858,0
7,US73->CS33,50953,50953,0
7,US73->CS41,51020,51020,0
7,US73->CS49,50927,50927,0
7,US73->CS57,51144,51144,0
7,US74->CS2,51101,51101,0
7,US74->CS10,50602,50602,0
7,US74->CS18,51055,51055,0
7,US74->CS26,50880,50880,0
7,US74->CS34,51025,51025,0
7,US74->CS42,50897,50897,0
7,US74->CS50,51172,51172,0
7,US74->CS58,50789,50789,0
7,US75->CS3,50900,50900,0
7,US75->CS11,50545,50545,0
7,US75->CS19,51109,51109,0
7,US75->CS27,51175,51175,0
7,US75->CS35,50798,50798,0
7,US75->CS43,51218,51218,0
7,US75->CS51,50772,50772,0
7,US75->CS59,50929,50929,0
7,US76->CS4,51024,51024,0
7,US76->CS12,51416,51416,0
7,US76->CS20,50682,50682,0
7,US76->CS28,50839,50839,0
7,US76->CS36,50923,50923,0
7,US76->CS44,51012,51012,0
7,US76->CS52,51335,51335,0
7,US76->CS60,50927,50927,0
7,US77->CS5,51124,51124,0
7,US77->CS13,51288,51288,0
7,US77->CS21,51174,51174,0
7,US77->CS29,51036,51036,0
7,US77->CS37,50666,50666,0
7,US77->CS45,51751,51751,0
7,US77->CS53,50878,50878,0
7,US77->CS61,51311,51311,0
7,US78->CS6,50839,50839,0
7,US78->CS14,51058,51058,0
7,US78->CS22,51367,51367,0
7,US78->CS30,51084,51084,0
7,US78->CS38,51195,51195,0
7,US78->CS46,50921,50921,0
7,US78->CS54,50684,50684,0
7,US78->CS62,51079,51079,0
7,US79->CS7,51001,51001,0
7,US79->CS15,51120,51120,0
7,US79->CS23,50950,50950,0
7,US79->CS31,50986,50986,0
7,US79->CS39,51022,51022,0
7,US79->CS47,50894,50894,0
7,US79->CS55,51058,51058,0
7,US79->CS63,50915,50915,0
7,US80->CS0,49736,49736,0
7,US80->CS8,49757,49756,0
7,US80->CS16,49856,49855,0
7,US80->CS24,49656,49655,0
7,US80->CS32,49896,49894,0
7,US80->CS40,49683,49683,0
7,US80->CS48,49960,49960,0
7,US80->CS56,49681,49681,0
7,US81->CS1,49659,49659,0
7,US81->CS9,49852,49852,0
7,US81->CS17,49644,49644,0
7,US81->CS25,49795,49795,0
7,US81->CS33,49514,49514,0
7,US81->CS41,49792,49792,0
7,US81->CS49,49597,49597,0
7,US81->CS57,49671,49671,0
7,US82->CS2,49949,49949,0
7,US82->CS10,49878,49878,0
7,US82->CS18,50180,50180,0
7,US82->CS26,49775,49775,0
7,US82->CS34,49977,49977,0
7,US82->CS42,49727,49727,0
7,US82->CS50,50307,50306,0
7,US82->CS58,49509,49509,0
7,US83->CS3,49562,49562,0
7,US83->CS11,49675,49674,0
7,US83->CS19,49719,49719,0
7,US83->CS27,50198,50197,0
7,US83->CS35,49615,49615,0
7,US83->CS43,49436,49436,0
7,US83->CS51,49628,49628,0
7,US83->CS59,49450,49450,0
7,US84->CS4,49849,49849,0
7,US84->CS12,49771,49771,0
7,US84->CS20,49766,49766,0
7,US84->CS28,49353,49353,0
7,US84->CS36,49843,49843,0
7,US84->CS44,50115,50115,0
7,US84->CS52,49666,49665,0
7,US84->CS60,49743,49742,0
7,US85->CS5,49741,49741,0
7,US85->CS13,49925,49925,0
7,US85->CS21,49894,49894,0
7,US85->CS29,49649,49649,0
7,US85->CS37,49783,49783,0
7,US85->CS45,49429,49429,0
7,US85->CS53,49986,49986,0
7,US85->CS61,50003,50003,0
7,US86->CS6,49762,49762,0
7,US86->CS14,49596,49596,0
7,US86->CS22,49938,49938,0
7,US86->CS30,49930,49930,0
7,US86->CS38,49846,49846,0
7,US86->CS46,49664,49664,0
7,US86->CS54,50233,50233,0
7,US86->CS62,49586,49585,0
7,US87->CS7,49834,49834,0
7,US87->CS15,50443,50443,0
7,US87->CS23,49938,49938,0
7,US87->CS31,49531,49531,0
7,US87->CS39,50157,50157,0
7,US87->CS47,49467,49467,0
7,US87->CS55,49713,49713,0
7,US87->CS63,49996,49996,0
7,US88->CS0,51040,51040,0
7,US88->CS8,50771,50771,0
7,US88->CS16,50838,50838,0
7,US88->CS24,50773,50773,0
7,US88->CS32,50852,50852,0
7,US88->CS40,50681,50681,0
7,US88->CS48,50924,50924,0
7,US88->CS56,50695,50695,0
7,US89->CS1,51223,51223,0
7,US89->CS9,50947,50947,0
7,US89->CS17,51154,51154,0
7,US89->CS25,51077,51077,0
7,US89->CS33,50486,50486,0
7,US89->CS41,50907,50907,0
7,US89->CS49,50781,50781,0
7,US89->CS57,51352,51352,0
7,US90->CS2,51169,51169,0
7,US90->CS10,50446,50446,0
7,US90->CS18,50675,50675,0
7,US90->CS26,51272,51272,0
7,US90->CS34,50971,50971,0
7,US90->CS42,50735,50735,0
7,US90->CS50,50995,50995,0
7,US90->CS58,51263,51263,0
7,US91->CS3,50837,50837,0
7,US91->CS11,50953,50953,0
7,US91->CS19,50592,50592,0
7,US91->CS27,50755,50755,0
7,US91->CS35,50956,50956,0
7,US91->CS43,51008,51008,0
7,US91->CS51,50958,50958,0
7,US91->CS59,50843,50843,0
7,US92->CS4,50712,50712,0
7,US92->CS12,51202,51202,0
7,US92->CS20,51040,51040,0
7,US92->CS28,51238,51238,0
7,US92->CS36,50772,50772,0
7,US92->CS44,51023,51023,0
7,US92->CS52,51187,51187,0
7,US92->CS60,51283,51283,0
7,US93->CS5,51213,51213,0
7,US93->CS13,50745,50745,0
7,US93->CS21,50812,50812,0
7,US93->CS29,50792,50792,0
7,US93->CS37,51274,51274,0
7,US93->CS45,50961,50961,0
7,US93->CS53,51277,51277,0
7,US93->CS61,50985,50985,0
7,US94->CS6,50816,50816,0
7,US94->CS14,50926,50926,0
7,US94->CS22,50977,50977,0
7,US94->CS30,50825,50825,0
7,US94->CS38,50948,50948,0
7,US94->CS46,51384,51384,0
7,US94->CS54,51142,51142,0
7,US94->CS62,51080,51080,0
7,US95->CS7,50772,50772,0
7,US95->CS15,51284,51284,0
7,US95->CS23,50742,50742,0
7,US95->CS31,50829,50829,0
7,US95->CS39,51114,51114,0
7,US95->CS47,50765,50765,0
7,US95->CS55,50380,50380,0
7,US95->CS63,51064,51064,0
7,US96->CS0,0,0,0
7,US96->CS8,0,0,0
7,US96->CS16,0,0,0
7,US96->CS24,0,0,0
7,US96->CS32,0,0,0
7,US96->CS40,0,0,0
7,US96->CS48,0,0,0
7,US96->CS56,0,0,0
7,US97->CS1,0,0,0
7,US97->CS9,0,0,0
7,US97->CS17,0,0,0
7,US97->CS25,0,0,0
7,US97->CS33,0,0,0
7,US97->CS41,0,0,0
7,US97->CS49,0,0,0
7,US97->CS57,0,0,0
7,US98->CS2,0,0,0
7,US98->CS10,0,0,0
7,US98->CS18,0,0,0
7,US98->CS26,0,0,0
7,US98->CS34,0,0,0
7,US98->CS42,0,0,0
7,US98->CS50,0,0,0
7,US98->CS58,0,0,0
7,US99->CS3,0,0,0
7,US99->CS11,0,0,0
7,US99->CS19,0,0,0
7,US99->CS27,0,0,0
7,US99->CS35,0,0,0
7,US99->CS43,0,0,0
7,US99->CS51,0,0,0
7,US99->CS59,0,0,0
7,US100->CS4,0,0,0
7,US100->CS12,0,0,0
7,US100->CS20,0,0,0
7,US100->CS28,0,0,0
7,US100->CS36,0,0,0
7,US100->CS44,0,0,0
7,US100->CS52,0,0,0
7,US100->CS60,0,0,0
7,US101->CS5,0,0,0
7,US101->CS13,0,0,0
7,US101->CS21,0,0,0
7,US101->CS29,0,0,0
7,US101->CS37,0,0,0
7,US101->CS45,0,0,0
7,US101->CS53,0,0,0
7,US101->CS61,0,0,0
7,US102->CS6,0,0,0
7,US102->CS14,0,0,0
7,US102->CS22,0,0,0
7,US102->CS30,0,0,0
7,US102->CS38,0,0,0
7,US102->CS46,0,0,0
7,US102->CS54,0,0,0
7,US102->CS62,0,0,0
7,US103->CS7,0,0,0
7,US103->CS15,0,0,0
7,US103->CS23,0,0,0
7,US103->CS31,0,0,0
7,US103->CS39,0,0,0
7,US103->CS47,0,0,0
7,US103->CS55,0,0,0
7,US103->CS63,0,0,0
7,US104->CS0,0,0,0
7,US104->CS8,0,0,0
7,US104->CS16,0,0,0
7,US104->CS24,0,0,0
7,US104->CS32,0,0,0
7,US104->CS40,0,0,0
7,US104->CS48,0,0,0
7,US104->CS56,0,0,0
7,US105->CS1,0,0,0
7,US105->CS9,0,0,0
7,US105->CS17,0,0,0
7,US105->CS25,0,0,0
7,US105->CS33,0,0,0
7,US105->CS41,0,0,0
7,US105->CS49,0,0,0
7,US105->CS57,0,0,0
7,US106->CS2,0,0,0
7,US106->CS10,0,0,0
7,US106->CS18,0,0,0
7,US106->CS26,0,0,0
7,US106->CS34,0,0,0
7,US106->CS42,0,0,0
7,US106->CS50,0,0,0
7,US106->CS58,0,0,0
7,US107->CS3,0,0,0
7,US107->CS11,0,0,0
7,US107->CS19,0,0,0
7,US107->CS27,0,0,0
7,US107->CS35,0,0,0
7,US107->CS43,0,0,0
7,US107->CS51,0,0,0
7,US107->CS59,0,0,0
7,US108->CS4,0,0,0
7,US108->CS12,0,0,0
7,US108->CS20,0,0,0
7,US108->CS28,0,0,0
7,US108->CS36,0,0,0
7,US108->CS44,0,0,0
7,US108->CS52,0,0,0
7,US108->CS60,0,0,0
7,US109->CS5,0,0,0
7,US109->CS13,0,0,0
7,US109->CS21,0,0,0
7,US109->CS29,0,0,0
7,US109->CS37,0,0,0
7,US109->CS45,0,0,0
7,US109->CS53,0,0,0
7,US109->CS61,0,0,0
7,US110->CS6,0,0,0
7,US110->CS14,0,0,0
7,US110->CS22,0,0,0
7,US110->CS30,0,0,0
7,US110->CS38,0,0,0
7,US110->CS46,0,0,0
7,US110->CS54,0,0,0
7,US110->CS62,0,0,0
7,US111->CS7,0,0,0
7,US111->CS15,0,0,0
7,US111->CS23,0,0,0
7,US111->CS31,0,0,0
7,US111->CS39,0,0,0
7,US111->CS47,0,0,0
7,US111->CS55,0,0,0
7,US111->CS63,0,0,0
7,US112->CS0,52013,52013,0
7,US112->CS8,51941,51941,0
7,US112->CS16,52258,52258,0
7,US112->CS24,52211,52211,0
7,US112->CS32,51829,51829,0
7,US112->CS40,51701,51701,0
7,US112->CS48,52181,52181,0
7,US112->CS56,51638,51638,0
7,US113->CS1,51913,51913,0
7,US113->CS9,51732,51732,0
7,US113->CS17,51617,51617,0
7,US113->CS25,51754,51754,0
7,US113->CS33,52109,52109,0
7,US113->CS41,51927,51927,0
7,US113->CS49,51972,51972,0
7,US113->CS57,52156,52156,0
7,US114->CS2,51911,51911,0
7,US114->CS10,52136,52136,0
7,US114->CS18,51937,51937,0
7,US114->CS26,51817,51817,0
7,US114->CS34,52018,52018,0
7,US114->CS42,51749,51749,0
7,US114->CS50,52026,52026,0
7,US114->CS58,51764,51764,0
7,US115->CS3,51875,51875,0
7,US115->CS11,51814,51814,0
7,US115->CS19,51824,51824,0
7,US115->CS27,51920,51920,0
7,US115->CS35,51824,51824,0
7,US115->CS43,51903,51903,0
7,US115->CS51,52015,52015,0
7,US115->CS59,52417,52417,0
7,US116->CS4,51847,51847,0
7,US116->CS12,51979,51979,0
7,US116->CS20,51903,51903,0
7,US116->CS28,52099,52099,0
7,US116->CS36,51895,51895,0
7,US116->CS44,51868,51868,0
7,US116->CS52,52446,52446,0
7,US116->CS60,51416,51416,0
7,US117->CS5,51825,51825,0
7,US117->CS13,51913,51913,0
7,US117->CS21,51848,51848,0
7,US117->CS29,51994,51994,0
7,US117->CS37,51990,51990,0
7,US117->CS45,51963,51963,0
7,US117->CS53,52220,52220,0
7,US117->CS61,52126,52126,0
7,US118->CS6,51468,51468,0
7,US118->CS14,51736,51736,0
7,US118->CS22,51813,51813,0
7,US118->CS30,51967,51967,0
7,US118->CS38,51808,51808,0
7,US118->CS46,52163,52163,0
7,US118->CS54,51915,51915,0
7,US118->CS62,51791,51791,0
7,US119->CS7,51880,51880,0
7,US119->CS15,52296,52296,0
7,US119->CS23,52151,52151,0
7,US119->CS31,52053,52053,0
7,US119->CS39,51789,51789,0
7,US119->CS47,51902,51902,0
7,US119->CS55,51750,51750,0
7,US119->CS63,52030,52030,0
7,US120->CS0,50299,50299,0
7,US120->CS8,50529,50529,0
7,US120->CS16,50578,50578,0
7,US120->CS24,50704,50704,0
7,US120->CS32,50295,50295,0
7,US120->CS40,50304,50304,0
7,US120->CS48,50602,50602,0
7,US120->CS56,50742,50742,0
7,US121->CS1,50688,50688,0
7,US121->CS9,50399,50399,0
7,US121->CS17,50285,50285,0
7,US121->CS25,50782,50782,0
7,US121->CS33,50318,50318,0
7,US121->CS41,50194,50194,0
7,US121->CS49,50124,50124,0
7,US121->CS57,50525,50525,0
7,US122->CS2,50458,50458,0
7,US122->CS10,50279,50279,0
7,US122->CS18,50325,50325,0
7,US122->CS26,50741,50741,0
7,US122->CS34,50290,50290,0
7,US122->CS42,50364,50364,0
7,US122->CS50,50378,50378,0
7,US122->CS58,50264,50264,0
7,US123->CS3,50359,50359,0
7,US123->CS11,50435,50435,0
7,US123->CS19,50365,50365,0
7,US123->CS27,50318,50318,0
7,US123->CS35,50554,50554,0
7,US123->CS43,50358,50358,0
7,US123->CS51,50627,50627,0
7,US123->CS59,50352,50352,0
7,US124->CS4,50470,50470,0
7,US124->CS12,50455,50455,0
7,US124->CS20,50533,50533,0
7,US124->CS28,50384,50384,0
7,US124->CS36,50418,50418,0
7,US124->CS44,50577,50577,0
7,US124->CS52,50453,50453,0
7,US124->CS60,51024,51024,0
7,US125->CS5,50308,50308,0
7,US125->CS13,50974,50974,0
7,US125->CS21,50634,50634,0
7,US125->CS29,50503,50503,0
7,US125->CS37,50526,50526,0
7,US125->CS45,50163,50163,0
7,US125->CS53,50059,50059,0
7,US125->CS61,50616,50616,0
7,US126->CS6,50490,50490,0
7,US126->CS14,50135,50135,0
7,US126->CS22,50606,50606,0
7,US126->CS30,50780,50780,0
7,US126->CS38,50626,50626,0
7,US126->CS46,50665,50665,0
7,US126->CS54,50169,50169,0
7,US126->CS62,50344,50344,0
7,US127->CS7,50544,50544,0
7,US127->CS15,50399,50399,0
7,US127->CS23,50801,50801,0
7,US127->CS31,50122,50122,0
7,US127->CS39,50422,50422,0
7,US127->CS47,50223,50223,0
7,US127->CS55,50772,50772,0
7,US127->CS63,50387,50387,0
7,CS0->US0,51948,51948,0
7,CS0->US8,49833,49833,0
7,CS0->US16,50527,50527,0
7,CS0->US24,0,0,0
7,CS0->US32,0,0,0
7,CS0->US40,51983,51983,0
7,CS0->US48,51411,51411,0
7,CS0->US56,0,0,0
7,CS0->US64,0,0,0
7,CS0->US72,51045,51045,0
7,CS0->US80,56517,56517,0
7,CS0->US88,51288,51288,0
7,CS0->US96,0,0,0
7,CS0->US104,0,0,0
7,CS0->US112,55349,55349,0
7,CS0->US120,53110,53110,0
7,CS1->US1,51548,51548,0
7,CS1->US9,49725,49725,0
7,CS1->US17,50903,50903,0
7,CS1->US25,0,0,0
7,CS1->US33,0,0,0
7,CS1->US41,51986,51986,0
7,CS1->US49,51209,51209,0
7,CS1->US57,0,0,0
7,CS1->US65,0,0,0
7,CS1->US73,51210,51210,0
7,CS1->US81,56624,56623,0
7,CS1->US89,50561,50561,0
7,CS1->US97,0,0,0
7,CS1->US105,0,0,0
7,CS1->US113,55976,55976,0
7,CS1->US121,53377,53377,0
7,CS2->US2,51552,51552,0
7,CS2->US10,50062,50062,0
7,CS2->US18,50667,50667,0
7,CS2->US26,0,0,0
7,CS2->US34,0,0,0
7,CS2->US42,51897,51897,0
7,CS2->US50,51371,51371,0
7,CS2->US58,0,0,0
7,CS2->US66,0,0,0
7,CS2->US74,51193,51193,0
7,CS2->US82,56912,56910,0
7,CS2->US90,51294,51294,0
7,CS2->US98,0,0,0
7,CS2->US106,0,0,0
7,CS2->US114,55484,55484,0
7,CS2->US122,53005,53005,0
7,CS3->US3,51085,51085,0
7,CS3->US11,49657,49657,0
7,CS3->US19,50537,50537,0
7,CS3->US27,0,0,0
7,CS3->US35,0,0,0
7,CS3->US43,51839,51839,0
7,CS3->US51,51748,51748,0
7,CS3->US59,0,0,0
7,CS3->US67,0,0,0
7,CS3->US75,50842,50842,0
7,CS3->US83,56444,56442,0
7,CS3->US91,51057,51057,0
7,CS3->US99,0,0,0
7,CS3->US107,0,0,0
7,CS3->US115,55607,55607,0
7,CS3->US123,53390,53390,0
7,CS4->US4,51685,51685,0
7,CS4->US12,49948,49948,0
7,CS4->US20,50661,50661,0
7,CS4->US28,0,0,0
7,CS4->US36,0,0,0
7,CS4->US44,51827,51827,0
7,CS4->US52,51388,51388,0
7,CS4->US60,0,0,0
7,CS4->US68,0,0,0
7,CS4->US76,50722,50722,0
7,CS4->US84,56616,56616,0
7,CS4->US92,51164,51164,0
7,CS4->US100,0,0,0
7,CS4->US108,0,0,0
7,CS4->US116,55750,55750,0
7,CS4->US124,53055,53055,0
7,CS5->US5,51218,51218,0
7,CS5->US13,49829,49829,0
7,CS5->US21,50520,50520,0
7,CS5->US29,0,0,0
7,CS5->US37,0,0,0
7,CS5->US45,51837,51837,0
7,CS5->US53,51354,51354,0
7,CS5->US61,0,0,0
7,CS5->US69,0,0,0
7,CS5->US77,51148,51148,0
7,CS5->US85,57005,57004,0
7,CS5->US93,51298,51298,0
7,CS5->US101,0,0,0
7,CS5->US109,0,0,0
7,CS5->US117,55479,55479,0
7,CS5->US125,52707,52707,0
7,CS6->US6,51642,51642,0
7,CS6->US14,49877,49877,0
7,CS6->US22,50683,50683,0
7,CS6->US30,0,0,0
7,CS6->US38,0,0,0
7,CS6->US46,51547,51547,0
7,CS6->US54,51365,51365,0
7,CS6->US62,0,0,0
7,CS6->US70,0,0,0
7,CS6->US78,50797,50797,0
7,CS6->US86,56581,56581,0
7,CS6->US94,50888,50888,0
7,CS6->US102,0,0,0
7,CS6->US110,0,0,0
7,CS6->US118,56085,56085,0
7,CS6->US126,53519,53519,0
7,CS7->US7,51322,51322,0
7,CS7->US15,49914,49914,0
7,CS7->US23,50708,50708,0
7,CS7->US31,0,0,0
7,CS7->US39,0,0,0
7,CS7->US47,51983,51983,0
7,CS7->US55,51267,51267,0
7,CS7->US63,0,0,0
7,CS7->US71,0,0,0
7,CS7->US79,50767,50767,0
7,CS7->US87,56964,56964,0
7,CS7->US95,51126,51126,0
7,CS7->US103,0,0,0
7,CS7->US111,0,0,0
7,CS7->US119,56056,56056,0
7,CS7->US127,53552,53552,0
7,CS8->US0,51733,51733,0
7,CS8->US8,49843,49843,0
7,CS8->US16,50681,50681,0
7,CS8->US24,0,0,0
7,CS8->US32,0,0,0
7,CS8->US40,52020,52020,0
7,CS8->US48,51304,51304,0
7,CS8->US56,0,0,0
7,CS8->US64,0,0,0
7,CS8->US72,50877,50877,0
7,CS8->US80,56404,56404,0
7,CS8->US88,50842,50842,0
7,CS8->US96,0,0,0
7,CS8->US104,0,0,0
7,CS8->US112,55819,55819,0
7,CS8->US120,53567,53567,0
7,CS9->US1,51709,51709,0
7,CS9->US9,49943,49943,0
7,CS9->US17,50582,50582,0
7,CS9->US25,0,0,0
7,CS9->US33,0,0,0
7,CS9->US41,51765,51765,0
7,CS9->US49,51385,51385,0
7,CS9->US57,0,0,0
7,CS9->US65,0,0,0
7,CS9->US73,51032,51032,0
7,CS9->US81,56832,56832,0
7,CS9->US89,51496,51496,0
7,CS9->US97,0,0,0
7,CS9->US105,0,0,0
7,CS9->US113,56029,56029,0
7,CS9->US121,53352,53352,0
7,CS10->US2,51427,51427,0
7,CS10->US10,49967,49967,0
7,CS10->US18,50468,50468,0
7,CS10->US26,0,0,0
7,CS10->US34,0,0,0
7,CS10->US42,52135,52135,0
7,CS10->US50,51344,51344,0
7,CS10->US58,0,0,0
7,CS10->US66,0,0,0
7,CS10->US74,50472,50472,0
7,CS10->US82,56845,56845,0
7,CS10->US90,50812,50812,0
7,CS10->US98,0,0,0
7,CS10->US106,0,0,0
7,CS10->US114,55441,55441,0
7,CS10->US122,53135,53135,0
7,CS11->US3,51127,51127,0
7,CS11->US11,49777,49776,0
7,CS11->US19,50627,50627,0
7,CS11->US27,0,0,0
7,CS11->US35,0,0,0
7,CS11->US43,51818,51818,0
7,CS11->US51,51187,51187,0
7,CS11->US59,0,0,0
7,CS11->US67,0,0,0
7,CS11->US75,51028,51028,0
7,CS11->US83,56234,56234,0
7,CS11->US91,50725,50725,0
7,CS11->US99,0,0,0
7,CS11->US107,0,0,0
7,CS11->US115,55533,55533,0
7,CS11->US123,53515,53515,0
7,CS12->US4,51265,51265,0
7,CS12->US12,49874,49874,0
7,CS12->US20,50627,50627,0
7,CS12->US28,0,0,0
7,CS12->US36,0,0,0
7,CS12->US44,51923,51923,0
7,CS12->US52,51372,51372,0
7,CS12->US60,0,0,0
7,CS12->US68,0,0,0
7,CS12->US76,51201,51201,0
7,CS12->US84,56752,56752,0
7,CS12->US92,51612,51612,0
7,CS12->US100,0,0,0
7,CS12->US108,0,0,0
7,CS12->US116,55265,55265,0
7,CS12->US124,53221,53221,0
7,CS13->US5,51719,51719,0
7,CS13->US13,50055,50055,0
7,CS13->US21,51095,51095,0
7,CS13->US29,0,0,0
7,CS13->US37,0,0,0
7,CS13->US45,51956,51956,0
7,CS13->US53,51280,51280,0
7,CS13->US61,0,0,0
7,CS13->US69,0,0,0
7,CS13->US77,50735,50735,0
7,CS13->US85,56587,56587,0
7,CS13->US93,51448,51448,0
7,CS13->US101,0,0,0
7,CS13->US109,0,0,0
7,CS13->US117,55287,55287,0
7,CS13->US125,53104,53104,0
7,CS14->US6,51238,51238,0
7,CS14->US14,49669,49669,0
7,CS14->US22,50332,50332,0
7,CS14->US30,0,0,0
7,CS14->US38,0,0,0
7,CS14->US46,51780,51780,0
7,CS14->US54,51523,51523,0
7,CS14->US62,0,0,0
7,CS14->US70,0,0,0
7,CS14->US78,51006,51006,0
7,CS14->US86,56300,56300,0
7,CS14->US94,51172,51172,0
7,CS14->US102,0,0,0
7,CS14->US110,0,0,0
7,CS14->US118,55686,55686,0
7,CS14->US126,53172,53172,0
7,CS15->US7,51492,51492,0
7,CS15->US15,50561,50561,0
7,CS15->US23,50566,50566,0
7,CS15->US31,0,0,0
7,CS15->US39,0,0,0
7,CS15->US47,52280,52280,0
7,CS15->US55,51481,51481,0
7,CS15->US63,0,0,0
7,CS15->US71,0,0,0
7,CS15->US79,51323,51323,0
7,CS15->US87,56220,56220,0
7,CS15->US95,51302,51302,0
7,CS15->US103,0,0,0
7,CS15->US111,0,0,0
7,CS15->US119,55386,55386,0
7,CS15->US127,53500,53500,0
7,CS16->US0,52225,52225,0
7,CS16->US8,49950,49950,0
7,CS16->US16,50797,50797,0
7,CS16->US24,0,0,0
7,CS16->US32,0,0,0
7,CS16->US40,52297,52297,0
7,CS16->US48,51601,51601,0
7,CS16->US56,0,0,0
7,CS16->US64,0,0,0
7,CS16->US72,50854,50854,0
7,CS16->US80,56512,56512,0
7,CS16->US88,51310,51310,0
7,CS16->US96,0,0,0
7,CS16->US104,0,0,0
7,CS16->US112,55848,55848,0
7,CS16->US120,53029,53029,0
7,CS17->US1,51729,51729,0
7,CS17->US9,49720,49720,0
7,CS17->US17,50465,50465,0
7,CS17->US25,0,0,0
7,CS17->US33,0,0,0
7,CS17->US41,51627,51627,0
7,CS17->US49,51417,51417,0
7,CS17->US57,0,0,0
7,CS17->US65,0,0,0
7,CS17->US73,51159,51159,0
7,CS17->US81,56608,56608,0
7,CS17->US89,51035,51035,0
7,CS17->US97,0,0,0
7,CS17->US105,0,0,0
7,CS17->US113,55791,55791,0
7,CS17->US121,53145,53145,0
7,CS18->US2,51575,51575,0
7,CS18->US10,50287,50286,0
7,CS18->US18,50481,50481,0
7,CS18->US26,0,0,0
7,CS18->US34,0,0,0
7,CS18->US42,51967,51967,0
7,CS18->US50,51414,51414,0
7,CS18->US58,0,0,0
7,CS18->US66,0,0,0
7,CS18->US74,50736,50736,0
7,CS18->US82,56610,56610,0
7,CS18->US90,51153,51153,0
7,CS18->US98,0,0,0
7,CS18->US106,0,0,0
7,CS18->US114,55079,55079,0
7,CS18->US122,53098,53098,0
7,CS19->US3,51505,51505,0
7,CS19->US11,49784,49783,0
7,CS19->US19,50549,50549,0
7,CS19->US27,0,0,0
7,CS19->US35,0,0,0
7,CS19->US43,51843,51843,0
7,CS19->US51,51751,51751,0
7,CS19->US59,0,0,0
7,CS19->US67,0,0,0
7,CS19->US75,50609,50609,0
7,CS19->US83,56102,56102,0
7,CS19->US91,51198,51198,0
7,CS19->US99,0,0,0
7,CS19->US107,0,0,0
7,CS19->US115,55855,55855,0
7,CS19->US123,53081,53081,0
7,CS20->US4,51568,51568,0
7,CS20->US12,49839,49839,0
7,CS20->US20,50712,50712,0
7,CS20->US28,0,0,0
7,CS20->US36,0,0,0
7,CS20->US44,51893,51893,0
7,CS20->US52,51310,51310,0
7,CS20->US60,0,0,0
7,CS20->US68,0,0,0
7,CS20->US76,51009,51009,0
7,CS20->US84,56519,56519,0
7,CS20->US92,50781,50781,0
7,CS20->US100,0,0,0
7,CS20->US108,0,0,0
7,CS20->US116,55741,55741,0
7,CS20->US124,53672,53672,0
7,CS21->US5,51832,51832,0
7,CS21->US13,49981,49981,0
7,CS21->US21,50764,50764,0
7,CS21->US29,0,0,0
7,CS21->US37,0,0,0
7,CS21->US45,51835,51835,0
7,CS21->US53,51376,51376,0
7,CS21->US61,0,0,0
7,CS21->US69,0,0,0
7,CS21->US77,50846,50846,0
7,CS21->US85,56173,56173,0
7,CS21->US93,51316,51316,0
7,CS21->US101,0,0,0
7,CS21->US109,0,0,0
7,CS21->US117,55670,55670,0
7,CS21->US125,53060,53060,0
7,CS22->US6,51175,51175,0
7,CS22->US14,50013,50012,0
7,CS22->US22,50727,50727,0
7,CS22->US30,0,0,0
7,CS22->US38,0,0,0
7,CS22->US46,51897,51897,0
7,CS22->US54,51834,51834,0
7,CS22->US62,0,0,0
7,CS22->US70,0,0,0
7,CS22->US78,51079,51079,0
7,CS22->US86,56626,56626,0
7,CS22->US94,51423,51423,0
7,CS22->US102,0,0,0
7,CS22->US110,0,0,0
7,CS22->US118,55583,55583,0
7,CS22->US126,53965,53965,0
7,CS23->US7,51470,51470,0
7,CS23->US15,50012,50012,0
7,CS23->US23,50969,50969,0
7,CS23->US31,0,0,0
7,CS23->US39,0,0,0
7,CS23->US47,52210,52210,0
7,CS23->US55,51202,51202,0
7,CS23->US63,0,0,0
7,CS23->US71,0,0,0
7,CS23->US79,50766,50766,0
7,CS23->US87,57004,57004,0
7,CS23->US95,50982,50982,0
7,CS23->US103,0,0,0
7,CS23->US111,0,0,0
7,CS23->US119,55604,55604,0
7,CS23->US127,53472,53472,0
7,CS24->US0,51597,51597,0
7,CS24->US8,49726,49726,0
7,CS24->US16,50814,50814,0
7,CS24->US24,0,0,0
7,CS24->US32,0,0,0
7,CS24->US40,52283,52283,0
7,CS24->US48,51642,51642,0
7,CS24->US56,0,0,0
7,CS24->US64,0,0,0
7,CS24->US72,50881,50881,0
7,CS24->US80,56491,56490,0
7,CS24->US88,51329,51329,0
7,CS24->US96,0,0,0
7,CS24->US104,0,0,0
7,CS24->US112,55491,55491,0
7,CS24->US120,53282,53282,0
7,CS25->US1,51728,51728,0
7,CS25->US9,49889,49889,0
7,CS25->US17,50962,50962,0
7,CS25->US25,0,0,0
7,CS25->US33,0,0,0
7,CS25->US41,51799,51799,0
7,CS25->US49,51681,51681,0
7,CS25->US57,0,0,0
7,CS25->US65,0,0,0
7,CS25->US73,51086,51086,0
7,CS25->US81,56470,56470,0
7,CS25->US89,50955,50955,0
7,CS25->US97,0,0,0
7,CS25->US105,0,0,0
7,CS25->US113,55826,55826,0
7,CS25->US121,52927,52927,0
7,CS26->US2,51339,51339,0
7,CS26->US10,49891,49891,0
7,CS26->US18,50912,50912,0
7,CS26->US26,0,0,0
7,CS26->US34,0,0,0
7,CS26->US42,51870,51870,0
7,CS26->US50,51743,51743,0
7,CS26->US58,0,0,0
7,CS26->US66,0,0,0
7,CS26->US74,51296,51296,0
7,CS26->US82,56653,56653,0
7,CS26->US90,51048,51048,0
7,CS26->US98,0,0,0
7,CS26->US106,0,0,0
7,CS26->US114,56025,56025,0
7,CS26->US122,53425,53425,0
7,CS27->US3,51228,51228,0
7,CS27->US11,50314,50314,0
7,CS27->US19,50489,50489,0
7,CS27->US27,0,0,0
7,CS27->US35,0,0,0
7,CS27->US43,51961,51961,0
7,CS27->US51,51564,51564,0
7,CS27->US59,0,0,0
7,CS27->US67,0,0,0
7,CS27->US75,50819,50819,0
7,CS27->US83,56542,56542,0
7,CS27->US91,51336,51336,0
7,CS27->US99,0,0,0
7,CS27->US107,0,0,0
7,CS27->US115,55439,55439,0
7,CS27->US123,53334,53334,0
7,CS28->US4,51245,51245,0
7,CS28->US12,49422,49422,0
7,CS28->US20,50618,50618,0
7,CS28->US28,0,0,0
7,CS28->US36,0,0,0
7,CS28->US44,52077,52077,0
7,CS28->US52,51679,51679,0
7,CS28->US60,0,0,0
7,CS28->US68,0,0,0
7,CS28->US76,51188,51188,0
7,CS28->US84,56756,56756,0
7,CS28->US92,50986,50986,0
7,CS28->US100,0,0,0
7,CS28->US108,0,0,0
7,CS28->US116,55637,55637,0
7,CS28->US124,53373,53373,0
7,CS29->US5,51335,51335,0
7,CS29->US13,49722,49722,0
7,CS29->US21,50625,50625,0
7,CS29->US29,0,0,0
7,CS29->US37,0,0,0
7,CS29->US45,52189,52189,0
7,CS29->US53,51406,51406,0
7,CS29->US61,0,0,0
7,CS29->US69,0,0,0
7,CS29->US77,50898,50898,0
7,CS29->US85,56646,56646,0
7,CS29->US93,51080,51080,0
7,CS29->US101,0,0,0
7,CS29->US109,0,0,0
7,CS29->US117,55716,55716,0
7,CS29->US125,53157,53157,0
7,CS30->US6,51612,51612,0
7,CS30->US14,50038,50038,0
7,CS30->US22,50985,50985,0
7,CS30->US30,0,0,0
7,CS30->US38,0,0,0
7,CS30->US46,51967,51967,0
7,CS30->US54,51651,51651,0
7,CS30->US62,0,0,0
7,CS30->US70,0,0,0
7,CS30->US78,50822,50822,0
7,CS30->US86,56828,56827,0
7,CS30->US94,51240,51240,0
7,CS30->US102,0,0,0
7,CS30->US110,0,0,0
7,CS30->US118,55583,55583,0
7,CS30->US126,53314,53314,0
7,CS31->US7,51333,51333,0
7,CS31->US15,49648,49648,0
7,CS31->US23,50369,50369,0
7,CS31->US31,0,0,0
7,CS31->US39,0,0,0
7,CS31->US47,52091,52091,0
7,CS31->US55,51584,51584,0
7,CS31->US63,0,0,0
7,CS31->US71,0,0,0
7,CS31->US79,50828,50828,0
7,CS31->US87,56977,56976,0
7,CS31->US95,51143,51143,0
7,CS31->US103,0,0,0
7,CS31->US111,0,0,0
7,CS31->US119,55561,55561,0
7,CS31->US127,52985,52985,0
7,CS32->US0,51200,51200,0
7,CS32->US8,49984,49984,0
7,CS32->US16,50472,50472,0
7,CS32->US24,0,0,0
7,CS32->US32,0,0,0
7,CS32->US40,51824,51824,0
7,CS32->US48,51897,51897,0
7,CS32->US56,0,0,0
7,CS32->US64,0,0,0
7,CS32->US72,50852,50852,0
7,CS32->US80,57175,57175,0
7,CS32->US88,50959,50959,0
7,CS32->US96,0,0,0
7,CS32->US104,0,0,0
7,CS32->US112,55780,55780,0
7,CS32->US120,53216,53216,0
7,CS33->US1,51768,51768,0
7,CS33->US9,49630,49630,0
7,CS33->US17,50519,50519,0
7,CS33->US25,0,0,0
7,CS33->US33,0,0,0
7,CS33->US41,52149,52149,0
7,CS33->US49,51842,51842,0
7,CS33->US57,0,0,0
7,CS33->US65,0,0,0
7,CS33->US73,50491,50491,0
7,CS33->US81,56794,56794,0
7,CS33->US89,51067,51067,0
7,CS33->US97,0,0,0
7,CS33->US105,0,0,0
7,CS33->US113,56128,56128,0
7,CS33->US121,53670,53670,0
7,CS34->US2,51195,51195,0
7,CS34->US10,50064,50064,0
7,CS34->US18,50524,50524,0
7,CS34->US26,0,0,0
7,CS34->US34,0,0,0
7,CS34->US42,52001,52001,0
7,CS34->US50,51381,51381,0
7,CS34->US58,0,0,0
7,CS34->US66,0,0,0
7,CS34->US74,50989,50989,0
7,CS34->US82,56798,56798,0
7,CS34->US90,51128,51128,0
7,CS34->US98,0,0,0
7,CS34->US106,0,0,0
7,CS34->US114,55658,55658,0
7,CS34->US122,53311,53311,0
7,CS35->US3,51713,51713,0
7,CS35->US11,49701,49701,0
7,CS35->US19,50751,50751,0
7,CS35->US27,0,0,0
7,CS35->US35,0,0,0
7,CS35->US43,51774,51774,0
7,CS35->US51,51493,51493,0
7,CS35->US59,0,0,0
7,CS35->US67,0,0,0
7,CS35->US75,51024,51024,0
7,CS35->US83,57153,57152,0
7,CS35->US91,50946,50946,0
7,CS35->US99,0,0,0
7,CS35->US107,0,0,0
7,CS35->US115,56116,56116,0
7,CS35->US123,53427,53427,0
7,CS36->US4,51567,51567,0
7,CS36->US12,49933,49933,0
7,CS36->US20,50566,50566,0
7,CS36->US28,0,0,0
7,CS36->US36,0,0,0
7,CS36->US44,51936,51936,0
7,CS36->US52,51333,51333,0
7,CS36->US60,0,0,0
7,CS36->US68,0,0,0
7,CS36->US76,50827,50827,0
7,CS36->US84,56147,56147,0
7,CS36->US92,51069,51069,0
7,CS36->US100,0,0,0
7,CS36->US108,0,0,0
7,CS36->US116,55352,55352,0
7,CS36->US124,53122,53122,0
7,CS37->US5,51443,51443,0
7,CS37->US13,49894,49894,0
7,CS37->US21,50722,50722,0
7,CS37->US29,0,0,0
7,CS37->US37,0,0,0
7,CS37->US45,51955,51955,0
7,CS37->US53,51368,51368,0
7,CS37->US61,0,0,0
7,CS37->US69,0,0,0
7,CS37->US77,51258,51258,0
7,CS37->US85,56637,56637,0
7,CS37->US93,50801,50801,0
7,CS37->US101,0,0,0
7,CS37->US109,0,0,0
7,CS37->US117,55349,55349,0
7,CS37->US125,53370,53370,0
7,CS38->US6,51303,51303,0
7,CS38->US14,49953,49952,0
7,CS38->US22,50811,50811,0
7,CS38->US30,0,0,0
7,CS38->US38,0,0,0
7,CS38->US46,51856,51856,0
7,CS38->US54,51595,51595,0
7,CS38->US62,0,0,0
7,CS38->US70,0,0,0
7,CS38->US78,50965,50965,0
7,CS38->US86,56872,56871,0
7,CS38->US94,51360,51360,0
7,CS38->US102,0,0,0
7,CS38->US110,0,0,0
7,CS38->US118,55971,55971,0
7,CS38->US126,53189,53189,0
7,CS39->US7,51796,51796,0
7,CS39->US15,50245,50245,0
7,CS39->US23,50582,50582,0
7,CS39->US31,0,0,0
7,CS39->US39,0,0,0
7,CS39->US47,51870,51870,0
7,CS39->US55,51129,51129,0
7,CS39->US63,0,0,0
7,CS39->US71,0,0,0
7,CS39->US79,51151,51151,0
7,CS39->US87,56466,56466,0
7,CS39->US95,51155,51155,0
7,CS39->US103,0,0,0
7,CS39->US111,0,0,0
7,CS39->US119,55717,55717,0
7,CS39->US127,53627,53627,0
7,CS40->US0,51580,51580,0
7,CS40->US8,49780,49780,0
7,CS40->US16,50430,50430,0
7,CS40->US24,0,0,0
7,CS40->US32,0,0,0
7,CS40->US40,51782,51782,0
7,CS40->US48,51147,51147,0
7,CS40->US56,0,0,0
7,CS40->US64,0,0,0
7,CS40->US72,50715,50715,0
7,CS40->US80,56463,56463,0
7,CS40->US88,51378,51378,0
7,CS40->US96,0,0,0
7,CS40->US104,0,0,0
7,CS40->US112,55980,55980,0
7,CS40->US120,53228,53228,0
7,CS41->US1,51237,51237,0
7,CS41->US9,49887,49887,0
7,CS41->US17,50383,50383,0
7,CS41->US25,0,0,0
7,CS41->US33,0,0,0
7,CS41->US41,51943,51943,0
7,CS41->US49,51729,51729,0
7,CS41->US57,0,0,0
7,CS41->US65,0,0,0
7,CS41->US73,50867,50867,0
7,CS41->US81,57190,57190,0
7,CS41->US89,51152,51152,0
7,CS41->US97,0,0,0
7,CS41->US105,0,0,0
7,CS41->US113,55598,55598,0
7,CS41->US121,53223,53223,0
7,CS42->US2,51378,51378,0
7,CS42->US10,49797,49797,0
7,CS42->US18,50554,50554,0
7,CS42->US26,0,0,0
7,CS42->US34,0,0,0
7,CS42->US42,51721,51721,0
7,CS42->US50,51711,51711,0
7,CS42->US58,0,0,0
7,CS42->US66,0,0,0
7,CS42->US74,50755,50755,0
7,CS42->US82,56729,56729,0
7,CS42->US90,51026,51026,0
7,CS42->US98,0,0,0
7,CS42->US106,0,0,0
7,CS42->US114,55645,55645,0
7,CS42->US122,53452,53452,0
7,CS43->US3,51287,51287,0
7,CS43->US11,49549,49549,0
7,CS43->US19,50522,50522,0
7,CS43->US27,0,0,0
7,CS43->US35,0,0,0
7,CS43->US43,51905,51905,0
7,CS43->US51,51638,51638,0
7,CS43->US59,0,0,0
7,CS43->US67,0,0,0
7,CS43->US75,51005,51005,0
7,CS43->US83,56599,56598,0
7,CS43->US91,51374,51374,0
7,CS43->US99,0,0,0
7,CS43->US107,0,0,0
7,CS43->US115,55174,55174,0
7,CS43->US123,53313,53313,0
7,CS44->US4,51432,51432,0
7,CS44->US12,50195,50195,0
7,CS44->US20,50786,50786,0
7,CS44->US28,0,0,0
7,CS44->US36,0,0,0
7,CS44->US44,51929,51929,0
7,CS44->US52,51505,51505,0
7,CS44->US60,0,0,0
7,CS44->US68,0,0,0
7,CS44->US76,51016,51016,0
7,CS44->US84,56574,56573,0
7,CS44->US92,51181,51181,0
7,CS44->US100,0,0,0
7,CS44->US108,0,0,0
7,CS44->US116,55383,55383,0
7,CS44->US124,53362,53362,0
7,CS45->US5,51343,51343,0
7,CS45->US13,49504,49503,0
7,CS45->US21,50363,50363,0
7,CS45->US29,0,0,0
7,CS45->US37,0,0,0
7,CS45->US45,52028,52028,0
7,CS45->US53,51390,51390,0
7,CS45->US61,0,0,0
7,CS45->US69,0,0,0
7,CS45->US77,51002,51002,0
7,CS45->US85,56419,56418,0
7,CS45->US93,51844,51844,0
7,CS45->US101,0,0,0
7,CS45->US109,0,0,0
7,CS45->US117,55727,55727,0
7,CS45->US125,53533,53533,0
7,CS46->US6,51457,51457,0
7,CS46->US14,49752,49752,0
7,CS46->US22,50815,50815,0
7,CS46->US30,0,0,0
7,CS46->US38,0,0,0
7,CS46->US46,52207,52207,0
7,CS46->US54,51549,51549,0
7,CS46->US62,0,0,0
7,CS46->US70,0,0,0
7,CS46->US78,51426,51426,0
7,CS46->US86,56505,56505,0
7,CS46->US94,51102,51102,0
7,CS46->US102,0,0,0
7,CS46->US110,0,0,0
7,CS46->US118,56188,56188,0
7,CS46->US126,53453,53453,0
7,CS47->US7,51290,51290,0
7,CS47->US15,49580,49580,0
7,CS47->US23,50464,50464,0
7,CS47->US31,0,0,0
7,CS47->US39,0,0,0
7,CS47->US47,51969,51969,0
7,CS47->US55,51219,51219,0
7,CS47->US63,0,0,0
7,CS47->US71,0,0,0
7,CS47->US79,50801,50801,0
7,CS47->US87,56786,56786,0
7,CS47->US95,51017,51017,0
7,CS47->US103,0,0,0
7,CS47->US111,0,0,0
7,CS47->US119,55737,55737,0
7,CS47->US127,53377,53377,0
7,CS48->US0,51614,51614,0
7,CS48->US8,50075,50075,0
7,CS48->US16,50850,50850,0
7,CS48->US24,0,0,0
7,CS48->US32,0,0,0
7,CS48->US40,52184,52184,0
7,CS48->US48,51720,51720,0
7,CS48->US56,0,0,0
7,CS48->US64,0,0,0
7,CS48->US72,50945,50945,0
7,CS48->US80,56713,56713,0
7,CS48->US88,51207,51207,0
7,CS48->US96,0,0,0
7,CS48->US104,0,0,0
7,CS48->US112,55593,55593,0
7,CS48->US120,53658,53658,0
7,CS49->US1,51315,51315,0
7,CS49->US9,49719,49719,0
7,CS49->US17,50323,50323,0
7,CS49->US25,0,0,0
7,CS49->US33,0,0,0
7,CS49->US41,51987,51987,0
7,CS49->US49,51215,51215,0
7,CS49->US57,0,0,0
7,CS49->US65,0,0,0
7,CS49->US73,50762,50762,0
7,CS49->US81,56721,56721,0
7,CS49->US89,51082,51082,0
7,CS49->US97,0,0,0
7,CS49->US105,0,0,0
7,CS49->US113,55921,55921,0
7,CS49->US121,52895,52895,0
7,CS50->US2,51102,51102,0
7,CS50->US10,50404,50404,0
7,CS50->US18,50557,50557,0
7,CS50->US26,0,0,0
7,CS50->US34,0,0,0
7,CS50->US42,52025,52025,0
7,CS50->US50,51553,51553,0
7,CS50->US58,0,0,0
7,CS50->US66,0,0,0
7,CS50->US74,50990,50990,0
7,CS50->US82,56748,56747,0
7,CS50->US90,51300,51300,0
7,CS50->US98,0,0,0
7,CS50->US106,0,0,0
7,CS50->US114,56043,56043,0
7,CS50->US122,53366,53366,0
7,CS51->US3,51285,51285,0
7,CS51->US11,49713,49712,0
7,CS51->US19,50868,50868,0
7,CS51->US27,0,0,0
7,CS51->US35,0,0,0
7,CS51->US43,52024,52024,0
7,CS51->US51,51728,51728,0
7,CS51->US59,0,0,0
7,CS51->US67,0,0,0
7,CS51->US75,50993,50993,0
7,CS51->US83,56432,56431,0
7,CS51->US91,50910,50910,0
7,CS51->US99,0,0,0
7,CS51->US107,0,0,0
7,CS51->US115,55762,55762,0
7,CS51->US123,53654,53654,0
7,CS52->US4,51475,51475,0
7,CS52->US12,49794,49794,0
7,CS52->US20,50619,50619,0
7,CS52->US28,0,0,0
7,CS52->US36,0,0,0
7,CS52->US44,52498,52498,0
7,CS52->US52,51511,51511,0
7,CS52->US60,0,0,0
7,CS52->US68,0,0,0
7,CS52->US76,51268,51268,0
7,CS52->US84,56502,56502,0
7,CS52->US92,51428,51428,0
7,CS52->US100,0,0,0
7,CS52->US108,0,0,0
7,CS52->US116,55664,55664,0
7,CS52->US124,53548,53548,0
7,CS53->US5,51501,51501,0
7,CS53->US13,50073,50072,0
7,CS53->US21,50239,50239,0
7,CS53->US29,0,0,0
7,CS53->US37,0,0,0
7,CS53->US45,52256,52256,0
7,CS53->US53,51529,51529,0
7,CS53->US61,0,0,0
7,CS53->US69,0,0,0
7,CS53->US77,51317,51317,0
7,CS53->US85,56567,56567,0
7,CS53->US93,51007,51007,0
7,CS53->US101,0,0,0
7,CS53->US109,0,0,0
7,CS53->US117,55259,55259,0
7,CS53->US125,52840,52840,0
7,CS54->US6,51144,51144,0
7,CS54->US14,50301,50299,0
7,CS54->US22,50397,50397,0
7,CS54->US30,0,0,0
7,CS54->US38,0,0,0
7,CS54->US46,51912,51912,0
7,CS54->US54,51350,51350,0
7,CS54->US62,0,0,0
7,CS54->US70,0,0,0
7,CS54->US78,51131,51131,0
7,CS54->US86,56547,56547,0
7,CS54->US94,50837,50837,0
7,CS54->US102,0,0,0
7,CS54->US110,0,0,0
7,CS54->US118,55931,55931,0
7,CS54->US126,53325,53325,0
7,CS55->US7,51450,51450,0
7,CS55->US15,49796,49796,0
7,CS55->US23,50910,50910,0
7,CS55->US31,0,0,0
7,CS55->US39,0,0,0
7,CS55->US47,51778,51778,0
7,CS55->US55,51537,51537,0
7,CS55->US63,0,0,0
7,CS55->US71,0,0,0
7,CS55->US79,50439,50439,0
7,CS55->US87,56529,56528,0
7,CS55->US95,51174,51174,0
7,CS55->US103,0,0,0
7,CS55->US111,0,0,0
7,CS55->US119,56010,56010,0
7,CS55->US127,53488,53488,0
7,CS56->US0,51594,51594,0
7,CS56->US8,49755,49755,0
7,CS56->US16,50857,50857,0
7,CS56->US24,0,0,0
7,CS56->US32,0,0,0
7,CS56->US40,51656,51656,0
7,CS56->US48,51658,51658,0
7,CS56->US56,0,0,0
7,CS56->US64,0,0,0
7,CS56->US72,50778,50778,0
7,CS56->US80,56533,56532,0
7,CS56->US88,51301,51301,0
7,CS56->US96,0,0,0
7,CS56->US104,0,0,0
7,CS56->US112,55901,55901,0
7,CS56->US120,53371,53371,0
7,CS57->US1,51587,51587,0
7,CS57->US9,49771,49771,0
7,CS57->US17,50727,50727,0
7,CS57->US25,0,0,0
7,CS57->US33,0,0,0
7,CS57->US41,52186,52186,0
7,CS57->US49,51452,51452,0
7,CS57->US57,0,0,0
7,CS57->US65,0,0,0
7,CS57->US73,51353,51353,0
7,CS57->US81,56838,56838,0
7,CS57->US89,51320,51320,0
7,CS57->US97,0,0,0
7,CS57->US105,0,0,0
7,CS57->US113,56178,56178,0
7,CS57->US121,53160,53160,0
7,CS58->US2,51852,51852,0
7,CS58->US10,49636,49636,0
7,CS58->US18,50429,50429,0
7,CS58->US26,0,0,0
7,CS58->US34,0,0,0
7,CS58->US42,51785,51785,0
7,CS58->US50,51494,51494,0
7,CS58->US58,0,0,0
7,CS58->US66,0,0,0
7,CS58->US74,51289,51289,0
7,CS58->US82,56896,56896,0
7,CS58->US90,50900,50900,0
7,CS58->US98,0,0,0
7,CS58->US106,0,0,0
7,CS58->US114,55923,55923,0
7,CS58->US122,53450,53450,0
7,CS59->US3,51382,51382,0
7,CS59->US11,49564,49564,0
7,CS59->US19,50533,50533,0
7,CS59->US27,0,0,0
7,CS59->US35,0,0,0
7,CS59->US43,52377,52377,0
7,CS59->US51,51151,51151,0
7,CS59->US59,0,0,0
7,CS59->US67,0,0,0
7,CS59->US75,50849,50849,0
7,CS59->US83,56290,56290,0
7,CS59->US91,51118,51118,0
7,CS59->US99,0,0,0
7,CS59->US107,0,0,0
7,CS59->US115,55816,55816,0
7,CS59->US123,52919,52919,0
7,CS60->US4,51584,51584,0
7,CS60->US12,49784,49784,0
7,CS60->US20,51265,51265,0
7,CS60->US28,0,0,0
7,CS60->US36,0,0,0
7,CS60->US44,51433,51433,0
7,CS60->US52,51557,51557,0
7,CS60->US60,0,0,0
7,CS60->US68,0,0,0
7,CS60->US76,51286,51286,0
7,CS60->US84,57253,57253,0
7,CS60->US92,51110,51110,0
7,CS60->US100,0,0,0
7,CS60->US108,0,0,0
7,CS60->US116,55760,55760,0
7,CS60->US124,53463,53463,0
7,CS61->US5,51649,51649,0
7,CS61->US13,50078,50078,0
7,CS61->US21,50836,50836,0
7,CS61->US29,0,0,0
7,CS61->US37,0,0,0
7,CS61->US45,52101,52101,0
7,CS61->US53,51385,51385,0
7,CS61->US61,0,0,0
7,CS61->US69,0,0,0
7,CS61->US77,50995,50995,0
7,CS61->US85,56910,56910,0
7,CS61->US93,51516,51516,0
7,CS61->US101,0,0,0
7,CS61->US109,0,0,0
7,CS61->US117,55568,55568,0
7,CS61->US125,53502,53502,0
7,CS62->US6,51437,51437,0
7,CS62->US14,49692,49692,0
7,CS62->US22,50528,50528,0
7,CS62->US30,0,0,0
7,CS62->US38,0,0,0
7,CS62->US46,51681,51681,0
7,CS62->US54,51463,51463,0
7,CS62->US62,0,0,0
7,CS62->US70,0,0,0
7,CS62->US78,51125,51125,0
7,CS62->US86,56567,56566,0
7,CS62->US94,51258,51258,0
7,CS62->US102,0,0,0
7,CS62->US110,0,0,0
7,CS62->US118,55882,55882,0
7,CS62->US126,53503,53503,0
7,CS63->US7,51612,51612,0
7,CS63->US15,50133,50133,0
7,CS63->US23,50540,50540,0
7,CS63->US31,0,0,0
7,CS63->US39,0,0,0
7,CS63->US47,52058,52058,0
7,CS63->US55,51725,51725,0
7,CS63->US63,0,0,0
7,CS63->US71,0,0,0
7,CS63->US79,51121,51121,0
7,CS63->US87,56634,56634,0
7,CS63->US95,51067,51067,0
7,CS63->US103,0,0,0
7,CS63->US111,0,0,0
7,CS63->US119,56117,56117,0
7,CS63->US127,53396,53396,0
8,US0->CS0,51659,51659,0
8,US0->CS8,51628,51628,0
8,US0->CS16,51842,51842,0
8,US0->CS24,51944,51944,0
8,US0->CS32,52200,52200,0
8,US0->CS40,51403,51403,0
8,US0->CS48,51985,51985,0
8,US0->CS56,51966,51966,0
8,US1->CS1,51490,51490,0
8,US1->CS9,51717,51717,0
8,US1->CS17,51720,51720,0
8,US1->CS25,51952,51952,0
8,US1->CS33,52087,52087,0
8,US1->CS41,52016,52016,0
8,US1->CS49,51514,51514,0
8,US1->CS57,51733,51733,0
8,US2->CS2,51678,51678,0
8,US2->CS10,51640,51640,0
8,US2->CS18,51691,51691,0
8,US2->CS26,52024,52024,0
8,US2->CS34,51656,51656,0
8,US2->CS42,52026,52026,0
8,US2->CS50,51849,51849,0
8,US2->CS58,51789,51789,0
8,US3->CS3,52063,52063,0
8,US3->CS11,51481,51481,0
8,US3->CS19,52047,52047,0
8,US3->CS27,51821,51821,0
8,US3->CS35,51708,51708,0
8,US3->CS43,51893,51893,0
8,US3->CS51,52022,52022,0
8,US3->CS59,51468,51468,0
8,US4->CS4,51699,51699,0
8,US4->CS12,51643,51643,0
8,US4->CS20,51570,51570,0
8,US4->CS28,51918,51918,0
8,US4->CS36,51642,51642,0
8,US4->CS44,51769,51769,0
8,US4->CS52,51793,51793,0
8,US4->CS60,51837,51837,0
8,US5->CS5,51668,51668,0
8,US5->CS13,51561,51561,0
8,US5->CS21,51640,51640,0
8,US5->CS29,51675,51675,0
8,US5->CS37,51684,51684,0
8,US5->CS45,51640,51640,0
8,US5->CS53,51823,51823,0
8,US5->CS61,51630,51630,0
8,US6->CS6,51640,51640,0
8,US6->CS14,51789,51789,0
8,US6->CS22,52103,52103,0
8,US6->CS30,51917,51917,0
8,US6->CS38,51845,51845,0
8,US6->CS46,51805,51805,0
8,US6->CS54,51617,51617,0
8,US6->CS62,51759,51759,0
8,US7->CS7,51488,51488,0
8,US7->CS15,51768,51768,0
8,US7->CS23,51466,51466,0
8,US7->CS31,51843,51843,0
8,US7->CS39,51429,51429,0
8,US7->CS47,51498,51498,0
8,US7->CS55,51810,51810,0
8,US7->CS63,51961,51961,0
8,US8->CS0,57137,57137,0
8,US8->CS8,57054,57054,0
8,US8->CS16,57114,57114,0
8,US8->CS24,57077,57077,0
8,US8->CS32,57799,57799,0
8,US8->CS40,57001,57001,0
8,US8->CS48,57353,57353,0
8,US8->CS56,57140,57140,0
8,US9->CS1,57187,57187,0
8,US9->CS9,57444,57444,0
8,US9->CS17,57178,57178,0
8,US9->CS25,57038,57038,0
8,US9->CS33,57425,57425,0
8,US9->CS41,57792,57792,0
8,US9->CS49,57375,57375,0
8,US9->CS57,57399,57399,0
8,US10->CS2,57514,57514,0
8,US10->CS10,57489,57489,0
8,US10->CS18,57205,57205,0
8,US10->CS26,57222,57222,0
8,US10->CS34,57458,57458,0
8,US10->CS42,57381,57381,0
8,US10->CS50,57297,57297,0
8,US10->CS58,57477,57477,0
8,US11->CS3,57039,57039,0
8,US11->CS11,56889,56889,0
8,US11->CS19,56738,56738,0
8,US11->CS27,57090,57090,0
8,US11->CS35,57808,57808,0
8,US11->CS43,57181,57181,0
8,US11->CS51,57094,57094,0
8,US11->CS59,56878,56878,0
8,US12->CS4,57208,57208,0
8,US12->CS12,57347,57347,0
8,US12->CS20,57115,57115,0
8,US12->CS28,57380,57380,0
8,US12->CS36,56728,56728,0
8,US12->CS44,57221,57221,0
8,US12->CS52,57131,57131,0
8,US12->CS60,57859,57859,0
8,US13->CS5,57618,57618,0
8,US13->CS13,57172,57172,0
8,US13->CS21,56740,56740,0
8,US13->CS29,57220,57220,0
8,US13->CS37,57188,57188,0
8,US13->CS45,57087,57087,0
8,US13->CS53,57187,57187,0
8,US13->CS61,57526,57526,0
8,US14->CS6,57178,57178,0
8,US14->CS14,56995,56995,0
8,US14->CS22,57251,57251,0
8,US14->CS30,57382,57382,0
8,US14->CS38,57512,57512,0
8,US14->CS46,57126,57126,0
8,US14->CS54,57165,57165,0
8,US14->CS62,57161,57161,0
8,US15->CS7,57547,57547,0
8,US15->CS15,56830,56830,0
8,US15->CS23,57590,57590,0
8,US15->CS31,57629,57629,0
8,US15->CS39,57030,57030,0
8,US15->CS47,57392,57392,0
8,US15->CS55,57126,57126,0
8,US15->CS63,57190,57190,0
8,US16->CS0,53247,53247,0
8,US16->CS8,53695,53695,0
8,US16->CS16,53180,53180,0
8,US16->CS24,53432,53432,0
8,US16->CS32,53386,53386,0
8,US16->CS40,53366,53366,0
8,US16->CS48,53813,53813,0
8,US16->CS56,53512,53512,0
8,US17->CS1,53472,53472,0
8,US17->CS9,53460,53460,0
8,US17->CS17,53259,53259,0
8,US17->CS25,53065,53065,0
8,US17->CS33,53834,53834,0
8,US17->CS41,53343,53343,0
8,US17->CS49,53059,53059,0
8,US17->CS57,53345,53345,0
8,US18->CS2,53179,53179,0
8,US18->CS10,53364,53364,0
8,US18->CS18,53203,53203,0
8,US18->CS26,53635,53635,0
8,US18->CS34,53414,53414,0
8,US18->CS42,53548,53548,0
8,US18->CS50,53509,53509,0
8,US18->CS58,53598,53598,0
8,US19->CS3,53506,53506,0
8,US19->CS11,53698,53698,0
8,US19->CS19,53183,53183,0
8,US19->CS27,53583,53583,0
8,US19->CS35,53554,53554,0
8,US19->CS43,53507,53507,0
8,US19->CS51,53796,53796,0
8,US19->CS59,53108,53108,0
8,US20->CS4,53196,53196,0
8,US20->CS12,53398,53398,0
8,US20->CS20,53776,53776,0
8,US20->CS28,53435,53435,0
8,US20->CS36,53267,53267,0
8,US20->CS44,53541,53541,0
8,US20->CS52,53717,53717,0
8,US20->CS60,53590,53590,0
8,US21->CS5,52873,52873,0
8,US21->CS13,53334,53334,0
8,US21->CS21,53172,53172,0
8,US21->CS29,53313,53313,0
8,US21->CS37,53511,53511,0
8,US21->CS45,53658,53658,0
8,US21->CS53,52976,52976,0
8,US21->CS61,53636,53636,0
8,US22->CS6,53637,53637,0
8,US22->CS14,53272,53272,0
8,US22->CS22,54059,54059,0
8,US22->CS30,53479,53479,0
8,US22->CS38,53357,53357,0
8,US22->CS46,53632,53632,0
8,US22->CS54,53456,53456,0
8,US22->CS62,53639,53639,0
8,US23->CS7,53696,53696,0
8,US23->CS15,53685,53685,0
8,US23->CS23,53545,53545,0
8,US23->CS31,53182,53182,0
8,US23->CS39,53815,53815,0
8,US23->CS47,53543,53543,0
8,US23->CS55,53615,53615,0
8,US23->CS63,53622,53622,0
8,US24->CS0,32308,32308,0
8,US24->CS8,31847,31847,0
8,US24->CS16,31687,31687,0
8,US24->CS24,32315,32315,0
8,US24->CS32,32243,32243,0
8,US24->CS40,31958,31958,0
8,US24->CS48,31917,31917,0
8,US24->CS56,31929,31926,0
8,US25->CS1,32066,32066,0
8,US25->CS9,31813,31813,0
8,US25->CS17,32039,32039,0
8,US25->CS25,32043,32041,0
8,US25->CS33,31956,31955,0
8,US25->CS41,31708,31708,0
8,US25->CS49,32048,32046,0
8,US25->CS57,32021,32021,0
8,US26->CS2,32052,32051,0
8,US26->CS10,31918,31917,0
8,US26->CS18,31815,31815,0
8,US26->CS26,31970,31970,0
8,US26->CS34,32127,32127,0
8,US26->CS42,31997,31997,0
8,US26->CS50,32075,32074,0
8,US26->CS58,32021,32021,0
8,US27->CS3,31840,31839,0
8,US27->CS11,31528,31528,0
8,US27->CS19,32148,32148,0
8,US27->CS27,31727,31727,0
8,US27->CS35,31992,31992,0
8,US27->CS43,31964,31964,0
8,US27->CS51,31765,31765,0
8,US27->CS59,32220,32220,0
8,US28->CS4,31669,31669,0
8,US28->CS12,31877,31876,0
8,US28->CS20,32200,32200,0
8,US28->CS28,31601,31601,0
8,US28->CS36,32119,32119,0
8,US28->CS44,32107,32107,0
8,US28->CS52,32064,32063,0
8,US28->CS60,31778,31778,0
8,US29->CS5,31975,31973,0
8,US29->CS13,31837,31835,0
8,US29->CS21,32022,32021,0
8,US29->CS29,31527,31523,4
8,US29->CS37,31926,31926,0
8,US29->CS45,31728,31728,0
8,US29->CS53,32139,32138,0
8,US29->CS61,32163,32163,0
8,US30->CS6,31812,31812,0
8,US30->CS14,32062,32061,0
8,US30->CS22,31996,31995,0
8,US30->CS30,32218,32218,0
8,US30->CS38,31868,31867,0
8,US30->CS46,31910,31909,0
8,US30->CS54,31916,31915,0
8,US30->CS62,31928,31928,0
8,US31->CS7,32141,32140,0
8,US31->CS15,32042,32042,0
8,US31->CS23,31829,31829,0
8,US31->CS31,31820,31820,0
8,US31->CS39,31746,31745,0
8,US31->CS47,32167,32167,0
8,US31->CS55,32318,32318,0
8,US31->CS63,32398,32398,0
8,US32->CS0,0,0,0
8,US32->CS8,0,0,0
8,US32->CS16,0,0,0
8,US32->CS24,0,0,0
8,US32->CS32,0,0,0
8,US32->CS40,0,0,0
8,US32->CS48,0,0,0
8,US32->CS56,0,0,0
8,US33->CS1,0,0,0
8,US33->CS9,0,0,0
8,US33->CS17,0,0,0
8,US33->CS25,0,0,0
8,US33->CS33,0,0,0
8,US33->CS41,0,0,0
8,US33->CS49,0,0,0
8,US33->CS57,0,0,0
8,US34->CS2,0,0,0
8,US34->CS10,0,0,0
8,US34->CS18,0,0,0
8,US34->CS26,0,0,0
8,US34->CS34,0,0,0
8,US34->CS42,0,0,0
8,US34->CS50,0,0,0
8,US34->CS58,0,0,0
8,US35->CS3,0,0,0
8,US35->CS11,0,0,0
8,US35->CS19,0,0,0
8,US35->CS27,0,0,0
8,US35->CS35,0,0,0
8,US35->CS43,0,0,0
8,US35->CS51,0,0,0
8,US35->CS59,0,0,0
8,US36->CS4,0,0,0
8,US36->CS12,0,0,0
8,US36->CS20,0,0,0
8,US36->CS28,0,0,0
8,US36->CS36,0,0,0
8,US36->CS44,0,0,0
8,US36->CS52,0,0,0
8,US36->CS60,0,0,0
8,US37->CS5,0,0,0
8,US37->CS13,0,0,0
8,US37->CS21,0,0,0
8,US37->CS29,0,0,0
8,US37->CS37,0,0,0
8,US37->CS45,0,0,0
8,US37->CS53,0,0,0
8,US37->CS61,0,0,0
8,US38->CS6,0,0,0
8,US38->CS14,0,0,0
8,US38->CS22,0,0,0
8,US38->CS30,0,0,0
8,US38->CS38,0,0,0
8,US38->CS46,0,0,0
8,US38->CS54,0,0,0
8,US38->CS62,0,0,0
8,US39->CS7,0,0,0
8,US39->CS15,0,0,0
8,US39->CS23,0,0,0
8,US39->CS31,0,0,0
8,US39->CS39,0,0,0
8,US39->CS47,0,0,0
8,US39->CS55,0,0,0
8,US39->CS63,0,0,0
8,US40->CS0,55308,55308,0
8,US40->CS8,55748,55748,0
8,US40->CS16,55829,55829,0
8,US40->CS24,55432,55432,0
8,US40->CS32,55660,55660,0
8,US40->CS40,55944,55944,0
8,US40->CS48,55563,55563,0
8,US40->CS56,55793,55793,0
8,US41->CS1,55896,55896,0
8,US41->CS9,55973,55973,0
8,US41->CS17,55682,55682,0
8,US41->CS25,55747,55747,0
8,US41->CS33,56080,56080,0
8,US41->CS41,55476,55476,0
8,US41->CS49,55805,55805,0
8,US41->CS57,56116,56116,0
8,US42->CS2,55400,55400,0
8,US42->CS10,55363,55363,0
8,US42->CS18,55041,55041,0
8,US42->CS26,55945,55945,0
8,US42->CS34,55594,55594,0
8,US42->CS42,55538,55538,0
8,US42->CS50,55960,55960,0
8,US42->CS58,55848,55848,0
8,US43->CS3,55489,55489,0
8,US43->CS11,55474,55474,0
8,US43->CS19,55751,55751,0
8,US43->CS27,55427,55427,0
8,US43->CS35,56136,56136,0
8,US43->CS43,55117,55117,0
8,US43->CS51,55718,55718,0
8,US43->CS59,55705,55705,0
8,US44->CS4,55661,55661,0
8,US44->CS12,55142,55142,0
8,US44->CS20,55626,55626,0
8,US44->CS28,55587,55587,0
8,US44->CS36,55272,55272,0
8,US44->CS44,55304,55304,0
8,US44->CS52,55625,55625,0
8,US44->CS60,55709,55709,0
8,US45->CS5,55315,55315,0
8,US45->CS13,55155,55155,0
8,US45->CS21,55594,55594,0
8,US45->CS29,55690,55690,0
8,US45->CS37,55231,55231,0
8,US45->CS45,55702,55702,0
8,US45->CS53,55172,55172,0
8,US45->CS61,55549,55549,0
8,US46->CS6,55981,55981,0
8,US46->CS14,55642,55642,0
8,US46->CS22,55538,55538,0
8,US46->CS30,55507,55507,0
8,US46->CS38,55927,55927,0
8,US46->CS46,56137,56137,0
8,US46->CS54,55863,55863,0
8,US46->CS62,55819,55819,0
8,US47->CS7,56022,56022,0
8,US47->CS15,55319,55319,0
8,US47->CS23,55548,55548,0
8,US47->CS31,55535,55535,0
8,US47->CS39,55634,55634,0
8,US47->CS47,55710,55710,0
8,US47->CS55,55923,55923,0
8,US47->CS63,56123,56123,0
8,US48->CS0,52204,52204,0
8,US48->CS8,52031,52031,0
8,US48->CS16,52509,52509,0
8,US48->CS24,51892,51892,0
8,US48->CS32,51491,51491,0
8,US48->CS40,51891,51891,0
8,US48->CS48,51853,51853,0
8,US48->CS56,51884,51884,0
8,US49->CS1,51864,51864,0
8,US49->CS9,51981,51981,0
8,US49->CS17,51977,51977,0
8,US49->CS25,52007,52007,0
8,US49->CS33,52037,52037,0
8,US49->CS41,51525,51525,0
8,US49->CS49,51608,51608,0
8,US49->CS57,51875,51875,0
8,US50->CS2,51843,51843,0
8,US50->CS10,51678,51678,0
8,US50->CS18,51870,51870,0
8,US50->CS26,51627,51627,0
8,US50->CS34,51431,51431,0
8,US50->CS42,51630,51630,0
8,US50->CS50,51352,51352,0
8,US50->CS58,52131,52131,0
8,US51->CS3,51355,51355,0
8,US51->CS11,51409,51409,0
8,US51->CS19,51751,51751,0
8,US51->CS27,51481,51481,0
8,US51->CS35,51928,51928,0
8,US51->CS43,51546,51546,0
8,US51->CS51,51552,51552,0
8,US51->CS59,51635,51635,0
8,US52->CS4,51930,51930,0
8,US52->CS12,51499,51499,0
8,US52->CS20,51792,51792,0
8,US52->CS28,51523,51523,0
8,US52->CS36,51891,51891,0
8,US52->CS44,51749,51749,0
8,US52->CS52,51772,51772,0
8,US52->CS60,51875,51875,0
8,US53->CS5,51497,51497,0
8,US53->CS13,51989,51989,0
8,US53->CS21,52103,52103,0
8,US53->CS29,51663,51663,0
8,US53->CS37,51703,51703,0
8,US53->CS45,51634,51634,0
8,US53->CS53,51791,51791,0
8,US53->CS61,51926,51926,0
8,US54->CS6,51922,51922,0
8,US54->CS14,51528,51528,0
8,US54->CS22,51479,51479,0
8,US54->CS30,51881,51881,0
8,US54->CS38,51628,51628,0
8,US54->CS46,51773,51773,0
8,US54->CS54,51393,51393,0
8,US54->CS62,51652,51652,0
8,US55->CS7,51651,51651,0
8,US55->CS15,51749,51749,0
8,US55->CS23,51741,51741,0
8,US55->CS31,51631,51631,0
8,US55->CS39,52096,52096,0
8,US55->CS47,51610,51610,0
8,US55->CS55,51728,51728,0
8,US55->CS63,51882,51882,0
8,US56->CS0,31357,31355,0
8,US56->CS8,31405,31404,0
8,US56->CS16,31374,31373,0
8,US56->CS24,31582,31582,0
8,US56->CS32,31678,31677,0
8,US56->CS40,31291,31290,0
8,US56->CS48,31430,31429,0
8,US56->CS56,31697,31697,0
8,US57->CS1,31441,31440,0
8,US57->CS9,31664,31663,0
8,US57->CS17,31086,31084,0
8,US57->CS25,31873,31873,0
8,US57->CS33,31410,31410,0
8,US57->CS41,31411,31411,0
8,US57->CS49,31554,31554,0
8,US57->CS57,31154,31154,0
8,US58->CS2,31206,31206,0
8,US58->CS10,31459,31459,0
8,US58->CS18,31391,31391,0
8,US58->CS26,31315,31315,0
8,US58->CS34,31537,31537,0
8,US58->CS42,31116,31116,0
8,US58->CS50,31446,31446,0
8,US58->CS58,31231,31231,0
8,US59->CS3,31651,31651,0
8,US59->CS11,31488,31487,0
8,US59->CS19,31719,31718,0
8,US59->CS27,31425,31424,0
8,US59->CS35,31181,31181,0
8,US59->CS43,31342,31341,0
8,US59->CS51,31330,31330,0
8,US59->CS59,31216,31216,0
8,US60->CS4,31028,31028,0
8,US60->CS12,31441,31440,0
8,US60->CS20,31430,31429,0
8,US60->CS28,31258,31258,0
8,US60->CS36,31691,31691,0
8,US60->CS44,31615,31615,0
8,US60->CS52,31331,31331,0
8,US60->CS60,31354,31354,0
8,US61->CS5,31498,31498,0
8,US61->CS13,31803,31803,0
8,US61->CS21,31360,31359,0
8,US61->CS29,31623,31622,0
8,US61->CS37,31521,31521,0
8,US61->CS45,31294,31294,0
8,US61->CS53,31335,31335,0
8,US61->CS61,31333,31332,0
8,US62->CS6,30995,30995,0
8,US62->CS14,31478,31478,0
8,US62->CS22,31661,31660,0
8,US62->CS30,31356,31356,0
8,US62->CS38,31417,31417,0
8,US62->CS46,31798,31798,0
8,US62->CS54,31495,31494,0
8,US62->CS62,31122,31122,0
8,US63->CS7,31688,31688,0
8,US63->CS15,31277,31277,0
8,US63->CS23,31410,31410,0
8,US63->CS31,31681,31681,0
8,US63->CS39,31657,31657,0
8,US63->CS47,31788,31788,0
8,US63->CS55,31395,31394,0
8,US63->CS63,31810,31809,0
8,US64->CS0,0,0,0
8,US64->CS8,0,0,0
8,US64->CS16,0,0,0
8,US64->CS24,0,0,0
8,US64->CS32,0,0,0
8,US64->CS40,0,0,0
8,US64->CS48,0,0,0
8,US64->CS56,0,0,0
8,US65->CS1,0,0,0
8,US65->CS9,0,0,0
8,US65->CS17,0,0,0
8,US65->CS25,0,0,0
8,US65->CS33,0,0,0
8,US65->CS41,0,0,0
8,US65->CS49,0,0,0
8,US65->CS57,0,0,0
8,US66->CS2,0,0,0
8,US66->CS10,0,0,0
8,US66->CS18,0,0,0
8,US66->CS26,0,0,0
8,US66->CS34,0,0,0
8,US66->CS42,0,0,0
8,US66->CS50,0,0,0
8,US66->CS58,0,0,0
8,US67->CS3,0,0,0
8,US67->CS11,0,0,0
8,US67->CS19,0,0,0
8,US67->CS27,0,0,0
8,US67->CS35,0,0,0
8,US67->CS43,0,0,0
8,US67->CS51,0,0,0
8,US67->CS59,0,0,0
8,US68->CS4,0,0,0
8,US68->CS12,0,0,0
8,US68->CS20,0,0,0
8,US68->CS28,0,0,0
8,US68->CS36,0,0,0
8,US68->CS44,0,0,0
8,US68->CS52,0,0,0
8,US68->CS60,0,0,0
8,US69->CS5,0,0,0
8,US69->CS13,0,0,0
8,US69->CS21,0,0,0
8,US69->CS29,0,0,0
8,US69->CS37,0,0,0
8,US69->CS45,0,0,0
8,US69->CS53,0,0,0
8,US69->CS61,0,0,0
8,US70->CS6,0,0,0
8,US70->CS14,0,0,0
8,US70->CS22,0,0,0
8,US70->CS30,0,0,0
8,US70->CS38,0,0,0
8,US70->CS46,0,0,0
8,US70->CS54,0,0,0
8,US70->CS62,0,0,0
8,US71->CS7,0,0,0
8,US71->CS15,0,0,0
8,US71->CS23,0,0,0
8,US71->CS31,0,0,0
8,US71->CS39,0,0,0
8,US71->CS47,0,0,0
8,US71->CS55,0,0,0
8,US71->CS63,0,0,0
8,US72->CS0,51265,51265,0
8,US72->CS8,50868,50868,0
8,US72->CS16,51314,51314,0
8,US72->CS24,51314,51314,0
8,US72->CS32,50869,50869,0
8,US72->CS40,51412,51412,0
8,US72->CS48,51221,51221,0
8,US72->CS56,51256,51256,0
8,US73->CS1,50580,50580,0
8,US73->CS9,51539,51539,0
8,US73->CS17,51087,51087,0
8,US73->CS25,50983,50983,0
8,US73->CS33,51080,51080,0
8,US73->CS41,51146,51146,0
8,US73->CS49,51076,51076,0
8,US73->CS57,51267,51267,0
8,US74->CS2,51242,51242,0
8,US74->CS10,50759,50759,0
8,US74->CS18,51197,51197,0
8,US74->CS26,51009,51009,0
8,US74->CS34,51160,51160,0
8,US74->CS42,51032,51032,0
8,US74->CS50,51304,51304,0
8,US74->CS58,50943,50943,0
8,US75->CS3,51016,51016,0
8,US75->CS11,50662,50662,0
8,US75->CS19,51233,51233,0
8,US75->CS27,51334,51334,0
8,US75->CS35,50961,50961,0
8,US75->CS43,51347,51347,0
8,US75->CS51,50887,50887,0
8,US75->CS59,51055,51055,0
8,US76->CS4,51144,51144,0
8,US76->CS12,51543,51543,0
8,US76->CS20,50817,50817,0
8,US76->CS28,51002,51002,0
8,US76->CS36,51061,51061,0
8,US76->CS44,51148,51148,0
8,US76->CS52,51473,51473,0
8,US76->CS60,51072,51072,0
8,US77->CS5,51254,51254,0
8,US77->CS13,51423,51423,0
8,US77->CS21,51291,51291,0
8,US77->CS29,51174,51174,0
8,US77->CS37,50783,50783,0
8,US77->CS45,51884,51884,0
8,US77->CS53,51002,51002,0
8,US77->CS61,51441,51441,0
8,US78->CS6,50959,50959,0
8,US78->CS14,51178,51178,0
8,US78->CS22,51512,51512,0
8,US78->CS30,51218,51218,0
8,US78->CS38,51313,51313,0
8,US78->CS46,51049,51049,0
8,US78->CS54,50828,50828,0
8,US78->CS62,51208,51208,0
8,US79->CS7,51134,51134,0
8,US79->CS15,51256,51256,0
8,US79->CS23,51079,51079,0
8,US79->CS31,51116,51116,0
8,US79->CS39,51154,51154,0
8,US79->CS47,51019,51019,0
8,US79->CS55,51189,51189,0
8,US79->CS63,51045,51045,0
8,US80->CS0,50199,50199,0
8,US80->CS8,50205,50205,0
8,US80->CS16,50339,50339,0
8,US80->CS24,50159,50159,0
8,US80->CS32,50354,50354,0
8,US80->CS40,50193,50193,0
8,US80->CS48,50419,50419,0
8,US80->CS56,50152,50152,0
8,US81->CS1,50134,50134,0
8,US81->CS9,50326,50326,0
8,US81->CS17,50090,50090,0
8,US81->CS25,50234,50234,0
8,US81->CS33,49992,49992,0
8,US81->CS41,50270,50270,0
8,US81->CS49,50065,50065,0
8,US81->CS57,50158,50158,0
8,US82->CS2,50376,50376,0
8,US82->CS10,50311,50311,0
8,US82->CS18,50621,50621,0
8,US82->CS26,50247,50247,0
8,US82->CS34,50460,50460,0
8,US82->CS42,50202,50202,0
8,US82->CS50,50743,50743,0
8,US82->CS58,49981,49981,0
8,US83->CS3,50004,50004,0
8,US83->CS11,50174,50174,0
8,US83->CS19,50171,50171,0
8,US83->CS27,50666,50666,0
8,US83->CS35,50087,50087,0
8,US83->CS43,49885,49885,0
8,US83->CS51,50087,50087,0
8,US83->CS59,49926,49926,0
8,US84->CS4,50294,50294,0
8,US84->CS12,50245,50245,0
8,US84->CS20,50199,50199,0
8,US84->CS28,49819,49819,0
8,US84->CS36,50291,50291,0
8,US84->CS44,50618,50618,0
8,US84->CS52,50150,50150,0
8,US84->CS60,50235,50235,0
8,US85->CS5,50177,50177,0
8,US85->CS13,50373,50373,0
8,US85->CS21,50365,50365,0
8,US85->CS29,50087,50087,0
8,US85->CS37,50253,50253,0
8,US85->CS45,49900,49900,0
8,US85->CS53,50463,50463,0
8,US85->CS61,50430,50430,0
8,US86->CS6,50238,50238,0
8,US86->CS14,50065,50065,0
8,US86->CS22,50394,50394,0
8,US86->CS30,50370,50370,0
8,US86->CS38,50305,50305,0
8,US86->CS46,50114,50114,0
8,US86->CS54,50703,50703,0
8,US86->CS62,50033,50033,0
8,US87->CS7,50327,50327,0
8,US87->CS15,50973,50973,0
8,US87->CS23,50413,50413,0
8,US87->CS31,49967,49967,0
8,US87->CS39,50627,50627,0
8,US87->CS47,49883,49883,0
8,US87->CS55,50179,50179,0
8,US87->CS63,50470,50470,0
8,US88->CS0,51151,51151,0
8,US88->CS8,50902,50902,0
8,US88->CS16,50973,50973,0
8,US88->CS24,50886,50886,0
8,US88->CS32,50985,50985,0
8,US88->CS40,50810,50810,0
8,US88->CS48,51076,51076,0
8,US88->CS56,50823,50823,0
8,US89->CS1,51369,51369,0
8,US89->CS9,51064,51064,0
8,US89->CS17,51290,51290,0
8,US89->CS25,51214,51214,0
8,US89->CS33,50597,50597,0
8,US89->CS41,51016,51016,0
8,US89->CS49,50909,50909,0
8,US89->CS57,51495,51495,0
8,US90->CS2,51308,51308,0
8,US90->CS10,50574,50574,0
8,US90->CS18,50802,50802,0
8,US90->CS26,51411,51411,0
8,US90->CS34,51094,51094,0
8,US90->CS42,50873,50873,0
8,US90->CS50,51126,51126,0
8,US90->CS58,51388,51388,0
8,US91->CS3,50972,50972,0
8,US91->CS11,51088,51088,0
8,US91->CS19,50703,50703,0
8,US91->CS27,50887,50887,0
8,US91->CS35,51110,51110,0
8,US91->CS43,51146,51146,0
8,US91->CS51,51089,51089,0
8,US91->CS59,50965,50965,0
8,US92->CS4,50844,50844,0
8,US92->CS12,51326,51326,0
8,US92->CS20,51181,51181,0
8,US92->CS28,51363,51363,0
8,US92->CS36,50902,50902,0
8,US92->CS44,51164,51164,0
8,US92->CS52,51342,51342,0
8,US92->CS60,51406,51406,0
8,US93->CS5,51351,51351,0
8,US93->CS13,50874,50874,0
8,US93->CS21,50941,50941,0
8,US93->CS29,50899,50899,0
8,US93->CS37,51412,51412,0
8,US93->CS45,51081,51081,0
8,US93->CS53,51417,51417,0
8,US93->CS61,51108,51108,0
8,US94->CS6,50970,50970,0
8,US94->CS14,51072,51072,0
8,US94->CS22,51109,51109,0
8,US94->CS30,50969,50969,0
8,US94->CS38,51069,51069,0
8,US94->CS46,51529,51529,0
8,US94->CS54,51279,51279,0
8,US94->CS62,51224,51224,0
8,US95->CS7,50906,50906,0
8,US95->CS15,51412,51412,0
8,US95->CS23,50860,50860,0
8,US95->CS31,50965,50965,0
8,US95->CS39,51242,51242,0
8,US95->CS47,50901,50901,0
8,US95->CS55,50511,50511,0
8,US95->CS63,51216,51216,0
8,US96->CS0,0,0,0
8,US96->CS8,0,0,0
8,US96->CS16,0,0,0
8,US96->CS24,0,0,0
8,US96->CS32,0,0,0
8,US96->CS40,0,0,0
8,US96->CS48,0,0,0
8,US96->CS56,0,0,0
8,US97->CS1,0,0,0
8,US97->CS9,0,0,0
8,US97->CS17,0,0,0
8,US97->CS25,0,0,0
8,US97->CS33,0,0,0
8,US97->CS41,0,0,0
8,US97->CS49,0,0,0
8,US97->CS57,0,0,0
8,US98->CS2,0,0,0
8,US98->CS10,0,0,0
8,US98->CS18,0,0,0
8,US98->CS26,0,0,0
8,US98->CS34,0,0,0
8,US98->CS42,0,0,0
8,US98->CS50,0,0,0
8,US98->CS58,0,0,0
8,US99->CS3,0,0,0
8,US99->CS11,0,0,0
8,US99->CS19,0,0,0
8,US99->CS27,0,0,0
8,US99->CS35,0,0,0
8,US99->CS43,0,0,0
8,US99->CS51,0,0,0
8,US99->CS59,0,0,0
8,US100->CS4,0,0,0
8,US100->CS12,0,0,0
8,US100->CS20,0,0,0
8,US100->CS28,0,0,0
8,US100->CS36,0,0,0
8,US100->CS44,0,0,0
8,US100->CS52,0,0,0
8,US100->CS60,0,0,0
8,US101->CS5,0,0,0
8,US101->CS13,0,0,0
8,US101->CS21,0,0,0
8,US101->CS29,0,0,0
8,US101->CS37,0,0,0
8,US101->CS45,0,0,0
8,US101->CS53,0,0,0
8,US101->CS61,0,0,0
8,US102->CS6,0,0,0
8,US102->CS14,0,0,0
8,US102->CS22,0,0,0
8,US102->CS30,0,0,0
8,US102->CS38,0,0,0
8,US102->CS46,0,0,0
8,US102->CS54,0,0,0
8,US102->CS62,0,0,0
8,US103->CS7,0,0,0
8,US103->CS15,0,0,0
8,US103->CS23,0,0,0
8,US103->CS31,0,0,0
8,US103->CS39,0,0,0
8,US103->CS47,0,0,0
8,US103->CS55,0,0,0
8,US103->CS63,0,0,0
8,US104->CS0,0,0,0
8,US104->CS8,0,0,0
8,US104->CS16,0,0,0
8,US104->CS24,0,0,0
8,US104->CS32,0,0,0
8,US104->CS40,0,0,0
8,US104->CS48,0,0,0
8,US104->CS56,0,0,0
8,US105->CS1,0,0,0
8,US105->CS9,0,0,0
8,US105->CS17,0,0,0
8,US105->CS25,0,0,0
8,US105->CS33,0,0,0
8,US105->CS41,0,0,0
8,US105->CS49,0,0,0
8,US105->CS57,0,0,0
8,US106->CS2,0,0,0
8,US106->CS10,0,0,0
8,US106->CS18,0,0,0
8,US106->CS26,0,0,0
8,US106->CS34,0,0,0
8,US106->CS42,0,0,0
8,US106->CS50,0,0,0
8,US106->CS58,0,0,0
8,US107->CS3,0,0,0
8,US107->CS11,0,0,0
8,US107->CS19,0,0,0
8,US107->CS27,0,0,0
8,US107->CS35,0,0,0
8,US107->CS43,0,0,0
8,US107->CS51,0,0,0
8,US107->CS59,0,0,0
8,US108->CS4,0,0,0
8,US108->CS12,0,0,0
8,US108->CS20,0,0,0
8,US108->CS28,0,0,0
8,US108->CS36,0,0,0
8,US108->CS44,0,0,0
8,US108->CS52,0,0,0
8,US108->CS60,0,0,0
8,US109->CS5,0,0,0
8,US109->CS13,0,0,0
8,US109->CS21,0,0,0
8,US109->CS29,0,0,0
8,US109->CS37,0,0,0
8,US109->CS45,0,0,0
8,US109->CS53,0,0,0
8,US109->CS61,0,0,0
8,US110->CS6,0,0,0
8,US110->CS14,0,0,0
8,US110->CS22,0,0,0
8,US110->CS30,0,0,0
8,US110->CS38,0,0,0
8,US110->CS46,0,0,0
8,US110->CS54,0,0,0
8,US110->CS62,0,0,0
8,US111->CS7,0,0,0
8,US111->CS15,0,0,0
8,US111->CS23,0,0,0
8,US111->CS31,0,0,0
8,US111->CS39,0,0,0
8,US111->CS47,0,0,0
8,US111->CS55,0,0,0
8,US111->CS63,0,0,0
8,US112->CS0,52013,52013,0
8,US112->CS8,51941,51941,0
8,US112->CS16,52258,52258,0
8,US112->CS24,52211,52211,0
8,US112->CS32,51829,51829,0
8,US112->CS40,51701,51701,0
8,US112->CS48,52181,52181,0
8,US112->CS56,51638,51638,0
8,US113->CS1,51913,51913,0
8,US113->CS9,51732,51732,0
8,US113->CS17,51617,51617,0
8,US113->CS25,51754,51754,0
8,US113->CS33,52109,52109,0
8,US113->CS41,51927,51927,0
8,US113->CS49,51972,51972,0
8,US113->CS57,52156,52156,0
8,US114->CS2,51911,51911,0
8,US114->CS10,52136,52136,0
8,US114->CS18,51937,51937,0
8,US114->CS26,51817,51817,0
8,US114->CS34,52018,52018,0
8,US114->CS42,51749,51749,0
8,US114->CS50,52026,52026,0
8,US114->CS58,51764,51764,0
8,US115->CS3,51875,51875,0
8,US115->CS11,51814,51814,0
8,US115->CS19,51824,51824,0
8,US115->CS27,51920,51920,0
8,US115->CS35,51824,51824,0
8,US115->CS43,51903,51903,0
8,US115->CS51,52015,52015,0
8,US115->CS59,52417,52417,0
8,US116->CS4,51847,51847,0
8,US116->CS12,51979,51979,0
8,US116->CS20,51903,51903,0
8,US116->CS28,52099,52099,0
8,US116->CS36,51895,51895,0
8,US116->CS44,51868,51868,0
8,US116->CS52,52446,52446,0
8,US116->CS60,51416,51416,0
8,US117->CS5,51825,51825,0
8,US117->CS13,51913,51913,0
8,US117->CS21,51848,51848,0
8,US117->CS29,51994,51994,0
8,US117->CS37,51990,51990,0
8,US117->CS45,51963,51963,0
8,US117->CS53,52220,52220,0
8,US117->CS61,52126,52126,0
8,US118->CS6,51468,51468,0
8,US118->CS14,51736,51736,0
8,US118->CS22,51813,51813,0
8,US118->CS30,51967,51967,0
8,US118->CS38,51808,51808,0
8,US118->CS46,52163,52163,0
8,US118->CS54,51915,51915,0
8,US118->CS62,51791,51791,0
8,US119->CS7,51880,51880,0
8,US119->CS15,52296,52296,0
8,US119->CS23,52151,52151,0
8,US119->CS31,52053,52053,0
8,US119->CS39,51789,51789,0
8,US119->CS47,51902,51902,0
8,US119->CS55,51750,51750,0
8,US119->CS63,52030,52030,0
8,US120->CS0,50492,50492,0
8,US120->CS8,50707,50707,0
8,US120->CS16,50775,50775,0
8,US120->CS24,50880,50880,0
8,US120->CS32,50458,50458,0
8,US120->CS40,50453,50453,0
8,US120->CS48,50758,50758,0
8,US120->CS56,50919,50919,0
8,US121->CS1,50857,50857,0
8,US121->CS9,50551,50551,0
8,US121->CS17,50461,50461,0
8,US121->CS25,50945,50945,0
8,US121->CS33,50485,50485,0
8,US121->CS41,50346,50346,0
8,US121->CS49,50303,50303,0
8,US121->CS57,50686,50686,0
8,US122->CS2,50612,50612,0
8,US122->CS10,50456,50456,0
8,US122->CS18,50480,50480,0
8,US122->CS26,50908,50908,0
8,US122->CS34,50454,50454,0
8,US122->CS42,50537,50537,0
8,US122->CS50,50547,50547,0
8,US122->CS58,50427,50427,0
8,US123->CS3,50547,50547,0
8,US123->CS11,50617,50617,0
8,US123->CS19,50542,50542,0
8,US123->CS27,50488,50488,0
8,US123->CS35,50713,50713,0
8,US123->CS43,50525,50525,0
8,US123->CS51,50777,50777,0
8,US123->CS59,50532,50532,0
8,US124->CS4,50610,50610,0
8,US124->CS12,50626,50626,0
8,US124->CS20,50703,50703,0
8,US124->CS28,50551,50551,0
8,US124->CS36,50591,50591,0
8,US124->CS44,50759,50759,0
8,US124->CS52,50605,50605,0
8,US124->CS60,51179,51179,0
8,US125->CS5,50471,50471,0
8,US125->CS13,51149,51149,0
8,US125->CS21,50810,50810,0
8,US125->CS29,50689,50689,0
8,US125->CS37,50706,50706,0
8,US125->CS45,50361,50361,0
8,US125->CS53,50234,50234,0
8,US125->CS61,50805,50805,0
8,US126->CS6,50672,50672,0
8,US126->CS14,50304,50304,0
8,US126->CS22,50785,50785,0
8,US126->CS30,50967,50967,0
8,US126->CS38,50817,50817,0
8,US126->CS46,50876,50876,0
8,US126->CS54,50350,50350,0
8,US126->CS62,50492,50492,0
8,US127->CS7,50695,50695,0
8,US127->CS15,50582,50582,0
8,US127->CS23,50984,50984,0
8,US127->CS31,50273,50273,0
8,US127->CS39,50594,50594,0
8,US127->CS47,50396,50396,0
8,US127->CS55,50967,50967,0
8,US127->CS63,50580,50580,0
8,CS0->US0,51948,51948,0
8,CS0->US8,50340,50340,0
8,CS0->US16,50666,50666,0
8,CS0->US24,31361,31361,0
8,CS0->US32,0,0,0
8,CS0->US40,51983,51983,0
8,CS0->US48,51411,51411,0
8,CS0->US56,32362,32361,0
8,CS0->US64,0,0,0
8,CS0->US72,51097,51097,0
8,CS0->US80,57218,57218,0
8,CS0->US88,51328,51328,0
8,CS0->US96,0,0,0
8,CS0->US104,0,0,0
8,CS0->US112,55349,55349,0
8,CS0->US120,53275,53275,0
8,CS1->US1,51548,51548,0
8,CS1->US9,50180,50180,0
8,CS1->US17,51084,51084,0
8,CS1->US25,31425,31425,0
8,CS1->US33,0,0,0
8,CS1->US41,51986,51986,0
8,CS1->US49,51209,51209,0
8,CS1->US57,32164,32164,0
8,CS1->US65,0,0,0
8,CS1->US73,51246,51246,0
8,CS1->US81,57299,57299,0
8,CS1->US89,50609,50609,0
8,CS1->US97,0,0,0
8,CS1->US105,0,0,0
8,CS1->US113,55976,55976,0
8,CS1->US121,53542,53542,0
8,CS2->US2,51552,51552,0
8,CS2->US10,50524,50524,0
8,CS2->US18,50839,50839,0
8,CS2->US26,31225,31224,0
8,CS2->US34,0,0,0
8,CS2->US42,51897,51897,0
8,CS2->US50,51371,51371,0
8,CS2->US58,32119,32118,0
8,CS2->US66,0,0,0
8,CS2->US74,51226,51226,0
8,CS2->US82,57573,57573,0
8,CS2->US90,51326,51326,0
8,CS2->US98,0,0,0
8,CS2->US106,0,0,0
8,CS2->US114,55484,55484,0
8,CS2->US122,53184,53184,0
8,CS3->US3,51085,51085,0
8,CS3->US11,50105,50105,0
8,CS3->US19,50717,50717,0
8,CS3->US27,31681,31680,0
8,CS3->US35,0,0,0
8,CS3->US43,51839,51839,0
8,CS3->US51,51748,51748,0
8,CS3->US59,31934,31933,0
8,CS3->US67,0,0,0
8,CS3->US75,50895,50895,0
8,CS3->US83,57113,57113,0
8,CS3->US91,51096,51096,0
8,CS3->US99,0,0,0
8,CS3->US107,0,0,0
8,CS3->US115,55607,55607,0
8,CS3->US123,53536,53536,0
8,CS4->US4,51685,51685,0
8,CS4->US12,50397,50397,0
8,CS4->US20,50830,50830,0
8,CS4->US28,31030,31030,0
8,CS4->US36,0,0,0
8,CS4->US44,51827,51827,0
8,CS4->US52,51388,51388,0
8,CS4->US60,31753,31753,0
8,CS4->US68,0,0,0
8,CS4->US76,50749,50749,0
8,CS4->US84,57303,57303,0
8,CS4->US92,51203,51203,0
8,CS4->US100,0,0,0
8,CS4->US108,0,0,0
8,CS4->US116,55750,55750,0
8,CS4->US124,53215,53215,0
8,CS5->US5,51218,51218,0
8,CS5->US13,50298,50298,0
8,CS5->US21,50699,50699,0
8,CS5->US29,31530,31530,0
8,CS5->US37,0,0,0
8,CS5->US45,51837,51837,0
8,CS5->US53,51354,51354,0
8,CS5->US61,32045,32045,0
8,CS5->US69,0,0,0
8,CS5->US77,51172,51172,0
8,CS5->US85,57687,57687,0
8,CS5->US93,51335,51335,0
8,CS5->US101,0,0,0
8,CS5->US109,0,0,0
8,CS5->US117,55479,55479,0
8,CS5->US125,52866,52866,0
8,CS6->US6,51642,51642,0
8,CS6->US14,50319,50319,0
8,CS6->US22,50875,50875,0
8,CS6->US30,31025,31025,0
8,CS6->US38,0,0,0
8,CS6->US46,51547,51547,0
8,CS6->US54,51365,51365,0
8,CS6->US62,31922,31921,0
8,CS6->US70,0,0,0
8,CS6->US78,50841,50841,0
8,CS6->US86,57245,57245,0
8,CS6->US94,50920,50920,0
8,CS6->US102,0,0,0
8,CS6->US110,0,0,0
8,CS6->US118,56085,56085,0
8,CS6->US126,53686,53686,0
8,CS7->US7,51322,51322,0
8,CS7->US15,50397,50397,0
8,CS7->US23,50881,50881,0
8,CS7->US31,31704,31704,0
8,CS7->US39,0,0,0
8,CS7->US47,51983,51983,0
8,CS7->US55,51267,51267,0
8,CS7->US63,32237,32237,0
8,CS7->US71,0,0,0
8,CS7->US79,50797,50797,0
8,CS7->US87,57641,57641,0
8,CS7->US95,51155,51155,0
8,CS7->US103,0,0,0
8,CS7->US111,0,0,0
8,CS7->US119,56056,56056,0
8,CS7->US127,53734,53734,0
8,CS8->US0,51733,51733,0
8,CS8->US8,50296,50296,0
8,CS8->US16,50853,50853,0
8,CS8->US24,31457,31457,0
8,CS8->US32,0,0,0
8,CS8->US40,52020,52020,0
8,CS8->US48,51304,51304,0
8,CS8->US56,31935,31935,0
8,CS8->US64,0,0,0
8,CS8->US72,50912,50912,0
8,CS8->US80,57098,57098,0
8,CS8->US88,50886,50886,0
8,CS8->US96,0,0,0
8,CS8->US104,0,0,0
8,CS8->US112,55819,55819,0
8,CS8->US120,53717,53717,0
8,CS9->US1,51709,51709,0
8,CS9->US9,50352,50352,0
8,CS9->US17,50744,50744,0
8,CS9->US25,31690,31690,0
8,CS9->US33,0,0,0
8,CS9->US41,51765,51765,0
8,CS9->US49,51385,51385,0
8,CS9->US57,31951,31951,0
8,CS9->US65,0,0,0
8,CS9->US73,51070,51070,0
8,CS9->US81,57494,57494,0
8,CS9->US89,51537,51537,0
8,CS9->US97,0,0,0
8,CS9->US105,0,0,0
8,CS9->US113,56029,56029,0
8,CS9->US121,53537,53537,0
8,CS10->US2,51427,51427,0
8,CS10->US10,50432,50432,0
8,CS10->US18,50631,50631,0
8,CS10->US26,31512,31512,0
8,CS10->US34,0,0,0
8,CS10->US42,52135,52135,0
8,CS10->US50,51344,51344,0
8,CS10->US58,31993,31993,0
8,CS10->US66,0,0,0
8,CS10->US74,50508,50508,0
8,CS10->US82,57545,57545,0
8,CS10->US90,50861,50861,0
8,CS10->US98,0,0,0
8,CS10->US106,0,0,0
8,CS10->US114,55441,55441,0
8,CS10->US122,53317,53317,0
8,CS11->US3,51127,51127,0
8,CS11->US11,50259,50259,0
8,CS11->US19,50797,50797,0
8,CS11->US27,31502,31502,0
8,CS11->US35,0,0,0
8,CS11->US43,51818,51818,0
8,CS11->US51,51187,51187,0
8,CS11->US59,31644,31644,0
8,CS11->US67,0,0,0
8,CS11->US75,51061,51061,0
8,CS11->US83,56956,56956,0
8,CS11->US91,50763,50763,0
8,CS11->US99,0,0,0
8,CS11->US107,0,0,0
8,CS11->US115,55533,55533,0
8,CS11->US123,53674,53674,0
8,CS12->US4,51265,51265,0
8,CS12->US12,50331,50331,0
8,CS12->US20,50785,50785,0
8,CS12->US28,31432,31432,0
8,CS12->US36,0,0,0
8,CS12->US44,51923,51923,0
8,CS12->US52,51372,51372,0
8,CS12->US60,31972,31972,0
8,CS12->US68,0,0,0
8,CS12->US76,51238,51238,0
8,CS12->US84,57432,57432,0
8,CS12->US92,51661,51661,0
8,CS12->US100,0,0,0
8,CS12->US108,0,0,0
8,CS12->US116,55265,55265,0
8,CS12->US124,53388,53388,0
8,CS13->US5,51719,51719,0
8,CS13->US13,50514,50514,0
8,CS13->US21,51283,51283,0
8,CS13->US29,31803,31802,0
8,CS13->US37,0,0,0
8,CS13->US45,51956,51956,0
8,CS13->US53,51280,51280,0
8,CS13->US61,31910,31910,0
8,CS13->US69,0,0,0
8,CS13->US77,50774,50774,0
8,CS13->US85,57287,57287,0
8,CS13->US93,51486,51486,0
8,CS13->US101,0,0,0
8,CS13->US109,0,0,0
8,CS13->US117,55287,55287,0
8,CS13->US125,53282,53282,0
8,CS14->US6,51238,51238,0
8,CS14->US14,50116,50116,0
8,CS14->US22,50521,50521,0
8,CS14->US30,31528,31527,0
8,CS14->US38,0,0,0
8,CS14->US46,51780,51780,0
8,CS14->US54,51523,51523,0
8,CS14->US62,32171,32171,0
8,CS14->US70,0,0,0
8,CS14->US78,51050,51050,0
8,CS14->US86,56972,56972,0
8,CS14->US94,51203,51203,0
8,CS14->US102,0,0,0
8,CS14->US110,0,0,0
8,CS14->US118,55686,55686,0
8,CS14->US126,53332,53332,0
8,CS15->US7,51492,51492,0
8,CS15->US15,51060,51060,0
8,CS15->US23,50736,50736,0
8,CS15->US31,31314,31314,0
8,CS15->US39,0,0,0
8,CS15->US47,52280,52280,0
8,CS15->US55,51481,51481,0
8,CS15->US63,32157,32156,0
8,CS15->US71,0,0,0
8,CS15->US79,51367,51367,0
8,CS15->US87,56904,56904,0
8,CS15->US95,51337,51337,0
8,CS15->US103,0,0,0
8,CS15->US111,0,0,0
8,CS15->US119,55386,55386,0
8,CS15->US127,53675,53675,0
8,CS16->US0,52225,52225,0
8,CS16->US8,50414,50414,0
8,CS16->US16,50966,50966,0
8,CS16->US24,31401,31400,0
8,CS16->US32,0,0,0
8,CS16->US40,52297,52297,0
8,CS16->US48,51601,51601,0
8,CS16->US56,31791,31789,0
8,CS16->US64,0,0,0
8,CS16->US72,50896,50896,0
8,CS16->US80,57194,57194,0
8,CS16->US88,51355,51355,0
8,CS16->US96,0,0,0
8,CS16->US104,0,0,0
8,CS16->US112,55848,55848,0
8,CS16->US120,53205,53205,0
8,CS17->US1,51729,51729,0
8,CS17->US9,50172,50172,0
8,CS17->US17,50630,50630,0
8,CS17->US25,31099,31099,0
8,CS17->US33,0,0,0
8,CS17->US41,51627,51627,0
8,CS17->US49,51417,51417,0
8,CS17->US57,32135,32134,0
8,CS17->US65,0,0,0
8,CS17->US73,51205,51205,0
8,CS17->US81,57273,57273,0
8,CS17->US89,51082,51082,0
8,CS17->US97,0,0,0
8,CS17->US105,0,0,0
8,CS17->US113,55791,55791,0
8,CS17->US121,53324,53324,0
8,CS18->US2,51575,51575,0
8,CS18->US10,50737,50737,0
8,CS18->US18,50644,50644,0
8,CS18->US26,31453,31452,0
8,CS18->US34,0,0,0
8,CS18->US42,51967,51967,0
8,CS18->US50,51414,51414,0
8,CS18->US58,31877,31877,0
8,CS18->US66,0,0,0
8,CS18->US74,50772,50772,0
8,CS18->US82,57248,57248,0
8,CS18->US90,51201,51201,0
8,CS18->US98,0,0,0
8,CS18->US106,0,0,0
8,CS18->US114,55079,55079,0
8,CS18->US122,53286,53286,0
8,CS19->US3,51505,51505,0
8,CS19->US11,50256,50256,0
8,CS19->US19,50705,50705,0
8,CS19->US27,31738,31737,0
8,CS19->US35,0,0,0
8,CS19->US43,51843,51843,0
8,CS19->US51,51751,51751,0
8,CS19->US59,32208,32207,0
8,CS19->US67,0,0,0
8,CS19->US75,50661,50661,0
8,CS19->US83,56789,56789,0
8,CS19->US91,51246,51246,0
8,CS19->US99,0,0,0
8,CS19->US107,0,0,0
8,CS19->US115,55855,55855,0
8,CS19->US123,53252,53252,0
8,CS20->US4,51568,51568,0
8,CS20->US12,50280,50280,0
8,CS20->US20,50895,50895,0
8,CS20->US28,31443,31443,0
8,CS20->US36,0,0,0
8,CS20->US44,51893,51893,0
8,CS20->US52,51310,51310,0
8,CS20->US60,32265,32265,0
8,CS20->US68,0,0,0
8,CS20->US76,51051,51051,0
8,CS20->US84,57184,57184,0
8,CS20->US92,50822,50822,0
8,CS20->US100,0,0,0
8,CS20->US108,0,0,0
8,CS20->US116,55741,55741,0
8,CS20->US124,53859,53859,0
8,CS21->US5,51832,51832,0
8,CS21->US13,50425,50425,0
8,CS21->US21,50929,50929,0
8,CS21->US29,31388,31386,0
8,CS21->US37,0,0,0
8,CS21->US45,51835,51835,0
8,CS21->US53,51376,51376,0
8,CS21->US61,32129,32128,0
8,CS21->US69,0,0,0
8,CS21->US77,50888,50888,0
8,CS21->US85,56833,56833,0
8,CS21->US93,51356,51356,0
8,CS21->US101,0,0,0
8,CS21->US109,0,0,0
8,CS21->US117,55670,55670,0
8,CS21->US125,53223,53223,0
8,CS22->US6,51175,51175,0
8,CS22->US14,50493,50493,0
8,CS22->US22,50905,50905,0
8,CS22->US30,31715,31714,0
8,CS22->US38,0,0,0
8,CS22->US46,51897,51897,0
8,CS22->US54,51834,51834,0
8,CS22->US62,32073,32073,0
8,CS22->US70,0,0,0
8,CS22->US78,51115,51115,0
8,CS22->US86,57294,57294,0
8,CS22->US94,51464,51464,0
8,CS22->US102,0,0,0
8,CS22->US110,0,0,0
8,CS22->US118,55583,55583,0
8,CS22->US126,54150,54150,0
8,CS23->US7,51470,51470,0
8,CS23->US15,50489,50489,0
8,CS23->US23,51132,51132,0
8,CS23->US31,31455,31455,0
8,CS23->US39,0,0,0
8,CS23->US47,52210,52210,0
8,CS23->US55,51202,51202,0
8,CS23->US63,31931,31931,0
8,CS23->US71,0,0,0
8,CS23->US79,50806,50806,0
8,CS23->US87,57659,57659,0
8,CS23->US95,51019,51019,0
8,CS23->US103,0,0,0
8,CS23->US111,0,0,0
8,CS23->US119,55604,55604,0
8,CS23->US127,53639,53639,0
8,CS24->US0,51597,51597,0
8,CS24->US8,50184,50184,0
8,CS24->US16,50969,50969,0
8,CS24->US24,31605,31605,0
8,CS24->US32,0,0,0
8,CS24->US40,52283,52283,0
8,CS24->US48,51642,51642,0
8,CS24->US56,32441,32440,0
8,CS24->US64,0,0,0
8,CS24->US72,50922,50922,0
8,CS24->US80,57172,57172,0
8,CS24->US88,51373,51373,0
8,CS24->US96,0,0,0
8,CS24->US104,0,0,0
8,CS24->US112,55491,55491,0
8,CS24->US120,53445,53445,0
8,CS25->US1,51728,51728,0
8,CS25->US9,50334,50334,0
8,CS25->US17,51134,51134,0
8,CS25->US25,31871,31871,0
8,CS25->US33,0,0,0
8,CS25->US41,51799,51799,0
8,CS25->US49,51681,51681,0
8,CS25->US57,32129,32129,0
8,CS25->US65,0,0,0
8,CS25->US73,51119,51119,0
8,CS25->US81,57138,57138,0
8,CS25->US89,51007,51007,0
8,CS25->US97,0,0,0
8,CS25->US105,0,0,0
8,CS25->US113,55826,55826,0
8,CS25->US121,53087,53087,0
8,CS26->US2,51339,51339,0
8,CS26->US10,50354,50354,0
8,CS26->US18,51090,51090,0
8,CS26->US26,31340,31340,0
8,CS26->US34,0,0,0
8,CS26->US42,51870,51870,0
8,CS26->US50,51743,51743,0
8,CS26->US58,32076,32074,0
8,CS26->US66,0,0,0
8,CS26->US74,51329,51329,0
8,CS26->US82,57298,57298,0
8,CS26->US90,51076,51076,0
8,CS26->US98,0,0,0
8,CS26->US106,0,0,0
8,CS26->US114,56025,56025,0
8,CS26->US122,53590,53590,0
8,CS27->US3,51228,51228,0
8,CS27->US11,50773,50773,0
8,CS27->US19,50660,50660,0
8,CS27->US27,31413,31413,0
8,CS27->US35,0,0,0
8,CS27->US43,51961,51961,0
8,CS27->US51,51564,51564,0
8,CS27->US59,31843,31842,0
8,CS27->US67,0,0,0
8,CS27->US75,50858,50858,0
8,CS27->US83,57203,57203,0
8,CS27->US91,51380,51380,0
8,CS27->US99,0,0,0
8,CS27->US107,0,0,0
8,CS27->US115,55439,55439,0
8,CS27->US123,53526,53526,0
8,CS28->US4,51245,51245,0
8,CS28->US12,49862,49862,0
8,CS28->US20,50781,50781,0
8,CS28->US28,31317,31317,0
8,CS28->US36,0,0,0
8,CS28->US44,52077,52077,0
8,CS28->US52,51679,51679,0
8,CS28->US60,31696,31696,0
8,CS28->US68,0,0,0
8,CS28->US76,51218,51218,0
8,CS28->US84,57425,57425,0
8,CS28->US92,51021,51021,0
8,CS28->US100,0,0,0
8,CS28->US108,0,0,0
8,CS28->US116,55637,55637,0
8,CS28->US124,53578,53578,0
8,CS29->US5,51335,51335,0
8,CS29->US13,50196,50196,0
8,CS29->US21,50776,50776,0
8,CS29->US29,31616,31616,0
8,CS29->US37,0,0,0
8,CS29->US45,52189,52189,0
8,CS29->US53,51406,51406,0
8,CS29->US61,31587,31587,0
8,CS29->US69,0,0,0
8,CS29->US77,50943,50943,0
8,CS29->US85,57338,57338,0
8,CS29->US93,51109,51109,0
8,CS29->US101,0,0,0
8,CS29->US109,0,0,0
8,CS29->US117,55716,55716,0
8,CS29->US125,53337,53337,0
8,CS30->US6,51612,51612,0
8,CS30->US14,50457,50457,0
8,CS30->US22,51158,51158,0
8,CS30->US30,31335,31335,0
8,CS30->US38,0,0,0
8,CS30->US46,51967,51967,0
8,CS30->US54,51651,51651,0
8,CS30->US62,32326,32326,0
8,CS30->US70,0,0,0
8,CS30->US78,50859,50859,0
8,CS30->US86,57512,57512,0
8,CS30->US94,51290,51290,0
8,CS30->US102,0,0,0
8,CS30->US110,0,0,0
8,CS30->US118,55583,55583,0
8,CS30->US126,53481,53481,0
8,CS31->US7,51333,51333,0
8,CS31->US15,50124,50124,0
8,CS31->US23,50540,50540,0
8,CS31->US31,31748,31747,0
8,CS31->US39,0,0,0
8,CS31->US47,52091,52091,0
8,CS31->US55,51584,51584,0
8,CS31->US63,31884,31882,0
8,CS31->US71,0,0,0
8,CS31->US79,50863,50863,0
8,CS31->US87,57630,57630,0
8,CS31->US95,51186,51186,0
8,CS31->US103,0,0,0
8,CS31->US111,0,0,0
8,CS31->US119,55561,55561,0
8,CS31->US127,53151,53151,0
8,CS32->US0,51200,51200,0
8,CS32->US8,50458,50458,0
8,CS32->US16,50652,50652,0
8,CS32->US24,31718,31718,0
8,CS32->US32,0,0,0
8,CS32->US40,51824,51824,0
8,CS32->US48,51897,51897,0
8,CS32->US56,32301,32300,0
8,CS32->US64,0,0,0
8,CS32->US72,50883,50883,0
8,CS32->US80,57849,57849,0
8,CS32->US88,50992,50992,0
8,CS32->US96,0,0,0
8,CS32->US104,0,0,0
8,CS32->US112,55780,55780,0
8,CS32->US120,53397,53397,0
8,CS33->US1,51768,51768,0
8,CS33->US9,50097,50097,0
8,CS33->US17,50671,50671,0
8,CS33->US25,31440,31440,0
8,CS33->US33,0,0,0
8,CS33->US41,52149,52149,0
8,CS33->US49,51842,51842,0
8,CS33->US57,32049,32049,0
8,CS33->US65,0,0,0
8,CS33->US73,50534,50534,0
8,CS33->US81,57469,57469,0
8,CS33->US89,51107,51107,0
8,CS33->US97,0,0,0
8,CS33->US105,0,0,0
8,CS33->US113,56128,56128,0
8,CS33->US121,53836,53836,0
8,CS34->US2,51195,51195,0
8,CS34->US10,50555,50555,0
8,CS34->US18,50690,50690,0
8,CS34->US26,31567,31565,0
8,CS34->US34,0,0,0
8,CS34->US42,52001,52001,0
8,CS34->US50,51381,51381,0
8,CS34->US58,32189,32188,0
8,CS34->US66,0,0,0
8,CS34->US74,51021,51021,0
8,CS34->US82,57476,57476,0
8,CS34->US90,51169,51169,0
8,CS34->US98,0,0,0
8,CS34->US106,0,0,0
8,CS34->US114,55658,55658,0
8,CS34->US122,53501,53501,0
8,CS35->US3,51713,51713,0
8,CS35->US11,50172,50172,0
8,CS35->US19,50941,50941,0
8,CS35->US27,31189,31189,0
8,CS35->US35,0,0,0
8,CS35->US43,51774,51774,0
8,CS35->US51,51493,51493,0
8,CS35->US59,32072,32072,0
8,CS35->US67,0,0,0
8,CS35->US75,51051,51051,0
8,CS35->US83,57866,57866,0
8,CS35->US91,50984,50984,0
8,CS35->US99,0,0,0
8,CS35->US107,0,0,0
8,CS35->US115,56116,56116,0
8,CS35->US123,53631,53631,0
8,CS36->US4,51567,51567,0
8,CS36->US12,50374,50374,0
8,CS36->US20,50739,50739,0
8,CS36->US28,31700,31700,0
8,CS36->US36,0,0,0
8,CS36->US44,51936,51936,0
8,CS36->US52,51333,51333,0
8,CS36->US60,32231,32229,0
8,CS36->US68,0,0,0
8,CS36->US76,50866,50866,0
8,CS36->US84,56836,56836,0
8,CS36->US92,51119,51119,0
8,CS36->US100,0,0,0
8,CS36->US108,0,0,0
8,CS36->US116,55352,55352,0
8,CS36->US124,53297,53297,0
8,CS37->US5,51443,51443,0
8,CS37->US13,50351,50351,0
8,CS37->US21,50896,50896,0
8,CS37->US29,31510,31510,0
8,CS37->US37,0,0,0
8,CS37->US45,51955,51955,0
8,CS37->US53,51368,51368,0
8,CS37->US61,32052,32052,0
8,CS37->US69,0,0,0
8,CS37->US77,51305,51305,0
8,CS37->US85,57314,57314,0
8,CS37->US93,50840,50840,0
8,CS37->US101,0,0,0
8,CS37->US109,0,0,0
8,CS37->US117,55349,55349,0
8,CS37->US125,53525,53525,0
8,CS38->US6,51303,51303,0
8,CS38->US14,50406,50406,0
8,CS38->US22,50979,50979,0
8,CS38->US30,31443,31442,0
8,CS38->US38,0,0,0
8,CS38->US46,51856,51856,0
8,CS38->US54,51595,51595,0
8,CS38->US62,31958,31957,0
8,CS38->US70,0,0,0
8,CS38->US78,51010,51010,0
8,CS38->US86,57589,57589,0
8,CS38->US94,51406,51406,0
8,CS38->US102,0,0,0
8,CS38->US110,0,0,0
8,CS38->US118,55971,55971,0
8,CS38->US126,53349,53349,0
8,CS39->US7,51796,51796,0
8,CS39->US15,50726,50726,0
8,CS39->US23,50757,50757,0
8,CS39->US31,31659,31658,0
8,CS39->US39,0,0,0
8,CS39->US47,51870,51870,0
8,CS39->US55,51129,51129,0
8,CS39->US63,31841,31841,0
8,CS39->US71,0,0,0
8,CS39->US79,51195,51195,0
8,CS39->US87,57128,57128,0
8,CS39->US95,51202,51202,0
8,CS39->US103,0,0,0
8,CS39->US111,0,0,0
8,CS39->US119,55717,55717,0
8,CS39->US127,53791,53791,0
8,CS40->US0,51580,51580,0
8,CS40->US8,50225,50225,0
8,CS40->US16,50596,50596,0
8,CS40->US24,31309,31307,0
8,CS40->US32,0,0,0
8,CS40->US40,51782,51782,0
8,CS40->US48,51147,51147,0
8,CS40->US56,32116,32115,0
8,CS40->US64,0,0,0
8,CS40->US72,50750,50750,0
8,CS40->US80,57119,57119,0
8,CS40->US88,51416,51416,0
8,CS40->US96,0,0,0
8,CS40->US104,0,0,0
8,CS40->US112,55980,55980,0
8,CS40->US120,53402,53402,0
8,CS41->US1,51237,51237,0
8,CS41->US9,50372,50372,0
8,CS41->US17,50533,50533,0
8,CS41->US25,31455,31455,0
8,CS41->US33,0,0,0
8,CS41->US41,51943,51943,0
8,CS41->US49,51729,51729,0
8,CS41->US57,31800,31800,0
8,CS41->US65,0,0,0
8,CS41->US73,50894,50894,0
8,CS41->US81,57848,57848,0
8,CS41->US89,51181,51181,0
8,CS41->US97,0,0,0
8,CS41->US105,0,0,0
8,CS41->US113,55598,55598,0
8,CS41->US121,53386,53386,0
8,CS42->US2,51378,51378,0
8,CS42->US10,50265,50265,0
8,CS42->US18,50732,50732,0
8,CS42->US26,31183,31179,0
8,CS42->US34,0,0,0
8,CS42->US42,51721,51721,0
8,CS42->US50,51711,51711,0
8,CS42->US58,32095,32095,0
8,CS42->US66,0,0,0
8,CS42->US74,50799,50799,0
8,CS42->US82,57401,57401,0
8,CS42->US90,51060,51060,0
8,CS42->US98,0,0,0
8,CS42->US106,0,0,0
8,CS42->US114,55645,55645,0
8,CS42->US122,53639,53639,0
8,CS43->US3,51287,51287,0
8,CS43->US11,50012,50012,0
8,CS43->US19,50701,50701,0
8,CS43->US27,31370,31370,0
8,CS43->US35,0,0,0
8,CS43->US43,51905,51905,0
8,CS43->US51,51638,51638,0
8,CS43->US59,32059,32058,0
8,CS43->US67,0,0,0
8,CS43->US75,51049,51049,0
8,CS43->US83,57271,57271,0
8,CS43->US91,51415,51415,0
8,CS43->US99,0,0,0
8,CS43->US107,0,0,0
8,CS43->US115,55174,55174,0
8,CS43->US123,53474,53474,0
8,CS44->US4,51432,51432,0
8,CS44->US12,50693,50693,0
8,CS44->US20,50971,50971,0
8,CS44->US28,31635,31635,0
8,CS44->US36,0,0,0
8,CS44->US44,51929,51929,0
8,CS44->US52,51505,51505,0
8,CS44->US60,32204,32204,0
8,CS44->US68,0,0,0
8,CS44->US76,51065,51065,0
8,CS44->US84,57273,57273,0
8,CS44->US92,51231,51231,0
8,CS44->US100,0,0,0
8,CS44->US108,0,0,0
8,CS44->US116,55383,55383,0
8,CS44->US124,53542,53542,0
8,CS45->US5,51343,51343,0
8,CS45->US13,49995,49995,0
8,CS45->US21,50522,50522,0
8,CS45->US29,31328,31328,0
8,CS45->US37,0,0,0
8,CS45->US45,52028,52028,0
8,CS45->US53,51390,51390,0
8,CS45->US61,31814,31814,0
8,CS45->US69,0,0,0
8,CS45->US77,51047,51047,0
8,CS45->US85,57151,57151,0
8,CS45->US93,51879,51879,0
8,CS45->US101,0,0,0
8,CS45->US109,0,0,0
8,CS45->US117,55727,55727,0
8,CS45->US125,53708,53708,0
8,CS46->US6,51457,51457,0
8,CS46->US14,50209,50209,0
8,CS46->US22,50996,50996,0
8,CS46->US30,31837,31837,0
8,CS46->US38,0,0,0
8,CS46->US46,52207,52207,0
8,CS46->US54,51549,51549,0
8,CS46->US62,32008,32008,0
8,CS46->US70,0,0,0
8,CS46->US78,51475,51475,0
8,CS46->US86,57226,57226,0
8,CS46->US94,51141,51141,0
8,CS46->US102,0,0,0
8,CS46->US110,0,0,0
8,CS46->US118,56188,56188,0
8,CS46->US126,53618,53618,0
8,CS47->US7,51290,51290,0
8,CS47->US15,50039,50039,0
8,CS47->US23,50642,50642,0
8,CS47->US31,31781,31781,0
8,CS47->US39,0,0,0
8,CS47->US47,51969,51969,0
8,CS47->US55,51219,51219,0
8,CS47->US63,32236,32236,0
8,CS47->US71,0,0,0
8,CS47->US79,50839,50839,0
8,CS47->US87,57467,57467,0
8,CS47->US95,51057,51057,0
8,CS47->US103,0,0,0
8,CS47->US111,0,0,0
8,CS47->US119,55737,55737,0
8,CS47->US127,53533,53533,0
8,CS48->US0,51614,51614,0
8,CS48->US8,50544,50544,0
8,CS48->US16,51043,51043,0
8,CS48->US24,31471,31470,0
8,CS48->US32,0,0,0
8,CS48->US40,52184,52184,0
8,CS48->US48,51720,51720,0
8,CS48->US56,31999,31999,0
8,CS48->US64,0,0,0
8,CS48->US72,50995,50995,0
8,CS48->US80,57341,57341,0
8,CS48->US88,51246,51246,0
8,CS48->US96,0,0,0
8,CS48->US104,0,0,0
8,CS48->US112,55593,55593,0
8,CS48->US120,53817,53817,0
8,CS49->US1,51315,51315,0
8,CS49->US9,50176,50176,0
8,CS49->US17,50501,50501,0
8,CS49->US25,31597,31597,0
8,CS49->US33,0,0,0
8,CS49->US41,51987,51987,0
8,CS49->US49,51215,51215,0
8,CS49->US57,32143,32143,0
8,CS49->US65,0,0,0
8,CS49->US73,50809,50809,0
8,CS49->US81,57417,57417,0
8,CS49->US89,51121,51121,0
8,CS49->US97,0,0,0
8,CS49->US105,0,0,0
8,CS49->US113,55921,55921,0
8,CS49->US121,53084,53084,0
8,CS50->US2,51102,51102,0
8,CS50->US10,50880,50880,0
8,CS50->US18,50736,50736,0
8,CS50->US26,31483,31482,0
8,CS50->US34,0,0,0
8,CS50->US42,52025,52025,0
8,CS50->US50,51553,51553,0
8,CS50->US58,32132,32132,0
8,CS50->US66,0,0,0
8,CS50->US74,51032,51032,0
8,CS50->US82,57377,57377,0
8,CS50->US90,51332,51332,0
8,CS50->US98,0,0,0
8,CS50->US106,0,0,0
8,CS50->US114,56043,56043,0
8,CS50->US122,53536,53536,0
8,CS51->US3,51285,51285,0
8,CS51->US11,50170,50170,0
8,CS51->US19,51029,51029,0
8,CS51->US27,31362,31361,0
8,CS51->US35,0,0,0
8,CS51->US43,52024,52024,0
8,CS51->US51,51728,51728,0
8,CS51->US59,31871,31870,0
8,CS51->US67,0,0,0
8,CS51->US75,51028,51028,0
8,CS51->US83,57121,57121,0
8,CS51->US91,50952,50952,0
8,CS51->US99,0,0,0
8,CS51->US107,0,0,0
8,CS51->US115,55762,55762,0
8,CS51->US123,53800,53800,0
8,CS52->US4,51475,51475,0
8,CS52->US12,50272,50272,0
8,CS52->US20,50806,50806,0
8,CS52->US28,31346,31346,0
8,CS52->US36,0,0,0
8,CS52->US44,52498,52498,0
8,CS52->US52,51511,51511,0
8,CS52->US60,32175,32175,0
8,CS52->US68,0,0,0
8,CS52->US76,51309,51309,0
8,CS52->US84,57191,57191,0
8,CS52->US92,51476,51476,0
8,CS52->US100,0,0,0
8,CS52->US108,0,0,0
8,CS52->US116,55664,55664,0
8,CS52->US124,53725,53725,0
8,CS53->US5,51501,51501,0
8,CS53->US13,50532,50532,0
8,CS53->US21,50435,50435,0
8,CS53->US29,31339,31339,0
8,CS53->US37,0,0,0
8,CS53->US45,52256,52256,0
8,CS53->US53,51529,51529,0
8,CS53->US61,32250,32250,0
8,CS53->US69,0,0,0
8,CS53->US77,51349,51349,0
8,CS53->US85,57257,57257,0
8,CS53->US93,51047,51047,0
8,CS53->US101,0,0,0
8,CS53->US109,0,0,0
8,CS53->US117,55259,55259,0
8,CS53->US125,53004,53004,0
8,CS54->US6,51144,51144,0
8,CS54->US14,50804,50804,0
8,CS54->US22,50574,50574,0
8,CS54->US30,31539,31539,0
8,CS54->US38,0,0,0
8,CS54->US46,51912,51912,0
8,CS54->US54,51350,51350,0
8,CS54->US62,31972,31972,0
8,CS54->US70,0,0,0
8,CS54->US78,51172,51172,0
8,CS54->US86,57202,57202,0
8,CS54->US94,50872,50872,0
8,CS54->US102,0,0,0
8,CS54->US110,0,0,0
8,CS54->US118,55931,55931,0
8,CS54->US126,53506,53506,0
8,CS55->US7,51450,51450,0
8,CS55->US15,50262,50262,0
8,CS55->US23,51080,51080,0
8,CS55->US31,31449,31449,0
8,CS55->US39,0,0,0
8,CS55->US47,51778,51778,0
8,CS55->US55,51537,51537,0
8,CS55->US63,32425,32424,0
8,CS55->US71,0,0,0
8,CS55->US79,50490,50490,0
8,CS55->US87,57165,57165,0
8,CS55->US95,51213,51213,0
8,CS55->US103,0,0,0
8,CS55->US111,0,0,0
8,CS55->US119,56010,56010,0
8,CS55->US127,53651,53651,0
8,CS56->US0,51594,51594,0
8,CS56->US8,50228,50228,0
8,CS56->US16,51024,51024,0
8,CS56->US24,31737,31736,0
8,CS56->US32,0,0,0
8,CS56->US40,51656,51656,0
8,CS56->US48,51658,51658,0
8,CS56->US56,32023,32023,0
8,CS56->US64,0,0,0
8,CS56->US72,50823,50823,0
8,CS56->US80,57195,57195,0
8,CS56->US88,51335,51335,0
8,CS56->US96,0,0,0
8,CS56->US104,0,0,0
8,CS56->US112,55901,55901,0
8,CS56->US120,53532,53532,0
8,CS57->US1,51587,51587,0
8,CS57->US9,50218,50218,0
8,CS57->US17,50908,50908,0
8,CS57->US25,31150,31149,0
8,CS57->US33,0,0,0
8,CS57->US41,52186,52186,0
8,CS57->US49,51452,51452,0
8,CS57->US57,32144,32143,0
8,CS57->US65,0,0,0
8,CS57->US73,51400,51400,0
8,CS57->US81,57494,57494,0
8,CS57->US89,51363,51363,0
8,CS57->US97,0,0,0
8,CS57->US105,0,0,0
8,CS57->US113,56178,56178,0
8,CS57->US121,53324,53324,0
8,CS58->US2,51852,51852,0
8,CS58->US10,50105,50105,0
8,CS58->US18,50588,50588,0
8,CS58->US26,31284,31284,0
8,CS58->US34,0,0,0
8,CS58->US42,51785,51785,0
8,CS58->US50,51494,51494,0
8,CS58->US58,32111,32109,0
8,CS58->US66,0,0,0
8,CS58->US74,51333,51333,0
8,CS58->US82,57538,57538,0
8,CS58->US90,50931,50931,0
8,CS58->US98,0,0,0
8,CS58->US106,0,0,0
8,CS58->US114,55923,55923,0
8,CS58->US122,53654,53654,0
8,CS59->US3,51382,51382,0
8,CS59->US11,50021,50021,0
8,CS59->US19,50696,50696,0
8,CS59->US27,31260,31259,0
8,CS59->US35,0,0,0
8,CS59->US43,52377,52377,0
8,CS59->US51,51151,51151,0
8,CS59->US59,32317,32317,0
8,CS59->US67,0,0,0
8,CS59->US75,50893,50893,0
8,CS59->US83,56948,56948,0
8,CS59->US91,51163,51163,0
8,CS59->US99,0,0,0
8,CS59->US107,0,0,0
8,CS59->US115,55816,55816,0
8,CS59->US123,53101,53101,0
8,CS60->US4,51584,51584,0
8,CS60->US12,50254,50254,0
8,CS60->US20,51429,51429,0
8,CS60->US28,31401,31401,0
8,CS60->US36,0,0,0
8,CS60->US44,51433,51433,0
8,CS60->US52,51557,51557,0
8,CS60->US60,31903,31903,0
8,CS60->US68,0,0,0
8,CS60->US76,51326,51326,0
8,CS60->US84,57871,57871,0
8,CS60->US92,51144,51144,0
8,CS60->US100,0,0,0
8,CS60->US108,0,0,0
8,CS60->US116,55760,55760,0
8,CS60->US124,53648,53648,0
8,CS61->US5,51649,51649,0
8,CS61->US13,50501,50501,0
8,CS61->US21,50999,50999,0
8,CS61->US29,31335,31335,0
8,CS61->US37,0,0,0
8,CS61->US45,52101,52101,0
8,CS61->US53,51385,51385,0
8,CS61->US61,32244,32244,0
8,CS61->US69,0,0,0
8,CS61->US77,51041,51041,0
8,CS61->US85,57622,57622,0
8,CS61->US93,51558,51558,0
8,CS61->US101,0,0,0
8,CS61->US109,0,0,0
8,CS61->US117,55568,55568,0
8,CS61->US125,53669,53669,0
8,CS62->US6,51437,51437,0
8,CS62->US14,50158,50158,0
8,CS62->US22,50715,50715,0
8,CS62->US30,31145,31144,0
8,CS62->US38,0,0,0
8,CS62->US46,51681,51681,0
8,CS62->US54,51463,51463,0
8,CS62->US62,32002,32002,0
8,CS62->US70,0,0,0
8,CS62->US78,51163,51163,0
8,CS62->US86,57209,57209,0
8,CS62->US94,51299,51299,0
8,CS62->US102,0,0,0
8,CS62->US110,0,0,0
8,CS62->US118,55882,55882,0
8,CS62->US126,53674,53674,0
8,CS63->US7,51612,51612,0
8,CS63->US15,50607,50607,0
8,CS63->US23,50731,50731,0
8,CS63->US31,31841,31841,0
8,CS63->US39,0,0,0
8,CS63->US47,52058,52058,0
8,CS63->US55,51725,51725,0
8,CS63->US63,32495,32495,0
8,CS63->US71,0,0,0
8,CS63->US79,51161,51161,0
8,CS63->US87,57304,57304,0
8,CS63->US95,51107,51107,0
8,CS63->US103,0,0,0
8,CS63->US111,0,0,0
8,CS63->US119,56117,56117,0
8,CS63->US127,53568,53568,0
9,US0->CS0,51659,51659,0
9,US0->CS8,51628,51628,0
9,US0->CS16,51842,51842,0
9,US0->CS24,51944,51944,0
9,US0->CS32,52200,52200,0
9,US0->CS40,51403,51403,0
9,US0->CS48,51985,51985,0
9,US0->CS56,51966,51966,0
9,US1->CS1,51490,51490,0
9,US1->CS9,51717,51717,0
9,US1->CS17,51720,51720,0
9,US1->CS25,51952,51952,0
9,US1->CS33,52087,52087,0
9,US1->CS41,52016,52016,0
9,US1->CS49,51514,51514,0
9,US1->CS57,51733,51733,0
9,US2->CS2,51678,51678,0
9,US2->CS10,51640,51640,0
9,US2->CS18,51691,51691,0
9,US2->CS26,52024,52024,0
9,US2->CS34,51656,51656,0
9,US2->CS42,52026,52026,0
9,US2->CS50,51849,51849,0
9,US2->CS58,51789,51789,0
9,US3->CS3,52063,52063,0
9,US3->CS11,51481,51481,0
9,US3->CS19,52047,52047,0
9,US3->CS27,51821,51821,0
9,US3->CS35,51708,51708,0
9,US3->CS43,51893,51893,0
9,US3->CS51,52022,52022,0
9,US3->CS59,51468,51468,0
9,US4->CS4,51699,51699,0
9,US4->CS12,51643,51643,0
9,US4->CS20,51570,51570,0
9,US4->CS28,51918,51918,0
9,US4->CS36,51642,51642,0
9,US4->CS44,51769,51769,0
9,US4->CS52,51793,51793,0
9,US4->CS60,51837,51837,0
9,US5->CS5,51668,51668,0
9,US5->CS13,51561,51561,0
9,US5->CS21,51640,51640,0
9,US5->CS29,51675,51675,0
9,US5->CS37,51684,51684,0
9,US5->CS45,51640,51640,0
9,US5->CS53,51823,51823,0
9,US5->CS61,51630,51630,0
9,US6->CS6,51640,51640,0
9,US6->CS14,51789,51789,0
9,US6->CS22,52103,52103,0
9,US6->CS30,51917,51917,0
9,US6->CS38,51845,51845,0
9,US6->CS46,51805,51805,0
9,US6->CS54,51617,51617,0
9,US6->CS62,51759,51759,0
9,US7->CS7,51488,51488,0
9,US7->CS15,51768,51768,0
9,US7->CS23,51466,51466,0
9,US7->CS31,51843,51843,0
9,US7->CS39,51429,51429,0
9,US7->CS47,51498,51498,0
9,US7->CS55,51810,51810,0
9,US7->CS63,51961,51961,0
9,US8->CS0,57315,57315,0
9,US8->CS8,57248,57248,0
9,US8->CS16,57298,57298,0
9,US8->CS24,57249,57249,0
9,US8->CS32,57979,57979,0
9,US8->CS40,57187,57187,0
9,US8->CS48,57516,57516,0
9,US8->CS56,57302,57302,0
9,US9->CS1,57390,57390,0
9,US9->CS9,57631,57631,0
9,US9->CS17,57355,57355,0
9,US9->CS25,57214,57214,0
9,US9->CS33,57619,57619,0
9,US9->CS41,57954,57954,0
9,US9->CS49,57553,57553,0
9,US9->CS57,57566,57566,0
9,US10->CS2,57677,57677,0
9,US10->CS10,57645,57645,0
9,US10->CS18,57379,57379,0
9,US10->CS26,57363,57363,0
9,US10->CS34,57616,57616,0
9,US10->CS42,57538,57538,0
9,US10->CS50,57466,57466,0
9,US10->CS58,57636,57636,0
9,US11->CS3,57217,57217,0
9,US11->CS11,57065,57065,0
9,US11->CS19,56936,56936,0
9,US11->CS27,57266,57266,0
9,US11->CS35,57958,57958,0
9,US11->CS43,57341,57341,0
9,US11->CS51,57253,57253,0
9,US11->CS59,57047,57047,0
9,US12->CS4,57391,57391,0
9,US12->CS12,57528,57528,0
9,US12->CS20,57271,57271,0
9,US12->CS28,57548,57548,0
9,US12->CS36,56890,56890,0
9,US12->CS44,57352,57352,0
9,US12->CS52,57297,57297,0
9,US12->CS60,58019,58019,0
9,US13->CS5,57795,57795,0
9,US13->CS13,57340,57340,0
9,US13->CS21,56916,56916,0
9,US13->CS29,57413,57413,0
9,US13->CS37,57369,57369,0
9,US13->CS45,57256,57256,0
9,US13->CS53,57361,57361,0
9,US13->CS61,57690,57690,0
9,US14->CS6,57351,57351,0
9,US14->CS14,57169,57169,0
9,US14->CS22,57425,57425,0
9,US14->CS30,57575,57575,0
9,US14->CS38,57700,57700,0
9,US14->CS46,57309,57309,0
9,US14->CS54,57339,57339,0
9,US14->CS62,57323,57323,0
9,US15->CS7,57707,57707,0
9,US15->CS15,57009,57009,0
9,US15->CS23,57765,57765,0
9,US15->CS31,57812,57812,0
9,US15->CS39,57186,57186,0
9,US15->CS47,57570,57570,0
9,US15->CS55,57301,57301,0
9,US15->CS63,57351,57351,0
9,US16->CS0,53383,53383,0
9,US16->CS8,53838,53838,0
9,US16->CS16,53302,53302,0
9,US16->CS24,53554,53554,0
9,US16->CS32,53499,53499,0
9,US16->CS40,53516,53516,0
9,US16->CS48,53932,53932,0
9,US16->CS56,53638,53638,0
9,US17->CS1,53628,53628,0
9,US17->CS9,53600,53600,0
9,US17->CS17,53397,53397,0
9,US17->CS25,53214,53214,0
9,US17->CS33,53972,53972,0
9,US17->CS41,53479,53479,0
9,US17->CS49,53194,53194,0
9,US17->CS57,53475,53475,0
9,US18->CS2,53300,53300,0
9,US18->CS10,53484,53484,0
9,US18->CS18,53334,53334,0
9,US18->CS26,53770,53770,0
9,US18->CS34,53530,53530,0
9,US18->CS42,53692,53692,0
9,US18->CS50,53643,53643,0
9,US18->CS58,53720,53720,0
9,US19->CS3,53650,53650,0
9,US19->CS11,53815,53815,0
9,US19->CS19,53308,53308,0
9,US19->CS27,53723,53723,0
9,US19->CS35,53680,53680,0
9,US19->CS43,53638,53638,0
9,US19->CS51,53939,53939,0
9,US19->CS59,53228,53228,0
9,US20->CS4,53328,53328,0
9,US20->CS12,53533,53533,0
9,US20->CS20,53906,53906,0
9,US20->CS28,53547,53547,0
9,US20->CS36,53416,53416,0
9,US20->CS44,53673,53673,0
9,US20->CS52,53852,53852,0
9,US20->CS60,53717,53717,0
9,US21->CS5,52992,52992,0
9,US21->CS13,53458,53458,0
9,US21->CS21,53309,53309,0
9,US21->CS29,53454,53454,0
9,US21->CS37,53662,53662,0
9,US21->CS45,53806,53806,0
9,US21->CS53,53106,53106,0
9,US21->CS61,53765,53765,0
9,US22->CS6,53759,53759,0
9,US22->CS14,53388,53388,0
9,US22->CS22,54177,54177,0
9,US22->CS30,53621,53621,0
9,US22->CS38,53495,53495,0
9,US22->CS46,53756,53756,0
9,US22->CS54,53580,53580,0
9,US22->CS62,53799,53799,0
9,US23->CS7,53847,53847,0
9,US23->CS15,53810,53810,0
9,US23->CS23,53660,53660,0
9,US23->CS31,53307,53307,0
9,US23->CS39,53947,53947,0
9,US23->CS47,53680,53680,0
9,US23->CS55,53740,53740,0
9,US23->CS63,53763,53763,0
9,US24->CS0,50937,50937,0
9,US24->CS8,50856,50856,0
9,US24->CS16,50271,50271,0
9,US24->CS24,50855,50855,0
9,US24->CS32,50936,50936,0
9,US24->CS40,50277,50277,0
9,US24->CS48,50565,50565,0
9,US24->CS56,50767,50767,0
9,US25->CS1,50818,50818,0
9,US25->CS9,50418,50418,0
9,US25->CS17,50758,50758,0
9,US25->CS25,50664,50664,0
9,US25->CS33,50577,50577,0
9,US25->CS41,50393,50393,0
9,US25->CS49,50657,50657,0
9,US25->CS57,50777,50777,0
9,US26->CS2,50707,50707,0
9,US26->CS10,50385,50385,0
9,US26->CS18,50693,50693,0
9,US26->CS26,50816,50816,0
9,US26->CS34,50846,50846,0
9,US26->CS42,50363,50363,0
9,US26->CS50,50845,50845,0
9,US26->CS58,50752,50752,0
9,US27->CS3,50388,50388,0
9,US27->CS11,50222,50222,0
9,US27->CS19,50685,50685,0
9,US27->CS27,50622,50622,0
9,US27->CS35,50657,50657,0
9,US27->CS43,50807,50807,0
9,US27->CS51,50309,50309,0
9,US27->CS59,50973,50973,0
9,US28->CS4,50363,50363,0
9,US28->CS12,50574,50574,0
9,US28->CS20,50831,50831,0
9,US28->CS28,50387,50387,0
9,US28->CS36,50926,50926,0
9,US28->CS44,50842,50842,0
9,US28->CS52,50829,50829,0
9,US28->CS60,50366,50366,0
9,US29->CS5,50548,50548,0
9,US29->CS13,50737,50737,0
9,US29->CS21,50649,50649,0
9,US29->CS29,50260,50254,6
9,US29->CS37,50689,50689,0
9,US29->CS45,50567,50567,0
9,US29->CS53,50634,50634,0
9,US29->CS61,50827,50827,0
9,US30->CS6,50625,50625,0
9,US30->CS14,50630,50630,0
9,US30->CS22,50709,50709,0
9,US30->CS30,50813,50813,0
9,US30->CS38,50527,50527,0
9,US30->CS46,50550,50550,0
9,US30->CS54,50595,50595,0
9,US30->CS62,50465,50465,0
9,US31->CS7,50729,50729,0
9,US31->CS15,50651,50651,0
9,US31->CS23,50523,50523,0
9,US31->CS31,50387,50387,0
9,US31->CS39,50339,50339,0
9,US31->CS47,50805,50805,0
9,US31->CS55,51070,51070,0
9,US31->CS63,51299,51299,0
9,US32->CS0,0,0,0
9,US32->CS8,0,0,0
9,US32->CS16,0,0,0
9,US32->CS24,0,0,0
9,US32->CS32,0,0,0
9,US32->CS40,0,0,0
9,US32->CS48,0,0,0
9,US32->CS56,0,0,0
9,US33->CS1,0,0,0
9,US33->CS9,0,0,0
9,US33->CS17,0,0,0
9,US33->CS25,0,0,0
9,US33->CS33,0,0,0
9,US33->CS41,0,0,0
9,US33->CS49,0,0,0
9,US33->CS57,0,0,0
9,US34->CS2,0,0,0
9,US34->CS10,0,0,0
9,US34->CS18,0,0,0
9,US34->CS26,0,0,0
9,US34->CS34,0,0,0
9,US34->CS42,0,0,0
9,US34->CS50,0,0,0
9,US34->CS58,0,0,0
9,US35->CS3,0,0,0
9,US35->CS11,0,0,0
9,US35->CS19,0,0,0
9,US35->CS27,0,0,0
9,US35->CS35,0,0,0
9,US35->CS43,0,0,0
9,US35->CS51,0,0,0
9,US35->CS59,0,0,0
9,US36->CS4,0,0,0
9,US36->CS12,0,0,0
9,US36->CS20,0,0,0
9,US36->CS28,0,0,0
9,US36->CS36,0,0,0
9,US36->CS44,0,0,0
9,US36->CS52,0,0,0
9,US36->CS60,0,0,0
9,US37->CS5,0,0,0
9,US37->CS13,0,0,0
9,US37->CS21,0,0,0
9,US37->CS29,0,0,0
9,US37->CS37,0,0,0
9,US37->CS45,0,0,0
9,US37->CS53,0,0,0
9,US37->CS61,0,0,0
9,US38->CS6,0,0,0
9,US38->CS14,0,0,0
9,US38->CS22,0,0,0
9,US38->CS30,0,0,0
9,US38->CS38,0,0,0
9,US38->CS46,0,0,0
9,US38->CS54,0,0,0
9,US38->CS62,0,0,0
9,US39->CS7,0,0,0
9,US39->CS15,0,0,0
9,US39->CS23,0,0,0
9,US39->CS31,0,0,0
9,US39->CS39,0,0,0
9,US39->CS47,0,0,0
9,US39->CS55,0,0,0
9,US39->CS63,0,0,0
9,US40->CS0,55308,55308,0
9,US40->CS8,55748,55748,0
9,US40->CS16,55829,55829,0
9,US40->CS24,55432,55432,0
9,US40->CS32,55660,55660,0
9,US40->CS40,55944,55944,0
9,US40->CS48,55563,55563,0
9,US40->CS56,55793,55793,0
9,US41->CS1,55896,55896,0
9,US41->CS9,55973,55973,0
9,US41->CS17,55682,55682,0
9,US41->CS25,55747,55747,0
9,US41->CS33,56080,56080,0
9,US41->CS41,55476,55476,0
9,US41->CS49,55805,55805,0
9,US41->CS57,56116,56116,0
9,US42->CS2,55400,55400,0
9,US42->CS10,55363,55363,0
9,US42->CS18,55041,55041,0
9,US42->CS26,55945,55945,0
9,US42->CS34,55594,55594,0
9,US42->CS42,55538,55538,0
9,US42->CS50,55960,55960,0
9,US42->CS58,55848,55848,0
9,US43->CS3,55489,55489,0
9,US43->CS11,55474,55474,0
9,US43->CS19,55751,55751,0
9,US43->CS27,55427,55427,0
9,US43->CS35,56136,56136,0
9,US43->CS43,55117,55117,0
9,US43->CS51,55718,55718,0
9,US43->CS59,55705,55705,0
9,US44->CS4,55661,55661,0
9,US44->CS12,55142,55142,0
9,US44->CS20,55626,55626,0
9,US44->CS28,55587,55587,0
9,US44->CS36,55272,55272,0
9,US44->CS44,55304,55304,0
9,US44->CS52,55625,55625,0
9,US44->CS60,55709,55709,0
9,US45->CS5,55315,55315,0
9,US45->CS13,55155,55155,0
9,US45->CS21,55594,55594,0
9,US45->CS29,55690,55690,0
9,US45->CS37,55231,55231,0
9,US45->CS45,55702,55702,0
9,US45->CS53,55172,55172,0
9,US45->CS61,55549,55549,0
9,US46->CS6,55981,55981,0
9,US46->CS14,55642,55642,0
9,US46->CS22,55538,55538,0
9,US46->CS30,55507,55507,0
9,US46->CS38,55927,55927,0
9,US46->CS46,56137,56137,0
9,US46->CS54,55863,55863,0
9,US46->CS62,55819,55819,0
9,US47->CS7,56022,56022,0
9,US47->CS15,55319,55319,0
9,US47->CS23,55548,55548,0
9,US47->CS31,55535,55535,0
9,US47->CS39,55634,55634,0
9,US47->CS47,55710,55710,0
9,US47->CS55,55923,55923,0
9,US47->CS63,56123,56123,0
9,US48->CS0,52204,52204,0
9,US48->CS8,52031,52031,0
9,US48->CS16,52509,52509,0
9,US48->CS24,51892,51892,0
9,US48->CS32,51491,51491,0
9,US48->CS40,51891,51891,0
9,US48->CS48,51853,51853,0
9,US48->CS56,51884,51884,0
9,US49->CS1,51864,51864,0
9,US49->CS9,51981,51981,0
9,US49->CS17,51977,51977,0
9,US49->CS25,52007,52007,0
9,US49->CS33,52037,52037,0
9,US49->CS41,51525,51525,0
9,US49->CS49,51608,51608,0
9,US49->CS57,51875,51875,0
9,US50->CS2,51843,51843,0
9,US50->CS10,51678,51678,0
9,US50->CS18,51870,51870,0
9,US50->CS26,51627,51627,0
9,US50->CS34,51431,51431,0
9,US50->CS42,51630,51630,0
9,US50->CS50,51352,51352,0
9,US50->CS58,52131,52131,0
9,US51->CS3,51355,51355,0
9,US51->CS11,51409,51409,0
9,US51->CS19,51751,51751,0
9,US51->CS27,51481,51481,0
9,US51->CS35,51928,51928,0
9,US51->CS43,51546,51546,0
9,US51->CS51,51552,51552,0
9,US51->CS59,51635,51635,0
9,US52->CS4,51930,51930,0
9,US52->CS12,51499,51499,0
9,US52->CS20,51792,51792,0
9,US52->CS28,51523,51523,0
9,US52->CS36,51891,51891,0
9,US52->CS44,51749,51749,0
9,US52->CS52,51772,51772,0
9,US52->CS60,51875,51875,0
9,US53->CS5,51497,51497,0
9,US53->CS13,51989,51989,0
9,US53->CS21,52103,52103,0
9,US53->CS29,51663,51663,0
9,US53->CS37,51703,51703,0
9,US53->CS45,51634,51634,0
9,US53->CS53,51791,51791,0
9,US53->CS61,51926,51926,0
9,US54->CS6,51922,51922,0
9,US54->CS14,51528,51528,0
9,US54->CS22,51479,51479,0
9,US54->CS30,51881,51881,0
9,US54->CS38,51628,51628,0
9,US54->CS46,51773,51773,0
9,US54->CS54,51393,51393,0
9,US54->CS62,51652,51652,0
9,US55->CS7,51651,51651,0
9,US55->CS15,51749,51749,0
9,US55->CS23,51741,51741,0
9,US55->CS31,51631,51631,0
9,US55->CS39,52096,52096,0
9,US55->CS47,51610,51610,0
9,US55->CS55,51728,51728,0
9,US55->CS63,51882,51882,0
9,US56->CS0,50638,50638,0
9,US56->CS8,50345,50345,0
9,US56->CS16,50707,50707,0
9,US56->CS24,50487,50487,0
9,US56->CS32,51247,51247,0
9,US56->CS40,50600,50600,0
9,US56->CS48,50750,50750,0
9,US56->CS56,51009,51009,0
9,US57->CS1,50762,50762,0
9,US57->CS9,51129,51129,0
9,US57->CS17,50542,50542,0
9,US57->CS25,51490,51490,0
9,US57->CS33,50769,50769,0
9,US57->CS41,50977,50977,0
9,US57->CS49,50620,50620,0
9,US57->CS57,50481,50481,0
9,US58->CS2,50667,50667,0
9,US58->CS10,50493,50493,0
9,US58->CS18,50555,50555,0
9,US58->CS26,50424,50424,0
9,US58->CS34,50807,50807,0
9,US58->CS42,50463,50463,0
9,US58->CS50,50657,50657,0
9,US58->CS58,50820,50820,0
9,US59->CS3,50857,50857,0
9,US59->CS11,50817,50817,0
9,US59->CS19,51292,51292,0
9,US59->CS27,50563,50563,0
9,US59->CS35,50479,50479,0
9,US59->CS43,50548,50548,0
9,US59->CS51,50561,50561,0
9,US59->CS59,50556,50556,0
9,US60->CS4,50406,50406,0
9,US60->CS12,50823,50823,0
9,US60->CS20,50629,50629,0
9,US60->CS28,50563,50563,0
9,US60->CS36,51109,51109,0
9,US60->CS44,50999,50999,0
9,US60->CS52,50989,50989,0
9,US60->CS60,50542,50542,0
9,US61->CS5,51125,51125,0
9,US61->CS13,51240,51240,0
9,US61->CS21,50668,50668,0
9,US61->CS29,50895,50895,0
9,US61->CS37,50858,50858,0
9,US61->CS45,50319,50319,0
9,US61->CS53,50451,50451,0
9,US61->CS61,50607,50607,0
9,US62->CS6,50297,50297,0
9,US62->CS14,50504,50504,0
9,US62->CS22,51021,51021,0
9,US62->CS30,50881,50881,0
9,US62->CS38,50768,50768,0
9,US62->CS46,51162,51162,0
9,US62->CS54,51145,51145,0
9,US62->CS62,50678,50678,0
9,US63->CS7,50999,50999,0
9,US63->CS15,50654,50654,0
9,US63->CS23,50482,50482,0
9,US63->CS31,50908,50908,0
9,US63->CS39,50715,50715,0
9,US63->CS47,51150,51150,0
9,US63->CS55,50696,50696,0
9,US63->CS63,51087,51087,0
9,US64->CS0,0,0,0
9,US64->CS8,0,0,0
9,US64->CS16,0,0,0
9,US64->CS24,0,0,0
9,US64->CS32,0,0,0
9,US64->CS40,0,0,0
9,US64->CS48,0,0,0
9,US64->CS56,0,0,0
9,US65->CS1,0,0,0
9,US65->CS9,0,0,0
9,US65->CS17,0,0,0
9,US65->CS25,0,0,0
9,US65->CS33,0,0,0
9,US65->CS41,0,0,0
9,US65->CS49,0,0,0
9,US65->CS57,0,0,0
9,US66->CS2,0,0,0
9,US66->CS10,0,0,0
9,US66->CS18,0,0,0
9,US66->CS26,0,0,0
9,US66->CS34,0,0,0
9,US66->CS42,0,0,0
9,US66->CS50,0,0,0
9,US66->CS58,0,0,0
9,US67->CS3,0,0,0
9,US67->CS11,0,0,0
9,US67->CS19,0,0,0
9,US67->CS27,0,0,0
9,US67->CS35,0,0,0
9,US67->CS43,0,0,0
9,US67->CS51,0,0,0
9,US67->CS59,0,0,0
9,US68->CS4,0,0,0
9,US68->CS12,0,0,0
9,US68->CS20,0,0,0
9,US68->CS28,0,0,0
9,US68->CS36,0,0,0
9,US68->CS44,0,0,0
9,US68->CS52,0,0,0
9,US68->CS60,0,0,0
9,US69->CS5,0,0,0
9,US69->CS13,0,0,0
9,US69->CS21,0,0,0
9,US69->CS29,0,0,0
9,US69->CS37,0,0,0
9,US69->CS45,0,0,0
9,US69->CS53,0,0,0
9,US69->CS61,0,0,0
9,US70->CS6,0,0,0
9,US70->CS14,0,0,0
9,US70->CS22,0,0,0
9,US70->CS30,0,0,0
9,US70->CS38,0,0,0
9,US70->CS46,0,0,0
9,US70->CS54,0,0,0
9,US70->CS62,0,0,0
9,US71->CS7,0,0,0
9,US71->CS15,0,0,0
9,US71->CS23,0,0,0
9,US71->CS31,0,0,0
9,US71->CS39,0,0,0
9,US71->CS47,0,0,0
9,US71->CS55,0,0,0
9,US71->CS63,0,0,0
9,US72->CS0,51265,51265,0
9,US72->CS8,50868,50868,0
9,US72->CS16,51314,51314,0
9,US72->CS24,51314,51314,0
9,US72->CS32,50869,50869,0
9,US72->CS40,51412,51412,0
9,US72->CS48,51221,51221,0
9,US72->CS56,51256,51256,0
9,US73->CS1,50580,50580,0
9,US73->CS9,51539,51539,0
9,US73->CS17,51087,51087,0
9,US73->CS25,50983,50983,0
9,US73->CS33,51080,51080,0
9,US73->CS41,51146,51146,0
9,US73->CS49,51076,51076,0
9,US73->CS57,51267,51267,0
9,US74->CS2,51242,51242,0
9,US74->CS10,50759,50759,0
9,US74->CS18,51197,51197,0
9,US74->CS26,51009,51009,0
9,US74->CS34,51160,51160,0
9,US74->CS42,51032,51032,0
9,US74->CS50,51304,51304,0
9,US74->CS58,50943,50943,0
9,US75->CS3,51016,51016,0
9,US75->CS11,50662,50662,0
9,US75->CS19,51233,51233,0
9,US75->CS27,51334,51334,0
9,US75->CS35,50961,50961,0
9,US75->CS43,51347,51347,0
9,US75->CS51,50887,50887,0
9,US75->CS59,51055,51055,0
9,US76->CS4,51144,51144,0
9,US76->CS12,51543,51543,0
9,US76->CS20,50817,50817,0
9,US76->CS28,51002,51002,0
9,US76->CS36,51061,51061,0
9,US76->CS44,51148,51148,0
9,US76->CS52,51473,51473,0
9,US76->CS60,51072,51072,0
9,US77->CS5,51254,51254,0
9,US77->CS13,51423,51423,0
9,US77->CS21,51291,51291,0
9,US77->CS29,51174,51174,0
9,US77->CS37,50783,50783,0
9,US77->CS45,51884,51884,0
9,US77->CS53,51002,51002,0
9,US77->CS61,51441,51441,0
9,US78->CS6,50959,50959,0
9,US78->CS14,51178,51178,0
9,US78->CS22,51512,51512,0
9,US78->CS30,51218,51218,0
9,US78->CS38,51313,51313,0
9,US78->CS46,51049,51049,0
9,US78->CS54,50828,50828,0
9,US78->CS62,51208,51208,0
9,US79->CS7,51134,51134,0
9,US79->CS15,51256,51256,0
9,US79->CS23,51079,51079,0
9,US79->CS31,51116,51116,0
9,US79->CS39,51154,51154,0
9,US79->CS47,51019,51019,0
9,US79->CS55,51189,51189,0
9,US79->CS63,51045,51045,0
9,US80->CS0,50385,50385,0
9,US80->CS8,50374,50374,0
9,US80->CS16,50543,50543,0
9,US80->CS24,50340,50340,0
9,US80->CS32,50523,50523,0
9,US80->CS40,50376,50376,0
9,US80->CS48,50576,50576,0
9,US80->CS56,50326,50326,0
9,US81->CS1,50327,50327,0
9,US81->CS9,50481,50481,0
9,US81->CS17,50277,50277,0
9,US81->CS25,50422,50422,0
9,US81->CS33,50150,50150,0
9,US81->CS41,50461,50461,0
9,US81->CS49,50236,50236,0
9,US81->CS57,50325,50325,0
9,US82->CS2,50548,50548,0
9,US82->CS10,50473,50473,0
9,US82->CS18,50792,50792,0
9,US82->CS26,50411,50411,0
9,US82->CS34,50647,50647,0
9,US82->CS42,50377,50377,0
9,US82->CS50,50927,50927,0
9,US82->CS58,50140,50140,0
9,US83->CS3,50188,50188,0
9,US83->CS11,50323,50323,0
9,US83->CS19,50318,50318,0
9,US83->CS27,50852,50852,0
9,US83->CS35,50260,50260,0
9,US83->CS43,50065,50065,0
9,US83->CS51,50283,50283,0
9,US83->CS59,50113,50113,0
9,US84->CS4,50463,50463,0
9,US84->CS12,50438,50438,0
9,US84->CS20,50363,50363,0
9,US84->CS28,49960,49960,0
9,US84->CS36,50461,50461,0
9,US84->CS44,50801,50801,0
9,US84->CS52,50301,50301,0
9,US84->CS60,50391,50391,0
9,US85->CS5,50331,50331,0
9,US85->CS13,50531,50531,0
9,US85->CS21,50540,50540,0
9,US85->CS29,50260,50260,0
9,US85->CS37,50432,50432,0
9,US85->CS45,50048,50048,0
9,US85->CS53,50639,50639,0
9,US85->CS61,50571,50571,0
9,US86->CS6,50429,50429,0
9,US86->CS14,50241,50241,0
9,US86->CS22,50559,50559,0
9,US86->CS30,50535,50535,0
9,US86->CS38,50492,50492,0
9,US86->CS46,50289,50289,0
9,US86->CS54,50852,50852,0
9,US86->CS62,50221,50221,0
9,US87->CS7,50492,50492,0
9,US87->CS15,51138,51138,0
9,US87->CS23,50586,50586,0
9,US87->CS31,50129,50129,0
9,US87->CS39,50794,50794,0
9,US87->CS47,50063,50063,0
9,US87->CS55,50352,50352,0
9,US87->CS63,50652,50652,0
9,US88->CS0,51151,51151,0
9,US88->CS8,50902,50902,0
9,US88->CS16,50973,50973,0
9,US88->CS24,50886,50886,0
9,US88->CS32,50985,50985,0
9,US88->CS40,50810,50810,0
9,US88->CS48,51076,51076,0
9,US88->CS56,50823,50823,0
9,US89->CS1,51369,51369,0
9,US89->CS9,51064,51064,0
9,US89->CS17,51290,51290,0
9,US89->CS25,51214,51214,0
9,US89->CS33,50597,50597,0
9,US89->CS41,51016,51016,0
9,US89->CS49,50909,50909,0
9,US89->CS57,51495,51495,0
9,US90->CS2,51308,51308,0
9,US90->CS10,50574,50574,0
9,US90->CS18,50802,50802,0
9,US90->CS26,51411,51411,0
9,US90->CS34,51094,51094,0
9,US90->CS42,50873,50873,0
9,US90->CS50,51126,51126,0
9,US90->CS58,51388,51388,0
9,US91->CS3,50972,50972,0
9,US91->CS11,51088,51088,0
9,US91->CS19,50703,50703,0
9,US91->CS27,50887,50887,0
9,US91->CS35,51110,51110,0
9,US91->CS43,51146,51146,0
9,US91->CS51,51089,51089,0
9,US91->CS59,50965,50965,0
9,US92->CS4,50844,50844,0
9,US92->CS12,51326,51326,0
9,US92->CS20,51181,51181,0
9,US92->CS28,51363,51363,0
9,US92->CS36,50902,50902,0
9,US92->CS44,51164,51164,0
9,US92->CS52,51342,51342,0
9,US92->CS60,51406,51406,0
9,US93->CS5,51351,51351,0
9,US93->CS13,50874,50874,0
9,US93->CS21,50941,50941,0
9,US93->CS29,50899,50899,0
9,US93->CS37,51412,51412,0
9,US93->CS45,51081,51081,0
9,US93->CS53,51417,51417,0
9,US93->CS61,51108,51108,0
9,US94->CS6,50970,50970,0
9,US94->CS14,51072,51072,0
9,US94->CS22,51109,51109,0
9,US94->CS30,50969,50969,0
9,US94->CS38,51069,51069,0
9,US94->CS46,51529,51529,0
9,US94->CS54,51279,51279,0
9,US94->CS62,51224,51224,0
9,US95->CS7,50906,50906,0
9,US95->CS15,51412,51412,0
9,US95->CS23,50860,50860,0
9,US95->CS31,50965,50965,0
9,US95->CS39,51242,51242,0
9,US95->CS47,50901,50901,0
9,US95->CS55,50511,50511,0
9,US95->CS63,51216,51216,0
9,US96->CS0,11952,11952,0
9,US96->CS8,12090,12089,0
9,US96->CS16,12052,12052,0
9,US96->CS24,12060,12059,0
9,US96->CS32,12064,12064,0
9,US96->CS40,11934,11933,0
9,US96->CS48,11948,11947,0
9,US96->CS56,11964,11964,0
9,US97->CS1,12133,12133,0
9,US97->CS9,11901,11901,0
9,US97->CS17,12063,12062,0
9,US97->CS25,12225,12225,0
9,US97->CS33,12073,12072,0
9,US97->CS41,12102,12102,0
9,US97->CS49,11962,11962,0
9,US97->CS57,12051,12049,0
9,US98->CS2,12284,12284,0
9,US98->CS10,12030,12029,0
9,US98->CS18,12291,12291,0
9,US98->CS26,12062,12062,0
9,US98->CS34,11946,11946,0
9,US98->CS42,12015,12015,0
9,US98->CS50,12043,12043,0
9,US98->CS58,12172,12172,0
9,US99->CS3,12127,12127,0
9,US99->CS11,12088,12087,0
9,US99->CS19,11926,11926,0
9,US99->CS27,12066,12065,0
9,US99->CS35,12003,12003,0
9,US99->CS43,11869,11869,0
9,US99->CS51,12113,12113,0
9,US99->CS59,12019,12018,0
9,US100->CS4,12227,12226,0
9,US100->CS12,11956,11955,0
9,US100->CS20,12095,12095,0
9,US100->CS28,12054,12054,0
9,US100->CS36,11876,11875,0
9,US100->CS44,11960,11960,0
9,US100->CS52,12033,12033,0
9,US100->CS60,12030,12030,0
9,US101->CS5,12014,12014,0
9,US101->CS13,12017,12017,0
9,US101->CS21,12001,12000,0
9,US101->CS29,11810,11809,0
9,US101->CS37,12003,12003,0
9,US101->CS45,12009,12009,0
9,US101->CS53,12057,12057,0
9,US101->CS61,12106,12106,0
9,US102->CS6,11910,11909,0
9,US102->CS14,12363,12361,0
9,US102->CS22,12046,12045,0
9,US102->CS30,11936,11935,0
9,US102->CS38,11945,11945,0
9,US102->CS46,12080,12080,0
9,US102->CS54,11922,11920,0
9,US102->CS62,11961,11961,0
9,US103->CS7,11973,11972,0
9,US103->CS15,11974,11974,0
9,US103->CS23,11888,11887,0
9,US103->CS31,11994,11994,0
9,US103->CS39,12206,12204,0
9,US103->CS47,12153,12153,0
9,US103->CS55,12350,12348,0
9,US103->CS63,11862,11861,0
9,US104->CS0,12528,12528,0
9,US104->CS8,12564,12564,0
9,US104->CS16,12683,12683,0
9,US104->CS24,12517,12517,0
9,US104->CS32,12550,12550,0
9,US104->CS40,12634,12634,0
9,US104->CS48,12570,12569,0
9,US104->CS56,12472,12472,0
9,US105->CS1,12601,12600,0
9,US105->CS9,12722,12721,0
9,US105->CS17,12437,12437,0
9,US105->CS25,12649,12648,0
9,US105->CS33,12545,12545,0
9,US105->CS41,12492,12492,0
9,US105->CS49,12476,12475,0
9,US105->CS57,12627,12627,0
9,US106->CS2,12740,12740,0
9,US106->CS10,12625,12625,0
9,US106->CS18,12609,12609,0
9,US106->CS26,12625,12625,0
9,US106->CS34,12486,12485,0
9,US106->CS42,12542,12542,0
9,US106->CS50,12644,12644,0
9,US106->CS58,12538,12537,0
9,US107->CS3,12620,12620,0
9,US107->CS11,12670,12670,0
9,US107->CS19,12701,12701,0
9,US107->CS27,12802,12801,0
9,US107->CS35,12518,12518,0
9,US107->CS43,12815,12815,0
9,US107->CS51,12640,12640,0
9,US107->CS59,12698,12698,0
9,US108->CS4,12663,12661,0
9,US108->CS12,12449,12449,0
9,US108->CS20,12706,12705,0
9,US108->CS28,12545,12543,0
9,US108->CS36,12721,12720,0
9,US108->CS44,12368,12368,0
9,US108->CS52,12469,12467,0
9,US108->CS60,12758,12757,0
9,US109->CS5,12431,12431,0
9,US109->CS13,12764,12763,0
9,US109->CS21,12725,12724,0
9,US109->CS29,12725,12724,0
9,US109->CS37,12693,12692,0
9,US109->CS45,12643,12642,0
9,US109->CS53,12628,12627,0
9,US109->CS61,12618,12618,0
9,US110->CS6,12691,12689,0
9,US110->CS14,12471,12470,0
9,US110->CS22,12618,12617,0
9,US110->CS30,12605,12605,0
9,US110->CS38,12802,12802,0
9,US110->CS46,12698,12698,0
9,US110->CS54,12735,12735,0
9,US110->CS62,12650,12649,0
9,US111->CS7,12576,12575,0
9,US111->CS15,12574,12574,0
9,US111->CS23,12663,12661,0
9,US111->CS31,12501,12500,0
9,US111->CS39,12428,12428,0
9,US111->CS47,12739,12739,0
9,US111->CS55,12858,12858,0
9,US111->CS63,12645,12645,0
9,US112->CS0,52013,52013,0
9,US112->CS8,51941,51941,0
9,US112->CS16,52258,52258,0
9,US112->CS24,52211,52211,0
9,US112->CS32,51829,51829,0
9,US112->CS40,51701,51701,0
9,US112->CS48,52181,52181,0
9,US112->CS56,51638,51638,0
9,US113->CS1,51913,51913,0
9,US113->CS9,51732,51732,0
9,US113->CS17,51617,51617,0
9,US113->CS25,51754,51754,0
9,US113->CS33,52109,52109,0
9,US113->CS41,51927,51927,0
9,US113->CS49,51972,51972,0
9,US113->CS57,52156,52156,0
9,US114->CS2,51911,51911,0
9,US114->CS10,52136,52136,0
9,US114->CS18,51937,51937,0
9,US114->CS26,51817,51817,0
9,US114->CS34,52018,52018,0
9,US114->CS42,51749,51749,0
9,US114->CS50,52026,52026,0
9,US114->CS58,51764,51764,0
9,US115->CS3,51875,51875,0
9,US115->CS11,51814,51814,0
9,US115->CS19,51824,51824,0
9,US115->CS27,51920,51920,0
9,US115->CS35,51824,51824,0
9,US115->CS43,51903,51903,0
9,US115->CS51,52015,52015,0
9,US115->CS59,52417,52417,0
9,US116->CS4,51847,51847,0
9,US116->CS12,51979,51979,0
9,US116->CS20,51903,51903,0
9,US116->CS28,52099,52099,0
9,US116->CS36,51895,51895,0
9,US116->CS44,51868,51868,0
9,US116->CS52,52446,52446,0
9,US116->CS60,51416,51416,0
9,US117->CS5,51825,51825,0
9,US117->CS13,51913,51913,0
9,US117->CS21,51848,51848,0
9,US117->CS29,51994,51994,0
9,US117->CS37,51990,51990,0
9,US117->CS45,51963,51963,0
9,US117->CS53,52220,52220,0
9,US117->CS61,52126,52126,0
9,US118->CS6,51468,51468,0
9,US118->CS14,51736,51736,0
9,US118->CS22,51813,51813,0
9,US118->CS30,51967,51967,0
9,US118->CS38,51808,51808,0
9,US118->CS46,52163,52163,0
9,US118->CS54,51915,51915,0
9,US118->CS62,51791,51791,0
9,US119->CS7,51880,51880,0
9,US119->CS15,52296,52296,0
9,US119->CS23,52151,52151,0
9,US119->CS31,52053,52053,0
9,US119->CS39,51789,51789,0
9,US119->CS47,51902,51902,0
9,US119->CS55,51750,51750,0
9,US119->CS63,52030,52030,0
9,US120->CS0,50629,50629,0
9,US120->CS8,50826,50826,0
9,US120->CS16,50917,50917,0
9,US120->CS24,50990,50990,0
9,US120->CS32,50570,50570,0
9,US120->CS40,50603,50603,0
9,US120->CS48,50890,50890,0
9,US120->CS56,51044,51044,0
9,US121->CS1,50983,50983,0
9,US121->CS9,50701,50701,0
9,US121->CS17,50596,50596,0
9,US121->CS25,51071,51071,0
9,US121->CS33,50615,50615,0
9,US121->CS41,50473,50473,0
9,US121->CS49,50428,50428,0
9,US121->CS57,50818,50818,0
9,US122->CS2,50747,50747,0
9,US122->CS10,50578,50578,0
9,US122->CS18,50609,50609,0
9,US122->CS26,51023,51023,0
9,US122->CS34,50578,50578,0
9,US122->CS42,50672,50672,0
9,US122->CS50,50685,50685,0
9,US122->CS58,50554,50554,0
9,US123->CS3,50673,50673,0
9,US123->CS11,50758,50758,0
9,US123->CS19,50678,50678,0
9,US123->CS27,50637,50637,0
9,US123->CS35,50860,50860,0
9,US123->CS43,50657,50657,0
9,US123->CS51,50912,50912,0
9,US123->CS59,50666,50666,0
9,US124->CS4,50732,50732,0
9,US124->CS12,50749,50749,0
9,US124->CS20,50847,50847,0
9,US124->CS28,50673,50673,0
9,US124->CS36,50729,50729,0
9,US124->CS44,50888,50888,0
9,US124->CS52,50745,50745,0
9,US124->CS60,51321,51321,0
9,US125->CS5,50594,50594,0
9,US125->CS13,51296,51296,0
9,US125->CS21,50914,50914,0
9,US125->CS29,50822,50822,0
9,US125->CS37,50844,50844,0
9,US125->CS45,50509,50509,0
9,US125->CS53,50382,50382,0
9,US125->CS61,50937,50937,0
9,US126->CS6,50806,50806,0
9,US126->CS14,50423,50423,0
9,US126->CS22,50924,50924,0
9,US126->CS30,51100,51100,0
9,US126->CS38,50920,50920,0
9,US126->CS46,51004,51004,0
9,US126->CS54,50472,50472,0
9,US126->CS62,50620,50620,0
9,US127->CS7,50824,50824,0
9,US127->CS15,50723,50723,0
9,US127->CS23,51138,51138,0
9,US127->CS31,50400,50400,0
9,US127->CS39,50726,50726,0
9,US127->CS47,50533,50533,0
9,US127->CS55,51125,51125,0
9,US127->CS63,50708,50708,0
9,CS0->US0,51948,51948,0
9,CS0->US8,50526,50526,0
9,CS0->US16,50708,50708,0
9,CS0->US24,50741,50741,0
9,CS0->US32,0,0,0
9,CS0->US40,51983,51983,0
9,CS0->US48,51411,51411,0
9,CS0->US56,50988,50988,0
9,CS0->US64,0,0,0
9,CS0->US72,51097,51097,0
9,CS0->US80,57395,57395,0
9,CS0->US88,51328,51328,0
9,CS0->US96,12621,12621,0
9,CS0->US104,11951,11951,0
9,CS0->US112,55349,55349,0
9,CS0->US120,53321,53321,0
9,CS1->US1,51548,51548,0
9,CS1->US9,50389,50389,0
9,CS1->US17,51126,51126,0
9,CS1->US25,50839,50839,0
9,CS1->US33,0,0,0
9,CS1->US41,51986,51986,0
9,CS1->US49,51209,51209,0
9,CS1->US57,50902,50902,0
9,CS1->US65,0,0,0
9,CS1->US73,51246,51246,0
9,CS1->US81,57466,57466,0
9,CS1->US89,50609,50609,0
9,CS1->US97,12713,12713,0
9,CS1->US105,12160,12158,0
9,CS1->US113,55976,55976,0
9,CS1->US121,53583,53583,0
9,CS2->US2,51552,51552,0
9,CS2->US10,50681,50681,0
9,CS2->US18,50878,50878,0
9,CS2->US26,50749,50749,0
9,CS2->US34,0,0,0
9,CS2->US42,51897,51897,0
9,CS2->US50,51371,51371,0
9,CS2->US58,50799,50799,0
9,CS2->US66,0,0,0
9,CS2->US74,51226,51226,0
9,CS2->US82,57743,57743,0
9,CS2->US90,51326,51326,0
9,CS2->US98,12819,12819,0
9,CS2->US106,12310,12309,0
9,CS2->US114,55484,55484,0
9,CS2->US122,53217,53217,0
9,CS3->US3,51085,51085,0
9,CS3->US11,50279,50279,0
9,CS3->US19,50761,50761,0
9,CS3->US27,50939,50939,0
9,CS3->US35,0,0,0
9,CS3->US43,51839,51839,0
9,CS3->US51,51748,51748,0
9,CS3->US59,50543,50543,0
9,CS3->US67,0,0,0
9,CS3->US75,50895,50895,0
9,CS3->US83,57284,57284,0
9,CS3->US91,51096,51096,0
9,CS3->US99,12671,12671,0
9,CS3->US107,12164,12164,0
9,CS3->US115,55607,55607,0
9,CS3->US123,53579,53579,0
9,CS4->US4,51685,51685,0
9,CS4->US12,50565,50565,0
9,CS4->US20,50862,50862,0
9,CS4->US28,50511,50511,0
9,CS4->US36,0,0,0
9,CS4->US44,51827,51827,0
9,CS4->US52,51388,51388,0
9,CS4->US60,50469,50469,0
9,CS4->US68,0,0,0
9,CS4->US76,50749,50749,0
9,CS4->US84,57460,57460,0
9,CS4->US92,51203,51203,0
9,CS4->US100,12716,12713,0
9,CS4->US108,12239,12238,0
9,CS4->US116,55750,55750,0
9,CS4->US124,53271,53271,0
9,CS5->US5,51218,51218,0
9,CS5->US13,50457,50457,0
9,CS5->US21,50737,50737,0
9,CS5->US29,51234,51234,0
9,CS5->US37,0,0,0
9,CS5->US45,51837,51837,0
9,CS5->US53,51354,51354,0
9,CS5->US61,50660,50660,0
9,CS5->US69,0,0,0
9,CS5->US77,51172,51172,0
9,CS5->US85,57851,57851,0
9,CS5->US93,51335,51335,0
9,CS5->US101,12473,12470,0
9,CS5->US109,12035,12035,0
9,CS5->US117,55479,55479,0
9,CS5->US125,52898,52898,0
9,CS6->US6,51642,51642,0
9,CS6->US14,50478,50478,0
9,CS6->US22,50909,50909,0
9,CS6->US30,50385,50385,0
9,CS6->US38,0,0,0
9,CS6->US46,51547,51547,0
9,CS6->US54,51365,51365,0
9,CS6->US62,50753,50753,0
9,CS6->US70,0,0,0
9,CS6->US78,50841,50841,0
9,CS6->US86,57423,57423,0
9,CS6->US94,50920,50920,0
9,CS6->US102,12784,12784,0
9,CS6->US110,11946,11946,0
9,CS6->US118,56085,56085,0
9,CS6->US126,53727,53727,0
9,CS7->US7,51322,51322,0
9,CS7->US15,50603,50603,0
9,CS7->US23,50929,50929,0
9,CS7->US31,51060,51060,0
9,CS7->US39,0,0,0
9,CS7->US47,51983,51983,0
9,CS7->US55,51267,51267,0
9,CS7->US63,50847,50847,0
9,CS7->US71,0,0,0
9,CS7->US79,50797,50797,0
9,CS7->US87,57822,57822,0
9,CS7->US95,51155,51155,0
9,CS7->US103,12627,12626,0
9,CS7->US111,11987,11986,0
9,CS7->US119,56056,56056,0
9,CS7->US127,53771,53771,0
9,CS8->US0,51733,51733,0
9,CS8->US8,50486,50486,0
9,CS8->US16,50896,50896,0
9,CS8->US24,50463,50463,0
9,CS8->US32,0,0,0
9,CS8->US40,52020,52020,0
9,CS8->US48,51304,51304,0
9,CS8->US56,50959,50959,0
9,CS8->US64,0,0,0
9,CS8->US72,50912,50912,0
9,CS8->US80,57251,57251,0
9,CS8->US88,50886,50886,0
9,CS8->US96,12634,12633,0
9,CS8->US104,12141,12141,0
9,CS8->US112,55819,55819,0
9,CS8->US120,53754,53754,0
9,CS9->US1,51709,51709,0
9,CS9->US9,50529,50529,0
9,CS9->US17,50794,50794,0
9,CS9->US25,51247,51247,0
9,CS9->US33,0,0,0
9,CS9->US41,51765,51765,0
9,CS9->US49,51385,51385,0
9,CS9->US57,50567,50567,0
9,CS9->US65,0,0,0
9,CS9->US73,51070,51070,0
9,CS9->US81,57679,57679,0
9,CS9->US89,51537,51537,0
9,CS9->US97,12797,12797,0
9,CS9->US105,11912,11912,0
9,CS9->US113,56029,56029,0
9,CS9->US121,53568,53568,0
9,CS10->US2,51427,51427,0
9,CS10->US10,50581,50581,0
9,CS10->US18,50666,50666,0
9,CS10->US26,50641,50641,0
9,CS10->US34,0,0,0
9,CS10->US42,52135,52135,0
9,CS10->US50,51344,51344,0
9,CS10->US58,50511,50511,0
9,CS10->US66,0,0,0
9,CS10->US74,50508,50508,0
9,CS10->US82,57718,57718,0
9,CS10->US90,50861,50861,0
9,CS10->US98,12660,12660,0
9,CS10->US106,12003,12001,0
9,CS10->US114,55441,55441,0
9,CS10->US122,53365,53365,0
9,CS11->US3,51127,51127,0
9,CS11->US11,50400,50400,0
9,CS11->US19,50841,50841,0
9,CS11->US27,50924,50924,0
9,CS11->US35,0,0,0
9,CS11->US43,51818,51818,0
9,CS11->US51,51187,51187,0
9,CS11->US59,50365,50365,0
9,CS11->US67,0,0,0
9,CS11->US75,51061,51061,0
9,CS11->US83,57143,57143,0
9,CS11->US91,50763,50763,0
9,CS11->US99,12738,12738,0
9,CS11->US107,12081,12081,0
9,CS11->US115,55533,55533,0
9,CS11->US123,53704,53704,0
9,CS12->US4,51265,51265,0
9,CS12->US12,50511,50511,0
9,CS12->US20,50829,50829,0
9,CS12->US28,50888,50888,0
9,CS12->US36,0,0,0
9,CS12->US44,51923,51923,0
9,CS12->US52,51372,51372,0
9,CS12->US60,50714,50714,0
9,CS12->US68,0,0,0
9,CS12->US76,51238,51238,0
9,CS12->US84,57586,57586,0
9,CS12->US92,51661,51661,0
9,CS12->US100,12507,12507,0
9,CS12->US108,11988,11988,0
9,CS12->US116,55265,55265,0
9,CS12->US124,53434,53434,0
9,CS13->US5,51719,51719,0
9,CS13->US13,50678,50678,0
9,CS13->US21,51316,51316,0
9,CS13->US29,51310,51310,0
9,CS13->US37,0,0,0
9,CS13->US45,51956,51956,0
9,CS13->US53,51280,51280,0
9,CS13->US61,50820,50820,0
9,CS13->US69,0,0,0
9,CS13->US77,50774,50774,0
9,CS13->US85,57479,57479,0
9,CS13->US93,51486,51486,0
9,CS13->US101,12834,12833,0
9,CS13->US109,12037,12036,0
9,CS13->US117,55287,55287,0
9,CS13->US125,53321,53321,0
9,CS14->US6,51238,51238,0
9,CS14->US14,50281,50281,0
9,CS14->US22,50556,50556,0
9,CS14->US30,50652,50652,0
9,CS14->US38,0,0,0
9,CS14->US46,51780,51780,0
9,CS14->US54,51523,51523,0
9,CS14->US62,50777,50777,0
9,CS14->US70,0,0,0
9,CS14->US78,51050,51050,0
9,CS14->US86,57131,57131,0
9,CS14->US94,51203,51203,0
9,CS14->US102,12516,12515,0
9,CS14->US110,12362,12362,0
9,CS14->US118,55686,55686,0
9,CS14->US126,53376,53376,0
9,CS15->US7,51492,51492,0
9,CS15->US15,51221,51221,0
9,CS15->US23,50782,50782,0
9,CS15->US31,50783,50783,0
9,CS15->US39,0,0,0
9,CS15->US47,52280,52280,0
9,CS15->US55,51481,51481,0
9,CS15->US63,50772,50772,0
9,CS15->US71,0,0,0
9,CS15->US79,51367,51367,0
9,CS15->US87,57079,57079,0
9,CS15->US95,51337,51337,0
9,CS15->US103,12656,12656,0
9,CS15->US111,11981,11981,0
9,CS15->US119,55386,55386,0
9,CS15->US127,53716,53716,0
9,CS16->US0,52225,52225,0
9,CS16->US8,50575,50575,0
9,CS16->US16,51011,51011,0
9,CS16->US24,50840,50840,0
9,CS16->US32,0,0,0
9,CS16->US40,52297,52297,0
9,CS16->US48,51601,51601,0
9,CS16->US56,50370,50370,0
9,CS16->US64,0,0,0
9,CS16->US72,50896,50896,0
9,CS16->US80,57360,57360,0
9,CS16->US88,51355,51355,0
9,CS16->US96,12804,12804,0
9,CS16->US104,12062,12061,0
9,CS16->US112,55848,55848,0
9,CS16->US120,53254,53254,0
9,CS17->US1,51729,51729,0
9,CS17->US9,50353,50353,0
9,CS17->US17,50668,50668,0
9,CS17->US25,50615,50615,0
9,CS17->US33,0,0,0
9,CS17->US41,51627,51627,0
9,CS17->US49,51417,51417,0
9,CS17->US57,50888,50888,0
9,CS17->US65,0,0,0
9,CS17->US73,51205,51205,0
9,CS17->US81,57456,57456,0
9,CS17->US89,51082,51082,0
9,CS17->US97,12504,12504,0
9,CS17->US105,12095,12095,0
9,CS17->US113,55791,55791,0
9,CS17->US121,53367,53367,0
9,CS18->US2,51575,51575,0
9,CS18->US10,50900,50900,0
9,CS18->US18,50694,50694,0
9,CS18->US26,50681,50681,0
9,CS18->US34,0,0,0
9,CS18->US42,51967,51967,0
9,CS18->US50,51414,51414,0
9,CS18->US58,50776,50776,0
9,CS18->US66,0,0,0
9,CS18->US74,50772,50772,0
9,CS18->US82,57405,57405,0
9,CS18->US90,51201,51201,0
9,CS18->US98,12686,12686,0
9,CS18->US106,12323,12322,0
9,CS18->US114,55079,55079,0
9,CS18->US122,53327,53327,0
9,CS19->US3,51505,51505,0
9,CS19->US11,50417,50417,0
9,CS19->US19,50754,50754,0
9,CS19->US27,51398,51398,0
9,CS19->US35,0,0,0
9,CS19->US43,51843,51843,0
9,CS19->US51,51751,51751,0
9,CS19->US59,50751,50751,0
9,CS19->US67,0,0,0
9,CS19->US75,50661,50661,0
9,CS19->US83,56973,56973,0
9,CS19->US91,51246,51246,0
9,CS19->US99,12760,12759,0
9,CS19->US107,11941,11941,0
9,CS19->US115,55855,55855,0
9,CS19->US123,53298,53298,0
9,CS20->US4,51568,51568,0
9,CS20->US12,50451,50451,0
9,CS20->US20,50933,50933,0
9,CS20->US28,50709,50709,0
9,CS20->US36,0,0,0
9,CS20->US44,51893,51893,0
9,CS20->US52,51310,51310,0
9,CS20->US60,50930,50930,0
9,CS20->US68,0,0,0
9,CS20->US76,51051,51051,0
9,CS20->US84,57381,57381,0
9,CS20->US92,50822,50822,0
9,CS20->US100,12757,12757,0
9,CS20->US108,12094,12094,0
9,CS20->US116,55741,55741,0
9,CS20->US124,53896,53896,0
9,CS21->US5,51832,51832,0
9,CS21->US13,50611,50611,0
9,CS21->US21,50980,50980,0
9,CS21->US29,50737,50737,0
9,CS21->US37,0,0,0
9,CS21->US45,51835,51835,0
9,CS21->US53,51376,51376,0
9,CS21->US61,50761,50761,0
9,CS21->US69,0,0,0
9,CS21->US77,50888,50888,0
9,CS21->US85,56978,56978,0
9,CS21->US93,51356,51356,0
9,CS21->US101,12804,12804,0
9,CS21->US109,12044,12044,0
9,CS21->US117,55670,55670,0
9,CS21->US125,53265,53265,0
9,CS22->US6,51175,51175,0
9,CS22->US14,50652,50652,0
9,CS22->US22,50940,50940,0
9,CS22->US30,51162,51162,0
9,CS22->US38,0,0,0
9,CS22->US46,51897,51897,0
9,CS22->US54,51834,51834,0
9,CS22->US62,50822,50822,0
9,CS22->US70,0,0,0
9,CS22->US78,51115,51115,0
9,CS22->US86,57481,57481,0
9,CS22->US94,51464,51464,0
9,CS22->US102,12665,12664,0
9,CS22->US110,12050,12049,0
9,CS22->US118,55583,55583,0
9,CS22->US126,54191,54191,0
9,CS23->US7,51470,51470,0
9,CS23->US15,50645,50645,0
9,CS23->US23,51178,51178,0
9,CS23->US31,50637,50637,0
9,CS23->US39,0,0,0
9,CS23->US47,52210,52210,0
9,CS23->US55,51202,51202,0
9,CS23->US63,50615,50615,0
9,CS23->US71,0,0,0
9,CS23->US79,50806,50806,0
9,CS23->US87,57855,57855,0
9,CS23->US95,51019,51019,0
9,CS23->US103,12757,12756,0
9,CS23->US111,11864,11863,0
9,CS23->US119,55604,55604,0
9,CS23->US127,53685,53685,0
9,CS24->US0,51597,51597,0
9,CS24->US8,50351,50351,0
9,CS24->US16,51016,51016,0
9,CS24->US24,50557,50557,0
9,CS24->US32,0,0,0
9,CS24->US40,52283,52283,0
9,CS24->US48,51642,51642,0
9,CS24->US56,51005,51005,0
9,CS24->US64,0,0,0
9,CS24->US72,50922,50922,0
9,CS24->US80,57319,57319,0
9,CS24->US88,51373,51373,0
9,CS24->US96,12587,12586,0
9,CS24->US104,12100,12100,0
9,CS24->US112,55491,55491,0
9,CS24->US120,53487,53487,0
9,CS25->US1,51728,51728,0
9,CS25->US9,50515,50515,0
9,CS25->US17,51173,51173,0
9,CS25->US25,51583,51583,0
9,CS25->US33,0,0,0
9,CS25->US41,51799,51799,0
9,CS25->US49,51681,51681,0
9,CS25->US57,50795,50795,0
9,CS25->US65,0,0,0
9,CS25->US73,51119,51119,0
9,CS25->US81,57300,57300,0
9,CS25->US89,51007,51007,0
9,CS25->US97,12712,12712,0
9,CS25->US105,12230,12230,0
9,CS25->US113,55826,55826,0
9,CS25->US121,53136,53136,0
9,CS26->US2,51339,51339,0
9,CS26->US10,50527,50527,0
9,CS26->US18,51121,51121,0
9,CS26->US26,50471,50471,0
9,CS26->US34,0,0,0
9,CS26->US42,51870,51870,0
9,CS26->US50,51743,51743,0
9,CS26->US58,50936,50936,0
9,CS26->US66,0,0,0
9,CS26->US74,51329,51329,0
9,CS26->US82,57440,57440,0
9,CS26->US90,51076,51076,0
9,CS26->US98,12702,12702,0
9,CS26->US106,12123,12122,0
9,CS26->US114,56025,56025,0
9,CS26->US122,53625,53625,0
9,CS27->US3,51228,51228,0
9,CS27->US11,50951,50951,0
9,CS27->US19,50699,50699,0
9,CS27->US27,50644,50644,0
9,CS27->US35,0,0,0
9,CS27->US43,51961,51961,0
9,CS27->US51,51564,51564,0
9,CS27->US59,50817,50817,0
9,CS27->US67,0,0,0
9,CS27->US75,50858,50858,0
9,CS27->US83,57381,57381,0
9,CS27->US91,51380,51380,0
9,CS27->US99,12833,12832,0
9,CS27->US107,12081,12079,0
9,CS27->US115,55439,55439,0
9,CS27->US123,53563,53563,0
9,CS28->US4,51245,51245,0
9,CS28->US12,50007,50007,0
9,CS28->US20,50822,50822,0
9,CS28->US28,50721,50721,0
9,CS28->US36,0,0,0
9,CS28->US44,52077,52077,0
9,CS28->US52,51679,51679,0
9,CS28->US60,50466,50466,0
9,CS28->US68,0,0,0
9,CS28->US76,51218,51218,0
9,CS28->US84,57595,57595,0
9,CS28->US92,51021,51021,0
9,CS28->US100,12644,12644,0
9,CS28->US108,12034,12034,0
9,CS28->US116,55637,55637,0
9,CS28->US124,53601,53601,0
9,CS29->US5,51335,51335,0
9,CS29->US13,50372,50372,0
9,CS29->US21,50811,50811,0
9,CS29->US29,50932,50932,0
9,CS29->US37,0,0,0
9,CS29->US45,52189,52189,0
9,CS29->US53,51406,51406,0
9,CS29->US61,50369,50369,0
9,CS29->US69,0,0,0
9,CS29->US77,50943,50943,0
9,CS29->US85,57515,57515,0
9,CS29->US93,51109,51109,0
9,CS29->US101,12775,12775,0
9,CS29->US109,11880,11880,0
9,CS29->US117,55716,55716,0
9,CS29->US125,53374,53374,0
9,CS30->US6,51612,51612,0
9,CS30->US14,50645,50645,0
9,CS30->US22,51202,51202,0
9,CS30->US30,50964,50964,0
9,CS30->US38,0,0,0
9,CS30->US46,51967,51967,0
9,CS30->US54,51651,51651,0
9,CS30->US62,50957,50957,0
9,CS30->US70,0,0,0
9,CS30->US78,50859,50859,0
9,CS30->US86,57672,57672,0
9,CS30->US94,51290,51290,0
9,CS30->US102,12657,12657,0
9,CS30->US110,11953,11952,0
9,CS30->US118,55583,55583,0
9,CS30->US126,53512,53512,0
9,CS31->US7,51333,51333,0
9,CS31->US15,50300,50300,0
9,CS31->US23,50579,50579,0
9,CS31->US31,51085,51085,0
9,CS31->US39,0,0,0
9,CS31->US47,52091,52091,0
9,CS31->US55,51584,51584,0
9,CS31->US63,50462,50462,0
9,CS31->US71,0,0,0
9,CS31->US79,50863,50863,0
9,CS31->US87,57797,57797,0
9,CS31->US95,51186,51186,0
9,CS31->US103,12568,12567,0
9,CS31->US111,11988,11988,0
9,CS31->US119,55561,55561,0
9,CS31->US127,53183,53183,0
9,CS32->US0,51200,51200,0
9,CS32->US8,50602,50602,0
9,CS32->US16,50694,50694,0
9,CS32->US24,51377,51377,0
9,CS32->US32,0,0,0
9,CS32->US40,51824,51824,0
9,CS32->US48,51897,51897,0
9,CS32->US56,51005,51005,0
9,CS32->US64,0,0,0
9,CS32->US72,50883,50883,0
9,CS32->US80,58001,58001,0
9,CS32->US88,50992,50992,0
9,CS32->US96,12641,12639,0
9,CS32->US104,12073,12073,0
9,CS32->US112,55780,55780,0
9,CS32->US120,53433,53433,0
9,CS33->US1,51768,51768,0
9,CS33->US9,50284,50284,0
9,CS33->US17,50714,50714,0
9,CS33->US25,50831,50831,0
9,CS33->US33,0,0,0
9,CS33->US41,52149,52149,0
9,CS33->US49,51842,51842,0
9,CS33->US57,50622,50622,0
9,CS33->US65,0,0,0
9,CS33->US73,50534,50534,0
9,CS33->US81,57656,57656,0
9,CS33->US89,51107,51107,0
9,CS33->US97,12664,12664,0
9,CS33->US105,12133,12133,0
9,CS33->US113,56128,56128,0
9,CS33->US121,53876,53876,0
9,CS34->US2,51195,51195,0
9,CS34->US10,50704,50704,0
9,CS34->US18,50726,50726,0
9,CS34->US26,50915,50915,0
9,CS34->US34,0,0,0
9,CS34->US42,52001,52001,0
9,CS34->US50,51381,51381,0
9,CS34->US58,50949,50949,0
9,CS34->US66,0,0,0
9,CS34->US74,51021,51021,0
9,CS34->US82,57645,57645,0
9,CS34->US90,51169,51169,0
9,CS34->US98,12557,12556,0
9,CS34->US106,11945,11945,0
9,CS34->US114,55658,55658,0
9,CS34->US122,53542,53542,0
9,CS35->US3,51713,51713,0
9,CS35->US11,50325,50325,0
9,CS35->US19,50968,50968,0
9,CS35->US27,50543,50543,0
9,CS35->US35,0,0,0
9,CS35->US43,51774,51774,0
9,CS35->US51,51493,51493,0
9,CS35->US59,50786,50786,0
9,CS35->US67,0,0,0
9,CS35->US75,51051,51051,0
9,CS35->US83,58056,58056,0
9,CS35->US91,50984,50984,0
9,CS35->US99,12565,12565,0
9,CS35->US107,12027,12026,0
9,CS35->US115,56116,56116,0
9,CS35->US123,53681,53681,0
9,CS36->US4,51567,51567,0
9,CS36->US12,50558,50558,0
9,CS36->US20,50782,50782,0
9,CS36->US28,51161,51161,0
9,CS36->US36,0,0,0
9,CS36->US44,51936,51936,0
9,CS36->US52,51333,51333,0
9,CS36->US60,51037,51037,0
9,CS36->US68,0,0,0
9,CS36->US76,50866,50866,0
9,CS36->US84,57015,57015,0
9,CS36->US92,51119,51119,0
9,CS36->US100,12826,12826,0
9,CS36->US108,11910,11908,0
9,CS36->US116,55352,55352,0
9,CS36->US124,53327,53327,0
9,CS37->US5,51443,51443,0
9,CS37->US13,50533,50533,0
9,CS37->US21,50939,50939,0
9,CS37->US29,50939,50939,0
9,CS37->US37,0,0,0
9,CS37->US45,51955,51955,0
9,CS37->US53,51368,51368,0
9,CS37->US61,50848,50848,0
9,CS37->US69,0,0,0
9,CS37->US77,51305,51305,0
9,CS37->US85,57488,57488,0
9,CS37->US93,50840,50840,0
9,CS37->US101,12760,12759,0
9,CS37->US109,12013,12013,0
9,CS37->US117,55349,55349,0
9,CS37->US125,53572,53572,0
9,CS38->US6,51303,51303,0
9,CS38->US14,50588,50588,0
9,CS38->US22,51017,51017,0
9,CS38->US30,50861,50861,0
9,CS38->US38,0,0,0
9,CS38->US46,51856,51856,0
9,CS38->US54,51595,51595,0
9,CS38->US62,50625,50625,0
9,CS38->US70,0,0,0
9,CS38->US78,51010,51010,0
9,CS38->US86,57726,57726,0
9,CS38->US94,51406,51406,0
9,CS38->US102,12898,12898,0
9,CS38->US110,11994,11993,0
9,CS38->US118,55971,55971,0
9,CS38->US126,53389,53389,0
9,CS39->US7,51796,51796,0
9,CS39->US15,50895,50895,0
9,CS39->US23,50798,50798,0
9,CS39->US31,50776,50776,0
9,CS39->US39,0,0,0
9,CS39->US47,51870,51870,0
9,CS39->US55,51129,51129,0
9,CS39->US63,50460,50460,0
9,CS39->US71,0,0,0
9,CS39->US79,51195,51195,0
9,CS39->US87,57298,57298,0
9,CS39->US95,51202,51202,0
9,CS39->US103,12493,12491,0
9,CS39->US111,12223,12223,0
9,CS39->US119,55717,55717,0
9,CS39->US127,53830,53830,0
9,CS40->US0,51580,51580,0
9,CS40->US8,50422,50422,0
9,CS40->US16,50650,50650,0
9,CS40->US24,50675,50675,0
9,CS40->US32,0,0,0
9,CS40->US40,51782,51782,0
9,CS40->US48,51147,51147,0
9,CS40->US56,50492,50492,0
9,CS40->US64,0,0,0
9,CS40->US72,50750,50750,0
9,CS40->US80,57321,57321,0
9,CS40->US88,51416,51416,0
9,CS40->US96,12683,12683,0
9,CS40->US104,11957,11957,0
9,CS40->US112,55980,55980,0
9,CS40->US120,53431,53431,0
9,CS41->US1,51237,51237,0
9,CS41->US9,50546,50546,0
9,CS41->US17,50574,50574,0
9,CS41->US25,51095,51095,0
9,CS41->US33,0,0,0
9,CS41->US41,51943,51943,0
9,CS41->US49,51729,51729,0
9,CS41->US57,50525,50525,0
9,CS41->US65,0,0,0
9,CS41->US73,50894,50894,0
9,CS41->US81,58020,58020,0
9,CS41->US89,51181,51181,0
9,CS41->US97,12552,12551,0
9,CS41->US105,12104,12104,0
9,CS41->US113,55598,55598,0
9,CS41->US121,53438,53438,0
9,CS42->US2,51378,51378,0
9,CS42->US10,50451,50451,0
9,CS42->US18,50774,50774,0
9,CS42->US26,50584,50584,0
9,CS42->US34,0,0,0
9,CS42->US42,51721,51721,0
9,CS42->US50,51711,51711,0
9,CS42->US58,50508,50508,0
9,CS42->US66,0,0,0
9,CS42->US74,50799,50799,0
9,CS42->US82,57571,57571,0
9,CS42->US90,51060,51060,0
9,CS42->US98,12589,12589,0
9,CS42->US106,12041,12041,0
9,CS42->US114,55645,55645,0
9,CS42->US122,53678,53678,0
9,CS43->US3,51287,51287,0
9,CS43->US11,50192,50192,0
9,CS43->US19,50743,50743,0
9,CS43->US27,50612,50612,0
9,CS43->US35,0,0,0
9,CS43->US43,51905,51905,0
9,CS43->US51,51638,51638,0
9,CS43->US59,50892,50892,0
9,CS43->US67,0,0,0
9,CS43->US75,51049,51049,0
9,CS43->US83,57448,57448,0
9,CS43->US91,51415,51415,0
9,CS43->US99,12897,12896,0
9,CS43->US107,11907,11907,0
9,CS43->US115,55174,55174,0
9,CS43->US123,53533,53533,0
9,CS44->US4,51432,51432,0
9,CS44->US12,50868,50868,0
9,CS44->US20,51003,51003,0
9,CS44->US28,51021,51021,0
9,CS44->US36,0,0,0
9,CS44->US44,51929,51929,0
9,CS44->US52,51505,51505,0
9,CS44->US60,50915,50915,0
9,CS44->US68,0,0,0
9,CS44->US76,51065,51065,0
9,CS44->US84,57444,57444,0
9,CS44->US92,51231,51231,0
9,CS44->US100,12484,12484,0
9,CS44->US108,12015,12015,0
9,CS44->US116,55383,55383,0
9,CS44->US124,53590,53590,0
9,CS45->US5,51343,51343,0
9,CS45->US13,50184,50184,0
9,CS45->US21,50552,50552,0
9,CS45->US29,50458,50458,0
9,CS45->US37,0,0,0
9,CS45->US45,52028,52028,0
9,CS45->US53,51390,51390,0
9,CS45->US61,50647,50647,0
9,CS45->US69,0,0,0
9,CS45->US77,51047,51047,0
9,CS45->US85,57334,57334,0
9,CS45->US93,51879,51879,0
9,CS45->US101,12725,12725,0
9,CS45->US109,12008,12007,0
9,CS45->US117,55727,55727,0
9,CS45->US125,53738,53738,0
9,CS46->US6,51457,51457,0
9,CS46->US14,50382,50382,0
9,CS46->US22,51048,51048,0
9,CS46->US30,51295,51295,0
9,CS46->US38,0,0,0
9,CS46->US46,52207,52207,0
9,CS46->US54,51549,51549,0
9,CS46->US62,50641,50641,0
9,CS46->US70,0,0,0
9,CS46->US78,51475,51475,0
9,CS46->US86,57385,57385,0
9,CS46->US94,51141,51141,0
9,CS46->US102,12780,12780,0
9,CS46->US110,12086,12086,0
9,CS46->US118,56188,56188,0
9,CS46->US126,53670,53670,0
9,CS47->US7,51290,51290,0
9,CS47->US15,50227,50227,0
9,CS47->US23,50687,50687,0
9,CS47->US31,51243,51243,0
9,CS47->US39,0,0,0
9,CS47->US47,51969,51969,0
9,CS47->US55,51219,51219,0
9,CS47->US63,50904,50904,0
9,CS47->US71,0,0,0
9,CS47->US79,50839,50839,0
9,CS47->US87,57645,57645,0
9,CS47->US95,51057,51057,0
9,CS47->US103,12792,12792,0
9,CS47->US111,12145,12144,0
9,CS47->US119,55737,55737,0
9,CS47->US127,53579,53579,0
9,CS48->US0,51614,51614,0
9,CS48->US8,50699,50699,0
9,CS48->US16,51081,51081,0
9,CS48->US24,50894,50894,0
9,CS48->US32,0,0,0
9,CS48->US40,52184,52184,0
9,CS48->US48,51720,51720,0
9,CS48->US56,50677,50677,0
9,CS48->US64,0,0,0
9,CS48->US72,50995,50995,0
9,CS48->US80,57512,57512,0
9,CS48->US88,51246,51246,0
9,CS48->US96,12624,12623,0
9,CS48->US104,11932,11932,0
9,CS48->US112,55593,55593,0
9,CS48->US120,53853,53853,0
9,CS49->US1,51315,51315,0
9,CS49->US9,50359,50359,0
9,CS49->US17,50539,50539,0
9,CS49->US25,50729,50729,0
9,CS49->US33,0,0,0
9,CS49->US41,51987,51987,0
9,CS49->US49,51215,51215,0
9,CS49->US57,50752,50752,0
9,CS49->US65,0,0,0
9,CS49->US73,50809,50809,0
9,CS49->US81,57567,57567,0
9,CS49->US89,51121,51121,0
9,CS49->US97,12558,12558,0
9,CS49->US105,12011,12011,0
9,CS49->US113,55921,55921,0
9,CS49->US121,53126,53126,0
9,CS50->US2,51102,51102,0
9,CS50->US10,51044,51044,0
9,CS50->US18,50772,50772,0
9,CS50->US26,50767,50767,0
9,CS50->US34,0,0,0
9,CS50->US42,52025,52025,0
9,CS50->US50,51553,51553,0
9,CS50->US58,50932,50932,0
9,CS50->US66,0,0,0
9,CS50->US74,51032,51032,0
9,CS50->US82,57552,57552,0
9,CS50->US90,51332,51332,0
9,CS50->US98,12730,12730,0
9,CS50->US106,12067,12066,0
9,CS50->US114,56043,56043,0
9,CS50->US122,53576,53576,0
9,CS51->US3,51285,51285,0
9,CS51->US11,50343,50343,0
9,CS51->US19,51075,51075,0
9,CS51->US27,50640,50640,0
9,CS51->US35,0,0,0
9,CS51->US43,52024,52024,0
9,CS51->US51,51728,51728,0
9,CS51->US59,50472,50472,0
9,CS51->US67,0,0,0
9,CS51->US75,51028,51028,0
9,CS51->US83,57292,57292,0
9,CS51->US91,50952,50952,0
9,CS51->US99,12704,12704,0
9,CS51->US107,12143,12142,0
9,CS51->US115,55762,55762,0
9,CS51->US123,53845,53845,0
9,CS52->US4,51475,51475,0
9,CS52->US12,50445,50445,0
9,CS52->US20,50840,50840,0
9,CS52->US28,51103,51103,0
9,CS52->US36,0,0,0
9,CS52->US44,52498,52498,0
9,CS52->US52,51511,51511,0
9,CS52->US60,50953,50953,0
9,CS52->US68,0,0,0
9,CS52->US76,51309,51309,0
9,CS52->US84,57361,57361,0
9,CS52->US92,51476,51476,0
9,CS52->US100,12531,12531,0
9,CS52->US108,12036,12036,0
9,CS52->US116,55664,55664,0
9,CS52->US124,53762,53762,0
9,CS53->US5,51501,51501,0
9,CS53->US13,50693,50693,0
9,CS53->US21,50481,50481,0
9,CS53->US29,50503,50503,0
9,CS53->US37,0,0,0
9,CS53->US45,52256,52256,0
9,CS53->US53,51529,51529,0
9,CS53->US61,50773,50773,0
9,CS53->US69,0,0,0
9,CS53->US77,51349,51349,0
9,CS53->US85,57443,57443,0
9,CS53->US93,51047,51047,0
9,CS53->US101,12711,12711,0
9,CS53->US109,12099,12099,0
9,CS53->US117,55259,55259,0
9,CS53->US125,53038,53038,0
9,CS54->US6,51144,51144,0
9,CS54->US14,50973,50973,0
9,CS54->US22,50608,50608,0
9,CS54->US30,51279,51279,0
9,CS54->US38,0,0,0
9,CS54->US46,51912,51912,0
9,CS54->US54,51350,51350,0
9,CS54->US62,50670,50670,0
9,CS54->US70,0,0,0
9,CS54->US78,51172,51172,0
9,CS54->US86,57379,57379,0
9,CS54->US94,50872,50872,0
9,CS54->US102,12795,12795,0
9,CS54->US110,11916,11916,0
9,CS54->US118,55931,55931,0
9,CS54->US126,53532,53532,0
9,CS55->US7,51450,51450,0
9,CS55->US15,50434,50434,0
9,CS55->US23,51124,51124,0
9,CS55->US31,50843,50843,0
9,CS55->US39,0,0,0
9,CS55->US47,51778,51778,0
9,CS55->US55,51537,51537,0
9,CS55->US63,51178,51178,0
9,CS55->US71,0,0,0
9,CS55->US79,50490,50490,0
9,CS55->US87,57367,57367,0
9,CS55->US95,51213,51213,0
9,CS55->US103,12946,12945,0
9,CS55->US111,12343,12343,0
9,CS55->US119,56010,56010,0
9,CS55->US127,53688,53688,0
9,CS56->US0,51594,51594,0
9,CS56->US8,50388,50388,0
9,CS56->US16,51052,51052,0
9,CS56->US24,51145,51145,0
9,CS56->US32,0,0,0
9,CS56->US40,51656,51656,0
9,CS56->US48,51658,51658,0
9,CS56->US56,50913,50913,0
9,CS56->US64,0,0,0
9,CS56->US72,50823,50823,0
9,CS56->US80,57358,57358,0
9,CS56->US88,51335,51335,0
9,CS56->US96,12520,12520,0
9,CS56->US104,11964,11964,0
9,CS56->US112,55901,55901,0
9,CS56->US120,53575,53575,0
9,CS57->US1,51587,51587,0
9,CS57->US9,50393,50393,0
9,CS57->US17,50943,50943,0
9,CS57->US25,50561,50561,0
9,CS57->US33,0,0,0
9,CS57->US41,52186,52186,0
9,CS57->US49,51452,51452,0
9,CS57->US57,50931,50931,0
9,CS57->US65,0,0,0
9,CS57->US73,51400,51400,0
9,CS57->US81,57662,57662,0
9,CS57->US89,51363,51363,0
9,CS57->US97,12680,12680,0
9,CS57->US105,12062,12062,0
9,CS57->US113,56178,56178,0
9,CS57->US121,53361,53361,0
9,CS58->US2,51852,51852,0
9,CS58->US10,50265,50265,0
9,CS58->US18,50617,50617,0
9,CS58->US26,50912,50912,0
9,CS58->US34,0,0,0
9,CS58->US42,51785,51785,0
9,CS58->US50,51494,51494,0
9,CS58->US58,50898,50898,0
9,CS58->US66,0,0,0
9,CS58->US74,51333,51333,0
9,CS58->US82,57706,57706,0
9,CS58->US90,50931,50931,0
9,CS58->US98,12564,12563,0
9,CS58->US106,12222,12221,0
9,CS58->US114,55923,55923,0
9,CS58->US122,53692,53692,0
9,CS59->US3,51382,51382,0
9,CS59->US11,50173,50173,0
9,CS59->US19,50739,50739,0
9,CS59->US27,50669,50669,0
9,CS59->US35,0,0,0
9,CS59->US43,52377,52377,0
9,CS59->US51,51151,51151,0
9,CS59->US59,51080,51080,0
9,CS59->US67,0,0,0
9,CS59->US75,50893,50893,0
9,CS59->US83,57119,57119,0
9,CS59->US91,51163,51163,0
9,CS59->US99,12802,12801,0
9,CS59->US107,12038,12037,0
9,CS59->US115,55816,55816,0
9,CS59->US123,53142,53142,0
9,CS60->US4,51584,51584,0
9,CS60->US12,50434,50434,0
9,CS60->US20,51470,51470,0
9,CS60->US28,50664,50664,0
9,CS60->US36,0,0,0
9,CS60->US44,51433,51433,0
9,CS60->US52,51557,51557,0
9,CS60->US60,50499,50499,0
9,CS60->US68,0,0,0
9,CS60->US76,51326,51326,0
9,CS60->US84,58054,58054,0
9,CS60->US92,51144,51144,0
9,CS60->US100,12820,12819,0
9,CS60->US108,12033,12033,0
9,CS60->US116,55760,55760,0
9,CS60->US124,53680,53680,0
9,CS61->US5,51649,51649,0
9,CS61->US13,50659,50659,0
9,CS61->US21,51034,51034,0
9,CS61->US29,50668,50668,0
9,CS61->US37,0,0,0
9,CS61->US45,52101,52101,0
9,CS61->US53,51385,51385,0
9,CS61->US61,50925,50925,0
9,CS61->US69,0,0,0
9,CS61->US77,51041,51041,0
9,CS61->US85,57794,57794,0
9,CS61->US93,51558,51558,0
9,CS61->US101,12676,12676,0
9,CS61->US109,12137,12136,0
9,CS61->US117,55568,55568,0
9,CS61->US125,53706,53706,0
9,CS62->US6,51437,51437,0
9,CS62->US14,50362,50362,0
9,CS62->US22,50750,50750,0
9,CS62->US30,50774,50774,0
9,CS62->US38,0,0,0
9,CS62->US46,51681,51681,0
9,CS62->US54,51463,51463,0
9,CS62->US62,50574,50574,0
9,CS62->US70,0,0,0
9,CS62->US78,51163,51163,0
9,CS62->US86,57382,57382,0
9,CS62->US94,51299,51299,0
9,CS62->US102,12721,12721,0
9,CS62->US110,11970,11969,0
9,CS62->US118,55882,55882,0
9,CS62->US126,53711,53711,0
9,CS63->US7,51612,51612,0
9,CS63->US15,50790,50790,0
9,CS63->US23,50757,50757,0
9,CS63->US31,51186,51186,0
9,CS63->US39,0,0,0
9,CS63->US47,52058,52058,0
9,CS63->US55,51725,51725,0
9,CS63->US63,51424,51424,0
9,CS63->US71,0,0,0
9,CS63->US79,51161,51161,0
9,CS63->US87,57479,57479,0
9,CS63->US95,51107,51107,0
9,CS63->US103,12718,12717,0
9,CS63->US111,11882,11882,0
9,CS63->US119,56117,56117,0
9,CS63->US127,53607,53607,0
