epoch,link_name,tx,rx,drop
1,US0->CS0,27676,27676,0
1,US0->CS8,27681,27681,0
1,US0->CS16,27642,27642,0
1,US0->CS24,27589,27589,0
1,US0->CS32,27543,27543,0
1,US0->CS40,27467,27467,0
1,US0->CS48,27658,27658,0
1,US0->CS56,27883,27883,0
1,US1->CS1,27399,27399,0
1,US1->CS9,27730,27730,0
1,US1->CS17,27649,27649,0
1,US1->CS25,27332,27332,0
1,US1->CS33,27587,27587,0
1,US1->CS41,27369,27369,0
1,US1->CS49,27489,27489,0
1,US1->CS57,27425,27425,0
1,US2->CS2,27467,27467,0
1,US2->CS10,27293,27293,0
1,US2->CS18,27421,27421,0
1,US2->CS26,27793,27793,0
1,US2->CS34,27942,27942,0
1,US2->CS42,27653,27653,0
1,US2->CS50,27651,27651,0
1,US2->CS58,27652,27652,0
1,US3->CS3,27213,27213,0
1,US3->CS11,27745,27745,0
1,US3->CS19,27414,27414,0
1,US3->CS27,27471,27471,0
1,US3->CS35,27597,27597,0
1,US3->CS43,27388,27388,0
1,US3->CS51,27517,27517,0
1,US3->CS59,27520,27520,0
1,US4->CS4,27504,27504,0
1,US4->CS12,27543,27543,0
1,US4->CS20,27509,27509,0
1,US4->CS28,27333,27333,0
1,US4->CS36,27721,27721,0
1,US4->CS44,27607,27607,0
1,US4->CS52,27565,27565,0
1,US4->CS60,27529,27529,0
1,US5->CS5,27739,27739,0
1,US5->CS13,27616,27616,0
1,US5->CS21,27448,27448,0
1,US5->CS29,27516,27516,0
1,US5->CS37,27452,27452,0
1,US5->CS45,27588,27588,0
1,US5->CS53,27659,27659,0
1,US5->CS61,27923,27923,0
1,US6->CS6,27547,27547,0
1,US6->CS14,27737,27737,0
1,US6->CS22,27551,27551,0
1,US6->CS30,27596,27596,0
1,US6->CS38,27488,27488,0
1,US6->CS46,27576,27576,0
1,US6->CS54,27586,27586,0
1,US6->CS62,27410,27410,0
1,US7->CS7,27822,27822,0
1,US7->CS15,27430,27430,0
1,US7->CS23,27457,27457,0
1,US7->CS31,27500,27500,0
1,US7->CS39,27407,27407,0
1,US7->CS47,27760,27760,0
1,US7->CS55,27135,27135,0
1,US7->CS63,27647,27647,0
1,US8->CS0,0,0,0
1,US8->CS8,0,0,0
1,US8->CS16,0,0,0
1,US8->CS24,0,0,0
1,US8->CS32,0,0,0
1,US8->CS40,0,0,0
1,US8->CS48,0,0,0
1,US8->CS56,0,0,0
1,US9->CS1,0,0,0
1,US9->CS9,0,0,0
1,US9->CS17,0,0,0
1,US9->CS25,0,0,0
1,US9->CS33,0,0,0
1,US9->CS41,0,0,0
1,US9->CS49,0,0,0
1,US9->CS57,0,0,0
1,US10->CS2,0,0,0
1,US10->CS10,0,0,0
1,US10->CS18,0,0,0
1,US10->CS26,0,0,0
1,US10->CS34,0,0,0
1,US10->CS42,0,0,0
1,US10->CS50,0,0,0
1,US10->CS58,0,0,0
1,US11->CS3,0,0,0
1,US11->CS11,0,0,0
1,US11->CS19,0,0,0
1,US11->CS27,0,0,0
1,US11->CS35,0,0,0
1,US11->CS43,0,0,0
1,US11->CS51,0,0,0
1,US11->CS59,0,0,0
1,US12->CS4,0,0,0
1,US12->CS12,0,0,0
1,US12->CS20,0,0,0
1,US12->CS28,0,0,0
1,US12->CS36,0,0,0
1,US12->CS44,0,0,0
1,US12->CS52,0,0,0
1,US12->CS60,0,0,0
1,US13->CS5,0,0,0
1,US13->CS13,0,0,0
1,US13->CS21,0,0,0
1,US13->CS29,0,0,0
1,US13->CS37,0,0,0
1,US13->CS45,0,0,0
1,US13->CS53,0,0,0
1,US13->CS61,0,0,0
1,US14->CS6,0,0,0
1,US14->CS14,0,0,0
1,US14->CS22,0,0,0
1,US14->CS30,0,0,0
1,US14->CS38,0,0,0
1,US14->CS46,0,0,0
1,US14->CS54,0,0,0
1,US14->CS62,0,0,0
1,US15->CS7,0,0,0
1,US15->CS15,0,0,0
1,US15->CS23,0,0,0
1,US15->CS31,0,0,0
1,US15->CS39,0,0,0
1,US15->CS47,0,0,0
1,US15->CS55,0,0,0
1,US15->CS63,0,0,0
1,US16->CS0,0,0,0
1,US16->CS8,0,0,0
1,US16->CS16,0,0,0
1,US16->CS24,0,0,0
1,US16->CS32,0,0,0
1,US16->CS40,0,0,0
1,US16->CS48,0,0,0
1,US16->CS56,0,0,0
1,US17->CS1,0,0,0
1,US17->CS9,0,0,0
1,US17->CS17,0,0,0
1,US17->CS25,0,0,0
1,US17->CS33,0,0,0
1,US17->CS41,0,0,0
1,US17->CS49,0,0,0
1,US17->CS57,0,0,0
1,US18->CS2,0,0,0
1,US18->CS10,0,0,0
1,US18->CS18,0,0,0
1,US18->CS26,0,0,0
1,US18->CS34,0,0,0
1,US18->CS42,0,0,0
1,US18->CS50,0,0,0
1,US18->CS58,0,0,0
1,US19->CS3,0,0,0
1,US19->CS11,0,0,0
1,US19->CS19,0,0,0
1,US19->CS27,0,0,0
1,US19->CS35,0,0,0
1,US19->CS43,0,0,0
1,US19->CS51,0,0,0
1,US19->CS59,0,0,0
1,US20->CS4,0,0,0
1,US20->CS12,0,0,0
1,US20->CS20,0,0,0
1,US20->CS28,0,0,0
1,US20->CS36,0,0,0
1,US20->CS44,0,0,0
1,US20->CS52,0,0,0
1,US20->CS60,0,0,0
1,US21->CS5,0,0,0
1,US21->CS13,0,0,0
1,US21->CS21,0,0,0
1,US21->CS29,0,0,0
1,US21->CS37,0,0,0
1,US21->CS45,0,0,0
1,US21->CS53,0,0,0
1,US21->CS61,0,0,0
1,US22->CS6,0,0,0
1,US22->CS14,0,0,0
1,US22->CS22,0,0,0
1,US22->CS30,0,0,0
1,US22->CS38,0,0,0
1,US22->CS46,0,0,0
1,US22->CS54,0,0,0
1,US22->CS62,0,0,0
1,US23->CS7,0,0,0
1,US23->CS15,0,0,0
1,US23->CS23,0,0,0
1,US23->CS31,0,0,0
1,US23->CS39,0,0,0
1,US23->CS47,0,0,0
1,US23->CS55,0,0,0
1,US23->CS63,0,0,0
1,US24->CS0,0,0,0
1,US24->CS8,0,0,0
1,US24->CS16,0,0,0
1,US24->CS24,0,0,0
1,US24->CS32,0,0,0
1,US24->CS40,0,0,0
1,US24->CS48,0,0,0
1,US24->CS56,0,0,0
1,US25->CS1,0,0,0
1,US25->CS9,0,0,0
1,US25->CS17,0,0,0
1,US25->CS25,0,0,0
1,US25->CS33,0,0,0
1,US25->CS41,0,0,0
1,US25->CS49,0,0,0
1,US25->CS57,0,0,0
1,US26->CS2,0,0,0
1,US26->CS10,0,0,0
1,US26->CS18,0,0,0
1,US26->CS26,0,0,0
1,US26->CS34,0,0,0
1,US26->CS42,0,0,0
1,US26->CS50,0,0,0
1,US26->CS58,0,0,0
1,US27->CS3,0,0,0
1,US27->CS11,0,0,0
1,US27->CS19,0,0,0
1,US27->CS27,0,0,0
1,US27->CS35,0,0,0
1,US27->CS43,0,0,0
1,US27->CS51,0,0,0
1,US27->CS59,0,0,0
1,US28->CS4,0,0,0
1,US28->CS12,0,0,0
1,US28->CS20,0,0,0
1,US28->CS28,0,0,0
1,US28->CS36,0,0,0
1,US28->CS44,0,0,0
1,US28->CS52,0,0,0
1,US28->CS60,0,0,0
1,US29->CS5,0,0,0
1,US29->CS13,0,0,0
1,US29->CS21,0,0,0
1,US29->CS29,0,0,0
1,US29->CS37,0,0,0
1,US29->CS45,0,0,0
1,US29->CS53,0,0,0
1,US29->CS61,0,0,0
1,US30->CS6,0,0,0
1,US30->CS14,0,0,0
1,US30->CS22,0,0,0
1,US30->CS30,0,0,0
1,US30->CS38,0,0,0
1,US30->CS46,0,0,0
1,US30->CS54,0,0,0
1,US30->CS62,0,0,0
1,US31->CS7,0,0,0
1,US31->CS15,0,0,0
1,US31->CS23,0,0,0
1,US31->CS31,0,0,0
1,US31->CS39,0,0,0
1,US31->CS47,0,0,0
1,US31->CS55,0,0,0
1,US31->CS63,0,0,0
1,US32->CS0,0,0,0
1,US32->CS8,0,0,0
1,US32->CS16,0,0,0
1,US32->CS24,0,0,0
1,US32->CS32,0,0,0
1,US32->CS40,0,0,0
1,US32->CS48,0,0,0
1,US32->CS56,0,0,0
1,US33->CS1,0,0,0
1,US33->CS9,0,0,0
1,US33->CS17,0,0,0
1,US33->CS25,0,0,0
1,US33->CS33,0,0,0
1,US33->CS41,0,0,0
1,US33->CS49,0,0,0
1,US33->CS57,0,0,0
1,US34->CS2,0,0,0
1,US34->CS10,0,0,0
1,US34->CS18,0,0,0
1,US34->CS26,0,0,0
1,US34->CS34,0,0,0
1,US34->CS42,0,0,0
1,US34->CS50,0,0,0
1,US34->CS58,0,0,0
1,US35->CS3,0,0,0
1,US35->CS11,0,0,0
1,US35->CS19,0,0,0
1,US35->CS27,0,0,0
1,US35->CS35,0,0,0
1,US35->CS43,0,0,0
1,US35->CS51,0,0,0
1,US35->CS59,0,0,0
1,US36->CS4,0,0,0
1,US36->CS12,0,0,0
1,US36->CS20,0,0,0
1,US36->CS28,0,0,0
1,US36->CS36,0,0,0
1,US36->CS44,0,0,0
1,US36->CS52,0,0,0
1,US36->CS60,0,0,0
1,US37->CS5,0,0,0
1,US37->CS13,0,0,0
1,US37->CS21,0,0,0
1,US37->CS29,0,0,0
1,US37->CS37,0,0,0
1,US37->CS45,0,0,0
1,US37->CS53,0,0,0
1,US37->CS61,0,0,0
1,US38->CS6,0,0,0
1,US38->CS14,0,0,0
1,US38->CS22,0,0,0
1,US38->CS30,0,0,0
1,US38->CS38,0,0,0
1,US38->CS46,0,0,0
1,US38->CS54,0,0,0
1,US38->CS62,0,0,0
1,US39->CS7,0,0,0
1,US39->CS15,0,0,0
1,US39->CS23,0,0,0
1,US39->CS31,0,0,0
1,US39->CS39,0,0,0
1,US39->CS47,0,0,0
1,US39->CS55,0,0,0
1,US39->CS63,0,0,0
1,US40->CS0,0,0,0
1,US40->CS8,0,0,0
1,US40->CS16,0,0,0
1,US40->CS24,0,0,0
1,US40->CS32,0,0,0
1,US40->CS40,0,0,0
1,US40->CS48,0,0,0
1,US40->CS56,0,0,0
1,US41->CS1,0,0,0
1,US41->CS9,0,0,0
1,US41->CS17,0,0,0
1,US41->CS25,0,0,0
1,US41->CS33,0,0,0
1,US41->CS41,0,0,0
1,US41->CS49,0,0,0
1,US41->CS57,0,0,0
1,US42->CS2,0,0,0
1,US42->CS10,0,0,0
1,US42->CS18,0,0,0
1,US42->CS26,0,0,0
1,US42->CS34,0,0,0
1,US42->CS42,0,0,0
1,US42->CS50,0,0,0
1,US42->CS58,0,0,0
1,US43->CS3,0,0,0
1,US43->CS11,0,0,0
1,US43->CS19,0,0,0
1,US43->CS27,0,0,0
1,US43->CS35,0,0,0
1,US43->CS43,0,0,0
1,US43->CS51,0,0,0
1,US43->CS59,0,0,0
1,US44->CS4,0,0,0
1,US44->CS12,0,0,0
1,US44->CS20,0,0,0
1,US44->CS28,0,0,0
1,US44->CS36,0,0,0
1,US44->CS44,0,0,0
1,US44->CS52,0,0,0
1,US44->CS60,0,0,0
1,US45->CS5,0,0,0
1,US45->CS13,0,0,0
1,US45->CS21,0,0,0
1,US45->CS29,0,0,0
1,US45->CS37,0,0,0
1,US45->CS45,0,0,0
1,US45->CS53,0,0,0
1,US45->CS61,0,0,0
1,US46->CS6,0,0,0
1,US46->CS14,0,0,0
1,US46->CS22,0,0,0
1,US46->CS30,0,0,0
1,US46->CS38,0,0,0
1,US46->CS46,0,0,0
1,US46->CS54,0,0,0
1,US46->CS62,0,0,0
1,US47->CS7,0,0,0
1,US47->CS15,0,0,0
1,US47->CS23,0,0,0
1,US47->CS31,0,0,0
1,US47->CS39,0,0,0
1,US47->CS47,0,0,0
1,US47->CS55,0,0,0
1,US47->CS63,0,0,0
1,US48->CS0,27554,27554,0
1,US48->CS8,27389,27389,0
1,US48->CS16,27439,27439,0
1,US48->CS24,27826,27826,0
1,US48->CS32,27582,27582,0
1,US48->CS40,27622,27622,0
1,US48->CS48,27630,27630,0
1,US48->CS56,27401,27401,0
1,US49->CS1,27320,27320,0
1,US49->CS9,27663,27663,0
1,US49->CS17,27485,27485,0
1,US49->CS25,27466,27466,0
1,US49->CS33,27615,27615,0
1,US49->CS41,27617,27617,0
1,US49->CS49,27551,27551,0
1,US49->CS57,27469,27469,0
1,US50->CS2,27539,27539,0
1,US50->CS10,27327,27327,0
1,US50->CS18,27421,27421,0
1,US50->CS26,27731,27731,0
1,US50->CS34,27661,27661,0
1,US50->CS42,27290,27290,0
1,US50->CS50,27919,27919,0
1,US50->CS58,27478,27478,0
1,US51->CS3,27419,27419,0
1,US51->CS11,27322,27322,0
1,US51->CS19,27287,27287,0
1,US51->CS27,27492,27492,0
1,US51->CS35,27817,27817,0
1,US51->CS43,27274,27274,0
1,US51->CS51,27662,27662,0
1,US51->CS59,27459,27459,0
1,US52->CS4,27803,27803,0
1,US52->CS12,27921,27921,0
1,US52->CS20,27393,27393,0
1,US52->CS28,27535,27535,0
1,US52->CS36,27671,27671,0
1,US52->CS44,27415,27415,0
1,US52->CS52,27631,27631,0
1,US52->CS60,27469,27469,0
1,US53->CS5,27507,27507,0
1,US53->CS13,27858,27858,0
1,US53->CS21,27479,27479,0
1,US53->CS29,27286,27286,0
1,US53->CS37,27638,27638,0
1,US53->CS45,27399,27399,0
1,US53->CS53,27757,27757,0
1,US53->CS61,27769,27769,0
1,US54->CS6,27521,27521,0
1,US54->CS14,27660,27660,0
1,US54->CS22,27707,27707,0
1,US54->CS30,27508,27508,0
1,US54->CS38,27651,27651,0
1,US54->CS46,27422,27422,0
1,US54->CS54,27485,27485,0
1,US54->CS62,27423,27423,0
1,US55->CS7,27625,27625,0
1,US55->CS15,27846,27846,0
1,US55->CS23,27595,27595,0
1,US55->CS31,27341,27341,0
1,US55->CS39,27549,27549,0
1,US55->CS47,27317,27317,0
1,US55->CS55,27777,27777,0
1,US55->CS63,27924,27924,0
1,US56->CS0,0,0,0
1,US56->CS8,0,0,0
1,US56->CS16,0,0,0
1,US56->CS24,0,0,0
1,US56->CS32,0,0,0
1,US56->CS40,0,0,0
1,US56->CS48,0,0,0
1,US56->CS56,0,0,0
1,US57->CS1,0,0,0
1,US57->CS9,0,0,0
1,US57->CS17,0,0,0
1,US57->CS25,0,0,0
1,US57->CS33,0,0,0
1,US57->CS41,0,0,0
1,US57->CS49,0,0,0
1,US57->CS57,0,0,0
1,US58->CS2,0,0,0
1,US58->CS10,0,0,0
1,US58->CS18,0,0,0
1,US58->CS26,0,0,0
1,US58->CS34,0,0,0
1,US58->CS42,0,0,0
1,US58->CS50,0,0,0
1,US58->CS58,0,0,0
1,US59->CS3,0,0,0
1,US59->CS11,0,0,0
1,US59->CS19,0,0,0
1,US59->CS27,0,0,0
1,US59->CS35,0,0,0
1,US59->CS43,0,0,0
1,US59->CS51,0,0,0
1,US59->CS59,0,0,0
1,US60->CS4,0,0,0
1,US60->CS12,0,0,0
1,US60->CS20,0,0,0
1,US60->CS28,0,0,0
1,US60->CS36,0,0,0
1,US60->CS44,0,0,0
1,US60->CS52,0,0,0
1,US60->CS60,0,0,0
1,US61->CS5,0,0,0
1,US61->CS13,0,0,0
1,US61->CS21,0,0,0
1,US61->CS29,0,0,0
1,US61->CS37,0,0,0
1,US61->CS45,0,0,0
1,US61->CS53,0,0,0
1,US61->CS61,0,0,0
1,US62->CS6,0,0,0
1,US62->CS14,0,0,0
1,US62->CS22,0,0,0
1,US62->CS30,0,0,0
1,US62->CS38,0,0,0
1,US62->CS46,0,0,0
1,US62->CS54,0,0,0
1,US62->CS62,0,0,0
1,US63->CS7,0,0,0
1,US63->CS15,0,0,0
1,US63->CS23,0,0,0
1,US63->CS31,0,0,0
1,US63->CS39,0,0,0
1,US63->CS47,0,0,0
1,US63->CS55,0,0,0
1,US63->CS63,0,0,0
1,US64->CS0,0,0,0
1,US64->CS8,0,0,0
1,US64->CS16,0,0,0
1,US64->CS24,0,0,0
1,US64->CS32,0,0,0
1,US64->CS40,0,0,0
1,US64->CS48,0,0,0
1,US64->CS56,0,0,0
1,US65->CS1,0,0,0
1,US65->CS9,0,0,0
1,US65->CS17,0,0,0
1,US65->CS25,0,0,0
1,US65->CS33,0,0,0
1,US65->CS41,0,0,0
1,US65->CS49,0,0,0
1,US65->CS57,0,0,0
1,US66->CS2,0,0,0
1,US66->CS10,0,0,0
1,US66->CS18,0,0,0
1,US66->CS26,0,0,0
1,US66->CS34,0,0,0
1,US66->CS42,0,0,0
1,US66->CS50,0,0,0
1,US66->CS58,0,0,0
1,US67->CS3,0,0,0
1,US67->CS11,0,0,0
1,US67->CS19,0,0,0
1,US67->CS27,0,0,0
1,US67->CS35,0,0,0
1,US67->CS43,0,0,0
1,US67->CS51,0,0,0
1,US67->CS59,0,0,0
1,US68->CS4,0,0,0
1,US68->CS12,0,0,0
1,US68->CS20,0,0,0
1,US68->CS28,0,0,0
1,US68->CS36,0,0,0
1,US68->CS44,0,0,0
1,US68->CS52,0,0,0
1,US68->CS60,0,0,0
1,US69->CS5,0,0,0
1,US69->CS13,0,0,0
1,US69->CS21,0,0,0
1,US69->CS29,0,0,0
1,US69->CS37,0,0,0
1,US69->CS45,0,0,0
1,US69->CS53,0,0,0
1,US69->CS61,0,0,0
1,US70->CS6,0,0,0
1,US70->CS14,0,0,0
1,US70->CS22,0,0,0
1,US70->CS30,0,0,0
1,US70->CS38,0,0,0
1,US70->CS46,0,0,0
1,US70->CS54,0,0,0
1,US70->CS62,0,0,0
1,US71->CS7,0,0,0
1,US71->CS15,0,0,0
1,US71->CS23,0,0,0
1,US71->CS31,0,0,0
1,US71->CS39,0,0,0
1,US71->CS47,0,0,0
1,US71->CS55,0,0,0
1,US71->CS63,0,0,0
1,US72->CS0,0,0,0
1,US72->CS8,0,0,0
1,US72->CS16,0,0,0
1,US72->CS24,0,0,0
1,US72->CS32,0,0,0
1,US72->CS40,0,0,0
1,US72->CS48,0,0,0
1,US72->CS56,0,0,0
1,US73->CS1,0,0,0
1,US73->CS9,0,0,0
1,US73->CS17,0,0,0
1,US73->CS25,0,0,0
1,US73->CS33,0,0,0
1,US73->CS41,0,0,0
1,US73->CS49,0,0,0
1,US73->CS57,0,0,0
1,US74->CS2,0,0,0
1,US74->CS10,0,0,0
1,US74->CS18,0,0,0
1,US74->CS26,0,0,0
1,US74->CS34,0,0,0
1,US74->CS42,0,0,0
1,US74->CS50,0,0,0
1,US74->CS58,0,0,0
1,US75->CS3,0,0,0
1,US75->CS11,0,0,0
1,US75->CS19,0,0,0
1,US75->CS27,0,0,0
1,US75->CS35,0,0,0
1,US75->CS43,0,0,0
1,US75->CS51,0,0,0
1,US75->CS59,0,0,0
1,US76->CS4,0,0,0
1,US76->CS12,0,0,0
1,US76->CS20,0,0,0
1,US76->CS28,0,0,0
1,US76->CS36,0,0,0
1,US76->CS44,0,0,0
1,US76->CS52,0,0,0
1,US76->CS60,0,0,0
1,US77->CS5,0,0,0
1,US77->CS13,0,0,0
1,US77->CS21,0,0,0
1,US77->CS29,0,0,0
1,US77->CS37,0,0,0
1,US77->CS45,0,0,0
1,US77->CS53,0,0,0
1,US77->CS61,0,0,0
1,US78->CS6,0,0,0
1,US78->CS14,0,0,0
1,US78->CS22,0,0,0
1,US78->CS30,0,0,0
1,US78->CS38,0,0,0
1,US78->CS46,0,0,0
1,US78->CS54,0,0,0
1,US78->CS62,0,0,0
1,US79->CS7,0,0,0
1,US79->CS15,0,0,0
1,US79->CS23,0,0,0
1,US79->CS31,0,0,0
1,US79->CS39,0,0,0
1,US79->CS47,0,0,0
1,US79->CS55,0,0,0
1,US79->CS63,0,0,0
1,US80->CS0,0,0,0
1,US80->CS8,0,0,0
1,US80->CS16,0,0,0
1,US80->CS24,0,0,0
1,US80->CS32,0,0,0
1,US80->CS40,0,0,0
1,US80->CS48,0,0,0
1,US80->CS56,0,0,0
1,US81->CS1,0,0,0
1,US81->CS9,0,0,0
1,US81->CS17,0,0,0
1,US81->CS25,0,0,0
1,US81->CS33,0,0,0
1,US81->CS41,0,0,0
1,US81->CS49,0,0,0
1,US81->CS57,0,0,0
1,US82->CS2,0,0,0
1,US82->CS10,0,0,0
1,US82->CS18,0,0,0
1,US82->CS26,0,0,0
1,US82->CS34,0,0,0
1,US82->CS42,0,0,0
1,US82->CS50,0,0,0
1,US82->CS58,0,0,0
1,US83->CS3,0,0,0
1,US83->CS11,0,0,0
1,US83->CS19,0,0,0
1,US83->CS27,0,0,0
1,US83->CS35,0,0,0
1,US83->CS43,0,0,0
1,US83->CS51,0,0,0
1,US83->CS59,0,0,0
1,US84->CS4,0,0,0
1,US84->CS12,0,0,0
1,US84->CS20,0,0,0
1,US84->CS28,0,0,0
1,US84->CS36,0,0,0
1,US84->CS44,0,0,0
1,US84->CS52,0,0,0
1,US84->CS60,0,0,0
1,US85->CS5,0,0,0
1,US85->CS13,0,0,0
1,US85->CS21,0,0,0
1,US85->CS29,0,0,0
1,US85->CS37,0,0,0
1,US85->CS45,0,0,0
1,US85->CS53,0,0,0
1,US85->CS61,0,0,0
1,US86->CS6,0,0,0
1,US86->CS14,0,0,0
1,US86->CS22,0,0,0
1,US86->CS30,0,0,0
1,US86->CS38,0,0,0
1,US86->CS46,0,0,0
1,US86->CS54,0,0,0
1,US86->CS62,0,0,0
1,US87->CS7,0,0,0
1,US87->CS15,0,0,0
1,US87->CS23,0,0,0
1,US87->CS31,0,0,0
1,US87->CS39,0,0,0
1,US87->CS47,0,0,0
1,US87->CS55,0,0,0
1,US87->CS63,0,0,0
1,US88->CS0,0,0,0
1,US88->CS8,0,0,0
1,US88->CS16,0,0,0
1,US88->CS24,0,0,0
1,US88->CS32,0,0,0
1,US88->CS40,0,0,0
1,US88->CS48,0,0,0
1,US88->CS56,0,0,0
1,US89->CS1,0,0,0
1,US89->CS9,0,0,0
1,US89->CS17,0,0,0
1,US89->CS25,0,0,0
1,US89->CS33,0,0,0
1,US89->CS41,0,0,0
1,US89->CS49,0,0,0
1,US89->CS57,0,0,0
1,US90->CS2,0,0,0
1,US90->CS10,0,0,0
1,US90->CS18,0,0,0
1,US90->CS26,0,0,0
1,US90->CS34,0,0,0
1,US90->CS42,0,0,0
1,US90->CS50,0,0,0
1,US90->CS58,0,0,0
1,US91->CS3,0,0,0
1,US91->CS11,0,0,0
1,US91->CS19,0,0,0
1,US91->CS27,0,0,0
1,US91->CS35,0,0,0
1,US91->CS43,0,0,0
1,US91->CS51,0,0,0
1,US91->CS59,0,0,0
1,US92->CS4,0,0,0
1,US92->CS12,0,0,0
1,US92->CS20,0,0,0
1,US92->CS28,0,0,0
1,US92->CS36,0,0,0
1,US92->CS44,0,0,0
1,US92->CS52,0,0,0
1,US92->CS60,0,0,0
1,US93->CS5,0,0,0
1,US93->CS13,0,0,0
1,US93->CS21,0,0,0
1,US93->CS29,0,0,0
1,US93->CS37,0,0,0
1,US93->CS45,0,0,0
1,US93->CS53,0,0,0
1,US93->CS61,0,0,0
1,US94->CS6,0,0,0
1,US94->CS14,0,0,0
1,US94->CS22,0,0,0
1,US94->CS30,0,0,0
1,US94->CS38,0,0,0
1,US94->CS46,0,0,0
1,US94->CS54,0,0,0
1,US94->CS62,0,0,0
1,US95->CS7,0,0,0
1,US95->CS15,0,0,0
1,US95->CS23,0,0,0
1,US95->CS31,0,0,0
1,US95->CS39,0,0,0
1,US95->CS47,0,0,0
1,US95->CS55,0,0,0
1,US95->CS63,0,0,0
1,US96->CS0,0,0,0
1,US96->CS8,0,0,0
1,US96->CS16,0,0,0
1,US96->CS24,0,0,0
1,US96->CS32,0,0,0
1,US96->CS40,0,0,0
1,US96->CS48,0,0,0
1,US96->CS56,0,0,0
1,US97->CS1,0,0,0
1,US97->CS9,0,0,0
1,US97->CS17,0,0,0
1,US97->CS25,0,0,0
1,US97->CS33,0,0,0
1,US97->CS41,0,0,0
1,US97->CS49,0,0,0
1,US97->CS57,0,0,0
1,US98->CS2,0,0,0
1,US98->CS10,0,0,0
1,US98->CS18,0,0,0
1,US98->CS26,0,0,0
1,US98->CS34,0,0,0
1,US98->CS42,0,0,0
1,US98->CS50,0,0,0
1,US98->CS58,0,0,0
1,US99->CS3,0,0,0
1,US99->CS11,0,0,0
1,US99->CS19,0,0,0
1,US99->CS27,0,0,0
1,US99->CS35,0,0,0
1,US99->CS43,0,0,0
1,US99->CS51,0,0,0
1,US99->CS59,0,0,0
1,US100->CS4,0,0,0
1,US100->CS12,0,0,0
1,US100->CS20,0,0,0
1,US100->CS28,0,0,0
1,US100->CS36,0,0,0
1,US100->CS44,0,0,0
1,US100->CS52,0,0,0
1,US100->CS60,0,0,0
1,US101->CS5,0,0,0
1,US101->CS13,0,0,0
1,US101->CS21,0,0,0
1,US101->CS29,0,0,0
1,US101->CS37,0,0,0
1,US101->CS45,0,0,0
1,US101->CS53,0,0,0
1,US101->CS61,0,0,0
1,US102->CS6,0,0,0
1,US102->CS14,0,0,0
1,US102->CS22,0,0,0
1,US102->CS30,0,0,0
1,US102->CS38,0,0,0
1,US102->CS46,0,0,0
1,US102->CS54,0,0,0
1,US102->CS62,0,0,0
1,US103->CS7,0,0,0
1,US103->CS15,0,0,0
1,US103->CS23,0,0,0
1,US103->CS31,0,0,0
1,US103->CS39,0,0,0
1,US103->CS47,0,0,0
1,US103->CS55,0,0,0
1,US103->CS63,0,0,0
1,US104->CS0,0,0,0
1,US104->CS8,0,0,0
1,US104->CS16,0,0,0
1,US104->CS24,0,0,0
1,US104->CS32,0,0,0
1,US104->CS40,0,0,0
1,US104->CS48,0,0,0
1,US104->CS56,0,0,0
1,US105->CS1,0,0,0
1,US105->CS9,0,0,0
1,US105->CS17,0,0,0
1,US105->CS25,0,0,0
1,US105->CS33,0,0,0
1,US105->CS41,0,0,0
1,US105->CS49,0,0,0
1,US105->CS57,0,0,0
1,US106->CS2,0,0,0
1,US106->CS10,0,0,0
1,US106->CS18,0,0,0
1,US106->CS26,0,0,0
1,US106->CS34,0,0,0
1,US106->CS42,0,0,0
1,US106->CS50,0,0,0
1,US106->CS58,0,0,0
1,US107->CS3,0,0,0
1,US107->CS11,0,0,0
1,US107->CS19,0,0,0
1,US107->CS27,0,0,0
1,US107->CS35,0,0,0
1,US107->CS43,0,0,0
1,US107->CS51,0,0,0
1,US107->CS59,0,0,0
1,US108->CS4,0,0,0
1,US108->CS12,0,0,0
1,US108->CS20,0,0,0
1,US108->CS28,0,0,0
1,US108->CS36,0,0,0
1,US108->CS44,0,0,0
1,US108->CS52,0,0,0
1,US108->CS60,0,0,0
1,US109->CS5,0,0,0
1,US109->CS13,0,0,0
1,US109->CS21,0,0,0
1,US109->CS29,0,0,0
1,US109->CS37,0,0,0
1,US109->CS45,0,0,0
1,US109->CS53,0,0,0
1,US109->CS61,0,0,0
1,US110->CS6,0,0,0
1,US110->CS14,0,0,0
1,US110->CS22,0,0,0
1,US110->CS30,0,0,0
1,US110->CS38,0,0,0
1,US110->CS46,0,0,0
1,US110->CS54,0,0,0
1,US110->CS62,0,0,0
1,US111->CS7,0,0,0
1,US111->CS15,0,0,0
1,US111->CS23,0,0,0
1,US111->CS31,0,0,0
1,US111->CS39,0,0,0
1,US111->CS47,0,0,0
1,US111->CS55,0,0,0
1,US111->CS63,0,0,0
1,US112->CS0,0,0,0
1,US112->CS8,0,0,0
1,US112->CS16,0,0,0
1,US112->CS24,0,0,0
1,US112->CS32,0,0,0
1,US112->CS40,0,0,0
1,US112->CS48,0,0,0
1,US112->CS56,0,0,0
1,US113->CS1,0,0,0
1,US113->CS9,0,0,0
1,US113->CS17,0,0,0
1,US113->CS25,0,0,0
1,US113->CS33,0,0,0
1,US113->CS41,0,0,0
1,US113->CS49,0,0,0
1,US113->CS57,0,0,0
1,US114->CS2,0,0,0
1,US114->CS10,0,0,0
1,US114->CS18,0,0,0
1,US114->CS26,0,0,0
1,US114->CS34,0,0,0
1,US114->CS42,0,0,0
1,US114->CS50,0,0,0
1,US114->CS58,0,0,0
1,US115->CS3,0,0,0
1,US115->CS11,0,0,0
1,US115->CS19,0,0,0
1,US115->CS27,0,0,0
1,US115->CS35,0,0,0
1,US115->CS43,0,0,0
1,US115->CS51,0,0,0
1,US115->CS59,0,0,0
1,US116->CS4,0,0,0
1,US116->CS12,0,0,0
1,US116->CS20,0,0,0
1,US116->CS28,0,0,0
1,US116->CS36,0,0,0
1,US116->CS44,0,0,0
1,US116->CS52,0,0,0
1,US116->CS60,0,0,0
1,US117->CS5,0,0,0
1,US117->CS13,0,0,0
1,US117->CS21,0,0,0
1,US117->CS29,0,0,0
1,US117->CS37,0,0,0
1,US117->CS45,0,0,0
1,US117->CS53,0,0,0
1,US117->CS61,0,0,0
1,US118->CS6,0,0,0
1,US118->CS14,0,0,0
1,US118->CS22,0,0,0
1,US118->CS30,0,0,0
1,US118->CS38,0,0,0
1,US118->CS46,0,0,0
1,US118->CS54,0,0,0
1,US118->CS62,0,0,0
1,US119->CS7,0,0,0
1,US119->CS15,0,0,0
1,US119->CS23,0,0,0
1,US119->CS31,0,0,0
1,US119->CS39,0,0,0
1,US119->CS47,0,0,0
1,US119->CS55,0,0,0
1,US119->CS63,0,0,0
1,US120->CS0,0,0,0
1,US120->CS8,0,0,0
1,US120->CS16,0,0,0
1,US120->CS24,0,0,0
1,US120->CS32,0,0,0
1,US120->CS40,0,0,0
1,US120->CS48,0,0,0
1,US120->CS56,0,0,0
1,US121->CS1,0,0,0
1,US121->CS9,0,0,0
1,US121->CS17,0,0,0
1,US121->CS25,0,0,0
1,US121->CS33,0,0,0
1,US121->CS41,0,0,0
1,US121->CS49,0,0,0
1,US121->CS57,0,0,0
1,US122->CS2,0,0,0
1,US122->CS10,0,0,0
1,US122->CS18,0,0,0
1,US122->CS26,0,0,0
1,US122->CS34,0,0,0
1,US122->CS42,0,0,0
1,US122->CS50,0,0,0
1,US122->CS58,0,0,0
1,US123->CS3,0,0,0
1,US123->CS11,0,0,0
1,US123->CS19,0,0,0
1,US123->CS27,0,0,0
1,US123->CS35,0,0,0
1,US123->CS43,0,0,0
1,US123->CS51,0,0,0
1,US123->CS59,0,0,0
1,US124->CS4,0,0,0
1,US124->CS12,0,0,0
1,US124->CS20,0,0,0
1,US124->CS28,0,0,0
1,US124->CS36,0,0,0
1,US124->CS44,0,0,0
1,US124->CS52,0,0,0
1,US124->CS60,0,0,0
1,US125->CS5,0,0,0
1,US125->CS13,0,0,0
1,US125->CS21,0,0,0
1,US125->CS29,0,0,0
1,US125->CS37,0,0,0
1,US125->CS45,0,0,0
1,US125->CS53,0,0,0
1,US125->CS61,0,0,0
1,US126->CS6,0,0,0
1,US126->CS14,0,0,0
1,US126->CS22,0,0,0
1,US126->CS30,0,0,0
1,US126->CS38,0,0,0
1,US126->CS46,0,0,0
1,US126->CS54,0,0,0
1,US126->CS62,0,0,0
1,US127->CS7,0,0,0
1,US127->CS15,0,0,0
1,US127->CS23,0,0,0
1,US127->CS31,0,0,0
1,US127->CS39,0,0,0
1,US127->CS47,0,0,0
1,US127->CS55,0,0,0
1,US127->CS63,0,0,0
1,CS0->US0,27554,27554,0
1,CS0->US8,0,0,0
1,CS0->US16,0,0,0
1,CS0->US24,0,0,0
1,CS0->US32,0,0,0
1,CS0->US40,0,0,0
1,CS0->US48,27676,27676,0
1,CS0->US56,0,0,0
1,CS0->US64,0,0,0
1,CS0->US72,0,0,0
1,CS0->US80,0,0,0
1,CS0->US88,0,0,0
1,CS0->US96,0,0,0
1,CS0->US104,0,0,0
1,CS0->US112,0,0,0
1,CS0->US120,0,0,0
1,CS1->US1,27320,27320,0
1,CS1->US9,0,0,0
1,CS1->US17,0,0,0
1,CS1->US25,0,0,0
1,CS1->US33,0,0,0
1,CS1->US41,0,0,0
1,CS1->US49,27399,27399,0
1,CS1->US57,0,0,0
1,CS1->US65,0,0,0
1,CS1->US73,0,0,0
1,CS1->US81,0,0,0
1,CS1->US89,0,0,0
1,CS1->US97,0,0,0
1,CS1->US105,0,0,0
1,CS1->US113,0,0,0
1,CS1->US121,0,0,0
1,CS2->US2,27539,27539,0
1,CS2->US10,0,0,0
1,CS2->US18,0,0,0
1,CS2->US26,0,0,0
1,CS2->US34,0,0,0
1,CS2->US42,0,0,0
1,CS2->US50,27467,27467,0
1,CS2->US58,0,0,0
1,CS2->US66,0,0,0
1,CS2->US74,0,0,0
1,CS2->US82,0,0,0
1,CS2->US90,0,0,0
1,CS2->US98,0,0,0
1,CS2->US106,0,0,0
1,CS2->US114,0,0,0
1,CS2->US122,0,0,0
1,CS3->US3,27419,27419,0
1,CS3->US11,0,0,0
1,CS3->US19,0,0,0
1,CS3->US27,0,0,0
1,CS3->US35,0,0,0
1,CS3->US43,0,0,0
1,CS3->US51,27213,27213,0
1,CS3->US59,0,0,0
1,CS3->US67,0,0,0
1,CS3->US75,0,0,0
1,CS3->US83,0,0,0
1,CS3->US91,0,0,0
1,CS3->US99,0,0,0
1,CS3->US107,0,0,0
1,CS3->US115,0,0,0
1,CS3->US123,0,0,0
1,CS4->US4,27803,27803,0
1,CS4->US12,0,0,0
1,CS4->US20,0,0,0
1,CS4->US28,0,0,0
1,CS4->US36,0,0,0
1,CS4->US44,0,0,0
1,CS4->US52,27504,27504,0
1,CS4->US60,0,0,0
1,CS4->US68,0,0,0
1,CS4->US76,0,0,0
1,CS4->US84,0,0,0
1,CS4->US92,0,0,0
1,CS4->US100,0,0,0
1,CS4->US108,0,0,0
1,CS4->US116,0,0,0
1,CS4->US124,0,0,0
1,CS5->US5,27507,27507,0
1,CS5->US13,0,0,0
1,CS5->US21,0,0,0
1,CS5->US29,0,0,0
1,CS5->US37,0,0,0
1,CS5->US45,0,0,0
1,CS5->US53,27739,27739,0
1,CS5->US61,0,0,0
1,CS5->US69,0,0,0
1,CS5->US77,0,0,0
1,CS5->US85,0,0,0
1,CS5->US93,0,0,0
1,CS5->US101,0,0,0
1,CS5->US109,0,0,0
1,CS5->US117,0,0,0
1,CS5->US125,0,0,0
1,CS6->US6,27521,27521,0
1,CS6->US14,0,0,0
1,CS6->US22,0,0,0
1,CS6->US30,0,0,0
1,CS6->US38,0,0,0
1,CS6->US46,0,0,0
1,CS6->US54,27547,27547,0
1,CS6->US62,0,0,0
1,CS6->US70,0,0,0
1,CS6->US78,0,0,0
1,CS6->US86,0,0,0
1,CS6->US94,0,0,0
1,CS6->US102,0,0,0
1,CS6->US110,0,0,0
1,CS6->US118,0,0,0
1,CS6->US126,0,0,0
1,CS7->US7,27625,27625,0
1,CS7->US15,0,0,0
1,CS7->US23,0,0,0
1,CS7->US31,0,0,0
1,CS7->US39,0,0,0
1,CS7->US47,0,0,0
1,CS7->US55,27822,27822,0
1,CS7->US63,0,0,0
1,CS7->US71,0,0,0
1,CS7->US79,0,0,0
1,CS7->US87,0,0,0
1,CS7->US95,0,0,0
1,CS7->US103,0,0,0
1,CS7->US111,0,0,0
1,CS7->US119,0,0,0
1,CS7->US127,0,0,0
1,CS8->US0,27389,27389,0
1,CS8->US8,0,0,0
1,CS8->US16,0,0,0
1,CS8->US24,0,0,0
1,CS8->US32,0,0,0
1,CS8->US40,0,0,0
1,CS8->US48,27681,27681,0
1,CS8->US56,0,0,0
1,CS8->US64,0,0,0
1,CS8->US72,0,0,0
1,CS8->US80,0,0,0
1,CS8->US88,0,0,0
1,CS8->US96,0,0,0
1,CS8->US104,0,0,0
1,CS8->US112,0,0,0
1,CS8->US120,0,0,0
1,CS9->US1,27663,27663,0
1,CS9->US9,0,0,0
1,CS9->US17,0,0,0
1,CS9->US25,0,0,0
1,CS9->US33,0,0,0
1,CS9->US41,0,0,0
1,CS9->US49,27730,27730,0
1,CS9->US57,0,0,0
1,CS9->US65,0,0,0
1,CS9->US73,0,0,0
1,CS9->US81,0,0,0
1,CS9->US89,0,0,0
1,CS9->US97,0,0,0
1,CS9->US105,0,0,0
1,CS9->US113,0,0,0
1,CS9->US121,0,0,0
1,CS10->US2,27327,27327,0
1,CS10->US10,0,0,0
1,CS10->US18,0,0,0
1,CS10->US26,0,0,0
1,CS10->US34,0,0,0
1,CS10->US42,0,0,0
1,CS10->US50,27293,27293,0
1,CS10->US58,0,0,0
1,CS10->US66,0,0,0
1,CS10->US74,0,0,0
1,CS10->US82,0,0,0
1,CS10->US90,0,0,0
1,CS10->US98,0,0,0
1,CS10->US106,0,0,0
1,CS10->US114,0,0,0
1,CS10->US122,0,0,0
1,CS11->US3,27322,27322,0
1,CS11->US11,0,0,0
1,CS11->US19,0,0,0
1,CS11->US27,0,0,0
1,CS11->US35,0,0,0
1,CS11->US43,0,0,0
1,CS11->US51,27745,27745,0
1,CS11->US59,0,0,0
1,CS11->US67,0,0,0
1,CS11->US75,0,0,0
1,CS11->US83,0,0,0
1,CS11->US91,0,0,0
1,CS11->US99,0,0,0
1,CS11->US107,0,0,0
1,CS11->US115,0,0,0
1,CS11->US123,0,0,0
1,CS12->US4,27921,27921,0
1,CS12->US12,0,0,0
1,CS12->US20,0,0,0
1,CS12->US28,0,0,0
1,CS12->US36,0,0,0
1,CS12->US44,0,0,0
1,CS12->US52,27543,27543,0
1,CS12->US60,0,0,0
1,CS12->US68,0,0,0
1,CS12->US76,0,0,0
1,CS12->US84,0,0,0
1,CS12->US92,0,0,0
1,CS12->US100,0,0,0
1,CS12->US108,0,0,0
1,CS12->US116,0,0,0
1,CS12->US124,0,0,0
1,CS13->US5,27858,27858,0
1,CS13->US13,0,0,0
1,CS13->US21,0,0,0
1,CS13->US29,0,0,0
1,CS13->US37,0,0,0
1,CS13->US45,0,0,0
1,CS13->US53,27616,27616,0
1,CS13->US61,0,0,0
1,CS13->US69,0,0,0
1,CS13->US77,0,0,0
1,CS13->US85,0,0,0
1,CS13->US93,0,0,0
1,CS13->US101,0,0,0
1,CS13->US109,0,0,0
1,CS13->US117,0,0,0
1,CS13->US125,0,0,0
1,CS14->US6,27660,27660,0
1,CS14->US14,0,0,0
1,CS14->US22,0,0,0
1,CS14->US30,0,0,0
1,CS14->US38,0,0,0
1,CS14->US46,0,0,0
1,CS14->US54,27737,27737,0
1,CS14->US62,0,0,0
1,CS14->US70,0,0,0
1,CS14->US78,0,0,0
1,CS14->US86,0,0,0
1,CS14->US94,0,0,0
1,CS14->US102,0,0,0
1,CS14->US110,0,0,0
1,CS14->US118,0,0,0
1,CS14->US126,0,0,0
1,CS15->US7,27846,27846,0
1,CS15->US15,0,0,0
1,CS15->US23,0,0,0
1,CS15->US31,0,0,0
1,CS15->US39,0,0,0
1,CS15->US47,0,0,0
1,CS15->US55,27430,27430,0
1,CS15->US63,0,0,0
1,CS15->US71,0,0,0
1,CS15->US79,0,0,0
1,CS15->US87,0,0,0
1,CS15->US95,0,0,0
1,CS15->US103,0,0,0
1,CS15->US111,0,0,0
1,CS15->US119,0,0,0
1,CS15->US127,0,0,0
1,CS16->US0,27439,27439,0
1,CS16->US8,0,0,0
1,CS16->US16,0,0,0
1,CS16->US24,0,0,0
1,CS16->US32,0,0,0
1,CS16->US40,0,0,0
1,CS16->US48,27642,27642,0
1,CS16->US56,0,0,0
1,CS16->US64,0,0,0
1,CS16->US72,0,0,0
1,CS16->US80,0,0,0
1,CS16->US88,0,0,0
1,CS16->US96,0,0,0
1,CS16->US104,0,0,0
1,CS16->US112,0,0,0
1,CS16->US120,0,0,0
1,CS17->US1,27485,27485,0
1,CS17->US9,0,0,0
1,CS17->US17,0,0,0
1,CS17->US25,0,0,0
1,CS17->US33,0,0,0
1,CS17->US41,0,0,0
1,CS17->US49,27649,27649,0
1,CS17->US57,0,0,0
1,CS17->US65,0,0,0
1,CS17->US73,0,0,0
1,CS17->US81,0,0,0
1,CS17->US89,0,0,0
1,CS17->US97,0,0,0
1,CS17->US105,0,0,0
1,CS17->US113,0,0,0
1,CS17->US121,0,0,0
1,CS18->US2,27421,27421,0
1,CS18->US10,0,0,0
1,CS18->US18,0,0,0
1,CS18->US26,0,0,0
1,CS18->US34,0,0,0
1,CS18->US42,0,0,0
1,CS18->US50,27421,27421,0
1,CS18->US58,0,0,0
1,CS18->US66,0,0,0
1,CS18->US74,0,0,0
1,CS18->US82,0,0,0
1,CS18->US90,0,0,0
1,CS18->US98,0,0,0
1,CS18->US106,0,0,0
1,CS18->US114,0,0,0
1,CS18->US122,0,0,0
1,CS19->US3,27287,27287,0
1,CS19->US11,0,0,0
1,CS19->US19,0,0,0
1,CS19->US27,0,0,0
1,CS19->US35,0,0,0
1,CS19->US43,0,0,0
1,CS19->US51,27414,27414,0
1,CS19->US59,0,0,0
1,CS19->US67,0,0,0
1,CS19->US75,0,0,0
1,CS19->US83,0,0,0
1,CS19->US91,0,0,0
1,CS19->US99,0,0,0
1,CS19->US107,0,0,0
1,CS19->US115,0,0,0
1,CS19->US123,0,0,0
1,CS20->US4,27393,27393,0
1,CS20->US12,0,0,0
1,CS20->US20,0,0,0
1,CS20->US28,0,0,0
1,CS20->US36,0,0,0
1,CS20->US44,0,0,0
1,CS20->US52,27509,27509,0
1,CS20->US60,0,0,0
1,CS20->US68,0,0,0
1,CS20->US76,0,0,0
1,CS20->US84,0,0,0
1,CS20->US92,0,0,0
1,CS20->US100,0,0,0
1,CS20->US108,0,0,0
1,CS20->US116,0,0,0
1,CS20->US124,0,0,0
1,CS21->US5,27479,27479,0
1,CS21->US13,0,0,0
1,CS21->US21,0,0,0
1,CS21->US29,0,0,0
1,CS21->US37,0,0,0
1,CS21->US45,0,0,0
1,CS21->US53,27448,27448,0
1,CS21->US61,0,0,0
1,CS21->US69,0,0,0
1,CS21->US77,0,0,0
1,CS21->US85,0,0,0
1,CS21->US93,0,0,0
1,CS21->US101,0,0,0
1,CS21->US109,0,0,0
1,CS21->US117,0,0,0
1,CS21->US125,0,0,0
1,CS22->US6,27707,27707,0
1,CS22->US14,0,0,0
1,CS22->US22,0,0,0
1,CS22->US30,0,0,0
1,CS22->US38,0,0,0
1,CS22->US46,0,0,0
1,CS22->US54,27551,27551,0
1,CS22->US62,0,0,0
1,CS22->US70,0,0,0
1,CS22->US78,0,0,0
1,CS22->US86,0,0,0
1,CS22->US94,0,0,0
1,CS22->US102,0,0,0
1,CS22->US110,0,0,0
1,CS22->US118,0,0,0
1,CS22->US126,0,0,0
1,CS23->US7,27595,27595,0
1,CS23->US15,0,0,0
1,CS23->US23,0,0,0
1,CS23->US31,0,0,0
1,CS23->US39,0,0,0
1,CS23->US47,0,0,0
1,CS23->US55,27457,27457,0
1,CS23->US63,0,0,0
1,CS23->US71,0,0,0
1,CS23->US79,0,0,0
1,CS23->US87,0,0,0
1,CS23->US95,0,0,0
1,CS23->US103,0,0,0
1,CS23->US111,0,0,0
1,CS23->US119,0,0,0
1,CS23->US127,0,0,0
1,CS24->US0,27826,27826,0
1,CS24->US8,0,0,0
1,CS24->US16,0,0,0
1,CS24->US24,0,0,0
1,CS24->US32,0,0,0
1,CS24->US40,0,0,0
1,CS24->US48,27589,27589,0
1,CS24->US56,0,0,0
1,CS24->US64,0,0,0
1,CS24->US72,0,0,0
1,CS24->US80,0,0,0
1,CS24->US88,0,0,0
1,CS24->US96,0,0,0
1,CS24->US104,0,0,0
1,CS24->US112,0,0,0
1,CS24->US120,0,0,0
1,CS25->US1,27466,27466,0
1,CS25->US9,0,0,0
1,CS25->US17,0,0,0
1,CS25->US25,0,0,0
1,CS25->US33,0,0,0
1,CS25->US41,0,0,0
1,CS25->US49,27332,27332,0
1,CS25->US57,0,0,0
1,CS25->US65,0,0,0
1,CS25->US73,0,0,0
1,CS25->US81,0,0,0
1,CS25->US89,0,0,0
1,CS25->US97,0,0,0
1,CS25->US105,0,0,0
1,CS25->US113,0,0,0
1,CS25->US121,0,0,0
1,CS26->US2,27731,27731,0
1,CS26->US10,0,0,0
1,CS26->US18,0,0,0
1,CS26->US26,0,0,0
1,CS26->US34,0,0,0
1,CS26->US42,0,0,0
1,CS26->US50,27793,27793,0
1,CS26->US58,0,0,0
1,CS26->US66,0,0,0
1,CS26->US74,0,0,0
1,CS26->US82,0,0,0
1,CS26->US90,0,0,0
1,CS26->US98,0,0,0
1,CS26->US106,0,0,0
1,CS26->US114,0,0,0
1,CS26->US122,0,0,0
1,CS27->US3,27492,27492,0
1,CS27->US11,0,0,0
1,CS27->US19,0,0,0
1,CS27->US27,0,0,0
1,CS27->US35,0,0,0
1,CS27->US43,0,0,0
1,CS27->US51,27471,27471,0
1,CS27->US59,0,0,0
1,CS27->US67,0,0,0
1,CS27->US75,0,0,0
1,CS27->US83,0,0,0
1,CS27->US91,0,0,0
1,CS27->US99,0,0,0
1,CS27->US107,0,0,0
1,CS27->US115,0,0,0
1,CS27->US123,0,0,0
1,CS28->US4,27535,27535,0
1,CS28->US12,0,0,0
1,CS28->US20,0,0,0
1,CS28->US28,0,0,0
1,CS28->US36,0,0,0
1,CS28->US44,0,0,0
1,CS28->US52,27333,27333,0
1,CS28->US60,0,0,0
1,CS28->US68,0,0,0
1,CS28->US76,0,0,0
1,CS28->US84,0,0,0
1,CS28->US92,0,0,0
1,CS28->US100,0,0,0
1,CS28->US108,0,0,0
1,CS28->US116,0,0,0
1,CS28->US124,0,0,0
1,CS29->US5,27286,27286,0
1,CS29->US13,0,0,0
1,CS29->US21,0,0,0
1,CS29->US29,0,0,0
1,CS29->US37,0,0,0
1,CS29->US45,0,0,0
1,CS29->US53,27516,27516,0
1,CS29->US61,0,0,0
1,CS29->US69,0,0,0
1,CS29->US77,0,0,0
1,CS29->US85,0,0,0
1,CS29->US93,0,0,0
1,CS29->US101,0,0,0
1,CS29->US109,0,0,0
1,CS29->US117,0,0,0
1,CS29->US125,0,0,0
1,CS30->US6,27508,27508,0
1,CS30->US14,0,0,0
1,CS30->US22,0,0,0
1,CS30->US30,0,0,0
1,CS30->US38,0,0,0
1,CS30->US46,0,0,0
1,CS30->US54,27596,27596,0
1,CS30->US62,0,0,0
1,CS30->US70,0,0,0
1,CS30->US78,0,0,0
1,CS30->US86,0,0,0
1,CS30->US94,0,0,0
1,CS30->US102,0,0,0
1,CS30->US110,0,0,0
1,CS30->US118,0,0,0
1,CS30->US126,0,0,0
1,CS31->US7,27341,27341,0
1,CS31->US15,0,0,0
1,CS31->US23,0,0,0
1,CS31->US31,0,0,0
1,CS31->US39,0,0,0
1,CS31->US47,0,0,0
1,CS31->US55,27500,27500,0
1,CS31->US63,0,0,0
1,CS31->US71,0,0,0
1,CS31->US79,0,0,0
1,CS31->US87,0,0,0
1,CS31->US95,0,0,0
1,CS31->US103,0,0,0
1,CS31->US111,0,0,0
1,CS31->US119,0,0,0
1,CS31->US127,0,0,0
1,CS32->US0,27582,27582,0
1,CS32->US8,0,0,0
1,CS32->US16,0,0,0
1,CS32->US24,0,0,0
1,CS32->US32,0,0,0
1,CS32->US40,0,0,0
1,CS32->US48,27543,27543,0
1,CS32->US56,0,0,0
1,CS32->US64,0,0,0
1,CS32->US72,0,0,0
1,CS32->US80,0,0,0
1,CS32->US88,0,0,0
1,CS32->US96,0,0,0
1,CS32->US104,0,0,0
1,CS32->US112,0,0,0
1,CS32->US120,0,0,0
1,CS33->US1,27615,27615,0
1,CS33->US9,0,0,0
1,CS33->US17,0,0,0
1,CS33->US25,0,0,0
1,CS33->US33,0,0,0
1,CS33->US41,0,0,0
1,CS33->US49,27587,27587,0
1,CS33->US57,0,0,0
1,CS33->US65,0,0,0
1,CS33->US73,0,0,0
1,CS33->US81,0,0,0
1,CS33->US89,0,0,0
1,CS33->US97,0,0,0
1,CS33->US105,0,0,0
1,CS33->US113,0,0,0
1,CS33->US121,0,0,0
1,CS34->US2,27661,27661,0
1,CS34->US10,0,0,0
1,CS34->US18,0,0,0
1,CS34->US26,0,0,0
1,CS34->US34,0,0,0
1,CS34->US42,0,0,0
1,CS34->US50,27942,27942,0
1,CS34->US58,0,0,0
1,CS34->US66,0,0,0
1,CS34->US74,0,0,0
1,CS34->US82,0,0,0
1,CS34->US90,0,0,0
1,CS34->US98,0,0,0
1,CS34->US106,0,0,0
1,CS34->US114,0,0,0
1,CS34->US122,0,0,0
1,CS35->US3,27817,27817,0
1,CS35->US11,0,0,0
1,CS35->US19,0,0,0
1,CS35->US27,0,0,0
1,CS35->US35,0,0,0
1,CS35->US43,0,0,0
1,CS35->US51,27597,27597,0
1,CS35->US59,0,0,0
1,CS35->US67,0,0,0
1,CS35->US75,0,0,0
1,CS35->US83,0,0,0
1,CS35->US91,0,0,0
1,CS35->US99,0,0,0
1,CS35->US107,0,0,0
1,CS35->US115,0,0,0
1,CS35->US123,0,0,0
1,CS36->US4,27671,27671,0
1,CS36->US12,0,0,0
1,CS36->US20,0,0,0
1,CS36->US28,0,0,0
1,CS36->US36,0,0,0
1,CS36->US44,0,0,0
1,CS36->US52,27721,27721,0
1,CS36->US60,0,0,0
1,CS36->US68,0,0,0
1,CS36->US76,0,0,0
1,CS36->US84,0,0,0
1,CS36->US92,0,0,0
1,CS36->US100,0,0,0
1,CS36->US108,0,0,0
1,CS36->US116,0,0,0
1,CS36->US124,0,0,0
1,CS37->US5,27638,27638,0
1,CS37->US13,0,0,0
1,CS37->US21,0,0,0
1,CS37->US29,0,0,0
1,CS37->US37,0,0,0
1,CS37->US45,0,0,0
1,CS37->US53,27452,27452,0
1,CS37->US61,0,0,0
1,CS37->US69,0,0,0
1,CS37->US77,0,0,0
1,CS37->US85,0,0,0
1,CS37->US93,0,0,0
1,CS37->US101,0,0,0
1,CS37->US109,0,0,0
1,CS37->US117,0,0,0
1,CS37->US125,0,0,0
1,CS38->US6,27651,27651,0
1,CS38->US14,0,0,0
1,CS38->US22,0,0,0
1,CS38->US30,0,0,0
1,CS38->US38,0,0,0
1,CS38->US46,0,0,0
1,CS38->US54,27488,27488,0
1,CS38->US62,0,0,0
1,CS38->US70,0,0,0
1,CS38->US78,0,0,0
1,CS38->US86,0,0,0
1,CS38->US94,0,0,0
1,CS38->US102,0,0,0
1,CS38->US110,0,0,0
1,CS38->US118,0,0,0
1,CS38->US126,0,0,0
1,CS39->US7,27549,27549,0
1,CS39->US15,0,0,0
1,CS39->US23,0,0,0
1,CS39->US31,0,0,0
1,CS39->US39,0,0,0
1,CS39->US47,0,0,0
1,CS39->US55,27407,27407,0
1,CS39->US63,0,0,0
1,CS39->US71,0,0,0
1,CS39->US79,0,0,0
1,CS39->US87,0,0,0
1,CS39->US95,0,0,0
1,CS39->US103,0,0,0
1,CS39->US111,0,0,0
1,CS39->US119,0,0,0
1,CS39->US127,0,0,0
1,CS40->US0,27622,27622,0
1,CS40->US8,0,0,0
1,CS40->US16,0,0,0
1,CS40->US24,0,0,0
1,CS40->US32,0,0,0
1,CS40->US40,0,0,0
1,CS40->US48,27467,27467,0
1,CS40->US56,0,0,0
1,CS40->US64,0,0,0
1,CS40->US72,0,0,0
1,CS40->US80,0,0,0
1,CS40->US88,0,0,0
1,CS40->US96,0,0,0
1,CS40->US104,0,0,0
1,CS40->US112,0,0,0
1,CS40->US120,0,0,0
1,CS41->US1,27617,27617,0
1,CS41->US9,0,0,0
1,CS41->US17,0,0,0
1,CS41->US25,0,0,0
1,CS41->US33,0,0,0
1,CS41->US41,0,0,0
1,CS41->US49,27369,27369,0
1,CS41->US57,0,0,0
1,CS41->US65,0,0,0
1,CS41->US73,0,0,0
1,CS41->US81,0,0,0
1,CS41->US89,0,0,0
1,CS41->US97,0,0,0
1,CS41->US105,0,0,0
1,CS41->US113,0,0,0
1,CS41->US121,0,0,0
1,CS42->US2,27290,27290,0
1,CS42->US10,0,0,0
1,CS42->US18,0,0,0
1,CS42->US26,0,0,0
1,CS42->US34,0,0,0
1,CS42->US42,0,0,0
1,CS42->US50,27653,27653,0
1,CS42->US58,0,0,0
1,CS42->US66,0,0,0
1,CS42->US74,0,0,0
1,CS42->US82,0,0,0
1,CS42->US90,0,0,0
1,CS42->US98,0,0,0
1,CS42->US106,0,0,0
1,CS42->US114,0,0,0
1,CS42->US122,0,0,0
1,CS43->US3,27274,27274,0
1,CS43->US11,0,0,0
1,CS43->US19,0,0,0
1,CS43->US27,0,0,0
1,CS43->US35,0,0,0
1,CS43->US43,0,0,0
1,CS43->US51,27388,27388,0
1,CS43->US59,0,0,0
1,CS43->US67,0,0,0
1,CS43->US75,0,0,0
1,CS43->US83,0,0,0
1,CS43->US91,0,0,0
1,CS43->US99,0,0,0
1,CS43->US107,0,0,0
1,CS43->US115,0,0,0
1,CS43->US123,0,0,0
1,CS44->US4,27415,27415,0
1,CS44->US12,0,0,0
1,CS44->US20,0,0,0
1,CS44->US28,0,0,0
1,CS44->US36,0,0,0
1,CS44->US44,0,0,0
1,CS44->US52,27607,27607,0
1,CS44->US60,0,0,0
1,CS44->US68,0,0,0
1,CS44->US76,0,0,0
1,CS44->US84,0,0,0
1,CS44->US92,0,0,0
1,CS44->US100,0,0,0
1,CS44->US108,0,0,0
1,CS44->US116,0,0,0
1,CS44->US124,0,0,0
1,CS45->US5,27399,27399,0
1,CS45->US13,0,0,0
1,CS45->US21,0,0,0
1,CS45->US29,0,0,0
1,CS45->US37,0,0,0
1,CS45->US45,0,0,0
1,CS45->US53,27588,27588,0
1,CS45->US61,0,0,0
1,CS45->US69,0,0,0
1,CS45->US77,0,0,0
1,CS45->US85,0,0,0
1,CS45->US93,0,0,0
1,CS45->US101,0,0,0
1,CS45->US109,0,0,0
1,CS45->US117,0,0,0
1,CS45->US125,0,0,0
1,CS46->US6,27422,27422,0
1,CS46->US14,0,0,0
1,CS46->US22,0,0,0
1,CS46->US30,0,0,0
1,CS46->US38,0,0,0
1,CS46->US46,0,0,0
1,CS46->US54,27576,27576,0
1,CS46->US62,0,0,0
1,CS46->US70,0,0,0
1,CS46->US78,0,0,0
1,CS46->US86,0,0,0
1,CS46->US94,0,0,0
1,CS46->US102,0,0,0
1,CS46->US110,0,0,0
1,CS46->US118,0,0,0
1,CS46->US126,0,0,0
1,CS47->US7,27317,27317,0
1,CS47->US15,0,0,0
1,CS47->US23,0,0,0
1,CS47->US31,0,0,0
1,CS47->US39,0,0,0
1,CS47->US47,0,0,0
1,CS47->US55,27760,27760,0
1,CS47->US63,0,0,0
1,CS47->US71,0,0,0
1,CS47->US79,0,0,0
1,CS47->US87,0,0,0
1,CS47->US95,0,0,0
1,CS47->US103,0,0,0
1,CS47->US111,0,0,0
1,CS47->US119,0,0,0
1,CS47->US127,0,0,0
1,CS48->US0,27630,27630,0
1,CS48->US8,0,0,0
1,CS48->US16,0,0,0
1,CS48->US24,0,0,0
1,CS48->US32,0,0,0
1,CS48->US40,0,0,0
1,CS48->US48,27658,27658,0
1,CS48->US56,0,0,0
1,CS48->US64,0,0,0
1,CS48->US72,0,0,0
1,CS48->US80,0,0,0
1,CS48->US88,0,0,0
1,CS48->US96,0,0,0
1,CS48->US104,0,0,0
1,CS48->US112,0,0,0
1,CS48->US120,0,0,0
1,CS49->US1,27551,27551,0
1,CS49->US9,0,0,0
1,CS49->US17,0,0,0
1,CS49->US25,0,0,0
1,CS49->US33,0,0,0
1,CS49->US41,0,0,0
1,CS49->US49,27489,27489,0
1,CS49->US57,0,0,0
1,CS49->US65,0,0,0
1,CS49->US73,0,0,0
1,CS49->US81,0,0,0
1,CS49->US89,0,0,0
1,CS49->US97,0,0,0
1,CS49->US105,0,0,0
1,CS49->US113,0,0,0
1,CS49->US121,0,0,0
1,CS50->US2,27919,27919,0
1,CS50->US10,0,0,0
1,CS50->US18,0,0,0
1,CS50->US26,0,0,0
1,CS50->US34,0,0,0
1,CS50->US42,0,0,0
1,CS50->US50,27651,27651,0
1,CS50->US58,0,0,0
1,CS50->US66,0,0,0
1,CS50->US74,0,0,0
1,CS50->US82,0,0,0
1,CS50->US90,0,0,0
1,CS50->US98,0,0,0
1,CS50->US106,0,0,0
1,CS50->US114,0,0,0
1,CS50->US122,0,0,0
1,CS51->US3,27662,27662,0
1,CS51->US11,0,0,0
1,CS51->US19,0,0,0
1,CS51->US27,0,0,0
1,CS51->US35,0,0,0
1,CS51->US43,0,0,0
1,CS51->US51,27517,27517,0
1,CS51->US59,0,0,0
1,CS51->US67,0,0,0
1,CS51->US75,0,0,0
1,CS51->US83,0,0,0
1,CS51->US91,0,0,0
1,CS51->US99,0,0,0
1,CS51->US107,0,0,0
1,CS51->US115,0,0,0
1,CS51->US123,0,0,0
1,CS52->US4,27631,27631,0
1,CS52->US12,0,0,0
1,CS52->US20,0,0,0
1,CS52->US28,0,0,0
1,CS52->US36,0,0,0
1,CS52->US44,0,0,0
1,CS52->US52,27565,27565,0
1,CS52->US60,0,0,0
1,CS52->US68,0,0,0
1,CS52->US76,0,0,0
1,CS52->US84,0,0,0
1,CS52->US92,0,0,0
1,CS52->US100,0,0,0
1,CS52->US108,0,0,0
1,CS52->US116,0,0,0
1,CS52->US124,0,0,0
1,CS53->US5,27757,27757,0
1,CS53->US13,0,0,0
1,CS53->US21,0,0,0
1,CS53->US29,0,0,0
1,CS53->US37,0,0,0
1,CS53->US45,0,0,0
1,CS53->US53,27659,27659,0
1,CS53->US61,0,0,0
1,CS53->US69,0,0,0
1,CS53->US77,0,0,0
1,CS53->US85,0,0,0
1,CS53->US93,0,0,0
1,CS53->US101,0,0,0
1,CS53->US109,0,0,0
1,CS53->US117,0,0,0
1,CS53->US125,0,0,0
1,CS54->US6,27485,27485,0
1,CS54->US14,0,0,0
1,CS54->US22,0,0,0
1,CS54->US30,0,0,0
1,CS54->US38,0,0,0
1,CS54->US46,0,0,0
1,CS54->US54,27586,27586,0
1,CS54->US62,0,0,0
1,CS54->US70,0,0,0
1,CS54->US78,0,0,0
1,CS54->US86,0,0,0
1,CS54->US94,0,0,0
1,CS54->US102,0,0,0
1,CS54->US110,0,0,0
1,CS54->US118,0,0,0
1,CS54->US126,0,0,0
1,CS55->US7,27777,27777,0
1,CS55->US15,0,0,0
1,CS55->US23,0,0,0
1,CS55->US31,0,0,0
1,CS55->US39,0,0,0
1,CS55->US47,0,0,0
1,CS55->US55,27135,27135,0
1,CS55->US63,0,0,0
1,CS55->US71,0,0,0
1,CS55->US79,0,0,0
1,CS55->US87,0,0,0
1,CS55->US95,0,0,0
1,CS55->US103,0,0,0
1,CS55->US111,0,0,0
1,CS55->US119,0,0,0
1,CS55->US127,0,0,0
1,CS56->US0,27401,27401,0
1,CS56->US8,0,0,0
1,CS56->US16,0,0,0
1,CS56->US24,0,0,0
1,CS56->US32,0,0,0
1,CS56->US40,0,0,0
1,CS56->US48,27883,27883,0
1,CS56->US56,0,0,0
1,CS56->US64,0,0,0
1,CS56->US72,0,0,0
1,CS56->US80,0,0,0
1,CS56->US88,0,0,0
1,CS56->US96,0,0,0
1,CS56->US104,0,0,0
1,CS56->US112,0,0,0
1,CS56->US120,0,0,0
1,CS57->US1,27469,27469,0
1,CS57->US9,0,0,0
1,CS57->US17,0,0,0
1,CS57->US25,0,0,0
1,CS57->US33,0,0,0
1,CS57->US41,0,0,0
1,CS57->US49,27425,27425,0
1,CS57->US57,0,0,0
1,CS57->US65,0,0,0
1,CS57->US73,0,0,0
1,CS57->US81,0,0,0
1,CS57->US89,0,0,0
1,CS57->US97,0,0,0
1,CS57->US105,0,0,0
1,CS57->US113,0,0,0
1,CS57->US121,0,0,0
1,CS58->US2,27478,27478,0
1,CS58->US10,0,0,0
1,CS58->US18,0,0,0
1,CS58->US26,0,0,0
1,CS58->US34,0,0,0
1,CS58->US42,0,0,0
1,CS58->US50,27652,27652,0
1,CS58->US58,0,0,0
1,CS58->US66,0,0,0
1,CS58->US74,0,0,0
1,CS58->US82,0,0,0
1,CS58->US90,0,0,0
1,CS58->US98,0,0,0
1,CS58->US106,0,0,0
1,CS58->US114,0,0,0
1,CS58->US122,0,0,0
1,CS59->US3,27459,27459,0
1,CS59->US11,0,0,0
1,CS59->US19,0,0,0
1,CS59->US27,0,0,0
1,CS59->US35,0,0,0
1,CS59->US43,0,0,0
1,CS59->US51,27520,27520,0
1,CS59->US59,0,0,0
1,CS59->US67,0,0,0
1,CS59->US75,0,0,0
1,CS59->US83,0,0,0
1,CS59->US91,0,0,0
1,CS59->US99,0,0,0
1,CS59->US107,0,0,0
1,CS59->US115,0,0,0
1,CS59->US123,0,0,0
1,CS60->US4,27469,27469,0
1,CS60->US12,0,0,0
1,CS60->US20,0,0,0
1,CS60->US28,0,0,0
1,CS60->US36,0,0,0
1,CS60->US44,0,0,0
1,CS60->US52,27529,27529,0
1,CS60->US60,0,0,0
1,CS60->US68,0,0,0
1,CS60->US76,0,0,0
1,CS60->US84,0,0,0
1,CS60->US92,0,0,0
1,CS60->US100,0,0,0
1,CS60->US108,0,0,0
1,CS60->US116,0,0,0
1,CS60->US124,0,0,0
1,CS61->US5,27769,27769,0
1,CS61->US13,0,0,0
1,CS61->US21,0,0,0
1,CS61->US29,0,0,0
1,CS61->US37,0,0,0
1,CS61->US45,0,0,0
1,CS61->US53,27923,27923,0
1,CS61->US61,0,0,0
1,CS61->US69,0,0,0
1,CS61->US77,0,0,0
1,CS61->US85,0,0,0
1,CS61->US93,0,0,0
1,CS61->US101,0,0,0
1,CS61->US109,0,0,0
1,CS61->US117,0,0,0
1,CS61->US125,0,0,0
1,CS62->US6,27423,27423,0
1,CS62->US14,0,0,0
1,CS62->US22,0,0,0
1,CS62->US30,0,0,0
1,CS62->US38,0,0,0
1,CS62->US46,0,0,0
1,CS62->US54,27410,27410,0
1,CS62->US62,0,0,0
1,CS62->US70,0,0,0
1,CS62->US78,0,0,0
1,CS62->US86,0,0,0
1,CS62->US94,0,0,0
1,CS62->US102,0,0,0
1,CS62->US110,0,0,0
1,CS62->US118,0,0,0
1,CS62->US126,0,0,0
1,CS63->US7,27924,27924,0
1,CS63->US15,0,0,0
1,CS63->US23,0,0,0
1,CS63->US31,0,0,0
1,CS63->US39,0,0,0
1,CS63->US47,0,0,0
1,CS63->US55,27647,27647,0
1,CS63->US63,0,0,0
1,CS63->US71,0,0,0
1,CS63->US79,0,0,0
1,CS63->US87,0,0,0
1,CS63->US95,0,0,0
1,CS63->US103,0,0,0
1,CS63->US111,0,0,0
1,CS63->US119,0,0,0
1,CS63->US127,0,0,0
2,US0->CS0,51644,51644,0
2,US0->CS8,51455,51455,0
2,US0->CS16,51427,51427,0
2,US0->CS24,51683,51683,0
2,US0->CS32,51773,51773,0
2,US0->CS40,51436,51436,0
2,US0->CS48,51391,51391,0
2,US0->CS56,51812,51812,0
2,US1->CS1,51476,51476,0
2,US1->CS9,51657,51657,0
2,US1->CS17,51417,51417,0
2,US1->CS25,51209,51209,0
2,US1->CS33,51383,51383,0
2,US1->CS41,51026,51026,0
2,US1->CS49,51287,51287,0
2,US1->CS57,51314,51314,0
2,US2->CS2,51190,51190,0
2,US2->CS10,51180,51180,0
2,US2->CS18,51049,51049,0
2,US2->CS26,51741,51741,0
2,US2->CS34,51898,51898,0
2,US2->CS42,51371,51371,0
2,US2->CS50,51574,51574,0
2,US2->CS58,51851,51851,0
2,US3->CS3,51242,51242,0
2,US3->CS11,51661,51661,0
2,US3->CS19,51267,51267,0
2,US3->CS27,51638,51638,0
2,US3->CS35,51665,51665,0
2,US3->CS43,51352,51352,0
2,US3->CS51,51368,51368,0
2,US3->CS59,51277,51277,0
2,US4->CS4,51139,51139,0
2,US4->CS12,51754,51754,0
2,US4->CS20,51273,51273,0
2,US4->CS28,51174,51174,0
2,US4->CS36,51673,51673,0
2,US4->CS44,51460,51460,0
2,US4->CS52,51644,51644,0
2,US4->CS60,51333,51333,0
2,US5->CS5,51553,51553,0
2,US5->CS13,51775,51775,0
2,US5->CS21,51423,51423,0
2,US5->CS29,51619,51619,0
2,US5->CS37,51278,51278,0
2,US5->CS45,51561,51561,0
2,US5->CS53,51440,51440,0
2,US5->CS61,51827,51827,0
2,US6->CS6,51547,51547,0
2,US6->CS14,51765,51765,0
2,US6->CS22,51331,51331,0
2,US6->CS30,51385,51385,0
2,US6->CS38,51353,51353,0
2,US6->CS46,51419,51419,0
2,US6->CS54,51199,51199,0
2,US6->CS62,51334,51334,0
2,US7->CS7,51691,51691,0
2,US7->CS15,51439,51439,0
2,US7->CS23,51407,51407,0
2,US7->CS31,51337,51337,0
2,US7->CS39,51351,51351,0
2,US7->CS47,51827,51827,0
2,US7->CS55,51063,51063,0
2,US7->CS63,51615,51615,0
2,US8->CS0,0,0,0
2,US8->CS8,0,0,0
2,US8->CS16,0,0,0
2,US8->CS24,0,0,0
2,US8->CS32,0,0,0
2,US8->CS40,0,0,0
2,US8->CS48,0,0,0
2,US8->CS56,0,0,0
2,US9->CS1,0,0,0
2,US9->CS9,0,0,0
2,US9->CS17,0,0,0
2,US9->CS25,0,0,0
2,US9->CS33,0,0,0
2,US9->CS41,0,0,0
2,US9->CS49,0,0,0
2,US9->CS57,0,0,0
2,US10->CS2,0,0,0
2,US10->CS10,0,0,0
2,US10->CS18,0,0,0
2,US10->CS26,0,0,0
2,US10->CS34,0,0,0
2,US10->CS42,0,0,0
2,US10->CS50,0,0,0
2,US10->CS58,0,0,0
2,US11->CS3,0,0,0
2,US11->CS11,0,0,0
2,US11->CS19,0,0,0
2,US11->CS27,0,0,0
2,US11->CS35,0,0,0
2,US11->CS43,0,0,0
2,US11->CS51,0,0,0
2,US11->CS59,0,0,0
2,US12->CS4,0,0,0
2,US12->CS12,0,0,0
2,US12->CS20,0,0,0
2,US12->CS28,0,0,0
2,US12->CS36,0,0,0
2,US12->CS44,0,0,0
2,US12->CS52,0,0,0
2,US12->CS60,0,0,0
2,US13->CS5,0,0,0
2,US13->CS13,0,0,0
2,US13->CS21,0,0,0
2,US13->CS29,0,0,0
2,US13->CS37,0,0,0
2,US13->CS45,0,0,0
2,US13->CS53,0,0,0
2,US13->CS61,0,0,0
2,US14->CS6,0,0,0
2,US14->CS14,0,0,0
2,US14->CS22,0,0,0
2,US14->CS30,0,0,0
2,US14->CS38,0,0,0
2,US14->CS46,0,0,0
2,US14->CS54,0,0,0
2,US14->CS62,0,0,0
2,US15->CS7,0,0,0
2,US15->CS15,0,0,0
2,US15->CS23,0,0,0
2,US15->CS31,0,0,0
2,US15->CS39,0,0,0
2,US15->CS47,0,0,0
2,US15->CS55,0,0,0
2,US15->CS63,0,0,0
2,US16->CS0,0,0,0
2,US16->CS8,0,0,0
2,US16->CS16,0,0,0
2,US16->CS24,0,0,0
2,US16->CS32,0,0,0
2,US16->CS40,0,0,0
2,US16->CS48,0,0,0
2,US16->CS56,0,0,0
2,US17->CS1,0,0,0
2,US17->CS9,0,0,0
2,US17->CS17,0,0,0
2,US17->CS25,0,0,0
2,US17->CS33,0,0,0
2,US17->CS41,0,0,0
2,US17->CS49,0,0,0
2,US17->CS57,0,0,0
2,US18->CS2,0,0,0
2,US18->CS10,0,0,0
2,US18->CS18,0,0,0
2,US18->CS26,0,0,0
2,US18->CS34,0,0,0
2,US18->CS42,0,0,0
2,US18->CS50,0,0,0
2,US18->CS58,0,0,0
2,US19->CS3,0,0,0
2,US19->CS11,0,0,0
2,US19->CS19,0,0,0
2,US19->CS27,0,0,0
2,US19->CS35,0,0,0
2,US19->CS43,0,0,0
2,US19->CS51,0,0,0
2,US19->CS59,0,0,0
2,US20->CS4,0,0,0
2,US20->CS12,0,0,0
2,US20->CS20,0,0,0
2,US20->CS28,0,0,0
2,US20->CS36,0,0,0
2,US20->CS44,0,0,0
2,US20->CS52,0,0,0
2,US20->CS60,0,0,0
2,US21->CS5,0,0,0
2,US21->CS13,0,0,0
2,US21->CS21,0,0,0
2,US21->CS29,0,0,0
2,US21->CS37,0,0,0
2,US21->CS45,0,0,0
2,US21->CS53,0,0,0
2,US21->CS61,0,0,0
2,US22->CS6,0,0,0
2,US22->CS14,0,0,0
2,US22->CS22,0,0,0
2,US22->CS30,0,0,0
2,US22->CS38,0,0,0
2,US22->CS46,0,0,0
2,US22->CS54,0,0,0
2,US22->CS62,0,0,0
2,US23->CS7,0,0,0
2,US23->CS15,0,0,0
2,US23->CS23,0,0,0
2,US23->CS31,0,0,0
2,US23->CS39,0,0,0
2,US23->CS47,0,0,0
2,US23->CS55,0,0,0
2,US23->CS63,0,0,0
2,US24->CS0,0,0,0
2,US24->CS8,0,0,0
2,US24->CS16,0,0,0
2,US24->CS24,0,0,0
2,US24->CS32,0,0,0
2,US24->CS40,0,0,0
2,US24->CS48,0,0,0
2,US24->CS56,0,0,0
2,US25->CS1,0,0,0
2,US25->CS9,0,0,0
2,US25->CS17,0,0,0
2,US25->CS25,0,0,0
2,US25->CS33,0,0,0
2,US25->CS41,0,0,0
2,US25->CS49,0,0,0
2,US25->CS57,0,0,0
2,US26->CS2,0,0,0
2,US26->CS10,0,0,0
2,US26->CS18,0,0,0
2,US26->CS26,0,0,0
2,US26->CS34,0,0,0
2,US26->CS42,0,0,0
2,US26->CS50,0,0,0
2,US26->CS58,0,0,0
2,US27->CS3,0,0,0
2,US27->CS11,0,0,0
2,US27->CS19,0,0,0
2,US27->CS27,0,0,0
2,US27->CS35,0,0,0
2,US27->CS43,0,0,0
2,US27->CS51,0,0,0
2,US27->CS59,0,0,0
2,US28->CS4,0,0,0
2,US28->CS12,0,0,0
2,US28->CS20,0,0,0
2,US28->CS28,0,0,0
2,US28->CS36,0,0,0
2,US28->CS44,0,0,0
2,US28->CS52,0,0,0
2,US28->CS60,0,0,0
2,US29->CS5,0,0,0
2,US29->CS13,0,0,0
2,US29->CS21,0,0,0
2,US29->CS29,0,0,0
2,US29->CS37,0,0,0
2,US29->CS45,0,0,0
2,US29->CS53,0,0,0
2,US29->CS61,0,0,0
2,US30->CS6,0,0,0
2,US30->CS14,0,0,0
2,US30->CS22,0,0,0
2,US30->CS30,0,0,0
2,US30->CS38,0,0,0
2,US30->CS46,0,0,0
2,US30->CS54,0,0,0
2,US30->CS62,0,0,0
2,US31->CS7,0,0,0
2,US31->CS15,0,0,0
2,US31->CS23,0,0,0
2,US31->CS31,0,0,0
2,US31->CS39,0,0,0
2,US31->CS47,0,0,0
2,US31->CS55,0,0,0
2,US31->CS63,0,0,0
2,US32->CS0,0,0,0
2,US32->CS8,0,0,0
2,US32->CS16,0,0,0
2,US32->CS24,0,0,0
2,US32->CS32,0,0,0
2,US32->CS40,0,0,0
2,US32->CS48,0,0,0
2,US32->CS56,0,0,0
2,US33->CS1,0,0,0
2,US33->CS9,0,0,0
2,US33->CS17,0,0,0
2,US33->CS25,0,0,0
2,US33->CS33,0,0,0
2,US33->CS41,0,0,0
2,US33->CS49,0,0,0
2,US33->CS57,0,0,0
2,US34->CS2,0,0,0
2,US34->CS10,0,0,0
2,US34->CS18,0,0,0
2,US34->CS26,0,0,0
2,US34->CS34,0,0,0
2,US34->CS42,0,0,0
2,US34->CS50,0,0,0
2,US34->CS58,0,0,0
2,US35->CS3,0,0,0
2,US35->CS11,0,0,0
2,US35->CS19,0,0,0
2,US35->CS27,0,0,0
2,US35->CS35,0,0,0
2,US35->CS43,0,0,0
2,US35->CS51,0,0,0
2,US35->CS59,0,0,0
2,US36->CS4,0,0,0
2,US36->CS12,0,0,0
2,US36->CS20,0,0,0
2,US36->CS28,0,0,0
2,US36->CS36,0,0,0
2,US36->CS44,0,0,0
2,US36->CS52,0,0,0
2,US36->CS60,0,0,0
2,US37->CS5,0,0,0
2,US37->CS13,0,0,0
2,US37->CS21,0,0,0
2,US37->CS29,0,0,0
2,US37->CS37,0,0,0
2,US37->CS45,0,0,0
2,US37->CS53,0,0,0
2,US37->CS61,0,0,0
2,US38->CS6,0,0,0
2,US38->CS14,0,0,0
2,US38->CS22,0,0,0
2,US38->CS30,0,0,0
2,US38->CS38,0,0,0
2,US38->CS46,0,0,0
2,US38->CS54,0,0,0
2,US38->CS62,0,0,0
2,US39->CS7,0,0,0
2,US39->CS15,0,0,0
2,US39->CS23,0,0,0
2,US39->CS31,0,0,0
2,US39->CS39,0,0,0
2,US39->CS47,0,0,0
2,US39->CS55,0,0,0
2,US39->CS63,0,0,0
2,US40->CS0,10775,10775,0
2,US40->CS8,10998,10998,0
2,US40->CS16,10828,10828,0
2,US40->CS24,10878,10878,0
2,US40->CS32,10689,10689,0
2,US40->CS40,11088,11088,0
2,US40->CS48,10711,10709,0
2,US40->CS56,10853,10853,0
2,US41->CS1,10989,10988,0
2,US41->CS9,10973,10973,0
2,US41->CS17,10984,10984,0
2,US41->CS25,10886,10886,0
2,US41->CS33,10819,10818,0
2,US41->CS41,10973,10973,0
2,US41->CS49,10683,10683,0
2,US41->CS57,10992,10991,0
2,US42->CS2,10761,10761,0
2,US42->CS10,10904,10904,0
2,US42->CS18,10848,10848,0
2,US42->CS26,10645,10644,0
2,US42->CS34,10833,10833,0
2,US42->CS42,10835,10835,0
2,US42->CS50,10841,10841,0
2,US42->CS58,11088,11088,0
2,US43->CS3,10880,10879,0
2,US43->CS11,10855,10855,0
2,US43->CS19,10886,10886,0
2,US43->CS27,10918,10918,0
2,US43->CS35,10828,10828,0
2,US43->CS43,10851,10850,0
2,US43->CS51,11153,11153,0
2,US43->CS59,10843,10843,0
2,US44->CS4,10921,10921,0
2,US44->CS12,10964,10963,0
2,US44->CS20,10712,10712,0
2,US44->CS28,10800,10799,0
2,US44->CS36,11137,11136,0
2,US44->CS44,10996,10995,0
2,US44->CS52,10684,10684,0
2,US44->CS60,10728,10727,0
2,US45->CS5,10920,10919,0
2,US45->CS13,10860,10860,0
2,US45->CS21,10985,10985,0
2,US45->CS29,10986,10985,0
2,US45->CS37,10661,10660,0
2,US45->CS45,10908,10908,0
2,US45->CS53,10776,10775,0
2,US45->CS61,10892,10892,0
2,US46->CS6,10928,10927,0
2,US46->CS14,10990,10990,0
2,US46->CS22,11024,11024,0
2,US46->CS30,11007,11007,0
2,US46->CS38,10660,10659,0
2,US46->CS46,11132,11131,0
2,US46->CS54,11027,11027,0
2,US46->CS62,10943,10942,0
2,US47->CS7,10906,10906,0
2,US47->CS15,10888,10888,0
2,US47->CS23,10915,10915,0
2,US47->CS31,11094,11093,0
2,US47->CS39,10862,10862,0
2,US47->CS47,11019,11019,0
2,US47->CS55,10919,10918,0
2,US47->CS63,11099,11099,0
2,US48->CS0,51246,51246,0
2,US48->CS8,51169,51169,0
2,US48->CS16,50961,50961,0
2,US48->CS24,51645,51645,0
2,US48->CS32,51470,51470,0
2,US48->CS40,51472,51472,0
2,US48->CS48,51465,51465,0
2,US48->CS56,51502,51502,0
2,US49->CS1,51189,51189,0
2,US49->CS9,51765,51765,0
2,US49->CS17,51578,51578,0
2,US49->CS25,51243,51243,0
2,US49->CS33,51584,51584,0
2,US49->CS41,51639,51639,0
2,US49->CS49,51511,51511,0
2,US49->CS57,51222,51222,0
2,US50->CS2,51436,51436,0
2,US50->CS10,51012,51012,0
2,US50->CS18,51207,51207,0
2,US50->CS26,51545,51545,0
2,US50->CS34,51576,51576,0
2,US50->CS42,51222,51222,0
2,US50->CS50,51671,51671,0
2,US50->CS58,51444,51444,0
2,US51->CS3,51326,51326,0
2,US51->CS11,51304,51304,0
2,US51->CS19,51061,51061,0
2,US51->CS27,51522,51522,0
2,US51->CS35,51505,51505,0
2,US51->CS43,51109,51109,0
2,US51->CS51,51841,51841,0
2,US51->CS59,51129,51129,0
2,US52->CS4,51670,51670,0
2,US52->CS12,51813,51813,0
2,US52->CS20,51277,51277,0
2,US52->CS28,51444,51444,0
2,US52->CS36,51604,51604,0
2,US52->CS44,51127,51127,0
2,US52->CS52,51667,51667,0
2,US52->CS60,51176,51176,0
2,US53->CS5,51345,51345,0
2,US53->CS13,51584,51584,0
2,US53->CS21,51431,51431,0
2,US53->CS29,51196,51196,0
2,US53->CS37,51719,51719,0
2,US53->CS45,51173,51173,0
2,US53->CS53,51913,51913,0
2,US53->CS61,51620,51620,0
2,US54->CS6,51734,51734,0
2,US54->CS14,51508,51508,0
2,US54->CS22,51578,51578,0
2,US54->CS30,51361,51361,0
2,US54->CS38,51309,51309,0
2,US54->CS46,51257,51257,0
2,US54->CS54,51428,51428,0
2,US54->CS62,51155,51155,0
2,US55->CS7,51484,51484,0
2,US55->CS15,51893,51893,0
2,US55->CS23,51526,51526,0
2,US55->CS31,51097,51097,0
2,US55->CS39,51350,51350,0
2,US55->CS47,51219,51219,0
2,US55->CS55,51316,51316,0
2,US55->CS63,51931,51931,0
2,US56->CS0,0,0,0
2,US56->CS8,0,0,0
2,US56->CS16,0,0,0
2,US56->CS24,0,0,0
2,US56->CS32,0,0,0
2,US56->CS40,0,0,0
2,US56->CS48,0,0,0
2,US56->CS56,0,0,0
2,US57->CS1,0,0,0
2,US57->CS9,0,0,0
2,US57->CS17,0,0,0
2,US57->CS25,0,0,0
2,US57->CS33,0,0,0
2,US57->CS41,0,0,0
2,US57->CS49,0,0,0
2,US57->CS57,0,0,0
2,US58->CS2,0,0,0
2,US58->CS10,0,0,0
2,US58->CS18,0,0,0
2,US58->CS26,0,0,0
2,US58->CS34,0,0,0
2,US58->CS42,0,0,0
2,US58->CS50,0,0,0
2,US58->CS58,0,0,0
2,US59->CS3,0,0,0
2,US59->CS11,0,0,0
2,US59->CS19,0,0,0
2,US59->CS27,0,0,0
2,US59->CS35,0,0,0
2,US59->CS43,0,0,0
2,US59->CS51,0,0,0
2,US59->CS59,0,0,0
2,US60->CS4,0,0,0
2,US60->CS12,0,0,0
2,US60->CS20,0,0,0
2,US60->CS28,0,0,0
2,US60->CS36,0,0,0
2,US60->CS44,0,0,0
2,US60->CS52,0,0,0
2,US60->CS60,0,0,0
2,US61->CS5,0,0,0
2,US61->CS13,0,0,0
2,US61->CS21,0,0,0
2,US61->CS29,0,0,0
2,US61->CS37,0,0,0
2,US61->CS45,0,0,0
2,US61->CS53,0,0,0
2,US61->CS61,0,0,0
2,US62->CS6,0,0,0
2,US62->CS14,0,0,0
2,US62->CS22,0,0,0
2,US62->CS30,0,0,0
2,US62->CS38,0,0,0
2,US62->CS46,0,0,0
2,US62->CS54,0,0,0
2,US62->CS62,0,0,0
2,US63->CS7,0,0,0
2,US63->CS15,0,0,0
2,US63->CS23,0,0,0
2,US63->CS31,0,0,0
2,US63->CS39,0,0,0
2,US63->CS47,0,0,0
2,US63->CS55,0,0,0
2,US63->CS63,0,0,0
2,US64->CS0,0,0,0
2,US64->CS8,0,0,0
2,US64->CS16,0,0,0
2,US64->CS24,0,0,0
2,US64->CS32,0,0,0
2,US64->CS40,0,0,0
2,US64->CS48,0,0,0
2,US64->CS56,0,0,0
2,US65->CS1,0,0,0
2,US65->CS9,0,0,0
2,US65->CS17,0,0,0
2,US65->CS25,0,0,0
2,US65->CS33,0,0,0
2,US65->CS41,0,0,0
2,US65->CS49,0,0,0
2,US65->CS57,0,0,0
2,US66->CS2,0,0,0
2,US66->CS10,0,0,0
2,US66->CS18,0,0,0
2,US66->CS26,0,0,0
2,US66->CS34,0,0,0
2,US66->CS42,0,0,0
2,US66->CS50,0,0,0
2,US66->CS58,0,0,0
2,US67->CS3,0,0,0
2,US67->CS11,0,0,0
2,US67->CS19,0,0,0
2,US67->CS27,0,0,0
2,US67->CS35,0,0,0
2,US67->CS43,0,0,0
2,US67->CS51,0,0,0
2,US67->CS59,0,0,0
2,US68->CS4,0,0,0
2,US68->CS12,0,0,0
2,US68->CS20,0,0,0
2,US68->CS28,0,0,0
2,US68->CS36,0,0,0
2,US68->CS44,0,0,0
2,US68->CS52,0,0,0
2,US68->CS60,0,0,0
2,US69->CS5,0,0,0
2,US69->CS13,0,0,0
2,US69->CS21,0,0,0
2,US69->CS29,0,0,0
2,US69->CS37,0,0,0
2,US69->CS45,0,0,0
2,US69->CS53,0,0,0
2,US69->CS61,0,0,0
2,US70->CS6,0,0,0
2,US70->CS14,0,0,0
2,US70->CS22,0,0,0
2,US70->CS30,0,0,0
2,US70->CS38,0,0,0
2,US70->CS46,0,0,0
2,US70->CS54,0,0,0
2,US70->CS62,0,0,0
2,US71->CS7,0,0,0
2,US71->CS15,0,0,0
2,US71->CS23,0,0,0
2,US71->CS31,0,0,0
2,US71->CS39,0,0,0
2,US71->CS47,0,0,0
2,US71->CS55,0,0,0
2,US71->CS63,0,0,0
2,US72->CS0,0,0,0
2,US72->CS8,0,0,0
2,US72->CS16,0,0,0
2,US72->CS24,0,0,0
2,US72->CS32,0,0,0
2,US72->CS40,0,0,0
2,US72->CS48,0,0,0
2,US72->CS56,0,0,0
2,US73->CS1,0,0,0
2,US73->CS9,0,0,0
2,US73->CS17,0,0,0
2,US73->CS25,0,0,0
2,US73->CS33,0,0,0
2,US73->CS41,0,0,0
2,US73->CS49,0,0,0
2,US73->CS57,0,0,0
2,US74->CS2,0,0,0
2,US74->CS10,0,0,0
2,US74->CS18,0,0,0
2,US74->CS26,0,0,0
2,US74->CS34,0,0,0
2,US74->CS42,0,0,0
2,US74->CS50,0,0,0
2,US74->CS58,0,0,0
2,US75->CS3,0,0,0
2,US75->CS11,0,0,0
2,US75->CS19,0,0,0
2,US75->CS27,0,0,0
2,US75->CS35,0,0,0
2,US75->CS43,0,0,0
2,US75->CS51,0,0,0
2,US75->CS59,0,0,0
2,US76->CS4,0,0,0
2,US76->CS12,0,0,0
2,US76->CS20,0,0,0
2,US76->CS28,0,0,0
2,US76->CS36,0,0,0
2,US76->CS44,0,0,0
2,US76->CS52,0,0,0
2,US76->CS60,0,0,0
2,US77->CS5,0,0,0
2,US77->CS13,0,0,0
2,US77->CS21,0,0,0
2,US77->CS29,0,0,0
2,US77->CS37,0,0,0
2,US77->CS45,0,0,0
2,US77->CS53,0,0,0
2,US77->CS61,0,0,0
2,US78->CS6,0,0,0
2,US78->CS14,0,0,0
2,US78->CS22,0,0,0
2,US78->CS30,0,0,0
2,US78->CS38,0,0,0
2,US78->CS46,0,0,0
2,US78->CS54,0,0,0
2,US78->CS62,0,0,0
2,US79->CS7,0,0,0
2,US79->CS15,0,0,0
2,US79->CS23,0,0,0
2,US79->CS31,0,0,0
2,US79->CS39,0,0,0
2,US79->CS47,0,0,0
2,US79->CS55,0,0,0
2,US79->CS63,0,0,0
2,US80->CS0,0,0,0
2,US80->CS8,0,0,0
2,US80->CS16,0,0,0
2,US80->CS24,0,0,0
2,US80->CS32,0,0,0
2,US80->CS40,0,0,0
2,US80->CS48,0,0,0
2,US80->CS56,0,0,0
2,US81->CS1,0,0,0
2,US81->CS9,0,0,0
2,US81->CS17,0,0,0
2,US81->CS25,0,0,0
2,US81->CS33,0,0,0
2,US81->CS41,0,0,0
2,US81->CS49,0,0,0
2,US81->CS57,0,0,0
2,US82->CS2,0,0,0
2,US82->CS10,0,0,0
2,US82->CS18,0,0,0
2,US82->CS26,0,0,0
2,US82->CS34,0,0,0
2,US82->CS42,0,0,0
2,US82->CS50,0,0,0
2,US82->CS58,0,0,0
2,US83->CS3,0,0,0
2,US83->CS11,0,0,0
2,US83->CS19,0,0,0
2,US83->CS27,0,0,0
2,US83->CS35,0,0,0
2,US83->CS43,0,0,0
2,US83->CS51,0,0,0
2,US83->CS59,0,0,0
2,US84->CS4,0,0,0
2,US84->CS12,0,0,0
2,US84->CS20,0,0,0
2,US84->CS28,0,0,0
2,US84->CS36,0,0,0
2,US84->CS44,0,0,0
2,US84->CS52,0,0,0
2,US84->CS60,0,0,0
2,US85->CS5,0,0,0
2,US85->CS13,0,0,0
2,US85->CS21,0,0,0
2,US85->CS29,0,0,0
2,US85->CS37,0,0,0
2,US85->CS45,0,0,0
2,US85->CS53,0,0,0
2,US85->CS61,0,0,0
2,US86->CS6,0,0,0
2,US86->CS14,0,0,0
2,US86->CS22,0,0,0
2,US86->CS30,0,0,0
2,US86->CS38,0,0,0
2,US86->CS46,0,0,0
2,US86->CS54,0,0,0
2,US86->CS62,0,0,0
2,US87->CS7,0,0,0
2,US87->CS15,0,0,0
2,US87->CS23,0,0,0
2,US87->CS31,0,0,0
2,US87->CS39,0,0,0
2,US87->CS47,0,0,0
2,US87->CS55,0,0,0
2,US87->CS63,0,0,0
2,US88->CS0,0,0,0
2,US88->CS8,0,0,0
2,US88->CS16,0,0,0
2,US88->CS24,0,0,0
2,US88->CS32,0,0,0
2,US88->CS40,0,0,0
2,US88->CS48,0,0,0
2,US88->CS56,0,0,0
2,US89->CS1,0,0,0
2,US89->CS9,0,0,0
2,US89->CS17,0,0,0
2,US89->CS25,0,0,0
2,US89->CS33,0,0,0
2,US89->CS41,0,0,0
2,US89->CS49,0,0,0
2,US89->CS57,0,0,0
2,US90->CS2,0,0,0
2,US90->CS10,0,0,0
2,US90->CS18,0,0,0
2,US90->CS26,0,0,0
2,US90->CS34,0,0,0
2,US90->CS42,0,0,0
2,US90->CS50,0,0,0
2,US90->CS58,0,0,0
2,US91->CS3,0,0,0
2,US91->CS11,0,0,0
2,US91->CS19,0,0,0
2,US91->CS27,0,0,0
2,US91->CS35,0,0,0
2,US91->CS43,0,0,0
2,US91->CS51,0,0,0
2,US91->CS59,0,0,0
2,US92->CS4,0,0,0
2,US92->CS12,0,0,0
2,US92->CS20,0,0,0
2,US92->CS28,0,0,0
2,US92->CS36,0,0,0
2,US92->CS44,0,0,0
2,US92->CS52,0,0,0
2,US92->CS60,0,0,0
2,US93->CS5,0,0,0
2,US93->CS13,0,0,0
2,US93->CS21,0,0,0
2,US93->CS29,0,0,0
2,US93->CS37,0,0,0
2,US93->CS45,0,0,0
2,US93->CS53,0,0,0
2,US93->CS61,0,0,0
2,US94->CS6,0,0,0
2,US94->CS14,0,0,0
2,US94->CS22,0,0,0
2,US94->CS30,0,0,0
2,US94->CS38,0,0,0
2,US94->CS46,0,0,0
2,US94->CS54,0,0,0
2,US94->CS62,0,0,0
2,US95->CS7,0,0,0
2,US95->CS15,0,0,0
2,US95->CS23,0,0,0
2,US95->CS31,0,0,0
2,US95->CS39,0,0,0
2,US95->CS47,0,0,0
2,US95->CS55,0,0,0
2,US95->CS63,0,0,0
2,US96->CS0,0,0,0
2,US96->CS8,0,0,0
2,US96->CS16,0,0,0
2,US96->CS24,0,0,0
2,US96->CS32,0,0,0
2,US96->CS40,0,0,0
2,US96->CS48,0,0,0
2,US96->CS56,0,0,0
2,US97->CS1,0,0,0
2,US97->CS9,0,0,0
2,US97->CS17,0,0,0
2,US97->CS25,0,0,0
2,US97->CS33,0,0,0
2,US97->CS41,0,0,0
2,US97->CS49,0,0,0
2,US97->CS57,0,0,0
2,US98->CS2,0,0,0
2,US98->CS10,0,0,0
2,US98->CS18,0,0,0
2,US98->CS26,0,0,0
2,US98->CS34,0,0,0
2,US98->CS42,0,0,0
2,US98->CS50,0,0,0
2,US98->CS58,0,0,0
2,US99->CS3,0,0,0
2,US99->CS11,0,0,0
2,US99->CS19,0,0,0
2,US99->CS27,0,0,0
2,US99->CS35,0,0,0
2,US99->CS43,0,0,0
2,US99->CS51,0,0,0
2,US99->CS59,0,0,0
2,US100->CS4,0,0,0
2,US100->CS12,0,0,0
2,US100->CS20,0,0,0
2,US100->CS28,0,0,0
2,US100->CS36,0,0,0
2,US100->CS44,0,0,0
2,US100->CS52,0,0,0
2,US100->CS60,0,0,0
2,US101->CS5,0,0,0
2,US101->CS13,0,0,0
2,US101->CS21,0,0,0
2,US101->CS29,0,0,0
2,US101->CS37,0,0,0
2,US101->CS45,0,0,0
2,US101->CS53,0,0,0
2,US101->CS61,0,0,0
2,US102->CS6,0,0,0
2,US102->CS14,0,0,0
2,US102->CS22,0,0,0
2,US102->CS30,0,0,0
2,US102->CS38,0,0,0
2,US102->CS46,0,0,0
2,US102->CS54,0,0,0
2,US102->CS62,0,0,0
2,US103->CS7,0,0,0
2,US103->CS15,0,0,0
2,US103->CS23,0,0,0
2,US103->CS31,0,0,0
2,US103->CS39,0,0,0
2,US103->CS47,0,0,0
2,US103->CS55,0,0,0
2,US103->CS63,0,0,0
2,US104->CS0,0,0,0
2,US104->CS8,0,0,0
2,US104->CS16,0,0,0
2,US104->CS24,0,0,0
2,US104->CS32,0,0,0
2,US104->CS40,0,0,0
2,US104->CS48,0,0,0
2,US104->CS56,0,0,0
2,US105->CS1,0,0,0
2,US105->CS9,0,0,0
2,US105->CS17,0,0,0
2,US105->CS25,0,0,0
2,US105->CS33,0,0,0
2,US105->CS41,0,0,0
2,US105->CS49,0,0,0
2,US105->CS57,0,0,0
2,US106->CS2,0,0,0
2,US106->CS10,0,0,0
2,US106->CS18,0,0,0
2,US106->CS26,0,0,0
2,US106->CS34,0,0,0
2,US106->CS42,0,0,0
2,US106->CS50,0,0,0
2,US106->CS58,0,0,0
2,US107->CS3,0,0,0
2,US107->CS11,0,0,0
2,US107->CS19,0,0,0
2,US107->CS27,0,0,0
2,US107->CS35,0,0,0
2,US107->CS43,0,0,0
2,US107->CS51,0,0,0
2,US107->CS59,0,0,0
2,US108->CS4,0,0,0
2,US108->CS12,0,0,0
2,US108->CS20,0,0,0
2,US108->CS28,0,0,0
2,US108->CS36,0,0,0
2,US108->CS44,0,0,0
2,US108->CS52,0,0,0
2,US108->CS60,0,0,0
2,US109->CS5,0,0,0
2,US109->CS13,0,0,0
2,US109->CS21,0,0,0
2,US109->CS29,0,0,0
2,US109->CS37,0,0,0
2,US109->CS45,0,0,0
2,US109->CS53,0,0,0
2,US109->CS61,0,0,0
2,US110->CS6,0,0,0
2,US110->CS14,0,0,0
2,US110->CS22,0,0,0
2,US110->CS30,0,0,0
2,US110->CS38,0,0,0
2,US110->CS46,0,0,0
2,US110->CS54,0,0,0
2,US110->CS62,0,0,0
2,US111->CS7,0,0,0
2,US111->CS15,0,0,0
2,US111->CS23,0,0,0
2,US111->CS31,0,0,0
2,US111->CS39,0,0,0
2,US111->CS47,0,0,0
2,US111->CS55,0,0,0
2,US111->CS63,0,0,0
2,US112->CS0,10815,10813,0
2,US112->CS8,10789,10789,0
2,US112->CS16,10968,10966,0
2,US112->CS24,11099,11098,0
2,US112->CS32,10847,10847,0
2,US112->CS40,10724,10724,0
2,US112->CS48,10894,10894,0
2,US112->CS56,10877,10877,0
2,US113->CS1,10946,10946,0
2,US113->CS9,10819,10818,0
2,US113->CS17,10778,10778,0
2,US113->CS25,10911,10910,0
2,US113->CS33,11025,11024,0
2,US113->CS41,10715,10715,0
2,US113->CS49,10781,10781,0
2,US113->CS57,10807,10805,0
2,US114->CS2,10742,10742,0
2,US114->CS10,10654,10653,0
2,US114->CS18,10866,10866,0
2,US114->CS26,10793,10793,0
2,US114->CS34,10860,10860,0
2,US114->CS42,10882,10881,0
2,US114->CS50,11027,11027,0
2,US114->CS58,10847,10847,0
2,US115->CS3,10891,10890,0
2,US115->CS11,10912,10911,0
2,US115->CS19,10865,10864,0
2,US115->CS27,10751,10751,0
2,US115->CS35,10904,10904,0
2,US115->CS43,10927,10927,0
2,US115->CS51,10776,10776,0
2,US115->CS59,10952,10952,0
2,US116->CS4,10862,10862,0
2,US116->CS12,10769,10768,0
2,US116->CS20,10753,10752,0
2,US116->CS28,10913,10913,0
2,US116->CS36,10847,10847,0
2,US116->CS44,10915,10915,0
2,US116->CS52,10784,10784,0
2,US116->CS60,10771,10769,0
2,US117->CS5,10796,10796,0
2,US117->CS13,10769,10768,0
2,US117->CS21,10855,10854,0
2,US117->CS29,10930,10930,0
2,US117->CS37,10797,10797,0
2,US117->CS45,10730,10730,0
2,US117->CS53,10882,10882,0
2,US117->CS61,10676,10675,0
2,US118->CS6,11136,11136,0
2,US118->CS14,10861,10861,0
2,US118->CS22,10815,10813,0
2,US118->CS30,10787,10787,0
2,US118->CS38,10761,10761,0
2,US118->CS46,10941,10941,0
2,US118->CS54,10862,10862,0
2,US118->CS62,10743,10742,0
2,US119->CS7,10963,10962,0
2,US119->CS15,10654,10653,0
2,US119->CS23,10968,10967,0
2,US119->CS31,10863,10863,0
2,US119->CS39,10966,10965,0
2,US119->CS47,10858,10857,0
2,US119->CS55,10872,10871,0
2,US119->CS63,10862,10861,0
2,US120->CS0,0,0,0
2,US120->CS8,0,0,0
2,US120->CS16,0,0,0
2,US120->CS24,0,0,0
2,US120->CS32,0,0,0
2,US120->CS40,0,0,0
2,US120->CS48,0,0,0
2,US120->CS56,0,0,0
2,US121->CS1,0,0,0
2,US121->CS9,0,0,0
2,US121->CS17,0,0,0
2,US121->CS25,0,0,0
2,US121->CS33,0,0,0
2,US121->CS41,0,0,0
2,US121->CS49,0,0,0
2,US121->CS57,0,0,0
2,US122->CS2,0,0,0
2,US122->CS10,0,0,0
2,US122->CS18,0,0,0
2,US122->CS26,0,0,0
2,US122->CS34,0,0,0
2,US122->CS42,0,0,0
2,US122->CS50,0,0,0
2,US122->CS58,0,0,0
2,US123->CS3,0,0,0
2,US123->CS11,0,0,0
2,US123->CS19,0,0,0
2,US123->CS27,0,0,0
2,US123->CS35,0,0,0
2,US123->CS43,0,0,0
2,US123->CS51,0,0,0
2,US123->CS59,0,0,0
2,US124->CS4,0,0,0
2,US124->CS12,0,0,0
2,US124->CS20,0,0,0
2,US124->CS28,0,0,0
2,US124->CS36,0,0,0
2,US124->CS44,0,0,0
2,US124->CS52,0,0,0
2,US124->CS60,0,0,0
2,US125->CS5,0,0,0
2,US125->CS13,0,0,0
2,US125->CS21,0,0,0
2,US125->CS29,0,0,0
2,US125->CS37,0,0,0
2,US125->CS45,0,0,0
2,US125->CS53,0,0,0
2,US125->CS61,0,0,0
2,US126->CS6,0,0,0
2,US126->CS14,0,0,0
2,US126->CS22,0,0,0
2,US126->CS30,0,0,0
2,US126->CS38,0,0,0
2,US126->CS46,0,0,0
2,US126->CS54,0,0,0
2,US126->CS62,0,0,0
2,US127->CS7,0,0,0
2,US127->CS15,0,0,0
2,US127->CS23,0,0,0
2,US127->CS31,0,0,0
2,US127->CS39,0,0,0
2,US127->CS47,0,0,0
2,US127->CS55,0,0,0
2,US127->CS63,0,0,0
2,CS0->US0,51171,51171,0
2,CS0->US8,0,0,0
2,CS0->US16,0,0,0
2,CS0->US24,0,0,0
2,CS0->US32,0,0,0
2,CS0->US40,10888,10888,0
2,CS0->US48,51510,51510,0
2,CS0->US56,0,0,0
2,CS0->US64,0,0,0
2,CS0->US72,0,0,0
2,CS0->US80,0,0,0
2,CS0->US88,0,0,0
2,CS0->US96,0,0,0
2,CS0->US104,0,0,0
2,CS0->US112,10909,10909,0
2,CS0->US120,0,0,0
2,CS1->US1,51126,51126,0
2,CS1->US9,0,0,0
2,CS1->US17,0,0,0
2,CS1->US25,0,0,0
2,CS1->US33,0,0,0
2,CS1->US41,11009,11009,0
2,CS1->US49,51329,51329,0
2,CS1->US57,0,0,0
2,CS1->US65,0,0,0
2,CS1->US73,0,0,0
2,CS1->US81,0,0,0
2,CS1->US89,0,0,0
2,CS1->US97,0,0,0
2,CS1->US105,0,0,0
2,CS1->US113,11135,11134,0
2,CS1->US121,0,0,0
2,CS2->US2,51355,51355,0
2,CS2->US10,0,0,0
2,CS2->US18,0,0,0
2,CS2->US26,0,0,0
2,CS2->US34,0,0,0
2,CS2->US42,10822,10821,0
2,CS2->US50,51059,51059,0
2,CS2->US58,0,0,0
2,CS2->US66,0,0,0
2,CS2->US74,0,0,0
2,CS2->US82,0,0,0
2,CS2->US90,0,0,0
2,CS2->US98,0,0,0
2,CS2->US106,0,0,0
2,CS2->US114,10892,10891,0
2,CS2->US122,0,0,0
2,CS3->US3,51236,51236,0
2,CS3->US11,0,0,0
2,CS3->US19,0,0,0
2,CS3->US27,0,0,0
2,CS3->US35,0,0,0
2,CS3->US43,10979,10978,0
2,CS3->US51,51133,51133,0
2,CS3->US59,0,0,0
2,CS3->US67,0,0,0
2,CS3->US75,0,0,0
2,CS3->US83,0,0,0
2,CS3->US91,0,0,0
2,CS3->US99,0,0,0
2,CS3->US107,0,0,0
2,CS3->US115,10988,10987,0
2,CS3->US123,0,0,0
2,CS4->US4,51610,51610,0
2,CS4->US12,0,0,0
2,CS4->US20,0,0,0
2,CS4->US28,0,0,0
2,CS4->US36,0,0,0
2,CS4->US44,10922,10921,0
2,CS4->US52,51009,51009,0
2,CS4->US60,0,0,0
2,CS4->US68,0,0,0
2,CS4->US76,0,0,0
2,CS4->US84,0,0,0
2,CS4->US92,0,0,0
2,CS4->US100,0,0,0
2,CS4->US108,0,0,0
2,CS4->US116,11051,11050,0
2,CS4->US124,0,0,0
2,CS5->US5,51280,51280,0
2,CS5->US13,0,0,0
2,CS5->US21,0,0,0
2,CS5->US29,0,0,0
2,CS5->US37,0,0,0
2,CS5->US45,10861,10861,0
2,CS5->US53,51435,51435,0
2,CS5->US61,0,0,0
2,CS5->US69,0,0,0
2,CS5->US77,0,0,0
2,CS5->US85,0,0,0
2,CS5->US93,0,0,0
2,CS5->US101,0,0,0
2,CS5->US109,0,0,0
2,CS5->US117,11037,11036,0
2,CS5->US125,0,0,0
2,CS6->US6,51674,51674,0
2,CS6->US14,0,0,0
2,CS6->US22,0,0,0
2,CS6->US30,0,0,0
2,CS6->US38,0,0,0
2,CS6->US46,11196,11194,0
2,CS6->US54,51444,51444,0
2,CS6->US62,0,0,0
2,CS6->US70,0,0,0
2,CS6->US78,0,0,0
2,CS6->US86,0,0,0
2,CS6->US94,0,0,0
2,CS6->US102,0,0,0
2,CS6->US110,0,0,0
2,CS6->US118,11030,11030,0
2,CS6->US126,0,0,0
2,CS7->US7,51424,51424,0
2,CS7->US15,0,0,0
2,CS7->US23,0,0,0
2,CS7->US31,0,0,0
2,CS7->US39,0,0,0
2,CS7->US47,11022,11022,0
2,CS7->US55,51561,51561,0
2,CS7->US63,0,0,0
2,CS7->US71,0,0,0
2,CS7->US79,0,0,0
2,CS7->US87,0,0,0
2,CS7->US95,0,0,0
2,CS7->US103,0,0,0
2,CS7->US111,0,0,0
2,CS7->US119,11036,11036,0
2,CS7->US127,0,0,0
2,CS8->US0,51112,51112,0
2,CS8->US8,0,0,0
2,CS8->US16,0,0,0
2,CS8->US24,0,0,0
2,CS8->US32,0,0,0
2,CS8->US40,10846,10846,0
2,CS8->US48,51313,51313,0
2,CS8->US56,0,0,0
2,CS8->US64,0,0,0
2,CS8->US72,0,0,0
2,CS8->US80,0,0,0
2,CS8->US88,0,0,0
2,CS8->US96,0,0,0
2,CS8->US104,0,0,0
2,CS8->US112,11140,11140,0
2,CS8->US120,0,0,0
2,CS9->US1,51694,51694,0
2,CS9->US9,0,0,0
2,CS9->US17,0,0,0
2,CS9->US25,0,0,0
2,CS9->US33,0,0,0
2,CS9->US41,10889,10888,0
2,CS9->US49,51521,51521,0
2,CS9->US57,0,0,0
2,CS9->US65,0,0,0
2,CS9->US73,0,0,0
2,CS9->US81,0,0,0
2,CS9->US89,0,0,0
2,CS9->US97,0,0,0
2,CS9->US105,0,0,0
2,CS9->US113,11109,11109,0
2,CS9->US121,0,0,0
2,CS10->US2,50965,50965,0
2,CS10->US10,0,0,0
2,CS10->US18,0,0,0
2,CS10->US26,0,0,0
2,CS10->US34,0,0,0
2,CS10->US42,10700,10700,0
2,CS10->US50,51042,51042,0
2,CS10->US58,0,0,0
2,CS10->US66,0,0,0
2,CS10->US74,0,0,0
2,CS10->US82,0,0,0
2,CS10->US90,0,0,0
2,CS10->US98,0,0,0
2,CS10->US106,0,0,0
2,CS10->US114,11042,11042,0
2,CS10->US122,0,0,0
2,CS11->US3,51232,51232,0
2,CS11->US11,0,0,0
2,CS11->US19,0,0,0
2,CS11->US27,0,0,0
2,CS11->US35,0,0,0
2,CS11->US43,10983,10983,0
2,CS11->US51,51534,51534,0
2,CS11->US59,0,0,0
2,CS11->US67,0,0,0
2,CS11->US75,0,0,0
2,CS11->US83,0,0,0
2,CS11->US91,0,0,0
2,CS11->US99,0,0,0
2,CS11->US107,0,0,0
2,CS11->US115,10982,10982,0
2,CS11->US123,0,0,0
2,CS12->US4,51769,51769,0
2,CS12->US12,0,0,0
2,CS12->US20,0,0,0
2,CS12->US28,0,0,0
2,CS12->US36,0,0,0
2,CS12->US44,10812,10811,0
2,CS12->US52,51657,51657,0
2,CS12->US60,0,0,0
2,CS12->US68,0,0,0
2,CS12->US76,0,0,0
2,CS12->US84,0,0,0
2,CS12->US92,0,0,0
2,CS12->US100,0,0,0
2,CS12->US108,0,0,0
2,CS12->US116,11060,11060,0
2,CS12->US124,0,0,0
2,CS13->US5,51534,51534,0
2,CS13->US13,0,0,0
2,CS13->US21,0,0,0
2,CS13->US29,0,0,0
2,CS13->US37,0,0,0
2,CS13->US45,10818,10818,0
2,CS13->US53,51642,51642,0
2,CS13->US61,0,0,0
2,CS13->US69,0,0,0
2,CS13->US77,0,0,0
2,CS13->US85,0,0,0
2,CS13->US93,0,0,0
2,CS13->US101,0,0,0
2,CS13->US109,0,0,0
2,CS13->US117,10993,10993,0
2,CS13->US125,0,0,0
2,CS14->US6,51473,51473,0
2,CS14->US14,0,0,0
2,CS14->US22,0,0,0
2,CS14->US30,0,0,0
2,CS14->US38,0,0,0
2,CS14->US46,10896,10895,0
2,CS14->US54,51672,51672,0
2,CS14->US62,0,0,0
2,CS14->US70,0,0,0
2,CS14->US78,0,0,0
2,CS14->US86,0,0,0
2,CS14->US94,0,0,0
2,CS14->US102,0,0,0
2,CS14->US110,0,0,0
2,CS14->US118,11083,11083,0
2,CS14->US126,0,0,0
2,CS15->US7,51856,51856,0
2,CS15->US15,0,0,0
2,CS15->US23,0,0,0
2,CS15->US31,0,0,0
2,CS15->US39,0,0,0
2,CS15->US47,10690,10689,0
2,CS15->US55,51288,51288,0
2,CS15->US63,0,0,0
2,CS15->US71,0,0,0
2,CS15->US79,0,0,0
2,CS15->US87,0,0,0
2,CS15->US95,0,0,0
2,CS15->US103,0,0,0
2,CS15->US111,0,0,0
2,CS15->US119,11039,11039,0
2,CS15->US127,0,0,0
2,CS16->US0,50911,50911,0
2,CS16->US8,0,0,0
2,CS16->US16,0,0,0
2,CS16->US24,0,0,0
2,CS16->US32,0,0,0
2,CS16->US40,11016,11016,0
2,CS16->US48,51268,51268,0
2,CS16->US56,0,0,0
2,CS16->US64,0,0,0
2,CS16->US72,0,0,0
2,CS16->US80,0,0,0
2,CS16->US88,0,0,0
2,CS16->US96,0,0,0
2,CS16->US104,0,0,0
2,CS16->US112,10987,10987,0
2,CS16->US120,0,0,0
2,CS17->US1,51514,51514,0
2,CS17->US9,0,0,0
2,CS17->US17,0,0,0
2,CS17->US25,0,0,0
2,CS17->US33,0,0,0
2,CS17->US41,10842,10841,0
2,CS17->US49,51323,51323,0
2,CS17->US57,0,0,0
2,CS17->US65,0,0,0
2,CS17->US73,0,0,0
2,CS17->US81,0,0,0
2,CS17->US89,0,0,0
2,CS17->US97,0,0,0
2,CS17->US105,0,0,0
2,CS17->US113,11078,11078,0
2,CS17->US121,0,0,0
2,CS18->US2,51155,51155,0
2,CS18->US10,0,0,0
2,CS18->US18,0,0,0
2,CS18->US26,0,0,0
2,CS18->US34,0,0,0
2,CS18->US42,10918,10917,0
2,CS18->US50,50921,50921,0
2,CS18->US58,0,0,0
2,CS18->US66,0,0,0
2,CS18->US74,0,0,0
2,CS18->US82,0,0,0
2,CS18->US90,0,0,0
2,CS18->US98,0,0,0
2,CS18->US106,0,0,0
2,CS18->US114,10976,10976,0
2,CS18->US122,0,0,0
2,CS19->US3,50982,50982,0
2,CS19->US11,0,0,0
2,CS19->US19,0,0,0
2,CS19->US27,0,0,0
2,CS19->US35,0,0,0
2,CS19->US43,10943,10942,0
2,CS19->US51,51157,51157,0
2,CS19->US59,0,0,0
2,CS19->US67,0,0,0
2,CS19->US75,0,0,0
2,CS19->US83,0,0,0
2,CS19->US91,0,0,0
2,CS19->US99,0,0,0
2,CS19->US107,0,0,0
2,CS19->US115,10996,10996,0
2,CS19->US123,0,0,0
2,CS20->US4,51215,51215,0
2,CS20->US12,0,0,0
2,CS20->US20,0,0,0
2,CS20->US28,0,0,0
2,CS20->US36,0,0,0
2,CS20->US44,10814,10814,0
2,CS20->US52,51157,51157,0
2,CS20->US60,0,0,0
2,CS20->US68,0,0,0
2,CS20->US76,0,0,0
2,CS20->US84,0,0,0
2,CS20->US92,0,0,0
2,CS20->US100,0,0,0
2,CS20->US108,0,0,0
2,CS20->US116,10828,10828,0
2,CS20->US124,0,0,0
2,CS21->US5,51386,51386,0
2,CS21->US13,0,0,0
2,CS21->US21,0,0,0
2,CS21->US29,0,0,0
2,CS21->US37,0,0,0
2,CS21->US45,10899,10899,0
2,CS21->US53,51297,51297,0
2,CS21->US61,0,0,0
2,CS21->US69,0,0,0
2,CS21->US77,0,0,0
2,CS21->US85,0,0,0
2,CS21->US93,0,0,0
2,CS21->US101,0,0,0
2,CS21->US109,0,0,0
2,CS21->US117,11111,11111,0
2,CS21->US125,0,0,0
2,CS22->US6,51510,51510,0
2,CS22->US14,0,0,0
2,CS22->US22,0,0,0
2,CS22->US30,0,0,0
2,CS22->US38,0,0,0
2,CS22->US46,10881,10881,0
2,CS22->US54,51204,51204,0
2,CS22->US62,0,0,0
2,CS22->US70,0,0,0
2,CS22->US78,0,0,0
2,CS22->US86,0,0,0
2,CS22->US94,0,0,0
2,CS22->US102,0,0,0
2,CS22->US110,0,0,0
2,CS22->US118,11151,11150,0
2,CS22->US126,0,0,0
2,CS23->US7,51476,51476,0
2,CS23->US15,0,0,0
2,CS23->US23,0,0,0
2,CS23->US31,0,0,0
2,CS23->US39,0,0,0
2,CS23->US47,11017,11016,0
2,CS23->US55,51291,51291,0
2,CS23->US63,0,0,0
2,CS23->US71,0,0,0
2,CS23->US79,0,0,0
2,CS23->US87,0,0,0
2,CS23->US95,0,0,0
2,CS23->US103,0,0,0
2,CS23->US111,0,0,0
2,CS23->US119,11031,11031,0
2,CS23->US127,0,0,0
2,CS24->US0,51602,51602,0
2,CS24->US8,0,0,0
2,CS24->US16,0,0,0
2,CS24->US24,0,0,0
2,CS24->US32,0,0,0
2,CS24->US40,11141,11141,0
2,CS24->US48,51565,51565,0
2,CS24->US56,0,0,0
2,CS24->US64,0,0,0
2,CS24->US72,0,0,0
2,CS24->US80,0,0,0
2,CS24->US88,0,0,0
2,CS24->US96,0,0,0
2,CS24->US104,0,0,0
2,CS24->US112,10996,10996,0
2,CS24->US120,0,0,0
2,CS25->US1,51178,51178,0
2,CS25->US9,0,0,0
2,CS25->US17,0,0,0
2,CS25->US25,0,0,0
2,CS25->US33,0,0,0
2,CS25->US41,10975,10975,0
2,CS25->US49,51052,51052,0
2,CS25->US57,0,0,0
2,CS25->US65,0,0,0
2,CS25->US73,0,0,0
2,CS25->US81,0,0,0
2,CS25->US89,0,0,0
2,CS25->US97,0,0,0
2,CS25->US105,0,0,0
2,CS25->US113,11043,11041,0
2,CS25->US121,0,0,0
2,CS26->US2,51463,51463,0
2,CS26->US10,0,0,0
2,CS26->US18,0,0,0
2,CS26->US26,0,0,0
2,CS26->US34,0,0,0
2,CS26->US42,10875,10874,0
2,CS26->US50,51667,51667,0
2,CS26->US58,0,0,0
2,CS26->US66,0,0,0
2,CS26->US74,0,0,0
2,CS26->US82,0,0,0
2,CS26->US90,0,0,0
2,CS26->US98,0,0,0
2,CS26->US106,0,0,0
2,CS26->US114,10718,10717,0
2,CS26->US122,0,0,0
2,CS27->US3,51453,51453,0
2,CS27->US11,0,0,0
2,CS27->US19,0,0,0
2,CS27->US27,0,0,0
2,CS27->US35,0,0,0
2,CS27->US43,10820,10818,0
2,CS27->US51,51523,51523,0
2,CS27->US59,0,0,0
2,CS27->US67,0,0,0
2,CS27->US75,0,0,0
2,CS27->US83,0,0,0
2,CS27->US91,0,0,0
2,CS27->US99,0,0,0
2,CS27->US107,0,0,0
2,CS27->US115,11033,11032,0
2,CS27->US123,0,0,0
2,CS28->US4,51363,51363,0
2,CS28->US12,0,0,0
2,CS28->US20,0,0,0
2,CS28->US28,0,0,0
2,CS28->US36,0,0,0
2,CS28->US44,10994,10994,0
2,CS28->US52,51051,51051,0
2,CS28->US60,0,0,0
2,CS28->US68,0,0,0
2,CS28->US76,0,0,0
2,CS28->US84,0,0,0
2,CS28->US92,0,0,0
2,CS28->US100,0,0,0
2,CS28->US108,0,0,0
2,CS28->US116,10922,10921,0
2,CS28->US124,0,0,0
2,CS29->US5,51112,51112,0
2,CS29->US13,0,0,0
2,CS29->US21,0,0,0
2,CS29->US29,0,0,0
2,CS29->US37,0,0,0
2,CS29->US45,11014,11013,0
2,CS29->US53,51517,51517,0
2,CS29->US61,0,0,0
2,CS29->US69,0,0,0
2,CS29->US77,0,0,0
2,CS29->US85,0,0,0
2,CS29->US93,0,0,0
2,CS29->US101,0,0,0
2,CS29->US109,0,0,0
2,CS29->US117,11087,11087,0
2,CS29->US125,0,0,0
2,CS30->US6,51291,51291,0
2,CS30->US14,0,0,0
2,CS30->US22,0,0,0
2,CS30->US30,0,0,0
2,CS30->US38,0,0,0
2,CS30->US46,10857,10856,0
2,CS30->US54,51253,51253,0
2,CS30->US62,0,0,0
2,CS30->US70,0,0,0
2,CS30->US78,0,0,0
2,CS30->US86,0,0,0
2,CS30->US94,0,0,0
2,CS30->US102,0,0,0
2,CS30->US110,0,0,0
2,CS30->US118,11139,11139,0
2,CS30->US126,0,0,0
2,CS31->US7,51022,51022,0
2,CS31->US15,0,0,0
2,CS31->US23,0,0,0
2,CS31->US31,0,0,0
2,CS31->US39,0,0,0
2,CS31->US47,10938,10937,0
2,CS31->US55,51194,51194,0
2,CS31->US63,0,0,0
2,CS31->US71,0,0,0
2,CS31->US79,0,0,0
2,CS31->US87,0,0,0
2,CS31->US95,0,0,0
2,CS31->US103,0,0,0
2,CS31->US111,0,0,0
2,CS31->US119,11236,11236,0
2,CS31->US127,0,0,0
2,CS32->US0,51396,51396,0
2,CS32->US8,0,0,0
2,CS32->US16,0,0,0
2,CS32->US24,0,0,0
2,CS32->US32,0,0,0
2,CS32->US40,10921,10920,0
2,CS32->US48,51645,51645,0
2,CS32->US56,0,0,0
2,CS32->US64,0,0,0
2,CS32->US72,0,0,0
2,CS32->US80,0,0,0
2,CS32->US88,0,0,0
2,CS32->US96,0,0,0
2,CS32->US104,0,0,0
2,CS32->US112,10817,10817,0
2,CS32->US120,0,0,0
2,CS33->US1,51516,51516,0
2,CS33->US9,0,0,0
2,CS33->US17,0,0,0
2,CS33->US25,0,0,0
2,CS33->US33,0,0,0
2,CS33->US41,11092,11092,0
2,CS33->US49,51255,51255,0
2,CS33->US57,0,0,0
2,CS33->US65,0,0,0
2,CS33->US73,0,0,0
2,CS33->US81,0,0,0
2,CS33->US89,0,0,0
2,CS33->US97,0,0,0
2,CS33->US105,0,0,0
2,CS33->US113,10946,10946,0
2,CS33->US121,0,0,0
2,CS34->US2,51528,51528,0
2,CS34->US10,0,0,0
2,CS34->US18,0,0,0
2,CS34->US26,0,0,0
2,CS34->US34,0,0,0
2,CS34->US42,10908,10906,0
2,CS34->US50,51791,51791,0
2,CS34->US58,0,0,0
2,CS34->US66,0,0,0
2,CS34->US74,0,0,0
2,CS34->US82,0,0,0
2,CS34->US90,0,0,0
2,CS34->US98,0,0,0
2,CS34->US106,0,0,0
2,CS34->US114,10940,10939,0
2,CS34->US122,0,0,0
2,CS35->US3,51430,51430,0
2,CS35->US11,0,0,0
2,CS35->US19,0,0,0
2,CS35->US27,0,0,0
2,CS35->US35,0,0,0
2,CS35->US43,10979,10978,0
2,CS35->US51,51532,51532,0
2,CS35->US59,0,0,0
2,CS35->US67,0,0,0
2,CS35->US75,0,0,0
2,CS35->US83,0,0,0
2,CS35->US91,0,0,0
2,CS35->US99,0,0,0
2,CS35->US107,0,0,0
2,CS35->US115,10961,10961,0
2,CS35->US123,0,0,0
2,CS36->US4,51549,51549,0
2,CS36->US12,0,0,0
2,CS36->US20,0,0,0
2,CS36->US28,0,0,0
2,CS36->US36,0,0,0
2,CS36->US44,10902,10902,0
2,CS36->US52,51497,51497,0
2,CS36->US60,0,0,0
2,CS36->US68,0,0,0
2,CS36->US76,0,0,0
2,CS36->US84,0,0,0
2,CS36->US92,0,0,0
2,CS36->US100,0,0,0
2,CS36->US108,0,0,0
2,CS36->US116,11312,11312,0
2,CS36->US124,0,0,0
2,CS37->US5,51676,51676,0
2,CS37->US13,0,0,0
2,CS37->US21,0,0,0
2,CS37->US29,0,0,0
2,CS37->US37,0,0,0
2,CS37->US45,10840,10839,0
2,CS37->US53,51156,51156,0
2,CS37->US61,0,0,0
2,CS37->US69,0,0,0
2,CS37->US77,0,0,0
2,CS37->US85,0,0,0
2,CS37->US93,0,0,0
2,CS37->US101,0,0,0
2,CS37->US109,0,0,0
2,CS37->US117,10782,10781,0
2,CS37->US125,0,0,0
2,CS38->US6,51239,51239,0
2,CS38->US14,0,0,0
2,CS38->US22,0,0,0
2,CS38->US30,0,0,0
2,CS38->US38,0,0,0
2,CS38->US46,10831,10831,0
2,CS38->US54,51209,51209,0
2,CS38->US62,0,0,0
2,CS38->US70,0,0,0
2,CS38->US78,0,0,0
2,CS38->US86,0,0,0
2,CS38->US94,0,0,0
2,CS38->US102,0,0,0
2,CS38->US110,0,0,0
2,CS38->US118,10803,10803,0
2,CS38->US126,0,0,0
2,CS39->US7,51285,51285,0
2,CS39->US15,0,0,0
2,CS39->US23,0,0,0
2,CS39->US31,0,0,0
2,CS39->US39,0,0,0
2,CS39->US47,11030,11030,0
2,CS39->US55,51212,51212,0
2,CS39->US63,0,0,0
2,CS39->US71,0,0,0
2,CS39->US79,0,0,0
2,CS39->US87,0,0,0
2,CS39->US95,0,0,0
2,CS39->US103,0,0,0
2,CS39->US111,0,0,0
2,CS39->US119,11001,11001,0
2,CS39->US127,0,0,0
2,CS40->US0,51408,51408,0
2,CS40->US8,0,0,0
2,CS40->US16,0,0,0
2,CS40->US24,0,0,0
2,CS40->US32,0,0,0
2,CS40->US40,10788,10788,0
2,CS40->US48,51323,51323,0
2,CS40->US56,0,0,0
2,CS40->US64,0,0,0
2,CS40->US72,0,0,0
2,CS40->US80,0,0,0
2,CS40->US88,0,0,0
2,CS40->US96,0,0,0
2,CS40->US104,0,0,0
2,CS40->US112,11200,11200,0
2,CS40->US120,0,0,0
2,CS41->US1,51571,51571,0
2,CS41->US9,0,0,0
2,CS41->US17,0,0,0
2,CS41->US25,0,0,0
2,CS41->US33,0,0,0
2,CS41->US41,10783,10783,0
2,CS41->US49,50891,50891,0
2,CS41->US57,0,0,0
2,CS41->US65,0,0,0
2,CS41->US73,0,0,0
2,CS41->US81,0,0,0
2,CS41->US89,0,0,0
2,CS41->US97,0,0,0
2,CS41->US105,0,0,0
2,CS41->US113,11108,11108,0
2,CS41->US121,0,0,0
2,CS42->US2,51140,51140,0
2,CS42->US10,0,0,0
2,CS42->US18,0,0,0
2,CS42->US26,0,0,0
2,CS42->US34,0,0,0
2,CS42->US42,10963,10963,0
2,CS42->US50,51260,51260,0
2,CS42->US58,0,0,0
2,CS42->US66,0,0,0
2,CS42->US74,0,0,0
2,CS42->US82,0,0,0
2,CS42->US90,0,0,0
2,CS42->US98,0,0,0
2,CS42->US106,0,0,0
2,CS42->US114,10945,10945,0
2,CS42->US122,0,0,0
2,CS43->US3,51075,51075,0
2,CS43->US11,0,0,0
2,CS43->US19,0,0,0
2,CS43->US27,0,0,0
2,CS43->US35,0,0,0
2,CS43->US43,10961,10961,0
2,CS43->US51,51253,51253,0
2,CS43->US59,0,0,0
2,CS43->US67,0,0,0
2,CS43->US75,0,0,0
2,CS43->US83,0,0,0
2,CS43->US91,0,0,0
2,CS43->US99,0,0,0
2,CS43->US107,0,0,0
2,CS43->US115,10948,10948,0
2,CS43->US123,0,0,0
2,CS44->US4,51080,51080,0
2,CS44->US12,0,0,0
2,CS44->US20,0,0,0
2,CS44->US28,0,0,0
2,CS44->US36,0,0,0
2,CS44->US44,10962,10961,0
2,CS44->US52,51343,51343,0
2,CS44->US60,0,0,0
2,CS44->US68,0,0,0
2,CS44->US76,0,0,0
2,CS44->US84,0,0,0
2,CS44->US92,0,0,0
2,CS44->US100,0,0,0
2,CS44->US108,0,0,0
2,CS44->US116,11112,11112,0
2,CS44->US124,0,0,0
2,CS45->US5,51100,51100,0
2,CS45->US13,0,0,0
2,CS45->US21,0,0,0
2,CS45->US29,0,0,0
2,CS45->US37,0,0,0
2,CS45->US45,10803,10803,0
2,CS45->US53,51428,51428,0
2,CS45->US61,0,0,0
2,CS45->US69,0,0,0
2,CS45->US77,0,0,0
2,CS45->US85,0,0,0
2,CS45->US93,0,0,0
2,CS45->US101,0,0,0
2,CS45->US109,0,0,0
2,CS45->US117,11041,11040,0
2,CS45->US125,0,0,0
2,CS46->US6,51178,51178,0
2,CS46->US14,0,0,0
2,CS46->US22,0,0,0
2,CS46->US30,0,0,0
2,CS46->US38,0,0,0
2,CS46->US46,11020,11020,0
2,CS46->US54,51298,51298,0
2,CS46->US62,0,0,0
2,CS46->US70,0,0,0
2,CS46->US78,0,0,0
2,CS46->US86,0,0,0
2,CS46->US94,0,0,0
2,CS46->US102,0,0,0
2,CS46->US110,0,0,0
2,CS46->US118,11252,11252,0
2,CS46->US126,0,0,0
2,CS47->US7,51161,51161,0
2,CS47->US15,0,0,0
2,CS47->US23,0,0,0
2,CS47->US31,0,0,0
2,CS47->US39,0,0,0
2,CS47->US47,10915,10915,0
2,CS47->US55,51700,51700,0
2,CS47->US63,0,0,0
2,CS47->US71,0,0,0
2,CS47->US79,0,0,0
2,CS47->US87,0,0,0
2,CS47->US95,0,0,0
2,CS47->US103,0,0,0
2,CS47->US111,0,0,0
2,CS47->US119,11146,11146,0
2,CS47->US127,0,0,0
2,CS48->US0,51435,51435,0
2,CS48->US8,0,0,0
2,CS48->US16,0,0,0
2,CS48->US24,0,0,0
2,CS48->US32,0,0,0
2,CS48->US40,10924,10924,0
2,CS48->US48,51265,51265,0
2,CS48->US56,0,0,0
2,CS48->US64,0,0,0
2,CS48->US72,0,0,0
2,CS48->US80,0,0,0
2,CS48->US88,0,0,0
2,CS48->US96,0,0,0
2,CS48->US104,0,0,0
2,CS48->US112,10835,10835,0
2,CS48->US120,0,0,0
2,CS49->US1,51448,51448,0
2,CS49->US9,0,0,0
2,CS49->US17,0,0,0
2,CS49->US25,0,0,0
2,CS49->US33,0,0,0
2,CS49->US41,10844,10843,0
2,CS49->US49,51153,51153,0
2,CS49->US57,0,0,0
2,CS49->US65,0,0,0
2,CS49->US73,0,0,0
2,CS49->US81,0,0,0
2,CS49->US89,0,0,0
2,CS49->US97,0,0,0
2,CS49->US105,0,0,0
2,CS49->US113,10817,10817,0
2,CS49->US121,0,0,0
2,CS50->US2,51650,51650,0
2,CS50->US10,0,0,0
2,CS50->US18,0,0,0
2,CS50->US26,0,0,0
2,CS50->US34,0,0,0
2,CS50->US42,11048,11048,0
2,CS50->US50,51453,51453,0
2,CS50->US58,0,0,0
2,CS50->US66,0,0,0
2,CS50->US74,0,0,0
2,CS50->US82,0,0,0
2,CS50->US90,0,0,0
2,CS50->US98,0,0,0
2,CS50->US106,0,0,0
2,CS50->US114,10962,10959,0
2,CS50->US122,0,0,0
2,CS51->US3,51774,51774,0
2,CS51->US11,0,0,0
2,CS51->US19,0,0,0
2,CS51->US27,0,0,0
2,CS51->US35,0,0,0
2,CS51->US43,10843,10843,0
2,CS51->US51,51228,51228,0
2,CS51->US59,0,0,0
2,CS51->US67,0,0,0
2,CS51->US75,0,0,0
2,CS51->US83,0,0,0
2,CS51->US91,0,0,0
2,CS51->US99,0,0,0
2,CS51->US107,0,0,0
2,CS51->US115,11293,11291,0
2,CS51->US123,0,0,0
2,CS52->US4,51616,51616,0
2,CS52->US12,0,0,0
2,CS52->US20,0,0,0
2,CS52->US28,0,0,0
2,CS52->US36,0,0,0
2,CS52->US44,10835,10835,0
2,CS52->US52,51500,51500,0
2,CS52->US60,0,0,0
2,CS52->US68,0,0,0
2,CS52->US76,0,0,0
2,CS52->US84,0,0,0
2,CS52->US92,0,0,0
2,CS52->US100,0,0,0
2,CS52->US108,0,0,0
2,CS52->US116,10828,10828,0
2,CS52->US124,0,0,0
2,CS53->US5,51855,51855,0
2,CS53->US13,0,0,0
2,CS53->US21,0,0,0
2,CS53->US29,0,0,0
2,CS53->US37,0,0,0
2,CS53->US45,10940,10939,0
2,CS53->US53,51343,51343,0
2,CS53->US61,0,0,0
2,CS53->US69,0,0,0
2,CS53->US77,0,0,0
2,CS53->US85,0,0,0
2,CS53->US93,0,0,0
2,CS53->US101,0,0,0
2,CS53->US109,0,0,0
2,CS53->US117,10872,10872,0
2,CS53->US125,0,0,0
2,CS54->US6,51370,51370,0
2,CS54->US14,0,0,0
2,CS54->US22,0,0,0
2,CS54->US30,0,0,0
2,CS54->US38,0,0,0
2,CS54->US46,10920,10920,0
2,CS54->US54,51094,51094,0
2,CS54->US62,0,0,0
2,CS54->US70,0,0,0
2,CS54->US78,0,0,0
2,CS54->US86,0,0,0
2,CS54->US94,0,0,0
2,CS54->US102,0,0,0
2,CS54->US110,0,0,0
2,CS54->US118,11132,11130,0
2,CS54->US126,0,0,0
2,CS55->US7,51267,51267,0
2,CS55->US15,0,0,0
2,CS55->US23,0,0,0
2,CS55->US31,0,0,0
2,CS55->US39,0,0,0
2,CS55->US47,10920,10919,0
2,CS55->US55,50921,50921,0
2,CS55->US63,0,0,0
2,CS55->US71,0,0,0
2,CS55->US79,0,0,0
2,CS55->US87,0,0,0
2,CS55->US95,0,0,0
2,CS55->US103,0,0,0
2,CS55->US111,0,0,0
2,CS55->US119,11060,11059,0
2,CS55->US127,0,0,0
2,CS56->US0,51482,51482,0
2,CS56->US8,0,0,0
2,CS56->US16,0,0,0
2,CS56->US24,0,0,0
2,CS56->US32,0,0,0
2,CS56->US40,10897,10897,0
2,CS56->US48,51710,51710,0
2,CS56->US56,0,0,0
2,CS56->US64,0,0,0
2,CS56->US72,0,0,0
2,CS56->US80,0,0,0
2,CS56->US88,0,0,0
2,CS56->US96,0,0,0
2,CS56->US104,0,0,0
2,CS56->US112,10955,10955,0
2,CS56->US120,0,0,0
2,CS57->US1,51155,51155,0
2,CS57->US9,0,0,0
2,CS57->US17,0,0,0
2,CS57->US25,0,0,0
2,CS57->US33,0,0,0
2,CS57->US41,10871,10871,0
2,CS57->US49,51185,51185,0
2,CS57->US57,0,0,0
2,CS57->US65,0,0,0
2,CS57->US73,0,0,0
2,CS57->US81,0,0,0
2,CS57->US89,0,0,0
2,CS57->US97,0,0,0
2,CS57->US105,0,0,0
2,CS57->US113,11120,11119,0
2,CS57->US121,0,0,0
2,CS58->US2,51370,51370,0
2,CS58->US10,0,0,0
2,CS58->US18,0,0,0
2,CS58->US26,0,0,0
2,CS58->US34,0,0,0
2,CS58->US42,10921,10921,0
2,CS58->US50,51726,51726,0
2,CS58->US58,0,0,0
2,CS58->US66,0,0,0
2,CS58->US74,0,0,0
2,CS58->US82,0,0,0
2,CS58->US90,0,0,0
2,CS58->US98,0,0,0
2,CS58->US106,0,0,0
2,CS58->US114,11213,11211,0
2,CS58->US122,0,0,0
2,CS59->US3,51089,51089,0
2,CS59->US11,0,0,0
2,CS59->US19,0,0,0
2,CS59->US27,0,0,0
2,CS59->US35,0,0,0
2,CS59->US43,10992,10992,0
2,CS59->US51,51110,51110,0
2,CS59->US59,0,0,0
2,CS59->US67,0,0,0
2,CS59->US75,0,0,0
2,CS59->US83,0,0,0
2,CS59->US91,0,0,0
2,CS59->US99,0,0,0
2,CS59->US107,0,0,0
2,CS59->US115,11010,11009,0
2,CS59->US123,0,0,0
2,CS60->US4,51107,51107,0
2,CS60->US12,0,0,0
2,CS60->US20,0,0,0
2,CS60->US28,0,0,0
2,CS60->US36,0,0,0
2,CS60->US44,10838,10838,0
2,CS60->US52,51186,51186,0
2,CS60->US60,0,0,0
2,CS60->US68,0,0,0
2,CS60->US76,0,0,0
2,CS60->US84,0,0,0
2,CS60->US92,0,0,0
2,CS60->US100,0,0,0
2,CS60->US108,0,0,0
2,CS60->US116,10874,10872,0
2,CS60->US124,0,0,0
2,CS61->US5,51558,51558,0
2,CS61->US13,0,0,0
2,CS61->US21,0,0,0
2,CS61->US29,0,0,0
2,CS61->US37,0,0,0
2,CS61->US45,10737,10737,0
2,CS61->US53,51688,51688,0
2,CS61->US61,0,0,0
2,CS61->US69,0,0,0
2,CS61->US77,0,0,0
2,CS61->US85,0,0,0
2,CS61->US93,0,0,0
2,CS61->US101,0,0,0
2,CS61->US109,0,0,0
2,CS61->US117,11031,11030,0
2,CS61->US125,0,0,0
2,CS62->US6,51104,51104,0
2,CS62->US14,0,0,0
2,CS62->US22,0,0,0
2,CS62->US30,0,0,0
2,CS62->US38,0,0,0
2,CS62->US46,10792,10791,0
2,CS62->US54,51239,51239,0
2,CS62->US62,0,0,0
2,CS62->US70,0,0,0
2,CS62->US78,0,0,0
2,CS62->US86,0,0,0
2,CS62->US94,0,0,0
2,CS62->US102,0,0,0
2,CS62->US110,0,0,0
2,CS62->US118,11037,11036,0
2,CS62->US126,0,0,0
2,CS63->US7,51873,51873,0
2,CS63->US15,0,0,0
2,CS63->US23,0,0,0
2,CS63->US31,0,0,0
2,CS63->US39,0,0,0
2,CS63->US47,10919,10919,0
2,CS63->US55,51484,51484,0
2,CS63->US63,0,0,0
2,CS63->US71,0,0,0
2,CS63->US79,0,0,0
2,CS63->US87,0,0,0
2,CS63->US95,0,0,0
2,CS63->US103,0,0,0
2,CS63->US111,0,0,0
2,CS63->US119,11230,11230,0
2,CS63->US127,0,0,0
3,US0->CS0,51672,51672,0
3,US0->CS8,51490,51490,0
3,US0->CS16,51452,51452,0
3,US0->CS24,51710,51710,0
3,US0->CS32,51805,51805,0
3,US0->CS40,51467,51467,0
3,US0->CS48,51432,51432,0
3,US0->CS56,51845,51845,0
3,US1->CS1,51517,51517,0
3,US1->CS9,51694,51694,0
3,US1->CS17,51452,51452,0
3,US1->CS25,51236,51236,0
3,US1->CS33,51412,51412,0
3,US1->CS41,51059,51059,0
3,US1->CS49,51320,51320,0
3,US1->CS57,51345,51345,0
3,US2->CS2,51222,51222,0
3,US2->CS10,51201,51201,0
3,US2->CS18,51078,51078,0
3,US2->CS26,51777,51777,0
3,US2->CS34,51926,51926,0
3,US2->CS42,51395,51395,0
3,US2->CS50,51601,51601,0
3,US2->CS58,51882,51882,0
3,US3->CS3,51289,51289,0
3,US3->CS11,51696,51696,0
3,US3->CS19,51301,51301,0
3,US3->CS27,51675,51675,0
3,US3->CS35,51702,51702,0
3,US3->CS43,51383,51383,0
3,US3->CS51,51402,51402,0
3,US3->CS59,51299,51299,0
3,US4->CS4,51175,51175,0
3,US4->CS12,51781,51781,0
3,US4->CS20,51314,51314,0
3,US4->CS28,51213,51213,0
3,US4->CS36,51697,51697,0
3,US4->CS44,51493,51493,0
3,US4->CS52,51677,51677,0
3,US4->CS60,51375,51375,0
3,US5->CS5,51594,51594,0
3,US5->CS13,51815,51815,0
3,US5->CS21,51455,51455,0
3,US5->CS29,51650,51650,0
3,US5->CS37,51305,51305,0
3,US5->CS45,51610,51610,0
3,US5->CS53,51470,51470,0
3,US5->CS61,51863,51863,0
3,US6->CS6,51583,51583,0
3,US6->CS14,51806,51806,0
3,US6->CS22,51366,51366,0
3,US6->CS30,51410,51410,0
3,US6->CS38,51385,51385,0
3,US6->CS46,51452,51452,0
3,US6->CS54,51233,51233,0
3,US6->CS62,51361,51361,0
3,US7->CS7,51738,51738,0
3,US7->CS15,51481,51481,0
3,US7->CS23,51443,51443,0
3,US7->CS31,51360,51360,0
3,US7->CS39,51382,51382,0
3,US7->CS47,51856,51856,0
3,US7->CS55,51090,51090,0
3,US7->CS63,51645,51645,0
3,US8->CS0,0,0,0
3,US8->CS8,0,0,0
3,US8->CS16,0,0,0
3,US8->CS24,0,0,0
3,US8->CS32,0,0,0
3,US8->CS40,0,0,0
3,US8->CS48,0,0,0
3,US8->CS56,0,0,0
3,US9->CS1,0,0,0
3,US9->CS9,0,0,0
3,US9->CS17,0,0,0
3,US9->CS25,0,0,0
3,US9->CS33,0,0,0
3,US9->CS41,0,0,0
3,US9->CS49,0,0,0
3,US9->CS57,0,0,0
3,US10->CS2,0,0,0
3,US10->CS10,0,0,0
3,US10->CS18,0,0,0
3,US10->CS26,0,0,0
3,US10->CS34,0,0,0
3,US10->CS42,0,0,0
3,US10->CS50,0,0,0
3,US10->CS58,0,0,0
3,US11->CS3,0,0,0
3,US11->CS11,0,0,0
3,US11->CS19,0,0,0
3,US11->CS27,0,0,0
3,US11->CS35,0,0,0
3,US11->CS43,0,0,0
3,US11->CS51,0,0,0
3,US11->CS59,0,0,0
3,US12->CS4,0,0,0
3,US12->CS12,0,0,0
3,US12->CS20,0,0,0
3,US12->CS28,0,0,0
3,US12->CS36,0,0,0
3,US12->CS44,0,0,0
3,US12->CS52,0,0,0
3,US12->CS60,0,0,0
3,US13->CS5,0,0,0
3,US13->CS13,0,0,0
3,US13->CS21,0,0,0
3,US13->CS29,0,0,0
3,US13->CS37,0,0,0
3,US13->CS45,0,0,0
3,US13->CS53,0,0,0
3,US13->CS61,0,0,0
3,US14->CS6,0,0,0
3,US14->CS14,0,0,0
3,US14->CS22,0,0,0
3,US14->CS30,0,0,0
3,US14->CS38,0,0,0
3,US14->CS46,0,0,0
3,US14->CS54,0,0,0
3,US14->CS62,0,0,0
3,US15->CS7,0,0,0
3,US15->CS15,0,0,0
3,US15->CS23,0,0,0
3,US15->CS31,0,0,0
3,US15->CS39,0,0,0
3,US15->CS47,0,0,0
3,US15->CS55,0,0,0
3,US15->CS63,0,0,0
3,US16->CS0,0,0,0
3,US16->CS8,0,0,0
3,US16->CS16,0,0,0
3,US16->CS24,0,0,0
3,US16->CS32,0,0,0
3,US16->CS40,0,0,0
3,US16->CS48,0,0,0
3,US16->CS56,0,0,0
3,US17->CS1,0,0,0
3,US17->CS9,0,0,0
3,US17->CS17,0,0,0
3,US17->CS25,0,0,0
3,US17->CS33,0,0,0
3,US17->CS41,0,0,0
3,US17->CS49,0,0,0
3,US17->CS57,0,0,0
3,US18->CS2,0,0,0
3,US18->CS10,0,0,0
3,US18->CS18,0,0,0
3,US18->CS26,0,0,0
3,US18->CS34,0,0,0
3,US18->CS42,0,0,0
3,US18->CS50,0,0,0
3,US18->CS58,0,0,0
3,US19->CS3,0,0,0
3,US19->CS11,0,0,0
3,US19->CS19,0,0,0
3,US19->CS27,0,0,0
3,US19->CS35,0,0,0
3,US19->CS43,0,0,0
3,US19->CS51,0,0,0
3,US19->CS59,0,0,0
3,US20->CS4,0,0,0
3,US20->CS12,0,0,0
3,US20->CS20,0,0,0
3,US20->CS28,0,0,0
3,US20->CS36,0,0,0
3,US20->CS44,0,0,0
3,US20->CS52,0,0,0
3,US20->CS60,0,0,0
3,US21->CS5,0,0,0
3,US21->CS13,0,0,0
3,US21->CS21,0,0,0
3,US21->CS29,0,0,0
3,US21->CS37,0,0,0
3,US21->CS45,0,0,0
3,US21->CS53,0,0,0
3,US21->CS61,0,0,0
3,US22->CS6,0,0,0
3,US22->CS14,0,0,0
3,US22->CS22,0,0,0
3,US22->CS30,0,0,0
3,US22->CS38,0,0,0
3,US22->CS46,0,0,0
3,US22->CS54,0,0,0
3,US22->CS62,0,0,0
3,US23->CS7,0,0,0
3,US23->CS15,0,0,0
3,US23->CS23,0,0,0
3,US23->CS31,0,0,0
3,US23->CS39,0,0,0
3,US23->CS47,0,0,0
3,US23->CS55,0,0,0
3,US23->CS63,0,0,0
3,US24->CS0,0,0,0
3,US24->CS8,0,0,0
3,US24->CS16,0,0,0
3,US24->CS24,0,0,0
3,US24->CS32,0,0,0
3,US24->CS40,0,0,0
3,US24->CS48,0,0,0
3,US24->CS56,0,0,0
3,US25->CS1,0,0,0
3,US25->CS9,0,0,0
3,US25->CS17,0,0,0
3,US25->CS25,0,0,0
3,US25->CS33,0,0,0
3,US25->CS41,0,0,0
3,US25->CS49,0,0,0
3,US25->CS57,0,0,0
3,US26->CS2,0,0,0
3,US26->CS10,0,0,0
3,US26->CS18,0,0,0
3,US26->CS26,0,0,0
3,US26->CS34,0,0,0
3,US26->CS42,0,0,0
3,US26->CS50,0,0,0
3,US26->CS58,0,0,0
3,US27->CS3,0,0,0
3,US27->CS11,0,0,0
3,US27->CS19,0,0,0
3,US27->CS27,0,0,0
3,US27->CS35,0,0,0
3,US27->CS43,0,0,0
3,US27->CS51,0,0,0
3,US27->CS59,0,0,0
3,US28->CS4,0,0,0
3,US28->CS12,0,0,0
3,US28->CS20,0,0,0
3,US28->CS28,0,0,0
3,US28->CS36,0,0,0
3,US28->CS44,0,0,0
3,US28->CS52,0,0,0
3,US28->CS60,0,0,0
3,US29->CS5,0,0,0
3,US29->CS13,0,0,0
3,US29->CS21,0,0,0
3,US29->CS29,0,0,0
3,US29->CS37,0,0,0
3,US29->CS45,0,0,0
3,US29->CS53,0,0,0
3,US29->CS61,0,0,0
3,US30->CS6,0,0,0
3,US30->CS14,0,0,0
3,US30->CS22,0,0,0
3,US30->CS30,0,0,0
3,US30->CS38,0,0,0
3,US30->CS46,0,0,0
3,US30->CS54,0,0,0
3,US30->CS62,0,0,0
3,US31->CS7,0,0,0
3,US31->CS15,0,0,0
3,US31->CS23,0,0,0
3,US31->CS31,0,0,0
3,US31->CS39,0,0,0
3,US31->CS47,0,0,0
3,US31->CS55,0,0,0
3,US31->CS63,0,0,0
3,US32->CS0,0,0,0
3,US32->CS8,0,0,0
3,US32->CS16,0,0,0
3,US32->CS24,0,0,0
3,US32->CS32,0,0,0
3,US32->CS40,0,0,0
3,US32->CS48,0,0,0
3,US32->CS56,0,0,0
3,US33->CS1,0,0,0
3,US33->CS9,0,0,0
3,US33->CS17,0,0,0
3,US33->CS25,0,0,0
3,US33->CS33,0,0,0
3,US33->CS41,0,0,0
3,US33->CS49,0,0,0
3,US33->CS57,0,0,0
3,US34->CS2,0,0,0
3,US34->CS10,0,0,0
3,US34->CS18,0,0,0
3,US34->CS26,0,0,0
3,US34->CS34,0,0,0
3,US34->CS42,0,0,0
3,US34->CS50,0,0,0
3,US34->CS58,0,0,0
3,US35->CS3,0,0,0
3,US35->CS11,0,0,0
3,US35->CS19,0,0,0
3,US35->CS27,0,0,0
3,US35->CS35,0,0,0
3,US35->CS43,0,0,0
3,US35->CS51,0,0,0
3,US35->CS59,0,0,0
3,US36->CS4,0,0,0
3,US36->CS12,0,0,0
3,US36->CS20,0,0,0
3,US36->CS28,0,0,0
3,US36->CS36,0,0,0
3,US36->CS44,0,0,0
3,US36->CS52,0,0,0
3,US36->CS60,0,0,0
3,US37->CS5,0,0,0
3,US37->CS13,0,0,0
3,US37->CS21,0,0,0
3,US37->CS29,0,0,0
3,US37->CS37,0,0,0
3,US37->CS45,0,0,0
3,US37->CS53,0,0,0
3,US37->CS61,0,0,0
3,US38->CS6,0,0,0
3,US38->CS14,0,0,0
3,US38->CS22,0,0,0
3,US38->CS30,0,0,0
3,US38->CS38,0,0,0
3,US38->CS46,0,0,0
3,US38->CS54,0,0,0
3,US38->CS62,0,0,0
3,US39->CS7,0,0,0
3,US39->CS15,0,0,0
3,US39->CS23,0,0,0
3,US39->CS31,0,0,0
3,US39->CS39,0,0,0
3,US39->CS47,0,0,0
3,US39->CS55,0,0,0
3,US39->CS63,0,0,0
3,US40->CS0,52752,52752,0
3,US40->CS8,52997,52997,0
3,US40->CS16,52637,52637,0
3,US40->CS24,53081,53081,0
3,US40->CS32,52808,52808,0
3,US40->CS40,53142,53142,0
3,US40->CS48,52849,52849,0
3,US40->CS56,52922,52922,0
3,US41->CS1,52973,52973,0
3,US41->CS9,53369,53369,0
3,US41->CS17,52613,52613,0
3,US41->CS25,52789,52789,0
3,US41->CS33,52903,52903,0
3,US41->CS41,52910,52910,0
3,US41->CS49,52014,52014,0
3,US41->CS57,53056,53056,0
3,US42->CS2,52700,52700,0
3,US42->CS10,52658,52658,0
3,US42->CS18,52573,52573,0
3,US42->CS26,52714,52714,0
3,US42->CS34,52820,52820,0
3,US42->CS42,52937,52937,0
3,US42->CS50,53118,53118,0
3,US42->CS58,52820,52820,0
3,US43->CS3,52770,52770,0
3,US43->CS11,52948,52948,0
3,US43->CS19,52783,52783,0
3,US43->CS27,52673,52673,0
3,US43->CS35,52796,52796,0
3,US43->CS43,52752,52752,0
3,US43->CS51,52681,52681,0
3,US43->CS59,52692,52692,0
3,US44->CS4,52875,52875,0
3,US44->CS12,52572,52572,0
3,US44->CS20,52966,52966,0
3,US44->CS28,53130,53130,0
3,US44->CS36,52491,52491,0
3,US44->CS44,52864,52864,0
3,US44->CS52,52870,52870,0
3,US44->CS60,52724,52724,0
3,US45->CS5,52984,52984,0
3,US45->CS13,52590,52590,0
3,US45->CS21,53090,53090,0
3,US45->CS29,52638,52638,0
3,US45->CS37,52431,52431,0
3,US45->CS45,52905,52905,0
3,US45->CS53,52929,52929,0
3,US45->CS61,52652,52652,0
3,US46->CS6,52899,52899,0
3,US46->CS14,52908,52908,0
3,US46->CS22,52886,52886,0
3,US46->CS30,52930,52930,0
3,US46->CS38,52620,52620,0
3,US46->CS46,53076,53076,0
3,US46->CS54,53248,53248,0
3,US46->CS62,53103,53103,0
3,US47->CS7,52756,52756,0
3,US47->CS15,52735,52735,0
3,US47->CS23,52931,52931,0
3,US47->CS31,53278,53278,0
3,US47->CS39,52962,52962,0
3,US47->CS47,52900,52900,0
3,US47->CS55,53232,53232,0
3,US47->CS63,52980,52980,0
3,US48->CS0,51317,51317,0
3,US48->CS8,51247,51247,0
3,US48->CS16,51044,51044,0
3,US48->CS24,51706,51706,0
3,US48->CS32,51529,51529,0
3,US48->CS40,51540,51540,0
3,US48->CS48,51539,51539,0
3,US48->CS56,51575,51575,0
3,US49->CS1,51252,51252,0
3,US49->CS9,51838,51838,0
3,US49->CS17,51644,51644,0
3,US49->CS25,51316,51316,0
3,US49->CS33,51644,51644,0
3,US49->CS41,51690,51690,0
3,US49->CS49,51570,51570,0
3,US49->CS57,51289,51289,0
3,US50->CS2,51509,51509,0
3,US50->CS10,51070,51070,0
3,US50->CS18,51280,51280,0
3,US50->CS26,51613,51613,0
3,US50->CS34,51651,51651,0
3,US50->CS42,51290,51290,0
3,US50->CS50,51731,51731,0
3,US50->CS58,51514,51514,0
3,US51->CS3,51388,51388,0
3,US51->CS11,51357,51357,0
3,US51->CS19,51125,51125,0
3,US51->CS27,51601,51601,0
3,US51->CS35,51566,51566,0
3,US51->CS43,51181,51181,0
3,US51->CS51,51906,51906,0
3,US51->CS59,51201,51201,0
3,US52->CS4,51743,51743,0
3,US52->CS12,51898,51898,0
3,US52->CS20,51339,51339,0
3,US52->CS28,51515,51515,0
3,US52->CS36,51673,51673,0
3,US52->CS44,51187,51187,0
3,US52->CS52,51724,51724,0
3,US52->CS60,51251,51251,0
3,US53->CS5,51407,51407,0
3,US53->CS13,51653,51653,0
3,US53->CS21,51482,51482,0
3,US53->CS29,51258,51258,0
3,US53->CS37,51779,51779,0
3,US53->CS45,51242,51242,0
3,US53->CS53,51984,51984,0
3,US53->CS61,51686,51686,0
3,US54->CS6,51799,51799,0
3,US54->CS14,51561,51561,0
3,US54->CS22,51639,51639,0
3,US54->CS30,51430,51430,0
3,US54->CS38,51376,51376,0
3,US54->CS46,51327,51327,0
3,US54->CS54,51481,51481,0
3,US54->CS62,51220,51220,0
3,US55->CS7,51544,51544,0
3,US55->CS15,51960,51960,0
3,US55->CS23,51584,51584,0
3,US55->CS31,51164,51164,0
3,US55->CS39,51416,51416,0
3,US55->CS47,51286,51286,0
3,US55->CS55,51377,51377,0
3,US55->CS63,51992,51992,0
3,US56->CS0,0,0,0
3,US56->CS8,0,0,0
3,US56->CS16,0,0,0
3,US56->CS24,0,0,0
3,US56->CS32,0,0,0
3,US56->CS40,0,0,0
3,US56->CS48,0,0,0
3,US56->CS56,0,0,0
3,US57->CS1,0,0,0
3,US57->CS9,0,0,0
3,US57->CS17,0,0,0
3,US57->CS25,0,0,0
3,US57->CS33,0,0,0
3,US57->CS41,0,0,0
3,US57->CS49,0,0,0
3,US57->CS57,0,0,0
3,US58->CS2,0,0,0
3,US58->CS10,0,0,0
3,US58->CS18,0,0,0
3,US58->CS26,0,0,0
3,US58->CS34,0,0,0
3,US58->CS42,0,0,0
3,US58->CS50,0,0,0
3,US58->CS58,0,0,0
3,US59->CS3,0,0,0
3,US59->CS11,0,0,0
3,US59->CS19,0,0,0
3,US59->CS27,0,0,0
3,US59->CS35,0,0,0
3,US59->CS43,0,0,0
3,US59->CS51,0,0,0
3,US59->CS59,0,0,0
3,US60->CS4,0,0,0
3,US60->CS12,0,0,0
3,US60->CS20,0,0,0
3,US60->CS28,0,0,0
3,US60->CS36,0,0,0
3,US60->CS44,0,0,0
3,US60->CS52,0,0,0
3,US60->CS60,0,0,0
3,US61->CS5,0,0,0
3,US61->CS13,0,0,0
3,US61->CS21,0,0,0
3,US61->CS29,0,0,0
3,US61->CS37,0,0,0
3,US61->CS45,0,0,0
3,US61->CS53,0,0,0
3,US61->CS61,0,0,0
3,US62->CS6,0,0,0
3,US62->CS14,0,0,0
3,US62->CS22,0,0,0
3,US62->CS30,0,0,0
3,US62->CS38,0,0,0
3,US62->CS46,0,0,0
3,US62->CS54,0,0,0
3,US62->CS62,0,0,0
3,US63->CS7,0,0,0
3,US63->CS15,0,0,0
3,US63->CS23,0,0,0
3,US63->CS31,0,0,0
3,US63->CS39,0,0,0
3,US63->CS47,0,0,0
3,US63->CS55,0,0,0
3,US63->CS63,0,0,0
3,US64->CS0,0,0,0
3,US64->CS8,0,0,0
3,US64->CS16,0,0,0
3,US64->CS24,0,0,0
3,US64->CS32,0,0,0
3,US64->CS40,0,0,0
3,US64->CS48,0,0,0
3,US64->CS56,0,0,0
3,US65->CS1,0,0,0
3,US65->CS9,0,0,0
3,US65->CS17,0,0,0
3,US65->CS25,0,0,0
3,US65->CS33,0,0,0
3,US65->CS41,0,0,0
3,US65->CS49,0,0,0
3,US65->CS57,0,0,0
3,US66->CS2,0,0,0
3,US66->CS10,0,0,0
3,US66->CS18,0,0,0
3,US66->CS26,0,0,0
3,US66->CS34,0,0,0
3,US66->CS42,0,0,0
3,US66->CS50,0,0,0
3,US66->CS58,0,0,0
3,US67->CS3,0,0,0
3,US67->CS11,0,0,0
3,US67->CS19,0,0,0
3,US67->CS27,0,0,0
3,US67->CS35,0,0,0
3,US67->CS43,0,0,0
3,US67->CS51,0,0,0
3,US67->CS59,0,0,0
3,US68->CS4,0,0,0
3,US68->CS12,0,0,0
3,US68->CS20,0,0,0
3,US68->CS28,0,0,0
3,US68->CS36,0,0,0
3,US68->CS44,0,0,0
3,US68->CS52,0,0,0
3,US68->CS60,0,0,0
3,US69->CS5,0,0,0
3,US69->CS13,0,0,0
3,US69->CS21,0,0,0
3,US69->CS29,0,0,0
3,US69->CS37,0,0,0
3,US69->CS45,0,0,0
3,US69->CS53,0,0,0
3,US69->CS61,0,0,0
3,US70->CS6,0,0,0
3,US70->CS14,0,0,0
3,US70->CS22,0,0,0
3,US70->CS30,0,0,0
3,US70->CS38,0,0,0
3,US70->CS46,0,0,0
3,US70->CS54,0,0,0
3,US70->CS62,0,0,0
3,US71->CS7,0,0,0
3,US71->CS15,0,0,0
3,US71->CS23,0,0,0
3,US71->CS31,0,0,0
3,US71->CS39,0,0,0
3,US71->CS47,0,0,0
3,US71->CS55,0,0,0
3,US71->CS63,0,0,0
3,US72->CS0,0,0,0
3,US72->CS8,0,0,0
3,US72->CS16,0,0,0
3,US72->CS24,0,0,0
3,US72->CS32,0,0,0
3,US72->CS40,0,0,0
3,US72->CS48,0,0,0
3,US72->CS56,0,0,0
3,US73->CS1,0,0,0
3,US73->CS9,0,0,0
3,US73->CS17,0,0,0
3,US73->CS25,0,0,0
3,US73->CS33,0,0,0
3,US73->CS41,0,0,0
3,US73->CS49,0,0,0
3,US73->CS57,0,0,0
3,US74->CS2,0,0,0
3,US74->CS10,0,0,0
3,US74->CS18,0,0,0
3,US74->CS26,0,0,0
3,US74->CS34,0,0,0
3,US74->CS42,0,0,0
3,US74->CS50,0,0,0
3,US74->CS58,0,0,0
3,US75->CS3,0,0,0
3,US75->CS11,0,0,0
3,US75->CS19,0,0,0
3,US75->CS27,0,0,0
3,US75->CS35,0,0,0
3,US75->CS43,0,0,0
3,US75->CS51,0,0,0
3,US75->CS59,0,0,0
3,US76->CS4,0,0,0
3,US76->CS12,0,0,0
3,US76->CS20,0,0,0
3,US76->CS28,0,0,0
3,US76->CS36,0,0,0
3,US76->CS44,0,0,0
3,US76->CS52,0,0,0
3,US76->CS60,0,0,0
3,US77->CS5,0,0,0
3,US77->CS13,0,0,0
3,US77->CS21,0,0,0
3,US77->CS29,0,0,0
3,US77->CS37,0,0,0
3,US77->CS45,0,0,0
3,US77->CS53,0,0,0
3,US77->CS61,0,0,0
3,US78->CS6,0,0,0
3,US78->CS14,0,0,0
3,US78->CS22,0,0,0
3,US78->CS30,0,0,0
3,US78->CS38,0,0,0
3,US78->CS46,0,0,0
3,US78->CS54,0,0,0
3,US78->CS62,0,0,0
3,US79->CS7,0,0,0
3,US79->CS15,0,0,0
3,US79->CS23,0,0,0
3,US79->CS31,0,0,0
3,US79->CS39,0,0,0
3,US79->CS47,0,0,0
3,US79->CS55,0,0,0
3,US79->CS63,0,0,0
3,US80->CS0,0,0,0
3,US80->CS8,0,0,0
3,US80->CS16,0,0,0
3,US80->CS24,0,0,0
3,US80->CS32,0,0,0
3,US80->CS40,0,0,0
3,US80->CS48,0,0,0
3,US80->CS56,0,0,0
3,US81->CS1,0,0,0
3,US81->CS9,0,0,0
3,US81->CS17,0,0,0
3,US81->CS25,0,0,0
3,US81->CS33,0,0,0
3,US81->CS41,0,0,0
3,US81->CS49,0,0,0
3,US81->CS57,0,0,0
3,US82->CS2,0,0,0
3,US82->CS10,0,0,0
3,US82->CS18,0,0,0
3,US82->CS26,0,0,0
3,US82->CS34,0,0,0
3,US82->CS42,0,0,0
3,US82->CS50,0,0,0
3,US82->CS58,0,0,0
3,US83->CS3,0,0,0
3,US83->CS11,0,0,0
3,US83->CS19,0,0,0
3,US83->CS27,0,0,0
3,US83->CS35,0,0,0
3,US83->CS43,0,0,0
3,US83->CS51,0,0,0
3,US83->CS59,0,0,0
3,US84->CS4,0,0,0
3,US84->CS12,0,0,0
3,US84->CS20,0,0,0
3,US84->CS28,0,0,0
3,US84->CS36,0,0,0
3,US84->CS44,0,0,0
3,US84->CS52,0,0,0
3,US84->CS60,0,0,0
3,US85->CS5,0,0,0
3,US85->CS13,0,0,0
3,US85->CS21,0,0,0
3,US85->CS29,0,0,0
3,US85->CS37,0,0,0
3,US85->CS45,0,0,0
3,US85->CS53,0,0,0
3,US85->CS61,0,0,0
3,US86->CS6,0,0,0
3,US86->CS14,0,0,0
3,US86->CS22,0,0,0
3,US86->CS30,0,0,0
3,US86->CS38,0,0,0
3,US86->CS46,0,0,0
3,US86->CS54,0,0,0
3,US86->CS62,0,0,0
3,US87->CS7,0,0,0
3,US87->CS15,0,0,0
3,US87->CS23,0,0,0
3,US87->CS31,0,0,0
3,US87->CS39,0,0,0
3,US87->CS47,0,0,0
3,US87->CS55,0,0,0
3,US87->CS63,0,0,0
3,US88->CS0,0,0,0
3,US88->CS8,0,0,0
3,US88->CS16,0,0,0
3,US88->CS24,0,0,0
3,US88->CS32,0,0,0
3,US88->CS40,0,0,0
3,US88->CS48,0,0,0
3,US88->CS56,0,0,0
3,US89->CS1,0,0,0
3,US89->CS9,0,0,0
3,US89->CS17,0,0,0
3,US89->CS25,0,0,0
3,US89->CS33,0,0,0
3,US89->CS41,0,0,0
3,US89->CS49,0,0,0
3,US89->CS57,0,0,0
3,US90->CS2,0,0,0
3,US90->CS10,0,0,0
3,US90->CS18,0,0,0
3,US90->CS26,0,0,0
3,US90->CS34,0,0,0
3,US90->CS42,0,0,0
3,US90->CS50,0,0,0
3,US90->CS58,0,0,0
3,US91->CS3,0,0,0
3,US91->CS11,0,0,0
3,US91->CS19,0,0,0
3,US91->CS27,0,0,0
3,US91->CS35,0,0,0
3,US91->CS43,0,0,0
3,US91->CS51,0,0,0
3,US91->CS59,0,0,0
3,US92->CS4,0,0,0
3,US92->CS12,0,0,0
3,US92->CS20,0,0,0
3,US92->CS28,0,0,0
3,US92->CS36,0,0,0
3,US92->CS44,0,0,0
3,US92->CS52,0,0,0
3,US92->CS60,0,0,0
3,US93->CS5,0,0,0
3,US93->CS13,0,0,0
3,US93->CS21,0,0,0
3,US93->CS29,0,0,0
3,US93->CS37,0,0,0
3,US93->CS45,0,0,0
3,US93->CS53,0,0,0
3,US93->CS61,0,0,0
3,US94->CS6,0,0,0
3,US94->CS14,0,0,0
3,US94->CS22,0,0,0
3,US94->CS30,0,0,0
3,US94->CS38,0,0,0
3,US94->CS46,0,0,0
3,US94->CS54,0,0,0
3,US94->CS62,0,0,0
3,US95->CS7,0,0,0
3,US95->CS15,0,0,0
3,US95->CS23,0,0,0
3,US95->CS31,0,0,0
3,US95->CS39,0,0,0
3,US95->CS47,0,0,0
3,US95->CS55,0,0,0
3,US95->CS63,0,0,0
3,US96->CS0,0,0,0
3,US96->CS8,0,0,0
3,US96->CS16,0,0,0
3,US96->CS24,0,0,0
3,US96->CS32,0,0,0
3,US96->CS40,0,0,0
3,US96->CS48,0,0,0
3,US96->CS56,0,0,0
3,US97->CS1,0,0,0
3,US97->CS9,0,0,0
3,US97->CS17,0,0,0
3,US97->CS25,0,0,0
3,US97->CS33,0,0,0
3,US97->CS41,0,0,0
3,US97->CS49,0,0,0
3,US97->CS57,0,0,0
3,US98->CS2,0,0,0
3,US98->CS10,0,0,0
3,US98->CS18,0,0,0
3,US98->CS26,0,0,0
3,US98->CS34,0,0,0
3,US98->CS42,0,0,0
3,US98->CS50,0,0,0
3,US98->CS58,0,0,0
3,US99->CS3,0,0,0
3,US99->CS11,0,0,0
3,US99->CS19,0,0,0
3,US99->CS27,0,0,0
3,US99->CS35,0,0,0
3,US99->CS43,0,0,0
3,US99->CS51,0,0,0
3,US99->CS59,0,0,0
3,US100->CS4,0,0,0
3,US100->CS12,0,0,0
3,US100->CS20,0,0,0
3,US100->CS28,0,0,0
3,US100->CS36,0,0,0
3,US100->CS44,0,0,0
3,US100->CS52,0,0,0
3,US100->CS60,0,0,0
3,US101->CS5,0,0,0
3,US101->CS13,0,0,0
3,US101->CS21,0,0,0
3,US101->CS29,0,0,0
3,US101->CS37,0,0,0
3,US101->CS45,0,0,0
3,US101->CS53,0,0,0
3,US101->CS61,0,0,0
3,US102->CS6,0,0,0
3,US102->CS14,0,0,0
3,US102->CS22,0,0,0
3,US102->CS30,0,0,0
3,US102->CS38,0,0,0
3,US102->CS46,0,0,0
3,US102->CS54,0,0,0
3,US102->CS62,0,0,0
3,US103->CS7,0,0,0
3,US103->CS15,0,0,0
3,US103->CS23,0,0,0
3,US103->CS31,0,0,0
3,US103->CS39,0,0,0
3,US103->CS47,0,0,0
3,US103->CS55,0,0,0
3,US103->CS63,0,0,0
3,US104->CS0,0,0,0
3,US104->CS8,0,0,0
3,US104->CS16,0,0,0
3,US104->CS24,0,0,0
3,US104->CS32,0,0,0
3,US104->CS40,0,0,0
3,US104->CS48,0,0,0
3,US104->CS56,0,0,0
3,US105->CS1,0,0,0
3,US105->CS9,0,0,0
3,US105->CS17,0,0,0
3,US105->CS25,0,0,0
3,US105->CS33,0,0,0
3,US105->CS41,0,0,0
3,US105->CS49,0,0,0
3,US105->CS57,0,0,0
3,US106->CS2,0,0,0
3,US106->CS10,0,0,0
3,US106->CS18,0,0,0
3,US106->CS26,0,0,0
3,US106->CS34,0,0,0
3,US106->CS42,0,0,0
3,US106->CS50,0,0,0
3,US106->CS58,0,0,0
3,US107->CS3,0,0,0
3,US107->CS11,0,0,0
3,US107->CS19,0,0,0
3,US107->CS27,0,0,0
3,US107->CS35,0,0,0
3,US107->CS43,0,0,0
3,US107->CS51,0,0,0
3,US107->CS59,0,0,0
3,US108->CS4,0,0,0
3,US108->CS12,0,0,0
3,US108->CS20,0,0,0
3,US108->CS28,0,0,0
3,US108->CS36,0,0,0
3,US108->CS44,0,0,0
3,US108->CS52,0,0,0
3,US108->CS60,0,0,0
3,US109->CS5,0,0,0
3,US109->CS13,0,0,0
3,US109->CS21,0,0,0
3,US109->CS29,0,0,0
3,US109->CS37,0,0,0
3,US109->CS45,0,0,0
3,US109->CS53,0,0,0
3,US109->CS61,0,0,0
3,US110->CS6,0,0,0
3,US110->CS14,0,0,0
3,US110->CS22,0,0,0
3,US110->CS30,0,0,0
3,US110->CS38,0,0,0
3,US110->CS46,0,0,0
3,US110->CS54,0,0,0
3,US110->CS62,0,0,0
3,US111->CS7,0,0,0
3,US111->CS15,0,0,0
3,US111->CS23,0,0,0
3,US111->CS31,0,0,0
3,US111->CS39,0,0,0
3,US111->CS47,0,0,0
3,US111->CS55,0,0,0
3,US111->CS63,0,0,0
3,US112->CS0,53344,53344,0
3,US112->CS8,53309,53309,0
3,US112->CS16,53292,53292,0
3,US112->CS24,53473,53473,0
3,US112->CS32,53477,53477,0
3,US112->CS40,53502,53502,0
3,US112->CS48,53435,53435,0
3,US112->CS56,53077,53077,0
3,US113->CS1,53405,53405,0
3,US113->CS9,53148,53148,0
3,US113->CS17,53381,53381,0
3,US113->CS25,53436,53436,0
3,US113->CS33,53372,53372,0
3,US113->CS41,52961,52961,0
3,US113->CS49,53396,53396,0
3,US113->CS57,52958,52958,0
3,US114->CS2,53340,53340,0
3,US114->CS10,53222,53222,0
3,US114->CS18,53386,53386,0
3,US114->CS26,53241,53241,0
3,US114->CS34,53277,53277,0
3,US114->CS42,53178,53178,0
3,US114->CS50,53552,53552,0
3,US114->CS58,53558,53558,0
3,US115->CS3,53926,53926,0
3,US115->CS11,53700,53700,0
3,US115->CS19,53301,53301,0
3,US115->CS27,53195,53195,0
3,US115->CS35,53241,53241,0
3,US115->CS43,53372,53372,0
3,US115->CS51,53321,53321,0
3,US115->CS59,53525,53525,0
3,US116->CS4,53332,53332,0
3,US116->CS12,53098,53098,0
3,US116->CS20,53193,53193,0
3,US116->CS28,53578,53578,0
3,US116->CS36,53269,53269,0
3,US116->CS44,53284,53284,0
3,US116->CS52,53547,53547,0
3,US116->CS60,53341,53341,0
3,US117->CS5,53250,53250,0
3,US117->CS13,53014,53014,0
3,US117->CS21,53732,53732,0
3,US117->CS29,53730,53730,0
3,US117->CS37,53301,53301,0
3,US117->CS45,53507,53507,0
3,US117->CS53,53548,53548,0
3,US117->CS61,52993,52993,0
3,US118->CS6,53937,53937,0
3,US118->CS14,53200,53200,0
3,US118->CS22,53430,53430,0
3,US118->CS30,53238,53238,0
3,US118->CS38,53644,53644,0
3,US118->CS46,53438,53438,0
3,US118->CS54,53468,53468,0
3,US118->CS62,53186,53186,0
3,US119->CS7,53178,53178,0
3,US119->CS15,53232,53232,0
3,US119->CS23,53297,53297,0
3,US119->CS31,53109,53109,0
3,US119->CS39,53488,53488,0
3,US119->CS47,53375,53375,0
3,US119->CS55,53425,53425,0
3,US119->CS63,53427,53427,0
3,US120->CS0,0,0,0
3,US120->CS8,0,0,0
3,US120->CS16,0,0,0
3,US120->CS24,0,0,0
3,US120->CS32,0,0,0
3,US120->CS40,0,0,0
3,US120->CS48,0,0,0
3,US120->CS56,0,0,0
3,US121->CS1,0,0,0
3,US121->CS9,0,0,0
3,US121->CS17,0,0,0
3,US121->CS25,0,0,0
3,US121->CS33,0,0,0
3,US121->CS41,0,0,0
3,US121->CS49,0,0,0
3,US121->CS57,0,0,0
3,US122->CS2,0,0,0
3,US122->CS10,0,0,0
3,US122->CS18,0,0,0
3,US122->CS26,0,0,0
3,US122->CS34,0,0,0
3,US122->CS42,0,0,0
3,US122->CS50,0,0,0
3,US122->CS58,0,0,0
3,US123->CS3,0,0,0
3,US123->CS11,0,0,0
3,US123->CS19,0,0,0
3,US123->CS27,0,0,0
3,US123->CS35,0,0,0
3,US123->CS43,0,0,0
3,US123->CS51,0,0,0
3,US123->CS59,0,0,0
3,US124->CS4,0,0,0
3,US124->CS12,0,0,0
3,US124->CS20,0,0,0
3,US124->CS28,0,0,0
3,US124->CS36,0,0,0
3,US124->CS44,0,0,0
3,US124->CS52,0,0,0
3,US124->CS60,0,0,0
3,US125->CS5,0,0,0
3,US125->CS13,0,0,0
3,US125->CS21,0,0,0
3,US125->CS29,0,0,0
3,US125->CS37,0,0,0
3,US125->CS45,0,0,0
3,US125->CS53,0,0,0
3,US125->CS61,0,0,0
3,US126->CS6,0,0,0
3,US126->CS14,0,0,0
3,US126->CS22,0,0,0
3,US126->CS30,0,0,0
3,US126->CS38,0,0,0
3,US126->CS46,0,0,0
3,US126->CS54,0,0,0
3,US126->CS62,0,0,0
3,US127->CS7,0,0,0
3,US127->CS15,0,0,0
3,US127->CS23,0,0,0
3,US127->CS31,0,0,0
3,US127->CS39,0,0,0
3,US127->CS47,0,0,0
3,US127->CS55,0,0,0
3,US127->CS63,0,0,0
3,CS0->US0,51204,51204,0
3,CS0->US8,0,0,0
3,CS0->US16,0,0,0
3,CS0->US24,0,0,0
3,CS0->US32,0,0,0
3,CS0->US40,53457,53457,0
3,CS0->US48,51574,51574,0
3,CS0->US56,0,0,0
3,CS0->US64,0,0,0
3,CS0->US72,0,0,0
3,CS0->US80,0,0,0
3,CS0->US88,0,0,0
3,CS0->US96,0,0,0
3,CS0->US104,0,0,0
3,CS0->US112,52850,52850,0
3,CS0->US120,0,0,0
3,CS1->US1,51145,51145,0
3,CS1->US9,0,0,0
3,CS1->US17,0,0,0
3,CS1->US25,0,0,0
3,CS1->US33,0,0,0
3,CS1->US41,53512,53512,0
3,CS1->US49,51388,51388,0
3,CS1->US57,0,0,0
3,CS1->US65,0,0,0
3,CS1->US73,0,0,0
3,CS1->US81,0,0,0
3,CS1->US89,0,0,0
3,CS1->US97,0,0,0
3,CS1->US105,0,0,0
3,CS1->US113,53102,53102,0
3,CS1->US121,0,0,0
3,CS2->US2,51388,51388,0
3,CS2->US10,0,0,0
3,CS2->US18,0,0,0
3,CS2->US26,0,0,0
3,CS2->US34,0,0,0
3,CS2->US42,53461,53461,0
3,CS2->US50,51120,51120,0
3,CS2->US58,0,0,0
3,CS2->US66,0,0,0
3,CS2->US74,0,0,0
3,CS2->US82,0,0,0
3,CS2->US90,0,0,0
3,CS2->US98,0,0,0
3,CS2->US106,0,0,0
3,CS2->US114,52802,52802,0
3,CS2->US122,0,0,0
3,CS3->US3,51262,51262,0
3,CS3->US11,0,0,0
3,CS3->US19,0,0,0
3,CS3->US27,0,0,0
3,CS3->US35,0,0,0
3,CS3->US43,54052,54052,0
3,CS3->US51,51193,51193,0
3,CS3->US59,0,0,0
3,CS3->US67,0,0,0
3,CS3->US75,0,0,0
3,CS3->US83,0,0,0
3,CS3->US91,0,0,0
3,CS3->US99,0,0,0
3,CS3->US107,0,0,0
3,CS3->US115,52866,52866,0
3,CS3->US123,0,0,0
3,CS4->US4,51638,51638,0
3,CS4->US12,0,0,0
3,CS4->US20,0,0,0
3,CS4->US28,0,0,0
3,CS4->US36,0,0,0
3,CS4->US44,53437,53437,0
3,CS4->US52,51076,51076,0
3,CS4->US60,0,0,0
3,CS4->US68,0,0,0
3,CS4->US76,0,0,0
3,CS4->US84,0,0,0
3,CS4->US92,0,0,0
3,CS4->US100,0,0,0
3,CS4->US108,0,0,0
3,CS4->US116,52974,52974,0
3,CS4->US124,0,0,0
3,CS5->US5,51308,51308,0
3,CS5->US13,0,0,0
3,CS5->US21,0,0,0
3,CS5->US29,0,0,0
3,CS5->US37,0,0,0
3,CS5->US45,53349,53349,0
3,CS5->US53,51501,51501,0
3,CS5->US61,0,0,0
3,CS5->US69,0,0,0
3,CS5->US77,0,0,0
3,CS5->US85,0,0,0
3,CS5->US93,0,0,0
3,CS5->US101,0,0,0
3,CS5->US109,0,0,0
3,CS5->US117,53077,53077,0
3,CS5->US125,0,0,0
3,CS6->US6,51700,51700,0
3,CS6->US14,0,0,0
3,CS6->US22,0,0,0
3,CS6->US30,0,0,0
3,CS6->US38,0,0,0
3,CS6->US46,54036,54036,0
3,CS6->US54,51522,51522,0
3,CS6->US62,0,0,0
3,CS6->US70,0,0,0
3,CS6->US78,0,0,0
3,CS6->US86,0,0,0
3,CS6->US94,0,0,0
3,CS6->US102,0,0,0
3,CS6->US110,0,0,0
3,CS6->US118,52960,52960,0
3,CS6->US126,0,0,0
3,CS7->US7,51463,51463,0
3,CS7->US15,0,0,0
3,CS7->US23,0,0,0
3,CS7->US31,0,0,0
3,CS7->US39,0,0,0
3,CS7->US47,53259,53259,0
3,CS7->US55,51618,51618,0
3,CS7->US63,0,0,0
3,CS7->US71,0,0,0
3,CS7->US79,0,0,0
3,CS7->US87,0,0,0
3,CS7->US95,0,0,0
3,CS7->US103,0,0,0
3,CS7->US111,0,0,0
3,CS7->US119,52876,52876,0
3,CS7->US127,0,0,0
3,CS8->US0,51143,51143,0
3,CS8->US8,0,0,0
3,CS8->US16,0,0,0
3,CS8->US24,0,0,0
3,CS8->US32,0,0,0
3,CS8->US40,53413,53413,0
3,CS8->US48,51381,51381,0
3,CS8->US56,0,0,0
3,CS8->US64,0,0,0
3,CS8->US72,0,0,0
3,CS8->US80,0,0,0
3,CS8->US88,0,0,0
3,CS8->US96,0,0,0
3,CS8->US104,0,0,0
3,CS8->US112,53106,53106,0
3,CS8->US120,0,0,0
3,CS9->US1,51726,51726,0
3,CS9->US9,0,0,0
3,CS9->US17,0,0,0
3,CS9->US25,0,0,0
3,CS9->US33,0,0,0
3,CS9->US41,53260,53260,0
3,CS9->US49,51593,51593,0
3,CS9->US57,0,0,0
3,CS9->US65,0,0,0
3,CS9->US73,0,0,0
3,CS9->US81,0,0,0
3,CS9->US89,0,0,0
3,CS9->US97,0,0,0
3,CS9->US105,0,0,0
3,CS9->US113,53470,53470,0
3,CS9->US121,0,0,0
3,CS10->US2,51002,51002,0
3,CS10->US10,0,0,0
3,CS10->US18,0,0,0
3,CS10->US26,0,0,0
3,CS10->US34,0,0,0
3,CS10->US42,53290,53290,0
3,CS10->US50,51095,51095,0
3,CS10->US58,0,0,0
3,CS10->US66,0,0,0
3,CS10->US74,0,0,0
3,CS10->US82,0,0,0
3,CS10->US90,0,0,0
3,CS10->US98,0,0,0
3,CS10->US106,0,0,0
3,CS10->US114,52764,52764,0
3,CS10->US122,0,0,0
3,CS11->US3,51266,51266,0
3,CS11->US11,0,0,0
3,CS11->US19,0,0,0
3,CS11->US27,0,0,0
3,CS11->US35,0,0,0
3,CS11->US43,53791,53791,0
3,CS11->US51,51595,51595,0
3,CS11->US59,0,0,0
3,CS11->US67,0,0,0
3,CS11->US75,0,0,0
3,CS11->US83,0,0,0
3,CS11->US91,0,0,0
3,CS11->US99,0,0,0
3,CS11->US107,0,0,0
3,CS11->US115,53049,53049,0
3,CS11->US123,0,0,0
3,CS12->US4,51793,51793,0
3,CS12->US12,0,0,0
3,CS12->US20,0,0,0
3,CS12->US28,0,0,0
3,CS12->US36,0,0,0
3,CS12->US44,53203,53203,0
3,CS12->US52,51724,51724,0
3,CS12->US60,0,0,0
3,CS12->US68,0,0,0
3,CS12->US76,0,0,0
3,CS12->US84,0,0,0
3,CS12->US92,0,0,0
3,CS12->US100,0,0,0
3,CS12->US108,0,0,0
3,CS12->US116,52629,52629,0
3,CS12->US124,0,0,0
3,CS13->US5,51580,51580,0
3,CS13->US13,0,0,0
3,CS13->US21,0,0,0
3,CS13->US29,0,0,0
3,CS13->US37,0,0,0
3,CS13->US45,53087,53087,0
3,CS13->US53,51711,51711,0
3,CS13->US61,0,0,0
3,CS13->US69,0,0,0
3,CS13->US77,0,0,0
3,CS13->US85,0,0,0
3,CS13->US93,0,0,0
3,CS13->US101,0,0,0
3,CS13->US109,0,0,0
3,CS13->US117,52694,52694,0
3,CS13->US125,0,0,0
3,CS14->US6,51508,51508,0
3,CS14->US14,0,0,0
3,CS14->US22,0,0,0
3,CS14->US30,0,0,0
3,CS14->US38,0,0,0
3,CS14->US46,53253,53253,0
3,CS14->US54,51748,51748,0
3,CS14->US62,0,0,0
3,CS14->US70,0,0,0
3,CS14->US78,0,0,0
3,CS14->US86,0,0,0
3,CS14->US94,0,0,0
3,CS14->US102,0,0,0
3,CS14->US110,0,0,0
3,CS14->US118,52966,52966,0
3,CS14->US126,0,0,0
3,CS15->US7,51881,51881,0
3,CS15->US15,0,0,0
3,CS15->US23,0,0,0
3,CS15->US31,0,0,0
3,CS15->US39,0,0,0
3,CS15->US47,53311,53311,0
3,CS15->US55,51354,51354,0
3,CS15->US63,0,0,0
3,CS15->US71,0,0,0
3,CS15->US79,0,0,0
3,CS15->US87,0,0,0
3,CS15->US95,0,0,0
3,CS15->US103,0,0,0
3,CS15->US111,0,0,0
3,CS15->US119,52862,52862,0
3,CS15->US127,0,0,0
3,CS16->US0,50940,50940,0
3,CS16->US8,0,0,0
3,CS16->US16,0,0,0
3,CS16->US24,0,0,0
3,CS16->US32,0,0,0
3,CS16->US40,53396,53396,0
3,CS16->US48,51324,51324,0
3,CS16->US56,0,0,0
3,CS16->US64,0,0,0
3,CS16->US72,0,0,0
3,CS16->US80,0,0,0
3,CS16->US88,0,0,0
3,CS16->US96,0,0,0
3,CS16->US104,0,0,0
3,CS16->US112,52765,52765,0
3,CS16->US120,0,0,0
3,CS17->US1,51560,51560,0
3,CS17->US9,0,0,0
3,CS17->US17,0,0,0
3,CS17->US25,0,0,0
3,CS17->US33,0,0,0
3,CS17->US41,53465,53465,0
3,CS17->US49,51397,51397,0
3,CS17->US57,0,0,0
3,CS17->US65,0,0,0
3,CS17->US73,0,0,0
3,CS17->US81,0,0,0
3,CS17->US89,0,0,0
3,CS17->US97,0,0,0
3,CS17->US105,0,0,0
3,CS17->US113,52668,52668,0
3,CS17->US121,0,0,0
3,CS18->US2,51185,51185,0
3,CS18->US10,0,0,0
3,CS18->US18,0,0,0
3,CS18->US26,0,0,0
3,CS18->US34,0,0,0
3,CS18->US42,53481,53481,0
3,CS18->US50,50984,50984,0
3,CS18->US58,0,0,0
3,CS18->US66,0,0,0
3,CS18->US74,0,0,0
3,CS18->US82,0,0,0
3,CS18->US90,0,0,0
3,CS18->US98,0,0,0
3,CS18->US106,0,0,0
3,CS18->US114,52667,52667,0
3,CS18->US122,0,0,0
3,CS19->US3,51007,51007,0
3,CS19->US11,0,0,0
3,CS19->US19,0,0,0
3,CS19->US27,0,0,0
3,CS19->US35,0,0,0
3,CS19->US43,53419,53419,0
3,CS19->US51,51227,51227,0
3,CS19->US59,0,0,0
3,CS19->US67,0,0,0
3,CS19->US75,0,0,0
3,CS19->US83,0,0,0
3,CS19->US91,0,0,0
3,CS19->US99,0,0,0
3,CS19->US107,0,0,0
3,CS19->US115,52857,52857,0
3,CS19->US123,0,0,0
3,CS20->US4,51250,51250,0
3,CS20->US12,0,0,0
3,CS20->US20,0,0,0
3,CS20->US28,0,0,0
3,CS20->US36,0,0,0
3,CS20->US44,53282,53282,0
3,CS20->US52,51222,51222,0
3,CS20->US60,0,0,0
3,CS20->US68,0,0,0
3,CS20->US76,0,0,0
3,CS20->US84,0,0,0
3,CS20->US92,0,0,0
3,CS20->US100,0,0,0
3,CS20->US108,0,0,0
3,CS20->US116,53058,53058,0
3,CS20->US124,0,0,0
3,CS21->US5,51419,51419,0
3,CS21->US13,0,0,0
3,CS21->US21,0,0,0
3,CS21->US29,0,0,0
3,CS21->US37,0,0,0
3,CS21->US45,53795,53795,0
3,CS21->US53,51365,51365,0
3,CS21->US61,0,0,0
3,CS21->US69,0,0,0
3,CS21->US77,0,0,0
3,CS21->US85,0,0,0
3,CS21->US93,0,0,0
3,CS21->US101,0,0,0
3,CS21->US109,0,0,0
3,CS21->US117,53180,53180,0
3,CS21->US125,0,0,0
3,CS22->US6,51541,51541,0
3,CS22->US14,0,0,0
3,CS22->US22,0,0,0
3,CS22->US30,0,0,0
3,CS22->US38,0,0,0
3,CS22->US46,53528,53528,0
3,CS22->US54,51272,51272,0
3,CS22->US62,0,0,0
3,CS22->US70,0,0,0
3,CS22->US78,0,0,0
3,CS22->US86,0,0,0
3,CS22->US94,0,0,0
3,CS22->US102,0,0,0
3,CS22->US110,0,0,0
3,CS22->US118,52980,52980,0
3,CS22->US126,0,0,0
3,CS23->US7,51506,51506,0
3,CS23->US15,0,0,0
3,CS23->US23,0,0,0
3,CS23->US31,0,0,0
3,CS23->US39,0,0,0
3,CS23->US47,53375,53375,0
3,CS23->US55,51354,51354,0
3,CS23->US63,0,0,0
3,CS23->US71,0,0,0
3,CS23->US79,0,0,0
3,CS23->US87,0,0,0
3,CS23->US95,0,0,0
3,CS23->US103,0,0,0
3,CS23->US111,0,0,0
3,CS23->US119,53020,53020,0
3,CS23->US127,0,0,0
3,CS24->US0,51639,51639,0
3,CS24->US8,0,0,0
3,CS24->US16,0,0,0
3,CS24->US24,0,0,0
3,CS24->US32,0,0,0
3,CS24->US40,53540,53540,0
3,CS24->US48,51633,51633,0
3,CS24->US56,0,0,0
3,CS24->US64,0,0,0
3,CS24->US72,0,0,0
3,CS24->US80,0,0,0
3,CS24->US88,0,0,0
3,CS24->US96,0,0,0
3,CS24->US104,0,0,0
3,CS24->US112,53158,53158,0
3,CS24->US120,0,0,0
3,CS25->US1,51211,51211,0
3,CS25->US9,0,0,0
3,CS25->US17,0,0,0
3,CS25->US25,0,0,0
3,CS25->US33,0,0,0
3,CS25->US41,53541,53541,0
3,CS25->US49,51115,51115,0
3,CS25->US57,0,0,0
3,CS25->US65,0,0,0
3,CS25->US73,0,0,0
3,CS25->US81,0,0,0
3,CS25->US89,0,0,0
3,CS25->US97,0,0,0
3,CS25->US105,0,0,0
3,CS25->US113,52910,52910,0
3,CS25->US121,0,0,0
3,CS26->US2,51492,51492,0
3,CS26->US10,0,0,0
3,CS26->US18,0,0,0
3,CS26->US26,0,0,0
3,CS26->US34,0,0,0
3,CS26->US42,53362,53362,0
3,CS26->US50,51738,51738,0
3,CS26->US58,0,0,0
3,CS26->US66,0,0,0
3,CS26->US74,0,0,0
3,CS26->US82,0,0,0
3,CS26->US90,0,0,0
3,CS26->US98,0,0,0
3,CS26->US106,0,0,0
3,CS26->US114,52753,52753,0
3,CS26->US122,0,0,0
3,CS27->US3,51489,51489,0
3,CS27->US11,0,0,0
3,CS27->US19,0,0,0
3,CS27->US27,0,0,0
3,CS27->US35,0,0,0
3,CS27->US43,53307,53307,0
3,CS27->US51,51592,51592,0
3,CS27->US59,0,0,0
3,CS27->US67,0,0,0
3,CS27->US75,0,0,0
3,CS27->US83,0,0,0
3,CS27->US91,0,0,0
3,CS27->US99,0,0,0
3,CS27->US107,0,0,0
3,CS27->US115,52756,52756,0
3,CS27->US123,0,0,0
3,CS28->US4,51396,51396,0
3,CS28->US12,0,0,0
3,CS28->US20,0,0,0
3,CS28->US28,0,0,0
3,CS28->US36,0,0,0
3,CS28->US44,53697,53697,0
3,CS28->US52,51117,51117,0
3,CS28->US60,0,0,0
3,CS28->US68,0,0,0
3,CS28->US76,0,0,0
3,CS28->US84,0,0,0
3,CS28->US92,0,0,0
3,CS28->US100,0,0,0
3,CS28->US108,0,0,0
3,CS28->US116,53226,53226,0
3,CS28->US124,0,0,0
3,CS29->US5,51139,51139,0
3,CS29->US13,0,0,0
3,CS29->US21,0,0,0
3,CS29->US29,0,0,0
3,CS29->US37,0,0,0
3,CS29->US45,53849,53849,0
3,CS29->US53,51582,51582,0
3,CS29->US61,0,0,0
3,CS29->US69,0,0,0
3,CS29->US77,0,0,0
3,CS29->US85,0,0,0
3,CS29->US93,0,0,0
3,CS29->US101,0,0,0
3,CS29->US109,0,0,0
3,CS29->US117,52706,52706,0
3,CS29->US125,0,0,0
3,CS30->US6,51331,51331,0
3,CS30->US14,0,0,0
3,CS30->US22,0,0,0
3,CS30->US30,0,0,0
3,CS30->US38,0,0,0
3,CS30->US46,53337,53337,0
3,CS30->US54,51308,51308,0
3,CS30->US62,0,0,0
3,CS30->US70,0,0,0
3,CS30->US78,0,0,0
3,CS30->US86,0,0,0
3,CS30->US94,0,0,0
3,CS30->US102,0,0,0
3,CS30->US110,0,0,0
3,CS30->US118,53032,53032,0
3,CS30->US126,0,0,0
3,CS31->US7,51062,51062,0
3,CS31->US15,0,0,0
3,CS31->US23,0,0,0
3,CS31->US31,0,0,0
3,CS31->US39,0,0,0
3,CS31->US47,53211,53211,0
3,CS31->US55,51252,51252,0
3,CS31->US63,0,0,0
3,CS31->US71,0,0,0
3,CS31->US79,0,0,0
3,CS31->US87,0,0,0
3,CS31->US95,0,0,0
3,CS31->US103,0,0,0
3,CS31->US111,0,0,0
3,CS31->US119,53386,53386,0
3,CS31->US127,0,0,0
3,CS32->US0,51427,51427,0
3,CS32->US8,0,0,0
3,CS32->US16,0,0,0
3,CS32->US24,0,0,0
3,CS32->US32,0,0,0
3,CS32->US40,53579,53579,0
3,CS32->US48,51717,51717,0
3,CS32->US56,0,0,0
3,CS32->US64,0,0,0
3,CS32->US72,0,0,0
3,CS32->US80,0,0,0
3,CS32->US88,0,0,0
3,CS32->US96,0,0,0
3,CS32->US104,0,0,0
3,CS32->US112,52896,52896,0
3,CS32->US120,0,0,0
3,CS33->US1,51550,51550,0
3,CS33->US9,0,0,0
3,CS33->US17,0,0,0
3,CS33->US25,0,0,0
3,CS33->US33,0,0,0
3,CS33->US41,53466,53466,0
3,CS33->US49,51310,51310,0
3,CS33->US57,0,0,0
3,CS33->US65,0,0,0
3,CS33->US73,0,0,0
3,CS33->US81,0,0,0
3,CS33->US89,0,0,0
3,CS33->US97,0,0,0
3,CS33->US105,0,0,0
3,CS33->US113,53005,53005,0
3,CS33->US121,0,0,0
3,CS34->US2,51564,51564,0
3,CS34->US10,0,0,0
3,CS34->US18,0,0,0
3,CS34->US26,0,0,0
3,CS34->US34,0,0,0
3,CS34->US42,53364,53364,0
3,CS34->US50,51841,51841,0
3,CS34->US58,0,0,0
3,CS34->US66,0,0,0
3,CS34->US74,0,0,0
3,CS34->US82,0,0,0
3,CS34->US90,0,0,0
3,CS34->US98,0,0,0
3,CS34->US106,0,0,0
3,CS34->US114,52905,52905,0
3,CS34->US122,0,0,0
3,CS35->US3,51458,51458,0
3,CS35->US11,0,0,0
3,CS35->US19,0,0,0
3,CS35->US27,0,0,0
3,CS35->US35,0,0,0
3,CS35->US43,53349,53349,0
3,CS35->US51,51604,51604,0
3,CS35->US59,0,0,0
3,CS35->US67,0,0,0
3,CS35->US75,0,0,0
3,CS35->US83,0,0,0
3,CS35->US91,0,0,0
3,CS35->US99,0,0,0
3,CS35->US107,0,0,0
3,CS35->US115,52894,52894,0
3,CS35->US123,0,0,0
3,CS36->US4,51575,51575,0
3,CS36->US12,0,0,0
3,CS36->US20,0,0,0
3,CS36->US28,0,0,0
3,CS36->US36,0,0,0
3,CS36->US44,53367,53367,0
3,CS36->US52,51562,51562,0
3,CS36->US60,0,0,0
3,CS36->US68,0,0,0
3,CS36->US76,0,0,0
3,CS36->US84,0,0,0
3,CS36->US92,0,0,0
3,CS36->US100,0,0,0
3,CS36->US108,0,0,0
3,CS36->US116,52626,52626,0
3,CS36->US124,0,0,0
3,CS37->US5,51712,51712,0
3,CS37->US13,0,0,0
3,CS37->US21,0,0,0
3,CS37->US29,0,0,0
3,CS37->US37,0,0,0
3,CS37->US45,53368,53368,0
3,CS37->US53,51224,51224,0
3,CS37->US61,0,0,0
3,CS37->US69,0,0,0
3,CS37->US77,0,0,0
3,CS37->US85,0,0,0
3,CS37->US93,0,0,0
3,CS37->US101,0,0,0
3,CS37->US109,0,0,0
3,CS37->US117,52512,52512,0
3,CS37->US125,0,0,0
3,CS38->US6,51275,51275,0
3,CS38->US14,0,0,0
3,CS38->US22,0,0,0
3,CS38->US30,0,0,0
3,CS38->US38,0,0,0
3,CS38->US46,53745,53745,0
3,CS38->US54,51274,51274,0
3,CS38->US62,0,0,0
3,CS38->US70,0,0,0
3,CS38->US78,0,0,0
3,CS38->US86,0,0,0
3,CS38->US94,0,0,0
3,CS38->US102,0,0,0
3,CS38->US110,0,0,0
3,CS38->US118,52731,52731,0
3,CS38->US126,0,0,0
3,CS39->US7,51332,51332,0
3,CS39->US15,0,0,0
3,CS39->US23,0,0,0
3,CS39->US31,0,0,0
3,CS39->US39,0,0,0
3,CS39->US47,53572,53572,0
3,CS39->US55,51277,51277,0
3,CS39->US63,0,0,0
3,CS39->US71,0,0,0
3,CS39->US79,0,0,0
3,CS39->US87,0,0,0
3,CS39->US95,0,0,0
3,CS39->US103,0,0,0
3,CS39->US111,0,0,0
3,CS39->US119,53067,53067,0
3,CS39->US127,0,0,0
3,CS40->US0,51439,51439,0
3,CS40->US8,0,0,0
3,CS40->US16,0,0,0
3,CS40->US24,0,0,0
3,CS40->US32,0,0,0
3,CS40->US40,53603,53603,0
3,CS40->US48,51388,51388,0
3,CS40->US56,0,0,0
3,CS40->US64,0,0,0
3,CS40->US72,0,0,0
3,CS40->US80,0,0,0
3,CS40->US88,0,0,0
3,CS40->US96,0,0,0
3,CS40->US104,0,0,0
3,CS40->US112,53221,53221,0
3,CS40->US120,0,0,0
3,CS41->US1,51603,51603,0
3,CS41->US9,0,0,0
3,CS41->US17,0,0,0
3,CS41->US25,0,0,0
3,CS41->US33,0,0,0
3,CS41->US41,53048,53048,0
3,CS41->US49,50961,50961,0
3,CS41->US57,0,0,0
3,CS41->US65,0,0,0
3,CS41->US73,0,0,0
3,CS41->US81,0,0,0
3,CS41->US89,0,0,0
3,CS41->US97,0,0,0
3,CS41->US105,0,0,0
3,CS41->US113,53008,53008,0
3,CS41->US121,0,0,0
3,CS42->US2,51177,51177,0
3,CS42->US10,0,0,0
3,CS42->US18,0,0,0
3,CS42->US26,0,0,0
3,CS42->US34,0,0,0
3,CS42->US42,53291,53291,0
3,CS42->US50,51332,51332,0
3,CS42->US58,0,0,0
3,CS42->US66,0,0,0
3,CS42->US74,0,0,0
3,CS42->US82,0,0,0
3,CS42->US90,0,0,0
3,CS42->US98,0,0,0
3,CS42->US106,0,0,0
3,CS42->US114,53000,53000,0
3,CS42->US122,0,0,0
3,CS43->US3,51110,51110,0
3,CS43->US11,0,0,0
3,CS43->US19,0,0,0
3,CS43->US27,0,0,0
3,CS43->US35,0,0,0
3,CS43->US43,53443,53443,0
3,CS43->US51,51330,51330,0
3,CS43->US59,0,0,0
3,CS43->US67,0,0,0
3,CS43->US75,0,0,0
3,CS43->US83,0,0,0
3,CS43->US91,0,0,0
3,CS43->US99,0,0,0
3,CS43->US107,0,0,0
3,CS43->US115,52805,52805,0
3,CS43->US123,0,0,0
3,CS44->US4,51107,51107,0
3,CS44->US12,0,0,0
3,CS44->US20,0,0,0
3,CS44->US28,0,0,0
3,CS44->US36,0,0,0
3,CS44->US44,53364,53364,0
3,CS44->US52,51409,51409,0
3,CS44->US60,0,0,0
3,CS44->US68,0,0,0
3,CS44->US76,0,0,0
3,CS44->US84,0,0,0
3,CS44->US92,0,0,0
3,CS44->US100,0,0,0
3,CS44->US108,0,0,0
3,CS44->US116,52948,52948,0
3,CS44->US124,0,0,0
3,CS45->US5,51126,51126,0
3,CS45->US13,0,0,0
3,CS45->US21,0,0,0
3,CS45->US29,0,0,0
3,CS45->US37,0,0,0
3,CS45->US45,53623,53623,0
3,CS45->US53,51492,51492,0
3,CS45->US61,0,0,0
3,CS45->US69,0,0,0
3,CS45->US77,0,0,0
3,CS45->US85,0,0,0
3,CS45->US93,0,0,0
3,CS45->US101,0,0,0
3,CS45->US109,0,0,0
3,CS45->US117,53023,53023,0
3,CS45->US125,0,0,0
3,CS46->US6,51208,51208,0
3,CS46->US14,0,0,0
3,CS46->US22,0,0,0
3,CS46->US30,0,0,0
3,CS46->US38,0,0,0
3,CS46->US46,53557,53557,0
3,CS46->US54,51367,51367,0
3,CS46->US62,0,0,0
3,CS46->US70,0,0,0
3,CS46->US78,0,0,0
3,CS46->US86,0,0,0
3,CS46->US94,0,0,0
3,CS46->US102,0,0,0
3,CS46->US110,0,0,0
3,CS46->US118,53161,53161,0
3,CS46->US126,0,0,0
3,CS47->US7,51200,51200,0
3,CS47->US15,0,0,0
3,CS47->US23,0,0,0
3,CS47->US31,0,0,0
3,CS47->US39,0,0,0
3,CS47->US47,53461,53461,0
3,CS47->US55,51769,51769,0
3,CS47->US63,0,0,0
3,CS47->US71,0,0,0
3,CS47->US79,0,0,0
3,CS47->US87,0,0,0
3,CS47->US95,0,0,0
3,CS47->US103,0,0,0
3,CS47->US111,0,0,0
3,CS47->US119,52987,52987,0
3,CS47->US127,0,0,0
3,CS48->US0,51467,51467,0
3,CS48->US8,0,0,0
3,CS48->US16,0,0,0
3,CS48->US24,0,0,0
3,CS48->US32,0,0,0
3,CS48->US40,53507,53507,0
3,CS48->US48,51337,51337,0
3,CS48->US56,0,0,0
3,CS48->US64,0,0,0
3,CS48->US72,0,0,0
3,CS48->US80,0,0,0
3,CS48->US88,0,0,0
3,CS48->US96,0,0,0
3,CS48->US104,0,0,0
3,CS48->US112,52944,52944,0
3,CS48->US120,0,0,0
3,CS49->US1,51486,51486,0
3,CS49->US9,0,0,0
3,CS49->US17,0,0,0
3,CS49->US25,0,0,0
3,CS49->US33,0,0,0
3,CS49->US41,53480,53480,0
3,CS49->US49,51217,51217,0
3,CS49->US57,0,0,0
3,CS49->US65,0,0,0
3,CS49->US73,0,0,0
3,CS49->US81,0,0,0
3,CS49->US89,0,0,0
3,CS49->US97,0,0,0
3,CS49->US105,0,0,0
3,CS49->US113,52117,52117,0
3,CS49->US121,0,0,0
3,CS50->US2,51681,51681,0
3,CS50->US10,0,0,0
3,CS50->US18,0,0,0
3,CS50->US26,0,0,0
3,CS50->US34,0,0,0
3,CS50->US42,53602,53602,0
3,CS50->US50,51517,51517,0
3,CS50->US58,0,0,0
3,CS50->US66,0,0,0
3,CS50->US74,0,0,0
3,CS50->US82,0,0,0
3,CS50->US90,0,0,0
3,CS50->US98,0,0,0
3,CS50->US106,0,0,0
3,CS50->US114,53202,53202,0
3,CS50->US122,0,0,0
3,CS51->US3,51806,51806,0
3,CS51->US11,0,0,0
3,CS51->US19,0,0,0
3,CS51->US27,0,0,0
3,CS51->US35,0,0,0
3,CS51->US43,53421,53421,0
3,CS51->US51,51289,51289,0
3,CS51->US59,0,0,0
3,CS51->US67,0,0,0
3,CS51->US75,0,0,0
3,CS51->US83,0,0,0
3,CS51->US91,0,0,0
3,CS51->US99,0,0,0
3,CS51->US107,0,0,0
3,CS51->US115,52794,52794,0
3,CS51->US123,0,0,0
3,CS52->US4,51650,51650,0
3,CS52->US12,0,0,0
3,CS52->US20,0,0,0
3,CS52->US28,0,0,0
3,CS52->US36,0,0,0
3,CS52->US44,53621,53621,0
3,CS52->US52,51559,51559,0
3,CS52->US60,0,0,0
3,CS52->US68,0,0,0
3,CS52->US76,0,0,0
3,CS52->US84,0,0,0
3,CS52->US92,0,0,0
3,CS52->US100,0,0,0
3,CS52->US108,0,0,0
3,CS52->US116,52988,52988,0
3,CS52->US124,0,0,0
3,CS53->US5,51899,51899,0
3,CS53->US13,0,0,0
3,CS53->US21,0,0,0
3,CS53->US29,0,0,0
3,CS53->US37,0,0,0
3,CS53->US45,53633,53633,0
3,CS53->US53,51422,51422,0
3,CS53->US61,0,0,0
3,CS53->US69,0,0,0
3,CS53->US77,0,0,0
3,CS53->US85,0,0,0
3,CS53->US93,0,0,0
3,CS53->US101,0,0,0
3,CS53->US109,0,0,0
3,CS53->US117,52977,52977,0
3,CS53->US125,0,0,0
3,CS54->US6,51400,51400,0
3,CS54->US14,0,0,0
3,CS54->US22,0,0,0
3,CS54->US30,0,0,0
3,CS54->US38,0,0,0
3,CS54->US46,53549,53549,0
3,CS54->US54,51156,51156,0
3,CS54->US62,0,0,0
3,CS54->US70,0,0,0
3,CS54->US78,0,0,0
3,CS54->US86,0,0,0
3,CS54->US94,0,0,0
3,CS54->US102,0,0,0
3,CS54->US110,0,0,0
3,CS54->US118,53325,53325,0
3,CS54->US126,0,0,0
3,CS55->US7,51293,51293,0
3,CS55->US15,0,0,0
3,CS55->US23,0,0,0
3,CS55->US31,0,0,0
3,CS55->US39,0,0,0
3,CS55->US47,53509,53509,0
3,CS55->US55,50984,50984,0
3,CS55->US63,0,0,0
3,CS55->US71,0,0,0
3,CS55->US79,0,0,0
3,CS55->US87,0,0,0
3,CS55->US95,0,0,0
3,CS55->US103,0,0,0
3,CS55->US111,0,0,0
3,CS55->US119,53338,53338,0
3,CS55->US127,0,0,0
3,CS56->US0,51518,51518,0
3,CS56->US8,0,0,0
3,CS56->US16,0,0,0
3,CS56->US24,0,0,0
3,CS56->US32,0,0,0
3,CS56->US40,53134,53134,0
3,CS56->US48,51768,51768,0
3,CS56->US56,0,0,0
3,CS56->US64,0,0,0
3,CS56->US72,0,0,0
3,CS56->US80,0,0,0
3,CS56->US88,0,0,0
3,CS56->US96,0,0,0
3,CS56->US104,0,0,0
3,CS56->US112,52999,52999,0
3,CS56->US120,0,0,0
3,CS57->US1,51192,51192,0
3,CS57->US9,0,0,0
3,CS57->US17,0,0,0
3,CS57->US25,0,0,0
3,CS57->US33,0,0,0
3,CS57->US41,53055,53055,0
3,CS57->US49,51243,51243,0
3,CS57->US57,0,0,0
3,CS57->US65,0,0,0
3,CS57->US73,0,0,0
3,CS57->US81,0,0,0
3,CS57->US89,0,0,0
3,CS57->US97,0,0,0
3,CS57->US105,0,0,0
3,CS57->US113,53158,53158,0
3,CS57->US121,0,0,0
3,CS58->US2,51405,51405,0
3,CS58->US10,0,0,0
3,CS58->US18,0,0,0
3,CS58->US26,0,0,0
3,CS58->US34,0,0,0
3,CS58->US42,53667,53667,0
3,CS58->US50,51799,51799,0
3,CS58->US58,0,0,0
3,CS58->US66,0,0,0
3,CS58->US74,0,0,0
3,CS58->US82,0,0,0
3,CS58->US90,0,0,0
3,CS58->US98,0,0,0
3,CS58->US106,0,0,0
3,CS58->US114,52903,52903,0
3,CS58->US122,0,0,0
3,CS59->US3,51119,51119,0
3,CS59->US11,0,0,0
3,CS59->US19,0,0,0
3,CS59->US27,0,0,0
3,CS59->US35,0,0,0
3,CS59->US43,53607,53607,0
3,CS59->US51,51179,51179,0
3,CS59->US59,0,0,0
3,CS59->US67,0,0,0
3,CS59->US75,0,0,0
3,CS59->US83,0,0,0
3,CS59->US91,0,0,0
3,CS59->US99,0,0,0
3,CS59->US107,0,0,0
3,CS59->US115,52812,52812,0
3,CS59->US123,0,0,0
3,CS60->US4,51138,51138,0
3,CS60->US12,0,0,0
3,CS60->US20,0,0,0
3,CS60->US28,0,0,0
3,CS60->US36,0,0,0
3,CS60->US44,53454,53454,0
3,CS60->US52,51239,51239,0
3,CS60->US60,0,0,0
3,CS60->US68,0,0,0
3,CS60->US76,0,0,0
3,CS60->US84,0,0,0
3,CS60->US92,0,0,0
3,CS60->US100,0,0,0
3,CS60->US108,0,0,0
3,CS60->US116,52860,52860,0
3,CS60->US124,0,0,0
3,CS61->US5,51593,51593,0
3,CS61->US13,0,0,0
3,CS61->US21,0,0,0
3,CS61->US29,0,0,0
3,CS61->US37,0,0,0
3,CS61->US45,53086,53086,0
3,CS61->US53,51761,51761,0
3,CS61->US61,0,0,0
3,CS61->US69,0,0,0
3,CS61->US77,0,0,0
3,CS61->US85,0,0,0
3,CS61->US93,0,0,0
3,CS61->US101,0,0,0
3,CS61->US109,0,0,0
3,CS61->US117,52754,52754,0
3,CS61->US125,0,0,0
3,CS62->US6,51134,51134,0
3,CS62->US14,0,0,0
3,CS62->US22,0,0,0
3,CS62->US30,0,0,0
3,CS62->US38,0,0,0
3,CS62->US46,53272,53272,0
3,CS62->US54,51306,51306,0
3,CS62->US62,0,0,0
3,CS62->US70,0,0,0
3,CS62->US78,0,0,0
3,CS62->US86,0,0,0
3,CS62->US94,0,0,0
3,CS62->US102,0,0,0
3,CS62->US110,0,0,0
3,CS62->US118,53158,53158,0
3,CS62->US126,0,0,0
3,CS63->US7,51907,51907,0
3,CS63->US15,0,0,0
3,CS63->US23,0,0,0
3,CS63->US31,0,0,0
3,CS63->US39,0,0,0
3,CS63->US47,53512,53512,0
3,CS63->US55,51554,51554,0
3,CS63->US63,0,0,0
3,CS63->US71,0,0,0
3,CS63->US79,0,0,0
3,CS63->US87,0,0,0
3,CS63->US95,0,0,0
3,CS63->US103,0,0,0
3,CS63->US111,0,0,0
3,CS63->US119,53071,53071,0
3,CS63->US127,0,0,0
4,US0->CS0,51811,51811,0
4,US0->CS8,51615,51615,0
4,US0->CS16,51568,51568,0
4,US0->CS24,51859,51859,0
4,US0->CS32,51939,51939,0
4,US0->CS40,51608,51608,0
4,US0->CS48,51574,51574,0
4,US0->CS56,51976,51976,0
4,US1->CS1,51668,51668,0
4,US1->CS9,51823,51823,0
4,US1->CS17,51574,51574,0
4,US1->CS25,51363,51363,0
4,US1->CS33,51536,51536,0
4,US1->CS41,51200,51200,0
4,US1->CS49,51458,51458,0
4,US1->CS57,51487,51487,0
4,US2->CS2,51352,51352,0
4,US2->CS10,51343,51343,0
4,US2->CS18,51212,51212,0
4,US2->CS26,51902,51902,0
4,US2->CS34,52060,52060,0
4,US2->CS42,51512,51512,0
4,US2->CS50,51728,51728,0
4,US2->CS58,52002,52002,0
4,US3->CS3,51417,51417,0
4,US3->CS11,51806,51806,0
4,US3->CS19,51432,51432,0
4,US3->CS27,51820,51820,0
4,US3->CS35,51839,51839,0
4,US3->CS43,51508,51508,0
4,US3->CS51,51533,51533,0
4,US3->CS59,51424,51424,0
4,US4->CS4,51299,51299,0
4,US4->CS12,51925,51925,0
4,US4->CS20,51432,51432,0
4,US4->CS28,51327,51327,0
4,US4->CS36,51818,51818,0
4,US4->CS44,51612,51612,0
4,US4->CS52,51799,51799,0
4,US4->CS60,51492,51492,0
4,US5->CS5,51738,51738,0
4,US5->CS13,51958,51958,0
4,US5->CS21,51598,51598,0
4,US5->CS29,51769,51769,0
4,US5->CS37,51446,51446,0
4,US5->CS45,51750,51750,0
4,US5->CS53,51631,51631,0
4,US5->CS61,52012,52012,0
4,US6->CS6,51732,51732,0
4,US6->CS14,51936,51936,0
4,US6->CS22,51498,51498,0
4,US6->CS30,51550,51550,0
4,US6->CS38,51513,51513,0
4,US6->CS46,51573,51573,0
4,US6->CS54,51362,51362,0
4,US6->CS62,51505,51505,0
4,US7->CS7,51872,51872,0
4,US7->CS15,51621,51621,0
4,US7->CS23,51561,51561,0
4,US7->CS31,51501,51501,0
4,US7->CS39,51513,51513,0
4,US7->CS47,51981,51981,0
4,US7->CS55,51214,51214,0
4,US7->CS63,51776,51776,0
4,US8->CS0,0,0,0
4,US8->CS8,0,0,0
4,US8->CS16,0,0,0
4,US8->CS24,0,0,0
4,US8->CS32,0,0,0
4,US8->CS40,0,0,0
4,US8->CS48,0,0,0
4,US8->CS56,0,0,0
4,US9->CS1,0,0,0
4,US9->CS9,0,0,0
4,US9->CS17,0,0,0
4,US9->CS25,0,0,0
4,US9->CS33,0,0,0
4,US9->CS41,0,0,0
4,US9->CS49,0,0,0
4,US9->CS57,0,0,0
4,US10->CS2,0,0,0
4,US10->CS10,0,0,0
4,US10->CS18,0,0,0
4,US10->CS26,0,0,0
4,US10->CS34,0,0,0
4,US10->CS42,0,0,0
4,US10->CS50,0,0,0
4,US10->CS58,0,0,0
4,US11->CS3,0,0,0
4,US11->CS11,0,0,0
4,US11->CS19,0,0,0
4,US11->CS27,0,0,0
4,US11->CS35,0,0,0
4,US11->CS43,0,0,0
4,US11->CS51,0,0,0
4,US11->CS59,0,0,0
4,US12->CS4,0,0,0
4,US12->CS12,0,0,0
4,US12->CS20,0,0,0
4,US12->CS28,0,0,0
4,US12->CS36,0,0,0
4,US12->CS44,0,0,0
4,US12->CS52,0,0,0
4,US12->CS60,0,0,0
4,US13->CS5,0,0,0
4,US13->CS13,0,0,0
4,US13->CS21,0,0,0
4,US13->CS29,0,0,0
4,US13->CS37,0,0,0
4,US13->CS45,0,0,0
4,US13->CS53,0,0,0
4,US13->CS61,0,0,0
4,US14->CS6,0,0,0
4,US14->CS14,0,0,0
4,US14->CS22,0,0,0
4,US14->CS30,0,0,0
4,US14->CS38,0,0,0
4,US14->CS46,0,0,0
4,US14->CS54,0,0,0
4,US14->CS62,0,0,0
4,US15->CS7,0,0,0
4,US15->CS15,0,0,0
4,US15->CS23,0,0,0
4,US15->CS31,0,0,0
4,US15->CS39,0,0,0
4,US15->CS47,0,0,0
4,US15->CS55,0,0,0
4,US15->CS63,0,0,0
4,US16->CS0,0,0,0
4,US16->CS8,0,0,0
4,US16->CS16,0,0,0
4,US16->CS24,0,0,0
4,US16->CS32,0,0,0
4,US16->CS40,0,0,0
4,US16->CS48,0,0,0
4,US16->CS56,0,0,0
4,US17->CS1,0,0,0
4,US17->CS9,0,0,0
4,US17->CS17,0,0,0
4,US17->CS25,0,0,0
4,US17->CS33,0,0,0
4,US17->CS41,0,0,0
4,US17->CS49,0,0,0
4,US17->CS57,0,0,0
4,US18->CS2,0,0,0
4,US18->CS10,0,0,0
4,US18->CS18,0,0,0
4,US18->CS26,0,0,0
4,US18->CS34,0,0,0
4,US18->CS42,0,0,0
4,US18->CS50,0,0,0
4,US18->CS58,0,0,0
4,US19->CS3,0,0,0
4,US19->CS11,0,0,0
4,US19->CS19,0,0,0
4,US19->CS27,0,0,0
4,US19->CS35,0,0,0
4,US19->CS43,0,0,0
4,US19->CS51,0,0,0
4,US19->CS59,0,0,0
4,US20->CS4,0,0,0
4,US20->CS12,0,0,0
4,US20->CS20,0,0,0
4,US20->CS28,0,0,0
4,US20->CS36,0,0,0
4,US20->CS44,0,0,0
4,US20->CS52,0,0,0
4,US20->CS60,0,0,0
4,US21->CS5,0,0,0
4,US21->CS13,0,0,0
4,US21->CS21,0,0,0
4,US21->CS29,0,0,0
4,US21->CS37,0,0,0
4,US21->CS45,0,0,0
4,US21->CS53,0,0,0
4,US21->CS61,0,0,0
4,US22->CS6,0,0,0
4,US22->CS14,0,0,0
4,US22->CS22,0,0,0
4,US22->CS30,0,0,0
4,US22->CS38,0,0,0
4,US22->CS46,0,0,0
4,US22->CS54,0,0,0
4,US22->CS62,0,0,0
4,US23->CS7,0,0,0
4,US23->CS15,0,0,0
4,US23->CS23,0,0,0
4,US23->CS31,0,0,0
4,US23->CS39,0,0,0
4,US23->CS47,0,0,0
4,US23->CS55,0,0,0
4,US23->CS63,0,0,0
4,US24->CS0,0,0,0
4,US24->CS8,0,0,0
4,US24->CS16,0,0,0
4,US24->CS24,0,0,0
4,US24->CS32,0,0,0
4,US24->CS40,0,0,0
4,US24->CS48,0,0,0
4,US24->CS56,0,0,0
4,US25->CS1,0,0,0
4,US25->CS9,0,0,0
4,US25->CS17,0,0,0
4,US25->CS25,0,0,0
4,US25->CS33,0,0,0
4,US25->CS41,0,0,0
4,US25->CS49,0,0,0
4,US25->CS57,0,0,0
4,US26->CS2,0,0,0
4,US26->CS10,0,0,0
4,US26->CS18,0,0,0
4,US26->CS26,0,0,0
4,US26->CS34,0,0,0
4,US26->CS42,0,0,0
4,US26->CS50,0,0,0
4,US26->CS58,0,0,0
4,US27->CS3,0,0,0
4,US27->CS11,0,0,0
4,US27->CS19,0,0,0
4,US27->CS27,0,0,0
4,US27->CS35,0,0,0
4,US27->CS43,0,0,0
4,US27->CS51,0,0,0
4,US27->CS59,0,0,0
4,US28->CS4,0,0,0
4,US28->CS12,0,0,0
4,US28->CS20,0,0,0
4,US28->CS28,0,0,0
4,US28->CS36,0,0,0
4,US28->CS44,0,0,0
4,US28->CS52,0,0,0
4,US28->CS60,0,0,0
4,US29->CS5,0,0,0
4,US29->CS13,0,0,0
4,US29->CS21,0,0,0
4,US29->CS29,0,0,0
4,US29->CS37,0,0,0
4,US29->CS45,0,0,0
4,US29->CS53,0,0,0
4,US29->CS61,0,0,0
4,US30->CS6,0,0,0
4,US30->CS14,0,0,0
4,US30->CS22,0,0,0
4,US30->CS30,0,0,0
4,US30->CS38,0,0,0
4,US30->CS46,0,0,0
4,US30->CS54,0,0,0
4,US30->CS62,0,0,0
4,US31->CS7,0,0,0
4,US31->CS15,0,0,0
4,US31->CS23,0,0,0
4,US31->CS31,0,0,0
4,US31->CS39,0,0,0
4,US31->CS47,0,0,0
4,US31->CS55,0,0,0
4,US31->CS63,0,0,0
4,US32->CS0,0,0,0
4,US32->CS8,0,0,0
4,US32->CS16,0,0,0
4,US32->CS24,0,0,0
4,US32->CS32,0,0,0
4,US32->CS40,0,0,0
4,US32->CS48,0,0,0
4,US32->CS56,0,0,0
4,US33->CS1,0,0,0
4,US33->CS9,0,0,0
4,US33->CS17,0,0,0
4,US33->CS25,0,0,0
4,US33->CS33,0,0,0
4,US33->CS41,0,0,0
4,US33->CS49,0,0,0
4,US33->CS57,0,0,0
4,US34->CS2,0,0,0
4,US34->CS10,0,0,0
4,US34->CS18,0,0,0
4,US34->CS26,0,0,0
4,US34->CS34,0,0,0
4,US34->CS42,0,0,0
4,US34->CS50,0,0,0
4,US34->CS58,0,0,0
4,US35->CS3,0,0,0
4,US35->CS11,0,0,0
4,US35->CS19,0,0,0
4,US35->CS27,0,0,0
4,US35->CS35,0,0,0
4,US35->CS43,0,0,0
4,US35->CS51,0,0,0
4,US35->CS59,0,0,0
4,US36->CS4,0,0,0
4,US36->CS12,0,0,0
4,US36->CS20,0,0,0
4,US36->CS28,0,0,0
4,US36->CS36,0,0,0
4,US36->CS44,0,0,0
4,US36->CS52,0,0,0
4,US36->CS60,0,0,0
4,US37->CS5,0,0,0
4,US37->CS13,0,0,0
4,US37->CS21,0,0,0
4,US37->CS29,0,0,0
4,US37->CS37,0,0,0
4,US37->CS45,0,0,0
4,US37->CS53,0,0,0
4,US37->CS61,0,0,0
4,US38->CS6,0,0,0
4,US38->CS14,0,0,0
4,US38->CS22,0,0,0
4,US38->CS30,0,0,0
4,US38->CS38,0,0,0
4,US38->CS46,0,0,0
4,US38->CS54,0,0,0
4,US38->CS62,0,0,0
4,US39->CS7,0,0,0
4,US39->CS15,0,0,0
4,US39->CS23,0,0,0
4,US39->CS31,0,0,0
4,US39->CS39,0,0,0
4,US39->CS47,0,0,0
4,US39->CS55,0,0,0
4,US39->CS63,0,0,0
4,US40->CS0,53081,53081,0
4,US40->CS8,53285,53285,0
4,US40->CS16,52928,52928,0
4,US40->CS24,53401,53401,0
4,US40->CS32,53105,53105,0
4,US40->CS40,53433,53433,0
4,US40->CS48,53154,53154,0
4,US40->CS56,53217,53217,0
4,US41->CS1,53255,53255,0
4,US41->CS9,53678,53678,0
4,US41->CS17,52931,52931,0
4,US41->CS25,53094,53094,0
4,US41->CS33,53199,53199,0
4,US41->CS41,53213,53213,0
4,US41->CS49,52324,52324,0
4,US41->CS57,53389,53389,0
4,US42->CS2,53014,53014,0
4,US42->CS10,52935,52935,0
4,US42->CS18,52893,52893,0
4,US42->CS26,53034,53034,0
4,US42->CS34,53134,53134,0
4,US42->CS42,53251,53251,0
4,US42->CS50,53438,53438,0
4,US42->CS58,53103,53103,0
4,US43->CS3,53078,53078,0
4,US43->CS11,53248,53248,0
4,US43->CS19,53111,53111,0
4,US43->CS27,52979,52979,0
4,US43->CS35,53065,53065,0
4,US43->CS43,53054,53054,0
4,US43->CS51,52994,52994,0
4,US43->CS59,52986,52986,0
4,US44->CS4,53145,53145,0
4,US44->CS12,52854,52854,0
4,US44->CS20,53290,53290,0
4,US44->CS28,53444,53444,0
4,US44->CS36,52795,52795,0
4,US44->CS44,53139,53139,0
4,US44->CS52,53182,53182,0
4,US44->CS60,53032,53032,0
4,US45->CS5,53305,53305,0
4,US45->CS13,52896,52896,0
4,US45->CS21,53383,53383,0
4,US45->CS29,52942,52942,0
4,US45->CS37,52737,52737,0
4,US45->CS45,53204,53204,0
4,US45->CS53,53239,53239,0
4,US45->CS61,52942,52942,0
4,US46->CS6,53188,53188,0
4,US46->CS14,53229,53229,0
4,US46->CS22,53204,53204,0
4,US46->CS30,53250,53250,0
4,US46->CS38,52919,52919,0
4,US46->CS46,53388,53388,0
4,US46->CS54,53540,53540,0
4,US46->CS62,53421,53421,0
4,US47->CS7,53048,53048,0
4,US47->CS15,53013,53013,0
4,US47->CS23,53231,53231,0
4,US47->CS31,53571,53571,0
4,US47->CS39,53275,53275,0
4,US47->CS47,53188,53188,0
4,US47->CS55,53551,53551,0
4,US47->CS63,53306,53306,0
4,US48->CS0,51441,51441,0
4,US48->CS8,51377,51377,0
4,US48->CS16,51173,51173,0
4,US48->CS24,51830,51830,0
4,US48->CS32,51654,51654,0
4,US48->CS40,51680,51680,0
4,US48->CS48,51672,51672,0
4,US48->CS56,51714,51714,0
4,US49->CS1,51384,51384,0
4,US49->CS9,51956,51956,0
4,US49->CS17,51757,51757,0
4,US49->CS25,51443,51443,0
4,US49->CS33,51780,51780,0
4,US49->CS41,51833,51833,0
4,US49->CS49,51703,51703,0
4,US49->CS57,51439,51439,0
4,US50->CS2,51652,51652,0
4,US50->CS10,51194,51194,0
4,US50->CS18,51409,51409,0
4,US50->CS26,51749,51749,0
4,US50->CS34,51768,51768,0
4,US50->CS42,51420,51420,0
4,US50->CS50,51865,51865,0
4,US50->CS58,51657,51657,0
4,US51->CS3,51515,51515,0
4,US51->CS11,51492,51492,0
4,US51->CS19,51263,51263,0
4,US51->CS27,51747,51747,0
4,US51->CS35,51701,51701,0
4,US51->CS43,51308,51308,0
4,US51->CS51,52015,52015,0
4,US51->CS59,51328,51328,0
4,US52->CS4,51876,51876,0
4,US52->CS12,52045,52045,0
4,US52->CS20,51479,51479,0
4,US52->CS28,51662,51662,0
4,US52->CS36,51826,51826,0
4,US52->CS44,51318,51318,0
4,US52->CS52,51856,51856,0
4,US52->CS60,51370,51370,0
4,US53->CS5,51542,51542,0
4,US53->CS13,51787,51787,0
4,US53->CS21,51591,51591,0
4,US53->CS29,51388,51388,0
4,US53->CS37,51915,51915,0
4,US53->CS45,51374,51374,0
4,US53->CS53,52108,52108,0
4,US53->CS61,51813,51813,0
4,US54->CS6,51923,51923,0
4,US54->CS14,51673,51673,0
4,US54->CS22,51788,51788,0
4,US54->CS30,51567,51567,0
4,US54->CS38,51512,51512,0
4,US54->CS46,51460,51460,0
4,US54->CS54,51603,51603,0
4,US54->CS62,51357,51357,0
4,US55->CS7,51682,51682,0
4,US55->CS15,52096,52096,0
4,US55->CS23,51714,51714,0
4,US55->CS31,51292,51292,0
4,US55->CS39,51553,51553,0
4,US55->CS47,51408,51408,0
4,US55->CS55,51505,51505,0
4,US55->CS63,52146,52146,0
4,US56->CS0,0,0,0
4,US56->CS8,0,0,0
4,US56->CS16,0,0,0
4,US56->CS24,0,0,0
4,US56->CS32,0,0,0
4,US56->CS40,0,0,0
4,US56->CS48,0,0,0
4,US56->CS56,0,0,0
4,US57->CS1,0,0,0
4,US57->CS9,0,0,0
4,US57->CS17,0,0,0
4,US57->CS25,0,0,0
4,US57->CS33,0,0,0
4,US57->CS41,0,0,0
4,US57->CS49,0,0,0
4,US57->CS57,0,0,0
4,US58->CS2,0,0,0
4,US58->CS10,0,0,0
4,US58->CS18,0,0,0
4,US58->CS26,0,0,0
4,US58->CS34,0,0,0
4,US58->CS42,0,0,0
4,US58->CS50,0,0,0
4,US58->CS58,0,0,0
4,US59->CS3,0,0,0
4,US59->CS11,0,0,0
4,US59->CS19,0,0,0
4,US59->CS27,0,0,0
4,US59->CS35,0,0,0
4,US59->CS43,0,0,0
4,US59->CS51,0,0,0
4,US59->CS59,0,0,0
4,US60->CS4,0,0,0
4,US60->CS12,0,0,0
4,US60->CS20,0,0,0
4,US60->CS28,0,0,0
4,US60->CS36,0,0,0
4,US60->CS44,0,0,0
4,US60->CS52,0,0,0
4,US60->CS60,0,0,0
4,US61->CS5,0,0,0
4,US61->CS13,0,0,0
4,US61->CS21,0,0,0
4,US61->CS29,0,0,0
4,US61->CS37,0,0,0
4,US61->CS45,0,0,0
4,US61->CS53,0,0,0
4,US61->CS61,0,0,0
4,US62->CS6,0,0,0
4,US62->CS14,0,0,0
4,US62->CS22,0,0,0
4,US62->CS30,0,0,0
4,US62->CS38,0,0,0
4,US62->CS46,0,0,0
4,US62->CS54,0,0,0
4,US62->CS62,0,0,0
4,US63->CS7,0,0,0
4,US63->CS15,0,0,0
4,US63->CS23,0,0,0
4,US63->CS31,0,0,0
4,US63->CS39,0,0,0
4,US63->CS47,0,0,0
4,US63->CS55,0,0,0
4,US63->CS63,0,0,0
4,US64->CS0,0,0,0
4,US64->CS8,0,0,0
4,US64->CS16,0,0,0
4,US64->CS24,0,0,0
4,US64->CS32,0,0,0
4,US64->CS40,0,0,0
4,US64->CS48,0,0,0
4,US64->CS56,0,0,0
4,US65->CS1,0,0,0
4,US65->CS9,0,0,0
4,US65->CS17,0,0,0
4,US65->CS25,0,0,0
4,US65->CS33,0,0,0
4,US65->CS41,0,0,0
4,US65->CS49,0,0,0
4,US65->CS57,0,0,0
4,US66->CS2,0,0,0
4,US66->CS10,0,0,0
4,US66->CS18,0,0,0
4,US66->CS26,0,0,0
4,US66->CS34,0,0,0
4,US66->CS42,0,0,0
4,US66->CS50,0,0,0
4,US66->CS58,0,0,0
4,US67->CS3,0,0,0
4,US67->CS11,0,0,0
4,US67->CS19,0,0,0
4,US67->CS27,0,0,0
4,US67->CS35,0,0,0
4,US67->CS43,0,0,0
4,US67->CS51,0,0,0
4,US67->CS59,0,0,0
4,US68->CS4,0,0,0
4,US68->CS12,0,0,0
4,US68->CS20,0,0,0
4,US68->CS28,0,0,0
4,US68->CS36,0,0,0
4,US68->CS44,0,0,0
4,US68->CS52,0,0,0
4,US68->CS60,0,0,0
4,US69->CS5,0,0,0
4,US69->CS13,0,0,0
4,US69->CS21,0,0,0
4,US69->CS29,0,0,0
4,US69->CS37,0,0,0
4,US69->CS45,0,0,0
4,US69->CS53,0,0,0
4,US69->CS61,0,0,0
4,US70->CS6,0,0,0
4,US70->CS14,0,0,0
4,US70->CS22,0,0,0
4,US70->CS30,0,0,0
4,US70->CS38,0,0,0
4,US70->CS46,0,0,0
4,US70->CS54,0,0,0
4,US70->CS62,0,0,0
4,US71->CS7,0,0,0
4,US71->CS15,0,0,0
4,US71->CS23,0,0,0
4,US71->CS31,0,0,0
4,US71->CS39,0,0,0
4,US71->CS47,0,0,0
4,US71->CS55,0,0,0
4,US71->CS63,0,0,0
4,US72->CS0,41594,41594,0
4,US72->CS8,42006,42006,0
4,US72->CS16,41321,41321,0
4,US72->CS24,41648,41647,0
4,US72->CS32,41820,41819,0
4,US72->CS40,41382,41382,0
4,US72->CS48,41542,41542,0
4,US72->CS56,41229,41229,0
4,US73->CS1,41575,41574,0
4,US73->CS9,41521,41520,0
4,US73->CS17,41636,41636,0
4,US73->CS25,41633,41632,0
4,US73->CS33,41413,41413,0
4,US73->CS41,41907,41907,0
4,US73->CS49,41635,41635,0
4,US73->CS57,41773,41773,0
4,US74->CS2,41322,41321,0
4,US74->CS10,41728,41728,0
4,US74->CS18,41755,41755,0
4,US74->CS26,41456,41455,0
4,US74->CS34,41777,41776,0
4,US74->CS42,41397,41397,0
4,US74->CS50,41873,41873,0
4,US74->CS58,41634,41634,0
4,US75->CS3,41445,41445,0
4,US75->CS11,41773,41772,0
4,US75->CS19,41583,41583,0
4,US75->CS27,41334,41332,0
4,US75->CS35,41489,41489,0
4,US75->CS43,41407,41404,0
4,US75->CS51,41667,41667,0
4,US75->CS59,41204,41203,0
4,US76->CS4,41589,41588,0
4,US76->CS12,41757,41757,0
4,US76->CS20,41648,41647,0
4,US76->CS28,41566,41565,0
4,US76->CS36,41530,41530,0
4,US76->CS44,41352,41351,0
4,US76->CS52,41418,41418,0
4,US76->CS60,41607,41607,0
4,US77->CS5,41759,41759,0
4,US77->CS13,41240,41239,0
4,US77->CS21,41047,41046,0
4,US77->CS29,41233,41233,0
4,US77->CS37,41630,41629,0
4,US77->CS45,41731,41731,0
4,US77->CS53,41192,41192,0
4,US77->CS61,41389,41388,0
4,US78->CS6,41737,41737,0
4,US78->CS14,41163,41162,0
4,US78->CS22,41679,41679,0
4,US78->CS30,41464,41463,0
4,US78->CS38,41333,41333,0
4,US78->CS46,41607,41607,0
4,US78->CS54,41517,41517,0
4,US78->CS62,41405,41404,0
4,US79->CS7,41684,41683,0
4,US79->CS15,41813,41812,0
4,US79->CS23,41589,41589,0
4,US79->CS31,41426,41425,0
4,US79->CS39,41406,41405,0
4,US79->CS47,41036,41036,0
4,US79->CS55,41598,41597,0
4,US79->CS63,41568,41568,0
4,US80->CS0,0,0,0
4,US80->CS8,0,0,0
4,US80->CS16,0,0,0
4,US80->CS24,0,0,0
4,US80->CS32,0,0,0
4,US80->CS40,0,0,0
4,US80->CS48,0,0,0
4,US80->CS56,0,0,0
4,US81->CS1,0,0,0
4,US81->CS9,0,0,0
4,US81->CS17,0,0,0
4,US81->CS25,0,0,0
4,US81->CS33,0,0,0
4,US81->CS41,0,0,0
4,US81->CS49,0,0,0
4,US81->CS57,0,0,0
4,US82->CS2,0,0,0
4,US82->CS10,0,0,0
4,US82->CS18,0,0,0
4,US82->CS26,0,0,0
4,US82->CS34,0,0,0
4,US82->CS42,0,0,0
4,US82->CS50,0,0,0
4,US82->CS58,0,0,0
4,US83->CS3,0,0,0
4,US83->CS11,0,0,0
4,US83->CS19,0,0,0
4,US83->CS27,0,0,0
4,US83->CS35,0,0,0
4,US83->CS43,0,0,0
4,US83->CS51,0,0,0
4,US83->CS59,0,0,0
4,US84->CS4,0,0,0
4,US84->CS12,0,0,0
4,US84->CS20,0,0,0
4,US84->CS28,0,0,0
4,US84->CS36,0,0,0
4,US84->CS44,0,0,0
4,US84->CS52,0,0,0
4,US84->CS60,0,0,0
4,US85->CS5,0,0,0
4,US85->CS13,0,0,0
4,US85->CS21,0,0,0
4,US85->CS29,0,0,0
4,US85->CS37,0,0,0
4,US85->CS45,0,0,0
4,US85->CS53,0,0,0
4,US85->CS61,0,0,0
4,US86->CS6,0,0,0
4,US86->CS14,0,0,0
4,US86->CS22,0,0,0
4,US86->CS30,0,0,0
4,US86->CS38,0,0,0
4,US86->CS46,0,0,0
4,US86->CS54,0,0,0
4,US86->CS62,0,0,0
4,US87->CS7,0,0,0
4,US87->CS15,0,0,0
4,US87->CS23,0,0,0
4,US87->CS31,0,0,0
4,US87->CS39,0,0,0
4,US87->CS47,0,0,0
4,US87->CS55,0,0,0
4,US87->CS63,0,0,0
4,US88->CS0,41049,41049,0
4,US88->CS8,41163,41163,0
4,US88->CS16,41248,41247,0
4,US88->CS24,41427,41427,0
4,US88->CS32,41166,41166,0
4,US88->CS40,41140,41140,0
4,US88->CS48,41236,41236,0
4,US88->CS56,41406,41406,0
4,US89->CS1,41195,41194,0
4,US89->CS9,41363,41363,0
4,US89->CS17,41206,41205,0
4,US89->CS25,41363,41362,0
4,US89->CS33,41395,41395,0
4,US89->CS41,41307,41307,0
4,US89->CS49,41461,41460,0
4,US89->CS57,41126,41126,0
4,US90->CS2,41359,41359,0
4,US90->CS10,41150,41150,0
4,US90->CS18,41314,41313,0
4,US90->CS26,40695,40695,0
4,US90->CS34,41194,41192,0
4,US90->CS42,40862,40861,0
4,US90->CS50,41319,41318,0
4,US90->CS58,41580,41580,0
4,US91->CS3,41227,41227,0
4,US91->CS11,41206,41205,0
4,US91->CS19,41040,41040,0
4,US91->CS27,40913,40912,0
4,US91->CS35,41267,41265,0
4,US91->CS43,41076,41076,0
4,US91->CS51,41195,41195,0
4,US91->CS59,41191,41190,0
4,US92->CS4,40880,40879,0
4,US92->CS12,41537,41536,0
4,US92->CS20,41617,41615,0
4,US92->CS28,41186,41186,0
4,US92->CS36,41217,41217,0
4,US92->CS44,41134,41134,0
4,US92->CS52,41309,41309,0
4,US92->CS60,41283,41282,0
4,US93->CS5,41372,41371,0
4,US93->CS13,41190,41190,0
4,US93->CS21,41305,41305,0
4,US93->CS29,41238,41237,0
4,US93->CS37,41232,41231,0
4,US93->CS45,41091,41091,0
4,US93->CS53,41097,41097,0
4,US93->CS61,41419,41419,0
4,US94->CS6,41423,41422,0
4,US94->CS14,40939,40939,0
4,US94->CS22,41345,41345,0
4,US94->CS30,41067,41067,0
4,US94->CS38,41332,41330,0
4,US94->CS46,41215,41215,0
4,US94->CS54,41292,41291,0
4,US94->CS62,41051,41051,0
4,US95->CS7,41292,41292,0
4,US95->CS15,41032,41032,0
4,US95->CS23,41305,41304,0
4,US95->CS31,41164,41163,0
4,US95->CS39,41400,41399,0
4,US95->CS47,41223,41223,0
4,US95->CS55,41098,41098,0
4,US95->CS63,41135,41135,0
4,US96->CS0,0,0,0
4,US96->CS8,0,0,0
4,US96->CS16,0,0,0
4,US96->CS24,0,0,0
4,US96->CS32,0,0,0
4,US96->CS40,0,0,0
4,US96->CS48,0,0,0
4,US96->CS56,0,0,0
4,US97->CS1,0,0,0
4,US97->CS9,0,0,0
4,US97->CS17,0,0,0
4,US97->CS25,0,0,0
4,US97->CS33,0,0,0
4,US97->CS41,0,0,0
4,US97->CS49,0,0,0
4,US97->CS57,0,0,0
4,US98->CS2,0,0,0
4,US98->CS10,0,0,0
4,US98->CS18,0,0,0
4,US98->CS26,0,0,0
4,US98->CS34,0,0,0
4,US98->CS42,0,0,0
4,US98->CS50,0,0,0
4,US98->CS58,0,0,0
4,US99->CS3,0,0,0
4,US99->CS11,0,0,0
4,US99->CS19,0,0,0
4,US99->CS27,0,0,0
4,US99->CS35,0,0,0
4,US99->CS43,0,0,0
4,US99->CS51,0,0,0
4,US99->CS59,0,0,0
4,US100->CS4,0,0,0
4,US100->CS12,0,0,0
4,US100->CS20,0,0,0
4,US100->CS28,0,0,0
4,US100->CS36,0,0,0
4,US100->CS44,0,0,0
4,US100->CS52,0,0,0
4,US100->CS60,0,0,0
4,US101->CS5,0,0,0
4,US101->CS13,0,0,0
4,US101->CS21,0,0,0
4,US101->CS29,0,0,0
4,US101->CS37,0,0,0
4,US101->CS45,0,0,0
4,US101->CS53,0,0,0
4,US101->CS61,0,0,0
4,US102->CS6,0,0,0
4,US102->CS14,0,0,0
4,US102->CS22,0,0,0
4,US102->CS30,0,0,0
4,US102->CS38,0,0,0
4,US102->CS46,0,0,0
4,US102->CS54,0,0,0
4,US102->CS62,0,0,0
4,US103->CS7,0,0,0
4,US103->CS15,0,0,0
4,US103->CS23,0,0,0
4,US103->CS31,0,0,0
4,US103->CS39,0,0,0
4,US103->CS47,0,0,0
4,US103->CS55,0,0,0
4,US103->CS63,0,0,0
4,US104->CS0,0,0,0
4,US104->CS8,0,0,0
4,US104->CS16,0,0,0
4,US104->CS24,0,0,0
4,US104->CS32,0,0,0
4,US104->CS40,0,0,0
4,US104->CS48,0,0,0
4,US104->CS56,0,0,0
4,US105->CS1,0,0,0
4,US105->CS9,0,0,0
4,US105->CS17,0,0,0
4,US105->CS25,0,0,0
4,US105->CS33,0,0,0
4,US105->CS41,0,0,0
4,US105->CS49,0,0,0
4,US105->CS57,0,0,0
4,US106->CS2,0,0,0
4,US106->CS10,0,0,0
4,US106->CS18,0,0,0
4,US106->CS26,0,0,0
4,US106->CS34,0,0,0
4,US106->CS42,0,0,0
4,US106->CS50,0,0,0
4,US106->CS58,0,0,0
4,US107->CS3,0,0,0
4,US107->CS11,0,0,0
4,US107->CS19,0,0,0
4,US107->CS27,0,0,0
4,US107->CS35,0,0,0
4,US107->CS43,0,0,0
4,US107->CS51,0,0,0
4,US107->CS59,0,0,0
4,US108->CS4,0,0,0
4,US108->CS12,0,0,0
4,US108->CS20,0,0,0
4,US108->CS28,0,0,0
4,US108->CS36,0,0,0
4,US108->CS44,0,0,0
4,US108->CS52,0,0,0
4,US108->CS60,0,0,0
4,US109->CS5,0,0,0
4,US109->CS13,0,0,0
4,US109->CS21,0,0,0
4,US109->CS29,0,0,0
4,US109->CS37,0,0,0
4,US109->CS45,0,0,0
4,US109->CS53,0,0,0
4,US109->CS61,0,0,0
4,US110->CS6,0,0,0
4,US110->CS14,0,0,0
4,US110->CS22,0,0,0
4,US110->CS30,0,0,0
4,US110->CS38,0,0,0
4,US110->CS46,0,0,0
4,US110->CS54,0,0,0
4,US110->CS62,0,0,0
4,US111->CS7,0,0,0
4,US111->CS15,0,0,0
4,US111->CS23,0,0,0
4,US111->CS31,0,0,0
4,US111->CS39,0,0,0
4,US111->CS47,0,0,0
4,US111->CS55,0,0,0
4,US111->CS63,0,0,0
4,US112->CS0,53660,53660,0
4,US112->CS8,53642,53642,0
4,US112->CS16,53597,53597,0
4,US112->CS24,53767,53767,0
4,US112->CS32,53759,53759,0
4,US112->CS40,53797,53797,0
4,US112->CS48,53738,53738,0
4,US112->CS56,53385,53385,0
4,US113->CS1,53696,53696,0
4,US113->CS9,53465,53465,0
4,US113->CS17,53633,53633,0
4,US113->CS25,53739,53739,0
4,US113->CS33,53647,53647,0
4,US113->CS41,53264,53264,0
4,US113->CS49,53712,53712,0
4,US113->CS57,53281,53281,0
4,US114->CS2,53660,53660,0
4,US114->CS10,53509,53509,0
4,US114->CS18,53688,53688,0
4,US114->CS26,53527,53527,0
4,US114->CS34,53578,53578,0
4,US114->CS42,53496,53496,0
4,US114->CS50,53870,53870,0
4,US114->CS58,53841,53841,0
4,US115->CS3,54254,54254,0
4,US115->CS11,54014,54014,0
4,US115->CS19,53620,53620,0
4,US115->CS27,53479,53479,0
4,US115->CS35,53504,53504,0
4,US115->CS43,53646,53646,0
4,US115->CS51,53590,53590,0
4,US115->CS59,53856,53856,0
4,US116->CS4,53633,53633,0
4,US116->CS12,53413,53413,0
4,US116->CS20,53502,53502,0
4,US116->CS28,53866,53866,0
4,US116->CS36,53569,53569,0
4,US116->CS44,53596,53596,0
4,US116->CS52,53907,53907,0
4,US116->CS60,53650,53650,0
4,US117->CS5,53562,53562,0
4,US117->CS13,53294,53294,0
4,US117->CS21,54038,54038,0
4,US117->CS29,54026,54026,0
4,US117->CS37,53599,53599,0
4,US117->CS45,53833,53833,0
4,US117->CS53,53888,53888,0
4,US117->CS61,53300,53300,0
4,US118->CS6,54245,54245,0
4,US118->CS14,53513,53513,0
4,US118->CS22,53709,53709,0
4,US118->CS30,53541,53541,0
4,US118->CS38,53962,53962,0
4,US118->CS46,53754,53754,0
4,US118->CS54,53765,53765,0
4,US118->CS62,53522,53522,0
4,US119->CS7,53497,53497,0
4,US119->CS15,53535,53535,0
4,US119->CS23,53611,53611,0
4,US119->CS31,53416,53416,0
4,US119->CS39,53773,53773,0
4,US119->CS47,53663,53663,0
4,US119->CS55,53730,53730,0
4,US119->CS63,53716,53716,0
4,US120->CS0,0,0,0
4,US120->CS8,0,0,0
4,US120->CS16,0,0,0
4,US120->CS24,0,0,0
4,US120->CS32,0,0,0
4,US120->CS40,0,0,0
4,US120->CS48,0,0,0
4,US120->CS56,0,0,0
4,US121->CS1,0,0,0
4,US121->CS9,0,0,0
4,US121->CS17,0,0,0
4,US121->CS25,0,0,0
4,US121->CS33,0,0,0
4,US121->CS41,0,0,0
4,US121->CS49,0,0,0
4,US121->CS57,0,0,0
4,US122->CS2,0,0,0
4,US122->CS10,0,0,0
4,US122->CS18,0,0,0
4,US122->CS26,0,0,0
4,US122->CS34,0,0,0
4,US122->CS42,0,0,0
4,US122->CS50,0,0,0
4,US122->CS58,0,0,0
4,US123->CS3,0,0,0
4,US123->CS11,0,0,0
4,US123->CS19,0,0,0
4,US123->CS27,0,0,0
4,US123->CS35,0,0,0
4,US123->CS43,0,0,0
4,US123->CS51,0,0,0
4,US123->CS59,0,0,0
4,US124->CS4,0,0,0
4,US124->CS12,0,0,0
4,US124->CS20,0,0,0
4,US124->CS28,0,0,0
4,US124->CS36,0,0,0
4,US124->CS44,0,0,0
4,US124->CS52,0,0,0
4,US124->CS60,0,0,0
4,US125->CS5,0,0,0
4,US125->CS13,0,0,0
4,US125->CS21,0,0,0
4,US125->CS29,0,0,0
4,US125->CS37,0,0,0
4,US125->CS45,0,0,0
4,US125->CS53,0,0,0
4,US125->CS61,0,0,0
4,US126->CS6,0,0,0
4,US126->CS14,0,0,0
4,US126->CS22,0,0,0
4,US126->CS30,0,0,0
4,US126->CS38,0,0,0
4,US126->CS46,0,0,0
4,US126->CS54,0,0,0
4,US126->CS62,0,0,0
4,US127->CS7,0,0,0
4,US127->CS15,0,0,0
4,US127->CS23,0,0,0
4,US127->CS31,0,0,0
4,US127->CS39,0,0,0
4,US127->CS47,0,0,0
4,US127->CS55,0,0,0
4,US127->CS63,0,0,0
4,CS0->US0,51235,51235,0
4,CS0->US8,0,0,0
4,CS0->US16,0,0,0
4,CS0->US24,0,0,0
4,CS0->US32,0,0,0
4,CS0->US40,53785,53785,0
4,CS0->US48,51622,51622,0
4,CS0->US56,0,0,0
4,CS0->US64,0,0,0
4,CS0->US72,41117,41117,0
4,CS0->US80,0,0,0
4,CS0->US88,41675,41673,0
4,CS0->US96,0,0,0
4,CS0->US104,0,0,0
4,CS0->US112,53202,53202,0
4,CS0->US120,0,0,0
4,CS1->US1,51185,51185,0
4,CS1->US9,0,0,0
4,CS1->US17,0,0,0
4,CS1->US25,0,0,0
4,CS1->US33,0,0,0
4,CS1->US41,53841,53841,0
4,CS1->US49,51427,51427,0
4,CS1->US57,0,0,0
4,CS1->US65,0,0,0
4,CS1->US73,41207,41207,0
4,CS1->US81,0,0,0
4,CS1->US89,41628,41628,0
4,CS1->US97,0,0,0
4,CS1->US105,0,0,0
4,CS1->US113,53483,53483,0
4,CS1->US121,0,0,0
4,CS2->US2,51431,51431,0
4,CS2->US10,0,0,0
4,CS2->US18,0,0,0
4,CS2->US26,0,0,0
4,CS2->US34,0,0,0
4,CS2->US42,53807,53807,0
4,CS2->US50,51157,51157,0
4,CS2->US58,0,0,0
4,CS2->US66,0,0,0
4,CS2->US74,41401,41401,0
4,CS2->US82,0,0,0
4,CS2->US90,41395,41394,0
4,CS2->US98,0,0,0
4,CS2->US106,0,0,0
4,CS2->US114,53167,53167,0
4,CS2->US122,0,0,0
4,CS3->US3,51320,51320,0
4,CS3->US11,0,0,0
4,CS3->US19,0,0,0
4,CS3->US27,0,0,0
4,CS3->US35,0,0,0
4,CS3->US43,54380,54380,0
4,CS3->US51,51239,51239,0
4,CS3->US59,0,0,0
4,CS3->US67,0,0,0
4,CS3->US75,41275,41274,0
4,CS3->US83,0,0,0
4,CS3->US91,41514,41514,0
4,CS3->US99,0,0,0
4,CS3->US107,0,0,0
4,CS3->US115,53208,53208,0
4,CS3->US123,0,0,0
4,CS4->US4,51677,51677,0
4,CS4->US12,0,0,0
4,CS4->US20,0,0,0
4,CS4->US28,0,0,0
4,CS4->US36,0,0,0
4,CS4->US44,53765,53765,0
4,CS4->US52,51107,51107,0
4,CS4->US60,0,0,0
4,CS4->US68,0,0,0
4,CS4->US76,40899,40898,0
4,CS4->US84,0,0,0
4,CS4->US92,41655,41655,0
4,CS4->US100,0,0,0
4,CS4->US108,0,0,0
4,CS4->US116,53316,53316,0
4,CS4->US124,0,0,0
4,CS5->US5,51344,51344,0
4,CS5->US13,0,0,0
4,CS5->US21,0,0,0
4,CS5->US29,0,0,0
4,CS5->US37,0,0,0
4,CS5->US45,53684,53684,0
4,CS5->US53,51555,51555,0
4,CS5->US61,0,0,0
4,CS5->US69,0,0,0
4,CS5->US77,41408,41407,0
4,CS5->US85,0,0,0
4,CS5->US93,41835,41835,0
4,CS5->US101,0,0,0
4,CS5->US109,0,0,0
4,CS5->US117,53451,53451,0
4,CS5->US125,0,0,0
4,CS6->US6,51743,51743,0
4,CS6->US14,0,0,0
4,CS6->US22,0,0,0
4,CS6->US30,0,0,0
4,CS6->US38,0,0,0
4,CS6->US46,54367,54367,0
4,CS6->US54,51558,51558,0
4,CS6->US62,0,0,0
4,CS6->US70,0,0,0
4,CS6->US78,41477,41477,0
4,CS6->US86,0,0,0
4,CS6->US94,41795,41795,0
4,CS6->US102,0,0,0
4,CS6->US110,0,0,0
4,CS6->US118,53306,53306,0
4,CS6->US126,0,0,0
4,CS7->US7,51512,51512,0
4,CS7->US15,0,0,0
4,CS7->US23,0,0,0
4,CS7->US31,0,0,0
4,CS7->US39,0,0,0
4,CS7->US47,53595,53595,0
4,CS7->US55,51656,51656,0
4,CS7->US63,0,0,0
4,CS7->US71,0,0,0
4,CS7->US79,41325,41323,0
4,CS7->US87,0,0,0
4,CS7->US95,41755,41755,0
4,CS7->US103,0,0,0
4,CS7->US111,0,0,0
4,CS7->US119,53231,53231,0
4,CS7->US127,0,0,0
4,CS8->US0,51178,51178,0
4,CS8->US8,0,0,0
4,CS8->US16,0,0,0
4,CS8->US24,0,0,0
4,CS8->US32,0,0,0
4,CS8->US40,53729,53729,0
4,CS8->US48,51421,51421,0
4,CS8->US56,0,0,0
4,CS8->US64,0,0,0
4,CS8->US72,41187,41187,0
4,CS8->US80,0,0,0
4,CS8->US88,42118,42118,0
4,CS8->US96,0,0,0
4,CS8->US104,0,0,0
4,CS8->US112,53455,53455,0
4,CS8->US120,0,0,0
4,CS9->US1,51769,51769,0
4,CS9->US9,0,0,0
4,CS9->US17,0,0,0
4,CS9->US25,0,0,0
4,CS9->US33,0,0,0
4,CS9->US41,53559,53559,0
4,CS9->US49,51636,51636,0
4,CS9->US57,0,0,0
4,CS9->US65,0,0,0
4,CS9->US73,41409,41409,0
4,CS9->US81,0,0,0
4,CS9->US89,41613,41613,0
4,CS9->US97,0,0,0
4,CS9->US105,0,0,0
4,CS9->US113,53819,53819,0
4,CS9->US121,0,0,0
4,CS10->US2,51038,51038,0
4,CS10->US10,0,0,0
4,CS10->US18,0,0,0
4,CS10->US26,0,0,0
4,CS10->US34,0,0,0
4,CS10->US42,53598,53598,0
4,CS10->US50,51126,51126,0
4,CS10->US58,0,0,0
4,CS10->US66,0,0,0
4,CS10->US74,41162,41161,0
4,CS10->US82,0,0,0
4,CS10->US90,41795,41795,0
4,CS10->US98,0,0,0
4,CS10->US106,0,0,0
4,CS10->US114,53140,53140,0
4,CS10->US122,0,0,0
4,CS11->US3,51312,51312,0
4,CS11->US11,0,0,0
4,CS11->US19,0,0,0
4,CS11->US27,0,0,0
4,CS11->US35,0,0,0
4,CS11->US43,54118,54118,0
4,CS11->US51,51628,51628,0
4,CS11->US59,0,0,0
4,CS11->US67,0,0,0
4,CS11->US75,41267,41265,0
4,CS11->US83,0,0,0
4,CS11->US91,41848,41847,0
4,CS11->US99,0,0,0
4,CS11->US107,0,0,0
4,CS11->US115,53364,53364,0
4,CS11->US123,0,0,0
4,CS12->US4,51841,51841,0
4,CS12->US12,0,0,0
4,CS12->US20,0,0,0
4,CS12->US28,0,0,0
4,CS12->US36,0,0,0
4,CS12->US44,53554,53554,0
4,CS12->US52,51766,51766,0
4,CS12->US60,0,0,0
4,CS12->US68,0,0,0
4,CS12->US76,41557,41555,0
4,CS12->US84,0,0,0
4,CS12->US92,41820,41820,0
4,CS12->US100,0,0,0
4,CS12->US108,0,0,0
4,CS12->US116,52992,52992,0
4,CS12->US124,0,0,0
4,CS13->US5,51611,51611,0
4,CS13->US13,0,0,0
4,CS13->US21,0,0,0
4,CS13->US29,0,0,0
4,CS13->US37,0,0,0
4,CS13->US45,53391,53391,0
4,CS13->US53,51746,51746,0
4,CS13->US61,0,0,0
4,CS13->US69,0,0,0
4,CS13->US77,41237,41237,0
4,CS13->US85,0,0,0
4,CS13->US93,41318,41315,0
4,CS13->US101,0,0,0
4,CS13->US109,0,0,0
4,CS13->US117,53061,53061,0
4,CS13->US125,0,0,0
4,CS14->US6,51539,51539,0
4,CS14->US14,0,0,0
4,CS14->US22,0,0,0
4,CS14->US30,0,0,0
4,CS14->US38,0,0,0
4,CS14->US46,53537,53537,0
4,CS14->US54,51780,51780,0
4,CS14->US62,0,0,0
4,CS14->US70,0,0,0
4,CS14->US78,41019,41019,0
4,CS14->US86,0,0,0
4,CS14->US94,41272,41272,0
4,CS14->US102,0,0,0
4,CS14->US110,0,0,0
4,CS14->US118,53305,53305,0
4,CS14->US126,0,0,0
4,CS15->US7,51931,51931,0
4,CS15->US15,0,0,0
4,CS15->US23,0,0,0
4,CS15->US31,0,0,0
4,CS15->US39,0,0,0
4,CS15->US47,53653,53653,0
4,CS15->US55,51393,51393,0
4,CS15->US63,0,0,0
4,CS15->US71,0,0,0
4,CS15->US79,41063,41063,0
4,CS15->US87,0,0,0
4,CS15->US95,41859,41859,0
4,CS15->US103,0,0,0
4,CS15->US111,0,0,0
4,CS15->US119,53210,53210,0
4,CS15->US127,0,0,0
4,CS16->US0,50966,50966,0
4,CS16->US8,0,0,0
4,CS16->US16,0,0,0
4,CS16->US24,0,0,0
4,CS16->US32,0,0,0
4,CS16->US40,53697,53697,0
4,CS16->US48,51365,51365,0
4,CS16->US56,0,0,0
4,CS16->US64,0,0,0
4,CS16->US72,41297,41296,0
4,CS16->US80,0,0,0
4,CS16->US88,41428,41428,0
4,CS16->US96,0,0,0
4,CS16->US104,0,0,0
4,CS16->US112,53081,53081,0
4,CS16->US120,0,0,0
4,CS17->US1,51592,51592,0
4,CS17->US9,0,0,0
4,CS17->US17,0,0,0
4,CS17->US25,0,0,0
4,CS17->US33,0,0,0
4,CS17->US41,53794,53794,0
4,CS17->US49,51438,51438,0
4,CS17->US57,0,0,0
4,CS17->US65,0,0,0
4,CS17->US73,41259,41258,0
4,CS17->US81,0,0,0
4,CS17->US89,41640,41640,0
4,CS17->US97,0,0,0
4,CS17->US105,0,0,0
4,CS17->US113,53013,53013,0
4,CS17->US121,0,0,0
4,CS18->US2,51223,51223,0
4,CS18->US10,0,0,0
4,CS18->US18,0,0,0
4,CS18->US26,0,0,0
4,CS18->US34,0,0,0
4,CS18->US42,53819,53819,0
4,CS18->US50,51031,51031,0
4,CS18->US58,0,0,0
4,CS18->US66,0,0,0
4,CS18->US74,41374,41373,0
4,CS18->US82,0,0,0
4,CS18->US90,41810,41809,0
4,CS18->US98,0,0,0
4,CS18->US106,0,0,0
4,CS18->US114,53013,53013,0
4,CS18->US122,0,0,0
4,CS19->US3,51054,51054,0
4,CS19->US11,0,0,0
4,CS19->US19,0,0,0
4,CS19->US27,0,0,0
4,CS19->US35,0,0,0
4,CS19->US43,53766,53766,0
4,CS19->US51,51264,51264,0
4,CS19->US59,0,0,0
4,CS19->US67,0,0,0
4,CS19->US75,41120,41120,0
4,CS19->US83,0,0,0
4,CS19->US91,41646,41645,0
4,CS19->US99,0,0,0
4,CS19->US107,0,0,0
4,CS19->US115,53199,53199,0
4,CS19->US123,0,0,0
4,CS20->US4,51294,51294,0
4,CS20->US12,0,0,0
4,CS20->US20,0,0,0
4,CS20->US28,0,0,0
4,CS20->US36,0,0,0
4,CS20->US44,53615,53615,0
4,CS20->US52,51267,51267,0
4,CS20->US60,0,0,0
4,CS20->US68,0,0,0
4,CS20->US76,41683,41683,0
4,CS20->US84,0,0,0
4,CS20->US92,41719,41717,0
4,CS20->US100,0,0,0
4,CS20->US108,0,0,0
4,CS20->US116,53387,53387,0
4,CS20->US124,0,0,0
4,CS21->US5,51465,51465,0
4,CS21->US13,0,0,0
4,CS21->US21,0,0,0
4,CS21->US29,0,0,0
4,CS21->US37,0,0,0
4,CS21->US45,54085,54085,0
4,CS21->US53,51405,51405,0
4,CS21->US61,0,0,0
4,CS21->US69,0,0,0
4,CS21->US77,41355,41355,0
4,CS21->US85,0,0,0
4,CS21->US93,41125,41125,0
4,CS21->US101,0,0,0
4,CS21->US109,0,0,0
4,CS21->US117,53526,53526,0
4,CS21->US125,0,0,0
4,CS22->US6,51588,51588,0
4,CS22->US14,0,0,0
4,CS22->US22,0,0,0
4,CS22->US30,0,0,0
4,CS22->US38,0,0,0
4,CS22->US46,53868,53868,0
4,CS22->US54,51302,51302,0
4,CS22->US62,0,0,0
4,CS22->US70,0,0,0
4,CS22->US78,41420,41418,0
4,CS22->US86,0,0,0
4,CS22->US94,41719,41719,0
4,CS22->US102,0,0,0
4,CS22->US110,0,0,0
4,CS22->US118,53325,53325,0
4,CS22->US126,0,0,0
4,CS23->US7,51545,51545,0
4,CS23->US15,0,0,0
4,CS23->US23,0,0,0
4,CS23->US31,0,0,0
4,CS23->US39,0,0,0
4,CS23->US47,53712,53712,0
4,CS23->US55,51387,51387,0
4,CS23->US63,0,0,0
4,CS23->US71,0,0,0
4,CS23->US79,41360,41360,0
4,CS23->US87,0,0,0
4,CS23->US95,41657,41657,0
4,CS23->US103,0,0,0
4,CS23->US111,0,0,0
4,CS23->US119,53349,53349,0
4,CS23->US127,0,0,0
4,CS24->US0,51670,51670,0
4,CS24->US8,0,0,0
4,CS24->US16,0,0,0
4,CS24->US24,0,0,0
4,CS24->US32,0,0,0
4,CS24->US40,53839,53839,0
4,CS24->US48,51678,51678,0
4,CS24->US56,0,0,0
4,CS24->US64,0,0,0
4,CS24->US72,41502,41501,0
4,CS24->US80,0,0,0
4,CS24->US88,41734,41733,0
4,CS24->US96,0,0,0
4,CS24->US104,0,0,0
4,CS24->US112,53507,53507,0
4,CS24->US120,0,0,0
4,CS25->US1,51252,51252,0
4,CS25->US9,0,0,0
4,CS25->US17,0,0,0
4,CS25->US25,0,0,0
4,CS25->US33,0,0,0
4,CS25->US41,53853,53853,0
4,CS25->US49,51157,51157,0
4,CS25->US57,0,0,0
4,CS25->US65,0,0,0
4,CS25->US73,41398,41398,0
4,CS25->US81,0,0,0
4,CS25->US89,41709,41709,0
4,CS25->US97,0,0,0
4,CS25->US105,0,0,0
4,CS25->US113,53264,53264,0
4,CS25->US121,0,0,0
4,CS26->US2,51535,51535,0
4,CS26->US10,0,0,0
4,CS26->US18,0,0,0
4,CS26->US26,0,0,0
4,CS26->US34,0,0,0
4,CS26->US42,53679,53679,0
4,CS26->US50,51787,51787,0
4,CS26->US58,0,0,0
4,CS26->US66,0,0,0
4,CS26->US74,40726,40726,0
4,CS26->US82,0,0,0
4,CS26->US90,41516,41516,0
4,CS26->US98,0,0,0
4,CS26->US106,0,0,0
4,CS26->US114,53118,53118,0
4,CS26->US122,0,0,0
4,CS27->US3,51527,51527,0
4,CS27->US11,0,0,0
4,CS27->US19,0,0,0
4,CS27->US27,0,0,0
4,CS27->US35,0,0,0
4,CS27->US43,53646,53646,0
4,CS27->US51,51636,51636,0
4,CS27->US59,0,0,0
4,CS27->US67,0,0,0
4,CS27->US75,40932,40932,0
4,CS27->US83,0,0,0
4,CS27->US91,41385,41385,0
4,CS27->US99,0,0,0
4,CS27->US107,0,0,0
4,CS27->US115,53143,53143,0
4,CS27->US123,0,0,0
4,CS28->US4,51430,51430,0
4,CS28->US12,0,0,0
4,CS28->US20,0,0,0
4,CS28->US28,0,0,0
4,CS28->US36,0,0,0
4,CS28->US44,54041,54041,0
4,CS28->US52,51155,51155,0
4,CS28->US60,0,0,0
4,CS28->US68,0,0,0
4,CS28->US76,41261,41261,0
4,CS28->US84,0,0,0
4,CS28->US92,41622,41621,0
4,CS28->US100,0,0,0
4,CS28->US108,0,0,0
4,CS28->US116,53541,53541,0
4,CS28->US124,0,0,0
4,CS29->US5,51175,51175,0
4,CS29->US13,0,0,0
4,CS29->US21,0,0,0
4,CS29->US29,0,0,0
4,CS29->US37,0,0,0
4,CS29->US45,54151,54151,0
4,CS29->US53,51625,51625,0
4,CS29->US61,0,0,0
4,CS29->US69,0,0,0
4,CS29->US77,41264,41264,0
4,CS29->US85,0,0,0
4,CS29->US93,41321,41321,0
4,CS29->US101,0,0,0
4,CS29->US109,0,0,0
4,CS29->US117,53059,53059,0
4,CS29->US125,0,0,0
4,CS30->US6,51374,51374,0
4,CS30->US14,0,0,0
4,CS30->US22,0,0,0
4,CS30->US30,0,0,0
4,CS30->US38,0,0,0
4,CS30->US46,53662,53662,0
4,CS30->US54,51360,51360,0
4,CS30->US62,0,0,0
4,CS30->US70,0,0,0
4,CS30->US78,41102,41101,0
4,CS30->US86,0,0,0
4,CS30->US94,41535,41535,0
4,CS30->US102,0,0,0
4,CS30->US110,0,0,0
4,CS30->US118,53405,53405,0
4,CS30->US126,0,0,0
4,CS31->US7,51100,51100,0
4,CS31->US15,0,0,0
4,CS31->US23,0,0,0
4,CS31->US31,0,0,0
4,CS31->US39,0,0,0
4,CS31->US47,53533,53533,0
4,CS31->US55,51297,51297,0
4,CS31->US63,0,0,0
4,CS31->US71,0,0,0
4,CS31->US79,41199,41198,0
4,CS31->US87,0,0,0
4,CS31->US95,41500,41498,0
4,CS31->US103,0,0,0
4,CS31->US111,0,0,0
4,CS31->US119,53739,53739,0
4,CS31->US127,0,0,0
4,CS32->US0,51469,51469,0
4,CS32->US8,0,0,0
4,CS32->US16,0,0,0
4,CS32->US24,0,0,0
4,CS32->US32,0,0,0
4,CS32->US40,53911,53911,0
4,CS32->US48,51760,51760,0
4,CS32->US56,0,0,0
4,CS32->US64,0,0,0
4,CS32->US72,41223,41223,0
4,CS32->US80,0,0,0
4,CS32->US88,41852,41852,0
4,CS32->US96,0,0,0
4,CS32->US104,0,0,0
4,CS32->US112,53227,53227,0
4,CS32->US120,0,0,0
4,CS33->US1,51594,51594,0
4,CS33->US9,0,0,0
4,CS33->US17,0,0,0
4,CS33->US25,0,0,0
4,CS33->US33,0,0,0
4,CS33->US41,53809,53809,0
4,CS33->US49,51363,51363,0
4,CS33->US57,0,0,0
4,CS33->US65,0,0,0
4,CS33->US73,41427,41427,0
4,CS33->US81,0,0,0
4,CS33->US89,41437,41436,0
4,CS33->US97,0,0,0
4,CS33->US105,0,0,0
4,CS33->US113,53340,53340,0
4,CS33->US121,0,0,0
4,CS34->US2,51603,51603,0
4,CS34->US10,0,0,0
4,CS34->US18,0,0,0
4,CS34->US26,0,0,0
4,CS34->US34,0,0,0
4,CS34->US42,53669,53669,0
4,CS34->US50,51886,51886,0
4,CS34->US58,0,0,0
4,CS34->US66,0,0,0
4,CS34->US74,41254,41253,0
4,CS34->US82,0,0,0
4,CS34->US90,41849,41849,0
4,CS34->US98,0,0,0
4,CS34->US106,0,0,0
4,CS34->US114,53246,53246,0
4,CS34->US122,0,0,0
4,CS35->US3,51492,51492,0
4,CS35->US11,0,0,0
4,CS35->US19,0,0,0
4,CS35->US27,0,0,0
4,CS35->US35,0,0,0
4,CS35->US43,53689,53689,0
4,CS35->US51,51640,51640,0
4,CS35->US59,0,0,0
4,CS35->US67,0,0,0
4,CS35->US75,41302,41302,0
4,CS35->US83,0,0,0
4,CS35->US91,41513,41513,0
4,CS35->US99,0,0,0
4,CS35->US107,0,0,0
4,CS35->US115,53227,53227,0
4,CS35->US123,0,0,0
4,CS36->US4,51616,51616,0
4,CS36->US12,0,0,0
4,CS36->US20,0,0,0
4,CS36->US28,0,0,0
4,CS36->US36,0,0,0
4,CS36->US44,53714,53714,0
4,CS36->US52,51591,51591,0
4,CS36->US60,0,0,0
4,CS36->US68,0,0,0
4,CS36->US76,41290,41290,0
4,CS36->US84,0,0,0
4,CS36->US92,41595,41594,0
4,CS36->US100,0,0,0
4,CS36->US108,0,0,0
4,CS36->US116,52949,52949,0
4,CS36->US124,0,0,0
4,CS37->US5,51753,51753,0
4,CS37->US13,0,0,0
4,CS37->US21,0,0,0
4,CS37->US29,0,0,0
4,CS37->US37,0,0,0
4,CS37->US45,53694,53694,0
4,CS37->US53,51266,51266,0
4,CS37->US61,0,0,0
4,CS37->US69,0,0,0
4,CS37->US77,41288,41287,0
4,CS37->US85,0,0,0
4,CS37->US93,41696,41696,0
4,CS37->US101,0,0,0
4,CS37->US109,0,0,0
4,CS37->US117,52860,52860,0
4,CS37->US125,0,0,0
4,CS38->US6,51304,51304,0
4,CS38->US14,0,0,0
4,CS38->US22,0,0,0
4,CS38->US30,0,0,0
4,CS38->US38,0,0,0
4,CS38->US46,54078,54078,0
4,CS38->US54,51316,51316,0
4,CS38->US62,0,0,0
4,CS38->US70,0,0,0
4,CS38->US78,41367,41367,0
4,CS38->US86,0,0,0
4,CS38->US94,41425,41425,0
4,CS38->US102,0,0,0
4,CS38->US110,0,0,0
4,CS38->US118,53079,53079,0
4,CS38->US126,0,0,0
4,CS39->US7,51360,51360,0
4,CS39->US15,0,0,0
4,CS39->US23,0,0,0
4,CS39->US31,0,0,0
4,CS39->US39,0,0,0
4,CS39->US47,53896,53896,0
4,CS39->US55,51323,51323,0
4,CS39->US63,0,0,0
4,CS39->US71,0,0,0
4,CS39->US79,41448,41448,0
4,CS39->US87,0,0,0
4,CS39->US95,41475,41475,0
4,CS39->US103,0,0,0
4,CS39->US111,0,0,0
4,CS39->US119,53416,53416,0
4,CS39->US127,0,0,0
4,CS40->US0,51472,51472,0
4,CS40->US8,0,0,0
4,CS40->US16,0,0,0
4,CS40->US24,0,0,0
4,CS40->US32,0,0,0
4,CS40->US40,53929,53929,0
4,CS40->US48,51422,51422,0
4,CS40->US56,0,0,0
4,CS40->US64,0,0,0
4,CS40->US72,41197,41196,0
4,CS40->US80,0,0,0
4,CS40->US88,41458,41458,0
4,CS40->US96,0,0,0
4,CS40->US104,0,0,0
4,CS40->US112,53562,53562,0
4,CS40->US120,0,0,0
4,CS41->US1,51642,51642,0
4,CS41->US9,0,0,0
4,CS41->US17,0,0,0
4,CS41->US25,0,0,0
4,CS41->US33,0,0,0
4,CS41->US41,53369,53369,0
4,CS41->US49,51005,51005,0
4,CS41->US57,0,0,0
4,CS41->US65,0,0,0
4,CS41->US73,41333,41333,0
4,CS41->US81,0,0,0
4,CS41->US89,41993,41993,0
4,CS41->US97,0,0,0
4,CS41->US105,0,0,0
4,CS41->US113,53382,53382,0
4,CS41->US121,0,0,0
4,CS42->US2,51239,51239,0
4,CS42->US10,0,0,0
4,CS42->US18,0,0,0
4,CS42->US26,0,0,0
4,CS42->US34,0,0,0
4,CS42->US42,53619,53619,0
4,CS42->US50,51375,51375,0
4,CS42->US58,0,0,0
4,CS42->US66,0,0,0
4,CS42->US74,40918,40918,0
4,CS42->US82,0,0,0
4,CS42->US90,41455,41454,0
4,CS42->US98,0,0,0
4,CS42->US106,0,0,0
4,CS42->US114,53331,53331,0
4,CS42->US122,0,0,0
4,CS43->US3,51161,51161,0
4,CS43->US11,0,0,0
4,CS43->US19,0,0,0
4,CS43->US27,0,0,0
4,CS43->US35,0,0,0
4,CS43->US43,53761,53761,0
4,CS43->US51,51364,51364,0
4,CS43->US59,0,0,0
4,CS43->US67,0,0,0
4,CS43->US75,41107,41107,0
4,CS43->US83,0,0,0
4,CS43->US91,41436,41435,0
4,CS43->US99,0,0,0
4,CS43->US107,0,0,0
4,CS43->US115,53167,53167,0
4,CS43->US123,0,0,0
4,CS44->US4,51156,51156,0
4,CS44->US12,0,0,0
4,CS44->US20,0,0,0
4,CS44->US28,0,0,0
4,CS44->US36,0,0,0
4,CS44->US44,53700,53700,0
4,CS44->US52,51445,51445,0
4,CS44->US60,0,0,0
4,CS44->US68,0,0,0
4,CS44->US76,41141,41139,0
4,CS44->US84,0,0,0
4,CS44->US92,41409,41408,0
4,CS44->US100,0,0,0
4,CS44->US108,0,0,0
4,CS44->US116,53299,53299,0
4,CS44->US124,0,0,0
4,CS45->US5,51172,51172,0
4,CS45->US13,0,0,0
4,CS45->US21,0,0,0
4,CS45->US29,0,0,0
4,CS45->US37,0,0,0
4,CS45->US45,53966,53966,0
4,CS45->US53,51529,51529,0
4,CS45->US61,0,0,0
4,CS45->US69,0,0,0
4,CS45->US77,41122,41122,0
4,CS45->US85,0,0,0
4,CS45->US93,41800,41800,0
4,CS45->US101,0,0,0
4,CS45->US109,0,0,0
4,CS45->US117,53394,53394,0
4,CS45->US125,0,0,0
4,CS46->US6,51243,51243,0
4,CS46->US14,0,0,0
4,CS46->US22,0,0,0
4,CS46->US30,0,0,0
4,CS46->US38,0,0,0
4,CS46->US46,53886,53886,0
4,CS46->US54,51417,51417,0
4,CS46->US62,0,0,0
4,CS46->US70,0,0,0
4,CS46->US78,41277,41277,0
4,CS46->US86,0,0,0
4,CS46->US94,41692,41691,0
4,CS46->US102,0,0,0
4,CS46->US110,0,0,0
4,CS46->US118,53481,53481,0
4,CS46->US126,0,0,0
4,CS47->US7,51229,51229,0
4,CS47->US15,0,0,0
4,CS47->US23,0,0,0
4,CS47->US31,0,0,0
4,CS47->US39,0,0,0
4,CS47->US47,53768,53768,0
4,CS47->US55,51807,51807,0
4,CS47->US63,0,0,0
4,CS47->US71,0,0,0
4,CS47->US79,41258,41257,0
4,CS47->US87,0,0,0
4,CS47->US95,41110,41110,0
4,CS47->US103,0,0,0
4,CS47->US111,0,0,0
4,CS47->US119,53327,53327,0
4,CS47->US127,0,0,0
4,CS48->US0,51496,51496,0
4,CS48->US8,0,0,0
4,CS48->US16,0,0,0
4,CS48->US24,0,0,0
4,CS48->US32,0,0,0
4,CS48->US40,53829,53829,0
4,CS48->US48,51373,51373,0
4,CS48->US56,0,0,0
4,CS48->US64,0,0,0
4,CS48->US72,41288,41288,0
4,CS48->US80,0,0,0
4,CS48->US88,41627,41626,0
4,CS48->US96,0,0,0
4,CS48->US104,0,0,0
4,CS48->US112,53303,53303,0
4,CS48->US120,0,0,0
4,CS49->US1,51534,51534,0
4,CS49->US9,0,0,0
4,CS49->US17,0,0,0
4,CS49->US25,0,0,0
4,CS49->US33,0,0,0
4,CS49->US41,53784,53784,0
4,CS49->US49,51255,51255,0
4,CS49->US57,0,0,0
4,CS49->US65,0,0,0
4,CS49->US73,41515,41515,0
4,CS49->US81,0,0,0
4,CS49->US89,41732,41732,0
4,CS49->US97,0,0,0
4,CS49->US105,0,0,0
4,CS49->US113,52472,52472,0
4,CS49->US121,0,0,0
4,CS50->US2,51723,51723,0
4,CS50->US10,0,0,0
4,CS50->US18,0,0,0
4,CS50->US26,0,0,0
4,CS50->US34,0,0,0
4,CS50->US42,53905,53905,0
4,CS50->US50,51562,51562,0
4,CS50->US58,0,0,0
4,CS50->US66,0,0,0
4,CS50->US74,41373,41373,0
4,CS50->US82,0,0,0
4,CS50->US90,41980,41979,0
4,CS50->US98,0,0,0
4,CS50->US106,0,0,0
4,CS50->US114,53549,53549,0
4,CS50->US122,0,0,0
4,CS51->US3,51840,51840,0
4,CS51->US11,0,0,0
4,CS51->US19,0,0,0
4,CS51->US27,0,0,0
4,CS51->US35,0,0,0
4,CS51->US43,53693,53693,0
4,CS51->US51,51323,51323,0
4,CS51->US59,0,0,0
4,CS51->US67,0,0,0
4,CS51->US75,41255,41255,0
4,CS51->US83,0,0,0
4,CS51->US91,41739,41738,0
4,CS51->US99,0,0,0
4,CS51->US107,0,0,0
4,CS51->US115,53144,53144,0
4,CS51->US123,0,0,0
4,CS52->US4,51691,51691,0
4,CS52->US12,0,0,0
4,CS52->US20,0,0,0
4,CS52->US28,0,0,0
4,CS52->US36,0,0,0
4,CS52->US44,53957,53957,0
4,CS52->US52,51604,51604,0
4,CS52->US60,0,0,0
4,CS52->US68,0,0,0
4,CS52->US76,41372,41370,0
4,CS52->US84,0,0,0
4,CS52->US92,41533,41533,0
4,CS52->US100,0,0,0
4,CS52->US108,0,0,0
4,CS52->US116,53314,53314,0
4,CS52->US124,0,0,0
4,CS53->US5,51937,51937,0
4,CS53->US13,0,0,0
4,CS53->US21,0,0,0
4,CS53->US29,0,0,0
4,CS53->US37,0,0,0
4,CS53->US45,53971,53971,0
4,CS53->US53,51460,51460,0
4,CS53->US61,0,0,0
4,CS53->US69,0,0,0
4,CS53->US77,41143,41142,0
4,CS53->US85,0,0,0
4,CS53->US93,41280,41279,0
4,CS53->US101,0,0,0
4,CS53->US109,0,0,0
4,CS53->US117,53364,53364,0
4,CS53->US125,0,0,0
4,CS54->US6,51439,51439,0
4,CS54->US14,0,0,0
4,CS54->US22,0,0,0
4,CS54->US30,0,0,0
4,CS54->US38,0,0,0
4,CS54->US46,53892,53892,0
4,CS54->US54,51202,51202,0
4,CS54->US62,0,0,0
4,CS54->US70,0,0,0
4,CS54->US78,41309,41309,0
4,CS54->US86,0,0,0
4,CS54->US94,41554,41553,0
4,CS54->US102,0,0,0
4,CS54->US110,0,0,0
4,CS54->US118,53682,53682,0
4,CS54->US126,0,0,0
4,CS55->US7,51333,51333,0
4,CS55->US15,0,0,0
4,CS55->US23,0,0,0
4,CS55->US31,0,0,0
4,CS55->US39,0,0,0
4,CS55->US47,53832,53832,0
4,CS55->US55,51020,51020,0
4,CS55->US63,0,0,0
4,CS55->US71,0,0,0
4,CS55->US79,41167,41165,0
4,CS55->US87,0,0,0
4,CS55->US95,41667,41666,0
4,CS55->US103,0,0,0
4,CS55->US111,0,0,0
4,CS55->US119,53676,53676,0
4,CS55->US127,0,0,0
4,CS56->US0,51559,51559,0
4,CS56->US8,0,0,0
4,CS56->US16,0,0,0
4,CS56->US24,0,0,0
4,CS56->US32,0,0,0
4,CS56->US40,53481,53481,0
4,CS56->US48,51798,51798,0
4,CS56->US56,0,0,0
4,CS56->US64,0,0,0
4,CS56->US72,41465,41465,0
4,CS56->US80,0,0,0
4,CS56->US88,41288,41287,0
4,CS56->US96,0,0,0
4,CS56->US104,0,0,0
4,CS56->US112,53336,53336,0
4,CS56->US120,0,0,0
4,CS57->US1,51230,51230,0
4,CS57->US9,0,0,0
4,CS57->US17,0,0,0
4,CS57->US25,0,0,0
4,CS57->US33,0,0,0
4,CS57->US41,53381,53381,0
4,CS57->US49,51292,51292,0
4,CS57->US57,0,0,0
4,CS57->US65,0,0,0
4,CS57->US73,41197,41197,0
4,CS57->US81,0,0,0
4,CS57->US89,41882,41881,0
4,CS57->US97,0,0,0
4,CS57->US105,0,0,0
4,CS57->US113,53513,53513,0
4,CS57->US121,0,0,0
4,CS58->US2,51440,51440,0
4,CS58->US10,0,0,0
4,CS58->US18,0,0,0
4,CS58->US26,0,0,0
4,CS58->US34,0,0,0
4,CS58->US42,54011,54011,0
4,CS58->US50,51837,51837,0
4,CS58->US58,0,0,0
4,CS58->US66,0,0,0
4,CS58->US74,41644,41643,0
4,CS58->US82,0,0,0
4,CS58->US90,41681,41681,0
4,CS58->US98,0,0,0
4,CS58->US106,0,0,0
4,CS58->US114,53204,53204,0
4,CS58->US122,0,0,0
4,CS59->US3,51160,51160,0
4,CS59->US11,0,0,0
4,CS59->US19,0,0,0
4,CS59->US27,0,0,0
4,CS59->US35,0,0,0
4,CS59->US43,53937,53937,0
4,CS59->US51,51210,51210,0
4,CS59->US59,0,0,0
4,CS59->US67,0,0,0
4,CS59->US75,41258,41258,0
4,CS59->US83,0,0,0
4,CS59->US91,41290,41290,0
4,CS59->US99,0,0,0
4,CS59->US107,0,0,0
4,CS59->US115,53132,53132,0
4,CS59->US123,0,0,0
4,CS60->US4,51179,51179,0
4,CS60->US12,0,0,0
4,CS60->US20,0,0,0
4,CS60->US28,0,0,0
4,CS60->US36,0,0,0
4,CS60->US44,53769,53769,0
4,CS60->US52,51272,51272,0
4,CS60->US60,0,0,0
4,CS60->US68,0,0,0
4,CS60->US76,41330,41330,0
4,CS60->US84,0,0,0
4,CS60->US92,41679,41679,0
4,CS60->US100,0,0,0
4,CS60->US108,0,0,0
4,CS60->US116,53203,53203,0
4,CS60->US124,0,0,0
4,CS61->US5,51643,51643,0
4,CS61->US13,0,0,0
4,CS61->US21,0,0,0
4,CS61->US29,0,0,0
4,CS61->US37,0,0,0
4,CS61->US45,53403,53403,0
4,CS61->US53,51799,51799,0
4,CS61->US61,0,0,0
4,CS61->US69,0,0,0
4,CS61->US77,41478,41478,0
4,CS61->US85,0,0,0
4,CS61->US93,41455,41455,0
4,CS61->US101,0,0,0
4,CS61->US109,0,0,0
4,CS61->US117,53096,53096,0
4,CS61->US125,0,0,0
4,CS62->US6,51171,51171,0
4,CS62->US14,0,0,0
4,CS62->US22,0,0,0
4,CS62->US30,0,0,0
4,CS62->US38,0,0,0
4,CS62->US46,53602,53602,0
4,CS62->US54,51338,51338,0
4,CS62->US62,0,0,0
4,CS62->US70,0,0,0
4,CS62->US78,41125,41124,0
4,CS62->US86,0,0,0
4,CS62->US94,41510,41510,0
4,CS62->US102,0,0,0
4,CS62->US110,0,0,0
4,CS62->US118,53514,53514,0
4,CS62->US126,0,0,0
4,CS63->US7,51945,51945,0
4,CS63->US15,0,0,0
4,CS63->US23,0,0,0
4,CS63->US31,0,0,0
4,CS63->US39,0,0,0
4,CS63->US47,53856,53856,0
4,CS63->US55,51591,51591,0
4,CS63->US63,0,0,0
4,CS63->US71,0,0,0
4,CS63->US79,41177,41177,0
4,CS63->US87,0,0,0
4,CS63->US95,41629,41628,0
4,CS63->US103,0,0,0
4,CS63->US111,0,0,0
4,CS63->US119,53449,53449,0
4,CS63->US127,0,0,0
5,US0->CS0,51939,51939,0
5,US0->CS8,51748,51748,0
5,US0->CS16,51672,51672,0
5,US0->CS24,51987,51987,0
5,US0->CS32,52080,52080,0
5,US0->CS40,51724,51724,0
5,US0->CS48,51692,51692,0
5,US0->CS56,52091,52091,0
5,US1->CS1,51803,51803,0
5,US1->CS9,51969,51969,0
5,US1->CS17,51709,51709,0
5,US1->CS25,51502,51502,0
5,US1->CS33,51672,51672,0
5,US1->CS41,51316,51316,0
5,US1->CS49,51603,51603,0
5,US1->CS57,51612,51612,0
5,US2->CS2,51475,51475,0
5,US2->CS10,51478,51478,0
5,US2->CS18,51338,51338,0
5,US2->CS26,52013,52013,0
5,US2->CS34,52200,52200,0
5,US2->CS42,51661,51661,0
5,US2->CS50,51874,51874,0
5,US2->CS58,52141,52141,0
5,US3->CS3,51538,51538,0
5,US3->CS11,51935,51935,0
5,US3->CS19,51580,51580,0
5,US3->CS27,51947,51947,0
5,US3->CS35,51951,51951,0
5,US3->CS43,51638,51638,0
5,US3->CS51,51678,51678,0
5,US3->CS59,51552,51552,0
5,US4->CS4,51429,51429,0
5,US4->CS12,52036,52036,0
5,US4->CS20,51571,51571,0
5,US4->CS28,51465,51465,0
5,US4->CS36,51959,51959,0
5,US4->CS44,51743,51743,0
5,US4->CS52,51932,51932,0
5,US4->CS60,51629,51629,0
5,US5->CS5,51842,51842,0
5,US5->CS13,52103,52103,0
5,US5->CS21,51730,51730,0
5,US5->CS29,51904,51904,0
5,US5->CS37,51564,51564,0
5,US5->CS45,51879,51879,0
5,US5->CS53,51744,51744,0
5,US5->CS61,52145,52145,0
5,US6->CS6,51877,51877,0
5,US6->CS14,52060,52060,0
5,US6->CS22,51636,51636,0
5,US6->CS30,51697,51697,0
5,US6->CS38,51652,51652,0
5,US6->CS46,51718,51718,0
5,US6->CS54,51508,51508,0
5,US6->CS62,51642,51642,0
5,US7->CS7,52005,52005,0
5,US7->CS15,51763,51763,0
5,US7->CS23,51697,51697,0
5,US7->CS31,51642,51642,0
5,US7->CS39,51628,51628,0
5,US7->CS47,52129,52129,0
5,US7->CS55,51348,51348,0
5,US7->CS63,51916,51916,0
5,US8->CS0,0,0,0
5,US8->CS8,0,0,0
5,US8->CS16,0,0,0
5,US8->CS24,0,0,0
5,US8->CS32,0,0,0
5,US8->CS40,0,0,0
5,US8->CS48,0,0,0
5,US8->CS56,0,0,0
5,US9->CS1,0,0,0
5,US9->CS9,0,0,0
5,US9->CS17,0,0,0
5,US9->CS25,0,0,0
5,US9->CS33,0,0,0
5,US9->CS41,0,0,0
5,US9->CS49,0,0,0
5,US9->CS57,0,0,0
5,US10->CS2,0,0,0
5,US10->CS10,0,0,0
5,US10->CS18,0,0,0
5,US10->CS26,0,0,0
5,US10->CS34,0,0,0
5,US10->CS42,0,0,0
5,US10->CS50,0,0,0
5,US10->CS58,0,0,0
5,US11->CS3,0,0,0
5,US11->CS11,0,0,0
5,US11->CS19,0,0,0
5,US11->CS27,0,0,0
5,US11->CS35,0,0,0
5,US11->CS43,0,0,0
5,US11->CS51,0,0,0
5,US11->CS59,0,0,0
5,US12->CS4,0,0,0
5,US12->CS12,0,0,0
5,US12->CS20,0,0,0
5,US12->CS28,0,0,0
5,US12->CS36,0,0,0
5,US12->CS44,0,0,0
5,US12->CS52,0,0,0
5,US12->CS60,0,0,0
5,US13->CS5,0,0,0
5,US13->CS13,0,0,0
5,US13->CS21,0,0,0
5,US13->CS29,0,0,0
5,US13->CS37,0,0,0
5,US13->CS45,0,0,0
5,US13->CS53,0,0,0
5,US13->CS61,0,0,0
5,US14->CS6,0,0,0
5,US14->CS14,0,0,0
5,US14->CS22,0,0,0
5,US14->CS30,0,0,0
5,US14->CS38,0,0,0
5,US14->CS46,0,0,0
5,US14->CS54,0,0,0
5,US14->CS62,0,0,0
5,US15->CS7,0,0,0
5,US15->CS15,0,0,0
5,US15->CS23,0,0,0
5,US15->CS31,0,0,0
5,US15->CS39,0,0,0
5,US15->CS47,0,0,0
5,US15->CS55,0,0,0
5,US15->CS63,0,0,0
5,US16->CS0,23499,23497,0
5,US16->CS8,23461,23461,0
5,US16->CS16,23684,23684,0
5,US16->CS24,23673,23673,0
5,US16->CS32,23424,23424,0
5,US16->CS40,23336,23335,0
5,US16->CS48,23738,23738,0
5,US16->CS56,23454,23453,0
5,US17->CS1,23612,23612,0
5,US17->CS9,23678,23677,0
5,US17->CS17,23605,23605,0
5,US17->CS25,23945,23944,0
5,US17->CS33,23560,23560,0
5,US17->CS41,23633,23633,0
5,US17->CS49,23642,23642,0
5,US17->CS57,23561,23561,0
5,US18->CS2,23700,23699,0
5,US18->CS10,23525,23524,0
5,US18->CS18,23587,23586,0
5,US18->CS26,23576,23576,0
5,US18->CS34,23678,23676,0
5,US18->CS42,23595,23595,0
5,US18->CS50,23543,23542,0
5,US18->CS58,23718,23717,0
5,US19->CS3,23574,23573,0
5,US19->CS11,23682,23681,0
5,US19->CS19,23778,23778,0
5,US19->CS27,23415,23415,0
5,US19->CS35,23745,23745,0
5,US19->CS43,23746,23744,0
5,US19->CS51,23712,23711,0
5,US19->CS59,23751,23750,0
5,US20->CS4,23933,23933,0
5,US20->CS12,23657,23657,0
5,US20->CS20,23761,23761,0
5,US20->CS28,23912,23911,0
5,US20->CS36,23633,23631,0
5,US20->CS44,23550,23550,0
5,US20->CS52,23598,23598,0
5,US20->CS60,23366,23365,0
5,US21->CS5,23922,23922,0
5,US21->CS13,23698,23698,0
5,US21->CS21,23895,23895,0
5,US21->CS29,23376,23376,0
5,US21->CS37,23591,23590,0
5,US21->CS45,23841,23841,0
5,US21->CS53,23564,23564,0
5,US21->CS61,23516,23516,0
5,US22->CS6,23640,23640,0
5,US22->CS14,23540,23540,0
5,US22->CS22,23847,23847,0
5,US22->CS30,23717,23716,0
5,US22->CS38,23751,23751,0
5,US22->CS46,23671,23670,0
5,US22->CS54,23331,23331,0
5,US22->CS62,23688,23688,0
5,US23->CS7,23486,23486,0
5,US23->CS15,23855,23854,0
5,US23->CS23,23697,23696,0
5,US23->CS31,23619,23619,0
5,US23->CS39,23761,23759,0
5,US23->CS47,23480,23479,0
5,US23->CS55,23517,23517,0
5,US23->CS63,23520,23520,0
5,US24->CS0,0,0,0
5,US24->CS8,0,0,0
5,US24->CS16,0,0,0
5,US24->CS24,0,0,0
5,US24->CS32,0,0,0
5,US24->CS40,0,0,0
5,US24->CS48,0,0,0
5,US24->CS56,0,0,0
5,US25->CS1,0,0,0
5,US25->CS9,0,0,0
5,US25->CS17,0,0,0
5,US25->CS25,0,0,0
5,US25->CS33,0,0,0
5,US25->CS41,0,0,0
5,US25->CS49,0,0,0
5,US25->CS57,0,0,0
5,US26->CS2,0,0,0
5,US26->CS10,0,0,0
5,US26->CS18,0,0,0
5,US26->CS26,0,0,0
5,US26->CS34,0,0,0
5,US26->CS42,0,0,0
5,US26->CS50,0,0,0
5,US26->CS58,0,0,0
5,US27->CS3,0,0,0
5,US27->CS11,0,0,0
5,US27->CS19,0,0,0
5,US27->CS27,0,0,0
5,US27->CS35,0,0,0
5,US27->CS43,0,0,0
5,US27->CS51,0,0,0
5,US27->CS59,0,0,0
5,US28->CS4,0,0,0
5,US28->CS12,0,0,0
5,US28->CS20,0,0,0
5,US28->CS28,0,0,0
5,US28->CS36,0,0,0
5,US28->CS44,0,0,0
5,US28->CS52,0,0,0
5,US28->CS60,0,0,0
5,US29->CS5,0,0,0
5,US29->CS13,0,0,0
5,US29->CS21,0,0,0
5,US29->CS29,0,0,0
5,US29->CS37,0,0,0
5,US29->CS45,0,0,0
5,US29->CS53,0,0,0
5,US29->CS61,0,0,0
5,US30->CS6,0,0,0
5,US30->CS14,0,0,0
5,US30->CS22,0,0,0
5,US30->CS30,0,0,0
5,US30->CS38,0,0,0
5,US30->CS46,0,0,0
5,US30->CS54,0,0,0
5,US30->CS62,0,0,0
5,US31->CS7,0,0,0
5,US31->CS15,0,0,0
5,US31->CS23,0,0,0
5,US31->CS31,0,0,0
5,US31->CS39,0,0,0
5,US31->CS47,0,0,0
5,US31->CS55,0,0,0
5,US31->CS63,0,0,0
5,US32->CS0,0,0,0
5,US32->CS8,0,0,0
5,US32->CS16,0,0,0
5,US32->CS24,0,0,0
5,US32->CS32,0,0,0
5,US32->CS40,0,0,0
5,US32->CS48,0,0,0
5,US32->CS56,0,0,0
5,US33->CS1,0,0,0
5,US33->CS9,0,0,0
5,US33->CS17,0,0,0
5,US33->CS25,0,0,0
5,US33->CS33,0,0,0
5,US33->CS41,0,0,0
5,US33->CS49,0,0,0
5,US33->CS57,0,0,0
5,US34->CS2,0,0,0
5,US34->CS10,0,0,0
5,US34->CS18,0,0,0
5,US34->CS26,0,0,0
5,US34->CS34,0,0,0
5,US34->CS42,0,0,0
5,US34->CS50,0,0,0
5,US34->CS58,0,0,0
5,US35->CS3,0,0,0
5,US35->CS11,0,0,0
5,US35->CS19,0,0,0
5,US35->CS27,0,0,0
5,US35->CS35,0,0,0
5,US35->CS43,0,0,0
5,US35->CS51,0,0,0
5,US35->CS59,0,0,0
5,US36->CS4,0,0,0
5,US36->CS12,0,0,0
5,US36->CS20,0,0,0
5,US36->CS28,0,0,0
5,US36->CS36,0,0,0
5,US36->CS44,0,0,0
5,US36->CS52,0,0,0
5,US36->CS60,0,0,0
5,US37->CS5,0,0,0
5,US37->CS13,0,0,0
5,US37->CS21,0,0,0
5,US37->CS29,0,0,0
5,US37->CS37,0,0,0
5,US37->CS45,0,0,0
5,US37->CS53,0,0,0
5,US37->CS61,0,0,0
5,US38->CS6,0,0,0
5,US38->CS14,0,0,0
5,US38->CS22,0,0,0
5,US38->CS30,0,0,0
5,US38->CS38,0,0,0
5,US38->CS46,0,0,0
5,US38->CS54,0,0,0
5,US38->CS62,0,0,0
5,US39->CS7,0,0,0
5,US39->CS15,0,0,0
5,US39->CS23,0,0,0
5,US39->CS31,0,0,0
5,US39->CS39,0,0,0
5,US39->CS47,0,0,0
5,US39->CS55,0,0,0
5,US39->CS63,0,0,0
5,US40->CS0,53238,53238,0
5,US40->CS8,53464,53464,0
5,US40->CS16,53103,53103,0
5,US40->CS24,53593,53593,0
5,US40->CS32,53271,53271,0
5,US40->CS40,53619,53619,0
5,US40->CS48,53306,53306,0
5,US40->CS56,53408,53408,0
5,US41->CS1,53405,53405,0
5,US41->CS9,53863,53863,0
5,US41->CS17,53126,53126,0
5,US41->CS25,53255,53255,0
5,US41->CS33,53358,53358,0
5,US41->CS41,53371,53371,0
5,US41->CS49,52493,52493,0
5,US41->CS57,53558,53558,0
5,US42->CS2,53177,53177,0
5,US42->CS10,53111,53111,0
5,US42->CS18,53048,53048,0
5,US42->CS26,53226,53226,0
5,US42->CS34,53306,53306,0
5,US42->CS42,53429,53429,0
5,US42->CS50,53605,53605,0
5,US42->CS58,53277,53277,0
5,US43->CS3,53240,53240,0
5,US43->CS11,53423,53423,0
5,US43->CS19,53270,53270,0
5,US43->CS27,53168,53168,0
5,US43->CS35,53228,53228,0
5,US43->CS43,53229,53229,0
5,US43->CS51,53157,53157,0
5,US43->CS59,53170,53170,0
5,US44->CS4,53317,53317,0
5,US44->CS12,53028,53028,0
5,US44->CS20,53460,53460,0
5,US44->CS28,53609,53609,0
5,US44->CS36,52971,52971,0
5,US44->CS44,53325,53325,0
5,US44->CS52,53364,53364,0
5,US44->CS60,53212,53212,0
5,US45->CS5,53448,53448,0
5,US45->CS13,53048,53048,0
5,US45->CS21,53562,53562,0
5,US45->CS29,53105,53105,0
5,US45->CS37,52921,52921,0
5,US45->CS45,53378,53378,0
5,US45->CS53,53429,53429,0
5,US45->CS61,53138,53138,0
5,US46->CS6,53343,53343,0
5,US46->CS14,53385,53385,0
5,US46->CS22,53370,53370,0
5,US46->CS30,53437,53437,0
5,US46->CS38,53100,53100,0
5,US46->CS46,53565,53565,0
5,US46->CS54,53717,53717,0
5,US46->CS62,53569,53569,0
5,US47->CS7,53221,53221,0
5,US47->CS15,53203,53203,0
5,US47->CS23,53406,53406,0
5,US47->CS31,53744,53744,0
5,US47->CS39,53435,53435,0
5,US47->CS47,53345,53345,0
5,US47->CS55,53723,53723,0
5,US47->CS63,53484,53484,0
5,US48->CS0,51566,51566,0
5,US48->CS8,51516,51516,0
5,US48->CS16,51314,51314,0
5,US48->CS24,51972,51972,0
5,US48->CS32,51785,51785,0
5,US48->CS40,51811,51811,0
5,US48->CS48,51791,51791,0
5,US48->CS56,51851,51851,0
5,US49->CS1,51543,51543,0
5,US49->CS9,52100,52100,0
5,US49->CS17,51889,51889,0
5,US49->CS25,51585,51585,0
5,US49->CS33,51895,51895,0
5,US49->CS41,51962,51962,0
5,US49->CS49,51836,51836,0
5,US49->CS57,51584,51584,0
5,US50->CS2,51792,51792,0
5,US50->CS10,51352,51352,0
5,US50->CS18,51531,51531,0
5,US50->CS26,51852,51852,0
5,US50->CS34,51893,51893,0
5,US50->CS42,51546,51546,0
5,US50->CS50,52011,52011,0
5,US50->CS58,51772,51772,0
5,US51->CS3,51635,51635,0
5,US51->CS11,51633,51633,0
5,US51->CS19,51401,51401,0
5,US51->CS27,51901,51901,0
5,US51->CS35,51859,51859,0
5,US51->CS43,51434,51434,0
5,US51->CS51,52168,52168,0
5,US51->CS59,51446,51446,0
5,US52->CS4,52011,52011,0
5,US52->CS12,52180,52180,0
5,US52->CS20,51611,51611,0
5,US52->CS28,51782,51782,0
5,US52->CS36,51958,51958,0
5,US52->CS44,51451,51451,0
5,US52->CS52,51980,51980,0
5,US52->CS60,51495,51495,0
5,US53->CS5,51666,51666,0
5,US53->CS13,51907,51907,0
5,US53->CS21,51727,51727,0
5,US53->CS29,51527,51527,0
5,US53->CS37,52053,52053,0
5,US53->CS45,51502,51502,0
5,US53->CS53,52229,52229,0
5,US53->CS61,51947,51947,0
5,US54->CS6,52045,52045,0
5,US54->CS14,51808,51808,0
5,US54->CS22,51903,51903,0
5,US54->CS30,51681,51681,0
5,US54->CS38,51633,51633,0
5,US54->CS46,51583,51583,0
5,US54->CS54,51753,51753,0
5,US54->CS62,51471,51471,0
5,US55->CS7,51822,51822,0
5,US55->CS15,52215,52215,0
5,US55->CS23,51839,51839,0
5,US55->CS31,51425,51425,0
5,US55->CS39,51677,51677,0
5,US55->CS47,51553,51553,0
5,US55->CS55,51644,51644,0
5,US55->CS63,52292,52292,0
5,US56->CS0,0,0,0
5,US56->CS8,0,0,0
5,US56->CS16,0,0,0
5,US56->CS24,0,0,0
5,US56->CS32,0,0,0
5,US56->CS40,0,0,0
5,US56->CS48,0,0,0
5,US56->CS56,0,0,0
5,US57->CS1,0,0,0
5,US57->CS9,0,0,0
5,US57->CS17,0,0,0
5,US57->CS25,0,0,0
5,US57->CS33,0,0,0
5,US57->CS41,0,0,0
5,US57->CS49,0,0,0
5,US57->CS57,0,0,0
5,US58->CS2,0,0,0
5,US58->CS10,0,0,0
5,US58->CS18,0,0,0
5,US58->CS26,0,0,0
5,US58->CS34,0,0,0
5,US58->CS42,0,0,0
5,US58->CS50,0,0,0
5,US58->CS58,0,0,0
5,US59->CS3,0,0,0
5,US59->CS11,0,0,0
5,US59->CS19,0,0,0
5,US59->CS27,0,0,0
5,US59->CS35,0,0,0
5,US59->CS43,0,0,0
5,US59->CS51,0,0,0
5,US59->CS59,0,0,0
5,US60->CS4,0,0,0
5,US60->CS12,0,0,0
5,US60->CS20,0,0,0
5,US60->CS28,0,0,0
5,US60->CS36,0,0,0
5,US60->CS44,0,0,0
5,US60->CS52,0,0,0
5,US60->CS60,0,0,0
5,US61->CS5,0,0,0
5,US61->CS13,0,0,0
5,US61->CS21,0,0,0
5,US61->CS29,0,0,0
5,US61->CS37,0,0,0
5,US61->CS45,0,0,0
5,US61->CS53,0,0,0
5,US61->CS61,0,0,0
5,US62->CS6,0,0,0
5,US62->CS14,0,0,0
5,US62->CS22,0,0,0
5,US62->CS30,0,0,0
5,US62->CS38,0,0,0
5,US62->CS46,0,0,0
5,US62->CS54,0,0,0
5,US62->CS62,0,0,0
5,US63->CS7,0,0,0
5,US63->CS15,0,0,0
5,US63->CS23,0,0,0
5,US63->CS31,0,0,0
5,US63->CS39,0,0,0
5,US63->CS47,0,0,0
5,US63->CS55,0,0,0
5,US63->CS63,0,0,0
5,US64->CS0,0,0,0
5,US64->CS8,0,0,0
5,US64->CS16,0,0,0
5,US64->CS24,0,0,0
5,US64->CS32,0,0,0
5,US64->CS40,0,0,0
5,US64->CS48,0,0,0
5,US64->CS56,0,0,0
5,US65->CS1,0,0,0
5,US65->CS9,0,0,0
5,US65->CS17,0,0,0
5,US65->CS25,0,0,0
5,US65->CS33,0,0,0
5,US65->CS41,0,0,0
5,US65->CS49,0,0,0
5,US65->CS57,0,0,0
5,US66->CS2,0,0,0
5,US66->CS10,0,0,0
5,US66->CS18,0,0,0
5,US66->CS26,0,0,0
5,US66->CS34,0,0,0
5,US66->CS42,0,0,0
5,US66->CS50,0,0,0
5,US66->CS58,0,0,0
5,US67->CS3,0,0,0
5,US67->CS11,0,0,0
5,US67->CS19,0,0,0
5,US67->CS27,0,0,0
5,US67->CS35,0,0,0
5,US67->CS43,0,0,0
5,US67->CS51,0,0,0
5,US67->CS59,0,0,0
5,US68->CS4,0,0,0
5,US68->CS12,0,0,0
5,US68->CS20,0,0,0
5,US68->CS28,0,0,0
5,US68->CS36,0,0,0
5,US68->CS44,0,0,0
5,US68->CS52,0,0,0
5,US68->CS60,0,0,0
5,US69->CS5,0,0,0
5,US69->CS13,0,0,0
5,US69->CS21,0,0,0
5,US69->CS29,0,0,0
5,US69->CS37,0,0,0
5,US69->CS45,0,0,0
5,US69->CS53,0,0,0
5,US69->CS61,0,0,0
5,US70->CS6,0,0,0
5,US70->CS14,0,0,0
5,US70->CS22,0,0,0
5,US70->CS30,0,0,0
5,US70->CS38,0,0,0
5,US70->CS46,0,0,0
5,US70->CS54,0,0,0
5,US70->CS62,0,0,0
5,US71->CS7,0,0,0
5,US71->CS15,0,0,0
5,US71->CS23,0,0,0
5,US71->CS31,0,0,0
5,US71->CS39,0,0,0
5,US71->CS47,0,0,0
5,US71->CS55,0,0,0
5,US71->CS63,0,0,0
5,US72->CS0,50822,50822,0
5,US72->CS8,50989,50989,0
5,US72->CS16,50427,50427,0
5,US72->CS24,50851,50851,0
5,US72->CS32,50927,50927,0
5,US72->CS40,50537,50537,0
5,US72->CS48,50742,50742,0
5,US72->CS56,50302,50302,0
5,US73->CS1,50689,50689,0
5,US73->CS9,50662,50662,0
5,US73->CS17,50872,50872,0
5,US73->CS25,50803,50803,0
5,US73->CS33,50495,50495,0
5,US73->CS41,51005,51005,0
5,US73->CS49,50821,50821,0
5,US73->CS57,50844,50844,0
5,US74->CS2,50405,50405,0
5,US74->CS10,50724,50724,0
5,US74->CS18,50901,50901,0
5,US74->CS26,50582,50582,0
5,US74->CS34,50757,50757,0
5,US74->CS42,50718,50718,0
5,US74->CS50,50932,50932,0
5,US74->CS58,50578,50578,0
5,US75->CS3,50513,50513,0
5,US75->CS11,50801,50801,0
5,US75->CS19,50848,50848,0
5,US75->CS27,50340,50340,0
5,US75->CS35,50636,50636,0
5,US75->CS43,50631,50631,0
5,US75->CS51,50696,50696,0
5,US75->CS59,50394,50394,0
5,US76->CS4,50618,50618,0
5,US76->CS12,50766,50766,0
5,US76->CS20,50546,50546,0
5,US76->CS28,50727,50727,0
5,US76->CS36,50678,50678,0
5,US76->CS44,50472,50472,0
5,US76->CS52,50618,50618,0
5,US76->CS60,50928,50928,0
5,US77->CS5,50967,50967,0
5,US77->CS13,50320,50320,0
5,US77->CS21,50251,50251,0
5,US77->CS29,50231,50231,0
5,US77->CS37,50547,50547,0
5,US77->CS45,50654,50654,0
5,US77->CS53,50181,50181,0
5,US77->CS61,50394,50394,0
5,US78->CS6,50765,50765,0
5,US78->CS14,50208,50208,0
5,US78->CS22,50723,50723,0
5,US78->CS30,50690,50690,0
5,US78->CS38,50422,50422,0
5,US78->CS46,50693,50693,0
5,US78->CS54,50518,50518,0
5,US78->CS62,50579,50579,0
5,US79->CS7,50852,50852,0
5,US79->CS15,50953,50953,0
5,US79->CS23,50567,50567,0
5,US79->CS31,50533,50533,0
5,US79->CS39,50537,50537,0
5,US79->CS47,50465,50465,0
5,US79->CS55,50618,50618,0
5,US79->CS63,50686,50686,0
5,US80->CS0,0,0,0
5,US80->CS8,0,0,0
5,US80->CS16,0,0,0
5,US80->CS24,0,0,0
5,US80->CS32,0,0,0
5,US80->CS40,0,0,0
5,US80->CS48,0,0,0
5,US80->CS56,0,0,0
5,US81->CS1,0,0,0
5,US81->CS9,0,0,0
5,US81->CS17,0,0,0
5,US81->CS25,0,0,0
5,US81->CS33,0,0,0
5,US81->CS41,0,0,0
5,US81->CS49,0,0,0
5,US81->CS57,0,0,0
5,US82->CS2,0,0,0
5,US82->CS10,0,0,0
5,US82->CS18,0,0,0
5,US82->CS26,0,0,0
5,US82->CS34,0,0,0
5,US82->CS42,0,0,0
5,US82->CS50,0,0,0
5,US82->CS58,0,0,0
5,US83->CS3,0,0,0
5,US83->CS11,0,0,0
5,US83->CS19,0,0,0
5,US83->CS27,0,0,0
5,US83->CS35,0,0,0
5,US83->CS43,0,0,0
5,US83->CS51,0,0,0
5,US83->CS59,0,0,0
5,US84->CS4,0,0,0
5,US84->CS12,0,0,0
5,US84->CS20,0,0,0
5,US84->CS28,0,0,0
5,US84->CS36,0,0,0
5,US84->CS44,0,0,0
5,US84->CS52,0,0,0
5,US84->CS60,0,0,0
5,US85->CS5,0,0,0
5,US85->CS13,0,0,0
5,US85->CS21,0,0,0
5,US85->CS29,0,0,0
5,US85->CS37,0,0,0
5,US85->CS45,0,0,0
5,US85->CS53,0,0,0
5,US85->CS61,0,0,0
5,US86->CS6,0,0,0
5,US86->CS14,0,0,0
5,US86->CS22,0,0,0
5,US86->CS30,0,0,0
5,US86->CS38,0,0,0
5,US86->CS46,0,0,0
5,US86->CS54,0,0,0
5,US86->CS62,0,0,0
5,US87->CS7,0,0,0
5,US87->CS15,0,0,0
5,US87->CS23,0,0,0
5,US87->CS31,0,0,0
5,US87->CS39,0,0,0
5,US87->CS47,0,0,0
5,US87->CS55,0,0,0
5,US87->CS63,0,0,0
5,US88->CS0,50562,50562,0
5,US88->CS8,50498,50498,0
5,US88->CS16,50945,50945,0
5,US88->CS24,51133,51133,0
5,US88->CS32,50623,50623,0
5,US88->CS40,50544,50544,0
5,US88->CS48,50456,50456,0
5,US88->CS56,50809,50809,0
5,US89->CS1,50699,50699,0
5,US89->CS9,50675,50675,0
5,US89->CS17,50786,50786,0
5,US89->CS25,50769,50769,0
5,US89->CS33,50869,50869,0
5,US89->CS41,50888,50888,0
5,US89->CS49,50971,50971,0
5,US89->CS57,50602,50602,0
5,US90->CS2,50796,50796,0
5,US90->CS10,50800,50800,0
5,US90->CS18,50745,50745,0
5,US90->CS26,50155,50155,0
5,US90->CS34,50583,50583,0
5,US90->CS42,50406,50406,0
5,US90->CS50,50802,50802,0
5,US90->CS58,51151,51151,0
5,US91->CS3,50655,50655,0
5,US91->CS11,50743,50743,0
5,US91->CS19,50575,50575,0
5,US91->CS27,50504,50504,0
5,US91->CS35,50668,50668,0
5,US91->CS43,50642,50642,0
5,US91->CS51,50712,50712,0
5,US91->CS59,50812,50812,0
5,US92->CS4,50338,50338,0
5,US92->CS12,51123,51123,0
5,US92->CS20,50931,50931,0
5,US92->CS28,50687,50687,0
5,US92->CS36,50545,50545,0
5,US92->CS44,50711,50711,0
5,US92->CS52,50836,50836,0
5,US92->CS60,50597,50597,0
5,US93->CS5,50920,50920,0
5,US93->CS13,50623,50623,0
5,US93->CS21,50960,50960,0
5,US93->CS29,50671,50671,0
5,US93->CS37,50748,50748,0
5,US93->CS45,50441,50441,0
5,US93->CS53,50614,50614,0
5,US93->CS61,51031,51031,0
5,US94->CS6,50957,50957,0
5,US94->CS14,50546,50546,0
5,US94->CS22,50901,50901,0
5,US94->CS30,50609,50609,0
5,US94->CS38,50909,50909,0
5,US94->CS46,50661,50661,0
5,US94->CS54,50841,50841,0
5,US94->CS62,50681,50681,0
5,US95->CS7,50756,50756,0
5,US95->CS15,50675,50675,0
5,US95->CS23,50704,50704,0
5,US95->CS31,50807,50807,0
5,US95->CS39,50756,50756,0
5,US95->CS47,50631,50631,0
5,US95->CS55,50629,50629,0
5,US95->CS63,50489,50489,0
5,US96->CS0,0,0,0
5,US96->CS8,0,0,0
5,US96->CS16,0,0,0
5,US96->CS24,0,0,0
5,US96->CS32,0,0,0
5,US96->CS40,0,0,0
5,US96->CS48,0,0,0
5,US96->CS56,0,0,0
5,US97->CS1,0,0,0
5,US97->CS9,0,0,0
5,US97->CS17,0,0,0
5,US97->CS25,0,0,0
5,US97->CS33,0,0,0
5,US97->CS41,0,0,0
5,US97->CS49,0,0,0
5,US97->CS57,0,0,0
5,US98->CS2,0,0,0
5,US98->CS10,0,0,0
5,US98->CS18,0,0,0
5,US98->CS26,0,0,0
5,US98->CS34,0,0,0
5,US98->CS42,0,0,0
5,US98->CS50,0,0,0
5,US98->CS58,0,0,0
5,US99->CS3,0,0,0
5,US99->CS11,0,0,0
5,US99->CS19,0,0,0
5,US99->CS27,0,0,0
5,US99->CS35,0,0,0
5,US99->CS43,0,0,0
5,US99->CS51,0,0,0
5,US99->CS59,0,0,0
5,US100->CS4,0,0,0
5,US100->CS12,0,0,0
5,US100->CS20,0,0,0
5,US100->CS28,0,0,0
5,US100->CS36,0,0,0
5,US100->CS44,0,0,0
5,US100->CS52,0,0,0
5,US100->CS60,0,0,0
5,US101->CS5,0,0,0
5,US101->CS13,0,0,0
5,US101->CS21,0,0,0
5,US101->CS29,0,0,0
5,US101->CS37,0,0,0
5,US101->CS45,0,0,0
5,US101->CS53,0,0,0
5,US101->CS61,0,0,0
5,US102->CS6,0,0,0
5,US102->CS14,0,0,0
5,US102->CS22,0,0,0
5,US102->CS30,0,0,0
5,US102->CS38,0,0,0
5,US102->CS46,0,0,0
5,US102->CS54,0,0,0
5,US102->CS62,0,0,0
5,US103->CS7,0,0,0
5,US103->CS15,0,0,0
5,US103->CS23,0,0,0
5,US103->CS31,0,0,0
5,US103->CS39,0,0,0
5,US103->CS47,0,0,0
5,US103->CS55,0,0,0
5,US103->CS63,0,0,0
5,US104->CS0,0,0,0
5,US104->CS8,0,0,0
5,US104->CS16,0,0,0
5,US104->CS24,0,0,0
5,US104->CS32,0,0,0
5,US104->CS40,0,0,0
5,US104->CS48,0,0,0
5,US104->CS56,0,0,0
5,US105->CS1,0,0,0
5,US105->CS9,0,0,0
5,US105->CS17,0,0,0
5,US105->CS25,0,0,0
5,US105->CS33,0,0,0
5,US105->CS41,0,0,0
5,US105->CS49,0,0,0
5,US105->CS57,0,0,0
5,US106->CS2,0,0,0
5,US106->CS10,0,0,0
5,US106->CS18,0,0,0
5,US106->CS26,0,0,0
5,US106->CS34,0,0,0
5,US106->CS42,0,0,0
5,US106->CS50,0,0,0
5,US106->CS58,0,0,0
5,US107->CS3,0,0,0
5,US107->CS11,0,0,0
5,US107->CS19,0,0,0
5,US107->CS27,0,0,0
5,US107->CS35,0,0,0
5,US107->CS43,0,0,0
5,US107->CS51,0,0,0
5,US107->CS59,0,0,0
5,US108->CS4,0,0,0
5,US108->CS12,0,0,0
5,US108->CS20,0,0,0
5,US108->CS28,0,0,0
5,US108->CS36,0,0,0
5,US108->CS44,0,0,0
5,US108->CS52,0,0,0
5,US108->CS60,0,0,0
5,US109->CS5,0,0,0
5,US109->CS13,0,0,0
5,US109->CS21,0,0,0
5,US109->CS29,0,0,0
5,US109->CS37,0,0,0
5,US109->CS45,0,0,0
5,US109->CS53,0,0,0
5,US109->CS61,0,0,0
5,US110->CS6,0,0,0
5,US110->CS14,0,0,0
5,US110->CS22,0,0,0
5,US110->CS30,0,0,0
5,US110->CS38,0,0,0
5,US110->CS46,0,0,0
5,US110->CS54,0,0,0
5,US110->CS62,0,0,0
5,US111->CS7,0,0,0
5,US111->CS15,0,0,0
5,US111->CS23,0,0,0
5,US111->CS31,0,0,0
5,US111->CS39,0,0,0
5,US111->CS47,0,0,0
5,US111->CS55,0,0,0
5,US111->CS63,0,0,0
5,US112->CS0,53826,53826,0
5,US112->CS8,53793,53793,0
5,US112->CS16,53770,53770,0
5,US112->CS24,53941,53941,0
5,US112->CS32,53923,53923,0
5,US112->CS40,53976,53976,0
5,US112->CS48,53908,53908,0
5,US112->CS56,53556,53556,0
5,US113->CS1,53850,53850,0
5,US113->CS9,53632,53632,0
5,US113->CS17,53808,53808,0
5,US113->CS25,53914,53914,0
5,US113->CS33,53818,53818,0
5,US113->CS41,53414,53414,0
5,US113->CS49,53876,53876,0
5,US113->CS57,53456,53456,0
5,US114->CS2,53819,53819,0
5,US114->CS10,53678,53678,0
5,US114->CS18,53844,53844,0
5,US114->CS26,53710,53710,0
5,US114->CS34,53764,53764,0
5,US114->CS42,53669,53669,0
5,US114->CS50,54070,54070,0
5,US114->CS58,54036,54036,0
5,US115->CS3,54431,54431,0
5,US115->CS11,54179,54179,0
5,US115->CS19,53816,53816,0
5,US115->CS27,53631,53631,0
5,US115->CS35,53673,53673,0
5,US115->CS43,53824,53824,0
5,US115->CS51,53756,53756,0
5,US115->CS59,54029,54029,0
5,US116->CS4,53809,53809,0
5,US116->CS12,53597,53597,0
5,US116->CS20,53662,53662,0
5,US116->CS28,54043,54043,0
5,US116->CS36,53747,53747,0
5,US116->CS44,53794,53794,0
5,US116->CS52,54063,54063,0
5,US116->CS60,53841,53841,0
5,US117->CS5,53725,53725,0
5,US117->CS13,53463,53463,0
5,US117->CS21,54214,54214,0
5,US117->CS29,54198,54198,0
5,US117->CS37,53767,53767,0
5,US117->CS45,54004,54004,0
5,US117->CS53,54050,54050,0
5,US117->CS61,53471,53471,0
5,US118->CS6,54390,54390,0
5,US118->CS14,53693,53693,0
5,US118->CS22,53900,53900,0
5,US118->CS30,53689,53689,0
5,US118->CS38,54138,54138,0
5,US118->CS46,53915,53915,0
5,US118->CS54,53963,53963,0
5,US118->CS62,53682,53682,0
5,US119->CS7,53660,53660,0
5,US119->CS15,53713,53713,0
5,US119->CS23,53800,53800,0
5,US119->CS31,53579,53579,0
5,US119->CS39,53955,53955,0
5,US119->CS47,53836,53836,0
5,US119->CS55,53898,53898,0
5,US119->CS63,53897,53897,0
5,US120->CS0,23632,23631,0
5,US120->CS8,23556,23555,0
5,US120->CS16,23518,23518,0
5,US120->CS24,23561,23560,0
5,US120->CS32,23874,23873,0
5,US120->CS40,23380,23380,0
5,US120->CS48,23427,23427,0
5,US120->CS56,23465,23464,0
5,US121->CS1,23620,23619,0
5,US121->CS9,23290,23290,0
5,US121->CS17,23648,23648,0
5,US121->CS25,23754,23754,0
5,US121->CS33,23382,23382,0
5,US121->CS41,23623,23623,0
5,US121->CS49,23677,23677,0
5,US121->CS57,23594,23594,0
5,US122->CS2,23543,23542,0
5,US122->CS10,23377,23377,0
5,US122->CS18,23704,23704,0
5,US122->CS26,23632,23632,0
5,US122->CS34,23513,23513,0
5,US122->CS42,23692,23692,0
5,US122->CS50,23649,23648,0
5,US122->CS58,23885,23884,0
5,US123->CS3,23422,23422,0
5,US123->CS11,23769,23767,0
5,US123->CS19,23356,23355,0
5,US123->CS27,23668,23666,0
5,US123->CS35,23613,23612,0
5,US123->CS43,23463,23463,0
5,US123->CS51,23881,23880,0
5,US123->CS59,23801,23800,0
5,US124->CS4,23384,23384,0
5,US124->CS12,23830,23828,0
5,US124->CS20,23449,23448,0
5,US124->CS28,23582,23582,0
5,US124->CS36,23358,23358,0
5,US124->CS44,23536,23535,0
5,US124->CS52,23338,23337,0
5,US124->CS60,23504,23504,0
5,US125->CS5,23613,23613,0
5,US125->CS13,23512,23512,0
5,US125->CS21,23559,23558,0
5,US125->CS29,23454,23454,0
5,US125->CS37,23340,23340,0
5,US125->CS45,23633,23633,0
5,US125->CS53,23779,23779,0
5,US125->CS61,23555,23554,0
5,US126->CS6,23504,23504,0
5,US126->CS14,23296,23295,0
5,US126->CS22,23444,23443,0
5,US126->CS30,23529,23527,0
5,US126->CS38,23436,23436,0
5,US126->CS46,23710,23709,0
5,US126->CS54,23656,23656,0
5,US126->CS62,23514,23512,0
5,US127->CS7,23588,23588,0
5,US127->CS15,23579,23578,0
5,US127->CS23,23609,23609,0
5,US127->CS31,23700,23700,0
5,US127->CS39,23474,23474,0
5,US127->CS47,23422,23422,0
5,US127->CS55,23769,23769,0
5,US127->CS63,23677,23677,0
5,CS0->US0,51275,51275,0
5,CS0->US8,0,0,0
5,CS0->US16,23712,23711,0
5,CS0->US24,0,0,0
5,CS0->US32,0,0,0
5,CS0->US40,53956,53956,0
5,CS0->US48,51658,51658,0
5,CS0->US56,0,0,0
5,CS0->US64,0,0,0
5,CS0->US72,50617,50617,0
5,CS0->US80,0,0,0
5,CS0->US88,50927,50927,0
5,CS0->US96,0,0,0
5,CS0->US104,0,0,0
5,CS0->US112,53383,53383,0
5,CS0->US120,23553,23552,0
5,CS1->US1,51211,51211,0
5,CS1->US9,0,0,0
5,CS1->US17,23699,23698,0
5,CS1->US25,0,0,0
5,CS1->US33,0,0,0
5,CS1->US41,54026,54026,0
5,CS1->US49,51467,51467,0
5,CS1->US57,0,0,0
5,CS1->US65,0,0,0
5,CS1->US73,50697,50697,0
5,CS1->US81,0,0,0
5,CS1->US89,50852,50852,0
5,CS1->US97,0,0,0
5,CS1->US105,0,0,0
5,CS1->US113,53662,53662,0
5,CS1->US121,23605,23605,0
5,CS2->US2,51463,51463,0
5,CS2->US10,0,0,0
5,CS2->US18,23631,23631,0
5,CS2->US26,0,0,0
5,CS2->US34,0,0,0
5,CS2->US42,53994,53994,0
5,CS2->US50,51190,51190,0
5,CS2->US58,0,0,0
5,CS2->US66,0,0,0
5,CS2->US74,50837,50837,0
5,CS2->US82,0,0,0
5,CS2->US90,50536,50536,0
5,CS2->US98,0,0,0
5,CS2->US106,0,0,0
5,CS2->US114,53332,53332,0
5,CS2->US122,23722,23722,0
5,CS3->US3,51368,51368,0
5,CS3->US11,0,0,0
5,CS3->US19,23521,23521,0
5,CS3->US27,0,0,0
5,CS3->US35,0,0,0
5,CS3->US43,54545,54545,0
5,CS3->US51,51275,51275,0
5,CS3->US59,0,0,0
5,CS3->US67,0,0,0
5,CS3->US75,50683,50683,0
5,CS3->US83,0,0,0
5,CS3->US91,50658,50658,0
5,CS3->US99,0,0,0
5,CS3->US107,0,0,0
5,CS3->US115,53376,53376,0
5,CS3->US123,23581,23580,0
5,CS4->US4,51719,51719,0
5,CS4->US12,0,0,0
5,CS4->US20,23465,23465,0
5,CS4->US28,0,0,0
5,CS4->US36,0,0,0
5,CS4->US44,53934,53934,0
5,CS4->US52,51147,51147,0
5,CS4->US60,0,0,0
5,CS4->US68,0,0,0
5,CS4->US76,50370,50370,0
5,CS4->US84,0,0,0
5,CS4->US92,50741,50741,0
5,CS4->US100,0,0,0
5,CS4->US108,0,0,0
5,CS4->US116,53486,53486,0
5,CS4->US124,23977,23977,0
5,CS5->US5,51378,51378,0
5,CS5->US13,0,0,0
5,CS5->US21,23671,23670,0
5,CS5->US29,0,0,0
5,CS5->US37,0,0,0
5,CS5->US45,53839,53839,0
5,CS5->US53,51584,51584,0
5,CS5->US61,0,0,0
5,CS5->US69,0,0,0
5,CS5->US77,50970,50970,0
5,CS5->US85,0,0,0
5,CS5->US93,51107,51107,0
5,CS5->US101,0,0,0
5,CS5->US109,0,0,0
5,CS5->US117,53598,53598,0
5,CS5->US125,23956,23956,0
5,CS6->US6,51771,51771,0
5,CS6->US14,0,0,0
5,CS6->US22,23552,23552,0
5,CS6->US30,0,0,0
5,CS6->US38,0,0,0
5,CS6->US46,54523,54523,0
5,CS6->US54,51593,51593,0
5,CS6->US62,0,0,0
5,CS6->US70,0,0,0
5,CS6->US78,51051,51051,0
5,CS6->US86,0,0,0
5,CS6->US94,50905,50905,0
5,CS6->US102,0,0,0
5,CS6->US110,0,0,0
5,CS6->US118,53485,53485,0
5,CS6->US126,23641,23641,0
5,CS7->US7,51562,51562,0
5,CS7->US15,0,0,0
5,CS7->US23,23659,23659,0
5,CS7->US31,0,0,0
5,CS7->US39,0,0,0
5,CS7->US47,53762,53762,0
5,CS7->US55,51697,51697,0
5,CS7->US63,0,0,0
5,CS7->US71,0,0,0
5,CS7->US79,50812,50812,0
5,CS7->US87,0,0,0
5,CS7->US95,50958,50958,0
5,CS7->US103,0,0,0
5,CS7->US111,0,0,0
5,CS7->US119,53402,53402,0
5,CS7->US127,23537,23537,0
5,CS8->US0,51218,51218,0
5,CS8->US8,0,0,0
5,CS8->US16,23591,23589,0
5,CS8->US24,0,0,0
5,CS8->US32,0,0,0
5,CS8->US40,53916,53916,0
5,CS8->US48,51459,51459,0
5,CS8->US56,0,0,0
5,CS8->US64,0,0,0
5,CS8->US72,50581,50581,0
5,CS8->US80,0,0,0
5,CS8->US88,51144,51144,0
5,CS8->US96,0,0,0
5,CS8->US104,0,0,0
5,CS8->US112,53634,53634,0
5,CS8->US120,23481,23481,0
5,CS9->US1,51811,51811,0
5,CS9->US9,0,0,0
5,CS9->US17,23380,23379,0
5,CS9->US25,0,0,0
5,CS9->US33,0,0,0
5,CS9->US41,53747,53747,0
5,CS9->US49,51679,51679,0
5,CS9->US57,0,0,0
5,CS9->US65,0,0,0
5,CS9->US73,50724,50724,0
5,CS9->US81,0,0,0
5,CS9->US89,50781,50781,0
5,CS9->US97,0,0,0
5,CS9->US105,0,0,0
5,CS9->US113,54014,54014,0
5,CS9->US121,23732,23731,0
5,CS10->US2,51075,51075,0
5,CS10->US10,0,0,0
5,CS10->US18,23432,23431,0
5,CS10->US26,0,0,0
5,CS10->US34,0,0,0
5,CS10->US42,53789,53789,0
5,CS10->US50,51162,51162,0
5,CS10->US58,0,0,0
5,CS10->US66,0,0,0
5,CS10->US74,50850,50850,0
5,CS10->US82,0,0,0
5,CS10->US90,50858,50858,0
5,CS10->US98,0,0,0
5,CS10->US106,0,0,0
5,CS10->US114,53322,53322,0
5,CS10->US122,23556,23556,0
5,CS11->US3,51351,51351,0
5,CS11->US11,0,0,0
5,CS11->US19,23856,23855,0
5,CS11->US27,0,0,0
5,CS11->US35,0,0,0
5,CS11->US43,54309,54309,0
5,CS11->US51,51674,51674,0
5,CS11->US59,0,0,0
5,CS11->US67,0,0,0
5,CS11->US75,50804,50804,0
5,CS11->US83,0,0,0
5,CS11->US91,50941,50941,0
5,CS11->US99,0,0,0
5,CS11->US107,0,0,0
5,CS11->US115,53534,53534,0
5,CS11->US123,23693,23693,0
5,CS12->US4,51891,51891,0
5,CS12->US12,0,0,0
5,CS12->US20,23898,23898,0
5,CS12->US28,0,0,0
5,CS12->US36,0,0,0
5,CS12->US44,53724,53724,0
5,CS12->US52,51817,51817,0
5,CS12->US60,0,0,0
5,CS12->US68,0,0,0
5,CS12->US76,51159,51159,0
5,CS12->US84,0,0,0
5,CS12->US92,50899,50899,0
5,CS12->US100,0,0,0
5,CS12->US108,0,0,0
5,CS12->US116,53141,53141,0
5,CS12->US124,23686,23686,0
5,CS13->US5,51649,51649,0
5,CS13->US13,0,0,0
5,CS13->US21,23615,23614,0
5,CS13->US29,0,0,0
5,CS13->US37,0,0,0
5,CS13->US45,53554,53554,0
5,CS13->US53,51783,51783,0
5,CS13->US61,0,0,0
5,CS13->US69,0,0,0
5,CS13->US77,50642,50642,0
5,CS13->US85,0,0,0
5,CS13->US93,50438,50438,0
5,CS13->US101,0,0,0
5,CS13->US109,0,0,0
5,CS13->US117,53246,53246,0
5,CS13->US125,23747,23746,0
5,CS14->US6,51577,51577,0
5,CS14->US14,0,0,0
5,CS14->US22,23409,23408,0
5,CS14->US30,0,0,0
5,CS14->US38,0,0,0
5,CS14->US46,53714,53714,0
5,CS14->US54,51813,51813,0
5,CS14->US62,0,0,0
5,CS14->US70,0,0,0
5,CS14->US78,50592,50592,0
5,CS14->US86,0,0,0
5,CS14->US94,50370,50370,0
5,CS14->US102,0,0,0
5,CS14->US110,0,0,0
5,CS14->US118,53472,53472,0
5,CS14->US126,23588,23587,0
5,CS15->US7,51970,51970,0
5,CS15->US15,0,0,0
5,CS15->US23,23652,23651,0
5,CS15->US31,0,0,0
5,CS15->US39,0,0,0
5,CS15->US47,53823,53823,0
5,CS15->US55,51442,51442,0
5,CS15->US63,0,0,0
5,CS15->US71,0,0,0
5,CS15->US79,50731,50731,0
5,CS15->US87,0,0,0
5,CS15->US95,51070,51070,0
5,CS15->US103,0,0,0
5,CS15->US111,0,0,0
5,CS15->US119,53393,53393,0
5,CS15->US127,23872,23871,0
5,CS16->US0,51005,51005,0
5,CS16->US8,0,0,0
5,CS16->US16,23600,23600,0
5,CS16->US24,0,0,0
5,CS16->US32,0,0,0
5,CS16->US40,53874,53874,0
5,CS16->US48,51411,51411,0
5,CS16->US56,0,0,0
5,CS16->US64,0,0,0
5,CS16->US72,51002,51002,0
5,CS16->US80,0,0,0
5,CS16->US88,50590,50590,0
5,CS16->US96,0,0,0
5,CS16->US104,0,0,0
5,CS16->US112,53225,53225,0
5,CS16->US120,23725,23725,0
5,CS17->US1,51629,51629,0
5,CS17->US9,0,0,0
5,CS17->US17,23753,23751,0
5,CS17->US25,0,0,0
5,CS17->US33,0,0,0
5,CS17->US41,53971,53971,0
5,CS17->US49,51476,51476,0
5,CS17->US57,0,0,0
5,CS17->US65,0,0,0
5,CS17->US73,50853,50853,0
5,CS17->US81,0,0,0
5,CS17->US89,50943,50943,0
5,CS17->US97,0,0,0
5,CS17->US105,0,0,0
5,CS17->US113,53187,53187,0
5,CS17->US121,23631,23629,0
5,CS18->US2,51253,51253,0
5,CS18->US10,0,0,0
5,CS18->US18,23780,23780,0
5,CS18->US26,0,0,0
5,CS18->US34,0,0,0
5,CS18->US42,53975,53975,0
5,CS18->US50,51065,51065,0
5,CS18->US58,0,0,0
5,CS18->US66,0,0,0
5,CS18->US74,50816,50816,0
5,CS18->US82,0,0,0
5,CS18->US90,50989,50989,0
5,CS18->US98,0,0,0
5,CS18->US106,0,0,0
5,CS18->US114,53174,53174,0
5,CS18->US122,23645,23644,0
5,CS19->US3,51089,51089,0
5,CS19->US11,0,0,0
5,CS19->US19,23427,23427,0
5,CS19->US27,0,0,0
5,CS19->US35,0,0,0
5,CS19->US43,53941,53941,0
5,CS19->US51,51306,51306,0
5,CS19->US59,0,0,0
5,CS19->US67,0,0,0
5,CS19->US75,50658,50658,0
5,CS19->US83,0,0,0
5,CS19->US91,51054,51054,0
5,CS19->US99,0,0,0
5,CS19->US107,0,0,0
5,CS19->US115,53389,53389,0
5,CS19->US123,23759,23758,0
5,CS20->US4,51321,51321,0
5,CS20->US12,0,0,0
5,CS20->US20,23492,23492,0
5,CS20->US28,0,0,0
5,CS20->US36,0,0,0
5,CS20->US44,53791,53791,0
5,CS20->US52,51309,51309,0
5,CS20->US60,0,0,0
5,CS20->US68,0,0,0
5,CS20->US76,51041,51041,0
5,CS20->US84,0,0,0
5,CS20->US92,50703,50703,0
5,CS20->US100,0,0,0
5,CS20->US108,0,0,0
5,CS20->US116,53568,53568,0
5,CS20->US124,23765,23765,0
5,CS21->US5,51517,51517,0
5,CS21->US13,0,0,0
5,CS21->US21,23665,23664,0
5,CS21->US29,0,0,0
5,CS21->US37,0,0,0
5,CS21->US45,54264,54264,0
5,CS21->US53,51450,51450,0
5,CS21->US61,0,0,0
5,CS21->US69,0,0,0
5,CS21->US77,50994,50994,0
5,CS21->US85,0,0,0
5,CS21->US93,50388,50388,0
5,CS21->US101,0,0,0
5,CS21->US109,0,0,0
5,CS21->US117,53701,53701,0
5,CS21->US125,23918,23917,0
5,CS22->US6,51631,51631,0
5,CS22->US14,0,0,0
5,CS22->US22,23550,23550,0
5,CS22->US30,0,0,0
5,CS22->US38,0,0,0
5,CS22->US46,54025,54025,0
5,CS22->US54,51334,51334,0
5,CS22->US62,0,0,0
5,CS22->US70,0,0,0
5,CS22->US78,50957,50957,0
5,CS22->US86,0,0,0
5,CS22->US94,50849,50849,0
5,CS22->US102,0,0,0
5,CS22->US110,0,0,0
5,CS22->US118,53509,53509,0
5,CS22->US126,23868,23868,0
5,CS23->US7,51588,51588,0
5,CS23->US15,0,0,0
5,CS23->US23,23661,23661,0
5,CS23->US31,0,0,0
5,CS23->US39,0,0,0
5,CS23->US47,53872,53872,0
5,CS23->US55,51429,51429,0
5,CS23->US63,0,0,0
5,CS23->US71,0,0,0
5,CS23->US79,50809,50809,0
5,CS23->US87,0,0,0
5,CS23->US95,50676,50676,0
5,CS23->US103,0,0,0
5,CS23->US111,0,0,0
5,CS23->US119,53517,53517,0
5,CS23->US127,23766,23766,0
5,CS24->US0,51707,51707,0
5,CS24->US8,0,0,0
5,CS24->US16,23637,23637,0
5,CS24->US24,0,0,0
5,CS24->US32,0,0,0
5,CS24->US40,54021,54021,0
5,CS24->US48,51717,51717,0
5,CS24->US56,0,0,0
5,CS24->US64,0,0,0
5,CS24->US72,51256,51256,0
5,CS24->US80,0,0,0
5,CS24->US88,51047,51047,0
5,CS24->US96,0,0,0
5,CS24->US104,0,0,0
5,CS24->US112,53663,53663,0
5,CS24->US120,23662,23662,0
5,CS25->US1,51287,51287,0
5,CS25->US9,0,0,0
5,CS25->US17,23806,23805,0
5,CS25->US25,0,0,0
5,CS25->US33,0,0,0
5,CS25->US41,54034,54034,0
5,CS25->US49,51197,51197,0
5,CS25->US57,0,0,0
5,CS25->US65,0,0,0
5,CS25->US73,50832,50832,0
5,CS25->US81,0,0,0
5,CS25->US89,50959,50959,0
5,CS25->US97,0,0,0
5,CS25->US105,0,0,0
5,CS25->US113,53445,53445,0
5,CS25->US121,23966,23966,0
5,CS26->US2,51581,51581,0
5,CS26->US10,0,0,0
5,CS26->US18,23717,23717,0
5,CS26->US26,0,0,0
5,CS26->US34,0,0,0
5,CS26->US42,53818,53818,0
5,CS26->US50,51840,51840,0
5,CS26->US58,0,0,0
5,CS26->US66,0,0,0
5,CS26->US74,50204,50204,0
5,CS26->US82,0,0,0
5,CS26->US90,50721,50721,0
5,CS26->US98,0,0,0
5,CS26->US106,0,0,0
5,CS26->US114,53265,53265,0
5,CS26->US122,23600,23600,0
5,CS27->US3,51564,51564,0
5,CS27->US11,0,0,0
5,CS27->US19,23726,23726,0
5,CS27->US27,0,0,0
5,CS27->US35,0,0,0
5,CS27->US43,53839,53839,0
5,CS27->US51,51678,51678,0
5,CS27->US59,0,0,0
5,CS27->US67,0,0,0
5,CS27->US75,50565,50565,0
5,CS27->US83,0,0,0
5,CS27->US91,50446,50446,0
5,CS27->US99,0,0,0
5,CS27->US107,0,0,0
5,CS27->US115,53315,53315,0
5,CS27->US123,23438,23438,0
5,CS28->US4,51467,51467,0
5,CS28->US12,0,0,0
5,CS28->US20,23650,23649,0
5,CS28->US28,0,0,0
5,CS28->US36,0,0,0
5,CS28->US44,54202,54202,0
5,CS28->US52,51199,51199,0
5,CS28->US60,0,0,0
5,CS28->US68,0,0,0
5,CS28->US76,50776,50776,0
5,CS28->US84,0,0,0
5,CS28->US92,50836,50836,0
5,CS28->US100,0,0,0
5,CS28->US108,0,0,0
5,CS28->US116,53718,53718,0
5,CS28->US124,23958,23958,0
5,CS29->US5,51208,51208,0
5,CS29->US13,0,0,0
5,CS29->US21,23507,23507,0
5,CS29->US29,0,0,0
5,CS29->US37,0,0,0
5,CS29->US45,54326,54326,0
5,CS29->US53,51675,51675,0
5,CS29->US61,0,0,0
5,CS29->US69,0,0,0
5,CS29->US77,50705,50705,0
5,CS29->US85,0,0,0
5,CS29->US93,50381,50381,0
5,CS29->US101,0,0,0
5,CS29->US109,0,0,0
5,CS29->US117,53247,53247,0
5,CS29->US125,23417,23416,0
5,CS30->US6,51418,51418,0
5,CS30->US14,0,0,0
5,CS30->US22,23564,23564,0
5,CS30->US30,0,0,0
5,CS30->US38,0,0,0
5,CS30->US46,53817,53817,0
5,CS30->US54,51402,51402,0
5,CS30->US62,0,0,0
5,CS30->US70,0,0,0
5,CS30->US78,50704,50704,0
5,CS30->US86,0,0,0
5,CS30->US94,50747,50747,0
5,CS30->US102,0,0,0
5,CS30->US110,0,0,0
5,CS30->US118,53600,53600,0
5,CS30->US126,23794,23794,0
5,CS31->US7,51134,51134,0
5,CS31->US15,0,0,0
5,CS31->US23,23815,23815,0
5,CS31->US31,0,0,0
5,CS31->US39,0,0,0
5,CS31->US47,53697,53697,0
5,CS31->US55,51337,51337,0
5,CS31->US63,0,0,0
5,CS31->US71,0,0,0
5,CS31->US79,50828,50828,0
5,CS31->US87,0,0,0
5,CS31->US95,50669,50669,0
5,CS31->US103,0,0,0
5,CS31->US111,0,0,0
5,CS31->US119,53913,53913,0
5,CS31->US127,23656,23656,0
5,CS32->US0,51505,51505,0
5,CS32->US8,0,0,0
5,CS32->US16,23918,23917,0
5,CS32->US24,0,0,0
5,CS32->US32,0,0,0
5,CS32->US40,54085,54085,0
5,CS32->US48,51795,51795,0
5,CS32->US56,0,0,0
5,CS32->US64,0,0,0
5,CS32->US72,50724,50724,0
5,CS32->US80,0,0,0
5,CS32->US88,51011,51011,0
5,CS32->US96,0,0,0
5,CS32->US104,0,0,0
5,CS32->US112,53410,53410,0
5,CS32->US120,23458,23458,0
5,CS33->US1,51628,51628,0
5,CS33->US9,0,0,0
5,CS33->US17,23483,23482,0
5,CS33->US25,0,0,0
5,CS33->US33,0,0,0
5,CS33->US41,53970,53970,0
5,CS33->US49,51392,51392,0
5,CS33->US57,0,0,0
5,CS33->US65,0,0,0
5,CS33->US73,50904,50904,0
5,CS33->US81,0,0,0
5,CS33->US89,50621,50621,0
5,CS33->US97,0,0,0
5,CS33->US105,0,0,0
5,CS33->US113,53502,53502,0
5,CS33->US121,23549,23549,0
5,CS34->US2,51641,51641,0
5,CS34->US10,0,0,0
5,CS34->US18,23576,23576,0
5,CS34->US26,0,0,0
5,CS34->US34,0,0,0
5,CS34->US42,53832,53832,0
5,CS34->US50,51924,51924,0
5,CS34->US58,0,0,0
5,CS34->US66,0,0,0
5,CS34->US74,50681,50681,0
5,CS34->US82,0,0,0
5,CS34->US90,50926,50926,0
5,CS34->US98,0,0,0
5,CS34->US106,0,0,0
5,CS34->US114,53421,53421,0
5,CS34->US122,23691,23689,0
5,CS35->US3,51535,51535,0
5,CS35->US11,0,0,0
5,CS35->US19,23685,23685,0
5,CS35->US27,0,0,0
5,CS35->US35,0,0,0
5,CS35->US43,53898,53898,0
5,CS35->US51,51674,51674,0
5,CS35->US59,0,0,0
5,CS35->US67,0,0,0
5,CS35->US75,50710,50710,0
5,CS35->US83,0,0,0
5,CS35->US91,50713,50713,0
5,CS35->US99,0,0,0
5,CS35->US107,0,0,0
5,CS35->US115,53390,53390,0
5,CS35->US123,23766,23765,0
5,CS36->US4,51656,51656,0
5,CS36->US12,0,0,0
5,CS36->US20,23432,23431,0
5,CS36->US28,0,0,0
5,CS36->US36,0,0,0
5,CS36->US44,53886,53886,0
5,CS36->US52,51629,51629,0
5,CS36->US60,0,0,0
5,CS36->US68,0,0,0
5,CS36->US76,50637,50637,0
5,CS36->US84,0,0,0
5,CS36->US92,50823,50823,0
5,CS36->US100,0,0,0
5,CS36->US108,0,0,0
5,CS36->US116,53135,53135,0
5,CS36->US124,23649,23649,0
5,CS37->US5,51795,51795,0
5,CS37->US13,0,0,0
5,CS37->US21,23419,23419,0
5,CS37->US29,0,0,0
5,CS37->US37,0,0,0
5,CS37->US45,53866,53866,0
5,CS37->US53,51305,51305,0
5,CS37->US61,0,0,0
5,CS37->US69,0,0,0
5,CS37->US77,50830,50830,0
5,CS37->US85,0,0,0
5,CS37->US93,50646,50646,0
5,CS37->US101,0,0,0
5,CS37->US109,0,0,0
5,CS37->US117,53019,53019,0
5,CS37->US125,23650,23650,0
5,CS38->US6,51355,51355,0
5,CS38->US14,0,0,0
5,CS38->US22,23531,23531,0
5,CS38->US30,0,0,0
5,CS38->US38,0,0,0
5,CS38->US46,54237,54237,0
5,CS38->US54,51355,51355,0
5,CS38->US62,0,0,0
5,CS38->US70,0,0,0
5,CS38->US78,50956,50956,0
5,CS38->US86,0,0,0
5,CS38->US94,50573,50573,0
5,CS38->US102,0,0,0
5,CS38->US110,0,0,0
5,CS38->US118,53255,53255,0
5,CS38->US126,23779,23779,0
5,CS39->US7,51410,51410,0
5,CS39->US15,0,0,0
5,CS39->US23,23568,23567,0
5,CS39->US31,0,0,0
5,CS39->US39,0,0,0
5,CS39->US47,54064,54064,0
5,CS39->US55,51354,51354,0
5,CS39->US63,0,0,0
5,CS39->US71,0,0,0
5,CS39->US79,50792,50792,0
5,CS39->US87,0,0,0
5,CS39->US95,50645,50645,0
5,CS39->US103,0,0,0
5,CS39->US111,0,0,0
5,CS39->US119,53579,53579,0
5,CS39->US127,23809,23808,0
5,CS40->US0,51511,51511,0
5,CS40->US8,0,0,0
5,CS40->US16,23484,23482,0
5,CS40->US24,0,0,0
5,CS40->US32,0,0,0
5,CS40->US40,54119,54119,0
5,CS40->US48,51460,51460,0
5,CS40->US56,0,0,0
5,CS40->US64,0,0,0
5,CS40->US72,50608,50608,0
5,CS40->US80,0,0,0
5,CS40->US88,50673,50673,0
5,CS40->US96,0,0,0
5,CS40->US104,0,0,0
5,CS40->US112,53715,53715,0
5,CS40->US120,23356,23356,0
5,CS41->US1,51676,51676,0
5,CS41->US9,0,0,0
5,CS41->US17,23738,23738,0
5,CS41->US25,0,0,0
5,CS41->US33,0,0,0
5,CS41->US41,53529,53529,0
5,CS41->US49,51039,51039,0
5,CS41->US57,0,0,0
5,CS41->US65,0,0,0
5,CS41->US73,50888,50888,0
5,CS41->US81,0,0,0
5,CS41->US89,51120,51120,0
5,CS41->US97,0,0,0
5,CS41->US105,0,0,0
5,CS41->US113,53533,53533,0
5,CS41->US121,23689,23687,0
5,CS42->US2,51287,51287,0
5,CS42->US10,0,0,0
5,CS42->US18,23768,23768,0
5,CS42->US26,0,0,0
5,CS42->US34,0,0,0
5,CS42->US42,53789,53789,0
5,CS42->US50,51415,51415,0
5,CS42->US58,0,0,0
5,CS42->US66,0,0,0
5,CS42->US74,50500,50500,0
5,CS42->US82,0,0,0
5,CS42->US90,50835,50835,0
5,CS42->US98,0,0,0
5,CS42->US106,0,0,0
5,CS42->US114,53505,53505,0
5,CS42->US122,23617,23617,0
5,CS43->US3,51201,51201,0
5,CS43->US11,0,0,0
5,CS43->US19,23549,23549,0
5,CS43->US27,0,0,0
5,CS43->US35,0,0,0
5,CS43->US43,53935,53935,0
5,CS43->US51,51401,51401,0
5,CS43->US59,0,0,0
5,CS43->US67,0,0,0
5,CS43->US75,50694,50694,0
5,CS43->US83,0,0,0
5,CS43->US91,50731,50731,0
5,CS43->US99,0,0,0
5,CS43->US107,0,0,0
5,CS43->US115,53327,53327,0
5,CS43->US123,23766,23766,0
5,CS44->US4,51196,51196,0
5,CS44->US12,0,0,0
5,CS44->US20,23621,23621,0
5,CS44->US28,0,0,0
5,CS44->US36,0,0,0
5,CS44->US44,53875,53875,0
5,CS44->US52,51502,51502,0
5,CS44->US60,0,0,0
5,CS44->US68,0,0,0
5,CS44->US76,50727,50727,0
5,CS44->US84,0,0,0
5,CS44->US92,50601,50601,0
5,CS44->US100,0,0,0
5,CS44->US108,0,0,0
5,CS44->US116,53464,53464,0
5,CS44->US124,23595,23595,0
5,CS45->US5,51221,51221,0
5,CS45->US13,0,0,0
5,CS45->US21,23698,23697,0
5,CS45->US29,0,0,0
5,CS45->US37,0,0,0
5,CS45->US45,54143,54143,0
5,CS45->US53,51565,51565,0
5,CS45->US61,0,0,0
5,CS45->US69,0,0,0
5,CS45->US77,50498,50498,0
5,CS45->US85,0,0,0
5,CS45->US93,50769,50769,0
5,CS45->US101,0,0,0
5,CS45->US109,0,0,0
5,CS45->US117,53570,53570,0
5,CS45->US125,23868,23868,0
5,CS46->US6,51287,51287,0
5,CS46->US14,0,0,0
5,CS46->US22,23811,23810,0
5,CS46->US30,0,0,0
5,CS46->US38,0,0,0
5,CS46->US46,54044,54044,0
5,CS46->US54,51451,51451,0
5,CS46->US62,0,0,0
5,CS46->US70,0,0,0
5,CS46->US78,50734,50734,0
5,CS46->US86,0,0,0
5,CS46->US94,50828,50828,0
5,CS46->US102,0,0,0
5,CS46->US110,0,0,0
5,CS46->US118,53657,53657,0
5,CS46->US126,23702,23702,0
5,CS47->US7,51276,51276,0
5,CS47->US15,0,0,0
5,CS47->US23,23514,23514,0
5,CS47->US31,0,0,0
5,CS47->US39,0,0,0
5,CS47->US47,53957,53957,0
5,CS47->US55,51852,51852,0
5,CS47->US63,0,0,0
5,CS47->US71,0,0,0
5,CS47->US79,50653,50653,0
5,CS47->US87,0,0,0
5,CS47->US95,50497,50497,0
5,CS47->US103,0,0,0
5,CS47->US111,0,0,0
5,CS47->US119,53508,53508,0
5,CS47->US127,23603,23601,0
5,CS48->US0,51538,51538,0
5,CS48->US8,0,0,0
5,CS48->US16,23530,23530,0
5,CS48->US24,0,0,0
5,CS48->US32,0,0,0
5,CS48->US40,53992,53992,0
5,CS48->US48,51407,51407,0
5,CS48->US56,0,0,0
5,CS48->US64,0,0,0
5,CS48->US72,50488,50488,0
5,CS48->US80,0,0,0
5,CS48->US88,50878,50878,0
5,CS48->US96,0,0,0
5,CS48->US104,0,0,0
5,CS48->US112,53456,53456,0
5,CS48->US120,23771,23770,0
5,CS49->US1,51580,51580,0
5,CS49->US9,0,0,0
5,CS49->US17,23776,23776,0
5,CS49->US25,0,0,0
5,CS49->US33,0,0,0
5,CS49->US41,53947,53947,0
5,CS49->US49,51301,51301,0
5,CS49->US57,0,0,0
5,CS49->US65,0,0,0
5,CS49->US73,51017,51017,0
5,CS49->US81,0,0,0
5,CS49->US89,50981,50981,0
5,CS49->US97,0,0,0
5,CS49->US105,0,0,0
5,CS49->US113,52650,52650,0
5,CS49->US121,23667,23666,0
5,CS50->US2,51772,51772,0
5,CS50->US10,0,0,0
5,CS50->US18,23705,23705,0
5,CS50->US26,0,0,0
5,CS50->US34,0,0,0
5,CS50->US42,54091,54091,0
5,CS50->US50,51597,51597,0
5,CS50->US58,0,0,0
5,CS50->US66,0,0,0
5,CS50->US74,50896,50896,0
5,CS50->US82,0,0,0
5,CS50->US90,51104,51104,0
5,CS50->US98,0,0,0
5,CS50->US106,0,0,0
5,CS50->US114,53731,53731,0
5,CS50->US122,23588,23588,0
5,CS51->US3,51871,51871,0
5,CS51->US11,0,0,0
5,CS51->US19,23955,23954,0
5,CS51->US27,0,0,0
5,CS51->US35,0,0,0
5,CS51->US43,53891,53891,0
5,CS51->US51,51359,51359,0
5,CS51->US59,0,0,0
5,CS51->US67,0,0,0
5,CS51->US75,50784,50784,0
5,CS51->US83,0,0,0
5,CS51->US91,50854,50854,0
5,CS51->US99,0,0,0
5,CS51->US107,0,0,0
5,CS51->US115,53329,53329,0
5,CS51->US123,23715,23715,0
5,CS52->US4,51727,51727,0
5,CS52->US12,0,0,0
5,CS52->US20,23402,23401,0
5,CS52->US28,0,0,0
5,CS52->US36,0,0,0
5,CS52->US44,54136,54136,0
5,CS52->US52,51655,51655,0
5,CS52->US60,0,0,0
5,CS52->US68,0,0,0
5,CS52->US76,50914,50914,0
5,CS52->US84,0,0,0
5,CS52->US92,50781,50781,0
5,CS52->US100,0,0,0
5,CS52->US108,0,0,0
5,CS52->US116,53498,53498,0
5,CS52->US124,23615,23612,0
5,CS53->US5,51976,51976,0
5,CS53->US13,0,0,0
5,CS53->US21,23869,23868,0
5,CS53->US29,0,0,0
5,CS53->US37,0,0,0
5,CS53->US45,54113,54113,0
5,CS53->US53,51506,51506,0
5,CS53->US61,0,0,0
5,CS53->US69,0,0,0
5,CS53->US77,50673,50673,0
5,CS53->US85,0,0,0
5,CS53->US93,50352,50352,0
5,CS53->US101,0,0,0
5,CS53->US109,0,0,0
5,CS53->US117,53518,53518,0
5,CS53->US125,23583,23583,0
5,CS54->US6,51481,51481,0
5,CS54->US14,0,0,0
5,CS54->US22,23770,23770,0
5,CS54->US30,0,0,0
5,CS54->US38,0,0,0
5,CS54->US46,54072,54072,0
5,CS54->US54,51246,51246,0
5,CS54->US62,0,0,0
5,CS54->US70,0,0,0
5,CS54->US78,50842,50842,0
5,CS54->US86,0,0,0
5,CS54->US94,50681,50681,0
5,CS54->US102,0,0,0
5,CS54->US110,0,0,0
5,CS54->US118,53864,53864,0
5,CS54->US126,23331,23330,0
5,CS55->US7,51378,51378,0
5,CS55->US15,0,0,0
5,CS55->US23,23841,23841,0
5,CS55->US31,0,0,0
5,CS55->US39,0,0,0
5,CS55->US47,54012,54012,0
5,CS55->US55,51055,51055,0
5,CS55->US63,0,0,0
5,CS55->US71,0,0,0
5,CS55->US79,50717,50717,0
5,CS55->US87,0,0,0
5,CS55->US95,50765,50765,0
5,CS55->US103,0,0,0
5,CS55->US111,0,0,0
5,CS55->US119,53856,53856,0
5,CS55->US127,23520,23519,0
5,CS56->US0,51601,51601,0
5,CS56->US8,0,0,0
5,CS56->US16,23540,23540,0
5,CS56->US24,0,0,0
5,CS56->US32,0,0,0
5,CS56->US40,53661,53661,0
5,CS56->US48,51836,51836,0
5,CS56->US56,0,0,0
5,CS56->US64,0,0,0
5,CS56->US72,50901,50901,0
5,CS56->US80,0,0,0
5,CS56->US88,50373,50373,0
5,CS56->US96,0,0,0
5,CS56->US104,0,0,0
5,CS56->US112,53495,53495,0
5,CS56->US120,23527,23527,0
5,CS57->US1,51269,51269,0
5,CS57->US9,0,0,0
5,CS57->US17,23649,23649,0
5,CS57->US25,0,0,0
5,CS57->US33,0,0,0
5,CS57->US41,53581,53581,0
5,CS57->US49,51333,51333,0
5,CS57->US57,0,0,0
5,CS57->US65,0,0,0
5,CS57->US73,50709,50709,0
5,CS57->US81,0,0,0
5,CS57->US89,51011,51011,0
5,CS57->US97,0,0,0
5,CS57->US105,0,0,0
5,CS57->US113,53675,53675,0
5,CS57->US121,23584,23583,0
5,CS58->US2,51480,51480,0
5,CS58->US10,0,0,0
5,CS58->US18,23940,23940,0
5,CS58->US26,0,0,0
5,CS58->US34,0,0,0
5,CS58->US42,54158,54158,0
5,CS58->US50,51873,51873,0
5,CS58->US58,0,0,0
5,CS58->US66,0,0,0
5,CS58->US74,51257,51257,0
5,CS58->US82,0,0,0
5,CS58->US90,50722,50722,0
5,CS58->US98,0,0,0
5,CS58->US106,0,0,0
5,CS58->US114,53383,53383,0
5,CS58->US122,23743,23743,0
5,CS59->US3,51198,51198,0
5,CS59->US11,0,0,0
5,CS59->US19,23865,23865,0
5,CS59->US27,0,0,0
5,CS59->US35,0,0,0
5,CS59->US43,54085,54085,0
5,CS59->US51,51260,51260,0
5,CS59->US59,0,0,0
5,CS59->US67,0,0,0
5,CS59->US75,50913,50913,0
5,CS59->US83,0,0,0
5,CS59->US91,50561,50561,0
5,CS59->US99,0,0,0
5,CS59->US107,0,0,0
5,CS59->US115,53296,53296,0
5,CS59->US123,23775,23775,0
5,CS60->US4,51221,51221,0
5,CS60->US12,0,0,0
5,CS60->US20,23576,23576,0
5,CS60->US28,0,0,0
5,CS60->US36,0,0,0
5,CS60->US44,53924,53924,0
5,CS60->US52,51322,51322,0
5,CS60->US60,0,0,0
5,CS60->US68,0,0,0
5,CS60->US76,50663,50663,0
5,CS60->US84,0,0,0
5,CS60->US92,51074,51074,0
5,CS60->US100,0,0,0
5,CS60->US108,0,0,0
5,CS60->US116,53381,53381,0
5,CS60->US124,23410,23408,0
5,CS61->US5,51683,51683,0
5,CS61->US13,0,0,0
5,CS61->US21,23641,23638,0
5,CS61->US29,0,0,0
5,CS61->US37,0,0,0
5,CS61->US45,53573,53573,0
5,CS61->US53,51845,51845,0
5,CS61->US61,0,0,0
5,CS61->US69,0,0,0
5,CS61->US77,51113,51113,0
5,CS61->US85,0,0,0
5,CS61->US93,50540,50540,0
5,CS61->US101,0,0,0
5,CS61->US109,0,0,0
5,CS61->US117,53269,53269,0
5,CS61->US125,23532,23531,0
5,CS62->US6,51205,51205,0
5,CS62->US14,0,0,0
5,CS62->US22,23576,23576,0
5,CS62->US30,0,0,0
5,CS62->US38,0,0,0
5,CS62->US46,53758,53758,0
5,CS62->US54,51368,51368,0
5,CS62->US62,0,0,0
5,CS62->US70,0,0,0
5,CS62->US78,50782,50782,0
5,CS62->US86,0,0,0
5,CS62->US94,50759,50759,0
5,CS62->US102,0,0,0
5,CS62->US110,0,0,0
5,CS62->US118,53678,53678,0
5,CS62->US126,23698,23697,0
5,CS63->US7,51989,51989,0
5,CS63->US15,0,0,0
5,CS63->US23,23752,23752,0
5,CS63->US31,0,0,0
5,CS63->US39,0,0,0
5,CS63->US47,54043,54043,0
5,CS63->US55,51629,51629,0
5,CS63->US63,0,0,0
5,CS63->US71,0,0,0
5,CS63->US79,50550,50550,0
5,CS63->US87,0,0,0
5,CS63->US95,50816,50816,0
5,CS63->US103,0,0,0
5,CS63->US111,0,0,0
5,CS63->US119,53635,53635,0
5,CS63->US127,23547,23545,0
6,US0->CS0,51939,51939,0
6,US0->CS8,51748,51748,0
6,US0->CS16,51672,51672,0
6,US0->CS24,51987,51987,0
6,US0->CS32,52080,52080,0
6,US0->CS40,51724,51724,0
6,US0->CS48,51692,51692,0
6,US0->CS56,52091,52091,0
6,US1->CS1,51803,51803,0
6,US1->CS9,51969,51969,0
6,US1->CS17,51709,51709,0
6,US1->CS25,51502,51502,0
6,US1->CS33,51672,51672,0
6,US1->CS41,51316,51316,0
6,US1->CS49,51603,51603,0
6,US1->CS57,51612,51612,0
6,US2->CS2,51475,51475,0
6,US2->CS10,51478,51478,0
6,US2->CS18,51338,51338,0
6,US2->CS26,52013,52013,0
6,US2->CS34,52200,52200,0
6,US2->CS42,51661,51661,0
6,US2->CS50,51874,51874,0
6,US2->CS58,52141,52141,0
6,US3->CS3,51538,51538,0
6,US3->CS11,51935,51935,0
6,US3->CS19,51580,51580,0
6,US3->CS27,51947,51947,0
6,US3->CS35,51951,51951,0
6,US3->CS43,51638,51638,0
6,US3->CS51,51678,51678,0
6,US3->CS59,51552,51552,0
6,US4->CS4,51429,51429,0
6,US4->CS12,52036,52036,0
6,US4->CS20,51571,51571,0
6,US4->CS28,51465,51465,0
6,US4->CS36,51959,51959,0
6,US4->CS44,51743,51743,0
6,US4->CS52,51932,51932,0
6,US4->CS60,51629,51629,0
6,US5->CS5,51842,51842,0
6,US5->CS13,52103,52103,0
6,US5->CS21,51730,51730,0
6,US5->CS29,51904,51904,0
6,US5->CS37,51564,51564,0
6,US5->CS45,51879,51879,0
6,US5->CS53,51744,51744,0
6,US5->CS61,52145,52145,0
6,US6->CS6,51877,51877,0
6,US6->CS14,52060,52060,0
6,US6->CS22,51636,51636,0
6,US6->CS30,51697,51697,0
6,US6->CS38,51652,51652,0
6,US6->CS46,51718,51718,0
6,US6->CS54,51508,51508,0
6,US6->CS62,51642,51642,0
6,US7->CS7,52005,52005,0
6,US7->CS15,51763,51763,0
6,US7->CS23,51697,51697,0
6,US7->CS31,51642,51642,0
6,US7->CS39,51628,51628,0
6,US7->CS47,52129,52129,0
6,US7->CS55,51348,51348,0
6,US7->CS63,51916,51916,0
6,US8->CS0,4259,4259,0
6,US8->CS8,4349,4349,0
6,US8->CS16,4304,4304,0
6,US8->CS24,4224,4224,0
6,US8->CS32,4309,4309,0
6,US8->CS40,4267,4267,0
6,US8->CS48,4375,4375,0
6,US8->CS56,4237,4236,0
6,US9->CS1,4144,4144,0
6,US9->CS9,4276,4276,0
6,US9->CS17,4435,4434,0
6,US9->CS25,4193,4193,0
6,US9->CS33,4274,4274,0
6,US9->CS41,4299,4299,0
6,US9->CS49,4218,4218,0
6,US9->CS57,4352,4351,0
6,US10->CS2,4300,4300,0
6,US10->CS10,4345,4345,0
6,US10->CS18,4264,4264,0
6,US10->CS26,4241,4240,0
6,US10->CS34,4283,4283,0
6,US10->CS42,4255,4255,0
6,US10->CS50,4308,4308,0
6,US10->CS58,4104,4104,0
6,US11->CS3,4276,4274,0
6,US11->CS11,4261,4261,0
6,US11->CS19,4273,4273,0
6,US11->CS27,4283,4283,0
6,US11->CS35,4190,4190,0
6,US11->CS43,4291,4291,0
6,US11->CS51,4383,4383,0
6,US11->CS59,4260,4260,0
6,US12->CS4,4339,4338,0
6,US12->CS12,4200,4200,0
6,US12->CS20,4178,4177,0
6,US12->CS28,4231,4230,0
6,US12->CS36,4307,4306,0
6,US12->CS44,4332,4330,0
6,US12->CS52,4200,4200,0
6,US12->CS60,4219,4219,0
6,US13->CS5,4207,4207,0
6,US13->CS13,4156,4156,0
6,US13->CS21,4310,4310,0
6,US13->CS29,4214,4214,0
6,US13->CS37,4311,4311,0
6,US13->CS45,4281,4281,0
6,US13->CS53,4293,4292,0
6,US13->CS61,4152,4152,0
6,US14->CS6,4244,4244,0
6,US14->CS14,4308,4307,0
6,US14->CS22,4387,4386,0
6,US14->CS30,4327,4326,0
6,US14->CS38,4225,4225,0
6,US14->CS46,4257,4257,0
6,US14->CS54,4146,4146,0
6,US14->CS62,4321,4321,0
6,US15->CS7,4285,4284,0
6,US15->CS15,4298,4298,0
6,US15->CS23,4216,4215,0
6,US15->CS31,4214,4214,0
6,US15->CS39,4205,4202,0
6,US15->CS47,4309,4309,0
6,US15->CS55,4251,4249,0
6,US15->CS63,4331,4331,0
6,US16->CS0,53009,53009,0
6,US16->CS8,52971,52971,0
6,US16->CS16,53147,53147,0
6,US16->CS24,53141,53141,0
6,US16->CS32,53018,53018,0
6,US16->CS40,52793,52793,0
6,US16->CS48,53309,53309,0
6,US16->CS56,53325,53325,0
6,US17->CS1,53180,53180,0
6,US17->CS9,52944,52944,0
6,US17->CS17,53068,53068,0
6,US17->CS25,53651,53651,0
6,US17->CS33,53190,53190,0
6,US17->CS41,53232,53232,0
6,US17->CS49,53013,53013,0
6,US17->CS57,53303,53303,0
6,US18->CS2,53137,53137,0
6,US18->CS10,52900,52900,0
6,US18->CS18,53106,53106,0
6,US18->CS26,52866,52866,0
6,US18->CS34,53204,53204,0
6,US18->CS42,53329,53329,0
6,US18->CS50,52835,52835,0
6,US18->CS58,53432,53432,0
6,US19->CS3,53027,53027,0
6,US19->CS11,52813,52813,0
6,US19->CS19,53447,53447,0
6,US19->CS27,53103,53103,0
6,US19->CS35,53569,53569,0
6,US19->CS43,53267,53267,0
6,US19->CS51,53151,53151,0
6,US19->CS59,53140,53140,0
6,US20->CS4,53670,53670,0
6,US20->CS12,52870,52870,0
6,US20->CS20,53517,53517,0
6,US20->CS28,53416,53416,0
6,US20->CS36,52904,52904,0
6,US20->CS44,53141,53141,0
6,US20->CS52,53207,53207,0
6,US20->CS60,52811,52811,0
6,US21->CS5,53764,53764,0
6,US21->CS13,53057,53057,0
6,US21->CS21,53337,53337,0
6,US21->CS29,52837,52837,0
6,US21->CS37,52993,52993,0
6,US21->CS45,53251,53251,0
6,US21->CS53,52912,52912,0
6,US21->CS61,53108,53108,0
6,US22->CS6,53107,53107,0
6,US22->CS14,53419,53419,0
6,US22->CS22,53284,53284,0
6,US22->CS30,52923,52923,0
6,US22->CS38,53076,53076,0
6,US22->CS46,53302,53302,0
6,US22->CS54,53064,53064,0
6,US22->CS62,53138,53138,0
6,US23->CS7,53324,53324,0
6,US23->CS15,53315,53315,0
6,US23->CS23,53300,53300,0
6,US23->CS31,53318,53318,0
6,US23->CS39,53655,53655,0
6,US23->CS47,53276,53276,0
6,US23->CS55,53045,53045,0
6,US23->CS63,53267,53267,0
6,US24->CS0,0,0,0
6,US24->CS8,0,0,0
6,US24->CS16,0,0,0
6,US24->CS24,0,0,0
6,US24->CS32,0,0,0
6,US24->CS40,0,0,0
6,US24->CS48,0,0,0
6,US24->CS56,0,0,0
6,US25->CS1,0,0,0
6,US25->CS9,0,0,0
6,US25->CS17,0,0,0
6,US25->CS25,0,0,0
6,US25->CS33,0,0,0
6,US25->CS41,0,0,0
6,US25->CS49,0,0,0
6,US25->CS57,0,0,0
6,US26->CS2,0,0,0
6,US26->CS10,0,0,0
6,US26->CS18,0,0,0
6,US26->CS26,0,0,0
6,US26->CS34,0,0,0
6,US26->CS42,0,0,0
6,US26->CS50,0,0,0
6,US26->CS58,0,0,0
6,US27->CS3,0,0,0
6,US27->CS11,0,0,0
6,US27->CS19,0,0,0
6,US27->CS27,0,0,0
6,US27->CS35,0,0,0
6,US27->CS43,0,0,0
6,US27->CS51,0,0,0
6,US27->CS59,0,0,0
6,US28->CS4,0,0,0
6,US28->CS12,0,0,0
6,US28->CS20,0,0,0
6,US28->CS28,0,0,0
6,US28->CS36,0,0,0
6,US28->CS44,0,0,0
6,US28->CS52,0,0,0
6,US28->CS60,0,0,0
6,US29->CS5,0,0,0
6,US29->CS13,0,0,0
6,US29->CS21,0,0,0
6,US29->CS29,0,0,0
6,US29->CS37,0,0,0
6,US29->CS45,0,0,0
6,US29->CS53,0,0,0
6,US29->CS61,0,0,0
6,US30->CS6,0,0,0
6,US30->CS14,0,0,0
6,US30->CS22,0,0,0
6,US30->CS30,0,0,0
6,US30->CS38,0,0,0
6,US30->CS46,0,0,0
6,US30->CS54,0,0,0
6,US30->CS62,0,0,0
6,US31->CS7,0,0,0
6,US31->CS15,0,0,0
6,US31->CS23,0,0,0
6,US31->CS31,0,0,0
6,US31->CS39,0,0,0
6,US31->CS47,0,0,0
6,US31->CS55,0,0,0
6,US31->CS63,0,0,0
6,US32->CS0,0,0,0
6,US32->CS8,0,0,0
6,US32->CS16,0,0,0
6,US32->CS24,0,0,0
6,US32->CS32,0,0,0
6,US32->CS40,0,0,0
6,US32->CS48,0,0,0
6,US32->CS56,0,0,0
6,US33->CS1,0,0,0
6,US33->CS9,0,0,0
6,US33->CS17,0,0,0
6,US33->CS25,0,0,0
6,US33->CS33,0,0,0
6,US33->CS41,0,0,0
6,US33->CS49,0,0,0
6,US33->CS57,0,0,0
6,US34->CS2,0,0,0
6,US34->CS10,0,0,0
6,US34->CS18,0,0,0
6,US34->CS26,0,0,0
6,US34->CS34,0,0,0
6,US34->CS42,0,0,0
6,US34->CS50,0,0,0
6,US34->CS58,0,0,0
6,US35->CS3,0,0,0
6,US35->CS11,0,0,0
6,US35->CS19,0,0,0
6,US35->CS27,0,0,0
6,US35->CS35,0,0,0
6,US35->CS43,0,0,0
6,US35->CS51,0,0,0
6,US35->CS59,0,0,0
6,US36->CS4,0,0,0
6,US36->CS12,0,0,0
6,US36->CS20,0,0,0
6,US36->CS28,0,0,0
6,US36->CS36,0,0,0
6,US36->CS44,0,0,0
6,US36->CS52,0,0,0
6,US36->CS60,0,0,0
6,US37->CS5,0,0,0
6,US37->CS13,0,0,0
6,US37->CS21,0,0,0
6,US37->CS29,0,0,0
6,US37->CS37,0,0,0
6,US37->CS45,0,0,0
6,US37->CS53,0,0,0
6,US37->CS61,0,0,0
6,US38->CS6,0,0,0
6,US38->CS14,0,0,0
6,US38->CS22,0,0,0
6,US38->CS30,0,0,0
6,US38->CS38,0,0,0
6,US38->CS46,0,0,0
6,US38->CS54,0,0,0
6,US38->CS62,0,0,0
6,US39->CS7,0,0,0
6,US39->CS15,0,0,0
6,US39->CS23,0,0,0
6,US39->CS31,0,0,0
6,US39->CS39,0,0,0
6,US39->CS47,0,0,0
6,US39->CS55,0,0,0
6,US39->CS63,0,0,0
6,US40->CS0,53238,53238,0
6,US40->CS8,53464,53464,0
6,US40->CS16,53103,53103,0
6,US40->CS24,53593,53593,0
6,US40->CS32,53271,53271,0
6,US40->CS40,53619,53619,0
6,US40->CS48,53306,53306,0
6,US40->CS56,53408,53408,0
6,US41->CS1,53405,53405,0
6,US41->CS9,53863,53863,0
6,US41->CS17,53126,53126,0
6,US41->CS25,53255,53255,0
6,US41->CS33,53358,53358,0
6,US41->CS41,53371,53371,0
6,US41->CS49,52493,52493,0
6,US41->CS57,53558,53558,0
6,US42->CS2,53177,53177,0
6,US42->CS10,53111,53111,0
6,US42->CS18,53048,53048,0
6,US42->CS26,53226,53226,0
6,US42->CS34,53306,53306,0
6,US42->CS42,53429,53429,0
6,US42->CS50,53605,53605,0
6,US42->CS58,53277,53277,0
6,US43->CS3,53240,53240,0
6,US43->CS11,53423,53423,0
6,US43->CS19,53270,53270,0
6,US43->CS27,53168,53168,0
6,US43->CS35,53228,53228,0
6,US43->CS43,53229,53229,0
6,US43->CS51,53157,53157,0
6,US43->CS59,53170,53170,0
6,US44->CS4,53317,53317,0
6,US44->CS12,53028,53028,0
6,US44->CS20,53460,53460,0
6,US44->CS28,53609,53609,0
6,US44->CS36,52971,52971,0
6,US44->CS44,53325,53325,0
6,US44->CS52,53364,53364,0
6,US44->CS60,53212,53212,0
6,US45->CS5,53448,53448,0
6,US45->CS13,53048,53048,0
6,US45->CS21,53562,53562,0
6,US45->CS29,53105,53105,0
6,US45->CS37,52921,52921,0
6,US45->CS45,53378,53378,0
6,US45->CS53,53429,53429,0
6,US45->CS61,53138,53138,0
6,US46->CS6,53343,53343,0
6,US46->CS14,53385,53385,0
6,US46->CS22,53370,53370,0
6,US46->CS30,53437,53437,0
6,US46->CS38,53100,53100,0
6,US46->CS46,53565,53565,0
6,US46->CS54,53717,53717,0
6,US46->CS62,53569,53569,0
6,US47->CS7,53221,53221,0
6,US47->CS15,53203,53203,0
6,US47->CS23,53406,53406,0
6,US47->CS31,53744,53744,0
6,US47->CS39,53435,53435,0
6,US47->CS47,53345,53345,0
6,US47->CS55,53723,53723,0
6,US47->CS63,53484,53484,0
6,US48->CS0,51566,51566,0
6,US48->CS8,51516,51516,0
6,US48->CS16,51314,51314,0
6,US48->CS24,51972,51972,0
6,US48->CS32,51785,51785,0
6,US48->CS40,51811,51811,0
6,US48->CS48,51791,51791,0
6,US48->CS56,51851,51851,0
6,US49->CS1,51543,51543,0
6,US49->CS9,52100,52100,0
6,US49->CS17,51889,51889,0
6,US49->CS25,51585,51585,0
6,US49->CS33,51895,51895,0
6,US49->CS41,51962,51962,0
6,US49->CS49,51836,51836,0
6,US49->CS57,51584,51584,0
6,US50->CS2,51792,51792,0
6,US50->CS10,51352,51352,0
6,US50->CS18,51531,51531,0
6,US50->CS26,51852,51852,0
6,US50->CS34,51893,51893,0
6,US50->CS42,51546,51546,0
6,US50->CS50,52011,52011,0
6,US50->CS58,51772,51772,0
6,US51->CS3,51635,51635,0
6,US51->CS11,51633,51633,0
6,US51->CS19,51401,51401,0
6,US51->CS27,51901,51901,0
6,US51->CS35,51859,51859,0
6,US51->CS43,51434,51434,0
6,US51->CS51,52168,52168,0
6,US51->CS59,51446,51446,0
6,US52->CS4,52011,52011,0
6,US52->CS12,52180,52180,0
6,US52->CS20,51611,51611,0
6,US52->CS28,51782,51782,0
6,US52->CS36,51958,51958,0
6,US52->CS44,51451,51451,0
6,US52->CS52,51980,51980,0
6,US52->CS60,51495,51495,0
6,US53->CS5,51666,51666,0
6,US53->CS13,51907,51907,0
6,US53->CS21,51727,51727,0
6,US53->CS29,51527,51527,0
6,US53->CS37,52053,52053,0
6,US53->CS45,51502,51502,0
6,US53->CS53,52229,52229,0
6,US53->CS61,51947,51947,0
6,US54->CS6,52045,52045,0
6,US54->CS14,51808,51808,0
6,US54->CS22,51903,51903,0
6,US54->CS30,51681,51681,0
6,US54->CS38,51633,51633,0
6,US54->CS46,51583,51583,0
6,US54->CS54,51753,51753,0
6,US54->CS62,51471,51471,0
6,US55->CS7,51822,51822,0
6,US55->CS15,52215,52215,0
6,US55->CS23,51839,51839,0
6,US55->CS31,51425,51425,0
6,US55->CS39,51677,51677,0
6,US55->CS47,51553,51553,0
6,US55->CS55,51644,51644,0
6,US55->CS63,52292,52292,0
6,US56->CS0,0,0,0
6,US56->CS8,0,0,0
6,US56->CS16,0,0,0
6,US56->CS24,0,0,0
6,US56->CS32,0,0,0
6,US56->CS40,0,0,0
6,US56->CS48,0,0,0
6,US56->CS56,0,0,0
6,US57->CS1,0,0,0
6,US57->CS9,0,0,0
6,US57->CS17,0,0,0
6,US57->CS25,0,0,0
6,US57->CS33,0,0,0
6,US57->CS41,0,0,0
6,US57->CS49,0,0,0
6,US57->CS57,0,0,0
6,US58->CS2,0,0,0
6,US58->CS10,0,0,0
6,US58->CS18,0,0,0
6,US58->CS26,0,0,0
6,US58->CS34,0,0,0
6,US58->CS42,0,0,0
6,US58->CS50,0,0,0
6,US58->CS58,0,0,0
6,US59->CS3,0,0,0
6,US59->CS11,0,0,0
6,US59->CS19,0,0,0
6,US59->CS27,0,0,0
6,US59->CS35,0,0,0
6,US59->CS43,0,0,0
6,US59->CS51,0,0,0
6,US59->CS59,0,0,0
6,US60->CS4,0,0,0
6,US60->CS12,0,0,0
6,US60->CS20,0,0,0
6,US60->CS28,0,0,0
6,US60->CS36,0,0,0
6,US60->CS44,0,0,0
6,US60->CS52,0,0,0
6,US60->CS60,0,0,0
6,US61->CS5,0,0,0
6,US61->CS13,0,0,0
6,US61->CS21,0,0,0
6,US61->CS29,0,0,0
6,US61->CS37,0,0,0
6,US61->CS45,0,0,0
6,US61->CS53,0,0,0
6,US61->CS61,0,0,0
6,US62->CS6,0,0,0
6,US62->CS14,0,0,0
6,US62->CS22,0,0,0
6,US62->CS30,0,0,0
6,US62->CS38,0,0,0
6,US62->CS46,0,0,0
6,US62->CS54,0,0,0
6,US62->CS62,0,0,0
6,US63->CS7,0,0,0
6,US63->CS15,0,0,0
6,US63->CS23,0,0,0
6,US63->CS31,0,0,0
6,US63->CS39,0,0,0
6,US63->CS47,0,0,0
6,US63->CS55,0,0,0
6,US63->CS63,0,0,0
6,US64->CS0,0,0,0
6,US64->CS8,0,0,0
6,US64->CS16,0,0,0
6,US64->CS24,0,0,0
6,US64->CS32,0,0,0
6,US64->CS40,0,0,0
6,US64->CS48,0,0,0
6,US64->CS56,0,0,0
6,US65->CS1,0,0,0
6,US65->CS9,0,0,0
6,US65->CS17,0,0,0
6,US65->CS25,0,0,0
6,US65->CS33,0,0,0
6,US65->CS41,0,0,0
6,US65->CS49,0,0,0
6,US65->CS57,0,0,0
6,US66->CS2,0,0,0
6,US66->CS10,0,0,0
6,US66->CS18,0,0,0
6,US66->CS26,0,0,0
6,US66->CS34,0,0,0
6,US66->CS42,0,0,0
6,US66->CS50,0,0,0
6,US66->CS58,0,0,0
6,US67->CS3,0,0,0
6,US67->CS11,0,0,0
6,US67->CS19,0,0,0
6,US67->CS27,0,0,0
6,US67->CS35,0,0,0
6,US67->CS43,0,0,0
6,US67->CS51,0,0,0
6,US67->CS59,0,0,0
6,US68->CS4,0,0,0
6,US68->CS12,0,0,0
6,US68->CS20,0,0,0
6,US68->CS28,0,0,0
6,US68->CS36,0,0,0
6,US68->CS44,0,0,0
6,US68->CS52,0,0,0
6,US68->CS60,0,0,0
6,US69->CS5,0,0,0
6,US69->CS13,0,0,0
6,US69->CS21,0,0,0
6,US69->CS29,0,0,0
6,US69->CS37,0,0,0
6,US69->CS45,0,0,0
6,US69->CS53,0,0,0
6,US69->CS61,0,0,0
6,US70->CS6,0,0,0
6,US70->CS14,0,0,0
6,US70->CS22,0,0,0
6,US70->CS30,0,0,0
6,US70->CS38,0,0,0
6,US70->CS46,0,0,0
6,US70->CS54,0,0,0
6,US70->CS62,0,0,0
6,US71->CS7,0,0,0
6,US71->CS15,0,0,0
6,US71->CS23,0,0,0
6,US71->CS31,0,0,0
6,US71->CS39,0,0,0
6,US71->CS47,0,0,0
6,US71->CS55,0,0,0
6,US71->CS63,0,0,0
6,US72->CS0,50822,50822,0
6,US72->CS8,50989,50989,0
6,US72->CS16,50427,50427,0
6,US72->CS24,50851,50851,0
6,US72->CS32,50927,50927,0
6,US72->CS40,50537,50537,0
6,US72->CS48,50742,50742,0
6,US72->CS56,50302,50302,0
6,US73->CS1,50689,50689,0
6,US73->CS9,50662,50662,0
6,US73->CS17,50872,50872,0
6,US73->CS25,50803,50803,0
6,US73->CS33,50495,50495,0
6,US73->CS41,51005,51005,0
6,US73->CS49,50821,50821,0
6,US73->CS57,50844,50844,0
6,US74->CS2,50405,50405,0
6,US74->CS10,50724,50724,0
6,US74->CS18,50901,50901,0
6,US74->CS26,50582,50582,0
6,US74->CS34,50757,50757,0
6,US74->CS42,50718,50718,0
6,US74->CS50,50932,50932,0
6,US74->CS58,50578,50578,0
6,US75->CS3,50513,50513,0
6,US75->CS11,50801,50801,0
6,US75->CS19,50848,50848,0
6,US75->CS27,50340,50340,0
6,US75->CS35,50636,50636,0
6,US75->CS43,50631,50631,0
6,US75->CS51,50696,50696,0
6,US75->CS59,50394,50394,0
6,US76->CS4,50618,50618,0
6,US76->CS12,50766,50766,0
6,US76->CS20,50546,50546,0
6,US76->CS28,50727,50727,0
6,US76->CS36,50678,50678,0
6,US76->CS44,50472,50472,0
6,US76->CS52,50618,50618,0
6,US76->CS60,50928,50928,0
6,US77->CS5,50967,50967,0
6,US77->CS13,50320,50320,0
6,US77->CS21,50251,50251,0
6,US77->CS29,50231,50231,0
6,US77->CS37,50547,50547,0
6,US77->CS45,50654,50654,0
6,US77->CS53,50181,50181,0
6,US77->CS61,50394,50394,0
6,US78->CS6,50765,50765,0
6,US78->CS14,50208,50208,0
6,US78->CS22,50723,50723,0
6,US78->CS30,50690,50690,0
6,US78->CS38,50422,50422,0
6,US78->CS46,50693,50693,0
6,US78->CS54,50518,50518,0
6,US78->CS62,50579,50579,0
6,US79->CS7,50852,50852,0
6,US79->CS15,50953,50953,0
6,US79->CS23,50567,50567,0
6,US79->CS31,50533,50533,0
6,US79->CS39,50537,50537,0
6,US79->CS47,50465,50465,0
6,US79->CS55,50618,50618,0
6,US79->CS63,50686,50686,0
6,US80->CS0,5160,5160,0
6,US80->CS8,5091,5091,0
6,US80->CS16,5289,5289,0
6,US80->CS24,5143,5142,0
6,US80->CS32,5275,5275,0
6,US80->CS40,5183,5183,0
6,US80->CS48,5254,5254,0
6,US80->CS56,5104,5104,0
6,US81->CS1,5181,5181,0
6,US81->CS9,5163,5163,0
6,US81->CS17,5223,5223,0
6,US81->CS25,5171,5170,0
6,US81->CS33,5146,5145,0
6,US81->CS41,5171,5170,0
6,US81->CS49,5138,5137,0
6,US81->CS57,5204,5203,0
6,US82->CS2,5157,5157,0
6,US82->CS10,5121,5120,0
6,US82->CS18,5114,5113,0
6,US82->CS26,5091,5090,0
6,US82->CS34,5086,5086,0
6,US82->CS42,5113,5113,0
6,US82->CS50,5037,5037,0
6,US82->CS58,5251,5249,0
6,US83->CS3,5226,5226,0
6,US83->CS11,5214,5214,0
6,US83->CS19,5112,5112,0
6,US83->CS27,5096,5095,0
6,US83->CS35,5234,5234,0
6,US83->CS43,5221,5221,0
6,US83->CS51,5230,5228,0
6,US83->CS59,5115,5115,0
6,US84->CS4,5146,5146,0
6,US84->CS12,5219,5218,0
6,US84->CS20,5116,5116,0
6,US84->CS28,5206,5206,0
6,US84->CS36,5137,5136,0
6,US84->CS44,5142,5142,0
6,US84->CS52,5097,5096,0
6,US84->CS60,5281,5281,0
6,US85->CS5,5380,5379,0
6,US85->CS13,5047,5047,0
6,US85->CS21,5221,5221,0
6,US85->CS29,5260,5260,0
6,US85->CS37,5278,5278,0
6,US85->CS45,5140,5140,0
6,US85->CS53,5204,5204,0
6,US85->CS61,5316,5316,0
6,US86->CS6,5276,5276,0
6,US86->CS14,5198,5197,0
6,US86->CS22,5270,5270,0
6,US86->CS30,5216,5215,0
6,US86->CS38,5184,5183,0
6,US86->CS46,5153,5153,0
6,US86->CS54,5178,5178,0
6,US86->CS62,5200,5200,0
6,US87->CS7,5192,5192,0
6,US87->CS15,5159,5159,0
6,US87->CS23,5155,5155,0
6,US87->CS31,5193,5191,0
6,US87->CS39,5114,5113,0
6,US87->CS47,5258,5258,0
6,US87->CS55,5188,5186,0
6,US87->CS63,5103,5103,0
6,US88->CS0,50562,50562,0
6,US88->CS8,50498,50498,0
6,US88->CS16,50945,50945,0
6,US88->CS24,51133,51133,0
6,US88->CS32,50623,50623,0
6,US88->CS40,50544,50544,0
6,US88->CS48,50456,50456,0
6,US88->CS56,50809,50809,0
6,US89->CS1,50699,50699,0
6,US89->CS9,50675,50675,0
6,US89->CS17,50786,50786,0
6,US89->CS25,50769,50769,0
6,US89->CS33,50869,50869,0
6,US89->CS41,50888,50888,0
6,US89->CS49,50971,50971,0
6,US89->CS57,50602,50602,0
6,US90->CS2,50796,50796,0
6,US90->CS10,50800,50800,0
6,US90->CS18,50745,50745,0
6,US90->CS26,50155,50155,0
6,US90->CS34,50583,50583,0
6,US90->CS42,50406,50406,0
6,US90->CS50,50802,50802,0
6,US90->CS58,51151,51151,0
6,US91->CS3,50655,50655,0
6,US91->CS11,50743,50743,0
6,US91->CS19,50575,50575,0
6,US91->CS27,50504,50504,0
6,US91->CS35,50668,50668,0
6,US91->CS43,50642,50642,0
6,US91->CS51,50712,50712,0
6,US91->CS59,50812,50812,0
6,US92->CS4,50338,50338,0
6,US92->CS12,51123,51123,0
6,US92->CS20,50931,50931,0
6,US92->CS28,50687,50687,0
6,US92->CS36,50545,50545,0
6,US92->CS44,50711,50711,0
6,US92->CS52,50836,50836,0
6,US92->CS60,50597,50597,0
6,US93->CS5,50920,50920,0
6,US93->CS13,50623,50623,0
6,US93->CS21,50960,50960,0
6,US93->CS29,50671,50671,0
6,US93->CS37,50748,50748,0
6,US93->CS45,50441,50441,0
6,US93->CS53,50614,50614,0
6,US93->CS61,51031,51031,0
6,US94->CS6,50957,50957,0
6,US94->CS14,50546,50546,0
6,US94->CS22,50901,50901,0
6,US94->CS30,50609,50609,0
6,US94->CS38,50909,50909,0
6,US94->CS46,50661,50661,0
6,US94->CS54,50841,50841,0
6,US94->CS62,50681,50681,0
6,US95->CS7,50756,50756,0
6,US95->CS15,50675,50675,0
6,US95->CS23,50704,50704,0
6,US95->CS31,50807,50807,0
6,US95->CS39,50756,50756,0
6,US95->CS47,50631,50631,0
6,US95->CS55,50629,50629,0
6,US95->CS63,50489,50489,0
6,US96->CS0,0,0,0
6,US96->CS8,0,0,0
6,US96->CS16,0,0,0
6,US96->CS24,0,0,0
6,US96->CS32,0,0,0
6,US96->CS40,0,0,0
6,US96->CS48,0,0,0
6,US96->CS56,0,0,0
6,US97->CS1,0,0,0
6,US97->CS9,0,0,0
6,US97->CS17,0,0,0
6,US97->CS25,0,0,0
6,US97->CS33,0,0,0
6,US97->CS41,0,0,0
6,US97->CS49,0,0,0
6,US97->CS57,0,0,0
6,US98->CS2,0,0,0
6,US98->CS10,0,0,0
6,US98->CS18,0,0,0
6,US98->CS26,0,0,0
6,US98->CS34,0,0,0
6,US98->CS42,0,0,0
6,US98->CS50,0,0,0
6,US98->CS58,0,0,0
6,US99->CS3,0,0,0
6,US99->CS11,0,0,0
6,US99->CS19,0,0,0
6,US99->CS27,0,0,0
6,US99->CS35,0,0,0
6,US99->CS43,0,0,0
6,US99->CS51,0,0,0
6,US99->CS59,0,0,0
6,US100->CS4,0,0,0
6,US100->CS12,0,0,0
6,US100->CS20,0,0,0
6,US100->CS28,0,0,0
6,US100->CS36,0,0,0
6,US100->CS44,0,0,0
6,US100->CS52,0,0,0
6,US100->CS60,0,0,0
6,US101->CS5,0,0,0
6,US101->CS13,0,0,0
6,US101->CS21,0,0,0
6,US101->CS29,0,0,0
6,US101->CS37,0,0,0
6,US101->CS45,0,0,0
6,US101->CS53,0,0,0
6,US101->CS61,0,0,0
6,US102->CS6,0,0,0
6,US102->CS14,0,0,0
6,US102->CS22,0,0,0
6,US102->CS30,0,0,0
6,US102->CS38,0,0,0
6,US102->CS46,0,0,0
6,US102->CS54,0,0,0
6,US102->CS62,0,0,0
6,US103->CS7,0,0,0
6,US103->CS15,0,0,0
6,US103->CS23,0,0,0
6,US103->CS31,0,0,0
6,US103->CS39,0,0,0
6,US103->CS47,0,0,0
6,US103->CS55,0,0,0
6,US103->CS63,0,0,0
6,US104->CS0,0,0,0
6,US104->CS8,0,0,0
6,US104->CS16,0,0,0
6,US104->CS24,0,0,0
6,US104->CS32,0,0,0
6,US104->CS40,0,0,0
6,US104->CS48,0,0,0
6,US104->CS56,0,0,0
6,US105->CS1,0,0,0
6,US105->CS9,0,0,0
6,US105->CS17,0,0,0
6,US105->CS25,0,0,0
6,US105->CS33,0,0,0
6,US105->CS41,0,0,0
6,US105->CS49,0,0,0
6,US105->CS57,0,0,0
6,US106->CS2,0,0,0
6,US106->CS10,0,0,0
6,US106->CS18,0,0,0
6,US106->CS26,0,0,0
6,US106->CS34,0,0,0
6,US106->CS42,0,0,0
6,US106->CS50,0,0,0
6,US106->CS58,0,0,0
6,US107->CS3,0,0,0
6,US107->CS11,0,0,0
6,US107->CS19,0,0,0
6,US107->CS27,0,0,0
6,US107->CS35,0,0,0
6,US107->CS43,0,0,0
6,US107->CS51,0,0,0
6,US107->CS59,0,0,0
6,US108->CS4,0,0,0
6,US108->CS12,0,0,0
6,US108->CS20,0,0,0
6,US108->CS28,0,0,0
6,US108->CS36,0,0,0
6,US108->CS44,0,0,0
6,US108->CS52,0,0,0
6,US108->CS60,0,0,0
6,US109->CS5,0,0,0
6,US109->CS13,0,0,0
6,US109->CS21,0,0,0
6,US109->CS29,0,0,0
6,US109->CS37,0,0,0
6,US109->CS45,0,0,0
6,US109->CS53,0,0,0
6,US109->CS61,0,0,0
6,US110->CS6,0,0,0
6,US110->CS14,0,0,0
6,US110->CS22,0,0,0
6,US110->CS30,0,0,0
6,US110->CS38,0,0,0
6,US110->CS46,0,0,0
6,US110->CS54,0,0,0
6,US110->CS62,0,0,0
6,US111->CS7,0,0,0
6,US111->CS15,0,0,0
6,US111->CS23,0,0,0
6,US111->CS31,0,0,0
6,US111->CS39,0,0,0
6,US111->CS47,0,0,0
6,US111->CS55,0,0,0
6,US111->CS63,0,0,0
6,US112->CS0,53826,53826,0
6,US112->CS8,53793,53793,0
6,US112->CS16,53770,53770,0
6,US112->CS24,53941,53941,0
6,US112->CS32,53923,53923,0
6,US112->CS40,53976,53976,0
6,US112->CS48,53908,53908,0
6,US112->CS56,53556,53556,0
6,US113->CS1,53850,53850,0
6,US113->CS9,53632,53632,0
6,US113->CS17,53808,53808,0
6,US113->CS25,53914,53914,0
6,US113->CS33,53818,53818,0
6,US113->CS41,53414,53414,0
6,US113->CS49,53876,53876,0
6,US113->CS57,53456,53456,0
6,US114->CS2,53819,53819,0
6,US114->CS10,53678,53678,0
6,US114->CS18,53844,53844,0
6,US114->CS26,53710,53710,0
6,US114->CS34,53764,53764,0
6,US114->CS42,53669,53669,0
6,US114->CS50,54070,54070,0
6,US114->CS58,54036,54036,0
6,US115->CS3,54431,54431,0
6,US115->CS11,54179,54179,0
6,US115->CS19,53816,53816,0
6,US115->CS27,53631,53631,0
6,US115->CS35,53673,53673,0
6,US115->CS43,53824,53824,0
6,US115->CS51,53756,53756,0
6,US115->CS59,54029,54029,0
6,US116->CS4,53809,53809,0
6,US116->CS12,53597,53597,0
6,US116->CS20,53662,53662,0
6,US116->CS28,54043,54043,0
6,US116->CS36,53747,53747,0
6,US116->CS44,53794,53794,0
6,US116->CS52,54063,54063,0
6,US116->CS60,53841,53841,0
6,US117->CS5,53725,53725,0
6,US117->CS13,53463,53463,0
6,US117->CS21,54214,54214,0
6,US117->CS29,54198,54198,0
6,US117->CS37,53767,53767,0
6,US117->CS45,54004,54004,0
6,US117->CS53,54050,54050,0
6,US117->CS61,53471,53471,0
6,US118->CS6,54390,54390,0
6,US118->CS14,53693,53693,0
6,US118->CS22,53900,53900,0
6,US118->CS30,53689,53689,0
6,US118->CS38,54138,54138,0
6,US118->CS46,53915,53915,0
6,US118->CS54,53963,53963,0
6,US118->CS62,53682,53682,0
6,US119->CS7,53660,53660,0
6,US119->CS15,53713,53713,0
6,US119->CS23,53800,53800,0
6,US119->CS31,53579,53579,0
6,US119->CS39,53955,53955,0
6,US119->CS47,53836,53836,0
6,US119->CS55,53898,53898,0
6,US119->CS63,53897,53897,0
6,US120->CS0,50570,50570,0
6,US120->CS8,50302,50302,0
6,US120->CS16,50348,50348,0
6,US120->CS24,50473,50473,0
6,US120->CS32,50392,50392,0
6,US120->CS40,49896,49896,0
6,US120->CS48,49937,49937,0
6,US120->CS56,50360,50360,0
6,US121->CS1,50308,50308,0
6,US121->CS9,50017,50017,0
6,US121->CS17,50523,50523,0
6,US121->CS25,50777,50777,0
6,US121->CS33,50180,50180,0
6,US121->CS41,50462,50462,0
6,US121->CS49,50412,50412,0
6,US121->CS57,50206,50206,0
6,US122->CS2,50239,50239,0
6,US122->CS10,50124,50124,0
6,US122->CS18,50307,50307,0
6,US122->CS26,50681,50681,0
6,US122->CS34,50118,50118,0
6,US122->CS42,50629,50629,0
6,US122->CS50,50044,50044,0
6,US122->CS58,50820,50820,0
6,US123->CS3,50257,50257,0
6,US123->CS11,50522,50522,0
6,US123->CS19,50070,50070,0
6,US123->CS27,50459,50459,0
6,US123->CS35,50649,50649,0
6,US123->CS43,50082,50082,0
6,US123->CS51,50811,50811,0
6,US123->CS59,50189,50189,0
6,US124->CS4,50060,50060,0
6,US124->CS12,50253,50253,0
6,US124->CS20,49925,49925,0
6,US124->CS28,50595,50595,0
6,US124->CS36,50045,50045,0
6,US124->CS44,50367,50367,0
6,US124->CS52,49977,49977,0
6,US124->CS60,50182,50182,0
6,US125->CS5,50221,50221,0
6,US125->CS13,50067,50067,0
6,US125->CS21,50467,50467,0
6,US125->CS29,50357,50357,0
6,US125->CS37,49847,49847,0
6,US125->CS45,50392,50392,0
6,US125->CS53,50344,50344,0
6,US125->CS61,50448,50448,0
6,US126->CS6,50367,50367,0
6,US126->CS14,49944,49944,0
6,US126->CS22,50234,50234,0
6,US126->CS30,50308,50308,0
6,US126->CS38,50404,50404,0
6,US126->CS46,50399,50399,0
6,US126->CS54,50405,50405,0
6,US126->CS62,50861,50861,0
6,US127->CS7,50283,50283,0
6,US127->CS15,50379,50379,0
6,US127->CS23,50247,50247,0
6,US127->CS31,50465,50465,0
6,US127->CS39,50408,50408,0
6,US127->CS47,50063,50063,0
6,US127->CS55,50192,50192,0
6,US127->CS63,50548,50548,0
6,CS0->US0,51275,51275,0
6,CS0->US8,5260,5260,0
6,CS0->US16,50660,50660,0
6,CS0->US24,0,0,0
6,CS0->US32,0,0,0
6,CS0->US40,53956,53956,0
6,CS0->US48,51658,51658,0
6,CS0->US56,0,0,0
6,CS0->US64,0,0,0
6,CS0->US72,50617,50617,0
6,CS0->US80,4250,4250,0
6,CS0->US88,50927,50927,0
6,CS0->US96,0,0,0
6,CS0->US104,0,0,0
6,CS0->US112,53383,53383,0
6,CS0->US120,52965,52965,0
6,CS1->US1,51211,51211,0
6,CS1->US9,5282,5282,0
6,CS1->US17,50388,50388,0
6,CS1->US25,0,0,0
6,CS1->US33,0,0,0
6,CS1->US41,54026,54026,0
6,CS1->US49,51467,51467,0
6,CS1->US57,0,0,0
6,CS1->US65,0,0,0
6,CS1->US73,50697,50697,0
6,CS1->US81,4145,4145,0
6,CS1->US89,50852,50852,0
6,CS1->US97,0,0,0
6,CS1->US105,0,0,0
6,CS1->US113,53662,53662,0
6,CS1->US121,53072,53072,0
6,CS2->US2,51463,51463,0
6,CS2->US10,5247,5247,0
6,CS2->US18,50300,50300,0
6,CS2->US26,0,0,0
6,CS2->US34,0,0,0
6,CS2->US42,53994,53994,0
6,CS2->US50,51190,51190,0
6,CS2->US58,0,0,0
6,CS2->US66,0,0,0
6,CS2->US74,50837,50837,0
6,CS2->US82,4328,4328,0
6,CS2->US90,50536,50536,0
6,CS2->US98,0,0,0
6,CS2->US106,0,0,0
6,CS2->US114,53332,53332,0
6,CS2->US122,53070,53070,0
6,CS3->US3,51368,51368,0
6,CS3->US11,5320,5319,0
6,CS3->US19,50348,50348,0
6,CS3->US27,0,0,0
6,CS3->US35,0,0,0
6,CS3->US43,54545,54545,0
6,CS3->US51,51275,51275,0
6,CS3->US59,0,0,0
6,CS3->US67,0,0,0
6,CS3->US75,50683,50683,0
6,CS3->US83,4282,4281,0
6,CS3->US91,50658,50658,0
6,CS3->US99,0,0,0
6,CS3->US107,0,0,0
6,CS3->US115,53376,53376,0
6,CS3->US123,52941,52941,0
6,CS4->US4,51719,51719,0
6,CS4->US12,5240,5240,0
6,CS4->US20,50135,50135,0
6,CS4->US28,0,0,0
6,CS4->US36,0,0,0
6,CS4->US44,53934,53934,0
6,CS4->US52,51147,51147,0
6,CS4->US60,0,0,0
6,CS4->US68,0,0,0
6,CS4->US76,50370,50370,0
6,CS4->US84,4344,4344,0
6,CS4->US92,50741,50741,0
6,CS4->US100,0,0,0
6,CS4->US108,0,0,0
6,CS4->US116,53486,53486,0
6,CS4->US124,53620,53620,0
6,CS5->US5,51378,51378,0
6,CS5->US13,5494,5494,0
6,CS5->US21,50250,50250,0
6,CS5->US29,0,0,0
6,CS5->US37,0,0,0
6,CS5->US45,53839,53839,0
6,CS5->US53,51584,51584,0
6,CS5->US61,0,0,0
6,CS5->US69,0,0,0
6,CS5->US77,50970,50970,0
6,CS5->US85,4236,4236,0
6,CS5->US93,51107,51107,0
6,CS5->US101,0,0,0
6,CS5->US109,0,0,0
6,CS5->US117,53598,53598,0
6,CS5->US125,53683,53683,0
6,CS6->US6,51771,51771,0
6,CS6->US14,5373,5373,0
6,CS6->US22,50414,50414,0
6,CS6->US30,0,0,0
6,CS6->US38,0,0,0
6,CS6->US46,54523,54523,0
6,CS6->US54,51593,51593,0
6,CS6->US62,0,0,0
6,CS6->US70,0,0,0
6,CS6->US78,51051,51051,0
6,CS6->US86,4245,4243,0
6,CS6->US94,50905,50905,0
6,CS6->US102,0,0,0
6,CS6->US110,0,0,0
6,CS6->US118,53485,53485,0
6,CS6->US126,53011,53011,0
6,CS7->US7,51562,51562,0
6,CS7->US15,5280,5279,0
6,CS7->US23,50337,50337,0
6,CS7->US31,0,0,0
6,CS7->US39,0,0,0
6,CS7->US47,53762,53762,0
6,CS7->US55,51697,51697,0
6,CS7->US63,0,0,0
6,CS7->US71,0,0,0
6,CS7->US79,50812,50812,0
6,CS7->US87,4301,4300,0
6,CS7->US95,50958,50958,0
6,CS7->US103,0,0,0
6,CS7->US111,0,0,0
6,CS7->US119,53402,53402,0
6,CS7->US127,53288,53288,0
6,CS8->US0,51218,51218,0
6,CS8->US8,5169,5169,0
6,CS8->US16,50371,50371,0
6,CS8->US24,0,0,0
6,CS8->US32,0,0,0
6,CS8->US40,53916,53916,0
6,CS8->US48,51459,51459,0
6,CS8->US56,0,0,0
6,CS8->US64,0,0,0
6,CS8->US72,50581,50581,0
6,CS8->US80,4316,4316,0
6,CS8->US88,51144,51144,0
6,CS8->US96,0,0,0
6,CS8->US104,0,0,0
6,CS8->US112,53634,53634,0
6,CS8->US120,52913,52913,0
6,CS9->US1,51811,51811,0
6,CS9->US9,5249,5247,0
6,CS9->US17,50120,50120,0
6,CS9->US25,0,0,0
6,CS9->US33,0,0,0
6,CS9->US41,53747,53747,0
6,CS9->US49,51679,51679,0
6,CS9->US57,0,0,0
6,CS9->US65,0,0,0
6,CS9->US73,50724,50724,0
6,CS9->US81,4263,4263,0
6,CS9->US89,50781,50781,0
6,CS9->US97,0,0,0
6,CS9->US105,0,0,0
6,CS9->US113,54014,54014,0
6,CS9->US121,52913,52913,0
6,CS10->US2,51075,51075,0
6,CS10->US10,5198,5198,0
6,CS10->US18,50193,50193,0
6,CS10->US26,0,0,0
6,CS10->US34,0,0,0
6,CS10->US42,53789,53789,0
6,CS10->US50,51162,51162,0
6,CS10->US58,0,0,0
6,CS10->US66,0,0,0
6,CS10->US74,50850,50850,0
6,CS10->US82,4331,4330,0
6,CS10->US90,50858,50858,0
6,CS10->US98,0,0,0
6,CS10->US106,0,0,0
6,CS10->US114,53322,53322,0
6,CS10->US122,52853,52853,0
6,CS11->US3,51351,51351,0
6,CS11->US11,5314,5314,0
6,CS11->US19,50592,50592,0
6,CS11->US27,0,0,0
6,CS11->US35,0,0,0
6,CS11->US43,54309,54309,0
6,CS11->US51,51674,51674,0
6,CS11->US59,0,0,0
6,CS11->US67,0,0,0
6,CS11->US75,50804,50804,0
6,CS11->US83,4280,4280,0
6,CS11->US91,50941,50941,0
6,CS11->US99,0,0,0
6,CS11->US107,0,0,0
6,CS11->US115,53534,53534,0
6,CS11->US123,52725,52725,0
6,CS12->US4,51891,51891,0
6,CS12->US12,5298,5298,0
6,CS12->US20,50343,50343,0
6,CS12->US28,0,0,0
6,CS12->US36,0,0,0
6,CS12->US44,53724,53724,0
6,CS12->US52,51817,51817,0
6,CS12->US60,0,0,0
6,CS12->US68,0,0,0
6,CS12->US76,51159,51159,0
6,CS12->US84,4180,4180,0
6,CS12->US92,50899,50899,0
6,CS12->US100,0,0,0
6,CS12->US108,0,0,0
6,CS12->US116,53141,53141,0
6,CS12->US124,52819,52819,0
6,CS13->US5,51649,51649,0
6,CS13->US13,5133,5133,0
6,CS13->US21,50155,50155,0
6,CS13->US29,0,0,0
6,CS13->US37,0,0,0
6,CS13->US45,53554,53554,0
6,CS13->US53,51783,51783,0
6,CS13->US61,0,0,0
6,CS13->US69,0,0,0
6,CS13->US77,50642,50642,0
6,CS13->US85,4171,4171,0
6,CS13->US93,50438,50438,0
6,CS13->US101,0,0,0
6,CS13->US109,0,0,0
6,CS13->US117,53246,53246,0
6,CS13->US125,53019,53019,0
6,CS14->US6,51577,51577,0
6,CS14->US14,5293,5293,0
6,CS14->US22,50055,50055,0
6,CS14->US30,0,0,0
6,CS14->US38,0,0,0
6,CS14->US46,53714,53714,0
6,CS14->US54,51813,51813,0
6,CS14->US62,0,0,0
6,CS14->US70,0,0,0
6,CS14->US78,50592,50592,0
6,CS14->US86,4310,4310,0
6,CS14->US94,50370,50370,0
6,CS14->US102,0,0,0
6,CS14->US110,0,0,0
6,CS14->US118,53472,53472,0
6,CS14->US126,53371,53371,0
6,CS15->US7,51970,51970,0
6,CS15->US15,5270,5270,0
6,CS15->US23,50435,50435,0
6,CS15->US31,0,0,0
6,CS15->US39,0,0,0
6,CS15->US47,53823,53823,0
6,CS15->US55,51442,51442,0
6,CS15->US63,0,0,0
6,CS15->US71,0,0,0
6,CS15->US79,50731,50731,0
6,CS15->US87,4317,4317,0
6,CS15->US95,51070,51070,0
6,CS15->US103,0,0,0
6,CS15->US111,0,0,0
6,CS15->US119,53393,53393,0
6,CS15->US127,53222,53222,0
6,CS16->US0,51005,51005,0
6,CS16->US8,5365,5364,0
6,CS16->US16,50413,50413,0
6,CS16->US24,0,0,0
6,CS16->US32,0,0,0
6,CS16->US40,53874,53874,0
6,CS16->US48,51411,51411,0
6,CS16->US56,0,0,0
6,CS16->US64,0,0,0
6,CS16->US72,51002,51002,0
6,CS16->US80,4321,4321,0
6,CS16->US88,50590,50590,0
6,CS16->US96,0,0,0
6,CS16->US104,0,0,0
6,CS16->US112,53225,53225,0
6,CS16->US120,53113,53113,0
6,CS17->US1,51629,51629,0
6,CS17->US9,5295,5295,0
6,CS17->US17,50655,50655,0
6,CS17->US25,0,0,0
6,CS17->US33,0,0,0
6,CS17->US41,53971,53971,0
6,CS17->US49,51476,51476,0
6,CS17->US57,0,0,0
6,CS17->US65,0,0,0
6,CS17->US73,50853,50853,0
6,CS17->US81,4407,4407,0
6,CS17->US89,50943,50943,0
6,CS17->US97,0,0,0
6,CS17->US105,0,0,0
6,CS17->US113,53187,53187,0
6,CS17->US121,53022,53022,0
6,CS18->US2,51253,51253,0
6,CS18->US10,5209,5207,0
6,CS18->US18,50357,50357,0
6,CS18->US26,0,0,0
6,CS18->US34,0,0,0
6,CS18->US42,53975,53975,0
6,CS18->US50,51065,51065,0
6,CS18->US58,0,0,0
6,CS18->US66,0,0,0
6,CS18->US74,50816,50816,0
6,CS18->US82,4290,4290,0
6,CS18->US90,50989,50989,0
6,CS18->US98,0,0,0
6,CS18->US106,0,0,0
6,CS18->US114,53174,53174,0
6,CS18->US122,53069,53069,0
6,CS19->US3,51089,51089,0
6,CS19->US11,5225,5225,0
6,CS19->US19,50137,50137,0
6,CS19->US27,0,0,0
6,CS19->US35,0,0,0
6,CS19->US43,53941,53941,0
6,CS19->US51,51306,51306,0
6,CS19->US59,0,0,0
6,CS19->US67,0,0,0
6,CS19->US75,50658,50658,0
6,CS19->US83,4278,4278,0
6,CS19->US91,51054,51054,0
6,CS19->US99,0,0,0
6,CS19->US107,0,0,0
6,CS19->US115,53389,53389,0
6,CS19->US123,53314,53314,0
6,CS20->US4,51321,51321,0
6,CS20->US12,5206,5206,0
6,CS20->US20,49967,49967,0
6,CS20->US28,0,0,0
6,CS20->US36,0,0,0
6,CS20->US44,53791,53791,0
6,CS20->US52,51309,51309,0
6,CS20->US60,0,0,0
6,CS20->US68,0,0,0
6,CS20->US76,51041,51041,0
6,CS20->US84,4179,4178,0
6,CS20->US92,50703,50703,0
6,CS20->US100,0,0,0
6,CS20->US108,0,0,0
6,CS20->US116,53568,53568,0
6,CS20->US124,53431,53431,0
6,CS21->US5,51517,51517,0
6,CS21->US13,5338,5336,0
6,CS21->US21,50545,50545,0
6,CS21->US29,0,0,0
6,CS21->US37,0,0,0
6,CS21->US45,54264,54264,0
6,CS21->US53,51450,51450,0
6,CS21->US61,0,0,0
6,CS21->US69,0,0,0
6,CS21->US77,50994,50994,0
6,CS21->US85,4339,4339,0
6,CS21->US93,50388,50388,0
6,CS21->US101,0,0,0
6,CS21->US109,0,0,0
6,CS21->US117,53701,53701,0
6,CS21->US125,53243,53243,0
6,CS22->US6,51631,51631,0
6,CS22->US14,5366,5366,0
6,CS22->US22,50342,50342,0
6,CS22->US30,0,0,0
6,CS22->US38,0,0,0
6,CS22->US46,54025,54025,0
6,CS22->US54,51334,51334,0
6,CS22->US62,0,0,0
6,CS22->US70,0,0,0
6,CS22->US78,50957,50957,0
6,CS22->US86,4385,4385,0
6,CS22->US94,50849,50849,0
6,CS22->US102,0,0,0
6,CS22->US110,0,0,0
6,CS22->US118,53509,53509,0
6,CS22->US126,53209,53209,0
6,CS23->US7,51588,51588,0
6,CS23->US15,5253,5251,0
6,CS23->US23,50323,50323,0
6,CS23->US31,0,0,0
6,CS23->US39,0,0,0
6,CS23->US47,53872,53872,0
6,CS23->US55,51429,51429,0
6,CS23->US63,0,0,0
6,CS23->US71,0,0,0
6,CS23->US79,50809,50809,0
6,CS23->US87,4191,4191,0
6,CS23->US95,50676,50676,0
6,CS23->US103,0,0,0
6,CS23->US111,0,0,0
6,CS23->US119,53517,53517,0
6,CS23->US127,53272,53272,0
6,CS24->US0,51707,51707,0
6,CS24->US8,5217,5217,0
6,CS24->US16,50576,50576,0
6,CS24->US24,0,0,0
6,CS24->US32,0,0,0
6,CS24->US40,54021,54021,0
6,CS24->US48,51717,51717,0
6,CS24->US56,0,0,0
6,CS24->US64,0,0,0
6,CS24->US72,51256,51256,0
6,CS24->US80,4198,4198,0
6,CS24->US88,51047,51047,0
6,CS24->US96,0,0,0
6,CS24->US104,0,0,0
6,CS24->US112,53663,53663,0
6,CS24->US120,53055,53055,0
6,CS25->US1,51287,51287,0
6,CS25->US9,5290,5290,0
6,CS25->US17,50822,50822,0
6,CS25->US25,0,0,0
6,CS25->US33,0,0,0
6,CS25->US41,54034,54034,0
6,CS25->US49,51197,51197,0
6,CS25->US57,0,0,0
6,CS25->US65,0,0,0
6,CS25->US73,50832,50832,0
6,CS25->US81,4200,4200,0
6,CS25->US89,50959,50959,0
6,CS25->US97,0,0,0
6,CS25->US105,0,0,0
6,CS25->US113,53445,53445,0
6,CS25->US121,53553,53553,0
6,CS26->US2,51581,51581,0
6,CS26->US10,5167,5167,0
6,CS26->US18,50809,50809,0
6,CS26->US26,0,0,0
6,CS26->US34,0,0,0
6,CS26->US42,53818,53818,0
6,CS26->US50,51840,51840,0
6,CS26->US58,0,0,0
6,CS26->US66,0,0,0
6,CS26->US74,50204,50204,0
6,CS26->US82,4197,4197,0
6,CS26->US90,50721,50721,0
6,CS26->US98,0,0,0
6,CS26->US106,0,0,0
6,CS26->US114,53265,53265,0
6,CS26->US122,52813,52813,0
6,CS27->US3,51564,51564,0
6,CS27->US11,5201,5201,0
6,CS27->US19,50520,50520,0
6,CS27->US27,0,0,0
6,CS27->US35,0,0,0
6,CS27->US43,53839,53839,0
6,CS27->US51,51678,51678,0
6,CS27->US59,0,0,0
6,CS27->US67,0,0,0
6,CS27->US75,50565,50565,0
6,CS27->US83,4283,4282,0
6,CS27->US91,50446,50446,0
6,CS27->US99,0,0,0
6,CS27->US107,0,0,0
6,CS27->US115,53315,53315,0
6,CS27->US123,53020,53020,0
6,CS28->US4,51467,51467,0
6,CS28->US12,5311,5311,0
6,CS28->US20,50646,50646,0
6,CS28->US28,0,0,0
6,CS28->US36,0,0,0
6,CS28->US44,54202,54202,0
6,CS28->US52,51199,51199,0
6,CS28->US60,0,0,0
6,CS28->US68,0,0,0
6,CS28->US76,50776,50776,0
6,CS28->US84,4247,4245,0
6,CS28->US92,50836,50836,0
6,CS28->US100,0,0,0
6,CS28->US108,0,0,0
6,CS28->US116,53718,53718,0
6,CS28->US124,53358,53358,0
6,CS29->US5,51208,51208,0
6,CS29->US13,5352,5351,0
6,CS29->US21,50433,50433,0
6,CS29->US29,0,0,0
6,CS29->US37,0,0,0
6,CS29->US45,54326,54326,0
6,CS29->US53,51675,51675,0
6,CS29->US61,0,0,0
6,CS29->US69,0,0,0
6,CS29->US77,50705,50705,0
6,CS29->US85,4191,4191,0
6,CS29->US93,50381,50381,0
6,CS29->US101,0,0,0
6,CS29->US109,0,0,0
6,CS29->US117,53247,53247,0
6,CS29->US125,52786,52786,0
6,CS30->US6,51418,51418,0
6,CS30->US14,5296,5296,0
6,CS30->US22,50345,50345,0
6,CS30->US30,0,0,0
6,CS30->US38,0,0,0
6,CS30->US46,53817,53817,0
6,CS30->US54,51402,51402,0
6,CS30->US62,0,0,0
6,CS30->US70,0,0,0
6,CS30->US78,50704,50704,0
6,CS30->US86,4326,4326,0
6,CS30->US94,50747,50747,0
6,CS30->US102,0,0,0
6,CS30->US110,0,0,0
6,CS30->US118,53600,53600,0
6,CS30->US126,52920,52920,0
6,CS31->US7,51134,51134,0
6,CS31->US15,5288,5287,0
6,CS31->US23,50534,50534,0
6,CS31->US31,0,0,0
6,CS31->US39,0,0,0
6,CS31->US47,53697,53697,0
6,CS31->US55,51337,51337,0
6,CS31->US63,0,0,0
6,CS31->US71,0,0,0
6,CS31->US79,50828,50828,0
6,CS31->US87,4260,4260,0
6,CS31->US95,50669,50669,0
6,CS31->US103,0,0,0
6,CS31->US111,0,0,0
6,CS31->US119,53913,53913,0
6,CS31->US127,53258,53258,0
6,CS32->US0,51505,51505,0
6,CS32->US8,5362,5362,0
6,CS32->US16,50440,50440,0
6,CS32->US24,0,0,0
6,CS32->US32,0,0,0
6,CS32->US40,54085,54085,0
6,CS32->US48,51795,51795,0
6,CS32->US56,0,0,0
6,CS32->US64,0,0,0
6,CS32->US72,50724,50724,0
6,CS32->US80,4306,4306,0
6,CS32->US88,51011,51011,0
6,CS32->US96,0,0,0
6,CS32->US104,0,0,0
6,CS32->US112,53410,53410,0
6,CS32->US120,52965,52965,0
6,CS33->US1,51628,51628,0
6,CS33->US9,5252,5252,0
6,CS33->US17,50288,50288,0
6,CS33->US25,0,0,0
6,CS33->US33,0,0,0
6,CS33->US41,53970,53970,0
6,CS33->US49,51392,51392,0
6,CS33->US57,0,0,0
6,CS33->US65,0,0,0
6,CS33->US73,50904,50904,0
6,CS33->US81,4266,4266,0
6,CS33->US89,50621,50621,0
6,CS33->US97,0,0,0
6,CS33->US105,0,0,0
6,CS33->US113,53502,53502,0
6,CS33->US121,53072,53072,0
6,CS34->US2,51641,51641,0
6,CS34->US10,5179,5178,0
6,CS34->US18,50175,50175,0
6,CS34->US26,0,0,0
6,CS34->US34,0,0,0
6,CS34->US42,53832,53832,0
6,CS34->US50,51924,51924,0
6,CS34->US58,0,0,0
6,CS34->US66,0,0,0
6,CS34->US74,50681,50681,0
6,CS34->US82,4289,4289,0
6,CS34->US90,50926,50926,0
6,CS34->US98,0,0,0
6,CS34->US106,0,0,0
6,CS34->US114,53421,53421,0
6,CS34->US122,53126,53126,0
6,CS35->US3,51535,51535,0
6,CS35->US11,5302,5301,0
6,CS35->US19,50718,50718,0
6,CS35->US27,0,0,0
6,CS35->US35,0,0,0
6,CS35->US43,53898,53898,0
6,CS35->US51,51674,51674,0
6,CS35->US59,0,0,0
6,CS35->US67,0,0,0
6,CS35->US75,50710,50710,0
6,CS35->US83,4194,4194,0
6,CS35->US91,50713,50713,0
6,CS35->US99,0,0,0
6,CS35->US107,0,0,0
6,CS35->US115,53390,53390,0
6,CS35->US123,53523,53523,0
6,CS36->US4,51656,51656,0
6,CS36->US12,5231,5231,0
6,CS36->US20,50113,50113,0
6,CS36->US28,0,0,0
6,CS36->US36,0,0,0
6,CS36->US44,53886,53886,0
6,CS36->US52,51629,51629,0
6,CS36->US60,0,0,0
6,CS36->US68,0,0,0
6,CS36->US76,50637,50637,0
6,CS36->US84,4312,4312,0
6,CS36->US92,50823,50823,0
6,CS36->US100,0,0,0
6,CS36->US108,0,0,0
6,CS36->US116,53135,53135,0
6,CS36->US124,52827,52827,0
6,CS37->US5,51795,51795,0
6,CS37->US13,5373,5373,0
6,CS37->US21,49961,49961,0
6,CS37->US29,0,0,0
6,CS37->US37,0,0,0
6,CS37->US45,53866,53866,0
6,CS37->US53,51305,51305,0
6,CS37->US61,0,0,0
6,CS37->US69,0,0,0
6,CS37->US77,50830,50830,0
6,CS37->US85,4276,4276,0
6,CS37->US93,50646,50646,0
6,CS37->US101,0,0,0
6,CS37->US109,0,0,0
6,CS37->US117,53019,53019,0
6,CS37->US125,52958,52958,0
6,CS38->US6,51355,51355,0
6,CS38->US14,5278,5277,0
6,CS38->US22,50495,50495,0
6,CS38->US30,0,0,0
6,CS38->US38,0,0,0
6,CS38->US46,54237,54237,0
6,CS38->US54,51355,51355,0
6,CS38->US62,0,0,0
6,CS38->US70,0,0,0
6,CS38->US78,50956,50956,0
6,CS38->US86,4229,4226,0
6,CS38->US94,50573,50573,0
6,CS38->US102,0,0,0
6,CS38->US110,0,0,0
6,CS38->US118,53255,53255,0
6,CS38->US126,53009,53009,0
6,CS39->US7,51410,51410,0
6,CS39->US15,5202,5201,0
6,CS39->US23,50498,50498,0
6,CS39->US31,0,0,0
6,CS39->US39,0,0,0
6,CS39->US47,54064,54064,0
6,CS39->US55,51354,51354,0
6,CS39->US63,0,0,0
6,CS39->US71,0,0,0
6,CS39->US79,50792,50792,0
6,CS39->US87,4206,4206,0
6,CS39->US95,50645,50645,0
6,CS39->US103,0,0,0
6,CS39->US111,0,0,0
6,CS39->US119,53579,53579,0
6,CS39->US127,53616,53616,0
6,CS40->US0,51511,51511,0
6,CS40->US8,5276,5276,0
6,CS40->US16,49988,49988,0
6,CS40->US24,0,0,0
6,CS40->US32,0,0,0
6,CS40->US40,54119,54119,0
6,CS40->US48,51460,51460,0
6,CS40->US56,0,0,0
6,CS40->US64,0,0,0
6,CS40->US72,50608,50608,0
6,CS40->US80,4279,4278,0
6,CS40->US88,50673,50673,0
6,CS40->US96,0,0,0
6,CS40->US104,0,0,0
6,CS40->US112,53715,53715,0
6,CS40->US120,52721,52721,0
6,CS41->US1,51676,51676,0
6,CS41->US9,5241,5241,0
6,CS41->US17,50582,50582,0
6,CS41->US25,0,0,0
6,CS41->US33,0,0,0
6,CS41->US41,53529,53529,0
6,CS41->US49,51039,51039,0
6,CS41->US57,0,0,0
6,CS41->US65,0,0,0
6,CS41->US73,50888,50888,0
6,CS41->US81,4294,4294,0
6,CS41->US89,51120,51120,0
6,CS41->US97,0,0,0
6,CS41->US105,0,0,0
6,CS41->US113,53533,53533,0
6,CS41->US121,53217,53217,0
6,CS42->US2,51287,51287,0
6,CS42->US10,5195,5193,0
6,CS42->US18,50692,50692,0
6,CS42->US26,0,0,0
6,CS42->US34,0,0,0
6,CS42->US42,53789,53789,0
6,CS42->US50,51415,51415,0
6,CS42->US58,0,0,0
6,CS42->US66,0,0,0
6,CS42->US74,50500,50500,0
6,CS42->US82,4268,4268,0
6,CS42->US90,50835,50835,0
6,CS42->US98,0,0,0
6,CS42->US106,0,0,0
6,CS42->US114,53505,53505,0
6,CS42->US122,53269,53269,0
6,CS43->US3,51201,51201,0
6,CS43->US11,5307,5306,0
6,CS43->US19,50183,50183,0
6,CS43->US27,0,0,0
6,CS43->US35,0,0,0
6,CS43->US43,53935,53935,0
6,CS43->US51,51401,51401,0
6,CS43->US59,0,0,0
6,CS43->US67,0,0,0
6,CS43->US75,50694,50694,0
6,CS43->US83,4277,4277,0
6,CS43->US91,50731,50731,0
6,CS43->US99,0,0,0
6,CS43->US107,0,0,0
6,CS43->US115,53327,53327,0
6,CS43->US123,53203,53203,0
6,CS44->US4,51196,51196,0
6,CS44->US12,5230,5229,0
6,CS44->US20,50448,50448,0
6,CS44->US28,0,0,0
6,CS44->US36,0,0,0
6,CS44->US44,53875,53875,0
6,CS44->US52,51502,51502,0
6,CS44->US60,0,0,0
6,CS44->US68,0,0,0
6,CS44->US76,50727,50727,0
6,CS44->US84,4334,4333,0
6,CS44->US92,50601,50601,0
6,CS44->US100,0,0,0
6,CS44->US108,0,0,0
6,CS44->US116,53464,53464,0
6,CS44->US124,53098,53098,0
6,CS45->US5,51221,51221,0
6,CS45->US13,5227,5227,0
6,CS45->US21,50438,50438,0
6,CS45->US29,0,0,0
6,CS45->US37,0,0,0
6,CS45->US45,54143,54143,0
6,CS45->US53,51565,51565,0
6,CS45->US61,0,0,0
6,CS45->US69,0,0,0
6,CS45->US77,50498,50498,0
6,CS45->US85,4300,4300,0
6,CS45->US93,50769,50769,0
6,CS45->US101,0,0,0
6,CS45->US109,0,0,0
6,CS45->US117,53570,53570,0
6,CS45->US125,53191,53191,0
6,CS46->US6,51287,51287,0
6,CS46->US14,5257,5255,0
6,CS46->US22,50494,50494,0
6,CS46->US30,0,0,0
6,CS46->US38,0,0,0
6,CS46->US46,54044,54044,0
6,CS46->US54,51451,51451,0
6,CS46->US62,0,0,0
6,CS46->US70,0,0,0
6,CS46->US78,50734,50734,0
6,CS46->US86,4264,4264,0
6,CS46->US94,50828,50828,0
6,CS46->US102,0,0,0
6,CS46->US110,0,0,0
6,CS46->US118,53657,53657,0
6,CS46->US126,53230,53230,0
6,CS47->US7,51276,51276,0
6,CS47->US15,5356,5356,0
6,CS47->US23,50133,50133,0
6,CS47->US31,0,0,0
6,CS47->US39,0,0,0
6,CS47->US47,53957,53957,0
6,CS47->US55,51852,51852,0
6,CS47->US63,0,0,0
6,CS47->US71,0,0,0
6,CS47->US79,50653,50653,0
6,CS47->US87,4331,4330,0
6,CS47->US95,50497,50497,0
6,CS47->US103,0,0,0
6,CS47->US111,0,0,0
6,CS47->US119,53508,53508,0
6,CS47->US127,53302,53302,0
6,CS48->US0,51538,51538,0
6,CS48->US8,5312,5311,0
6,CS48->US16,50029,50029,0
6,CS48->US24,0,0,0
6,CS48->US32,0,0,0
6,CS48->US40,53992,53992,0
6,CS48->US48,51407,51407,0
6,CS48->US56,0,0,0
6,CS48->US64,0,0,0
6,CS48->US72,50488,50488,0
6,CS48->US80,4386,4386,0
6,CS48->US88,50878,50878,0
6,CS48->US96,0,0,0
6,CS48->US104,0,0,0
6,CS48->US112,53456,53456,0
6,CS48->US120,53284,53284,0
6,CS49->US1,51580,51580,0
6,CS49->US9,5218,5218,0
6,CS49->US17,50474,50474,0
6,CS49->US25,0,0,0
6,CS49->US33,0,0,0
6,CS49->US41,53947,53947,0
6,CS49->US49,51301,51301,0
6,CS49->US57,0,0,0
6,CS49->US65,0,0,0
6,CS49->US73,51017,51017,0
6,CS49->US81,4255,4254,0
6,CS49->US89,50981,50981,0
6,CS49->US97,0,0,0
6,CS49->US105,0,0,0
6,CS49->US113,52650,52650,0
6,CS49->US121,52957,52957,0
6,CS50->US2,51772,51772,0
6,CS50->US10,5122,5122,0
6,CS50->US18,50076,50076,0
6,CS50->US26,0,0,0
6,CS50->US34,0,0,0
6,CS50->US42,54091,54091,0
6,CS50->US50,51597,51597,0
6,CS50->US58,0,0,0
6,CS50->US66,0,0,0
6,CS50->US74,50896,50896,0
6,CS50->US82,4333,4333,0
6,CS50->US90,51104,51104,0
6,CS50->US98,0,0,0
6,CS50->US106,0,0,0
6,CS50->US114,53731,53731,0
6,CS50->US122,52796,52796,0
6,CS51->US3,51871,51871,0
6,CS51->US11,5327,5327,0
6,CS51->US19,50922,50922,0
6,CS51->US27,0,0,0
6,CS51->US35,0,0,0
6,CS51->US43,53891,53891,0
6,CS51->US51,51359,51359,0
6,CS51->US59,0,0,0
6,CS51->US67,0,0,0
6,CS51->US75,50784,50784,0
6,CS51->US83,4347,4347,0
6,CS51->US91,50854,50854,0
6,CS51->US99,0,0,0
6,CS51->US107,0,0,0
6,CS51->US115,53329,53329,0
6,CS51->US123,53056,53056,0
6,CS52->US4,51727,51727,0
6,CS52->US12,5178,5178,0
6,CS52->US20,50036,50036,0
6,CS52->US28,0,0,0
6,CS52->US36,0,0,0
6,CS52->US44,54136,54136,0
6,CS52->US52,51655,51655,0
6,CS52->US60,0,0,0
6,CS52->US68,0,0,0
6,CS52->US76,50914,50914,0
6,CS52->US84,4206,4205,0
6,CS52->US92,50781,50781,0
6,CS52->US100,0,0,0
6,CS52->US108,0,0,0
6,CS52->US116,53498,53498,0
6,CS52->US124,53142,53142,0
6,CS53->US5,51976,51976,0
6,CS53->US13,5303,5303,0
6,CS53->US21,50435,50435,0
6,CS53->US29,0,0,0
6,CS53->US37,0,0,0
6,CS53->US45,54113,54113,0
6,CS53->US53,51506,51506,0
6,CS53->US61,0,0,0
6,CS53->US69,0,0,0
6,CS53->US77,50673,50673,0
6,CS53->US85,4291,4291,0
6,CS53->US93,50352,50352,0
6,CS53->US101,0,0,0
6,CS53->US109,0,0,0
6,CS53->US117,53518,53518,0
6,CS53->US125,52832,52832,0
6,CS54->US6,51481,51481,0
6,CS54->US14,5297,5296,0
6,CS54->US22,50530,50530,0
6,CS54->US30,0,0,0
6,CS54->US38,0,0,0
6,CS54->US46,54072,54072,0
6,CS54->US54,51246,51246,0
6,CS54->US62,0,0,0
6,CS54->US70,0,0,0
6,CS54->US78,50842,50842,0
6,CS54->US86,4135,4134,0
6,CS54->US94,50681,50681,0
6,CS54->US102,0,0,0
6,CS54->US110,0,0,0
6,CS54->US118,53864,53864,0
6,CS54->US126,52945,52945,0
6,CS55->US7,51378,51378,0
6,CS55->US15,5253,5253,0
6,CS55->US23,50248,50248,0
6,CS55->US31,0,0,0
6,CS55->US39,0,0,0
6,CS55->US47,54012,54012,0
6,CS55->US55,51055,51055,0
6,CS55->US63,0,0,0
6,CS55->US71,0,0,0
6,CS55->US79,50717,50717,0
6,CS55->US87,4265,4265,0
6,CS55->US95,50765,50765,0
6,CS55->US103,0,0,0
6,CS55->US111,0,0,0
6,CS55->US119,53856,53856,0
6,CS55->US127,52982,52982,0
6,CS56->US0,51601,51601,0
6,CS56->US8,5213,5212,0
6,CS56->US16,50447,50447,0
6,CS56->US24,0,0,0
6,CS56->US32,0,0,0
6,CS56->US40,53661,53661,0
6,CS56->US48,51836,51836,0
6,CS56->US56,0,0,0
6,CS56->US64,0,0,0
6,CS56->US72,50901,50901,0
6,CS56->US80,4224,4224,0
6,CS56->US88,50373,50373,0
6,CS56->US96,0,0,0
6,CS56->US104,0,0,0
6,CS56->US112,53495,53495,0
6,CS56->US120,53290,53290,0
6,CS57->US1,51269,51269,0
6,CS57->US9,5302,5302,0
6,CS57->US17,50272,50272,0
6,CS57->US25,0,0,0
6,CS57->US33,0,0,0
6,CS57->US41,53581,53581,0
6,CS57->US49,51333,51333,0
6,CS57->US57,0,0,0
6,CS57->US65,0,0,0
6,CS57->US73,50709,50709,0
6,CS57->US81,4340,4340,0
6,CS57->US89,51011,51011,0
6,CS57->US97,0,0,0
6,CS57->US105,0,0,0
6,CS57->US113,53675,53675,0
6,CS57->US121,53227,53227,0
6,CS58->US2,51480,51480,0
6,CS58->US10,5365,5365,0
6,CS58->US18,50865,50865,0
6,CS58->US26,0,0,0
6,CS58->US34,0,0,0
6,CS58->US42,54158,54158,0
6,CS58->US50,51873,51873,0
6,CS58->US58,0,0,0
6,CS58->US66,0,0,0
6,CS58->US74,51257,51257,0
6,CS58->US82,4115,4114,0
6,CS58->US90,50722,50722,0
6,CS58->US98,0,0,0
6,CS58->US106,0,0,0
6,CS58->US114,53383,53383,0
6,CS58->US122,53342,53342,0
6,CS59->US3,51198,51198,0
6,CS59->US11,5198,5198,0
6,CS59->US19,50273,50273,0
6,CS59->US27,0,0,0
6,CS59->US35,0,0,0
6,CS59->US43,54085,54085,0
6,CS59->US51,51260,51260,0
6,CS59->US59,0,0,0
6,CS59->US67,0,0,0
6,CS59->US75,50913,50913,0
6,CS59->US83,4241,4240,0
6,CS59->US91,50561,50561,0
6,CS59->US99,0,0,0
6,CS59->US107,0,0,0
6,CS59->US115,53296,53296,0
6,CS59->US123,53082,53082,0
6,CS60->US4,51221,51221,0
6,CS60->US12,5348,5348,0
6,CS60->US20,50260,50260,0
6,CS60->US28,0,0,0
6,CS60->US36,0,0,0
6,CS60->US44,53924,53924,0
6,CS60->US52,51322,51322,0
6,CS60->US60,0,0,0
6,CS60->US68,0,0,0
6,CS60->US76,50663,50663,0
6,CS60->US84,4213,4211,0
6,CS60->US92,51074,51074,0
6,CS60->US100,0,0,0
6,CS60->US108,0,0,0
6,CS60->US116,53381,53381,0
6,CS60->US124,52789,52789,0
6,CS61->US5,51683,51683,0
6,CS61->US13,5409,5409,0
6,CS61->US21,50507,50507,0
6,CS61->US29,0,0,0
6,CS61->US37,0,0,0
6,CS61->US45,53573,53573,0
6,CS61->US53,51845,51845,0
6,CS61->US61,0,0,0
6,CS61->US69,0,0,0
6,CS61->US77,51113,51113,0
6,CS61->US85,4180,4179,0
6,CS61->US93,50540,50540,0
6,CS61->US101,0,0,0
6,CS61->US109,0,0,0
6,CS61->US117,53269,53269,0
6,CS61->US125,53031,53031,0
6,CS62->US6,51205,51205,0
6,CS62->US14,5288,5288,0
6,CS62->US22,50881,50881,0
6,CS62->US30,0,0,0
6,CS62->US38,0,0,0
6,CS62->US46,53758,53758,0
6,CS62->US54,51368,51368,0
6,CS62->US62,0,0,0
6,CS62->US70,0,0,0
6,CS62->US78,50782,50782,0
6,CS62->US86,4365,4365,0
6,CS62->US94,50759,50759,0
6,CS62->US102,0,0,0
6,CS62->US110,0,0,0
6,CS62->US118,53678,53678,0
6,CS62->US126,53060,53060,0
6,CS63->US7,51989,51989,0
6,CS63->US15,5205,5205,0
6,CS63->US23,50606,50606,0
6,CS63->US31,0,0,0
6,CS63->US39,0,0,0
6,CS63->US47,54043,54043,0
6,CS63->US55,51629,51629,0
6,CS63->US63,0,0,0
6,CS63->US71,0,0,0
6,CS63->US79,50550,50550,0
6,CS63->US87,4348,4347,0
6,CS63->US95,50816,50816,0
6,CS63->US103,0,0,0
6,CS63->US111,0,0,0
6,CS63->US119,53635,53635,0
6,CS63->US127,53192,53192,0
7,US0->CS0,51939,51939,0
7,US0->CS8,51748,51748,0
7,US0->CS16,51672,51672,0
7,US0->CS24,51987,51987,0
7,US0->CS32,52080,52080,0
7,US0->CS40,51724,51724,0
7,US0->CS48,51692,51692,0
7,US0->CS56,52091,52091,0
7,US1->CS1,51803,51803,0
7,US1->CS9,51969,51969,0
7,US1->CS17,51709,51709,0
7,US1->CS25,51502,51502,0
7,US1->CS33,51672,51672,0
7,US1->CS41,51316,51316,0
7,US1->CS49,51603,51603,0
7,US1->CS57,51612,51612,0
7,US2->CS2,51475,51475,0
7,US2->CS10,51478,51478,0
7,US2->CS18,51338,51338,0
7,US2->CS26,52013,52013,0
7,US2->CS34,52200,52200,0
7,US2->CS42,51661,51661,0
7,US2->CS50,51874,51874,0
7,US2->CS58,52141,52141,0
7,US3->CS3,51538,51538,0
7,US3->CS11,51935,51935,0
7,US3->CS19,51580,51580,0
7,US3->CS27,51947,51947,0
7,US3->CS35,51951,51951,0
7,US3->CS43,51638,51638,0
7,US3->CS51,51678,51678,0
7,US3->CS59,51552,51552,0
7,US4->CS4,51429,51429,0
7,US4->CS12,52036,52036,0
7,US4->CS20,51571,51571,0
7,US4->CS28,51465,51465,0
7,US4->CS36,51959,51959,0
7,US4->CS44,51743,51743,0
7,US4->CS52,51932,51932,0
7,US4->CS60,51629,51629,0
7,US5->CS5,51842,51842,0
7,US5->CS13,52103,52103,0
7,US5->CS21,51730,51730,0
7,US5->CS29,51904,51904,0
7,US5->CS37,51564,51564,0
7,US5->CS45,51879,51879,0
7,US5->CS53,51744,51744,0
7,US5->CS61,52145,52145,0
7,US6->CS6,51877,51877,0
7,US6->CS14,52060,52060,0
7,US6->CS22,51636,51636,0
7,US6->CS30,51697,51697,0
7,US6->CS38,51652,51652,0
7,US6->CS46,51718,51718,0
7,US6->CS54,51508,51508,0
7,US6->CS62,51642,51642,0
7,US7->CS7,52005,52005,0
7,US7->CS15,51763,51763,0
7,US7->CS23,51697,51697,0
7,US7->CS31,51642,51642,0
7,US7->CS39,51628,51628,0
7,US7->CS47,52129,52129,0
7,US7->CS55,51348,51348,0
7,US7->CS63,51916,51916,0
7,US8->CS0,55163,55163,0
7,US8->CS8,55241,55241,0
7,US8->CS16,55776,55776,0
7,US8->CS24,55025,55025,0
7,US8->CS32,55590,55588,0
7,US8->CS40,55287,55287,0
7,US8->CS48,55494,55493,0
7,US8->CS56,55315,55315,0
7,US9->CS1,54807,54806,0
7,US9->CS9,55184,55184,0
7,US9->CS17,55452,55452,0
7,US9->CS25,55227,55226,0
7,US9->CS33,54586,54586,0
7,US9->CS41,55598,55598,0
7,US9->CS49,55084,55083,0
7,US9->CS57,55221,55221,0
7,US10->CS2,55379,55377,0
7,US10->CS10,55494,55494,0
7,US10->CS18,55522,55522,0
7,US10->CS26,55171,55170,0
7,US10->CS34,55549,55549,0
7,US10->CS42,55579,55578,0
7,US10->CS50,55710,55710,0
7,US10->CS58,55187,55187,0
7,US11->CS3,55370,55370,0
7,US11->CS11,55329,55329,0
7,US11->CS19,55253,55253,0
7,US11->CS27,55438,55437,0
7,US11->CS35,55161,55161,0
7,US11->CS43,55285,55285,0
7,US11->CS51,55408,55408,0
7,US11->CS59,55510,55508,0
7,US12->CS4,55696,55696,0
7,US12->CS12,55506,55506,0
7,US12->CS20,55173,55173,0
7,US12->CS28,55207,55207,0
7,US12->CS36,55570,55570,0
7,US12->CS44,55609,55607,0
7,US12->CS52,55459,55459,0
7,US12->CS60,54586,54586,0
7,US13->CS5,55348,55348,0
7,US13->CS13,55082,55082,0
7,US13->CS21,54875,54875,0
7,US13->CS29,55270,55269,0
7,US13->CS37,55613,55612,0
7,US13->CS45,55786,55786,0
7,US13->CS53,55379,55379,0
7,US13->CS61,54909,54909,0
7,US14->CS6,55180,55180,0
7,US14->CS14,55361,55360,0
7,US14->CS22,55599,55598,0
7,US14->CS30,55506,55506,0
7,US14->CS38,55807,55807,0
7,US14->CS46,55882,55881,0
7,US14->CS54,55522,55521,0
7,US14->CS62,55452,55452,0
7,US15->CS7,55274,55274,0
7,US15->CS15,55503,55503,0
7,US15->CS23,55571,55571,0
7,US15->CS31,55443,55443,0
7,US15->CS39,55213,55213,0
7,US15->CS47,55248,55248,0
7,US15->CS55,55524,55524,0
7,US15->CS63,55611,55611,0
7,US16->CS0,53178,53178,0
7,US16->CS8,53167,53167,0
7,US16->CS16,53320,53320,0
7,US16->CS24,53295,53295,0
7,US16->CS32,53197,53197,0
7,US16->CS40,52971,52971,0
7,US16->CS48,53480,53480,0
7,US16->CS56,53515,53515,0
7,US17->CS1,53367,53367,0
7,US17->CS9,53109,53109,0
7,US17->CS17,53231,53231,0
7,US17->CS25,53811,53811,0
7,US17->CS33,53364,53364,0
7,US17->CS41,53416,53416,0
7,US17->CS49,53183,53183,0
7,US17->CS57,53484,53484,0
7,US18->CS2,53310,53310,0
7,US18->CS10,53084,53084,0
7,US18->CS18,53283,53283,0
7,US18->CS26,53043,53043,0
7,US18->CS34,53382,53382,0
7,US18->CS42,53520,53520,0
7,US18->CS50,53015,53015,0
7,US18->CS58,53611,53611,0
7,US19->CS3,53193,53193,0
7,US19->CS11,52974,52974,0
7,US19->CS19,53594,53594,0
7,US19->CS27,53275,53275,0
7,US19->CS35,53767,53767,0
7,US19->CS43,53477,53477,0
7,US19->CS51,53309,53309,0
7,US19->CS59,53307,53307,0
7,US20->CS4,53838,53838,0
7,US20->CS12,53039,53039,0
7,US20->CS20,53691,53691,0
7,US20->CS28,53595,53595,0
7,US20->CS36,53054,53054,0
7,US20->CS44,53309,53309,0
7,US20->CS52,53394,53394,0
7,US20->CS60,52973,52973,0
7,US21->CS5,53937,53937,0
7,US21->CS13,53231,53231,0
7,US21->CS21,53521,53521,0
7,US21->CS29,52991,52991,0
7,US21->CS37,53160,53160,0
7,US21->CS45,53418,53418,0
7,US21->CS53,53089,53089,0
7,US21->CS61,53265,53265,0
7,US22->CS6,53282,53282,0
7,US22->CS14,53585,53585,0
7,US22->CS22,53425,53425,0
7,US22->CS30,53103,53103,0
7,US22->CS38,53229,53229,0
7,US22->CS46,53477,53477,0
7,US22->CS54,53220,53220,0
7,US22->CS62,53317,53317,0
7,US23->CS7,53500,53500,0
7,US23->CS15,53489,53489,0
7,US23->CS23,53470,53470,0
7,US23->CS31,53474,53474,0
7,US23->CS39,53837,53837,0
7,US23->CS47,53435,53435,0
7,US23->CS55,53218,53218,0
7,US23->CS63,53431,53431,0
7,US24->CS0,0,0,0
7,US24->CS8,0,0,0
7,US24->CS16,0,0,0
7,US24->CS24,0,0,0
7,US24->CS32,0,0,0
7,US24->CS40,0,0,0
7,US24->CS48,0,0,0
7,US24->CS56,0,0,0
7,US25->CS1,0,0,0
7,US25->CS9,0,0,0
7,US25->CS17,0,0,0
7,US25->CS25,0,0,0
7,US25->CS33,0,0,0
7,US25->CS41,0,0,0
7,US25->CS49,0,0,0
7,US25->CS57,0,0,0
7,US26->CS2,0,0,0
7,US26->CS10,0,0,0
7,US26->CS18,0,0,0
7,US26->CS26,0,0,0
7,US26->CS34,0,0,0
7,US26->CS42,0,0,0
7,US26->CS50,0,0,0
7,US26->CS58,0,0,0
7,US27->CS3,0,0,0
7,US27->CS11,0,0,0
7,US27->CS19,0,0,0
7,US27->CS27,0,0,0
7,US27->CS35,0,0,0
7,US27->CS43,0,0,0
7,US27->CS51,0,0,0
7,US27->CS59,0,0,0
7,US28->CS4,0,0,0
7,US28->CS12,0,0,0
7,US28->CS20,0,0,0
7,US28->CS28,0,0,0
7,US28->CS36,0,0,0
7,US28->CS44,0,0,0
7,US28->CS52,0,0,0
7,US28->CS60,0,0,0
7,US29->CS5,0,0,0
7,US29->CS13,0,0,0
7,US29->CS21,0,0,0
7,US29->CS29,0,0,0
7,US29->CS37,0,0,0
7,US29->CS45,0,0,0
7,US29->CS53,0,0,0
7,US29->CS61,0,0,0
7,US30->CS6,0,0,0
7,US30->CS14,0,0,0
7,US30->CS22,0,0,0
7,US30->CS30,0,0,0
7,US30->CS38,0,0,0
7,US30->CS46,0,0,0
7,US30->CS54,0,0,0
7,US30->CS62,0,0,0
7,US31->CS7,0,0,0
7,US31->CS15,0,0,0
7,US31->CS23,0,0,0
7,US31->CS31,0,0,0
7,US31->CS39,0,0,0
7,US31->CS47,0,0,0
7,US31->CS55,0,0,0
7,US31->CS63,0,0,0
7,US32->CS0,0,0,0
7,US32->CS8,0,0,0
7,US32->CS16,0,0,0
7,US32->CS24,0,0,0
7,US32->CS32,0,0,0
7,US32->CS40,0,0,0
7,US32->CS48,0,0,0
7,US32->CS56,0,0,0
7,US33->CS1,0,0,0
7,US33->CS9,0,0,0
7,US33->CS17,0,0,0
7,US33->CS25,0,0,0
7,US33->CS33,0,0,0
7,US33->CS41,0,0,0
7,US33->CS49,0,0,0
7,US33->CS57,0,0,0
7,US34->CS2,0,0,0
7,US34->CS10,0,0,0
7,US34->CS18,0,0,0
7,US34->CS26,0,0,0
7,US34->CS34,0,0,0
7,US34->CS42,0,0,0
7,US34->CS50,0,0,0
7,US34->CS58,0,0,0
7,US35->CS3,0,0,0
7,US35->CS11,0,0,0
7,US35->CS19,0,0,0
7,US35->CS27,0,0,0
7,US35->CS35,0,0,0
7,US35->CS43,0,0,0
7,US35->CS51,0,0,0
7,US35->CS59,0,0,0
7,US36->CS4,0,0,0
7,US36->CS12,0,0,0
7,US36->CS20,0,0,0
7,US36->CS28,0,0,0
7,US36->CS36,0,0,0
7,US36->CS44,0,0,0
7,US36->CS52,0,0,0
7,US36->CS60,0,0,0
7,US37->CS5,0,0,0
7,US37->CS13,0,0,0
7,US37->CS21,0,0,0
7,US37->CS29,0,0,0
7,US37->CS37,0,0,0
7,US37->CS45,0,0,0
7,US37->CS53,0,0,0
7,US37->CS61,0,0,0
7,US38->CS6,0,0,0
7,US38->CS14,0,0,0
7,US38->CS22,0,0,0
7,US38->CS30,0,0,0
7,US38->CS38,0,0,0
7,US38->CS46,0,0,0
7,US38->CS54,0,0,0
7,US38->CS62,0,0,0
7,US39->CS7,0,0,0
7,US39->CS15,0,0,0
7,US39->CS23,0,0,0
7,US39->CS31,0,0,0
7,US39->CS39,0,0,0
7,US39->CS47,0,0,0
7,US39->CS55,0,0,0
7,US39->CS63,0,0,0
7,US40->CS0,53368,53368,0
7,US40->CS8,53581,53581,0
7,US40->CS16,53231,53231,0
7,US40->CS24,53732,53732,0
7,US40->CS32,53408,53408,0
7,US40->CS40,53744,53744,0
7,US40->CS48,53442,53442,0
7,US40->CS56,53547,53547,0
7,US41->CS1,53539,53539,0
7,US41->CS9,54007,54007,0
7,US41->CS17,53269,53269,0
7,US41->CS25,53396,53396,0
7,US41->CS33,53458,53458,0
7,US41->CS41,53490,53490,0
7,US41->CS49,52609,52609,0
7,US41->CS57,53694,53694,0
7,US42->CS2,53304,53304,0
7,US42->CS10,53238,53238,0
7,US42->CS18,53174,53174,0
7,US42->CS26,53364,53364,0
7,US42->CS34,53421,53421,0
7,US42->CS42,53557,53557,0
7,US42->CS50,53757,53757,0
7,US42->CS58,53423,53423,0
7,US43->CS3,53377,53377,0
7,US43->CS11,53552,53552,0
7,US43->CS19,53403,53403,0
7,US43->CS27,53296,53296,0
7,US43->CS35,53349,53349,0
7,US43->CS43,53369,53369,0
7,US43->CS51,53293,53293,0
7,US43->CS59,53293,53293,0
7,US44->CS4,53427,53427,0
7,US44->CS12,53159,53159,0
7,US44->CS20,53589,53589,0
7,US44->CS28,53747,53747,0
7,US44->CS36,53097,53097,0
7,US44->CS44,53480,53480,0
7,US44->CS52,53501,53501,0
7,US44->CS60,53329,53329,0
7,US45->CS5,53584,53584,0
7,US45->CS13,53168,53168,0
7,US45->CS21,53674,53674,0
7,US45->CS29,53235,53235,0
7,US45->CS37,53079,53079,0
7,US45->CS45,53525,53525,0
7,US45->CS53,53536,53536,0
7,US45->CS61,53275,53275,0
7,US46->CS6,53480,53480,0
7,US46->CS14,53512,53512,0
7,US46->CS22,53518,53518,0
7,US46->CS30,53579,53579,0
7,US46->CS38,53244,53244,0
7,US46->CS46,53672,53672,0
7,US46->CS54,53849,53849,0
7,US46->CS62,53728,53728,0
7,US47->CS7,53341,53341,0
7,US47->CS15,53357,53357,0
7,US47->CS23,53546,53546,0
7,US47->CS31,53906,53906,0
7,US47->CS39,53552,53552,0
7,US47->CS47,53461,53461,0
7,US47->CS55,53852,53852,0
7,US47->CS63,53618,53618,0
7,US48->CS0,51566,51566,0
7,US48->CS8,51516,51516,0
7,US48->CS16,51314,51314,0
7,US48->CS24,51972,51972,0
7,US48->CS32,51785,51785,0
7,US48->CS40,51811,51811,0
7,US48->CS48,51791,51791,0
7,US48->CS56,51851,51851,0
7,US49->CS1,51543,51543,0
7,US49->CS9,52100,52100,0
7,US49->CS17,51889,51889,0
7,US49->CS25,51585,51585,0
7,US49->CS33,51895,51895,0
7,US49->CS41,51962,51962,0
7,US49->CS49,51836,51836,0
7,US49->CS57,51584,51584,0
7,US50->CS2,51792,51792,0
7,US50->CS10,51352,51352,0
7,US50->CS18,51531,51531,0
7,US50->CS26,51852,51852,0
7,US50->CS34,51893,51893,0
7,US50->CS42,51546,51546,0
7,US50->CS50,52011,52011,0
7,US50->CS58,51772,51772,0
7,US51->CS3,51635,51635,0
7,US51->CS11,51633,51633,0
7,US51->CS19,51401,51401,0
7,US51->CS27,51901,51901,0
7,US51->CS35,51859,51859,0
7,US51->CS43,51434,51434,0
7,US51->CS51,52168,52168,0
7,US51->CS59,51446,51446,0
7,US52->CS4,52011,52011,0
7,US52->CS12,52180,52180,0
7,US52->CS20,51611,51611,0
7,US52->CS28,51782,51782,0
7,US52->CS36,51958,51958,0
7,US52->CS44,51451,51451,0
7,US52->CS52,51980,51980,0
7,US52->CS60,51495,51495,0
7,US53->CS5,51666,51666,0
7,US53->CS13,51907,51907,0
7,US53->CS21,51727,51727,0
7,US53->CS29,51527,51527,0
7,US53->CS37,52053,52053,0
7,US53->CS45,51502,51502,0
7,US53->CS53,52229,52229,0
7,US53->CS61,51947,51947,0
7,US54->CS6,52045,52045,0
7,US54->CS14,51808,51808,0
7,US54->CS22,51903,51903,0
7,US54->CS30,51681,51681,0
7,US54->CS38,51633,51633,0
7,US54->CS46,51583,51583,0
7,US54->CS54,51753,51753,0
7,US54->CS62,51471,51471,0
7,US55->CS7,51822,51822,0
7,US55->CS15,52215,52215,0
7,US55->CS23,51839,51839,0
7,US55->CS31,51425,51425,0
7,US55->CS39,51677,51677,0
7,US55->CS47,51553,51553,0
7,US55->CS55,51644,51644,0
7,US55->CS63,52292,52292,0
7,US56->CS0,0,0,0
7,US56->CS8,0,0,0
7,US56->CS16,0,0,0
7,US56->CS24,0,0,0
7,US56->CS32,0,0,0
7,US56->CS40,0,0,0
7,US56->CS48,0,0,0
7,US56->CS56,0,0,0
7,US57->CS1,0,0,0
7,US57->CS9,0,0,0
7,US57->CS17,0,0,0
7,US57->CS25,0,0,0
7,US57->CS33,0,0,0
7,US57->CS41,0,0,0
7,US57->CS49,0,0,0
7,US57->CS57,0,0,0
7,US58->CS2,0,0,0
7,US58->CS10,0,0,0
7,US58->CS18,0,0,0
7,US58->CS26,0,0,0
7,US58->CS34,0,0,0
7,US58->CS42,0,0,0
7,US58->CS50,0,0,0
7,US58->CS58,0,0,0
7,US59->CS3,0,0,0
7,US59->CS11,0,0,0
7,US59->CS19,0,0,0
7,US59->CS27,0,0,0
7,US59->CS35,0,0,0
7,US59->CS43,0,0,0
7,US59->CS51,0,0,0
7,US59->CS59,0,0,0
7,US60->CS4,0,0,0
7,US60->CS12,0,0,0
7,US60->CS20,0,0,0
7,US60->CS28,0,0,0
7,US60->CS36,0,0,0
7,US60->CS44,0,0,0
7,US60->CS52,0,0,0
7,US60->CS60,0,0,0
7,US61->CS5,0,0,0
7,US61->CS13,0,0,0
7,US61->CS21,0,0,0
7,US61->CS29,0,0,0
7,US61->CS37,0,0,0
7,US61->CS45,0,0,0
7,US61->CS53,0,0,0
7,US61->CS61,0,0,0
7,US62->CS6,0,0,0
7,US62->CS14,0,0,0
7,US62->CS22,0,0,0
7,US62->CS30,0,0,0
7,US62->CS38,0,0,0
7,US62->CS46,0,0,0
7,US62->CS54,0,0,0
7,US62->CS62,0,0,0
7,US63->CS7,0,0,0
7,US63->CS15,0,0,0
7,US63->CS23,0,0,0
7,US63->CS31,0,0,0
7,US63->CS39,0,0,0
7,US63->CS47,0,0,0
7,US63->CS55,0,0,0
7,US63->CS63,0,0,0
7,US64->CS0,0,0,0
7,US64->CS8,0,0,0
7,US64->CS16,0,0,0
7,US64->CS24,0,0,0
7,US64->CS32,0,0,0
7,US64->CS40,0,0,0
7,US64->CS48,0,0,0
7,US64->CS56,0,0,0
7,US65->CS1,0,0,0
7,US65->CS9,0,0,0
7,US65->CS17,0,0,0
7,US65->CS25,0,0,0
7,US65->CS33,0,0,0
7,US65->CS41,0,0,0
7,US65->CS49,0,0,0
7,US65->CS57,0,0,0
7,US66->CS2,0,0,0
7,US66->CS10,0,0,0
7,US66->CS18,0,0,0
7,US66->CS26,0,0,0
7,US66->CS34,0,0,0
7,US66->CS42,0,0,0
7,US66->CS50,0,0,0
7,US66->CS58,0,0,0
7,US67->CS3,0,0,0
7,US67->CS11,0,0,0
7,US67->CS19,0,0,0
7,US67->CS27,0,0,0
7,US67->CS35,0,0,0
7,US67->CS43,0,0,0
7,US67->CS51,0,0,0
7,US67->CS59,0,0,0
7,US68->CS4,0,0,0
7,US68->CS12,0,0,0
7,US68->CS20,0,0,0
7,US68->CS28,0,0,0
7,US68->CS36,0,0,0
7,US68->CS44,0,0,0
7,US68->CS52,0,0,0
7,US68->CS60,0,0,0
7,US69->CS5,0,0,0
7,US69->CS13,0,0,0
7,US69->CS21,0,0,0
7,US69->CS29,0,0,0
7,US69->CS37,0,0,0
7,US69->CS45,0,0,0
7,US69->CS53,0,0,0
7,US69->CS61,0,0,0
7,US70->CS6,0,0,0
7,US70->CS14,0,0,0
7,US70->CS22,0,0,0
7,US70->CS30,0,0,0
7,US70->CS38,0,0,0
7,US70->CS46,0,0,0
7,US70->CS54,0,0,0
7,US70->CS62,0,0,0
7,US71->CS7,0,0,0
7,US71->CS15,0,0,0
7,US71->CS23,0,0,0
7,US71->CS31,0,0,0
7,US71->CS39,0,0,0
7,US71->CS47,0,0,0
7,US71->CS55,0,0,0
7,US71->CS63,0,0,0
7,US72->CS0,51001,51001,0
7,US72->CS8,51190,51190,0
7,US72->CS16,50570,50570,0
7,US72->CS24,51028,51028,0
7,US72->CS32,51094,51094,0
7,US72->CS40,50693,50693,0
7,US72->CS48,50912,50912,0
7,US72->CS56,50469,50469,0
7,US73->CS1,50872,50872,0
7,US73->CS9,50838,50838,0
7,US73->CS17,51034,51034,0
7,US73->CS25,50998,50998,0
7,US73->CS33,50675,50675,0
7,US73->CS41,51189,51189,0
7,US73->CS49,50978,50978,0
7,US73->CS57,51010,51010,0
7,US74->CS2,50577,50577,0
7,US74->CS10,50876,50876,0
7,US74->CS18,51071,51071,0
7,US74->CS26,50745,50745,0
7,US74->CS34,50918,50918,0
7,US74->CS42,50883,50883,0
7,US74->CS50,51118,51118,0
7,US74->CS58,50755,50755,0
7,US75->CS3,50667,50667,0
7,US75->CS11,50994,50994,0
7,US75->CS19,51020,51020,0
7,US75->CS27,50502,50502,0
7,US75->CS35,50817,50817,0
7,US75->CS43,50786,50786,0
7,US75->CS51,50853,50853,0
7,US75->CS59,50573,50573,0
7,US76->CS4,50771,50771,0
7,US76->CS12,50949,50949,0
7,US76->CS20,50715,50715,0
7,US76->CS28,50910,50910,0
7,US76->CS36,50843,50843,0
7,US76->CS44,50640,50640,0
7,US76->CS52,50795,50795,0
7,US76->CS60,51092,51092,0
7,US77->CS5,51185,51185,0
7,US77->CS13,50509,50509,0
7,US77->CS21,50430,50430,0
7,US77->CS29,50395,50395,0
7,US77->CS37,50751,50751,0
7,US77->CS45,50843,50843,0
7,US77->CS53,50348,50348,0
7,US77->CS61,50551,50551,0
7,US78->CS6,50929,50929,0
7,US78->CS14,50393,50393,0
7,US78->CS22,50918,50918,0
7,US78->CS30,50869,50869,0
7,US78->CS38,50561,50561,0
7,US78->CS46,50863,50863,0
7,US78->CS54,50699,50699,0
7,US78->CS62,50752,50752,0
7,US79->CS7,51010,51010,0
7,US79->CS15,51115,51115,0
7,US79->CS23,50734,50734,0
7,US79->CS31,50712,50712,0
7,US79->CS39,50716,50716,0
7,US79->CS47,50614,50614,0
7,US79->CS55,50782,50782,0
7,US79->CS63,50854,50854,0
7,US80->CS0,49249,49249,0
7,US80->CS8,49408,49408,0
7,US80->CS16,49462,49462,0
7,US80->CS24,49397,49397,0
7,US80->CS32,49770,49770,0
7,US80->CS40,49096,49096,0
7,US80->CS48,49656,49656,0
7,US80->CS56,49419,49419,0
7,US81->CS1,49144,49144,0
7,US81->CS9,49655,49655,0
7,US81->CS17,49557,49556,0
7,US81->CS25,49337,49337,0
7,US81->CS33,49987,49987,0
7,US81->CS41,49519,49518,0
7,US81->CS49,49480,49480,0
7,US81->CS57,49493,49493,0
7,US82->CS2,49578,49578,0
7,US82->CS10,49407,49407,0
7,US82->CS18,49724,49724,0
7,US82->CS26,49174,49173,0
7,US82->CS34,49310,49310,0
7,US82->CS42,49454,49454,0
7,US82->CS50,48984,48984,0
7,US82->CS58,49572,49572,0
7,US83->CS3,49449,49449,0
7,US83->CS11,49300,49300,0
7,US83->CS19,49192,49192,0
7,US83->CS27,49479,49478,0
7,US83->CS35,49743,49743,0
7,US83->CS43,49885,49885,0
7,US83->CS51,49320,49319,0
7,US83->CS59,49363,49363,0
7,US84->CS4,49834,49834,0
7,US84->CS12,49729,49729,0
7,US84->CS20,49440,49440,0
7,US84->CS28,49453,49453,0
7,US84->CS36,49703,49703,0
7,US84->CS44,49819,49819,0
7,US84->CS52,49574,49574,0
7,US84->CS60,49670,49670,0
7,US85->CS5,49806,49806,0
7,US85->CS13,49526,49526,0
7,US85->CS21,49706,49706,0
7,US85->CS29,50004,50004,0
7,US85->CS37,49210,49210,0
7,US85->CS45,49558,49558,0
7,US85->CS53,49377,49377,0
7,US85->CS61,49653,49653,0
7,US86->CS6,49770,49770,0
7,US86->CS14,49493,49493,0
7,US86->CS22,49751,49751,0
7,US86->CS30,49562,49562,0
7,US86->CS38,49615,49614,0
7,US86->CS46,49206,49206,0
7,US86->CS54,49299,49299,0
7,US86->CS62,49543,49543,0
7,US87->CS7,49152,49152,0
7,US87->CS15,49327,49327,0
7,US87->CS23,49554,49554,0
7,US87->CS31,49278,49278,0
7,US87->CS39,49381,49381,0
7,US87->CS47,49761,49761,0
7,US87->CS55,49744,49744,0
7,US87->CS63,49626,49626,0
7,US88->CS0,50735,50735,0
7,US88->CS8,50680,50680,0
7,US88->CS16,51115,51115,0
7,US88->CS24,51285,51285,0
7,US88->CS32,50803,50803,0
7,US88->CS40,50700,50700,0
7,US88->CS48,50621,50621,0
7,US88->CS56,50964,50964,0
7,US89->CS1,50879,50879,0
7,US89->CS9,50837,50837,0
7,US89->CS17,50947,50947,0
7,US89->CS25,50939,50939,0
7,US89->CS33,51051,51051,0
7,US89->CS41,51053,51053,0
7,US89->CS49,51129,51129,0
7,US89->CS57,50765,50765,0
7,US90->CS2,50934,50934,0
7,US90->CS10,50979,50979,0
7,US90->CS18,50916,50916,0
7,US90->CS26,50320,50320,0
7,US90->CS34,50769,50769,0
7,US90->CS42,50609,50609,0
7,US90->CS50,50984,50984,0
7,US90->CS58,51353,51353,0
7,US91->CS3,50848,50848,0
7,US91->CS11,50940,50940,0
7,US91->CS19,50742,50742,0
7,US91->CS27,50692,50692,0
7,US91->CS35,50852,50852,0
7,US91->CS43,50799,50799,0
7,US91->CS51,50897,50897,0
7,US91->CS59,50991,50991,0
7,US92->CS4,50493,50493,0
7,US92->CS12,51291,51291,0
7,US92->CS20,51092,51092,0
7,US92->CS28,50853,50853,0
7,US92->CS36,50707,50707,0
7,US92->CS44,50864,50864,0
7,US92->CS52,51016,51016,0
7,US92->CS60,50782,50782,0
7,US93->CS5,51099,51099,0
7,US93->CS13,50774,50774,0
7,US93->CS21,51155,51155,0
7,US93->CS29,50841,50841,0
7,US93->CS37,50885,50885,0
7,US93->CS45,50639,50639,0
7,US93->CS53,50789,50789,0
7,US93->CS61,51218,51218,0
7,US94->CS6,51129,51129,0
7,US94->CS14,50717,50717,0
7,US94->CS22,51087,51087,0
7,US94->CS30,50778,50778,0
7,US94->CS38,51114,51114,0
7,US94->CS46,50813,50813,0
7,US94->CS54,51009,51009,0
7,US94->CS62,50832,50832,0
7,US95->CS7,50929,50929,0
7,US95->CS15,50855,50855,0
7,US95->CS23,50854,50854,0
7,US95->CS31,50965,50965,0
7,US95->CS39,50949,50949,0
7,US95->CS47,50806,50806,0
7,US95->CS55,50794,50794,0
7,US95->CS63,50653,50653,0
7,US96->CS0,0,0,0
7,US96->CS8,0,0,0
7,US96->CS16,0,0,0
7,US96->CS24,0,0,0
7,US96->CS32,0,0,0
7,US96->CS40,0,0,0
7,US96->CS48,0,0,0
7,US96->CS56,0,0,0
7,US97->CS1,0,0,0
7,US97->CS9,0,0,0
7,US97->CS17,0,0,0
7,US97->CS25,0,0,0
7,US97->CS33,0,0,0
7,US97->CS41,0,0,0
7,US97->CS49,0,0,0
7,US97->CS57,0,0,0
7,US98->CS2,0,0,0
7,US98->CS10,0,0,0
7,US98->CS18,0,0,0
7,US98->CS26,0,0,0
7,US98->CS34,0,0,0
7,US98->CS42,0,0,0
7,US98->CS50,0,0,0
7,US98->CS58,0,0,0
7,US99->CS3,0,0,0
7,US99->CS11,0,0,0
7,US99->CS19,0,0,0
7,US99->CS27,0,0,0
7,US99->CS35,0,0,0
7,US99->CS43,0,0,0
7,US99->CS51,0,0,0
7,US99->CS59,0,0,0
7,US100->CS4,0,0,0
7,US100->CS12,0,0,0
7,US100->CS20,0,0,0
7,US100->CS28,0,0,0
7,US100->CS36,0,0,0
7,US100->CS44,0,0,0
7,US100->CS52,0,0,0
7,US100->CS60,0,0,0
7,US101->CS5,0,0,0
7,US101->CS13,0,0,0
7,US101->CS21,0,0,0
7,US101->CS29,0,0,0
7,US101->CS37,0,0,0
7,US101->CS45,0,0,0
7,US101->CS53,0,0,0
7,US101->CS61,0,0,0
7,US102->CS6,0,0,0
7,US102->CS14,0,0,0
7,US102->CS22,0,0,0
7,US102->CS30,0,0,0
7,US102->CS38,0,0,0
7,US102->CS46,0,0,0
7,US102->CS54,0,0,0
7,US102->CS62,0,0,0
7,US103->CS7,0,0,0
7,US103->CS15,0,0,0
7,US103->CS23,0,0,0
7,US103->CS31,0,0,0
7,US103->CS39,0,0,0
7,US103->CS47,0,0,0
7,US103->CS55,0,0,0
7,US103->CS63,0,0,0
7,US104->CS0,0,0,0
7,US104->CS8,0,0,0
7,US104->CS16,0,0,0
7,US104->CS24,0,0,0
7,US104->CS32,0,0,0
7,US104->CS40,0,0,0
7,US104->CS48,0,0,0
7,US104->CS56,0,0,0
7,US105->CS1,0,0,0
7,US105->CS9,0,0,0
7,US105->CS17,0,0,0
7,US105->CS25,0,0,0
7,US105->CS33,0,0,0
7,US105->CS41,0,0,0
7,US105->CS49,0,0,0
7,US105->CS57,0,0,0
7,US106->CS2,0,0,0
7,US106->CS10,0,0,0
7,US106->CS18,0,0,0
7,US106->CS26,0,0,0
7,US106->CS34,0,0,0
7,US106->CS42,0,0,0
7,US106->CS50,0,0,0
7,US106->CS58,0,0,0
7,US107->CS3,0,0,0
7,US107->CS11,0,0,0
7,US107->CS19,0,0,0
7,US107->CS27,0,0,0
7,US107->CS35,0,0,0
7,US107->CS43,0,0,0
7,US107->CS51,0,0,0
7,US107->CS59,0,0,0
7,US108->CS4,0,0,0
7,US108->CS12,0,0,0
7,US108->CS20,0,0,0
7,US108->CS28,0,0,0
7,US108->CS36,0,0,0
7,US108->CS44,0,0,0
7,US108->CS52,0,0,0
7,US108->CS60,0,0,0
7,US109->CS5,0,0,0
7,US109->CS13,0,0,0
7,US109->CS21,0,0,0
7,US109->CS29,0,0,0
7,US109->CS37,0,0,0
7,US109->CS45,0,0,0
7,US109->CS53,0,0,0
7,US109->CS61,0,0,0
7,US110->CS6,0,0,0
7,US110->CS14,0,0,0
7,US110->CS22,0,0,0
7,US110->CS30,0,0,0
7,US110->CS38,0,0,0
7,US110->CS46,0,0,0
7,US110->CS54,0,0,0
7,US110->CS62,0,0,0
7,US111->CS7,0,0,0
7,US111->CS15,0,0,0
7,US111->CS23,0,0,0
7,US111->CS31,0,0,0
7,US111->CS39,0,0,0
7,US111->CS47,0,0,0
7,US111->CS55,0,0,0
7,US111->CS63,0,0,0
7,US112->CS0,53948,53948,0
7,US112->CS8,53922,53922,0
7,US112->CS16,53892,53892,0
7,US112->CS24,54054,54054,0
7,US112->CS32,54048,54048,0
7,US112->CS40,54098,54098,0
7,US112->CS48,54045,54045,0
7,US112->CS56,53683,53683,0
7,US113->CS1,53967,53967,0
7,US113->CS9,53765,53765,0
7,US113->CS17,53930,53930,0
7,US113->CS25,54054,54054,0
7,US113->CS33,53960,53960,0
7,US113->CS41,53551,53551,0
7,US113->CS49,54015,54015,0
7,US113->CS57,53583,53583,0
7,US114->CS2,53936,53936,0
7,US114->CS10,53813,53813,0
7,US114->CS18,53993,53993,0
7,US114->CS26,53836,53836,0
7,US114->CS34,53882,53882,0
7,US114->CS42,53808,53808,0
7,US114->CS50,54211,54211,0
7,US114->CS58,54165,54165,0
7,US115->CS3,54571,54571,0
7,US115->CS11,54318,54318,0
7,US115->CS19,53956,53956,0
7,US115->CS27,53765,53765,0
7,US115->CS35,53813,53813,0
7,US115->CS43,53962,53962,0
7,US115->CS51,53882,53882,0
7,US115->CS59,54163,54163,0
7,US116->CS4,53948,53948,0
7,US116->CS12,53725,53725,0
7,US116->CS20,53803,53803,0
7,US116->CS28,54173,54173,0
7,US116->CS36,53888,53888,0
7,US116->CS44,53939,53939,0
7,US116->CS52,54195,54195,0
7,US116->CS60,53986,53986,0
7,US117->CS5,53849,53849,0
7,US117->CS13,53596,53596,0
7,US117->CS21,54350,54350,0
7,US117->CS29,54345,54345,0
7,US117->CS37,53915,53915,0
7,US117->CS45,54123,54123,0
7,US117->CS53,54195,54195,0
7,US117->CS61,53584,53584,0
7,US118->CS6,54503,54503,0
7,US118->CS14,53808,53808,0
7,US118->CS22,54027,54027,0
7,US118->CS30,53827,53827,0
7,US118->CS38,54278,54278,0
7,US118->CS46,54040,54040,0
7,US118->CS54,54083,54083,0
7,US118->CS62,53813,53813,0
7,US119->CS7,53807,53807,0
7,US119->CS15,53848,53848,0
7,US119->CS23,53953,53953,0
7,US119->CS31,53701,53701,0
7,US119->CS39,54097,54097,0
7,US119->CS47,53945,53945,0
7,US119->CS55,54016,54016,0
7,US119->CS63,54045,54045,0
7,US120->CS0,50735,50735,0
7,US120->CS8,50483,50483,0
7,US120->CS16,50524,50524,0
7,US120->CS24,50637,50637,0
7,US120->CS32,50556,50556,0
7,US120->CS40,50085,50085,0
7,US120->CS48,50110,50110,0
7,US120->CS56,50523,50523,0
7,US121->CS1,50478,50478,0
7,US121->CS9,50207,50207,0
7,US121->CS17,50693,50693,0
7,US121->CS25,50930,50930,0
7,US121->CS33,50366,50366,0
7,US121->CS41,50649,50649,0
7,US121->CS49,50583,50583,0
7,US121->CS57,50373,50373,0
7,US122->CS2,50406,50406,0
7,US122->CS10,50277,50277,0
7,US122->CS18,50455,50455,0
7,US122->CS26,50850,50850,0
7,US122->CS34,50312,50312,0
7,US122->CS42,50792,50792,0
7,US122->CS50,50206,50206,0
7,US122->CS58,50990,50990,0
7,US123->CS3,50430,50430,0
7,US123->CS11,50696,50696,0
7,US123->CS19,50260,50260,0
7,US123->CS27,50651,50651,0
7,US123->CS35,50821,50821,0
7,US123->CS43,50250,50250,0
7,US123->CS51,50992,50992,0
7,US123->CS59,50360,50360,0
7,US124->CS4,50228,50228,0
7,US124->CS12,50441,50441,0
7,US124->CS20,50098,50098,0
7,US124->CS28,50759,50759,0
7,US124->CS36,50206,50206,0
7,US124->CS44,50530,50530,0
7,US124->CS52,50144,50144,0
7,US124->CS60,50347,50347,0
7,US125->CS5,50386,50386,0
7,US125->CS13,50268,50268,0
7,US125->CS21,50621,50621,0
7,US125->CS29,50541,50541,0
7,US125->CS37,50012,50012,0
7,US125->CS45,50566,50566,0
7,US125->CS53,50502,50502,0
7,US125->CS61,50613,50613,0
7,US126->CS6,50537,50537,0
7,US126->CS14,50104,50104,0
7,US126->CS22,50408,50408,0
7,US126->CS30,50498,50498,0
7,US126->CS38,50593,50593,0
7,US126->CS46,50564,50564,0
7,US126->CS54,50581,50581,0
7,US126->CS62,51021,51021,0
7,US127->CS7,50445,50445,0
7,US127->CS15,50556,50556,0
7,US127->CS23,50414,50414,0
7,US127->CS31,50614,50614,0
7,US127->CS39,50597,50597,0
7,US127->CS47,50254,50254,0
7,US127->CS55,50360,50360,0
7,US127->CS63,50732,50732,0
7,CS0->US0,51275,51275,0
7,CS0->US8,49343,49343,0
7,CS0->US16,50925,50925,0
7,CS0->US24,0,0,0
7,CS0->US32,0,0,0
7,CS0->US40,53996,53996,0
7,CS0->US48,51658,51658,0
7,CS0->US56,0,0,0
7,CS0->US64,0,0,0
7,CS0->US72,50782,50782,0
7,CS0->US80,55155,55154,0
7,CS0->US88,51089,51089,0
7,CS0->US96,0,0,0
7,CS0->US104,0,0,0
7,CS0->US112,53419,53419,0
7,CS0->US120,53239,53239,0
7,CS1->US1,51211,51211,0
7,CS1->US9,49260,49260,0
7,CS1->US17,50645,50645,0
7,CS1->US25,0,0,0
7,CS1->US33,0,0,0
7,CS1->US41,54068,54068,0
7,CS1->US49,51467,51467,0
7,CS1->US57,0,0,0
7,CS1->US65,0,0,0
7,CS1->US73,50882,50882,0
7,CS1->US81,54801,54800,0
7,CS1->US89,51009,51009,0
7,CS1->US97,0,0,0
7,CS1->US105,0,0,0
7,CS1->US113,53710,53710,0
7,CS1->US121,53345,53345,0
7,CS2->US2,51463,51463,0
7,CS2->US10,49685,49685,0
7,CS2->US18,50548,50548,0
7,CS2->US26,0,0,0
7,CS2->US34,0,0,0
7,CS2->US42,54040,54040,0
7,CS2->US50,51190,51190,0
7,CS2->US58,0,0,0
7,CS2->US66,0,0,0
7,CS2->US74,51009,51009,0
7,CS2->US82,55386,55385,0
7,CS2->US90,50693,50693,0
7,CS2->US98,0,0,0
7,CS2->US106,0,0,0
7,CS2->US114,53363,53363,0
7,CS2->US122,53312,53312,0
7,CS3->US3,51368,51368,0
7,CS3->US11,49539,49539,0
7,CS3->US19,50637,50637,0
7,CS3->US27,0,0,0
7,CS3->US35,0,0,0
7,CS3->US43,54592,54592,0
7,CS3->US51,51275,51275,0
7,CS3->US59,0,0,0
7,CS3->US67,0,0,0
7,CS3->US75,50872,50872,0
7,CS3->US83,55353,55353,0
7,CS3->US91,50843,50843,0
7,CS3->US99,0,0,0
7,CS3->US107,0,0,0
7,CS3->US115,53426,53426,0
7,CS3->US123,53173,53173,0
7,CS4->US4,51719,51719,0
7,CS4->US12,49931,49931,0
7,CS4->US20,50384,50384,0
7,CS4->US28,0,0,0
7,CS4->US36,0,0,0
7,CS4->US44,53963,53963,0
7,CS4->US52,51147,51147,0
7,CS4->US60,0,0,0
7,CS4->US68,0,0,0
7,CS4->US76,50527,50527,0
7,CS4->US84,55693,55692,0
7,CS4->US92,50920,50920,0
7,CS4->US100,0,0,0
7,CS4->US108,0,0,0
7,CS4->US116,53522,53522,0
7,CS4->US124,53869,53869,0
7,CS5->US5,51378,51378,0
7,CS5->US13,49924,49923,0
7,CS5->US21,50541,50541,0
7,CS5->US29,0,0,0
7,CS5->US37,0,0,0
7,CS5->US45,53893,53893,0
7,CS5->US53,51584,51584,0
7,CS5->US61,0,0,0
7,CS5->US69,0,0,0
7,CS5->US77,51148,51148,0
7,CS5->US85,55355,55355,0
7,CS5->US93,51275,51275,0
7,CS5->US101,0,0,0
7,CS5->US109,0,0,0
7,CS5->US117,53631,53631,0
7,CS5->US125,53973,53973,0
7,CS6->US6,51771,51771,0
7,CS6->US14,49868,49867,0
7,CS6->US22,50686,50686,0
7,CS6->US30,0,0,0
7,CS6->US38,0,0,0
7,CS6->US46,54562,54562,0
7,CS6->US54,51593,51593,0
7,CS6->US62,0,0,0
7,CS6->US70,0,0,0
7,CS6->US78,51223,51223,0
7,CS6->US86,55177,55177,0
7,CS6->US94,51063,51063,0
7,CS6->US102,0,0,0
7,CS6->US110,0,0,0
7,CS6->US118,53524,53524,0
7,CS6->US126,53265,53265,0
7,CS7->US7,51562,51562,0
7,CS7->US15,49265,49265,0
7,CS7->US23,50607,50607,0
7,CS7->US31,0,0,0
7,CS7->US39,0,0,0
7,CS7->US47,53795,53795,0
7,CS7->US55,51697,51697,0
7,CS7->US63,0,0,0
7,CS7->US71,0,0,0
7,CS7->US79,50969,50969,0
7,CS7->US87,55283,55282,0
7,CS7->US95,51136,51136,0
7,CS7->US103,0,0,0
7,CS7->US111,0,0,0
7,CS7->US119,53438,53438,0
7,CS7->US127,53533,53533,0
7,CS8->US0,51218,51218,0
7,CS8->US8,49477,49476,0
7,CS8->US16,50623,50623,0
7,CS8->US24,0,0,0
7,CS8->US32,0,0,0
7,CS8->US40,53964,53964,0
7,CS8->US48,51459,51459,0
7,CS8->US56,0,0,0
7,CS8->US64,0,0,0
7,CS8->US72,50736,50736,0
7,CS8->US80,55234,55234,0
7,CS8->US88,51329,51329,0
7,CS8->US96,0,0,0
7,CS8->US104,0,0,0
7,CS8->US112,53681,53681,0
7,CS8->US120,53215,53215,0
7,CS9->US1,51811,51811,0
7,CS9->US9,49735,49735,0
7,CS9->US17,50343,50343,0
7,CS9->US25,0,0,0
7,CS9->US33,0,0,0
7,CS9->US41,53784,53784,0
7,CS9->US49,51679,51679,0
7,CS9->US57,0,0,0
7,CS9->US65,0,0,0
7,CS9->US73,50910,50910,0
7,CS9->US81,55215,55215,0
7,CS9->US89,50958,50958,0
7,CS9->US97,0,0,0
7,CS9->US105,0,0,0
7,CS9->US113,54057,54057,0
7,CS9->US121,53179,53179,0
7,CS10->US2,51075,51075,0
7,CS10->US10,49478,49478,0
7,CS10->US18,50471,50471,0
7,CS10->US26,0,0,0
7,CS10->US34,0,0,0
7,CS10->US42,53831,53831,0
7,CS10->US50,51162,51162,0
7,CS10->US58,0,0,0
7,CS10->US66,0,0,0
7,CS10->US74,51017,51017,0
7,CS10->US82,55464,55464,0
7,CS10->US90,51052,51052,0
7,CS10->US98,0,0,0
7,CS10->US106,0,0,0
7,CS10->US114,53352,53352,0
7,CS10->US122,53096,53096,0
7,CS11->US3,51351,51351,0
7,CS11->US11,49418,49418,0
7,CS11->US19,50852,50852,0
7,CS11->US27,0,0,0
7,CS11->US35,0,0,0
7,CS11->US43,54346,54346,0
7,CS11->US51,51674,51674,0
7,CS11->US59,0,0,0
7,CS11->US67,0,0,0
7,CS11->US75,50966,50966,0
7,CS11->US83,55365,55365,0
7,CS11->US91,51114,51114,0
7,CS11->US99,0,0,0
7,CS11->US107,0,0,0
7,CS11->US115,53594,53594,0
7,CS11->US123,52990,52990,0
7,CS12->US4,51891,51891,0
7,CS12->US12,49817,49817,0
7,CS12->US20,50592,50592,0
7,CS12->US28,0,0,0
7,CS12->US36,0,0,0
7,CS12->US44,53766,53766,0
7,CS12->US52,51817,51817,0
7,CS12->US60,0,0,0
7,CS12->US68,0,0,0
7,CS12->US76,51327,51327,0
7,CS12->US84,55506,55506,0
7,CS12->US92,51056,51056,0
7,CS12->US100,0,0,0
7,CS12->US108,0,0,0
7,CS12->US116,53191,53191,0
7,CS12->US124,53092,53092,0
7,CS13->US5,51649,51649,0
7,CS13->US13,49616,49616,0
7,CS13->US21,50399,50399,0
7,CS13->US29,0,0,0
7,CS13->US37,0,0,0
7,CS13->US45,53596,53596,0
7,CS13->US53,51783,51783,0
7,CS13->US61,0,0,0
7,CS13->US69,0,0,0
7,CS13->US77,50813,50813,0
7,CS13->US85,55118,55118,0
7,CS13->US93,50609,50609,0
7,CS13->US101,0,0,0
7,CS13->US109,0,0,0
7,CS13->US117,53282,53282,0
7,CS13->US125,53299,53299,0
7,CS14->US6,51577,51577,0
7,CS14->US14,49573,49573,0
7,CS14->US22,50349,50349,0
7,CS14->US30,0,0,0
7,CS14->US38,0,0,0
7,CS14->US46,53751,53751,0
7,CS14->US54,51813,51813,0
7,CS14->US62,0,0,0
7,CS14->US70,0,0,0
7,CS14->US78,50759,50759,0
7,CS14->US86,55322,55321,0
7,CS14->US94,50534,50534,0
7,CS14->US102,0,0,0
7,CS14->US110,0,0,0
7,CS14->US118,53510,53510,0
7,CS14->US126,53652,53652,0
7,CS15->US7,51970,51970,0
7,CS15->US15,49407,49407,0
7,CS15->US23,50707,50707,0
7,CS15->US31,0,0,0
7,CS15->US39,0,0,0
7,CS15->US47,53859,53859,0
7,CS15->US55,51442,51442,0
7,CS15->US63,0,0,0
7,CS15->US71,0,0,0
7,CS15->US79,50932,50932,0
7,CS15->US87,55520,55520,0
7,CS15->US95,51257,51257,0
7,CS15->US103,0,0,0
7,CS15->US111,0,0,0
7,CS15->US119,53433,53433,0
7,CS15->US127,53501,53501,0
7,CS16->US0,51005,51005,0
7,CS16->US8,49532,49532,0
7,CS16->US16,50677,50677,0
7,CS16->US24,0,0,0
7,CS16->US32,0,0,0
7,CS16->US40,53918,53918,0
7,CS16->US48,51411,51411,0
7,CS16->US56,0,0,0
7,CS16->US64,0,0,0
7,CS16->US72,51163,51163,0
7,CS16->US80,55806,55806,0
7,CS16->US88,50756,50756,0
7,CS16->US96,0,0,0
7,CS16->US104,0,0,0
7,CS16->US112,53261,53261,0
7,CS16->US120,53347,53347,0
7,CS17->US1,51629,51629,0
7,CS17->US9,49639,49639,0
7,CS17->US17,50910,50910,0
7,CS17->US25,0,0,0
7,CS17->US33,0,0,0
7,CS17->US41,54007,54007,0
7,CS17->US49,51476,51476,0
7,CS17->US57,0,0,0
7,CS17->US65,0,0,0
7,CS17->US73,51036,51036,0
7,CS17->US81,55426,55426,0
7,CS17->US89,51101,51101,0
7,CS17->US97,0,0,0
7,CS17->US105,0,0,0
7,CS17->US113,53222,53222,0
7,CS17->US121,53264,53264,0
7,CS18->US2,51253,51253,0
7,CS18->US10,49832,49832,0
7,CS18->US18,50618,50618,0
7,CS18->US26,0,0,0
7,CS18->US34,0,0,0
7,CS18->US42,54012,54012,0
7,CS18->US50,51065,51065,0
7,CS18->US58,0,0,0
7,CS18->US66,0,0,0
7,CS18->US74,50974,50974,0
7,CS18->US82,55540,55540,0
7,CS18->US90,51182,51182,0
7,CS18->US98,0,0,0
7,CS18->US106,0,0,0
7,CS18->US114,53208,53208,0
7,CS18->US122,53323,53323,0
7,CS19->US3,51089,51089,0
7,CS19->US11,49286,49285,0
7,CS19->US19,50374,50374,0
7,CS19->US27,0,0,0
7,CS19->US35,0,0,0
7,CS19->US43,53992,53992,0
7,CS19->US51,51306,51306,0
7,CS19->US59,0,0,0
7,CS19->US67,0,0,0
7,CS19->US75,50845,50845,0
7,CS19->US83,55279,55279,0
7,CS19->US91,51224,51224,0
7,CS19->US99,0,0,0
7,CS19->US107,0,0,0
7,CS19->US115,53434,53434,0
7,CS19->US123,53572,53572,0
7,CS20->US4,51321,51321,0
7,CS20->US12,49510,49509,0
7,CS20->US20,50205,50205,0
7,CS20->US28,0,0,0
7,CS20->US36,0,0,0
7,CS20->US44,53828,53828,0
7,CS20->US52,51309,51309,0
7,CS20->US60,0,0,0
7,CS20->US68,0,0,0
7,CS20->US76,51213,51213,0
7,CS20->US84,55185,55184,0
7,CS20->US92,50888,50888,0
7,CS20->US100,0,0,0
7,CS20->US108,0,0,0
7,CS20->US116,53611,53611,0
7,CS20->US124,53713,53713,0
7,CS21->US5,51517,51517,0
7,CS21->US13,49837,49837,0
7,CS21->US21,50816,50816,0
7,CS21->US29,0,0,0
7,CS21->US37,0,0,0
7,CS21->US45,54308,54308,0
7,CS21->US53,51450,51450,0
7,CS21->US61,0,0,0
7,CS21->US69,0,0,0
7,CS21->US77,51134,51134,0
7,CS21->US85,54908,54908,0
7,CS21->US93,50570,50570,0
7,CS21->US101,0,0,0
7,CS21->US109,0,0,0
7,CS21->US117,53747,53747,0
7,CS21->US125,53502,53502,0
7,CS22->US6,51631,51631,0
7,CS22->US14,49828,49827,0
7,CS22->US22,50636,50636,0
7,CS22->US30,0,0,0
7,CS22->US38,0,0,0
7,CS22->US46,54080,54080,0
7,CS22->US54,51334,51334,0
7,CS22->US62,0,0,0
7,CS22->US70,0,0,0
7,CS22->US78,51147,51147,0
7,CS22->US86,55577,55577,0
7,CS22->US94,51010,51010,0
7,CS22->US102,0,0,0
7,CS22->US110,0,0,0
7,CS22->US118,53553,53553,0
7,CS22->US126,53475,53475,0
7,CS23->US7,51588,51588,0
7,CS23->US15,49646,49646,0
7,CS23->US23,50590,50590,0
7,CS23->US31,0,0,0
7,CS23->US39,0,0,0
7,CS23->US47,53912,53912,0
7,CS23->US55,51429,51429,0
7,CS23->US63,0,0,0
7,CS23->US71,0,0,0
7,CS23->US79,50987,50987,0
7,CS23->US87,55532,55530,0
7,CS23->US95,50870,50870,0
7,CS23->US103,0,0,0
7,CS23->US111,0,0,0
7,CS23->US119,53544,53544,0
7,CS23->US127,53534,53534,0
7,CS24->US0,51707,51707,0
7,CS24->US8,49448,49448,0
7,CS24->US16,50811,50811,0
7,CS24->US24,0,0,0
7,CS24->US32,0,0,0
7,CS24->US40,54054,54054,0
7,CS24->US48,51717,51717,0
7,CS24->US56,0,0,0
7,CS24->US64,0,0,0
7,CS24->US72,51429,51429,0
7,CS24->US80,55006,55006,0
7,CS24->US88,51198,51198,0
7,CS24->US96,0,0,0
7,CS24->US104,0,0,0
7,CS24->US112,53703,53703,0
7,CS24->US120,53339,53339,0
7,CS25->US1,51287,51287,0
7,CS25->US9,49446,49446,0
7,CS25->US17,51080,51080,0
7,CS25->US25,0,0,0
7,CS25->US33,0,0,0
7,CS25->US41,54074,54074,0
7,CS25->US49,51197,51197,0
7,CS25->US57,0,0,0
7,CS25->US65,0,0,0
7,CS25->US73,51001,51001,0
7,CS25->US81,55237,55237,0
7,CS25->US89,51131,51131,0
7,CS25->US97,0,0,0
7,CS25->US105,0,0,0
7,CS25->US113,53478,53478,0
7,CS25->US121,53847,53847,0
7,CS26->US2,51581,51581,0
7,CS26->US10,49265,49265,0
7,CS26->US18,51049,51049,0
7,CS26->US26,0,0,0
7,CS26->US34,0,0,0
7,CS26->US42,53857,53857,0
7,CS26->US50,51840,51840,0
7,CS26->US58,0,0,0
7,CS26->US66,0,0,0
7,CS26->US74,50390,50390,0
7,CS26->US82,55129,55129,0
7,CS26->US90,50883,50883,0
7,CS26->US98,0,0,0
7,CS26->US106,0,0,0
7,CS26->US114,53309,53309,0
7,CS26->US122,53063,53063,0
7,CS27->US3,51564,51564,0
7,CS27->US11,49571,49571,0
7,CS27->US19,50787,50787,0
7,CS27->US27,0,0,0
7,CS27->US35,0,0,0
7,CS27->US43,53873,53873,0
7,CS27->US51,51678,51678,0
7,CS27->US59,0,0,0
7,CS27->US67,0,0,0
7,CS27->US75,50740,50740,0
7,CS27->US83,55462,55462,0
7,CS27->US91,50625,50625,0
7,CS27->US99,0,0,0
7,CS27->US107,0,0,0
7,CS27->US115,53356,53356,0
7,CS27->US123,53287,53287,0
7,CS28->US4,51467,51467,0
7,CS28->US12,49583,49583,0
7,CS28->US20,50915,50915,0
7,CS28->US28,0,0,0
7,CS28->US36,0,0,0
7,CS28->US44,54246,54246,0
7,CS28->US52,51199,51199,0
7,CS28->US60,0,0,0
7,CS28->US68,0,0,0
7,CS28->US76,50949,50949,0
7,CS28->US84,55221,55221,0
7,CS28->US92,51017,51017,0
7,CS28->US100,0,0,0
7,CS28->US108,0,0,0
7,CS28->US116,53747,53747,0
7,CS28->US124,53600,53600,0
7,CS29->US5,51208,51208,0
7,CS29->US13,50075,50075,0
7,CS29->US21,50708,50708,0
7,CS29->US29,0,0,0
7,CS29->US37,0,0,0
7,CS29->US45,54361,54361,0
7,CS29->US53,51675,51675,0
7,CS29->US61,0,0,0
7,CS29->US69,0,0,0
7,CS29->US77,50867,50867,0
7,CS29->US85,55261,55261,0
7,CS29->US93,50567,50567,0
7,CS29->US101,0,0,0
7,CS29->US109,0,0,0
7,CS29->US117,53279,53279,0
7,CS29->US125,53051,53051,0
7,CS30->US6,51418,51418,0
7,CS30->US14,49640,49640,0
7,CS30->US22,50570,50570,0
7,CS30->US30,0,0,0
7,CS30->US38,0,0,0
7,CS30->US46,53863,53863,0
7,CS30->US54,51402,51402,0
7,CS30->US62,0,0,0
7,CS30->US70,0,0,0
7,CS30->US78,50895,50895,0
7,CS30->US86,55540,55540,0
7,CS30->US94,50925,50925,0
7,CS30->US102,0,0,0
7,CS30->US110,0,0,0
7,CS30->US118,53650,53650,0
7,CS30->US126,53196,53196,0
7,CS31->US7,51134,51134,0
7,CS31->US15,49371,49371,0
7,CS31->US23,50784,50784,0
7,CS31->US31,0,0,0
7,CS31->US39,0,0,0
7,CS31->US47,53731,53731,0
7,CS31->US55,51337,51337,0
7,CS31->US63,0,0,0
7,CS31->US71,0,0,0
7,CS31->US79,51024,51024,0
7,CS31->US87,55473,55473,0
7,CS31->US95,50821,50821,0
7,CS31->US103,0,0,0
7,CS31->US111,0,0,0
7,CS31->US119,53952,53952,0
7,CS31->US127,53533,53533,0
7,CS32->US0,51505,51505,0
7,CS32->US8,49870,49870,0
7,CS32->US16,50692,50692,0
7,CS32->US24,0,0,0
7,CS32->US32,0,0,0
7,CS32->US40,54145,54145,0
7,CS32->US48,51795,51795,0
7,CS32->US56,0,0,0
7,CS32->US64,0,0,0
7,CS32->US72,50894,50894,0
7,CS32->US80,55592,55592,0
7,CS32->US88,51180,51180,0
7,CS32->US96,0,0,0
7,CS32->US104,0,0,0
7,CS32->US112,53462,53462,0
7,CS32->US120,53194,53194,0
7,CS33->US1,51628,51628,0
7,CS33->US9,50080,50079,0
7,CS33->US17,50541,50541,0
7,CS33->US25,0,0,0
7,CS33->US33,0,0,0
7,CS33->US41,54010,54010,0
7,CS33->US49,51392,51392,0
7,CS33->US57,0,0,0
7,CS33->US65,0,0,0
7,CS33->US73,51046,51046,0
7,CS33->US81,54609,54609,0
7,CS33->US89,50807,50807,0
7,CS33->US97,0,0,0
7,CS33->US105,0,0,0
7,CS33->US113,53545,53545,0
7,CS33->US121,53356,53356,0
7,CS34->US2,51641,51641,0
7,CS34->US10,49449,49449,0
7,CS34->US18,50453,50453,0
7,CS34->US26,0,0,0
7,CS34->US34,0,0,0
7,CS34->US42,53860,53860,0
7,CS34->US50,51924,51924,0
7,CS34->US58,0,0,0
7,CS34->US66,0,0,0
7,CS34->US74,50837,50837,0
7,CS34->US82,55583,55583,0
7,CS34->US90,51078,51078,0
7,CS34->US98,0,0,0
7,CS34->US106,0,0,0
7,CS34->US114,53454,53454,0
7,CS34->US122,53357,53357,0
7,CS35->US3,51535,51535,0
7,CS35->US11,49842,49841,0
7,CS35->US19,50989,50989,0
7,CS35->US27,0,0,0
7,CS35->US35,0,0,0
7,CS35->US43,53936,53936,0
7,CS35->US51,51674,51674,0
7,CS35->US59,0,0,0
7,CS35->US67,0,0,0
7,CS35->US75,50873,50873,0
7,CS35->US83,55166,55164,0
7,CS35->US91,50895,50895,0
7,CS35->US99,0,0,0
7,CS35->US107,0,0,0
7,CS35->US115,53432,53432,0
7,CS35->US123,53791,53791,0
7,CS36->US4,51656,51656,0
7,CS36->US12,49775,49774,0
7,CS36->US20,50366,50366,0
7,CS36->US28,0,0,0
7,CS36->US36,0,0,0
7,CS36->US44,53926,53926,0
7,CS36->US52,51629,51629,0
7,CS36->US60,0,0,0
7,CS36->US68,0,0,0
7,CS36->US76,50795,50795,0
7,CS36->US84,55575,55575,0
7,CS36->US92,50999,50999,0
7,CS36->US100,0,0,0
7,CS36->US108,0,0,0
7,CS36->US116,53174,53174,0
7,CS36->US124,53090,53090,0
7,CS37->US5,51795,51795,0
7,CS37->US13,49326,49326,0
7,CS37->US21,50211,50211,0
7,CS37->US29,0,0,0
7,CS37->US37,0,0,0
7,CS37->US45,53911,53911,0
7,CS37->US53,51305,51305,0
7,CS37->US61,0,0,0
7,CS37->US69,0,0,0
7,CS37->US77,51024,51024,0
7,CS37->US85,55559,55559,0
7,CS37->US93,50824,50824,0
7,CS37->US101,0,0,0
7,CS37->US109,0,0,0
7,CS37->US117,53053,53053,0
7,CS37->US125,53233,53233,0
7,CS38->US6,51355,51355,0
7,CS38->US14,49687,49687,0
7,CS38->US22,50775,50775,0
7,CS38->US30,0,0,0
7,CS38->US38,0,0,0
7,CS38->US46,54263,54263,0
7,CS38->US54,51355,51355,0
7,CS38->US62,0,0,0
7,CS38->US70,0,0,0
7,CS38->US78,51143,51143,0
7,CS38->US86,55831,55827,0
7,CS38->US94,50750,50750,0
7,CS38->US102,0,0,0
7,CS38->US110,0,0,0
7,CS38->US118,53306,53306,0
7,CS38->US126,53260,53260,0
7,CS39->US7,51410,51410,0
7,CS39->US15,49506,49505,0
7,CS39->US23,50764,50764,0
7,CS39->US31,0,0,0
7,CS39->US39,0,0,0
7,CS39->US47,54111,54111,0
7,CS39->US55,51354,51354,0
7,CS39->US63,0,0,0
7,CS39->US71,0,0,0
7,CS39->US79,50945,50945,0
7,CS39->US87,55247,55247,0
7,CS39->US95,50824,50824,0
7,CS39->US103,0,0,0
7,CS39->US111,0,0,0
7,CS39->US119,53629,53629,0
7,CS39->US127,53857,53857,0
7,CS40->US0,51511,51511,0
7,CS40->US8,49194,49194,0
7,CS40->US16,50223,50223,0
7,CS40->US24,0,0,0
7,CS40->US32,0,0,0
7,CS40->US40,54155,54155,0
7,CS40->US48,51460,51460,0
7,CS40->US56,0,0,0
7,CS40->US64,0,0,0
7,CS40->US72,50771,50771,0
7,CS40->US80,55334,55334,0
7,CS40->US88,50835,50835,0
7,CS40->US96,0,0,0
7,CS40->US104,0,0,0
7,CS40->US112,53752,53752,0
7,CS40->US120,52974,52974,0
7,CS41->US1,51676,51676,0
7,CS41->US9,49604,49604,0
7,CS41->US17,50845,50845,0
7,CS41->US25,0,0,0
7,CS41->US33,0,0,0
7,CS41->US41,53571,53571,0
7,CS41->US49,51039,51039,0
7,CS41->US57,0,0,0
7,CS41->US65,0,0,0
7,CS41->US73,51045,51045,0
7,CS41->US81,55604,55604,0
7,CS41->US89,51304,51304,0
7,CS41->US97,0,0,0
7,CS41->US105,0,0,0
7,CS41->US113,53573,53573,0
7,CS41->US121,53481,53481,0
7,CS42->US2,51287,51287,0
7,CS42->US10,49562,49562,0
7,CS42->US18,50994,50994,0
7,CS42->US26,0,0,0
7,CS42->US34,0,0,0
7,CS42->US42,53829,53829,0
7,CS42->US50,51415,51415,0
7,CS42->US58,0,0,0
7,CS42->US66,0,0,0
7,CS42->US74,50672,50672,0
7,CS42->US82,55565,55565,0
7,CS42->US90,51019,51019,0
7,CS42->US98,0,0,0
7,CS42->US106,0,0,0
7,CS42->US114,53551,53551,0
7,CS42->US122,53514,53514,0
7,CS43->US3,51201,51201,0
7,CS43->US11,50002,50002,0
7,CS43->US19,50436,50436,0
7,CS43->US27,0,0,0
7,CS43->US35,0,0,0
7,CS43->US43,53966,53966,0
7,CS43->US51,51401,51401,0
7,CS43->US59,0,0,0
7,CS43->US67,0,0,0
7,CS43->US75,50871,50871,0
7,CS43->US83,55274,55273,0
7,CS43->US91,50912,50912,0
7,CS43->US99,0,0,0
7,CS43->US107,0,0,0
7,CS43->US115,53359,53359,0
7,CS43->US123,53463,53463,0
7,CS44->US4,51196,51196,0
7,CS44->US12,49899,49899,0
7,CS44->US20,50705,50705,0
7,CS44->US28,0,0,0
7,CS44->US36,0,0,0
7,CS44->US44,53907,53907,0
7,CS44->US52,51502,51502,0
7,CS44->US60,0,0,0
7,CS44->US68,0,0,0
7,CS44->US76,50923,50923,0
7,CS44->US84,55588,55588,0
7,CS44->US92,50781,50781,0
7,CS44->US100,0,0,0
7,CS44->US108,0,0,0
7,CS44->US116,53506,53506,0
7,CS44->US124,53375,53375,0
7,CS45->US5,51221,51221,0
7,CS45->US13,49638,49638,0
7,CS45->US21,50709,50709,0
7,CS45->US29,0,0,0
7,CS45->US37,0,0,0
7,CS45->US45,54189,54189,0
7,CS45->US53,51565,51565,0
7,CS45->US61,0,0,0
7,CS45->US69,0,0,0
7,CS45->US77,50683,50683,0
7,CS45->US85,55823,55822,0
7,CS45->US93,50930,50930,0
7,CS45->US101,0,0,0
7,CS45->US109,0,0,0
7,CS45->US117,53615,53615,0
7,CS45->US125,53466,53466,0
7,CS46->US6,51287,51287,0
7,CS46->US14,49325,49325,0
7,CS46->US22,50739,50739,0
7,CS46->US30,0,0,0
7,CS46->US38,0,0,0
7,CS46->US46,54085,54085,0
7,CS46->US54,51451,51451,0
7,CS46->US62,0,0,0
7,CS46->US70,0,0,0
7,CS46->US78,50875,50875,0
7,CS46->US86,55885,55885,0
7,CS46->US94,50988,50988,0
7,CS46->US102,0,0,0
7,CS46->US110,0,0,0
7,CS46->US118,53698,53698,0
7,CS46->US126,53484,53484,0
7,CS47->US7,51276,51276,0
7,CS47->US15,49855,49855,0
7,CS47->US23,50405,50405,0
7,CS47->US31,0,0,0
7,CS47->US39,0,0,0
7,CS47->US47,53985,53985,0
7,CS47->US55,51852,51852,0
7,CS47->US63,0,0,0
7,CS47->US71,0,0,0
7,CS47->US79,50813,50813,0
7,CS47->US87,55280,55280,0
7,CS47->US95,50642,50642,0
7,CS47->US103,0,0,0
7,CS47->US111,0,0,0
7,CS47->US119,53548,53548,0
7,CS47->US127,53550,53550,0
7,CS48->US0,51538,51538,0
7,CS48->US8,49721,49721,0
7,CS48->US16,50316,50316,0
7,CS48->US24,0,0,0
7,CS48->US32,0,0,0
7,CS48->US40,54028,54028,0
7,CS48->US48,51407,51407,0
7,CS48->US56,0,0,0
7,CS48->US64,0,0,0
7,CS48->US72,50671,50671,0
7,CS48->US80,55478,55478,0
7,CS48->US88,51054,51054,0
7,CS48->US96,0,0,0
7,CS48->US104,0,0,0
7,CS48->US112,53486,53486,0
7,CS48->US120,53543,53543,0
7,CS49->US1,51580,51580,0
7,CS49->US9,49555,49555,0
7,CS49->US17,50725,50725,0
7,CS49->US25,0,0,0
7,CS49->US33,0,0,0
7,CS49->US41,53983,53983,0
7,CS49->US49,51301,51301,0
7,CS49->US57,0,0,0
7,CS49->US65,0,0,0
7,CS49->US73,51173,51173,0
7,CS49->US81,55118,55117,0
7,CS49->US89,51165,51165,0
7,CS49->US97,0,0,0
7,CS49->US105,0,0,0
7,CS49->US113,52690,52690,0
7,CS49->US121,53209,53209,0
7,CS50->US2,51772,51772,0
7,CS50->US10,49095,49095,0
7,CS50->US18,50345,50345,0
7,CS50->US26,0,0,0
7,CS50->US34,0,0,0
7,CS50->US42,54132,54132,0
7,CS50->US50,51597,51597,0
7,CS50->US58,0,0,0
7,CS50->US66,0,0,0
7,CS50->US74,51082,51082,0
7,CS50->US82,55735,55735,0
7,CS50->US90,51276,51276,0
7,CS50->US98,0,0,0
7,CS50->US106,0,0,0
7,CS50->US114,53772,53772,0
7,CS50->US122,53064,53064,0
7,CS51->US3,51871,51871,0
7,CS51->US11,49411,49411,0
7,CS51->US19,51198,51198,0
7,CS51->US27,0,0,0
7,CS51->US35,0,0,0
7,CS51->US43,53928,53928,0
7,CS51->US51,51359,51359,0
7,CS51->US59,0,0,0
7,CS51->US67,0,0,0
7,CS51->US75,50955,50955,0
7,CS51->US83,55382,55381,0
7,CS51->US91,51012,51012,0
7,CS51->US99,0,0,0
7,CS51->US107,0,0,0
7,CS51->US115,53374,53374,0
7,CS51->US123,53309,53309,0
7,CS52->US4,51727,51727,0
7,CS52->US12,49674,49674,0
7,CS52->US20,50329,50329,0
7,CS52->US28,0,0,0
7,CS52->US36,0,0,0
7,CS52->US44,54175,54175,0
7,CS52->US52,51655,51655,0
7,CS52->US60,0,0,0
7,CS52->US68,0,0,0
7,CS52->US76,51106,51106,0
7,CS52->US84,55428,55427,0
7,CS52->US92,50949,50949,0
7,CS52->US100,0,0,0
7,CS52->US108,0,0,0
7,CS52->US116,53534,53534,0
7,CS52->US124,53413,53413,0
7,CS53->US5,51976,51976,0
7,CS53->US13,49490,49490,0
7,CS53->US21,50722,50722,0
7,CS53->US29,0,0,0
7,CS53->US37,0,0,0
7,CS53->US45,54154,54154,0
7,CS53->US53,51506,51506,0
7,CS53->US61,0,0,0
7,CS53->US69,0,0,0
7,CS53->US77,50819,50819,0
7,CS53->US85,55349,55349,0
7,CS53->US93,50532,50532,0
7,CS53->US101,0,0,0
7,CS53->US109,0,0,0
7,CS53->US117,53554,53554,0
7,CS53->US125,53086,53086,0
7,CS54->US6,51481,51481,0
7,CS54->US14,49431,49431,0
7,CS54->US22,50794,50794,0
7,CS54->US30,0,0,0
7,CS54->US38,0,0,0
7,CS54->US46,54119,54119,0
7,CS54->US54,51246,51246,0
7,CS54->US62,0,0,0
7,CS54->US70,0,0,0
7,CS54->US78,51016,51016,0
7,CS54->US86,55502,55502,0
7,CS54->US94,50835,50835,0
7,CS54->US102,0,0,0
7,CS54->US110,0,0,0
7,CS54->US118,53910,53910,0
7,CS54->US126,53188,53188,0
7,CS55->US7,51378,51378,0
7,CS55->US15,49802,49802,0
7,CS55->US23,50508,50508,0
7,CS55->US31,0,0,0
7,CS55->US39,0,0,0
7,CS55->US47,54060,54060,0
7,CS55->US55,51055,51055,0
7,CS55->US63,0,0,0
7,CS55->US71,0,0,0
7,CS55->US79,50883,50883,0
7,CS55->US87,55541,55540,0
7,CS55->US95,50930,50930,0
7,CS55->US103,0,0,0
7,CS55->US111,0,0,0
7,CS55->US119,53891,53891,0
7,CS55->US127,53234,53234,0
7,CS56->US0,51601,51601,0
7,CS56->US8,49539,49539,0
7,CS56->US16,50705,50705,0
7,CS56->US24,0,0,0
7,CS56->US32,0,0,0
7,CS56->US40,53699,53699,0
7,CS56->US48,51836,51836,0
7,CS56->US56,0,0,0
7,CS56->US64,0,0,0
7,CS56->US72,51076,51076,0
7,CS56->US80,55297,55297,0
7,CS56->US88,50541,50541,0
7,CS56->US96,0,0,0
7,CS56->US104,0,0,0
7,CS56->US112,53526,53526,0
7,CS56->US120,53557,53557,0
7,CS57->US1,51269,51269,0
7,CS57->US9,49612,49612,0
7,CS57->US17,50524,50524,0
7,CS57->US25,0,0,0
7,CS57->US33,0,0,0
7,CS57->US41,53620,53620,0
7,CS57->US49,51333,51333,0
7,CS57->US57,0,0,0
7,CS57->US65,0,0,0
7,CS57->US73,50884,50884,0
7,CS57->US81,55216,55215,0
7,CS57->US89,51181,51181,0
7,CS57->US97,0,0,0
7,CS57->US105,0,0,0
7,CS57->US113,53708,53708,0
7,CS57->US121,53472,53472,0
7,CS58->US2,51480,51480,0
7,CS58->US10,49681,49681,0
7,CS58->US18,51160,51160,0
7,CS58->US26,0,0,0
7,CS58->US34,0,0,0
7,CS58->US42,54194,54194,0
7,CS58->US50,51873,51873,0
7,CS58->US58,0,0,0
7,CS58->US66,0,0,0
7,CS58->US74,51439,51439,0
7,CS58->US82,55197,55197,0
7,CS58->US90,50890,50890,0
7,CS58->US98,0,0,0
7,CS58->US106,0,0,0
7,CS58->US114,53425,53425,0
7,CS58->US122,53630,53630,0
7,CS59->US3,51198,51198,0
7,CS59->US11,49454,49454,0
7,CS59->US19,50547,50547,0
7,CS59->US27,0,0,0
7,CS59->US35,0,0,0
7,CS59->US43,54136,54136,0
7,CS59->US51,51260,51260,0
7,CS59->US59,0,0,0
7,CS59->US67,0,0,0
7,CS59->US75,51075,51075,0
7,CS59->US83,55485,55485,0
7,CS59->US91,50735,50735,0
7,CS59->US99,0,0,0
7,CS59->US107,0,0,0
7,CS59->US115,53337,53337,0
7,CS59->US123,53329,53329,0
7,CS60->US4,51221,51221,0
7,CS60->US12,49751,49751,0
7,CS60->US20,50527,50527,0
7,CS60->US28,0,0,0
7,CS60->US36,0,0,0
7,CS60->US44,53959,53959,0
7,CS60->US52,51322,51322,0
7,CS60->US60,0,0,0
7,CS60->US68,0,0,0
7,CS60->US76,50821,50821,0
7,CS60->US84,54576,54576,0
7,CS60->US92,51250,51250,0
7,CS60->US100,0,0,0
7,CS60->US108,0,0,0
7,CS60->US116,53427,53427,0
7,CS60->US124,53035,53035,0
7,CS61->US5,51683,51683,0
7,CS61->US13,49726,49726,0
7,CS61->US21,50760,50760,0
7,CS61->US29,0,0,0
7,CS61->US37,0,0,0
7,CS61->US45,53611,53611,0
7,CS61->US53,51845,51845,0
7,CS61->US61,0,0,0
7,CS61->US69,0,0,0
7,CS61->US77,51297,51297,0
7,CS61->US85,54941,54941,0
7,CS61->US93,50693,50693,0
7,CS61->US101,0,0,0
7,CS61->US109,0,0,0
7,CS61->US117,53317,53317,0
7,CS61->US125,53287,53287,0
7,CS62->US6,51205,51205,0
7,CS62->US14,49654,49653,0
7,CS62->US22,51140,51140,0
7,CS62->US30,0,0,0
7,CS62->US38,0,0,0
7,CS62->US46,53790,53790,0
7,CS62->US54,51368,51368,0
7,CS62->US62,0,0,0
7,CS62->US70,0,0,0
7,CS62->US78,50975,50975,0
7,CS62->US86,55486,55485,0
7,CS62->US94,50927,50927,0
7,CS62->US102,0,0,0
7,CS62->US110,0,0,0
7,CS62->US118,53706,53706,0
7,CS62->US126,53320,53320,0
7,CS63->US7,51989,51989,0
7,CS63->US15,49729,49729,0
7,CS63->US23,50871,50871,0
7,CS63->US31,0,0,0
7,CS63->US39,0,0,0
7,CS63->US47,54084,54084,0
7,CS63->US55,51629,51629,0
7,CS63->US63,0,0,0
7,CS63->US71,0,0,0
7,CS63->US79,50729,50729,0
7,CS63->US87,55626,55626,0
7,CS63->US95,51005,51005,0
7,CS63->US103,0,0,0
7,CS63->US111,0,0,0
7,CS63->US119,53675,53675,0
7,CS63->US127,53441,53441,0
8,US0->CS0,51939,51939,0
8,US0->CS8,51748,51748,0
8,US0->CS16,51672,51672,0
8,US0->CS24,51987,51987,0
8,US0->CS32,52080,52080,0
8,US0->CS40,51724,51724,0
8,US0->CS48,51692,51692,0
8,US0->CS56,52091,52091,0
8,US1->CS1,51803,51803,0
8,US1->CS9,51969,51969,0
8,US1->CS17,51709,51709,0
8,US1->CS25,51502,51502,0
8,US1->CS33,51672,51672,0
8,US1->CS41,51316,51316,0
8,US1->CS49,51603,51603,0
8,US1->CS57,51612,51612,0
8,US2->CS2,51475,51475,0
8,US2->CS10,51478,51478,0
8,US2->CS18,51338,51338,0
8,US2->CS26,52013,52013,0
8,US2->CS34,52200,52200,0
8,US2->CS42,51661,51661,0
8,US2->CS50,51874,51874,0
8,US2->CS58,52141,52141,0
8,US3->CS3,51538,51538,0
8,US3->CS11,51935,51935,0
8,US3->CS19,51580,51580,0
8,US3->CS27,51947,51947,0
8,US3->CS35,51951,51951,0
8,US3->CS43,51638,51638,0
8,US3->CS51,51678,51678,0
8,US3->CS59,51552,51552,0
8,US4->CS4,51429,51429,0
8,US4->CS12,52036,52036,0
8,US4->CS20,51571,51571,0
8,US4->CS28,51465,51465,0
8,US4->CS36,51959,51959,0
8,US4->CS44,51743,51743,0
8,US4->CS52,51932,51932,0
8,US4->CS60,51629,51629,0
8,US5->CS5,51842,51842,0
8,US5->CS13,52103,52103,0
8,US5->CS21,51730,51730,0
8,US5->CS29,51904,51904,0
8,US5->CS37,51564,51564,0
8,US5->CS45,51879,51879,0
8,US5->CS53,51744,51744,0
8,US5->CS61,52145,52145,0
8,US6->CS6,51877,51877,0
8,US6->CS14,52060,52060,0
8,US6->CS22,51636,51636,0
8,US6->CS30,51697,51697,0
8,US6->CS38,51652,51652,0
8,US6->CS46,51718,51718,0
8,US6->CS54,51508,51508,0
8,US6->CS62,51642,51642,0
8,US7->CS7,52005,52005,0
8,US7->CS15,51763,51763,0
8,US7->CS23,51697,51697,0
8,US7->CS31,51642,51642,0
8,US7->CS39,51628,51628,0
8,US7->CS47,52129,52129,0
8,US7->CS55,51348,51348,0
8,US7->CS63,51916,51916,0
8,US8->CS0,56367,56367,0
8,US8->CS8,56458,56458,0
8,US8->CS16,56906,56906,0
8,US8->CS24,56238,56238,0
8,US8->CS32,56745,56745,0
8,US8->CS40,56502,56502,0
8,US8->CS48,56705,56705,0
8,US8->CS56,56477,56477,0
8,US9->CS1,55992,55992,0
8,US9->CS9,56357,56357,0
8,US9->CS17,56579,56579,0
8,US9->CS25,56416,56416,0
8,US9->CS33,55819,55819,0
8,US9->CS41,56751,56751,0
8,US9->CS49,56305,56305,0
8,US9->CS57,56441,56441,0
8,US10->CS2,56519,56519,0
8,US10->CS10,56647,56647,0
8,US10->CS18,56634,56634,0
8,US10->CS26,56346,56346,0
8,US10->CS34,56755,56755,0
8,US10->CS42,56752,56752,0
8,US10->CS50,56882,56882,0
8,US10->CS58,56344,56344,0
8,US11->CS3,56550,56550,0
8,US11->CS11,56511,56511,0
8,US11->CS19,56438,56438,0
8,US11->CS27,56599,56599,0
8,US11->CS35,56339,56339,0
8,US11->CS43,56463,56463,0
8,US11->CS51,56596,56596,0
8,US11->CS59,56663,56663,0
8,US12->CS4,56845,56845,0
8,US12->CS12,56699,56699,0
8,US12->CS20,56336,56336,0
8,US12->CS28,56385,56385,0
8,US12->CS36,56687,56687,0
8,US12->CS44,56777,56777,0
8,US12->CS52,56569,56569,0
8,US12->CS60,55762,55762,0
8,US13->CS5,56474,56474,0
8,US13->CS13,56258,56258,0
8,US13->CS21,56065,56065,0
8,US13->CS29,56415,56415,0
8,US13->CS37,56789,56789,0
8,US13->CS45,56993,56993,0
8,US13->CS53,56488,56488,0
8,US13->CS61,56075,56075,0
8,US14->CS6,56291,56291,0
8,US14->CS14,56557,56557,0
8,US14->CS22,56822,56822,0
8,US14->CS30,56687,56687,0
8,US14->CS38,56978,56978,0
8,US14->CS46,57103,57103,0
8,US14->CS54,56616,56616,0
8,US14->CS62,56636,56636,0
8,US15->CS7,56486,56486,0
8,US15->CS15,56664,56664,0
8,US15->CS23,56779,56779,0
8,US15->CS31,56641,56641,0
8,US15->CS39,56409,56409,0
8,US15->CS47,56379,56379,0
8,US15->CS55,56638,56638,0
8,US15->CS63,56713,56713,0
8,US16->CS0,53363,53363,0
8,US16->CS8,53339,53339,0
8,US16->CS16,53498,53498,0
8,US16->CS24,53439,53439,0
8,US16->CS32,53384,53384,0
8,US16->CS40,53132,53132,0
8,US16->CS48,53649,53649,0
8,US16->CS56,53683,53683,0
8,US17->CS1,53525,53525,0
8,US17->CS9,53299,53299,0
8,US17->CS17,53425,53425,0
8,US17->CS25,53978,53978,0
8,US17->CS33,53534,53534,0
8,US17->CS41,53563,53563,0
8,US17->CS49,53362,53362,0
8,US17->CS57,53668,53668,0
8,US18->CS2,53477,53477,0
8,US18->CS10,53270,53270,0
8,US18->CS18,53468,53468,0
8,US18->CS26,53191,53191,0
8,US18->CS34,53573,53573,0
8,US18->CS42,53677,53677,0
8,US18->CS50,53184,53184,0
8,US18->CS58,53786,53786,0
8,US19->CS3,53368,53368,0
8,US19->CS11,53152,53152,0
8,US19->CS19,53757,53757,0
8,US19->CS27,53444,53444,0
8,US19->CS35,53944,53944,0
8,US19->CS43,53630,53630,0
8,US19->CS51,53478,53478,0
8,US19->CS59,53499,53499,0
8,US20->CS4,54016,54016,0
8,US20->CS12,53214,53214,0
8,US20->CS20,53859,53859,0
8,US20->CS28,53756,53756,0
8,US20->CS36,53251,53251,0
8,US20->CS44,53474,53474,0
8,US20->CS52,53556,53556,0
8,US20->CS60,53136,53136,0
8,US21->CS5,54114,54114,0
8,US21->CS13,53408,53408,0
8,US21->CS21,53701,53701,0
8,US21->CS29,53169,53169,0
8,US21->CS37,53335,53335,0
8,US21->CS45,53594,53594,0
8,US21->CS53,53245,53245,0
8,US21->CS61,53444,53444,0
8,US22->CS6,53443,53443,0
8,US22->CS14,53775,53775,0
8,US22->CS22,53563,53563,0
8,US22->CS30,53282,53282,0
8,US22->CS38,53400,53400,0
8,US22->CS46,53656,53656,0
8,US22->CS54,53378,53378,0
8,US22->CS62,53494,53494,0
8,US23->CS7,53697,53697,0
8,US23->CS15,53665,53665,0
8,US23->CS23,53626,53626,0
8,US23->CS31,53613,53613,0
8,US23->CS39,54016,54016,0
8,US23->CS47,53591,53591,0
8,US23->CS55,53411,53411,0
8,US23->CS63,53609,53609,0
8,US24->CS0,30654,30654,0
8,US24->CS8,30920,30920,0
8,US24->CS16,30981,30981,0
8,US24->CS24,31179,31179,0
8,US24->CS32,30965,30964,0
8,US24->CS40,30752,30752,0
8,US24->CS48,30801,30801,0
8,US24->CS56,30868,30867,0
8,US25->CS1,31108,31106,0
8,US25->CS9,30567,30566,0
8,US25->CS17,31105,31104,0
8,US25->CS25,30619,30619,0
8,US25->CS33,30778,30777,0
8,US25->CS41,30648,30647,0
8,US25->CS49,30820,30819,0
8,US25->CS57,30987,30987,0
8,US26->CS2,30683,30682,0
8,US26->CS10,30688,30688,0
8,US26->CS18,30874,30874,0
8,US26->CS26,30788,30788,0
8,US26->CS34,30769,30769,0
8,US26->CS42,30877,30877,0
8,US26->CS50,30324,30324,0
8,US26->CS58,31000,31000,0
8,US27->CS3,30909,30909,0
8,US27->CS11,30876,30876,0
8,US27->CS19,30953,30953,0
8,US27->CS27,30835,30834,0
8,US27->CS35,31021,31020,0
8,US27->CS43,31022,31021,0
8,US27->CS51,30814,30814,0
8,US27->CS59,31178,31178,0
8,US28->CS4,30702,30702,0
8,US28->CS12,30819,30819,0
8,US28->CS20,31065,31064,0
8,US28->CS28,30895,30895,0
8,US28->CS36,30710,30710,0
8,US28->CS44,31149,31149,0
8,US28->CS52,30803,30803,0
8,US28->CS60,30884,30884,0
8,US29->CS5,30948,30948,0
8,US29->CS13,30769,30769,0
8,US29->CS21,30721,30721,0
8,US29->CS29,30647,30647,0
8,US29->CS37,30771,30770,0
8,US29->CS45,30681,30681,0
8,US29->CS53,30678,30678,0
8,US29->CS61,30921,30921,0
8,US30->CS6,31126,31126,0
8,US30->CS14,30804,30803,0
8,US30->CS22,30728,30728,0
8,US30->CS30,31046,31046,0
8,US30->CS38,30641,30641,0
8,US30->CS46,30960,30960,0
8,US30->CS54,30495,30495,0
8,US30->CS62,30858,30857,0
8,US31->CS7,31225,31225,0
8,US31->CS15,30881,30879,0
8,US31->CS23,30831,30831,0
8,US31->CS31,30944,30943,0
8,US31->CS39,30873,30873,0
8,US31->CS47,30953,30953,0
8,US31->CS55,31037,31036,0
8,US31->CS63,31018,31018,0
8,US32->CS0,0,0,0
8,US32->CS8,0,0,0
8,US32->CS16,0,0,0
8,US32->CS24,0,0,0
8,US32->CS32,0,0,0
8,US32->CS40,0,0,0
8,US32->CS48,0,0,0
8,US32->CS56,0,0,0
8,US33->CS1,0,0,0
8,US33->CS9,0,0,0
8,US33->CS17,0,0,0
8,US33->CS25,0,0,0
8,US33->CS33,0,0,0
8,US33->CS41,0,0,0
8,US33->CS49,0,0,0
8,US33->CS57,0,0,0
8,US34->CS2,0,0,0
8,US34->CS10,0,0,0
8,US34->CS18,0,0,0
8,US34->CS26,0,0,0
8,US34->CS34,0,0,0
8,US34->CS42,0,0,0
8,US34->CS50,0,0,0
8,US34->CS58,0,0,0
8,US35->CS3,0,0,0
8,US35->CS11,0,0,0
8,US35->CS19,0,0,0
8,US35->CS27,0,0,0
8,US35->CS35,0,0,0
8,US35->CS43,0,0,0
8,US35->CS51,0,0,0
8,US35->CS59,0,0,0
8,US36->CS4,0,0,0
8,US36->CS12,0,0,0
8,US36->CS20,0,0,0
8,US36->CS28,0,0,0
8,US36->CS36,0,0,0
8,US36->CS44,0,0,0
8,US36->CS52,0,0,0
8,US36->CS60,0,0,0
8,US37->CS5,0,0,0
8,US37->CS13,0,0,0
8,US37->CS21,0,0,0
8,US37->CS29,0,0,0
8,US37->CS37,0,0,0
8,US37->CS45,0,0,0
8,US37->CS53,0,0,0
8,US37->CS61,0,0,0
8,US38->CS6,0,0,0
8,US38->CS14,0,0,0
8,US38->CS22,0,0,0
8,US38->CS30,0,0,0
8,US38->CS38,0,0,0
8,US38->CS46,0,0,0
8,US38->CS54,0,0,0
8,US38->CS62,0,0,0
8,US39->CS7,0,0,0
8,US39->CS15,0,0,0
8,US39->CS23,0,0,0
8,US39->CS31,0,0,0
8,US39->CS39,0,0,0
8,US39->CS47,0,0,0
8,US39->CS55,0,0,0
8,US39->CS63,0,0,0
8,US40->CS0,53368,53368,0
8,US40->CS8,53581,53581,0
8,US40->CS16,53231,53231,0
8,US40->CS24,53732,53732,0
8,US40->CS32,53408,53408,0
8,US40->CS40,53744,53744,0
8,US40->CS48,53442,53442,0
8,US40->CS56,53547,53547,0
8,US41->CS1,53539,53539,0
8,US41->CS9,54007,54007,0
8,US41->CS17,53269,53269,0
8,US41->CS25,53396,53396,0
8,US41->CS33,53458,53458,0
8,US41->CS41,53490,53490,0
8,US41->CS49,52609,52609,0
8,US41->CS57,53694,53694,0
8,US42->CS2,53304,53304,0
8,US42->CS10,53238,53238,0
8,US42->CS18,53174,53174,0
8,US42->CS26,53364,53364,0
8,US42->CS34,53421,53421,0
8,US42->CS42,53557,53557,0
8,US42->CS50,53757,53757,0
8,US42->CS58,53423,53423,0
8,US43->CS3,53377,53377,0
8,US43->CS11,53552,53552,0
8,US43->CS19,53403,53403,0
8,US43->CS27,53296,53296,0
8,US43->CS35,53349,53349,0
8,US43->CS43,53369,53369,0
8,US43->CS51,53293,53293,0
8,US43->CS59,53293,53293,0
8,US44->CS4,53427,53427,0
8,US44->CS12,53159,53159,0
8,US44->CS20,53589,53589,0
8,US44->CS28,53747,53747,0
8,US44->CS36,53097,53097,0
8,US44->CS44,53480,53480,0
8,US44->CS52,53501,53501,0
8,US44->CS60,53329,53329,0
8,US45->CS5,53584,53584,0
8,US45->CS13,53168,53168,0
8,US45->CS21,53674,53674,0
8,US45->CS29,53235,53235,0
8,US45->CS37,53079,53079,0
8,US45->CS45,53525,53525,0
8,US45->CS53,53536,53536,0
8,US45->CS61,53275,53275,0
8,US46->CS6,53480,53480,0
8,US46->CS14,53512,53512,0
8,US46->CS22,53518,53518,0
8,US46->CS30,53579,53579,0
8,US46->CS38,53244,53244,0
8,US46->CS46,53672,53672,0
8,US46->CS54,53849,53849,0
8,US46->CS62,53728,53728,0
8,US47->CS7,53341,53341,0
8,US47->CS15,53357,53357,0
8,US47->CS23,53546,53546,0
8,US47->CS31,53906,53906,0
8,US47->CS39,53552,53552,0
8,US47->CS47,53461,53461,0
8,US47->CS55,53852,53852,0
8,US47->CS63,53618,53618,0
8,US48->CS0,51566,51566,0
8,US48->CS8,51516,51516,0
8,US48->CS16,51314,51314,0
8,US48->CS24,51972,51972,0
8,US48->CS32,51785,51785,0
8,US48->CS40,51811,51811,0
8,US48->CS48,51791,51791,0
8,US48->CS56,51851,51851,0
8,US49->CS1,51543,51543,0
8,US49->CS9,52100,52100,0
8,US49->CS17,51889,51889,0
8,US49->CS25,51585,51585,0
8,US49->CS33,51895,51895,0
8,US49->CS41,51962,51962,0
8,US49->CS49,51836,51836,0
8,US49->CS57,51584,51584,0
8,US50->CS2,51792,51792,0
8,US50->CS10,51352,51352,0
8,US50->CS18,51531,51531,0
8,US50->CS26,51852,51852,0
8,US50->CS34,51893,51893,0
8,US50->CS42,51546,51546,0
8,US50->CS50,52011,52011,0
8,US50->CS58,51772,51772,0
8,US51->CS3,51635,51635,0
8,US51->CS11,51633,51633,0
8,US51->CS19,51401,51401,0
8,US51->CS27,51901,51901,0
8,US51->CS35,51859,51859,0
8,US51->CS43,51434,51434,0
8,US51->CS51,52168,52168,0
8,US51->CS59,51446,51446,0
8,US52->CS4,52011,52011,0
8,US52->CS12,52180,52180,0
8,US52->CS20,51611,51611,0
8,US52->CS28,51782,51782,0
8,US52->CS36,51958,51958,0
8,US52->CS44,51451,51451,0
8,US52->CS52,51980,51980,0
8,US52->CS60,51495,51495,0
8,US53->CS5,51666,51666,0
8,US53->CS13,51907,51907,0
8,US53->CS21,51727,51727,0
8,US53->CS29,51527,51527,0
8,US53->CS37,52053,52053,0
8,US53->CS45,51502,51502,0
8,US53->CS53,52229,52229,0
8,US53->CS61,51947,51947,0
8,US54->CS6,52045,52045,0
8,US54->CS14,51808,51808,0
8,US54->CS22,51903,51903,0
8,US54->CS30,51681,51681,0
8,US54->CS38,51633,51633,0
8,US54->CS46,51583,51583,0
8,US54->CS54,51753,51753,0
8,US54->CS62,51471,51471,0
8,US55->CS7,51822,51822,0
8,US55->CS15,52215,52215,0
8,US55->CS23,51839,51839,0
8,US55->CS31,51425,51425,0
8,US55->CS39,51677,51677,0
8,US55->CS47,51553,51553,0
8,US55->CS55,51644,51644,0
8,US55->CS63,52292,52292,0
8,US56->CS0,31022,31022,0
8,US56->CS8,30478,30478,0
8,US56->CS16,30682,30681,0
8,US56->CS24,31083,31083,0
8,US56->CS32,30816,30816,0
8,US56->CS40,30810,30809,0
8,US56->CS48,30667,30666,0
8,US56->CS56,30876,30875,0
8,US57->CS1,30714,30712,0
8,US57->CS9,31246,31246,0
8,US57->CS17,30770,30770,0
8,US57->CS25,30797,30797,0
8,US57->CS33,30608,30608,0
8,US57->CS41,30895,30895,0
8,US57->CS49,30710,30710,0
8,US57->CS57,30921,30921,0
8,US58->CS2,30743,30743,0
8,US58->CS10,30727,30727,0
8,US58->CS18,30718,30718,0
8,US58->CS26,30853,30853,0
8,US58->CS34,30907,30907,0
8,US58->CS42,30479,30478,0
8,US58->CS50,30911,30910,0
8,US58->CS58,30680,30680,0
8,US59->CS3,30704,30704,0
8,US59->CS11,30685,30685,0
8,US59->CS19,30827,30827,0
8,US59->CS27,30603,30603,0
8,US59->CS35,30788,30788,0
8,US59->CS43,30442,30441,0
8,US59->CS51,30709,30709,0
8,US59->CS59,30935,30935,0
8,US60->CS4,30850,30850,0
8,US60->CS12,30792,30792,0
8,US60->CS20,31014,31014,0
8,US60->CS28,30765,30765,0
8,US60->CS36,30562,30562,0
8,US60->CS44,31041,31040,0
8,US60->CS52,30986,30985,0
8,US60->CS60,30767,30767,0
8,US61->CS5,30560,30560,0
8,US61->CS13,30788,30788,0
8,US61->CS21,31214,31212,0
8,US61->CS29,30663,30663,0
8,US61->CS37,30924,30924,0
8,US61->CS45,30849,30849,0
8,US61->CS53,30630,30629,0
8,US61->CS61,30049,30048,0
8,US62->CS6,30881,30881,0
8,US62->CS14,30836,30836,0
8,US62->CS22,30852,30852,0
8,US62->CS30,30685,30685,0
8,US62->CS38,30742,30742,0
8,US62->CS46,30582,30581,0
8,US62->CS54,30545,30544,0
8,US62->CS62,30731,30731,0
8,US63->CS7,30830,30829,0
8,US63->CS15,30683,30683,0
8,US63->CS23,30620,30620,0
8,US63->CS31,30773,30773,0
8,US63->CS39,30966,30966,0
8,US63->CS47,30689,30688,0
8,US63->CS55,30576,30576,0
8,US63->CS63,30565,30565,0
8,US64->CS0,0,0,0
8,US64->CS8,0,0,0
8,US64->CS16,0,0,0
8,US64->CS24,0,0,0
8,US64->CS32,0,0,0
8,US64->CS40,0,0,0
8,US64->CS48,0,0,0
8,US64->CS56,0,0,0
8,US65->CS1,0,0,0
8,US65->CS9,0,0,0
8,US65->CS17,0,0,0
8,US65->CS25,0,0,0
8,US65->CS33,0,0,0
8,US65->CS41,0,0,0
8,US65->CS49,0,0,0
8,US65->CS57,0,0,0
8,US66->CS2,0,0,0
8,US66->CS10,0,0,0
8,US66->CS18,0,0,0
8,US66->CS26,0,0,0
8,US66->CS34,0,0,0
8,US66->CS42,0,0,0
8,US66->CS50,0,0,0
8,US66->CS58,0,0,0
8,US67->CS3,0,0,0
8,US67->CS11,0,0,0
8,US67->CS19,0,0,0
8,US67->CS27,0,0,0
8,US67->CS35,0,0,0
8,US67->CS43,0,0,0
8,US67->CS51,0,0,0
8,US67->CS59,0,0,0
8,US68->CS4,0,0,0
8,US68->CS12,0,0,0
8,US68->CS20,0,0,0
8,US68->CS28,0,0,0
8,US68->CS36,0,0,0
8,US68->CS44,0,0,0
8,US68->CS52,0,0,0
8,US68->CS60,0,0,0
8,US69->CS5,0,0,0
8,US69->CS13,0,0,0
8,US69->CS21,0,0,0
8,US69->CS29,0,0,0
8,US69->CS37,0,0,0
8,US69->CS45,0,0,0
8,US69->CS53,0,0,0
8,US69->CS61,0,0,0
8,US70->CS6,0,0,0
8,US70->CS14,0,0,0
8,US70->CS22,0,0,0
8,US70->CS30,0,0,0
8,US70->CS38,0,0,0
8,US70->CS46,0,0,0
8,US70->CS54,0,0,0
8,US70->CS62,0,0,0
8,US71->CS7,0,0,0
8,US71->CS15,0,0,0
8,US71->CS23,0,0,0
8,US71->CS31,0,0,0
8,US71->CS39,0,0,0
8,US71->CS47,0,0,0
8,US71->CS55,0,0,0
8,US71->CS63,0,0,0
8,US72->CS0,51131,51131,0
8,US72->CS8,51304,51304,0
8,US72->CS16,50702,50702,0
8,US72->CS24,51162,51162,0
8,US72->CS32,51214,51214,0
8,US72->CS40,50827,50827,0
8,US72->CS48,51045,51045,0
8,US72->CS56,50606,50606,0
8,US73->CS1,51000,51000,0
8,US73->CS9,50962,50962,0
8,US73->CS17,51164,51164,0
8,US73->CS25,51126,51126,0
8,US73->CS33,50828,50828,0
8,US73->CS41,51319,51319,0
8,US73->CS49,51134,51134,0
8,US73->CS57,51165,51165,0
8,US74->CS2,50725,50725,0
8,US74->CS10,50992,50992,0
8,US74->CS18,51202,51202,0
8,US74->CS26,50878,50878,0
8,US74->CS34,51055,51055,0
8,US74->CS42,51004,51004,0
8,US74->CS50,51246,51246,0
8,US74->CS58,50887,50887,0
8,US75->CS3,50801,50801,0
8,US75->CS11,51116,51116,0
8,US75->CS19,51183,51183,0
8,US75->CS27,50632,50632,0
8,US75->CS35,50951,50951,0
8,US75->CS43,50922,50922,0
8,US75->CS51,50979,50979,0
8,US75->CS59,50686,50686,0
8,US76->CS4,50916,50916,0
8,US76->CS12,51091,51091,0
8,US76->CS20,50833,50833,0
8,US76->CS28,51054,51054,0
8,US76->CS36,50986,50986,0
8,US76->CS44,50779,50779,0
8,US76->CS52,50922,50922,0
8,US76->CS60,51219,51219,0
8,US77->CS5,51316,51316,0
8,US77->CS13,50632,50632,0
8,US77->CS21,50559,50559,0
8,US77->CS29,50527,50527,0
8,US77->CS37,50882,50882,0
8,US77->CS45,50962,50962,0
8,US77->CS53,50488,50488,0
8,US77->CS61,50677,50677,0
8,US78->CS6,51060,51060,0
8,US78->CS14,50531,50531,0
8,US78->CS22,51054,51054,0
8,US78->CS30,51022,51022,0
8,US78->CS38,50705,50705,0
8,US78->CS46,50984,50984,0
8,US78->CS54,50829,50829,0
8,US78->CS62,50882,50882,0
8,US79->CS7,51133,51133,0
8,US79->CS15,51231,51231,0
8,US79->CS23,50866,50866,0
8,US79->CS31,50828,50828,0
8,US79->CS39,50851,50851,0
8,US79->CS47,50735,50735,0
8,US79->CS55,50915,50915,0
8,US79->CS63,50985,50985,0
8,US80->CS0,50008,50008,0
8,US80->CS8,50150,50150,0
8,US80->CS16,50218,50218,0
8,US80->CS24,50097,50097,0
8,US80->CS32,50574,50574,0
8,US80->CS40,49844,49844,0
8,US80->CS48,50356,50356,0
8,US80->CS56,50169,50169,0
8,US81->CS1,49867,49867,0
8,US81->CS9,50366,50366,0
8,US81->CS17,50293,50293,0
8,US81->CS25,50060,50060,0
8,US81->CS33,50716,50716,0
8,US81->CS41,50274,50274,0
8,US81->CS49,50242,50242,0
8,US81->CS57,50224,50224,0
8,US82->CS2,50289,50289,0
8,US82->CS10,50125,50125,0
8,US82->CS18,50503,50503,0
8,US82->CS26,49918,49918,0
8,US82->CS34,50018,50018,0
8,US82->CS42,50229,50229,0
8,US82->CS50,49702,49702,0
8,US82->CS58,50344,50344,0
8,US83->CS3,50209,50209,0
8,US83->CS11,50044,50044,0
8,US83->CS19,49943,49943,0
8,US83->CS27,50240,50240,0
8,US83->CS35,50479,50479,0
8,US83->CS43,50571,50571,0
8,US83->CS51,50063,50063,0
8,US83->CS59,50070,50070,0
8,US84->CS4,50596,50596,0
8,US84->CS12,50464,50464,0
8,US84->CS20,50180,50180,0
8,US84->CS28,50201,50201,0
8,US84->CS36,50466,50466,0
8,US84->CS44,50576,50576,0
8,US84->CS52,50361,50361,0
8,US84->CS60,50376,50376,0
8,US85->CS5,50550,50550,0
8,US85->CS13,50253,50253,0
8,US85->CS21,50462,50462,0
8,US85->CS29,50749,50749,0
8,US85->CS37,49953,49953,0
8,US85->CS45,50272,50272,0
8,US85->CS53,50128,50128,0
8,US85->CS61,50403,50403,0
8,US86->CS6,50486,50486,0
8,US86->CS14,50218,50218,0
8,US86->CS22,50421,50421,0
8,US86->CS30,50256,50256,0
8,US86->CS38,50343,50343,0
8,US86->CS46,49957,49957,0
8,US86->CS54,50076,50076,0
8,US86->CS62,50314,50314,0
8,US87->CS7,49877,49877,0
8,US87->CS15,50077,50077,0
8,US87->CS23,50304,50304,0
8,US87->CS31,50039,50039,0
8,US87->CS39,50155,50155,0
8,US87->CS47,50519,50519,0
8,US87->CS55,50511,50511,0
8,US87->CS63,50356,50356,0
8,US88->CS0,50840,50840,0
8,US88->CS8,50816,50816,0
8,US88->CS16,51255,51255,0
8,US88->CS24,51424,51424,0
8,US88->CS32,50937,50937,0
8,US88->CS40,50829,50829,0
8,US88->CS48,50751,50751,0
8,US88->CS56,51082,51082,0
8,US89->CS1,51001,51001,0
8,US89->CS9,50996,50996,0
8,US89->CS17,51064,51064,0
8,US89->CS25,51059,51059,0
8,US89->CS33,51183,51183,0
8,US89->CS41,51206,51206,0
8,US89->CS49,51256,51256,0
8,US89->CS57,50903,50903,0
8,US90->CS2,51062,51062,0
8,US90->CS10,51129,51129,0
8,US90->CS18,51059,51059,0
8,US90->CS26,50442,50442,0
8,US90->CS34,50883,50883,0
8,US90->CS42,50734,50734,0
8,US90->CS50,51125,51125,0
8,US90->CS58,51477,51477,0
8,US91->CS3,50983,50983,0
8,US91->CS11,51068,51068,0
8,US91->CS19,50861,50861,0
8,US91->CS27,50800,50800,0
8,US91->CS35,50991,50991,0
8,US91->CS43,50908,50908,0
8,US91->CS51,51012,51012,0
8,US91->CS59,51134,51134,0
8,US92->CS4,50634,50634,0
8,US92->CS12,51412,51412,0
8,US92->CS20,51224,51224,0
8,US92->CS28,51002,51002,0
8,US92->CS36,50829,50829,0
8,US92->CS44,51005,51005,0
8,US92->CS52,51151,51151,0
8,US92->CS60,50898,50898,0
8,US93->CS5,51248,51248,0
8,US93->CS13,50893,50893,0
8,US93->CS21,51310,51310,0
8,US93->CS29,50952,50952,0
8,US93->CS37,51010,51010,0
8,US93->CS45,50772,50772,0
8,US93->CS53,50906,50906,0
8,US93->CS61,51356,51356,0
8,US94->CS6,51261,51261,0
8,US94->CS14,50859,50859,0
8,US94->CS22,51224,51224,0
8,US94->CS30,50913,50913,0
8,US94->CS38,51256,51256,0
8,US94->CS46,50952,50952,0
8,US94->CS54,51130,51130,0
8,US94->CS62,50969,50969,0
8,US95->CS7,51055,51055,0
8,US95->CS15,50994,50994,0
8,US95->CS23,50996,50996,0
8,US95->CS31,51090,51090,0
8,US95->CS39,51102,51102,0
8,US95->CS47,50919,50919,0
8,US95->CS55,50955,50955,0
8,US95->CS63,50811,50811,0
8,US96->CS0,0,0,0
8,US96->CS8,0,0,0
8,US96->CS16,0,0,0
8,US96->CS24,0,0,0
8,US96->CS32,0,0,0
8,US96->CS40,0,0,0
8,US96->CS48,0,0,0
8,US96->CS56,0,0,0
8,US97->CS1,0,0,0
8,US97->CS9,0,0,0
8,US97->CS17,0,0,0
8,US97->CS25,0,0,0
8,US97->CS33,0,0,0
8,US97->CS41,0,0,0
8,US97->CS49,0,0,0
8,US97->CS57,0,0,0
8,US98->CS2,0,0,0
8,US98->CS10,0,0,0
8,US98->CS18,0,0,0
8,US98->CS26,0,0,0
8,US98->CS34,0,0,0
8,US98->CS42,0,0,0
8,US98->CS50,0,0,0
8,US98->CS58,0,0,0
8,US99->CS3,0,0,0
8,US99->CS11,0,0,0
8,US99->CS19,0,0,0
8,US99->CS27,0,0,0
8,US99->CS35,0,0,0
8,US99->CS43,0,0,0
8,US99->CS51,0,0,0
8,US99->CS59,0,0,0
8,US100->CS4,0,0,0
8,US100->CS12,0,0,0
8,US100->CS20,0,0,0
8,US100->CS28,0,0,0
8,US100->CS36,0,0,0
8,US100->CS44,0,0,0
8,US100->CS52,0,0,0
8,US100->CS60,0,0,0
8,US101->CS5,0,0,0
8,US101->CS13,0,0,0
8,US101->CS21,0,0,0
8,US101->CS29,0,0,0
8,US101->CS37,0,0,0
8,US101->CS45,0,0,0
8,US101->CS53,0,0,0
8,US101->CS61,0,0,0
8,US102->CS6,0,0,0
8,US102->CS14,0,0,0
8,US102->CS22,0,0,0
8,US102->CS30,0,0,0
8,US102->CS38,0,0,0
8,US102->CS46,0,0,0
8,US102->CS54,0,0,0
8,US102->CS62,0,0,0
8,US103->CS7,0,0,0
8,US103->CS15,0,0,0
8,US103->CS23,0,0,0
8,US103->CS31,0,0,0
8,US103->CS39,0,0,0
8,US103->CS47,0,0,0
8,US103->CS55,0,0,0
8,US103->CS63,0,0,0
8,US104->CS0,0,0,0
8,US104->CS8,0,0,0
8,US104->CS16,0,0,0
8,US104->CS24,0,0,0
8,US104->CS32,0,0,0
8,US104->CS40,0,0,0
8,US104->CS48,0,0,0
8,US104->CS56,0,0,0
8,US105->CS1,0,0,0
8,US105->CS9,0,0,0
8,US105->CS17,0,0,0
8,US105->CS25,0,0,0
8,US105->CS33,0,0,0
8,US105->CS41,0,0,0
8,US105->CS49,0,0,0
8,US105->CS57,0,0,0
8,US106->CS2,0,0,0
8,US106->CS10,0,0,0
8,US106->CS18,0,0,0
8,US106->CS26,0,0,0
8,US106->CS34,0,0,0
8,US106->CS42,0,0,0
8,US106->CS50,0,0,0
8,US106->CS58,0,0,0
8,US107->CS3,0,0,0
8,US107->CS11,0,0,0
8,US107->CS19,0,0,0
8,US107->CS27,0,0,0
8,US107->CS35,0,0,0
8,US107->CS43,0,0,0
8,US107->CS51,0,0,0
8,US107->CS59,0,0,0
8,US108->CS4,0,0,0
8,US108->CS12,0,0,0
8,US108->CS20,0,0,0
8,US108->CS28,0,0,0
8,US108->CS36,0,0,0
8,US108->CS44,0,0,0
8,US108->CS52,0,0,0
8,US108->CS60,0,0,0
8,US109->CS5,0,0,0
8,US109->CS13,0,0,0
8,US109->CS21,0,0,0
8,US109->CS29,0,0,0
8,US109->CS37,0,0,0
8,US109->CS45,0,0,0
8,US109->CS53,0,0,0
8,US109->CS61,0,0,0
8,US110->CS6,0,0,0
8,US110->CS14,0,0,0
8,US110->CS22,0,0,0
8,US110->CS30,0,0,0
8,US110->CS38,0,0,0
8,US110->CS46,0,0,0
8,US110->CS54,0,0,0
8,US110->CS62,0,0,0
8,US111->CS7,0,0,0
8,US111->CS15,0,0,0
8,US111->CS23,0,0,0
8,US111->CS31,0,0,0
8,US111->CS39,0,0,0
8,US111->CS47,0,0,0
8,US111->CS55,0,0,0
8,US111->CS63,0,0,0
8,US112->CS0,53948,53948,0
8,US112->CS8,53922,53922,0
8,US112->CS16,53892,53892,0
8,US112->CS24,54054,54054,0
8,US112->CS32,54048,54048,0
8,US112->CS40,54098,54098,0
8,US112->CS48,54045,54045,0
8,US112->CS56,53683,53683,0
8,US113->CS1,53967,53967,0
8,US113->CS9,53765,53765,0
8,US113->CS17,53930,53930,0
8,US113->CS25,54054,54054,0
8,US113->CS33,53960,53960,0
8,US113->CS41,53551,53551,0
8,US113->CS49,54015,54015,0
8,US113->CS57,53583,53583,0
8,US114->CS2,53936,53936,0
8,US114->CS10,53813,53813,0
8,US114->CS18,53993,53993,0
8,US114->CS26,53836,53836,0
8,US114->CS34,53882,53882,0
8,US114->CS42,53808,53808,0
8,US114->CS50,54211,54211,0
8,US114->CS58,54165,54165,0
8,US115->CS3,54571,54571,0
8,US115->CS11,54318,54318,0
8,US115->CS19,53956,53956,0
8,US115->CS27,53765,53765,0
8,US115->CS35,53813,53813,0
8,US115->CS43,53962,53962,0
8,US115->CS51,53882,53882,0
8,US115->CS59,54163,54163,0
8,US116->CS4,53948,53948,0
8,US116->CS12,53725,53725,0
8,US116->CS20,53803,53803,0
8,US116->CS28,54173,54173,0
8,US116->CS36,53888,53888,0
8,US116->CS44,53939,53939,0
8,US116->CS52,54195,54195,0
8,US116->CS60,53986,53986,0
8,US117->CS5,53849,53849,0
8,US117->CS13,53596,53596,0
8,US117->CS21,54350,54350,0
8,US117->CS29,54345,54345,0
8,US117->CS37,53915,53915,0
8,US117->CS45,54123,54123,0
8,US117->CS53,54195,54195,0
8,US117->CS61,53584,53584,0
8,US118->CS6,54503,54503,0
8,US118->CS14,53808,53808,0
8,US118->CS22,54027,54027,0
8,US118->CS30,53827,53827,0
8,US118->CS38,54278,54278,0
8,US118->CS46,54040,54040,0
8,US118->CS54,54083,54083,0
8,US118->CS62,53813,53813,0
8,US119->CS7,53807,53807,0
8,US119->CS15,53848,53848,0
8,US119->CS23,53953,53953,0
8,US119->CS31,53701,53701,0
8,US119->CS39,54097,54097,0
8,US119->CS47,53945,53945,0
8,US119->CS55,54016,54016,0
8,US119->CS63,54045,54045,0
8,US120->CS0,50896,50896,0
8,US120->CS8,50665,50665,0
8,US120->CS16,50682,50682,0
8,US120->CS24,50811,50811,0
8,US120->CS32,50711,50711,0
8,US120->CS40,50258,50258,0
8,US120->CS48,50274,50274,0
8,US120->CS56,50691,50691,0
8,US121->CS1,50641,50641,0
8,US121->CS9,50382,50382,0
8,US121->CS17,50873,50873,0
8,US121->CS25,51104,51104,0
8,US121->CS33,50523,50523,0
8,US121->CS41,50838,50838,0
8,US121->CS49,50778,50778,0
8,US121->CS57,50554,50554,0
8,US122->CS2,50587,50587,0
8,US122->CS10,50439,50439,0
8,US122->CS18,50628,50628,0
8,US122->CS26,51000,51000,0
8,US122->CS34,50479,50479,0
8,US122->CS42,50967,50967,0
8,US122->CS50,50365,50365,0
8,US122->CS58,51139,51139,0
8,US123->CS3,50586,50586,0
8,US123->CS11,50881,50881,0
8,US123->CS19,50409,50409,0
8,US123->CS27,50822,50822,0
8,US123->CS35,50992,50992,0
8,US123->CS43,50417,50417,0
8,US123->CS51,51177,51177,0
8,US123->CS59,50541,50541,0
8,US124->CS4,50395,50395,0
8,US124->CS12,50649,50649,0
8,US124->CS20,50258,50258,0
8,US124->CS28,50936,50936,0
8,US124->CS36,50394,50394,0
8,US124->CS44,50711,50711,0
8,US124->CS52,50287,50287,0
8,US124->CS60,50517,50517,0
8,US125->CS5,50556,50556,0
8,US125->CS13,50454,50454,0
8,US125->CS21,50786,50786,0
8,US125->CS29,50696,50696,0
8,US125->CS37,50171,50171,0
8,US125->CS45,50737,50737,0
8,US125->CS53,50684,50684,0
8,US125->CS61,50789,50789,0
8,US126->CS6,50710,50710,0
8,US126->CS14,50274,50274,0
8,US126->CS22,50581,50581,0
8,US126->CS30,50655,50655,0
8,US126->CS38,50764,50764,0
8,US126->CS46,50735,50735,0
8,US126->CS54,50757,50757,0
8,US126->CS62,51188,51188,0
8,US127->CS7,50649,50649,0
8,US127->CS15,50745,50745,0
8,US127->CS23,50587,50587,0
8,US127->CS31,50762,50762,0
8,US127->CS39,50779,50779,0
8,US127->CS47,50416,50416,0
8,US127->CS55,50541,50541,0
8,US127->CS63,50951,50951,0
8,CS0->US0,51275,51275,0
8,CS0->US8,50113,50113,0
8,CS0->US16,51065,51065,0
8,CS0->US24,31110,31109,0
8,CS0->US32,0,0,0
8,CS0->US40,53996,53996,0
8,CS0->US48,51658,51658,0
8,CS0->US56,30752,30751,0
8,CS0->US64,0,0,0
8,CS0->US72,50820,50820,0
8,CS0->US80,56360,56360,0
8,CS0->US88,51125,51125,0
8,CS0->US96,0,0,0
8,CS0->US104,0,0,0
8,CS0->US112,53419,53419,0
8,CS0->US120,53408,53408,0
8,CS1->US1,51211,51211,0
8,CS1->US9,49966,49966,0
8,CS1->US17,50821,50821,0
8,CS1->US25,30755,30755,0
8,CS1->US33,0,0,0
8,CS1->US41,54068,54068,0
8,CS1->US49,51467,51467,0
8,CS1->US57,31204,31203,0
8,CS1->US65,0,0,0
8,CS1->US73,50926,50926,0
8,CS1->US81,56009,56009,0
8,CS1->US89,51044,51044,0
8,CS1->US97,0,0,0
8,CS1->US105,0,0,0
8,CS1->US113,53710,53710,0
8,CS1->US121,53515,53515,0
8,CS2->US2,51463,51463,0
8,CS2->US10,50401,50401,0
8,CS2->US18,50718,50718,0
8,CS2->US26,30804,30804,0
8,CS2->US34,0,0,0
8,CS2->US42,54040,54040,0
8,CS2->US50,51190,51190,0
8,CS2->US58,30768,30768,0
8,CS2->US66,0,0,0
8,CS2->US74,51044,51044,0
8,CS2->US82,56571,56571,0
8,CS2->US90,50735,50735,0
8,CS2->US98,0,0,0
8,CS2->US106,0,0,0
8,CS2->US114,53363,53363,0
8,CS2->US122,53494,53494,0
8,CS3->US3,51368,51368,0
8,CS3->US11,50254,50254,0
8,CS3->US19,50798,50798,0
8,CS3->US27,30768,30767,0
8,CS3->US35,0,0,0
8,CS3->US43,54592,54592,0
8,CS3->US51,51275,51275,0
8,CS3->US59,31025,31025,0
8,CS3->US67,0,0,0
8,CS3->US75,50912,50912,0
8,CS3->US83,56559,56559,0
8,CS3->US91,50894,50894,0
8,CS3->US99,0,0,0
8,CS3->US107,0,0,0
8,CS3->US115,53426,53426,0
8,CS3->US123,53360,53360,0
8,CS4->US4,51719,51719,0
8,CS4->US12,50661,50661,0
8,CS4->US20,50564,50564,0
8,CS4->US28,30894,30894,0
8,CS4->US36,0,0,0
8,CS4->US44,53963,53963,0
8,CS4->US52,51147,51147,0
8,CS4->US60,30827,30826,0
8,CS4->US68,0,0,0
8,CS4->US76,50564,50564,0
8,CS4->US84,56889,56889,0
8,CS4->US92,50966,50966,0
8,CS4->US100,0,0,0
8,CS4->US108,0,0,0
8,CS4->US116,53522,53522,0
8,CS4->US124,54053,54053,0
8,CS5->US5,51378,51378,0
8,CS5->US13,50655,50655,0
8,CS5->US21,50721,50721,0
8,CS5->US29,30625,30625,0
8,CS5->US37,0,0,0
8,CS5->US45,53893,53893,0
8,CS5->US53,51584,51584,0
8,CS5->US61,31042,31042,0
8,CS5->US69,0,0,0
8,CS5->US77,51190,51190,0
8,CS5->US85,56513,56513,0
8,CS5->US93,51321,51321,0
8,CS5->US101,0,0,0
8,CS5->US109,0,0,0
8,CS5->US117,53631,53631,0
8,CS5->US125,54154,54154,0
8,CS6->US6,51771,51771,0
8,CS6->US14,50571,50571,0
8,CS6->US22,50853,50853,0
8,CS6->US30,30895,30895,0
8,CS6->US38,0,0,0
8,CS6->US46,54562,54562,0
8,CS6->US54,51593,51593,0
8,CS6->US62,31213,31212,0
8,CS6->US70,0,0,0
8,CS6->US78,51254,51254,0
8,CS6->US86,56381,56381,0
8,CS6->US94,51112,51112,0
8,CS6->US102,0,0,0
8,CS6->US110,0,0,0
8,CS6->US118,53524,53524,0
8,CS6->US126,53434,53434,0
8,CS7->US7,51562,51562,0
8,CS7->US15,50005,50005,0
8,CS7->US23,50777,50777,0
8,CS7->US31,30896,30896,0
8,CS7->US39,0,0,0
8,CS7->US47,53795,53795,0
8,CS7->US55,51697,51697,0
8,CS7->US63,31327,31326,0
8,CS7->US71,0,0,0
8,CS7->US79,51017,51017,0
8,CS7->US87,56540,56540,0
8,CS7->US95,51177,51177,0
8,CS7->US103,0,0,0
8,CS7->US111,0,0,0
8,CS7->US119,53438,53438,0
8,CS7->US127,53695,53695,0
8,CS8->US0,51218,51218,0
8,CS8->US8,50174,50174,0
8,CS8->US16,50804,50804,0
8,CS8->US24,30587,30586,0
8,CS8->US32,0,0,0
8,CS8->US40,53964,53964,0
8,CS8->US48,51459,51459,0
8,CS8->US56,31060,31060,0
8,CS8->US64,0,0,0
8,CS8->US72,50774,50774,0
8,CS8->US80,56441,56441,0
8,CS8->US88,51368,51368,0
8,CS8->US96,0,0,0
8,CS8->US104,0,0,0
8,CS8->US112,53681,53681,0
8,CS8->US120,53367,53367,0
8,CS9->US1,51811,51811,0
8,CS9->US9,50460,50460,0
8,CS9->US17,50543,50543,0
8,CS9->US25,31293,31293,0
8,CS9->US33,0,0,0
8,CS9->US41,53784,53784,0
8,CS9->US49,51679,51679,0
8,CS9->US57,30662,30662,0
8,CS9->US65,0,0,0
8,CS9->US73,50961,50961,0
8,CS9->US81,56424,56424,0
8,CS9->US89,51002,51002,0
8,CS9->US97,0,0,0
8,CS9->US105,0,0,0
8,CS9->US113,54057,54057,0
8,CS9->US121,53339,53339,0
8,CS10->US2,51075,51075,0
8,CS10->US10,50216,50216,0
8,CS10->US18,50655,50655,0
8,CS10->US26,30792,30792,0
8,CS10->US34,0,0,0
8,CS10->US42,53831,53831,0
8,CS10->US50,51162,51162,0
8,CS10->US58,30782,30782,0
8,CS10->US66,0,0,0
8,CS10->US74,51048,51048,0
8,CS10->US82,56649,56649,0
8,CS10->US90,51086,51086,0
8,CS10->US98,0,0,0
8,CS10->US106,0,0,0
8,CS10->US114,53352,53352,0
8,CS10->US122,53250,53250,0
8,CS11->US3,51351,51351,0
8,CS11->US11,50191,50191,0
8,CS11->US19,51029,51029,0
8,CS11->US27,30727,30727,0
8,CS11->US35,0,0,0
8,CS11->US43,54346,54346,0
8,CS11->US51,51674,51674,0
8,CS11->US59,30952,30951,0
8,CS11->US67,0,0,0
8,CS11->US75,51016,51016,0
8,CS11->US83,56592,56592,0
8,CS11->US91,51147,51147,0
8,CS11->US99,0,0,0
8,CS11->US107,0,0,0
8,CS11->US115,53594,53594,0
8,CS11->US123,53152,53152,0
8,CS12->US4,51891,51891,0
8,CS12->US12,50566,50566,0
8,CS12->US20,50767,50767,0
8,CS12->US28,30854,30854,0
8,CS12->US36,0,0,0
8,CS12->US44,53766,53766,0
8,CS12->US52,51817,51817,0
8,CS12->US60,30915,30915,0
8,CS12->US68,0,0,0
8,CS12->US76,51376,51376,0
8,CS12->US84,56741,56741,0
8,CS12->US92,51088,51088,0
8,CS12->US100,0,0,0
8,CS12->US108,0,0,0
8,CS12->US116,53191,53191,0
8,CS12->US124,53267,53267,0
8,CS13->US5,51649,51649,0
8,CS13->US13,50345,50345,0
8,CS13->US21,50560,50560,0
8,CS13->US29,30863,30862,0
8,CS13->US37,0,0,0
8,CS13->US45,53596,53596,0
8,CS13->US53,51783,51783,0
8,CS13->US61,30866,30865,0
8,CS13->US69,0,0,0
8,CS13->US77,50849,50849,0
8,CS13->US85,56327,56327,0
8,CS13->US93,50652,50652,0
8,CS13->US101,0,0,0
8,CS13->US109,0,0,0
8,CS13->US117,53282,53282,0
8,CS13->US125,53457,53457,0
8,CS14->US6,51577,51577,0
8,CS14->US14,50307,50307,0
8,CS14->US22,50530,50530,0
8,CS14->US30,30888,30885,0
8,CS14->US38,0,0,0
8,CS14->US46,53751,53751,0
8,CS14->US54,51813,51813,0
8,CS14->US62,30896,30895,0
8,CS14->US70,0,0,0
8,CS14->US78,50794,50794,0
8,CS14->US86,56563,56563,0
8,CS14->US94,50583,50583,0
8,CS14->US102,0,0,0
8,CS14->US110,0,0,0
8,CS14->US118,53510,53510,0
8,CS14->US126,53829,53829,0
8,CS15->US7,51970,51970,0
8,CS15->US15,50147,50147,0
8,CS15->US23,50896,50896,0
8,CS15->US31,30732,30731,0
8,CS15->US39,0,0,0
8,CS15->US47,53859,53859,0
8,CS15->US55,51442,51442,0
8,CS15->US63,30987,30987,0
8,CS15->US71,0,0,0
8,CS15->US79,50979,50979,0
8,CS15->US87,56724,56724,0
8,CS15->US95,51299,51299,0
8,CS15->US103,0,0,0
8,CS15->US111,0,0,0
8,CS15->US119,53433,53433,0
8,CS15->US127,53653,53653,0
8,CS16->US0,51005,51005,0
8,CS16->US8,50294,50294,0
8,CS16->US16,50852,50852,0
8,CS16->US24,30707,30706,0
8,CS16->US32,0,0,0
8,CS16->US40,53918,53918,0
8,CS16->US48,51411,51411,0
8,CS16->US56,31086,31086,0
8,CS16->US64,0,0,0
8,CS16->US72,51206,51206,0
8,CS16->US80,56990,56990,0
8,CS16->US88,50791,50791,0
8,CS16->US96,0,0,0
8,CS16->US104,0,0,0
8,CS16->US112,53261,53261,0
8,CS16->US120,53511,53511,0
8,CS17->US1,51629,51629,0
8,CS17->US9,50400,50400,0
8,CS17->US17,51069,51069,0
8,CS17->US25,30814,30814,0
8,CS17->US33,0,0,0
8,CS17->US41,54007,54007,0
8,CS17->US49,51476,51476,0
8,CS17->US57,31199,31198,0
8,CS17->US65,0,0,0
8,CS17->US73,51067,51067,0
8,CS17->US81,56614,56614,0
8,CS17->US89,51140,51140,0
8,CS17->US97,0,0,0
8,CS17->US105,0,0,0
8,CS17->US113,53222,53222,0
8,CS17->US121,53430,53430,0
8,CS18->US2,51253,51253,0
8,CS18->US10,50594,50594,0
8,CS18->US18,50805,50805,0
8,CS18->US26,30731,30731,0
8,CS18->US34,0,0,0
8,CS18->US42,54012,54012,0
8,CS18->US50,51065,51065,0
8,CS18->US58,30986,30986,0
8,CS18->US66,0,0,0
8,CS18->US74,51012,51012,0
8,CS18->US82,56729,56729,0
8,CS18->US90,51232,51232,0
8,CS18->US98,0,0,0
8,CS18->US106,0,0,0
8,CS18->US114,53208,53208,0
8,CS18->US122,53494,53494,0
8,CS19->US3,51089,51089,0
8,CS19->US11,50028,50028,0
8,CS19->US19,50536,50536,0
8,CS19->US27,30850,30849,0
8,CS19->US35,0,0,0
8,CS19->US43,53992,53992,0
8,CS19->US51,51306,51306,0
8,CS19->US59,31045,31045,0
8,CS19->US67,0,0,0
8,CS19->US75,50884,50884,0
8,CS19->US83,56508,56508,0
8,CS19->US91,51266,51266,0
8,CS19->US99,0,0,0
8,CS19->US107,0,0,0
8,CS19->US115,53434,53434,0
8,CS19->US123,53773,53773,0
8,CS20->US4,51321,51321,0
8,CS20->US12,50261,50261,0
8,CS20->US20,50366,50366,0
8,CS20->US28,31055,31055,0
8,CS20->US36,0,0,0
8,CS20->US44,53828,53828,0
8,CS20->US52,51309,51309,0
8,CS20->US60,31133,31132,0
8,CS20->US68,0,0,0
8,CS20->US76,51246,51246,0
8,CS20->US84,56405,56405,0
8,CS20->US92,50932,50932,0
8,CS20->US100,0,0,0
8,CS20->US108,0,0,0
8,CS20->US116,53611,53611,0
8,CS20->US124,53875,53875,0
8,CS21->US5,51517,51517,0
8,CS21->US13,50586,50586,0
8,CS21->US21,51018,51018,0
8,CS21->US29,31294,31294,0
8,CS21->US37,0,0,0
8,CS21->US45,54308,54308,0
8,CS21->US53,51450,51450,0
8,CS21->US61,30818,30818,0
8,CS21->US69,0,0,0
8,CS21->US77,51174,51174,0
8,CS21->US85,56094,56094,0
8,CS21->US93,50613,50613,0
8,CS21->US101,0,0,0
8,CS21->US109,0,0,0
8,CS21->US117,53747,53747,0
8,CS21->US125,53678,53678,0
8,CS22->US6,51631,51631,0
8,CS22->US14,50500,50500,0
8,CS22->US22,50810,50810,0
8,CS22->US30,30913,30913,0
8,CS22->US38,0,0,0
8,CS22->US46,54080,54080,0
8,CS22->US54,51334,51334,0
8,CS22->US62,30786,30786,0
8,CS22->US70,0,0,0
8,CS22->US78,51189,51189,0
8,CS22->US86,56834,56834,0
8,CS22->US94,51044,51044,0
8,CS22->US102,0,0,0
8,CS22->US110,0,0,0
8,CS22->US118,53553,53553,0
8,CS22->US126,53655,53655,0
8,CS23->US7,51588,51588,0
8,CS23->US15,50371,50371,0
8,CS23->US23,50770,50770,0
8,CS23->US31,30700,30700,0
8,CS23->US39,0,0,0
8,CS23->US47,53912,53912,0
8,CS23->US55,51429,51429,0
8,CS23->US63,30929,30929,0
8,CS23->US71,0,0,0
8,CS23->US79,51019,51019,0
8,CS23->US87,56763,56763,0
8,CS23->US95,50908,50908,0
8,CS23->US103,0,0,0
8,CS23->US111,0,0,0
8,CS23->US119,53544,53544,0
8,CS23->US127,53711,53711,0
8,CS24->US0,51707,51707,0
8,CS24->US8,50130,50130,0
8,CS24->US16,50978,50978,0
8,CS24->US24,31147,31147,0
8,CS24->US32,0,0,0
8,CS24->US40,54054,54054,0
8,CS24->US48,51717,51717,0
8,CS24->US56,31272,31272,0
8,CS24->US64,0,0,0
8,CS24->US72,51457,51457,0
8,CS24->US80,56273,56273,0
8,CS24->US88,51236,51236,0
8,CS24->US96,0,0,0
8,CS24->US104,0,0,0
8,CS24->US112,53703,53703,0
8,CS24->US120,53504,53504,0
8,CS25->US1,51287,51287,0
8,CS25->US9,50193,50193,0
8,CS25->US17,51257,51257,0
8,CS25->US25,30822,30821,0
8,CS25->US33,0,0,0
8,CS25->US41,54074,54074,0
8,CS25->US49,51197,51197,0
8,CS25->US57,30695,30695,0
8,CS25->US65,0,0,0
8,CS25->US73,51049,51049,0
8,CS25->US81,56471,56471,0
8,CS25->US89,51168,51168,0
8,CS25->US97,0,0,0
8,CS25->US105,0,0,0
8,CS25->US113,53478,53478,0
8,CS25->US121,54005,54005,0
8,CS26->US2,51581,51581,0
8,CS26->US10,50006,50006,0
8,CS26->US18,51212,51212,0
8,CS26->US26,30885,30885,0
8,CS26->US34,0,0,0
8,CS26->US42,53857,53857,0
8,CS26->US50,51840,51840,0
8,CS26->US58,30878,30878,0
8,CS26->US66,0,0,0
8,CS26->US74,50427,50427,0
8,CS26->US82,56345,56345,0
8,CS26->US90,50908,50908,0
8,CS26->US98,0,0,0
8,CS26->US106,0,0,0
8,CS26->US114,53309,53309,0
8,CS26->US122,53233,53233,0
8,CS27->US3,51564,51564,0
8,CS27->US11,50309,50309,0
8,CS27->US19,50934,50934,0
8,CS27->US27,30643,30642,0
8,CS27->US35,0,0,0
8,CS27->US43,53873,53873,0
8,CS27->US51,51678,51678,0
8,CS27->US59,30946,30945,0
8,CS27->US67,0,0,0
8,CS27->US75,50771,50771,0
8,CS27->US83,56685,56685,0
8,CS27->US91,50661,50661,0
8,CS27->US99,0,0,0
8,CS27->US107,0,0,0
8,CS27->US115,53356,53356,0
8,CS27->US123,53463,53463,0
8,CS28->US4,51467,51467,0
8,CS28->US12,50314,50314,0
8,CS28->US20,51094,51094,0
8,CS28->US28,30811,30810,0
8,CS28->US36,0,0,0
8,CS28->US44,54246,54246,0
8,CS28->US52,51199,51199,0
8,CS28->US60,30995,30995,0
8,CS28->US68,0,0,0
8,CS28->US76,50988,50988,0
8,CS28->US84,56461,56461,0
8,CS28->US92,51052,51052,0
8,CS28->US100,0,0,0
8,CS28->US108,0,0,0
8,CS28->US116,53747,53747,0
8,CS28->US124,53787,53787,0
8,CS29->US5,51208,51208,0
8,CS29->US13,50773,50773,0
8,CS29->US21,50854,50854,0
8,CS29->US29,30732,30732,0
8,CS29->US37,0,0,0
8,CS29->US45,54361,54361,0
8,CS29->US53,51675,51675,0
8,CS29->US61,30782,30781,0
8,CS29->US69,0,0,0
8,CS29->US77,50910,50910,0
8,CS29->US85,56415,56415,0
8,CS29->US93,50615,50615,0
8,CS29->US101,0,0,0
8,CS29->US109,0,0,0
8,CS29->US117,53279,53279,0
8,CS29->US125,53225,53225,0
8,CS30->US6,51418,51418,0
8,CS30->US14,50385,50385,0
8,CS30->US22,50735,50735,0
8,CS30->US30,30711,30711,0
8,CS30->US38,0,0,0
8,CS30->US46,53863,53863,0
8,CS30->US54,51402,51402,0
8,CS30->US62,31077,31077,0
8,CS30->US70,0,0,0
8,CS30->US78,50926,50926,0
8,CS30->US86,56792,56792,0
8,CS30->US94,50975,50975,0
8,CS30->US102,0,0,0
8,CS30->US110,0,0,0
8,CS30->US118,53650,53650,0
8,CS30->US126,53396,53396,0
8,CS31->US7,51134,51134,0
8,CS31->US15,50092,50092,0
8,CS31->US23,50953,50953,0
8,CS31->US31,30817,30816,0
8,CS31->US39,0,0,0
8,CS31->US47,53731,53731,0
8,CS31->US55,51337,51337,0
8,CS31->US63,31038,31037,0
8,CS31->US71,0,0,0
8,CS31->US79,51054,51054,0
8,CS31->US87,56701,56701,0
8,CS31->US95,50857,50857,0
8,CS31->US103,0,0,0
8,CS31->US111,0,0,0
8,CS31->US119,53952,53952,0
8,CS31->US127,53697,53697,0
8,CS32->US0,51505,51505,0
8,CS32->US8,50641,50641,0
8,CS32->US16,50863,50863,0
8,CS32->US24,30859,30859,0
8,CS32->US32,0,0,0
8,CS32->US40,54145,54145,0
8,CS32->US48,51795,51795,0
8,CS32->US56,31097,31097,0
8,CS32->US64,0,0,0
8,CS32->US72,50936,50936,0
8,CS32->US80,56782,56782,0
8,CS32->US88,51227,51227,0
8,CS32->US96,0,0,0
8,CS32->US104,0,0,0
8,CS32->US112,53462,53462,0
8,CS32->US120,53354,53354,0
8,CS33->US1,51628,51628,0
8,CS33->US9,50786,50786,0
8,CS33->US17,50723,50723,0
8,CS33->US25,30677,30677,0
8,CS33->US33,0,0,0
8,CS33->US41,54010,54010,0
8,CS33->US49,51392,51392,0
8,CS33->US57,30891,30891,0
8,CS33->US65,0,0,0
8,CS33->US73,51087,51087,0
8,CS33->US81,55839,55839,0
8,CS33->US89,50846,50846,0
8,CS33->US97,0,0,0
8,CS33->US105,0,0,0
8,CS33->US113,53545,53545,0
8,CS33->US121,53549,53549,0
8,CS34->US2,51641,51641,0
8,CS34->US10,50189,50189,0
8,CS34->US18,50606,50606,0
8,CS34->US26,31031,31031,0
8,CS34->US34,0,0,0
8,CS34->US42,53860,53860,0
8,CS34->US50,51924,51924,0
8,CS34->US58,30850,30850,0
8,CS34->US66,0,0,0
8,CS34->US74,50879,50879,0
8,CS34->US82,56751,56751,0
8,CS34->US90,51121,51121,0
8,CS34->US98,0,0,0
8,CS34->US106,0,0,0
8,CS34->US114,53454,53454,0
8,CS34->US122,53529,53529,0
8,CS35->US3,51535,51535,0
8,CS35->US11,50556,50556,0
8,CS35->US19,51168,51168,0
8,CS35->US27,30826,30826,0
8,CS35->US35,0,0,0
8,CS35->US43,53936,53936,0
8,CS35->US51,51674,51674,0
8,CS35->US59,31134,31132,0
8,CS35->US67,0,0,0
8,CS35->US75,50906,50906,0
8,CS35->US83,56404,56404,0
8,CS35->US91,50941,50941,0
8,CS35->US99,0,0,0
8,CS35->US107,0,0,0
8,CS35->US115,53432,53432,0
8,CS35->US123,53964,53964,0
8,CS36->US4,51656,51656,0
8,CS36->US12,50548,50548,0
8,CS36->US20,50533,50533,0
8,CS36->US28,30589,30588,0
8,CS36->US36,0,0,0
8,CS36->US44,53926,53926,0
8,CS36->US52,51629,51629,0
8,CS36->US60,30820,30820,0
8,CS36->US68,0,0,0
8,CS36->US76,50830,50830,0
8,CS36->US84,56773,56773,0
8,CS36->US92,51045,51045,0
8,CS36->US100,0,0,0
8,CS36->US108,0,0,0
8,CS36->US116,53174,53174,0
8,CS36->US124,53264,53264,0
8,CS37->US5,51795,51795,0
8,CS37->US13,50094,50094,0
8,CS37->US21,50380,50380,0
8,CS37->US29,30977,30977,0
8,CS37->US37,0,0,0
8,CS37->US45,53911,53911,0
8,CS37->US53,51305,51305,0
8,CS37->US61,30851,30850,0
8,CS37->US69,0,0,0
8,CS37->US77,51066,51066,0
8,CS37->US85,56756,56756,0
8,CS37->US93,50850,50850,0
8,CS37->US101,0,0,0
8,CS37->US109,0,0,0
8,CS37->US117,53053,53053,0
8,CS37->US125,53407,53407,0
8,CS38->US6,51355,51355,0
8,CS38->US14,50421,50421,0
8,CS38->US22,50960,50960,0
8,CS38->US30,30787,30784,0
8,CS38->US38,0,0,0
8,CS38->US46,54263,54263,0
8,CS38->US54,51355,51355,0
8,CS38->US62,30734,30734,0
8,CS38->US70,0,0,0
8,CS38->US78,51182,51182,0
8,CS38->US86,57046,57046,0
8,CS38->US94,50789,50789,0
8,CS38->US102,0,0,0
8,CS38->US110,0,0,0
8,CS38->US118,53306,53306,0
8,CS38->US126,53438,53438,0
8,CS39->US7,51410,51410,0
8,CS39->US15,50265,50265,0
8,CS39->US23,50948,50948,0
8,CS39->US31,31034,31034,0
8,CS39->US39,0,0,0
8,CS39->US47,54111,54111,0
8,CS39->US55,51354,51354,0
8,CS39->US63,30983,30983,0
8,CS39->US71,0,0,0
8,CS39->US79,50983,50983,0
8,CS39->US87,56488,56488,0
8,CS39->US95,50856,50856,0
8,CS39->US103,0,0,0
8,CS39->US111,0,0,0
8,CS39->US119,53629,53629,0
8,CS39->US127,54044,54044,0
8,CS40->US0,51511,51511,0
8,CS40->US8,49951,49951,0
8,CS40->US16,50388,50388,0
8,CS40->US24,30871,30870,0
8,CS40->US32,0,0,0
8,CS40->US40,54155,54155,0
8,CS40->US48,51460,51460,0
8,CS40->US56,30832,30832,0
8,CS40->US64,0,0,0
8,CS40->US72,50804,50804,0
8,CS40->US80,56591,56591,0
8,CS40->US88,50868,50868,0
8,CS40->US96,0,0,0
8,CS40->US104,0,0,0
8,CS40->US112,53752,53752,0
8,CS40->US120,53147,53147,0
8,CS41->US1,51676,51676,0
8,CS41->US9,50363,50363,0
8,CS41->US17,51040,51040,0
8,CS41->US25,30948,30948,0
8,CS41->US33,0,0,0
8,CS41->US41,53571,53571,0
8,CS41->US49,51039,51039,0
8,CS41->US57,30700,30700,0
8,CS41->US65,0,0,0
8,CS41->US73,51090,51090,0
8,CS41->US81,56806,56806,0
8,CS41->US89,51345,51345,0
8,CS41->US97,0,0,0
8,CS41->US105,0,0,0
8,CS41->US113,53573,53573,0
8,CS41->US121,53661,53661,0
8,CS42->US2,51287,51287,0
8,CS42->US10,50305,50305,0
8,CS42->US18,51161,51161,0
8,CS42->US26,30547,30547,0
8,CS42->US34,0,0,0
8,CS42->US42,53829,53829,0
8,CS42->US50,51415,51415,0
8,CS42->US58,30993,30993,0
8,CS42->US66,0,0,0
8,CS42->US74,50713,50713,0
8,CS42->US82,56762,56762,0
8,CS42->US90,51060,51060,0
8,CS42->US98,0,0,0
8,CS42->US106,0,0,0
8,CS42->US114,53551,53551,0
8,CS42->US122,53667,53667,0
8,CS43->US3,51201,51201,0
8,CS43->US11,50701,50701,0
8,CS43->US19,50586,50586,0
8,CS43->US27,30492,30492,0
8,CS43->US35,0,0,0
8,CS43->US43,53966,53966,0
8,CS43->US51,51401,51401,0
8,CS43->US59,31069,31068,0
8,CS43->US67,0,0,0
8,CS43->US75,50902,50902,0
8,CS43->US83,56496,56496,0
8,CS43->US91,50955,50955,0
8,CS43->US99,0,0,0
8,CS43->US107,0,0,0
8,CS43->US115,53359,53359,0
8,CS43->US123,53648,53648,0
8,CS44->US4,51196,51196,0
8,CS44->US12,50671,50671,0
8,CS44->US20,50891,50891,0
8,CS44->US28,31048,31047,0
8,CS44->US36,0,0,0
8,CS44->US44,53907,53907,0
8,CS44->US52,51502,51502,0
8,CS44->US60,31219,31219,0
8,CS44->US68,0,0,0
8,CS44->US76,50964,50964,0
8,CS44->US84,56845,56845,0
8,CS44->US92,50817,50817,0
8,CS44->US100,0,0,0
8,CS44->US108,0,0,0
8,CS44->US116,53506,53506,0
8,CS44->US124,53558,53558,0
8,CS45->US5,51221,51221,0
8,CS45->US13,50348,50348,0
8,CS45->US21,50893,50893,0
8,CS45->US29,30902,30902,0
8,CS45->US37,0,0,0
8,CS45->US45,54189,54189,0
8,CS45->US53,51565,51565,0
8,CS45->US61,30793,30793,0
8,CS45->US69,0,0,0
8,CS45->US77,50734,50734,0
8,CS45->US85,57046,57046,0
8,CS45->US93,50961,50961,0
8,CS45->US101,0,0,0
8,CS45->US109,0,0,0
8,CS45->US117,53615,53615,0
8,CS45->US125,53622,53622,0
8,CS46->US6,51287,51287,0
8,CS46->US14,50082,50082,0
8,CS46->US22,50926,50926,0
8,CS46->US30,30684,30684,0
8,CS46->US38,0,0,0
8,CS46->US46,54085,54085,0
8,CS46->US54,51451,51451,0
8,CS46->US62,31047,31047,0
8,CS46->US70,0,0,0
8,CS46->US78,50912,50912,0
8,CS46->US86,57090,57090,0
8,CS46->US94,51022,51022,0
8,CS46->US102,0,0,0
8,CS46->US110,0,0,0
8,CS46->US118,53698,53698,0
8,CS46->US126,53657,53657,0
8,CS47->US7,51276,51276,0
8,CS47->US15,50592,50592,0
8,CS47->US23,50553,50553,0
8,CS47->US31,30773,30772,0
8,CS47->US39,0,0,0
8,CS47->US47,53985,53985,0
8,CS47->US55,51852,51852,0
8,CS47->US63,31048,31048,0
8,CS47->US71,0,0,0
8,CS47->US79,50853,50853,0
8,CS47->US87,56413,56413,0
8,CS47->US95,50683,50683,0
8,CS47->US103,0,0,0
8,CS47->US111,0,0,0
8,CS47->US119,53548,53548,0
8,CS47->US127,53712,53712,0
8,CS48->US0,51538,51538,0
8,CS48->US8,50432,50432,0
8,CS48->US16,50486,50486,0
8,CS48->US24,30725,30725,0
8,CS48->US32,0,0,0
8,CS48->US40,54028,54028,0
8,CS48->US48,51407,51407,0
8,CS48->US56,30881,30881,0
8,CS48->US64,0,0,0
8,CS48->US72,50720,50720,0
8,CS48->US80,56706,56706,0
8,CS48->US88,51093,51093,0
8,CS48->US96,0,0,0
8,CS48->US104,0,0,0
8,CS48->US112,53486,53486,0
8,CS48->US120,53715,53715,0
8,CS49->US1,51580,51580,0
8,CS49->US9,50327,50327,0
8,CS49->US17,50891,50891,0
8,CS49->US25,30746,30746,0
8,CS49->US33,0,0,0
8,CS49->US41,53983,53983,0
8,CS49->US49,51301,51301,0
8,CS49->US57,30911,30910,0
8,CS49->US65,0,0,0
8,CS49->US73,51220,51220,0
8,CS49->US81,56413,56413,0
8,CS49->US89,51208,51208,0
8,CS49->US97,0,0,0
8,CS49->US105,0,0,0
8,CS49->US113,52690,52690,0
8,CS49->US121,53399,53399,0
8,CS50->US2,51772,51772,0
8,CS50->US10,49814,49814,0
8,CS50->US18,50520,50520,0
8,CS50->US26,30948,30948,0
8,CS50->US34,0,0,0
8,CS50->US42,54132,54132,0
8,CS50->US50,51597,51597,0
8,CS50->US58,30413,30412,0
8,CS50->US66,0,0,0
8,CS50->US74,51114,51114,0
8,CS50->US82,56962,56962,0
8,CS50->US90,51315,51315,0
8,CS50->US98,0,0,0
8,CS50->US106,0,0,0
8,CS50->US114,53772,53772,0
8,CS50->US122,53232,53232,0
8,CS51->US3,51871,51871,0
8,CS51->US11,50167,50167,0
8,CS51->US19,51342,51342,0
8,CS51->US27,30766,30766,0
8,CS51->US35,0,0,0
8,CS51->US43,53928,53928,0
8,CS51->US51,51359,51359,0
8,CS51->US59,30900,30899,0
8,CS51->US67,0,0,0
8,CS51->US75,51004,51004,0
8,CS51->US83,56620,56620,0
8,CS51->US91,51054,51054,0
8,CS51->US99,0,0,0
8,CS51->US107,0,0,0
8,CS51->US115,53374,53374,0
8,CS51->US123,53464,53464,0
8,CS52->US4,51727,51727,0
8,CS52->US12,50412,50412,0
8,CS52->US20,50499,50499,0
8,CS52->US28,31004,31004,0
8,CS52->US36,0,0,0
8,CS52->US44,54175,54175,0
8,CS52->US52,51655,51655,0
8,CS52->US60,30928,30927,0
8,CS52->US68,0,0,0
8,CS52->US76,51148,51148,0
8,CS52->US84,56585,56585,0
8,CS52->US92,50986,50986,0
8,CS52->US100,0,0,0
8,CS52->US108,0,0,0
8,CS52->US116,53534,53534,0
8,CS52->US124,53589,53589,0
8,CS53->US5,51976,51976,0
8,CS53->US13,50253,50253,0
8,CS53->US21,50890,50890,0
8,CS53->US29,30666,30666,0
8,CS53->US37,0,0,0
8,CS53->US45,54154,54154,0
8,CS53->US53,51506,51506,0
8,CS53->US61,30755,30755,0
8,CS53->US69,0,0,0
8,CS53->US77,50868,50868,0
8,CS53->US85,56503,56503,0
8,CS53->US93,50566,50566,0
8,CS53->US101,0,0,0
8,CS53->US109,0,0,0
8,CS53->US117,53554,53554,0
8,CS53->US125,53259,53259,0
8,CS54->US6,51481,51481,0
8,CS54->US14,50190,50190,0
8,CS54->US22,50950,50950,0
8,CS54->US30,30578,30578,0
8,CS54->US38,0,0,0
8,CS54->US46,54119,54119,0
8,CS54->US54,51246,51246,0
8,CS54->US62,30586,30586,0
8,CS54->US70,0,0,0
8,CS54->US78,51056,51056,0
8,CS54->US86,56664,56664,0
8,CS54->US94,50878,50878,0
8,CS54->US102,0,0,0
8,CS54->US110,0,0,0
8,CS54->US118,53910,53910,0
8,CS54->US126,53360,53360,0
8,CS55->US7,51378,51378,0
8,CS55->US15,50593,50593,0
8,CS55->US23,50711,50711,0
8,CS55->US31,30625,30625,0
8,CS55->US39,0,0,0
8,CS55->US47,54060,54060,0
8,CS55->US55,51055,51055,0
8,CS55->US63,31128,31128,0
8,CS55->US71,0,0,0
8,CS55->US79,50929,50929,0
8,CS55->US87,56699,56699,0
8,CS55->US95,50966,50966,0
8,CS55->US103,0,0,0
8,CS55->US111,0,0,0
8,CS55->US119,53891,53891,0
8,CS55->US127,53408,53408,0
8,CS56->US0,51601,51601,0
8,CS56->US8,50273,50273,0
8,CS56->US16,50870,50870,0
8,CS56->US24,30930,30930,0
8,CS56->US32,0,0,0
8,CS56->US40,53699,53699,0
8,CS56->US48,51836,51836,0
8,CS56->US56,30968,30968,0
8,CS56->US64,0,0,0
8,CS56->US72,51115,51115,0
8,CS56->US80,56486,56486,0
8,CS56->US88,50577,50577,0
8,CS56->US96,0,0,0
8,CS56->US104,0,0,0
8,CS56->US112,53526,53526,0
8,CS56->US120,53741,53741,0
8,CS57->US1,51269,51269,0
8,CS57->US9,50347,50347,0
8,CS57->US17,50705,50705,0
8,CS57->US25,30967,30965,0
8,CS57->US33,0,0,0
8,CS57->US41,53620,53620,0
8,CS57->US49,51333,51333,0
8,CS57->US57,31085,31084,0
8,CS57->US65,0,0,0
8,CS57->US73,50925,50925,0
8,CS57->US81,56487,56487,0
8,CS57->US89,51230,51230,0
8,CS57->US97,0,0,0
8,CS57->US105,0,0,0
8,CS57->US113,53708,53708,0
8,CS57->US121,53660,53660,0
8,CS58->US2,51480,51480,0
8,CS58->US10,50432,50432,0
8,CS58->US18,51313,51313,0
8,CS58->US26,30725,30725,0
8,CS58->US34,0,0,0
8,CS58->US42,54194,54194,0
8,CS58->US50,51873,51873,0
8,CS58->US58,31129,31129,0
8,CS58->US66,0,0,0
8,CS58->US74,51467,51467,0
8,CS58->US82,56401,56401,0
8,CS58->US90,50921,50921,0
8,CS58->US98,0,0,0
8,CS58->US106,0,0,0
8,CS58->US114,53425,53425,0
8,CS58->US122,53798,53798,0
8,CS59->US3,51198,51198,0
8,CS59->US11,50186,50186,0
8,CS59->US19,50720,50720,0
8,CS59->US27,30948,30948,0
8,CS59->US35,0,0,0
8,CS59->US43,54136,54136,0
8,CS59->US51,51260,51260,0
8,CS59->US59,31253,31253,0
8,CS59->US67,0,0,0
8,CS59->US75,51109,51109,0
8,CS59->US83,56744,56744,0
8,CS59->US91,50787,50787,0
8,CS59->US99,0,0,0
8,CS59->US107,0,0,0
8,CS59->US115,53337,53337,0
8,CS59->US123,53482,53482,0
8,CS60->US4,51221,51221,0
8,CS60->US12,50456,50456,0
8,CS60->US20,50667,50667,0
8,CS60->US28,30788,30786,0
8,CS60->US36,0,0,0
8,CS60->US44,53959,53959,0
8,CS60->US52,51322,51322,0
8,CS60->US60,30966,30965,0
8,CS60->US68,0,0,0
8,CS60->US76,50858,50858,0
8,CS60->US84,55840,55840,0
8,CS60->US92,51291,51291,0
8,CS60->US100,0,0,0
8,CS60->US108,0,0,0
8,CS60->US116,53427,53427,0
8,CS60->US124,53203,53203,0
8,CS61->US5,51683,51683,0
8,CS61->US13,50489,50489,0
8,CS61->US21,50939,50939,0
8,CS61->US29,30098,30098,0
8,CS61->US37,0,0,0
8,CS61->US45,53611,53611,0
8,CS61->US53,51845,51845,0
8,CS61->US61,31001,31001,0
8,CS61->US69,0,0,0
8,CS61->US77,51356,51356,0
8,CS61->US85,56133,56133,0
8,CS61->US93,50737,50737,0
8,CS61->US101,0,0,0
8,CS61->US109,0,0,0
8,CS61->US117,53317,53317,0
8,CS61->US125,53455,53455,0
8,CS62->US6,51205,51205,0
8,CS62->US14,50445,50445,0
8,CS62->US22,51322,51322,0
8,CS62->US30,30773,30773,0
8,CS62->US38,0,0,0
8,CS62->US46,53790,53790,0
8,CS62->US54,51368,51368,0
8,CS62->US62,30944,30944,0
8,CS62->US70,0,0,0
8,CS62->US78,51019,51019,0
8,CS62->US86,56706,56706,0
8,CS62->US94,50963,50963,0
8,CS62->US102,0,0,0
8,CS62->US110,0,0,0
8,CS62->US118,53706,53706,0
8,CS62->US126,53484,53484,0
8,CS63->US7,51989,51989,0
8,CS63->US15,50477,50477,0
8,CS63->US23,51073,51073,0
8,CS63->US31,30582,30581,0
8,CS63->US39,0,0,0
8,CS63->US47,54084,54084,0
8,CS63->US55,51629,51629,0
8,CS63->US63,31097,31097,0
8,CS63->US71,0,0,0
8,CS63->US79,50781,50781,0
8,CS63->US87,56834,56834,0
8,CS63->US95,51046,51046,0
8,CS63->US103,0,0,0
8,CS63->US111,0,0,0
8,CS63->US119,53675,53675,0
8,CS63->US127,53612,53612,0
9,US0->CS0,51939,51939,0
9,US0->CS8,51748,51748,0
9,US0->CS16,51672,51672,0
9,US0->CS24,51987,51987,0
9,US0->CS32,52080,52080,0
9,US0->CS40,51724,51724,0
9,US0->CS48,51692,51692,0
9,US0->CS56,52091,52091,0
9,US1->CS1,51803,51803,0
9,US1->CS9,51969,51969,0
9,US1->CS17,51709,51709,0
9,US1->CS25,51502,51502,0
9,US1->CS33,51672,51672,0
9,US1->CS41,51316,51316,0
9,US1->CS49,51603,51603,0
9,US1->CS57,51612,51612,0
9,US2->CS2,51475,51475,0
9,US2->CS10,51478,51478,0
9,US2->CS18,51338,51338,0
9,US2->CS26,52013,52013,0
9,US2->CS34,52200,52200,0
9,US2->CS42,51661,51661,0
9,US2->CS50,51874,51874,0
9,US2->CS58,52141,52141,0
9,US3->CS3,51538,51538,0
9,US3->CS11,51935,51935,0
9,US3->CS19,51580,51580,0
9,US3->CS27,51947,51947,0
9,US3->CS35,51951,51951,0
9,US3->CS43,51638,51638,0
9,US3->CS51,51678,51678,0
9,US3->CS59,51552,51552,0
9,US4->CS4,51429,51429,0
9,US4->CS12,52036,52036,0
9,US4->CS20,51571,51571,0
9,US4->CS28,51465,51465,0
9,US4->CS36,51959,51959,0
9,US4->CS44,51743,51743,0
9,US4->CS52,51932,51932,0
9,US4->CS60,51629,51629,0
9,US5->CS5,51842,51842,0
9,US5->CS13,52103,52103,0
9,US5->CS21,51730,51730,0
9,US5->CS29,51904,51904,0
9,US5->CS37,51564,51564,0
9,US5->CS45,51879,51879,0
9,US5->CS53,51744,51744,0
9,US5->CS61,52145,52145,0
9,US6->CS6,51877,51877,0
9,US6->CS14,52060,52060,0
9,US6->CS22,51636,51636,0
9,US6->CS30,51697,51697,0
9,US6->CS38,51652,51652,0
9,US6->CS46,51718,51718,0
9,US6->CS54,51508,51508,0
9,US6->CS62,51642,51642,0
9,US7->CS7,52005,52005,0
9,US7->CS15,51763,51763,0
9,US7->CS23,51697,51697,0
9,US7->CS31,51642,51642,0
9,US7->CS39,51628,51628,0
9,US7->CS47,52129,52129,0
9,US7->CS55,51348,51348,0
9,US7->CS63,51916,51916,0
9,US8->CS0,56518,56518,0
9,US8->CS8,56615,56615,0
9,US8->CS16,57069,57069,0
9,US8->CS24,56427,56427,0
9,US8->CS32,56922,56922,0
9,US8->CS40,56686,56686,0
9,US8->CS48,56880,56880,0
9,US8->CS56,56640,56640,0
9,US9->CS1,56186,56186,0
9,US9->CS9,56523,56523,0
9,US9->CS17,56742,56742,0
9,US9->CS25,56601,56601,0
9,US9->CS33,55979,55979,0
9,US9->CS41,56918,56918,0
9,US9->CS49,56497,56497,0
9,US9->CS57,56614,56614,0
9,US10->CS2,56699,56699,0
9,US10->CS10,56826,56826,0
9,US10->CS18,56790,56790,0
9,US10->CS26,56520,56520,0
9,US10->CS34,56922,56922,0
9,US10->CS42,56934,56934,0
9,US10->CS50,57084,57084,0
9,US10->CS58,56504,56504,0
9,US11->CS3,56714,56714,0
9,US11->CS11,56680,56680,0
9,US11->CS19,56612,56612,0
9,US11->CS27,56788,56788,0
9,US11->CS35,56511,56511,0
9,US11->CS43,56638,56638,0
9,US11->CS51,56775,56775,0
9,US11->CS59,56817,56817,0
9,US12->CS4,57016,57016,0
9,US12->CS12,56853,56853,0
9,US12->CS20,56484,56484,0
9,US12->CS28,56535,56535,0
9,US12->CS36,56868,56868,0
9,US12->CS44,56946,56946,0
9,US12->CS52,56734,56734,0
9,US12->CS60,55920,55920,0
9,US13->CS5,56636,56636,0
9,US13->CS13,56416,56416,0
9,US13->CS21,56231,56231,0
9,US13->CS29,56594,56594,0
9,US13->CS37,56996,56996,0
9,US13->CS45,57157,57157,0
9,US13->CS53,56642,56642,0
9,US13->CS61,56239,56239,0
9,US14->CS6,56475,56475,0
9,US14->CS14,56733,56733,0
9,US14->CS22,56998,56998,0
9,US14->CS30,56844,56844,0
9,US14->CS38,57136,57136,0
9,US14->CS46,57285,57285,0
9,US14->CS54,56813,56813,0
9,US14->CS62,56811,56811,0
9,US15->CS7,56686,56686,0
9,US15->CS15,56830,56830,0
9,US15->CS23,56961,56961,0
9,US15->CS31,56805,56805,0
9,US15->CS39,56586,56586,0
9,US15->CS47,56570,56570,0
9,US15->CS55,56799,56799,0
9,US15->CS63,56886,56886,0
9,US16->CS0,53480,53480,0
9,US16->CS8,53473,53473,0
9,US16->CS16,53614,53614,0
9,US16->CS24,53577,53577,0
9,US16->CS32,53512,53512,0
9,US16->CS40,53281,53281,0
9,US16->CS48,53773,53773,0
9,US16->CS56,53806,53806,0
9,US17->CS1,53649,53649,0
9,US17->CS9,53432,53432,0
9,US17->CS17,53557,53557,0
9,US17->CS25,54107,54107,0
9,US17->CS33,53673,53673,0
9,US17->CS41,53689,53689,0
9,US17->CS49,53501,53501,0
9,US17->CS57,53819,53819,0
9,US18->CS2,53615,53615,0
9,US18->CS10,53393,53393,0
9,US18->CS18,53583,53583,0
9,US18->CS26,53329,53329,0
9,US18->CS34,53722,53722,0
9,US18->CS42,53834,53834,0
9,US18->CS50,53325,53325,0
9,US18->CS58,53922,53922,0
9,US19->CS3,53497,53497,0
9,US19->CS11,53278,53278,0
9,US19->CS19,53877,53877,0
9,US19->CS27,53577,53577,0
9,US19->CS35,54064,54064,0
9,US19->CS43,53765,53765,0
9,US19->CS51,53601,53601,0
9,US19->CS59,53650,53650,0
9,US20->CS4,54160,54160,0
9,US20->CS12,53362,53362,0
9,US20->CS20,53968,53968,0
9,US20->CS28,53881,53881,0
9,US20->CS36,53376,53376,0
9,US20->CS44,53594,53594,0
9,US20->CS52,53687,53687,0
9,US20->CS60,53264,53264,0
9,US21->CS5,54261,54261,0
9,US21->CS13,53549,53549,0
9,US21->CS21,53832,53832,0
9,US21->CS29,53315,53315,0
9,US21->CS37,53457,53457,0
9,US21->CS45,53728,53728,0
9,US21->CS53,53389,53389,0
9,US21->CS61,53577,53577,0
9,US22->CS6,53558,53558,0
9,US22->CS14,53905,53905,0
9,US22->CS22,53699,53699,0
9,US22->CS30,53422,53422,0
9,US22->CS38,53518,53518,0
9,US22->CS46,53798,53798,0
9,US22->CS54,53514,53514,0
9,US22->CS62,53634,53634,0
9,US23->CS7,53809,53809,0
9,US23->CS15,53790,53790,0
9,US23->CS23,53753,53753,0
9,US23->CS31,53752,53752,0
9,US23->CS39,54144,54144,0
9,US23->CS47,53727,53727,0
9,US23->CS55,53548,53548,0
9,US23->CS63,53732,53732,0
9,US24->CS0,50306,50306,0
9,US24->CS8,50861,50861,0
9,US24->CS16,50993,50993,0
9,US24->CS24,51178,51178,0
9,US24->CS32,50506,50506,0
9,US24->CS40,50341,50341,0
9,US24->CS48,50491,50491,0
9,US24->CS56,50547,50547,0
9,US25->CS1,50889,50889,0
9,US25->CS9,50128,50128,0
9,US25->CS17,50855,50855,0
9,US25->CS25,50537,50537,0
9,US25->CS33,50349,50349,0
9,US25->CS41,50360,50360,0
9,US25->CS49,50551,50551,0
9,US25->CS57,50739,50739,0
9,US26->CS2,50232,50232,0
9,US26->CS10,50534,50534,0
9,US26->CS18,50701,50701,0
9,US26->CS26,50670,50670,0
9,US26->CS34,50628,50628,0
9,US26->CS42,50756,50756,0
9,US26->CS50,50110,50110,0
9,US26->CS58,50731,50731,0
9,US27->CS3,50539,50539,0
9,US27->CS11,50827,50827,0
9,US27->CS19,51052,51052,0
9,US27->CS27,50649,50649,0
9,US27->CS35,50924,50924,0
9,US27->CS43,50933,50933,0
9,US27->CS51,50522,50522,0
9,US27->CS59,51007,51007,0
9,US28->CS4,50309,50309,0
9,US28->CS12,50426,50426,0
9,US28->CS20,50791,50791,0
9,US28->CS28,50894,50894,0
9,US28->CS36,50418,50418,0
9,US28->CS44,50813,50813,0
9,US28->CS52,50534,50534,0
9,US28->CS60,50819,50819,0
9,US29->CS5,50450,50450,0
9,US29->CS13,50720,50720,0
9,US29->CS21,50691,50691,0
9,US29->CS29,50360,50360,0
9,US29->CS37,50626,50626,0
9,US29->CS45,50528,50528,0
9,US29->CS53,50444,50444,0
9,US29->CS61,50690,50690,0
9,US30->CS6,51196,51196,0
9,US30->CS14,50728,50728,0
9,US30->CS22,50415,50415,0
9,US30->CS30,50882,50882,0
9,US30->CS38,50466,50466,0
9,US30->CS46,50904,50904,0
9,US30->CS54,50238,50238,0
9,US30->CS62,50524,50524,0
9,US31->CS7,50872,50872,0
9,US31->CS15,50634,50634,0
9,US31->CS23,50805,50805,0
9,US31->CS31,50718,50718,0
9,US31->CS39,50557,50557,0
9,US31->CS47,50678,50678,0
9,US31->CS55,50725,50725,0
9,US31->CS63,50803,50803,0
9,US32->CS0,0,0,0
9,US32->CS8,0,0,0
9,US32->CS16,0,0,0
9,US32->CS24,0,0,0
9,US32->CS32,0,0,0
9,US32->CS40,0,0,0
9,US32->CS48,0,0,0
9,US32->CS56,0,0,0
9,US33->CS1,0,0,0
9,US33->CS9,0,0,0
9,US33->CS17,0,0,0
9,US33->CS25,0,0,0
9,US33->CS33,0,0,0
9,US33->CS41,0,0,0
9,US33->CS49,0,0,0
9,US33->CS57,0,0,0
9,US34->CS2,0,0,0
9,US34->CS10,0,0,0
9,US34->CS18,0,0,0
9,US34->CS26,0,0,0
9,US34->CS34,0,0,0
9,US34->CS42,0,0,0
9,US34->CS50,0,0,0
9,US34->CS58,0,0,0
9,US35->CS3,0,0,0
9,US35->CS11,0,0,0
9,US35->CS19,0,0,0
9,US35->CS27,0,0,0
9,US35->CS35,0,0,0
9,US35->CS43,0,0,0
9,US35->CS51,0,0,0
9,US35->CS59,0,0,0
9,US36->CS4,0,0,0
9,US36->CS12,0,0,0
9,US36->CS20,0,0,0
9,US36->CS28,0,0,0
9,US36->CS36,0,0,0
9,US36->CS44,0,0,0
9,US36->CS52,0,0,0
9,US36->CS60,0,0,0
9,US37->CS5,0,0,0
9,US37->CS13,0,0,0
9,US37->CS21,0,0,0
9,US37->CS29,0,0,0
9,US37->CS37,0,0,0
9,US37->CS45,0,0,0
9,US37->CS53,0,0,0
9,US37->CS61,0,0,0
9,US38->CS6,0,0,0
9,US38->CS14,0,0,0
9,US38->CS22,0,0,0
9,US38->CS30,0,0,0
9,US38->CS38,0,0,0
9,US38->CS46,0,0,0
9,US38->CS54,0,0,0
9,US38->CS62,0,0,0
9,US39->CS7,0,0,0
9,US39->CS15,0,0,0
9,US39->CS23,0,0,0
9,US39->CS31,0,0,0
9,US39->CS39,0,0,0
9,US39->CS47,0,0,0
9,US39->CS55,0,0,0
9,US39->CS63,0,0,0
9,US40->CS0,53368,53368,0
9,US40->CS8,53581,53581,0
9,US40->CS16,53231,53231,0
9,US40->CS24,53732,53732,0
9,US40->CS32,53408,53408,0
9,US40->CS40,53744,53744,0
9,US40->CS48,53442,53442,0
9,US40->CS56,53547,53547,0
9,US41->CS1,53539,53539,0
9,US41->CS9,54007,54007,0
9,US41->CS17,53269,53269,0
9,US41->CS25,53396,53396,0
9,US41->CS33,53458,53458,0
9,US41->CS41,53490,53490,0
9,US41->CS49,52609,52609,0
9,US41->CS57,53694,53694,0
9,US42->CS2,53304,53304,0
9,US42->CS10,53238,53238,0
9,US42->CS18,53174,53174,0
9,US42->CS26,53364,53364,0
9,US42->CS34,53421,53421,0
9,US42->CS42,53557,53557,0
9,US42->CS50,53757,53757,0
9,US42->CS58,53423,53423,0
9,US43->CS3,53377,53377,0
9,US43->CS11,53552,53552,0
9,US43->CS19,53403,53403,0
9,US43->CS27,53296,53296,0
9,US43->CS35,53349,53349,0
9,US43->CS43,53369,53369,0
9,US43->CS51,53293,53293,0
9,US43->CS59,53293,53293,0
9,US44->CS4,53427,53427,0
9,US44->CS12,53159,53159,0
9,US44->CS20,53589,53589,0
9,US44->CS28,53747,53747,0
9,US44->CS36,53097,53097,0
9,US44->CS44,53480,53480,0
9,US44->CS52,53501,53501,0
9,US44->CS60,53329,53329,0
9,US45->CS5,53584,53584,0
9,US45->CS13,53168,53168,0
9,US45->CS21,53674,53674,0
9,US45->CS29,53235,53235,0
9,US45->CS37,53079,53079,0
9,US45->CS45,53525,53525,0
9,US45->CS53,53536,53536,0
9,US45->CS61,53275,53275,0
9,US46->CS6,53480,53480,0
9,US46->CS14,53512,53512,0
9,US46->CS22,53518,53518,0
9,US46->CS30,53579,53579,0
9,US46->CS38,53244,53244,0
9,US46->CS46,53672,53672,0
9,US46->CS54,53849,53849,0
9,US46->CS62,53728,53728,0
9,US47->CS7,53341,53341,0
9,US47->CS15,53357,53357,0
9,US47->CS23,53546,53546,0
9,US47->CS31,53906,53906,0
9,US47->CS39,53552,53552,0
9,US47->CS47,53461,53461,0
9,US47->CS55,53852,53852,0
9,US47->CS63,53618,53618,0
9,US48->CS0,51566,51566,0
9,US48->CS8,51516,51516,0
9,US48->CS16,51314,51314,0
9,US48->CS24,51972,51972,0
9,US48->CS32,51785,51785,0
9,US48->CS40,51811,51811,0
9,US48->CS48,51791,51791,0
9,US48->CS56,51851,51851,0
9,US49->CS1,51543,51543,0
9,US49->CS9,52100,52100,0
9,US49->CS17,51889,51889,0
9,US49->CS25,51585,51585,0
9,US49->CS33,51895,51895,0
9,US49->CS41,51962,51962,0
9,US49->CS49,51836,51836,0
9,US49->CS57,51584,51584,0
9,US50->CS2,51792,51792,0
9,US50->CS10,51352,51352,0
9,US50->CS18,51531,51531,0
9,US50->CS26,51852,51852,0
9,US50->CS34,51893,51893,0
9,US50->CS42,51546,51546,0
9,US50->CS50,52011,52011,0
9,US50->CS58,51772,51772,0
9,US51->CS3,51635,51635,0
9,US51->CS11,51633,51633,0
9,US51->CS19,51401,51401,0
9,US51->CS27,51901,51901,0
9,US51->CS35,51859,51859,0
9,US51->CS43,51434,51434,0
9,US51->CS51,52168,52168,0
9,US51->CS59,51446,51446,0
9,US52->CS4,52011,52011,0
9,US52->CS12,52180,52180,0
9,US52->CS20,51611,51611,0
9,US52->CS28,51782,51782,0
9,US52->CS36,51958,51958,0
9,US52->CS44,51451,51451,0
9,US52->CS52,51980,51980,0
9,US52->CS60,51495,51495,0
9,US53->CS5,51666,51666,0
9,US53->CS13,51907,51907,0
9,US53->CS21,51727,51727,0
9,US53->CS29,51527,51527,0
9,US53->CS37,52053,52053,0
9,US53->CS45,51502,51502,0
9,US53->CS53,52229,52229,0
9,US53->CS61,51947,51947,0
9,US54->CS6,52045,52045,0
9,US54->CS14,51808,51808,0
9,US54->CS22,51903,51903,0
9,US54->CS30,51681,51681,0
9,US54->CS38,51633,51633,0
9,US54->CS46,51583,51583,0
9,US54->CS54,51753,51753,0
9,US54->CS62,51471,51471,0
9,US55->CS7,51822,51822,0
9,US55->CS15,52215,52215,0
9,US55->CS23,51839,51839,0
9,US55->CS31,51425,51425,0
9,US55->CS39,51677,51677,0
9,US55->CS47,51553,51553,0
9,US55->CS55,51644,51644,0
9,US55->CS63,52292,52292,0
9,US56->CS0,51380,51380,0
9,US56->CS8,50793,50793,0
9,US56->CS16,50989,50989,0
9,US56->CS24,51410,51410,0
9,US56->CS32,51051,51051,0
9,US56->CS40,50946,50946,0
9,US56->CS48,51111,51111,0
9,US56->CS56,51299,51299,0
9,US57->CS1,50970,50970,0
9,US57->CS9,51609,51609,0
9,US57->CS17,50980,50980,0
9,US57->CS25,50903,50903,0
9,US57->CS33,51128,51128,0
9,US57->CS41,51135,51135,0
9,US57->CS49,51073,51073,0
9,US57->CS57,51180,51180,0
9,US58->CS2,51195,51195,0
9,US58->CS10,51108,51108,0
9,US58->CS18,51004,51004,0
9,US58->CS26,51079,51079,0
9,US58->CS34,51197,51197,0
9,US58->CS42,50733,50733,0
9,US58->CS50,51576,51576,0
9,US58->CS58,50996,50996,0
9,US59->CS3,51200,51200,0
9,US59->CS11,51185,51185,0
9,US59->CS19,50969,50969,0
9,US59->CS27,51027,51027,0
9,US59->CS35,51232,51232,0
9,US59->CS43,50725,50725,0
9,US59->CS51,50916,50916,0
9,US59->CS59,51136,51136,0
9,US60->CS4,51056,51056,0
9,US60->CS12,50891,50891,0
9,US60->CS20,51088,51088,0
9,US60->CS28,51207,51207,0
9,US60->CS36,51124,51124,0
9,US60->CS44,51263,51263,0
9,US60->CS52,51277,51277,0
9,US60->CS60,51125,51125,0
9,US61->CS5,50995,50995,0
9,US61->CS13,51098,51098,0
9,US61->CS21,51541,51541,0
9,US61->CS29,50891,50891,0
9,US61->CS37,51253,51253,0
9,US61->CS45,51101,51101,0
9,US61->CS53,51039,51039,0
9,US61->CS61,50347,50347,0
9,US62->CS6,51193,51193,0
9,US62->CS14,51061,51061,0
9,US62->CS22,51245,51245,0
9,US62->CS30,50904,50904,0
9,US62->CS38,50841,50841,0
9,US62->CS46,50862,50862,0
9,US62->CS54,51006,51006,0
9,US62->CS62,51189,51189,0
9,US63->CS7,51085,51085,0
9,US63->CS15,50935,50935,0
9,US63->CS23,51053,51053,0
9,US63->CS31,51188,51188,0
9,US63->CS39,51357,51357,0
9,US63->CS47,51464,51464,0
9,US63->CS55,50723,50723,0
9,US63->CS63,50736,50736,0
9,US64->CS0,0,0,0
9,US64->CS8,0,0,0
9,US64->CS16,0,0,0
9,US64->CS24,0,0,0
9,US64->CS32,0,0,0
9,US64->CS40,0,0,0
9,US64->CS48,0,0,0
9,US64->CS56,0,0,0
9,US65->CS1,0,0,0
9,US65->CS9,0,0,0
9,US65->CS17,0,0,0
9,US65->CS25,0,0,0
9,US65->CS33,0,0,0
9,US65->CS41,0,0,0
9,US65->CS49,0,0,0
9,US65->CS57,0,0,0
9,US66->CS2,0,0,0
9,US66->CS10,0,0,0
9,US66->CS18,0,0,0
9,US66->CS26,0,0,0
9,US66->CS34,0,0,0
9,US66->CS42,0,0,0
9,US66->CS50,0,0,0
9,US66->CS58,0,0,0
9,US67->CS3,0,0,0
9,US67->CS11,0,0,0
9,US67->CS19,0,0,0
9,US67->CS27,0,0,0
9,US67->CS35,0,0,0
9,US67->CS43,0,0,0
9,US67->CS51,0,0,0
9,US67->CS59,0,0,0
9,US68->CS4,0,0,0
9,US68->CS12,0,0,0
9,US68->CS20,0,0,0
9,US68->CS28,0,0,0
9,US68->CS36,0,0,0
9,US68->CS44,0,0,0
9,US68->CS52,0,0,0
9,US68->CS60,0,0,0
9,US69->CS5,0,0,0
9,US69->CS13,0,0,0
9,US69->CS21,0,0,0
9,US69->CS29,0,0,0
9,US69->CS37,0,0,0
9,US69->CS45,0,0,0
9,US69->CS53,0,0,0
9,US69->CS61,0,0,0
9,US70->CS6,0,0,0
9,US70->CS14,0,0,0
9,US70->CS22,0,0,0
9,US70->CS30,0,0,0
9,US70->CS38,0,0,0
9,US70->CS46,0,0,0
9,US70->CS54,0,0,0
9,US70->CS62,0,0,0
9,US71->CS7,0,0,0
9,US71->CS15,0,0,0
9,US71->CS23,0,0,0
9,US71->CS31,0,0,0
9,US71->CS39,0,0,0
9,US71->CS47,0,0,0
9,US71->CS55,0,0,0
9,US71->CS63,0,0,0
9,US72->CS0,51131,51131,0
9,US72->CS8,51304,51304,0
9,US72->CS16,50702,50702,0
9,US72->CS24,51162,51162,0
9,US72->CS32,51214,51214,0
9,US72->CS40,50827,50827,0
9,US72->CS48,51045,51045,0
9,US72->CS56,50606,50606,0
9,US73->CS1,51000,51000,0
9,US73->CS9,50962,50962,0
9,US73->CS17,51164,51164,0
9,US73->CS25,51126,51126,0
9,US73->CS33,50828,50828,0
9,US73->CS41,51319,51319,0
9,US73->CS49,51134,51134,0
9,US73->CS57,51165,51165,0
9,US74->CS2,50725,50725,0
9,US74->CS10,50992,50992,0
9,US74->CS18,51202,51202,0
9,US74->CS26,50878,50878,0
9,US74->CS34,51055,51055,0
9,US74->CS42,51004,51004,0
9,US74->CS50,51246,51246,0
9,US74->CS58,50887,50887,0
9,US75->CS3,50801,50801,0
9,US75->CS11,51116,51116,0
9,US75->CS19,51183,51183,0
9,US75->CS27,50632,50632,0
9,US75->CS35,50951,50951,0
9,US75->CS43,50922,50922,0
9,US75->CS51,50979,50979,0
9,US75->CS59,50686,50686,0
9,US76->CS4,50916,50916,0
9,US76->CS12,51091,51091,0
9,US76->CS20,50833,50833,0
9,US76->CS28,51054,51054,0
9,US76->CS36,50986,50986,0
9,US76->CS44,50779,50779,0
9,US76->CS52,50922,50922,0
9,US76->CS60,51219,51219,0
9,US77->CS5,51316,51316,0
9,US77->CS13,50632,50632,0
9,US77->CS21,50559,50559,0
9,US77->CS29,50527,50527,0
9,US77->CS37,50882,50882,0
9,US77->CS45,50962,50962,0
9,US77->CS53,50488,50488,0
9,US77->CS61,50677,50677,0
9,US78->CS6,51060,51060,0
9,US78->CS14,50531,50531,0
9,US78->CS22,51054,51054,0
9,US78->CS30,51022,51022,0
9,US78->CS38,50705,50705,0
9,US78->CS46,50984,50984,0
9,US78->CS54,50829,50829,0
9,US78->CS62,50882,50882,0
9,US79->CS7,51133,51133,0
9,US79->CS15,51231,51231,0
9,US79->CS23,50866,50866,0
9,US79->CS31,50828,50828,0
9,US79->CS39,50851,50851,0
9,US79->CS47,50735,50735,0
9,US79->CS55,50915,50915,0
9,US79->CS63,50985,50985,0
9,US80->CS0,50184,50184,0
9,US80->CS8,50326,50326,0
9,US80->CS16,50375,50375,0
9,US80->CS24,50272,50272,0
9,US80->CS32,50743,50743,0
9,US80->CS40,50024,50024,0
9,US80->CS48,50520,50520,0
9,US80->CS56,50331,50331,0
9,US81->CS1,50042,50042,0
9,US81->CS9,50552,50552,0
9,US81->CS17,50475,50475,0
9,US81->CS25,50212,50212,0
9,US81->CS33,50898,50898,0
9,US81->CS41,50448,50448,0
9,US81->CS49,50413,50413,0
9,US81->CS57,50392,50392,0
9,US82->CS2,50473,50473,0
9,US82->CS10,50277,50277,0
9,US82->CS18,50668,50668,0
9,US82->CS26,50110,50110,0
9,US82->CS34,50187,50187,0
9,US82->CS42,50401,50401,0
9,US82->CS50,49861,49861,0
9,US82->CS58,50503,50503,0
9,US83->CS3,50404,50404,0
9,US83->CS11,50227,50227,0
9,US83->CS19,50128,50128,0
9,US83->CS27,50402,50402,0
9,US83->CS35,50661,50661,0
9,US83->CS43,50750,50750,0
9,US83->CS51,50253,50253,0
9,US83->CS59,50239,50239,0
9,US84->CS4,50773,50773,0
9,US84->CS12,50640,50640,0
9,US84->CS20,50348,50348,0
9,US84->CS28,50343,50343,0
9,US84->CS36,50616,50616,0
9,US84->CS44,50735,50735,0
9,US84->CS52,50546,50546,0
9,US84->CS60,50535,50535,0
9,US85->CS5,50725,50725,0
9,US85->CS13,50445,50445,0
9,US85->CS21,50637,50637,0
9,US85->CS29,50934,50934,0
9,US85->CS37,50090,50090,0
9,US85->CS45,50435,50435,0
9,US85->CS53,50295,50295,0
9,US85->CS61,50571,50571,0
9,US86->CS6,50646,50646,0
9,US86->CS14,50377,50377,0
9,US86->CS22,50594,50594,0
9,US86->CS30,50420,50420,0
9,US86->CS38,50521,50521,0
9,US86->CS46,50113,50113,0
9,US86->CS54,50261,50261,0
9,US86->CS62,50485,50485,0
9,US87->CS7,50056,50056,0
9,US87->CS15,50290,50290,0
9,US87->CS23,50472,50472,0
9,US87->CS31,50216,50216,0
9,US87->CS39,50322,50322,0
9,US87->CS47,50685,50685,0
9,US87->CS55,50677,50677,0
9,US87->CS63,50551,50551,0
9,US88->CS0,50840,50840,0
9,US88->CS8,50816,50816,0
9,US88->CS16,51255,51255,0
9,US88->CS24,51424,51424,0
9,US88->CS32,50937,50937,0
9,US88->CS40,50829,50829,0
9,US88->CS48,50751,50751,0
9,US88->CS56,51082,51082,0
9,US89->CS1,51001,51001,0
9,US89->CS9,50996,50996,0
9,US89->CS17,51064,51064,0
9,US89->CS25,51059,51059,0
9,US89->CS33,51183,51183,0
9,US89->CS41,51206,51206,0
9,US89->CS49,51256,51256,0
9,US89->CS57,50903,50903,0
9,US90->CS2,51062,51062,0
9,US90->CS10,51129,51129,0
9,US90->CS18,51059,51059,0
9,US90->CS26,50442,50442,0
9,US90->CS34,50883,50883,0
9,US90->CS42,50734,50734,0
9,US90->CS50,51125,51125,0
9,US90->CS58,51477,51477,0
9,US91->CS3,50983,50983,0
9,US91->CS11,51068,51068,0
9,US91->CS19,50861,50861,0
9,US91->CS27,50800,50800,0
9,US91->CS35,50991,50991,0
9,US91->CS43,50908,50908,0
9,US91->CS51,51012,51012,0
9,US91->CS59,51134,51134,0
9,US92->CS4,50634,50634,0
9,US92->CS12,51412,51412,0
9,US92->CS20,51224,51224,0
9,US92->CS28,51002,51002,0
9,US92->CS36,50829,50829,0
9,US92->CS44,51005,51005,0
9,US92->CS52,51151,51151,0
9,US92->CS60,50898,50898,0
9,US93->CS5,51248,51248,0
9,US93->CS13,50893,50893,0
9,US93->CS21,51310,51310,0
9,US93->CS29,50952,50952,0
9,US93->CS37,51010,51010,0
9,US93->CS45,50772,50772,0
9,US93->CS53,50906,50906,0
9,US93->CS61,51356,51356,0
9,US94->CS6,51261,51261,0
9,US94->CS14,50859,50859,0
9,US94->CS22,51224,51224,0
9,US94->CS30,50913,50913,0
9,US94->CS38,51256,51256,0
9,US94->CS46,50952,50952,0
9,US94->CS54,51130,51130,0
9,US94->CS62,50969,50969,0
9,US95->CS7,51055,51055,0
9,US95->CS15,50994,50994,0
9,US95->CS23,50996,50996,0
9,US95->CS31,51090,51090,0
9,US95->CS39,51102,51102,0
9,US95->CS47,50919,50919,0
9,US95->CS55,50955,50955,0
9,US95->CS63,50811,50811,0
9,US96->CS0,10964,10963,0
9,US96->CS8,11089,11088,0
9,US96->CS16,10832,10832,0
9,US96->CS24,10905,10905,0
9,US96->CS32,11023,11023,0
9,US96->CS40,11179,11179,0
9,US96->CS48,11079,11077,0
9,US96->CS56,10964,10963,0
9,US97->CS1,11068,11067,0
9,US97->CS9,11029,11029,0
9,US97->CS17,11077,11077,0
9,US97->CS25,10921,10921,0
9,US97->CS33,10972,10972,0
9,US97->CS41,10882,10882,0
9,US97->CS49,11030,11030,0
9,US97->CS57,10976,10976,0
9,US98->CS2,10952,10952,0
9,US98->CS10,11025,11025,0
9,US98->CS18,10897,10897,0
9,US98->CS26,11038,11038,0
9,US98->CS34,10944,10944,0
9,US98->CS42,10939,10937,0
9,US98->CS50,10897,10897,0
9,US98->CS58,11032,11031,0
9,US99->CS3,10953,10953,0
9,US99->CS11,10953,10952,0
9,US99->CS19,11018,11017,0
9,US99->CS27,10943,10943,0
9,US99->CS35,11044,11044,0
9,US99->CS43,10780,10780,0
9,US99->CS51,11034,11034,0
9,US99->CS59,11097,11097,0
9,US100->CS4,10953,10953,0
9,US100->CS12,11054,11054,0
9,US100->CS20,10984,10984,0
9,US100->CS28,11326,11324,0
9,US100->CS36,10985,10985,0
9,US100->CS44,11058,11058,0
9,US100->CS52,10931,10931,0
9,US100->CS60,10916,10912,0
9,US101->CS5,10887,10887,0
9,US101->CS13,11111,11110,0
9,US101->CS21,11006,11006,0
9,US101->CS29,10956,10955,0
9,US101->CS37,11058,11058,0
9,US101->CS45,11022,11021,0
9,US101->CS53,11090,11089,0
9,US101->CS61,11050,11050,0
9,US102->CS6,11089,11088,0
9,US102->CS14,10875,10875,0
9,US102->CS22,10835,10834,0
9,US102->CS30,11162,11161,0
9,US102->CS38,10935,10934,0
9,US102->CS46,11046,11045,0
9,US102->CS54,10809,10809,0
9,US102->CS62,10830,10830,0
9,US103->CS7,11038,11038,0
9,US103->CS15,11064,11064,0
9,US103->CS23,11157,11157,0
9,US103->CS31,10902,10902,0
9,US103->CS39,11157,11157,0
9,US103->CS47,10997,10997,0
9,US103->CS55,10858,10858,0
9,US103->CS63,10918,10918,0
9,US104->CS0,11552,11551,0
9,US104->CS8,11506,11504,0
9,US104->CS16,11382,11382,0
9,US104->CS24,11511,11510,0
9,US104->CS32,11317,11317,0
9,US104->CS40,11413,11413,0
9,US104->CS48,11468,11468,0
9,US104->CS56,11560,11559,0
9,US105->CS1,11464,11464,0
9,US105->CS9,11549,11549,0
9,US105->CS17,11476,11476,0
9,US105->CS25,11342,11341,0
9,US105->CS33,11490,11490,0
9,US105->CS41,11593,11593,0
9,US105->CS49,11713,11712,0
9,US105->CS57,11438,11438,0
9,US106->CS2,11400,11400,0
9,US106->CS10,11375,11375,0
9,US106->CS18,11591,11590,0
9,US106->CS26,11176,11176,0
9,US106->CS34,11422,11421,0
9,US106->CS42,11524,11523,0
9,US106->CS50,11315,11315,0
9,US106->CS58,11420,11420,0
9,US107->CS3,11525,11525,0
9,US107->CS11,11440,11440,0
9,US107->CS19,11514,11514,0
9,US107->CS27,11301,11301,0
9,US107->CS35,11249,11249,0
9,US107->CS43,11588,11587,0
9,US107->CS51,11469,11468,0
9,US107->CS59,11484,11483,0
9,US108->CS4,11303,11303,0
9,US108->CS12,11482,11482,0
9,US108->CS20,11349,11347,0
9,US108->CS28,11510,11509,0
9,US108->CS36,11566,11566,0
9,US108->CS44,11530,11527,0
9,US108->CS52,11285,11284,0
9,US108->CS60,11430,11429,0
9,US109->CS5,11484,11484,0
9,US109->CS13,11465,11464,0
9,US109->CS21,11500,11500,0
9,US109->CS29,11541,11541,0
9,US109->CS37,11526,11526,0
9,US109->CS45,11300,11299,0
9,US109->CS53,11530,11530,0
9,US109->CS61,11365,11365,0
9,US110->CS6,11530,11530,0
9,US110->CS14,11215,11215,0
9,US110->CS22,11104,11104,0
9,US110->CS30,11346,11346,0
9,US110->CS38,11373,11373,0
9,US110->CS46,11484,11483,0
9,US110->CS54,11427,11427,0
9,US110->CS62,11419,11419,0
9,US111->CS7,11401,11401,0
9,US111->CS15,11416,11416,0
9,US111->CS23,11481,11480,0
9,US111->CS31,11182,11182,0
9,US111->CS39,11421,11421,0
9,US111->CS47,11421,11421,0
9,US111->CS55,11413,11413,0
9,US111->CS63,11493,11493,0
9,US112->CS0,53948,53948,0
9,US112->CS8,53922,53922,0
9,US112->CS16,53892,53892,0
9,US112->CS24,54054,54054,0
9,US112->CS32,54048,54048,0
9,US112->CS40,54098,54098,0
9,US112->CS48,54045,54045,0
9,US112->CS56,53683,53683,0
9,US113->CS1,53967,53967,0
9,US113->CS9,53765,53765,0
9,US113->CS17,53930,53930,0
9,US113->CS25,54054,54054,0
9,US113->CS33,53960,53960,0
9,US113->CS41,53551,53551,0
9,US113->CS49,54015,54015,0
9,US113->CS57,53583,53583,0
9,US114->CS2,53936,53936,0
9,US114->CS10,53813,53813,0
9,US114->CS18,53993,53993,0
9,US114->CS26,53836,53836,0
9,US114->CS34,53882,53882,0
9,US114->CS42,53808,53808,0
9,US114->CS50,54211,54211,0
9,US114->CS58,54165,54165,0
9,US115->CS3,54571,54571,0
9,US115->CS11,54318,54318,0
9,US115->CS19,53956,53956,0
9,US115->CS27,53765,53765,0
9,US115->CS35,53813,53813,0
9,US115->CS43,53962,53962,0
9,US115->CS51,53882,53882,0
9,US115->CS59,54163,54163,0
9,US116->CS4,53948,53948,0
9,US116->CS12,53725,53725,0
9,US116->CS20,53803,53803,0
9,US116->CS28,54173,54173,0
9,US116->CS36,53888,53888,0
9,US116->CS44,53939,53939,0
9,US116->CS52,54195,54195,0
9,US116->CS60,53986,53986,0
9,US117->CS5,53849,53849,0
9,US117->CS13,53596,53596,0
9,US117->CS21,54350,54350,0
9,US117->CS29,54345,54345,0
9,US117->CS37,53915,53915,0
9,US117->CS45,54123,54123,0
9,US117->CS53,54195,54195,0
9,US117->CS61,53584,53584,0
9,US118->CS6,54503,54503,0
9,US118->CS14,53808,53808,0
9,US118->CS22,54027,54027,0
9,US118->CS30,53827,53827,0
9,US118->CS38,54278,54278,0
9,US118->CS46,54040,54040,0
9,US118->CS54,54083,54083,0
9,US118->CS62,53813,53813,0
9,US119->CS7,53807,53807,0
9,US119->CS15,53848,53848,0
9,US119->CS23,53953,53953,0
9,US119->CS31,53701,53701,0
9,US119->CS39,54097,54097,0
9,US119->CS47,53945,53945,0
9,US119->CS55,54016,54016,0
9,US119->CS63,54045,54045,0
9,US120->CS0,51045,51045,0
9,US120->CS8,50813,50813,0
9,US120->CS16,50827,50827,0
9,US120->CS24,50947,50947,0
9,US120->CS32,50837,50837,0
9,US120->CS40,50404,50404,0
9,US120->CS48,50393,50393,0
9,US120->CS56,50832,50832,0
9,US121->CS1,50778,50778,0
9,US121->CS9,50513,50513,0
9,US121->CS17,51016,51016,0
9,US121->CS25,51215,51215,0
9,US121->CS33,50643,50643,0
9,US121->CS41,50979,50979,0
9,US121->CS49,50903,50903,0
9,US121->CS57,50688,50688,0
9,US122->CS2,50718,50718,0
9,US122->CS10,50586,50586,0
9,US122->CS18,50763,50763,0
9,US122->CS26,51133,51133,0
9,US122->CS34,50605,50605,0
9,US122->CS42,51096,51096,0
9,US122->CS50,50508,50508,0
9,US122->CS58,51266,51266,0
9,US123->CS3,50736,50736,0
9,US123->CS11,50987,50987,0
9,US123->CS19,50555,50555,0
9,US123->CS27,50941,50941,0
9,US123->CS35,51134,51134,0
9,US123->CS43,50574,50574,0
9,US123->CS51,51331,51331,0
9,US123->CS59,50664,50664,0
9,US124->CS4,50518,50518,0
9,US124->CS12,50787,50787,0
9,US124->CS20,50400,50400,0
9,US124->CS28,51073,51073,0
9,US124->CS36,50521,50521,0
9,US124->CS44,50860,50860,0
9,US124->CS52,50406,50406,0
9,US124->CS60,50649,50649,0
9,US125->CS5,50665,50665,0
9,US125->CS13,50572,50572,0
9,US125->CS21,50913,50913,0
9,US125->CS29,50814,50814,0
9,US125->CS37,50307,50307,0
9,US125->CS45,50875,50875,0
9,US125->CS53,50807,50807,0
9,US125->CS61,50912,50912,0
9,US126->CS6,50830,50830,0
9,US126->CS14,50395,50395,0
9,US126->CS22,50716,50716,0
9,US126->CS30,50787,50787,0
9,US126->CS38,50892,50892,0
9,US126->CS46,50869,50869,0
9,US126->CS54,50902,50902,0
9,US126->CS62,51315,51315,0
9,US127->CS7,50773,50773,0
9,US127->CS15,50888,50888,0
9,US127->CS23,50721,50721,0
9,US127->CS31,50863,50863,0
9,US127->CS39,50912,50912,0
9,US127->CS47,50543,50543,0
9,US127->CS55,50678,50678,0
9,US127->CS63,51079,51079,0
9,CS0->US0,51275,51275,0
9,CS0->US8,50264,50264,0
9,CS0->US16,51098,51098,0
9,CS0->US24,51538,51538,0
9,CS0->US32,0,0,0
9,CS0->US40,53996,53996,0
9,CS0->US48,51658,51658,0
9,CS0->US56,50435,50435,0
9,CS0->US64,0,0,0
9,CS0->US72,50820,50820,0
9,CS0->US80,56548,56548,0
9,CS0->US88,51125,51125,0
9,CS0->US96,11626,11625,0
9,CS0->US104,10972,10972,0
9,CS0->US112,53419,53419,0
9,CS0->US120,53445,53445,0
9,CS1->US1,51211,51211,0
9,CS1->US9,50121,50121,0
9,CS1->US17,50861,50861,0
9,CS1->US25,51114,51114,0
9,CS1->US33,0,0,0
9,CS1->US41,54068,54068,0
9,CS1->US49,51467,51467,0
9,CS1->US57,51016,51016,0
9,CS1->US65,0,0,0
9,CS1->US73,50926,50926,0
9,CS1->US81,56185,56185,0
9,CS1->US89,51044,51044,0
9,CS1->US97,11535,11534,0
9,CS1->US105,11081,11081,0
9,CS1->US113,53710,53710,0
9,CS1->US121,53559,53559,0
9,CS2->US2,51463,51463,0
9,CS2->US10,50586,50586,0
9,CS2->US18,50768,50768,0
9,CS2->US26,51334,51334,0
9,CS2->US34,0,0,0
9,CS2->US42,54040,54040,0
9,CS2->US50,51190,51190,0
9,CS2->US58,50352,50352,0
9,CS2->US66,0,0,0
9,CS2->US74,51044,51044,0
9,CS2->US82,56750,56750,0
9,CS2->US90,50735,50735,0
9,CS2->US98,11463,11463,0
9,CS2->US106,10956,10956,0
9,CS2->US114,53363,53363,0
9,CS2->US122,53534,53534,0
9,CS3->US3,51368,51368,0
9,CS3->US11,50430,50430,0
9,CS3->US19,50833,50833,0
9,CS3->US27,51299,51299,0
9,CS3->US35,0,0,0
9,CS3->US43,54592,54592,0
9,CS3->US51,51275,51275,0
9,CS3->US59,50686,50686,0
9,CS3->US67,0,0,0
9,CS3->US75,50912,50912,0
9,CS3->US83,56751,56751,0
9,CS3->US91,50894,50894,0
9,CS3->US99,11599,11599,0
9,CS3->US107,11005,11005,0
9,CS3->US115,53426,53426,0
9,CS3->US123,53403,53403,0
9,CS4->US4,51719,51719,0
9,CS4->US12,50852,50852,0
9,CS4->US20,50614,50614,0
9,CS4->US28,51166,51166,0
9,CS4->US36,0,0,0
9,CS4->US44,53963,53963,0
9,CS4->US52,51147,51147,0
9,CS4->US60,50483,50483,0
9,CS4->US68,0,0,0
9,CS4->US76,50564,50564,0
9,CS4->US84,57049,57049,0
9,CS4->US92,50966,50966,0
9,CS4->US100,11339,11339,0
9,CS4->US108,10971,10971,0
9,CS4->US116,53522,53522,0
9,CS4->US124,54097,54097,0
9,CS5->US5,51378,51378,0
9,CS5->US13,50837,50837,0
9,CS5->US21,50761,50761,0
9,CS5->US29,51069,51069,0
9,CS5->US37,0,0,0
9,CS5->US45,53893,53893,0
9,CS5->US53,51584,51584,0
9,CS5->US61,50570,50570,0
9,CS5->US69,0,0,0
9,CS5->US77,51190,51190,0
9,CS5->US85,56664,56664,0
9,CS5->US93,51321,51321,0
9,CS5->US101,11553,11553,0
9,CS5->US109,10958,10957,0
9,CS5->US117,53631,53631,0
9,CS5->US125,54199,54199,0
9,CS6->US6,51771,51771,0
9,CS6->US14,50719,50719,0
9,CS6->US22,50902,50902,0
9,CS6->US30,51328,51328,0
9,CS6->US38,0,0,0
9,CS6->US46,54562,54562,0
9,CS6->US54,51593,51593,0
9,CS6->US62,51311,51311,0
9,CS6->US70,0,0,0
9,CS6->US78,51254,51254,0
9,CS6->US86,56531,56531,0
9,CS6->US94,51112,51112,0
9,CS6->US102,11597,11597,0
9,CS6->US110,11072,11072,0
9,CS6->US118,53524,53524,0
9,CS6->US126,53466,53466,0
9,CS7->US7,51562,51562,0
9,CS7->US15,50157,50157,0
9,CS7->US23,50824,50824,0
9,CS7->US31,51254,51254,0
9,CS7->US39,0,0,0
9,CS7->US47,53795,53795,0
9,CS7->US55,51697,51697,0
9,CS7->US63,50994,50994,0
9,CS7->US71,0,0,0
9,CS7->US79,51017,51017,0
9,CS7->US87,56696,56696,0
9,CS7->US95,51177,51177,0
9,CS7->US103,11475,11474,0
9,CS7->US111,11057,11057,0
9,CS7->US119,53438,53438,0
9,CS7->US127,53740,53740,0
9,CS8->US0,51218,51218,0
9,CS8->US8,50358,50358,0
9,CS8->US16,50845,50845,0
9,CS8->US24,50990,50990,0
9,CS8->US32,0,0,0
9,CS8->US40,53964,53964,0
9,CS8->US48,51459,51459,0
9,CS8->US56,50960,50960,0
9,CS8->US64,0,0,0
9,CS8->US72,50774,50774,0
9,CS8->US80,56620,56620,0
9,CS8->US88,51368,51368,0
9,CS8->US96,11629,11628,0
9,CS8->US104,11085,11084,0
9,CS8->US112,53681,53681,0
9,CS8->US120,53409,53409,0
9,CS9->US1,51811,51811,0
9,CS9->US9,50627,50627,0
9,CS9->US17,50584,50584,0
9,CS9->US25,51707,51707,0
9,CS9->US33,0,0,0
9,CS9->US41,53784,53784,0
9,CS9->US49,51679,51679,0
9,CS9->US57,50233,50233,0
9,CS9->US65,0,0,0
9,CS9->US73,50961,50961,0
9,CS9->US81,56599,56599,0
9,CS9->US89,51002,51002,0
9,CS9->US97,11652,11652,0
9,CS9->US105,11059,11059,0
9,CS9->US113,54057,54057,0
9,CS9->US121,53379,53379,0
9,CS10->US2,51075,51075,0
9,CS10->US10,50382,50382,0
9,CS10->US18,50691,50691,0
9,CS10->US26,51265,51265,0
9,CS10->US34,0,0,0
9,CS10->US42,53831,53831,0
9,CS10->US50,51162,51162,0
9,CS10->US58,50628,50628,0
9,CS10->US66,0,0,0
9,CS10->US74,51048,51048,0
9,CS10->US82,56842,56842,0
9,CS10->US90,51086,51086,0
9,CS10->US98,11452,11451,0
9,CS10->US106,11030,11029,0
9,CS10->US114,53352,53352,0
9,CS10->US122,53282,53282,0
9,CS11->US3,51351,51351,0
9,CS11->US11,50354,50354,0
9,CS11->US19,51064,51064,0
9,CS11->US27,51313,51313,0
9,CS11->US35,0,0,0
9,CS11->US43,54346,54346,0
9,CS11->US51,51674,51674,0
9,CS11->US59,50946,50946,0
9,CS11->US67,0,0,0
9,CS11->US75,51016,51016,0
9,CS11->US83,56729,56729,0
9,CS11->US91,51147,51147,0
9,CS11->US99,11497,11497,0
9,CS11->US107,10969,10968,0
9,CS11->US115,53594,53594,0
9,CS11->US123,53198,53198,0
9,CS12->US4,51891,51891,0
9,CS12->US12,50753,50753,0
9,CS12->US20,50805,50805,0
9,CS12->US28,50994,50994,0
9,CS12->US36,0,0,0
9,CS12->US44,53766,53766,0
9,CS12->US52,51817,51817,0
9,CS12->US60,50560,50560,0
9,CS12->US68,0,0,0
9,CS12->US76,51376,51376,0
9,CS12->US84,56913,56913,0
9,CS12->US92,51088,51088,0
9,CS12->US100,11532,11532,0
9,CS12->US108,11096,11096,0
9,CS12->US116,53191,53191,0
9,CS12->US124,53316,53316,0
9,CS13->US5,51649,51649,0
9,CS13->US13,50527,50527,0
9,CS13->US21,50599,50599,0
9,CS13->US29,51192,51192,0
9,CS13->US37,0,0,0
9,CS13->US45,53596,53596,0
9,CS13->US53,51783,51783,0
9,CS13->US61,50810,50810,0
9,CS13->US69,0,0,0
9,CS13->US77,50849,50849,0
9,CS13->US85,56497,56497,0
9,CS13->US93,50652,50652,0
9,CS13->US101,11567,11567,0
9,CS13->US109,11158,11158,0
9,CS13->US117,53282,53282,0
9,CS13->US125,53512,53512,0
9,CS14->US6,51577,51577,0
9,CS14->US14,50482,50482,0
9,CS14->US22,50576,50576,0
9,CS14->US30,51170,51170,0
9,CS14->US38,0,0,0
9,CS14->US46,53751,53751,0
9,CS14->US54,51813,51813,0
9,CS14->US62,50814,50814,0
9,CS14->US70,0,0,0
9,CS14->US78,50794,50794,0
9,CS14->US86,56711,56711,0
9,CS14->US94,50583,50583,0
9,CS14->US102,11295,11295,0
9,CS14->US110,10921,10920,0
9,CS14->US118,53510,53510,0
9,CS14->US126,53870,53870,0
9,CS15->US7,51970,51970,0
9,CS15->US15,50311,50311,0
9,CS15->US23,50935,50935,0
9,CS15->US31,51040,51040,0
9,CS15->US39,0,0,0
9,CS15->US47,53859,53859,0
9,CS15->US55,51442,51442,0
9,CS15->US63,50782,50782,0
9,CS15->US71,0,0,0
9,CS15->US79,50979,50979,0
9,CS15->US87,56902,56902,0
9,CS15->US95,51299,51299,0
9,CS15->US103,11497,11497,0
9,CS15->US111,11099,11098,0
9,CS15->US119,53433,53433,0
9,CS15->US127,53706,53706,0
9,CS16->US0,51005,51005,0
9,CS16->US8,50464,50464,0
9,CS16->US16,50891,50891,0
9,CS16->US24,51082,51082,0
9,CS16->US32,0,0,0
9,CS16->US40,53918,53918,0
9,CS16->US48,51411,51411,0
9,CS16->US56,51100,51100,0
9,CS16->US64,0,0,0
9,CS16->US72,51206,51206,0
9,CS16->US80,57171,57171,0
9,CS16->US88,50791,50791,0
9,CS16->US96,11445,11445,0
9,CS16->US104,10853,10852,0
9,CS16->US112,53261,53261,0
9,CS16->US120,53549,53549,0
9,CS17->US1,51629,51629,0
9,CS17->US9,50565,50565,0
9,CS17->US17,51113,51113,0
9,CS17->US25,51063,51063,0
9,CS17->US33,0,0,0
9,CS17->US41,54007,54007,0
9,CS17->US49,51476,51476,0
9,CS17->US57,50953,50953,0
9,CS17->US65,0,0,0
9,CS17->US73,51067,51067,0
9,CS17->US81,56799,56799,0
9,CS17->US89,51140,51140,0
9,CS17->US97,11587,11587,0
9,CS17->US105,11117,11117,0
9,CS17->US113,53222,53222,0
9,CS17->US121,53465,53465,0
9,CS18->US2,51253,51253,0
9,CS18->US10,50751,50751,0
9,CS18->US18,50837,50837,0
9,CS18->US26,51048,51048,0
9,CS18->US34,0,0,0
9,CS18->US42,54012,54012,0
9,CS18->US50,51065,51065,0
9,CS18->US58,50849,50849,0
9,CS18->US66,0,0,0
9,CS18->US74,51012,51012,0
9,CS18->US82,56913,56913,0
9,CS18->US90,51232,51232,0
9,CS18->US98,11640,11639,0
9,CS18->US106,10942,10941,0
9,CS18->US114,53208,53208,0
9,CS18->US122,53531,53531,0
9,CS19->US3,51089,51089,0
9,CS19->US11,50184,50184,0
9,CS19->US19,50585,50585,0
9,CS19->US27,51078,51078,0
9,CS19->US35,0,0,0
9,CS19->US43,53992,53992,0
9,CS19->US51,51306,51306,0
9,CS19->US59,51201,51201,0
9,CS19->US67,0,0,0
9,CS19->US75,50884,50884,0
9,CS19->US83,56689,56689,0
9,CS19->US91,51266,51266,0
9,CS19->US99,11569,11567,0
9,CS19->US107,11021,11019,0
9,CS19->US115,53434,53434,0
9,CS19->US123,53810,53810,0
9,CS20->US4,51321,51321,0
9,CS20->US12,50405,50405,0
9,CS20->US20,50400,50400,0
9,CS20->US28,51194,51194,0
9,CS20->US36,0,0,0
9,CS20->US44,53828,53828,0
9,CS20->US52,51309,51309,0
9,CS20->US60,50882,50882,0
9,CS20->US68,0,0,0
9,CS20->US76,51246,51246,0
9,CS20->US84,56594,56594,0
9,CS20->US92,50932,50932,0
9,CS20->US100,11416,11414,0
9,CS20->US108,10986,10986,0
9,CS20->US116,53611,53611,0
9,CS20->US124,53917,53917,0
9,CS21->US5,51517,51517,0
9,CS21->US13,50756,50756,0
9,CS21->US21,51044,51044,0
9,CS21->US29,51636,51636,0
9,CS21->US37,0,0,0
9,CS21->US45,54308,54308,0
9,CS21->US53,51450,51450,0
9,CS21->US61,50879,50879,0
9,CS21->US69,0,0,0
9,CS21->US77,51174,51174,0
9,CS21->US85,56268,56268,0
9,CS21->US93,50613,50613,0
9,CS21->US101,11519,11519,0
9,CS21->US109,11086,11086,0
9,CS21->US117,53747,53747,0
9,CS21->US125,53704,53704,0
9,CS22->US6,51631,51631,0
9,CS22->US14,50669,50669,0
9,CS22->US22,50859,50859,0
9,CS22->US30,51365,51365,0
9,CS22->US38,0,0,0
9,CS22->US46,54080,54080,0
9,CS22->US54,51334,51334,0
9,CS22->US62,50480,50480,0
9,CS22->US70,0,0,0
9,CS22->US78,51189,51189,0
9,CS22->US86,57009,57009,0
9,CS22->US94,51044,51044,0
9,CS22->US102,11191,11191,0
9,CS22->US110,10862,10861,0
9,CS22->US118,53553,53553,0
9,CS22->US126,53701,53701,0
9,CS23->US7,51588,51588,0
9,CS23->US15,50549,50549,0
9,CS23->US23,50807,50807,0
9,CS23->US31,51202,51202,0
9,CS23->US39,0,0,0
9,CS23->US47,53912,53912,0
9,CS23->US55,51429,51429,0
9,CS23->US63,50888,50888,0
9,CS23->US71,0,0,0
9,CS23->US79,51019,51019,0
9,CS23->US87,56939,56939,0
9,CS23->US95,50908,50908,0
9,CS23->US103,11572,11571,0
9,CS23->US111,11191,11191,0
9,CS23->US119,53544,53544,0
9,CS23->US127,53751,53751,0
9,CS24->US0,51707,51707,0
9,CS24->US8,50306,50306,0
9,CS24->US16,51015,51015,0
9,CS24->US24,51534,51534,0
9,CS24->US32,0,0,0
9,CS24->US40,54054,54054,0
9,CS24->US48,51717,51717,0
9,CS24->US56,51234,51234,0
9,CS24->US64,0,0,0
9,CS24->US72,51457,51457,0
9,CS24->US80,56457,56457,0
9,CS24->US88,51236,51236,0
9,CS24->US96,11639,11639,0
9,CS24->US104,10949,10948,0
9,CS24->US112,53703,53703,0
9,CS24->US120,53549,53549,0
9,CS25->US1,51287,51287,0
9,CS25->US9,50371,50371,0
9,CS25->US17,51301,51301,0
9,CS25->US25,50992,50992,0
9,CS25->US33,0,0,0
9,CS25->US41,54074,54074,0
9,CS25->US49,51197,51197,0
9,CS25->US57,50595,50595,0
9,CS25->US65,0,0,0
9,CS25->US73,51049,51049,0
9,CS25->US81,56617,56617,0
9,CS25->US89,51168,51168,0
9,CS25->US97,11421,11421,0
9,CS25->US105,10963,10963,0
9,CS25->US113,53478,53478,0
9,CS25->US121,54046,54046,0
9,CS26->US2,51581,51581,0
9,CS26->US10,50177,50177,0
9,CS26->US18,51246,51246,0
9,CS26->US26,51185,51185,0
9,CS26->US34,0,0,0
9,CS26->US42,53857,53857,0
9,CS26->US50,51840,51840,0
9,CS26->US58,50793,50793,0
9,CS26->US66,0,0,0
9,CS26->US74,50427,50427,0
9,CS26->US82,56516,56516,0
9,CS26->US90,50908,50908,0
9,CS26->US98,11264,11264,0
9,CS26->US106,11066,11065,0
9,CS26->US114,53309,53309,0
9,CS26->US122,53271,53271,0
9,CS27->US3,51564,51564,0
9,CS27->US11,50481,50481,0
9,CS27->US19,50980,50980,0
9,CS27->US27,51145,51145,0
9,CS27->US35,0,0,0
9,CS27->US43,53873,53873,0
9,CS27->US51,51678,51678,0
9,CS27->US59,50757,50757,0
9,CS27->US67,0,0,0
9,CS27->US75,50771,50771,0
9,CS27->US83,56841,56841,0
9,CS27->US91,50661,50661,0
9,CS27->US99,11397,11396,0
9,CS27->US107,10971,10971,0
9,CS27->US115,53356,53356,0
9,CS27->US123,53494,53494,0
9,CS28->US4,51467,51467,0
9,CS28->US12,50485,50485,0
9,CS28->US20,51128,51128,0
9,CS28->US28,51275,51275,0
9,CS28->US36,0,0,0
9,CS28->US44,54246,54246,0
9,CS28->US52,51199,51199,0
9,CS28->US60,50986,50986,0
9,CS28->US68,0,0,0
9,CS28->US76,50988,50988,0
9,CS28->US84,56641,56641,0
9,CS28->US92,51052,51052,0
9,CS28->US100,11589,11589,0
9,CS28->US108,11375,11375,0
9,CS28->US116,53747,53747,0
9,CS28->US124,53811,53811,0
9,CS29->US5,51208,51208,0
9,CS29->US13,50959,50959,0
9,CS29->US21,50892,50892,0
9,CS29->US29,51055,51055,0
9,CS29->US37,0,0,0
9,CS29->US45,54361,54361,0
9,CS29->US53,51675,51675,0
9,CS29->US61,50549,50549,0
9,CS29->US69,0,0,0
9,CS29->US77,50910,50910,0
9,CS29->US85,56566,56566,0
9,CS29->US93,50615,50615,0
9,CS29->US101,11595,11594,0
9,CS29->US109,10968,10968,0
9,CS29->US117,53279,53279,0
9,CS29->US125,53262,53262,0
9,CS30->US6,51418,51418,0
9,CS30->US14,50571,50571,0
9,CS30->US22,50764,50764,0
9,CS30->US30,50995,50995,0
9,CS30->US38,0,0,0
9,CS30->US46,53863,53863,0
9,CS30->US54,51402,51402,0
9,CS30->US62,50909,50909,0
9,CS30->US70,0,0,0
9,CS30->US78,50926,50926,0
9,CS30->US86,56963,56963,0
9,CS30->US94,50975,50975,0
9,CS30->US102,11430,11430,0
9,CS30->US110,11185,11184,0
9,CS30->US118,53650,53650,0
9,CS30->US126,53434,53434,0
9,CS31->US7,51134,51134,0
9,CS31->US15,50265,50265,0
9,CS31->US23,51002,51002,0
9,CS31->US31,51270,51270,0
9,CS31->US39,0,0,0
9,CS31->US47,53731,53731,0
9,CS31->US55,51337,51337,0
9,CS31->US63,50845,50845,0
9,CS31->US71,0,0,0
9,CS31->US79,51054,51054,0
9,CS31->US87,56845,56845,0
9,CS31->US95,50857,50857,0
9,CS31->US103,11245,11244,0
9,CS31->US111,10936,10936,0
9,CS31->US119,53952,53952,0
9,CS31->US127,53745,53745,0
9,CS32->US0,51505,51505,0
9,CS32->US8,50814,50814,0
9,CS32->US16,50905,50905,0
9,CS32->US24,51171,51171,0
9,CS32->US32,0,0,0
9,CS32->US40,54145,54145,0
9,CS32->US48,51795,51795,0
9,CS32->US56,50639,50639,0
9,CS32->US64,0,0,0
9,CS32->US72,50936,50936,0
9,CS32->US80,56952,56952,0
9,CS32->US88,51227,51227,0
9,CS32->US96,11395,11392,0
9,CS32->US104,11037,11037,0
9,CS32->US112,53462,53462,0
9,CS32->US120,53399,53399,0
9,CS33->US1,51628,51628,0
9,CS33->US9,50956,50956,0
9,CS33->US17,50756,50756,0
9,CS33->US25,51239,51239,0
9,CS33->US33,0,0,0
9,CS33->US41,54010,54010,0
9,CS33->US49,51392,51392,0
9,CS33->US57,50475,50475,0
9,CS33->US65,0,0,0
9,CS33->US73,51087,51087,0
9,CS33->US81,55992,55992,0
9,CS33->US89,50846,50846,0
9,CS33->US97,11573,11573,0
9,CS33->US105,11024,11024,0
9,CS33->US113,53545,53545,0
9,CS33->US121,53605,53605,0
9,CS34->US2,51641,51641,0
9,CS34->US10,50383,50383,0
9,CS34->US18,50652,50652,0
9,CS34->US26,51333,51333,0
9,CS34->US34,0,0,0
9,CS34->US42,53860,53860,0
9,CS34->US50,51924,51924,0
9,CS34->US58,50716,50716,0
9,CS34->US66,0,0,0
9,CS34->US74,50879,50879,0
9,CS34->US82,56928,56928,0
9,CS34->US90,51121,51121,0
9,CS34->US98,11497,11496,0
9,CS34->US106,11002,11002,0
9,CS34->US114,53454,53454,0
9,CS34->US122,53569,53569,0
9,CS35->US3,51535,51535,0
9,CS35->US11,50722,50722,0
9,CS35->US19,51204,51204,0
9,CS35->US27,51341,51341,0
9,CS35->US35,0,0,0
9,CS35->US43,53936,53936,0
9,CS35->US51,51674,51674,0
9,CS35->US59,51071,51071,0
9,CS35->US67,0,0,0
9,CS35->US75,50906,50906,0
9,CS35->US83,56576,56576,0
9,CS35->US91,50941,50941,0
9,CS35->US99,11311,11311,0
9,CS35->US107,11079,11078,0
9,CS35->US115,53432,53432,0
9,CS35->US123,54005,54005,0
9,CS36->US4,51656,51656,0
9,CS36->US12,50717,50717,0
9,CS36->US20,50571,50571,0
9,CS36->US28,51191,51191,0
9,CS36->US36,0,0,0
9,CS36->US44,53926,53926,0
9,CS36->US52,51629,51629,0
9,CS36->US60,50545,50545,0
9,CS36->US68,0,0,0
9,CS36->US76,50830,50830,0
9,CS36->US84,56945,56945,0
9,CS36->US92,51045,51045,0
9,CS36->US100,11620,11620,0
9,CS36->US108,11043,11043,0
9,CS36->US116,53174,53174,0
9,CS36->US124,53299,53299,0
9,CS37->US5,51795,51795,0
9,CS37->US13,50255,50255,0
9,CS37->US21,50429,50429,0
9,CS37->US29,51393,51393,0
9,CS37->US37,0,0,0
9,CS37->US45,53911,53911,0
9,CS37->US53,51305,51305,0
9,CS37->US61,50730,50730,0
9,CS37->US69,0,0,0
9,CS37->US77,51066,51066,0
9,CS37->US85,56930,56930,0
9,CS37->US93,50850,50850,0
9,CS37->US101,11575,11575,0
9,CS37->US109,11091,11090,0
9,CS37->US117,53053,53053,0
9,CS37->US125,53433,53433,0
9,CS38->US6,51355,51355,0
9,CS38->US14,50579,50579,0
9,CS38->US22,51004,51004,0
9,CS38->US30,50935,50935,0
9,CS38->US38,0,0,0
9,CS38->US46,54263,54263,0
9,CS38->US54,51355,51355,0
9,CS38->US62,50545,50545,0
9,CS38->US70,0,0,0
9,CS38->US78,51182,51182,0
9,CS38->US86,57224,57224,0
9,CS38->US94,50789,50789,0
9,CS38->US102,11486,11486,0
9,CS38->US110,10949,10949,0
9,CS38->US118,53306,53306,0
9,CS38->US126,53477,53477,0
9,CS39->US7,51410,51410,0
9,CS39->US15,50434,50434,0
9,CS39->US23,50993,50993,0
9,CS39->US31,51480,51480,0
9,CS39->US39,0,0,0
9,CS39->US47,54111,54111,0
9,CS39->US55,51354,51354,0
9,CS39->US63,50688,50688,0
9,CS39->US71,0,0,0
9,CS39->US79,50983,50983,0
9,CS39->US87,56669,56669,0
9,CS39->US95,50856,50856,0
9,CS39->US103,11489,11489,0
9,CS39->US111,11186,11184,0
9,CS39->US119,53629,53629,0
9,CS39->US127,54081,54081,0
9,CS40->US0,51511,51511,0
9,CS40->US8,50136,50136,0
9,CS40->US16,50424,50424,0
9,CS40->US24,51080,51080,0
9,CS40->US32,0,0,0
9,CS40->US40,54155,54155,0
9,CS40->US48,51460,51460,0
9,CS40->US56,50443,50443,0
9,CS40->US64,0,0,0
9,CS40->US72,50804,50804,0
9,CS40->US80,56777,56777,0
9,CS40->US88,50868,50868,0
9,CS40->US96,11491,11491,0
9,CS40->US104,11215,11213,0
9,CS40->US112,53752,53752,0
9,CS40->US120,53191,53191,0
9,CS41->US1,51676,51676,0
9,CS41->US9,50523,50523,0
9,CS41->US17,51080,51080,0
9,CS41->US25,51276,51276,0
9,CS41->US33,0,0,0
9,CS41->US41,53571,53571,0
9,CS41->US49,51039,51039,0
9,CS41->US57,50455,50455,0
9,CS41->US65,0,0,0
9,CS41->US73,51090,51090,0
9,CS41->US81,56993,56993,0
9,CS41->US89,51345,51345,0
9,CS41->US97,11656,11655,0
9,CS41->US105,10875,10875,0
9,CS41->US113,53573,53573,0
9,CS41->US121,53696,53696,0
9,CS42->US2,51287,51287,0
9,CS42->US10,50501,50501,0
9,CS42->US18,51204,51204,0
9,CS42->US26,50867,50867,0
9,CS42->US34,0,0,0
9,CS42->US42,53829,53829,0
9,CS42->US50,51415,51415,0
9,CS42->US58,50891,50891,0
9,CS42->US66,0,0,0
9,CS42->US74,50713,50713,0
9,CS42->US82,56929,56929,0
9,CS42->US90,51060,51060,0
9,CS42->US98,11600,11600,0
9,CS42->US106,10973,10973,0
9,CS42->US114,53551,53551,0
9,CS42->US122,53704,53704,0
9,CS43->US3,51201,51201,0
9,CS43->US11,50874,50874,0
9,CS43->US19,50630,50630,0
9,CS43->US27,50828,50828,0
9,CS43->US35,0,0,0
9,CS43->US43,53966,53966,0
9,CS43->US51,51401,51401,0
9,CS43->US59,51018,51018,0
9,CS43->US67,0,0,0
9,CS43->US75,50902,50902,0
9,CS43->US83,56697,56697,0
9,CS43->US91,50955,50955,0
9,CS43->US99,11655,11655,0
9,CS43->US107,10815,10815,0
9,CS43->US115,53359,53359,0
9,CS43->US123,53684,53684,0
9,CS44->US4,51196,51196,0
9,CS44->US12,50830,50830,0
9,CS44->US20,50926,50926,0
9,CS44->US28,51322,51322,0
9,CS44->US36,0,0,0
9,CS44->US44,53907,53907,0
9,CS44->US52,51502,51502,0
9,CS44->US60,50936,50936,0
9,CS44->US68,0,0,0
9,CS44->US76,50964,50964,0
9,CS44->US84,57041,57041,0
9,CS44->US92,50817,50817,0
9,CS44->US100,11562,11559,0
9,CS44->US108,11094,11094,0
9,CS44->US116,53506,53506,0
9,CS44->US124,53590,53590,0
9,CS45->US5,51221,51221,0
9,CS45->US13,50528,50528,0
9,CS45->US21,50935,50935,0
9,CS45->US29,51215,51215,0
9,CS45->US37,0,0,0
9,CS45->US45,54189,54189,0
9,CS45->US53,51565,51565,0
9,CS45->US61,50631,50631,0
9,CS45->US69,0,0,0
9,CS45->US77,50734,50734,0
9,CS45->US85,57223,57223,0
9,CS45->US93,50961,50961,0
9,CS45->US101,11385,11384,0
9,CS45->US109,11043,11043,0
9,CS45->US117,53615,53615,0
9,CS45->US125,53662,53662,0
9,CS46->US6,51287,51287,0
9,CS46->US14,50258,50258,0
9,CS46->US22,50966,50966,0
9,CS46->US30,51019,51019,0
9,CS46->US38,0,0,0
9,CS46->US46,54085,54085,0
9,CS46->US54,51451,51451,0
9,CS46->US62,50993,50993,0
9,CS46->US70,0,0,0
9,CS46->US78,50912,50912,0
9,CS46->US86,57262,57262,0
9,CS46->US94,51022,51022,0
9,CS46->US102,11556,11556,0
9,CS46->US110,11095,11095,0
9,CS46->US118,53698,53698,0
9,CS46->US126,53704,53704,0
9,CS47->US7,51276,51276,0
9,CS47->US15,50762,50762,0
9,CS47->US23,50595,50595,0
9,CS47->US31,51643,51643,0
9,CS47->US39,0,0,0
9,CS47->US47,53985,53985,0
9,CS47->US55,51852,51852,0
9,CS47->US63,50803,50803,0
9,CS47->US71,0,0,0
9,CS47->US79,50853,50853,0
9,CS47->US87,56577,56577,0
9,CS47->US95,50683,50683,0
9,CS47->US103,11488,11487,0
9,CS47->US111,11015,11014,0
9,CS47->US119,53548,53548,0
9,CS47->US127,53747,53747,0
9,CS48->US0,51538,51538,0
9,CS48->US8,50593,50593,0
9,CS48->US16,50523,50523,0
9,CS48->US24,51275,51275,0
9,CS48->US32,0,0,0
9,CS48->US40,54028,54028,0
9,CS48->US48,51407,51407,0
9,CS48->US56,50586,50586,0
9,CS48->US64,0,0,0
9,CS48->US72,50720,50720,0
9,CS48->US80,56873,56873,0
9,CS48->US88,51093,51093,0
9,CS48->US96,11539,11539,0
9,CS48->US104,11062,11062,0
9,CS48->US112,53486,53486,0
9,CS48->US120,53756,53756,0
9,CS49->US1,51580,51580,0
9,CS49->US9,50513,50513,0
9,CS49->US17,50942,50942,0
9,CS49->US25,51194,51194,0
9,CS49->US33,0,0,0
9,CS49->US41,53983,53983,0
9,CS49->US49,51301,51301,0
9,CS49->US57,50679,50679,0
9,CS49->US65,0,0,0
9,CS49->US73,51220,51220,0
9,CS49->US81,56581,56581,0
9,CS49->US89,51208,51208,0
9,CS49->US97,11756,11756,0
9,CS49->US105,11043,11043,0
9,CS49->US113,52690,52690,0
9,CS49->US121,53443,53443,0
9,CS50->US2,51772,51772,0
9,CS50->US10,49995,49995,0
9,CS50->US18,50578,50578,0
9,CS50->US26,51687,51687,0
9,CS50->US34,0,0,0
9,CS50->US42,54132,54132,0
9,CS50->US50,51597,51597,0
9,CS50->US58,50191,50191,0
9,CS50->US66,0,0,0
9,CS50->US74,51114,51114,0
9,CS50->US82,57139,57139,0
9,CS50->US90,51315,51315,0
9,CS50->US98,11403,11403,0
9,CS50->US106,10934,10934,0
9,CS50->US114,53772,53772,0
9,CS50->US122,53271,53271,0
9,CS51->US3,51871,51871,0
9,CS51->US11,50325,50325,0
9,CS51->US19,51374,51374,0
9,CS51->US27,51063,51063,0
9,CS51->US35,0,0,0
9,CS51->US43,53928,53928,0
9,CS51->US51,51359,51359,0
9,CS51->US59,50638,50638,0
9,CS51->US67,0,0,0
9,CS51->US75,51004,51004,0
9,CS51->US83,56810,56810,0
9,CS51->US91,51054,51054,0
9,CS51->US99,11551,11551,0
9,CS51->US107,11055,11054,0
9,CS51->US115,53374,53374,0
9,CS51->US123,53506,53506,0
9,CS52->US4,51727,51727,0
9,CS52->US12,50588,50588,0
9,CS52->US20,50530,50530,0
9,CS52->US28,51370,51370,0
9,CS52->US36,0,0,0
9,CS52->US44,54175,54175,0
9,CS52->US52,51655,51655,0
9,CS52->US60,50703,50703,0
9,CS52->US68,0,0,0
9,CS52->US76,51148,51148,0
9,CS52->US84,56737,56737,0
9,CS52->US92,50986,50986,0
9,CS52->US100,11332,11332,0
9,CS52->US108,10957,10957,0
9,CS52->US116,53534,53534,0
9,CS52->US124,53637,53637,0
9,CS53->US5,51976,51976,0
9,CS53->US13,50431,50431,0
9,CS53->US21,50925,50925,0
9,CS53->US29,51157,51157,0
9,CS53->US37,0,0,0
9,CS53->US45,54154,54154,0
9,CS53->US53,51506,51506,0
9,CS53->US61,50557,50557,0
9,CS53->US69,0,0,0
9,CS53->US77,50868,50868,0
9,CS53->US85,56661,56661,0
9,CS53->US93,50566,50566,0
9,CS53->US101,11589,11589,0
9,CS53->US109,11092,11092,0
9,CS53->US117,53554,53554,0
9,CS53->US125,53297,53297,0
9,CS54->US6,51481,51481,0
9,CS54->US14,50361,50361,0
9,CS54->US22,51004,51004,0
9,CS54->US30,51075,51075,0
9,CS54->US38,0,0,0
9,CS54->US46,54119,54119,0
9,CS54->US54,51246,51246,0
9,CS54->US62,50400,50400,0
9,CS54->US70,0,0,0
9,CS54->US78,51056,51056,0
9,CS54->US86,56850,56850,0
9,CS54->US94,50878,50878,0
9,CS54->US102,11465,11465,0
9,CS54->US110,10876,10876,0
9,CS54->US118,53910,53910,0
9,CS54->US126,53401,53401,0
9,CS55->US7,51378,51378,0
9,CS55->US15,50761,50761,0
9,CS55->US23,50745,50745,0
9,CS55->US31,50779,50779,0
9,CS55->US39,0,0,0
9,CS55->US47,54060,54060,0
9,CS55->US55,51055,51055,0
9,CS55->US63,50830,50830,0
9,CS55->US71,0,0,0
9,CS55->US79,50929,50929,0
9,CS55->US87,56878,56878,0
9,CS55->US95,50966,50966,0
9,CS55->US103,11499,11499,0
9,CS55->US111,10936,10936,0
9,CS55->US119,53891,53891,0
9,CS55->US127,53444,53444,0
9,CS56->US0,51601,51601,0
9,CS56->US8,50449,50449,0
9,CS56->US16,50909,50909,0
9,CS56->US24,51377,51377,0
9,CS56->US32,0,0,0
9,CS56->US40,53699,53699,0
9,CS56->US48,51836,51836,0
9,CS56->US56,50670,50670,0
9,CS56->US64,0,0,0
9,CS56->US72,51115,51115,0
9,CS56->US80,56670,56670,0
9,CS56->US88,50577,50577,0
9,CS56->US96,11611,11611,0
9,CS56->US104,11021,11021,0
9,CS56->US112,53526,53526,0
9,CS56->US120,53776,53776,0
9,CS57->US1,51269,51269,0
9,CS57->US9,50541,50541,0
9,CS57->US17,50750,50750,0
9,CS57->US25,51321,51321,0
9,CS57->US33,0,0,0
9,CS57->US41,53620,53620,0
9,CS57->US49,51333,51333,0
9,CS57->US57,50894,50894,0
9,CS57->US65,0,0,0
9,CS57->US73,50925,50925,0
9,CS57->US81,56669,56669,0
9,CS57->US89,51230,51230,0
9,CS57->US97,11480,11478,0
9,CS57->US105,10961,10961,0
9,CS57->US113,53708,53708,0
9,CS57->US121,53686,53686,0
9,CS58->US2,51480,51480,0
9,CS58->US10,50613,50613,0
9,CS58->US18,51336,51336,0
9,CS58->US26,51074,51074,0
9,CS58->US34,0,0,0
9,CS58->US42,54194,54194,0
9,CS58->US50,51873,51873,0
9,CS58->US58,50855,50855,0
9,CS58->US66,0,0,0
9,CS58->US74,51467,51467,0
9,CS58->US82,56566,56566,0
9,CS58->US90,50921,50921,0
9,CS58->US98,11493,11492,0
9,CS58->US106,11097,11096,0
9,CS58->US114,53425,53425,0
9,CS58->US122,53844,53844,0
9,CS59->US3,51198,51198,0
9,CS59->US11,50385,50385,0
9,CS59->US19,50746,50746,0
9,CS59->US27,51230,51230,0
9,CS59->US35,0,0,0
9,CS59->US43,54136,54136,0
9,CS59->US51,51260,51260,0
9,CS59->US59,51074,51074,0
9,CS59->US67,0,0,0
9,CS59->US75,51109,51109,0
9,CS59->US83,56906,56906,0
9,CS59->US91,50787,50787,0
9,CS59->US99,11572,11572,0
9,CS59->US107,11104,11104,0
9,CS59->US115,53337,53337,0
9,CS59->US123,53522,53522,0
9,CS60->US4,51221,51221,0
9,CS60->US12,50618,50618,0
9,CS60->US20,50707,50707,0
9,CS60->US28,51190,51190,0
9,CS60->US36,0,0,0
9,CS60->US44,53959,53959,0
9,CS60->US52,51322,51322,0
9,CS60->US60,50917,50917,0
9,CS60->US68,0,0,0
9,CS60->US76,50858,50858,0
9,CS60->US84,56008,56008,0
9,CS60->US92,51291,51291,0
9,CS60->US100,11508,11508,0
9,CS60->US108,10950,10950,0
9,CS60->US116,53427,53427,0
9,CS60->US124,53233,53233,0
9,CS61->US5,51683,51683,0
9,CS61->US13,50661,50661,0
9,CS61->US21,50966,50966,0
9,CS61->US29,50508,50508,0
9,CS61->US37,0,0,0
9,CS61->US45,53611,53611,0
9,CS61->US53,51845,51845,0
9,CS61->US61,50806,50806,0
9,CS61->US69,0,0,0
9,CS61->US77,51356,51356,0
9,CS61->US85,56285,56285,0
9,CS61->US93,50737,50737,0
9,CS61->US101,11429,11429,0
9,CS61->US109,11047,11047,0
9,CS61->US117,53317,53317,0
9,CS61->US125,53484,53484,0
9,CS62->US6,51205,51205,0
9,CS62->US14,50620,50620,0
9,CS62->US22,51363,51363,0
9,CS62->US30,51314,51314,0
9,CS62->US38,0,0,0
9,CS62->US46,53790,53790,0
9,CS62->US54,51368,51368,0
9,CS62->US62,50581,50581,0
9,CS62->US70,0,0,0
9,CS62->US78,51019,51019,0
9,CS62->US86,56874,56874,0
9,CS62->US94,50963,50963,0
9,CS62->US102,11540,11540,0
9,CS62->US110,10840,10839,0
9,CS62->US118,53706,53706,0
9,CS62->US126,53529,53529,0
9,CS63->US7,51989,51989,0
9,CS63->US15,50636,50636,0
9,CS63->US23,51121,51121,0
9,CS63->US31,50820,50820,0
9,CS63->US39,0,0,0
9,CS63->US47,54084,54084,0
9,CS63->US55,51629,51629,0
9,CS63->US63,50918,50918,0
9,CS63->US71,0,0,0
9,CS63->US79,50781,50781,0
9,CS63->US87,57003,57003,0
9,CS63->US95,51046,51046,0
9,CS63->US103,11559,11558,0
9,CS63->US111,10935,10935,0
9,CS63->US119,53675,53675,0
9,CS63->US127,53669,53669,0
10,US0->CS0,51939,51939,0
10,US0->CS8,51748,51748,0
10,US0->CS16,51672,51672,0
10,US0->CS24,51987,51987,0
10,US0->CS32,52080,52080,0
10,US0->CS40,51724,51724,0
10,US0->CS48,51692,51692,0
10,US0->CS56,52091,52091,0
10,US1->CS1,51803,51803,0
10,US1->CS9,51969,51969,0
10,US1->CS17,51709,51709,0
10,US1->CS25,51502,51502,0
10,US1->CS33,51672,51672,0
10,US1->CS41,51316,51316,0
10,US1->CS49,51603,51603,0
10,US1->CS57,51612,51612,0
10,US2->CS2,51475,51475,0
10,US2->CS10,51478,51478,0
10,US2->CS18,51338,51338,0
10,US2->CS26,52013,52013,0
10,US2->CS34,52200,52200,0
10,US2->CS42,51661,51661,0
10,US2->CS50,51874,51874,0
10,US2->CS58,52141,52141,0
10,US3->CS3,51538,51538,0
10,US3->CS11,51935,51935,0
10,US3->CS19,51580,51580,0
10,US3->CS27,51947,51947,0
10,US3->CS35,51951,51951,0
10,US3->CS43,51638,51638,0
10,US3->CS51,51678,51678,0
10,US3->CS59,51552,51552,0
10,US4->CS4,51429,51429,0
10,US4->CS12,52036,52036,0
10,US4->CS20,51571,51571,0
10,US4->CS28,51465,51465,0
10,US4->CS36,51959,51959,0
10,US4->CS44,51743,51743,0
10,US4->CS52,51932,51932,0
10,US4->CS60,51629,51629,0
10,US5->CS5,51842,51842,0
10,US5->CS13,52103,52103,0
10,US5->CS21,51730,51730,0
10,US5->CS29,51904,51904,0
10,US5->CS37,51564,51564,0
10,US5->CS45,51879,51879,0
10,US5->CS53,51744,51744,0
10,US5->CS61,52145,52145,0
10,US6->CS6,51877,51877,0
10,US6->CS14,52060,52060,0
10,US6->CS22,51636,51636,0
10,US6->CS30,51697,51697,0
10,US6->CS38,51652,51652,0
10,US6->CS46,51718,51718,0
10,US6->CS54,51508,51508,0
10,US6->CS62,51642,51642,0
10,US7->CS7,52005,52005,0
10,US7->CS15,51763,51763,0
10,US7->CS23,51697,51697,0
10,US7->CS31,51642,51642,0
10,US7->CS39,51628,51628,0
10,US7->CS47,52129,52129,0
10,US7->CS55,51348,51348,0
10,US7->CS63,51916,51916,0
10,US8->CS0,56518,56518,0
10,US8->CS8,56615,56615,0
10,US8->CS16,57069,57069,0
10,US8->CS24,56427,56427,0
10,US8->CS32,56922,56922,0
10,US8->CS40,56686,56686,0
10,US8->CS48,56880,56880,0
10,US8->CS56,56640,56640,0
10,US9->CS1,56186,56186,0
10,US9->CS9,56523,56523,0
10,US9->CS17,56742,56742,0
10,US9->CS25,56601,56601,0
10,US9->CS33,55979,55979,0
10,US9->CS41,56918,56918,0
10,US9->CS49,56497,56497,0
10,US9->CS57,56614,56614,0
10,US10->CS2,56699,56699,0
10,US10->CS10,56826,56826,0
10,US10->CS18,56790,56790,0
10,US10->CS26,56520,56520,0
10,US10->CS34,56922,56922,0
10,US10->CS42,56934,56934,0
10,US10->CS50,57084,57084,0
10,US10->CS58,56504,56504,0
10,US11->CS3,56714,56714,0
10,US11->CS11,56680,56680,0
10,US11->CS19,56612,56612,0
10,US11->CS27,56788,56788,0
10,US11->CS35,56511,56511,0
10,US11->CS43,56638,56638,0
10,US11->CS51,56775,56775,0
10,US11->CS59,56817,56817,0
10,US12->CS4,57016,57016,0
10,US12->CS12,56853,56853,0
10,US12->CS20,56484,56484,0
10,US12->CS28,56535,56535,0
10,US12->CS36,56868,56868,0
10,US12->CS44,56946,56946,0
10,US12->CS52,56734,56734,0
10,US12->CS60,55920,55920,0
10,US13->CS5,56636,56636,0
10,US13->CS13,56416,56416,0
10,US13->CS21,56231,56231,0
10,US13->CS29,56594,56594,0
10,US13->CS37,56996,56996,0
10,US13->CS45,57157,57157,0
10,US13->CS53,56642,56642,0
10,US13->CS61,56239,56239,0
10,US14->CS6,56475,56475,0
10,US14->CS14,56733,56733,0
10,US14->CS22,56998,56998,0
10,US14->CS30,56844,56844,0
10,US14->CS38,57136,57136,0
10,US14->CS46,57285,57285,0
10,US14->CS54,56813,56813,0
10,US14->CS62,56811,56811,0
10,US15->CS7,56686,56686,0
10,US15->CS15,56830,56830,0
10,US15->CS23,56961,56961,0
10,US15->CS31,56805,56805,0
10,US15->CS39,56586,56586,0
10,US15->CS47,56570,56570,0
10,US15->CS55,56799,56799,0
10,US15->CS63,56886,56886,0
10,US16->CS0,53480,53480,0
10,US16->CS8,53473,53473,0
10,US16->CS16,53614,53614,0
10,US16->CS24,53577,53577,0
10,US16->CS32,53512,53512,0
10,US16->CS40,53281,53281,0
10,US16->CS48,53773,53773,0
10,US16->CS56,53806,53806,0
10,US17->CS1,53649,53649,0
10,US17->CS9,53432,53432,0
10,US17->CS17,53557,53557,0
10,US17->CS25,54107,54107,0
10,US17->CS33,53673,53673,0
10,US17->CS41,53689,53689,0
10,US17->CS49,53501,53501,0
10,US17->CS57,53819,53819,0
10,US18->CS2,53615,53615,0
10,US18->CS10,53393,53393,0
10,US18->CS18,53583,53583,0
10,US18->CS26,53329,53329,0
10,US18->CS34,53722,53722,0
10,US18->CS42,53834,53834,0
10,US18->CS50,53325,53325,0
10,US18->CS58,53922,53922,0
10,US19->CS3,53497,53497,0
10,US19->CS11,53278,53278,0
10,US19->CS19,53877,53877,0
10,US19->CS27,53577,53577,0
10,US19->CS35,54064,54064,0
10,US19->CS43,53765,53765,0
10,US19->CS51,53601,53601,0
10,US19->CS59,53650,53650,0
10,US20->CS4,54160,54160,0
10,US20->CS12,53362,53362,0
10,US20->CS20,53968,53968,0
10,US20->CS28,53881,53881,0
10,US20->CS36,53376,53376,0
10,US20->CS44,53594,53594,0
10,US20->CS52,53687,53687,0
10,US20->CS60,53264,53264,0
10,US21->CS5,54261,54261,0
10,US21->CS13,53549,53549,0
10,US21->CS21,53832,53832,0
10,US21->CS29,53315,53315,0
10,US21->CS37,53457,53457,0
10,US21->CS45,53728,53728,0
10,US21->CS53,53389,53389,0
10,US21->CS61,53577,53577,0
10,US22->CS6,53558,53558,0
10,US22->CS14,53905,53905,0
10,US22->CS22,53699,53699,0
10,US22->CS30,53422,53422,0
10,US22->CS38,53518,53518,0
10,US22->CS46,53798,53798,0
10,US22->CS54,53514,53514,0
10,US22->CS62,53634,53634,0
10,US23->CS7,53809,53809,0
10,US23->CS15,53790,53790,0
10,US23->CS23,53753,53753,0
10,US23->CS31,53752,53752,0
10,US23->CS39,54144,54144,0
10,US23->CS47,53727,53727,0
10,US23->CS55,53548,53548,0
10,US23->CS63,53732,53732,0
10,US24->CS0,50306,50306,0
10,US24->CS8,50861,50861,0
10,US24->CS16,50993,50993,0
10,US24->CS24,51178,51178,0
10,US24->CS32,50506,50506,0
10,US24->CS40,50341,50341,0
10,US24->CS48,50491,50491,0
10,US24->CS56,50547,50547,0
10,US25->CS1,50889,50889,0
10,US25->CS9,50128,50128,0
10,US25->CS17,50855,50855,0
10,US25->CS25,50537,50537,0
10,US25->CS33,50349,50349,0
10,US25->CS41,50360,50360,0
10,US25->CS49,50551,50551,0
10,US25->CS57,50739,50739,0
10,US26->CS2,50232,50232,0
10,US26->CS10,50534,50534,0
10,US26->CS18,50701,50701,0
10,US26->CS26,50670,50670,0
10,US26->CS34,50628,50628,0
10,US26->CS42,50756,50756,0
10,US26->CS50,50110,50110,0
10,US26->CS58,50731,50731,0
10,US27->CS3,50539,50539,0
10,US27->CS11,50827,50827,0
10,US27->CS19,51052,51052,0
10,US27->CS27,50649,50649,0
10,US27->CS35,50924,50924,0
10,US27->CS43,50933,50933,0
10,US27->CS51,50522,50522,0
10,US27->CS59,51007,51007,0
10,US28->CS4,50309,50309,0
10,US28->CS12,50426,50426,0
10,US28->CS20,50791,50791,0
10,US28->CS28,50894,50894,0
10,US28->CS36,50418,50418,0
10,US28->CS44,50813,50813,0
10,US28->CS52,50534,50534,0
10,US28->CS60,50819,50819,0
10,US29->CS5,50450,50450,0
10,US29->CS13,50720,50720,0
10,US29->CS21,50691,50691,0
10,US29->CS29,50360,50360,0
10,US29->CS37,50626,50626,0
10,US29->CS45,50528,50528,0
10,US29->CS53,50444,50444,0
10,US29->CS61,50690,50690,0
10,US30->CS6,51196,51196,0
10,US30->CS14,50728,50728,0
10,US30->CS22,50415,50415,0
10,US30->CS30,50882,50882,0
10,US30->CS38,50466,50466,0
10,US30->CS46,50904,50904,0
10,US30->CS54,50238,50238,0
10,US30->CS62,50524,50524,0
10,US31->CS7,50872,50872,0
10,US31->CS15,50634,50634,0
10,US31->CS23,50805,50805,0
10,US31->CS31,50718,50718,0
10,US31->CS39,50557,50557,0
10,US31->CS47,50678,50678,0
10,US31->CS55,50725,50725,0
10,US31->CS63,50803,50803,0
10,US32->CS0,0,0,0
10,US32->CS8,0,0,0
10,US32->CS16,0,0,0
10,US32->CS24,0,0,0
10,US32->CS32,0,0,0
10,US32->CS40,0,0,0
10,US32->CS48,0,0,0
10,US32->CS56,0,0,0
10,US33->CS1,0,0,0
10,US33->CS9,0,0,0
10,US33->CS17,0,0,0
10,US33->CS25,0,0,0
10,US33->CS33,0,0,0
10,US33->CS41,0,0,0
10,US33->CS49,0,0,0
10,US33->CS57,0,0,0
10,US34->CS2,0,0,0
10,US34->CS10,0,0,0
10,US34->CS18,0,0,0
10,US34->CS26,0,0,0
10,US34->CS34,0,0,0
10,US34->CS42,0,0,0
10,US34->CS50,0,0,0
10,US34->CS58,0,0,0
10,US35->CS3,0,0,0
10,US35->CS11,0,0,0
10,US35->CS19,0,0,0
10,US35->CS27,0,0,0
10,US35->CS35,0,0,0
10,US35->CS43,0,0,0
10,US35->CS51,0,0,0
10,US35->CS59,0,0,0
10,US36->CS4,0,0,0
10,US36->CS12,0,0,0
10,US36->CS20,0,0,0
10,US36->CS28,0,0,0
10,US36->CS36,0,0,0
10,US36->CS44,0,0,0
10,US36->CS52,0,0,0
10,US36->CS60,0,0,0
10,US37->CS5,0,0,0
10,US37->CS13,0,0,0
10,US37->CS21,0,0,0
10,US37->CS29,0,0,0
10,US37->CS37,0,0,0
10,US37->CS45,0,0,0
10,US37->CS53,0,0,0
10,US37->CS61,0,0,0
10,US38->CS6,0,0,0
10,US38->CS14,0,0,0
10,US38->CS22,0,0,0
10,US38->CS30,0,0,0
10,US38->CS38,0,0,0
10,US38->CS46,0,0,0
10,US38->CS54,0,0,0
10,US38->CS62,0,0,0
10,US39->CS7,0,0,0
10,US39->CS15,0,0,0
10,US39->CS23,0,0,0
10,US39->CS31,0,0,0
10,US39->CS39,0,0,0
10,US39->CS47,0,0,0
10,US39->CS55,0,0,0
10,US39->CS63,0,0,0
10,US40->CS0,53368,53368,0
10,US40->CS8,53581,53581,0
10,US40->CS16,53231,53231,0
10,US40->CS24,53732,53732,0
10,US40->CS32,53408,53408,0
10,US40->CS40,53744,53744,0
10,US40->CS48,53442,53442,0
10,US40->CS56,53547,53547,0
10,US41->CS1,53539,53539,0
10,US41->CS9,54007,54007,0
10,US41->CS17,53269,53269,0
10,US41->CS25,53396,53396,0
10,US41->CS33,53458,53458,0
10,US41->CS41,53490,53490,0
10,US41->CS49,52609,52609,0
10,US41->CS57,53694,53694,0
10,US42->CS2,53304,53304,0
10,US42->CS10,53238,53238,0
10,US42->CS18,53174,53174,0
10,US42->CS26,53364,53364,0
10,US42->CS34,53421,53421,0
10,US42->CS42,53557,53557,0
10,US42->CS50,53757,53757,0
10,US42->CS58,53423,53423,0
10,US43->CS3,53377,53377,0
10,US43->CS11,53552,53552,0
10,US43->CS19,53403,53403,0
10,US43->CS27,53296,53296,0
10,US43->CS35,53349,53349,0
10,US43->CS43,53369,53369,0
10,US43->CS51,53293,53293,0
10,US43->CS59,53293,53293,0
10,US44->CS4,53427,53427,0
10,US44->CS12,53159,53159,0
10,US44->CS20,53589,53589,0
10,US44->CS28,53747,53747,0
10,US44->CS36,53097,53097,0
10,US44->CS44,53480,53480,0
10,US44->CS52,53501,53501,0
10,US44->CS60,53329,53329,0
10,US45->CS5,53584,53584,0
10,US45->CS13,53168,53168,0
10,US45->CS21,53674,53674,0
10,US45->CS29,53235,53235,0
10,US45->CS37,53079,53079,0
10,US45->CS45,53525,53525,0
10,US45->CS53,53536,53536,0
10,US45->CS61,53275,53275,0
10,US46->CS6,53480,53480,0
10,US46->CS14,53512,53512,0
10,US46->CS22,53518,53518,0
10,US46->CS30,53579,53579,0
10,US46->CS38,53244,53244,0
10,US46->CS46,53672,53672,0
10,US46->CS54,53849,53849,0
10,US46->CS62,53728,53728,0
10,US47->CS7,53341,53341,0
10,US47->CS15,53357,53357,0
10,US47->CS23,53546,53546,0
10,US47->CS31,53906,53906,0
10,US47->CS39,53552,53552,0
10,US47->CS47,53461,53461,0
10,US47->CS55,53852,53852,0
10,US47->CS63,53618,53618,0
10,US48->CS0,51566,51566,0
10,US48->CS8,51516,51516,0
10,US48->CS16,51314,51314,0
10,US48->CS24,51972,51972,0
10,US48->CS32,51785,51785,0
10,US48->CS40,51811,51811,0
10,US48->CS48,51791,51791,0
10,US48->CS56,51851,51851,0
10,US49->CS1,51543,51543,0
10,US49->CS9,52100,52100,0
10,US49->CS17,51889,51889,0
10,US49->CS25,51585,51585,0
10,US49->CS33,51895,51895,0
10,US49->CS41,51962,51962,0
10,US49->CS49,51836,51836,0
10,US49->CS57,51584,51584,0
10,US50->CS2,51792,51792,0
10,US50->CS10,51352,51352,0
10,US50->CS18,51531,51531,0
10,US50->CS26,51852,51852,0
10,US50->CS34,51893,51893,0
10,US50->CS42,51546,51546,0
10,US50->CS50,52011,52011,0
10,US50->CS58,51772,51772,0
10,US51->CS3,51635,51635,0
10,US51->CS11,51633,51633,0
10,US51->CS19,51401,51401,0
10,US51->CS27,51901,51901,0
10,US51->CS35,51859,51859,0
10,US51->CS43,51434,51434,0
10,US51->CS51,52168,52168,0
10,US51->CS59,51446,51446,0
10,US52->CS4,52011,52011,0
10,US52->CS12,52180,52180,0
10,US52->CS20,51611,51611,0
10,US52->CS28,51782,51782,0
10,US52->CS36,51958,51958,0
10,US52->CS44,51451,51451,0
10,US52->CS52,51980,51980,0
10,US52->CS60,51495,51495,0
10,US53->CS5,51666,51666,0
10,US53->CS13,51907,51907,0
10,US53->CS21,51727,51727,0
10,US53->CS29,51527,51527,0
10,US53->CS37,52053,52053,0
10,US53->CS45,51502,51502,0
10,US53->CS53,52229,52229,0
10,US53->CS61,51947,51947,0
10,US54->CS6,52045,52045,0
10,US54->CS14,51808,51808,0
10,US54->CS22,51903,51903,0
10,US54->CS30,51681,51681,0
10,US54->CS38,51633,51633,0
10,US54->CS46,51583,51583,0
10,US54->CS54,51753,51753,0
10,US54->CS62,51471,51471,0
10,US55->CS7,51822,51822,0
10,US55->CS15,52215,52215,0
10,US55->CS23,51839,51839,0
10,US55->CS31,51425,51425,0
10,US55->CS39,51677,51677,0
10,US55->CS47,51553,51553,0
10,US55->CS55,51644,51644,0
10,US55->CS63,52292,52292,0
10,US56->CS0,51380,51380,0
10,US56->CS8,50793,50793,0
10,US56->CS16,50989,50989,0
10,US56->CS24,51410,51410,0
10,US56->CS32,51051,51051,0
10,US56->CS40,50946,50946,0
10,US56->CS48,51111,51111,0
10,US56->CS56,51299,51299,0
10,US57->CS1,50970,50970,0
10,US57->CS9,51609,51609,0
10,US57->CS17,50980,50980,0
10,US57->CS25,50903,50903,0
10,US57->CS33,51128,51128,0
10,US57->CS41,51135,51135,0
10,US57->CS49,51073,51073,0
10,US57->CS57,51180,51180,0
10,US58->CS2,51195,51195,0
10,US58->CS10,51108,51108,0
10,US58->CS18,51004,51004,0
10,US58->CS26,51079,51079,0
10,US58->CS34,51197,51197,0
10,US58->CS42,50733,50733,0
10,US58->CS50,51576,51576,0
10,US58->CS58,50996,50996,0
10,US59->CS3,51200,51200,0
10,US59->CS11,51185,51185,0
10,US59->CS19,50969,50969,0
10,US59->CS27,51027,51027,0
10,US59->CS35,51232,51232,0
10,US59->CS43,50725,50725,0
10,US59->CS51,50916,50916,0
10,US59->CS59,51136,51136,0
10,US60->CS4,51056,51056,0
10,US60->CS12,50891,50891,0
10,US60->CS20,51088,51088,0
10,US60->CS28,51207,51207,0
10,US60->CS36,51124,51124,0
10,US60->CS44,51263,51263,0
10,US60->CS52,51277,51277,0
10,US60->CS60,51125,51125,0
10,US61->CS5,50995,50995,0
10,US61->CS13,51098,51098,0
10,US61->CS21,51541,51541,0
10,US61->CS29,50891,50891,0
10,US61->CS37,51253,51253,0
10,US61->CS45,51101,51101,0
10,US61->CS53,51039,51039,0
10,US61->CS61,50347,50347,0
10,US62->CS6,51193,51193,0
10,US62->CS14,51061,51061,0
10,US62->CS22,51245,51245,0
10,US62->CS30,50904,50904,0
10,US62->CS38,50841,50841,0
10,US62->CS46,50862,50862,0
10,US62->CS54,51006,51006,0
10,US62->CS62,51189,51189,0
10,US63->CS7,51085,51085,0
10,US63->CS15,50935,50935,0
10,US63->CS23,51053,51053,0
10,US63->CS31,51188,51188,0
10,US63->CS39,51357,51357,0
10,US63->CS47,51464,51464,0
10,US63->CS55,50723,50723,0
10,US63->CS63,50736,50736,0
10,US64->CS0,0,0,0
10,US64->CS8,0,0,0
10,US64->CS16,0,0,0
10,US64->CS24,0,0,0
10,US64->CS32,0,0,0
10,US64->CS40,0,0,0
10,US64->CS48,0,0,0
10,US64->CS56,0,0,0
10,US65->CS1,0,0,0
10,US65->CS9,0,0,0
10,US65->CS17,0,0,0
10,US65->CS25,0,0,0
10,US65->CS33,0,0,0
10,US65->CS41,0,0,0
10,US65->CS49,0,0,0
10,US65->CS57,0,0,0
10,US66->CS2,0,0,0
10,US66->CS10,0,0,0
10,US66->CS18,0,0,0
10,US66->CS26,0,0,0
10,US66->CS34,0,0,0
10,US66->CS42,0,0,0
10,US66->CS50,0,0,0
10,US66->CS58,0,0,0
10,US67->CS3,0,0,0
10,US67->CS11,0,0,0
10,US67->CS19,0,0,0
10,US67->CS27,0,0,0
10,US67->CS35,0,0,0
10,US67->CS43,0,0,0
10,US67->CS51,0,0,0
10,US67->CS59,0,0,0
10,US68->CS4,0,0,0
10,US68->CS12,0,0,0
10,US68->CS20,0,0,0
10,US68->CS28,0,0,0
10,US68->CS36,0,0,0
10,US68->CS44,0,0,0
10,US68->CS52,0,0,0
10,US68->CS60,0,0,0
10,US69->CS5,0,0,0
10,US69->CS13,0,0,0
10,US69->CS21,0,0,0
10,US69->CS29,0,0,0
10,US69->CS37,0,0,0
10,US69->CS45,0,0,0
10,US69->CS53,0,0,0
10,US69->CS61,0,0,0
10,US70->CS6,0,0,0
10,US70->CS14,0,0,0
10,US70->CS22,0,0,0
10,US70->CS30,0,0,0
10,US70->CS38,0,0,0
10,US70->CS46,0,0,0
10,US70->CS54,0,0,0
10,US70->CS62,0,0,0
10,US71->CS7,0,0,0
10,US71->CS15,0,0,0
10,US71->CS23,0,0,0
10,US71->CS31,0,0,0
10,US71->CS39,0,0,0
10,US71->CS47,0,0,0
10,US71->CS55,0,0,0
10,US71->CS63,0,0,0
10,US72->CS0,51131,51131,0
10,US72->CS8,51304,51304,0
10,US72->CS16,50702,50702,0
10,US72->CS24,51162,51162,0
10,US72->CS32,51214,51214,0
10,US72->CS40,50827,50827,0
10,US72->CS48,51045,51045,0
10,US72->CS56,50606,50606,0
10,US73->CS1,51000,51000,0
10,US73->CS9,50962,50962,0
10,US73->CS17,51164,51164,0
10,US73->CS25,51126,51126,0
10,US73->CS33,50828,50828,0
10,US73->CS41,51319,51319,0
10,US73->CS49,51134,51134,0
10,US73->CS57,51165,51165,0
10,US74->CS2,50725,50725,0
10,US74->CS10,50992,50992,0
10,US74->CS18,51202,51202,0
10,US74->CS26,50878,50878,0
10,US74->CS34,51055,51055,0
10,US74->CS42,51004,51004,0
10,US74->CS50,51246,51246,0
10,US74->CS58,50887,50887,0
10,US75->CS3,50801,50801,0
10,US75->CS11,51116,51116,0
10,US75->CS19,51183,51183,0
10,US75->CS27,50632,50632,0
10,US75->CS35,50951,50951,0
10,US75->CS43,50922,50922,0
10,US75->CS51,50979,50979,0
10,US75->CS59,50686,50686,0
10,US76->CS4,50916,50916,0
10,US76->CS12,51091,51091,0
10,US76->CS20,50833,50833,0
10,US76->CS28,51054,51054,0
10,US76->CS36,50986,50986,0
10,US76->CS44,50779,50779,0
10,US76->CS52,50922,50922,0
10,US76->CS60,51219,51219,0
10,US77->CS5,51316,51316,0
10,US77->CS13,50632,50632,0
10,US77->CS21,50559,50559,0
10,US77->CS29,50527,50527,0
10,US77->CS37,50882,50882,0
10,US77->CS45,50962,50962,0
10,US77->CS53,50488,50488,0
10,US77->CS61,50677,50677,0
10,US78->CS6,51060,51060,0
10,US78->CS14,50531,50531,0
10,US78->CS22,51054,51054,0
10,US78->CS30,51022,51022,0
10,US78->CS38,50705,50705,0
10,US78->CS46,50984,50984,0
10,US78->CS54,50829,50829,0
10,US78->CS62,50882,50882,0
10,US79->CS7,51133,51133,0
10,US79->CS15,51231,51231,0
10,US79->CS23,50866,50866,0
10,US79->CS31,50828,50828,0
10,US79->CS39,50851,50851,0
10,US79->CS47,50735,50735,0
10,US79->CS55,50915,50915,0
10,US79->CS63,50985,50985,0
10,US80->CS0,50184,50184,0
10,US80->CS8,50326,50326,0
10,US80->CS16,50375,50375,0
10,US80->CS24,50272,50272,0
10,US80->CS32,50743,50743,0
10,US80->CS40,50024,50024,0
10,US80->CS48,50520,50520,0
10,US80->CS56,50331,50331,0
10,US81->CS1,50042,50042,0
10,US81->CS9,50552,50552,0
10,US81->CS17,50475,50475,0
10,US81->CS25,50212,50212,0
10,US81->CS33,50898,50898,0
10,US81->CS41,50448,50448,0
10,US81->CS49,50413,50413,0
10,US81->CS57,50392,50392,0
10,US82->CS2,50473,50473,0
10,US82->CS10,50277,50277,0
10,US82->CS18,50668,50668,0
10,US82->CS26,50110,50110,0
10,US82->CS34,50187,50187,0
10,US82->CS42,50401,50401,0
10,US82->CS50,49861,49861,0
10,US82->CS58,50503,50503,0
10,US83->CS3,50404,50404,0
10,US83->CS11,50227,50227,0
10,US83->CS19,50128,50128,0
10,US83->CS27,50402,50402,0
10,US83->CS35,50661,50661,0
10,US83->CS43,50750,50750,0
10,US83->CS51,50253,50253,0
10,US83->CS59,50239,50239,0
10,US84->CS4,50773,50773,0
10,US84->CS12,50640,50640,0
10,US84->CS20,50348,50348,0
10,US84->CS28,50343,50343,0
10,US84->CS36,50616,50616,0
10,US84->CS44,50735,50735,0
10,US84->CS52,50546,50546,0
10,US84->CS60,50535,50535,0
10,US85->CS5,50725,50725,0
10,US85->CS13,50445,50445,0
10,US85->CS21,50637,50637,0
10,US85->CS29,50934,50934,0
10,US85->CS37,50090,50090,0
10,US85->CS45,50435,50435,0
10,US85->CS53,50295,50295,0
10,US85->CS61,50571,50571,0
10,US86->CS6,50646,50646,0
10,US86->CS14,50377,50377,0
10,US86->CS22,50594,50594,0
10,US86->CS30,50420,50420,0
10,US86->CS38,50521,50521,0
10,US86->CS46,50113,50113,0
10,US86->CS54,50261,50261,0
10,US86->CS62,50485,50485,0
10,US87->CS7,50056,50056,0
10,US87->CS15,50290,50290,0
10,US87->CS23,50472,50472,0
10,US87->CS31,50216,50216,0
10,US87->CS39,50322,50322,0
10,US87->CS47,50685,50685,0
10,US87->CS55,50677,50677,0
10,US87->CS63,50551,50551,0
10,US88->CS0,50840,50840,0
10,US88->CS8,50816,50816,0
10,US88->CS16,51255,51255,0
10,US88->CS24,51424,51424,0
10,US88->CS32,50937,50937,0
10,US88->CS40,50829,50829,0
10,US88->CS48,50751,50751,0
10,US88->CS56,51082,51082,0
10,US89->CS1,51001,51001,0
10,US89->CS9,50996,50996,0
10,US89->CS17,51064,51064,0
10,US89->CS25,51059,51059,0
10,US89->CS33,51183,51183,0
10,US89->CS41,51206,51206,0
10,US89->CS49,51256,51256,0
10,US89->CS57,50903,50903,0
10,US90->CS2,51062,51062,0
10,US90->CS10,51129,51129,0
10,US90->CS18,51059,51059,0
10,US90->CS26,50442,50442,0
10,US90->CS34,50883,50883,0
10,US90->CS42,50734,50734,0
10,US90->CS50,51125,51125,0
10,US90->CS58,51477,51477,0
10,US91->CS3,50983,50983,0
10,US91->CS11,51068,51068,0
10,US91->CS19,50861,50861,0
10,US91->CS27,50800,50800,0
10,US91->CS35,50991,50991,0
10,US91->CS43,50908,50908,0
10,US91->CS51,51012,51012,0
10,US91->CS59,51134,51134,0
10,US92->CS4,50634,50634,0
10,US92->CS12,51412,51412,0
10,US92->CS20,51224,51224,0
10,US92->CS28,51002,51002,0
10,US92->CS36,50829,50829,0
10,US92->CS44,51005,51005,0
10,US92->CS52,51151,51151,0
10,US92->CS60,50898,50898,0
10,US93->CS5,51248,51248,0
10,US93->CS13,50893,50893,0
10,US93->CS21,51310,51310,0
10,US93->CS29,50952,50952,0
10,US93->CS37,51010,51010,0
10,US93->CS45,50772,50772,0
10,US93->CS53,50906,50906,0
10,US93->CS61,51356,51356,0
10,US94->CS6,51261,51261,0
10,US94->CS14,50859,50859,0
10,US94->CS22,51224,51224,0
10,US94->CS30,50913,50913,0
10,US94->CS38,51256,51256,0
10,US94->CS46,50952,50952,0
10,US94->CS54,51130,51130,0
10,US94->CS62,50969,50969,0
10,US95->CS7,51055,51055,0
10,US95->CS15,50994,50994,0
10,US95->CS23,50996,50996,0
10,US95->CS31,51090,51090,0
10,US95->CS39,51102,51102,0
10,US95->CS47,50919,50919,0
10,US95->CS55,50955,50955,0
10,US95->CS63,50811,50811,0
10,US96->CS0,50322,50322,0
10,US96->CS8,50534,50534,0
10,US96->CS16,50069,50069,0
10,US96->CS24,50262,50262,0
10,US96->CS32,50352,50352,0
10,US96->CS40,50539,50539,0
10,US96->CS48,50523,50523,0
10,US96->CS56,50267,50267,0
10,US97->CS1,51085,51085,0
10,US97->CS9,50528,50528,0
10,US97->CS17,50437,50437,0
10,US97->CS25,50293,50293,0
10,US97->CS33,50327,50327,0
10,US97->CS41,50322,50322,0
10,US97->CS49,50453,50453,0
10,US97->CS57,50380,50380,0
10,US98->CS2,50659,50659,0
10,US98->CS10,50308,50308,0
10,US98->CS18,50368,50368,0
10,US98->CS26,50485,50485,0
10,US98->CS34,50518,50518,0
10,US98->CS42,50461,50461,0
10,US98->CS50,50523,50523,0
10,US98->CS58,50339,50339,0
10,US99->CS3,50310,50310,0
10,US99->CS11,50623,50623,0
10,US99->CS19,50538,50538,0
10,US99->CS27,50642,50642,0
10,US99->CS35,50526,50526,0
10,US99->CS43,49952,49952,0
10,US99->CS51,50690,50690,0
10,US99->CS59,50593,50593,0
10,US100->CS4,50185,50185,0
10,US100->CS12,50228,50228,0
10,US100->CS20,50567,50567,0
10,US100->CS28,50965,50965,0
10,US100->CS36,50555,50555,0
10,US100->CS44,50357,50357,0
10,US100->CS52,50120,50120,0
10,US100->CS60,50695,50695,0
10,US101->CS5,50477,50477,0
10,US101->CS13,50714,50714,0
10,US101->CS21,50520,50520,0
10,US101->CS29,50491,50491,0
10,US101->CS37,50536,50536,0
10,US101->CS45,50483,50483,0
10,US101->CS53,50244,50244,0
10,US101->CS61,50655,50655,0
10,US102->CS6,50719,50719,0
10,US102->CS14,50600,50600,0
10,US102->CS22,50417,50417,0
10,US102->CS30,50933,50933,0
10,US102->CS38,50827,50827,0
10,US102->CS46,50316,50316,0
10,US102->CS54,50421,50421,0
10,US102->CS62,50230,50230,0
10,US103->CS7,50360,50360,0
10,US103->CS15,50676,50676,0
10,US103->CS23,50479,50479,0
10,US103->CS31,50065,50065,0
10,US103->CS39,50604,50604,0
10,US103->CS47,50372,50372,0
10,US103->CS55,50122,50122,0
10,US103->CS63,50569,50569,0
10,US104->CS0,50277,50277,0
10,US104->CS8,50576,50576,0
10,US104->CS16,50590,50590,0
10,US104->CS24,50769,50769,0
10,US104->CS32,50360,50360,0
10,US104->CS40,50498,50498,0
10,US104->CS48,50185,50185,0
10,US104->CS56,50661,50661,0
10,US105->CS1,50606,50606,0
10,US105->CS9,50452,50452,0
10,US105->CS17,49876,49876,0
10,US105->CS25,50139,50139,0
10,US105->CS33,50224,50224,0
10,US105->CS41,50738,50738,0
10,US105->CS49,50637,50637,0
10,US105->CS57,50313,50313,0
10,US106->CS2,50404,50404,0
10,US106->CS10,50386,50386,0
10,US106->CS18,50387,50387,0
10,US106->CS26,50233,50233,0
10,US106->CS34,50506,50506,0
10,US106->CS42,50176,50176,0
10,US106->CS50,50063,50063,0
10,US106->CS58,50106,50106,0
10,US107->CS3,50590,50590,0
10,US107->CS11,50408,50408,0
10,US107->CS19,50455,50455,0
10,US107->CS27,50429,50429,0
10,US107->CS35,50106,50106,0
10,US107->CS43,50579,50579,0
10,US107->CS51,50304,50304,0
10,US107->CS59,50450,50450,0
10,US108->CS4,49952,49952,0
10,US108->CS12,50644,50644,0
10,US108->CS20,50377,50377,0
10,US108->CS28,50493,50493,0
10,US108->CS36,50332,50332,0
10,US108->CS44,50486,50486,0
10,US108->CS52,50087,50087,0
10,US108->CS60,50104,50104,0
10,US109->CS5,50680,50680,0
10,US109->CS13,50271,50271,0
10,US109->CS21,50487,50487,0
10,US109->CS29,50802,50802,0
10,US109->CS37,50345,50345,0
10,US109->CS45,50537,50537,0
10,US109->CS53,50571,50571,0
10,US109->CS61,50495,50495,0
10,US110->CS6,50631,50631,0
10,US110->CS14,49745,49745,0
10,US110->CS22,49893,49893,0
10,US110->CS30,50485,50485,0
10,US110->CS38,50289,50289,0
10,US110->CS46,50619,50619,0
10,US110->CS54,50473,50473,0
10,US110->CS62,50367,50367,0
10,US111->CS7,50255,50255,0
10,US111->CS15,49958,49958,0
10,US111->CS23,50713,50713,0
10,US111->CS31,50220,50220,0
10,US111->CS39,50110,50110,0
10,US111->CS47,50177,50177,0
10,US111->CS55,50362,50362,0
10,US111->CS63,50417,50417,0
10,US112->CS0,53948,53948,0
10,US112->CS8,53922,53922,0
10,US112->CS16,53892,53892,0
10,US112->CS24,54054,54054,0
10,US112->CS32,54048,54048,0
10,US112->CS40,54098,54098,0
10,US112->CS48,54045,54045,0
10,US112->CS56,53683,53683,0
10,US113->CS1,53967,53967,0
10,US113->CS9,53765,53765,0
10,US113->CS17,53930,53930,0
10,US113->CS25,54054,54054,0
10,US113->CS33,53960,53960,0
10,US113->CS41,53551,53551,0
10,US113->CS49,54015,54015,0
10,US113->CS57,53583,53583,0
10,US114->CS2,53936,53936,0
10,US114->CS10,53813,53813,0
10,US114->CS18,53993,53993,0
10,US114->CS26,53836,53836,0
10,US114->CS34,53882,53882,0
10,US114->CS42,53808,53808,0
10,US114->CS50,54211,54211,0
10,US114->CS58,54165,54165,0
10,US115->CS3,54571,54571,0
10,US115->CS11,54318,54318,0
10,US115->CS19,53956,53956,0
10,US115->CS27,53765,53765,0
10,US115->CS35,53813,53813,0
10,US115->CS43,53962,53962,0
10,US115->CS51,53882,53882,0
10,US115->CS59,54163,54163,0
10,US116->CS4,53948,53948,0
10,US116->CS12,53725,53725,0
10,US116->CS20,53803,53803,0
10,US116->CS28,54173,54173,0
10,US116->CS36,53888,53888,0
10,US116->CS44,53939,53939,0
10,US116->CS52,54195,54195,0
10,US116->CS60,53986,53986,0
10,US117->CS5,53849,53849,0
10,US117->CS13,53596,53596,0
10,US117->CS21,54350,54350,0
10,US117->CS29,54345,54345,0
10,US117->CS37,53915,53915,0
10,US117->CS45,54123,54123,0
10,US117->CS53,54195,54195,0
10,US117->CS61,53584,53584,0
10,US118->CS6,54503,54503,0
10,US118->CS14,53808,53808,0
10,US118->CS22,54027,54027,0
10,US118->CS30,53827,53827,0
10,US118->CS38,54278,54278,0
10,US118->CS46,54040,54040,0
10,US118->CS54,54083,54083,0
10,US118->CS62,53813,53813,0
10,US119->CS7,53807,53807,0
10,US119->CS15,53848,53848,0
10,US119->CS23,53953,53953,0
10,US119->CS31,53701,53701,0
10,US119->CS39,54097,54097,0
10,US119->CS47,53945,53945,0
10,US119->CS55,54016,54016,0
10,US119->CS63,54045,54045,0
10,US120->CS0,51045,51045,0
10,US120->CS8,50813,50813,0
10,US120->CS16,50827,50827,0
10,US120->CS24,50947,50947,0
10,US120->CS32,50837,50837,0
10,US120->CS40,50404,50404,0
10,US120->CS48,50393,50393,0
10,US120->CS56,50832,50832,0
10,US121->CS1,50778,50778,0
10,US121->CS9,50513,50513,0
10,US121->CS17,51016,51016,0
10,US121->CS25,51215,51215,0
10,US121->CS33,50643,50643,0
10,US121->CS41,50979,50979,0
10,US121->CS49,50903,50903,0
10,US121->CS57,50688,50688,0
10,US122->CS2,50718,50718,0
10,US122->CS10,50586,50586,0
10,US122->CS18,50763,50763,0
10,US122->CS26,51133,51133,0
10,US122->CS34,50605,50605,0
10,US122->CS42,51096,51096,0
10,US122->CS50,50508,50508,0
10,US122->CS58,51266,51266,0
10,US123->CS3,50736,50736,0
10,US123->CS11,50987,50987,0
10,US123->CS19,50555,50555,0
10,US123->CS27,50941,50941,0
10,US123->CS35,51134,51134,0
10,US123->CS43,50574,50574,0
10,US123->CS51,51331,51331,0
10,US123->CS59,50664,50664,0
10,US124->CS4,50518,50518,0
10,US124->CS12,50787,50787,0
10,US124->CS20,50400,50400,0
10,US124->CS28,51073,51073,0
10,US124->CS36,50521,50521,0
10,US124->CS44,50860,50860,0
10,US124->CS52,50406,50406,0
10,US124->CS60,50649,50649,0
10,US125->CS5,50665,50665,0
10,US125->CS13,50572,50572,0
10,US125->CS21,50913,50913,0
10,US125->CS29,50814,50814,0
10,US125->CS37,50307,50307,0
10,US125->CS45,50875,50875,0
10,US125->CS53,50807,50807,0
10,US125->CS61,50912,50912,0
10,US126->CS6,50830,50830,0
10,US126->CS14,50395,50395,0
10,US126->CS22,50716,50716,0
10,US126->CS30,50787,50787,0
10,US126->CS38,50892,50892,0
10,US126->CS46,50869,50869,0
10,US126->CS54,50902,50902,0
10,US126->CS62,51315,51315,0
10,US127->CS7,50773,50773,0
10,US127->CS15,50888,50888,0
10,US127->CS23,50721,50721,0
10,US127->CS31,50863,50863,0
10,US127->CS39,50912,50912,0
10,US127->CS47,50543,50543,0
10,US127->CS55,50678,50678,0
10,US127->CS63,51079,51079,0
10,CS0->US0,51275,51275,0
10,CS0->US8,50264,50264,0
10,CS0->US16,51098,51098,0
10,CS0->US24,51538,51538,0
10,CS0->US32,0,0,0
10,CS0->US40,53996,53996,0
10,CS0->US48,51658,51658,0
10,CS0->US56,50435,50435,0
10,CS0->US64,0,0,0
10,CS0->US72,50820,50820,0
10,CS0->US80,56548,56548,0
10,CS0->US88,51125,51125,0
10,CS0->US96,50352,50352,0
10,CS0->US104,50331,50331,0
10,CS0->US112,53419,53419,0
10,CS0->US120,53445,53445,0
10,CS1->US1,51211,51211,0
10,CS1->US9,50121,50121,0
10,CS1->US17,50861,50861,0
10,CS1->US25,51114,51114,0
10,CS1->US33,0,0,0
10,CS1->US41,54068,54068,0
10,CS1->US49,51467,51467,0
10,CS1->US57,51016,51016,0
10,CS1->US65,0,0,0
10,CS1->US73,50926,50926,0
10,CS1->US81,56185,56185,0
10,CS1->US89,51044,51044,0
10,CS1->US97,50677,50677,0
10,CS1->US105,51099,51099,0
10,CS1->US113,53710,53710,0
10,CS1->US121,53559,53559,0
10,CS2->US2,51463,51463,0
10,CS2->US10,50586,50586,0
10,CS2->US18,50768,50768,0
10,CS2->US26,51334,51334,0
10,CS2->US34,0,0,0
10,CS2->US42,54040,54040,0
10,CS2->US50,51190,51190,0
10,CS2->US58,50352,50352,0
10,CS2->US66,0,0,0
10,CS2->US74,51044,51044,0
10,CS2->US82,56750,56750,0
10,CS2->US90,50735,50735,0
10,CS2->US98,50467,50467,0
10,CS2->US106,50663,50663,0
10,CS2->US114,53363,53363,0
10,CS2->US122,53534,53534,0
10,CS3->US3,51368,51368,0
10,CS3->US11,50430,50430,0
10,CS3->US19,50833,50833,0
10,CS3->US27,51299,51299,0
10,CS3->US35,0,0,0
10,CS3->US43,54592,54592,0
10,CS3->US51,51275,51275,0
10,CS3->US59,50686,50686,0
10,CS3->US67,0,0,0
10,CS3->US75,50912,50912,0
10,CS3->US83,56751,56751,0
10,CS3->US91,50894,50894,0
10,CS3->US99,50664,50664,0
10,CS3->US107,50362,50362,0
10,CS3->US115,53426,53426,0
10,CS3->US123,53403,53403,0
10,CS4->US4,51719,51719,0
10,CS4->US12,50852,50852,0
10,CS4->US20,50614,50614,0
10,CS4->US28,51166,51166,0
10,CS4->US36,0,0,0
10,CS4->US44,53963,53963,0
10,CS4->US52,51147,51147,0
10,CS4->US60,50483,50483,0
10,CS4->US68,0,0,0
10,CS4->US76,50564,50564,0
10,CS4->US84,57049,57049,0
10,CS4->US92,50966,50966,0
10,CS4->US100,49989,49989,0
10,CS4->US108,50203,50203,0
10,CS4->US116,53522,53522,0
10,CS4->US124,54097,54097,0
10,CS5->US5,51378,51378,0
10,CS5->US13,50837,50837,0
10,CS5->US21,50761,50761,0
10,CS5->US29,51069,51069,0
10,CS5->US37,0,0,0
10,CS5->US45,53893,53893,0
10,CS5->US53,51584,51584,0
10,CS5->US61,50570,50570,0
10,CS5->US69,0,0,0
10,CS5->US77,51190,51190,0
10,CS5->US85,56664,56664,0
10,CS5->US93,51321,51321,0
10,CS5->US101,50749,50749,0
10,CS5->US109,50548,50548,0
10,CS5->US117,53631,53631,0
10,CS5->US125,54199,54199,0
10,CS6->US6,51771,51771,0
10,CS6->US14,50719,50719,0
10,CS6->US22,50902,50902,0
10,CS6->US30,51328,51328,0
10,CS6->US38,0,0,0
10,CS6->US46,54562,54562,0
10,CS6->US54,51593,51593,0
10,CS6->US62,51311,51311,0
10,CS6->US70,0,0,0
10,CS6->US78,51254,51254,0
10,CS6->US86,56531,56531,0
10,CS6->US94,51112,51112,0
10,CS6->US102,50698,50698,0
10,CS6->US110,50703,50703,0
10,CS6->US118,53524,53524,0
10,CS6->US126,53466,53466,0
10,CS7->US7,51562,51562,0
10,CS7->US15,50157,50157,0
10,CS7->US23,50824,50824,0
10,CS7->US31,51254,51254,0
10,CS7->US39,0,0,0
10,CS7->US47,53795,53795,0
10,CS7->US55,51697,51697,0
10,CS7->US63,50994,50994,0
10,CS7->US71,0,0,0
10,CS7->US79,51017,51017,0
10,CS7->US87,56696,56696,0
10,CS7->US95,51177,51177,0
10,CS7->US103,50329,50329,0
10,CS7->US111,50379,50379,0
10,CS7->US119,53438,53438,0
10,CS7->US127,53740,53740,0
10,CS8->US0,51218,51218,0
10,CS8->US8,50358,50358,0
10,CS8->US16,50845,50845,0
10,CS8->US24,50990,50990,0
10,CS8->US32,0,0,0
10,CS8->US40,53964,53964,0
10,CS8->US48,51459,51459,0
10,CS8->US56,50960,50960,0
10,CS8->US64,0,0,0
10,CS8->US72,50774,50774,0
10,CS8->US80,56620,56620,0
10,CS8->US88,51368,51368,0
10,CS8->US96,50701,50701,0
10,CS8->US104,50531,50531,0
10,CS8->US112,53681,53681,0
10,CS8->US120,53409,53409,0
10,CS9->US1,51811,51811,0
10,CS9->US9,50627,50627,0
10,CS9->US17,50584,50584,0
10,CS9->US25,51707,51707,0
10,CS9->US33,0,0,0
10,CS9->US41,53784,53784,0
10,CS9->US49,51679,51679,0
10,CS9->US57,50233,50233,0
10,CS9->US65,0,0,0
10,CS9->US73,50961,50961,0
10,CS9->US81,56599,56599,0
10,CS9->US89,51002,51002,0
10,CS9->US97,50555,50555,0
10,CS9->US105,50558,50558,0
10,CS9->US113,54057,54057,0
10,CS9->US121,53379,53379,0
10,CS10->US2,51075,51075,0
10,CS10->US10,50382,50382,0
10,CS10->US18,50691,50691,0
10,CS10->US26,51265,51265,0
10,CS10->US34,0,0,0
10,CS10->US42,53831,53831,0
10,CS10->US50,51162,51162,0
10,CS10->US58,50628,50628,0
10,CS10->US66,0,0,0
10,CS10->US74,51048,51048,0
10,CS10->US82,56842,56842,0
10,CS10->US90,51086,51086,0
10,CS10->US98,50463,50463,0
10,CS10->US106,50313,50313,0
10,CS10->US114,53352,53352,0
10,CS10->US122,53282,53282,0
10,CS11->US3,51351,51351,0
10,CS11->US11,50354,50354,0
10,CS11->US19,51064,51064,0
10,CS11->US27,51313,51313,0
10,CS11->US35,0,0,0
10,CS11->US43,54346,54346,0
10,CS11->US51,51674,51674,0
10,CS11->US59,50946,50946,0
10,CS11->US67,0,0,0
10,CS11->US75,51016,51016,0
10,CS11->US83,56729,56729,0
10,CS11->US91,51147,51147,0
10,CS11->US99,50465,50465,0
10,CS11->US107,50640,50640,0
10,CS11->US115,53594,53594,0
10,CS11->US123,53198,53198,0
10,CS12->US4,51891,51891,0
10,CS12->US12,50753,50753,0
10,CS12->US20,50805,50805,0
10,CS12->US28,50994,50994,0
10,CS12->US36,0,0,0
10,CS12->US44,53766,53766,0
10,CS12->US52,51817,51817,0
10,CS12->US60,50560,50560,0
10,CS12->US68,0,0,0
10,CS12->US76,51376,51376,0
10,CS12->US84,56913,56913,0
10,CS12->US92,51088,51088,0
10,CS12->US100,50694,50694,0
10,CS12->US108,50270,50270,0
10,CS12->US116,53191,53191,0
10,CS12->US124,53316,53316,0
10,CS13->US5,51649,51649,0
10,CS13->US13,50527,50527,0
10,CS13->US21,50599,50599,0
10,CS13->US29,51192,51192,0
10,CS13->US37,0,0,0
10,CS13->US45,53596,53596,0
10,CS13->US53,51783,51783,0
10,CS13->US61,50810,50810,0
10,CS13->US69,0,0,0
10,CS13->US77,50849,50849,0
10,CS13->US85,56497,56497,0
10,CS13->US93,50652,50652,0
10,CS13->US101,50374,50374,0
10,CS13->US109,50762,50762,0
10,CS13->US117,53282,53282,0
10,CS13->US125,53512,53512,0
10,CS14->US6,51577,51577,0
10,CS14->US14,50482,50482,0
10,CS14->US22,50576,50576,0
10,CS14->US30,51170,51170,0
10,CS14->US38,0,0,0
10,CS14->US46,53751,53751,0
10,CS14->US54,51813,51813,0
10,CS14->US62,50814,50814,0
10,CS14->US70,0,0,0
10,CS14->US78,50794,50794,0
10,CS14->US86,56711,56711,0
10,CS14->US94,50583,50583,0
10,CS14->US102,49825,49825,0
10,CS14->US110,50646,50646,0
10,CS14->US118,53510,53510,0
10,CS14->US126,53870,53870,0
10,CS15->US7,51970,51970,0
10,CS15->US15,50311,50311,0
10,CS15->US23,50935,50935,0
10,CS15->US31,51040,51040,0
10,CS15->US39,0,0,0
10,CS15->US47,53859,53859,0
10,CS15->US55,51442,51442,0
10,CS15->US63,50782,50782,0
10,CS15->US71,0,0,0
10,CS15->US79,50979,50979,0
10,CS15->US87,56902,56902,0
10,CS15->US95,51299,51299,0
10,CS15->US103,50039,50039,0
10,CS15->US111,50712,50712,0
10,CS15->US119,53433,53433,0
10,CS15->US127,53706,53706,0
10,CS16->US0,51005,51005,0
10,CS16->US8,50464,50464,0
10,CS16->US16,50891,50891,0
10,CS16->US24,51082,51082,0
10,CS16->US32,0,0,0
10,CS16->US40,53918,53918,0
10,CS16->US48,51411,51411,0
10,CS16->US56,51100,51100,0
10,CS16->US64,0,0,0
10,CS16->US72,51206,51206,0
10,CS16->US80,57171,57171,0
10,CS16->US88,50791,50791,0
10,CS16->US96,50653,50653,0
10,CS16->US104,50090,50090,0
10,CS16->US112,53261,53261,0
10,CS16->US120,53549,53549,0
10,CS17->US1,51629,51629,0
10,CS17->US9,50565,50565,0
10,CS17->US17,51113,51113,0
10,CS17->US25,51063,51063,0
10,CS17->US33,0,0,0
10,CS17->US41,54007,54007,0
10,CS17->US49,51476,51476,0
10,CS17->US57,50953,50953,0
10,CS17->US65,0,0,0
10,CS17->US73,51067,51067,0
10,CS17->US81,56799,56799,0
10,CS17->US89,51140,51140,0
10,CS17->US97,49987,49987,0
10,CS17->US105,50477,50477,0
10,CS17->US113,53222,53222,0
10,CS17->US121,53465,53465,0
10,CS18->US2,51253,51253,0
10,CS18->US10,50751,50751,0
10,CS18->US18,50837,50837,0
10,CS18->US26,51048,51048,0
10,CS18->US34,0,0,0
10,CS18->US42,54012,54012,0
10,CS18->US50,51065,51065,0
10,CS18->US58,50849,50849,0
10,CS18->US66,0,0,0
10,CS18->US74,51012,51012,0
10,CS18->US82,56913,56913,0
10,CS18->US90,51232,51232,0
10,CS18->US98,50437,50437,0
10,CS18->US106,50413,50413,0
10,CS18->US114,53208,53208,0
10,CS18->US122,53531,53531,0
10,CS19->US3,51089,51089,0
10,CS19->US11,50184,50184,0
10,CS19->US19,50585,50585,0
10,CS19->US27,51078,51078,0
10,CS19->US35,0,0,0
10,CS19->US43,53992,53992,0
10,CS19->US51,51306,51306,0
10,CS19->US59,51201,51201,0
10,CS19->US67,0,0,0
10,CS19->US75,50884,50884,0
10,CS19->US83,56689,56689,0
10,CS19->US91,51266,51266,0
10,CS19->US99,50510,50510,0
10,CS19->US107,50542,50542,0
10,CS19->US115,53434,53434,0
10,CS19->US123,53810,53810,0
10,CS20->US4,51321,51321,0
10,CS20->US12,50405,50405,0
10,CS20->US20,50400,50400,0
10,CS20->US28,51194,51194,0
10,CS20->US36,0,0,0
10,CS20->US44,53828,53828,0
10,CS20->US52,51309,51309,0
10,CS20->US60,50882,50882,0
10,CS20->US68,0,0,0
10,CS20->US76,51246,51246,0
10,CS20->US84,56594,56594,0
10,CS20->US92,50932,50932,0
10,CS20->US100,50446,50446,0
10,CS20->US108,50569,50569,0
10,CS20->US116,53611,53611,0
10,CS20->US124,53917,53917,0
10,CS21->US5,51517,51517,0
10,CS21->US13,50756,50756,0
10,CS21->US21,51044,51044,0
10,CS21->US29,51636,51636,0
10,CS21->US37,0,0,0
10,CS21->US45,54308,54308,0
10,CS21->US53,51450,51450,0
10,CS21->US61,50879,50879,0
10,CS21->US69,0,0,0
10,CS21->US77,51174,51174,0
10,CS21->US85,56268,56268,0
10,CS21->US93,50613,50613,0
10,CS21->US101,50506,50506,0
10,CS21->US109,50600,50600,0
10,CS21->US117,53747,53747,0
10,CS21->US125,53704,53704,0
10,CS22->US6,51631,51631,0
10,CS22->US14,50669,50669,0
10,CS22->US22,50859,50859,0
10,CS22->US30,51365,51365,0
10,CS22->US38,0,0,0
10,CS22->US46,54080,54080,0
10,CS22->US54,51334,51334,0
10,CS22->US62,50480,50480,0
10,CS22->US70,0,0,0
10,CS22->US78,51189,51189,0
10,CS22->US86,57009,57009,0
10,CS22->US94,51044,51044,0
10,CS22->US102,49980,49980,0
10,CS22->US110,50445,50445,0
10,CS22->US118,53553,53553,0
10,CS22->US126,53701,53701,0
10,CS23->US7,51588,51588,0
10,CS23->US15,50549,50549,0
10,CS23->US23,50807,50807,0
10,CS23->US31,51202,51202,0
10,CS23->US39,0,0,0
10,CS23->US47,53912,53912,0
10,CS23->US55,51429,51429,0
10,CS23->US63,50888,50888,0
10,CS23->US71,0,0,0
10,CS23->US79,51019,51019,0
10,CS23->US87,56939,56939,0
10,CS23->US95,50908,50908,0
10,CS23->US103,50805,50805,0
10,CS23->US111,50513,50513,0
10,CS23->US119,53544,53544,0
10,CS23->US127,53751,53751,0
10,CS24->US0,51707,51707,0
10,CS24->US8,50306,50306,0
10,CS24->US16,51015,51015,0
10,CS24->US24,51534,51534,0
10,CS24->US32,0,0,0
10,CS24->US40,54054,54054,0
10,CS24->US48,51717,51717,0
10,CS24->US56,51234,51234,0
10,CS24->US64,0,0,0
10,CS24->US72,51457,51457,0
10,CS24->US80,56457,56457,0
10,CS24->US88,51236,51236,0
10,CS24->US96,50898,50898,0
10,CS24->US104,50306,50306,0
10,CS24->US112,53703,53703,0
10,CS24->US120,53549,53549,0
10,CS25->US1,51287,51287,0
10,CS25->US9,50371,50371,0
10,CS25->US17,51301,51301,0
10,CS25->US25,50992,50992,0
10,CS25->US33,0,0,0
10,CS25->US41,54074,54074,0
10,CS25->US49,51197,51197,0
10,CS25->US57,50595,50595,0
10,CS25->US65,0,0,0
10,CS25->US73,51049,51049,0
10,CS25->US81,56617,56617,0
10,CS25->US89,51168,51168,0
10,CS25->US97,50219,50219,0
10,CS25->US105,50335,50335,0
10,CS25->US113,53478,53478,0
10,CS25->US121,54046,54046,0
10,CS26->US2,51581,51581,0
10,CS26->US10,50177,50177,0
10,CS26->US18,51246,51246,0
10,CS26->US26,51185,51185,0
10,CS26->US34,0,0,0
10,CS26->US42,53857,53857,0
10,CS26->US50,51840,51840,0
10,CS26->US58,50793,50793,0
10,CS26->US66,0,0,0
10,CS26->US74,50427,50427,0
10,CS26->US82,56516,56516,0
10,CS26->US90,50908,50908,0
10,CS26->US98,50321,50321,0
10,CS26->US106,50513,50513,0
10,CS26->US114,53309,53309,0
10,CS26->US122,53271,53271,0
10,CS27->US3,51564,51564,0
10,CS27->US11,50481,50481,0
10,CS27->US19,50980,50980,0
10,CS27->US27,51145,51145,0
10,CS27->US35,0,0,0
10,CS27->US43,53873,53873,0
10,CS27->US51,51678,51678,0
10,CS27->US59,50757,50757,0
10,CS27->US67,0,0,0
10,CS27->US75,50771,50771,0
10,CS27->US83,56841,56841,0
10,CS27->US91,50661,50661,0
10,CS27->US99,50525,50525,0
10,CS27->US107,50670,50670,0
10,CS27->US115,53356,53356,0
10,CS27->US123,53494,53494,0
10,CS28->US4,51467,51467,0
10,CS28->US12,50485,50485,0
10,CS28->US20,51128,51128,0
10,CS28->US28,51275,51275,0
10,CS28->US36,0,0,0
10,CS28->US44,54246,54246,0
10,CS28->US52,51199,51199,0
10,CS28->US60,50986,50986,0
10,CS28->US68,0,0,0
10,CS28->US76,50988,50988,0
10,CS28->US84,56641,56641,0
10,CS28->US92,51052,51052,0
10,CS28->US100,50573,50573,0
10,CS28->US108,51016,51016,0
10,CS28->US116,53747,53747,0
10,CS28->US124,53811,53811,0
10,CS29->US5,51208,51208,0
10,CS29->US13,50959,50959,0
10,CS29->US21,50892,50892,0
10,CS29->US29,51055,51055,0
10,CS29->US37,0,0,0
10,CS29->US45,54361,54361,0
10,CS29->US53,51675,51675,0
10,CS29->US61,50549,50549,0
10,CS29->US69,0,0,0
10,CS29->US77,50910,50910,0
10,CS29->US85,56566,56566,0
10,CS29->US93,50615,50615,0
10,CS29->US101,50856,50856,0
10,CS29->US109,50504,50504,0
10,CS29->US117,53279,53279,0
10,CS29->US125,53262,53262,0
10,CS30->US6,51418,51418,0
10,CS30->US14,50571,50571,0
10,CS30->US22,50764,50764,0
10,CS30->US30,50995,50995,0
10,CS30->US38,0,0,0
10,CS30->US46,53863,53863,0
10,CS30->US54,51402,51402,0
10,CS30->US62,50909,50909,0
10,CS30->US70,0,0,0
10,CS30->US78,50926,50926,0
10,CS30->US86,56963,56963,0
10,CS30->US94,50975,50975,0
10,CS30->US102,50569,50569,0
10,CS30->US110,50957,50957,0
10,CS30->US118,53650,53650,0
10,CS30->US126,53434,53434,0
10,CS31->US7,51134,51134,0
10,CS31->US15,50265,50265,0
10,CS31->US23,51002,51002,0
10,CS31->US31,51270,51270,0
10,CS31->US39,0,0,0
10,CS31->US47,53731,53731,0
10,CS31->US55,51337,51337,0
10,CS31->US63,50845,50845,0
10,CS31->US71,0,0,0
10,CS31->US79,51054,51054,0
10,CS31->US87,56845,56845,0
10,CS31->US95,50857,50857,0
10,CS31->US103,50283,50283,0
10,CS31->US111,50099,50099,0
10,CS31->US119,53952,53952,0
10,CS31->US127,53745,53745,0
10,CS32->US0,51505,51505,0
10,CS32->US8,50814,50814,0
10,CS32->US16,50905,50905,0
10,CS32->US24,51171,51171,0
10,CS32->US32,0,0,0
10,CS32->US40,54145,54145,0
10,CS32->US48,51795,51795,0
10,CS32->US56,50639,50639,0
10,CS32->US64,0,0,0
10,CS32->US72,50936,50936,0
10,CS32->US80,56952,56952,0
10,CS32->US88,51227,51227,0
10,CS32->US96,50439,50439,0
10,CS32->US104,50366,50366,0
10,CS32->US112,53462,53462,0
10,CS32->US120,53399,53399,0
10,CS33->US1,51628,51628,0
10,CS33->US9,50956,50956,0
10,CS33->US17,50756,50756,0
10,CS33->US25,51239,51239,0
10,CS33->US33,0,0,0
10,CS33->US41,54010,54010,0
10,CS33->US49,51392,51392,0
10,CS33->US57,50475,50475,0
10,CS33->US65,0,0,0
10,CS33->US73,51087,51087,0
10,CS33->US81,55992,55992,0
10,CS33->US89,50846,50846,0
10,CS33->US97,50307,50307,0
10,CS33->US105,50379,50379,0
10,CS33->US113,53545,53545,0
10,CS33->US121,53605,53605,0
10,CS34->US2,51641,51641,0
10,CS34->US10,50383,50383,0
10,CS34->US18,50652,50652,0
10,CS34->US26,51333,51333,0
10,CS34->US34,0,0,0
10,CS34->US42,53860,53860,0
10,CS34->US50,51924,51924,0
10,CS34->US58,50716,50716,0
10,CS34->US66,0,0,0
10,CS34->US74,50879,50879,0
10,CS34->US82,56928,56928,0
10,CS34->US90,51121,51121,0
10,CS34->US98,50583,50583,0
10,CS34->US106,50576,50576,0
10,CS34->US114,53454,53454,0
10,CS34->US122,53569,53569,0
10,CS35->US3,51535,51535,0
10,CS35->US11,50722,50722,0
10,CS35->US19,51204,51204,0
10,CS35->US27,51341,51341,0
10,CS35->US35,0,0,0
10,CS35->US43,53936,53936,0
10,CS35->US51,51674,51674,0
10,CS35->US59,51071,51071,0
10,CS35->US67,0,0,0
10,CS35->US75,50906,50906,0
10,CS35->US83,56576,56576,0
10,CS35->US91,50941,50941,0
10,CS35->US99,50168,50168,0
10,CS35->US107,50561,50561,0
10,CS35->US115,53432,53432,0
10,CS35->US123,54005,54005,0
10,CS36->US4,51656,51656,0
10,CS36->US12,50717,50717,0
10,CS36->US20,50571,50571,0
10,CS36->US28,51191,51191,0
10,CS36->US36,0,0,0
10,CS36->US44,53926,53926,0
10,CS36->US52,51629,51629,0
10,CS36->US60,50545,50545,0
10,CS36->US68,0,0,0
10,CS36->US76,50830,50830,0
10,CS36->US84,56945,56945,0
10,CS36->US92,51045,51045,0
10,CS36->US100,50386,50386,0
10,CS36->US108,50613,50613,0
10,CS36->US116,53174,53174,0
10,CS36->US124,53299,53299,0
10,CS37->US5,51795,51795,0
10,CS37->US13,50255,50255,0
10,CS37->US21,50429,50429,0
10,CS37->US29,51393,51393,0
10,CS37->US37,0,0,0
10,CS37->US45,53911,53911,0
10,CS37->US53,51305,51305,0
10,CS37->US61,50730,50730,0
10,CS37->US69,0,0,0
10,CS37->US77,51066,51066,0
10,CS37->US85,56930,56930,0
10,CS37->US93,50850,50850,0
10,CS37->US101,50394,50394,0
10,CS37->US109,50569,50569,0
10,CS37->US117,53053,53053,0
10,CS37->US125,53433,53433,0
10,CS38->US6,51355,51355,0
10,CS38->US14,50579,50579,0
10,CS38->US22,51004,51004,0
10,CS38->US30,50935,50935,0
10,CS38->US38,0,0,0
10,CS38->US46,54263,54263,0
10,CS38->US54,51355,51355,0
10,CS38->US62,50545,50545,0
10,CS38->US70,0,0,0
10,CS38->US78,51182,51182,0
10,CS38->US86,57224,57224,0
10,CS38->US94,50789,50789,0
10,CS38->US102,50402,50402,0
10,CS38->US110,50842,50842,0
10,CS38->US118,53306,53306,0
10,CS38->US126,53477,53477,0
10,CS39->US7,51410,51410,0
10,CS39->US15,50434,50434,0
10,CS39->US23,50993,50993,0
10,CS39->US31,51480,51480,0
10,CS39->US39,0,0,0
10,CS39->US47,54111,54111,0
10,CS39->US55,51354,51354,0
10,CS39->US63,50688,50688,0
10,CS39->US71,0,0,0
10,CS39->US79,50983,50983,0
10,CS39->US87,56669,56669,0
10,CS39->US95,50856,50856,0
10,CS39->US103,50178,50178,0
10,CS39->US111,50633,50633,0
10,CS39->US119,53629,53629,0
10,CS39->US127,54081,54081,0
10,CS40->US0,51511,51511,0
10,CS40->US8,50136,50136,0
10,CS40->US16,50424,50424,0
10,CS40->US24,51080,51080,0
10,CS40->US32,0,0,0
10,CS40->US40,54155,54155,0
10,CS40->US48,51460,51460,0
10,CS40->US56,50443,50443,0
10,CS40->US64,0,0,0
10,CS40->US72,50804,50804,0
10,CS40->US80,56777,56777,0
10,CS40->US88,50868,50868,0
10,CS40->US96,50576,50576,0
10,CS40->US104,50575,50575,0
10,CS40->US112,53752,53752,0
10,CS40->US120,53191,53191,0
10,CS41->US1,51676,51676,0
10,CS41->US9,50523,50523,0
10,CS41->US17,51080,51080,0
10,CS41->US25,51276,51276,0
10,CS41->US33,0,0,0
10,CS41->US41,53571,53571,0
10,CS41->US49,51039,51039,0
10,CS41->US57,50455,50455,0
10,CS41->US65,0,0,0
10,CS41->US73,51090,51090,0
10,CS41->US81,56993,56993,0
10,CS41->US89,51345,51345,0
10,CS41->US97,50801,50801,0
10,CS41->US105,50315,50315,0
10,CS41->US113,53573,53573,0
10,CS41->US121,53696,53696,0
10,CS42->US2,51287,51287,0
10,CS42->US10,50501,50501,0
10,CS42->US18,51204,51204,0
10,CS42->US26,50867,50867,0
10,CS42->US34,0,0,0
10,CS42->US42,53829,53829,0
10,CS42->US50,51415,51415,0
10,CS42->US58,50891,50891,0
10,CS42->US66,0,0,0
10,CS42->US74,50713,50713,0
10,CS42->US82,56929,56929,0
10,CS42->US90,51060,51060,0
10,CS42->US98,50253,50253,0
10,CS42->US106,50497,50497,0
10,CS42->US114,53551,53551,0
10,CS42->US122,53704,53704,0
10,CS43->US3,51201,51201,0
10,CS43->US11,50874,50874,0
10,CS43->US19,50630,50630,0
10,CS43->US27,50828,50828,0
10,CS43->US35,0,0,0
10,CS43->US43,53966,53966,0
10,CS43->US51,51401,51401,0
10,CS43->US59,51018,51018,0
10,CS43->US67,0,0,0
10,CS43->US75,50902,50902,0
10,CS43->US83,56697,56697,0
10,CS43->US91,50955,50955,0
10,CS43->US99,50647,50647,0
10,CS43->US107,49987,49987,0
10,CS43->US115,53359,53359,0
10,CS43->US123,53684,53684,0
10,CS44->US4,51196,51196,0
10,CS44->US12,50830,50830,0
10,CS44->US20,50926,50926,0
10,CS44->US28,51322,51322,0
10,CS44->US36,0,0,0
10,CS44->US44,53907,53907,0
10,CS44->US52,51502,51502,0
10,CS44->US60,50936,50936,0
10,CS44->US68,0,0,0
10,CS44->US76,50964,50964,0
10,CS44->US84,57041,57041,0
10,CS44->US92,50817,50817,0
10,CS44->US100,50521,50521,0
10,CS44->US108,50393,50393,0
10,CS44->US116,53506,53506,0
10,CS44->US124,53590,53590,0
10,CS45->US5,51221,51221,0
10,CS45->US13,50528,50528,0
10,CS45->US21,50935,50935,0
10,CS45->US29,51215,51215,0
10,CS45->US37,0,0,0
10,CS45->US45,54189,54189,0
10,CS45->US53,51565,51565,0
10,CS45->US61,50631,50631,0
10,CS45->US69,0,0,0
10,CS45->US77,50734,50734,0
10,CS45->US85,57223,57223,0
10,CS45->US93,50961,50961,0
10,CS45->US101,50623,50623,0
10,CS45->US109,50505,50505,0
10,CS45->US117,53615,53615,0
10,CS45->US125,53662,53662,0
10,CS46->US6,51287,51287,0
10,CS46->US14,50258,50258,0
10,CS46->US22,50966,50966,0
10,CS46->US30,51019,51019,0
10,CS46->US38,0,0,0
10,CS46->US46,54085,54085,0
10,CS46->US54,51451,51451,0
10,CS46->US62,50993,50993,0
10,CS46->US70,0,0,0
10,CS46->US78,50912,50912,0
10,CS46->US86,57262,57262,0
10,CS46->US94,51022,51022,0
10,CS46->US102,50692,50692,0
10,CS46->US110,50366,50366,0
10,CS46->US118,53698,53698,0
10,CS46->US126,53704,53704,0
10,CS47->US7,51276,51276,0
10,CS47->US15,50762,50762,0
10,CS47->US23,50595,50595,0
10,CS47->US31,51643,51643,0
10,CS47->US39,0,0,0
10,CS47->US47,53985,53985,0
10,CS47->US55,51852,51852,0
10,CS47->US63,50803,50803,0
10,CS47->US71,0,0,0
10,CS47->US79,50853,50853,0
10,CS47->US87,56577,56577,0
10,CS47->US95,50683,50683,0
10,CS47->US103,50244,50244,0
10,CS47->US111,50390,50390,0
10,CS47->US119,53548,53548,0
10,CS47->US127,53747,53747,0
10,CS48->US0,51538,51538,0
10,CS48->US8,50593,50593,0
10,CS48->US16,50523,50523,0
10,CS48->US24,51275,51275,0
10,CS48->US32,0,0,0
10,CS48->US40,54028,54028,0
10,CS48->US48,51407,51407,0
10,CS48->US56,50586,50586,0
10,CS48->US64,0,0,0
10,CS48->US72,50720,50720,0
10,CS48->US80,56873,56873,0
10,CS48->US88,51093,51093,0
10,CS48->US96,50256,50256,0
10,CS48->US104,50508,50508,0
10,CS48->US112,53486,53486,0
10,CS48->US120,53756,53756,0
10,CS49->US1,51580,51580,0
10,CS49->US9,50513,50513,0
10,CS49->US17,50942,50942,0
10,CS49->US25,51194,51194,0
10,CS49->US33,0,0,0
10,CS49->US41,53983,53983,0
10,CS49->US49,51301,51301,0
10,CS49->US57,50679,50679,0
10,CS49->US65,0,0,0
10,CS49->US73,51220,51220,0
10,CS49->US81,56581,56581,0
10,CS49->US89,51208,51208,0
10,CS49->US97,50681,50681,0
10,CS49->US105,50466,50466,0
10,CS49->US113,52690,52690,0
10,CS49->US121,53443,53443,0
10,CS50->US2,51772,51772,0
10,CS50->US10,49995,49995,0
10,CS50->US18,50578,50578,0
10,CS50->US26,51687,51687,0
10,CS50->US34,0,0,0
10,CS50->US42,54132,54132,0
10,CS50->US50,51597,51597,0
10,CS50->US58,50191,50191,0
10,CS50->US66,0,0,0
10,CS50->US74,51114,51114,0
10,CS50->US82,57139,57139,0
10,CS50->US90,51315,51315,0
10,CS50->US98,50151,50151,0
10,CS50->US106,50560,50560,0
10,CS50->US114,53772,53772,0
10,CS50->US122,53271,53271,0
10,CS51->US3,51871,51871,0
10,CS51->US11,50325,50325,0
10,CS51->US19,51374,51374,0
10,CS51->US27,51063,51063,0
10,CS51->US35,0,0,0
10,CS51->US43,53928,53928,0
10,CS51->US51,51359,51359,0
10,CS51->US59,50638,50638,0
10,CS51->US67,0,0,0
10,CS51->US75,51004,51004,0
10,CS51->US83,56810,56810,0
10,CS51->US91,51054,51054,0
10,CS51->US99,50387,50387,0
10,CS51->US107,50711,50711,0
10,CS51->US115,53374,53374,0
10,CS51->US123,53506,53506,0
10,CS52->US4,51727,51727,0
10,CS52->US12,50588,50588,0
10,CS52->US20,50530,50530,0
10,CS52->US28,51370,51370,0
10,CS52->US36,0,0,0
10,CS52->US44,54175,54175,0
10,CS52->US52,51655,51655,0
10,CS52->US60,50703,50703,0
10,CS52->US68,0,0,0
10,CS52->US76,51148,51148,0
10,CS52->US84,56737,56737,0
10,CS52->US92,50986,50986,0
10,CS52->US100,50135,50135,0
10,CS52->US108,50147,50147,0
10,CS52->US116,53534,53534,0
10,CS52->US124,53637,53637,0
10,CS53->US5,51976,51976,0
10,CS53->US13,50431,50431,0
10,CS53->US21,50925,50925,0
10,CS53->US29,51157,51157,0
10,CS53->US37,0,0,0
10,CS53->US45,54154,54154,0
10,CS53->US53,51506,51506,0
10,CS53->US61,50557,50557,0
10,CS53->US69,0,0,0
10,CS53->US77,50868,50868,0
10,CS53->US85,56661,56661,0
10,CS53->US93,50566,50566,0
10,CS53->US101,50630,50630,0
10,CS53->US109,50247,50247,0
10,CS53->US117,53554,53554,0
10,CS53->US125,53297,53297,0
10,CS54->US6,51481,51481,0
10,CS54->US14,50361,50361,0
10,CS54->US22,51004,51004,0
10,CS54->US30,51075,51075,0
10,CS54->US38,0,0,0
10,CS54->US46,54119,54119,0
10,CS54->US54,51246,51246,0
10,CS54->US62,50400,50400,0
10,CS54->US70,0,0,0
10,CS54->US78,51056,51056,0
10,CS54->US86,56850,56850,0
10,CS54->US94,50878,50878,0
10,CS54->US102,50511,50511,0
10,CS54->US110,50488,50488,0
10,CS54->US118,53910,53910,0
10,CS54->US126,53401,53401,0
10,CS55->US7,51378,51378,0
10,CS55->US15,50761,50761,0
10,CS55->US23,50745,50745,0
10,CS55->US31,50779,50779,0
10,CS55->US39,0,0,0
10,CS55->US47,54060,54060,0
10,CS55->US55,51055,51055,0
10,CS55->US63,50830,50830,0
10,CS55->US71,0,0,0
10,CS55->US79,50929,50929,0
10,CS55->US87,56878,56878,0
10,CS55->US95,50966,50966,0
10,CS55->US103,50448,50448,0
10,CS55->US111,50200,50200,0
10,CS55->US119,53891,53891,0
10,CS55->US127,53444,53444,0
10,CS56->US0,51601,51601,0
10,CS56->US8,50449,50449,0
10,CS56->US16,50909,50909,0
10,CS56->US24,51377,51377,0
10,CS56->US32,0,0,0
10,CS56->US40,53699,53699,0
10,CS56->US48,51836,51836,0
10,CS56->US56,50670,50670,0
10,CS56->US64,0,0,0
10,CS56->US72,51115,51115,0
10,CS56->US80,56670,56670,0
10,CS56->US88,50577,50577,0
10,CS56->US96,50713,50713,0
10,CS56->US104,50325,50325,0
10,CS56->US112,53526,53526,0
10,CS56->US120,53776,53776,0
10,CS57->US1,51269,51269,0
10,CS57->US9,50541,50541,0
10,CS57->US17,50750,50750,0
10,CS57->US25,51321,51321,0
10,CS57->US33,0,0,0
10,CS57->US41,53620,53620,0
10,CS57->US49,51333,51333,0
10,CS57->US57,50894,50894,0
10,CS57->US65,0,0,0
10,CS57->US73,50925,50925,0
10,CS57->US81,56669,56669,0
10,CS57->US89,51230,51230,0
10,CS57->US97,50355,50355,0
10,CS57->US105,50365,50365,0
10,CS57->US113,53708,53708,0
10,CS57->US121,53686,53686,0
10,CS58->US2,51480,51480,0
10,CS58->US10,50613,50613,0
10,CS58->US18,51336,51336,0
10,CS58->US26,51074,51074,0
10,CS58->US34,0,0,0
10,CS58->US42,54194,54194,0
10,CS58->US50,51873,51873,0
10,CS58->US58,50855,50855,0
10,CS58->US66,0,0,0
10,CS58->US74,51467,51467,0
10,CS58->US82,56566,56566,0
10,CS58->US90,50921,50921,0
10,CS58->US98,50179,50179,0
10,CS58->US106,50405,50405,0
10,CS58->US114,53425,53425,0
10,CS58->US122,53844,53844,0
10,CS59->US3,51198,51198,0
10,CS59->US11,50385,50385,0
10,CS59->US19,50746,50746,0
10,CS59->US27,51230,51230,0
10,CS59->US35,0,0,0
10,CS59->US43,54136,54136,0
10,CS59->US51,51260,51260,0
10,CS59->US59,51074,51074,0
10,CS59->US67,0,0,0
10,CS59->US75,51109,51109,0
10,CS59->US83,56906,56906,0
10,CS59->US91,50787,50787,0
10,CS59->US99,50539,50539,0
10,CS59->US107,50601,50601,0
10,CS59->US115,53337,53337,0
10,CS59->US123,53522,53522,0
10,CS60->US4,51221,51221,0
10,CS60->US12,50618,50618,0
10,CS60->US20,50707,50707,0
10,CS60->US28,51190,51190,0
10,CS60->US36,0,0,0
10,CS60->US44,53959,53959,0
10,CS60->US52,51322,51322,0
10,CS60->US60,50917,50917,0
10,CS60->US68,0,0,0
10,CS60->US76,50858,50858,0
10,CS60->US84,56008,56008,0
10,CS60->US92,51291,51291,0
10,CS60->US100,50183,50183,0
10,CS60->US108,50733,50733,0
10,CS60->US116,53427,53427,0
10,CS60->US124,53233,53233,0
10,CS61->US5,51683,51683,0
10,CS61->US13,50661,50661,0
10,CS61->US21,50966,50966,0
10,CS61->US29,50508,50508,0
10,CS61->US37,0,0,0
10,CS61->US45,53611,53611,0
10,CS61->US53,51845,51845,0
10,CS61->US61,50806,50806,0
10,CS61->US69,0,0,0
10,CS61->US77,51356,51356,0
10,CS61->US85,56285,56285,0
10,CS61->US93,50737,50737,0
10,CS61->US101,50559,50559,0
10,CS61->US109,50652,50652,0
10,CS61->US117,53317,53317,0
10,CS61->US125,53484,53484,0
10,CS62->US6,51205,51205,0
10,CS62->US14,50620,50620,0
10,CS62->US22,51363,51363,0
10,CS62->US30,51314,51314,0
10,CS62->US38,0,0,0
10,CS62->US46,53790,53790,0
10,CS62->US54,51368,51368,0
10,CS62->US62,50581,50581,0
10,CS62->US70,0,0,0
10,CS62->US78,51019,51019,0
10,CS62->US86,56874,56874,0
10,CS62->US94,50963,50963,0
10,CS62->US102,50488,50488,0
10,CS62->US110,50240,50240,0
10,CS62->US118,53706,53706,0
10,CS62->US126,53529,53529,0
10,CS63->US7,51989,51989,0
10,CS63->US15,50636,50636,0
10,CS63->US23,51121,51121,0
10,CS63->US31,50820,50820,0
10,CS63->US39,0,0,0
10,CS63->US47,54084,54084,0
10,CS63->US55,51629,51629,0
10,CS63->US63,50918,50918,0
10,CS63->US71,0,0,0
10,CS63->US79,50781,50781,0
10,CS63->US87,57003,57003,0
10,CS63->US95,51046,51046,0
10,CS63->US103,50483,50483,0
10,CS63->US111,50586,50586,0
10,CS63->US119,53675,53675,0
10,CS63->US127,53669,53669,0
11,US0->CS0,51939,51939,0
11,US0->CS8,51748,51748,0
11,US0->CS16,51672,51672,0
11,US0->CS24,51987,51987,0
11,US0->CS32,52080,52080,0
11,US0->CS40,51724,51724,0
11,US0->CS48,51692,51692,0
11,US0->CS56,52091,52091,0
11,US1->CS1,51803,51803,0
11,US1->CS9,51969,51969,0
11,US1->CS17,51709,51709,0
11,US1->CS25,51502,51502,0
11,US1->CS33,51672,51672,0
11,US1->CS41,51316,51316,0
11,US1->CS49,51603,51603,0
11,US1->CS57,51612,51612,0
11,US2->CS2,51475,51475,0
11,US2->CS10,51478,51478,0
11,US2->CS18,51338,51338,0
11,US2->CS26,52013,52013,0
11,US2->CS34,52200,52200,0
11,US2->CS42,51661,51661,0
11,US2->CS50,51874,51874,0
11,US2->CS58,52141,52141,0
11,US3->CS3,51538,51538,0
11,US3->CS11,51935,51935,0
11,US3->CS19,51580,51580,0
11,US3->CS27,51947,51947,0
11,US3->CS35,51951,51951,0
11,US3->CS43,51638,51638,0
11,US3->CS51,51678,51678,0
11,US3->CS59,51552,51552,0
11,US4->CS4,51429,51429,0
11,US4->CS12,52036,52036,0
11,US4->CS20,51571,51571,0
11,US4->CS28,51465,51465,0
11,US4->CS36,51959,51959,0
11,US4->CS44,51743,51743,0
11,US4->CS52,51932,51932,0
11,US4->CS60,51629,51629,0
11,US5->CS5,51842,51842,0
11,US5->CS13,52103,52103,0
11,US5->CS21,51730,51730,0
11,US5->CS29,51904,51904,0
11,US5->CS37,51564,51564,0
11,US5->CS45,51879,51879,0
11,US5->CS53,51744,51744,0
11,US5->CS61,52145,52145,0
11,US6->CS6,51877,51877,0
11,US6->CS14,52060,52060,0
11,US6->CS22,51636,51636,0
11,US6->CS30,51697,51697,0
11,US6->CS38,51652,51652,0
11,US6->CS46,51718,51718,0
11,US6->CS54,51508,51508,0
11,US6->CS62,51642,51642,0
11,US7->CS7,52005,52005,0
11,US7->CS15,51763,51763,0
11,US7->CS23,51697,51697,0
11,US7->CS31,51642,51642,0
11,US7->CS39,51628,51628,0
11,US7->CS47,52129,52129,0
11,US7->CS55,51348,51348,0
11,US7->CS63,51916,51916,0
11,US8->CS0,56648,56648,0
11,US8->CS8,56733,56733,0
11,US8->CS16,57201,57201,0
11,US8->CS24,56573,56573,0
11,US8->CS32,57054,57054,0
11,US8->CS40,56811,56811,0
11,US8->CS48,57033,57033,0
11,US8->CS56,56767,56767,0
11,US9->CS1,56329,56329,0
11,US9->CS9,56661,56661,0
11,US9->CS17,56877,56877,0
11,US9->CS25,56735,56735,0
11,US9->CS33,56098,56098,0
11,US9->CS41,57043,57043,0
11,US9->CS49,56632,56632,0
11,US9->CS57,56736,56736,0
11,US10->CS2,56831,56831,0
11,US10->CS10,56950,56950,0
11,US10->CS18,56911,56911,0
11,US10->CS26,56651,56651,0
11,US10->CS34,57062,57062,0
11,US10->CS42,57065,57065,0
11,US10->CS50,57228,57228,0
11,US10->CS58,56641,56641,0
11,US11->CS3,56853,56853,0
11,US11->CS11,56802,56802,0
11,US11->CS19,56726,56726,0
11,US11->CS27,56931,56931,0
11,US11->CS35,56625,56625,0
11,US11->CS43,56767,56767,0
11,US11->CS51,56908,56908,0
11,US11->CS59,56952,56952,0
11,US12->CS4,57166,57166,0
11,US12->CS12,56989,56989,0
11,US12->CS20,56610,56610,0
11,US12->CS28,56670,56670,0
11,US12->CS36,57006,57006,0
11,US12->CS44,57081,57081,0
11,US12->CS52,56867,56867,0
11,US12->CS60,56048,56048,0
11,US13->CS5,56774,56774,0
11,US13->CS13,56542,56542,0
11,US13->CS21,56354,56354,0
11,US13->CS29,56742,56742,0
11,US13->CS37,57120,57120,0
11,US13->CS45,57306,57306,0
11,US13->CS53,56780,56780,0
11,US13->CS61,56368,56368,0
11,US14->CS6,56606,56606,0
11,US14->CS14,56865,56865,0
11,US14->CS22,57140,57140,0
11,US14->CS30,56993,56993,0
11,US14->CS38,57272,57272,0
11,US14->CS46,57416,57416,0
11,US14->CS54,56932,56932,0
11,US14->CS62,56913,56913,0
11,US15->CS7,56797,56797,0
11,US15->CS15,56951,56951,0
11,US15->CS23,57107,57107,0
11,US15->CS31,56932,56932,0
11,US15->CS39,56717,56717,0
11,US15->CS47,56702,56702,0
11,US15->CS55,56937,56937,0
11,US15->CS63,57027,57027,0
11,US16->CS0,53480,53480,0
11,US16->CS8,53473,53473,0
11,US16->CS16,53614,53614,0
11,US16->CS24,53577,53577,0
11,US16->CS32,53512,53512,0
11,US16->CS40,53281,53281,0
11,US16->CS48,53773,53773,0
11,US16->CS56,53806,53806,0
11,US17->CS1,53649,53649,0
11,US17->CS9,53432,53432,0
11,US17->CS17,53557,53557,0
11,US17->CS25,54107,54107,0
11,US17->CS33,53673,53673,0
11,US17->CS41,53689,53689,0
11,US17->CS49,53501,53501,0
11,US17->CS57,53819,53819,0
11,US18->CS2,53615,53615,0
11,US18->CS10,53393,53393,0
11,US18->CS18,53583,53583,0
11,US18->CS26,53329,53329,0
11,US18->CS34,53722,53722,0
11,US18->CS42,53834,53834,0
11,US18->CS50,53325,53325,0
11,US18->CS58,53922,53922,0
11,US19->CS3,53497,53497,0
11,US19->CS11,53278,53278,0
11,US19->CS19,53877,53877,0
11,US19->CS27,53577,53577,0
11,US19->CS35,54064,54064,0
11,US19->CS43,53765,53765,0
11,US19->CS51,53601,53601,0
11,US19->CS59,53650,53650,0
11,US20->CS4,54160,54160,0
11,US20->CS12,53362,53362,0
11,US20->CS20,53968,53968,0
11,US20->CS28,53881,53881,0
11,US20->CS36,53376,53376,0
11,US20->CS44,53594,53594,0
11,US20->CS52,53687,53687,0
11,US20->CS60,53264,53264,0
11,US21->CS5,54261,54261,0
11,US21->CS13,53549,53549,0
11,US21->CS21,53832,53832,0
11,US21->CS29,53315,53315,0
11,US21->CS37,53457,53457,0
11,US21->CS45,53728,53728,0
11,US21->CS53,53389,53389,0
11,US21->CS61,53577,53577,0
11,US22->CS6,53558,53558,0
11,US22->CS14,53905,53905,0
11,US22->CS22,53699,53699,0
11,US22->CS30,53422,53422,0
11,US22->CS38,53518,53518,0
11,US22->CS46,53798,53798,0
11,US22->CS54,53514,53514,0
11,US22->CS62,53634,53634,0
11,US23->CS7,53809,53809,0
11,US23->CS15,53790,53790,0
11,US23->CS23,53753,53753,0
11,US23->CS31,53752,53752,0
11,US23->CS39,54144,54144,0
11,US23->CS47,53727,53727,0
11,US23->CS55,53548,53548,0
11,US23->CS63,53732,53732,0
11,US24->CS0,50489,50489,0
11,US24->CS8,51029,51029,0
11,US24->CS16,51176,51176,0
11,US24->CS24,51352,51352,0
11,US24->CS32,50659,50659,0
11,US24->CS40,50527,50527,0
11,US24->CS48,50669,50669,0
11,US24->CS56,50724,50724,0
11,US25->CS1,51066,51066,0
11,US25->CS9,50292,50292,0
11,US25->CS17,51022,51022,0
11,US25->CS25,50714,50714,0
11,US25->CS33,50530,50530,0
11,US25->CS41,50554,50554,0
11,US25->CS49,50726,50726,0
11,US25->CS57,50916,50916,0
11,US26->CS2,50410,50410,0
11,US26->CS10,50697,50697,0
11,US26->CS18,50852,50852,0
11,US26->CS26,50839,50839,0
11,US26->CS34,50782,50782,0
11,US26->CS42,50909,50909,0
11,US26->CS50,50273,50273,0
11,US26->CS58,50890,50890,0
11,US27->CS3,50710,50710,0
11,US27->CS11,51006,51006,0
11,US27->CS19,51230,51230,0
11,US27->CS27,50839,50839,0
11,US27->CS35,51102,51102,0
11,US27->CS43,51085,51085,0
11,US27->CS51,50686,50686,0
11,US27->CS59,51185,51185,0
11,US28->CS4,50481,50481,0
11,US28->CS12,50576,50576,0
11,US28->CS20,50962,50962,0
11,US28->CS28,51056,51056,0
11,US28->CS36,50582,50582,0
11,US28->CS44,50989,50989,0
11,US28->CS52,50711,50711,0
11,US28->CS60,51040,51040,0
11,US29->CS5,50634,50634,0
11,US29->CS13,50906,50906,0
11,US29->CS21,50875,50875,0
11,US29->CS29,50552,50552,0
11,US29->CS37,50786,50786,0
11,US29->CS45,50679,50679,0
11,US29->CS53,50617,50617,0
11,US29->CS61,50865,50865,0
11,US30->CS6,51371,51371,0
11,US30->CS14,50895,50895,0
11,US30->CS22,50563,50563,0
11,US30->CS30,51062,51062,0
11,US30->CS38,50654,50654,0
11,US30->CS46,51064,51064,0
11,US30->CS54,50426,50426,0
11,US30->CS62,50679,50679,0
11,US31->CS7,51035,51035,0
11,US31->CS15,50821,50821,0
11,US31->CS23,50970,50970,0
11,US31->CS31,50869,50869,0
11,US31->CS39,50708,50708,0
11,US31->CS47,50864,50864,0
11,US31->CS55,50904,50904,0
11,US31->CS63,50965,50965,0
11,US32->CS0,39854,39854,0
11,US32->CS8,40062,40062,0
11,US32->CS16,40065,40065,0
11,US32->CS24,39716,39715,0
11,US32->CS32,39751,39751,0
11,US32->CS40,40224,40224,0
11,US32->CS48,39674,39674,0
11,US32->CS56,39724,39724,0
11,US33->CS1,39851,39850,0
11,US33->CS9,39741,39741,0
11,US33->CS17,39827,39826,0
11,US33->CS25,39921,39919,0
11,US33->CS33,39919,39917,0
11,US33->CS41,39782,39782,0
11,US33->CS49,40209,40209,0
11,US33->CS57,40094,40093,0
11,US34->CS2,39904,39904,0
11,US34->CS10,40049,40049,0
11,US34->CS18,39866,39866,0
11,US34->CS26,39779,39779,0
11,US34->CS34,39706,39705,0
11,US34->CS42,40147,40147,0
11,US34->CS50,40102,40101,0
11,US34->CS58,40445,40445,0
11,US35->CS3,40158,40158,0
11,US35->CS11,40059,40059,0
11,US35->CS19,40235,40235,0
11,US35->CS27,39779,39778,0
11,US35->CS35,40134,40134,0
11,US35->CS43,39936,39936,0
11,US35->CS51,39837,39837,0
11,US35->CS59,40180,40180,0
11,US36->CS4,39854,39854,0
11,US36->CS12,40071,40069,0
11,US36->CS20,39676,39675,0
11,US36->CS28,40435,40434,0
11,US36->CS36,39958,39957,0
11,US36->CS44,40050,40049,0
11,US36->CS52,39698,39698,0
11,US36->CS60,39632,39632,0
11,US37->CS5,40103,40103,0
11,US37->CS13,39573,39572,0
11,US37->CS21,40299,40298,0
11,US37->CS29,39845,39845,0
11,US37->CS37,39927,39925,0
11,US37->CS45,39832,39831,0
11,US37->CS53,40221,40219,0
11,US37->CS61,39962,39961,0
11,US38->CS6,39798,39798,0
11,US38->CS14,40172,40172,0
11,US38->CS22,40167,40167,0
11,US38->CS30,40021,40021,0
11,US38->CS38,40136,40136,0
11,US38->CS46,39997,39997,0
11,US38->CS54,40143,40141,0
11,US38->CS62,40254,40253,0
11,US39->CS7,39914,39914,0
11,US39->CS15,39601,39601,0
11,US39->CS23,40167,40166,0
11,US39->CS31,39910,39909,0
11,US39->CS39,39628,39628,0
11,US39->CS47,39895,39894,0
11,US39->CS55,39651,39651,0
11,US39->CS63,40006,40004,0
11,US40->CS0,53368,53368,0
11,US40->CS8,53581,53581,0
11,US40->CS16,53231,53231,0
11,US40->CS24,53732,53732,0
11,US40->CS32,53408,53408,0
11,US40->CS40,53744,53744,0
11,US40->CS48,53442,53442,0
11,US40->CS56,53547,53547,0
11,US41->CS1,53539,53539,0
11,US41->CS9,54007,54007,0
11,US41->CS17,53269,53269,0
11,US41->CS25,53396,53396,0
11,US41->CS33,53458,53458,0
11,US41->CS41,53490,53490,0
11,US41->CS49,52609,52609,0
11,US41->CS57,53694,53694,0
11,US42->CS2,53304,53304,0
11,US42->CS10,53238,53238,0
11,US42->CS18,53174,53174,0
11,US42->CS26,53364,53364,0
11,US42->CS34,53421,53421,0
11,US42->CS42,53557,53557,0
11,US42->CS50,53757,53757,0
11,US42->CS58,53423,53423,0
11,US43->CS3,53377,53377,0
11,US43->CS11,53552,53552,0
11,US43->CS19,53403,53403,0
11,US43->CS27,53296,53296,0
11,US43->CS35,53349,53349,0
11,US43->CS43,53369,53369,0
11,US43->CS51,53293,53293,0
11,US43->CS59,53293,53293,0
11,US44->CS4,53427,53427,0
11,US44->CS12,53159,53159,0
11,US44->CS20,53589,53589,0
11,US44->CS28,53747,53747,0
11,US44->CS36,53097,53097,0
11,US44->CS44,53480,53480,0
11,US44->CS52,53501,53501,0
11,US44->CS60,53329,53329,0
11,US45->CS5,53584,53584,0
11,US45->CS13,53168,53168,0
11,US45->CS21,53674,53674,0
11,US45->CS29,53235,53235,0
11,US45->CS37,53079,53079,0
11,US45->CS45,53525,53525,0
11,US45->CS53,53536,53536,0
11,US45->CS61,53275,53275,0
11,US46->CS6,53480,53480,0
11,US46->CS14,53512,53512,0
11,US46->CS22,53518,53518,0
11,US46->CS30,53579,53579,0
11,US46->CS38,53244,53244,0
11,US46->CS46,53672,53672,0
11,US46->CS54,53849,53849,0
11,US46->CS62,53728,53728,0
11,US47->CS7,53341,53341,0
11,US47->CS15,53357,53357,0
11,US47->CS23,53546,53546,0
11,US47->CS31,53906,53906,0
11,US47->CS39,53552,53552,0
11,US47->CS47,53461,53461,0
11,US47->CS55,53852,53852,0
11,US47->CS63,53618,53618,0
11,US48->CS0,51566,51566,0
11,US48->CS8,51516,51516,0
11,US48->CS16,51314,51314,0
11,US48->CS24,51972,51972,0
11,US48->CS32,51785,51785,0
11,US48->CS40,51811,51811,0
11,US48->CS48,51791,51791,0
11,US48->CS56,51851,51851,0
11,US49->CS1,51543,51543,0
11,US49->CS9,52100,52100,0
11,US49->CS17,51889,51889,0
11,US49->CS25,51585,51585,0
11,US49->CS33,51895,51895,0
11,US49->CS41,51962,51962,0
11,US49->CS49,51836,51836,0
11,US49->CS57,51584,51584,0
11,US50->CS2,51792,51792,0
11,US50->CS10,51352,51352,0
11,US50->CS18,51531,51531,0
11,US50->CS26,51852,51852,0
11,US50->CS34,51893,51893,0
11,US50->CS42,51546,51546,0
11,US50->CS50,52011,52011,0
11,US50->CS58,51772,51772,0
11,US51->CS3,51635,51635,0
11,US51->CS11,51633,51633,0
11,US51->CS19,51401,51401,0
11,US51->CS27,51901,51901,0
11,US51->CS35,51859,51859,0
11,US51->CS43,51434,51434,0
11,US51->CS51,52168,52168,0
11,US51->CS59,51446,51446,0
11,US52->CS4,52011,52011,0
11,US52->CS12,52180,52180,0
11,US52->CS20,51611,51611,0
11,US52->CS28,51782,51782,0
11,US52->CS36,51958,51958,0
11,US52->CS44,51451,51451,0
11,US52->CS52,51980,51980,0
11,US52->CS60,51495,51495,0
11,US53->CS5,51666,51666,0
11,US53->CS13,51907,51907,0
11,US53->CS21,51727,51727,0
11,US53->CS29,51527,51527,0
11,US53->CS37,52053,52053,0
11,US53->CS45,51502,51502,0
11,US53->CS53,52229,52229,0
11,US53->CS61,51947,51947,0
11,US54->CS6,52045,52045,0
11,US54->CS14,51808,51808,0
11,US54->CS22,51903,51903,0
11,US54->CS30,51681,51681,0
11,US54->CS38,51633,51633,0
11,US54->CS46,51583,51583,0
11,US54->CS54,51753,51753,0
11,US54->CS62,51471,51471,0
11,US55->CS7,51822,51822,0
11,US55->CS15,52215,52215,0
11,US55->CS23,51839,51839,0
11,US55->CS31,51425,51425,0
11,US55->CS39,51677,51677,0
11,US55->CS47,51553,51553,0
11,US55->CS55,51644,51644,0
11,US55->CS63,52292,52292,0
11,US56->CS0,51561,51561,0
11,US56->CS8,50972,50972,0
11,US56->CS16,51196,51196,0
11,US56->CS24,51580,51580,0
11,US56->CS32,51249,51249,0
11,US56->CS40,51100,51100,0
11,US56->CS48,51285,51285,0
11,US56->CS56,51479,51479,0
11,US57->CS1,51141,51141,0
11,US57->CS9,51779,51779,0
11,US57->CS17,51148,51148,0
11,US57->CS25,51080,51080,0
11,US57->CS33,51301,51301,0
11,US57->CS41,51308,51308,0
11,US57->CS49,51266,51266,0
11,US57->CS57,51348,51348,0
11,US58->CS2,51368,51368,0
11,US58->CS10,51260,51260,0
11,US58->CS18,51181,51181,0
11,US58->CS26,51244,51244,0
11,US58->CS34,51372,51372,0
11,US58->CS42,50901,50901,0
11,US58->CS50,51742,51742,0
11,US58->CS58,51157,51157,0
11,US59->CS3,51382,51382,0
11,US59->CS11,51359,51359,0
11,US59->CS19,51137,51137,0
11,US59->CS27,51223,51223,0
11,US59->CS35,51425,51425,0
11,US59->CS43,50874,50874,0
11,US59->CS51,51099,51099,0
11,US59->CS59,51322,51322,0
11,US60->CS4,51209,51209,0
11,US60->CS12,51060,51060,0
11,US60->CS20,51228,51228,0
11,US60->CS28,51392,51392,0
11,US60->CS36,51309,51309,0
11,US60->CS44,51410,51410,0
11,US60->CS52,51466,51466,0
11,US60->CS60,51289,51289,0
11,US61->CS5,51164,51164,0
11,US61->CS13,51271,51271,0
11,US61->CS21,51708,51708,0
11,US61->CS29,51075,51075,0
11,US61->CS37,51412,51412,0
11,US61->CS45,51259,51259,0
11,US61->CS53,51233,51233,0
11,US61->CS61,50498,50498,0
11,US62->CS6,51345,51345,0
11,US62->CS14,51201,51201,0
11,US62->CS22,51400,51400,0
11,US62->CS30,51079,51079,0
11,US62->CS38,51008,51008,0
11,US62->CS46,51040,51040,0
11,US62->CS54,51194,51194,0
11,US62->CS62,51359,51359,0
11,US63->CS7,51259,51259,0
11,US63->CS15,51109,51109,0
11,US63->CS23,51234,51234,0
11,US63->CS31,51350,51350,0
11,US63->CS39,51552,51552,0
11,US63->CS47,51628,51628,0
11,US63->CS55,50893,50893,0
11,US63->CS63,50901,50901,0
11,US64->CS0,39603,39602,0
11,US64->CS8,39401,39401,0
11,US64->CS16,39579,39579,0
11,US64->CS24,39368,39366,0
11,US64->CS32,39611,39609,0
11,US64->CS40,39399,39399,0
11,US64->CS48,39280,39280,0
11,US64->CS56,39417,39417,0
11,US65->CS1,39384,39383,0
11,US65->CS9,39384,39382,0
11,US65->CS17,39358,39357,0
11,US65->CS25,39539,39539,0
11,US65->CS33,39330,39330,0
11,US65->CS41,39239,39239,0
11,US65->CS49,39102,39102,0
11,US65->CS57,39375,39375,0
11,US66->CS2,39595,39594,0
11,US66->CS10,39489,39488,0
11,US66->CS18,39441,39440,0
11,US66->CS26,39468,39468,0
11,US66->CS34,39332,39331,0
11,US66->CS42,39484,39484,0
11,US66->CS50,39881,39878,0
11,US66->CS58,39454,39453,0
11,US67->CS3,39628,39628,0
11,US67->CS11,39359,39359,0
11,US67->CS19,39205,39205,0
11,US67->CS27,39334,39334,0
11,US67->CS35,39421,39419,0
11,US67->CS43,39523,39523,0
11,US67->CS51,39240,39239,0
11,US67->CS59,39317,39317,0
11,US68->CS4,39529,39529,0
11,US68->CS12,39682,39682,0
11,US68->CS20,39501,39501,0
11,US68->CS28,39528,39528,0
11,US68->CS36,39221,39221,0
11,US68->CS44,39141,39141,0
11,US68->CS52,39063,39063,0
11,US68->CS60,39331,39331,0
11,US69->CS5,39025,39025,0
11,US69->CS13,39515,39515,0
11,US69->CS21,39673,39672,0
11,US69->CS29,39530,39530,0
11,US69->CS37,39600,39600,0
11,US69->CS45,39579,39578,0
11,US69->CS53,39753,39753,0
11,US69->CS61,38988,38987,0
11,US70->CS6,39243,39242,0
11,US70->CS14,39305,39305,0
11,US70->CS22,39581,39581,0
11,US70->CS30,39413,39412,0
11,US70->CS38,39565,39564,0
11,US70->CS46,39037,39037,0
11,US70->CS54,39798,39798,0
11,US70->CS62,39311,39309,0
11,US71->CS7,39292,39292,0
11,US71->CS15,39743,39743,0
11,US71->CS23,39265,39265,0
11,US71->CS31,39755,39755,0
11,US71->CS39,39468,39468,0
11,US71->CS47,39408,39408,0
11,US71->CS55,39490,39490,0
11,US71->CS63,39281,39280,0
11,US72->CS0,51131,51131,0
11,US72->CS8,51304,51304,0
11,US72->CS16,50702,50702,0
11,US72->CS24,51162,51162,0
11,US72->CS32,51214,51214,0
11,US72->CS40,50827,50827,0
11,US72->CS48,51045,51045,0
11,US72->CS56,50606,50606,0
11,US73->CS1,51000,51000,0
11,US73->CS9,50962,50962,0
11,US73->CS17,51164,51164,0
11,US73->CS25,51126,51126,0
11,US73->CS33,50828,50828,0
11,US73->CS41,51319,51319,0
11,US73->CS49,51134,51134,0
11,US73->CS57,51165,51165,0
11,US74->CS2,50725,50725,0
11,US74->CS10,50992,50992,0
11,US74->CS18,51202,51202,0
11,US74->CS26,50878,50878,0
11,US74->CS34,51055,51055,0
11,US74->CS42,51004,51004,0
11,US74->CS50,51246,51246,0
11,US74->CS58,50887,50887,0
11,US75->CS3,50801,50801,0
11,US75->CS11,51116,51116,0
11,US75->CS19,51183,51183,0
11,US75->CS27,50632,50632,0
11,US75->CS35,50951,50951,0
11,US75->CS43,50922,50922,0
11,US75->CS51,50979,50979,0
11,US75->CS59,50686,50686,0
11,US76->CS4,50916,50916,0
11,US76->CS12,51091,51091,0
11,US76->CS20,50833,50833,0
11,US76->CS28,51054,51054,0
11,US76->CS36,50986,50986,0
11,US76->CS44,50779,50779,0
11,US76->CS52,50922,50922,0
11,US76->CS60,51219,51219,0
11,US77->CS5,51316,51316,0
11,US77->CS13,50632,50632,0
11,US77->CS21,50559,50559,0
11,US77->CS29,50527,50527,0
11,US77->CS37,50882,50882,0
11,US77->CS45,50962,50962,0
11,US77->CS53,50488,50488,0
11,US77->CS61,50677,50677,0
11,US78->CS6,51060,51060,0
11,US78->CS14,50531,50531,0
11,US78->CS22,51054,51054,0
11,US78->CS30,51022,51022,0
11,US78->CS38,50705,50705,0
11,US78->CS46,50984,50984,0
11,US78->CS54,50829,50829,0
11,US78->CS62,50882,50882,0
11,US79->CS7,51133,51133,0
11,US79->CS15,51231,51231,0
11,US79->CS23,50866,50866,0
11,US79->CS31,50828,50828,0
11,US79->CS39,50851,50851,0
11,US79->CS47,50735,50735,0
11,US79->CS55,50915,50915,0
11,US79->CS63,50985,50985,0
11,US80->CS0,50320,50320,0
11,US80->CS8,50453,50453,0
11,US80->CS16,50492,50492,0
11,US80->CS24,50397,50397,0
11,US80->CS32,50882,50882,0
11,US80->CS40,50150,50150,0
11,US80->CS48,50649,50649,0
11,US80->CS56,50460,50460,0
11,US81->CS1,50167,50167,0
11,US81->CS9,50679,50679,0
11,US81->CS17,50599,50599,0
11,US81->CS25,50338,50338,0
11,US81->CS33,51031,51031,0
11,US81->CS41,50586,50586,0
11,US81->CS49,50543,50543,0
11,US81->CS57,50545,50545,0
11,US82->CS2,50617,50617,0
11,US82->CS10,50395,50395,0
11,US82->CS18,50791,50791,0
11,US82->CS26,50232,50232,0
11,US82->CS34,50335,50335,0
11,US82->CS42,50520,50520,0
11,US82->CS50,49993,49993,0
11,US82->CS58,50640,50640,0
11,US83->CS3,50535,50535,0
11,US83->CS11,50359,50359,0
11,US83->CS19,50277,50277,0
11,US83->CS27,50546,50546,0
11,US83->CS35,50806,50806,0
11,US83->CS43,50895,50895,0
11,US83->CS51,50383,50383,0
11,US83->CS59,50373,50373,0
11,US84->CS4,50888,50888,0
11,US84->CS12,50748,50748,0
11,US84->CS20,50478,50478,0
11,US84->CS28,50480,50480,0
11,US84->CS36,50742,50742,0
11,US84->CS44,50891,50891,0
11,US84->CS52,50678,50678,0
11,US84->CS60,50690,50690,0
11,US85->CS5,50868,50868,0
11,US85->CS13,50565,50565,0
11,US85->CS21,50781,50781,0
11,US85->CS29,51067,51067,0
11,US85->CS37,50224,50224,0
11,US85->CS45,50559,50559,0
11,US85->CS53,50416,50416,0
11,US85->CS61,50708,50708,0
11,US86->CS6,50802,50802,0
11,US86->CS14,50499,50499,0
11,US86->CS22,50729,50729,0
11,US86->CS30,50538,50538,0
11,US86->CS38,50648,50648,0
11,US86->CS46,50250,50250,0
11,US86->CS54,50409,50409,0
11,US86->CS62,50612,50612,0
11,US87->CS7,50187,50187,0
11,US87->CS15,50411,50411,0
11,US87->CS23,50603,50603,0
11,US87->CS31,50340,50340,0
11,US87->CS39,50456,50456,0
11,US87->CS47,50822,50822,0
11,US87->CS55,50787,50787,0
11,US87->CS63,50689,50689,0
11,US88->CS0,50840,50840,0
11,US88->CS8,50816,50816,0
11,US88->CS16,51255,51255,0
11,US88->CS24,51424,51424,0
11,US88->CS32,50937,50937,0
11,US88->CS40,50829,50829,0
11,US88->CS48,50751,50751,0
11,US88->CS56,51082,51082,0
11,US89->CS1,51001,51001,0
11,US89->CS9,50996,50996,0
11,US89->CS17,51064,51064,0
11,US89->CS25,51059,51059,0
11,US89->CS33,51183,51183,0
11,US89->CS41,51206,51206,0
11,US89->CS49,51256,51256,0
11,US89->CS57,50903,50903,0
11,US90->CS2,51062,51062,0
11,US90->CS10,51129,51129,0
11,US90->CS18,51059,51059,0
11,US90->CS26,50442,50442,0
11,US90->CS34,50883,50883,0
11,US90->CS42,50734,50734,0
11,US90->CS50,51125,51125,0
11,US90->CS58,51477,51477,0
11,US91->CS3,50983,50983,0
11,US91->CS11,51068,51068,0
11,US91->CS19,50861,50861,0
11,US91->CS27,50800,50800,0
11,US91->CS35,50991,50991,0
11,US91->CS43,50908,50908,0
11,US91->CS51,51012,51012,0
11,US91->CS59,51134,51134,0
11,US92->CS4,50634,50634,0
11,US92->CS12,51412,51412,0
11,US92->CS20,51224,51224,0
11,US92->CS28,51002,51002,0
11,US92->CS36,50829,50829,0
11,US92->CS44,51005,51005,0
11,US92->CS52,51151,51151,0
11,US92->CS60,50898,50898,0
11,US93->CS5,51248,51248,0
11,US93->CS13,50893,50893,0
11,US93->CS21,51310,51310,0
11,US93->CS29,50952,50952,0
11,US93->CS37,51010,51010,0
11,US93->CS45,50772,50772,0
11,US93->CS53,50906,50906,0
11,US93->CS61,51356,51356,0
11,US94->CS6,51261,51261,0
11,US94->CS14,50859,50859,0
11,US94->CS22,51224,51224,0
11,US94->CS30,50913,50913,0
11,US94->CS38,51256,51256,0
11,US94->CS46,50952,50952,0
11,US94->CS54,51130,51130,0
11,US94->CS62,50969,50969,0
11,US95->CS7,51055,51055,0
11,US95->CS15,50994,50994,0
11,US95->CS23,50996,50996,0
11,US95->CS31,51090,51090,0
11,US95->CS39,51102,51102,0
11,US95->CS47,50919,50919,0
11,US95->CS55,50955,50955,0
11,US95->CS63,50811,50811,0
11,US96->CS0,50602,50602,0
11,US96->CS8,50870,50870,0
11,US96->CS16,50359,50359,0
11,US96->CS24,50563,50563,0
11,US96->CS32,50630,50630,0
11,US96->CS40,50845,50845,0
11,US96->CS48,50835,50835,0
11,US96->CS56,50589,50589,0
11,US97->CS1,51391,51391,0
11,US97->CS9,50841,50841,0
11,US97->CS17,50730,50730,0
11,US97->CS25,50620,50620,0
11,US97->CS33,50618,50618,0
11,US97->CS41,50609,50609,0
11,US97->CS49,50727,50727,0
11,US97->CS57,50694,50694,0
11,US98->CS2,50951,50951,0
11,US98->CS10,50646,50646,0
11,US98->CS18,50639,50639,0
11,US98->CS26,50757,50757,0
11,US98->CS34,50845,50845,0
11,US98->CS42,50763,50763,0
11,US98->CS50,50817,50817,0
11,US98->CS58,50639,50639,0
11,US99->CS3,50662,50662,0
11,US99->CS11,50931,50931,0
11,US99->CS19,50857,50857,0
11,US99->CS27,50949,50949,0
11,US99->CS35,50863,50863,0
11,US99->CS43,50229,50229,0
11,US99->CS51,51013,51013,0
11,US99->CS59,50894,50894,0
11,US100->CS4,50506,50506,0
11,US100->CS12,50555,50555,0
11,US100->CS20,50857,50857,0
11,US100->CS28,51272,51272,0
11,US100->CS36,50840,50840,0
11,US100->CS44,50657,50657,0
11,US100->CS52,50425,50425,0
11,US100->CS60,51019,51019,0
11,US101->CS5,50771,50771,0
11,US101->CS13,51007,51007,0
11,US101->CS21,50846,50846,0
11,US101->CS29,50798,50798,0
11,US101->CS37,50842,50842,0
11,US101->CS45,50792,50792,0
11,US101->CS53,50559,50559,0
11,US101->CS61,50979,50979,0
11,US102->CS6,51015,51015,0
11,US102->CS14,50887,50887,0
11,US102->CS22,50713,50713,0
11,US102->CS30,51226,51226,0
11,US102->CS38,51122,51122,0
11,US102->CS46,50605,50605,0
11,US102->CS54,50714,50714,0
11,US102->CS62,50509,50509,0
11,US103->CS7,50677,50677,0
11,US103->CS15,50960,50960,0
11,US103->CS23,50816,50816,0
11,US103->CS31,50386,50386,0
11,US103->CS39,50883,50883,0
11,US103->CS47,50663,50663,0
11,US103->CS55,50418,50418,0
11,US103->CS63,50880,50880,0
11,US104->CS0,50595,50595,0
11,US104->CS8,50873,50873,0
11,US104->CS16,50886,50886,0
11,US104->CS24,51092,51092,0
11,US104->CS32,50676,50676,0
11,US104->CS40,50797,50797,0
11,US104->CS48,50451,50451,0
11,US104->CS56,50986,50986,0
11,US105->CS1,50933,50933,0
11,US105->CS9,50728,50728,0
11,US105->CS17,50177,50177,0
11,US105->CS25,50447,50447,0
11,US105->CS33,50540,50540,0
11,US105->CS41,51034,51034,0
11,US105->CS49,50927,50927,0
11,US105->CS57,50625,50625,0
11,US106->CS2,50694,50694,0
11,US106->CS10,50687,50687,0
11,US106->CS18,50715,50715,0
11,US106->CS26,50544,50544,0
11,US106->CS34,50802,50802,0
11,US106->CS42,50509,50509,0
11,US106->CS50,50356,50356,0
11,US106->CS58,50405,50405,0
11,US107->CS3,50907,50907,0
11,US107->CS11,50713,50713,0
11,US107->CS19,50774,50774,0
11,US107->CS27,50751,50751,0
11,US107->CS35,50433,50433,0
11,US107->CS43,50877,50877,0
11,US107->CS51,50593,50593,0
11,US107->CS59,50788,50788,0
11,US108->CS4,50234,50234,0
11,US108->CS12,50948,50948,0
11,US108->CS20,50645,50645,0
11,US108->CS28,50766,50766,0
11,US108->CS36,50636,50636,0
11,US108->CS44,50780,50780,0
11,US108->CS52,50376,50376,0
11,US108->CS60,50428,50428,0
11,US109->CS5,50993,50993,0
11,US109->CS13,50554,50554,0
11,US109->CS21,50775,50775,0
11,US109->CS29,51098,51098,0
11,US109->CS37,50647,50647,0
11,US109->CS45,50838,50838,0
11,US109->CS53,50846,50846,0
11,US109->CS61,50808,50808,0
11,US110->CS6,50939,50939,0
11,US110->CS14,50080,50080,0
11,US110->CS22,50193,50193,0
11,US110->CS30,50805,50805,0
11,US110->CS38,50620,50620,0
11,US110->CS46,50895,50895,0
11,US110->CS54,50774,50774,0
11,US110->CS62,50681,50681,0
11,US111->CS7,50542,50542,0
11,US111->CS15,50253,50253,0
11,US111->CS23,51024,51024,0
11,US111->CS31,50551,50551,0
11,US111->CS39,50413,50413,0
11,US111->CS47,50473,50473,0
11,US111->CS55,50658,50658,0
11,US111->CS63,50724,50724,0
11,US112->CS0,53948,53948,0
11,US112->CS8,53922,53922,0
11,US112->CS16,53892,53892,0
11,US112->CS24,54054,54054,0
11,US112->CS32,54048,54048,0
11,US112->CS40,54098,54098,0
11,US112->CS48,54045,54045,0
11,US112->CS56,53683,53683,0
11,US113->CS1,53967,53967,0
11,US113->CS9,53765,53765,0
11,US113->CS17,53930,53930,0
11,US113->CS25,54054,54054,0
11,US113->CS33,53960,53960,0
11,US113->CS41,53551,53551,0
11,US113->CS49,54015,54015,0
11,US113->CS57,53583,53583,0
11,US114->CS2,53936,53936,0
11,US114->CS10,53813,53813,0
11,US114->CS18,53993,53993,0
11,US114->CS26,53836,53836,0
11,US114->CS34,53882,53882,0
11,US114->CS42,53808,53808,0
11,US114->CS50,54211,54211,0
11,US114->CS58,54165,54165,0
11,US115->CS3,54571,54571,0
11,US115->CS11,54318,54318,0
11,US115->CS19,53956,53956,0
11,US115->CS27,53765,53765,0
11,US115->CS35,53813,53813,0
11,US115->CS43,53962,53962,0
11,US115->CS51,53882,53882,0
11,US115->CS59,54163,54163,0
11,US116->CS4,53948,53948,0
11,US116->CS12,53725,53725,0
11,US116->CS20,53803,53803,0
11,US116->CS28,54173,54173,0
11,US116->CS36,53888,53888,0
11,US116->CS44,53939,53939,0
11,US116->CS52,54195,54195,0
11,US116->CS60,53986,53986,0
11,US117->CS5,53849,53849,0
11,US117->CS13,53596,53596,0
11,US117->CS21,54350,54350,0
11,US117->CS29,54345,54345,0
11,US117->CS37,53915,53915,0
11,US117->CS45,54123,54123,0
11,US117->CS53,54195,54195,0
11,US117->CS61,53584,53584,0
11,US118->CS6,54503,54503,0
11,US118->CS14,53808,53808,0
11,US118->CS22,54027,54027,0
11,US118->CS30,53827,53827,0
11,US118->CS38,54278,54278,0
11,US118->CS46,54040,54040,0
11,US118->CS54,54083,54083,0
11,US118->CS62,53813,53813,0
11,US119->CS7,53807,53807,0
11,US119->CS15,53848,53848,0
11,US119->CS23,53953,53953,0
11,US119->CS31,53701,53701,0
11,US119->CS39,54097,54097,0
11,US119->CS47,53945,53945,0
11,US119->CS55,54016,54016,0
11,US119->CS63,54045,54045,0
11,US120->CS0,51045,51045,0
11,US120->CS8,50813,50813,0
11,US120->CS16,50827,50827,0
11,US120->CS24,50947,50947,0
11,US120->CS32,50837,50837,0
11,US120->CS40,50404,50404,0
11,US120->CS48,50393,50393,0
11,US120->CS56,50832,50832,0
11,US121->CS1,50778,50778,0
11,US121->CS9,50513,50513,0
11,US121->CS17,51016,51016,0
11,US121->CS25,51215,51215,0
11,US121->CS33,50643,50643,0
11,US121->CS41,50979,50979,0
11,US121->CS49,50903,50903,0
11,US121->CS57,50688,50688,0
11,US122->CS2,50718,50718,0
11,US122->CS10,50586,50586,0
11,US122->CS18,50763,50763,0
11,US122->CS26,51133,51133,0
11,US122->CS34,50605,50605,0
11,US122->CS42,51096,51096,0
11,US122->CS50,50508,50508,0
11,US122->CS58,51266,51266,0
11,US123->CS3,50736,50736,0
11,US123->CS11,50987,50987,0
11,US123->CS19,50555,50555,0
11,US123->CS27,50941,50941,0
11,US123->CS35,51134,51134,0
11,US123->CS43,50574,50574,0
11,US123->CS51,51331,51331,0
11,US123->CS59,50664,50664,0
11,US124->CS4,50518,50518,0
11,US124->CS12,50787,50787,0
11,US124->CS20,50400,50400,0
11,US124->CS28,51073,51073,0
11,US124->CS36,50521,50521,0
11,US124->CS44,50860,50860,0
11,US124->CS52,50406,50406,0
11,US124->CS60,50649,50649,0
11,US125->CS5,50665,50665,0
11,US125->CS13,50572,50572,0
11,US125->CS21,50913,50913,0
11,US125->CS29,50814,50814,0
11,US125->CS37,50307,50307,0
11,US125->CS45,50875,50875,0
11,US125->CS53,50807,50807,0
11,US125->CS61,50912,50912,0
11,US126->CS6,50830,50830,0
11,US126->CS14,50395,50395,0
11,US126->CS22,50716,50716,0
11,US126->CS30,50787,50787,0
11,US126->CS38,50892,50892,0
11,US126->CS46,50869,50869,0
11,US126->CS54,50902,50902,0
11,US126->CS62,51315,51315,0
11,US127->CS7,50773,50773,0
11,US127->CS15,50888,50888,0
11,US127->CS23,50721,50721,0
11,US127->CS31,50863,50863,0
11,US127->CS39,50912,50912,0
11,US127->CS47,50543,50543,0
11,US127->CS55,50678,50678,0
11,US127->CS63,51079,51079,0
11,CS0->US0,51275,51275,0
11,CS0->US8,50315,50315,0
11,CS0->US16,51098,51098,0
11,CS0->US24,51704,51704,0
11,CS0->US32,39636,39636,0
11,CS0->US40,53996,53996,0
11,CS0->US48,51658,51658,0
11,CS0->US56,50612,50612,0
11,CS0->US64,39967,39966,0
11,CS0->US72,50820,50820,0
11,CS0->US80,56587,56587,0
11,CS0->US88,51125,51125,0
11,CS0->US96,50648,50648,0
11,CS0->US104,50683,50683,0
11,CS0->US112,53419,53419,0
11,CS0->US120,53445,53445,0
11,CS1->US1,51211,51211,0
11,CS1->US9,50155,50155,0
11,CS1->US17,50861,50861,0
11,CS1->US25,51292,51292,0
11,CS1->US33,39456,39456,0
11,CS1->US41,54068,54068,0
11,CS1->US49,51467,51467,0
11,CS1->US57,51181,51181,0
11,CS1->US65,39974,39974,0
11,CS1->US73,50926,50926,0
11,CS1->US81,56221,56221,0
11,CS1->US89,51044,51044,0
11,CS1->US97,50983,50983,0
11,CS1->US105,51432,51432,0
11,CS1->US113,53710,53710,0
11,CS1->US121,53559,53559,0
11,CS2->US2,51463,51463,0
11,CS2->US10,50632,50632,0
11,CS2->US18,50768,50768,0
11,CS2->US26,51497,51497,0
11,CS2->US34,39659,39659,0
11,CS2->US42,54040,54040,0
11,CS2->US50,51190,51190,0
11,CS2->US58,50527,50527,0
11,CS2->US66,39983,39983,0
11,CS2->US74,51044,51044,0
11,CS2->US82,56788,56788,0
11,CS2->US90,50735,50735,0
11,CS2->US98,50779,50779,0
11,CS2->US106,50994,50994,0
11,CS2->US114,53363,53363,0
11,CS2->US122,53534,53534,0
11,CS3->US3,51368,51368,0
11,CS3->US11,50472,50472,0
11,CS3->US19,50833,50833,0
11,CS3->US27,51478,51478,0
11,CS3->US35,39756,39754,0
11,CS3->US43,54592,54592,0
11,CS3->US51,51275,51275,0
11,CS3->US59,50856,50856,0
11,CS3->US67,40264,40264,0
11,CS3->US75,50912,50912,0
11,CS3->US83,56786,56786,0
11,CS3->US91,50894,50894,0
11,CS3->US99,50965,50965,0
11,CS3->US107,50693,50693,0
11,CS3->US115,53426,53426,0
11,CS3->US123,53403,53403,0
11,CS4->US4,51719,51719,0
11,CS4->US12,50891,50891,0
11,CS4->US20,50614,50614,0
11,CS4->US28,51359,51359,0
11,CS4->US36,39641,39641,0
11,CS4->US44,53963,53963,0
11,CS4->US52,51147,51147,0
11,CS4->US60,50625,50625,0
11,CS4->US68,39960,39960,0
11,CS4->US76,50564,50564,0
11,CS4->US84,57085,57085,0
11,CS4->US92,50966,50966,0
11,CS4->US100,50271,50271,0
11,CS4->US108,50486,50486,0
11,CS4->US116,53522,53522,0
11,CS4->US124,54097,54097,0
11,CS5->US5,51378,51378,0
11,CS5->US13,50877,50877,0
11,CS5->US21,50761,50761,0
11,CS5->US29,51248,51248,0
11,CS5->US37,39073,39072,0
11,CS5->US45,53893,53893,0
11,CS5->US53,51584,51584,0
11,CS5->US61,50752,50752,0
11,CS5->US69,40224,40224,0
11,CS5->US77,51190,51190,0
11,CS5->US85,56708,56708,0
11,CS5->US93,51321,51321,0
11,CS5->US101,51046,51046,0
11,CS5->US109,50876,50876,0
11,CS5->US117,53631,53631,0
11,CS5->US125,54199,54199,0
11,CS6->US6,51771,51771,0
11,CS6->US14,50758,50758,0
11,CS6->US22,50902,50902,0
11,CS6->US30,51497,51497,0
11,CS6->US38,39311,39309,0
11,CS6->US46,54562,54562,0
11,CS6->US54,51593,51593,0
11,CS6->US62,51517,51517,0
11,CS6->US70,39912,39911,0
11,CS6->US78,51254,51254,0
11,CS6->US86,56568,56568,0
11,CS6->US94,51112,51112,0
11,CS6->US102,50978,50978,0
11,CS6->US110,51007,51007,0
11,CS6->US118,53524,53524,0
11,CS6->US126,53466,53466,0
11,CS7->US7,51562,51562,0
11,CS7->US15,50191,50191,0
11,CS7->US23,50824,50824,0
11,CS7->US31,51408,51408,0
11,CS7->US39,39370,39370,0
11,CS7->US47,53795,53795,0
11,CS7->US55,51697,51697,0
11,CS7->US63,51160,51160,0
11,CS7->US71,40005,40005,0
11,CS7->US79,51017,51017,0
11,CS7->US87,56738,56738,0
11,CS7->US95,51177,51177,0
11,CS7->US103,50619,50619,0
11,CS7->US111,50707,50707,0
11,CS7->US119,53438,53438,0
11,CS7->US127,53740,53740,0
11,CS8->US0,51218,51218,0
11,CS8->US8,50399,50399,0
11,CS8->US16,50845,50845,0
11,CS8->US24,51151,51151,0
11,CS8->US32,39506,39506,0
11,CS8->US40,53964,53964,0
11,CS8->US48,51459,51459,0
11,CS8->US56,51133,51133,0
11,CS8->US64,40160,40160,0
11,CS8->US72,50774,50774,0
11,CS8->US80,56654,56654,0
11,CS8->US88,51368,51368,0
11,CS8->US96,50981,50981,0
11,CS8->US104,50864,50864,0
11,CS8->US112,53681,53681,0
11,CS8->US120,53409,53409,0
11,CS9->US1,51811,51811,0
11,CS9->US9,50664,50664,0
11,CS9->US17,50584,50584,0
11,CS9->US25,51888,51888,0
11,CS9->US33,39466,39466,0
11,CS9->US41,53784,53784,0
11,CS9->US49,51679,51679,0
11,CS9->US57,50402,50402,0
11,CS9->US65,39817,39816,0
11,CS9->US73,50961,50961,0
11,CS9->US81,56631,56631,0
11,CS9->US89,51002,51002,0
11,CS9->US97,50840,50840,0
11,CS9->US105,50882,50882,0
11,CS9->US113,54057,54057,0
11,CS9->US121,53379,53379,0
11,CS10->US2,51075,51075,0
11,CS10->US10,50412,50412,0
11,CS10->US18,50691,50691,0
11,CS10->US26,51429,51429,0
11,CS10->US34,39617,39616,0
11,CS10->US42,53831,53831,0
11,CS10->US50,51162,51162,0
11,CS10->US58,50784,50784,0
11,CS10->US66,40128,40128,0
11,CS10->US74,51048,51048,0
11,CS10->US82,56875,56875,0
11,CS10->US90,51086,51086,0
11,CS10->US98,50780,50780,0
11,CS10->US106,50601,50601,0
11,CS10->US114,53352,53352,0
11,CS10->US122,53282,53282,0
11,CS11->US3,51351,51351,0
11,CS11->US11,50383,50383,0
11,CS11->US19,51064,51064,0
11,CS11->US27,51475,51475,0
11,CS11->US35,39439,39439,0
11,CS11->US43,54346,54346,0
11,CS11->US51,51674,51674,0
11,CS11->US59,51122,51122,0
11,CS11->US67,40158,40158,0
11,CS11->US75,51016,51016,0
11,CS11->US83,56767,56767,0
11,CS11->US91,51147,51147,0
11,CS11->US99,50777,50777,0
11,CS11->US107,50964,50964,0
11,CS11->US115,53594,53594,0
11,CS11->US123,53198,53198,0
11,CS12->US4,51891,51891,0
11,CS12->US12,50788,50788,0
11,CS12->US20,50805,50805,0
11,CS12->US28,51189,51189,0
11,CS12->US36,39761,39761,0
11,CS12->US44,53766,53766,0
11,CS12->US52,51817,51817,0
11,CS12->US60,50715,50715,0
11,CS12->US68,40165,40164,0
11,CS12->US76,51376,51376,0
11,CS12->US84,56959,56959,0
11,CS12->US92,51088,51088,0
11,CS12->US100,50970,50970,0
11,CS12->US108,50582,50582,0
11,CS12->US116,53191,53191,0
11,CS12->US124,53316,53316,0
11,CS13->US5,51649,51649,0
11,CS13->US13,50568,50568,0
11,CS13->US21,50599,50599,0
11,CS13->US29,51356,51356,0
11,CS13->US37,39559,39559,0
11,CS13->US45,53596,53596,0
11,CS13->US53,51783,51783,0
11,CS13->US61,50960,50960,0
11,CS13->US69,39648,39648,0
11,CS13->US77,50849,50849,0
11,CS13->US85,56540,56540,0
11,CS13->US93,50652,50652,0
11,CS13->US101,50696,50696,0
11,CS13->US109,51103,51103,0
11,CS13->US117,53282,53282,0
11,CS13->US125,53512,53512,0
11,CS14->US6,51577,51577,0
11,CS14->US14,50530,50530,0
11,CS14->US22,50576,50576,0
11,CS14->US30,51339,51339,0
11,CS14->US38,39370,39369,0
11,CS14->US46,53751,53751,0
11,CS14->US54,51813,51813,0
11,CS14->US62,50985,50985,0
11,CS14->US70,40288,40288,0
11,CS14->US78,50794,50794,0
11,CS14->US86,56749,56749,0
11,CS14->US94,50583,50583,0
11,CS14->US102,50113,50113,0
11,CS14->US110,50933,50933,0
11,CS14->US118,53510,53510,0
11,CS14->US126,53870,53870,0
11,CS15->US7,51970,51970,0
11,CS15->US15,50354,50354,0
11,CS15->US23,50935,50935,0
11,CS15->US31,51204,51204,0
11,CS15->US39,39803,39803,0
11,CS15->US47,53859,53859,0
11,CS15->US55,51442,51442,0
11,CS15->US63,50945,50945,0
11,CS15->US71,39680,39678,0
11,CS15->US79,50979,50979,0
11,CS15->US87,56928,56928,0
11,CS15->US95,51299,51299,0
11,CS15->US103,50357,50357,0
11,CS15->US111,51041,51041,0
11,CS15->US119,53433,53433,0
11,CS15->US127,53706,53706,0
11,CS16->US0,51005,51005,0
11,CS16->US8,50498,50498,0
11,CS16->US16,50891,50891,0
11,CS16->US24,51248,51248,0
11,CS16->US32,39629,39629,0
11,CS16->US40,53918,53918,0
11,CS16->US48,51411,51411,0
11,CS16->US56,51262,51262,0
11,CS16->US64,40125,40123,0
11,CS16->US72,51206,51206,0
11,CS16->US80,57212,57212,0
11,CS16->US88,50791,50791,0
11,CS16->US96,50993,50993,0
11,CS16->US104,50462,50462,0
11,CS16->US112,53261,53261,0
11,CS16->US120,53549,53549,0
11,CS17->US1,51629,51629,0
11,CS17->US9,50609,50609,0
11,CS17->US17,51113,51113,0
11,CS17->US25,51245,51245,0
11,CS17->US33,39401,39401,0
11,CS17->US41,54007,54007,0
11,CS17->US49,51476,51476,0
11,CS17->US57,51106,51106,0
11,CS17->US65,39912,39912,0
11,CS17->US73,51067,51067,0
11,CS17->US81,56839,56839,0
11,CS17->US89,51140,51140,0
11,CS17->US97,50296,50296,0
11,CS17->US105,50807,50807,0
11,CS17->US113,53222,53222,0
11,CS17->US121,53465,53465,0
11,CS18->US2,51253,51253,0
11,CS18->US10,50785,50785,0
11,CS18->US18,50837,50837,0
11,CS18->US26,51203,51203,0
11,CS18->US34,39508,39508,0
11,CS18->US42,54012,54012,0
11,CS18->US50,51065,51065,0
11,CS18->US58,51022,51022,0
11,CS18->US66,39970,39969,0
11,CS18->US74,51012,51012,0
11,CS18->US82,56954,56954,0
11,CS18->US90,51232,51232,0
11,CS18->US98,50728,50728,0
11,CS18->US106,50718,50718,0
11,CS18->US114,53208,53208,0
11,CS18->US122,53531,53531,0
11,CS19->US3,51089,51089,0
11,CS19->US11,50220,50220,0
11,CS19->US19,50585,50585,0
11,CS19->US27,51236,51236,0
11,CS19->US35,39298,39298,0
11,CS19->US43,53992,53992,0
11,CS19->US51,51306,51306,0
11,CS19->US59,51393,51393,0
11,CS19->US67,40306,40306,0
11,CS19->US75,50884,50884,0
11,CS19->US83,56736,56736,0
11,CS19->US91,51266,51266,0
11,CS19->US99,50857,50857,0
11,CS19->US107,50845,50845,0
11,CS19->US115,53434,53434,0
11,CS19->US123,53810,53810,0
11,CS20->US4,51321,51321,0
11,CS20->US12,50444,50444,0
11,CS20->US20,50400,50400,0
11,CS20->US28,51359,51359,0
11,CS20->US36,39531,39531,0
11,CS20->US44,53828,53828,0
11,CS20->US52,51309,51309,0
11,CS20->US60,51053,51053,0
11,CS20->US68,39730,39729,0
11,CS20->US76,51246,51246,0
11,CS20->US84,56627,56627,0
11,CS20->US92,50932,50932,0
11,CS20->US100,50750,50750,0
11,CS20->US108,50897,50897,0
11,CS20->US116,53611,53611,0
11,CS20->US124,53917,53917,0
11,CS21->US5,51517,51517,0
11,CS21->US13,50798,50798,0
11,CS21->US21,51044,51044,0
11,CS21->US29,51807,51807,0
11,CS21->US37,39754,39754,0
11,CS21->US45,54308,54308,0
11,CS21->US53,51450,51450,0
11,CS21->US61,51057,51057,0
11,CS21->US69,40366,40366,0
11,CS21->US77,51174,51174,0
11,CS21->US85,56311,56311,0
11,CS21->US93,50613,50613,0
11,CS21->US101,50834,50834,0
11,CS21->US109,50920,50920,0
11,CS21->US117,53747,53747,0
11,CS21->US125,53704,53704,0
11,CS22->US6,51631,51631,0
11,CS22->US14,50705,50705,0
11,CS22->US22,50859,50859,0
11,CS22->US30,51542,51542,0
11,CS22->US38,39648,39647,0
11,CS22->US46,54080,54080,0
11,CS22->US54,51334,51334,0
11,CS22->US62,50647,50647,0
11,CS22->US70,40263,40262,0
11,CS22->US78,51189,51189,0
11,CS22->US86,57046,57046,0
11,CS22->US94,51044,51044,0
11,CS22->US102,50264,50264,0
11,CS22->US110,50757,50757,0
11,CS22->US118,53553,53553,0
11,CS22->US126,53701,53701,0
11,CS23->US7,51588,51588,0
11,CS23->US15,50583,50583,0
11,CS23->US23,50807,50807,0
11,CS23->US31,51385,51385,0
11,CS23->US39,39373,39372,0
11,CS23->US47,53912,53912,0
11,CS23->US55,51429,51429,0
11,CS23->US63,51062,51062,0
11,CS23->US71,40274,40274,0
11,CS23->US79,51019,51019,0
11,CS23->US87,56982,56982,0
11,CS23->US95,50908,50908,0
11,CS23->US103,51095,51095,0
11,CS23->US111,50843,50843,0
11,CS23->US119,53544,53544,0
11,CS23->US127,53751,53751,0
11,CS24->US0,51707,51707,0
11,CS24->US8,50338,50338,0
11,CS24->US16,51015,51015,0
11,CS24->US24,51718,51718,0
11,CS24->US32,39440,39439,0
11,CS24->US40,54054,54054,0
11,CS24->US48,51717,51717,0
11,CS24->US56,51392,51392,0
11,CS24->US64,39852,39849,0
11,CS24->US72,51457,51457,0
11,CS24->US80,56497,56497,0
11,CS24->US88,51236,51236,0
11,CS24->US96,51193,51193,0
11,CS24->US104,50625,50625,0
11,CS24->US112,53703,53703,0
11,CS24->US120,53549,53549,0
11,CS25->US1,51287,51287,0
11,CS25->US9,50413,50413,0
11,CS25->US17,51301,51301,0
11,CS25->US25,51167,51167,0
11,CS25->US33,39630,39630,0
11,CS25->US41,54074,54074,0
11,CS25->US49,51197,51197,0
11,CS25->US57,50758,50758,0
11,CS25->US65,40010,40010,0
11,CS25->US73,51049,51049,0
11,CS25->US81,56654,56654,0
11,CS25->US89,51168,51168,0
11,CS25->US97,50534,50534,0
11,CS25->US105,50669,50669,0
11,CS25->US113,53478,53478,0
11,CS25->US121,54046,54046,0
11,CS26->US2,51581,51581,0
11,CS26->US10,50220,50220,0
11,CS26->US18,51246,51246,0
11,CS26->US26,51357,51357,0
11,CS26->US34,39508,39506,0
11,CS26->US42,53857,53857,0
11,CS26->US50,51840,51840,0
11,CS26->US58,50958,50958,0
11,CS26->US66,39863,39863,0
11,CS26->US74,50427,50427,0
11,CS26->US82,56552,56552,0
11,CS26->US90,50908,50908,0
11,CS26->US98,50631,50631,0
11,CS26->US106,50833,50833,0
11,CS26->US114,53309,53309,0
11,CS26->US122,53271,53271,0
11,CS27->US3,51564,51564,0
11,CS27->US11,50533,50533,0
11,CS27->US19,50980,50980,0
11,CS27->US27,51321,51321,0
11,CS27->US35,39393,39391,0
11,CS27->US43,53873,53873,0
11,CS27->US51,51678,51678,0
11,CS27->US59,50939,50939,0
11,CS27->US67,39893,39892,0
11,CS27->US75,50771,50771,0
11,CS27->US83,56884,56884,0
11,CS27->US91,50661,50661,0
11,CS27->US99,50832,50832,0
11,CS27->US107,51037,51037,0
11,CS27->US115,53356,53356,0
11,CS27->US123,53494,53494,0
11,CS28->US4,51467,51467,0
11,CS28->US12,50521,50521,0
11,CS28->US20,51128,51128,0
11,CS28->US28,51456,51456,0
11,CS28->US36,39586,39585,0
11,CS28->US44,54246,54246,0
11,CS28->US52,51199,51199,0
11,CS28->US60,51152,51152,0
11,CS28->US68,40522,40522,0
11,CS28->US76,50988,50988,0
11,CS28->US84,56696,56696,0
11,CS28->US92,51052,51052,0
11,CS28->US100,50855,50855,0
11,CS28->US108,51349,51349,0
11,CS28->US116,53747,53747,0
11,CS28->US124,53811,53811,0
11,CS29->US5,51208,51208,0
11,CS29->US13,51006,51006,0
11,CS29->US21,50892,50892,0
11,CS29->US29,51245,51245,0
11,CS29->US37,39613,39613,0
11,CS29->US45,54361,54361,0
11,CS29->US53,51675,51675,0
11,CS29->US61,50729,50729,0
11,CS29->US69,39922,39922,0
11,CS29->US77,50910,50910,0
11,CS29->US85,56610,56610,0
11,CS29->US93,50615,50615,0
11,CS29->US101,51173,51173,0
11,CS29->US109,50826,50826,0
11,CS29->US117,53279,53279,0
11,CS29->US125,53262,53262,0
11,CS30->US6,51418,51418,0
11,CS30->US14,50612,50612,0
11,CS30->US22,50764,50764,0
11,CS30->US30,51189,51189,0
11,CS30->US38,39490,39488,0
11,CS30->US46,53863,53863,0
11,CS30->US54,51402,51402,0
11,CS30->US62,51066,51066,0
11,CS30->US70,40137,40136,0
11,CS30->US78,50926,50926,0
11,CS30->US86,57009,57009,0
11,CS30->US94,50975,50975,0
11,CS30->US102,50873,50873,0
11,CS30->US110,51256,51256,0
11,CS30->US118,53650,53650,0
11,CS30->US126,53434,53434,0
11,CS31->US7,51134,51134,0
11,CS31->US15,50320,50320,0
11,CS31->US23,51002,51002,0
11,CS31->US31,51428,51428,0
11,CS31->US39,39845,39845,0
11,CS31->US47,53731,53731,0
11,CS31->US55,51337,51337,0
11,CS31->US63,51013,51013,0
11,CS31->US71,40018,40018,0
11,CS31->US79,51054,51054,0
11,CS31->US87,56888,56888,0
11,CS31->US95,50857,50857,0
11,CS31->US103,50557,50557,0
11,CS31->US111,50418,50418,0
11,CS31->US119,53952,53952,0
11,CS31->US127,53745,53745,0
11,CS32->US0,51505,51505,0
11,CS32->US8,50855,50855,0
11,CS32->US16,50905,50905,0
11,CS32->US24,51344,51344,0
11,CS32->US32,39650,39650,0
11,CS32->US40,54145,54145,0
11,CS32->US48,51795,51795,0
11,CS32->US56,50816,50816,0
11,CS32->US64,39857,39857,0
11,CS32->US72,50936,50936,0
11,CS32->US80,56992,56992,0
11,CS32->US88,51227,51227,0
11,CS32->US96,50723,50723,0
11,CS32->US104,50720,50720,0
11,CS32->US112,53462,53462,0
11,CS32->US120,53399,53399,0
11,CS33->US1,51628,51628,0
11,CS33->US9,50994,50994,0
11,CS33->US17,50756,50756,0
11,CS33->US25,51393,51393,0
11,CS33->US33,39406,39406,0
11,CS33->US41,54010,54010,0
11,CS33->US49,51392,51392,0
11,CS33->US57,50645,50645,0
11,CS33->US65,40051,40049,0
11,CS33->US73,51087,51087,0
11,CS33->US81,56030,56030,0
11,CS33->US89,50846,50846,0
11,CS33->US97,50595,50595,0
11,CS33->US105,50694,50694,0
11,CS33->US113,53545,53545,0
11,CS33->US121,53605,53605,0
11,CS34->US2,51641,51641,0
11,CS34->US10,50420,50420,0
11,CS34->US18,50652,50652,0
11,CS34->US26,51512,51512,0
11,CS34->US34,39437,39436,0
11,CS34->US42,53860,53860,0
11,CS34->US50,51924,51924,0
11,CS34->US58,50904,50904,0
11,CS34->US66,39799,39799,0
11,CS34->US74,50879,50879,0
11,CS34->US82,56966,56966,0
11,CS34->US90,51121,51121,0
11,CS34->US98,50862,50862,0
11,CS34->US106,50895,50895,0
11,CS34->US114,53454,53454,0
11,CS34->US122,53569,53569,0
11,CS35->US3,51535,51535,0
11,CS35->US11,50762,50762,0
11,CS35->US19,51204,51204,0
11,CS35->US27,51494,51494,0
11,CS35->US35,39529,39529,0
11,CS35->US43,53936,53936,0
11,CS35->US51,51674,51674,0
11,CS35->US59,51260,51260,0
11,CS35->US67,40219,40218,0
11,CS35->US75,50906,50906,0
11,CS35->US83,56631,56631,0
11,CS35->US91,50941,50941,0
11,CS35->US99,50504,50504,0
11,CS35->US107,50887,50887,0
11,CS35->US115,53432,53432,0
11,CS35->US123,54005,54005,0
11,CS36->US4,51656,51656,0
11,CS36->US12,50756,50756,0
11,CS36->US20,50571,50571,0
11,CS36->US28,51359,51359,0
11,CS36->US36,39319,39318,0
11,CS36->US44,53926,53926,0
11,CS36->US52,51629,51629,0
11,CS36->US60,50709,50709,0
11,CS36->US68,40061,40061,0
11,CS36->US76,50830,50830,0
11,CS36->US84,56989,56989,0
11,CS36->US92,51045,51045,0
11,CS36->US100,50673,50673,0
11,CS36->US108,50911,50911,0
11,CS36->US116,53174,53174,0
11,CS36->US124,53299,53299,0
11,CS37->US5,51795,51795,0
11,CS37->US13,50288,50288,0
11,CS37->US21,50429,50429,0
11,CS37->US29,51549,51549,0
11,CS37->US37,39715,39715,0
11,CS37->US45,53911,53911,0
11,CS37->US53,51305,51305,0
11,CS37->US61,50912,50912,0
11,CS37->US69,39991,39991,0
11,CS37->US77,51066,51066,0
11,CS37->US85,56960,56960,0
11,CS37->US93,50850,50850,0
11,CS37->US101,50709,50709,0
11,CS37->US109,50857,50857,0
11,CS37->US117,53053,53053,0
11,CS37->US125,53433,53433,0
11,CS38->US6,51355,51355,0
11,CS38->US14,50612,50612,0
11,CS38->US22,51004,51004,0
11,CS38->US30,51107,51107,0
11,CS38->US38,39640,39640,0
11,CS38->US46,54263,54263,0
11,CS38->US54,51355,51355,0
11,CS38->US62,50717,50717,0
11,CS38->US70,40236,40236,0
11,CS38->US78,51182,51182,0
11,CS38->US86,57260,57260,0
11,CS38->US94,50789,50789,0
11,CS38->US102,50743,50743,0
11,CS38->US110,51156,51156,0
11,CS38->US118,53306,53306,0
11,CS38->US126,53477,53477,0
11,CS39->US7,51410,51410,0
11,CS39->US15,50470,50470,0
11,CS39->US23,50993,50993,0
11,CS39->US31,51660,51660,0
11,CS39->US39,39480,39479,0
11,CS39->US47,54111,54111,0
11,CS39->US55,51354,51354,0
11,CS39->US63,50851,50851,0
11,CS39->US71,39721,39721,0
11,CS39->US79,50983,50983,0
11,CS39->US87,56709,56709,0
11,CS39->US95,50856,50856,0
11,CS39->US103,50474,50474,0
11,CS39->US111,51006,51006,0
11,CS39->US119,53629,53629,0
11,CS39->US127,54081,54081,0
11,CS40->US0,51511,51511,0
11,CS40->US8,50169,50169,0
11,CS40->US16,50424,50424,0
11,CS40->US24,51241,51241,0
11,CS40->US32,39457,39457,0
11,CS40->US40,54155,54155,0
11,CS40->US48,51460,51460,0
11,CS40->US56,50612,50612,0
11,CS40->US64,40294,40294,0
11,CS40->US72,50804,50804,0
11,CS40->US80,56821,56821,0
11,CS40->US88,50868,50868,0
11,CS40->US96,50915,50915,0
11,CS40->US104,50897,50897,0
11,CS40->US112,53752,53752,0
11,CS40->US120,53191,53191,0
11,CS41->US1,51676,51676,0
11,CS41->US9,50562,50562,0
11,CS41->US17,51080,51080,0
11,CS41->US25,51441,51441,0
11,CS41->US33,39272,39269,0
11,CS41->US41,53571,53571,0
11,CS41->US49,51039,51039,0
11,CS41->US57,50626,50626,0
11,CS41->US65,39888,39886,0
11,CS41->US73,51090,51090,0
11,CS41->US81,57026,57026,0
11,CS41->US89,51345,51345,0
11,CS41->US97,51113,51113,0
11,CS41->US105,50668,50668,0
11,CS41->US113,53573,53573,0
11,CS41->US121,53696,53696,0
11,CS42->US2,51287,51287,0
11,CS42->US10,50529,50529,0
11,CS42->US18,51204,51204,0
11,CS42->US26,51033,51033,0
11,CS42->US34,39539,39539,0
11,CS42->US42,53829,53829,0
11,CS42->US50,51415,51415,0
11,CS42->US58,51051,51051,0
11,CS42->US66,40276,40275,0
11,CS42->US74,50713,50713,0
11,CS42->US82,56969,56969,0
11,CS42->US90,51060,51060,0
11,CS42->US98,50541,50541,0
11,CS42->US106,50837,50837,0
11,CS42->US114,53551,53551,0
11,CS42->US122,53704,53704,0
11,CS43->US3,51201,51201,0
11,CS43->US11,50914,50914,0
11,CS43->US19,50630,50630,0
11,CS43->US27,50994,50994,0
11,CS43->US35,39582,39582,0
11,CS43->US43,53966,53966,0
11,CS43->US51,51401,51401,0
11,CS43->US59,51199,51199,0
11,CS43->US67,40044,40044,0
11,CS43->US75,50902,50902,0
11,CS43->US83,56726,56726,0
11,CS43->US91,50955,50955,0
11,CS43->US99,50913,50913,0
11,CS43->US107,50288,50288,0
11,CS43->US115,53359,53359,0
11,CS43->US123,53684,53684,0
11,CS44->US4,51196,51196,0
11,CS44->US12,50870,50870,0
11,CS44->US20,50926,50926,0
11,CS44->US28,51503,51503,0
11,CS44->US36,39203,39203,0
11,CS44->US44,53907,53907,0
11,CS44->US52,51502,51502,0
11,CS44->US60,51123,51123,0
11,CS44->US68,40141,40140,0
11,CS44->US76,50964,50964,0
11,CS44->US84,57072,57072,0
11,CS44->US92,50817,50817,0
11,CS44->US100,50828,50828,0
11,CS44->US108,50701,50701,0
11,CS44->US116,53506,53506,0
11,CS44->US124,53590,53590,0
11,CS45->US5,51221,51221,0
11,CS45->US13,50572,50572,0
11,CS45->US21,50935,50935,0
11,CS45->US29,51408,51408,0
11,CS45->US37,39669,39669,0
11,CS45->US45,54189,54189,0
11,CS45->US53,51565,51565,0
11,CS45->US61,50794,50794,0
11,CS45->US69,39932,39932,0
11,CS45->US77,50734,50734,0
11,CS45->US85,57255,57255,0
11,CS45->US93,50961,50961,0
11,CS45->US101,50891,50891,0
11,CS45->US109,50805,50805,0
11,CS45->US117,53615,53615,0
11,CS45->US125,53662,53662,0
11,CS46->US6,51287,51287,0
11,CS46->US14,50288,50288,0
11,CS46->US22,50966,50966,0
11,CS46->US30,51185,51185,0
11,CS46->US38,39076,39076,0
11,CS46->US46,54085,54085,0
11,CS46->US54,51451,51451,0
11,CS46->US62,51160,51160,0
11,CS46->US70,40056,40056,0
11,CS46->US78,50912,50912,0
11,CS46->US86,57302,57302,0
11,CS46->US94,51022,51022,0
11,CS46->US102,51009,51009,0
11,CS46->US110,50719,50719,0
11,CS46->US118,53698,53698,0
11,CS46->US126,53704,53704,0
11,CS47->US7,51276,51276,0
11,CS47->US15,50801,50801,0
11,CS47->US23,50595,50595,0
11,CS47->US31,51816,51816,0
11,CS47->US39,39453,39453,0
11,CS47->US47,53985,53985,0
11,CS47->US55,51852,51852,0
11,CS47->US63,50973,50973,0
11,CS47->US71,39975,39975,0
11,CS47->US79,50853,50853,0
11,CS47->US87,56621,56621,0
11,CS47->US95,50683,50683,0
11,CS47->US103,50573,50573,0
11,CS47->US111,50715,50715,0
11,CS47->US119,53548,53548,0
11,CS47->US127,53747,53747,0
11,CS48->US0,51538,51538,0
11,CS48->US8,50637,50637,0
11,CS48->US16,50523,50523,0
11,CS48->US24,51471,51471,0
11,CS48->US32,39348,39347,0
11,CS48->US40,54028,54028,0
11,CS48->US48,51407,51407,0
11,CS48->US56,50759,50759,0
11,CS48->US64,39723,39723,0
11,CS48->US72,50720,50720,0
11,CS48->US80,56920,56920,0
11,CS48->US88,51093,51093,0
11,CS48->US96,50563,50563,0
11,CS48->US104,50836,50836,0
11,CS48->US112,53486,53486,0
11,CS48->US120,53756,53756,0
11,CS49->US1,51580,51580,0
11,CS49->US9,50568,50568,0
11,CS49->US17,50942,50942,0
11,CS49->US25,51372,51372,0
11,CS49->US33,39136,39136,0
11,CS49->US41,53983,53983,0
11,CS49->US49,51301,51301,0
11,CS49->US57,50850,50850,0
11,CS49->US65,40292,40292,0
11,CS49->US73,51220,51220,0
11,CS49->US81,56626,56626,0
11,CS49->US89,51208,51208,0
11,CS49->US97,50967,50967,0
11,CS49->US105,50811,50811,0
11,CS49->US113,52690,52690,0
11,CS49->US121,53443,53443,0
11,CS50->US2,51772,51772,0
11,CS50->US10,50031,50031,0
11,CS50->US18,50578,50578,0
11,CS50->US26,51864,51864,0
11,CS50->US34,39945,39945,0
11,CS50->US42,54132,54132,0
11,CS50->US50,51597,51597,0
11,CS50->US58,50358,50358,0
11,CS50->US66,40210,40208,0
11,CS50->US74,51114,51114,0
11,CS50->US82,57185,57185,0
11,CS50->US90,51315,51315,0
11,CS50->US98,50427,50427,0
11,CS50->US106,50874,50874,0
11,CS50->US114,53772,53772,0
11,CS50->US122,53271,53271,0
11,CS51->US3,51871,51871,0
11,CS51->US11,50362,50362,0
11,CS51->US19,51374,51374,0
11,CS51->US27,51250,51250,0
11,CS51->US35,39295,39295,0
11,CS51->US43,53928,53928,0
11,CS51->US51,51359,51359,0
11,CS51->US59,50813,50813,0
11,CS51->US67,39930,39930,0
11,CS51->US75,51004,51004,0
11,CS51->US83,56851,56851,0
11,CS51->US91,51054,51054,0
11,CS51->US99,50665,50665,0
11,CS51->US107,51066,51066,0
11,CS51->US115,53374,53374,0
11,CS51->US123,53506,53506,0
11,CS52->US4,51727,51727,0
11,CS52->US12,50627,50627,0
11,CS52->US20,50530,50530,0
11,CS52->US28,51542,51542,0
11,CS52->US36,39137,39137,0
11,CS52->US44,54175,54175,0
11,CS52->US52,51655,51655,0
11,CS52->US60,50884,50884,0
11,CS52->US68,39770,39769,0
11,CS52->US76,51148,51148,0
11,CS52->US84,56783,56783,0
11,CS52->US92,50986,50986,0
11,CS52->US100,50441,50441,0
11,CS52->US108,50482,50482,0
11,CS52->US116,53534,53534,0
11,CS52->US124,53637,53637,0
11,CS53->US5,51976,51976,0
11,CS53->US13,50470,50470,0
11,CS53->US21,50925,50925,0
11,CS53->US29,51344,51344,0
11,CS53->US37,39822,39822,0
11,CS53->US45,54154,54154,0
11,CS53->US53,51506,51506,0
11,CS53->US61,50711,50711,0
11,CS53->US69,40275,40275,0
11,CS53->US77,50868,50868,0
11,CS53->US85,56713,56713,0
11,CS53->US93,50566,50566,0
11,CS53->US101,50948,50948,0
11,CS53->US109,50586,50586,0
11,CS53->US117,53554,53554,0
11,CS53->US125,53297,53297,0
11,CS54->US6,51481,51481,0
11,CS54->US14,50410,50410,0
11,CS54->US22,51004,51004,0
11,CS54->US30,51227,51227,0
11,CS54->US38,39868,39866,0
11,CS54->US46,54119,54119,0
11,CS54->US54,51246,51246,0
11,CS54->US62,50594,50594,0
11,CS54->US70,40217,40216,0
11,CS54->US78,51056,51056,0
11,CS54->US86,56896,56896,0
11,CS54->US94,50878,50878,0
11,CS54->US102,50829,50829,0
11,CS54->US110,50819,50819,0
11,CS54->US118,53910,53910,0
11,CS54->US126,53401,53401,0
11,CS55->US7,51378,51378,0
11,CS55->US15,50801,50801,0
11,CS55->US23,50745,50745,0
11,CS55->US31,50956,50956,0
11,CS55->US39,39532,39532,0
11,CS55->US47,54060,54060,0
11,CS55->US55,51055,51055,0
11,CS55->US63,50975,50975,0
11,CS55->US71,39735,39735,0
11,CS55->US79,50929,50929,0
11,CS55->US87,56927,56927,0
11,CS55->US95,50966,50966,0
11,CS55->US103,50764,50764,0
11,CS55->US111,50536,50536,0
11,CS55->US119,53891,53891,0
11,CS55->US127,53444,53444,0
11,CS56->US0,51601,51601,0
11,CS56->US8,50490,50490,0
11,CS56->US16,50909,50909,0
11,CS56->US24,51548,51548,0
11,CS56->US32,39497,39496,0
11,CS56->US40,53699,53699,0
11,CS56->US48,51836,51836,0
11,CS56->US56,50837,50837,0
11,CS56->US64,39852,39852,0
11,CS56->US72,51115,51115,0
11,CS56->US80,56716,56716,0
11,CS56->US88,50577,50577,0
11,CS56->US96,51008,51008,0
11,CS56->US104,50657,50657,0
11,CS56->US112,53526,53526,0
11,CS56->US120,53776,53776,0
11,CS57->US1,51269,51269,0
11,CS57->US9,50589,50589,0
11,CS57->US17,50750,50750,0
11,CS57->US25,51480,51480,0
11,CS57->US33,39480,39480,0
11,CS57->US41,53620,53620,0
11,CS57->US49,51333,51333,0
11,CS57->US57,51088,51088,0
11,CS57->US65,40204,40203,0
11,CS57->US73,50925,50925,0
11,CS57->US81,56709,56709,0
11,CS57->US89,51230,51230,0
11,CS57->US97,50644,50644,0
11,CS57->US105,50665,50665,0
11,CS57->US113,53708,53708,0
11,CS57->US121,53686,53686,0
11,CS58->US2,51480,51480,0
11,CS58->US10,50656,50656,0
11,CS58->US18,51336,51336,0
11,CS58->US26,51251,51251,0
11,CS58->US34,39516,39516,0
11,CS58->US42,54194,54194,0
11,CS58->US50,51873,51873,0
11,CS58->US58,51040,51040,0
11,CS58->US66,40501,40501,0
11,CS58->US74,51467,51467,0
11,CS58->US82,56605,56605,0
11,CS58->US90,50921,50921,0
11,CS58->US98,50490,50490,0
11,CS58->US106,50724,50724,0
11,CS58->US114,53425,53425,0
11,CS58->US122,53844,53844,0
11,CS59->US3,51198,51198,0
11,CS59->US11,50428,50428,0
11,CS59->US19,50746,50746,0
11,CS59->US27,51396,51396,0
11,CS59->US35,39404,39404,0
11,CS59->US43,54136,54136,0
11,CS59->US51,51260,51260,0
11,CS59->US59,51260,51260,0
11,CS59->US67,40293,40293,0
11,CS59->US75,51109,51109,0
11,CS59->US83,56945,56945,0
11,CS59->US91,50787,50787,0
11,CS59->US99,50847,50847,0
11,CS59->US107,50931,50931,0
11,CS59->US115,53337,53337,0
11,CS59->US123,53522,53522,0
11,CS60->US4,51221,51221,0
11,CS60->US12,50658,50658,0
11,CS60->US20,50707,50707,0
11,CS60->US28,51362,51362,0
11,CS60->US36,39422,39422,0
11,CS60->US44,53959,53959,0
11,CS60->US52,51322,51322,0
11,CS60->US60,51129,51129,0
11,CS60->US68,39734,39734,0
11,CS60->US76,50858,50858,0
11,CS60->US84,56042,56042,0
11,CS60->US92,51291,51291,0
11,CS60->US100,50529,50529,0
11,CS60->US108,51052,51052,0
11,CS60->US116,53427,53427,0
11,CS60->US124,53233,53233,0
11,CS61->US5,51683,51683,0
11,CS61->US13,50713,50713,0
11,CS61->US21,50966,50966,0
11,CS61->US29,50693,50693,0
11,CS61->US37,39052,39051,0
11,CS61->US45,53611,53611,0
11,CS61->US53,51845,51845,0
11,CS61->US61,50992,50992,0
11,CS61->US69,40040,40040,0
11,CS61->US77,51356,51356,0
11,CS61->US85,56317,56317,0
11,CS61->US93,50737,50737,0
11,CS61->US101,50867,50867,0
11,CS61->US109,50974,50974,0
11,CS61->US117,53317,53317,0
11,CS61->US125,53484,53484,0
11,CS62->US6,51205,51205,0
11,CS62->US14,50665,50665,0
11,CS62->US22,51363,51363,0
11,CS62->US30,51445,51445,0
11,CS62->US38,39362,39362,0
11,CS62->US46,53790,53790,0
11,CS62->US54,51368,51368,0
11,CS62->US62,50746,50746,0
11,CS62->US70,40368,40367,0
11,CS62->US78,51019,51019,0
11,CS62->US86,56912,56912,0
11,CS62->US94,50963,50963,0
11,CS62->US102,50758,50758,0
11,CS62->US110,50569,50569,0
11,CS62->US118,53706,53706,0
11,CS62->US126,53529,53529,0
11,CS63->US7,51989,51989,0
11,CS63->US15,50668,50668,0
11,CS63->US23,51121,51121,0
11,CS63->US31,50998,50998,0
11,CS63->US39,39351,39351,0
11,CS63->US47,54084,54084,0
11,CS63->US55,51629,51629,0
11,CS63->US63,51089,51089,0
11,CS63->US71,40111,40109,0
11,CS63->US79,50781,50781,0
11,CS63->US87,57036,57036,0
11,CS63->US95,51046,51046,0
11,CS63->US103,50780,50780,0
11,CS63->US111,50921,50921,0
11,CS63->US119,53675,53675,0
11,CS63->US127,53669,53669,0
12,US0->CS0,51939,51939,0
12,US0->CS8,51748,51748,0
12,US0->CS16,51672,51672,0
12,US0->CS24,51987,51987,0
12,US0->CS32,52080,52080,0
12,US0->CS40,51724,51724,0
12,US0->CS48,51692,51692,0
12,US0->CS56,52091,52091,0
12,US1->CS1,51803,51803,0
12,US1->CS9,51969,51969,0
12,US1->CS17,51709,51709,0
12,US1->CS25,51502,51502,0
12,US1->CS33,51672,51672,0
12,US1->CS41,51316,51316,0
12,US1->CS49,51603,51603,0
12,US1->CS57,51612,51612,0
12,US2->CS2,51475,51475,0
12,US2->CS10,51478,51478,0
12,US2->CS18,51338,51338,0
12,US2->CS26,52013,52013,0
12,US2->CS34,52200,52200,0
12,US2->CS42,51661,51661,0
12,US2->CS50,51874,51874,0
12,US2->CS58,52141,52141,0
12,US3->CS3,51538,51538,0
12,US3->CS11,51935,51935,0
12,US3->CS19,51580,51580,0
12,US3->CS27,51947,51947,0
12,US3->CS35,51951,51951,0
12,US3->CS43,51638,51638,0
12,US3->CS51,51678,51678,0
12,US3->CS59,51552,51552,0
12,US4->CS4,51429,51429,0
12,US4->CS12,52036,52036,0
12,US4->CS20,51571,51571,0
12,US4->CS28,51465,51465,0
12,US4->CS36,51959,51959,0
12,US4->CS44,51743,51743,0
12,US4->CS52,51932,51932,0
12,US4->CS60,51629,51629,0
12,US5->CS5,51842,51842,0
12,US5->CS13,52103,52103,0
12,US5->CS21,51730,51730,0
12,US5->CS29,51904,51904,0
12,US5->CS37,51564,51564,0
12,US5->CS45,51879,51879,0
12,US5->CS53,51744,51744,0
12,US5->CS61,52145,52145,0
12,US6->CS6,51877,51877,0
12,US6->CS14,52060,52060,0
12,US6->CS22,51636,51636,0
12,US6->CS30,51697,51697,0
12,US6->CS38,51652,51652,0
12,US6->CS46,51718,51718,0
12,US6->CS54,51508,51508,0
12,US6->CS62,51642,51642,0
12,US7->CS7,52005,52005,0
12,US7->CS15,51763,51763,0
12,US7->CS23,51697,51697,0
12,US7->CS31,51642,51642,0
12,US7->CS39,51628,51628,0
12,US7->CS47,52129,52129,0
12,US7->CS55,51348,51348,0
12,US7->CS63,51916,51916,0
12,US8->CS0,56648,56648,0
12,US8->CS8,56733,56733,0
12,US8->CS16,57201,57201,0
12,US8->CS24,56573,56573,0
12,US8->CS32,57054,57054,0
12,US8->CS40,56811,56811,0
12,US8->CS48,57033,57033,0
12,US8->CS56,56767,56767,0
12,US9->CS1,56329,56329,0
12,US9->CS9,56661,56661,0
12,US9->CS17,56877,56877,0
12,US9->CS25,56735,56735,0
12,US9->CS33,56098,56098,0
12,US9->CS41,57043,57043,0
12,US9->CS49,56632,56632,0
12,US9->CS57,56736,56736,0
12,US10->CS2,56831,56831,0
12,US10->CS10,56950,56950,0
12,US10->CS18,56911,56911,0
12,US10->CS26,56651,56651,0
12,US10->CS34,57062,57062,0
12,US10->CS42,57065,57065,0
12,US10->CS50,57228,57228,0
12,US10->CS58,56641,56641,0
12,US11->CS3,56853,56853,0
12,US11->CS11,56802,56802,0
12,US11->CS19,56726,56726,0
12,US11->CS27,56931,56931,0
12,US11->CS35,56625,56625,0
12,US11->CS43,56767,56767,0
12,US11->CS51,56908,56908,0
12,US11->CS59,56952,56952,0
12,US12->CS4,57166,57166,0
12,US12->CS12,56989,56989,0
12,US12->CS20,56610,56610,0
12,US12->CS28,56670,56670,0
12,US12->CS36,57006,57006,0
12,US12->CS44,57081,57081,0
12,US12->CS52,56867,56867,0
12,US12->CS60,56048,56048,0
12,US13->CS5,56774,56774,0
12,US13->CS13,56542,56542,0
12,US13->CS21,56354,56354,0
12,US13->CS29,56742,56742,0
12,US13->CS37,57120,57120,0
12,US13->CS45,57306,57306,0
12,US13->CS53,56780,56780,0
12,US13->CS61,56368,56368,0
12,US14->CS6,56606,56606,0
12,US14->CS14,56865,56865,0
12,US14->CS22,57140,57140,0
12,US14->CS30,56993,56993,0
12,US14->CS38,57272,57272,0
12,US14->CS46,57416,57416,0
12,US14->CS54,56932,56932,0
12,US14->CS62,56913,56913,0
12,US15->CS7,56797,56797,0
12,US15->CS15,56951,56951,0
12,US15->CS23,57107,57107,0
12,US15->CS31,56932,56932,0
12,US15->CS39,56717,56717,0
12,US15->CS47,56702,56702,0
12,US15->CS55,56937,56937,0
12,US15->CS63,57027,57027,0
12,US16->CS0,53480,53480,0
12,US16->CS8,53473,53473,0
12,US16->CS16,53614,53614,0
12,US16->CS24,53577,53577,0
12,US16->CS32,53512,53512,0
12,US16->CS40,53281,53281,0
12,US16->CS48,53773,53773,0
12,US16->CS56,53806,53806,0
12,US17->CS1,53649,53649,0
12,US17->CS9,53432,53432,0
12,US17->CS17,53557,53557,0
12,US17->CS25,54107,54107,0
12,US17->CS33,53673,53673,0
12,US17->CS41,53689,53689,0
12,US17->CS49,53501,53501,0
12,US17->CS57,53819,53819,0
12,US18->CS2,53615,53615,0
12,US18->CS10,53393,53393,0
12,US18->CS18,53583,53583,0
12,US18->CS26,53329,53329,0
12,US18->CS34,53722,53722,0
12,US18->CS42,53834,53834,0
12,US18->CS50,53325,53325,0
12,US18->CS58,53922,53922,0
12,US19->CS3,53497,53497,0
12,US19->CS11,53278,53278,0
12,US19->CS19,53877,53877,0
12,US19->CS27,53577,53577,0
12,US19->CS35,54064,54064,0
12,US19->CS43,53765,53765,0
12,US19->CS51,53601,53601,0
12,US19->CS59,53650,53650,0
12,US20->CS4,54160,54160,0
12,US20->CS12,53362,53362,0
12,US20->CS20,53968,53968,0
12,US20->CS28,53881,53881,0
12,US20->CS36,53376,53376,0
12,US20->CS44,53594,53594,0
12,US20->CS52,53687,53687,0
12,US20->CS60,53264,53264,0
12,US21->CS5,54261,54261,0
12,US21->CS13,53549,53549,0
12,US21->CS21,53832,53832,0
12,US21->CS29,53315,53315,0
12,US21->CS37,53457,53457,0
12,US21->CS45,53728,53728,0
12,US21->CS53,53389,53389,0
12,US21->CS61,53577,53577,0
12,US22->CS6,53558,53558,0
12,US22->CS14,53905,53905,0
12,US22->CS22,53699,53699,0
12,US22->CS30,53422,53422,0
12,US22->CS38,53518,53518,0
12,US22->CS46,53798,53798,0
12,US22->CS54,53514,53514,0
12,US22->CS62,53634,53634,0
12,US23->CS7,53809,53809,0
12,US23->CS15,53790,53790,0
12,US23->CS23,53753,53753,0
12,US23->CS31,53752,53752,0
12,US23->CS39,54144,54144,0
12,US23->CS47,53727,53727,0
12,US23->CS55,53548,53548,0
12,US23->CS63,53732,53732,0
12,US24->CS0,50518,50518,0
12,US24->CS8,51054,51054,0
12,US24->CS16,51199,51199,0
12,US24->CS24,51389,51389,0
12,US24->CS32,50693,50693,0
12,US24->CS40,50560,50560,0
12,US24->CS48,50705,50705,0
12,US24->CS56,50750,50750,0
12,US25->CS1,51095,51095,0
12,US25->CS9,50324,50324,0
12,US25->CS17,51057,51057,0
12,US25->CS25,50728,50728,0
12,US25->CS33,50563,50563,0
12,US25->CS41,50587,50587,0
12,US25->CS49,50765,50765,0
12,US25->CS57,50957,50957,0
12,US26->CS2,50435,50435,0
12,US26->CS10,50733,50733,0
12,US26->CS18,50874,50874,0
12,US26->CS26,50871,50871,0
12,US26->CS34,50811,50811,0
12,US26->CS42,50942,50942,0
12,US26->CS50,50302,50302,0
12,US26->CS58,50918,50918,0
12,US27->CS3,50743,50743,0
12,US27->CS11,51040,51040,0
12,US27->CS19,51264,51264,0
12,US27->CS27,50865,50865,0
12,US27->CS35,51133,51133,0
12,US27->CS43,51114,51114,0
12,US27->CS51,50717,50717,0
12,US27->CS59,51212,51212,0
12,US28->CS4,50520,50520,0
12,US28->CS12,50612,50612,0
12,US28->CS20,51004,51004,0
12,US28->CS28,51086,51086,0
12,US28->CS36,50613,50613,0
12,US28->CS44,51014,51014,0
12,US28->CS52,50748,50748,0
12,US28->CS60,51063,51063,0
12,US29->CS5,50656,50656,0
12,US29->CS13,50938,50938,0
12,US29->CS21,50902,50902,0
12,US29->CS29,50580,50580,0
12,US29->CS37,50822,50822,0
12,US29->CS45,50706,50706,0
12,US29->CS53,50642,50642,0
12,US29->CS61,50888,50888,0
12,US30->CS6,51393,51393,0
12,US30->CS14,50921,50921,0
12,US30->CS22,50596,50596,0
12,US30->CS30,51094,51094,0
12,US30->CS38,50690,50690,0
12,US30->CS46,51092,51092,0
12,US30->CS54,50453,50453,0
12,US30->CS62,50703,50703,0
12,US31->CS7,51057,51057,0
12,US31->CS15,50846,50846,0
12,US31->CS23,51011,51011,0
12,US31->CS31,50897,50897,0
12,US31->CS39,50736,50736,0
12,US31->CS47,50890,50890,0
12,US31->CS55,50927,50927,0
12,US31->CS63,51002,51002,0
12,US32->CS0,51204,51204,0
12,US32->CS8,51365,51365,0
12,US32->CS16,51327,51327,0
12,US32->CS24,51121,51121,0
12,US32->CS32,51013,51013,0
12,US32->CS40,51737,51737,0
12,US32->CS48,51061,51061,0
12,US32->CS56,51030,51030,0
12,US33->CS1,51259,51259,0
12,US33->CS9,50954,50954,0
12,US33->CS17,51279,51279,0
12,US33->CS25,51251,51251,0
12,US33->CS33,51106,51106,0
12,US33->CS41,51174,51174,0
12,US33->CS49,51686,51686,0
12,US33->CS57,51418,51418,0
12,US34->CS2,51269,51269,0
12,US34->CS10,51412,51412,0
12,US34->CS18,51313,51313,0
12,US34->CS26,51215,51215,0
12,US34->CS34,51100,51100,0
12,US34->CS42,51472,51472,0
12,US34->CS50,51500,51500,0
12,US34->CS58,51814,51814,0
12,US35->CS3,51600,51600,0
12,US35->CS11,51139,51139,0
12,US35->CS19,51525,51525,0
12,US35->CS27,51014,51014,0
12,US35->CS35,51583,51583,0
12,US35->CS43,51338,51338,0
12,US35->CS51,51269,51269,0
12,US35->CS59,51428,51428,0
12,US36->CS4,51227,51227,0
12,US36->CS12,51361,51361,0
12,US36->CS20,51024,51024,0
12,US36->CS28,51617,51617,0
12,US36->CS36,51314,51314,0
12,US36->CS44,51287,51287,0
12,US36->CS52,51126,51126,0
12,US36->CS60,50810,50810,0
12,US37->CS5,51566,51566,0
12,US37->CS13,50733,50733,0
12,US37->CS21,51780,51780,0
12,US37->CS29,51163,51163,0
12,US37->CS37,51239,51239,0
12,US37->CS45,51319,51319,0
12,US37->CS53,51419,51419,0
12,US37->CS61,51375,51375,0
12,US38->CS6,51133,51133,0
12,US38->CS14,51344,51344,0
12,US38->CS22,51534,51534,0
12,US38->CS30,51557,51557,0
12,US38->CS38,51251,51251,0
12,US38->CS46,51347,51347,0
12,US38->CS54,51530,51530,0
12,US38->CS62,51628,51628,0
12,US39->CS7,51268,51268,0
12,US39->CS15,50813,50813,0
12,US39->CS23,51341,51341,0
12,US39->CS31,51227,51227,0
12,US39->CS39,51117,51117,0
12,US39->CS47,51076,51076,0
12,US39->CS55,51051,51051,0
12,US39->CS63,51343,51343,0
12,US40->CS0,53368,53368,0
12,US40->CS8,53581,53581,0
12,US40->CS16,53231,53231,0
12,US40->CS24,53732,53732,0
12,US40->CS32,53408,53408,0
12,US40->CS40,53744,53744,0
12,US40->CS48,53442,53442,0
12,US40->CS56,53547,53547,0
12,US41->CS1,53539,53539,0
12,US41->CS9,54007,54007,0
12,US41->CS17,53269,53269,0
12,US41->CS25,53396,53396,0
12,US41->CS33,53458,53458,0
12,US41->CS41,53490,53490,0
12,US41->CS49,52609,52609,0
12,US41->CS57,53694,53694,0
12,US42->CS2,53304,53304,0
12,US42->CS10,53238,53238,0
12,US42->CS18,53174,53174,0
12,US42->CS26,53364,53364,0
12,US42->CS34,53421,53421,0
12,US42->CS42,53557,53557,0
12,US42->CS50,53757,53757,0
12,US42->CS58,53423,53423,0
12,US43->CS3,53377,53377,0
12,US43->CS11,53552,53552,0
12,US43->CS19,53403,53403,0
12,US43->CS27,53296,53296,0
12,US43->CS35,53349,53349,0
12,US43->CS43,53369,53369,0
12,US43->CS51,53293,53293,0
12,US43->CS59,53293,53293,0
12,US44->CS4,53427,53427,0
12,US44->CS12,53159,53159,0
12,US44->CS20,53589,53589,0
12,US44->CS28,53747,53747,0
12,US44->CS36,53097,53097,0
12,US44->CS44,53480,53480,0
12,US44->CS52,53501,53501,0
12,US44->CS60,53329,53329,0
12,US45->CS5,53584,53584,0
12,US45->CS13,53168,53168,0
12,US45->CS21,53674,53674,0
12,US45->CS29,53235,53235,0
12,US45->CS37,53079,53079,0
12,US45->CS45,53525,53525,0
12,US45->CS53,53536,53536,0
12,US45->CS61,53275,53275,0
12,US46->CS6,53480,53480,0
12,US46->CS14,53512,53512,0
12,US46->CS22,53518,53518,0
12,US46->CS30,53579,53579,0
12,US46->CS38,53244,53244,0
12,US46->CS46,53672,53672,0
12,US46->CS54,53849,53849,0
12,US46->CS62,53728,53728,0
12,US47->CS7,53341,53341,0
12,US47->CS15,53357,53357,0
12,US47->CS23,53546,53546,0
12,US47->CS31,53906,53906,0
12,US47->CS39,53552,53552,0
12,US47->CS47,53461,53461,0
12,US47->CS55,53852,53852,0
12,US47->CS63,53618,53618,0
12,US48->CS0,51566,51566,0
12,US48->CS8,51516,51516,0
12,US48->CS16,51314,51314,0
12,US48->CS24,51972,51972,0
12,US48->CS32,51785,51785,0
12,US48->CS40,51811,51811,0
12,US48->CS48,51791,51791,0
12,US48->CS56,51851,51851,0
12,US49->CS1,51543,51543,0
12,US49->CS9,52100,52100,0
12,US49->CS17,51889,51889,0
12,US49->CS25,51585,51585,0
12,US49->CS33,51895,51895,0
12,US49->CS41,51962,51962,0
12,US49->CS49,51836,51836,0
12,US49->CS57,51584,51584,0
12,US50->CS2,51792,51792,0
12,US50->CS10,51352,51352,0
12,US50->CS18,51531,51531,0
12,US50->CS26,51852,51852,0
12,US50->CS34,51893,51893,0
12,US50->CS42,51546,51546,0
12,US50->CS50,52011,52011,0
12,US50->CS58,51772,51772,0
12,US51->CS3,51635,51635,0
12,US51->CS11,51633,51633,0
12,US51->CS19,51401,51401,0
12,US51->CS27,51901,51901,0
12,US51->CS35,51859,51859,0
12,US51->CS43,51434,51434,0
12,US51->CS51,52168,52168,0
12,US51->CS59,51446,51446,0
12,US52->CS4,52011,52011,0
12,US52->CS12,52180,52180,0
12,US52->CS20,51611,51611,0
12,US52->CS28,51782,51782,0
12,US52->CS36,51958,51958,0
12,US52->CS44,51451,51451,0
12,US52->CS52,51980,51980,0
12,US52->CS60,51495,51495,0
12,US53->CS5,51666,51666,0
12,US53->CS13,51907,51907,0
12,US53->CS21,51727,51727,0
12,US53->CS29,51527,51527,0
12,US53->CS37,52053,52053,0
12,US53->CS45,51502,51502,0
12,US53->CS53,52229,52229,0
12,US53->CS61,51947,51947,0
12,US54->CS6,52045,52045,0
12,US54->CS14,51808,51808,0
12,US54->CS22,51903,51903,0
12,US54->CS30,51681,51681,0
12,US54->CS38,51633,51633,0
12,US54->CS46,51583,51583,0
12,US54->CS54,51753,51753,0
12,US54->CS62,51471,51471,0
12,US55->CS7,51822,51822,0
12,US55->CS15,52215,52215,0
12,US55->CS23,51839,51839,0
12,US55->CS31,51425,51425,0
12,US55->CS39,51677,51677,0
12,US55->CS47,51553,51553,0
12,US55->CS55,51644,51644,0
12,US55->CS63,52292,52292,0
12,US56->CS0,51595,51595,0
12,US56->CS8,51006,51006,0
12,US56->CS16,51214,51214,0
12,US56->CS24,51617,51617,0
12,US56->CS32,51281,51281,0
12,US56->CS40,51128,51128,0
12,US56->CS48,51312,51312,0
12,US56->CS56,51515,51515,0
12,US57->CS1,51169,51169,0
12,US57->CS9,51811,51811,0
12,US57->CS17,51177,51177,0
12,US57->CS25,51105,51105,0
12,US57->CS33,51328,51328,0
12,US57->CS41,51336,51336,0
12,US57->CS49,51288,51288,0
12,US57->CS57,51385,51385,0
12,US58->CS2,51398,51398,0
12,US58->CS10,51287,51287,0
12,US58->CS18,51208,51208,0
12,US58->CS26,51275,51275,0
12,US58->CS34,51403,51403,0
12,US58->CS42,50938,50938,0
12,US58->CS50,51771,51771,0
12,US58->CS58,51186,51186,0
12,US59->CS3,51404,51404,0
12,US59->CS11,51391,51391,0
12,US59->CS19,51165,51165,0
12,US59->CS27,51252,51252,0
12,US59->CS35,51456,51456,0
12,US59->CS43,50910,50910,0
12,US59->CS51,51130,51130,0
12,US59->CS59,51353,51353,0
12,US60->CS4,51233,51233,0
12,US60->CS12,51087,51087,0
12,US60->CS20,51272,51272,0
12,US60->CS28,51424,51424,0
12,US60->CS36,51333,51333,0
12,US60->CS44,51447,51447,0
12,US60->CS52,51487,51487,0
12,US60->CS60,51323,51323,0
12,US61->CS5,51195,51195,0
12,US61->CS13,51299,51299,0
12,US61->CS21,51748,51748,0
12,US61->CS29,51103,51103,0
12,US61->CS37,51448,51448,0
12,US61->CS45,51284,51284,0
12,US61->CS53,51264,51264,0
12,US61->CS61,50531,50531,0
12,US62->CS6,51377,51377,0
12,US62->CS14,51230,51230,0
12,US62->CS22,51423,51423,0
12,US62->CS30,51106,51106,0
12,US62->CS38,51033,51033,0
12,US62->CS46,51071,51071,0
12,US62->CS54,51231,51231,0
12,US62->CS62,51396,51396,0
12,US63->CS7,51286,51286,0
12,US63->CS15,51132,51132,0
12,US63->CS23,51269,51269,0
12,US63->CS31,51379,51379,0
12,US63->CS39,51577,51577,0
12,US63->CS47,51663,51663,0
12,US63->CS55,50922,50922,0
12,US63->CS63,50924,50924,0
12,US64->CS0,51484,51484,0
12,US64->CS8,51232,51232,0
12,US64->CS16,51421,51421,0
12,US64->CS24,51149,51149,0
12,US64->CS32,51362,51362,0
12,US64->CS40,51124,51124,0
12,US64->CS48,50871,50871,0
12,US64->CS56,51260,51260,0
12,US65->CS1,51275,51275,0
12,US65->CS9,51239,51239,0
12,US65->CS17,51106,51106,0
12,US65->CS25,51350,51350,0
12,US65->CS33,51147,51147,0
12,US65->CS41,51086,51086,0
12,US65->CS49,51014,51014,0
12,US65->CS57,51441,51441,0
12,US66->CS2,51594,51594,0
12,US66->CS10,51354,51354,0
12,US66->CS18,51350,51350,0
12,US66->CS26,51200,51200,0
12,US66->CS34,51250,51250,0
12,US66->CS42,51472,51472,0
12,US66->CS50,51818,51818,0
12,US66->CS58,51374,51374,0
12,US67->CS3,51469,51469,0
12,US67->CS11,51142,51142,0
12,US67->CS19,51112,51112,0
12,US67->CS27,51051,51051,0
12,US67->CS35,51333,51333,0
12,US67->CS43,51495,51495,0
12,US67->CS51,51064,51064,0
12,US67->CS59,50942,50942,0
12,US68->CS4,51425,51425,0
12,US68->CS12,51642,51642,0
12,US68->CS20,51553,51553,0
12,US68->CS28,51482,51482,0
12,US68->CS36,51165,51165,0
12,US68->CS44,50951,50951,0
12,US68->CS52,50689,50689,0
12,US68->CS60,51202,51202,0
12,US69->CS5,51177,51177,0
12,US69->CS13,51462,51462,0
12,US69->CS21,51587,51587,0
12,US69->CS29,51312,51312,0
12,US69->CS37,51549,51549,0
12,US69->CS45,51408,51408,0
12,US69->CS53,51781,51781,0
12,US69->CS61,50772,50772,0
12,US70->CS6,51195,51195,0
12,US70->CS14,51088,51088,0
12,US70->CS22,51545,51545,0
12,US70->CS30,51375,51375,0
12,US70->CS38,51258,51258,0
12,US70->CS46,50952,50952,0
12,US70->CS54,51630,51630,0
12,US70->CS62,51190,51190,0
12,US71->CS7,51337,51337,0
12,US71->CS15,51567,51567,0
12,US71->CS23,51128,51128,0
12,US71->CS31,51693,51693,0
12,US71->CS39,51251,51251,0
12,US71->CS47,51446,51446,0
12,US71->CS55,51379,51379,0
12,US71->CS63,51175,51175,0
12,US72->CS0,51131,51131,0
12,US72->CS8,51304,51304,0
12,US72->CS16,50702,50702,0
12,US72->CS24,51162,51162,0
12,US72->CS32,51214,51214,0
12,US72->CS40,50827,50827,0
12,US72->CS48,51045,51045,0
12,US72->CS56,50606,50606,0
12,US73->CS1,51000,51000,0
12,US73->CS9,50962,50962,0
12,US73->CS17,51164,51164,0
12,US73->CS25,51126,51126,0
12,US73->CS33,50828,50828,0
12,US73->CS41,51319,51319,0
12,US73->CS49,51134,51134,0
12,US73->CS57,51165,51165,0
12,US74->CS2,50725,50725,0
12,US74->CS10,50992,50992,0
12,US74->CS18,51202,51202,0
12,US74->CS26,50878,50878,0
12,US74->CS34,51055,51055,0
12,US74->CS42,51004,51004,0
12,US74->CS50,51246,51246,0
12,US74->CS58,50887,50887,0
12,US75->CS3,50801,50801,0
12,US75->CS11,51116,51116,0
12,US75->CS19,51183,51183,0
12,US75->CS27,50632,50632,0
12,US75->CS35,50951,50951,0
12,US75->CS43,50922,50922,0
12,US75->CS51,50979,50979,0
12,US75->CS59,50686,50686,0
12,US76->CS4,50916,50916,0
12,US76->CS12,51091,51091,0
12,US76->CS20,50833,50833,0
12,US76->CS28,51054,51054,0
12,US76->CS36,50986,50986,0
12,US76->CS44,50779,50779,0
12,US76->CS52,50922,50922,0
12,US76->CS60,51219,51219,0
12,US77->CS5,51316,51316,0
12,US77->CS13,50632,50632,0
12,US77->CS21,50559,50559,0
12,US77->CS29,50527,50527,0
12,US77->CS37,50882,50882,0
12,US77->CS45,50962,50962,0
12,US77->CS53,50488,50488,0
12,US77->CS61,50677,50677,0
12,US78->CS6,51060,51060,0
12,US78->CS14,50531,50531,0
12,US78->CS22,51054,51054,0
12,US78->CS30,51022,51022,0
12,US78->CS38,50705,50705,0
12,US78->CS46,50984,50984,0
12,US78->CS54,50829,50829,0
12,US78->CS62,50882,50882,0
12,US79->CS7,51133,51133,0
12,US79->CS15,51231,51231,0
12,US79->CS23,50866,50866,0
12,US79->CS31,50828,50828,0
12,US79->CS39,50851,50851,0
12,US79->CS47,50735,50735,0
12,US79->CS55,50915,50915,0
12,US79->CS63,50985,50985,0
12,US80->CS0,50320,50320,0
12,US80->CS8,50453,50453,0
12,US80->CS16,50492,50492,0
12,US80->CS24,50397,50397,0
12,US80->CS32,50882,50882,0
12,US80->CS40,50150,50150,0
12,US80->CS48,50649,50649,0
12,US80->CS56,50460,50460,0
12,US81->CS1,50167,50167,0
12,US81->CS9,50679,50679,0
12,US81->CS17,50599,50599,0
12,US81->CS25,50338,50338,0
12,US81->CS33,51031,51031,0
12,US81->CS41,50586,50586,0
12,US81->CS49,50543,50543,0
12,US81->CS57,50545,50545,0
12,US82->CS2,50617,50617,0
12,US82->CS10,50395,50395,0
12,US82->CS18,50791,50791,0
12,US82->CS26,50232,50232,0
12,US82->CS34,50335,50335,0
12,US82->CS42,50520,50520,0
12,US82->CS50,49993,49993,0
12,US82->CS58,50640,50640,0
12,US83->CS3,50535,50535,0
12,US83->CS11,50359,50359,0
12,US83->CS19,50277,50277,0
12,US83->CS27,50546,50546,0
12,US83->CS35,50806,50806,0
12,US83->CS43,50895,50895,0
12,US83->CS51,50383,50383,0
12,US83->CS59,50373,50373,0
12,US84->CS4,50888,50888,0
12,US84->CS12,50748,50748,0
12,US84->CS20,50478,50478,0
12,US84->CS28,50480,50480,0
12,US84->CS36,50742,50742,0
12,US84->CS44,50891,50891,0
12,US84->CS52,50678,50678,0
12,US84->CS60,50690,50690,0
12,US85->CS5,50868,50868,0
12,US85->CS13,50565,50565,0
12,US85->CS21,50781,50781,0
12,US85->CS29,51067,51067,0
12,US85->CS37,50224,50224,0
12,US85->CS45,50559,50559,0
12,US85->CS53,50416,50416,0
12,US85->CS61,50708,50708,0
12,US86->CS6,50802,50802,0
12,US86->CS14,50499,50499,0
12,US86->CS22,50729,50729,0
12,US86->CS30,50538,50538,0
12,US86->CS38,50648,50648,0
12,US86->CS46,50250,50250,0
12,US86->CS54,50409,50409,0
12,US86->CS62,50612,50612,0
12,US87->CS7,50187,50187,0
12,US87->CS15,50411,50411,0
12,US87->CS23,50603,50603,0
12,US87->CS31,50340,50340,0
12,US87->CS39,50456,50456,0
12,US87->CS47,50822,50822,0
12,US87->CS55,50787,50787,0
12,US87->CS63,50689,50689,0
12,US88->CS0,50840,50840,0
12,US88->CS8,50816,50816,0
12,US88->CS16,51255,51255,0
12,US88->CS24,51424,51424,0
12,US88->CS32,50937,50937,0
12,US88->CS40,50829,50829,0
12,US88->CS48,50751,50751,0
12,US88->CS56,51082,51082,0
12,US89->CS1,51001,51001,0
12,US89->CS9,50996,50996,0
12,US89->CS17,51064,51064,0
12,US89->CS25,51059,51059,0
12,US89->CS33,51183,51183,0
12,US89->CS41,51206,51206,0
12,US89->CS49,51256,51256,0
12,US89->CS57,50903,50903,0
12,US90->CS2,51062,51062,0
12,US90->CS10,51129,51129,0
12,US90->CS18,51059,51059,0
12,US90->CS26,50442,50442,0
12,US90->CS34,50883,50883,0
12,US90->CS42,50734,50734,0
12,US90->CS50,51125,51125,0
12,US90->CS58,51477,51477,0
12,US91->CS3,50983,50983,0
12,US91->CS11,51068,51068,0
12,US91->CS19,50861,50861,0
12,US91->CS27,50800,50800,0
12,US91->CS35,50991,50991,0
12,US91->CS43,50908,50908,0
12,US91->CS51,51012,51012,0
12,US91->CS59,51134,51134,0
12,US92->CS4,50634,50634,0
12,US92->CS12,51412,51412,0
12,US92->CS20,51224,51224,0
12,US92->CS28,51002,51002,0
12,US92->CS36,50829,50829,0
12,US92->CS44,51005,51005,0
12,US92->CS52,51151,51151,0
12,US92->CS60,50898,50898,0
12,US93->CS5,51248,51248,0
12,US93->CS13,50893,50893,0
12,US93->CS21,51310,51310,0
12,US93->CS29,50952,50952,0
12,US93->CS37,51010,51010,0
12,US93->CS45,50772,50772,0
12,US93->CS53,50906,50906,0
12,US93->CS61,51356,51356,0
12,US94->CS6,51261,51261,0
12,US94->CS14,50859,50859,0
12,US94->CS22,51224,51224,0
12,US94->CS30,50913,50913,0
12,US94->CS38,51256,51256,0
12,US94->CS46,50952,50952,0
12,US94->CS54,51130,51130,0
12,US94->CS62,50969,50969,0
12,US95->CS7,51055,51055,0
12,US95->CS15,50994,50994,0
12,US95->CS23,50996,50996,0
12,US95->CS31,51090,51090,0
12,US95->CS39,51102,51102,0
12,US95->CS47,50919,50919,0
12,US95->CS55,50955,50955,0
12,US95->CS63,50811,50811,0
12,US96->CS0,50732,50732,0
12,US96->CS8,51027,51027,0
12,US96->CS16,50482,50482,0
12,US96->CS24,50683,50683,0
12,US96->CS32,50781,50781,0
12,US96->CS40,50991,50991,0
12,US96->CS48,50974,50974,0
12,US96->CS56,50709,50709,0
12,US97->CS1,51530,51530,0
12,US97->CS9,50979,50979,0
12,US97->CS17,50874,50874,0
12,US97->CS25,50748,50748,0
12,US97->CS33,50750,50750,0
12,US97->CS41,50762,50762,0
12,US97->CS49,50870,50870,0
12,US97->CS57,50835,50835,0
12,US98->CS2,51086,51086,0
12,US98->CS10,50762,50762,0
12,US98->CS18,50775,50775,0
12,US98->CS26,50886,50886,0
12,US98->CS34,50997,50997,0
12,US98->CS42,50911,50911,0
12,US98->CS50,50956,50956,0
12,US98->CS58,50777,50777,0
12,US99->CS3,50805,50805,0
12,US99->CS11,51084,51084,0
12,US99->CS19,51007,51007,0
12,US99->CS27,51084,51084,0
12,US99->CS35,51018,51018,0
12,US99->CS43,50345,50345,0
12,US99->CS51,51153,51153,0
12,US99->CS59,51014,51014,0
12,US100->CS4,50623,50623,0
12,US100->CS12,50705,50705,0
12,US100->CS20,51016,51016,0
12,US100->CS28,51404,51404,0
12,US100->CS36,50962,50962,0
12,US100->CS44,50816,50816,0
12,US100->CS52,50570,50570,0
12,US100->CS60,51139,51139,0
12,US101->CS5,50905,50905,0
12,US101->CS13,51138,51138,0
12,US101->CS21,50993,50993,0
12,US101->CS29,50924,50924,0
12,US101->CS37,51009,51009,0
12,US101->CS45,50905,50905,0
12,US101->CS53,50680,50680,0
12,US101->CS61,51105,51105,0
12,US102->CS6,51160,51160,0
12,US102->CS14,51022,51022,0
12,US102->CS22,50845,50845,0
12,US102->CS30,51378,51378,0
12,US102->CS38,51267,51267,0
12,US102->CS46,50761,50761,0
12,US102->CS54,50860,50860,0
12,US102->CS62,50652,50652,0
12,US103->CS7,50819,50819,0
12,US103->CS15,51106,51106,0
12,US103->CS23,50983,50983,0
12,US103->CS31,50530,50530,0
12,US103->CS39,51001,51001,0
12,US103->CS47,50827,50827,0
12,US103->CS55,50544,50544,0
12,US103->CS63,51030,51030,0
12,US104->CS0,50742,50742,0
12,US104->CS8,51003,51003,0
12,US104->CS16,51043,51043,0
12,US104->CS24,51242,51242,0
12,US104->CS32,50820,50820,0
12,US104->CS40,50935,50935,0
12,US104->CS48,50571,50571,0
12,US104->CS56,51128,51128,0
12,US105->CS1,51056,51056,0
12,US105->CS9,50857,50857,0
12,US105->CS17,50321,50321,0
12,US105->CS25,50573,50573,0
12,US105->CS33,50667,50667,0
12,US105->CS41,51187,51187,0
12,US105->CS49,51052,51052,0
12,US105->CS57,50786,50786,0
12,US106->CS2,50830,50830,0
12,US106->CS10,50850,50850,0
12,US106->CS18,50863,50863,0
12,US106->CS26,50671,50671,0
12,US106->CS34,50963,50963,0
12,US106->CS42,50616,50616,0
12,US106->CS50,50499,50499,0
12,US106->CS58,50538,50538,0
12,US107->CS3,51036,51036,0
12,US107->CS11,50839,50839,0
12,US107->CS19,50902,50902,0
12,US107->CS27,50877,50877,0
12,US107->CS35,50577,50577,0
12,US107->CS43,51014,51014,0
12,US107->CS51,50722,50722,0
12,US107->CS59,50926,50926,0
12,US108->CS4,50364,50364,0
12,US108->CS12,51105,51105,0
12,US108->CS20,50787,50787,0
12,US108->CS28,50911,50911,0
12,US108->CS36,50752,50752,0
12,US108->CS44,50914,50914,0
12,US108->CS52,50516,50516,0
12,US108->CS60,50582,50582,0
12,US109->CS5,51123,51123,0
12,US109->CS13,50702,50702,0
12,US109->CS21,50913,50913,0
12,US109->CS29,51233,51233,0
12,US109->CS37,50784,50784,0
12,US109->CS45,50985,50985,0
12,US109->CS53,50998,50998,0
12,US109->CS61,50950,50950,0
12,US110->CS6,51078,51078,0
12,US110->CS14,50223,50223,0
12,US110->CS22,50343,50343,0
12,US110->CS30,50932,50932,0
12,US110->CS38,50749,50749,0
12,US110->CS46,51024,51024,0
12,US110->CS54,50888,50888,0
12,US110->CS62,50849,50849,0
12,US111->CS7,50669,50669,0
12,US111->CS15,50417,50417,0
12,US111->CS23,51193,51193,0
12,US111->CS31,50692,50692,0
12,US111->CS39,50545,50545,0
12,US111->CS47,50613,50613,0
12,US111->CS55,50797,50797,0
12,US111->CS63,50866,50866,0
12,US112->CS0,53948,53948,0
12,US112->CS8,53922,53922,0
12,US112->CS16,53892,53892,0
12,US112->CS24,54054,54054,0
12,US112->CS32,54048,54048,0
12,US112->CS40,54098,54098,0
12,US112->CS48,54045,54045,0
12,US112->CS56,53683,53683,0
12,US113->CS1,53967,53967,0
12,US113->CS9,53765,53765,0
12,US113->CS17,53930,53930,0
12,US113->CS25,54054,54054,0
12,US113->CS33,53960,53960,0
12,US113->CS41,53551,53551,0
12,US113->CS49,54015,54015,0
12,US113->CS57,53583,53583,0
12,US114->CS2,53936,53936,0
12,US114->CS10,53813,53813,0
12,US114->CS18,53993,53993,0
12,US114->CS26,53836,53836,0
12,US114->CS34,53882,53882,0
12,US114->CS42,53808,53808,0
12,US114->CS50,54211,54211,0
12,US114->CS58,54165,54165,0
12,US115->CS3,54571,54571,0
12,US115->CS11,54318,54318,0
12,US115->CS19,53956,53956,0
12,US115->CS27,53765,53765,0
12,US115->CS35,53813,53813,0
12,US115->CS43,53962,53962,0
12,US115->CS51,53882,53882,0
12,US115->CS59,54163,54163,0
12,US116->CS4,53948,53948,0
12,US116->CS12,53725,53725,0
12,US116->CS20,53803,53803,0
12,US116->CS28,54173,54173,0
12,US116->CS36,53888,53888,0
12,US116->CS44,53939,53939,0
12,US116->CS52,54195,54195,0
12,US116->CS60,53986,53986,0
12,US117->CS5,53849,53849,0
12,US117->CS13,53596,53596,0
12,US117->CS21,54350,54350,0
12,US117->CS29,54345,54345,0
12,US117->CS37,53915,53915,0
12,US117->CS45,54123,54123,0
12,US117->CS53,54195,54195,0
12,US117->CS61,53584,53584,0
12,US118->CS6,54503,54503,0
12,US118->CS14,53808,53808,0
12,US118->CS22,54027,54027,0
12,US118->CS30,53827,53827,0
12,US118->CS38,54278,54278,0
12,US118->CS46,54040,54040,0
12,US118->CS54,54083,54083,0
12,US118->CS62,53813,53813,0
12,US119->CS7,53807,53807,0
12,US119->CS15,53848,53848,0
12,US119->CS23,53953,53953,0
12,US119->CS31,53701,53701,0
12,US119->CS39,54097,54097,0
12,US119->CS47,53945,53945,0
12,US119->CS55,54016,54016,0
12,US119->CS63,54045,54045,0
12,US120->CS0,51045,51045,0
12,US120->CS8,50813,50813,0
12,US120->CS16,50827,50827,0
12,US120->CS24,50947,50947,0
12,US120->CS32,50837,50837,0
12,US120->CS40,50404,50404,0
12,US120->CS48,50393,50393,0
12,US120->CS56,50832,50832,0
12,US121->CS1,50778,50778,0
12,US121->CS9,50513,50513,0
12,US121->CS17,51016,51016,0
12,US121->CS25,51215,51215,0
12,US121->CS33,50643,50643,0
12,US121->CS41,50979,50979,0
12,US121->CS49,50903,50903,0
12,US121->CS57,50688,50688,0
12,US122->CS2,50718,50718,0
12,US122->CS10,50586,50586,0
12,US122->CS18,50763,50763,0
12,US122->CS26,51133,51133,0
12,US122->CS34,50605,50605,0
12,US122->CS42,51096,51096,0
12,US122->CS50,50508,50508,0
12,US122->CS58,51266,51266,0
12,US123->CS3,50736,50736,0
12,US123->CS11,50987,50987,0
12,US123->CS19,50555,50555,0
12,US123->CS27,50941,50941,0
12,US123->CS35,51134,51134,0
12,US123->CS43,50574,50574,0
12,US123->CS51,51331,51331,0
12,US123->CS59,50664,50664,0
12,US124->CS4,50518,50518,0
12,US124->CS12,50787,50787,0
12,US124->CS20,50400,50400,0
12,US124->CS28,51073,51073,0
12,US124->CS36,50521,50521,0
12,US124->CS44,50860,50860,0
12,US124->CS52,50406,50406,0
12,US124->CS60,50649,50649,0
12,US125->CS5,50665,50665,0
12,US125->CS13,50572,50572,0
12,US125->CS21,50913,50913,0
12,US125->CS29,50814,50814,0
12,US125->CS37,50307,50307,0
12,US125->CS45,50875,50875,0
12,US125->CS53,50807,50807,0
12,US125->CS61,50912,50912,0
12,US126->CS6,50830,50830,0
12,US126->CS14,50395,50395,0
12,US126->CS22,50716,50716,0
12,US126->CS30,50787,50787,0
12,US126->CS38,50892,50892,0
12,US126->CS46,50869,50869,0
12,US126->CS54,50902,50902,0
12,US126->CS62,51315,51315,0
12,US127->CS7,50773,50773,0
12,US127->CS15,50888,50888,0
12,US127->CS23,50721,50721,0
12,US127->CS31,50863,50863,0
12,US127->CS39,50912,50912,0
12,US127->CS47,50543,50543,0
12,US127->CS55,50678,50678,0
12,US127->CS63,51079,51079,0
12,CS0->US0,51275,51275,0
12,CS0->US8,50315,50315,0
12,CS0->US16,51098,51098,0
12,CS0->US24,51789,51789,0
12,CS0->US32,51439,51439,0
12,CS0->US40,53996,53996,0
12,CS0->US48,51658,51658,0
12,CS0->US56,50717,50717,0
12,CS0->US64,51241,51241,0
12,CS0->US72,50820,50820,0
12,CS0->US80,56587,56587,0
12,CS0->US88,51125,51125,0
12,CS0->US96,50795,50795,0
12,CS0->US104,50841,50841,0
12,CS0->US112,53419,53419,0
12,CS0->US120,53445,53445,0
12,CS1->US1,51211,51211,0
12,CS1->US9,50155,50155,0
12,CS1->US17,50861,50861,0
12,CS1->US25,51392,51392,0
12,CS1->US33,51261,51261,0
12,CS1->US41,54068,54068,0
12,CS1->US49,51467,51467,0
12,CS1->US57,51273,51273,0
12,CS1->US65,51274,51274,0
12,CS1->US73,50926,50926,0
12,CS1->US81,56221,56221,0
12,CS1->US89,51044,51044,0
12,CS1->US97,51152,51152,0
12,CS1->US105,51586,51586,0
12,CS1->US113,53710,53710,0
12,CS1->US121,53559,53559,0
12,CS2->US2,51463,51463,0
12,CS2->US10,50632,50632,0
12,CS2->US18,50768,50768,0
12,CS2->US26,51595,51595,0
12,CS2->US34,51573,51573,0
12,CS2->US42,54040,54040,0
12,CS2->US50,51190,51190,0
12,CS2->US58,50628,50628,0
12,CS2->US66,51252,51252,0
12,CS2->US74,51044,51044,0
12,CS2->US82,56788,56788,0
12,CS2->US90,50735,50735,0
12,CS2->US98,50935,50935,0
12,CS2->US106,51147,51147,0
12,CS2->US114,53363,53363,0
12,CS2->US122,53534,53534,0
12,CS3->US3,51368,51368,0
12,CS3->US11,50472,50472,0
12,CS3->US19,50833,50833,0
12,CS3->US27,51572,51572,0
12,CS3->US35,51513,51513,0
12,CS3->US43,54592,54592,0
12,CS3->US51,51275,51275,0
12,CS3->US59,50949,50949,0
12,CS3->US67,51605,51605,0
12,CS3->US75,50912,50912,0
12,CS3->US83,56786,56786,0
12,CS3->US91,50894,50894,0
12,CS3->US99,51135,51135,0
12,CS3->US107,50848,50848,0
12,CS3->US115,53426,53426,0
12,CS3->US123,53403,53403,0
12,CS4->US4,51719,51719,0
12,CS4->US12,50891,50891,0
12,CS4->US20,50614,50614,0
12,CS4->US28,51440,51440,0
12,CS4->US36,51469,51469,0
12,CS4->US44,53963,53963,0
12,CS4->US52,51147,51147,0
12,CS4->US60,50717,50717,0
12,CS4->US68,51230,51230,0
12,CS4->US76,50564,50564,0
12,CS4->US84,57085,57085,0
12,CS4->US92,50966,50966,0
12,CS4->US100,50451,50451,0
12,CS4->US108,50614,50614,0
12,CS4->US116,53522,53522,0
12,CS4->US124,54097,54097,0
12,CS5->US5,51378,51378,0
12,CS5->US13,50877,50877,0
12,CS5->US21,50761,50761,0
12,CS5->US29,51341,51341,0
12,CS5->US37,51148,51148,0
12,CS5->US45,53893,53893,0
12,CS5->US53,51584,51584,0
12,CS5->US61,50847,50847,0
12,CS5->US69,51572,51572,0
12,CS5->US77,51190,51190,0
12,CS5->US85,56708,56708,0
12,CS5->US93,51321,51321,0
12,CS5->US101,51218,51218,0
12,CS5->US109,51027,51027,0
12,CS5->US117,53631,53631,0
12,CS5->US125,54199,54199,0
12,CS6->US6,51771,51771,0
12,CS6->US14,50758,50758,0
12,CS6->US22,50902,50902,0
12,CS6->US30,51602,51602,0
12,CS6->US38,51165,51165,0
12,CS6->US46,54562,54562,0
12,CS6->US54,51593,51593,0
12,CS6->US62,51617,51617,0
12,CS6->US70,51159,51159,0
12,CS6->US78,51254,51254,0
12,CS6->US86,56568,56568,0
12,CS6->US94,51112,51112,0
12,CS6->US102,51127,51127,0
12,CS6->US110,51178,51178,0
12,CS6->US118,53524,53524,0
12,CS6->US126,53466,53466,0
12,CS7->US7,51562,51562,0
12,CS7->US15,50191,50191,0
12,CS7->US23,50824,50824,0
12,CS7->US31,51515,51515,0
12,CS7->US39,51320,51320,0
12,CS7->US47,53795,53795,0
12,CS7->US55,51697,51697,0
12,CS7->US63,51245,51245,0
12,CS7->US71,51272,51272,0
12,CS7->US79,51017,51017,0
12,CS7->US87,56738,56738,0
12,CS7->US95,51177,51177,0
12,CS7->US103,50770,50770,0
12,CS7->US111,50864,50864,0
12,CS7->US119,53438,53438,0
12,CS7->US127,53740,53740,0
12,CS8->US0,51218,51218,0
12,CS8->US8,50399,50399,0
12,CS8->US16,50845,50845,0
12,CS8->US24,51256,51256,0
12,CS8->US32,51238,51238,0
12,CS8->US40,53964,53964,0
12,CS8->US48,51459,51459,0
12,CS8->US56,51228,51228,0
12,CS8->US64,51338,51338,0
12,CS8->US72,50774,50774,0
12,CS8->US80,56654,56654,0
12,CS8->US88,51368,51368,0
12,CS8->US96,51166,51166,0
12,CS8->US104,51049,51049,0
12,CS8->US112,53681,53681,0
12,CS8->US120,53409,53409,0
12,CS9->US1,51811,51811,0
12,CS9->US9,50664,50664,0
12,CS9->US17,50584,50584,0
12,CS9->US25,51990,51990,0
12,CS9->US33,51217,51217,0
12,CS9->US41,53784,53784,0
12,CS9->US49,51679,51679,0
12,CS9->US57,50488,50488,0
12,CS9->US65,50938,50938,0
12,CS9->US73,50961,50961,0
12,CS9->US81,56631,56631,0
12,CS9->US89,51002,51002,0
12,CS9->US97,51007,51007,0
12,CS9->US105,51056,51056,0
12,CS9->US113,54057,54057,0
12,CS9->US121,53379,53379,0
12,CS10->US2,51075,51075,0
12,CS10->US10,50412,50412,0
12,CS10->US18,50691,50691,0
12,CS10->US26,51511,51511,0
12,CS10->US34,51377,51377,0
12,CS10->US42,53831,53831,0
12,CS10->US50,51162,51162,0
12,CS10->US58,50904,50904,0
12,CS10->US66,51403,51403,0
12,CS10->US74,51048,51048,0
12,CS10->US82,56875,56875,0
12,CS10->US90,51086,51086,0
12,CS10->US98,50947,50947,0
12,CS10->US106,50768,50768,0
12,CS10->US114,53352,53352,0
12,CS10->US122,53282,53282,0
12,CS11->US3,51351,51351,0
12,CS11->US11,50383,50383,0
12,CS11->US19,51064,51064,0
12,CS11->US27,51585,51585,0
12,CS11->US35,51133,51133,0
12,CS11->US43,54346,54346,0
12,CS11->US51,51674,51674,0
12,CS11->US59,51202,51202,0
12,CS11->US67,51144,51144,0
12,CS11->US75,51016,51016,0
12,CS11->US83,56767,56767,0
12,CS11->US91,51147,51147,0
12,CS11->US99,50951,50951,0
12,CS11->US107,51128,51128,0
12,CS11->US115,53594,53594,0
12,CS11->US123,53198,53198,0
12,CS12->US4,51891,51891,0
12,CS12->US12,50788,50788,0
12,CS12->US20,50805,50805,0
12,CS12->US28,51289,51289,0
12,CS12->US36,51641,51641,0
12,CS12->US44,53766,53766,0
12,CS12->US52,51817,51817,0
12,CS12->US60,50827,50827,0
12,CS12->US68,51380,51380,0
12,CS12->US76,51376,51376,0
12,CS12->US84,56959,56959,0
12,CS12->US92,51088,51088,0
12,CS12->US100,51128,51128,0
12,CS12->US108,50739,50739,0
12,CS12->US116,53191,53191,0
12,CS12->US124,53316,53316,0
12,CS13->US5,51649,51649,0
12,CS13->US13,50568,50568,0
12,CS13->US21,50599,50599,0
12,CS13->US29,51454,51454,0
12,CS13->US37,51419,51419,0
12,CS13->US45,53596,53596,0
12,CS13->US53,51783,51783,0
12,CS13->US61,51076,51076,0
12,CS13->US69,50697,50697,0
12,CS13->US77,50849,50849,0
12,CS13->US85,56540,56540,0
12,CS13->US93,50652,50652,0
12,CS13->US101,50872,50872,0
12,CS13->US109,51251,51251,0
12,CS13->US117,53282,53282,0
12,CS13->US125,53512,53512,0
12,CS14->US6,51577,51577,0
12,CS14->US14,50530,50530,0
12,CS14->US22,50576,50576,0
12,CS14->US30,51432,51432,0
12,CS14->US38,51073,51073,0
12,CS14->US46,53751,53751,0
12,CS14->US54,51813,51813,0
12,CS14->US62,51089,51089,0
12,CS14->US70,51388,51388,0
12,CS14->US78,50794,50794,0
12,CS14->US86,56749,56749,0
12,CS14->US94,50583,50583,0
12,CS14->US102,50251,50251,0
12,CS14->US110,51084,51084,0
12,CS14->US118,53510,53510,0
12,CS14->US126,53870,53870,0
12,CS15->US7,51970,51970,0
12,CS15->US15,50354,50354,0
12,CS15->US23,50935,50935,0
12,CS15->US31,51299,51299,0
12,CS15->US39,51551,51551,0
12,CS15->US47,53859,53859,0
12,CS15->US55,51442,51442,0
12,CS15->US63,51071,51071,0
12,CS15->US71,50793,50793,0
12,CS15->US79,50979,50979,0
12,CS15->US87,56928,56928,0
12,CS15->US95,51299,51299,0
12,CS15->US103,50519,50519,0
12,CS15->US111,51191,51191,0
12,CS15->US119,53433,53433,0
12,CS15->US127,53706,53706,0
12,CS16->US0,51005,51005,0
12,CS16->US8,50498,50498,0
12,CS16->US16,50891,50891,0
12,CS16->US24,51337,51337,0
12,CS16->US32,51390,51390,0
12,CS16->US40,53918,53918,0
12,CS16->US48,51411,51411,0
12,CS16->US56,51372,51372,0
12,CS16->US64,51289,51289,0
12,CS16->US72,51206,51206,0
12,CS16->US80,57212,57212,0
12,CS16->US88,50791,50791,0
12,CS16->US96,51161,51161,0
12,CS16->US104,50595,50595,0
12,CS16->US112,53261,53261,0
12,CS16->US120,53549,53549,0
12,CS17->US1,51629,51629,0
12,CS17->US9,50609,50609,0
12,CS17->US17,51113,51113,0
12,CS17->US25,51350,51350,0
12,CS17->US33,51048,51048,0
12,CS17->US41,54007,54007,0
12,CS17->US49,51476,51476,0
12,CS17->US57,51207,51207,0
12,CS17->US65,51284,51284,0
12,CS17->US73,51067,51067,0
12,CS17->US81,56839,56839,0
12,CS17->US89,51140,51140,0
12,CS17->US97,50455,50455,0
12,CS17->US105,50977,50977,0
12,CS17->US113,53222,53222,0
12,CS17->US121,53465,53465,0
12,CS18->US2,51253,51253,0
12,CS18->US10,50785,50785,0
12,CS18->US18,50837,50837,0
12,CS18->US26,51291,51291,0
12,CS18->US34,51337,51337,0
12,CS18->US42,54012,54012,0
12,CS18->US50,51065,51065,0
12,CS18->US58,51128,51128,0
12,CS18->US66,51337,51337,0
12,CS18->US74,51012,51012,0
12,CS18->US82,56954,56954,0
12,CS18->US90,51232,51232,0
12,CS18->US98,50872,50872,0
12,CS18->US106,50874,50874,0
12,CS18->US114,53208,53208,0
12,CS18->US122,53531,53531,0
12,CS19->US3,51089,51089,0
12,CS19->US11,50220,50220,0
12,CS19->US19,50585,50585,0
12,CS19->US27,51341,51341,0
12,CS19->US35,51121,51121,0
12,CS19->US43,53992,53992,0
12,CS19->US51,51306,51306,0
12,CS19->US59,51482,51482,0
12,CS19->US67,51479,51479,0
12,CS19->US75,50884,50884,0
12,CS19->US83,56736,56736,0
12,CS19->US91,51266,51266,0
12,CS19->US99,51047,51047,0
12,CS19->US107,51002,51002,0
12,CS19->US115,53434,53434,0
12,CS19->US123,53810,53810,0
12,CS20->US4,51321,51321,0
12,CS20->US12,50444,50444,0
12,CS20->US20,50400,50400,0
12,CS20->US28,51478,51478,0
12,CS20->US36,51488,51488,0
12,CS20->US44,53828,53828,0
12,CS20->US52,51309,51309,0
12,CS20->US60,51167,51167,0
12,CS20->US68,50979,50979,0
12,CS20->US76,51246,51246,0
12,CS20->US84,56627,56627,0
12,CS20->US92,50932,50932,0
12,CS20->US100,50920,50920,0
12,CS20->US108,51076,51076,0
12,CS20->US116,53611,53611,0
12,CS20->US124,53917,53917,0
12,CS21->US5,51517,51517,0
12,CS21->US13,50798,50798,0
12,CS21->US21,51044,51044,0
12,CS21->US29,51913,51913,0
12,CS21->US37,51577,51577,0
12,CS21->US45,54308,54308,0
12,CS21->US53,51450,51450,0
12,CS21->US61,51150,51150,0
12,CS21->US69,51764,51764,0
12,CS21->US77,51174,51174,0
12,CS21->US85,56311,56311,0
12,CS21->US93,50613,50613,0
12,CS21->US101,50990,50990,0
12,CS21->US109,51093,51093,0
12,CS21->US117,53747,53747,0
12,CS21->US125,53704,53704,0
12,CS22->US6,51631,51631,0
12,CS22->US14,50705,50705,0
12,CS22->US22,50859,50859,0
12,CS22->US30,51639,51639,0
12,CS22->US38,51515,51515,0
12,CS22->US46,54080,54080,0
12,CS22->US54,51334,51334,0
12,CS22->US62,50757,50757,0
12,CS22->US70,51517,51517,0
12,CS22->US78,51189,51189,0
12,CS22->US86,57046,57046,0
12,CS22->US94,51044,51044,0
12,CS22->US102,50450,50450,0
12,CS22->US110,50912,50912,0
12,CS22->US118,53553,53553,0
12,CS22->US126,53701,53701,0
12,CS23->US7,51588,51588,0
12,CS23->US15,50583,50583,0
12,CS23->US23,50807,50807,0
12,CS23->US31,51500,51500,0
12,CS23->US39,51163,51163,0
12,CS23->US47,53912,53912,0
12,CS23->US55,51429,51429,0
12,CS23->US63,51178,51178,0
12,CS23->US71,51383,51383,0
12,CS23->US79,51019,51019,0
12,CS23->US87,56982,56982,0
12,CS23->US95,50908,50908,0
12,CS23->US103,51256,51256,0
12,CS23->US111,51003,51003,0
12,CS23->US119,53544,53544,0
12,CS23->US127,53751,53751,0
12,CS24->US0,51707,51707,0
12,CS24->US8,50338,50338,0
12,CS24->US16,51015,51015,0
12,CS24->US24,51802,51802,0
12,CS24->US32,51118,51118,0
12,CS24->US40,54054,54054,0
12,CS24->US48,51717,51717,0
12,CS24->US56,51494,51494,0
12,CS24->US64,51182,51182,0
12,CS24->US72,51457,51457,0
12,CS24->US80,56497,56497,0
12,CS24->US88,51236,51236,0
12,CS24->US96,51354,51354,0
12,CS24->US104,50803,50803,0
12,CS24->US112,53703,53703,0
12,CS24->US120,53549,53549,0
12,CS25->US1,51287,51287,0
12,CS25->US9,50413,50413,0
12,CS25->US17,51301,51301,0
12,CS25->US25,51269,51269,0
12,CS25->US33,51332,51332,0
12,CS25->US41,54074,54074,0
12,CS25->US49,51197,51197,0
12,CS25->US57,50851,50851,0
12,CS25->US65,51231,51231,0
12,CS25->US73,51049,51049,0
12,CS25->US81,56654,56654,0
12,CS25->US89,51168,51168,0
12,CS25->US97,50692,50692,0
12,CS25->US105,50830,50830,0
12,CS25->US113,53478,53478,0
12,CS25->US121,54046,54046,0
12,CS26->US2,51581,51581,0
12,CS26->US10,50220,50220,0
12,CS26->US18,51246,51246,0
12,CS26->US26,51446,51446,0
12,CS26->US34,51149,51149,0
12,CS26->US42,53857,53857,0
12,CS26->US50,51840,51840,0
12,CS26->US58,51049,51049,0
12,CS26->US66,51200,51200,0
12,CS26->US74,50427,50427,0
12,CS26->US82,56552,56552,0
12,CS26->US90,50908,50908,0
12,CS26->US98,50798,50798,0
12,CS26->US106,50995,50995,0
12,CS26->US114,53309,53309,0
12,CS26->US122,53271,53271,0
12,CS27->US3,51564,51564,0
12,CS27->US11,50533,50533,0
12,CS27->US19,50980,50980,0
12,CS27->US27,51407,51407,0
12,CS27->US35,51018,51018,0
12,CS27->US43,53873,53873,0
12,CS27->US51,51678,51678,0
12,CS27->US59,51028,51028,0
12,CS27->US67,51039,51039,0
12,CS27->US75,50771,50771,0
12,CS27->US83,56884,56884,0
12,CS27->US91,50661,50661,0
12,CS27->US99,50985,50985,0
12,CS27->US107,51208,51208,0
12,CS27->US115,53356,53356,0
12,CS27->US123,53494,53494,0
12,CS28->US4,51467,51467,0
12,CS28->US12,50521,50521,0
12,CS28->US20,51128,51128,0
12,CS28->US28,51548,51548,0
12,CS28->US36,51436,51436,0
12,CS28->US44,54246,54246,0
12,CS28->US52,51199,51199,0
12,CS28->US60,51257,51257,0
12,CS28->US68,51628,51628,0
12,CS28->US76,50988,50988,0
12,CS28->US84,56696,56696,0
12,CS28->US92,51052,51052,0
12,CS28->US100,51002,51002,0
12,CS28->US108,51525,51525,0
12,CS28->US116,53747,53747,0
12,CS28->US124,53811,53811,0
12,CS29->US5,51208,51208,0
12,CS29->US13,51006,51006,0
12,CS29->US21,50892,50892,0
12,CS29->US29,51329,51329,0
12,CS29->US37,51310,51310,0
12,CS29->US45,54361,54361,0
12,CS29->US53,51675,51675,0
12,CS29->US61,50821,50821,0
12,CS29->US69,51135,51135,0
12,CS29->US77,50910,50910,0
12,CS29->US85,56610,56610,0
12,CS29->US93,50615,50615,0
12,CS29->US101,51349,51349,0
12,CS29->US109,50981,50981,0
12,CS29->US117,53279,53279,0
12,CS29->US125,53262,53262,0
12,CS30->US6,51418,51418,0
12,CS30->US14,50612,50612,0
12,CS30->US22,50764,50764,0
12,CS30->US30,51295,51295,0
12,CS30->US38,51343,51343,0
12,CS30->US46,53863,53863,0
12,CS30->US54,51402,51402,0
12,CS30->US62,51158,51158,0
12,CS30->US70,51601,51601,0
12,CS30->US78,50926,50926,0
12,CS30->US86,57009,57009,0
12,CS30->US94,50975,50975,0
12,CS30->US102,51012,51012,0
12,CS30->US110,51439,51439,0
12,CS30->US118,53650,53650,0
12,CS30->US126,53434,53434,0
12,CS31->US7,51134,51134,0
12,CS31->US15,50320,50320,0
12,CS31->US23,51002,51002,0
12,CS31->US31,51540,51540,0
12,CS31->US39,51676,51676,0
12,CS31->US47,53731,53731,0
12,CS31->US55,51337,51337,0
12,CS31->US63,51113,51113,0
12,CS31->US71,51249,51249,0
12,CS31->US79,51054,51054,0
12,CS31->US87,56888,56888,0
12,CS31->US95,50857,50857,0
12,CS31->US103,50713,50713,0
12,CS31->US111,50586,50586,0
12,CS31->US119,53952,53952,0
12,CS31->US127,53745,53745,0
12,CS32->US0,51505,51505,0
12,CS32->US8,50855,50855,0
12,CS32->US16,50905,50905,0
12,CS32->US24,51446,51446,0
12,CS32->US32,51317,51317,0
12,CS32->US40,54145,54145,0
12,CS32->US48,51795,51795,0
12,CS32->US56,50923,50923,0
12,CS32->US64,51040,51040,0
12,CS32->US72,50936,50936,0
12,CS32->US80,56992,56992,0
12,CS32->US88,51227,51227,0
12,CS32->US96,50873,50873,0
12,CS32->US104,50887,50887,0
12,CS32->US112,53462,53462,0
12,CS32->US120,53399,53399,0
12,CS33->US1,51628,51628,0
12,CS33->US9,50994,50994,0
12,CS33->US17,50756,50756,0
12,CS33->US25,51486,51486,0
12,CS33->US33,51133,51133,0
12,CS33->US41,54010,54010,0
12,CS33->US49,51392,51392,0
12,CS33->US57,50733,50733,0
12,CS33->US65,51135,51135,0
12,CS33->US73,51087,51087,0
12,CS33->US81,56030,56030,0
12,CS33->US89,50846,50846,0
12,CS33->US97,50772,50772,0
12,CS33->US105,50850,50850,0
12,CS33->US113,53545,53545,0
12,CS33->US121,53605,53605,0
12,CS34->US2,51641,51641,0
12,CS34->US10,50420,50420,0
12,CS34->US18,50652,50652,0
12,CS34->US26,51618,51618,0
12,CS34->US34,51275,51275,0
12,CS34->US42,53860,53860,0
12,CS34->US50,51924,51924,0
12,CS34->US58,51022,51022,0
12,CS34->US66,51096,51096,0
12,CS34->US74,50879,50879,0
12,CS34->US82,56966,56966,0
12,CS34->US90,51121,51121,0
12,CS34->US98,51032,51032,0
12,CS34->US106,51053,51053,0
12,CS34->US114,53454,53454,0
12,CS34->US122,53569,53569,0
12,CS35->US3,51535,51535,0
12,CS35->US11,50762,50762,0
12,CS35->US19,51204,51204,0
12,CS35->US27,51612,51612,0
12,CS35->US35,51349,51349,0
12,CS35->US43,53936,53936,0
12,CS35->US51,51674,51674,0
12,CS35->US59,51359,51359,0
12,CS35->US67,51591,51591,0
12,CS35->US75,50906,50906,0
12,CS35->US83,56631,56631,0
12,CS35->US91,50941,50941,0
12,CS35->US99,50657,50657,0
12,CS35->US107,51049,51049,0
12,CS35->US115,53432,53432,0
12,CS35->US123,54005,54005,0
12,CS36->US4,51656,51656,0
12,CS36->US12,50756,50756,0
12,CS36->US20,50571,50571,0
12,CS36->US28,51456,51456,0
12,CS36->US36,51170,51170,0
12,CS36->US44,53926,53926,0
12,CS36->US52,51629,51629,0
12,CS36->US60,50785,50785,0
12,CS36->US68,51328,51328,0
12,CS36->US76,50830,50830,0
12,CS36->US84,56989,56989,0
12,CS36->US92,51045,51045,0
12,CS36->US100,50834,50834,0
12,CS36->US108,51053,51053,0
12,CS36->US116,53174,53174,0
12,CS36->US124,53299,53299,0
12,CS37->US5,51795,51795,0
12,CS37->US13,50288,50288,0
12,CS37->US21,50429,50429,0
12,CS37->US29,51670,51670,0
12,CS37->US37,51561,51561,0
12,CS37->US45,53911,53911,0
12,CS37->US53,51305,51305,0
12,CS37->US61,51002,51002,0
12,CS37->US69,51232,51232,0
12,CS37->US77,51066,51066,0
12,CS37->US85,56960,56960,0
12,CS37->US93,50850,50850,0
12,CS37->US101,50865,50865,0
12,CS37->US109,51042,51042,0
12,CS37->US117,53053,53053,0
12,CS37->US125,53433,53433,0
12,CS38->US6,51355,51355,0
12,CS38->US14,50612,50612,0
12,CS38->US22,51004,51004,0
12,CS38->US30,51212,51212,0
12,CS38->US38,51244,51244,0
12,CS38->US46,54263,54263,0
12,CS38->US54,51355,51355,0
12,CS38->US62,50804,50804,0
12,CS38->US70,51258,51258,0
12,CS38->US78,51182,51182,0
12,CS38->US86,57260,57260,0
12,CS38->US94,50789,50789,0
12,CS38->US102,50914,50914,0
12,CS38->US110,51311,51311,0
12,CS38->US118,53306,53306,0
12,CS38->US126,53477,53477,0
12,CS39->US7,51410,51410,0
12,CS39->US15,50470,50470,0
12,CS39->US23,50993,50993,0
12,CS39->US31,51749,51749,0
12,CS39->US39,51163,51163,0
12,CS39->US47,54111,54111,0
12,CS39->US55,51354,51354,0
12,CS39->US63,50943,50943,0
12,CS39->US71,51118,51118,0
12,CS39->US79,50983,50983,0
12,CS39->US87,56709,56709,0
12,CS39->US95,50856,50856,0
12,CS39->US103,50634,50634,0
12,CS39->US111,51160,51160,0
12,CS39->US119,53629,53629,0
12,CS39->US127,54081,54081,0
12,CS40->US0,51511,51511,0
12,CS40->US8,50169,50169,0
12,CS40->US16,50424,50424,0
12,CS40->US24,51349,51349,0
12,CS40->US32,51090,51090,0
12,CS40->US40,54155,54155,0
12,CS40->US48,51460,51460,0
12,CS40->US56,50705,50705,0
12,CS40->US64,51725,51725,0
12,CS40->US72,50804,50804,0
12,CS40->US80,56821,56821,0
12,CS40->US88,50868,50868,0
12,CS40->US96,51075,51075,0
12,CS40->US104,51055,51055,0
12,CS40->US112,53752,53752,0
12,CS40->US120,53191,53191,0
12,CS41->US1,51676,51676,0
12,CS41->US9,50562,50562,0
12,CS41->US17,51080,51080,0
12,CS41->US25,51545,51545,0
12,CS41->US33,51029,51029,0
12,CS41->US41,53571,53571,0
12,CS41->US49,51039,51039,0
12,CS41->US57,50736,50736,0
12,CS41->US65,51196,51196,0
12,CS41->US73,51090,51090,0
12,CS41->US81,57026,57026,0
12,CS41->US89,51345,51345,0
12,CS41->US97,51273,51273,0
12,CS41->US105,50836,50836,0
12,CS41->US113,53573,53573,0
12,CS41->US121,53696,53696,0
12,CS42->US2,51287,51287,0
12,CS42->US10,50529,50529,0
12,CS42->US18,51204,51204,0
12,CS42->US26,51132,51132,0
12,CS42->US34,51431,51431,0
12,CS42->US42,53829,53829,0
12,CS42->US50,51415,51415,0
12,CS42->US58,51126,51126,0
12,CS42->US66,51498,51498,0
12,CS42->US74,50713,50713,0
12,CS42->US82,56969,56969,0
12,CS42->US90,51060,51060,0
12,CS42->US98,50709,50709,0
12,CS42->US106,51019,51019,0
12,CS42->US114,53551,53551,0
12,CS42->US122,53704,53704,0
12,CS43->US3,51201,51201,0
12,CS43->US11,50914,50914,0
12,CS43->US19,50630,50630,0
12,CS43->US27,51085,51085,0
12,CS43->US35,51442,51442,0
12,CS43->US43,53966,53966,0
12,CS43->US51,51401,51401,0
12,CS43->US59,51293,51293,0
12,CS43->US67,51374,51374,0
12,CS43->US75,50902,50902,0
12,CS43->US83,56726,56726,0
12,CS43->US91,50955,50955,0
12,CS43->US99,51057,51057,0
12,CS43->US107,50461,50461,0
12,CS43->US115,53359,53359,0
12,CS43->US123,53684,53684,0
12,CS44->US4,51196,51196,0
12,CS44->US12,50870,50870,0
12,CS44->US20,50926,50926,0
12,CS44->US28,51617,51617,0
12,CS44->US36,50932,50932,0
12,CS44->US44,53907,53907,0
12,CS44->US52,51502,51502,0
12,CS44->US60,51230,51230,0
12,CS44->US68,51281,51281,0
12,CS44->US76,50964,50964,0
12,CS44->US84,57072,57072,0
12,CS44->US92,50817,50817,0
12,CS44->US100,50978,50978,0
12,CS44->US108,50864,50864,0
12,CS44->US116,53506,53506,0
12,CS44->US124,53590,53590,0
12,CS45->US5,51221,51221,0
12,CS45->US13,50572,50572,0
12,CS45->US21,50935,50935,0
12,CS45->US29,51485,51485,0
12,CS45->US37,51410,51410,0
12,CS45->US45,54189,54189,0
12,CS45->US53,51565,51565,0
12,CS45->US61,50891,50891,0
12,CS45->US69,51331,51331,0
12,CS45->US77,50734,50734,0
12,CS45->US85,57255,57255,0
12,CS45->US93,50961,50961,0
12,CS45->US101,51057,51057,0
12,CS45->US109,50955,50955,0
12,CS45->US117,53615,53615,0
12,CS45->US125,53662,53662,0
12,CS46->US6,51287,51287,0
12,CS46->US14,50288,50288,0
12,CS46->US22,50966,50966,0
12,CS46->US30,51299,51299,0
12,CS46->US38,50918,50918,0
12,CS46->US46,54085,54085,0
12,CS46->US54,51451,51451,0
12,CS46->US62,51252,51252,0
12,CS46->US70,51319,51319,0
12,CS46->US78,50912,50912,0
12,CS46->US86,57302,57302,0
12,CS46->US94,51022,51022,0
12,CS46->US102,51161,51161,0
12,CS46->US110,50865,50865,0
12,CS46->US118,53698,53698,0
12,CS46->US126,53704,53704,0
12,CS47->US7,51276,51276,0
12,CS47->US15,50801,50801,0
12,CS47->US23,50595,50595,0
12,CS47->US31,51936,51936,0
12,CS47->US39,51423,51423,0
12,CS47->US47,53985,53985,0
12,CS47->US55,51852,51852,0
12,CS47->US63,51077,51077,0
12,CS47->US71,51095,51095,0
12,CS47->US79,50853,50853,0
12,CS47->US87,56621,56621,0
12,CS47->US95,50683,50683,0
12,CS47->US103,50697,50697,0
12,CS47->US111,50862,50862,0
12,CS47->US119,53548,53548,0
12,CS47->US127,53747,53747,0
12,CS48->US0,51538,51538,0
12,CS48->US8,50637,50637,0
12,CS48->US16,50523,50523,0
12,CS48->US24,51581,51581,0
12,CS48->US32,50832,50832,0
12,CS48->US40,54028,54028,0
12,CS48->US48,51407,51407,0
12,CS48->US56,50842,50842,0
12,CS48->US64,51010,51010,0
12,CS48->US72,50720,50720,0
12,CS48->US80,56920,56920,0
12,CS48->US88,51093,51093,0
12,CS48->US96,50736,50736,0
12,CS48->US104,50999,50999,0
12,CS48->US112,53486,53486,0
12,CS48->US120,53756,53756,0
12,CS49->US1,51580,51580,0
12,CS49->US9,50568,50568,0
12,CS49->US17,50942,50942,0
12,CS49->US25,51473,51473,0
12,CS49->US33,50955,50955,0
12,CS49->US41,53983,53983,0
12,CS49->US49,51301,51301,0
12,CS49->US57,50943,50943,0
12,CS49->US65,51653,51653,0
12,CS49->US73,51220,51220,0
12,CS49->US81,56626,56626,0
12,CS49->US89,51208,51208,0
12,CS49->US97,51154,51154,0
12,CS49->US105,50968,50968,0
12,CS49->US113,52690,52690,0
12,CS49->US121,53443,53443,0
12,CS50->US2,51772,51772,0
12,CS50->US10,50031,50031,0
12,CS50->US18,50578,50578,0
12,CS50->US26,51964,51964,0
12,CS50->US34,51795,51795,0
12,CS50->US42,54132,54132,0
12,CS50->US50,51597,51597,0
12,CS50->US58,50458,50458,0
12,CS50->US66,51507,51507,0
12,CS50->US74,51114,51114,0
12,CS50->US82,57185,57185,0
12,CS50->US90,51315,51315,0
12,CS50->US98,50601,50601,0
12,CS50->US106,51032,51032,0
12,CS50->US114,53772,53772,0
12,CS50->US122,53271,53271,0
12,CS51->US3,51871,51871,0
12,CS51->US11,50362,50362,0
12,CS51->US19,51374,51374,0
12,CS51->US27,51360,51360,0
12,CS51->US35,51028,51028,0
12,CS51->US43,53928,53928,0
12,CS51->US51,51359,51359,0
12,CS51->US59,50910,50910,0
12,CS51->US67,51251,51251,0
12,CS51->US75,51004,51004,0
12,CS51->US83,56851,56851,0
12,CS51->US91,51054,51054,0
12,CS51->US99,50839,50839,0
12,CS51->US107,51219,51219,0
12,CS51->US115,53374,53374,0
12,CS51->US123,53506,53506,0
12,CS52->US4,51727,51727,0
12,CS52->US12,50627,50627,0
12,CS52->US20,50530,50530,0
12,CS52->US28,51648,51648,0
12,CS52->US36,50681,50681,0
12,CS52->US44,54175,54175,0
12,CS52->US52,51655,51655,0
12,CS52->US60,50987,50987,0
12,CS52->US68,51089,51089,0
12,CS52->US76,51148,51148,0
12,CS52->US84,56783,56783,0
12,CS52->US92,50986,50986,0
12,CS52->US100,50624,50624,0
12,CS52->US108,50624,50624,0
12,CS52->US116,53534,53534,0
12,CS52->US124,53637,53637,0
12,CS53->US5,51976,51976,0
12,CS53->US13,50470,50470,0
12,CS53->US21,50925,50925,0
12,CS53->US29,51436,51436,0
12,CS53->US37,51744,51744,0
12,CS53->US45,54154,54154,0
12,CS53->US53,51506,51506,0
12,CS53->US61,50814,50814,0
12,CS53->US69,51404,51404,0
12,CS53->US77,50868,50868,0
12,CS53->US85,56713,56713,0
12,CS53->US93,50566,50566,0
12,CS53->US101,51095,51095,0
12,CS53->US109,50752,50752,0
12,CS53->US117,53554,53554,0
12,CS53->US125,53297,53297,0
12,CS54->US6,51481,51481,0
12,CS54->US14,50410,50410,0
12,CS54->US22,51004,51004,0
12,CS54->US30,51327,51327,0
12,CS54->US38,51602,51602,0
12,CS54->US46,54119,54119,0
12,CS54->US54,51246,51246,0
12,CS54->US62,50688,50688,0
12,CS54->US70,51506,51506,0
12,CS54->US78,51056,51056,0
12,CS54->US86,56896,56896,0
12,CS54->US94,50878,50878,0
12,CS54->US102,50976,50976,0
12,CS54->US110,51001,51001,0
12,CS54->US118,53910,53910,0
12,CS54->US126,53401,53401,0
12,CS55->US7,51378,51378,0
12,CS55->US15,50801,50801,0
12,CS55->US23,50745,50745,0
12,CS55->US31,51047,51047,0
12,CS55->US39,51320,51320,0
12,CS55->US47,54060,54060,0
12,CS55->US55,51055,51055,0
12,CS55->US63,51076,51076,0
12,CS55->US71,51039,51039,0
12,CS55->US79,50929,50929,0
12,CS55->US87,56927,56927,0
12,CS55->US95,50966,50966,0
12,CS55->US103,50921,50921,0
12,CS55->US111,50701,50701,0
12,CS55->US119,53891,53891,0
12,CS55->US127,53444,53444,0
12,CS56->US0,51601,51601,0
12,CS56->US8,50490,50490,0
12,CS56->US16,50909,50909,0
12,CS56->US24,51629,51629,0
12,CS56->US32,51249,51249,0
12,CS56->US40,53699,53699,0
12,CS56->US48,51836,51836,0
12,CS56->US56,50936,50936,0
12,CS56->US64,51061,51061,0
12,CS56->US72,51115,51115,0
12,CS56->US80,56716,56716,0
12,CS56->US88,50577,50577,0
12,CS56->US96,51174,51174,0
12,CS56->US104,50823,50823,0
12,CS56->US112,53526,53526,0
12,CS56->US120,53776,53776,0
12,CS57->US1,51269,51269,0
12,CS57->US9,50589,50589,0
12,CS57->US17,50750,50750,0
12,CS57->US25,51576,51576,0
12,CS57->US33,51458,51458,0
12,CS57->US41,53620,53620,0
12,CS57->US49,51333,51333,0
12,CS57->US57,51205,51205,0
12,CS57->US65,51428,51428,0
12,CS57->US73,50925,50925,0
12,CS57->US81,56709,56709,0
12,CS57->US89,51230,51230,0
12,CS57->US97,50830,50830,0
12,CS57->US105,50835,50835,0
12,CS57->US113,53708,53708,0
12,CS57->US121,53686,53686,0
12,CS58->US2,51480,51480,0
12,CS58->US10,50656,50656,0
12,CS58->US18,51336,51336,0
12,CS58->US26,51345,51345,0
12,CS58->US34,51329,51329,0
12,CS58->US42,54194,54194,0
12,CS58->US50,51873,51873,0
12,CS58->US58,51136,51136,0
12,CS58->US66,51783,51783,0
12,CS58->US74,51467,51467,0
12,CS58->US82,56605,56605,0
12,CS58->US90,50921,50921,0
12,CS58->US98,50642,50642,0
12,CS58->US106,50905,50905,0
12,CS58->US114,53425,53425,0
12,CS58->US122,53844,53844,0
12,CS59->US3,51198,51198,0
12,CS59->US11,50428,50428,0
12,CS59->US19,50746,50746,0
12,CS59->US27,51485,51485,0
12,CS59->US35,50927,50927,0
12,CS59->US43,54136,54136,0
12,CS59->US51,51260,51260,0
12,CS59->US59,51349,51349,0
12,CS59->US67,51459,51459,0
12,CS59->US75,51109,51109,0
12,CS59->US83,56945,56945,0
12,CS59->US91,50787,50787,0
12,CS59->US99,51005,51005,0
12,CS59->US107,51095,51095,0
12,CS59->US115,53337,53337,0
12,CS59->US123,53522,53522,0
12,CS60->US4,51221,51221,0
12,CS60->US12,50658,50658,0
12,CS60->US20,50707,50707,0
12,CS60->US28,51444,51444,0
12,CS60->US36,51186,51186,0
12,CS60->US44,53959,53959,0
12,CS60->US52,51322,51322,0
12,CS60->US60,51240,51240,0
12,CS60->US68,50828,50828,0
12,CS60->US76,50858,50858,0
12,CS60->US84,56042,56042,0
12,CS60->US92,51291,51291,0
12,CS60->US100,50679,50679,0
12,CS60->US108,51231,51231,0
12,CS60->US116,53427,53427,0
12,CS60->US124,53233,53233,0
12,CS61->US5,51683,51683,0
12,CS61->US13,50713,50713,0
12,CS61->US21,50966,50966,0
12,CS61->US29,50779,50779,0
12,CS61->US37,50728,50728,0
12,CS61->US45,53611,53611,0
12,CS61->US53,51845,51845,0
12,CS61->US61,51094,51094,0
12,CS61->US69,51359,51359,0
12,CS61->US77,51356,51356,0
12,CS61->US85,56317,56317,0
12,CS61->US93,50737,50737,0
12,CS61->US101,51025,51025,0
12,CS61->US109,51156,51156,0
12,CS61->US117,53317,53317,0
12,CS61->US125,53484,53484,0
12,CS62->US6,51205,51205,0
12,CS62->US14,50665,50665,0
12,CS62->US22,51363,51363,0
12,CS62->US30,51546,51546,0
12,CS62->US38,51165,51165,0
12,CS62->US46,53790,53790,0
12,CS62->US54,51368,51368,0
12,CS62->US62,50865,50865,0
12,CS62->US70,51663,51663,0
12,CS62->US78,51019,51019,0
12,CS62->US86,56912,56912,0
12,CS62->US94,50963,50963,0
12,CS62->US102,50912,50912,0
12,CS62->US110,50726,50726,0
12,CS62->US118,53706,53706,0
12,CS62->US126,53529,53529,0
12,CS63->US7,51989,51989,0
12,CS63->US15,50668,50668,0
12,CS63->US23,51121,51121,0
12,CS63->US31,51110,51110,0
12,CS63->US39,51153,51153,0
12,CS63->US47,54084,54084,0
12,CS63->US55,51629,51629,0
12,CS63->US63,51184,51184,0
12,CS63->US71,51367,51367,0
12,CS63->US79,50781,50781,0
12,CS63->US87,57036,57036,0
12,CS63->US95,51046,51046,0
12,CS63->US103,50947,50947,0
12,CS63->US111,51075,51075,0
12,CS63->US119,53675,53675,0
12,CS63->US127,53669,53669,0
13,US0->CS0,51939,51939,0
13,US0->CS8,51748,51748,0
13,US0->CS16,51672,51672,0
13,US0->CS24,51987,51987,0
13,US0->CS32,52080,52080,0
13,US0->CS40,51724,51724,0
13,US0->CS48,51692,51692,0
13,US0->CS56,52091,52091,0
13,US1->CS1,51803,51803,0
13,US1->CS9,51969,51969,0
13,US1->CS17,51709,51709,0
13,US1->CS25,51502,51502,0
13,US1->CS33,51672,51672,0
13,US1->CS41,51316,51316,0
13,US1->CS49,51603,51603,0
13,US1->CS57,51612,51612,0
13,US2->CS2,51475,51475,0
13,US2->CS10,51478,51478,0
13,US2->CS18,51338,51338,0
13,US2->CS26,52013,52013,0
13,US2->CS34,52200,52200,0
13,US2->CS42,51661,51661,0
13,US2->CS50,51874,51874,0
13,US2->CS58,52141,52141,0
13,US3->CS3,51538,51538,0
13,US3->CS11,51935,51935,0
13,US3->CS19,51580,51580,0
13,US3->CS27,51947,51947,0
13,US3->CS35,51951,51951,0
13,US3->CS43,51638,51638,0
13,US3->CS51,51678,51678,0
13,US3->CS59,51552,51552,0
13,US4->CS4,51429,51429,0
13,US4->CS12,52036,52036,0
13,US4->CS20,51571,51571,0
13,US4->CS28,51465,51465,0
13,US4->CS36,51959,51959,0
13,US4->CS44,51743,51743,0
13,US4->CS52,51932,51932,0
13,US4->CS60,51629,51629,0
13,US5->CS5,51842,51842,0
13,US5->CS13,52103,52103,0
13,US5->CS21,51730,51730,0
13,US5->CS29,51904,51904,0
13,US5->CS37,51564,51564,0
13,US5->CS45,51879,51879,0
13,US5->CS53,51744,51744,0
13,US5->CS61,52145,52145,0
13,US6->CS6,51877,51877,0
13,US6->CS14,52060,52060,0
13,US6->CS22,51636,51636,0
13,US6->CS30,51697,51697,0
13,US6->CS38,51652,51652,0
13,US6->CS46,51718,51718,0
13,US6->CS54,51508,51508,0
13,US6->CS62,51642,51642,0
13,US7->CS7,52005,52005,0
13,US7->CS15,51763,51763,0
13,US7->CS23,51697,51697,0
13,US7->CS31,51642,51642,0
13,US7->CS39,51628,51628,0
13,US7->CS47,52129,52129,0
13,US7->CS55,51348,51348,0
13,US7->CS63,51916,51916,0
13,US8->CS0,56937,56937,0
13,US8->CS8,57033,57033,0
13,US8->CS16,57527,57527,0
13,US8->CS24,56860,56860,0
13,US8->CS32,57341,57341,0
13,US8->CS40,57139,57139,0
13,US8->CS48,57357,57357,0
13,US8->CS56,57068,57068,0
13,US9->CS1,56651,56651,0
13,US9->CS9,56970,56970,0
13,US9->CS17,57226,57226,0
13,US9->CS25,57046,57046,0
13,US9->CS33,56400,56400,0
13,US9->CS41,57343,57343,0
13,US9->CS49,56965,56965,0
13,US9->CS57,57043,57043,0
13,US10->CS2,57131,57131,0
13,US10->CS10,57236,57236,0
13,US10->CS18,57237,57237,0
13,US10->CS26,56962,56962,0
13,US10->CS34,57356,57356,0
13,US10->CS42,57376,57376,0
13,US10->CS50,57517,57517,0
13,US10->CS58,56949,56949,0
13,US11->CS3,57181,57181,0
13,US11->CS11,57141,57141,0
13,US11->CS19,57057,57057,0
13,US11->CS27,57289,57289,0
13,US11->CS35,56902,56902,0
13,US11->CS43,57064,57064,0
13,US11->CS51,57207,57207,0
13,US11->CS59,57251,57251,0
13,US12->CS4,57448,57448,0
13,US12->CS12,57307,57307,0
13,US12->CS20,56933,56933,0
13,US12->CS28,56967,56967,0
13,US12->CS36,57334,57334,0
13,US12->CS44,57398,57398,0
13,US12->CS52,57169,57169,0
13,US12->CS60,56408,56408,0
13,US13->CS5,57121,57121,0
13,US13->CS13,56848,56848,0
13,US13->CS21,56687,56687,0
13,US13->CS29,57037,57037,0
13,US13->CS37,57416,57416,0
13,US13->CS45,57624,57624,0
13,US13->CS53,57090,57090,0
13,US13->CS61,56670,56670,0
13,US14->CS6,56897,56897,0
13,US14->CS14,57163,57163,0
13,US14->CS22,57431,57431,0
13,US14->CS30,57312,57312,0
13,US14->CS38,57584,57584,0
13,US14->CS46,57741,57741,0
13,US14->CS54,57213,57213,0
13,US14->CS62,57236,57236,0
13,US15->CS7,57131,57131,0
13,US15->CS15,57262,57262,0
13,US15->CS23,57406,57406,0
13,US15->CS31,57230,57230,0
13,US15->CS39,57019,57019,0
13,US15->CS47,57029,57029,0
13,US15->CS55,57263,57263,0
13,US15->CS63,57323,57323,0
13,US16->CS0,53719,53719,0
13,US16->CS8,53721,53721,0
13,US16->CS16,53863,53863,0
13,US16->CS24,53800,53800,0
13,US16->CS32,53744,53744,0
13,US16->CS40,53509,53509,0
13,US16->CS48,54003,54003,0
13,US16->CS56,54012,54012,0
13,US17->CS1,53870,53870,0
13,US17->CS9,53653,53653,0
13,US17->CS17,53816,53816,0
13,US17->CS25,54339,54339,0
13,US17->CS33,53907,53907,0
13,US17->CS41,53933,53933,0
13,US17->CS49,53726,53726,0
13,US17->CS57,54055,54055,0
13,US18->CS2,53838,53838,0
13,US18->CS10,53647,53647,0
13,US18->CS18,53830,53830,0
13,US18->CS26,53569,53569,0
13,US18->CS34,53965,53965,0
13,US18->CS42,54038,54038,0
13,US18->CS50,53574,53574,0
13,US18->CS58,54157,54157,0
13,US19->CS3,53730,53730,0
13,US19->CS11,53505,53505,0
13,US19->CS19,54124,54124,0
13,US19->CS27,53794,53794,0
13,US19->CS35,54305,54305,0
13,US19->CS43,54005,54005,0
13,US19->CS51,53841,53841,0
13,US19->CS59,53874,53874,0
13,US20->CS4,54377,54377,0
13,US20->CS12,53594,53594,0
13,US20->CS20,54207,54207,0
13,US20->CS28,54081,54081,0
13,US20->CS36,53604,53604,0
13,US20->CS44,53824,53824,0
13,US20->CS52,53929,53929,0
13,US20->CS60,53494,53494,0
13,US21->CS5,54499,54499,0
13,US21->CS13,53793,53793,0
13,US21->CS21,54068,54068,0
13,US21->CS29,53533,53533,0
13,US21->CS37,53690,53690,0
13,US21->CS45,53940,53940,0
13,US21->CS53,53650,53650,0
13,US21->CS61,53780,53780,0
13,US22->CS6,53826,53826,0
13,US22->CS14,54147,54147,0
13,US22->CS22,53924,53924,0
13,US22->CS30,53658,53658,0
13,US22->CS38,53753,53753,0
13,US22->CS46,54021,54021,0
13,US22->CS54,53747,53747,0
13,US22->CS62,53876,53876,0
13,US23->CS7,54041,54041,0
13,US23->CS15,54022,54022,0
13,US23->CS23,53975,53975,0
13,US23->CS31,54011,54011,0
13,US23->CS39,54393,54393,0
13,US23->CS47,53982,53982,0
13,US23->CS55,53810,53810,0
13,US23->CS63,53996,53996,0
13,US24->CS0,50971,50971,0
13,US24->CS8,51543,51543,0
13,US24->CS16,51696,51696,0
13,US24->CS24,51879,51879,0
13,US24->CS32,51193,51193,0
13,US24->CS40,51004,51004,0
13,US24->CS48,51135,51135,0
13,US24->CS56,51203,51203,0
13,US25->CS1,51534,51534,0
13,US25->CS9,50778,50778,0
13,US25->CS17,51531,51531,0
13,US25->CS25,51145,51145,0
13,US25->CS33,51028,51028,0
13,US25->CS41,51048,51048,0
13,US25->CS49,51235,51235,0
13,US25->CS57,51368,51368,0
13,US26->CS2,50870,50870,0
13,US26->CS10,51222,51222,0
13,US26->CS18,51309,51309,0
13,US26->CS26,51351,51351,0
13,US26->CS34,51260,51260,0
13,US26->CS42,51437,51437,0
13,US26->CS50,50728,50728,0
13,US26->CS58,51394,51394,0
13,US27->CS3,51236,51236,0
13,US27->CS11,51498,51498,0
13,US27->CS19,51728,51728,0
13,US27->CS27,51327,51327,0
13,US27->CS35,51584,51584,0
13,US27->CS43,51590,51590,0
13,US27->CS51,51185,51185,0
13,US27->CS59,51691,51691,0
13,US28->CS4,50977,50977,0
13,US28->CS12,51072,51072,0
13,US28->CS20,51456,51456,0
13,US28->CS28,51529,51529,0
13,US28->CS36,51074,51074,0
13,US28->CS44,51470,51470,0
13,US28->CS52,51225,51225,0
13,US28->CS60,51541,51541,0
13,US29->CS5,51111,51111,0
13,US29->CS13,51409,51409,0
13,US29->CS21,51383,51383,0
13,US29->CS29,51045,51045,0
13,US29->CS37,51285,51285,0
13,US29->CS45,51172,51172,0
13,US29->CS53,51145,51145,0
13,US29->CS61,51316,51316,0
13,US30->CS6,51911,51911,0
13,US30->CS14,51367,51367,0
13,US30->CS22,51070,51070,0
13,US30->CS30,51583,51583,0
13,US30->CS38,51148,51148,0
13,US30->CS46,51591,51591,0
13,US30->CS54,50885,50885,0
13,US30->CS62,51196,51196,0
13,US31->CS7,51540,51540,0
13,US31->CS15,51311,51311,0
13,US31->CS23,51489,51489,0
13,US31->CS31,51392,51392,0
13,US31->CS39,51224,51224,0
13,US31->CS47,51355,51355,0
13,US31->CS55,51372,51372,0
13,US31->CS63,51491,51491,0
13,US32->CS0,51538,51538,0
13,US32->CS8,51721,51721,0
13,US32->CS16,51652,51652,0
13,US32->CS24,51483,51483,0
13,US32->CS32,51344,51344,0
13,US32->CS40,52066,52066,0
13,US32->CS48,51411,51411,0
13,US32->CS56,51336,51336,0
13,US33->CS1,51588,51588,0
13,US33->CS9,51269,51269,0
13,US33->CS17,51600,51600,0
13,US33->CS25,51622,51622,0
13,US33->CS33,51431,51431,0
13,US33->CS41,51513,51513,0
13,US33->CS49,52024,52024,0
13,US33->CS57,51765,51765,0
13,US34->CS2,51586,51586,0
13,US34->CS10,51786,51786,0
13,US34->CS18,51655,51655,0
13,US34->CS26,51559,51559,0
13,US34->CS34,51446,51446,0
13,US34->CS42,51842,51842,0
13,US34->CS50,51856,51856,0
13,US34->CS58,52166,52166,0
13,US35->CS3,51984,51984,0
13,US35->CS11,51480,51480,0
13,US35->CS19,51843,51843,0
13,US35->CS27,51338,51338,0
13,US35->CS35,51943,51943,0
13,US35->CS43,51702,51702,0
13,US35->CS51,51634,51634,0
13,US35->CS59,51771,51771,0
13,US36->CS4,51534,51534,0
13,US36->CS12,51717,51717,0
13,US36->CS20,51421,51421,0
13,US36->CS28,51934,51934,0
13,US36->CS36,51688,51688,0
13,US36->CS44,51598,51598,0
13,US36->CS52,51458,51458,0
13,US36->CS60,51180,51180,0
13,US37->CS5,51936,51936,0
13,US37->CS13,51089,51089,0
13,US37->CS21,52140,52140,0
13,US37->CS29,51486,51486,0
13,US37->CS37,51578,51578,0
13,US37->CS45,51656,51656,0
13,US37->CS53,51770,51770,0
13,US37->CS61,51676,51676,0
13,US38->CS6,51463,51463,0
13,US38->CS14,51652,51652,0
13,US38->CS22,51894,51894,0
13,US38->CS30,51936,51936,0
13,US38->CS38,51593,51593,0
13,US38->CS46,51707,51707,0
13,US38->CS54,51868,51868,0
13,US38->CS62,51978,51978,0
13,US39->CS7,51621,51621,0
13,US39->CS15,51178,51178,0
13,US39->CS23,51711,51711,0
13,US39->CS31,51578,51578,0
13,US39->CS39,51469,51469,0
13,US39->CS47,51431,51431,0
13,US39->CS55,51368,51368,0
13,US39->CS63,51648,51648,0
13,US40->CS0,53409,53409,0
13,US40->CS8,53636,53636,0
13,US40->CS16,53275,53275,0
13,US40->CS24,53770,53770,0
13,US40->CS32,53459,53459,0
13,US40->CS40,53791,53791,0
13,US40->CS48,53477,53477,0
13,US40->CS56,53605,53605,0
13,US41->CS1,53592,53592,0
13,US41->CS9,54043,54043,0
13,US41->CS17,53310,53310,0
13,US41->CS25,53436,53436,0
13,US41->CS33,53501,53501,0
13,US41->CS41,53530,53530,0
13,US41->CS49,52646,52646,0
13,US41->CS57,53727,53727,0
13,US42->CS2,53334,53334,0
13,US42->CS10,53273,53273,0
13,US42->CS18,53205,53205,0
13,US42->CS26,53411,53411,0
13,US42->CS34,53466,53466,0
13,US42->CS42,53594,53594,0
13,US42->CS50,53792,53792,0
13,US42->CS58,53445,53445,0
13,US43->CS3,53423,53423,0
13,US43->CS11,53589,53589,0
13,US43->CS19,53450,53450,0
13,US43->CS27,53327,53327,0
13,US43->CS35,53393,53393,0
13,US43->CS43,53409,53409,0
13,US43->CS51,53333,53333,0
13,US43->CS59,53332,53332,0
13,US44->CS4,53478,53478,0
13,US44->CS12,53190,53190,0
13,US44->CS20,53628,53628,0
13,US44->CS28,53784,53784,0
13,US44->CS36,53141,53141,0
13,US44->CS44,53511,53511,0
13,US44->CS52,53531,53531,0
13,US44->CS60,53364,53364,0
13,US45->CS5,53626,53626,0
13,US45->CS13,53203,53203,0
13,US45->CS21,53722,53722,0
13,US45->CS29,53270,53270,0
13,US45->CS37,53124,53124,0
13,US45->CS45,53559,53559,0
13,US45->CS53,53573,53573,0
13,US45->CS61,53310,53310,0
13,US46->CS6,53523,53523,0
13,US46->CS14,53545,53545,0
13,US46->CS22,53565,53565,0
13,US46->CS30,53606,53606,0
13,US46->CS38,53286,53286,0
13,US46->CS46,53714,53714,0
13,US46->CS54,53894,53894,0
13,US46->CS62,53774,53774,0
13,US47->CS7,53391,53391,0
13,US47->CS15,53392,53392,0
13,US47->CS23,53592,53592,0
13,US47->CS31,53944,53944,0
13,US47->CS39,53594,53594,0
13,US47->CS47,53498,53498,0
13,US47->CS55,53894,53894,0
13,US47->CS63,53651,53651,0
13,US48->CS0,51566,51566,0
13,US48->CS8,51516,51516,0
13,US48->CS16,51314,51314,0
13,US48->CS24,51972,51972,0
13,US48->CS32,51785,51785,0
13,US48->CS40,51811,51811,0
13,US48->CS48,51791,51791,0
13,US48->CS56,51851,51851,0
13,US49->CS1,51543,51543,0
13,US49->CS9,52100,52100,0
13,US49->CS17,51889,51889,0
13,US49->CS25,51585,51585,0
13,US49->CS33,51895,51895,0
13,US49->CS41,51962,51962,0
13,US49->CS49,51836,51836,0
13,US49->CS57,51584,51584,0
13,US50->CS2,51792,51792,0
13,US50->CS10,51352,51352,0
13,US50->CS18,51531,51531,0
13,US50->CS26,51852,51852,0
13,US50->CS34,51893,51893,0
13,US50->CS42,51546,51546,0
13,US50->CS50,52011,52011,0
13,US50->CS58,51772,51772,0
13,US51->CS3,51635,51635,0
13,US51->CS11,51633,51633,0
13,US51->CS19,51401,51401,0
13,US51->CS27,51901,51901,0
13,US51->CS35,51859,51859,0
13,US51->CS43,51434,51434,0
13,US51->CS51,52168,52168,0
13,US51->CS59,51446,51446,0
13,US52->CS4,52011,52011,0
13,US52->CS12,52180,52180,0
13,US52->CS20,51611,51611,0
13,US52->CS28,51782,51782,0
13,US52->CS36,51958,51958,0
13,US52->CS44,51451,51451,0
13,US52->CS52,51980,51980,0
13,US52->CS60,51495,51495,0
13,US53->CS5,51666,51666,0
13,US53->CS13,51907,51907,0
13,US53->CS21,51727,51727,0
13,US53->CS29,51527,51527,0
13,US53->CS37,52053,52053,0
13,US53->CS45,51502,51502,0
13,US53->CS53,52229,52229,0
13,US53->CS61,51947,51947,0
13,US54->CS6,52045,52045,0
13,US54->CS14,51808,51808,0
13,US54->CS22,51903,51903,0
13,US54->CS30,51681,51681,0
13,US54->CS38,51633,51633,0
13,US54->CS46,51583,51583,0
13,US54->CS54,51753,51753,0
13,US54->CS62,51471,51471,0
13,US55->CS7,51822,51822,0
13,US55->CS15,52215,52215,0
13,US55->CS23,51839,51839,0
13,US55->CS31,51425,51425,0
13,US55->CS39,51677,51677,0
13,US55->CS47,51553,51553,0
13,US55->CS55,51644,51644,0
13,US55->CS63,52292,52292,0
13,US56->CS0,52078,52078,0
13,US56->CS8,51418,51418,0
13,US56->CS16,51667,51667,0
13,US56->CS24,52048,52048,0
13,US56->CS32,51775,51775,0
13,US56->CS40,51593,51593,0
13,US56->CS48,51775,51775,0
13,US56->CS56,51964,51964,0
13,US57->CS1,51661,51661,0
13,US57->CS9,52291,52291,0
13,US57->CS17,51627,51627,0
13,US57->CS25,51582,51582,0
13,US57->CS33,51767,51767,0
13,US57->CS41,51776,51776,0
13,US57->CS49,51735,51735,0
13,US57->CS57,51806,51806,0
13,US58->CS2,51846,51846,0
13,US58->CS10,51740,51740,0
13,US58->CS18,51674,51674,0
13,US58->CS26,51678,51678,0
13,US58->CS34,51826,51826,0
13,US58->CS42,51405,51405,0
13,US58->CS50,52237,52237,0
13,US58->CS58,51662,51662,0
13,US59->CS3,51863,51863,0
13,US59->CS11,51820,51820,0
13,US59->CS19,51640,51640,0
13,US59->CS27,51708,51708,0
13,US59->CS35,51930,51930,0
13,US59->CS43,51371,51371,0
13,US59->CS51,51582,51582,0
13,US59->CS59,51835,51835,0
13,US60->CS4,51679,51679,0
13,US60->CS12,51583,51583,0
13,US60->CS20,51690,51690,0
13,US60->CS28,51859,51859,0
13,US60->CS36,51801,51801,0
13,US60->CS44,51919,51919,0
13,US60->CS52,51946,51946,0
13,US60->CS60,51769,51769,0
13,US61->CS5,51697,51697,0
13,US61->CS13,51740,51740,0
13,US61->CS21,52229,52229,0
13,US61->CS29,51555,51555,0
13,US61->CS37,51899,51899,0
13,US61->CS45,51735,51735,0
13,US61->CS53,51712,51712,0
13,US61->CS61,50972,50972,0
13,US62->CS6,51875,51875,0
13,US62->CS14,51666,51666,0
13,US62->CS22,51873,51873,0
13,US62->CS30,51570,51570,0
13,US62->CS38,51488,51488,0
13,US62->CS46,51514,51514,0
13,US62->CS54,51683,51683,0
13,US62->CS62,51831,51831,0
13,US63->CS7,51762,51762,0
13,US63->CS15,51585,51585,0
13,US63->CS23,51752,51752,0
13,US63->CS31,51839,51839,0
13,US63->CS39,52030,52030,0
13,US63->CS47,52096,52096,0
13,US63->CS55,51364,51364,0
13,US63->CS63,51380,51380,0
13,US64->CS0,51831,51831,0
13,US64->CS8,51570,51570,0
13,US64->CS16,51750,51750,0
13,US64->CS24,51508,51508,0
13,US64->CS32,51710,51710,0
13,US64->CS40,51469,51469,0
13,US64->CS48,51210,51210,0
13,US64->CS56,51587,51587,0
13,US65->CS1,51632,51632,0
13,US65->CS9,51570,51570,0
13,US65->CS17,51440,51440,0
13,US65->CS25,51672,51672,0
13,US65->CS33,51479,51479,0
13,US65->CS41,51438,51438,0
13,US65->CS49,51345,51345,0
13,US65->CS57,51807,51807,0
13,US66->CS2,51914,51914,0
13,US66->CS10,51686,51686,0
13,US66->CS18,51676,51676,0
13,US66->CS26,51513,51513,0
13,US66->CS34,51585,51585,0
13,US66->CS42,51853,51853,0
13,US66->CS50,52190,52190,0
13,US66->CS58,51725,51725,0
13,US67->CS3,51784,51784,0
13,US67->CS11,51474,51474,0
13,US67->CS19,51425,51425,0
13,US67->CS27,51406,51406,0
13,US67->CS35,51652,51652,0
13,US67->CS43,51861,51861,0
13,US67->CS51,51398,51398,0
13,US67->CS59,51279,51279,0
13,US68->CS4,51769,51769,0
13,US68->CS12,51978,51978,0
13,US68->CS20,51907,51907,0
13,US68->CS28,51851,51851,0
13,US68->CS36,51505,51505,0
13,US68->CS44,51280,51280,0
13,US68->CS52,51059,51059,0
13,US68->CS60,51534,51534,0
13,US69->CS5,51550,51550,0
13,US69->CS13,51781,51781,0
13,US69->CS21,51947,51947,0
13,US69->CS29,51657,51657,0
13,US69->CS37,51891,51891,0
13,US69->CS45,51753,51753,0
13,US69->CS53,52124,52124,0
13,US69->CS61,51135,51135,0
13,US70->CS6,51515,51515,0
13,US70->CS14,51422,51422,0
13,US70->CS22,51936,51936,0
13,US70->CS30,51720,51720,0
13,US70->CS38,51629,51629,0
13,US70->CS46,51319,51319,0
13,US70->CS54,51975,51975,0
13,US70->CS62,51489,51489,0
13,US71->CS7,51675,51675,0
13,US71->CS15,51890,51890,0
13,US71->CS23,51516,51516,0
13,US71->CS31,52067,52067,0
13,US71->CS39,51620,51620,0
13,US71->CS47,51784,51784,0
13,US71->CS55,51723,51723,0
13,US71->CS63,51517,51517,0
13,US72->CS0,51318,51318,0
13,US72->CS8,51492,51492,0
13,US72->CS16,50894,50894,0
13,US72->CS24,51322,51322,0
13,US72->CS32,51383,51383,0
13,US72->CS40,51002,51002,0
13,US72->CS48,51223,51223,0
13,US72->CS56,50789,50789,0
13,US73->CS1,51179,51179,0
13,US73->CS9,51120,51120,0
13,US73->CS17,51325,51325,0
13,US73->CS25,51289,51289,0
13,US73->CS33,51005,51005,0
13,US73->CS41,51511,51511,0
13,US73->CS49,51303,51303,0
13,US73->CS57,51365,51365,0
13,US74->CS2,50894,50894,0
13,US74->CS10,51150,51150,0
13,US74->CS18,51384,51384,0
13,US74->CS26,51066,51066,0
13,US74->CS34,51225,51225,0
13,US74->CS42,51201,51201,0
13,US74->CS50,51411,51411,0
13,US74->CS58,51057,51057,0
13,US75->CS3,50967,50967,0
13,US75->CS11,51285,51285,0
13,US75->CS19,51370,51370,0
13,US75->CS27,50804,50804,0
13,US75->CS35,51112,51112,0
13,US75->CS43,51081,51081,0
13,US75->CS51,51140,51140,0
13,US75->CS59,50870,50870,0
13,US76->CS4,51067,51067,0
13,US76->CS12,51250,51250,0
13,US76->CS20,50998,50998,0
13,US76->CS28,51223,51223,0
13,US76->CS36,51147,51147,0
13,US76->CS44,50936,50936,0
13,US76->CS52,51075,51075,0
13,US76->CS60,51378,51378,0
13,US77->CS5,51510,51510,0
13,US77->CS13,50813,50813,0
13,US77->CS21,50737,50737,0
13,US77->CS29,50683,50683,0
13,US77->CS37,51052,51052,0
13,US77->CS45,51129,51129,0
13,US77->CS53,50651,50651,0
13,US77->CS61,50860,50860,0
13,US78->CS6,51247,51247,0
13,US78->CS14,50671,50671,0
13,US78->CS22,51231,51231,0
13,US78->CS30,51204,51204,0
13,US78->CS38,50874,50874,0
13,US78->CS46,51163,51163,0
13,US78->CS54,50992,50992,0
13,US78->CS62,51056,51056,0
13,US79->CS7,51330,51330,0
13,US79->CS15,51399,51399,0
13,US79->CS23,51026,51026,0
13,US79->CS31,50992,50992,0
13,US79->CS39,51027,51027,0
13,US79->CS47,50918,50918,0
13,US79->CS55,51094,51094,0
13,US79->CS63,51134,51134,0
13,US80->CS0,50594,50594,0
13,US80->CS8,50751,50751,0
13,US80->CS16,50791,50791,0
13,US80->CS24,50657,50657,0
13,US80->CS32,51197,51197,0
13,US80->CS40,50416,50416,0
13,US80->CS48,50924,50924,0
13,US80->CS56,50760,50760,0
13,US81->CS1,50448,50448,0
13,US81->CS9,50975,50975,0
13,US81->CS17,50860,50860,0
13,US81->CS25,50619,50619,0
13,US81->CS33,51331,51331,0
13,US81->CS41,50843,50843,0
13,US81->CS49,50826,50826,0
13,US81->CS57,50830,50830,0
13,US82->CS2,50919,50919,0
13,US82->CS10,50669,50669,0
13,US82->CS18,51048,51048,0
13,US82->CS26,50502,50502,0
13,US82->CS34,50597,50597,0
13,US82->CS42,50781,50781,0
13,US82->CS50,50254,50254,0
13,US82->CS58,50936,50936,0
13,US83->CS3,50809,50809,0
13,US83->CS11,50605,50605,0
13,US83->CS19,50550,50550,0
13,US83->CS27,50841,50841,0
13,US83->CS35,51076,51076,0
13,US83->CS43,51144,51144,0
13,US83->CS51,50653,50653,0
13,US83->CS59,50674,50674,0
13,US84->CS4,51152,51152,0
13,US84->CS12,51067,51067,0
13,US84->CS20,50759,50759,0
13,US84->CS28,50767,50767,0
13,US84->CS36,51025,51025,0
13,US84->CS44,51186,51186,0
13,US84->CS52,50958,50958,0
13,US84->CS60,50971,50971,0
13,US85->CS5,51155,51155,0
13,US85->CS13,50824,50824,0
13,US85->CS21,51061,51061,0
13,US85->CS29,51354,51354,0
13,US85->CS37,50503,50503,0
13,US85->CS45,50846,50846,0
13,US85->CS53,50666,50666,0
13,US85->CS61,50981,50981,0
13,US86->CS6,51070,51070,0
13,US86->CS14,50773,50773,0
13,US86->CS22,50978,50978,0
13,US86->CS30,50847,50847,0
13,US86->CS38,50917,50917,0
13,US86->CS46,50522,50522,0
13,US86->CS54,50671,50671,0
13,US86->CS62,50904,50904,0
13,US87->CS7,50482,50482,0
13,US87->CS15,50696,50696,0
13,US87->CS23,50880,50880,0
13,US87->CS31,50620,50620,0
13,US87->CS39,50733,50733,0
13,US87->CS47,51091,51091,0
13,US87->CS55,51041,51041,0
13,US87->CS63,50959,50959,0
13,US88->CS0,50970,50970,0
13,US88->CS8,50974,50974,0
13,US88->CS16,51414,51414,0
13,US88->CS24,51578,51578,0
13,US88->CS32,51088,51088,0
13,US88->CS40,50981,50981,0
13,US88->CS48,50914,50914,0
13,US88->CS56,51246,51246,0
13,US89->CS1,51144,51144,0
13,US89->CS9,51128,51128,0
13,US89->CS17,51235,51235,0
13,US89->CS25,51214,51214,0
13,US89->CS33,51337,51337,0
13,US89->CS41,51354,51354,0
13,US89->CS49,51434,51434,0
13,US89->CS57,51030,51030,0
13,US90->CS2,51220,51220,0
13,US90->CS10,51269,51269,0
13,US90->CS18,51217,51217,0
13,US90->CS26,50581,50581,0
13,US90->CS34,51031,51031,0
13,US90->CS42,50868,50868,0
13,US90->CS50,51277,51277,0
13,US90->CS58,51602,51602,0
13,US91->CS3,51122,51122,0
13,US91->CS11,51222,51222,0
13,US91->CS19,51027,51027,0
13,US91->CS27,50936,50936,0
13,US91->CS35,51133,51133,0
13,US91->CS43,51053,51053,0
13,US91->CS51,51171,51171,0
13,US91->CS59,51277,51277,0
13,US92->CS4,50774,50774,0
13,US92->CS12,51564,51564,0
13,US92->CS20,51375,51375,0
13,US92->CS28,51140,51140,0
13,US92->CS36,50967,50967,0
13,US92->CS44,51144,51144,0
13,US92->CS52,51293,51293,0
13,US92->CS60,51022,51022,0
13,US93->CS5,51413,51413,0
13,US93->CS13,51064,51064,0
13,US93->CS21,51466,51466,0
13,US93->CS29,51108,51108,0
13,US93->CS37,51161,51161,0
13,US93->CS45,50918,50918,0
13,US93->CS53,51055,51055,0
13,US93->CS61,51498,51498,0
13,US94->CS6,51411,51411,0
13,US94->CS14,51027,51027,0
13,US94->CS22,51370,51370,0
13,US94->CS30,51075,51075,0
13,US94->CS38,51420,51420,0
13,US94->CS46,51086,51086,0
13,US94->CS54,51283,51283,0
13,US94->CS62,51126,51126,0
13,US95->CS7,51196,51196,0
13,US95->CS15,51140,51140,0
13,US95->CS23,51149,51149,0
13,US95->CS31,51237,51237,0
13,US95->CS39,51245,51245,0
13,US95->CS47,51058,51058,0
13,US95->CS55,51095,51095,0
13,US95->CS63,50962,50962,0
13,US96->CS0,51352,51352,0
13,US96->CS8,51663,51663,0
13,US96->CS16,51099,51099,0
13,US96->CS24,51303,51303,0
13,US96->CS32,51358,51358,0
13,US96->CS40,51644,51644,0
13,US96->CS48,51522,51522,0
13,US96->CS56,51289,51289,0
13,US97->CS1,52129,52129,0
13,US97->CS9,51554,51554,0
13,US97->CS17,51515,51515,0
13,US97->CS25,51358,51358,0
13,US97->CS33,51381,51381,0
13,US97->CS41,51379,51379,0
13,US97->CS49,51472,51472,0
13,US97->CS57,51469,51469,0
13,US98->CS2,51693,51693,0
13,US98->CS10,51404,51404,0
13,US98->CS18,51367,51367,0
13,US98->CS26,51505,51505,0
13,US98->CS34,51597,51597,0
13,US98->CS42,51564,51564,0
13,US98->CS50,51588,51588,0
13,US98->CS58,51391,51391,0
13,US99->CS3,51405,51405,0
13,US99->CS11,51726,51726,0
13,US99->CS19,51645,51645,0
13,US99->CS27,51747,51747,0
13,US99->CS35,51661,51661,0
13,US99->CS43,50989,50989,0
13,US99->CS51,51785,51785,0
13,US99->CS59,51664,51664,0
13,US100->CS4,51252,51252,0
13,US100->CS12,51309,51309,0
13,US100->CS20,51592,51592,0
13,US100->CS28,52017,52017,0
13,US100->CS36,51618,51618,0
13,US100->CS44,51430,51430,0
13,US100->CS52,51170,51170,0
13,US100->CS60,51734,51734,0
13,US101->CS5,51502,51502,0
13,US101->CS13,51732,51732,0
13,US101->CS21,51626,51626,0
13,US101->CS29,51532,51532,0
13,US101->CS37,51597,51597,0
13,US101->CS45,51483,51483,0
13,US101->CS53,51279,51279,0
13,US101->CS61,51692,51692,0
13,US102->CS6,51786,51786,0
13,US102->CS14,51614,51614,0
13,US102->CS22,51486,51486,0
13,US102->CS30,51971,51971,0
13,US102->CS38,51853,51853,0
13,US102->CS46,51408,51408,0
13,US102->CS54,51463,51463,0
13,US102->CS62,51292,51292,0
13,US103->CS7,51415,51415,0
13,US103->CS15,51711,51711,0
13,US103->CS23,51589,51589,0
13,US103->CS31,51141,51141,0
13,US103->CS39,51640,51640,0
13,US103->CS47,51446,51446,0
13,US103->CS55,51142,51142,0
13,US103->CS63,51668,51668,0
13,US104->CS0,51341,51341,0
13,US104->CS8,51581,51581,0
13,US104->CS16,51609,51609,0
13,US104->CS24,51847,51847,0
13,US104->CS32,51402,51402,0
13,US104->CS40,51539,51539,0
13,US104->CS48,51127,51127,0
13,US104->CS56,51680,51680,0
13,US105->CS1,51645,51645,0
13,US105->CS9,51389,51389,0
13,US105->CS17,50916,50916,0
13,US105->CS25,51127,51127,0
13,US105->CS33,51268,51268,0
13,US105->CS41,51865,51865,0
13,US105->CS49,51616,51616,0
13,US105->CS57,51311,51311,0
13,US106->CS2,51434,51434,0
13,US106->CS10,51452,51452,0
13,US106->CS18,51497,51497,0
13,US106->CS26,51281,51281,0
13,US106->CS34,51516,51516,0
13,US106->CS42,51205,51205,0
13,US106->CS50,51059,51059,0
13,US106->CS58,51105,51105,0
13,US107->CS3,51602,51602,0
13,US107->CS11,51417,51417,0
13,US107->CS19,51466,51466,0
13,US107->CS27,51471,51471,0
13,US107->CS35,51195,51195,0
13,US107->CS43,51589,51589,0
13,US107->CS51,51299,51299,0
13,US107->CS59,51485,51485,0
13,US108->CS4,50957,50957,0
13,US108->CS12,51714,51714,0
13,US108->CS20,51352,51352,0
13,US108->CS28,51492,51492,0
13,US108->CS36,51324,51324,0
13,US108->CS44,51543,51543,0
13,US108->CS52,51109,51109,0
13,US108->CS60,51146,51146,0
13,US109->CS5,51773,51773,0
13,US109->CS13,51306,51306,0
13,US109->CS21,51465,51465,0
13,US109->CS29,51814,51814,0
13,US109->CS37,51374,51374,0
13,US109->CS45,51560,51560,0
13,US109->CS53,51595,51595,0
13,US109->CS61,51498,51498,0
13,US110->CS6,51646,51646,0
13,US110->CS14,50808,50808,0
13,US110->CS22,50924,50924,0
13,US110->CS30,51535,51535,0
13,US110->CS38,51322,51322,0
13,US110->CS46,51598,51598,0
13,US110->CS54,51475,51475,0
13,US110->CS62,51472,51472,0
13,US111->CS7,51228,51228,0
13,US111->CS15,50989,50989,0
13,US111->CS23,51770,51770,0
13,US111->CS31,51243,51243,0
13,US111->CS39,51119,51119,0
13,US111->CS47,51147,51147,0
13,US111->CS55,51395,51395,0
13,US111->CS63,51410,51410,0
13,US112->CS0,53975,53975,0
13,US112->CS8,53955,53955,0
13,US112->CS16,53914,53914,0
13,US112->CS24,54083,54083,0
13,US112->CS32,54072,54072,0
13,US112->CS40,54123,54123,0
13,US112->CS48,54071,54071,0
13,US112->CS56,53713,53713,0
13,US113->CS1,54004,54004,0
13,US113->CS9,53788,53788,0
13,US113->CS17,53953,53953,0
13,US113->CS25,54083,54083,0
13,US113->CS33,53983,53983,0
13,US113->CS41,53575,53575,0
13,US113->CS49,54049,54049,0
13,US113->CS57,53614,53614,0
13,US114->CS2,53959,53959,0
13,US114->CS10,53842,53842,0
13,US114->CS18,54023,54023,0
13,US114->CS26,53865,53865,0
13,US114->CS34,53908,53908,0
13,US114->CS42,53838,53838,0
13,US114->CS50,54238,54238,0
13,US114->CS58,54194,54194,0
13,US115->CS3,54607,54607,0
13,US115->CS11,54345,54345,0
13,US115->CS19,53989,53989,0
13,US115->CS27,53796,53796,0
13,US115->CS35,53853,53853,0
13,US115->CS43,53993,53993,0
13,US115->CS51,53908,53908,0
13,US115->CS59,54189,54189,0
13,US116->CS4,53982,53982,0
13,US116->CS12,53754,53754,0
13,US116->CS20,53834,53834,0
13,US116->CS28,54200,54200,0
13,US116->CS36,53909,53909,0
13,US116->CS44,53969,53969,0
13,US116->CS52,54224,54224,0
13,US116->CS60,54015,54015,0
13,US117->CS5,53888,53888,0
13,US117->CS13,53632,53632,0
13,US117->CS21,54381,54381,0
13,US117->CS29,54376,54376,0
13,US117->CS37,53937,53937,0
13,US117->CS45,54149,54149,0
13,US117->CS53,54228,54228,0
13,US117->CS61,53607,53607,0
13,US118->CS6,54540,54540,0
13,US118->CS14,53841,53841,0
13,US118->CS22,54060,54060,0
13,US118->CS30,53864,53864,0
13,US118->CS38,54310,54310,0
13,US118->CS46,54068,54068,0
13,US118->CS54,54111,54111,0
13,US118->CS62,53840,53840,0
13,US119->CS7,53846,53846,0
13,US119->CS15,53887,53887,0
13,US119->CS23,53991,53991,0
13,US119->CS31,53732,53732,0
13,US119->CS39,54127,54127,0
13,US119->CS47,53975,53975,0
13,US119->CS55,54043,54043,0
13,US119->CS63,54087,54087,0
13,US120->CS0,51237,51237,0
13,US120->CS8,50995,50995,0
13,US120->CS16,51021,51021,0
13,US120->CS24,51124,51124,0
13,US120->CS32,51054,51054,0
13,US120->CS40,50607,50607,0
13,US120->CS48,50581,50581,0
13,US120->CS56,51026,51026,0
13,US121->CS1,50996,50996,0
13,US121->CS9,50690,50690,0
13,US121->CS17,51226,51226,0
13,US121->CS25,51429,51429,0
13,US121->CS33,50827,50827,0
13,US121->CS41,51154,51154,0
13,US121->CS49,51079,51079,0
13,US121->CS57,50883,50883,0
13,US122->CS2,50912,50912,0
13,US122->CS10,50763,50763,0
13,US122->CS18,50960,50960,0
13,US122->CS26,51335,51335,0
13,US122->CS34,50779,50779,0
13,US122->CS42,51286,51286,0
13,US122->CS50,50683,50683,0
13,US122->CS58,51456,51456,0
13,US123->CS3,50952,50952,0
13,US123->CS11,51176,51176,0
13,US123->CS19,50749,50749,0
13,US123->CS27,51137,51137,0
13,US123->CS35,51343,51343,0
13,US123->CS43,50786,50786,0
13,US123->CS51,51523,51523,0
13,US123->CS59,50855,50855,0
13,US124->CS4,50713,50713,0
13,US124->CS12,50979,50979,0
13,US124->CS20,50589,50589,0
13,US124->CS28,51257,51257,0
13,US124->CS36,50702,50702,0
13,US124->CS44,51060,51060,0
13,US124->CS52,50563,50563,0
13,US124->CS60,50844,50844,0
13,US125->CS5,50835,50835,0
13,US125->CS13,50753,50753,0
13,US125->CS21,51095,51095,0
13,US125->CS29,51000,51000,0
13,US125->CS37,50484,50484,0
13,US125->CS45,51068,51068,0
13,US125->CS53,51021,51021,0
13,US125->CS61,51088,51088,0
13,US126->CS6,51019,51019,0
13,US126->CS14,50609,50609,0
13,US126->CS22,50916,50916,0
13,US126->CS30,50980,50980,0
13,US126->CS38,51107,51107,0
13,US126->CS46,51059,51059,0
13,US126->CS54,51085,51085,0
13,US126->CS62,51501,51501,0
13,US127->CS7,50957,50957,0
13,US127->CS15,51086,51086,0
13,US127->CS23,50903,50903,0
13,US127->CS31,51045,51045,0
13,US127->CS39,51113,51113,0
13,US127->CS47,50743,50743,0
13,US127->CS55,50876,50876,0
13,US127->CS63,51281,51281,0
13,CS0->US0,51275,51275,0
13,CS0->US8,50651,50651,0
13,CS0->US16,51371,51371,0
13,CS0->US24,52118,52118,0
13,CS0->US32,51792,51792,0
13,CS0->US40,54142,54142,0
13,CS0->US48,51658,51658,0
13,CS0->US56,51019,51019,0
13,CS0->US64,51612,51612,0
13,CS0->US72,50987,50987,0
13,CS0->US80,56946,56946,0
13,CS0->US88,51313,51313,0
13,CS0->US96,51324,51324,0
13,CS0->US104,51378,51378,0
13,CS0->US112,53503,53503,0
13,CS0->US120,53686,53686,0
13,CS1->US1,51211,51211,0
13,CS1->US9,50438,50438,0
13,CS1->US17,51125,51125,0
13,CS1->US25,51765,51765,0
13,CS1->US33,51584,51584,0
13,CS1->US41,54200,54200,0
13,CS1->US49,51467,51467,0
13,CS1->US57,51593,51593,0
13,CS1->US65,51613,51613,0
13,CS1->US73,51117,51117,0
13,CS1->US81,56591,56591,0
13,CS1->US89,51241,51241,0
13,CS1->US97,51698,51698,0
13,CS1->US105,52145,52145,0
13,CS1->US113,53814,53814,0
13,CS1->US121,53817,53817,0
13,CS2->US2,51463,51463,0
13,CS2->US10,50946,50946,0
13,CS2->US18,51052,51052,0
13,CS2->US26,51939,51939,0
13,CS2->US34,51903,51903,0
13,CS2->US42,54180,54180,0
13,CS2->US50,51190,51190,0
13,CS2->US58,50940,50940,0
13,CS2->US66,51631,51631,0
13,CS2->US74,51199,51199,0
13,CS2->US82,57119,57119,0
13,CS2->US90,50910,50910,0
13,CS2->US98,51444,51444,0
13,CS2->US106,51653,51653,0
13,CS2->US114,53470,53470,0
13,CS2->US122,53778,53778,0
13,CS3->US3,51368,51368,0
13,CS3->US11,50831,50831,0
13,CS3->US19,51114,51114,0
13,CS3->US27,51918,51918,0
13,CS3->US35,51861,51861,0
13,CS3->US43,54716,54716,0
13,CS3->US51,51275,51275,0
13,CS3->US59,51253,51253,0
13,CS3->US67,51942,51942,0
13,CS3->US75,51112,51112,0
13,CS3->US83,57123,57123,0
13,CS3->US91,51094,51094,0
13,CS3->US99,51722,51722,0
13,CS3->US107,51347,51347,0
13,CS3->US115,53518,53518,0
13,CS3->US123,53644,53644,0
13,CS4->US4,51719,51719,0
13,CS4->US12,51228,51228,0
13,CS4->US20,50869,50869,0
13,CS4->US28,51766,51766,0
13,CS4->US36,51836,51836,0
13,CS4->US44,54074,54074,0
13,CS4->US52,51147,51147,0
13,CS4->US60,51046,51046,0
13,CS4->US68,51570,51570,0
13,CS4->US76,50748,50748,0
13,CS4->US84,57393,57393,0
13,CS4->US92,51142,51142,0
13,CS4->US100,50953,50953,0
13,CS4->US108,51158,51158,0
13,CS4->US116,53625,53625,0
13,CS4->US124,54325,54325,0
13,CS5->US5,51378,51378,0
13,CS5->US13,51223,51223,0
13,CS5->US21,51069,51069,0
13,CS5->US29,51690,51690,0
13,CS5->US37,51496,51496,0
13,CS5->US45,54051,54051,0
13,CS5->US53,51584,51584,0
13,CS5->US61,51189,51189,0
13,CS5->US69,51949,51949,0
13,CS5->US77,51358,51358,0
13,CS5->US85,57054,57054,0
13,CS5->US93,51527,51527,0
13,CS5->US101,51767,51767,0
13,CS5->US109,51600,51600,0
13,CS5->US117,53735,53735,0
13,CS5->US125,54454,54454,0
13,CS6->US6,51771,51771,0
13,CS6->US14,51140,51140,0
13,CS6->US22,51177,51177,0
13,CS6->US30,51958,51958,0
13,CS6->US38,51501,51501,0
13,CS6->US46,54708,54708,0
13,CS6->US54,51593,51593,0
13,CS6->US62,51928,51928,0
13,CS6->US70,51501,51501,0
13,CS6->US78,51424,51424,0
13,CS6->US86,56918,56918,0
13,CS6->US94,51341,51341,0
13,CS6->US102,51669,51669,0
13,CS6->US110,51708,51708,0
13,CS6->US118,53624,53624,0
13,CS6->US126,53690,53690,0
13,CS7->US7,51562,51562,0
13,CS7->US15,50545,50545,0
13,CS7->US23,51109,51109,0
13,CS7->US31,51867,51867,0
13,CS7->US39,51654,51654,0
13,CS7->US47,53956,53956,0
13,CS7->US55,51697,51697,0
13,CS7->US63,51572,51572,0
13,CS7->US71,51593,51593,0
13,CS7->US79,51189,51189,0
13,CS7->US87,57074,57074,0
13,CS7->US95,51377,51377,0
13,CS7->US103,51323,51323,0
13,CS7->US111,51404,51404,0
13,CS7->US119,53538,53538,0
13,CS7->US127,53982,53982,0
13,CS8->US0,51218,51218,0
13,CS8->US8,50735,50735,0
13,CS8->US16,51122,51122,0
13,CS8->US24,51613,51613,0
13,CS8->US32,51590,51590,0
13,CS8->US40,54103,54103,0
13,CS8->US48,51459,51459,0
13,CS8->US56,51523,51523,0
13,CS8->US64,51687,51687,0
13,CS8->US72,50957,50957,0
13,CS8->US80,56937,56937,0
13,CS8->US88,51585,51585,0
13,CS8->US96,51739,51739,0
13,CS8->US104,51570,51570,0
13,CS8->US112,53789,53789,0
13,CS8->US120,53690,53690,0
13,CS9->US1,51811,51811,0
13,CS9->US9,50991,50991,0
13,CS9->US17,50871,50871,0
13,CS9->US25,52321,52321,0
13,CS9->US33,51536,51536,0
13,CS9->US41,53906,53906,0
13,CS9->US49,51679,51679,0
13,CS9->US57,50816,50816,0
13,CS9->US65,51233,51233,0
13,CS9->US73,51122,51122,0
13,CS9->US81,56945,56945,0
13,CS9->US89,51178,51178,0
13,CS9->US97,51517,51517,0
13,CS9->US105,51605,51605,0
13,CS9->US113,54136,54136,0
13,CS9->US121,53620,53620,0
13,CS10->US2,51075,51075,0
13,CS10->US10,50766,50766,0
13,CS10->US18,50954,50954,0
13,CS10->US26,51883,51883,0
13,CS10->US34,51719,51719,0
13,CS10->US42,53951,53951,0
13,CS10->US50,51162,51162,0
13,CS10->US58,51230,51230,0
13,CS10->US66,51768,51768,0
13,CS10->US74,51200,51200,0
13,CS10->US82,57200,57200,0
13,CS10->US90,51278,51278,0
13,CS10->US98,51547,51547,0
13,CS10->US106,51288,51288,0
13,CS10->US114,53443,53443,0
13,CS10->US122,53505,53505,0
13,CS11->US3,51351,51351,0
13,CS11->US11,50729,50729,0
13,CS11->US19,51356,51356,0
13,CS11->US27,51975,51975,0
13,CS11->US35,51482,51482,0
13,CS11->US43,54476,54476,0
13,CS11->US51,51674,51674,0
13,CS11->US59,51502,51502,0
13,CS11->US67,51486,51486,0
13,CS11->US75,51178,51178,0
13,CS11->US83,57093,57093,0
13,CS11->US91,51322,51322,0
13,CS11->US99,51483,51483,0
13,CS11->US107,51626,51626,0
13,CS11->US115,53699,53699,0
13,CS11->US123,53419,53419,0
13,CS12->US4,51891,51891,0
13,CS12->US12,51133,51133,0
13,CS12->US20,51088,51088,0
13,CS12->US28,51639,51639,0
13,CS12->US36,51981,51981,0
13,CS12->US44,53884,53884,0
13,CS12->US52,51817,51817,0
13,CS12->US60,51153,51153,0
13,CS12->US68,51743,51743,0
13,CS12->US76,51522,51522,0
13,CS12->US84,57329,57329,0
13,CS12->US92,51280,51280,0
13,CS12->US100,51668,51668,0
13,CS12->US108,51278,51278,0
13,CS12->US116,53292,53292,0
13,CS12->US124,53596,53596,0
13,CS13->US5,51649,51649,0
13,CS13->US13,50914,50914,0
13,CS13->US21,50870,50870,0
13,CS13->US29,51802,51802,0
13,CS13->US37,51754,51754,0
13,CS13->US45,53733,53733,0
13,CS13->US53,51783,51783,0
13,CS13->US61,51430,51430,0
13,CS13->US69,51038,51038,0
13,CS13->US77,51008,51008,0
13,CS13->US85,56854,56854,0
13,CS13->US93,50861,50861,0
13,CS13->US101,51424,51424,0
13,CS13->US109,51753,51753,0
13,CS13->US117,53400,53400,0
13,CS13->US125,53724,53724,0
13,CS14->US6,51577,51577,0
13,CS14->US14,50846,50846,0
13,CS14->US22,50857,50857,0
13,CS14->US30,51749,51749,0
13,CS14->US38,51415,51415,0
13,CS14->US46,53850,53850,0
13,CS14->US54,51813,51813,0
13,CS14->US62,51424,51424,0
13,CS14->US70,51720,51720,0
13,CS14->US78,50980,50980,0
13,CS14->US86,57074,57074,0
13,CS14->US94,50797,50797,0
13,CS14->US102,50750,50750,0
13,CS14->US110,51590,51590,0
13,CS14->US118,53628,53628,0
13,CS14->US126,54103,54103,0
13,CS15->US7,51970,51970,0
13,CS15->US15,50685,50685,0
13,CS15->US23,51229,51229,0
13,CS15->US31,51637,51637,0
13,CS15->US39,51891,51891,0
13,CS15->US47,53979,53979,0
13,CS15->US55,51442,51442,0
13,CS15->US63,51394,51394,0
13,CS15->US71,51123,51123,0
13,CS15->US79,51166,51166,0
13,CS15->US87,57236,57236,0
13,CS15->US95,51492,51492,0
13,CS15->US103,51096,51096,0
13,CS15->US111,51705,51705,0
13,CS15->US119,53523,53523,0
13,CS15->US127,53958,53958,0
13,CS16->US0,51005,51005,0
13,CS16->US8,50852,50852,0
13,CS16->US16,51172,51172,0
13,CS16->US24,51681,51681,0
13,CS16->US32,51755,51755,0
13,CS16->US40,54071,54071,0
13,CS16->US48,51411,51411,0
13,CS16->US56,51694,51694,0
13,CS16->US64,51619,51619,0
13,CS16->US72,51388,51388,0
13,CS16->US80,57537,57537,0
13,CS16->US88,50980,50980,0
13,CS16->US96,51711,51711,0
13,CS16->US104,51108,51108,0
13,CS16->US112,53373,53373,0
13,CS16->US120,53801,53801,0
13,CS17->US1,51629,51629,0
13,CS17->US9,50965,50965,0
13,CS17->US17,51418,51418,0
13,CS17->US25,51745,51745,0
13,CS17->US33,51386,51386,0
13,CS17->US41,54132,54132,0
13,CS17->US49,51476,51476,0
13,CS17->US57,51522,51522,0
13,CS17->US65,51638,51638,0
13,CS17->US73,51253,51253,0
13,CS17->US81,57151,57151,0
13,CS17->US89,51339,51339,0
13,CS17->US97,50977,50977,0
13,CS17->US105,51514,51514,0
13,CS17->US113,53345,53345,0
13,CS17->US121,53688,53688,0
13,CS18->US2,51253,51253,0
13,CS18->US10,51094,51094,0
13,CS18->US18,51130,51130,0
13,CS18->US26,51621,51621,0
13,CS18->US34,51686,51686,0
13,CS18->US42,54140,54140,0
13,CS18->US50,51065,51065,0
13,CS18->US58,51444,51444,0
13,CS18->US66,51726,51726,0
13,CS18->US74,51177,51177,0
13,CS18->US82,57281,57281,0
13,CS18->US90,51434,51434,0
13,CS18->US98,51415,51415,0
13,CS18->US106,51402,51402,0
13,CS18->US114,53312,53312,0
13,CS18->US122,53771,53771,0
13,CS19->US3,51089,51089,0
13,CS19->US11,50556,50556,0
13,CS19->US19,50895,50895,0
13,CS19->US27,51714,51714,0
13,CS19->US35,51466,51466,0
13,CS19->US43,54139,54139,0
13,CS19->US51,51306,51306,0
13,CS19->US59,51781,51781,0
13,CS19->US67,51823,51823,0
13,CS19->US75,51057,51057,0
13,CS19->US83,57108,57108,0
13,CS19->US91,51475,51475,0
13,CS19->US99,51564,51564,0
13,CS19->US107,51486,51486,0
13,CS19->US115,53541,53541,0
13,CS19->US123,54044,54044,0
13,CS20->US4,51321,51321,0
13,CS20->US12,50763,50763,0
13,CS20->US20,50702,50702,0
13,CS20->US28,51819,51819,0
13,CS20->US36,51802,51802,0
13,CS20->US44,53955,53955,0
13,CS20->US52,51309,51309,0
13,CS20->US60,51470,51470,0
13,CS20->US68,51315,51315,0
13,CS20->US76,51419,51419,0
13,CS20->US84,56926,56926,0
13,CS20->US92,51134,51134,0
13,CS20->US100,51518,51518,0
13,CS20->US108,51604,51604,0
13,CS20->US116,53704,53704,0
13,CS20->US124,54162,54162,0
13,CS21->US5,51517,51517,0
13,CS21->US13,51111,51111,0
13,CS21->US21,51362,51362,0
13,CS21->US29,52275,52275,0
13,CS21->US37,51922,51922,0
13,CS21->US45,54445,54445,0
13,CS21->US53,51450,51450,0
13,CS21->US61,51455,51455,0
13,CS21->US69,52090,52090,0
13,CS21->US77,51355,51355,0
13,CS21->US85,56642,56642,0
13,CS21->US93,50814,50814,0
13,CS21->US101,51584,51584,0
13,CS21->US109,51652,51652,0
13,CS21->US117,53844,53844,0
13,CS21->US125,53946,53946,0
13,CS22->US6,51631,51631,0
13,CS22->US14,51035,51035,0
13,CS22->US22,51117,51117,0
13,CS22->US30,52005,52005,0
13,CS22->US38,51873,51873,0
13,CS22->US46,54222,54222,0
13,CS22->US54,51334,51334,0
13,CS22->US62,51106,51106,0
13,CS22->US70,51821,51821,0
13,CS22->US78,51376,51376,0
13,CS22->US86,57358,57358,0
13,CS22->US94,51235,51235,0
13,CS22->US102,51021,51021,0
13,CS22->US110,51501,51501,0
13,CS22->US118,53649,53649,0
13,CS22->US126,53913,53913,0
13,CS23->US7,51588,51588,0
13,CS23->US15,50922,50922,0
13,CS23->US23,51077,51077,0
13,CS23->US31,51867,51867,0
13,CS23->US39,51480,51480,0
13,CS23->US47,54036,54036,0
13,CS23->US55,51429,51429,0
13,CS23->US63,51498,51498,0
13,CS23->US71,51725,51725,0
13,CS23->US79,51193,51193,0
13,CS23->US87,57318,57318,0
13,CS23->US95,51089,51089,0
13,CS23->US103,51844,51844,0
13,CS23->US111,51592,51592,0
13,CS23->US119,53648,53648,0
13,CS23->US127,53979,53979,0
13,CS24->US0,51707,51707,0
13,CS24->US8,50696,50696,0
13,CS24->US16,51267,51267,0
13,CS24->US24,52169,52169,0
13,CS24->US32,51457,51457,0
13,CS24->US40,54180,54180,0
13,CS24->US48,51717,51717,0
13,CS24->US56,51803,51803,0
13,CS24->US64,51554,51554,0
13,CS24->US72,51614,51614,0
13,CS24->US80,56821,56821,0
13,CS24->US88,51422,51422,0
13,CS24->US96,51914,51914,0
13,CS24->US104,51327,51327,0
13,CS24->US112,53806,53806,0
13,CS24->US120,53767,53767,0
13,CS25->US1,51287,51287,0
13,CS25->US9,50725,50725,0
13,CS25->US17,51577,51577,0
13,CS25->US25,51621,51621,0
13,CS25->US33,51674,51674,0
13,CS25->US41,54199,54199,0
13,CS25->US49,51197,51197,0
13,CS25->US57,51160,51160,0
13,CS25->US65,51554,51554,0
13,CS25->US73,51253,51253,0
13,CS25->US81,56978,56978,0
13,CS25->US89,51359,51359,0
13,CS25->US97,51238,51238,0
13,CS25->US105,51355,51355,0
13,CS25->US113,53584,53584,0
13,CS25->US121,54287,54287,0
13,CS26->US2,51581,51581,0
13,CS26->US10,50569,50569,0
13,CS26->US18,51514,51514,0
13,CS26->US26,51793,51793,0
13,CS26->US34,51509,51509,0
13,CS26->US42,53993,53993,0
13,CS26->US50,51840,51840,0
13,CS26->US58,51379,51379,0
13,CS26->US66,51551,51551,0
13,CS26->US74,50606,50606,0
13,CS26->US82,56857,56857,0
13,CS26->US90,51104,51104,0
13,CS26->US98,51346,51346,0
13,CS26->US106,51476,51476,0
13,CS26->US114,53403,53403,0
13,CS26->US122,53522,53522,0
13,CS27->US3,51564,51564,0
13,CS27->US11,50862,50862,0
13,CS27->US19,51301,51301,0
13,CS27->US27,51795,51795,0
13,CS27->US35,51388,51388,0
13,CS27->US43,54010,54010,0
13,CS27->US51,51678,51678,0
13,CS27->US59,51359,51359,0
13,CS27->US67,51399,51399,0
13,CS27->US75,50942,50942,0
13,CS27->US83,57197,57197,0
13,CS27->US91,50846,50846,0
13,CS27->US99,51505,51505,0
13,CS27->US107,51762,51762,0
13,CS27->US115,53434,53434,0
13,CS27->US123,53727,53727,0
13,CS28->US4,51467,51467,0
13,CS28->US12,50818,50818,0
13,CS28->US20,51392,51392,0
13,CS28->US28,51890,51890,0
13,CS28->US36,51780,51780,0
13,CS28->US44,54376,54376,0
13,CS28->US52,51199,51199,0
13,CS28->US60,51591,51591,0
13,CS28->US68,51964,51964,0
13,CS28->US76,51147,51147,0
13,CS28->US84,57006,57006,0
13,CS28->US92,51229,51229,0
13,CS28->US100,51515,51515,0
13,CS28->US108,52081,52081,0
13,CS28->US116,53845,53845,0
13,CS28->US124,54048,54048,0
13,CS29->US5,51208,51208,0
13,CS29->US13,51336,51336,0
13,CS29->US21,51170,51170,0
13,CS29->US29,51655,51655,0
13,CS29->US37,51665,51665,0
13,CS29->US45,54485,54485,0
13,CS29->US53,51675,51675,0
13,CS29->US61,51137,51137,0
13,CS29->US69,51486,51486,0
13,CS29->US77,51069,51069,0
13,CS29->US85,56954,56954,0
13,CS29->US93,50806,50806,0
13,CS29->US101,51865,51865,0
13,CS29->US109,51496,51496,0
13,CS29->US117,53379,53379,0
13,CS29->US125,53495,53495,0
13,CS30->US6,51418,51418,0
13,CS30->US14,50973,50973,0
13,CS30->US22,51055,51055,0
13,CS30->US30,51636,51636,0
13,CS30->US38,51679,51679,0
13,CS30->US46,53993,53993,0
13,CS30->US54,51402,51402,0
13,CS30->US62,51506,51506,0
13,CS30->US70,51954,51954,0
13,CS30->US78,51096,51096,0
13,CS30->US86,57323,57323,0
13,CS30->US94,51175,51175,0
13,CS30->US102,51592,51592,0
13,CS30->US110,51984,51984,0
13,CS30->US118,53756,53756,0
13,CS30->US126,53697,53697,0
13,CS31->US7,51134,51134,0
13,CS31->US15,50682,50682,0
13,CS31->US23,51274,51274,0
13,CS31->US31,51898,51898,0
13,CS31->US39,52013,52013,0
13,CS31->US47,53861,53861,0
13,CS31->US55,51337,51337,0
13,CS31->US63,51426,51426,0
13,CS31->US71,51571,51571,0
13,CS31->US79,51228,51228,0
13,CS31->US87,57189,57189,0
13,CS31->US95,51074,51074,0
13,CS31->US103,51270,51270,0
13,CS31->US111,51165,51165,0
13,CS31->US119,54041,54041,0
13,CS31->US127,53975,53975,0
13,CS32->US0,51505,51505,0
13,CS32->US8,51233,51233,0
13,CS32->US16,51162,51162,0
13,CS32->US24,51769,51769,0
13,CS32->US32,51650,51650,0
13,CS32->US40,54286,54286,0
13,CS32->US48,51795,51795,0
13,CS32->US56,51239,51239,0
13,CS32->US64,51403,51403,0
13,CS32->US72,51130,51130,0
13,CS32->US80,57349,57349,0
13,CS32->US88,51403,51403,0
13,CS32->US96,51406,51406,0
13,CS32->US104,51446,51446,0
13,CS32->US112,53564,53564,0
13,CS32->US120,53645,53645,0
13,CS33->US1,51628,51628,0
13,CS33->US9,51338,51338,0
13,CS33->US17,51049,51049,0
13,CS33->US25,51844,51844,0
13,CS33->US33,51473,51473,0
13,CS33->US41,54151,54151,0
13,CS33->US49,51392,51392,0
13,CS33->US57,51074,51074,0
13,CS33->US65,51482,51482,0
13,CS33->US73,51252,51252,0
13,CS33->US81,56351,56351,0
13,CS33->US89,51028,51028,0
13,CS33->US97,51293,51293,0
13,CS33->US105,51362,51362,0
13,CS33->US113,53641,53641,0
13,CS33->US121,53854,53854,0
13,CS34->US2,51641,51641,0
13,CS34->US10,50750,50750,0
13,CS34->US18,50924,50924,0
13,CS34->US26,51952,51952,0
13,CS34->US34,51615,51615,0
13,CS34->US42,53997,53997,0
13,CS34->US50,51924,51924,0
13,CS34->US58,51325,51325,0
13,CS34->US66,51429,51429,0
13,CS34->US74,51037,51037,0
13,CS34->US82,57272,57272,0
13,CS34->US90,51310,51310,0
13,CS34->US98,51577,51577,0
13,CS34->US106,51566,51566,0
13,CS34->US114,53550,53550,0
13,CS34->US122,53781,53781,0
13,CS35->US3,51535,51535,0
13,CS35->US11,51113,51113,0
13,CS35->US19,51459,51459,0
13,CS35->US27,51958,51958,0
13,CS35->US35,51720,51720,0
13,CS35->US43,54055,54055,0
13,CS35->US51,51674,51674,0
13,CS35->US59,51710,51710,0
13,CS35->US67,51935,51935,0
13,CS35->US75,51093,51093,0
13,CS35->US83,56972,56972,0
13,CS35->US91,51147,51147,0
13,CS35->US99,51192,51192,0
13,CS35->US107,51567,51567,0
13,CS35->US115,53522,53522,0
13,CS35->US123,54240,54240,0
13,CS36->US4,51656,51656,0
13,CS36->US12,51072,51072,0
13,CS36->US20,50846,50846,0
13,CS36->US28,51837,51837,0
13,CS36->US36,51538,51538,0
13,CS36->US44,54055,54055,0
13,CS36->US52,51629,51629,0
13,CS36->US60,51097,51097,0
13,CS36->US68,51673,51673,0
13,CS36->US76,50993,50993,0
13,CS36->US84,57311,57311,0
13,CS36->US92,51238,51238,0
13,CS36->US100,51409,51409,0
13,CS36->US108,51601,51601,0
13,CS36->US116,53272,53272,0
13,CS36->US124,53529,53529,0
13,CS37->US5,51795,51795,0
13,CS37->US13,50617,50617,0
13,CS37->US21,50699,50699,0
13,CS37->US29,51994,51994,0
13,CS37->US37,51899,51899,0
13,CS37->US45,54045,54045,0
13,CS37->US53,51305,51305,0
13,CS37->US61,51320,51320,0
13,CS37->US69,51580,51580,0
13,CS37->US77,51238,51238,0
13,CS37->US85,57271,57271,0
13,CS37->US93,51038,51038,0
13,CS37->US101,51405,51405,0
13,CS37->US109,51574,51574,0
13,CS37->US117,53156,53156,0
13,CS37->US125,53672,53672,0
13,CS38->US6,51355,51355,0
13,CS38->US14,50944,50944,0
13,CS38->US22,51290,51290,0
13,CS38->US30,51551,51551,0
13,CS38->US38,51573,51573,0
13,CS38->US46,54386,54386,0
13,CS38->US54,51355,51355,0
13,CS38->US62,51103,51103,0
13,CS38->US70,51601,51601,0
13,CS38->US78,51386,51386,0
13,CS38->US86,57578,57578,0
13,CS38->US94,50984,50984,0
13,CS38->US102,51454,51454,0
13,CS38->US110,51872,51872,0
13,CS38->US118,53414,53414,0
13,CS38->US126,53723,53723,0
13,CS39->US7,51410,51410,0
13,CS39->US15,50815,50815,0
13,CS39->US23,51256,51256,0
13,CS39->US31,52114,52114,0
13,CS39->US39,51514,51514,0
13,CS39->US47,54251,54251,0
13,CS39->US55,51354,51354,0
13,CS39->US63,51248,51248,0
13,CS39->US71,51471,51471,0
13,CS39->US79,51176,51176,0
13,CS39->US87,57016,57016,0
13,CS39->US95,51064,51064,0
13,CS39->US103,51200,51200,0
13,CS39->US111,51725,51725,0
13,CS39->US119,53734,53734,0
13,CS39->US127,54310,54310,0
13,CS40->US0,51511,51511,0
13,CS40->US8,50474,50474,0
13,CS40->US16,50712,50712,0
13,CS40->US24,51704,51704,0
13,CS40->US32,51476,51476,0
13,CS40->US40,54287,54287,0
13,CS40->US48,51460,51460,0
13,CS40->US56,51020,51020,0
13,CS40->US64,52088,52088,0
13,CS40->US72,50989,50989,0
13,CS40->US80,57163,57163,0
13,CS40->US88,51061,51061,0
13,CS40->US96,51603,51603,0
13,CS40->US104,51588,51588,0
13,CS40->US112,53856,53856,0
13,CS40->US120,53426,53426,0
13,CS41->US1,51676,51676,0
13,CS41->US9,50895,50895,0
13,CS41->US17,51359,51359,0
13,CS41->US25,51890,51890,0
13,CS41->US33,51369,51369,0
13,CS41->US41,53718,53718,0
13,CS41->US49,51039,51039,0
13,CS41->US57,51088,51088,0
13,CS41->US65,51589,51589,0
13,CS41->US73,51252,51252,0
13,CS41->US81,57325,57325,0
13,CS41->US89,51545,51545,0
13,CS41->US97,51808,51808,0
13,CS41->US105,51382,51382,0
13,CS41->US113,53674,53674,0
13,CS41->US121,53931,53931,0
13,CS42->US2,51287,51287,0
13,CS42->US10,50877,50877,0
13,CS42->US18,51477,51477,0
13,CS42->US26,51495,51495,0
13,CS42->US34,51799,51799,0
13,CS42->US42,53981,53981,0
13,CS42->US50,51415,51415,0
13,CS42->US58,51437,51437,0
13,CS42->US66,51858,51858,0
13,CS42->US74,50886,50886,0
13,CS42->US82,57282,57282,0
13,CS42->US90,51231,51231,0
13,CS42->US98,51289,51289,0
13,CS42->US106,51607,51607,0
13,CS42->US114,53646,53646,0
13,CS42->US122,53928,53928,0
13,CS43->US3,51201,51201,0
13,CS43->US11,51252,51252,0
13,CS43->US19,50931,50931,0
13,CS43->US27,51432,51432,0
13,CS43->US35,51790,51790,0
13,CS43->US43,54082,54082,0
13,CS43->US51,51401,51401,0
13,CS43->US59,51573,51573,0
13,CS43->US67,51735,51735,0
13,CS43->US75,51075,51075,0
13,CS43->US83,57064,57064,0
13,CS43->US91,51168,51168,0
13,CS43->US99,51617,51617,0
13,CS43->US107,51029,51029,0
13,CS43->US115,53449,53449,0
13,CS43->US123,53910,53910,0
13,CS44->US4,51196,51196,0
13,CS44->US12,51194,51194,0
13,CS44->US20,51217,51217,0
13,CS44->US28,51973,51973,0
13,CS44->US36,51274,51274,0
13,CS44->US44,54027,54027,0
13,CS44->US52,51502,51502,0
13,CS44->US60,51581,51581,0
13,CS44->US68,51647,51647,0
13,CS44->US76,51136,51136,0
13,CS44->US84,57406,57406,0
13,CS44->US92,51014,51014,0
13,CS44->US100,51483,51483,0
13,CS44->US108,51390,51390,0
13,CS44->US116,53587,53587,0
13,CS44->US124,53835,53835,0
13,CS45->US5,51221,51221,0
13,CS45->US13,50901,50901,0
13,CS45->US21,51220,51220,0
13,CS45->US29,51841,51841,0
13,CS45->US37,51713,51713,0
13,CS45->US45,54322,54322,0
13,CS45->US53,51565,51565,0
13,CS45->US61,51212,51212,0
13,CS45->US69,51670,51670,0
13,CS45->US77,50899,50899,0
13,CS45->US85,57565,57565,0
13,CS45->US93,51134,51134,0
13,CS45->US101,51596,51596,0
13,CS45->US109,51503,51503,0
13,CS45->US117,53713,53713,0
13,CS45->US125,53898,53898,0
13,CS46->US6,51287,51287,0
13,CS46->US14,50620,50620,0
13,CS46->US22,51246,51246,0
13,CS46->US30,51666,51666,0
13,CS46->US38,51283,51283,0
13,CS46->US46,54223,54223,0
13,CS46->US54,51451,51451,0
13,CS46->US62,51574,51574,0
13,CS46->US70,51655,51655,0
13,CS46->US78,51090,51090,0
13,CS46->US86,57600,57600,0
13,CS46->US94,51221,51221,0
13,CS46->US102,51739,51739,0
13,CS46->US110,51430,51430,0
13,CS46->US118,53793,53793,0
13,CS46->US126,53934,53934,0
13,CS47->US7,51276,51276,0
13,CS47->US15,51147,51147,0
13,CS47->US23,50876,50876,0
13,CS47->US31,52313,52313,0
13,CS47->US39,51765,51765,0
13,CS47->US47,54128,54128,0
13,CS47->US55,51852,51852,0
13,CS47->US63,51391,51391,0
13,CS47->US71,51410,51410,0
13,CS47->US79,51026,51026,0
13,CS47->US87,56935,56935,0
13,CS47->US95,50880,50880,0
13,CS47->US103,51259,51259,0
13,CS47->US111,51383,51383,0
13,CS47->US119,53633,53633,0
13,CS47->US127,53961,53961,0
13,CS48->US0,51538,51538,0
13,CS48->US8,50968,50968,0
13,CS48->US16,50843,50843,0
13,CS48->US24,51880,51880,0
13,CS48->US32,51144,51144,0
13,CS48->US40,54158,54158,0
13,CS48->US48,51407,51407,0
13,CS48->US56,51150,51150,0
13,CS48->US64,51338,51338,0
13,CS48->US72,50879,50879,0
13,CS48->US80,57246,57246,0
13,CS48->US88,51270,51270,0
13,CS48->US96,51264,51264,0
13,CS48->US104,51539,51539,0
13,CS48->US112,53590,53590,0
13,CS48->US120,53999,53999,0
13,CS49->US1,51580,51580,0
13,CS49->US9,50896,50896,0
13,CS49->US17,51264,51264,0
13,CS49->US25,51811,51811,0
13,CS49->US33,51294,51294,0
13,CS49->US41,54109,54109,0
13,CS49->US49,51301,51301,0
13,CS49->US57,51273,51273,0
13,CS49->US65,51981,51981,0
13,CS49->US73,51372,51372,0
13,CS49->US81,56936,56936,0
13,CS49->US89,51411,51411,0
13,CS49->US97,51690,51690,0
13,CS49->US105,51497,51497,0
13,CS49->US113,52804,52804,0
13,CS49->US121,53675,53675,0
13,CS50->US2,51772,51772,0
13,CS50->US10,50354,50354,0
13,CS50->US18,50837,50837,0
13,CS50->US26,52318,52318,0
13,CS50->US34,52155,52155,0
13,CS50->US42,54250,54250,0
13,CS50->US50,51597,51597,0
13,CS50->US58,50758,50758,0
13,CS50->US66,51842,51842,0
13,CS50->US74,51273,51273,0
13,CS50->US82,57521,57521,0
13,CS50->US90,51512,51512,0
13,CS50->US98,51139,51139,0
13,CS50->US106,51585,51585,0
13,CS50->US114,53872,53872,0
13,CS50->US122,53504,53504,0
13,CS51->US3,51871,51871,0
13,CS51->US11,50692,50692,0
13,CS51->US19,51652,51652,0
13,CS51->US27,51713,51713,0
13,CS51->US35,51383,51383,0
13,CS51->US43,54060,54060,0
13,CS51->US51,51359,51359,0
13,CS51->US59,51236,51236,0
13,CS51->US67,51581,51581,0
13,CS51->US75,51176,51176,0
13,CS51->US83,57188,57188,0
13,CS51->US91,51254,51254,0
13,CS51->US99,51408,51408,0
13,CS51->US107,51728,51728,0
13,CS51->US115,53478,53478,0
13,CS51->US123,53726,53726,0
13,CS52->US4,51727,51727,0
13,CS52->US12,50957,50957,0
13,CS52->US20,50801,50801,0
13,CS52->US28,52002,52002,0
13,CS52->US36,51002,51002,0
13,CS52->US44,54288,54288,0
13,CS52->US52,51655,51655,0
13,CS52->US60,51293,51293,0
13,CS52->US68,51448,51448,0
13,CS52->US76,51288,51288,0
13,CS52->US84,57082,57082,0
13,CS52->US92,51197,51197,0
13,CS52->US100,51163,51163,0
13,CS52->US108,51201,51201,0
13,CS52->US116,53632,53632,0
13,CS52->US124,53885,53885,0
13,CS53->US5,51976,51976,0
13,CS53->US13,50840,50840,0
13,CS53->US21,51201,51201,0
13,CS53->US29,51775,51775,0
13,CS53->US37,52079,52079,0
13,CS53->US45,54278,54278,0
13,CS53->US53,51506,51506,0
13,CS53->US61,51138,51138,0
13,CS53->US69,51748,51748,0
13,CS53->US77,51043,51043,0
13,CS53->US85,57056,57056,0
13,CS53->US93,50787,50787,0
13,CS53->US101,51651,51651,0
13,CS53->US109,51276,51276,0
13,CS53->US117,53662,53662,0
13,CS53->US125,53516,53516,0
13,CS54->US6,51481,51481,0
13,CS54->US14,50714,50714,0
13,CS54->US22,51279,51279,0
13,CS54->US30,51669,51669,0
13,CS54->US38,51924,51924,0
13,CS54->US46,54246,54246,0
13,CS54->US54,51246,51246,0
13,CS54->US62,51001,51001,0
13,CS54->US70,51851,51851,0
13,CS54->US78,51214,51214,0
13,CS54->US86,57227,57227,0
13,CS54->US94,51064,51064,0
13,CS54->US102,51517,51517,0
13,CS54->US110,51537,51537,0
13,CS54->US118,54008,54008,0
13,CS54->US126,53628,53628,0
13,CS55->US7,51378,51378,0
13,CS55->US15,51110,51110,0
13,CS55->US23,51033,51033,0
13,CS55->US31,51397,51397,0
13,CS55->US39,51656,51656,0
13,CS55->US47,54191,54191,0
13,CS55->US55,51055,51055,0
13,CS55->US63,51394,51394,0
13,CS55->US71,51386,51386,0
13,CS55->US79,51114,51114,0
13,CS55->US87,57241,57241,0
13,CS55->US95,51189,51189,0
13,CS55->US103,51440,51440,0
13,CS55->US111,51228,51228,0
13,CS55->US119,53981,53981,0
13,CS55->US127,53679,53679,0
13,CS56->US0,51601,51601,0
13,CS56->US8,50791,50791,0
13,CS56->US16,51175,51175,0
13,CS56->US24,51976,51976,0
13,CS56->US32,51566,51566,0
13,CS56->US40,53842,53842,0
13,CS56->US48,51836,51836,0
13,CS56->US56,51249,51249,0
13,CS56->US64,51377,51377,0
13,CS56->US72,51323,51323,0
13,CS56->US80,57010,57010,0
13,CS56->US88,50756,50756,0
13,CS56->US96,51689,51689,0
13,CS56->US104,51349,51349,0
13,CS56->US112,53641,53641,0
13,CS56->US120,54039,54039,0
13,CS57->US1,51269,51269,0
13,CS57->US9,50869,50869,0
13,CS57->US17,51002,51002,0
13,CS57->US25,51929,51929,0
13,CS57->US33,51831,51831,0
13,CS57->US41,53766,53766,0
13,CS57->US49,51333,51333,0
13,CS57->US57,51486,51486,0
13,CS57->US65,51751,51751,0
13,CS57->US73,51086,51086,0
13,CS57->US81,57048,57048,0
13,CS57->US89,51434,51434,0
13,CS57->US97,51371,51371,0
13,CS57->US105,51350,51350,0
13,CS57->US113,53798,53798,0
13,CS57->US121,53946,53946,0
13,CS58->US2,51480,51480,0
13,CS58->US10,50997,50997,0
13,CS58->US18,51603,51603,0
13,CS58->US26,51696,51696,0
13,CS58->US34,51672,51672,0
13,CS58->US42,54331,54331,0
13,CS58->US50,51873,51873,0
13,CS58->US58,51470,51470,0
13,CS58->US66,52110,52110,0
13,CS58->US74,51618,51618,0
13,CS58->US82,56943,56943,0
13,CS58->US90,51102,51102,0
13,CS58->US98,51212,51212,0
13,CS58->US106,51455,51455,0
13,CS58->US114,53511,53511,0
13,CS58->US122,54079,54079,0
13,CS59->US3,51198,51198,0
13,CS59->US11,50772,50772,0
13,CS59->US19,51003,51003,0
13,CS59->US27,51833,51833,0
13,CS59->US35,51310,51310,0
13,CS59->US43,54276,54276,0
13,CS59->US51,51260,51260,0
13,CS59->US59,51679,51679,0
13,CS59->US67,51776,51776,0
13,CS59->US75,51285,51285,0
13,CS59->US83,57287,57287,0
13,CS59->US91,50971,50971,0
13,CS59->US99,51549,51549,0
13,CS59->US107,51626,51626,0
13,CS59->US115,53441,53441,0
13,CS59->US123,53779,53779,0
13,CS60->US4,51221,51221,0
13,CS60->US12,51004,51004,0
13,CS60->US20,51019,51019,0
13,CS60->US28,51799,51799,0
13,CS60->US36,51522,51522,0
13,CS60->US44,54085,54085,0
13,CS60->US52,51322,51322,0
13,CS60->US60,51522,51522,0
13,CS60->US68,51182,51182,0
13,CS60->US76,51032,51032,0
13,CS60->US84,56356,56356,0
13,CS60->US92,51473,51473,0
13,CS60->US100,51258,51258,0
13,CS60->US108,51751,51751,0
13,CS60->US116,53503,53503,0
13,CS60->US124,53475,53475,0
13,CS61->US5,51683,51683,0
13,CS61->US13,50997,50997,0
13,CS61->US21,51247,51247,0
13,CS61->US29,51111,51111,0
13,CS61->US37,51055,51055,0
13,CS61->US45,53741,53741,0
13,CS61->US53,51845,51845,0
13,CS61->US61,51383,51383,0
13,CS61->US69,51697,51697,0
13,CS61->US77,51505,51505,0
13,CS61->US85,56623,56623,0
13,CS61->US93,50911,50911,0
13,CS61->US101,51522,51522,0
13,CS61->US109,51716,51716,0
13,CS61->US117,53408,53408,0
13,CS61->US125,53731,53731,0
13,CS62->US6,51205,51205,0
13,CS62->US14,50997,50997,0
13,CS62->US22,51658,51658,0
13,CS62->US30,51921,51921,0
13,CS62->US38,51511,51511,0
13,CS62->US46,53921,53921,0
13,CS62->US54,51368,51368,0
13,CS62->US62,51195,51195,0
13,CS62->US70,52037,52037,0
13,CS62->US78,51183,51183,0
13,CS62->US86,57220,57220,0
13,CS62->US94,51161,51161,0
13,CS62->US102,51494,51494,0
13,CS62->US110,51220,51220,0
13,CS62->US118,53810,53810,0
13,CS62->US126,53783,53783,0
13,CS63->US7,51989,51989,0
13,CS63->US15,51038,51038,0
13,CS63->US23,51400,51400,0
13,CS63->US31,51454,51454,0
13,CS63->US39,51522,51522,0
13,CS63->US47,54209,54209,0
13,CS63->US55,51629,51629,0
13,CS63->US63,51475,51475,0
13,CS63->US71,51692,51692,0
13,CS63->US79,50947,50947,0
13,CS63->US87,57348,57348,0
13,CS63->US95,51265,51265,0
13,CS63->US103,51458,51458,0
13,CS63->US111,51630,51630,0
13,CS63->US119,53768,53768,0
13,CS63->US127,53891,53891,0
14,US0->CS0,52012,52012,0
14,US0->CS8,51839,51839,0
14,US0->CS16,51756,51756,0
14,US0->CS24,52073,52073,0
14,US0->CS32,52178,52178,0
14,US0->CS40,51791,51791,0
14,US0->CS48,51770,51770,0
14,US0->CS56,52182,52182,0
14,US1->CS1,51889,51889,0
14,US1->CS9,52068,52068,0
14,US1->CS17,51781,51781,0
14,US1->CS25,51592,51592,0
14,US1->CS33,51762,51762,0
14,US1->CS41,51402,51402,0
14,US1->CS49,51697,51697,0
14,US1->CS57,51689,51689,0
14,US2->CS2,51574,51574,0
14,US2->CS10,51580,51580,0
14,US2->CS18,51422,51422,0
14,US2->CS26,52099,52099,0
14,US2->CS34,52297,52297,0
14,US2->CS42,51742,51742,0
14,US2->CS50,51969,51969,0
14,US2->CS58,52251,52251,0
14,US3->CS3,51627,51627,0
14,US3->CS11,52029,52029,0
14,US3->CS19,51665,51665,0
14,US3->CS27,52032,52032,0
14,US3->CS35,52045,52045,0
14,US3->CS43,51715,51715,0
14,US3->CS51,51773,51773,0
14,US3->CS59,51667,51667,0
14,US4->CS4,51506,51506,0
14,US4->CS12,52132,52132,0
14,US4->CS20,51654,51654,0
14,US4->CS28,51544,51544,0
14,US4->CS36,52048,52048,0
14,US4->CS44,51841,51841,0
14,US4->CS52,52015,52015,0
14,US4->CS60,51706,51706,0
14,US5->CS5,51932,51932,0
14,US5->CS13,52192,52192,0
14,US5->CS21,51810,51810,0
14,US5->CS29,52005,52005,0
14,US5->CS37,51664,51664,0
14,US5->CS45,51959,51959,0
14,US5->CS53,51828,51828,0
14,US5->CS61,52242,52242,0
14,US6->CS6,51974,51974,0
14,US6->CS14,52163,52163,0
14,US6->CS22,51728,51728,0
14,US6->CS30,51788,51788,0
14,US6->CS38,51742,51742,0
14,US6->CS46,51810,51810,0
14,US6->CS54,51605,51605,0
14,US6->CS62,51738,51738,0
14,US7->CS7,52093,52093,0
14,US7->CS15,51872,51872,0
14,US7->CS23,51780,51780,0
14,US7->CS31,51734,51734,0
14,US7->CS39,51721,51721,0
14,US7->CS47,52221,52221,0
14,US7->CS55,51431,51431,0
14,US7->CS63,52014,52014,0
14,US8->CS0,57263,57263,0
14,US8->CS8,57324,57324,0
14,US8->CS16,57818,57818,0
14,US8->CS24,57177,57177,0
14,US8->CS32,57655,57654,0
14,US8->CS40,57450,57450,0
14,US8->CS48,57673,57672,0
14,US8->CS56,57347,57347,0
14,US9->CS1,56964,56964,0
14,US9->CS9,57263,57262,0
14,US9->CS17,57508,57508,0
14,US9->CS25,57349,57349,0
14,US9->CS33,56716,56715,0
14,US9->CS41,57659,57659,0
14,US9->CS49,57286,57286,0
14,US9->CS57,57326,57326,0
14,US10->CS2,57463,57462,0
14,US10->CS10,57522,57522,0
14,US10->CS18,57537,57537,0
14,US10->CS26,57254,57254,0
14,US10->CS34,57659,57659,0
14,US10->CS42,57700,57700,0
14,US10->CS50,57793,57793,0
14,US10->CS58,57274,57274,0
14,US11->CS3,57476,57476,0
14,US11->CS11,57420,57420,0
14,US11->CS19,57362,57362,0
14,US11->CS27,57572,57572,0
14,US11->CS35,57177,57177,0
14,US11->CS43,57364,57364,0
14,US11->CS51,57502,57502,0
14,US11->CS59,57545,57545,0
14,US12->CS4,57758,57758,0
14,US12->CS12,57614,57614,0
14,US12->CS20,57228,57228,0
14,US12->CS28,57287,57287,0
14,US12->CS36,57654,57654,0
14,US12->CS44,57703,57703,0
14,US12->CS52,57500,57500,0
14,US12->CS60,56731,56731,0
14,US13->CS5,57416,57416,0
14,US13->CS13,57141,57141,0
14,US13->CS21,56968,56968,0
14,US13->CS29,57338,57338,0
14,US13->CS37,57731,57731,0
14,US13->CS45,57898,57898,0
14,US13->CS53,57393,57393,0
14,US13->CS61,56977,56977,0
14,US14->CS6,57175,57175,0
14,US14->CS14,57456,57455,0
14,US14->CS22,57722,57722,0
14,US14->CS30,57620,57620,0
14,US14->CS38,57891,57891,0
14,US14->CS46,58057,58057,0
14,US14->CS54,57498,57498,0
14,US14->CS62,57555,57555,0
14,US15->CS7,57446,57446,0
14,US15->CS15,57574,57574,0
14,US15->CS23,57724,57724,0
14,US15->CS31,57555,57555,0
14,US15->CS39,57310,57310,0
14,US15->CS47,57339,57339,0
14,US15->CS55,57550,57550,0
14,US15->CS63,57627,57627,0
14,US16->CS0,53971,53971,0
14,US16->CS8,54019,54019,0
14,US16->CS16,54201,54201,0
14,US16->CS24,54122,54122,0
14,US16->CS32,54055,54055,0
14,US16->CS40,53787,53787,0
14,US16->CS48,54290,54290,0
14,US16->CS56,54286,54286,0
14,US17->CS1,54200,54200,0
14,US17->CS9,53949,53949,0
14,US17->CS17,54092,54092,0
14,US17->CS25,54639,54639,0
14,US17->CS33,54181,54181,0
14,US17->CS41,54217,54217,0
14,US17->CS49,54001,54001,0
14,US17->CS57,54326,54326,0
14,US18->CS2,54136,54136,0
14,US18->CS10,53912,53912,0
14,US18->CS18,54106,54106,0
14,US18->CS26,53882,53882,0
14,US18->CS34,54233,54233,0
14,US18->CS42,54372,54372,0
14,US18->CS50,53894,53894,0
14,US18->CS58,54447,54447,0
14,US19->CS3,53989,53989,0
14,US19->CS11,53797,53797,0
14,US19->CS19,54422,54422,0
14,US19->CS27,54072,54072,0
14,US19->CS35,54597,54597,0
14,US19->CS43,54262,54262,0
14,US19->CS51,54128,54128,0
14,US19->CS59,54156,54156,0
14,US20->CS4,54663,54663,0
14,US20->CS12,53868,53868,0
14,US20->CS20,54508,54508,0
14,US20->CS28,54356,54356,0
14,US20->CS36,53888,53888,0
14,US20->CS44,54121,54121,0
14,US20->CS52,54216,54216,0
14,US20->CS60,53786,53786,0
14,US21->CS5,54798,54798,0
14,US21->CS13,54078,54078,0
14,US21->CS21,54376,54376,0
14,US21->CS29,53815,53815,0
14,US21->CS37,53978,53978,0
14,US21->CS45,54231,54231,0
14,US21->CS53,53923,53923,0
14,US21->CS61,54093,54093,0
14,US22->CS6,54126,54126,0
14,US22->CS14,54414,54414,0
14,US22->CS22,54232,54232,0
14,US22->CS30,53961,53961,0
14,US22->CS38,54052,54052,0
14,US22->CS46,54320,54320,0
14,US22->CS54,54064,54064,0
14,US22->CS62,54160,54160,0
14,US23->CS7,54336,54336,0
14,US23->CS15,54318,54318,0
14,US23->CS23,54272,54272,0
14,US23->CS31,54332,54332,0
14,US23->CS39,54683,54683,0
14,US23->CS47,54247,54247,0
14,US23->CS55,54093,54093,0
14,US23->CS63,54280,54280,0
14,US24->CS0,55047,55047,0
14,US24->CS8,55538,55538,0
14,US24->CS16,55699,55699,0
14,US24->CS24,55888,55887,0
14,US24->CS32,55184,55184,0
14,US24->CS40,54993,54991,0
14,US24->CS48,55111,55111,0
14,US24->CS56,55187,55187,0
14,US25->CS1,55529,55529,0
14,US25->CS9,54888,54888,0
14,US25->CS17,55443,55443,0
14,US25->CS25,55146,55146,0
14,US25->CS33,54937,54937,0
14,US25->CS41,54941,54941,0
14,US25->CS49,55120,55120,0
14,US25->CS57,55331,55331,0
14,US26->CS2,54787,54787,0
14,US26->CS10,55110,55110,0
14,US26->CS18,55218,55218,0
14,US26->CS26,55300,55300,0
14,US26->CS34,55188,55188,0
14,US26->CS42,55413,55413,0
14,US26->CS50,54602,54602,0
14,US26->CS58,55451,55451,0
14,US27->CS3,55154,55154,0
14,US27->CS11,55456,55456,0
14,US27->CS19,55708,55708,0
14,US27->CS27,55372,55372,0
14,US27->CS35,55482,55482,0
14,US27->CS43,55532,55531,0
14,US27->CS51,55145,55145,0
14,US27->CS59,55661,55661,0
14,US28->CS4,54937,54937,0
14,US28->CS12,54997,54997,0
14,US28->CS20,55423,55423,0
14,US28->CS28,55451,55451,0
14,US28->CS36,55025,55023,0
14,US28->CS44,55539,55539,0
14,US28->CS52,55252,55252,0
14,US28->CS60,55484,55483,0
14,US29->CS5,55094,55094,0
14,US29->CS13,55385,55384,0
14,US29->CS21,55324,55324,0
14,US29->CS29,55117,55117,0
14,US29->CS37,55266,55266,0
14,US29->CS45,55081,55081,0
14,US29->CS53,55099,55099,0
14,US29->CS61,55385,55385,0
14,US30->CS6,55969,55969,0
14,US30->CS14,55241,55240,0
14,US30->CS22,55136,55136,0
14,US30->CS30,55491,55491,0
14,US30->CS38,55111,55110,0
14,US30->CS46,55661,55661,0
14,US30->CS54,54923,54922,0
14,US30->CS62,55132,55132,0
14,US31->CS7,55497,55497,0
14,US31->CS15,55271,55271,0
14,US31->CS23,55563,55563,0
14,US31->CS31,55299,55299,0
14,US31->CS39,55225,55224,0
14,US31->CS47,55321,55320,0
14,US31->CS55,55318,55318,0
14,US31->CS63,55520,55519,0
14,US32->CS0,70381,70381,0
14,US32->CS8,70416,70416,0
14,US32->CS16,70548,70548,0
14,US32->CS24,70160,70160,0
14,US32->CS32,69972,69971,0
14,US32->CS40,71018,71018,0
14,US32->CS48,70005,70003,0
14,US32->CS56,70001,70001,0
14,US33->CS1,70322,70321,0
14,US33->CS9,70080,70080,0
14,US33->CS17,70202,70202,0
14,US33->CS25,70515,70515,0
14,US33->CS33,70113,70113,0
14,US33->CS41,70125,70125,0
14,US33->CS49,70831,70830,0
14,US33->CS57,70874,70874,0
14,US34->CS2,70325,70325,0
14,US34->CS10,70469,70469,0
14,US34->CS18,70333,70333,0
14,US34->CS26,70052,70052,0
14,US34->CS34,70451,70451,0
14,US34->CS42,70626,70626,0
14,US34->CS50,70709,70709,0
14,US34->CS58,70988,70988,0
14,US35->CS3,70679,70679,0
14,US35->CS11,70343,70343,0
14,US35->CS19,70512,70512,0
14,US35->CS27,69819,69819,0
14,US35->CS35,70717,70716,0
14,US35->CS43,70538,70538,0
14,US35->CS51,70307,70307,0
14,US35->CS59,70454,70454,0
14,US36->CS4,70142,70142,0
14,US36->CS12,70493,70492,0
14,US36->CS20,70155,70155,0
14,US36->CS28,70883,70883,0
14,US36->CS36,70280,70280,0
14,US36->CS44,70452,70451,0
14,US36->CS52,70063,70063,0
14,US36->CS60,70020,70018,0
14,US37->CS5,70840,70840,0
14,US37->CS13,69819,69819,0
14,US37->CS21,70918,70918,0
14,US37->CS29,70165,70165,0
14,US37->CS37,70473,70472,0
14,US37->CS45,70585,70585,0
14,US37->CS53,70544,70543,0
14,US37->CS61,70708,70708,0
14,US38->CS6,70131,70131,0
14,US38->CS14,70455,70454,0
14,US38->CS22,70579,70579,0
14,US38->CS30,70615,70615,0
14,US38->CS38,70372,70372,0
14,US38->CS46,70348,70348,0
14,US38->CS54,70428,70428,0
14,US38->CS62,70484,70484,0
14,US39->CS7,70371,70370,0
14,US39->CS15,69932,69932,0
14,US39->CS23,70489,70488,0
14,US39->CS31,70268,70268,0
14,US39->CS39,69887,69887,0
14,US39->CS47,69976,69975,0
14,US39->CS55,70110,70110,0
14,US39->CS63,69980,69980,0
14,US40->CS0,53698,53698,0
14,US40->CS8,53945,53945,0
14,US40->CS16,53580,53580,0
14,US40->CS24,54072,54072,0
14,US40->CS32,53763,53763,0
14,US40->CS40,54109,54109,0
14,US40->CS48,53787,53787,0
14,US40->CS56,53938,53938,0
14,US41->CS1,53877,53877,0
14,US41->CS9,54355,54355,0
14,US41->CS17,53627,53627,0
14,US41->CS25,53765,53765,0
14,US41->CS33,53821,53821,0
14,US41->CS41,53837,53837,0
14,US41->CS49,52932,52932,0
14,US41->CS57,54047,54047,0
14,US42->CS2,53650,53650,0
14,US42->CS10,53623,53623,0
14,US42->CS18,53530,53530,0
14,US42->CS26,53716,53716,0
14,US42->CS34,53798,53798,0
14,US42->CS42,53914,53914,0
14,US42->CS50,54103,54103,0
14,US42->CS58,53771,53771,0
14,US43->CS3,53716,53716,0
14,US43->CS11,53916,53916,0
14,US43->CS19,53776,53776,0
14,US43->CS27,53632,53632,0
14,US43->CS35,53716,53716,0
14,US43->CS43,53710,53710,0
14,US43->CS51,53644,53644,0
14,US43->CS59,53650,53650,0
14,US44->CS4,53800,53800,0
14,US44->CS12,53498,53498,0
14,US44->CS20,53963,53963,0
14,US44->CS28,54103,54103,0
14,US44->CS36,53463,53463,0
14,US44->CS44,53837,53837,0
14,US44->CS52,53864,53864,0
14,US44->CS60,53650,53650,0
14,US45->CS5,53953,53953,0
14,US45->CS13,53501,53501,0
14,US45->CS21,54025,54025,0
14,US45->CS29,53589,53589,0
14,US45->CS37,53420,53420,0
14,US45->CS45,53909,53909,0
14,US45->CS53,53901,53901,0
14,US45->CS61,53618,53618,0
14,US46->CS6,53827,53827,0
14,US46->CS14,53857,53857,0
14,US46->CS22,53861,53861,0
14,US46->CS30,53930,53930,0
14,US46->CS38,53622,53622,0
14,US46->CS46,54009,54009,0
14,US46->CS54,54230,54230,0
14,US46->CS62,54069,54069,0
14,US47->CS7,53701,53701,0
14,US47->CS15,53714,53714,0
14,US47->CS23,53899,53899,0
14,US47->CS31,54265,54265,0
14,US47->CS39,53891,53891,0
14,US47->CS47,53799,53799,0
14,US47->CS55,54201,54201,0
14,US47->CS63,53963,53963,0
14,US48->CS0,51642,51642,0
14,US48->CS8,51592,51592,0
14,US48->CS16,51383,51383,0
14,US48->CS24,52058,52058,0
14,US48->CS32,51874,51874,0
14,US48->CS40,51892,51892,0
14,US48->CS48,51858,51858,0
14,US48->CS56,51926,51926,0
14,US49->CS1,51609,51609,0
14,US49->CS9,52174,52174,0
14,US49->CS17,51961,51961,0
14,US49->CS25,51671,51671,0
14,US49->CS33,51961,51961,0
14,US49->CS41,52030,52030,0
14,US49->CS49,51907,51907,0
14,US49->CS57,51660,51660,0
14,US50->CS2,51884,51884,0
14,US50->CS10,51436,51436,0
14,US50->CS18,51611,51611,0
14,US50->CS26,51948,51948,0
14,US50->CS34,51972,51972,0
14,US50->CS42,51618,51618,0
14,US50->CS50,52097,52097,0
14,US50->CS58,51839,51839,0
14,US51->CS3,51734,51734,0
14,US51->CS11,51711,51711,0
14,US51->CS19,51494,51494,0
14,US51->CS27,51971,51971,0
14,US51->CS35,51937,51937,0
14,US51->CS43,51530,51530,0
14,US51->CS51,52237,52237,0
14,US51->CS59,51530,51530,0
14,US52->CS4,52095,52095,0
14,US52->CS12,52265,52265,0
14,US52->CS20,51690,51690,0
14,US52->CS28,51871,51871,0
14,US52->CS36,52031,52031,0
14,US52->CS44,51514,51514,0
14,US52->CS52,52086,52086,0
14,US52->CS60,51574,51574,0
14,US53->CS5,51741,51741,0
14,US53->CS13,51992,51992,0
14,US53->CS21,51810,51810,0
14,US53->CS29,51593,51593,0
14,US53->CS37,52131,52131,0
14,US53->CS45,51600,51600,0
14,US53->CS53,52312,52312,0
14,US53->CS61,52020,52020,0
14,US54->CS6,52118,52118,0
14,US54->CS14,51896,51896,0
14,US54->CS22,51994,51994,0
14,US54->CS30,51767,51767,0
14,US54->CS38,51715,51715,0
14,US54->CS46,51680,51680,0
14,US54->CS54,51838,51838,0
14,US54->CS62,51544,51544,0
14,US55->CS7,51913,51913,0
14,US55->CS15,52300,52300,0
14,US55->CS23,51905,51905,0
14,US55->CS31,51504,51504,0
14,US55->CS39,51765,51765,0
14,US55->CS47,51607,51607,0
14,US55->CS55,51724,51724,0
14,US55->CS63,52361,52361,0
14,US56->CS0,55620,55620,0
14,US56->CS8,54933,54933,0
14,US56->CS16,55191,55191,0
14,US56->CS24,55647,55647,0
14,US56->CS32,55215,55215,0
14,US56->CS40,55130,55129,0
14,US56->CS48,55331,55331,0
14,US56->CS56,55556,55556,0
14,US57->CS1,55182,55182,0
14,US57->CS9,55781,55781,0
14,US57->CS17,55132,55132,0
14,US57->CS25,55106,55106,0
14,US57->CS33,55170,55170,0
14,US57->CS41,55271,55271,0
14,US57->CS49,55182,55182,0
14,US57->CS57,55327,55327,0
14,US58->CS2,55414,55413,0
14,US58->CS10,55246,55246,0
14,US58->CS18,55203,55203,0
14,US58->CS26,55111,55110,0
14,US58->CS34,55297,55296,0
14,US58->CS42,54850,54850,0
14,US58->CS50,55749,55748,0
14,US58->CS58,55078,55077,0
14,US59->CS3,55447,55447,0
14,US59->CS11,55414,55413,0
14,US59->CS19,55194,55194,0
14,US59->CS27,55245,55245,0
14,US59->CS35,55379,55378,0
14,US59->CS43,54827,54826,0
14,US59->CS51,55042,55042,0
14,US59->CS59,55415,55415,0
14,US60->CS4,55285,55285,0
14,US60->CS12,55027,55027,0
14,US60->CS20,55117,55116,0
14,US60->CS28,55418,55418,0
14,US60->CS36,55389,55388,0
14,US60->CS44,55476,55476,0
14,US60->CS52,55397,55397,0
14,US60->CS60,55210,55210,0
14,US61->CS5,55045,55045,0
14,US61->CS13,55265,55265,0
14,US61->CS21,55790,55790,0
14,US61->CS29,55100,55100,0
14,US61->CS37,55282,55282,0
14,US61->CS45,55228,55226,0
14,US61->CS53,55169,55169,0
14,US61->CS61,54419,54418,0
14,US62->CS6,55350,55350,0
14,US62->CS14,55241,55241,0
14,US62->CS22,55417,55417,0
14,US62->CS30,55080,55079,0
14,US62->CS38,54981,54981,0
14,US62->CS46,54986,54986,0
14,US62->CS54,55117,55117,0
14,US62->CS62,55228,55228,0
14,US63->CS7,55162,55162,0
14,US63->CS15,55073,55073,0
14,US63->CS23,55312,55312,0
14,US63->CS31,55288,55288,0
14,US63->CS39,55471,55471,0
14,US63->CS47,55520,55520,0
14,US63->CS55,54831,54831,0
14,US63->CS63,54841,54840,0
14,US64->CS0,70392,70391,0
14,US64->CS8,69853,69853,0
14,US64->CS16,70211,70210,0
14,US64->CS24,70208,70207,0
14,US64->CS32,70296,70296,0
14,US64->CS40,70130,70128,0
14,US64->CS48,69612,69612,0
14,US64->CS56,70132,70132,0
14,US65->CS1,70044,70044,0
14,US65->CS9,70278,70278,0
14,US65->CS17,69725,69725,0
14,US65->CS25,70192,70192,0
14,US65->CS33,69583,69582,0
14,US65->CS41,69886,69886,0
14,US65->CS49,69877,69877,0
14,US65->CS57,70246,70246,0
14,US66->CS2,70474,70474,0
14,US66->CS10,69995,69995,0
14,US66->CS18,70155,70153,0
14,US66->CS26,69718,69718,0
14,US66->CS34,69827,69826,0
14,US66->CS42,70334,70333,0
14,US66->CS50,70630,70630,0
14,US66->CS58,70138,70138,0
14,US67->CS3,70142,70142,0
14,US67->CS11,69912,69911,0
14,US67->CS19,70048,70046,0
14,US67->CS27,69966,69966,0
14,US67->CS35,70012,70012,0
14,US67->CS43,70093,70093,0
14,US67->CS51,69932,69932,0
14,US67->CS59,69839,69838,0
14,US68->CS4,70468,70468,0
14,US68->CS12,70508,70508,0
14,US68->CS20,70234,70234,0
14,US68->CS28,70412,70412,0
14,US68->CS36,69845,69844,0
14,US68->CS44,70000,69998,0
14,US68->CS52,69773,69773,0
14,US68->CS60,70124,70123,0
14,US69->CS5,70068,70068,0
14,US69->CS13,70426,70426,0
14,US69->CS21,70538,70537,0
14,US69->CS29,69944,69944,0
14,US69->CS37,70538,70538,0
14,US69->CS45,70448,70448,0
14,US69->CS53,70579,70579,0
14,US69->CS61,69539,69539,0
14,US70->CS6,69982,69981,0
14,US70->CS14,69820,69820,0
14,US70->CS22,70403,70402,0
14,US70->CS30,70169,70169,0
14,US70->CS38,70470,70469,0
14,US70->CS46,69628,69628,0
14,US70->CS54,70508,70508,0
14,US70->CS62,69897,69897,0
14,US71->CS7,70324,70323,0
14,US71->CS15,70403,70403,0
14,US71->CS23,69798,69798,0
14,US71->CS31,70620,70619,0
14,US71->CS39,70015,70014,0
14,US71->CS47,70308,70307,0
14,US71->CS55,70345,70345,0
14,US71->CS63,69849,69849,0
14,US72->CS0,51550,51550,0
14,US72->CS8,51734,51734,0
14,US72->CS16,51145,51145,0
14,US72->CS24,51565,51565,0
14,US72->CS32,51616,51616,0
14,US72->CS40,51244,51244,0
14,US72->CS48,51470,51470,0
14,US72->CS56,51033,51033,0
14,US73->CS1,51396,51396,0
14,US73->CS9,51356,51356,0
14,US73->CS17,51531,51531,0
14,US73->CS25,51552,51552,0
14,US73->CS33,51250,51250,0
14,US73->CS41,51720,51720,0
14,US73->CS49,51579,51579,0
14,US73->CS57,51624,51624,0
14,US74->CS2,51137,51137,0
14,US74->CS10,51415,51415,0
14,US74->CS18,51657,51657,0
14,US74->CS26,51312,51312,0
14,US74->CS34,51468,51468,0
14,US74->CS42,51438,51438,0
14,US74->CS50,51656,51656,0
14,US74->CS58,51324,51324,0
14,US75->CS3,51216,51216,0
14,US75->CS11,51498,51498,0
14,US75->CS19,51647,51647,0
14,US75->CS27,51032,51032,0
14,US75->CS35,51352,51352,0
14,US75->CS43,51323,51323,0
14,US75->CS51,51422,51422,0
14,US75->CS59,51114,51114,0
14,US76->CS4,51279,51279,0
14,US76->CS12,51522,51522,0
14,US76->CS20,51233,51233,0
14,US76->CS28,51460,51460,0
14,US76->CS36,51385,51385,0
14,US76->CS44,51151,51151,0
14,US76->CS52,51314,51314,0
14,US76->CS60,51624,51624,0
14,US77->CS5,51759,51759,0
14,US77->CS13,51080,51080,0
14,US77->CS21,50990,50990,0
14,US77->CS29,50930,50930,0
14,US77->CS37,51285,51285,0
14,US77->CS45,51357,51357,0
14,US77->CS53,50884,50884,0
14,US77->CS61,51106,51106,0
14,US78->CS6,51512,51512,0
14,US78->CS14,50922,50922,0
14,US78->CS22,51470,51470,0
14,US78->CS30,51464,51464,0
14,US78->CS38,51120,51120,0
14,US78->CS46,51420,51420,0
14,US78->CS54,51248,51248,0
14,US78->CS62,51303,51303,0
14,US79->CS7,51579,51579,0
14,US79->CS15,51631,51631,0
14,US79->CS23,51271,51271,0
14,US79->CS31,51269,51269,0
14,US79->CS39,51270,51270,0
14,US79->CS47,51164,51164,0
14,US79->CS55,51350,51350,0
14,US79->CS63,51348,51348,0
14,US80->CS0,50918,50918,0
14,US80->CS8,51047,51047,0
14,US80->CS16,51100,51100,0
14,US80->CS24,50965,50965,0
14,US80->CS32,51508,51508,0
14,US80->CS40,50685,50685,0
14,US80->CS48,51222,51222,0
14,US80->CS56,51061,51061,0
14,US81->CS1,50777,50777,0
14,US81->CS9,51278,51278,0
14,US81->CS17,51175,51175,0
14,US81->CS25,50937,50937,0
14,US81->CS33,51660,51660,0
14,US81->CS41,51149,51149,0
14,US81->CS49,51110,51110,0
14,US81->CS57,51128,51128,0
14,US82->CS2,51224,51224,0
14,US82->CS10,50972,50972,0
14,US82->CS18,51325,51325,0
14,US82->CS26,50775,50775,0
14,US82->CS34,50878,50878,0
14,US82->CS42,51093,51093,0
14,US82->CS50,50562,50562,0
14,US82->CS58,51244,51244,0
14,US83->CS3,51121,51121,0
14,US83->CS11,50891,50891,0
14,US83->CS19,50868,50868,0
14,US83->CS27,51149,51149,0
14,US83->CS35,51372,51372,0
14,US83->CS43,51456,51455,0
14,US83->CS51,50984,50984,0
14,US83->CS59,50981,50981,0
14,US84->CS4,51496,51496,0
14,US84->CS12,51375,51375,0
14,US84->CS20,51086,51086,0
14,US84->CS28,51063,51062,0
14,US84->CS36,51323,51323,0
14,US84->CS44,51476,51476,0
14,US84->CS52,51268,51268,0
14,US84->CS60,51290,51290,0
14,US85->CS5,51492,51492,0
14,US85->CS13,51130,51130,0
14,US85->CS21,51349,51349,0
14,US85->CS29,51660,51660,0
14,US85->CS37,50795,50795,0
14,US85->CS45,51165,51165,0
14,US85->CS53,50973,50973,0
14,US85->CS61,51280,51280,0
14,US86->CS6,51373,51373,0
14,US86->CS14,51066,51066,0
14,US86->CS22,51303,51303,0
14,US86->CS30,51150,51150,0
14,US86->CS38,51222,51222,0
14,US86->CS46,50856,50856,0
14,US86->CS54,50959,50959,0
14,US86->CS62,51197,51197,0
14,US87->CS7,50809,50809,0
14,US87->CS15,51016,51016,0
14,US87->CS23,51219,51219,0
14,US87->CS31,50956,50956,0
14,US87->CS39,51017,51017,0
14,US87->CS47,51405,51405,0
14,US87->CS55,51355,51355,0
14,US87->CS63,51267,51267,0
14,US88->CS0,51324,51324,0
14,US88->CS8,51355,51355,0
14,US88->CS16,51768,51768,0
14,US88->CS24,51948,51948,0
14,US88->CS32,51444,51444,0
14,US88->CS40,51331,51331,0
14,US88->CS48,51296,51296,0
14,US88->CS56,51620,51620,0
14,US89->CS1,51478,51478,0
14,US89->CS9,51501,51501,0
14,US89->CS17,51615,51615,0
14,US89->CS25,51601,51601,0
14,US89->CS33,51718,51718,0
14,US89->CS41,51758,51758,0
14,US89->CS49,51804,51804,0
14,US89->CS57,51393,51393,0
14,US90->CS2,51593,51593,0
14,US90->CS10,51639,51639,0
14,US90->CS18,51589,51589,0
14,US90->CS26,50944,50944,0
14,US90->CS34,51382,51382,0
14,US90->CS42,51265,51265,0
14,US90->CS50,51603,51603,0
14,US90->CS58,51965,51965,0
14,US91->CS3,51479,51479,0
14,US91->CS11,51625,51625,0
14,US91->CS19,51426,51426,0
14,US91->CS27,51297,51297,0
14,US91->CS35,51467,51467,0
14,US91->CS43,51430,51430,0
14,US91->CS51,51536,51536,0
14,US91->CS59,51659,51659,0
14,US92->CS4,51136,51136,0
14,US92->CS12,51892,51892,0
14,US92->CS20,51750,51750,0
14,US92->CS28,51510,51510,0
14,US92->CS36,51319,51319,0
14,US92->CS44,51500,51500,0
14,US92->CS52,51647,51647,0
14,US92->CS60,51427,51427,0
14,US93->CS5,51770,51770,0
14,US93->CS13,51436,51436,0
14,US93->CS21,51843,51843,0
14,US93->CS29,51483,51483,0
14,US93->CS37,51527,51527,0
14,US93->CS45,51274,51274,0
14,US93->CS53,51451,51451,0
14,US93->CS61,51846,51846,0
14,US94->CS6,51784,51784,0
14,US94->CS14,51382,51382,0
14,US94->CS22,51722,51722,0
14,US94->CS30,51417,51417,0
14,US94->CS38,51749,51749,0
14,US94->CS46,51487,51487,0
14,US94->CS54,51640,51640,0
14,US94->CS62,51498,51498,0
14,US95->CS7,51532,51532,0
14,US95->CS15,51529,51529,0
14,US95->CS23,51538,51538,0
14,US95->CS31,51605,51605,0
14,US95->CS39,51617,51617,0
14,US95->CS47,51420,51420,0
14,US95->CS55,51473,51473,0
14,US95->CS63,51314,51314,0
14,US96->CS0,62682,62682,0
14,US96->CS8,62846,62846,0
14,US96->CS16,62432,62432,0
14,US96->CS24,62682,62681,0
14,US96->CS32,62613,62613,0
14,US96->CS40,62913,62912,0
14,US96->CS48,62781,62781,0
14,US96->CS56,62612,62611,0
14,US97->CS1,63517,63517,0
14,US97->CS9,62971,62971,0
14,US97->CS17,62889,62887,0
14,US97->CS25,62732,62732,0
14,US97->CS33,62708,62708,0
14,US97->CS41,62918,62918,0
14,US97->CS49,62734,62734,0
14,US97->CS57,62887,62886,0
14,US98->CS2,63162,63162,0
14,US98->CS10,62705,62705,0
14,US98->CS18,62685,62685,0
14,US98->CS26,62819,62819,0
14,US98->CS34,63108,63108,0
14,US98->CS42,62971,62970,0
14,US98->CS50,63035,63035,0
14,US98->CS58,62756,62756,0
14,US99->CS3,62681,62681,0
14,US99->CS11,63067,63066,0
14,US99->CS19,63090,63090,0
14,US99->CS27,62849,62849,0
14,US99->CS35,63080,63080,0
14,US99->CS43,62523,62523,0
14,US99->CS51,63157,63157,0
14,US99->CS59,62998,62998,0
14,US100->CS4,62666,62666,0
14,US100->CS12,62618,62616,0
14,US100->CS20,63124,63124,0
14,US100->CS28,63497,63497,0
14,US100->CS36,62841,62839,0
14,US100->CS44,62897,62897,0
14,US100->CS52,62589,62588,0
14,US100->CS60,63083,63082,0
14,US101->CS5,62823,62823,0
14,US101->CS13,62979,62979,0
14,US101->CS21,63018,63018,0
14,US101->CS29,63000,63000,0
14,US101->CS37,62998,62998,0
14,US101->CS45,62931,62931,0
14,US101->CS53,62582,62581,0
14,US101->CS61,62941,62940,0
14,US102->CS6,63202,63202,0
14,US102->CS14,62983,62983,0
14,US102->CS22,62874,62874,0
14,US102->CS30,63162,63162,0
14,US102->CS38,63100,63100,0
14,US102->CS46,62773,62772,0
14,US102->CS54,62738,62736,0
14,US102->CS62,62593,62593,0
14,US103->CS7,62584,62584,0
14,US103->CS15,63217,63217,0
14,US103->CS23,62902,62902,0
14,US103->CS31,62640,62640,0
14,US103->CS39,63043,63043,0
14,US103->CS47,62730,62729,0
14,US103->CS55,62529,62529,0
14,US103->CS63,62979,62978,0
14,US104->CS0,61389,61389,0
14,US104->CS8,61743,61742,0
14,US104->CS16,61847,61846,0
14,US104->CS24,62132,62132,0
14,US104->CS32,61647,61647,0
14,US104->CS40,61723,61723,0
14,US104->CS48,61382,61381,0
14,US104->CS56,61875,61875,0
14,US105->CS1,61730,61729,0
14,US105->CS9,61606,61605,0
14,US105->CS17,60828,60827,0
14,US105->CS25,61288,61288,0
14,US105->CS33,61698,61698,0
14,US105->CS41,62019,62018,0
14,US105->CS49,61831,61830,0
14,US105->CS57,61410,61410,0
14,US106->CS2,61580,61580,0
14,US106->CS10,61467,61467,0
14,US106->CS18,61642,61642,0
14,US106->CS26,61396,61396,0
14,US106->CS34,61591,61591,0
14,US106->CS42,61523,61523,0
14,US106->CS50,61256,61255,0
14,US106->CS58,61245,61245,0
14,US107->CS3,61742,61741,0
14,US107->CS11,61744,61744,0
14,US107->CS19,61686,61686,0
14,US107->CS27,61691,61690,0
14,US107->CS35,61302,61302,0
14,US107->CS43,61750,61749,0
14,US107->CS51,61541,61541,0
14,US107->CS59,61601,61601,0
14,US108->CS4,60970,60970,0
14,US108->CS12,61905,61905,0
14,US108->CS20,61570,61569,0
14,US108->CS28,61704,61703,0
14,US108->CS36,61352,61352,0
14,US108->CS44,61823,61823,0
14,US108->CS52,61446,61445,0
14,US108->CS60,61318,61317,0
14,US109->CS5,61928,61928,0
14,US109->CS13,61463,61462,0
14,US109->CS21,61627,61625,0
14,US109->CS29,62037,62037,0
14,US109->CS37,61534,61533,0
14,US109->CS45,61614,61614,0
14,US109->CS53,61920,61919,0
14,US109->CS61,61615,61615,0
14,US110->CS6,61958,61958,0
14,US110->CS14,61126,61125,0
14,US110->CS22,61202,61201,0
14,US110->CS30,61635,61635,0
14,US110->CS38,61673,61673,0
14,US110->CS46,61835,61834,0
14,US110->CS54,61710,61709,0
14,US110->CS62,61728,61728,0
14,US111->CS7,61434,61433,0
14,US111->CS15,61079,61079,0
14,US111->CS23,61819,61818,0
14,US111->CS31,61203,61203,0
14,US111->CS39,61251,61251,0
14,US111->CS47,61271,61271,0
14,US111->CS55,61645,61644,0
14,US111->CS63,61628,61627,0
14,US112->CS0,54411,54411,0
14,US112->CS8,54335,54335,0
14,US112->CS16,54301,54301,0
14,US112->CS24,54448,54448,0
14,US112->CS32,54457,54457,0
14,US112->CS40,54541,54541,0
14,US112->CS48,54432,54432,0
14,US112->CS56,54100,54100,0
14,US113->CS1,54397,54397,0
14,US113->CS9,54192,54192,0
14,US113->CS17,54342,54342,0
14,US113->CS25,54453,54453,0
14,US113->CS33,54356,54356,0
14,US113->CS41,53941,53941,0
14,US113->CS49,54427,54427,0
14,US113->CS57,54009,54009,0
14,US114->CS2,54342,54342,0
14,US114->CS10,54234,54234,0
14,US114->CS18,54404,54404,0
14,US114->CS26,54205,54205,0
14,US114->CS34,54313,54313,0
14,US114->CS42,54235,54235,0
14,US114->CS50,54636,54636,0
14,US114->CS58,54588,54588,0
14,US115->CS3,55004,55004,0
14,US115->CS11,54694,54694,0
14,US115->CS19,54367,54367,0
14,US115->CS27,54175,54175,0
14,US115->CS35,54237,54237,0
14,US115->CS43,54386,54386,0
14,US115->CS51,54271,54271,0
14,US115->CS59,54589,54589,0
14,US116->CS4,54373,54373,0
14,US116->CS12,54154,54154,0
14,US116->CS20,54260,54260,0
14,US116->CS28,54543,54543,0
14,US116->CS36,54301,54301,0
14,US116->CS44,54390,54390,0
14,US116->CS52,54601,54601,0
14,US116->CS60,54400,54400,0
14,US117->CS5,54274,54274,0
14,US117->CS13,53993,53993,0
14,US117->CS21,54763,54763,0
14,US117->CS29,54760,54760,0
14,US117->CS37,54320,54320,0
14,US117->CS45,54530,54530,0
14,US117->CS53,54638,54638,0
14,US117->CS61,54017,54017,0
14,US118->CS6,54899,54899,0
14,US118->CS14,54236,54236,0
14,US118->CS22,54452,54452,0
14,US118->CS30,54238,54238,0
14,US118->CS38,54690,54690,0
14,US118->CS46,54484,54484,0
14,US118->CS54,54526,54526,0
14,US118->CS62,54231,54231,0
14,US119->CS7,54208,54208,0
14,US119->CS15,54266,54266,0
14,US119->CS23,54394,54394,0
14,US119->CS31,54113,54113,0
14,US119->CS39,54503,54503,0
14,US119->CS47,54368,54368,0
14,US119->CS55,54452,54452,0
14,US119->CS63,54469,54469,0
14,US120->CS0,51561,51561,0
14,US120->CS8,51307,51307,0
14,US120->CS16,51343,51343,0
14,US120->CS24,51468,51468,0
14,US120->CS32,51352,51352,0
14,US120->CS40,50968,50968,0
14,US120->CS48,50890,50890,0
14,US120->CS56,51335,51335,0
14,US121->CS1,51304,51304,0
14,US121->CS9,51033,51033,0
14,US121->CS17,51564,51564,0
14,US121->CS25,51793,51793,0
14,US121->CS33,51159,51159,0
14,US121->CS41,51499,51499,0
14,US121->CS49,51407,51407,0
14,US121->CS57,51227,51227,0
14,US122->CS2,51268,51268,0
14,US122->CS10,51118,51118,0
14,US122->CS18,51306,51306,0
14,US122->CS26,51677,51677,0
14,US122->CS34,51115,51115,0
14,US122->CS42,51623,51623,0
14,US122->CS50,51042,51042,0
14,US122->CS58,51796,51796,0
14,US123->CS3,51295,51295,0
14,US123->CS11,51481,51481,0
14,US123->CS19,51074,51074,0
14,US123->CS27,51469,51469,0
14,US123->CS35,51695,51695,0
14,US123->CS43,51119,51119,0
14,US123->CS51,51863,51863,0
14,US123->CS59,51175,51175,0
14,US124->CS4,51052,51052,0
14,US124->CS12,51335,51335,0
14,US124->CS20,50906,50906,0
14,US124->CS28,51587,51587,0
14,US124->CS36,51010,51010,0
14,US124->CS44,51434,51434,0
14,US124->CS52,50867,50867,0
14,US124->CS60,51154,51154,0
14,US125->CS5,51208,51208,0
14,US125->CS13,51059,51059,0
14,US125->CS21,51435,51435,0
14,US125->CS29,51359,51359,0
14,US125->CS37,50824,50824,0
14,US125->CS45,51416,51416,0
14,US125->CS53,51363,51363,0
14,US125->CS61,51423,51423,0
14,US126->CS6,51327,51327,0
14,US126->CS14,50941,50941,0
14,US126->CS22,51247,51247,0
14,US126->CS30,51285,51285,0
14,US126->CS38,51428,51428,0
14,US126->CS46,51401,51401,0
14,US126->CS54,51436,51436,0
14,US126->CS62,51829,51829,0
14,US127->CS7,51292,51292,0
14,US127->CS15,51398,51398,0
14,US127->CS23,51246,51246,0
14,US127->CS31,51375,51375,0
14,US127->CS39,51420,51420,0
14,US127->CS47,51080,51080,0
14,US127->CS55,51226,51226,0
14,US127->CS63,51633,51633,0
14,CS0->US0,51616,51616,0
14,CS0->US8,50978,50978,0
14,CS0->US16,51645,51645,0
14,CS0->US24,55625,55625,0
14,CS0->US32,70242,70242,0
14,CS0->US40,54376,54376,0
14,CS0->US48,51893,51893,0
14,CS0->US56,55053,55053,0
14,CS0->US64,70367,70366,0
14,CS0->US72,51298,51298,0
14,CS0->US80,57318,57317,0
14,CS0->US88,51604,51604,0
14,CS0->US96,61307,61307,0
14,CS0->US104,62660,62660,0
14,CS0->US112,53870,53870,0
14,CS0->US120,54008,54008,0
14,CS1->US1,51513,51513,0
14,CS1->US9,50761,50761,0
14,CS1->US17,51397,51397,0
14,CS1->US25,55237,55237,0
14,CS1->US33,69896,69896,0
14,CS1->US41,54410,54410,0
14,CS1->US49,51702,51702,0
14,CS1->US57,55605,55605,0
14,CS1->US65,70260,70260,0
14,CS1->US73,51415,51415,0
14,CS1->US81,56908,56908,0
14,CS1->US89,51597,51597,0
14,CS1->US97,61672,61670,0
14,CS1->US105,63515,63515,0
14,CS1->US113,54185,54185,0
14,CS1->US121,54140,54140,0
14,CS2->US2,51756,51756,0
14,CS2->US10,51272,51272,0
14,CS2->US18,51329,51329,0
14,CS2->US26,55501,55501,0
14,CS2->US34,70390,70390,0
14,CS2->US42,54428,54428,0
14,CS2->US50,51460,51460,0
14,CS2->US58,54828,54828,0
14,CS2->US66,70268,70267,0
14,CS2->US74,51524,51524,0
14,CS2->US82,57456,57456,0
14,CS2->US90,51240,51240,0
14,CS2->US98,61520,61519,0
14,CS2->US106,63058,63058,0
14,CS2->US114,53878,53878,0
14,CS2->US122,54103,54103,0
14,CS3->US3,51665,51665,0
14,CS3->US11,51122,51122,0
14,CS3->US19,51367,51367,0
14,CS3->US27,55492,55492,0
14,CS3->US35,70153,70151,0
14,CS3->US43,54979,54979,0
14,CS3->US51,51522,51522,0
14,CS3->US59,55207,55207,0
14,CS3->US67,70551,70551,0
14,CS3->US75,51433,51433,0
14,CS3->US83,57456,57456,0
14,CS3->US91,51402,51402,0
14,CS3->US99,61762,61762,0
14,CS3->US107,62550,62549,0
14,CS3->US115,53890,53890,0
14,CS3->US123,53950,53950,0
14,CS4->US4,52028,52028,0
14,CS4->US12,51558,51558,0
14,CS4->US20,51144,51144,0
14,CS4->US28,55349,55349,0
14,CS4->US36,70450,70449,0
14,CS4->US44,54296,54296,0
14,CS4->US52,51417,51417,0
14,CS4->US60,55019,55019,0
14,CS4->US68,70087,70087,0
14,CS4->US76,51074,51074,0
14,CS4->US84,57725,57725,0
14,CS4->US92,51445,51445,0
14,CS4->US100,60863,60863,0
14,CS4->US108,62518,62518,0
14,CS4->US116,53994,53994,0
14,CS4->US124,54657,54657,0
14,CS5->US5,51668,51668,0
14,CS5->US13,51572,51572,0
14,CS5->US21,51313,51313,0
14,CS5->US29,55056,55056,0
14,CS5->US37,69918,69918,0
14,CS5->US45,54293,54293,0
14,CS5->US53,51864,51864,0
14,CS5->US61,55147,55147,0
14,CS5->US69,70776,70776,0
14,CS5->US77,51702,51702,0
14,CS5->US85,57355,57355,0
14,CS5->US93,51856,51856,0
14,CS5->US101,61822,61822,0
14,CS5->US109,62885,62885,0
14,CS5->US117,54122,54122,0
14,CS5->US125,54792,54792,0
14,CS6->US6,52044,52044,0
14,CS6->US14,51467,51467,0
14,CS6->US22,51440,51440,0
14,CS6->US30,55393,55393,0
14,CS6->US38,69885,69885,0
14,CS6->US46,54954,54954,0
14,CS6->US54,51846,51846,0
14,CS6->US62,56001,56001,0
14,CS6->US70,70059,70059,0
14,CS6->US78,51713,51713,0
14,CS6->US86,57244,57244,0
14,CS6->US94,51657,51657,0
14,CS6->US102,61887,61887,0
14,CS6->US110,63078,63078,0
14,CS6->US118,54021,54021,0
14,CS6->US126,54016,54016,0
14,CS7->US7,51842,51842,0
14,CS7->US15,50901,50901,0
14,CS7->US23,51383,51383,0
14,CS7->US31,55262,55262,0
14,CS7->US39,70213,70213,0
14,CS7->US47,54219,54219,0
14,CS7->US55,51950,51950,0
14,CS7->US63,55503,55503,0
14,CS7->US71,70258,70258,0
14,CS7->US79,51527,51527,0
14,CS7->US87,57360,57360,0
14,CS7->US95,51691,51691,0
14,CS7->US103,61430,61429,0
14,CS7->US111,62547,62547,0
14,CS7->US119,53891,53891,0
14,CS7->US127,54301,54301,0
14,CS8->US0,51509,51509,0
14,CS8->US8,51071,51071,0
14,CS8->US16,51397,51397,0
14,CS8->US24,55066,55066,0
14,CS8->US32,69768,69768,0
14,CS8->US40,54350,54350,0
14,CS8->US48,51722,51722,0
14,CS8->US56,55504,55504,0
14,CS8->US64,70296,70296,0
14,CS8->US72,51254,51254,0
14,CS8->US80,57280,57279,0
14,CS8->US88,51903,51903,0
14,CS8->US96,61813,61813,0
14,CS8->US104,62730,62729,0
14,CS8->US112,54184,54184,0
14,CS8->US120,53977,53977,0
14,CS9->US1,52122,52122,0
14,CS9->US9,51336,51336,0
14,CS9->US17,51149,51149,0
14,CS9->US25,55771,55771,0
14,CS9->US33,70174,70173,0
14,CS9->US41,54135,54135,0
14,CS9->US49,51958,51958,0
14,CS9->US57,54856,54856,0
14,CS9->US65,69977,69977,0
14,CS9->US73,51426,51426,0
14,CS9->US81,57268,57268,0
14,CS9->US89,51510,51510,0
14,CS9->US97,61645,61645,0
14,CS9->US105,62969,62969,0
14,CS9->US113,54534,54534,0
14,CS9->US121,53941,53941,0
14,CS10->US2,51375,51375,0
14,CS10->US10,51097,51097,0
14,CS10->US18,51215,51215,0
14,CS10->US26,55379,55379,0
14,CS10->US34,69923,69923,0
14,CS10->US42,54213,54213,0
14,CS10->US50,51457,51457,0
14,CS10->US58,55087,55087,0
14,CS10->US66,70371,70371,0
14,CS10->US74,51537,51537,0
14,CS10->US82,57527,57527,0
14,CS10->US90,51584,51584,0
14,CS10->US98,61457,61456,0
14,CS10->US106,62549,62549,0
14,CS10->US114,53841,53841,0
14,CS10->US122,53831,53831,0
14,CS11->US3,51635,51635,0
14,CS11->US11,51025,51025,0
14,CS11->US19,51624,51624,0
14,CS11->US27,55514,55514,0
14,CS11->US35,69853,69853,0
14,CS11->US43,54687,54687,0
14,CS11->US51,51934,51934,0
14,CS11->US59,55431,55431,0
14,CS11->US67,70268,70268,0
14,CS11->US75,51473,51473,0
14,CS11->US83,57410,57410,0
14,CS11->US91,51630,51630,0
14,CS11->US99,61742,61741,0
14,CS11->US107,62930,62929,0
14,CS11->US115,54123,54123,0
14,CS11->US123,53716,53716,0
14,CS12->US4,52191,52191,0
14,CS12->US12,51457,51457,0
14,CS12->US20,51364,51364,0
14,CS12->US28,55081,55081,0
14,CS12->US36,70398,70398,0
14,CS12->US44,54148,54148,0
14,CS12->US52,52068,52068,0
14,CS12->US60,55062,55062,0
14,CS12->US68,70403,70403,0
14,CS12->US76,51857,51857,0
14,CS12->US84,57642,57642,0
14,CS12->US92,51594,51594,0
14,CS12->US100,61796,61795,0
14,CS12->US108,62575,62575,0
14,CS12->US116,53637,53637,0
14,CS12->US124,53927,53927,0
14,CS13->US5,51924,51924,0
14,CS13->US13,51233,51233,0
14,CS13->US21,51136,51136,0
14,CS13->US29,55288,55288,0
14,CS13->US37,70299,70297,0
14,CS13->US45,54008,54008,0
14,CS13->US53,52034,52034,0
14,CS13->US61,55378,55376,0
14,CS13->US69,69671,69670,0
14,CS13->US77,51298,51298,0
14,CS13->US85,57188,57188,0
14,CS13->US93,51175,51175,0
14,CS13->US101,61527,61526,0
14,CS13->US109,62969,62968,0
14,CS13->US117,53787,53787,0
14,CS13->US125,54022,54022,0
14,CS14->US6,51892,51892,0
14,CS14->US14,51170,51170,0
14,CS14->US22,51128,51128,0
14,CS14->US30,55292,55291,0
14,CS14->US38,69698,69698,0
14,CS14->US46,54113,54113,0
14,CS14->US54,52083,52083,0
14,CS14->US62,55252,55252,0
14,CS14->US70,70424,70424,0
14,CS14->US78,51281,51281,0
14,CS14->US86,57394,57394,0
14,CS14->US94,51084,51084,0
14,CS14->US102,61018,61018,0
14,CS14->US110,62960,62960,0
14,CS14->US118,54006,54006,0
14,CS14->US126,54400,54400,0
14,CS15->US7,52283,52283,0
14,CS15->US15,51005,51005,0
14,CS15->US23,51498,51498,0
14,CS15->US31,55149,55149,0
14,CS15->US39,70308,70308,0
14,CS15->US47,54225,54225,0
14,CS15->US55,51719,51719,0
14,CS15->US63,55316,55315,0
14,CS15->US71,69760,69760,0
14,CS15->US79,51464,51464,0
14,CS15->US87,57551,57551,0
14,CS15->US95,51796,51796,0
14,CS15->US103,61154,61153,0
14,CS15->US111,63138,63138,0
14,CS15->US119,53953,53953,0
14,CS15->US127,54274,54274,0
14,CS16->US0,51313,51313,0
14,CS16->US8,51195,51195,0
14,CS16->US16,51413,51413,0
14,CS16->US24,55160,55160,0
14,CS16->US32,70123,70122,0
14,CS16->US40,54306,54306,0
14,CS16->US48,51668,51668,0
14,CS16->US56,55693,55693,0
14,CS16->US64,70411,70411,0
14,CS16->US72,51693,51693,0
14,CS16->US80,57869,57869,0
14,CS16->US88,51321,51321,0
14,CS16->US96,61867,61866,0
14,CS16->US104,62422,62422,0
14,CS16->US112,53750,53750,0
14,CS16->US120,54117,54117,0
14,CS17->US1,51935,51935,0
14,CS17->US9,51282,51282,0
14,CS17->US17,51675,51675,0
14,CS17->US25,55274,55274,0
14,CS17->US33,69566,69566,0
14,CS17->US41,54344,54344,0
14,CS17->US49,51752,51752,0
14,CS17->US57,55410,55409,0
14,CS17->US65,70159,70158,0
14,CS17->US73,51571,51571,0
14,CS17->US81,57426,57426,0
14,CS17->US89,51637,51637,0
14,CS17->US97,60811,60810,0
14,CS17->US105,62851,62850,0
14,CS17->US113,53724,53724,0
14,CS17->US121,53995,53995,0
14,CS18->US2,51544,51544,0
14,CS18->US10,51402,51402,0
14,CS18->US18,51382,51382,0
14,CS18->US26,55093,55092,0
14,CS18->US34,70079,70079,0
14,CS18->US42,54405,54405,0
14,CS18->US50,51339,51339,0
14,CS18->US58,55348,55348,0
14,CS18->US66,70312,70312,0
14,CS18->US74,51494,51494,0
14,CS18->US82,57647,57647,0
14,CS18->US90,51751,51751,0
14,CS18->US98,61467,61467,0
14,CS18->US106,62673,62673,0
14,CS18->US114,53717,53717,0
14,CS18->US122,54067,54067,0
14,CS19->US3,51383,51383,0
14,CS19->US11,50881,50881,0
14,CS19->US19,51169,51169,0
14,CS19->US27,55277,55276,0
14,CS19->US35,70025,70025,0
14,CS19->US43,54418,54418,0
14,CS19->US51,51577,51577,0
14,CS19->US59,55709,55708,0
14,CS19->US67,70409,70409,0
14,CS19->US75,51376,51376,0
14,CS19->US83,57422,57422,0
14,CS19->US91,51798,51798,0
14,CS19->US99,61723,61723,0
14,CS19->US107,62837,62837,0
14,CS19->US115,53950,53950,0
14,CS19->US123,54383,54383,0
14,CS20->US4,51656,51656,0
14,CS20->US12,51070,51070,0
14,CS20->US20,50974,50974,0
14,CS20->US28,55250,55250,0
14,CS20->US36,70048,70047,0
14,CS20->US44,54189,54189,0
14,CS20->US52,51593,51593,0
14,CS20->US60,55492,55492,0
14,CS20->US68,69971,69969,0
14,CS20->US76,51725,51725,0
14,CS20->US84,57231,57231,0
14,CS20->US92,51458,51458,0
14,CS20->US100,61597,61597,0
14,CS20->US108,63064,63063,0
14,CS20->US116,54089,54089,0
14,CS20->US124,54491,54491,0
14,CS21->US5,51802,51802,0
14,CS21->US13,51464,51464,0
14,CS21->US21,51626,51626,0
14,CS21->US29,55813,55813,0
14,CS21->US37,70407,70407,0
14,CS21->US45,54703,54703,0
14,CS21->US53,51699,51699,0
14,CS21->US61,55327,55326,0
14,CS21->US69,70787,70787,0
14,CS21->US77,51684,51684,0
14,CS21->US85,56968,56968,0
14,CS21->US93,51158,51158,0
14,CS21->US101,61671,61671,0
14,CS21->US109,63012,63012,0
14,CS21->US117,54217,54217,0
14,CS21->US125,54243,54243,0
14,CS22->US6,51938,51938,0
14,CS22->US14,51363,51363,0
14,CS22->US22,51382,51382,0
14,CS22->US30,55510,55510,0
14,CS22->US38,70248,70248,0
14,CS22->US46,54469,54469,0
14,CS22->US54,51579,51579,0
14,CS22->US62,55147,55147,0
14,CS22->US70,70410,70410,0
14,CS22->US78,51683,51683,0
14,CS22->US86,57697,57696,0
14,CS22->US94,51575,51575,0
14,CS22->US102,61213,61212,0
14,CS22->US110,62854,62853,0
14,CS22->US118,54020,54020,0
14,CS22->US126,54252,54252,0
14,CS23->US7,51894,51894,0
14,CS23->US15,51254,51254,0
14,CS23->US23,51363,51363,0
14,CS23->US31,55400,55399,0
14,CS23->US39,69643,69642,0
14,CS23->US47,54257,54257,0
14,CS23->US55,51684,51684,0
14,CS23->US63,55510,55510,0
14,CS23->US71,70398,70398,0
14,CS23->US79,51514,51514,0
14,CS23->US87,57679,57679,0
14,CS23->US95,51433,51433,0
14,CS23->US103,61833,61832,0
14,CS23->US111,62866,62865,0
14,CS23->US119,54050,54050,0
14,CS23->US127,54350,54350,0
14,CS24->US0,51994,51994,0
14,CS24->US8,51039,51039,0
14,CS24->US16,51549,51549,0
14,CS24->US24,55741,55741,0
14,CS24->US32,70069,70068,0
14,CS24->US40,54438,54438,0
14,CS24->US48,51979,51979,0
14,CS24->US56,55794,55794,0
14,CS24->US64,70147,70147,0
14,CS24->US72,51918,51918,0
14,CS24->US80,57157,57157,0
14,CS24->US88,51751,51751,0
14,CS24->US96,62088,62085,0
14,CS24->US104,62666,62666,0
14,CS24->US112,54194,54194,0
14,CS24->US120,54086,54086,0
14,CS25->US1,51564,51564,0
14,CS25->US9,51042,51042,0
14,CS25->US17,51841,51841,0
14,CS25->US25,55136,55136,0
14,CS25->US33,70108,70108,0
14,CS25->US41,54457,54457,0
14,CS25->US49,51472,51472,0
14,CS25->US57,55152,55152,0
14,CS25->US65,70346,70346,0
14,CS25->US73,51588,51588,0
14,CS25->US81,57300,57300,0
14,CS25->US89,51694,51694,0
14,CS25->US97,61334,61332,0
14,CS25->US105,62696,62695,0
14,CS25->US113,53989,53989,0
14,CS25->US121,54612,54612,0
14,CS26->US2,51832,51832,0
14,CS26->US10,50923,50923,0
14,CS26->US18,51768,51768,0
14,CS26->US26,55218,55218,0
14,CS26->US34,69615,69614,0
14,CS26->US42,54263,54263,0
14,CS26->US50,52094,52094,0
14,CS26->US58,55247,55247,0
14,CS26->US66,69959,69959,0
14,CS26->US74,50926,50926,0
14,CS26->US82,57193,57193,0
14,CS26->US90,51440,51440,0
14,CS26->US98,61411,61410,0
14,CS26->US106,62744,62743,0
14,CS26->US114,53779,53779,0
14,CS26->US122,53795,53795,0
14,CS27->US3,51860,51860,0
14,CS27->US11,51202,51202,0
14,CS27->US19,51572,51572,0
14,CS27->US27,55292,55292,0
14,CS27->US35,69861,69860,0
14,CS27->US43,54229,54229,0
14,CS27->US51,51930,51930,0
14,CS27->US59,55358,55358,0
14,CS27->US67,69776,69776,0
14,CS27->US75,51264,51264,0
14,CS27->US83,57512,57512,0
14,CS27->US91,51151,51151,0
14,CS27->US99,61659,61658,0
14,CS27->US107,62824,62823,0
14,CS27->US115,53807,53807,0
14,CS27->US123,54045,54045,0
14,CS28->US4,51725,51725,0
14,CS28->US12,51135,51135,0
14,CS28->US20,51670,51670,0
14,CS28->US28,55393,55393,0
14,CS28->US36,70258,70257,0
14,CS28->US44,54617,54617,0
14,CS28->US52,51464,51464,0
14,CS28->US60,55500,55499,0
14,CS28->US68,70841,70841,0
14,CS28->US76,51462,51462,0
14,CS28->US84,57361,57361,0
14,CS28->US92,51540,51540,0
14,CS28->US100,61611,61611,0
14,CS28->US108,63527,63527,0
14,CS28->US116,54223,54223,0
14,CS28->US124,54360,54360,0
14,CS29->US5,51488,51488,0
14,CS29->US13,51665,51665,0
14,CS29->US21,51448,51448,0
14,CS29->US29,55163,55162,0
14,CS29->US37,69867,69867,0
14,CS29->US45,54709,54709,0
14,CS29->US53,51951,51951,0
14,CS29->US61,55181,55181,0
14,CS29->US69,70064,70064,0
14,CS29->US77,51393,51393,0
14,CS29->US85,57288,57288,0
14,CS29->US93,51130,51130,0
14,CS29->US101,62027,62027,0
14,CS29->US109,62925,62925,0
14,CS29->US117,53783,53783,0
14,CS29->US125,53813,53813,0
14,CS30->US6,51710,51710,0
14,CS30->US14,51324,51324,0
14,CS30->US22,51307,51307,0
14,CS30->US30,55163,55163,0
14,CS30->US38,70010,70010,0
14,CS30->US46,54263,54263,0
14,CS30->US54,51672,51672,0
14,CS30->US62,55409,55409,0
14,CS30->US70,70549,70548,0
14,CS30->US78,51390,51390,0
14,CS30->US86,57644,57644,0
14,CS30->US94,51489,51489,0
14,CS30->US102,61582,61582,0
14,CS30->US110,63139,63139,0
14,CS30->US118,54125,54125,0
14,CS30->US126,53994,53994,0
14,CS31->US7,51426,51426,0
14,CS31->US15,51038,51038,0
14,CS31->US23,51534,51534,0
14,CS31->US31,55335,55335,0
14,CS31->US39,70443,70442,0
14,CS31->US47,54130,54130,0
14,CS31->US55,51602,51602,0
14,CS31->US63,55297,55296,0
14,CS31->US71,70173,70172,0
14,CS31->US79,51550,51550,0
14,CS31->US87,57508,57508,0
14,CS31->US95,51418,51418,0
14,CS31->US103,61155,61155,0
14,CS31->US111,62665,62661,0
14,CS31->US119,54444,54444,0
14,CS31->US127,54307,54307,0
14,CS32->US0,51800,51800,0
14,CS32->US8,51605,51605,0
14,CS32->US16,51433,51433,0
14,CS32->US24,55215,55215,0
14,CS32->US32,70141,70140,0
14,CS32->US40,54545,54545,0
14,CS32->US48,52046,52046,0
14,CS32->US56,55187,55186,0
14,CS32->US64,69955,69954,0
14,CS32->US72,51415,51415,0
14,CS32->US80,57660,57660,0
14,CS32->US88,51742,51742,0
14,CS32->US96,61538,61538,0
14,CS32->US104,62651,62650,0
14,CS32->US112,53954,53954,0
14,CS32->US120,53940,53940,0
14,CS33->US1,51902,51902,0
14,CS33->US9,51647,51647,0
14,CS33->US17,51335,51335,0
14,CS33->US25,55230,55230,0
14,CS33->US33,69496,69495,0
14,CS33->US41,54376,54376,0
14,CS33->US49,51651,51651,0
14,CS33->US57,54989,54989,0
14,CS33->US65,70057,70057,0
14,CS33->US73,51576,51576,0
14,CS33->US81,56660,56660,0
14,CS33->US89,51353,51353,0
14,CS33->US97,61639,61639,0
14,CS33->US105,62644,62644,0
14,CS33->US113,54043,54043,0
14,CS33->US121,54192,54192,0
14,CS34->US2,51953,51953,0
14,CS34->US10,51102,51102,0
14,CS34->US18,51195,51195,0
14,CS34->US26,55380,55380,0
14,CS34->US34,69783,69783,0
14,CS34->US42,54258,54258,0
14,CS34->US50,52211,52211,0
14,CS34->US58,55202,55202,0
14,CS34->US66,70340,70340,0
14,CS34->US74,51336,51336,0
14,CS34->US82,57621,57621,0
14,CS34->US90,51615,51615,0
14,CS34->US98,61575,61575,0
14,CS34->US106,63029,63029,0
14,CS34->US114,53926,53926,0
14,CS34->US122,54049,54049,0
14,CS35->US3,51825,51825,0
14,CS35->US11,51439,51439,0
14,CS35->US19,51704,51704,0
14,CS35->US27,55364,55364,0
14,CS35->US35,69986,69986,0
14,CS35->US43,54285,54285,0
14,CS35->US51,51935,51935,0
14,CS35->US59,55599,55599,0
14,CS35->US67,70586,70586,0
14,CS35->US75,51446,51446,0
14,CS35->US83,57294,57294,0
14,CS35->US91,51471,51471,0
14,CS35->US99,61246,61246,0
14,CS35->US107,62957,62957,0
14,CS35->US115,53884,53884,0
14,CS35->US123,54544,54544,0
14,CS36->US4,51966,51966,0
14,CS36->US12,51414,51414,0
14,CS36->US20,51111,51111,0
14,CS36->US28,55408,55408,0
14,CS36->US36,69753,69753,0
14,CS36->US44,54294,54294,0
14,CS36->US52,51906,51906,0
14,CS36->US60,55011,55011,0
14,CS36->US68,70184,70184,0
14,CS36->US76,51284,51284,0
14,CS36->US84,57626,57626,0
14,CS36->US92,51546,51546,0
14,CS36->US100,61350,61349,0
14,CS36->US108,62826,62826,0
14,CS36->US116,53651,53651,0
14,CS36->US124,53818,53818,0
14,CS37->US5,52092,52092,0
14,CS37->US13,50914,50913,0
14,CS37->US21,50987,50987,0
14,CS37->US29,55376,55376,0
14,CS37->US37,70457,70456,0
14,CS37->US45,54274,54274,0
14,CS37->US53,51553,51553,0
14,CS37->US61,55302,55302,0
14,CS37->US69,70383,70382,0
14,CS37->US77,51546,51546,0
14,CS37->US85,57593,57593,0
14,CS37->US93,51357,51357,0
14,CS37->US101,61489,61489,0
14,CS37->US109,62927,62927,0
14,CS37->US117,53545,53545,0
14,CS37->US125,53969,53969,0
14,CS38->US6,51654,51654,0
14,CS38->US14,51267,51267,0
14,CS38->US22,51557,51557,0
14,CS38->US30,54985,54985,0
14,CS38->US38,70315,70314,0
14,CS38->US46,54629,54629,0
14,CS38->US54,51633,51633,0
14,CS38->US62,55045,55045,0
14,CS38->US70,70272,70271,0
14,CS38->US78,51687,51687,0
14,CS38->US86,57932,57932,0
14,CS38->US94,51293,51293,0
14,CS38->US102,61752,61750,0
14,CS38->US110,63101,63099,0
14,CS38->US118,53772,53772,0
14,CS38->US126,54042,54042,0
14,CS39->US7,51692,51692,0
14,CS39->US15,51160,51160,0
14,CS39->US23,51515,51515,0
14,CS39->US31,55496,55496,0
14,CS39->US39,69810,69809,0
14,CS39->US47,54516,54516,0
14,CS39->US55,51598,51598,0
14,CS39->US63,55210,55210,0
14,CS39->US71,69809,69809,0
14,CS39->US79,51469,51469,0
14,CS39->US87,57315,57315,0
14,CS39->US95,51385,51385,0
14,CS39->US103,61240,61239,0
14,CS39->US111,63149,63149,0
14,CS39->US119,54135,54135,0
14,CS39->US127,54588,54588,0
14,CS40->US0,51837,51837,0
14,CS40->US8,50823,50823,0
14,CS40->US16,51000,51000,0
14,CS40->US24,55249,55249,0
14,CS40->US32,70045,70044,0
14,CS40->US40,54523,54523,0
14,CS40->US48,51719,51719,0
14,CS40->US56,54967,54967,0
14,CS40->US64,70958,70958,0
14,CS40->US72,51318,51318,0
14,CS40->US80,57487,57487,0
14,CS40->US88,51369,51369,0
14,CS40->US96,61688,61688,0
14,CS40->US104,62806,62806,0
14,CS40->US112,54194,54194,0
14,CS40->US120,53716,53716,0
14,CS41->US1,51951,51951,0
14,CS41->US9,51204,51204,0
14,CS41->US17,51650,51650,0
14,CS41->US25,55359,55359,0
14,CS41->US33,69708,69707,0
14,CS41->US41,53923,53923,0
14,CS41->US49,51308,51308,0
14,CS41->US57,54984,54984,0
14,CS41->US65,70100,70100,0
14,CS41->US73,51566,51566,0
14,CS41->US81,57656,57656,0
14,CS41->US89,51866,51866,0
14,CS41->US97,61875,61875,0
14,CS41->US105,62898,62898,0
14,CS41->US113,54085,54085,0
14,CS41->US121,54237,54237,0
14,CS42->US2,51595,51595,0
14,CS42->US10,51236,51236,0
14,CS42->US18,51768,51768,0
14,CS42->US26,54960,54959,0
14,CS42->US34,70185,70185,0
14,CS42->US42,54210,54210,0
14,CS42->US50,51687,51687,0
14,CS42->US58,55366,55366,0
14,CS42->US66,70537,70537,0
14,CS42->US74,51186,51186,0
14,CS42->US82,57615,57615,0
14,CS42->US90,51583,51583,0
14,CS42->US98,61551,61550,0
14,CS42->US106,62965,62965,0
14,CS42->US114,54031,54031,0
14,CS42->US122,54240,54240,0
14,CS43->US3,51502,51502,0
14,CS43->US11,51566,51566,0
14,CS43->US19,51196,51196,0
14,CS43->US27,54868,54867,0
14,CS43->US35,69913,69913,0
14,CS43->US43,54351,54351,0
14,CS43->US51,51668,51668,0
14,CS43->US59,55502,55500,0
14,CS43->US67,70495,70495,0
14,CS43->US75,51373,51373,0
14,CS43->US83,57371,57371,0
14,CS43->US91,51462,51462,0
14,CS43->US99,61682,61682,0
14,CS43->US107,62560,62559,0
14,CS43->US115,53831,53831,0
14,CS43->US123,54214,54214,0
14,CS44->US4,51508,51508,0
14,CS44->US12,51540,51540,0
14,CS44->US20,51478,51478,0
14,CS44->US28,55485,55485,0
14,CS44->US36,69904,69904,0
14,CS44->US44,54240,54240,0
14,CS44->US52,51774,51774,0
14,CS44->US60,55620,55618,0
14,CS44->US68,70395,70395,0
14,CS44->US76,51486,51486,0
14,CS44->US84,57738,57738,0
14,CS44->US92,51349,51349,0
14,CS44->US100,61700,61700,0
14,CS44->US108,62845,62845,0
14,CS44->US116,53976,53976,0
14,CS44->US124,54113,54113,0
14,CS45->US5,51510,51510,0
14,CS45->US13,51241,51241,0
14,CS45->US21,51459,51459,0
14,CS45->US29,55302,55301,0
14,CS45->US37,70329,70329,0
14,CS45->US45,54568,54568,0
14,CS45->US53,51866,51866,0
14,CS45->US61,55126,55126,0
14,CS45->US69,70512,70512,0
14,CS45->US77,51207,51207,0
14,CS45->US85,57894,57894,0
14,CS45->US93,51458,51458,0
14,CS45->US101,61545,61545,0
14,CS45->US109,62916,62915,0
14,CS45->US117,54088,54088,0
14,CS45->US125,54203,54203,0
14,CS46->US6,51600,51600,0
14,CS46->US14,50984,50984,0
14,CS46->US22,51508,51508,0
14,CS46->US30,55124,55124,0
14,CS46->US38,69480,69480,0
14,CS46->US46,54489,54489,0
14,CS46->US54,51698,51698,0
14,CS46->US62,55577,55577,0
14,CS46->US70,70215,70215,0
14,CS46->US78,51417,51417,0
14,CS46->US86,57916,57915,0
14,CS46->US94,51555,51555,0
14,CS46->US102,61906,61906,0
14,CS46->US110,62783,62783,0
14,CS46->US118,54223,54223,0
14,CS46->US126,54276,54276,0
14,CS47->US7,51571,51571,0
14,CS47->US15,51479,51479,0
14,CS47->US23,51152,51152,0
14,CS47->US31,55692,55689,0
14,CS47->US39,70200,70200,0
14,CS47->US47,54352,54352,0
14,CS47->US55,52116,52116,0
14,CS47->US63,55298,55298,0
14,CS47->US71,69833,69833,0
14,CS47->US79,51319,51319,0
14,CS47->US87,57295,57295,0
14,CS47->US95,51185,51185,0
14,CS47->US103,61358,61358,0
14,CS47->US111,62625,62625,0
14,CS47->US119,54015,54015,0
14,CS47->US127,54281,54281,0
14,CS48->US0,51800,51800,0
14,CS48->US8,51303,51303,0
14,CS48->US16,51102,51102,0
14,CS48->US24,55416,55416,0
14,CS48->US32,69442,69442,0
14,CS48->US40,54384,54384,0
14,CS48->US48,51662,51662,0
14,CS48->US56,55099,55099,0
14,CS48->US64,69848,69847,0
14,CS48->US72,51183,51183,0
14,CS48->US80,57573,57573,0
14,CS48->US88,51594,51594,0
14,CS48->US96,61434,61434,0
14,CS48->US104,62766,62766,0
14,CS48->US112,53994,53994,0
14,CS48->US120,54305,54305,0
14,CS49->US1,51867,51867,0
14,CS49->US9,51219,51219,0
14,CS49->US17,51543,51543,0
14,CS49->US25,55236,55236,0
14,CS49->US33,69745,69745,0
14,CS49->US41,54369,54369,0
14,CS49->US49,51536,51536,0
14,CS49->US57,55132,55132,0
14,CS49->US65,70684,70684,0
14,CS49->US73,51688,51688,0
14,CS49->US81,57244,57244,0
14,CS49->US89,51716,51716,0
14,CS49->US97,61830,61829,0
14,CS49->US105,62728,62728,0
14,CS49->US113,53199,53199,0
14,CS49->US121,53987,53987,0
14,CS50->US2,52080,52080,0
14,CS50->US10,50655,50655,0
14,CS50->US18,51082,51082,0
14,CS50->US26,55780,55780,0
14,CS50->US34,70536,70535,0
14,CS50->US42,54502,54502,0
14,CS50->US50,51860,51860,0
14,CS50->US58,54647,54647,0
14,CS50->US66,70603,70603,0
14,CS50->US74,51604,51604,0
14,CS50->US82,57855,57855,0
14,CS50->US90,51860,51860,0
14,CS50->US98,61251,61250,0
14,CS50->US106,62977,62977,0
14,CS50->US114,54229,54229,0
14,CS50->US122,53813,53813,0
14,CS51->US3,52153,52153,0
14,CS51->US11,51022,51022,0
14,CS51->US19,51907,51907,0
14,CS51->US27,55206,55205,0
14,CS51->US35,69842,69842,0
14,CS51->US43,54312,54312,0
14,CS51->US51,51628,51628,0
14,CS51->US59,55183,55182,0
14,CS51->US67,70167,70167,0
14,CS51->US75,51507,51507,0
14,CS51->US83,57476,57476,0
14,CS51->US91,51571,51571,0
14,CS51->US99,61567,61566,0
14,CS51->US107,63012,63012,0
14,CS51->US115,53871,53871,0
14,CS51->US123,54059,54059,0
14,CS52->US4,52020,52020,0
14,CS52->US12,51279,51279,0
14,CS52->US20,51059,51059,0
14,CS52->US28,55471,55471,0
14,CS52->US36,69627,69627,0
14,CS52->US44,54560,54560,0
14,CS52->US52,51942,51942,0
14,CS52->US60,55315,55314,0
14,CS52->US68,69931,69931,0
14,CS52->US76,51569,51569,0
14,CS52->US84,57415,57415,0
14,CS52->US92,51506,51506,0
14,CS52->US100,61448,61448,0
14,CS52->US108,62561,62561,0
14,CS52->US116,54007,54007,0
14,CS52->US124,54186,54186,0
14,CS53->US5,52288,52288,0
14,CS53->US13,51146,51146,0
14,CS53->US21,51490,51490,0
14,CS53->US29,55194,55194,0
14,CS53->US37,70463,70463,0
14,CS53->US45,54506,54506,0
14,CS53->US53,51780,51780,0
14,CS53->US61,55129,55129,0
14,CS53->US69,70419,70419,0
14,CS53->US77,51376,51376,0
14,CS53->US85,57375,57375,0
14,CS53->US93,51098,51098,0
14,CS53->US101,61882,61882,0
14,CS53->US109,62524,62524,0
14,CS53->US117,54062,54062,0
14,CS53->US125,53823,53823,0
14,CS54->US6,51809,51809,0
14,CS54->US14,51068,51068,0
14,CS54->US22,51538,51538,0
14,CS54->US30,55075,55074,0
14,CS54->US38,70370,70370,0
14,CS54->US46,54507,54507,0
14,CS54->US54,51530,51530,0
14,CS54->US62,54986,54985,0
14,CS54->US70,70325,70325,0
14,CS54->US78,51537,51537,0
14,CS54->US86,57564,57562,0
14,CS54->US94,51397,51397,0
14,CS54->US102,61679,61679,0
14,CS54->US110,62763,62762,0
14,CS54->US118,54392,54392,0
14,CS54->US126,53923,53923,0
14,CS55->US7,51695,51695,0
14,CS55->US15,51441,51441,0
14,CS55->US23,51316,51316,0
14,CS55->US31,54770,54770,0
14,CS55->US39,70176,70176,0
14,CS55->US47,54442,54442,0
14,CS55->US55,51324,51324,0
14,CS55->US63,55326,55326,0
14,CS55->US71,70051,70051,0
14,CS55->US79,51421,51421,0
14,CS55->US87,57589,57589,0
14,CS55->US95,51503,51503,0
14,CS55->US103,61591,61590,0
14,CS55->US111,62639,62638,0
14,CS55->US119,54350,54350,0
14,CS55->US127,53997,53997,0
14,CS56->US0,51900,51900,0
14,CS56->US8,51114,51114,0
14,CS56->US16,51432,51432,0
14,CS56->US24,55524,55524,0
14,CS56->US32,70001,70000,0
14,CS56->US40,54078,54078,0
14,CS56->US48,52117,52117,0
14,CS56->US56,55189,55189,0
14,CS56->US64,69938,69938,0
14,CS56->US72,51619,51619,0
14,CS56->US80,57339,57339,0
14,CS56->US88,51073,51073,0
14,CS56->US96,61844,61844,0
14,CS56->US104,62650,62650,0
14,CS56->US112,54039,54039,0
14,CS56->US120,54333,54333,0
14,CS57->US1,51579,51579,0
14,CS57->US9,51218,51218,0
14,CS57->US17,51260,51260,0
14,CS57->US25,55394,55394,0
14,CS57->US33,70183,70183,0
14,CS57->US41,54022,54022,0
14,CS57->US49,51587,51587,0
14,CS57->US57,55402,55402,0
14,CS57->US65,70790,70790,0
14,CS57->US73,51428,51428,0
14,CS57->US81,57374,57374,0
14,CS57->US89,51729,51729,0
14,CS57->US97,61363,61362,0
14,CS57->US105,62744,62744,0
14,CS57->US113,54171,54171,0
14,CS57->US121,54259,54259,0
14,CS58->US2,51766,51766,0
14,CS58->US10,51318,51318,0
14,CS58->US18,51882,51882,0
14,CS58->US26,55125,55125,0
14,CS58->US34,69988,69987,0
14,CS58->US42,54573,54573,0
14,CS58->US50,52151,52151,0
14,CS58->US58,55477,55477,0
14,CS58->US66,70836,70836,0
14,CS58->US74,51941,51941,0
14,CS58->US82,57243,57243,0
14,CS58->US90,51448,51448,0
14,CS58->US98,61303,61303,0
14,CS58->US106,62789,62789,0
14,CS58->US114,53909,53909,0
14,CS58->US122,54405,54405,0
14,CS59->US3,51502,51502,0
14,CS59->US11,51086,51086,0
14,CS59->US19,51262,51262,0
14,CS59->US27,55343,55343,0
14,CS59->US35,69767,69767,0
14,CS59->US43,54520,54520,0
14,CS59->US51,51523,51523,0
14,CS59->US59,55637,55637,0
14,CS59->US67,70377,70375,0
14,CS59->US75,51590,51590,0
14,CS59->US83,57637,57637,0
14,CS59->US91,51286,51286,0
14,CS59->US99,61588,61587,0
14,CS59->US107,62966,62964,0
14,CS59->US115,53859,53859,0
14,CS59->US123,54090,54090,0
14,CS60->US4,51510,51510,0
14,CS60->US12,51327,51327,0
14,CS60->US20,51296,51296,0
14,CS60->US28,55243,55243,0
14,CS60->US36,70021,70020,0
14,CS60->US44,54337,54337,0
14,CS60->US52,51564,51564,0
14,CS60->US60,55458,55458,0
14,CS60->US68,69934,69933,0
14,CS60->US76,51317,51317,0
14,CS60->US84,56702,56702,0
14,CS60->US92,51803,51803,0
14,CS60->US100,61346,61346,0
14,CS60->US108,63030,63030,0
14,CS60->US116,53909,53909,0
14,CS60->US124,53777,53777,0
14,CS61->US5,52001,52001,0
14,CS61->US13,51340,51340,0
14,CS61->US21,51514,51514,0
14,CS61->US29,54553,54553,0
14,CS61->US37,69361,69361,0
14,CS61->US45,53982,53982,0
14,CS61->US53,52101,52101,0
14,CS61->US61,55439,55439,0
14,CS61->US69,70638,70638,0
14,CS61->US77,51836,51836,0
14,CS61->US85,56929,56929,0
14,CS61->US93,51260,51260,0
14,CS61->US101,61537,61536,0
14,CS61->US109,62922,62921,0
14,CS61->US117,53787,53787,0
14,CS61->US125,54027,54027,0
14,CS62->US6,51495,51495,0
14,CS62->US14,51297,51297,0
14,CS62->US22,51944,51944,0
14,CS62->US30,55313,55312,0
14,CS62->US38,69849,69849,0
14,CS62->US46,54175,54175,0
14,CS62->US54,51609,51609,0
14,CS62->US62,55132,55131,0
14,CS62->US70,70436,70436,0
14,CS62->US78,51504,51504,0
14,CS62->US86,57521,57521,0
14,CS62->US94,51488,51488,0
14,CS62->US102,61689,61688,0
14,CS62->US110,62466,62465,0
14,CS62->US118,54201,54201,0
14,CS62->US126,54067,54067,0
14,CS63->US7,52295,52295,0
14,CS63->US15,51375,51375,0
14,CS63->US23,51665,51665,0
14,CS63->US31,54874,54874,0
14,CS63->US39,69777,69777,0
14,CS63->US47,54425,54425,0
14,CS63->US55,51899,51899,0
14,CS63->US63,55455,55455,0
14,CS63->US71,69934,69934,0
14,CS63->US79,51268,51268,0
14,CS63->US87,57669,57669,0
14,CS63->US95,51578,51578,0
14,CS63->US103,61606,61606,0
14,CS63->US111,62906,62906,0
14,CS63->US119,54160,54160,0
14,CS63->US127,54183,54183,0
15,US0->CS0,52242,52242,0
15,US0->CS8,52049,52049,0
15,US0->CS16,51982,51982,0
15,US0->CS24,52314,52314,0
15,US0->CS32,52426,52426,0
15,US0->CS40,52033,52033,0
15,US0->CS48,52016,52016,0
15,US0->CS56,52437,52437,0
15,US1->CS1,52142,52142,0
15,US1->CS9,52284,52284,0
15,US1->CS17,52027,52027,0
15,US1->CS25,51848,51848,0
15,US1->CS33,51981,51981,0
15,US1->CS41,51616,51616,0
15,US1->CS49,51948,51948,0
15,US1->CS57,51898,51898,0
15,US2->CS2,51825,51825,0
15,US2->CS10,51814,51814,0
15,US2->CS18,51680,51680,0
15,US2->CS26,52357,52357,0
15,US2->CS34,52539,52539,0
15,US2->CS42,51976,51976,0
15,US2->CS50,52203,52203,0
15,US2->CS58,52480,52480,0
15,US3->CS3,51877,51877,0
15,US3->CS11,52288,52288,0
15,US3->CS19,51917,51917,0
15,US3->CS27,52257,52257,0
15,US3->CS35,52298,52298,0
15,US3->CS43,51967,51967,0
15,US3->CS51,51976,51976,0
15,US3->CS59,51905,51905,0
15,US4->CS4,51732,51732,0
15,US4->CS12,52355,52355,0
15,US4->CS20,51877,51877,0
15,US4->CS28,51780,51780,0
15,US4->CS36,52274,52274,0
15,US4->CS44,52099,52099,0
15,US4->CS52,52214,52214,0
15,US4->CS60,51930,51930,0
15,US5->CS5,52162,52162,0
15,US5->CS13,52391,52391,0
15,US5->CS21,52055,52055,0
15,US5->CS29,52210,52210,0
15,US5->CS37,51879,51879,0
15,US5->CS45,52199,52199,0
15,US5->CS53,52054,52054,0
15,US5->CS61,52478,52478,0
15,US6->CS6,52221,52221,0
15,US6->CS14,52381,52381,0
15,US6->CS22,51967,51967,0
15,US6->CS30,52015,52015,0
15,US6->CS38,51954,51954,0
15,US6->CS46,52061,52061,0
15,US6->CS54,51828,51828,0
15,US6->CS62,51960,51960,0
15,US7->CS7,52329,52329,0
15,US7->CS15,52088,52088,0
15,US7->CS23,52005,52005,0
15,US7->CS31,51970,51970,0
15,US7->CS39,51932,51932,0
15,US7->CS47,52460,52460,0
15,US7->CS55,51640,51640,0
15,US7->CS63,52258,52258,0
15,US8->CS0,86476,86476,0
15,US8->CS8,86470,86470,0
15,US8->CS16,86720,86720,0
15,US8->CS24,86187,86187,0
15,US8->CS32,86589,86588,0
15,US8->CS40,86693,86692,0
15,US8->CS48,86672,86672,0
15,US8->CS56,86685,86684,0
15,US9->CS1,85948,85948,0
15,US9->CS9,86130,86130,0
15,US9->CS17,86513,86513,0
15,US9->CS25,86475,86475,0
15,US9->CS33,85568,85568,0
15,US9->CS41,86914,86912,0
15,US9->CS49,86320,86320,0
15,US9->CS57,86432,86430,0
15,US10->CS2,86201,86201,0
15,US10->CS10,86556,86556,0
15,US10->CS18,86515,86514,0
15,US10->CS26,85951,85950,0
15,US10->CS34,86966,86966,0
15,US10->CS42,86719,86719,0
15,US10->CS50,86918,86918,0
15,US10->CS58,86195,86195,0
15,US11->CS3,86573,86572,0
15,US11->CS11,86530,86530,0
15,US11->CS19,86151,86150,0
15,US11->CS27,86698,86698,0
15,US11->CS35,86203,86203,0
15,US11->CS43,86345,86345,0
15,US11->CS51,86419,86419,0
15,US11->CS59,86688,86688,0
15,US12->CS4,86833,86832,0
15,US12->CS12,86480,86480,0
15,US12->CS20,85967,85967,0
15,US12->CS28,86310,86310,0
15,US12->CS36,86537,86536,0
15,US12->CS44,86652,86652,0
15,US12->CS52,86397,86397,0
15,US12->CS60,85649,85649,0
15,US13->CS5,86475,86474,0
15,US13->CS13,86020,86020,0
15,US13->CS21,85856,85855,0
15,US13->CS29,86621,86621,0
15,US13->CS37,86578,86577,0
15,US13->CS45,86890,86890,0
15,US13->CS53,86252,86251,0
15,US13->CS61,86086,86086,0
15,US14->CS6,86014,86014,0
15,US14->CS14,86500,86498,0
15,US14->CS22,86788,86788,0
15,US14->CS30,86700,86699,0
15,US14->CS38,87063,87063,0
15,US14->CS46,86845,86845,0
15,US14->CS54,86327,86327,0
15,US14->CS62,86453,86451,0
15,US15->CS7,86605,86604,0
15,US15->CS15,86534,86532,0
15,US15->CS23,86353,86353,0
15,US15->CS31,86657,86656,0
15,US15->CS39,86041,86040,0
15,US15->CS47,86621,86621,0
15,US15->CS55,86559,86559,0
15,US15->CS63,86797,86797,0
15,US16->CS0,74297,74297,0
15,US16->CS8,74319,74319,0
15,US16->CS16,74234,74234,0
15,US16->CS24,74413,74413,0
15,US16->CS32,74307,74307,0
15,US16->CS40,73835,73835,0
15,US16->CS48,74504,74504,0
15,US16->CS56,74558,74558,0
15,US17->CS1,74416,74416,0
15,US17->CS9,74261,74261,0
15,US17->CS17,74216,74216,0
15,US17->CS25,74730,74730,0
15,US17->CS33,74266,74266,0
15,US17->CS41,74511,74510,0
15,US17->CS49,74114,74113,0
15,US17->CS57,74398,74398,0
15,US18->CS2,74336,74336,0
15,US18->CS10,74075,74075,0
15,US18->CS18,74457,74457,0
15,US18->CS26,73872,73871,0
15,US18->CS34,74331,74330,0
15,US18->CS42,74629,74629,0
15,US18->CS50,73970,73970,0
15,US18->CS58,74394,74393,0
15,US19->CS3,74147,74147,0
15,US19->CS11,73861,73861,0
15,US19->CS19,74770,74770,0
15,US19->CS27,74284,74284,0
15,US19->CS35,74674,74674,0
15,US19->CS43,74367,74367,0
15,US19->CS51,74359,74358,0
15,US19->CS59,74394,74393,0
15,US20->CS4,74989,74989,0
15,US20->CS12,74078,74077,0
15,US20->CS20,74836,74836,0
15,US20->CS28,74452,74452,0
15,US20->CS36,74248,74248,0
15,US20->CS44,74270,74270,0
15,US20->CS52,74311,74311,0
15,US20->CS60,74017,74016,0
15,US21->CS5,75089,75088,0
15,US21->CS13,74316,74315,0
15,US21->CS21,74311,74311,0
15,US21->CS29,73852,73851,0
15,US21->CS37,74049,74049,0
15,US21->CS45,74254,74254,0
15,US21->CS53,73952,73952,0
15,US21->CS61,74347,74347,0
15,US22->CS6,74190,74190,0
15,US22->CS14,74493,74492,0
15,US22->CS22,74205,74204,0
15,US22->CS30,74358,74358,0
15,US22->CS38,74319,74318,0
15,US22->CS46,74464,74464,0
15,US22->CS54,74090,74089,0
15,US22->CS62,74293,74292,0
15,US23->CS7,74297,74297,0
15,US23->CS15,74804,74803,0
15,US23->CS23,74388,74388,0
15,US23->CS31,74466,74466,0
15,US23->CS39,74650,74649,0
15,US23->CS47,74440,74440,0
15,US23->CS55,74554,74553,0
15,US23->CS63,74378,74377,0
15,US24->CS0,93823,93823,0
15,US24->CS8,94373,94373,0
15,US24->CS16,94532,94532,0
15,US24->CS24,94577,94577,0
15,US24->CS32,93777,93777,0
15,US24->CS40,93791,93791,0
15,US24->CS48,93684,93683,0
15,US24->CS56,93990,93990,0
15,US25->CS1,94237,94236,0
15,US25->CS9,93854,93853,0
15,US25->CS17,94144,94144,0
15,US25->CS25,93534,93534,0
15,US25->CS33,93366,93366,0
15,US25->CS41,93798,93798,0
15,US25->CS49,94393,94392,0
15,US25->CS57,94421,94421,0
15,US26->CS2,93835,93833,0
15,US26->CS10,93955,93955,0
15,US26->CS18,94000,94000,0
15,US26->CS26,94419,94419,0
15,US26->CS34,94102,94102,0
15,US26->CS42,94027,94027,0
15,US26->CS50,93372,93372,0
15,US26->CS58,93987,93986,0
15,US27->CS3,93861,93861,0
15,US27->CS11,93916,93916,0
15,US27->CS19,94493,94492,0
15,US27->CS27,94301,94301,0
15,US27->CS35,93805,93805,0
15,US27->CS43,94429,94429,0
15,US27->CS51,93854,93852,0
15,US27->CS59,94529,94529,0
15,US28->CS4,93606,93606,0
15,US28->CS12,94023,94023,0
15,US28->CS20,93921,93920,0
15,US28->CS28,94326,94326,0
15,US28->CS36,93842,93842,0
15,US28->CS44,93908,93908,0
15,US28->CS52,94107,94107,0
15,US28->CS60,94465,94465,0
15,US29->CS5,94143,94143,0
15,US29->CS13,94490,94489,0
15,US29->CS21,93747,93746,0
15,US29->CS29,93937,93935,0
15,US29->CS37,94032,94031,0
15,US29->CS45,93657,93657,0
15,US29->CS53,93712,93710,0
15,US29->CS61,94195,94195,0
15,US30->CS6,94843,94843,0
15,US30->CS14,93968,93968,0
15,US30->CS22,93841,93839,0
15,US30->CS30,94089,94088,0
15,US30->CS38,93931,93930,0
15,US30->CS46,94464,94464,0
15,US30->CS54,93405,93405,0
15,US30->CS62,93890,93889,0
15,US31->CS7,94528,94528,0
15,US31->CS15,93723,93722,0
15,US31->CS23,94228,94225,0
15,US31->CS31,93936,93935,0
15,US31->CS39,93664,93664,0
15,US31->CS47,94077,94077,0
15,US31->CS55,94047,94047,0
15,US31->CS63,94259,94258,0
15,US32->CS0,116942,116941,0
15,US32->CS8,116955,116955,0
15,US32->CS16,116986,116986,0
15,US32->CS24,116790,116790,0
15,US32->CS32,116647,116646,0
15,US32->CS40,117368,117368,0
15,US32->CS48,115912,115911,0
15,US32->CS56,116641,116641,0
15,US33->CS1,117173,117173,0
15,US33->CS9,116233,116233,0
15,US33->CS17,116879,116879,0
15,US33->CS25,116632,116632,0
15,US33->CS33,116426,116426,0
15,US33->CS41,116732,116732,0
15,US33->CS49,117516,117516,0
15,US33->CS57,117229,117228,0
15,US34->CS2,116867,116867,0
15,US34->CS10,117241,117240,0
15,US34->CS18,116963,116963,0
15,US34->CS26,116832,116832,0
15,US34->CS34,116698,116696,0
15,US34->CS42,117053,117053,0
15,US34->CS50,117292,117290,0
15,US34->CS58,117553,117553,0
15,US35->CS3,117048,117048,0
15,US35->CS11,116978,116978,0
15,US35->CS19,116972,116972,0
15,US35->CS27,116691,116691,0
15,US35->CS35,116946,116945,0
15,US35->CS43,117191,117189,0
15,US35->CS51,116843,116841,0
15,US35->CS59,116807,116807,0
15,US36->CS4,116273,116273,0
15,US36->CS12,117357,117356,0
15,US36->CS20,116293,116292,0
15,US36->CS28,117386,117386,0
15,US36->CS36,116273,116273,0
15,US36->CS44,117029,117028,0
15,US36->CS52,116762,116761,0
15,US36->CS60,116528,116528,0
15,US37->CS5,117452,117452,0
15,US37->CS13,116253,116252,0
15,US37->CS21,117799,117799,0
15,US37->CS29,116477,116477,0
15,US37->CS37,116981,116981,0
15,US37->CS45,116897,116896,0
15,US37->CS53,116938,116938,0
15,US37->CS61,117254,117252,0
15,US38->CS6,116717,116716,0
15,US38->CS14,116866,116866,0
15,US38->CS22,117263,117263,0
15,US38->CS30,117133,117132,0
15,US38->CS38,116772,116770,0
15,US38->CS46,116999,116999,0
15,US38->CS54,116990,116990,0
15,US38->CS62,117521,117521,0
15,US39->CS7,116995,116994,0
15,US39->CS15,116623,116620,0
15,US39->CS23,116797,116796,0
15,US39->CS31,116647,116646,0
15,US39->CS39,116365,116365,0
15,US39->CS47,116623,116623,0
15,US39->CS55,116524,116524,0
15,US39->CS63,116606,116605,0
15,US40->CS0,59893,59893,0
15,US40->CS8,60094,60094,0
15,US40->CS16,59729,59729,0
15,US40->CS24,60257,60257,0
15,US40->CS32,59899,59899,0
15,US40->CS40,60242,60242,0
15,US40->CS48,59923,59923,0
15,US40->CS56,60119,60119,0
15,US41->CS1,60004,60004,0
15,US41->CS9,60501,60501,0
15,US41->CS17,59868,59868,0
15,US41->CS25,60028,60028,0
15,US41->CS33,60083,60083,0
15,US41->CS41,59980,59980,0
15,US41->CS49,59101,59100,0
15,US41->CS57,60337,60337,0
15,US42->CS2,59939,59939,0
15,US42->CS10,59778,59778,0
15,US42->CS18,59731,59731,0
15,US42->CS26,59932,59931,0
15,US42->CS34,60110,60110,0
15,US42->CS42,60156,60155,0
15,US42->CS50,60238,60238,0
15,US42->CS58,60063,60062,0
15,US43->CS3,60062,60062,0
15,US43->CS11,60094,60094,0
15,US43->CS19,60022,60022,0
15,US43->CS27,59844,59844,0
15,US43->CS35,60055,60055,0
15,US43->CS43,59977,59976,0
15,US43->CS51,59764,59763,0
15,US43->CS59,59917,59917,0
15,US44->CS4,60001,60001,0
15,US44->CS12,59676,59676,0
15,US44->CS20,60080,60077,0
15,US44->CS28,60306,60306,0
15,US44->CS36,59678,59678,0
15,US44->CS44,59966,59965,0
15,US44->CS52,59984,59983,0
15,US44->CS60,59908,59908,0
15,US45->CS5,59999,59999,0
15,US45->CS13,59631,59631,0
15,US45->CS21,60193,60193,0
15,US45->CS29,59736,59736,0
15,US45->CS37,59699,59699,0
15,US45->CS45,60277,60277,0
15,US45->CS53,60008,60008,0
15,US45->CS61,59855,59854,0
15,US46->CS6,59930,59930,0
15,US46->CS14,60077,60077,0
15,US46->CS22,60096,60095,0
15,US46->CS30,60267,60267,0
15,US46->CS38,59784,59784,0
15,US46->CS46,60243,60243,0
15,US46->CS54,60428,60428,0
15,US46->CS62,60281,60281,0
15,US47->CS7,59815,59815,0
15,US47->CS15,59824,59824,0
15,US47->CS23,60117,60117,0
15,US47->CS31,60448,60448,0
15,US47->CS39,59939,59939,0
15,US47->CS47,60009,60008,0
15,US47->CS55,60377,60377,0
15,US47->CS63,60081,60081,0
15,US48->CS0,51844,51844,0
15,US48->CS8,51807,51807,0
15,US48->CS16,51600,51600,0
15,US48->CS24,52289,52289,0
15,US48->CS32,52077,52077,0
15,US48->CS40,52127,52127,0
15,US48->CS48,52078,52078,0
15,US48->CS56,52151,52151,0
15,US49->CS1,51819,51819,0
15,US49->CS9,52386,52386,0
15,US49->CS17,52176,52176,0
15,US49->CS25,51880,51880,0
15,US49->CS33,52181,52181,0
15,US49->CS41,52234,52234,0
15,US49->CS49,52115,52115,0
15,US49->CS57,51885,51885,0
15,US50->CS2,52098,52098,0
15,US50->CS10,51662,51662,0
15,US50->CS18,51820,51820,0
15,US50->CS26,52149,52149,0
15,US50->CS34,52181,52181,0
15,US50->CS42,51819,51819,0
15,US50->CS50,52326,52326,0
15,US50->CS58,52056,52056,0
15,US51->CS3,51949,51949,0
15,US51->CS11,51935,51935,0
15,US51->CS19,51699,51699,0
15,US51->CS27,52180,52180,0
15,US51->CS35,52170,52170,0
15,US51->CS43,51744,51744,0
15,US51->CS51,52462,52462,0
15,US51->CS59,51741,51741,0
15,US52->CS4,52285,52285,0
15,US52->CS12,52496,52496,0
15,US52->CS20,51901,51901,0
15,US52->CS28,52095,52095,0
15,US52->CS36,52255,52255,0
15,US52->CS44,51713,51713,0
15,US52->CS52,52289,52289,0
15,US52->CS60,51771,51771,0
15,US53->CS5,51940,51940,0
15,US53->CS13,52196,52196,0
15,US53->CS21,52008,52008,0
15,US53->CS29,51816,51816,0
15,US53->CS37,52353,52353,0
15,US53->CS45,51794,51794,0
15,US53->CS53,52507,52507,0
15,US53->CS61,52239,52239,0
15,US54->CS6,52323,52323,0
15,US54->CS14,52108,52108,0
15,US54->CS22,52185,52185,0
15,US54->CS30,51948,51948,0
15,US54->CS38,51920,51920,0
15,US54->CS46,51895,51895,0
15,US54->CS54,52055,52055,0
15,US54->CS62,51738,51738,0
15,US55->CS7,52131,52131,0
15,US55->CS15,52526,52526,0
15,US55->CS23,52135,52135,0
15,US55->CS31,51718,51718,0
15,US55->CS39,51972,51972,0
15,US55->CS47,51822,51822,0
15,US55->CS55,51916,51916,0
15,US55->CS63,52558,52558,0
15,US56->CS0,95236,95235,0
15,US56->CS8,94533,94533,0
15,US56->CS16,94316,94316,0
15,US56->CS24,95194,95193,0
15,US56->CS32,94947,94946,0
15,US56->CS40,94446,94446,0
15,US56->CS48,95078,95078,0
15,US56->CS56,95260,95260,0
15,US57->CS1,94811,94811,0
15,US57->CS9,95199,95199,0
15,US57->CS17,94518,94517,0
15,US57->CS25,94703,94703,0
15,US57->CS33,94968,94966,0
15,US57->CS41,94663,94662,0
15,US57->CS49,94565,94564,0
15,US57->CS57,94913,94913,0
15,US58->CS2,94747,94746,0
15,US58->CS10,94703,94700,0
15,US58->CS18,94584,94584,0
15,US58->CS26,94629,94629,0
15,US58->CS34,94896,94896,0
15,US58->CS42,94490,94489,0
15,US58->CS50,95116,95116,0
15,US58->CS58,94526,94526,0
15,US59->CS3,94863,94862,0
15,US59->CS11,95028,95028,0
15,US59->CS19,94801,94801,0
15,US59->CS27,94679,94679,0
15,US59->CS35,95100,95100,0
15,US59->CS43,94196,94194,0
15,US59->CS51,94598,94598,0
15,US59->CS59,94952,94952,0
15,US60->CS4,94908,94907,0
15,US60->CS12,94396,94396,0
15,US60->CS20,94830,94830,0
15,US60->CS28,95397,95395,0
15,US60->CS36,94849,94849,0
15,US60->CS44,94894,94894,0
15,US60->CS52,94808,94808,0
15,US60->CS60,94604,94604,0
15,US61->CS5,94841,94841,0
15,US61->CS13,94791,94791,0
15,US61->CS21,95424,95423,0
15,US61->CS29,94938,94937,0
15,US61->CS37,94816,94815,0
15,US61->CS45,94469,94468,0
15,US61->CS53,94641,94640,0
15,US61->CS61,93768,93768,0
15,US62->CS6,95060,95058,0
15,US62->CS14,94972,94972,0
15,US62->CS22,95110,95110,0
15,US62->CS30,94838,94836,0
15,US62->CS38,94456,94456,0
15,US62->CS46,94497,94496,0
15,US62->CS54,94562,94562,0
15,US62->CS62,94735,94734,0
15,US63->CS7,95116,95116,0
15,US63->CS15,94742,94742,0
15,US63->CS23,95072,95072,0
15,US63->CS31,94666,94666,0
15,US63->CS39,94895,94895,0
15,US63->CS47,95120,95120,0
15,US63->CS55,94803,94802,0
15,US63->CS63,94337,94337,0
15,US64->CS0,116420,116419,0
15,US64->CS8,116247,116244,0
15,US64->CS16,116816,116816,0
15,US64->CS24,116618,116618,0
15,US64->CS32,116172,116172,0
15,US64->CS40,116574,116574,0
15,US64->CS48,116019,116019,0
15,US64->CS56,116633,116633,0
15,US65->CS1,116289,116288,0
15,US65->CS9,116818,116818,0
15,US65->CS17,116102,116102,0
15,US65->CS25,116609,116608,0
15,US65->CS33,116148,116147,0
15,US65->CS41,116574,116573,0
15,US65->CS49,116460,116460,0
15,US65->CS57,116478,116476,0
15,US66->CS2,116877,116877,0
15,US66->CS10,116386,116386,0
15,US66->CS18,116375,116375,0
15,US66->CS26,116303,116303,0
15,US66->CS34,116068,116065,0
15,US66->CS42,116940,116940,0
15,US66->CS50,116902,116900,0
15,US66->CS58,116364,116364,0
15,US67->CS3,116420,116420,0
15,US67->CS11,116299,116299,0
15,US67->CS19,116392,116392,0
15,US67->CS27,116637,116637,0
15,US67->CS35,116324,116324,0
15,US67->CS43,116277,116277,0
15,US67->CS51,116725,116725,0
15,US67->CS59,116249,116249,0
15,US68->CS4,116881,116880,0
15,US68->CS12,116755,116755,0
15,US68->CS20,116923,116922,0
15,US68->CS28,116904,116903,0
15,US68->CS36,116536,116536,0
15,US68->CS44,116420,116420,0
15,US68->CS52,115959,115958,0
15,US68->CS60,116039,116038,0
15,US69->CS5,116071,116071,0
15,US69->CS13,116845,116844,0
15,US69->CS21,117102,117102,0
15,US69->CS29,116690,116689,0
15,US69->CS37,117561,117561,0
15,US69->CS45,116965,116965,0
15,US69->CS53,117313,117312,0
15,US69->CS61,116283,116282,0
15,US70->CS6,116485,116485,0
15,US70->CS14,116756,116756,0
15,US70->CS22,116796,116796,0
15,US70->CS30,116694,116693,0
15,US70->CS38,117110,117110,0
15,US70->CS46,115906,115905,0
15,US70->CS54,116837,116836,0
15,US70->CS62,116743,116743,0
15,US71->CS7,116784,116783,0
15,US71->CS15,116657,116657,0
15,US71->CS23,116446,116446,0
15,US71->CS31,116897,116897,0
15,US71->CS39,116713,116713,0
15,US71->CS47,116393,116393,0
15,US71->CS55,116916,116916,0
15,US71->CS63,116191,116191,0
15,US72->CS0,63602,63602,0
15,US72->CS8,63574,63573,0
15,US72->CS16,63001,63001,0
15,US72->CS24,63581,63581,0
15,US72->CS32,63758,63758,0
15,US72->CS40,63281,63280,0
15,US72->CS48,63476,63476,0
15,US72->CS56,63178,63178,0
15,US73->CS1,63345,63344,0
15,US73->CS9,63332,63332,0
15,US73->CS17,63478,63478,0
15,US73->CS25,63252,63252,0
15,US73->CS33,63119,63119,0
15,US73->CS41,63598,63598,0
15,US73->CS49,63615,63615,0
15,US73->CS57,63637,63637,0
15,US74->CS2,62952,62951,0
15,US74->CS10,63472,63472,0
15,US74->CS18,63574,63574,0
15,US74->CS26,63286,63286,0
15,US74->CS34,63371,63371,0
15,US74->CS42,63594,63594,0
15,US74->CS50,63666,63665,0
15,US74->CS58,63337,63337,0
15,US75->CS3,63263,63263,0
15,US75->CS11,63668,63668,0
15,US75->CS19,63340,63340,0
15,US75->CS27,63013,63013,0
15,US75->CS35,63315,63312,3
15,US75->CS43,63267,63267,0
15,US75->CS51,63422,63422,0
15,US75->CS59,62924,62924,0
15,US76->CS4,62914,62913,0
15,US76->CS12,63434,63432,0
15,US76->CS20,63241,63241,0
15,US76->CS28,63289,63287,0
15,US76->CS36,63398,63398,0
15,US76->CS44,63000,63000,0
15,US76->CS52,63365,63365,0
15,US76->CS60,63643,63643,0
15,US77->CS5,63825,63824,0
15,US77->CS13,62909,62909,0
15,US77->CS21,62962,62962,0
15,US77->CS29,62620,62619,0
15,US77->CS37,63317,63316,0
15,US77->CS45,63387,63387,0
15,US77->CS53,62833,62832,0
15,US77->CS61,63167,63167,0
15,US78->CS6,63440,63440,0
15,US78->CS14,62987,62987,0
15,US78->CS22,63452,63452,0
15,US78->CS30,63320,63320,0
15,US78->CS38,63201,63201,0
15,US78->CS46,63191,63191,0
15,US78->CS54,63177,63176,0
15,US78->CS62,63122,63122,0
15,US79->CS7,63420,63419,0
15,US79->CS15,63555,63554,0
15,US79->CS23,62968,62968,0
15,US79->CS31,63236,63236,0
15,US79->CS39,63413,63412,0
15,US79->CS47,63107,63107,0
15,US79->CS55,63292,63292,0
15,US79->CS63,63324,63323,0
15,US80->CS0,81600,81600,0
15,US80->CS8,81535,81534,0
15,US80->CS16,81725,81725,0
15,US80->CS24,81574,81574,0
15,US80->CS32,81850,81850,0
15,US80->CS40,81155,81155,0
15,US80->CS48,81953,81952,0
15,US80->CS56,81540,81538,0
15,US81->CS1,81391,81391,0
15,US81->CS9,81618,81618,0
15,US81->CS17,81672,81672,0
15,US81->CS25,81555,81555,0
15,US81->CS33,82026,82026,0
15,US81->CS41,82013,82013,0
15,US81->CS49,81752,81752,0
15,US81->CS57,81810,81809,0
15,US82->CS2,81659,81658,0
15,US82->CS10,81430,81430,0
15,US82->CS18,82130,82129,0
15,US82->CS26,81355,81354,0
15,US82->CS34,81439,81439,0
15,US82->CS42,81670,81670,0
15,US82->CS50,81198,81198,0
15,US82->CS58,81950,81950,0
15,US83->CS3,81673,81673,0
15,US83->CS11,81252,81251,0
15,US83->CS19,81390,81389,0
15,US83->CS27,81490,81490,0
15,US83->CS35,82084,82084,0
15,US83->CS43,82384,82383,0
15,US83->CS51,81644,81643,0
15,US83->CS59,81415,81414,0
15,US84->CS4,81957,81957,0
15,US84->CS12,81690,81690,0
15,US84->CS20,81814,81813,0
15,US84->CS28,81858,81858,0
15,US84->CS36,81837,81836,0
15,US84->CS44,81923,81923,0
15,US84->CS52,81687,81686,0
15,US84->CS60,81980,81980,0
15,US85->CS5,82189,82189,0
15,US85->CS13,81448,81447,0
15,US85->CS21,81811,81811,0
15,US85->CS29,82313,82312,0
15,US85->CS37,81677,81676,0
15,US85->CS45,81859,81859,0
15,US85->CS53,81541,81540,0
15,US85->CS61,81917,81916,0
15,US86->CS6,81736,81736,0
15,US86->CS14,81803,81803,0
15,US86->CS22,82009,82008,0
15,US86->CS30,81605,81604,0
15,US86->CS38,81566,81566,0
15,US86->CS46,81403,81403,0
15,US86->CS54,81657,81657,0
15,US86->CS62,81890,81890,0
15,US87->CS7,81459,81458,0
15,US87->CS15,81669,81668,0
15,US87->CS23,81715,81715,0
15,US87->CS31,81422,81422,0
15,US87->CS39,81859,81858,0
15,US87->CS47,81835,81835,0
15,US87->CS55,81924,81924,0
15,US87->CS63,81670,81670,0
15,US88->CS0,63040,63040,0
15,US88->CS8,63120,63120,0
15,US88->CS16,63559,63559,0
15,US88->CS24,63666,63666,0
15,US88->CS32,63237,63237,0
15,US88->CS40,62969,62969,0
15,US88->CS48,63024,63024,0
15,US88->CS56,63540,63540,0
15,US89->CS1,63393,63393,0
15,US89->CS9,63254,63253,0
15,US89->CS17,63519,63519,0
15,US89->CS25,63259,63259,0
15,US89->CS33,63382,63381,0
15,US89->CS41,63608,63608,0
15,US89->CS49,63565,63565,0
15,US89->CS57,63324,63324,0
15,US90->CS2,63414,63414,0
15,US90->CS10,63547,63547,0
15,US90->CS18,63353,63353,0
15,US90->CS26,62618,62617,0
15,US90->CS34,63188,63188,0
15,US90->CS42,62978,62978,0
15,US90->CS50,63296,63296,0
15,US90->CS58,63626,63625,0
15,US91->CS3,63225,63225,0
15,US91->CS11,63328,63328,0
15,US91->CS19,63204,63204,0
15,US91->CS27,62877,62877,0
15,US91->CS35,63224,63224,0
15,US91->CS43,63002,63002,0
15,US91->CS51,63337,63337,0
15,US91->CS59,63381,63380,0
15,US92->CS4,62789,62789,0
15,US92->CS12,63823,63822,0
15,US92->CS20,63524,63524,0
15,US92->CS28,63301,63301,0
15,US92->CS36,63078,63078,0
15,US92->CS44,63143,63143,0
15,US92->CS52,63516,63516,0
15,US92->CS60,63098,63098,0
15,US93->CS5,63534,63534,0
15,US93->CS13,63387,63387,0
15,US93->CS21,63604,63604,0
15,US93->CS29,63333,63333,0
15,US93->CS37,63152,63152,0
15,US93->CS45,63057,63057,0
15,US93->CS53,63056,63056,0
15,US93->CS61,63628,63626,0
15,US94->CS6,63540,63540,0
15,US94->CS14,63184,63184,0
15,US94->CS22,63381,63381,0
15,US94->CS30,63149,63148,0
15,US94->CS38,63579,63579,0
15,US94->CS46,63210,63210,0
15,US94->CS54,63342,63340,0
15,US94->CS62,63086,63086,0
15,US95->CS7,63244,63243,0
15,US95->CS15,63412,63412,0
15,US95->CS23,63237,63236,0
15,US95->CS31,63282,63282,0
15,US95->CS39,63353,63353,0
15,US95->CS47,63472,63472,0
15,US95->CS55,63200,63200,0
15,US95->CS63,63186,63186,0
15,US96->CS0,106454,106454,0
15,US96->CS8,107211,107211,0
15,US96->CS16,106479,106479,0
15,US96->CS24,106586,106586,0
15,US96->CS32,106703,106701,0
15,US96->CS40,107369,107368,0
15,US96->CS48,107089,107089,0
15,US96->CS56,106886,106886,0
15,US97->CS1,107354,107354,0
15,US97->CS9,107422,107421,0
15,US97->CS17,107017,107015,0
15,US97->CS25,106463,106463,0
15,US97->CS33,106914,106913,0
15,US97->CS41,106745,106745,0
15,US97->CS49,106611,106611,0
15,US97->CS57,107181,107180,0
15,US98->CS2,106880,106879,0
15,US98->CS10,106507,106506,0
15,US98->CS18,106275,106275,0
15,US98->CS26,107173,107173,0
15,US98->CS34,106981,106980,0
15,US98->CS42,107067,107067,0
15,US98->CS50,107243,107242,0
15,US98->CS58,106792,106791,0
15,US99->CS3,106518,106518,0
15,US99->CS11,107023,107023,0
15,US99->CS19,107367,107367,0
15,US99->CS27,107041,107040,0
15,US99->CS35,107163,107163,0
15,US99->CS43,106576,106576,0
15,US99->CS51,107314,107314,0
15,US99->CS59,107075,107075,0
15,US100->CS4,106776,106776,0
15,US100->CS12,107056,107055,0
15,US100->CS20,106933,106933,0
15,US100->CS28,107276,107276,0
15,US100->CS36,106830,106830,0
15,US100->CS44,107126,107125,0
15,US100->CS52,106721,106720,0
15,US100->CS60,107224,107224,0
15,US101->CS5,106660,106659,0
15,US101->CS13,107110,107110,0
15,US101->CS21,107375,107375,0
15,US101->CS29,107238,107235,0
15,US101->CS37,106942,106940,0
15,US101->CS45,106664,106664,0
15,US101->CS53,106642,106642,0
15,US101->CS61,106840,106839,0
15,US102->CS6,107388,107388,0
15,US102->CS14,106910,106909,0
15,US102->CS22,107077,107077,0
15,US102->CS30,107173,107172,0
15,US102->CS38,107077,107075,0
15,US102->CS46,106613,106612,0
15,US102->CS54,106557,106557,0
15,US102->CS62,106861,106861,0
15,US103->CS7,106656,106656,0
15,US103->CS15,107428,107426,0
15,US103->CS23,106648,106648,0
15,US103->CS31,106655,106655,0
15,US103->CS39,107044,107044,0
15,US103->CS47,106967,106967,0
15,US103->CS55,106563,106563,0
15,US103->CS63,107238,107238,0
15,US104->CS0,105241,105241,0
15,US104->CS8,105038,105038,0
15,US104->CS16,105714,105713,0
15,US104->CS24,105678,105676,0
15,US104->CS32,105232,105231,0
15,US104->CS40,105304,105304,0
15,US104->CS48,105055,105055,0
15,US104->CS56,105480,105479,0
15,US105->CS1,105276,105276,0
15,US105->CS9,104673,104673,0
15,US105->CS17,104558,104557,0
15,US105->CS25,104981,104980,0
15,US105->CS33,105347,105347,0
15,US105->CS41,105803,105801,0
15,US105->CS49,105612,105612,0
15,US105->CS57,105433,105433,0
15,US106->CS2,105017,105016,0
15,US106->CS10,105039,105039,0
15,US106->CS18,105077,105076,0
15,US106->CS26,105095,105095,0
15,US106->CS34,104957,104957,0
15,US106->CS42,105065,105065,0
15,US106->CS50,105108,105107,0
15,US106->CS58,104982,104980,0
15,US107->CS3,105284,105284,0
15,US107->CS11,105419,105419,0
15,US107->CS19,105652,105652,0
15,US107->CS27,105553,105553,0
15,US107->CS35,104874,104873,0
15,US107->CS43,105473,105473,0
15,US107->CS51,105192,105190,0
15,US107->CS59,105316,105315,0
15,US108->CS4,104374,104374,0
15,US108->CS12,105001,105001,0
15,US108->CS20,105076,105075,0
15,US108->CS28,105502,105502,0
15,US108->CS36,105167,105167,0
15,US108->CS44,105481,105481,0
15,US108->CS52,104984,104984,0
15,US108->CS60,104825,104825,0
15,US109->CS5,105840,105839,0
15,US109->CS13,105046,105044,0
15,US109->CS21,105572,105572,0
15,US109->CS29,105777,105776,0
15,US109->CS37,105147,105146,0
15,US109->CS45,105537,105536,0
15,US109->CS53,105474,105473,0
15,US109->CS61,105302,105302,0
15,US110->CS6,105567,105567,0
15,US110->CS14,104761,104761,0
15,US110->CS22,105137,105136,0
15,US110->CS30,105074,105074,0
15,US110->CS38,104966,104966,0
15,US110->CS46,105661,105661,0
15,US110->CS54,105222,105222,0
15,US110->CS62,105309,105309,0
15,US111->CS7,105090,105090,0
15,US111->CS15,104934,104933,0
15,US111->CS23,105201,105199,0
15,US111->CS31,104842,104841,0
15,US111->CS39,105260,105260,0
15,US111->CS47,104814,104814,0
15,US111->CS55,105218,105218,0
15,US111->CS63,105253,105252,0
15,US112->CS0,59603,59603,0
15,US112->CS8,59543,59542,0
15,US112->CS16,59440,59440,0
15,US112->CS24,59757,59757,0
15,US112->CS32,59718,59716,0
15,US112->CS40,59679,59679,0
15,US112->CS48,59621,59620,0
15,US112->CS56,59269,59269,0
15,US113->CS1,59630,59630,0
15,US113->CS9,59403,59403,0
15,US113->CS17,59430,59430,0
15,US113->CS25,59567,59567,0
15,US113->CS33,59552,59552,0
15,US113->CS41,59262,59262,0
15,US113->CS49,59592,59592,0
15,US113->CS57,59239,59239,0
15,US114->CS2,59534,59534,0
15,US114->CS10,59257,59257,0
15,US114->CS18,59665,59663,0
15,US114->CS26,59291,59291,0
15,US114->CS34,59454,59454,0
15,US114->CS42,59430,59430,0
15,US114->CS50,59695,59695,0
15,US114->CS58,59764,59763,0
15,US115->CS3,60047,60047,0
15,US115->CS11,59795,59795,0
15,US115->CS19,59499,59499,0
15,US115->CS27,59274,59274,0
15,US115->CS35,59431,59431,0
15,US115->CS43,59757,59757,0
15,US115->CS51,59362,59362,0
15,US115->CS59,59654,59654,0
15,US116->CS4,59586,59586,0
15,US116->CS12,59346,59346,0
15,US116->CS20,59388,59388,0
15,US116->CS28,59845,59845,0
15,US116->CS36,59365,59365,0
15,US116->CS44,59574,59574,0
15,US116->CS52,59818,59817,0
15,US116->CS60,59455,59455,0
15,US117->CS5,59453,59453,0
15,US117->CS13,59143,59143,0
15,US117->CS21,59920,59920,0
15,US117->CS29,59940,59940,0
15,US117->CS37,59622,59622,0
15,US117->CS45,59754,59754,0
15,US117->CS53,59729,59729,0
15,US117->CS61,59110,59110,0
15,US118->CS6,60086,60086,0
15,US118->CS14,59318,59318,0
15,US118->CS22,59692,59692,0
15,US118->CS30,59441,59441,0
15,US118->CS38,59787,59787,0
15,US118->CS46,59720,59720,0
15,US118->CS54,59594,59594,0
15,US118->CS62,59562,59561,0
15,US119->CS7,59456,59456,0
15,US119->CS15,59465,59465,0
15,US119->CS23,59557,59557,0
15,US119->CS31,59249,59249,0
15,US119->CS39,59645,59645,0
15,US119->CS47,59576,59576,0
15,US119->CS55,59668,59668,0
15,US119->CS63,59588,59588,0
15,US120->CS0,71659,71659,0
15,US120->CS8,71488,71487,0
15,US120->CS16,71205,71205,0
15,US120->CS24,71478,71478,0
15,US120->CS32,71311,71310,0
15,US120->CS40,70846,70846,0
15,US120->CS48,70777,70777,0
15,US120->CS56,71517,71517,0
15,US121->CS1,71466,71466,0
15,US121->CS9,70939,70939,0
15,US121->CS17,71526,71526,0
15,US121->CS25,71912,71912,0
15,US121->CS33,71156,71156,0
15,US121->CS41,71448,71445,0
15,US121->CS49,71242,71242,0
15,US121->CS57,71389,71389,0
15,US122->CS2,71475,71474,0
15,US122->CS10,70955,70953,0
15,US122->CS18,71355,71354,0
15,US122->CS26,71747,71747,0
15,US122->CS34,71076,71076,0
15,US122->CS42,71651,71651,0
15,US122->CS50,70961,70960,0
15,US122->CS58,71702,71700,0
15,US123->CS3,71039,71036,0
15,US123->CS11,71824,71823,0
15,US123->CS19,70962,70962,0
15,US123->CS27,71586,71586,0
15,US123->CS35,71619,71619,0
15,US123->CS43,71083,71083,0
15,US123->CS51,72103,72103,0
15,US123->CS59,71378,71378,0
15,US124->CS4,71066,71066,0
15,US124->CS12,71372,71372,0
15,US124->CS20,70912,70912,0
15,US124->CS28,71490,71490,0
15,US124->CS36,70943,70942,0
15,US124->CS44,71360,71360,0
15,US124->CS52,70863,70863,0
15,US124->CS60,70952,70952,0
15,US125->CS5,71095,71094,0
15,US125->CS13,71112,71112,0
15,US125->CS21,71620,71620,0
15,US125->CS29,71254,71254,0
15,US125->CS37,70820,70818,0
15,US125->CS45,71253,71252,0
15,US125->CS53,71295,71294,0
15,US125->CS61,71627,71626,0
15,US126->CS6,70970,70969,0
15,US126->CS14,70964,70963,0
15,US126->CS22,71090,71090,0
15,US126->CS30,71225,71224,0
15,US126->CS38,71459,71459,0
15,US126->CS46,71331,71329,0
15,US126->CS54,71364,71364,0
15,US126->CS62,71794,71794,0
15,US127->CS7,71195,71194,0
15,US127->CS15,71451,71451,0
15,US127->CS23,71306,71306,0
15,US127->CS31,71600,71600,0
15,US127->CS39,71530,71530,0
15,US127->CS47,71168,71167,0
15,US127->CS55,71310,71310,0
15,US127->CS63,71693,71692,0
15,CS0->US0,51971,51971,0
15,CS0->US8,81563,81563,0
15,CS0->US16,71765,71765,0
15,CS0->US24,95203,95203,0
15,CS0->US32,116270,116269,0
15,CS0->US40,59612,59612,0
15,CS0->US48,52267,52267,0
15,CS0->US56,93862,93861,0
15,CS0->US64,116927,116926,0
15,CS0->US72,63041,63040,0
15,CS0->US80,86484,86484,0
15,CS0->US88,63536,63536,0
15,CS0->US96,105159,105159,0
15,CS0->US104,106431,106431,0
15,CS0->US112,59955,59955,0
15,CS0->US120,74320,74320,0
15,CS1->US1,51851,51851,0
15,CS1->US9,81321,81321,0
15,CS1->US17,71535,71535,0
15,CS1->US25,94839,94838,0
15,CS1->US33,116140,116138,0
15,CS1->US41,59666,59666,0
15,CS1->US49,52103,52103,0
15,CS1->US57,94343,94342,0
15,CS1->US65,117111,117111,0
15,CS1->US73,63355,63355,0
15,CS1->US81,85862,85862,0
15,CS1->US89,63463,63463,0
15,CS1->US97,105219,105219,0
15,CS1->US105,107352,107352,0
15,CS1->US113,60220,60220,0
15,CS1->US121,74310,74310,0
15,CS2->US2,52099,52099,0
15,CS2->US10,81624,81624,0
15,CS2->US18,71515,71514,0
15,CS2->US26,94793,94793,0
15,CS2->US34,116793,116793,0
15,CS2->US42,59673,59672,0
15,CS2->US50,51862,51862,0
15,CS2->US58,93905,93905,0
15,CS2->US66,116810,116809,0
15,CS2->US74,63356,63356,0
15,CS2->US82,86182,86182,0
15,CS2->US90,62933,62933,0
15,CS2->US98,104956,104956,0
15,CS2->US106,106775,106775,0
15,CS2->US114,60079,60079,0
15,CS2->US122,74293,74293,0
15,CS3->US3,52016,52016,0
15,CS3->US11,81598,81597,0
15,CS3->US19,71090,71090,0
15,CS3->US27,94856,94856,0
15,CS3->US35,116431,116431,0
15,CS3->US43,60039,60039,0
15,CS3->US51,51921,51921,0
15,CS3->US59,93940,93938,0
15,CS3->US67,116920,116920,0
15,CS3->US75,63222,63222,0
15,CS3->US83,86542,86542,0
15,CS3->US91,63368,63368,0
15,CS3->US99,105305,105304,0
15,CS3->US107,106387,106387,0
15,CS3->US115,60122,60122,0
15,CS3->US123,74086,74085,0
15,CS4->US4,52332,52332,0
15,CS4->US12,81951,81951,0
15,CS4->US20,71149,71147,0
15,CS4->US28,94947,94947,0
15,CS4->US36,116862,116862,0
15,CS4->US44,59582,59582,0
15,CS4->US52,51770,51770,0
15,CS4->US60,93719,93719,0
15,CS4->US68,116220,116219,0
15,CS4->US76,62756,62755,0
15,CS4->US84,86771,86770,0
15,CS4->US92,62946,62946,0
15,CS4->US100,104267,104267,0
15,CS4->US108,106628,106628,0
15,CS4->US116,60098,60096,0
15,CS4->US124,74966,74965,0
15,CS5->US5,52013,52013,0
15,CS5->US13,82198,82198,0
15,CS5->US21,71204,71204,0
15,CS5->US29,94824,94822,0
15,CS5->US37,115921,115920,0
15,CS5->US45,59473,59473,0
15,CS5->US53,52242,52242,0
15,CS5->US61,94224,94223,0
15,CS5->US69,117388,117387,0
15,CS5->US77,63477,63477,0
15,CS5->US85,86379,86379,0
15,CS5->US93,63833,63833,0
15,CS5->US101,105733,105733,0
15,CS5->US109,106721,106721,0
15,CS5->US117,60065,60065,0
15,CS5->US125,75066,75066,0
15,CS6->US6,52377,52377,0
15,CS6->US14,81741,81741,0
15,CS6->US22,71082,71082,0
15,CS6->US30,95060,95059,0
15,CS6->US38,116389,116389,0
15,CS6->US46,60176,60176,0
15,CS6->US54,52220,52220,0
15,CS6->US62,94907,94906,0
15,CS6->US70,116645,116645,0
15,CS6->US78,63491,63491,0
15,CS6->US86,86065,86063,0
15,CS6->US94,63489,63489,0
15,CS6->US102,105496,105496,0
15,CS6->US110,107264,107263,0
15,CS6->US118,60034,60033,0
15,CS6->US126,74070,74069,0
15,CS7->US7,52217,52217,0
15,CS7->US15,81476,81475,0
15,CS7->US23,71309,71309,0
15,CS7->US31,95178,95178,0
15,CS7->US39,116673,116672,0
15,CS7->US47,59493,59493,0
15,CS7->US55,52291,52291,0
15,CS7->US63,94566,94566,0
15,CS7->US71,116881,116881,0
15,CS7->US79,63258,63258,0
15,CS7->US87,86468,86468,0
15,CS7->US95,63407,63407,0
15,CS7->US103,105087,105086,0
15,CS7->US111,106619,106619,0
15,CS7->US119,59944,59944,0
15,CS7->US127,74245,74245,0
15,CS8->US0,51885,51885,0
15,CS8->US8,81473,81473,0
15,CS8->US16,71562,71559,0
15,CS8->US24,94629,94629,0
15,CS8->US32,116159,116157,0
15,CS8->US40,59573,59573,0
15,CS8->US48,52101,52101,0
15,CS8->US56,94378,94377,0
15,CS8->US64,116835,116834,0
15,CS8->US72,63042,63041,0
15,CS8->US80,86399,86399,0
15,CS8->US88,63621,63621,0
15,CS8->US96,105109,105108,0
15,CS8->US104,107095,107094,0
15,CS8->US112,60219,60218,0
15,CS8->US120,74267,74267,0
15,CS9->US1,52463,52463,0
15,CS9->US9,81600,81600,0
15,CS9->US17,71079,71078,0
15,CS9->US25,95152,95152,0
15,CS9->US33,116714,116714,0
15,CS9->US41,59404,59404,0
15,CS9->US49,52313,52313,0
15,CS9->US57,93851,93851,0
15,CS9->US65,116130,116129,0
15,CS9->US73,63195,63194,0
15,CS9->US81,86098,86097,0
15,CS9->US89,63347,63346,0
15,CS9->US97,104713,104713,0
15,CS9->US105,107419,107419,0
15,CS9->US113,60575,60574,0
15,CS9->US121,74251,74251,0
15,CS10->US2,51749,51749,0
15,CS10->US10,81471,81471,0
15,CS10->US18,71060,71060,0
15,CS10->US26,94801,94801,0
15,CS10->US34,116314,116314,0
15,CS10->US42,59298,59298,0
15,CS10->US50,51823,51823,0
15,CS10->US58,93956,93955,0
15,CS10->US66,117142,117142,0
15,CS10->US74,63467,63467,0
15,CS10->US82,86518,86518,0
15,CS10->US90,63491,63491,0
15,CS10->US98,105029,105029,0
15,CS10->US106,106349,106349,0
15,CS10->US114,59907,59907,0
15,CS10->US122,73994,73994,0
15,CS11->US3,51978,51978,0
15,CS11->US11,81311,81311,0
15,CS11->US19,71970,71970,0
15,CS11->US27,95092,95091,0
15,CS11->US35,116241,116241,0
15,CS11->US43,59881,59881,0
15,CS11->US51,52349,52349,0
15,CS11->US59,93916,93916,0
15,CS11->US67,116903,116903,0
15,CS11->US75,63202,63202,0
15,CS11->US83,86493,86493,0
15,CS11->US91,63640,63640,0
15,CS11->US99,105417,105416,0
15,CS11->US107,106887,106886,0
15,CS11->US115,60179,60179,0
15,CS11->US123,73776,73774,0
15,CS12->US4,52552,52552,0
15,CS12->US12,81696,81695,0
15,CS12->US20,71378,71378,0
15,CS12->US28,94418,94418,0
15,CS12->US36,116645,116644,0
15,CS12->US44,59354,59353,0
15,CS12->US52,52422,52422,0
15,CS12->US60,94125,94124,0
15,CS12->US68,117267,117264,0
15,CS12->US76,63875,63875,0
15,CS12->US84,86461,86461,0
15,CS12->US92,63444,63443,0
15,CS12->US100,104892,104892,0
15,CS12->US108,107014,107014,0
15,CS12->US116,59698,59698,0
15,CS12->US124,74090,74090,0
15,CS13->US5,52253,52253,0
15,CS13->US13,81477,81476,0
15,CS13->US21,71168,71168,0
15,CS13->US29,94792,94792,0
15,CS13->US37,116717,116716,0
15,CS13->US45,59197,59197,0
15,CS13->US53,52357,52357,0
15,CS13->US61,94513,94513,0
15,CS13->US69,116104,116104,0
15,CS13->US77,63285,63285,0
15,CS13->US85,86033,86032,0
15,CS13->US93,62907,62906,0
15,CS13->US101,105109,105109,0
15,CS13->US109,107100,107100,0
15,CS13->US117,59834,59834,0
15,CS13->US125,74235,74234,0
15,CS14->US6,52243,52243,0
15,CS14->US14,81832,81831,0
15,CS14->US22,71171,71170,0
15,CS14->US30,94989,94989,0
15,CS14->US38,116634,116633,0
15,CS14->US46,59209,59209,0
15,CS14->US54,52483,52483,0
15,CS14->US62,94008,94006,0
15,CS14->US70,116836,116835,0
15,CS14->US78,63096,63096,0
15,CS14->US86,86402,86401,0
15,CS14->US94,63048,63048,0
15,CS14->US102,104654,104653,0
15,CS14->US110,106886,106885,0
15,CS14->US118,60079,60079,0
15,CS14->US126,74473,74473,0
15,CS15->US7,52638,52638,0
15,CS15->US15,81574,81573,0
15,CS15->US23,71566,71566,0
15,CS15->US31,94791,94791,0
15,CS15->US39,116562,116562,0
15,CS15->US47,59458,59458,0
15,CS15->US55,52084,52084,0
15,CS15->US63,93807,93805,0
15,CS15->US71,116448,116448,0
15,CS15->US79,63356,63356,0
15,CS15->US87,86467,86467,0
15,CS15->US95,63639,63639,0
15,CS15->US103,105008,105008,0
15,CS15->US111,107347,107345,0
15,CS15->US119,59959,59958,0
15,CS15->US127,74719,74719,0
15,CS16->US0,51651,51651,0
15,CS16->US8,81725,81725,0
15,CS16->US16,71277,71277,0
15,CS16->US24,94250,94250,0
15,CS16->US32,116729,116729,0
15,CS16->US40,59504,59504,0
15,CS16->US48,52046,52046,0
15,CS16->US56,94557,94557,0
15,CS16->US64,116849,116849,0
15,CS16->US72,63502,63501,0
15,CS16->US80,86751,86750,0
15,CS16->US88,63073,63072,0
15,CS16->US96,105734,105734,0
15,CS16->US104,106469,106469,0
15,CS16->US112,59782,59782,0
15,CS16->US120,74138,74137,0
15,CS17->US1,52297,52297,0
15,CS17->US9,81719,81718,0
15,CS17->US17,71640,71639,0
15,CS17->US25,94632,94632,0
15,CS17->US33,115943,115943,0
15,CS17->US41,59466,59466,0
15,CS17->US49,52117,52117,0
15,CS17->US57,94141,94141,0
15,CS17->US65,116836,116836,0
15,CS17->US73,63533,63533,0
15,CS17->US81,86385,86385,0
15,CS17->US89,63477,63477,0
15,CS17->US97,104541,104541,0
15,CS17->US105,106979,106978,0
15,CS17->US113,59858,59858,0
15,CS17->US121,74075,74074,0
15,CS18->US2,51891,51891,0
15,CS18->US10,82127,82127,0
15,CS18->US18,71454,71453,0
15,CS18->US26,94436,94435,0
15,CS18->US34,116301,116301,0
15,CS18->US42,59684,59684,0
15,CS18->US50,51720,51720,0
15,CS18->US58,94163,94162,0
15,CS18->US66,116942,116942,0
15,CS18->US74,63290,63290,0
15,CS18->US82,86575,86573,0
15,CS18->US90,63577,63577,0
15,CS18->US98,104901,104901,0
15,CS18->US106,106264,106263,0
15,CS18->US114,59826,59826,0
15,CS18->US122,74396,74396,0
15,CS19->US3,51746,51746,0
15,CS19->US11,81305,81305,0
15,CS19->US19,71072,71072,0
15,CS19->US27,94845,94845,0
15,CS19->US35,116371,116371,0
15,CS19->US43,59575,59575,0
15,CS19->US51,51970,51970,0
15,CS19->US59,94526,94526,0
15,CS19->US67,116869,116868,0
15,CS19->US75,63184,63184,0
15,CS19->US83,86174,86174,0
15,CS19->US91,63377,63377,0
15,CS19->US99,105689,105689,0
15,CS19->US107,107114,107114,0
15,CS19->US115,60085,60085,0
15,CS19->US123,74726,74725,0
15,CS20->US4,52010,52010,0
15,CS20->US12,81723,81721,0
15,CS20->US20,70970,70970,0
15,CS20->US28,94934,94933,0
15,CS20->US36,116736,116736,0
15,CS20->US44,59322,59322,0
15,CS20->US52,51934,51934,0
15,CS20->US60,94032,94032,0
15,CS20->US68,116108,116107,0
15,CS20->US76,63555,63555,0
15,CS20->US84,85919,85919,0
15,CS20->US92,63374,63373,0
15,CS20->US100,105103,105103,0
15,CS20->US108,106874,106873,0
15,CS20->US116,60120,60120,0
15,CS20->US124,74794,74794,0
15,CS21->US5,52166,52166,0
15,CS21->US13,81855,81854,0
15,CS21->US21,71811,71811,0
15,CS21->US29,95407,95406,0
15,CS21->US37,116972,116972,0
15,CS21->US45,59833,59833,0
15,CS21->US53,52100,52100,0
15,CS21->US61,93779,93779,0
15,CS21->US69,117668,117668,0
15,CS21->US77,63494,63494,0
15,CS21->US85,85819,85818,0
15,CS21->US93,63055,63055,0
15,CS21->US101,105618,105618,0
15,CS21->US109,107369,107369,0
15,CS21->US117,60255,60255,0
15,CS21->US125,74155,74155,0
15,CS22->US6,52286,52286,0
15,CS22->US14,81980,81979,0
15,CS22->US22,71232,71231,0
15,CS22->US30,95165,95165,0
15,CS22->US38,116642,116642,0
15,CS22->US46,59726,59726,0
15,CS22->US54,51949,51949,0
15,CS22->US62,93885,93884,0
15,CS22->US70,117094,117094,0
15,CS22->US78,63375,63375,0
15,CS22->US86,86728,86728,0
15,CS22->US94,63466,63464,0
15,CS22->US102,105148,105148,0
15,CS22->US110,107057,107057,0
15,CS22->US118,60154,60153,0
15,CS22->US126,74194,74194,0
15,CS23->US7,52241,52241,0
15,CS23->US15,81683,81683,0
15,CS23->US23,71403,71403,0
15,CS23->US31,95123,95122,0
15,CS23->US39,116291,116290,0
15,CS23->US47,59461,59461,0
15,CS23->US55,52036,52036,0
15,CS23->US63,94199,94198,0
15,CS23->US71,116706,116706,0
15,CS23->US79,63267,63267,0
15,CS23->US87,86287,86287,0
15,CS23->US95,63060,63060,0
15,CS23->US103,105215,105214,0
15,CS23->US111,106612,106610,0
15,CS23->US119,60164,60164,0
15,CS23->US127,74418,74418,0
15,CS24->US0,52383,52383,0
15,CS24->US8,81562,81561,0
15,CS24->US16,71561,71561,0
15,CS24->US24,95257,95257,0
15,CS24->US32,116480,116479,0
15,CS24->US40,59757,59757,0
15,CS24->US48,52327,52327,0
15,CS24->US56,94522,94521,0
15,CS24->US64,116777,116777,0
15,CS24->US72,63670,63669,0
15,CS24->US80,86122,86122,0
15,CS24->US88,63683,63683,0
15,CS24->US96,105632,105631,0
15,CS24->US104,106571,106571,0
15,CS24->US112,60311,60311,0
15,CS24->US120,74340,74340,0
15,CS25->US1,51913,51913,0
15,CS25->US9,81580,81580,0
15,CS25->US17,71976,71976,0
15,CS25->US25,94706,94705,0
15,CS25->US33,116524,116523,0
15,CS25->US41,59599,59599,0
15,CS25->US49,51828,51828,0
15,CS25->US57,93579,93579,0
15,CS25->US65,116463,116463,0
15,CS25->US73,63271,63271,0
15,CS25->US81,86370,86370,0
15,CS25->US89,63289,63289,0
15,CS25->US97,105026,105025,0
15,CS25->US105,106427,106426,0
15,CS25->US113,60193,60193,0
15,CS25->US121,74681,74681,0
15,CS26->US2,52161,52161,0
15,CS26->US10,81428,81428,0
15,CS26->US18,71839,71839,0
15,CS26->US26,94705,94704,0
15,CS26->US34,116200,116200,0
15,CS26->US42,59374,59374,0
15,CS26->US50,52472,52472,0
15,CS26->US58,94392,94391,0
15,CS26->US66,116739,116739,0
15,CS26->US74,62621,62621,0
15,CS26->US82,85840,85839,0
15,CS26->US90,63330,63330,0
15,CS26->US98,105110,105110,0
15,CS26->US106,107098,107098,0
15,CS26->US114,59932,59932,0
15,CS26->US122,73762,73761,0
15,CS27->US3,52212,52212,0
15,CS27->US11,81446,81446,0
15,CS27->US19,71691,71691,0
15,CS27->US27,94689,94689,0
15,CS27->US35,116532,116529,0
15,CS27->US43,59329,59329,0
15,CS27->US51,52322,52322,0
15,CS27->US59,94323,94323,0
15,CS27->US67,116648,116647,0
15,CS27->US75,62877,62877,0
15,CS27->US83,86613,86613,0
15,CS27->US91,63060,63060,0
15,CS27->US99,105522,105521,0
15,CS27->US107,107015,107015,0
15,CS27->US115,59879,59879,0
15,CS27->US123,74246,74244,0
15,CS28->US4,52101,52101,0
15,CS28->US12,81841,81841,0
15,CS28->US20,71569,71567,0
15,CS28->US28,95341,95341,0
15,CS28->US36,116749,116749,0
15,CS28->US44,59941,59941,0
15,CS28->US52,51829,51829,0
15,CS28->US60,94413,94413,0
15,CS28->US68,117343,117341,0
15,CS28->US76,63263,63263,0
15,CS28->US84,86345,86344,0
15,CS28->US92,63263,63263,0
15,CS28->US100,105410,105410,0
15,CS28->US108,107306,107306,0
15,CS28->US116,60359,60359,0
15,CS28->US124,74438,74438,0
15,CS29->US5,51855,51855,0
15,CS29->US13,82223,82223,0
15,CS29->US21,71300,71299,0
15,CS29->US29,94972,94972,0
15,CS29->US37,116612,116612,0
15,CS29->US45,59896,59896,0
15,CS29->US53,52303,52303,0
15,CS29->US61,94036,94036,0
15,CS29->US69,116376,116376,0
15,CS29->US77,63298,63298,0
15,CS29->US85,86546,86545,0
15,CS29->US93,62739,62739,0
15,CS29->US101,105765,105765,0
15,CS29->US109,107160,107159,0
15,CS29->US117,59824,59824,0
15,CS29->US125,73835,73835,0
15,CS30->US6,52037,52037,0
15,CS30->US14,81712,81712,0
15,CS30->US22,71237,71237,0
15,CS30->US30,94895,94894,0
15,CS30->US38,116534,116534,0
15,CS30->US46,59478,59478,0
15,CS30->US54,52045,52045,0
15,CS30->US62,94027,94027,0
15,CS30->US70,117066,117065,0
15,CS30->US78,63176,63176,0
15,CS30->US86,86678,86678,0
15,CS30->US94,63251,63251,0
15,CS30->US102,105021,105021,0
15,CS30->US110,107149,107148,0
15,CS30->US118,60339,60339,0
15,CS30->US126,74371,74371,0
15,CS31->US7,51764,51764,0
15,CS31->US15,81404,81404,0
15,CS31->US23,71735,71735,0
15,CS31->US31,94682,94682,0
15,CS31->US39,116721,116720,0
15,CS31->US47,59298,59298,0
15,CS31->US55,51951,51951,0
15,CS31->US63,93974,93974,0
15,CS31->US71,116551,116551,0
15,CS31->US79,63261,63261,0
15,CS31->US87,86579,86579,0
15,CS31->US95,63310,63308,0
15,CS31->US103,104793,104793,0
15,CS31->US111,106680,106679,0
15,CS31->US119,60564,60564,0
15,CS31->US127,74419,74419,0
15,CS32->US0,52145,52145,0
15,CS32->US8,81868,81868,0
15,CS32->US16,71400,71400,0
15,CS32->US24,94919,94919,0
15,CS32->US32,116016,116015,0
15,CS32->US40,59837,59837,0
15,CS32->US48,52437,52437,0
15,CS32->US56,93805,93804,0
15,CS32->US64,116630,116629,0
15,CS32->US72,63233,63233,0
15,CS32->US80,86552,86552,0
15,CS32->US88,63796,63796,0
15,CS32->US96,105122,105121,0
15,CS32->US104,106739,106739,0
15,CS32->US112,59982,59982,0
15,CS32->US120,74158,74158,0
15,CS33->US1,52249,52249,0
15,CS33->US9,81948,81947,0
15,CS33->US17,71327,71327,0
15,CS33->US25,94996,94996,0
15,CS33->US33,116061,116061,0
15,CS33->US41,59610,59610,0
15,CS33->US49,52012,52012,0
15,CS33->US57,93444,93444,0
15,CS33->US65,116370,116370,0
15,CS33->US73,63277,63277,0
15,CS33->US81,85476,85476,0
15,CS33->US89,63143,63142,0
15,CS33->US97,105288,105288,0
15,CS33->US105,106849,106849,0
15,CS33->US113,60197,60197,0
15,CS33->US121,74231,74231,0
15,CS34->US2,52304,52304,0
15,CS34->US10,81612,81612,0
15,CS34->US18,71171,71170,0
15,CS34->US26,94943,94942,0
15,CS34->US34,116022,116022,0
15,CS34->US42,59436,59436,0
15,CS34->US50,52600,52600,0
15,CS34->US58,94151,94150,0
15,CS34->US66,116585,116584,0
15,CS34->US74,63186,63186,0
15,CS34->US82,86867,86867,0
15,CS34->US90,63418,63418,0
15,CS34->US98,104941,104941,0
15,CS34->US106,106901,106901,0
15,CS34->US114,60130,60130,0
15,CS34->US122,74083,74081,0
15,CS35->US3,52200,52200,0
15,CS35->US11,82061,82060,0
15,CS35->US19,71621,71621,0
15,CS35->US27,95041,95040,0
15,CS35->US35,116298,116298,0
15,CS35->US43,59509,59509,0
15,CS35->US51,52298,52298,0
15,CS35->US59,93946,93946,0
15,CS35->US67,116815,116815,0
15,CS35->US75,63240,63240,0
15,CS35->US83,86295,86295,0
15,CS35->US91,63353,63352,0
15,CS35->US99,104817,104817,0
15,CS35->US107,107040,107039,0
15,CS35->US115,60153,60152,0
15,CS35->US123,74593,74593,0
15,CS36->US4,52325,52325,0
15,CS36->US12,81868,81868,0
15,CS36->US20,71031,71029,0
15,CS36->US28,94839,94839,0
15,CS36->US36,116445,116445,0
15,CS36->US44,59356,59356,0
15,CS36->US52,52285,52285,0
15,CS36->US60,93856,93856,0
15,CS36->US68,116177,116176,0
15,CS36->US76,63077,63076,0
15,CS36->US84,86473,86473,0
15,CS36->US92,63508,63507,0
15,CS36->US100,105165,105165,0
15,CS36->US108,106817,106817,0
15,CS36->US116,59756,59756,0
15,CS36->US124,74128,74127,0
15,CS37->US5,52436,52436,0
15,CS37->US13,81678,81678,0
15,CS37->US21,71011,71010,0
15,CS37->US29,94871,94870,0
15,CS37->US37,117480,117479,0
15,CS37->US45,59611,59611,0
15,CS37->US53,51874,51874,0
15,CS37->US61,94106,94106,0
15,CS37->US69,116892,116892,0
15,CS37->US77,63200,63199,0
15,CS37->US85,86396,86396,0
15,CS37->US93,63302,63300,0
15,CS37->US101,105102,105101,0
15,CS37->US109,106869,106869,0
15,CS37->US117,59740,59740,0
15,CS37->US125,74046,74045,0
15,CS38->US6,51990,51990,0
15,CS38->US14,81537,81537,0
15,CS38->US22,71604,71604,0
15,CS38->US30,94438,94437,0
15,CS38->US38,116956,116955,0
15,CS38->US46,59753,59753,0
15,CS38->US54,51965,51965,0
15,CS38->US62,93894,93893,0
15,CS38->US70,116670,116670,0
15,CS38->US78,63516,63515,0
15,CS38->US86,87051,87051,0
15,CS38->US94,63280,63279,0
15,CS38->US102,105045,105043,0
15,CS38->US110,107076,107075,0
15,CS38->US118,59874,59874,0
15,CS38->US126,74289,74287,0
15,CS39->US7,52038,52038,0
15,CS39->US15,81920,81919,0
15,CS39->US23,71627,71625,0
15,CS39->US31,94883,94883,0
15,CS39->US39,116509,116508,0
15,CS39->US47,59658,59658,0
15,CS39->US55,51962,51962,0
15,CS39->US63,93677,93676,0
15,CS39->US71,116287,116287,0
15,CS39->US79,63255,63255,0
15,CS39->US87,86004,86004,0
15,CS39->US95,63479,63479,0
15,CS39->US103,105249,105249,0
15,CS39->US111,107150,107150,0
15,CS39->US119,60056,60056,0
15,CS39->US127,74517,74516,0
15,CS40->US0,52201,52201,0
15,CS40->US8,81208,81208,0
15,CS40->US16,70847,70847,0
15,CS40->US24,94531,94531,0
15,CS40->US32,116491,116491,0
15,CS40->US40,59700,59700,0
15,CS40->US48,52107,52107,0
15,CS40->US56,93800,93800,0
15,CS40->US64,117308,117307,0
15,CS40->US72,62959,62958,0
15,CS40->US80,86712,86712,0
15,CS40->US88,63298,63298,0
15,CS40->US96,105269,105268,0
15,CS40->US104,107262,107262,0
15,CS40->US112,60261,60261,0
15,CS40->US120,73754,73754,0
15,CS41->US1,52321,52321,0
15,CS41->US9,82004,82004,0
15,CS41->US17,71622,71622,0
15,CS41->US25,94724,94723,0
15,CS41->US33,116395,116395,0
15,CS41->US41,59231,59231,0
15,CS41->US49,51668,51668,0
15,CS41->US57,93873,93873,0
15,CS41->US65,116707,116707,0
15,CS41->US73,63438,63438,0
15,CS41->US81,86858,86858,0
15,CS41->US89,63680,63680,0
15,CS41->US97,105659,105659,0
15,CS41->US105,106725,106725,0
15,CS41->US113,60111,60111,0
15,CS41->US121,74473,74473,0
15,CS42->US2,51921,51921,0
15,CS42->US10,81725,81724,0
15,CS42->US18,71788,71788,0
15,CS42->US26,94576,94574,0
15,CS42->US34,116791,116791,0
15,CS42->US42,59442,59442,0
15,CS42->US50,52082,52082,0
15,CS42->US58,94016,94014,0
15,CS42->US66,116964,116964,0
15,CS42->US74,62960,62959,0
15,CS42->US82,86581,86580,0
15,CS42->US90,63635,63635,0
15,CS42->US98,105093,105093,0
15,CS42->US106,107062,107061,0
15,CS42->US114,60133,60133,0
15,CS42->US122,74491,74490,0
15,CS43->US3,51871,51871,0
15,CS43->US11,82409,82409,0
15,CS43->US19,71095,71094,0
15,CS43->US27,94208,94207,0
15,CS43->US35,116097,116097,0
15,CS43->US43,59736,59736,0
15,CS43->US51,52044,52044,0
15,CS43->US59,94438,94438,0
15,CS43->US67,117146,117146,0
15,CS43->US75,63037,63036,0
15,CS43->US83,86322,86322,0
15,CS43->US91,63306,63306,0
15,CS43->US99,105406,105406,0
15,CS43->US107,106613,106613,0
15,CS43->US115,60004,60003,0
15,CS43->US123,74297,74297,0
15,CS44->US4,51823,51823,0
15,CS44->US12,81926,81925,0
15,CS44->US20,71405,71403,0
15,CS44->US28,94867,94867,0
15,CS44->US36,116326,116326,0
15,CS44->US44,59464,59462,0
15,CS44->US52,52170,52170,0
15,CS44->US60,94021,94021,0
15,CS44->US68,116972,116972,0
15,CS44->US76,63171,63170,0
15,CS44->US84,86652,86652,0
15,CS44->US92,63087,63087,0
15,CS44->US100,105358,105357,0
15,CS44->US108,107073,107073,0
15,CS44->US116,59994,59994,0
15,CS44->US124,74246,74245,0
15,CS45->US5,51846,51846,0
15,CS45->US13,81865,81865,0
15,CS45->US21,71294,71293,0
15,CS45->US29,94500,94500,0
15,CS45->US37,116846,116846,0
15,CS45->US45,59813,59813,0
15,CS45->US53,52233,52233,0
15,CS45->US61,93740,93740,0
15,CS45->US69,116823,116822,0
15,CS45->US77,63015,63015,0
15,CS45->US85,86874,86874,0
15,CS45->US93,63379,63378,0
15,CS45->US101,105467,105465,0
15,CS45->US109,106649,106648,0
15,CS45->US117,60360,60359,0
15,CS45->US125,74204,74204,0
15,CS46->US6,51963,51963,0
15,CS46->US14,81458,81457,0
15,CS46->US22,71457,71456,0
15,CS46->US30,94613,94612,0
15,CS46->US38,115758,115758,0
15,CS46->US46,59757,59757,0
15,CS46->US54,52047,52047,0
15,CS46->US62,94409,94409,0
15,CS46->US70,116866,116866,0
15,CS46->US78,63123,63123,0
15,CS46->US86,86663,86661,0
15,CS46->US94,63216,63216,0
15,CS46->US102,105733,105733,0
15,CS46->US110,106623,106622,0
15,CS46->US118,60417,60417,0
15,CS46->US126,74394,74394,0
15,CS47->US7,51926,51926,0
15,CS47->US15,81824,81824,0
15,CS47->US23,71254,71253,0
15,CS47->US31,95251,95251,0
15,CS47->US39,116287,116287,0
15,CS47->US47,59621,59621,0
15,CS47->US55,52517,52517,0
15,CS47->US63,94093,94093,0
15,CS47->US71,116481,116480,0
15,CS47->US79,63365,63365,0
15,CS47->US87,86563,86563,0
15,CS47->US95,63001,62999,0
15,CS47->US103,104901,104901,0
15,CS47->US111,106862,106862,0
15,CS47->US119,60108,60107,0
15,CS47->US127,74447,74446,0
15,CS48->US0,52153,52153,0
15,CS48->US8,81932,81932,0
15,CS48->US16,70995,70994,0
15,CS48->US24,95129,95128,0
15,CS48->US32,115850,115850,0
15,CS48->US40,59603,59603,0
15,CS48->US48,52051,52051,0
15,CS48->US56,93706,93704,0
15,CS48->US64,115756,115756,0
15,CS48->US72,62922,62922,0
15,CS48->US80,86550,86550,0
15,CS48->US88,63488,63487,0
15,CS48->US96,105107,105107,0
15,CS48->US104,107074,107074,0
15,CS48->US112,60027,60027,0
15,CS48->US120,74533,74532,0
15,CS49->US1,52206,52206,0
15,CS49->US9,81774,81774,0
15,CS49->US17,71382,71382,0
15,CS49->US25,94582,94582,0
15,CS49->US33,116328,116325,0
15,CS49->US41,59585,59584,0
15,CS49->US49,51919,51919,0
15,CS49->US57,94442,94441,0
15,CS49->US65,117370,117370,0
15,CS49->US73,63509,63509,0
15,CS49->US81,86224,86223,0
15,CS49->US89,63636,63636,0
15,CS49->US97,105612,105612,0
15,CS49->US105,106605,106604,0
15,CS49->US113,59261,59260,0
15,CS49->US121,74082,74081,0
15,CS50->US2,52454,52454,0
15,CS50->US10,81187,81187,0
15,CS50->US18,71021,71021,0
15,CS50->US26,95107,95107,0
15,CS50->US34,116806,116806,0
15,CS50->US42,59607,59606,0
15,CS50->US50,52244,52244,0
15,CS50->US58,93451,93451,0
15,CS50->US66,117184,117182,0
15,CS50->US74,63308,63308,0
15,CS50->US82,86951,86951,0
15,CS50->US90,63756,63756,0
15,CS50->US98,105103,105101,0
15,CS50->US106,107183,107183,0
15,CS50->US114,60252,60252,0
15,CS50->US122,73879,73878,0
15,CS51->US3,52517,52517,0
15,CS51->US11,81611,81610,0
15,CS51->US19,72130,72130,0
15,CS51->US27,94722,94722,0
15,CS51->US35,116635,116634,0
15,CS51->US43,59438,59438,0
15,CS51->US51,51978,51978,0
15,CS51->US59,93925,93925,0
15,CS51->US67,116701,116700,0
15,CS51->US75,63319,63319,0
15,CS51->US83,86361,86360,0
15,CS51->US91,63488,63488,0
15,CS51->US99,105216,105216,0
15,CS51->US107,107169,107168,0
15,CS51->US115,59921,59921,0
15,CS51->US123,74234,74234,0
15,CS52->US4,52348,52348,0
15,CS52->US12,81611,81611,0
15,CS52->US20,71039,71039,0
15,CS52->US28,94850,94849,0
15,CS52->US36,115812,115812,0
15,CS52->US44,59844,59844,0
15,CS52->US52,52309,52309,0
15,CS52->US60,94200,94199,0
15,CS52->US68,116629,116629,0
15,CS52->US76,63464,63464,0
15,CS52->US84,86293,86293,0
15,CS52->US92,63446,63446,0
15,CS52->US100,104987,104983,0
15,CS52->US108,106693,106691,0
15,CS52->US116,59999,59999,0
15,CS52->US124,74254,74253,0
15,CS53->US5,52628,52628,0
15,CS53->US13,81619,81619,0
15,CS53->US21,71427,71426,0
15,CS53->US29,94632,94632,0
15,CS53->US37,117196,117196,0
15,CS53->US45,59620,59620,0
15,CS53->US53,52118,52118,0
15,CS53->US61,93779,93779,0
15,CS53->US69,116814,116813,0
15,CS53->US77,62995,62995,0
15,CS53->US85,86218,86217,0
15,CS53->US93,62945,62945,0
15,CS53->US101,105436,105436,0
15,CS53->US109,106585,106585,0
15,CS53->US117,60086,60086,0
15,CS53->US125,73839,73839,0
15,CS54->US6,52155,52155,0
15,CS54->US14,81685,81685,0
15,CS54->US22,71473,71473,0
15,CS54->US30,94492,94492,0
15,CS54->US38,116698,116698,0
15,CS54->US46,59619,59619,0
15,CS54->US54,51890,51890,0
15,CS54->US62,93509,93509,0
15,CS54->US70,116887,116887,0
15,CS54->US78,63315,63315,0
15,CS54->US86,86347,86347,0
15,CS54->US94,63217,63217,0
15,CS54->US102,105192,105190,0
15,CS54->US110,106584,106584,0
15,CS54->US118,60443,60443,0
15,CS54->US126,73924,73922,0
15,CS55->US7,52021,52021,0
15,CS55->US15,81964,81964,0
15,CS55->US23,71410,71410,0
15,CS55->US31,94707,94706,0
15,CS55->US39,116748,116747,0
15,CS55->US47,59656,59655,0
15,CS55->US55,51663,51663,0
15,CS55->US63,94087,94086,0
15,CS55->US71,116465,116465,0
15,CS55->US79,63189,63189,0
15,CS55->US87,86545,86545,0
15,CS55->US95,63369,63369,0
15,CS55->US103,105165,105165,0
15,CS55->US111,106673,106672,0
15,CS55->US119,60432,60432,0
15,CS55->US127,74415,74415,0
15,CS56->US0,52245,52245,0
15,CS56->US8,81507,81506,0
15,CS56->US16,71599,71598,0
15,CS56->US24,95198,95198,0
15,CS56->US32,116500,116500,0
15,CS56->US40,59317,59317,0
15,CS56->US48,52503,52503,0
15,CS56->US56,94030,94030,0
15,CS56->US64,116577,116576,0
15,CS56->US72,63561,63561,0
15,CS56->US80,86635,86634,0
15,CS56->US88,63085,63085,0
15,CS56->US96,105448,105448,0
15,CS56->US104,106925,106924,0
15,CS56->US112,60153,60153,0
15,CS56->US120,74594,74594,0
15,CS57->US1,51956,51956,0
15,CS57->US9,81828,81828,0
15,CS57->US17,71423,71423,0
15,CS57->US25,94950,94949,0
15,CS57->US33,116413,116412,0
15,CS57->US41,59278,59278,0
15,CS57->US49,51926,51926,0
15,CS57->US57,94532,94532,0
15,CS57->US65,117144,117144,0
15,CS57->US73,63402,63402,0
15,CS57->US81,86418,86418,0
15,CS57->US89,63631,63631,0
15,CS57->US97,105386,105386,0
15,CS57->US105,107038,107037,0
15,CS57->US113,60377,60377,0
15,CS57->US121,74294,74294,0
15,CS58->US2,52131,52131,0
15,CS58->US10,81938,81937,0
15,CS58->US18,71816,71815,0
15,CS58->US26,94543,94543,0
15,CS58->US34,116214,116214,0
15,CS58->US42,59744,59743,0
15,CS58->US50,52517,52517,0
15,CS58->US58,94048,94048,0
15,CS58->US66,117401,117400,0
15,CS58->US74,63571,63571,0
15,CS58->US82,86130,86129,0
15,CS58->US90,63379,63379,0
15,CS58->US98,105038,105038,0
15,CS58->US106,106824,106824,0
15,CS58->US114,60128,60128,0
15,CS58->US122,74339,74337,0
15,CS59->US3,51841,51841,0
15,CS59->US11,81454,81454,0
15,CS59->US19,71472,71472,0
15,CS59->US27,94855,94855,0
15,CS59->US35,116178,116178,0
15,CS59->US43,59626,59625,0
15,CS59->US51,51924,51924,0
15,CS59->US59,94537,94537,0
15,CS59->US67,116730,116728,0
15,CS59->US75,63333,63332,0
15,CS59->US83,86736,86735,0
15,CS59->US91,63019,63019,0
15,CS59->US99,105302,105301,0
15,CS59->US107,107043,107041,0
15,CS59->US115,60002,60002,0
15,CS59->US123,74268,74267,0
15,CS60->US4,51823,51823,0
15,CS60->US12,81932,81932,0
15,CS60->US20,71102,71102,0
15,CS60->US28,94595,94592,0
15,CS60->US36,115936,115935,0
15,CS60->US44,59476,59476,0
15,CS60->US52,51948,51948,0
15,CS60->US60,94476,94475,0
15,CS60->US68,116444,116444,0
15,CS60->US76,62999,62999,0
15,CS60->US84,85592,85591,0
15,CS60->US92,63702,63702,0
15,CS60->US100,104854,104854,0
15,CS60->US108,107173,107172,0
15,CS60->US116,60058,60058,0
15,CS60->US124,73976,73976,0
15,CS61->US5,52364,52364,0
15,CS61->US13,81912,81911,0
15,CS61->US21,71709,71709,0
15,CS61->US29,93876,93875,0
15,CS61->US37,116104,116103,0
15,CS61->US45,59110,59110,0
15,CS61->US53,52483,52483,0
15,CS61->US61,94277,94276,0
15,CS61->US69,117182,117182,0
15,CS61->US77,63602,63602,0
15,CS61->US85,86008,86008,0
15,CS61->US93,63210,63210,0
15,CS61->US101,105224,105222,0
15,CS61->US109,106821,106821,0
15,CS61->US117,59956,59956,0
15,CS61->US125,74249,74249,0
15,CS62->US6,51834,51834,0
15,CS62->US14,81915,81914,0
15,CS62->US22,71894,71894,0
15,CS62->US30,94787,94787,0
15,CS62->US38,116695,116694,0
15,CS62->US46,59550,59550,0
15,CS62->US54,51992,51992,0
15,CS62->US62,93921,93921,0
15,CS62->US70,117473,117473,0
15,CS62->US78,63161,63161,0
15,CS62->US86,86380,86379,0
15,CS62->US94,63182,63182,0
15,CS62->US102,105270,105270,0
15,CS62->US110,106734,106733,0
15,CS62->US118,60267,60266,0
15,CS62->US126,74177,74177,0
15,CS63->US7,52645,52645,0
15,CS63->US15,81696,81696,0
15,CS63->US23,71715,71715,0
15,CS63->US31,94338,94337,0
15,CS63->US39,116119,116118,0
15,CS63->US47,59546,59546,0
15,CS63->US55,52278,52278,0
15,CS63->US63,94223,94223,0
15,CS63->US71,116559,116558,0
15,CS63->US79,63181,63181,0
15,CS63->US87,86794,86793,0
15,CS63->US95,63440,63439,0
15,CS63->US103,105231,105229,0
15,CS63->US111,107166,107166,0
15,CS63->US119,60188,60188,0
15,CS63->US127,74291,74291,0
