epoch,link_name,tx,rx,drop
1,US0->CS0,27420,27420,0
1,US0->CS8,27554,27554,0
1,US0->CS16,27603,27603,0
1,US0->CS24,27319,27319,0
1,US0->CS32,27799,27799,0
1,US0->CS40,27442,27442,0
1,US0->CS48,27622,27622,0
1,US0->CS56,27451,27451,0
1,US1->CS1,27664,27664,0
1,US1->CS9,27773,27773,0
1,US1->CS17,27090,27090,0
1,US1->CS25,27498,27498,0
1,US1->CS33,27497,27497,0
1,US1->CS41,27704,27704,0
1,US1->CS49,27616,27616,0
1,US1->CS57,27319,27319,0
1,US2->CS2,27736,27736,0
1,US2->CS10,27829,27829,0
1,US2->CS18,27603,27603,0
1,US2->CS26,27574,27574,0
1,US2->CS34,27420,27420,0
1,US2->CS42,27296,27296,0
1,US2->CS50,27530,27530,0
1,US2->CS58,27376,27376,0
1,US3->CS3,27464,27464,0
1,US3->CS11,27407,27407,0
1,US3->CS19,27632,27632,0
1,US3->CS27,27699,27699,0
1,US3->CS35,27683,27683,0
1,US3->CS43,27616,27616,0
1,US3->CS51,27485,27485,0
1,US3->CS59,27475,27475,0
1,US4->CS4,27762,27762,0
1,US4->CS12,27558,27558,0
1,US4->CS20,27643,27643,0
1,US4->CS28,27627,27627,0
1,US4->CS36,27803,27803,0
1,US4->CS44,27564,27564,0
1,US4->CS52,27798,27798,0
1,US4->CS60,27473,27473,0
1,US5->CS5,27760,27760,0
1,US5->CS13,27396,27396,0
1,US5->CS21,27454,27454,0
1,US5->CS29,27749,27749,0
1,US5->CS37,27798,27798,0
1,US5->CS45,27500,27500,0
1,US5->CS53,27455,27455,0
1,US5->CS61,27580,27580,0
1,US6->CS6,27781,27781,0
1,US6->CS14,27381,27381,0
1,US6->CS22,27425,27425,0
1,US6->CS30,27784,27784,0
1,US6->CS38,27548,27548,0
1,US6->CS46,27359,27359,0
1,US6->CS54,27484,27484,0
1,US6->CS62,27484,27484,0
1,US7->CS7,27702,27702,0
1,US7->CS15,27639,27639,0
1,US7->CS23,27618,27618,0
1,US7->CS31,27404,27404,0
1,US7->CS39,27347,27347,0
1,US7->CS47,27703,27703,0
1,US7->CS55,27564,27564,0
1,US7->CS63,27271,27271,0
1,US8->CS0,0,0,0
1,US8->CS8,0,0,0
1,US8->CS16,0,0,0
1,US8->CS24,0,0,0
1,US8->CS32,0,0,0
1,US8->CS40,0,0,0
1,US8->CS48,0,0,0
1,US8->CS56,0,0,0
1,US9->CS1,0,0,0
1,US9->CS9,0,0,0
1,US9->CS17,0,0,0
1,US9->CS25,0,0,0
1,US9->CS33,0,0,0
1,US9->CS41,0,0,0
1,US9->CS49,0,0,0
1,US9->CS57,0,0,0
1,US10->CS2,0,0,0
1,US10->CS10,0,0,0
1,US10->CS18,0,0,0
1,US10->CS26,0,0,0
1,US10->CS34,0,0,0
1,US10->CS42,0,0,0
1,US10->CS50,0,0,0
1,US10->CS58,0,0,0
1,US11->CS3,0,0,0
1,US11->CS11,0,0,0
1,US11->CS19,0,0,0
1,US11->CS27,0,0,0
1,US11->CS35,0,0,0
1,US11->CS43,0,0,0
1,US11->CS51,0,0,0
1,US11->CS59,0,0,0
1,US12->CS4,0,0,0
1,US12->CS12,0,0,0
1,US12->CS20,0,0,0
1,US12->CS28,0,0,0
1,US12->CS36,0,0,0
1,US12->CS44,0,0,0
1,US12->CS52,0,0,0
1,US12->CS60,0,0,0
1,US13->CS5,0,0,0
1,US13->CS13,0,0,0
1,US13->CS21,0,0,0
1,US13->CS29,0,0,0
1,US13->CS37,0,0,0
1,US13->CS45,0,0,0
1,US13->CS53,0,0,0
1,US13->CS61,0,0,0
1,US14->CS6,0,0,0
1,US14->CS14,0,0,0
1,US14->CS22,0,0,0
1,US14->CS30,0,0,0
1,US14->CS38,0,0,0
1,US14->CS46,0,0,0
1,US14->CS54,0,0,0
1,US14->CS62,0,0,0
1,US15->CS7,0,0,0
1,US15->CS15,0,0,0
1,US15->CS23,0,0,0
1,US15->CS31,0,0,0
1,US15->CS39,0,0,0
1,US15->CS47,0,0,0
1,US15->CS55,0,0,0
1,US15->CS63,0,0,0
1,US16->CS0,0,0,0
1,US16->CS8,0,0,0
1,US16->CS16,0,0,0
1,US16->CS24,0,0,0
1,US16->CS32,0,0,0
1,US16->CS40,0,0,0
1,US16->CS48,0,0,0
1,US16->CS56,0,0,0
1,US17->CS1,0,0,0
1,US17->CS9,0,0,0
1,US17->CS17,0,0,0
1,US17->CS25,0,0,0
1,US17->CS33,0,0,0
1,US17->CS41,0,0,0
1,US17->CS49,0,0,0
1,US17->CS57,0,0,0
1,US18->CS2,0,0,0
1,US18->CS10,0,0,0
1,US18->CS18,0,0,0
1,US18->CS26,0,0,0
1,US18->CS34,0,0,0
1,US18->CS42,0,0,0
1,US18->CS50,0,0,0
1,US18->CS58,0,0,0
1,US19->CS3,0,0,0
1,US19->CS11,0,0,0
1,US19->CS19,0,0,0
1,US19->CS27,0,0,0
1,US19->CS35,0,0,0
1,US19->CS43,0,0,0
1,US19->CS51,0,0,0
1,US19->CS59,0,0,0
1,US20->CS4,0,0,0
1,US20->CS12,0,0,0
1,US20->CS20,0,0,0
1,US20->CS28,0,0,0
1,US20->CS36,0,0,0
1,US20->CS44,0,0,0
1,US20->CS52,0,0,0
1,US20->CS60,0,0,0
1,US21->CS5,0,0,0
1,US21->CS13,0,0,0
1,US21->CS21,0,0,0
1,US21->CS29,0,0,0
1,US21->CS37,0,0,0
1,US21->CS45,0,0,0
1,US21->CS53,0,0,0
1,US21->CS61,0,0,0
1,US22->CS6,0,0,0
1,US22->CS14,0,0,0
1,US22->CS22,0,0,0
1,US22->CS30,0,0,0
1,US22->CS38,0,0,0
1,US22->CS46,0,0,0
1,US22->CS54,0,0,0
1,US22->CS62,0,0,0
1,US23->CS7,0,0,0
1,US23->CS15,0,0,0
1,US23->CS23,0,0,0
1,US23->CS31,0,0,0
1,US23->CS39,0,0,0
1,US23->CS47,0,0,0
1,US23->CS55,0,0,0
1,US23->CS63,0,0,0
1,US24->CS0,0,0,0
1,US24->CS8,0,0,0
1,US24->CS16,0,0,0
1,US24->CS24,0,0,0
1,US24->CS32,0,0,0
1,US24->CS40,0,0,0
1,US24->CS48,0,0,0
1,US24->CS56,0,0,0
1,US25->CS1,0,0,0
1,US25->CS9,0,0,0
1,US25->CS17,0,0,0
1,US25->CS25,0,0,0
1,US25->CS33,0,0,0
1,US25->CS41,0,0,0
1,US25->CS49,0,0,0
1,US25->CS57,0,0,0
1,US26->CS2,0,0,0
1,US26->CS10,0,0,0
1,US26->CS18,0,0,0
1,US26->CS26,0,0,0
1,US26->CS34,0,0,0
1,US26->CS42,0,0,0
1,US26->CS50,0,0,0
1,US26->CS58,0,0,0
1,US27->CS3,0,0,0
1,US27->CS11,0,0,0
1,US27->CS19,0,0,0
1,US27->CS27,0,0,0
1,US27->CS35,0,0,0
1,US27->CS43,0,0,0
1,US27->CS51,0,0,0
1,US27->CS59,0,0,0
1,US28->CS4,0,0,0
1,US28->CS12,0,0,0
1,US28->CS20,0,0,0
1,US28->CS28,0,0,0
1,US28->CS36,0,0,0
1,US28->CS44,0,0,0
1,US28->CS52,0,0,0
1,US28->CS60,0,0,0
1,US29->CS5,0,0,0
1,US29->CS13,0,0,0
1,US29->CS21,0,0,0
1,US29->CS29,0,0,0
1,US29->CS37,0,0,0
1,US29->CS45,0,0,0
1,US29->CS53,0,0,0
1,US29->CS61,0,0,0
1,US30->CS6,0,0,0
1,US30->CS14,0,0,0
1,US30->CS22,0,0,0
1,US30->CS30,0,0,0
1,US30->CS38,0,0,0
1,US30->CS46,0,0,0
1,US30->CS54,0,0,0
1,US30->CS62,0,0,0
1,US31->CS7,0,0,0
1,US31->CS15,0,0,0
1,US31->CS23,0,0,0
1,US31->CS31,0,0,0
1,US31->CS39,0,0,0
1,US31->CS47,0,0,0
1,US31->CS55,0,0,0
1,US31->CS63,0,0,0
1,US32->CS0,0,0,0
1,US32->CS8,0,0,0
1,US32->CS16,0,0,0
1,US32->CS24,0,0,0
1,US32->CS32,0,0,0
1,US32->CS40,0,0,0
1,US32->CS48,0,0,0
1,US32->CS56,0,0,0
1,US33->CS1,0,0,0
1,US33->CS9,0,0,0
1,US33->CS17,0,0,0
1,US33->CS25,0,0,0
1,US33->CS33,0,0,0
1,US33->CS41,0,0,0
1,US33->CS49,0,0,0
1,US33->CS57,0,0,0
1,US34->CS2,0,0,0
1,US34->CS10,0,0,0
1,US34->CS18,0,0,0
1,US34->CS26,0,0,0
1,US34->CS34,0,0,0
1,US34->CS42,0,0,0
1,US34->CS50,0,0,0
1,US34->CS58,0,0,0
1,US35->CS3,0,0,0
1,US35->CS11,0,0,0
1,US35->CS19,0,0,0
1,US35->CS27,0,0,0
1,US35->CS35,0,0,0
1,US35->CS43,0,0,0
1,US35->CS51,0,0,0
1,US35->CS59,0,0,0
1,US36->CS4,0,0,0
1,US36->CS12,0,0,0
1,US36->CS20,0,0,0
1,US36->CS28,0,0,0
1,US36->CS36,0,0,0
1,US36->CS44,0,0,0
1,US36->CS52,0,0,0
1,US36->CS60,0,0,0
1,US37->CS5,0,0,0
1,US37->CS13,0,0,0
1,US37->CS21,0,0,0
1,US37->CS29,0,0,0
1,US37->CS37,0,0,0
1,US37->CS45,0,0,0
1,US37->CS53,0,0,0
1,US37->CS61,0,0,0
1,US38->CS6,0,0,0
1,US38->CS14,0,0,0
1,US38->CS22,0,0,0
1,US38->CS30,0,0,0
1,US38->CS38,0,0,0
1,US38->CS46,0,0,0
1,US38->CS54,0,0,0
1,US38->CS62,0,0,0
1,US39->CS7,0,0,0
1,US39->CS15,0,0,0
1,US39->CS23,0,0,0
1,US39->CS31,0,0,0
1,US39->CS39,0,0,0
1,US39->CS47,0,0,0
1,US39->CS55,0,0,0
1,US39->CS63,0,0,0
1,US40->CS0,0,0,0
1,US40->CS8,0,0,0
1,US40->CS16,0,0,0
1,US40->CS24,0,0,0
1,US40->CS32,0,0,0
1,US40->CS40,0,0,0
1,US40->CS48,0,0,0
1,US40->CS56,0,0,0
1,US41->CS1,0,0,0
1,US41->CS9,0,0,0
1,US41->CS17,0,0,0
1,US41->CS25,0,0,0
1,US41->CS33,0,0,0
1,US41->CS41,0,0,0
1,US41->CS49,0,0,0
1,US41->CS57,0,0,0
1,US42->CS2,0,0,0
1,US42->CS10,0,0,0
1,US42->CS18,0,0,0
1,US42->CS26,0,0,0
1,US42->CS34,0,0,0
1,US42->CS42,0,0,0
1,US42->CS50,0,0,0
1,US42->CS58,0,0,0
1,US43->CS3,0,0,0
1,US43->CS11,0,0,0
1,US43->CS19,0,0,0
1,US43->CS27,0,0,0
1,US43->CS35,0,0,0
1,US43->CS43,0,0,0
1,US43->CS51,0,0,0
1,US43->CS59,0,0,0
1,US44->CS4,0,0,0
1,US44->CS12,0,0,0
1,US44->CS20,0,0,0
1,US44->CS28,0,0,0
1,US44->CS36,0,0,0
1,US44->CS44,0,0,0
1,US44->CS52,0,0,0
1,US44->CS60,0,0,0
1,US45->CS5,0,0,0
1,US45->CS13,0,0,0
1,US45->CS21,0,0,0
1,US45->CS29,0,0,0
1,US45->CS37,0,0,0
1,US45->CS45,0,0,0
1,US45->CS53,0,0,0
1,US45->CS61,0,0,0
1,US46->CS6,0,0,0
1,US46->CS14,0,0,0
1,US46->CS22,0,0,0
1,US46->CS30,0,0,0
1,US46->CS38,0,0,0
1,US46->CS46,0,0,0
1,US46->CS54,0,0,0
1,US46->CS62,0,0,0
1,US47->CS7,0,0,0
1,US47->CS15,0,0,0
1,US47->CS23,0,0,0
1,US47->CS31,0,0,0
1,US47->CS39,0,0,0
1,US47->CS47,0,0,0
1,US47->CS55,0,0,0
1,US47->CS63,0,0,0
1,US48->CS0,27631,27631,0
1,US48->CS8,27533,27533,0
1,US48->CS16,27436,27436,0
1,US48->CS24,27698,27698,0
1,US48->CS32,27473,27473,0
1,US48->CS40,27718,27718,0
1,US48->CS48,27485,27485,0
1,US48->CS56,27370,27370,0
1,US49->CS1,27454,27454,0
1,US49->CS9,27396,27396,0
1,US49->CS17,27540,27540,0
1,US49->CS25,27303,27303,0
1,US49->CS33,27292,27292,0
1,US49->CS41,27634,27634,0
1,US49->CS49,27353,27353,0
1,US49->CS57,27716,27716,0
1,US50->CS2,27491,27491,0
1,US50->CS10,27232,27232,0
1,US50->CS18,27267,27267,0
1,US50->CS26,27647,27647,0
1,US50->CS34,27740,27740,0
1,US50->CS42,27465,27465,0
1,US50->CS50,27658,27658,0
1,US50->CS58,27610,27610,0
1,US51->CS3,27824,27824,0
1,US51->CS11,27897,27897,0
1,US51->CS19,27410,27410,0
1,US51->CS27,27456,27456,0
1,US51->CS35,27756,27756,0
1,US51->CS43,27555,27555,0
1,US51->CS51,27441,27441,0
1,US51->CS59,27570,27570,0
1,US52->CS4,27462,27462,0
1,US52->CS12,27565,27565,0
1,US52->CS20,27465,27465,0
1,US52->CS28,27519,27519,0
1,US52->CS36,27662,27662,0
1,US52->CS44,27657,27657,0
1,US52->CS52,27576,27576,0
1,US52->CS60,27506,27506,0
1,US53->CS5,27490,27490,0
1,US53->CS13,27762,27762,0
1,US53->CS21,27745,27745,0
1,US53->CS29,27572,27572,0
1,US53->CS37,27558,27558,0
1,US53->CS45,27432,27432,0
1,US53->CS53,27671,27671,0
1,US53->CS61,27357,27357,0
1,US54->CS6,27337,27337,0
1,US54->CS14,27688,27688,0
1,US54->CS22,27677,27677,0
1,US54->CS30,27608,27608,0
1,US54->CS38,27381,27381,0
1,US54->CS46,27625,27625,0
1,US54->CS54,27515,27515,0
1,US54->CS62,27574,27574,0
1,US55->CS7,27761,27761,0
1,US55->CS15,28008,28008,0
1,US55->CS23,27747,27747,0
1,US55->CS31,27469,27469,0
1,US55->CS39,27682,27682,0
1,US55->CS47,27446,27446,0
1,US55->CS55,27462,27462,0
1,US55->CS63,27659,27659,0
1,US56->CS0,0,0,0
1,US56->CS8,0,0,0
1,US56->CS16,0,0,0
1,US56->CS24,0,0,0
1,US56->CS32,0,0,0
1,US56->CS40,0,0,0
1,US56->CS48,0,0,0
1,US56->CS56,0,0,0
1,US57->CS1,0,0,0
1,US57->CS9,0,0,0
1,US57->CS17,0,0,0
1,US57->CS25,0,0,0
1,US57->CS33,0,0,0
1,US57->CS41,0,0,0
1,US57->CS49,0,0,0
1,US57->CS57,0,0,0
1,US58->CS2,0,0,0
1,US58->CS10,0,0,0
1,US58->CS18,0,0,0
1,US58->CS26,0,0,0
1,US58->CS34,0,0,0
1,US58->CS42,0,0,0
1,US58->CS50,0,0,0
1,US58->CS58,0,0,0
1,US59->CS3,0,0,0
1,US59->CS11,0,0,0
1,US59->CS19,0,0,0
1,US59->CS27,0,0,0
1,US59->CS35,0,0,0
1,US59->CS43,0,0,0
1,US59->CS51,0,0,0
1,US59->CS59,0,0,0
1,US60->CS4,0,0,0
1,US60->CS12,0,0,0
1,US60->CS20,0,0,0
1,US60->CS28,0,0,0
1,US60->CS36,0,0,0
1,US60->CS44,0,0,0
1,US60->CS52,0,0,0
1,US60->CS60,0,0,0
1,US61->CS5,0,0,0
1,US61->CS13,0,0,0
1,US61->CS21,0,0,0
1,US61->CS29,0,0,0
1,US61->CS37,0,0,0
1,US61->CS45,0,0,0
1,US61->CS53,0,0,0
1,US61->CS61,0,0,0
1,US62->CS6,0,0,0
1,US62->CS14,0,0,0
1,US62->CS22,0,0,0
1,US62->CS30,0,0,0
1,US62->CS38,0,0,0
1,US62->CS46,0,0,0
1,US62->CS54,0,0,0
1,US62->CS62,0,0,0
1,US63->CS7,0,0,0
1,US63->CS15,0,0,0
1,US63->CS23,0,0,0
1,US63->CS31,0,0,0
1,US63->CS39,0,0,0
1,US63->CS47,0,0,0
1,US63->CS55,0,0,0
1,US63->CS63,0,0,0
1,US64->CS0,0,0,0
1,US64->CS8,0,0,0
1,US64->CS16,0,0,0
1,US64->CS24,0,0,0
1,US64->CS32,0,0,0
1,US64->CS40,0,0,0
1,US64->CS48,0,0,0
1,US64->CS56,0,0,0
1,US65->CS1,0,0,0
1,US65->CS9,0,0,0
1,US65->CS17,0,0,0
1,US65->CS25,0,0,0
1,US65->CS33,0,0,0
1,US65->CS41,0,0,0
1,US65->CS49,0,0,0
1,US65->CS57,0,0,0
1,US66->CS2,0,0,0
1,US66->CS10,0,0,0
1,US66->CS18,0,0,0
1,US66->CS26,0,0,0
1,US66->CS34,0,0,0
1,US66->CS42,0,0,0
1,US66->CS50,0,0,0
1,US66->CS58,0,0,0
1,US67->CS3,0,0,0
1,US67->CS11,0,0,0
1,US67->CS19,0,0,0
1,US67->CS27,0,0,0
1,US67->CS35,0,0,0
1,US67->CS43,0,0,0
1,US67->CS51,0,0,0
1,US67->CS59,0,0,0
1,US68->CS4,0,0,0
1,US68->CS12,0,0,0
1,US68->CS20,0,0,0
1,US68->CS28,0,0,0
1,US68->CS36,0,0,0
1,US68->CS44,0,0,0
1,US68->CS52,0,0,0
1,US68->CS60,0,0,0
1,US69->CS5,0,0,0
1,US69->CS13,0,0,0
1,US69->CS21,0,0,0
1,US69->CS29,0,0,0
1,US69->CS37,0,0,0
1,US69->CS45,0,0,0
1,US69->CS53,0,0,0
1,US69->CS61,0,0,0
1,US70->CS6,0,0,0
1,US70->CS14,0,0,0
1,US70->CS22,0,0,0
1,US70->CS30,0,0,0
1,US70->CS38,0,0,0
1,US70->CS46,0,0,0
1,US70->CS54,0,0,0
1,US70->CS62,0,0,0
1,US71->CS7,0,0,0
1,US71->CS15,0,0,0
1,US71->CS23,0,0,0
1,US71->CS31,0,0,0
1,US71->CS39,0,0,0
1,US71->CS47,0,0,0
1,US71->CS55,0,0,0
1,US71->CS63,0,0,0
1,US72->CS0,0,0,0
1,US72->CS8,0,0,0
1,US72->CS16,0,0,0
1,US72->CS24,0,0,0
1,US72->CS32,0,0,0
1,US72->CS40,0,0,0
1,US72->CS48,0,0,0
1,US72->CS56,0,0,0
1,US73->CS1,0,0,0
1,US73->CS9,0,0,0
1,US73->CS17,0,0,0
1,US73->CS25,0,0,0
1,US73->CS33,0,0,0
1,US73->CS41,0,0,0
1,US73->CS49,0,0,0
1,US73->CS57,0,0,0
1,US74->CS2,0,0,0
1,US74->CS10,0,0,0
1,US74->CS18,0,0,0
1,US74->CS26,0,0,0
1,US74->CS34,0,0,0
1,US74->CS42,0,0,0
1,US74->CS50,0,0,0
1,US74->CS58,0,0,0
1,US75->CS3,0,0,0
1,US75->CS11,0,0,0
1,US75->CS19,0,0,0
1,US75->CS27,0,0,0
1,US75->CS35,0,0,0
1,US75->CS43,0,0,0
1,US75->CS51,0,0,0
1,US75->CS59,0,0,0
1,US76->CS4,0,0,0
1,US76->CS12,0,0,0
1,US76->CS20,0,0,0
1,US76->CS28,0,0,0
1,US76->CS36,0,0,0
1,US76->CS44,0,0,0
1,US76->CS52,0,0,0
1,US76->CS60,0,0,0
1,US77->CS5,0,0,0
1,US77->CS13,0,0,0
1,US77->CS21,0,0,0
1,US77->CS29,0,0,0
1,US77->CS37,0,0,0
1,US77->CS45,0,0,0
1,US77->CS53,0,0,0
1,US77->CS61,0,0,0
1,US78->CS6,0,0,0
1,US78->CS14,0,0,0
1,US78->CS22,0,0,0
1,US78->CS30,0,0,0
1,US78->CS38,0,0,0
1,US78->CS46,0,0,0
1,US78->CS54,0,0,0
1,US78->CS62,0,0,0
1,US79->CS7,0,0,0
1,US79->CS15,0,0,0
1,US79->CS23,0,0,0
1,US79->CS31,0,0,0
1,US79->CS39,0,0,0
1,US79->CS47,0,0,0
1,US79->CS55,0,0,0
1,US79->CS63,0,0,0
1,US80->CS0,0,0,0
1,US80->CS8,0,0,0
1,US80->CS16,0,0,0
1,US80->CS24,0,0,0
1,US80->CS32,0,0,0
1,US80->CS40,0,0,0
1,US80->CS48,0,0,0
1,US80->CS56,0,0,0
1,US81->CS1,0,0,0
1,US81->CS9,0,0,0
1,US81->CS17,0,0,0
1,US81->CS25,0,0,0
1,US81->CS33,0,0,0
1,US81->CS41,0,0,0
1,US81->CS49,0,0,0
1,US81->CS57,0,0,0
1,US82->CS2,0,0,0
1,US82->CS10,0,0,0
1,US82->CS18,0,0,0
1,US82->CS26,0,0,0
1,US82->CS34,0,0,0
1,US82->CS42,0,0,0
1,US82->CS50,0,0,0
1,US82->CS58,0,0,0
1,US83->CS3,0,0,0
1,US83->CS11,0,0,0
1,US83->CS19,0,0,0
1,US83->CS27,0,0,0
1,US83->CS35,0,0,0
1,US83->CS43,0,0,0
1,US83->CS51,0,0,0
1,US83->CS59,0,0,0
1,US84->CS4,0,0,0
1,US84->CS12,0,0,0
1,US84->CS20,0,0,0
1,US84->CS28,0,0,0
1,US84->CS36,0,0,0
1,US84->CS44,0,0,0
1,US84->CS52,0,0,0
1,US84->CS60,0,0,0
1,US85->CS5,0,0,0
1,US85->CS13,0,0,0
1,US85->CS21,0,0,0
1,US85->CS29,0,0,0
1,US85->CS37,0,0,0
1,US85->CS45,0,0,0
1,US85->CS53,0,0,0
1,US85->CS61,0,0,0
1,US86->CS6,0,0,0
1,US86->CS14,0,0,0
1,US86->CS22,0,0,0
1,US86->CS30,0,0,0
1,US86->CS38,0,0,0
1,US86->CS46,0,0,0
1,US86->CS54,0,0,0
1,US86->CS62,0,0,0
1,US87->CS7,0,0,0
1,US87->CS15,0,0,0
1,US87->CS23,0,0,0
1,US87->CS31,0,0,0
1,US87->CS39,0,0,0
1,US87->CS47,0,0,0
1,US87->CS55,0,0,0
1,US87->CS63,0,0,0
1,US88->CS0,0,0,0
1,US88->CS8,0,0,0
1,US88->CS16,0,0,0
1,US88->CS24,0,0,0
1,US88->CS32,0,0,0
1,US88->CS40,0,0,0
1,US88->CS48,0,0,0
1,US88->CS56,0,0,0
1,US89->CS1,0,0,0
1,US89->CS9,0,0,0
1,US89->CS17,0,0,0
1,US89->CS25,0,0,0
1,US89->CS33,0,0,0
1,US89->CS41,0,0,0
1,US89->CS49,0,0,0
1,US89->CS57,0,0,0
1,US90->CS2,0,0,0
1,US90->CS10,0,0,0
1,US90->CS18,0,0,0
1,US90->CS26,0,0,0
1,US90->CS34,0,0,0
1,US90->CS42,0,0,0
1,US90->CS50,0,0,0
1,US90->CS58,0,0,0
1,US91->CS3,0,0,0
1,US91->CS11,0,0,0
1,US91->CS19,0,0,0
1,US91->CS27,0,0,0
1,US91->CS35,0,0,0
1,US91->CS43,0,0,0
1,US91->CS51,0,0,0
1,US91->CS59,0,0,0
1,US92->CS4,0,0,0
1,US92->CS12,0,0,0
1,US92->CS20,0,0,0
1,US92->CS28,0,0,0
1,US92->CS36,0,0,0
1,US92->CS44,0,0,0
1,US92->CS52,0,0,0
1,US92->CS60,0,0,0
1,US93->CS5,0,0,0
1,US93->CS13,0,0,0
1,US93->CS21,0,0,0
1,US93->CS29,0,0,0
1,US93->CS37,0,0,0
1,US93->CS45,0,0,0
1,US93->CS53,0,0,0
1,US93->CS61,0,0,0
1,US94->CS6,0,0,0
1,US94->CS14,0,0,0
1,US94->CS22,0,0,0
1,US94->CS30,0,0,0
1,US94->CS38,0,0,0
1,US94->CS46,0,0,0
1,US94->CS54,0,0,0
1,US94->CS62,0,0,0
1,US95->CS7,0,0,0
1,US95->CS15,0,0,0
1,US95->CS23,0,0,0
1,US95->CS31,0,0,0
1,US95->CS39,0,0,0
1,US95->CS47,0,0,0
1,US95->CS55,0,0,0
1,US95->CS63,0,0,0
1,US96->CS0,0,0,0
1,US96->CS8,0,0,0
1,US96->CS16,0,0,0
1,US96->CS24,0,0,0
1,US96->CS32,0,0,0
1,US96->CS40,0,0,0
1,US96->CS48,0,0,0
1,US96->CS56,0,0,0
1,US97->CS1,0,0,0
1,US97->CS9,0,0,0
1,US97->CS17,0,0,0
1,US97->CS25,0,0,0
1,US97->CS33,0,0,0
1,US97->CS41,0,0,0
1,US97->CS49,0,0,0
1,US97->CS57,0,0,0
1,US98->CS2,0,0,0
1,US98->CS10,0,0,0
1,US98->CS18,0,0,0
1,US98->CS26,0,0,0
1,US98->CS34,0,0,0
1,US98->CS42,0,0,0
1,US98->CS50,0,0,0
1,US98->CS58,0,0,0
1,US99->CS3,0,0,0
1,US99->CS11,0,0,0
1,US99->CS19,0,0,0
1,US99->CS27,0,0,0
1,US99->CS35,0,0,0
1,US99->CS43,0,0,0
1,US99->CS51,0,0,0
1,US99->CS59,0,0,0
1,US100->CS4,0,0,0
1,US100->CS12,0,0,0
1,US100->CS20,0,0,0
1,US100->CS28,0,0,0
1,US100->CS36,0,0,0
1,US100->CS44,0,0,0
1,US100->CS52,0,0,0
1,US100->CS60,0,0,0
1,US101->CS5,0,0,0
1,US101->CS13,0,0,0
1,US101->CS21,0,0,0
1,US101->CS29,0,0,0
1,US101->CS37,0,0,0
1,US101->CS45,0,0,0
1,US101->CS53,0,0,0
1,US101->CS61,0,0,0
1,US102->CS6,0,0,0
1,US102->CS14,0,0,0
1,US102->CS22,0,0,0
1,US102->CS30,0,0,0
1,US102->CS38,0,0,0
1,US102->CS46,0,0,0
1,US102->CS54,0,0,0
1,US102->CS62,0,0,0
1,US103->CS7,0,0,0
1,US103->CS15,0,0,0
1,US103->CS23,0,0,0
1,US103->CS31,0,0,0
1,US103->CS39,0,0,0
1,US103->CS47,0,0,0
1,US103->CS55,0,0,0
1,US103->CS63,0,0,0
1,US104->CS0,0,0,0
1,US104->CS8,0,0,0
1,US104->CS16,0,0,0
1,US104->CS24,0,0,0
1,US104->CS32,0,0,0
1,US104->CS40,0,0,0
1,US104->CS48,0,0,0
1,US104->CS56,0,0,0
1,US105->CS1,0,0,0
1,US105->CS9,0,0,0
1,US105->CS17,0,0,0
1,US105->CS25,0,0,0
1,US105->CS33,0,0,0
1,US105->CS41,0,0,0
1,US105->CS49,0,0,0
1,US105->CS57,0,0,0
1,US106->CS2,0,0,0
1,US106->CS10,0,0,0
1,US106->CS18,0,0,0
1,US106->CS26,0,0,0
1,US106->CS34,0,0,0
1,US106->CS42,0,0,0
1,US106->CS50,0,0,0
1,US106->CS58,0,0,0
1,US107->CS3,0,0,0
1,US107->CS11,0,0,0
1,US107->CS19,0,0,0
1,US107->CS27,0,0,0
1,US107->CS35,0,0,0
1,US107->CS43,0,0,0
1,US107->CS51,0,0,0
1,US107->CS59,0,0,0
1,US108->CS4,0,0,0
1,US108->CS12,0,0,0
1,US108->CS20,0,0,0
1,US108->CS28,0,0,0
1,US108->CS36,0,0,0
1,US108->CS44,0,0,0
1,US108->CS52,0,0,0
1,US108->CS60,0,0,0
1,US109->CS5,0,0,0
1,US109->CS13,0,0,0
1,US109->CS21,0,0,0
1,US109->CS29,0,0,0
1,US109->CS37,0,0,0
1,US109->CS45,0,0,0
1,US109->CS53,0,0,0
1,US109->CS61,0,0,0
1,US110->CS6,0,0,0
1,US110->CS14,0,0,0
1,US110->CS22,0,0,0
1,US110->CS30,0,0,0
1,US110->CS38,0,0,0
1,US110->CS46,0,0,0
1,US110->CS54,0,0,0
1,US110->CS62,0,0,0
1,US111->CS7,0,0,0
1,US111->CS15,0,0,0
1,US111->CS23,0,0,0
1,US111->CS31,0,0,0
1,US111->CS39,0,0,0
1,US111->CS47,0,0,0
1,US111->CS55,0,0,0
1,US111->CS63,0,0,0
1,US112->CS0,0,0,0
1,US112->CS8,0,0,0
1,US112->CS16,0,0,0
1,US112->CS24,0,0,0
1,US112->CS32,0,0,0
1,US112->CS40,0,0,0
1,US112->CS48,0,0,0
1,US112->CS56,0,0,0
1,US113->CS1,0,0,0
1,US113->CS9,0,0,0
1,US113->CS17,0,0,0
1,US113->CS25,0,0,0
1,US113->CS33,0,0,0
1,US113->CS41,0,0,0
1,US113->CS49,0,0,0
1,US113->CS57,0,0,0
1,US114->CS2,0,0,0
1,US114->CS10,0,0,0
1,US114->CS18,0,0,0
1,US114->CS26,0,0,0
1,US114->CS34,0,0,0
1,US114->CS42,0,0,0
1,US114->CS50,0,0,0
1,US114->CS58,0,0,0
1,US115->CS3,0,0,0
1,US115->CS11,0,0,0
1,US115->CS19,0,0,0
1,US115->CS27,0,0,0
1,US115->CS35,0,0,0
1,US115->CS43,0,0,0
1,US115->CS51,0,0,0
1,US115->CS59,0,0,0
1,US116->CS4,0,0,0
1,US116->CS12,0,0,0
1,US116->CS20,0,0,0
1,US116->CS28,0,0,0
1,US116->CS36,0,0,0
1,US116->CS44,0,0,0
1,US116->CS52,0,0,0
1,US116->CS60,0,0,0
1,US117->CS5,0,0,0
1,US117->CS13,0,0,0
1,US117->CS21,0,0,0
1,US117->CS29,0,0,0
1,US117->CS37,0,0,0
1,US117->CS45,0,0,0
1,US117->CS53,0,0,0
1,US117->CS61,0,0,0
1,US118->CS6,0,0,0
1,US118->CS14,0,0,0
1,US118->CS22,0,0,0
1,US118->CS30,0,0,0
1,US118->CS38,0,0,0
1,US118->CS46,0,0,0
1,US118->CS54,0,0,0
1,US118->CS62,0,0,0
1,US119->CS7,0,0,0
1,US119->CS15,0,0,0
1,US119->CS23,0,0,0
1,US119->CS31,0,0,0
1,US119->CS39,0,0,0
1,US119->CS47,0,0,0
1,US119->CS55,0,0,0
1,US119->CS63,0,0,0
1,US120->CS0,0,0,0
1,US120->CS8,0,0,0
1,US120->CS16,0,0,0
1,US120->CS24,0,0,0
1,US120->CS32,0,0,0
1,US120->CS40,0,0,0
1,US120->CS48,0,0,0
1,US120->CS56,0,0,0
1,US121->CS1,0,0,0
1,US121->CS9,0,0,0
1,US121->CS17,0,0,0
1,US121->CS25,0,0,0
1,US121->CS33,0,0,0
1,US121->CS41,0,0,0
1,US121->CS49,0,0,0
1,US121->CS57,0,0,0
1,US122->CS2,0,0,0
1,US122->CS10,0,0,0
1,US122->CS18,0,0,0
1,US122->CS26,0,0,0
1,US122->CS34,0,0,0
1,US122->CS42,0,0,0
1,US122->CS50,0,0,0
1,US122->CS58,0,0,0
1,US123->CS3,0,0,0
1,US123->CS11,0,0,0
1,US123->CS19,0,0,0
1,US123->CS27,0,0,0
1,US123->CS35,0,0,0
1,US123->CS43,0,0,0
1,US123->CS51,0,0,0
1,US123->CS59,0,0,0
1,US124->CS4,0,0,0
1,US124->CS12,0,0,0
1,US124->CS20,0,0,0
1,US124->CS28,0,0,0
1,US124->CS36,0,0,0
1,US124->CS44,0,0,0
1,US124->CS52,0,0,0
1,US124->CS60,0,0,0
1,US125->CS5,0,0,0
1,US125->CS13,0,0,0
1,US125->CS21,0,0,0
1,US125->CS29,0,0,0
1,US125->CS37,0,0,0
1,US125->CS45,0,0,0
1,US125->CS53,0,0,0
1,US125->CS61,0,0,0
1,US126->CS6,0,0,0
1,US126->CS14,0,0,0
1,US126->CS22,0,0,0
1,US126->CS30,0,0,0
1,US126->CS38,0,0,0
1,US126->CS46,0,0,0
1,US126->CS54,0,0,0
1,US126->CS62,0,0,0
1,US127->CS7,0,0,0
1,US127->CS15,0,0,0
1,US127->CS23,0,0,0
1,US127->CS31,0,0,0
1,US127->CS39,0,0,0
1,US127->CS47,0,0,0
1,US127->CS55,0,0,0
1,US127->CS63,0,0,0
1,CS0->US0,27631,27631,0
1,CS0->US8,0,0,0
1,CS0->US16,0,0,0
1,CS0->US24,0,0,0
1,CS0->US32,0,0,0
1,CS0->US40,0,0,0
1,CS0->US48,27420,27420,0
1,CS0->US56,0,0,0
1,CS0->US64,0,0,0
1,CS0->US72,0,0,0
1,CS0->US80,0,0,0
1,CS0->US88,0,0,0
1,CS0->US96,0,0,0
1,CS0->US104,0,0,0
1,CS0->US112,0,0,0
1,CS0->US120,0,0,0
1,CS1->US1,27454,27454,0
1,CS1->US9,0,0,0
1,CS1->US17,0,0,0
1,CS1->US25,0,0,0
1,CS1->US33,0,0,0
1,CS1->US41,0,0,0
1,CS1->US49,27664,27664,0
1,CS1->US57,0,0,0
1,CS1->US65,0,0,0
1,CS1->US73,0,0,0
1,CS1->US81,0,0,0
1,CS1->US89,0,0,0
1,CS1->US97,0,0,0
1,CS1->US105,0,0,0
1,CS1->US113,0,0,0
1,CS1->US121,0,0,0
1,CS2->US2,27491,27491,0
1,CS2->US10,0,0,0
1,CS2->US18,0,0,0
1,CS2->US26,0,0,0
1,CS2->US34,0,0,0
1,CS2->US42,0,0,0
1,CS2->US50,27736,27736,0
1,CS2->US58,0,0,0
1,CS2->US66,0,0,0
1,CS2->US74,0,0,0
1,CS2->US82,0,0,0
1,CS2->US90,0,0,0
1,CS2->US98,0,0,0
1,CS2->US106,0,0,0
1,CS2->US114,0,0,0
1,CS2->US122,0,0,0
1,CS3->US3,27824,27824,0
1,CS3->US11,0,0,0
1,CS3->US19,0,0,0
1,CS3->US27,0,0,0
1,CS3->US35,0,0,0
1,CS3->US43,0,0,0
1,CS3->US51,27464,27464,0
1,CS3->US59,0,0,0
1,CS3->US67,0,0,0
1,CS3->US75,0,0,0
1,CS3->US83,0,0,0
1,CS3->US91,0,0,0
1,CS3->US99,0,0,0
1,CS3->US107,0,0,0
1,CS3->US115,0,0,0
1,CS3->US123,0,0,0
1,CS4->US4,27462,27462,0
1,CS4->US12,0,0,0
1,CS4->US20,0,0,0
1,CS4->US28,0,0,0
1,CS4->US36,0,0,0
1,CS4->US44,0,0,0
1,CS4->US52,27762,27762,0
1,CS4->US60,0,0,0
1,CS4->US68,0,0,0
1,CS4->US76,0,0,0
1,CS4->US84,0,0,0
1,CS4->US92,0,0,0
1,CS4->US100,0,0,0
1,CS4->US108,0,0,0
1,CS4->US116,0,0,0
1,CS4->US124,0,0,0
1,CS5->US5,27490,27490,0
1,CS5->US13,0,0,0
1,CS5->US21,0,0,0
1,CS5->US29,0,0,0
1,CS5->US37,0,0,0
1,CS5->US45,0,0,0
1,CS5->US53,27760,27760,0
1,CS5->US61,0,0,0
1,CS5->US69,0,0,0
1,CS5->US77,0,0,0
1,CS5->US85,0,0,0
1,CS5->US93,0,0,0
1,CS5->US101,0,0,0
1,CS5->US109,0,0,0
1,CS5->US117,0,0,0
1,CS5->US125,0,0,0
1,CS6->US6,27337,27337,0
1,CS6->US14,0,0,0
1,CS6->US22,0,0,0
1,CS6->US30,0,0,0
1,CS6->US38,0,0,0
1,CS6->US46,0,0,0
1,CS6->US54,27781,27781,0
1,CS6->US62,0,0,0
1,CS6->US70,0,0,0
1,CS6->US78,0,0,0
1,CS6->US86,0,0,0
1,CS6->US94,0,0,0
1,CS6->US102,0,0,0
1,CS6->US110,0,0,0
1,CS6->US118,0,0,0
1,CS6->US126,0,0,0
1,CS7->US7,27761,27761,0
1,CS7->US15,0,0,0
1,CS7->US23,0,0,0
1,CS7->US31,0,0,0
1,CS7->US39,0,0,0
1,CS7->US47,0,0,0
1,CS7->US55,27702,27702,0
1,CS7->US63,0,0,0
1,CS7->US71,0,0,0
1,CS7->US79,0,0,0
1,CS7->US87,0,0,0
1,CS7->US95,0,0,0
1,CS7->US103,0,0,0
1,CS7->US111,0,0,0
1,CS7->US119,0,0,0
1,CS7->US127,0,0,0
1,CS8->US0,27533,27533,0
1,CS8->US8,0,0,0
1,CS8->US16,0,0,0
1,CS8->US24,0,0,0
1,CS8->US32,0,0,0
1,CS8->US40,0,0,0
1,CS8->US48,27554,27554,0
1,CS8->US56,0,0,0
1,CS8->US64,0,0,0
1,CS8->US72,0,0,0
1,CS8->US80,0,0,0
1,CS8->US88,0,0,0
1,CS8->US96,0,0,0
1,CS8->US104,0,0,0
1,CS8->US112,0,0,0
1,CS8->US120,0,0,0
1,CS9->US1,27396,27396,0
1,CS9->US9,0,0,0
1,CS9->US17,0,0,0
1,CS9->US25,0,0,0
1,CS9->US33,0,0,0
1,CS9->US41,0,0,0
1,CS9->US49,27773,27773,0
1,CS9->US57,0,0,0
1,CS9->US65,0,0,0
1,CS9->US73,0,0,0
1,CS9->US81,0,0,0
1,CS9->US89,0,0,0
1,CS9->US97,0,0,0
1,CS9->US105,0,0,0
1,CS9->US113,0,0,0
1,CS9->US121,0,0,0
1,CS10->US2,27232,27232,0
1,CS10->US10,0,0,0
1,CS10->US18,0,0,0
1,CS10->US26,0,0,0
1,CS10->US34,0,0,0
1,CS10->US42,0,0,0
1,CS10->US50,27829,27829,0
1,CS10->US58,0,0,0
1,CS10->US66,0,0,0
1,CS10->US74,0,0,0
1,CS10->US82,0,0,0
1,CS10->US90,0,0,0
1,CS10->US98,0,0,0
1,CS10->US106,0,0,0
1,CS10->US114,0,0,0
1,CS10->US122,0,0,0
1,CS11->US3,27897,27897,0
1,CS11->US11,0,0,0
1,CS11->US19,0,0,0
1,CS11->US27,0,0,0
1,CS11->US35,0,0,0
1,CS11->US43,0,0,0
1,CS11->US51,27407,27407,0
1,CS11->US59,0,0,0
1,CS11->US67,0,0,0
1,CS11->US75,0,0,0
1,CS11->US83,0,0,0
1,CS11->US91,0,0,0
1,CS11->US99,0,0,0
1,CS11->US107,0,0,0
1,CS11->US115,0,0,0
1,CS11->US123,0,0,0
1,CS12->US4,27565,27565,0
1,CS12->US12,0,0,0
1,CS12->US20,0,0,0
1,CS12->US28,0,0,0
1,CS12->US36,0,0,0
1,CS12->US44,0,0,0
1,CS12->US52,27558,27558,0
1,CS12->US60,0,0,0
1,CS12->US68,0,0,0
1,CS12->US76,0,0,0
1,CS12->US84,0,0,0
1,CS12->US92,0,0,0
1,CS12->US100,0,0,0
1,CS12->US108,0,0,0
1,CS12->US116,0,0,0
1,CS12->US124,0,0,0
1,CS13->US5,27762,27762,0
1,CS13->US13,0,0,0
1,CS13->US21,0,0,0
1,CS13->US29,0,0,0
1,CS13->US37,0,0,0
1,CS13->US45,0,0,0
1,CS13->US53,27396,27396,0
1,CS13->US61,0,0,0
1,CS13->US69,0,0,0
1,CS13->US77,0,0,0
1,CS13->US85,0,0,0
1,CS13->US93,0,0,0
1,CS13->US101,0,0,0
1,CS13->US109,0,0,0
1,CS13->US117,0,0,0
1,CS13->US125,0,0,0
1,CS14->US6,27688,27688,0
1,CS14->US14,0,0,0
1,CS14->US22,0,0,0
1,CS14->US30,0,0,0
1,CS14->US38,0,0,0
1,CS14->US46,0,0,0
1,CS14->US54,27381,27381,0
1,CS14->US62,0,0,0
1,CS14->US70,0,0,0
1,CS14->US78,0,0,0
1,CS14->US86,0,0,0
1,CS14->US94,0,0,0
1,CS14->US102,0,0,0
1,CS14->US110,0,0,0
1,CS14->US118,0,0,0
1,CS14->US126,0,0,0
1,CS15->US7,28008,28008,0
1,CS15->US15,0,0,0
1,CS15->US23,0,0,0
1,CS15->US31,0,0,0
1,CS15->US39,0,0,0
1,CS15->US47,0,0,0
1,CS15->US55,27639,27639,0
1,CS15->US63,0,0,0
1,CS15->US71,0,0,0
1,CS15->US79,0,0,0
1,CS15->US87,0,0,0
1,CS15->US95,0,0,0
1,CS15->US103,0,0,0
1,CS15->US111,0,0,0
1,CS15->US119,0,0,0
1,CS15->US127,0,0,0
1,CS16->US0,27436,27436,0
1,CS16->US8,0,0,0
1,CS16->US16,0,0,0
1,CS16->US24,0,0,0
1,CS16->US32,0,0,0
1,CS16->US40,0,0,0
1,CS16->US48,27603,27603,0
1,CS16->US56,0,0,0
1,CS16->US64,0,0,0
1,CS16->US72,0,0,0
1,CS16->US80,0,0,0
1,CS16->US88,0,0,0
1,CS16->US96,0,0,0
1,CS16->US104,0,0,0
1,CS16->US112,0,0,0
1,CS16->US120,0,0,0
1,CS17->US1,27540,27540,0
1,CS17->US9,0,0,0
1,CS17->US17,0,0,0
1,CS17->US25,0,0,0
1,CS17->US33,0,0,0
1,CS17->US41,0,0,0
1,CS17->US49,27090,27090,0
1,CS17->US57,0,0,0
1,CS17->US65,0,0,0
1,CS17->US73,0,0,0
1,CS17->US81,0,0,0
1,CS17->US89,0,0,0
1,CS17->US97,0,0,0
1,CS17->US105,0,0,0
1,CS17->US113,0,0,0
1,CS17->US121,0,0,0
1,CS18->US2,27267,27267,0
1,CS18->US10,0,0,0
1,CS18->US18,0,0,0
1,CS18->US26,0,0,0
1,CS18->US34,0,0,0
1,CS18->US42,0,0,0
1,CS18->US50,27603,27603,0
1,CS18->US58,0,0,0
1,CS18->US66,0,0,0
1,CS18->US74,0,0,0
1,CS18->US82,0,0,0
1,CS18->US90,0,0,0
1,CS18->US98,0,0,0
1,CS18->US106,0,0,0
1,CS18->US114,0,0,0
1,CS18->US122,0,0,0
1,CS19->US3,27410,27410,0
1,CS19->US11,0,0,0
1,CS19->US19,0,0,0
1,CS19->US27,0,0,0
1,CS19->US35,0,0,0
1,CS19->US43,0,0,0
1,CS19->US51,27632,27632,0
1,CS19->US59,0,0,0
1,CS19->US67,0,0,0
1,CS19->US75,0,0,0
1,CS19->US83,0,0,0
1,CS19->US91,0,0,0
1,CS19->US99,0,0,0
1,CS19->US107,0,0,0
1,CS19->US115,0,0,0
1,CS19->US123,0,0,0
1,CS20->US4,27465,27465,0
1,CS20->US12,0,0,0
1,CS20->US20,0,0,0
1,CS20->US28,0,0,0
1,CS20->US36,0,0,0
1,CS20->US44,0,0,0
1,CS20->US52,27643,27643,0
1,CS20->US60,0,0,0
1,CS20->US68,0,0,0
1,CS20->US76,0,0,0
1,CS20->US84,0,0,0
1,CS20->US92,0,0,0
1,CS20->US100,0,0,0
1,CS20->US108,0,0,0
1,CS20->US116,0,0,0
1,CS20->US124,0,0,0
1,CS21->US5,27745,27745,0
1,CS21->US13,0,0,0
1,CS21->US21,0,0,0
1,CS21->US29,0,0,0
1,CS21->US37,0,0,0
1,CS21->US45,0,0,0
1,CS21->US53,27454,27454,0
1,CS21->US61,0,0,0
1,CS21->US69,0,0,0
1,CS21->US77,0,0,0
1,CS21->US85,0,0,0
1,CS21->US93,0,0,0
1,CS21->US101,0,0,0
1,CS21->US109,0,0,0
1,CS21->US117,0,0,0
1,CS21->US125,0,0,0
1,CS22->US6,27677,27677,0
1,CS22->US14,0,0,0
1,CS22->US22,0,0,0
1,CS22->US30,0,0,0
1,CS22->US38,0,0,0
1,CS22->US46,0,0,0
1,CS22->US54,27425,27425,0
1,CS22->US62,0,0,0
1,CS22->US70,0,0,0
1,CS22->US78,0,0,0
1,CS22->US86,0,0,0
1,CS22->US94,0,0,0
1,CS22->US102,0,0,0
1,CS22->US110,0,0,0
1,CS22->US118,0,0,0
1,CS22->US126,0,0,0
1,CS23->US7,27747,27747,0
1,CS23->US15,0,0,0
1,CS23->US23,0,0,0
1,CS23->US31,0,0,0
1,CS23->US39,0,0,0
1,CS23->US47,0,0,0
1,CS23->US55,27618,27618,0
1,CS23->US63,0,0,0
1,CS23->US71,0,0,0
1,CS23->US79,0,0,0
1,CS23->US87,0,0,0
1,CS23->US95,0,0,0
1,CS23->US103,0,0,0
1,CS23->US111,0,0,0
1,CS23->US119,0,0,0
1,CS23->US127,0,0,0
1,CS24->US0,27698,27698,0
1,CS24->US8,0,0,0
1,CS24->US16,0,0,0
1,CS24->US24,0,0,0
1,CS24->US32,0,0,0
1,CS24->US40,0,0,0
1,CS24->US48,27319,27319,0
1,CS24->US56,0,0,0
1,CS24->US64,0,0,0
1,CS24->US72,0,0,0
1,CS24->US80,0,0,0
1,CS24->US88,0,0,0
1,CS24->US96,0,0,0
1,CS24->US104,0,0,0
1,CS24->US112,0,0,0
1,CS24->US120,0,0,0
1,CS25->US1,27303,27303,0
1,CS25->US9,0,0,0
1,CS25->US17,0,0,0
1,CS25->US25,0,0,0
1,CS25->US33,0,0,0
1,CS25->US41,0,0,0
1,CS25->US49,27498,27498,0
1,CS25->US57,0,0,0
1,CS25->US65,0,0,0
1,CS25->US73,0,0,0
1,CS25->US81,0,0,0
1,CS25->US89,0,0,0
1,CS25->US97,0,0,0
1,CS25->US105,0,0,0
1,CS25->US113,0,0,0
1,CS25->US121,0,0,0
1,CS26->US2,27647,27647,0
1,CS26->US10,0,0,0
1,CS26->US18,0,0,0
1,CS26->US26,0,0,0
1,CS26->US34,0,0,0
1,CS26->US42,0,0,0
1,CS26->US50,27574,27574,0
1,CS26->US58,0,0,0
1,CS26->US66,0,0,0
1,CS26->US74,0,0,0
1,CS26->US82,0,0,0
1,CS26->US90,0,0,0
1,CS26->US98,0,0,0
1,CS26->US106,0,0,0
1,CS26->US114,0,0,0
1,CS26->US122,0,0,0
1,CS27->US3,27456,27456,0
1,CS27->US11,0,0,0
1,CS27->US19,0,0,0
1,CS27->US27,0,0,0
1,CS27->US35,0,0,0
1,CS27->US43,0,0,0
1,CS27->US51,27699,27699,0
1,CS27->US59,0,0,0
1,CS27->US67,0,0,0
1,CS27->US75,0,0,0
1,CS27->US83,0,0,0
1,CS27->US91,0,0,0
1,CS27->US99,0,0,0
1,CS27->US107,0,0,0
1,CS27->US115,0,0,0
1,CS27->US123,0,0,0
1,CS28->US4,27519,27519,0
1,CS28->US12,0,0,0
1,CS28->US20,0,0,0
1,CS28->US28,0,0,0
1,CS28->US36,0,0,0
1,CS28->US44,0,0,0
1,CS28->US52,27627,27627,0
1,CS28->US60,0,0,0
1,CS28->US68,0,0,0
1,CS28->US76,0,0,0
1,CS28->US84,0,0,0
1,CS28->US92,0,0,0
1,CS28->US100,0,0,0
1,CS28->US108,0,0,0
1,CS28->US116,0,0,0
1,CS28->US124,0,0,0
1,CS29->US5,27572,27572,0
1,CS29->US13,0,0,0
1,CS29->US21,0,0,0
1,CS29->US29,0,0,0
1,CS29->US37,0,0,0
1,CS29->US45,0,0,0
1,CS29->US53,27749,27749,0
1,CS29->US61,0,0,0
1,CS29->US69,0,0,0
1,CS29->US77,0,0,0
1,CS29->US85,0,0,0
1,CS29->US93,0,0,0
1,CS29->US101,0,0,0
1,CS29->US109,0,0,0
1,CS29->US117,0,0,0
1,CS29->US125,0,0,0
1,CS30->US6,27608,27608,0
1,CS30->US14,0,0,0
1,CS30->US22,0,0,0
1,CS30->US30,0,0,0
1,CS30->US38,0,0,0
1,CS30->US46,0,0,0
1,CS30->US54,27784,27784,0
1,CS30->US62,0,0,0
1,CS30->US70,0,0,0
1,CS30->US78,0,0,0
1,CS30->US86,0,0,0
1,CS30->US94,0,0,0
1,CS30->US102,0,0,0
1,CS30->US110,0,0,0
1,CS30->US118,0,0,0
1,CS30->US126,0,0,0
1,CS31->US7,27469,27469,0
1,CS31->US15,0,0,0
1,CS31->US23,0,0,0
1,CS31->US31,0,0,0
1,CS31->US39,0,0,0
1,CS31->US47,0,0,0
1,CS31->US55,27404,27404,0
1,CS31->US63,0,0,0
1,CS31->US71,0,0,0
1,CS31->US79,0,0,0
1,CS31->US87,0,0,0
1,CS31->US95,0,0,0
1,CS31->US103,0,0,0
1,CS31->US111,0,0,0
1,CS31->US119,0,0,0
1,CS31->US127,0,0,0
1,CS32->US0,27473,27473,0
1,CS32->US8,0,0,0
1,CS32->US16,0,0,0
1,CS32->US24,0,0,0
1,CS32->US32,0,0,0
1,CS32->US40,0,0,0
1,CS32->US48,27799,27799,0
1,CS32->US56,0,0,0
1,CS32->US64,0,0,0
1,CS32->US72,0,0,0
1,CS32->US80,0,0,0
1,CS32->US88,0,0,0
1,CS32->US96,0,0,0
1,CS32->US104,0,0,0
1,CS32->US112,0,0,0
1,CS32->US120,0,0,0
1,CS33->US1,27292,27292,0
1,CS33->US9,0,0,0
1,CS33->US17,0,0,0
1,CS33->US25,0,0,0
1,CS33->US33,0,0,0
1,CS33->US41,0,0,0
1,CS33->US49,27497,27497,0
1,CS33->US57,0,0,0
1,CS33->US65,0,0,0
1,CS33->US73,0,0,0
1,CS33->US81,0,0,0
1,CS33->US89,0,0,0
1,CS33->US97,0,0,0
1,CS33->US105,0,0,0
1,CS33->US113,0,0,0
1,CS33->US121,0,0,0
1,CS34->US2,27740,27740,0
1,CS34->US10,0,0,0
1,CS34->US18,0,0,0
1,CS34->US26,0,0,0
1,CS34->US34,0,0,0
1,CS34->US42,0,0,0
1,CS34->US50,27420,27420,0
1,CS34->US58,0,0,0
1,CS34->US66,0,0,0
1,CS34->US74,0,0,0
1,CS34->US82,0,0,0
1,CS34->US90,0,0,0
1,CS34->US98,0,0,0
1,CS34->US106,0,0,0
1,CS34->US114,0,0,0
1,CS34->US122,0,0,0
1,CS35->US3,27756,27756,0
1,CS35->US11,0,0,0
1,CS35->US19,0,0,0
1,CS35->US27,0,0,0
1,CS35->US35,0,0,0
1,CS35->US43,0,0,0
1,CS35->US51,27683,27683,0
1,CS35->US59,0,0,0
1,CS35->US67,0,0,0
1,CS35->US75,0,0,0
1,CS35->US83,0,0,0
1,CS35->US91,0,0,0
1,CS35->US99,0,0,0
1,CS35->US107,0,0,0
1,CS35->US115,0,0,0
1,CS35->US123,0,0,0
1,CS36->US4,27662,27662,0
1,CS36->US12,0,0,0
1,CS36->US20,0,0,0
1,CS36->US28,0,0,0
1,CS36->US36,0,0,0
1,CS36->US44,0,0,0
1,CS36->US52,27803,27803,0
1,CS36->US60,0,0,0
1,CS36->US68,0,0,0
1,CS36->US76,0,0,0
1,CS36->US84,0,0,0
1,CS36->US92,0,0,0
1,CS36->US100,0,0,0
1,CS36->US108,0,0,0
1,CS36->US116,0,0,0
1,CS36->US124,0,0,0
1,CS37->US5,27558,27558,0
1,CS37->US13,0,0,0
1,CS37->US21,0,0,0
1,CS37->US29,0,0,0
1,CS37->US37,0,0,0
1,CS37->US45,0,0,0
1,CS37->US53,27798,27798,0
1,CS37->US61,0,0,0
1,CS37->US69,0,0,0
1,CS37->US77,0,0,0
1,CS37->US85,0,0,0
1,CS37->US93,0,0,0
1,CS37->US101,0,0,0
1,CS37->US109,0,0,0
1,CS37->US117,0,0,0
1,CS37->US125,0,0,0
1,CS38->US6,27381,27381,0
1,CS38->US14,0,0,0
1,CS38->US22,0,0,0
1,CS38->US30,0,0,0
1,CS38->US38,0,0,0
1,CS38->US46,0,0,0
1,CS38->US54,27548,27548,0
1,CS38->US62,0,0,0
1,CS38->US70,0,0,0
1,CS38->US78,0,0,0
1,CS38->US86,0,0,0
1,CS38->US94,0,0,0
1,CS38->US102,0,0,0
1,CS38->US110,0,0,0
1,CS38->US118,0,0,0
1,CS38->US126,0,0,0
1,CS39->US7,27682,27682,0
1,CS39->US15,0,0,0
1,CS39->US23,0,0,0
1,CS39->US31,0,0,0
1,CS39->US39,0,0,0
1,CS39->US47,0,0,0
1,CS39->US55,27347,27347,0
1,CS39->US63,0,0,0
1,CS39->US71,0,0,0
1,CS39->US79,0,0,0
1,CS39->US87,0,0,0
1,CS39->US95,0,0,0
1,CS39->US103,0,0,0
1,CS39->US111,0,0,0
1,CS39->US119,0,0,0
1,CS39->US127,0,0,0
1,CS40->US0,27718,27718,0
1,CS40->US8,0,0,0
1,CS40->US16,0,0,0
1,CS40->US24,0,0,0
1,CS40->US32,0,0,0
1,CS40->US40,0,0,0
1,CS40->US48,27442,27442,0
1,CS40->US56,0,0,0
1,CS40->US64,0,0,0
1,CS40->US72,0,0,0
1,CS40->US80,0,0,0
1,CS40->US88,0,0,0
1,CS40->US96,0,0,0
1,CS40->US104,0,0,0
1,CS40->US112,0,0,0
1,CS40->US120,0,0,0
1,CS41->US1,27634,27634,0
1,CS41->US9,0,0,0
1,CS41->US17,0,0,0
1,CS41->US25,0,0,0
1,CS41->US33,0,0,0
1,CS41->US41,0,0,0
1,CS41->US49,27704,27704,0
1,CS41->US57,0,0,0
1,CS41->US65,0,0,0
1,CS41->US73,0,0,0
1,CS41->US81,0,0,0
1,CS41->US89,0,0,0
1,CS41->US97,0,0,0
1,CS41->US105,0,0,0
1,CS41->US113,0,0,0
1,CS41->US121,0,0,0
1,CS42->US2,27465,27465,0
1,CS42->US10,0,0,0
1,CS42->US18,0,0,0
1,CS42->US26,0,0,0
1,CS42->US34,0,0,0
1,CS42->US42,0,0,0
1,CS42->US50,27296,27296,0
1,CS42->US58,0,0,0
1,CS42->US66,0,0,0
1,CS42->US74,0,0,0
1,CS42->US82,0,0,0
1,CS42->US90,0,0,0
1,CS42->US98,0,0,0
1,CS42->US106,0,0,0
1,CS42->US114,0,0,0
1,CS42->US122,0,0,0
1,CS43->US3,27555,27555,0
1,CS43->US11,0,0,0
1,CS43->US19,0,0,0
1,CS43->US27,0,0,0
1,CS43->US35,0,0,0
1,CS43->US43,0,0,0
1,CS43->US51,27616,27616,0
1,CS43->US59,0,0,0
1,CS43->US67,0,0,0
1,CS43->US75,0,0,0
1,CS43->US83,0,0,0
1,CS43->US91,0,0,0
1,CS43->US99,0,0,0
1,CS43->US107,0,0,0
1,CS43->US115,0,0,0
1,CS43->US123,0,0,0
1,CS44->US4,27657,27657,0
1,CS44->US12,0,0,0
1,CS44->US20,0,0,0
1,CS44->US28,0,0,0
1,CS44->US36,0,0,0
1,CS44->US44,0,0,0
1,CS44->US52,27564,27564,0
1,CS44->US60,0,0,0
1,CS44->US68,0,0,0
1,CS44->US76,0,0,0
1,CS44->US84,0,0,0
1,CS44->US92,0,0,0
1,CS44->US100,0,0,0
1,CS44->US108,0,0,0
1,CS44->US116,0,0,0
1,CS44->US124,0,0,0
1,CS45->US5,27432,27432,0
1,CS45->US13,0,0,0
1,CS45->US21,0,0,0
1,CS45->US29,0,0,0
1,CS45->US37,0,0,0
1,CS45->US45,0,0,0
1,CS45->US53,27500,27500,0
1,CS45->US61,0,0,0
1,CS45->US69,0,0,0
1,CS45->US77,0,0,0
1,CS45->US85,0,0,0
1,CS45->US93,0,0,0
1,CS45->US101,0,0,0
1,CS45->US109,0,0,0
1,CS45->US117,0,0,0
1,CS45->US125,0,0,0
1,CS46->US6,27625,27625,0
1,CS46->US14,0,0,0
1,CS46->US22,0,0,0
1,CS46->US30,0,0,0
1,CS46->US38,0,0,0
1,CS46->US46,0,0,0
1,CS46->US54,27359,27359,0
1,CS46->US62,0,0,0
1,CS46->US70,0,0,0
1,CS46->US78,0,0,0
1,CS46->US86,0,0,0
1,CS46->US94,0,0,0
1,CS46->US102,0,0,0
1,CS46->US110,0,0,0
1,CS46->US118,0,0,0
1,CS46->US126,0,0,0
1,CS47->US7,27446,27446,0
1,CS47->US15,0,0,0
1,CS47->US23,0,0,0
1,CS47->US31,0,0,0
1,CS47->US39,0,0,0
1,CS47->US47,0,0,0
1,CS47->US55,27703,27703,0
1,CS47->US63,0,0,0
1,CS47->US71,0,0,0
1,CS47->US79,0,0,0
1,CS47->US87,0,0,0
1,CS47->US95,0,0,0
1,CS47->US103,0,0,0
1,CS47->US111,0,0,0
1,CS47->US119,0,0,0
1,CS47->US127,0,0,0
1,CS48->US0,27485,27485,0
1,CS48->US8,0,0,0
1,CS48->US16,0,0,0
1,CS48->US24,0,0,0
1,CS48->US32,0,0,0
1,CS48->US40,0,0,0
1,CS48->US48,27622,27622,0
1,CS48->US56,0,0,0
1,CS48->US64,0,0,0
1,CS48->US72,0,0,0
1,CS48->US80,0,0,0
1,CS48->US88,0,0,0
1,CS48->US96,0,0,0
1,CS48->US104,0,0,0
1,CS48->US112,0,0,0
1,CS48->US120,0,0,0
1,CS49->US1,27353,27353,0
1,CS49->US9,0,0,0
1,CS49->US17,0,0,0
1,CS49->US25,0,0,0
1,CS49->US33,0,0,0
1,CS49->US41,0,0,0
1,CS49->US49,27616,27616,0
1,CS49->US57,0,0,0
1,CS49->US65,0,0,0
1,CS49->US73,0,0,0
1,CS49->US81,0,0,0
1,CS49->US89,0,0,0
1,CS49->US97,0,0,0
1,CS49->US105,0,0,0
1,CS49->US113,0,0,0
1,CS49->US121,0,0,0
1,CS50->US2,27658,27658,0
1,CS50->US10,0,0,0
1,CS50->US18,0,0,0
1,CS50->US26,0,0,0
1,CS50->US34,0,0,0
1,CS50->US42,0,0,0
1,CS50->US50,27530,27530,0
1,CS50->US58,0,0,0
1,CS50->US66,0,0,0
1,CS50->US74,0,0,0
1,CS50->US82,0,0,0
1,CS50->US90,0,0,0
1,CS50->US98,0,0,0
1,CS50->US106,0,0,0
1,CS50->US114,0,0,0
1,CS50->US122,0,0,0
1,CS51->US3,27441,27441,0
1,CS51->US11,0,0,0
1,CS51->US19,0,0,0
1,CS51->US27,0,0,0
1,CS51->US35,0,0,0
1,CS51->US43,0,0,0
1,CS51->US51,27485,27485,0
1,CS51->US59,0,0,0
1,CS51->US67,0,0,0
1,CS51->US75,0,0,0
1,CS51->US83,0,0,0
1,CS51->US91,0,0,0
1,CS51->US99,0,0,0
1,CS51->US107,0,0,0
1,CS51->US115,0,0,0
1,CS51->US123,0,0,0
1,CS52->US4,27576,27576,0
1,CS52->US12,0,0,0
1,CS52->US20,0,0,0
1,CS52->US28,0,0,0
1,CS52->US36,0,0,0
1,CS52->US44,0,0,0
1,CS52->US52,27798,27798,0
1,CS52->US60,0,0,0
1,CS52->US68,0,0,0
1,CS52->US76,0,0,0
1,CS52->US84,0,0,0
1,CS52->US92,0,0,0
1,CS52->US100,0,0,0
1,CS52->US108,0,0,0
1,CS52->US116,0,0,0
1,CS52->US124,0,0,0
1,CS53->US5,27671,27671,0
1,CS53->US13,0,0,0
1,CS53->US21,0,0,0
1,CS53->US29,0,0,0
1,CS53->US37,0,0,0
1,CS53->US45,0,0,0
1,CS53->US53,27455,27455,0
1,CS53->US61,0,0,0
1,CS53->US69,0,0,0
1,CS53->US77,0,0,0
1,CS53->US85,0,0,0
1,CS53->US93,0,0,0
1,CS53->US101,0,0,0
1,CS53->US109,0,0,0
1,CS53->US117,0,0,0
1,CS53->US125,0,0,0
1,CS54->US6,27515,27515,0
1,CS54->US14,0,0,0
1,CS54->US22,0,0,0
1,CS54->US30,0,0,0
1,CS54->US38,0,0,0
1,CS54->US46,0,0,0
1,CS54->US54,27484,27484,0
1,CS54->US62,0,0,0
1,CS54->US70,0,0,0
1,CS54->US78,0,0,0
1,CS54->US86,0,0,0
1,CS54->US94,0,0,0
1,CS54->US102,0,0,0
1,CS54->US110,0,0,0
1,CS54->US118,0,0,0
1,CS54->US126,0,0,0
1,CS55->US7,27462,27462,0
1,CS55->US15,0,0,0
1,CS55->US23,0,0,0
1,CS55->US31,0,0,0
1,CS55->US39,0,0,0
1,CS55->US47,0,0,0
1,CS55->US55,27564,27564,0
1,CS55->US63,0,0,0
1,CS55->US71,0,0,0
1,CS55->US79,0,0,0
1,CS55->US87,0,0,0
1,CS55->US95,0,0,0
1,CS55->US103,0,0,0
1,CS55->US111,0,0,0
1,CS55->US119,0,0,0
1,CS55->US127,0,0,0
1,CS56->US0,27370,27370,0
1,CS56->US8,0,0,0
1,CS56->US16,0,0,0
1,CS56->US24,0,0,0
1,CS56->US32,0,0,0
1,CS56->US40,0,0,0
1,CS56->US48,27451,27451,0
1,CS56->US56,0,0,0
1,CS56->US64,0,0,0
1,CS56->US72,0,0,0
1,CS56->US80,0,0,0
1,CS56->US88,0,0,0
1,CS56->US96,0,0,0
1,CS56->US104,0,0,0
1,CS56->US112,0,0,0
1,CS56->US120,0,0,0
1,CS57->US1,27716,27716,0
1,CS57->US9,0,0,0
1,CS57->US17,0,0,0
1,CS57->US25,0,0,0
1,CS57->US33,0,0,0
1,CS57->US41,0,0,0
1,CS57->US49,27319,27319,0
1,CS57->US57,0,0,0
1,CS57->US65,0,0,0
1,CS57->US73,0,0,0
1,CS57->US81,0,0,0
1,CS57->US89,0,0,0
1,CS57->US97,0,0,0
1,CS57->US105,0,0,0
1,CS57->US113,0,0,0
1,CS57->US121,0,0,0
1,CS58->US2,27610,27610,0
1,CS58->US10,0,0,0
1,CS58->US18,0,0,0
1,CS58->US26,0,0,0
1,CS58->US34,0,0,0
1,CS58->US42,0,0,0
1,CS58->US50,27376,27376,0
1,CS58->US58,0,0,0
1,CS58->US66,0,0,0
1,CS58->US74,0,0,0
1,CS58->US82,0,0,0
1,CS58->US90,0,0,0
1,CS58->US98,0,0,0
1,CS58->US106,0,0,0
1,CS58->US114,0,0,0
1,CS58->US122,0,0,0
1,CS59->US3,27570,27570,0
1,CS59->US11,0,0,0
1,CS59->US19,0,0,0
1,CS59->US27,0,0,0
1,CS59->US35,0,0,0
1,CS59->US43,0,0,0
1,CS59->US51,27475,27475,0
1,CS59->US59,0,0,0
1,CS59->US67,0,0,0
1,CS59->US75,0,0,0
1,CS59->US83,0,0,0
1,CS59->US91,0,0,0
1,CS59->US99,0,0,0
1,CS59->US107,0,0,0
1,CS59->US115,0,0,0
1,CS59->US123,0,0,0
1,CS60->US4,27506,27506,0
1,CS60->US12,0,0,0
1,CS60->US20,0,0,0
1,CS60->US28,0,0,0
1,CS60->US36,0,0,0
1,CS60->US44,0,0,0
1,CS60->US52,27473,27473,0
1,CS60->US60,0,0,0
1,CS60->US68,0,0,0
1,CS60->US76,0,0,0
1,CS60->US84,0,0,0
1,CS60->US92,0,0,0
1,CS60->US100,0,0,0
1,CS60->US108,0,0,0
1,CS60->US116,0,0,0
1,CS60->US124,0,0,0
1,CS61->US5,27357,27357,0
1,CS61->US13,0,0,0
1,CS61->US21,0,0,0
1,CS61->US29,0,0,0
1,CS61->US37,0,0,0
1,CS61->US45,0,0,0
1,CS61->US53,27580,27580,0
1,CS61->US61,0,0,0
1,CS61->US69,0,0,0
1,CS61->US77,0,0,0
1,CS61->US85,0,0,0
1,CS61->US93,0,0,0
1,CS61->US101,0,0,0
1,CS61->US109,0,0,0
1,CS61->US117,0,0,0
1,CS61->US125,0,0,0
1,CS62->US6,27574,27574,0
1,CS62->US14,0,0,0
1,CS62->US22,0,0,0
1,CS62->US30,0,0,0
1,CS62->US38,0,0,0
1,CS62->US46,0,0,0
1,CS62->US54,27484,27484,0
1,CS62->US62,0,0,0
1,CS62->US70,0,0,0
1,CS62->US78,0,0,0
1,CS62->US86,0,0,0
1,CS62->US94,0,0,0
1,CS62->US102,0,0,0
1,CS62->US110,0,0,0
1,CS62->US118,0,0,0
1,CS62->US126,0,0,0
1,CS63->US7,27659,27659,0
1,CS63->US15,0,0,0
1,CS63->US23,0,0,0
1,CS63->US31,0,0,0
1,CS63->US39,0,0,0
1,CS63->US47,0,0,0
1,CS63->US55,27271,27271,0
1,CS63->US63,0,0,0
1,CS63->US71,0,0,0
1,CS63->US79,0,0,0
1,CS63->US87,0,0,0
1,CS63->US95,0,0,0
1,CS63->US103,0,0,0
1,CS63->US111,0,0,0
1,CS63->US119,0,0,0
1,CS63->US127,0,0,0
2,US0->CS0,51272,51272,0
2,US0->CS8,51479,51479,0
2,US0->CS16,51325,51325,0
2,US0->CS24,50954,50954,0
2,US0->CS32,51667,51667,0
2,US0->CS40,51338,51338,0
2,US0->CS48,51727,51727,0
2,US0->CS56,51398,51398,0
2,US1->CS1,51605,51605,0
2,US1->CS9,51712,51712,0
2,US1->CS17,50841,50841,0
2,US1->CS25,51356,51356,0
2,US1->CS33,51369,51369,0
2,US1->CS41,51634,51634,0
2,US1->CS49,51504,51504,0
2,US1->CS57,51328,51328,0
2,US2->CS2,51371,51371,0
2,US2->CS10,51758,51758,0
2,US2->CS18,51372,51372,0
2,US2->CS26,51463,51463,0
2,US2->CS34,51157,51157,0
2,US2->CS42,51358,51358,0
2,US2->CS50,51559,51559,0
2,US2->CS58,51122,51122,0
2,US3->CS3,51469,51469,0
2,US3->CS11,51154,51154,0
2,US3->CS19,51447,51447,0
2,US3->CS27,51866,51866,0
2,US3->CS35,51690,51690,0
2,US3->CS43,51223,51223,0
2,US3->CS51,51348,51348,0
2,US3->CS59,51214,51214,0
2,US4->CS4,51730,51730,0
2,US4->CS12,51343,51343,0
2,US4->CS20,51619,51619,0
2,US4->CS28,51821,51821,0
2,US4->CS36,51703,51703,0
2,US4->CS44,51619,51619,0
2,US4->CS52,51485,51485,0
2,US4->CS60,51408,51408,0
2,US5->CS5,51492,51492,0
2,US5->CS13,51854,51854,0
2,US5->CS21,51327,51327,0
2,US5->CS29,51750,51750,0
2,US5->CS37,51586,51586,0
2,US5->CS45,51391,51391,0
2,US5->CS53,51349,51349,0
2,US5->CS61,51606,51606,0
2,US6->CS6,51602,51602,0
2,US6->CS14,51288,51288,0
2,US6->CS22,51295,51295,0
2,US6->CS30,51699,51699,0
2,US6->CS38,51730,51730,0
2,US6->CS46,51279,51279,0
2,US6->CS54,51594,51594,0
2,US6->CS62,51523,51523,0
2,US7->CS7,51748,51748,0
2,US7->CS15,51591,51591,0
2,US7->CS23,51609,51609,0
2,US7->CS31,51281,51281,0
2,US7->CS39,51322,51322,0
2,US7->CS47,51493,51493,0
2,US7->CS55,51323,51323,0
2,US7->CS63,51142,51142,0
2,US8->CS0,0,0,0
2,US8->CS8,0,0,0
2,US8->CS16,0,0,0
2,US8->CS24,0,0,0
2,US8->CS32,0,0,0
2,US8->CS40,0,0,0
2,US8->CS48,0,0,0
2,US8->CS56,0,0,0
2,US9->CS1,0,0,0
2,US9->CS9,0,0,0
2,US9->CS17,0,0,0
2,US9->CS25,0,0,0
2,US9->CS33,0,0,0
2,US9->CS41,0,0,0
2,US9->CS49,0,0,0
2,US9->CS57,0,0,0
2,US10->CS2,0,0,0
2,US10->CS10,0,0,0
2,US10->CS18,0,0,0
2,US10->CS26,0,0,0
2,US10->CS34,0,0,0
2,US10->CS42,0,0,0
2,US10->CS50,0,0,0
2,US10->CS58,0,0,0
2,US11->CS3,0,0,0
2,US11->CS11,0,0,0
2,US11->CS19,0,0,0
2,US11->CS27,0,0,0
2,US11->CS35,0,0,0
2,US11->CS43,0,0,0
2,US11->CS51,0,0,0
2,US11->CS59,0,0,0
2,US12->CS4,0,0,0
2,US12->CS12,0,0,0
2,US12->CS20,0,0,0
2,US12->CS28,0,0,0
2,US12->CS36,0,0,0
2,US12->CS44,0,0,0
2,US12->CS52,0,0,0
2,US12->CS60,0,0,0
2,US13->CS5,0,0,0
2,US13->CS13,0,0,0
2,US13->CS21,0,0,0
2,US13->CS29,0,0,0
2,US13->CS37,0,0,0
2,US13->CS45,0,0,0
2,US13->CS53,0,0,0
2,US13->CS61,0,0,0
2,US14->CS6,0,0,0
2,US14->CS14,0,0,0
2,US14->CS22,0,0,0
2,US14->CS30,0,0,0
2,US14->CS38,0,0,0
2,US14->CS46,0,0,0
2,US14->CS54,0,0,0
2,US14->CS62,0,0,0
2,US15->CS7,0,0,0
2,US15->CS15,0,0,0
2,US15->CS23,0,0,0
2,US15->CS31,0,0,0
2,US15->CS39,0,0,0
2,US15->CS47,0,0,0
2,US15->CS55,0,0,0
2,US15->CS63,0,0,0
2,US16->CS0,0,0,0
2,US16->CS8,0,0,0
2,US16->CS16,0,0,0
2,US16->CS24,0,0,0
2,US16->CS32,0,0,0
2,US16->CS40,0,0,0
2,US16->CS48,0,0,0
2,US16->CS56,0,0,0
2,US17->CS1,0,0,0
2,US17->CS9,0,0,0
2,US17->CS17,0,0,0
2,US17->CS25,0,0,0
2,US17->CS33,0,0,0
2,US17->CS41,0,0,0
2,US17->CS49,0,0,0
2,US17->CS57,0,0,0
2,US18->CS2,0,0,0
2,US18->CS10,0,0,0
2,US18->CS18,0,0,0
2,US18->CS26,0,0,0
2,US18->CS34,0,0,0
2,US18->CS42,0,0,0
2,US18->CS50,0,0,0
2,US18->CS58,0,0,0
2,US19->CS3,0,0,0
2,US19->CS11,0,0,0
2,US19->CS19,0,0,0
2,US19->CS27,0,0,0
2,US19->CS35,0,0,0
2,US19->CS43,0,0,0
2,US19->CS51,0,0,0
2,US19->CS59,0,0,0
2,US20->CS4,0,0,0
2,US20->CS12,0,0,0
2,US20->CS20,0,0,0
2,US20->CS28,0,0,0
2,US20->CS36,0,0,0
2,US20->CS44,0,0,0
2,US20->CS52,0,0,0
2,US20->CS60,0,0,0
2,US21->CS5,0,0,0
2,US21->CS13,0,0,0
2,US21->CS21,0,0,0
2,US21->CS29,0,0,0
2,US21->CS37,0,0,0
2,US21->CS45,0,0,0
2,US21->CS53,0,0,0
2,US21->CS61,0,0,0
2,US22->CS6,0,0,0
2,US22->CS14,0,0,0
2,US22->CS22,0,0,0
2,US22->CS30,0,0,0
2,US22->CS38,0,0,0
2,US22->CS46,0,0,0
2,US22->CS54,0,0,0
2,US22->CS62,0,0,0
2,US23->CS7,0,0,0
2,US23->CS15,0,0,0
2,US23->CS23,0,0,0
2,US23->CS31,0,0,0
2,US23->CS39,0,0,0
2,US23->CS47,0,0,0
2,US23->CS55,0,0,0
2,US23->CS63,0,0,0
2,US24->CS0,0,0,0
2,US24->CS8,0,0,0
2,US24->CS16,0,0,0
2,US24->CS24,0,0,0
2,US24->CS32,0,0,0
2,US24->CS40,0,0,0
2,US24->CS48,0,0,0
2,US24->CS56,0,0,0
2,US25->CS1,0,0,0
2,US25->CS9,0,0,0
2,US25->CS17,0,0,0
2,US25->CS25,0,0,0
2,US25->CS33,0,0,0
2,US25->CS41,0,0,0
2,US25->CS49,0,0,0
2,US25->CS57,0,0,0
2,US26->CS2,0,0,0
2,US26->CS10,0,0,0
2,US26->CS18,0,0,0
2,US26->CS26,0,0,0
2,US26->CS34,0,0,0
2,US26->CS42,0,0,0
2,US26->CS50,0,0,0
2,US26->CS58,0,0,0
2,US27->CS3,0,0,0
2,US27->CS11,0,0,0
2,US27->CS19,0,0,0
2,US27->CS27,0,0,0
2,US27->CS35,0,0,0
2,US27->CS43,0,0,0
2,US27->CS51,0,0,0
2,US27->CS59,0,0,0
2,US28->CS4,0,0,0
2,US28->CS12,0,0,0
2,US28->CS20,0,0,0
2,US28->CS28,0,0,0
2,US28->CS36,0,0,0
2,US28->CS44,0,0,0
2,US28->CS52,0,0,0
2,US28->CS60,0,0,0
2,US29->CS5,0,0,0
2,US29->CS13,0,0,0
2,US29->CS21,0,0,0
2,US29->CS29,0,0,0
2,US29->CS37,0,0,0
2,US29->CS45,0,0,0
2,US29->CS53,0,0,0
2,US29->CS61,0,0,0
2,US30->CS6,0,0,0
2,US30->CS14,0,0,0
2,US30->CS22,0,0,0
2,US30->CS30,0,0,0
2,US30->CS38,0,0,0
2,US30->CS46,0,0,0
2,US30->CS54,0,0,0
2,US30->CS62,0,0,0
2,US31->CS7,0,0,0
2,US31->CS15,0,0,0
2,US31->CS23,0,0,0
2,US31->CS31,0,0,0
2,US31->CS39,0,0,0
2,US31->CS47,0,0,0
2,US31->CS55,0,0,0
2,US31->CS63,0,0,0
2,US32->CS0,0,0,0
2,US32->CS8,0,0,0
2,US32->CS16,0,0,0
2,US32->CS24,0,0,0
2,US32->CS32,0,0,0
2,US32->CS40,0,0,0
2,US32->CS48,0,0,0
2,US32->CS56,0,0,0
2,US33->CS1,0,0,0
2,US33->CS9,0,0,0
2,US33->CS17,0,0,0
2,US33->CS25,0,0,0
2,US33->CS33,0,0,0
2,US33->CS41,0,0,0
2,US33->CS49,0,0,0
2,US33->CS57,0,0,0
2,US34->CS2,0,0,0
2,US34->CS10,0,0,0
2,US34->CS18,0,0,0
2,US34->CS26,0,0,0
2,US34->CS34,0,0,0
2,US34->CS42,0,0,0
2,US34->CS50,0,0,0
2,US34->CS58,0,0,0
2,US35->CS3,0,0,0
2,US35->CS11,0,0,0
2,US35->CS19,0,0,0
2,US35->CS27,0,0,0
2,US35->CS35,0,0,0
2,US35->CS43,0,0,0
2,US35->CS51,0,0,0
2,US35->CS59,0,0,0
2,US36->CS4,0,0,0
2,US36->CS12,0,0,0
2,US36->CS20,0,0,0
2,US36->CS28,0,0,0
2,US36->CS36,0,0,0
2,US36->CS44,0,0,0
2,US36->CS52,0,0,0
2,US36->CS60,0,0,0
2,US37->CS5,0,0,0
2,US37->CS13,0,0,0
2,US37->CS21,0,0,0
2,US37->CS29,0,0,0
2,US37->CS37,0,0,0
2,US37->CS45,0,0,0
2,US37->CS53,0,0,0
2,US37->CS61,0,0,0
2,US38->CS6,0,0,0
2,US38->CS14,0,0,0
2,US38->CS22,0,0,0
2,US38->CS30,0,0,0
2,US38->CS38,0,0,0
2,US38->CS46,0,0,0
2,US38->CS54,0,0,0
2,US38->CS62,0,0,0
2,US39->CS7,0,0,0
2,US39->CS15,0,0,0
2,US39->CS23,0,0,0
2,US39->CS31,0,0,0
2,US39->CS39,0,0,0
2,US39->CS47,0,0,0
2,US39->CS55,0,0,0
2,US39->CS63,0,0,0
2,US40->CS0,11217,11217,0
2,US40->CS8,11119,11118,0
2,US40->CS16,11086,11085,0
2,US40->CS24,11272,11271,0
2,US40->CS32,11357,11356,0
2,US40->CS40,11148,11147,0
2,US40->CS48,11171,11169,0
2,US40->CS56,11203,11202,0
2,US41->CS1,11116,11116,0
2,US41->CS9,11100,11099,0
2,US41->CS17,11103,11103,0
2,US41->CS25,11190,11190,0
2,US41->CS33,11217,11217,0
2,US41->CS41,11269,11269,0
2,US41->CS49,11274,11274,0
2,US41->CS57,11483,11483,0
2,US42->CS2,11199,11199,0
2,US42->CS10,11194,11194,0
2,US42->CS18,11118,11118,0
2,US42->CS26,11144,11142,0
2,US42->CS34,11169,11169,0
2,US42->CS42,10987,10986,0
2,US42->CS50,11342,11341,0
2,US42->CS58,11236,11236,0
2,US43->CS3,11108,11108,0
2,US43->CS11,11145,11145,0
2,US43->CS19,11200,11199,0
2,US43->CS27,11280,11280,0
2,US43->CS35,11269,11269,0
2,US43->CS43,11164,11163,0
2,US43->CS51,11186,11186,0
2,US43->CS59,11173,11172,0
2,US44->CS4,11221,11221,0
2,US44->CS12,11285,11285,0
2,US44->CS20,11538,11538,0
2,US44->CS28,11264,11263,0
2,US44->CS36,11436,11434,0
2,US44->CS44,11246,11246,0
2,US44->CS52,10910,10909,0
2,US44->CS60,11233,11233,0
2,US45->CS5,11024,11023,0
2,US45->CS13,11008,11008,0
2,US45->CS21,11324,11324,0
2,US45->CS29,11101,11101,0
2,US45->CS37,11169,11169,0
2,US45->CS45,11023,11022,0
2,US45->CS53,11125,11124,0
2,US45->CS61,11249,11249,0
2,US46->CS6,11312,11312,0
2,US46->CS14,11163,11163,0
2,US46->CS22,11217,11215,0
2,US46->CS30,11307,11306,0
2,US46->CS38,11072,11070,0
2,US46->CS46,11122,11121,0
2,US46->CS54,11245,11245,0
2,US46->CS62,11240,11240,0
2,US47->CS7,11175,11175,0
2,US47->CS15,11153,11153,0
2,US47->CS23,11111,11111,0
2,US47->CS31,11279,11279,0
2,US47->CS39,11278,11277,0
2,US47->CS47,11139,11138,0
2,US47->CS55,11252,11252,0
2,US47->CS63,11356,11356,0
2,US48->CS0,51571,51571,0
2,US48->CS8,51456,51456,0
2,US48->CS16,51116,51116,0
2,US48->CS24,51607,51607,0
2,US48->CS32,51239,51239,0
2,US48->CS40,51517,51517,0
2,US48->CS48,51394,51394,0
2,US48->CS56,51217,51217,0
2,US49->CS1,51261,51261,0
2,US49->CS9,51076,51076,0
2,US49->CS17,51541,51541,0
2,US49->CS25,51280,51280,0
2,US49->CS33,51236,51236,0
2,US49->CS41,51387,51387,0
2,US49->CS49,51175,51175,0
2,US49->CS57,51604,51604,0
2,US50->CS2,51409,51409,0
2,US50->CS10,51188,51188,0
2,US50->CS18,51321,51321,0
2,US50->CS26,51567,51567,0
2,US50->CS34,51839,51839,0
2,US50->CS42,51345,51345,0
2,US50->CS50,51364,51364,0
2,US50->CS58,51363,51363,0
2,US51->CS3,51737,51737,0
2,US51->CS11,51825,51825,0
2,US51->CS19,51067,51067,0
2,US51->CS27,51221,51221,0
2,US51->CS35,51659,51659,0
2,US51->CS43,51671,51671,0
2,US51->CS51,51363,51363,0
2,US51->CS59,51440,51440,0
2,US52->CS4,51229,51229,0
2,US52->CS12,51635,51635,0
2,US52->CS20,51352,51352,0
2,US52->CS28,51250,51250,0
2,US52->CS36,51346,51346,0
2,US52->CS44,51570,51570,0
2,US52->CS52,51274,51274,0
2,US52->CS60,51367,51367,0
2,US53->CS5,51617,51617,0
2,US53->CS13,51588,51588,0
2,US53->CS21,51640,51640,0
2,US53->CS29,51701,51701,0
2,US53->CS37,51438,51438,0
2,US53->CS45,51018,51018,0
2,US53->CS53,51499,51499,0
2,US53->CS61,51222,51222,0
2,US54->CS6,51105,51105,0
2,US54->CS14,51449,51449,0
2,US54->CS22,51556,51556,0
2,US54->CS30,51251,51251,0
2,US54->CS38,51109,51109,0
2,US54->CS46,51439,51439,0
2,US54->CS54,51576,51576,0
2,US54->CS62,51248,51248,0
2,US55->CS7,51617,51617,0
2,US55->CS15,52206,52206,0
2,US55->CS23,51699,51699,0
2,US55->CS31,51376,51376,0
2,US55->CS39,51519,51519,0
2,US55->CS47,51631,51631,0
2,US55->CS55,51143,51143,0
2,US55->CS63,51704,51704,0
2,US56->CS0,0,0,0
2,US56->CS8,0,0,0
2,US56->CS16,0,0,0
2,US56->CS24,0,0,0
2,US56->CS32,0,0,0
2,US56->CS40,0,0,0
2,US56->CS48,0,0,0
2,US56->CS56,0,0,0
2,US57->CS1,0,0,0
2,US57->CS9,0,0,0
2,US57->CS17,0,0,0
2,US57->CS25,0,0,0
2,US57->CS33,0,0,0
2,US57->CS41,0,0,0
2,US57->CS49,0,0,0
2,US57->CS57,0,0,0
2,US58->CS2,0,0,0
2,US58->CS10,0,0,0
2,US58->CS18,0,0,0
2,US58->CS26,0,0,0
2,US58->CS34,0,0,0
2,US58->CS42,0,0,0
2,US58->CS50,0,0,0
2,US58->CS58,0,0,0
2,US59->CS3,0,0,0
2,US59->CS11,0,0,0
2,US59->CS19,0,0,0
2,US59->CS27,0,0,0
2,US59->CS35,0,0,0
2,US59->CS43,0,0,0
2,US59->CS51,0,0,0
2,US59->CS59,0,0,0
2,US60->CS4,0,0,0
2,US60->CS12,0,0,0
2,US60->CS20,0,0,0
2,US60->CS28,0,0,0
2,US60->CS36,0,0,0
2,US60->CS44,0,0,0
2,US60->CS52,0,0,0
2,US60->CS60,0,0,0
2,US61->CS5,0,0,0
2,US61->CS13,0,0,0
2,US61->CS21,0,0,0
2,US61->CS29,0,0,0
2,US61->CS37,0,0,0
2,US61->CS45,0,0,0
2,US61->CS53,0,0,0
2,US61->CS61,0,0,0
2,US62->CS6,0,0,0
2,US62->CS14,0,0,0
2,US62->CS22,0,0,0
2,US62->CS30,0,0,0
2,US62->CS38,0,0,0
2,US62->CS46,0,0,0
2,US62->CS54,0,0,0
2,US62->CS62,0,0,0
2,US63->CS7,0,0,0
2,US63->CS15,0,0,0
2,US63->CS23,0,0,0
2,US63->CS31,0,0,0
2,US63->CS39,0,0,0
2,US63->CS47,0,0,0
2,US63->CS55,0,0,0
2,US63->CS63,0,0,0
2,US64->CS0,0,0,0
2,US64->CS8,0,0,0
2,US64->CS16,0,0,0
2,US64->CS24,0,0,0
2,US64->CS32,0,0,0
2,US64->CS40,0,0,0
2,US64->CS48,0,0,0
2,US64->CS56,0,0,0
2,US65->CS1,0,0,0
2,US65->CS9,0,0,0
2,US65->CS17,0,0,0
2,US65->CS25,0,0,0
2,US65->CS33,0,0,0
2,US65->CS41,0,0,0
2,US65->CS49,0,0,0
2,US65->CS57,0,0,0
2,US66->CS2,0,0,0
2,US66->CS10,0,0,0
2,US66->CS18,0,0,0
2,US66->CS26,0,0,0
2,US66->CS34,0,0,0
2,US66->CS42,0,0,0
2,US66->CS50,0,0,0
2,US66->CS58,0,0,0
2,US67->CS3,0,0,0
2,US67->CS11,0,0,0
2,US67->CS19,0,0,0
2,US67->CS27,0,0,0
2,US67->CS35,0,0,0
2,US67->CS43,0,0,0
2,US67->CS51,0,0,0
2,US67->CS59,0,0,0
2,US68->CS4,0,0,0
2,US68->CS12,0,0,0
2,US68->CS20,0,0,0
2,US68->CS28,0,0,0
2,US68->CS36,0,0,0
2,US68->CS44,0,0,0
2,US68->CS52,0,0,0
2,US68->CS60,0,0,0
2,US69->CS5,0,0,0
2,US69->CS13,0,0,0
2,US69->CS21,0,0,0
2,US69->CS29,0,0,0
2,US69->CS37,0,0,0
2,US69->CS45,0,0,0
2,US69->CS53,0,0,0
2,US69->CS61,0,0,0
2,US70->CS6,0,0,0
2,US70->CS14,0,0,0
2,US70->CS22,0,0,0
2,US70->CS30,0,0,0
2,US70->CS38,0,0,0
2,US70->CS46,0,0,0
2,US70->CS54,0,0,0
2,US70->CS62,0,0,0
2,US71->CS7,0,0,0
2,US71->CS15,0,0,0
2,US71->CS23,0,0,0
2,US71->CS31,0,0,0
2,US71->CS39,0,0,0
2,US71->CS47,0,0,0
2,US71->CS55,0,0,0
2,US71->CS63,0,0,0
2,US72->CS0,0,0,0
2,US72->CS8,0,0,0
2,US72->CS16,0,0,0
2,US72->CS24,0,0,0
2,US72->CS32,0,0,0
2,US72->CS40,0,0,0
2,US72->CS48,0,0,0
2,US72->CS56,0,0,0
2,US73->CS1,0,0,0
2,US73->CS9,0,0,0
2,US73->CS17,0,0,0
2,US73->CS25,0,0,0
2,US73->CS33,0,0,0
2,US73->CS41,0,0,0
2,US73->CS49,0,0,0
2,US73->CS57,0,0,0
2,US74->CS2,0,0,0
2,US74->CS10,0,0,0
2,US74->CS18,0,0,0
2,US74->CS26,0,0,0
2,US74->CS34,0,0,0
2,US74->CS42,0,0,0
2,US74->CS50,0,0,0
2,US74->CS58,0,0,0
2,US75->CS3,0,0,0
2,US75->CS11,0,0,0
2,US75->CS19,0,0,0
2,US75->CS27,0,0,0
2,US75->CS35,0,0,0
2,US75->CS43,0,0,0
2,US75->CS51,0,0,0
2,US75->CS59,0,0,0
2,US76->CS4,0,0,0
2,US76->CS12,0,0,0
2,US76->CS20,0,0,0
2,US76->CS28,0,0,0
2,US76->CS36,0,0,0
2,US76->CS44,0,0,0
2,US76->CS52,0,0,0
2,US76->CS60,0,0,0
2,US77->CS5,0,0,0
2,US77->CS13,0,0,0
2,US77->CS21,0,0,0
2,US77->CS29,0,0,0
2,US77->CS37,0,0,0
2,US77->CS45,0,0,0
2,US77->CS53,0,0,0
2,US77->CS61,0,0,0
2,US78->CS6,0,0,0
2,US78->CS14,0,0,0
2,US78->CS22,0,0,0
2,US78->CS30,0,0,0
2,US78->CS38,0,0,0
2,US78->CS46,0,0,0
2,US78->CS54,0,0,0
2,US78->CS62,0,0,0
2,US79->CS7,0,0,0
2,US79->CS15,0,0,0
2,US79->CS23,0,0,0
2,US79->CS31,0,0,0
2,US79->CS39,0,0,0
2,US79->CS47,0,0,0
2,US79->CS55,0,0,0
2,US79->CS63,0,0,0
2,US80->CS0,0,0,0
2,US80->CS8,0,0,0
2,US80->CS16,0,0,0
2,US80->CS24,0,0,0
2,US80->CS32,0,0,0
2,US80->CS40,0,0,0
2,US80->CS48,0,0,0
2,US80->CS56,0,0,0
2,US81->CS1,0,0,0
2,US81->CS9,0,0,0
2,US81->CS17,0,0,0
2,US81->CS25,0,0,0
2,US81->CS33,0,0,0
2,US81->CS41,0,0,0
2,US81->CS49,0,0,0
2,US81->CS57,0,0,0
2,US82->CS2,0,0,0
2,US82->CS10,0,0,0
2,US82->CS18,0,0,0
2,US82->CS26,0,0,0
2,US82->CS34,0,0,0
2,US82->CS42,0,0,0
2,US82->CS50,0,0,0
2,US82->CS58,0,0,0
2,US83->CS3,0,0,0
2,US83->CS11,0,0,0
2,US83->CS19,0,0,0
2,US83->CS27,0,0,0
2,US83->CS35,0,0,0
2,US83->CS43,0,0,0
2,US83->CS51,0,0,0
2,US83->CS59,0,0,0
2,US84->CS4,0,0,0
2,US84->CS12,0,0,0
2,US84->CS20,0,0,0
2,US84->CS28,0,0,0
2,US84->CS36,0,0,0
2,US84->CS44,0,0,0
2,US84->CS52,0,0,0
2,US84->CS60,0,0,0
2,US85->CS5,0,0,0
2,US85->CS13,0,0,0
2,US85->CS21,0,0,0
2,US85->CS29,0,0,0
2,US85->CS37,0,0,0
2,US85->CS45,0,0,0
2,US85->CS53,0,0,0
2,US85->CS61,0,0,0
2,US86->CS6,0,0,0
2,US86->CS14,0,0,0
2,US86->CS22,0,0,0
2,US86->CS30,0,0,0
2,US86->CS38,0,0,0
2,US86->CS46,0,0,0
2,US86->CS54,0,0,0
2,US86->CS62,0,0,0
2,US87->CS7,0,0,0
2,US87->CS15,0,0,0
2,US87->CS23,0,0,0
2,US87->CS31,0,0,0
2,US87->CS39,0,0,0
2,US87->CS47,0,0,0
2,US87->CS55,0,0,0
2,US87->CS63,0,0,0
2,US88->CS0,0,0,0
2,US88->CS8,0,0,0
2,US88->CS16,0,0,0
2,US88->CS24,0,0,0
2,US88->CS32,0,0,0
2,US88->CS40,0,0,0
2,US88->CS48,0,0,0
2,US88->CS56,0,0,0
2,US89->CS1,0,0,0
2,US89->CS9,0,0,0
2,US89->CS17,0,0,0
2,US89->CS25,0,0,0
2,US89->CS33,0,0,0
2,US89->CS41,0,0,0
2,US89->CS49,0,0,0
2,US89->CS57,0,0,0
2,US90->CS2,0,0,0
2,US90->CS10,0,0,0
2,US90->CS18,0,0,0
2,US90->CS26,0,0,0
2,US90->CS34,0,0,0
2,US90->CS42,0,0,0
2,US90->CS50,0,0,0
2,US90->CS58,0,0,0
2,US91->CS3,0,0,0
2,US91->CS11,0,0,0
2,US91->CS19,0,0,0
2,US91->CS27,0,0,0
2,US91->CS35,0,0,0
2,US91->CS43,0,0,0
2,US91->CS51,0,0,0
2,US91->CS59,0,0,0
2,US92->CS4,0,0,0
2,US92->CS12,0,0,0
2,US92->CS20,0,0,0
2,US92->CS28,0,0,0
2,US92->CS36,0,0,0
2,US92->CS44,0,0,0
2,US92->CS52,0,0,0
2,US92->CS60,0,0,0
2,US93->CS5,0,0,0
2,US93->CS13,0,0,0
2,US93->CS21,0,0,0
2,US93->CS29,0,0,0
2,US93->CS37,0,0,0
2,US93->CS45,0,0,0
2,US93->CS53,0,0,0
2,US93->CS61,0,0,0
2,US94->CS6,0,0,0
2,US94->CS14,0,0,0
2,US94->CS22,0,0,0
2,US94->CS30,0,0,0
2,US94->CS38,0,0,0
2,US94->CS46,0,0,0
2,US94->CS54,0,0,0
2,US94->CS62,0,0,0
2,US95->CS7,0,0,0
2,US95->CS15,0,0,0
2,US95->CS23,0,0,0
2,US95->CS31,0,0,0
2,US95->CS39,0,0,0
2,US95->CS47,0,0,0
2,US95->CS55,0,0,0
2,US95->CS63,0,0,0
2,US96->CS0,0,0,0
2,US96->CS8,0,0,0
2,US96->CS16,0,0,0
2,US96->CS24,0,0,0
2,US96->CS32,0,0,0
2,US96->CS40,0,0,0
2,US96->CS48,0,0,0
2,US96->CS56,0,0,0
2,US97->CS1,0,0,0
2,US97->CS9,0,0,0
2,US97->CS17,0,0,0
2,US97->CS25,0,0,0
2,US97->CS33,0,0,0
2,US97->CS41,0,0,0
2,US97->CS49,0,0,0
2,US97->CS57,0,0,0
2,US98->CS2,0,0,0
2,US98->CS10,0,0,0
2,US98->CS18,0,0,0
2,US98->CS26,0,0,0
2,US98->CS34,0,0,0
2,US98->CS42,0,0,0
2,US98->CS50,0,0,0
2,US98->CS58,0,0,0
2,US99->CS3,0,0,0
2,US99->CS11,0,0,0
2,US99->CS19,0,0,0
2,US99->CS27,0,0,0
2,US99->CS35,0,0,0
2,US99->CS43,0,0,0
2,US99->CS51,0,0,0
2,US99->CS59,0,0,0
2,US100->CS4,0,0,0
2,US100->CS12,0,0,0
2,US100->CS20,0,0,0
2,US100->CS28,0,0,0
2,US100->CS36,0,0,0
2,US100->CS44,0,0,0
2,US100->CS52,0,0,0
2,US100->CS60,0,0,0
2,US101->CS5,0,0,0
2,US101->CS13,0,0,0
2,US101->CS21,0,0,0
2,US101->CS29,0,0,0
2,US101->CS37,0,0,0
2,US101->CS45,0,0,0
2,US101->CS53,0,0,0
2,US101->CS61,0,0,0
2,US102->CS6,0,0,0
2,US102->CS14,0,0,0
2,US102->CS22,0,0,0
2,US102->CS30,0,0,0
2,US102->CS38,0,0,0
2,US102->CS46,0,0,0
2,US102->CS54,0,0,0
2,US102->CS62,0,0,0
2,US103->CS7,0,0,0
2,US103->CS15,0,0,0
2,US103->CS23,0,0,0
2,US103->CS31,0,0,0
2,US103->CS39,0,0,0
2,US103->CS47,0,0,0
2,US103->CS55,0,0,0
2,US103->CS63,0,0,0
2,US104->CS0,0,0,0
2,US104->CS8,0,0,0
2,US104->CS16,0,0,0
2,US104->CS24,0,0,0
2,US104->CS32,0,0,0
2,US104->CS40,0,0,0
2,US104->CS48,0,0,0
2,US104->CS56,0,0,0
2,US105->CS1,0,0,0
2,US105->CS9,0,0,0
2,US105->CS17,0,0,0
2,US105->CS25,0,0,0
2,US105->CS33,0,0,0
2,US105->CS41,0,0,0
2,US105->CS49,0,0,0
2,US105->CS57,0,0,0
2,US106->CS2,0,0,0
2,US106->CS10,0,0,0
2,US106->CS18,0,0,0
2,US106->CS26,0,0,0
2,US106->CS34,0,0,0
2,US106->CS42,0,0,0
2,US106->CS50,0,0,0
2,US106->CS58,0,0,0
2,US107->CS3,0,0,0
2,US107->CS11,0,0,0
2,US107->CS19,0,0,0
2,US107->CS27,0,0,0
2,US107->CS35,0,0,0
2,US107->CS43,0,0,0
2,US107->CS51,0,0,0
2,US107->CS59,0,0,0
2,US108->CS4,0,0,0
2,US108->CS12,0,0,0
2,US108->CS20,0,0,0
2,US108->CS28,0,0,0
2,US108->CS36,0,0,0
2,US108->CS44,0,0,0
2,US108->CS52,0,0,0
2,US108->CS60,0,0,0
2,US109->CS5,0,0,0
2,US109->CS13,0,0,0
2,US109->CS21,0,0,0
2,US109->CS29,0,0,0
2,US109->CS37,0,0,0
2,US109->CS45,0,0,0
2,US109->CS53,0,0,0
2,US109->CS61,0,0,0
2,US110->CS6,0,0,0
2,US110->CS14,0,0,0
2,US110->CS22,0,0,0
2,US110->CS30,0,0,0
2,US110->CS38,0,0,0
2,US110->CS46,0,0,0
2,US110->CS54,0,0,0
2,US110->CS62,0,0,0
2,US111->CS7,0,0,0
2,US111->CS15,0,0,0
2,US111->CS23,0,0,0
2,US111->CS31,0,0,0
2,US111->CS39,0,0,0
2,US111->CS47,0,0,0
2,US111->CS55,0,0,0
2,US111->CS63,0,0,0
2,US112->CS0,11412,11411,0
2,US112->CS8,11372,11372,0
2,US112->CS16,11467,11467,0
2,US112->CS24,11458,11458,0
2,US112->CS32,11607,11607,0
2,US112->CS40,11228,11228,0
2,US112->CS48,11580,11580,0
2,US112->CS56,11323,11323,0
2,US113->CS1,11346,11345,0
2,US113->CS9,11268,11266,0
2,US113->CS17,11563,11563,0
2,US113->CS25,11389,11388,0
2,US113->CS33,11281,11281,0
2,US113->CS41,11156,11156,0
2,US113->CS49,11249,11248,0
2,US113->CS57,11412,11412,0
2,US114->CS2,11458,11458,0
2,US114->CS10,11332,11331,0
2,US114->CS18,11392,11392,0
2,US114->CS26,11440,11440,0
2,US114->CS34,11336,11336,0
2,US114->CS42,11455,11453,0
2,US114->CS50,11273,11273,0
2,US114->CS58,11575,11574,0
2,US115->CS3,11404,11403,0
2,US115->CS11,11365,11365,0
2,US115->CS19,11217,11216,0
2,US115->CS27,11250,11250,0
2,US115->CS35,11194,11193,0
2,US115->CS43,11286,11286,0
2,US115->CS51,11310,11309,0
2,US115->CS59,11344,11344,0
2,US116->CS4,11298,11297,0
2,US116->CS12,11315,11315,0
2,US116->CS20,11447,11447,0
2,US116->CS28,11430,11430,0
2,US116->CS36,11428,11426,0
2,US116->CS44,11485,11485,0
2,US116->CS52,11428,11427,0
2,US116->CS60,11351,11350,0
2,US117->CS5,11337,11337,0
2,US117->CS13,11311,11310,0
2,US117->CS21,11294,11293,0
2,US117->CS29,11341,11339,0
2,US117->CS37,11231,11231,0
2,US117->CS45,11345,11345,0
2,US117->CS53,11443,11442,0
2,US117->CS61,11211,11209,0
2,US118->CS6,11325,11325,0
2,US118->CS14,11344,11344,0
2,US118->CS22,11238,11236,0
2,US118->CS30,11489,11488,0
2,US118->CS38,11355,11355,0
2,US118->CS46,11223,11223,0
2,US118->CS54,11329,11328,0
2,US118->CS62,11577,11577,0
2,US119->CS7,11236,11236,0
2,US119->CS15,11361,11361,0
2,US119->CS23,11518,11518,0
2,US119->CS31,11388,11387,0
2,US119->CS39,11373,11372,0
2,US119->CS47,11408,11408,0
2,US119->CS55,11403,11403,0
2,US119->CS63,11366,11366,0
2,US120->CS0,0,0,0
2,US120->CS8,0,0,0
2,US120->CS16,0,0,0
2,US120->CS24,0,0,0
2,US120->CS32,0,0,0
2,US120->CS40,0,0,0
2,US120->CS48,0,0,0
2,US120->CS56,0,0,0
2,US121->CS1,0,0,0
2,US121->CS9,0,0,0
2,US121->CS17,0,0,0
2,US121->CS25,0,0,0
2,US121->CS33,0,0,0
2,US121->CS41,0,0,0
2,US121->CS49,0,0,0
2,US121->CS57,0,0,0
2,US122->CS2,0,0,0
2,US122->CS10,0,0,0
2,US122->CS18,0,0,0
2,US122->CS26,0,0,0
2,US122->CS34,0,0,0
2,US122->CS42,0,0,0
2,US122->CS50,0,0,0
2,US122->CS58,0,0,0
2,US123->CS3,0,0,0
2,US123->CS11,0,0,0
2,US123->CS19,0,0,0
2,US123->CS27,0,0,0
2,US123->CS35,0,0,0
2,US123->CS43,0,0,0
2,US123->CS51,0,0,0
2,US123->CS59,0,0,0
2,US124->CS4,0,0,0
2,US124->CS12,0,0,0
2,US124->CS20,0,0,0
2,US124->CS28,0,0,0
2,US124->CS36,0,0,0
2,US124->CS44,0,0,0
2,US124->CS52,0,0,0
2,US124->CS60,0,0,0
2,US125->CS5,0,0,0
2,US125->CS13,0,0,0
2,US125->CS21,0,0,0
2,US125->CS29,0,0,0
2,US125->CS37,0,0,0
2,US125->CS45,0,0,0
2,US125->CS53,0,0,0
2,US125->CS61,0,0,0
2,US126->CS6,0,0,0
2,US126->CS14,0,0,0
2,US126->CS22,0,0,0
2,US126->CS30,0,0,0
2,US126->CS38,0,0,0
2,US126->CS46,0,0,0
2,US126->CS54,0,0,0
2,US126->CS62,0,0,0
2,US127->CS7,0,0,0
2,US127->CS15,0,0,0
2,US127->CS23,0,0,0
2,US127->CS31,0,0,0
2,US127->CS39,0,0,0
2,US127->CS47,0,0,0
2,US127->CS55,0,0,0
2,US127->CS63,0,0,0
2,CS0->US0,51510,51510,0
2,CS0->US8,0,0,0
2,CS0->US16,0,0,0
2,CS0->US24,0,0,0
2,CS0->US32,0,0,0
2,CS0->US40,11472,11471,0
2,CS0->US48,51148,51148,0
2,CS0->US56,0,0,0
2,CS0->US64,0,0,0
2,CS0->US72,0,0,0
2,CS0->US80,0,0,0
2,CS0->US88,0,0,0
2,CS0->US96,0,0,0
2,CS0->US104,0,0,0
2,CS0->US112,11341,11340,0
2,CS0->US120,0,0,0
2,CS1->US1,51227,51227,0
2,CS1->US9,0,0,0
2,CS1->US17,0,0,0
2,CS1->US25,0,0,0
2,CS1->US33,0,0,0
2,CS1->US41,11379,11379,0
2,CS1->US49,51526,51526,0
2,CS1->US57,0,0,0
2,CS1->US65,0,0,0
2,CS1->US73,0,0,0
2,CS1->US81,0,0,0
2,CS1->US89,0,0,0
2,CS1->US97,0,0,0
2,CS1->US105,0,0,0
2,CS1->US113,11195,11195,0
2,CS1->US121,0,0,0
2,CS2->US2,51329,51329,0
2,CS2->US10,0,0,0
2,CS2->US18,0,0,0
2,CS2->US26,0,0,0
2,CS2->US34,0,0,0
2,CS2->US42,11538,11538,0
2,CS2->US50,51243,51243,0
2,CS2->US58,0,0,0
2,CS2->US66,0,0,0
2,CS2->US74,0,0,0
2,CS2->US82,0,0,0
2,CS2->US90,0,0,0
2,CS2->US98,0,0,0
2,CS2->US106,0,0,0
2,CS2->US114,11327,11327,0
2,CS2->US122,0,0,0
2,CS3->US3,51675,51675,0
2,CS3->US11,0,0,0
2,CS3->US19,0,0,0
2,CS3->US27,0,0,0
2,CS3->US35,0,0,0
2,CS3->US43,11465,11463,0
2,CS3->US51,51337,51337,0
2,CS3->US59,0,0,0
2,CS3->US67,0,0,0
2,CS3->US75,0,0,0
2,CS3->US83,0,0,0
2,CS3->US91,0,0,0
2,CS3->US99,0,0,0
2,CS3->US107,0,0,0
2,CS3->US115,11239,11239,0
2,CS3->US123,0,0,0
2,CS4->US4,51177,51177,0
2,CS4->US12,0,0,0
2,CS4->US20,0,0,0
2,CS4->US28,0,0,0
2,CS4->US36,0,0,0
2,CS4->US44,11349,11348,0
2,CS4->US52,51619,51619,0
2,CS4->US60,0,0,0
2,CS4->US68,0,0,0
2,CS4->US76,0,0,0
2,CS4->US84,0,0,0
2,CS4->US92,0,0,0
2,CS4->US100,0,0,0
2,CS4->US108,0,0,0
2,CS4->US116,11332,11332,0
2,CS4->US124,0,0,0
2,CS5->US5,51537,51537,0
2,CS5->US13,0,0,0
2,CS5->US21,0,0,0
2,CS5->US29,0,0,0
2,CS5->US37,0,0,0
2,CS5->US45,11417,11417,0
2,CS5->US53,51366,51366,0
2,CS5->US61,0,0,0
2,CS5->US69,0,0,0
2,CS5->US77,0,0,0
2,CS5->US85,0,0,0
2,CS5->US93,0,0,0
2,CS5->US101,0,0,0
2,CS5->US109,0,0,0
2,CS5->US117,11149,11147,0
2,CS5->US125,0,0,0
2,CS6->US6,51027,51027,0
2,CS6->US14,0,0,0
2,CS6->US22,0,0,0
2,CS6->US30,0,0,0
2,CS6->US38,0,0,0
2,CS6->US46,11403,11403,0
2,CS6->US54,51481,51481,0
2,CS6->US62,0,0,0
2,CS6->US70,0,0,0
2,CS6->US78,0,0,0
2,CS6->US86,0,0,0
2,CS6->US94,0,0,0
2,CS6->US102,0,0,0
2,CS6->US110,0,0,0
2,CS6->US118,11433,11433,0
2,CS6->US126,0,0,0
2,CS7->US7,51556,51556,0
2,CS7->US15,0,0,0
2,CS7->US23,0,0,0
2,CS7->US31,0,0,0
2,CS7->US39,0,0,0
2,CS7->US47,11297,11296,0
2,CS7->US55,51629,51629,0
2,CS7->US63,0,0,0
2,CS7->US71,0,0,0
2,CS7->US79,0,0,0
2,CS7->US87,0,0,0
2,CS7->US95,0,0,0
2,CS7->US103,0,0,0
2,CS7->US111,0,0,0
2,CS7->US119,11294,11293,0
2,CS7->US127,0,0,0
2,CS8->US0,51390,51390,0
2,CS8->US8,0,0,0
2,CS8->US16,0,0,0
2,CS8->US24,0,0,0
2,CS8->US32,0,0,0
2,CS8->US40,11437,11435,0
2,CS8->US48,51359,51359,0
2,CS8->US56,0,0,0
2,CS8->US64,0,0,0
2,CS8->US72,0,0,0
2,CS8->US80,0,0,0
2,CS8->US88,0,0,0
2,CS8->US96,0,0,0
2,CS8->US104,0,0,0
2,CS8->US112,11238,11238,0
2,CS8->US120,0,0,0
2,CS9->US1,51047,51047,0
2,CS9->US9,0,0,0
2,CS9->US17,0,0,0
2,CS9->US25,0,0,0
2,CS9->US33,0,0,0
2,CS9->US41,11294,11294,0
2,CS9->US49,51561,51561,0
2,CS9->US57,0,0,0
2,CS9->US65,0,0,0
2,CS9->US73,0,0,0
2,CS9->US81,0,0,0
2,CS9->US89,0,0,0
2,CS9->US97,0,0,0
2,CS9->US105,0,0,0
2,CS9->US113,11250,11250,0
2,CS9->US121,0,0,0
2,CS10->US2,51152,51152,0
2,CS10->US10,0,0,0
2,CS10->US18,0,0,0
2,CS10->US26,0,0,0
2,CS10->US34,0,0,0
2,CS10->US42,11367,11367,0
2,CS10->US50,51634,51634,0
2,CS10->US58,0,0,0
2,CS10->US66,0,0,0
2,CS10->US74,0,0,0
2,CS10->US82,0,0,0
2,CS10->US90,0,0,0
2,CS10->US98,0,0,0
2,CS10->US106,0,0,0
2,CS10->US114,11318,11318,0
2,CS10->US122,0,0,0
2,CS11->US3,51772,51772,0
2,CS11->US11,0,0,0
2,CS11->US19,0,0,0
2,CS11->US27,0,0,0
2,CS11->US35,0,0,0
2,CS11->US43,11418,11418,0
2,CS11->US51,51014,51014,0
2,CS11->US59,0,0,0
2,CS11->US67,0,0,0
2,CS11->US75,0,0,0
2,CS11->US83,0,0,0
2,CS11->US91,0,0,0
2,CS11->US99,0,0,0
2,CS11->US107,0,0,0
2,CS11->US115,11285,11285,0
2,CS11->US123,0,0,0
2,CS12->US4,51565,51565,0
2,CS12->US12,0,0,0
2,CS12->US20,0,0,0
2,CS12->US28,0,0,0
2,CS12->US36,0,0,0
2,CS12->US44,11385,11385,0
2,CS12->US52,51240,51240,0
2,CS12->US60,0,0,0
2,CS12->US68,0,0,0
2,CS12->US76,0,0,0
2,CS12->US84,0,0,0
2,CS12->US92,0,0,0
2,CS12->US100,0,0,0
2,CS12->US108,0,0,0
2,CS12->US116,11388,11388,0
2,CS12->US124,0,0,0
2,CS13->US5,51504,51504,0
2,CS13->US13,0,0,0
2,CS13->US21,0,0,0
2,CS13->US29,0,0,0
2,CS13->US37,0,0,0
2,CS13->US45,11394,11394,0
2,CS13->US53,51709,51709,0
2,CS13->US61,0,0,0
2,CS13->US69,0,0,0
2,CS13->US77,0,0,0
2,CS13->US85,0,0,0
2,CS13->US93,0,0,0
2,CS13->US101,0,0,0
2,CS13->US109,0,0,0
2,CS13->US117,11153,11152,0
2,CS13->US125,0,0,0
2,CS14->US6,51375,51375,0
2,CS14->US14,0,0,0
2,CS14->US22,0,0,0
2,CS14->US30,0,0,0
2,CS14->US38,0,0,0
2,CS14->US46,11418,11416,0
2,CS14->US54,51125,51125,0
2,CS14->US62,0,0,0
2,CS14->US70,0,0,0
2,CS14->US78,0,0,0
2,CS14->US86,0,0,0
2,CS14->US94,0,0,0
2,CS14->US102,0,0,0
2,CS14->US110,0,0,0
2,CS14->US118,11326,11325,0
2,CS14->US126,0,0,0
2,CS15->US7,52154,52154,0
2,CS15->US15,0,0,0
2,CS15->US23,0,0,0
2,CS15->US31,0,0,0
2,CS15->US39,0,0,0
2,CS15->US47,11413,11412,0
2,CS15->US55,51459,51459,0
2,CS15->US63,0,0,0
2,CS15->US71,0,0,0
2,CS15->US79,0,0,0
2,CS15->US87,0,0,0
2,CS15->US95,0,0,0
2,CS15->US103,0,0,0
2,CS15->US111,0,0,0
2,CS15->US119,11285,11285,0
2,CS15->US127,0,0,0
2,CS16->US0,51059,51059,0
2,CS16->US8,0,0,0
2,CS16->US16,0,0,0
2,CS16->US24,0,0,0
2,CS16->US32,0,0,0
2,CS16->US40,11524,11523,0
2,CS16->US48,51194,51194,0
2,CS16->US56,0,0,0
2,CS16->US64,0,0,0
2,CS16->US72,0,0,0
2,CS16->US80,0,0,0
2,CS16->US88,0,0,0
2,CS16->US96,0,0,0
2,CS16->US104,0,0,0
2,CS16->US112,11216,11216,0
2,CS16->US120,0,0,0
2,CS17->US1,51467,51467,0
2,CS17->US9,0,0,0
2,CS17->US17,0,0,0
2,CS17->US25,0,0,0
2,CS17->US33,0,0,0
2,CS17->US41,11637,11636,0
2,CS17->US49,50672,50672,0
2,CS17->US57,0,0,0
2,CS17->US65,0,0,0
2,CS17->US73,0,0,0
2,CS17->US81,0,0,0
2,CS17->US89,0,0,0
2,CS17->US97,0,0,0
2,CS17->US105,0,0,0
2,CS17->US113,11272,11272,0
2,CS17->US121,0,0,0
2,CS18->US2,51239,51239,0
2,CS18->US10,0,0,0
2,CS18->US18,0,0,0
2,CS18->US26,0,0,0
2,CS18->US34,0,0,0
2,CS18->US42,11474,11473,0
2,CS18->US50,51263,51263,0
2,CS18->US58,0,0,0
2,CS18->US66,0,0,0
2,CS18->US74,0,0,0
2,CS18->US82,0,0,0
2,CS18->US90,0,0,0
2,CS18->US98,0,0,0
2,CS18->US106,0,0,0
2,CS18->US114,11227,11226,0
2,CS18->US122,0,0,0
2,CS19->US3,51018,51018,0
2,CS19->US11,0,0,0
2,CS19->US19,0,0,0
2,CS19->US27,0,0,0
2,CS19->US35,0,0,0
2,CS19->US43,11265,11264,0
2,CS19->US51,51318,51318,0
2,CS19->US59,0,0,0
2,CS19->US67,0,0,0
2,CS19->US75,0,0,0
2,CS19->US83,0,0,0
2,CS19->US91,0,0,0
2,CS19->US99,0,0,0
2,CS19->US107,0,0,0
2,CS19->US115,11328,11328,0
2,CS19->US123,0,0,0
2,CS20->US4,51293,51293,0
2,CS20->US12,0,0,0
2,CS20->US20,0,0,0
2,CS20->US28,0,0,0
2,CS20->US36,0,0,0
2,CS20->US44,11506,11506,0
2,CS20->US52,51485,51485,0
2,CS20->US60,0,0,0
2,CS20->US68,0,0,0
2,CS20->US76,0,0,0
2,CS20->US84,0,0,0
2,CS20->US92,0,0,0
2,CS20->US100,0,0,0
2,CS20->US108,0,0,0
2,CS20->US116,11672,11672,0
2,CS20->US124,0,0,0
2,CS21->US5,51580,51580,0
2,CS21->US13,0,0,0
2,CS21->US21,0,0,0
2,CS21->US29,0,0,0
2,CS21->US37,0,0,0
2,CS21->US45,11353,11352,0
2,CS21->US53,51217,51217,0
2,CS21->US61,0,0,0
2,CS21->US69,0,0,0
2,CS21->US77,0,0,0
2,CS21->US85,0,0,0
2,CS21->US93,0,0,0
2,CS21->US101,0,0,0
2,CS21->US109,0,0,0
2,CS21->US117,11434,11434,0
2,CS21->US125,0,0,0
2,CS22->US6,51462,51462,0
2,CS22->US14,0,0,0
2,CS22->US22,0,0,0
2,CS22->US30,0,0,0
2,CS22->US38,0,0,0
2,CS22->US46,11330,11330,0
2,CS22->US54,51216,51216,0
2,CS22->US62,0,0,0
2,CS22->US70,0,0,0
2,CS22->US78,0,0,0
2,CS22->US86,0,0,0
2,CS22->US94,0,0,0
2,CS22->US102,0,0,0
2,CS22->US110,0,0,0
2,CS22->US118,11294,11294,0
2,CS22->US126,0,0,0
2,CS23->US7,51674,51674,0
2,CS23->US15,0,0,0
2,CS23->US23,0,0,0
2,CS23->US31,0,0,0
2,CS23->US39,0,0,0
2,CS23->US47,11543,11541,0
2,CS23->US55,51481,51481,0
2,CS23->US63,0,0,0
2,CS23->US71,0,0,0
2,CS23->US79,0,0,0
2,CS23->US87,0,0,0
2,CS23->US95,0,0,0
2,CS23->US103,0,0,0
2,CS23->US111,0,0,0
2,CS23->US119,11239,11238,0
2,CS23->US127,0,0,0
2,CS24->US0,51549,51549,0
2,CS24->US8,0,0,0
2,CS24->US16,0,0,0
2,CS24->US24,0,0,0
2,CS24->US32,0,0,0
2,CS24->US40,11516,11515,0
2,CS24->US48,50834,50834,0
2,CS24->US56,0,0,0
2,CS24->US64,0,0,0
2,CS24->US72,0,0,0
2,CS24->US80,0,0,0
2,CS24->US88,0,0,0
2,CS24->US96,0,0,0
2,CS24->US104,0,0,0
2,CS24->US112,11391,11389,0
2,CS24->US120,0,0,0
2,CS25->US1,51222,51222,0
2,CS25->US9,0,0,0
2,CS25->US17,0,0,0
2,CS25->US25,0,0,0
2,CS25->US33,0,0,0
2,CS25->US41,11446,11446,0
2,CS25->US49,51239,51239,0
2,CS25->US57,0,0,0
2,CS25->US65,0,0,0
2,CS25->US73,0,0,0
2,CS25->US81,0,0,0
2,CS25->US89,0,0,0
2,CS25->US97,0,0,0
2,CS25->US105,0,0,0
2,CS25->US113,11307,11307,0
2,CS25->US121,0,0,0
2,CS26->US2,51501,51501,0
2,CS26->US10,0,0,0
2,CS26->US18,0,0,0
2,CS26->US26,0,0,0
2,CS26->US34,0,0,0
2,CS26->US42,11506,11506,0
2,CS26->US50,51353,51353,0
2,CS26->US58,0,0,0
2,CS26->US66,0,0,0
2,CS26->US74,0,0,0
2,CS26->US82,0,0,0
2,CS26->US90,0,0,0
2,CS26->US98,0,0,0
2,CS26->US106,0,0,0
2,CS26->US114,11252,11252,0
2,CS26->US122,0,0,0
2,CS27->US3,51175,51175,0
2,CS27->US11,0,0,0
2,CS27->US19,0,0,0
2,CS27->US27,0,0,0
2,CS27->US35,0,0,0
2,CS27->US43,11296,11296,0
2,CS27->US51,51725,51725,0
2,CS27->US59,0,0,0
2,CS27->US67,0,0,0
2,CS27->US75,0,0,0
2,CS27->US83,0,0,0
2,CS27->US91,0,0,0
2,CS27->US99,0,0,0
2,CS27->US107,0,0,0
2,CS27->US115,11420,11419,0
2,CS27->US123,0,0,0
2,CS28->US4,51205,51205,0
2,CS28->US12,0,0,0
2,CS28->US20,0,0,0
2,CS28->US28,0,0,0
2,CS28->US36,0,0,0
2,CS28->US44,11475,11474,0
2,CS28->US52,51704,51704,0
2,CS28->US60,0,0,0
2,CS28->US68,0,0,0
2,CS28->US76,0,0,0
2,CS28->US84,0,0,0
2,CS28->US92,0,0,0
2,CS28->US100,0,0,0
2,CS28->US108,0,0,0
2,CS28->US116,11379,11379,0
2,CS28->US124,0,0,0
2,CS29->US5,51638,51638,0
2,CS29->US13,0,0,0
2,CS29->US21,0,0,0
2,CS29->US29,0,0,0
2,CS29->US37,0,0,0
2,CS29->US45,11401,11401,0
2,CS29->US53,51599,51599,0
2,CS29->US61,0,0,0
2,CS29->US69,0,0,0
2,CS29->US77,0,0,0
2,CS29->US85,0,0,0
2,CS29->US93,0,0,0
2,CS29->US101,0,0,0
2,CS29->US109,0,0,0
2,CS29->US117,11252,11252,0
2,CS29->US125,0,0,0
2,CS30->US6,51202,51202,0
2,CS30->US14,0,0,0
2,CS30->US22,0,0,0
2,CS30->US30,0,0,0
2,CS30->US38,0,0,0
2,CS30->US46,11537,11537,0
2,CS30->US54,51564,51564,0
2,CS30->US62,0,0,0
2,CS30->US70,0,0,0
2,CS30->US78,0,0,0
2,CS30->US86,0,0,0
2,CS30->US94,0,0,0
2,CS30->US102,0,0,0
2,CS30->US110,0,0,0
2,CS30->US118,11441,11441,0
2,CS30->US126,0,0,0
2,CS31->US7,51311,51311,0
2,CS31->US15,0,0,0
2,CS31->US23,0,0,0
2,CS31->US31,0,0,0
2,CS31->US39,0,0,0
2,CS31->US47,11452,11451,0
2,CS31->US55,51148,51148,0
2,CS31->US63,0,0,0
2,CS31->US71,0,0,0
2,CS31->US79,0,0,0
2,CS31->US87,0,0,0
2,CS31->US95,0,0,0
2,CS31->US103,0,0,0
2,CS31->US111,0,0,0
2,CS31->US119,11412,11411,0
2,CS31->US127,0,0,0
2,CS32->US0,51175,51175,0
2,CS32->US8,0,0,0
2,CS32->US16,0,0,0
2,CS32->US24,0,0,0
2,CS32->US32,0,0,0
2,CS32->US40,11671,11671,0
2,CS32->US48,51539,51539,0
2,CS32->US56,0,0,0
2,CS32->US64,0,0,0
2,CS32->US72,0,0,0
2,CS32->US80,0,0,0
2,CS32->US88,0,0,0
2,CS32->US96,0,0,0
2,CS32->US104,0,0,0
2,CS32->US112,11484,11484,0
2,CS32->US120,0,0,0
2,CS33->US1,51190,51190,0
2,CS33->US9,0,0,0
2,CS33->US17,0,0,0
2,CS33->US25,0,0,0
2,CS33->US33,0,0,0
2,CS33->US41,11327,11327,0
2,CS33->US49,51223,51223,0
2,CS33->US57,0,0,0
2,CS33->US65,0,0,0
2,CS33->US73,0,0,0
2,CS33->US81,0,0,0
2,CS33->US89,0,0,0
2,CS33->US97,0,0,0
2,CS33->US105,0,0,0
2,CS33->US113,11363,11363,0
2,CS33->US121,0,0,0
2,CS34->US2,51801,51801,0
2,CS34->US10,0,0,0
2,CS34->US18,0,0,0
2,CS34->US26,0,0,0
2,CS34->US34,0,0,0
2,CS34->US42,11374,11374,0
2,CS34->US50,51002,51002,0
2,CS34->US58,0,0,0
2,CS34->US66,0,0,0
2,CS34->US74,0,0,0
2,CS34->US82,0,0,0
2,CS34->US90,0,0,0
2,CS34->US98,0,0,0
2,CS34->US106,0,0,0
2,CS34->US114,11324,11324,0
2,CS34->US122,0,0,0
2,CS35->US3,51602,51602,0
2,CS35->US11,0,0,0
2,CS35->US19,0,0,0
2,CS35->US27,0,0,0
2,CS35->US35,0,0,0
2,CS35->US43,11250,11250,0
2,CS35->US51,51558,51558,0
2,CS35->US59,0,0,0
2,CS35->US67,0,0,0
2,CS35->US75,0,0,0
2,CS35->US83,0,0,0
2,CS35->US91,0,0,0
2,CS35->US99,0,0,0
2,CS35->US107,0,0,0
2,CS35->US115,11401,11401,0
2,CS35->US123,0,0,0
2,CS36->US4,51307,51307,0
2,CS36->US12,0,0,0
2,CS36->US20,0,0,0
2,CS36->US28,0,0,0
2,CS36->US36,0,0,0
2,CS36->US44,11465,11465,0
2,CS36->US52,51558,51558,0
2,CS36->US60,0,0,0
2,CS36->US68,0,0,0
2,CS36->US76,0,0,0
2,CS36->US84,0,0,0
2,CS36->US92,0,0,0
2,CS36->US100,0,0,0
2,CS36->US108,0,0,0
2,CS36->US116,11579,11579,0
2,CS36->US124,0,0,0
2,CS37->US5,51358,51358,0
2,CS37->US13,0,0,0
2,CS37->US21,0,0,0
2,CS37->US29,0,0,0
2,CS37->US37,0,0,0
2,CS37->US45,11311,11310,0
2,CS37->US53,51486,51486,0
2,CS37->US61,0,0,0
2,CS37->US69,0,0,0
2,CS37->US77,0,0,0
2,CS37->US85,0,0,0
2,CS37->US93,0,0,0
2,CS37->US101,0,0,0
2,CS37->US109,0,0,0
2,CS37->US117,11269,11269,0
2,CS37->US125,0,0,0
2,CS38->US6,51078,51078,0
2,CS38->US14,0,0,0
2,CS38->US22,0,0,0
2,CS38->US30,0,0,0
2,CS38->US38,0,0,0
2,CS38->US46,11386,11386,0
2,CS38->US54,51608,51608,0
2,CS38->US62,0,0,0
2,CS38->US70,0,0,0
2,CS38->US78,0,0,0
2,CS38->US86,0,0,0
2,CS38->US94,0,0,0
2,CS38->US102,0,0,0
2,CS38->US110,0,0,0
2,CS38->US118,11192,11191,0
2,CS38->US126,0,0,0
2,CS39->US7,51490,51490,0
2,CS39->US15,0,0,0
2,CS39->US23,0,0,0
2,CS39->US31,0,0,0
2,CS39->US39,0,0,0
2,CS39->US47,11401,11401,0
2,CS39->US55,51181,51181,0
2,CS39->US63,0,0,0
2,CS39->US71,0,0,0
2,CS39->US79,0,0,0
2,CS39->US87,0,0,0
2,CS39->US95,0,0,0
2,CS39->US103,0,0,0
2,CS39->US111,0,0,0
2,CS39->US119,11418,11417,0
2,CS39->US127,0,0,0
2,CS40->US0,51444,51444,0
2,CS40->US8,0,0,0
2,CS40->US16,0,0,0
2,CS40->US24,0,0,0
2,CS40->US32,0,0,0
2,CS40->US40,11301,11300,0
2,CS40->US48,51200,51200,0
2,CS40->US56,0,0,0
2,CS40->US64,0,0,0
2,CS40->US72,0,0,0
2,CS40->US80,0,0,0
2,CS40->US88,0,0,0
2,CS40->US96,0,0,0
2,CS40->US104,0,0,0
2,CS40->US112,11285,11285,0
2,CS40->US120,0,0,0
2,CS41->US1,51341,51341,0
2,CS41->US9,0,0,0
2,CS41->US17,0,0,0
2,CS41->US25,0,0,0
2,CS41->US33,0,0,0
2,CS41->US41,11202,11202,0
2,CS41->US49,51513,51513,0
2,CS41->US57,0,0,0
2,CS41->US65,0,0,0
2,CS41->US73,0,0,0
2,CS41->US81,0,0,0
2,CS41->US89,0,0,0
2,CS41->US97,0,0,0
2,CS41->US105,0,0,0
2,CS41->US113,11390,11390,0
2,CS41->US121,0,0,0
2,CS42->US2,51277,51277,0
2,CS42->US10,0,0,0
2,CS42->US18,0,0,0
2,CS42->US26,0,0,0
2,CS42->US34,0,0,0
2,CS42->US42,11521,11521,0
2,CS42->US50,51216,51216,0
2,CS42->US58,0,0,0
2,CS42->US66,0,0,0
2,CS42->US74,0,0,0
2,CS42->US82,0,0,0
2,CS42->US90,0,0,0
2,CS42->US98,0,0,0
2,CS42->US106,0,0,0
2,CS42->US114,11128,11127,0
2,CS42->US122,0,0,0
2,CS43->US3,51620,51620,0
2,CS43->US11,0,0,0
2,CS43->US19,0,0,0
2,CS43->US27,0,0,0
2,CS43->US35,0,0,0
2,CS43->US43,11337,11336,0
2,CS43->US51,51135,51135,0
2,CS43->US59,0,0,0
2,CS43->US67,0,0,0
2,CS43->US75,0,0,0
2,CS43->US83,0,0,0
2,CS43->US91,0,0,0
2,CS43->US99,0,0,0
2,CS43->US107,0,0,0
2,CS43->US115,11251,11250,0
2,CS43->US123,0,0,0
2,CS44->US4,51489,51489,0
2,CS44->US12,0,0,0
2,CS44->US20,0,0,0
2,CS44->US28,0,0,0
2,CS44->US36,0,0,0
2,CS44->US44,11566,11566,0
2,CS44->US52,51486,51486,0
2,CS44->US60,0,0,0
2,CS44->US68,0,0,0
2,CS44->US76,0,0,0
2,CS44->US84,0,0,0
2,CS44->US92,0,0,0
2,CS44->US100,0,0,0
2,CS44->US108,0,0,0
2,CS44->US116,11379,11379,0
2,CS44->US124,0,0,0
2,CS45->US5,50969,50969,0
2,CS45->US13,0,0,0
2,CS45->US21,0,0,0
2,CS45->US29,0,0,0
2,CS45->US37,0,0,0
2,CS45->US45,11394,11393,0
2,CS45->US53,51264,51264,0
2,CS45->US61,0,0,0
2,CS45->US69,0,0,0
2,CS45->US77,0,0,0
2,CS45->US85,0,0,0
2,CS45->US93,0,0,0
2,CS45->US101,0,0,0
2,CS45->US109,0,0,0
2,CS45->US117,11149,11148,0
2,CS45->US125,0,0,0
2,CS46->US6,51412,51412,0
2,CS46->US14,0,0,0
2,CS46->US22,0,0,0
2,CS46->US30,0,0,0
2,CS46->US38,0,0,0
2,CS46->US46,11250,11249,0
2,CS46->US54,51154,51154,0
2,CS46->US62,0,0,0
2,CS46->US70,0,0,0
2,CS46->US78,0,0,0
2,CS46->US86,0,0,0
2,CS46->US94,0,0,0
2,CS46->US102,0,0,0
2,CS46->US110,0,0,0
2,CS46->US118,11245,11245,0
2,CS46->US126,0,0,0
2,CS47->US7,51585,51585,0
2,CS47->US15,0,0,0
2,CS47->US23,0,0,0
2,CS47->US31,0,0,0
2,CS47->US39,0,0,0
2,CS47->US47,11453,11453,0
2,CS47->US55,51364,51364,0
2,CS47->US63,0,0,0
2,CS47->US71,0,0,0
2,CS47->US79,0,0,0
2,CS47->US87,0,0,0
2,CS47->US95,0,0,0
2,CS47->US103,0,0,0
2,CS47->US111,0,0,0
2,CS47->US119,11267,11267,0
2,CS47->US127,0,0,0
2,CS48->US0,51320,51320,0
2,CS48->US8,0,0,0
2,CS48->US16,0,0,0
2,CS48->US24,0,0,0
2,CS48->US32,0,0,0
2,CS48->US40,11654,11654,0
2,CS48->US48,51584,51584,0
2,CS48->US56,0,0,0
2,CS48->US64,0,0,0
2,CS48->US72,0,0,0
2,CS48->US80,0,0,0
2,CS48->US88,0,0,0
2,CS48->US96,0,0,0
2,CS48->US104,0,0,0
2,CS48->US112,11312,11312,0
2,CS48->US120,0,0,0
2,CS49->US1,51113,51113,0
2,CS49->US9,0,0,0
2,CS49->US17,0,0,0
2,CS49->US25,0,0,0
2,CS49->US33,0,0,0
2,CS49->US41,11310,11309,0
2,CS49->US49,51370,51370,0
2,CS49->US57,0,0,0
2,CS49->US65,0,0,0
2,CS49->US73,0,0,0
2,CS49->US81,0,0,0
2,CS49->US89,0,0,0
2,CS49->US97,0,0,0
2,CS49->US105,0,0,0
2,CS49->US113,11408,11407,0
2,CS49->US121,0,0,0
2,CS50->US2,51273,51273,0
2,CS50->US10,0,0,0
2,CS50->US18,0,0,0
2,CS50->US26,0,0,0
2,CS50->US34,0,0,0
2,CS50->US42,11364,11363,0
2,CS50->US50,51450,51450,0
2,CS50->US58,0,0,0
2,CS50->US66,0,0,0
2,CS50->US74,0,0,0
2,CS50->US82,0,0,0
2,CS50->US90,0,0,0
2,CS50->US98,0,0,0
2,CS50->US106,0,0,0
2,CS50->US114,11450,11450,0
2,CS50->US122,0,0,0
2,CS51->US3,51313,51313,0
2,CS51->US11,0,0,0
2,CS51->US19,0,0,0
2,CS51->US27,0,0,0
2,CS51->US35,0,0,0
2,CS51->US43,11359,11359,0
2,CS51->US51,51213,51213,0
2,CS51->US59,0,0,0
2,CS51->US67,0,0,0
2,CS51->US75,0,0,0
2,CS51->US83,0,0,0
2,CS51->US91,0,0,0
2,CS51->US99,0,0,0
2,CS51->US107,0,0,0
2,CS51->US115,11321,11321,0
2,CS51->US123,0,0,0
2,CS52->US4,51220,51220,0
2,CS52->US12,0,0,0
2,CS52->US20,0,0,0
2,CS52->US28,0,0,0
2,CS52->US36,0,0,0
2,CS52->US44,11481,11481,0
2,CS52->US52,51382,51382,0
2,CS52->US60,0,0,0
2,CS52->US68,0,0,0
2,CS52->US76,0,0,0
2,CS52->US84,0,0,0
2,CS52->US92,0,0,0
2,CS52->US100,0,0,0
2,CS52->US108,0,0,0
2,CS52->US116,11012,11012,0
2,CS52->US124,0,0,0
2,CS53->US5,51411,51411,0
2,CS53->US13,0,0,0
2,CS53->US21,0,0,0
2,CS53->US29,0,0,0
2,CS53->US37,0,0,0
2,CS53->US45,11530,11529,0
2,CS53->US53,51222,51222,0
2,CS53->US61,0,0,0
2,CS53->US69,0,0,0
2,CS53->US77,0,0,0
2,CS53->US85,0,0,0
2,CS53->US93,0,0,0
2,CS53->US101,0,0,0
2,CS53->US109,0,0,0
2,CS53->US117,11251,11250,0
2,CS53->US125,0,0,0
2,CS54->US6,51493,51493,0
2,CS54->US14,0,0,0
2,CS54->US22,0,0,0
2,CS54->US30,0,0,0
2,CS54->US38,0,0,0
2,CS54->US46,11411,11411,0
2,CS54->US54,51461,51461,0
2,CS54->US62,0,0,0
2,CS54->US70,0,0,0
2,CS54->US78,0,0,0
2,CS54->US86,0,0,0
2,CS54->US94,0,0,0
2,CS54->US102,0,0,0
2,CS54->US110,0,0,0
2,CS54->US118,11378,11378,0
2,CS54->US126,0,0,0
2,CS55->US7,51067,51067,0
2,CS55->US15,0,0,0
2,CS55->US23,0,0,0
2,CS55->US31,0,0,0
2,CS55->US39,0,0,0
2,CS55->US47,11479,11479,0
2,CS55->US55,51197,51197,0
2,CS55->US63,0,0,0
2,CS55->US71,0,0,0
2,CS55->US79,0,0,0
2,CS55->US87,0,0,0
2,CS55->US95,0,0,0
2,CS55->US103,0,0,0
2,CS55->US111,0,0,0
2,CS55->US119,11378,11377,0
2,CS55->US127,0,0,0
2,CS56->US0,51161,51161,0
2,CS56->US8,0,0,0
2,CS56->US16,0,0,0
2,CS56->US24,0,0,0
2,CS56->US32,0,0,0
2,CS56->US40,11379,11379,0
2,CS56->US48,51260,51260,0
2,CS56->US56,0,0,0
2,CS56->US64,0,0,0
2,CS56->US72,0,0,0
2,CS56->US80,0,0,0
2,CS56->US88,0,0,0
2,CS56->US96,0,0,0
2,CS56->US104,0,0,0
2,CS56->US112,11340,11339,0
2,CS56->US120,0,0,0
2,CS57->US1,51513,51513,0
2,CS57->US9,0,0,0
2,CS57->US17,0,0,0
2,CS57->US25,0,0,0
2,CS57->US33,0,0,0
2,CS57->US41,11503,11501,0
2,CS57->US49,51231,51231,0
2,CS57->US57,0,0,0
2,CS57->US65,0,0,0
2,CS57->US73,0,0,0
2,CS57->US81,0,0,0
2,CS57->US89,0,0,0
2,CS57->US97,0,0,0
2,CS57->US105,0,0,0
2,CS57->US113,11580,11580,0
2,CS57->US121,0,0,0
2,CS58->US2,51301,51301,0
2,CS58->US10,0,0,0
2,CS58->US18,0,0,0
2,CS58->US26,0,0,0
2,CS58->US34,0,0,0
2,CS58->US42,11636,11636,0
2,CS58->US50,51016,51016,0
2,CS58->US58,0,0,0
2,CS58->US66,0,0,0
2,CS58->US74,0,0,0
2,CS58->US82,0,0,0
2,CS58->US90,0,0,0
2,CS58->US98,0,0,0
2,CS58->US106,0,0,0
2,CS58->US114,11342,11341,0
2,CS58->US122,0,0,0
2,CS59->US3,51361,51361,0
2,CS59->US11,0,0,0
2,CS59->US19,0,0,0
2,CS59->US27,0,0,0
2,CS59->US35,0,0,0
2,CS59->US43,11423,11423,0
2,CS59->US51,51109,51109,0
2,CS59->US59,0,0,0
2,CS59->US67,0,0,0
2,CS59->US75,0,0,0
2,CS59->US83,0,0,0
2,CS59->US91,0,0,0
2,CS59->US99,0,0,0
2,CS59->US107,0,0,0
2,CS59->US115,11277,11276,0
2,CS59->US123,0,0,0
2,CS60->US4,51295,51295,0
2,CS60->US12,0,0,0
2,CS60->US20,0,0,0
2,CS60->US28,0,0,0
2,CS60->US36,0,0,0
2,CS60->US44,11422,11422,0
2,CS60->US52,51272,51272,0
2,CS60->US60,0,0,0
2,CS60->US68,0,0,0
2,CS60->US76,0,0,0
2,CS60->US84,0,0,0
2,CS60->US92,0,0,0
2,CS60->US100,0,0,0
2,CS60->US108,0,0,0
2,CS60->US116,11369,11368,0
2,CS60->US124,0,0,0
2,CS61->US5,51177,51177,0
2,CS61->US13,0,0,0
2,CS61->US21,0,0,0
2,CS61->US29,0,0,0
2,CS61->US37,0,0,0
2,CS61->US45,11254,11253,0
2,CS61->US53,51470,51470,0
2,CS61->US61,0,0,0
2,CS61->US69,0,0,0
2,CS61->US77,0,0,0
2,CS61->US85,0,0,0
2,CS61->US93,0,0,0
2,CS61->US101,0,0,0
2,CS61->US109,0,0,0
2,CS61->US117,11385,11385,0
2,CS61->US125,0,0,0
2,CS62->US6,51190,51190,0
2,CS62->US14,0,0,0
2,CS62->US22,0,0,0
2,CS62->US30,0,0,0
2,CS62->US38,0,0,0
2,CS62->US46,11635,11633,0
2,CS62->US54,51391,51391,0
2,CS62->US62,0,0,0
2,CS62->US70,0,0,0
2,CS62->US78,0,0,0
2,CS62->US86,0,0,0
2,CS62->US94,0,0,0
2,CS62->US102,0,0,0
2,CS62->US110,0,0,0
2,CS62->US118,11372,11372,0
2,CS62->US126,0,0,0
2,CS63->US7,51654,51654,0
2,CS63->US15,0,0,0
2,CS63->US23,0,0,0
2,CS63->US31,0,0,0
2,CS63->US39,0,0,0
2,CS63->US47,11416,11416,0
2,CS63->US55,51043,51043,0
2,CS63->US63,0,0,0
2,CS63->US71,0,0,0
2,CS63->US79,0,0,0
2,CS63->US87,0,0,0
2,CS63->US95,0,0,0
2,CS63->US103,0,0,0
2,CS63->US111,0,0,0
2,CS63->US119,11455,11454,0
2,CS63->US127,0,0,0
3,US0->CS0,51318,51318,0
3,US0->CS8,51506,51506,0
3,US0->CS16,51361,51361,0
3,US0->CS24,50985,50985,0
3,US0->CS32,51702,51702,0
3,US0->CS40,51382,51382,0
3,US0->CS48,51757,51757,0
3,US0->CS56,51431,51431,0
3,US1->CS1,51645,51645,0
3,US1->CS9,51747,51747,0
3,US1->CS17,50876,50876,0
3,US1->CS25,51389,51389,0
3,US1->CS33,51395,51395,0
3,US1->CS41,51670,51670,0
3,US1->CS49,51540,51540,0
3,US1->CS57,51362,51362,0
3,US2->CS2,51401,51401,0
3,US2->CS10,51789,51789,0
3,US2->CS18,51400,51400,0
3,US2->CS26,51495,51495,0
3,US2->CS34,51203,51203,0
3,US2->CS42,51393,51393,0
3,US2->CS50,51592,51592,0
3,US2->CS58,51152,51152,0
3,US3->CS3,51494,51494,0
3,US3->CS11,51187,51187,0
3,US3->CS19,51475,51475,0
3,US3->CS27,51902,51902,0
3,US3->CS35,51715,51715,0
3,US3->CS43,51256,51256,0
3,US3->CS51,51376,51376,0
3,US3->CS59,51245,51245,0
3,US4->CS4,51759,51759,0
3,US4->CS12,51371,51371,0
3,US4->CS20,51653,51653,0
3,US4->CS28,51855,51855,0
3,US4->CS36,51741,51741,0
3,US4->CS44,51643,51643,0
3,US4->CS52,51521,51521,0
3,US4->CS60,51435,51435,0
3,US5->CS5,51523,51523,0
3,US5->CS13,51893,51893,0
3,US5->CS21,51366,51366,0
3,US5->CS29,51780,51780,0
3,US5->CS37,51615,51615,0
3,US5->CS45,51424,51424,0
3,US5->CS53,51385,51385,0
3,US5->CS61,51639,51639,0
3,US6->CS6,51634,51634,0
3,US6->CS14,51323,51323,0
3,US6->CS22,51318,51318,0
3,US6->CS30,51733,51733,0
3,US6->CS38,51767,51767,0
3,US6->CS46,51301,51301,0
3,US6->CS54,51621,51621,0
3,US6->CS62,51555,51555,0
3,US7->CS7,51781,51781,0
3,US7->CS15,51636,51636,0
3,US7->CS23,51649,51649,0
3,US7->CS31,51306,51306,0
3,US7->CS39,51358,51358,0
3,US7->CS47,51528,51528,0
3,US7->CS55,51352,51352,0
3,US7->CS63,51188,51188,0
3,US8->CS0,0,0,0
3,US8->CS8,0,0,0
3,US8->CS16,0,0,0
3,US8->CS24,0,0,0
3,US8->CS32,0,0,0
3,US8->CS40,0,0,0
3,US8->CS48,0,0,0
3,US8->CS56,0,0,0
3,US9->CS1,0,0,0
3,US9->CS9,0,0,0
3,US9->CS17,0,0,0
3,US9->CS25,0,0,0
3,US9->CS33,0,0,0
3,US9->CS41,0,0,0
3,US9->CS49,0,0,0
3,US9->CS57,0,0,0
3,US10->CS2,0,0,0
3,US10->CS10,0,0,0
3,US10->CS18,0,0,0
3,US10->CS26,0,0,0
3,US10->CS34,0,0,0
3,US10->CS42,0,0,0
3,US10->CS50,0,0,0
3,US10->CS58,0,0,0
3,US11->CS3,0,0,0
3,US11->CS11,0,0,0
3,US11->CS19,0,0,0
3,US11->CS27,0,0,0
3,US11->CS35,0,0,0
3,US11->CS43,0,0,0
3,US11->CS51,0,0,0
3,US11->CS59,0,0,0
3,US12->CS4,0,0,0
3,US12->CS12,0,0,0
3,US12->CS20,0,0,0
3,US12->CS28,0,0,0
3,US12->CS36,0,0,0
3,US12->CS44,0,0,0
3,US12->CS52,0,0,0
3,US12->CS60,0,0,0
3,US13->CS5,0,0,0
3,US13->CS13,0,0,0
3,US13->CS21,0,0,0
3,US13->CS29,0,0,0
3,US13->CS37,0,0,0
3,US13->CS45,0,0,0
3,US13->CS53,0,0,0
3,US13->CS61,0,0,0
3,US14->CS6,0,0,0
3,US14->CS14,0,0,0
3,US14->CS22,0,0,0
3,US14->CS30,0,0,0
3,US14->CS38,0,0,0
3,US14->CS46,0,0,0
3,US14->CS54,0,0,0
3,US14->CS62,0,0,0
3,US15->CS7,0,0,0
3,US15->CS15,0,0,0
3,US15->CS23,0,0,0
3,US15->CS31,0,0,0
3,US15->CS39,0,0,0
3,US15->CS47,0,0,0
3,US15->CS55,0,0,0
3,US15->CS63,0,0,0
3,US16->CS0,0,0,0
3,US16->CS8,0,0,0
3,US16->CS16,0,0,0
3,US16->CS24,0,0,0
3,US16->CS32,0,0,0
3,US16->CS40,0,0,0
3,US16->CS48,0,0,0
3,US16->CS56,0,0,0
3,US17->CS1,0,0,0
3,US17->CS9,0,0,0
3,US17->CS17,0,0,0
3,US17->CS25,0,0,0
3,US17->CS33,0,0,0
3,US17->CS41,0,0,0
3,US17->CS49,0,0,0
3,US17->CS57,0,0,0
3,US18->CS2,0,0,0
3,US18->CS10,0,0,0
3,US18->CS18,0,0,0
3,US18->CS26,0,0,0
3,US18->CS34,0,0,0
3,US18->CS42,0,0,0
3,US18->CS50,0,0,0
3,US18->CS58,0,0,0
3,US19->CS3,0,0,0
3,US19->CS11,0,0,0
3,US19->CS19,0,0,0
3,US19->CS27,0,0,0
3,US19->CS35,0,0,0
3,US19->CS43,0,0,0
3,US19->CS51,0,0,0
3,US19->CS59,0,0,0
3,US20->CS4,0,0,0
3,US20->CS12,0,0,0
3,US20->CS20,0,0,0
3,US20->CS28,0,0,0
3,US20->CS36,0,0,0
3,US20->CS44,0,0,0
3,US20->CS52,0,0,0
3,US20->CS60,0,0,0
3,US21->CS5,0,0,0
3,US21->CS13,0,0,0
3,US21->CS21,0,0,0
3,US21->CS29,0,0,0
3,US21->CS37,0,0,0
3,US21->CS45,0,0,0
3,US21->CS53,0,0,0
3,US21->CS61,0,0,0
3,US22->CS6,0,0,0
3,US22->CS14,0,0,0
3,US22->CS22,0,0,0
3,US22->CS30,0,0,0
3,US22->CS38,0,0,0
3,US22->CS46,0,0,0
3,US22->CS54,0,0,0
3,US22->CS62,0,0,0
3,US23->CS7,0,0,0
3,US23->CS15,0,0,0
3,US23->CS23,0,0,0
3,US23->CS31,0,0,0
3,US23->CS39,0,0,0
3,US23->CS47,0,0,0
3,US23->CS55,0,0,0
3,US23->CS63,0,0,0
3,US24->CS0,0,0,0
3,US24->CS8,0,0,0
3,US24->CS16,0,0,0
3,US24->CS24,0,0,0
3,US24->CS32,0,0,0
3,US24->CS40,0,0,0
3,US24->CS48,0,0,0
3,US24->CS56,0,0,0
3,US25->CS1,0,0,0
3,US25->CS9,0,0,0
3,US25->CS17,0,0,0
3,US25->CS25,0,0,0
3,US25->CS33,0,0,0
3,US25->CS41,0,0,0
3,US25->CS49,0,0,0
3,US25->CS57,0,0,0
3,US26->CS2,0,0,0
3,US26->CS10,0,0,0
3,US26->CS18,0,0,0
3,US26->CS26,0,0,0
3,US26->CS34,0,0,0
3,US26->CS42,0,0,0
3,US26->CS50,0,0,0
3,US26->CS58,0,0,0
3,US27->CS3,0,0,0
3,US27->CS11,0,0,0
3,US27->CS19,0,0,0
3,US27->CS27,0,0,0
3,US27->CS35,0,0,0
3,US27->CS43,0,0,0
3,US27->CS51,0,0,0
3,US27->CS59,0,0,0
3,US28->CS4,0,0,0
3,US28->CS12,0,0,0
3,US28->CS20,0,0,0
3,US28->CS28,0,0,0
3,US28->CS36,0,0,0
3,US28->CS44,0,0,0
3,US28->CS52,0,0,0
3,US28->CS60,0,0,0
3,US29->CS5,0,0,0
3,US29->CS13,0,0,0
3,US29->CS21,0,0,0
3,US29->CS29,0,0,0
3,US29->CS37,0,0,0
3,US29->CS45,0,0,0
3,US29->CS53,0,0,0
3,US29->CS61,0,0,0
3,US30->CS6,0,0,0
3,US30->CS14,0,0,0
3,US30->CS22,0,0,0
3,US30->CS30,0,0,0
3,US30->CS38,0,0,0
3,US30->CS46,0,0,0
3,US30->CS54,0,0,0
3,US30->CS62,0,0,0
3,US31->CS7,0,0,0
3,US31->CS15,0,0,0
3,US31->CS23,0,0,0
3,US31->CS31,0,0,0
3,US31->CS39,0,0,0
3,US31->CS47,0,0,0
3,US31->CS55,0,0,0
3,US31->CS63,0,0,0
3,US32->CS0,0,0,0
3,US32->CS8,0,0,0
3,US32->CS16,0,0,0
3,US32->CS24,0,0,0
3,US32->CS32,0,0,0
3,US32->CS40,0,0,0
3,US32->CS48,0,0,0
3,US32->CS56,0,0,0
3,US33->CS1,0,0,0
3,US33->CS9,0,0,0
3,US33->CS17,0,0,0
3,US33->CS25,0,0,0
3,US33->CS33,0,0,0
3,US33->CS41,0,0,0
3,US33->CS49,0,0,0
3,US33->CS57,0,0,0
3,US34->CS2,0,0,0
3,US34->CS10,0,0,0
3,US34->CS18,0,0,0
3,US34->CS26,0,0,0
3,US34->CS34,0,0,0
3,US34->CS42,0,0,0
3,US34->CS50,0,0,0
3,US34->CS58,0,0,0
3,US35->CS3,0,0,0
3,US35->CS11,0,0,0
3,US35->CS19,0,0,0
3,US35->CS27,0,0,0
3,US35->CS35,0,0,0
3,US35->CS43,0,0,0
3,US35->CS51,0,0,0
3,US35->CS59,0,0,0
3,US36->CS4,0,0,0
3,US36->CS12,0,0,0
3,US36->CS20,0,0,0
3,US36->CS28,0,0,0
3,US36->CS36,0,0,0
3,US36->CS44,0,0,0
3,US36->CS52,0,0,0
3,US36->CS60,0,0,0
3,US37->CS5,0,0,0
3,US37->CS13,0,0,0
3,US37->CS21,0,0,0
3,US37->CS29,0,0,0
3,US37->CS37,0,0,0
3,US37->CS45,0,0,0
3,US37->CS53,0,0,0
3,US37->CS61,0,0,0
3,US38->CS6,0,0,0
3,US38->CS14,0,0,0
3,US38->CS22,0,0,0
3,US38->CS30,0,0,0
3,US38->CS38,0,0,0
3,US38->CS46,0,0,0
3,US38->CS54,0,0,0
3,US38->CS62,0,0,0
3,US39->CS7,0,0,0
3,US39->CS15,0,0,0
3,US39->CS23,0,0,0
3,US39->CS31,0,0,0
3,US39->CS39,0,0,0
3,US39->CS47,0,0,0
3,US39->CS55,0,0,0
3,US39->CS63,0,0,0
3,US40->CS0,55270,55270,0
3,US40->CS8,55182,55182,0
3,US40->CS16,55354,55354,0
3,US40->CS24,55315,55315,0
3,US40->CS32,55328,55328,0
3,US40->CS40,55327,55327,0
3,US40->CS48,55148,55148,0
3,US40->CS56,55307,55307,0
3,US41->CS1,55363,55363,0
3,US41->CS9,55323,55323,0
3,US41->CS17,55253,55253,0
3,US41->CS25,54681,54681,0
3,US41->CS33,55332,55332,0
3,US41->CS41,55182,55182,0
3,US41->CS49,55746,55746,0
3,US41->CS57,55837,55837,0
3,US42->CS2,55503,55503,0
3,US42->CS10,55639,55639,0
3,US42->CS18,55154,55154,0
3,US42->CS26,55193,55193,0
3,US42->CS34,55601,55601,0
3,US42->CS42,55188,55188,0
3,US42->CS50,55423,55423,0
3,US42->CS58,55348,55348,0
3,US43->CS3,54990,54990,0
3,US43->CS11,55331,55331,0
3,US43->CS19,55454,55454,0
3,US43->CS27,55234,55234,0
3,US43->CS35,55022,55022,0
3,US43->CS43,55574,55574,0
3,US43->CS51,55488,55488,0
3,US43->CS59,55300,55300,0
3,US44->CS4,55388,55388,0
3,US44->CS12,55643,55643,0
3,US44->CS20,56165,56165,0
3,US44->CS28,55149,55149,0
3,US44->CS36,55685,55685,0
3,US44->CS44,55350,55350,0
3,US44->CS52,55190,55190,0
3,US44->CS60,55353,55353,0
3,US45->CS5,55290,55290,0
3,US45->CS13,54870,54870,0
3,US45->CS21,55343,55343,0
3,US45->CS29,55110,55110,0
3,US45->CS37,55384,55384,0
3,US45->CS45,54985,54985,0
3,US45->CS53,54877,54877,0
3,US45->CS61,55281,55281,0
3,US46->CS6,55162,55162,0
3,US46->CS14,55257,55257,0
3,US46->CS22,55739,55739,0
3,US46->CS30,55477,55477,0
3,US46->CS38,55319,55319,0
3,US46->CS46,55546,55546,0
3,US46->CS54,55214,55214,0
3,US46->CS62,55544,55544,0
3,US47->CS7,55583,55583,0
3,US47->CS15,55458,55458,0
3,US47->CS23,55184,55184,0
3,US47->CS31,55160,55160,0
3,US47->CS39,55470,55470,0
3,US47->CS47,54973,54973,0
3,US47->CS55,55309,55309,0
3,US47->CS63,55828,55828,0
3,US48->CS0,51616,51616,0
3,US48->CS8,51522,51522,0
3,US48->CS16,51177,51177,0
3,US48->CS24,51666,51666,0
3,US48->CS32,51321,51321,0
3,US48->CS40,51581,51581,0
3,US48->CS48,51466,51466,0
3,US48->CS56,51282,51282,0
3,US49->CS1,51324,51324,0
3,US49->CS9,51139,51139,0
3,US49->CS17,51602,51602,0
3,US49->CS25,51336,51336,0
3,US49->CS33,51304,51304,0
3,US49->CS41,51462,51462,0
3,US49->CS49,51245,51245,0
3,US49->CS57,51674,51674,0
3,US50->CS2,51470,51470,0
3,US50->CS10,51254,51254,0
3,US50->CS18,51395,51395,0
3,US50->CS26,51641,51641,0
3,US50->CS34,51907,51907,0
3,US50->CS42,51405,51405,0
3,US50->CS50,51444,51444,0
3,US50->CS58,51427,51427,0
3,US51->CS3,51801,51801,0
3,US51->CS11,51896,51896,0
3,US51->CS19,51116,51116,0
3,US51->CS27,51299,51299,0
3,US51->CS35,51727,51727,0
3,US51->CS43,51724,51724,0
3,US51->CS51,51428,51428,0
3,US51->CS59,51507,51507,0
3,US52->CS4,51296,51296,0
3,US52->CS12,51704,51704,0
3,US52->CS20,51418,51418,0
3,US52->CS28,51336,51336,0
3,US52->CS36,51417,51417,0
3,US52->CS44,51637,51637,0
3,US52->CS52,51343,51343,0
3,US52->CS60,51429,51429,0
3,US53->CS5,51685,51685,0
3,US53->CS13,51652,51652,0
3,US53->CS21,51693,51693,0
3,US53->CS29,51777,51777,0
3,US53->CS37,51492,51492,0
3,US53->CS45,51094,51094,0
3,US53->CS53,51551,51551,0
3,US53->CS61,51283,51283,0
3,US54->CS6,51172,51172,0
3,US54->CS14,51525,51525,0
3,US54->CS22,51620,51620,0
3,US54->CS30,51332,51332,0
3,US54->CS38,51174,51174,0
3,US54->CS46,51507,51507,0
3,US54->CS54,51652,51652,0
3,US54->CS62,51313,51313,0
3,US55->CS7,51681,51681,0
3,US55->CS15,52256,52256,0
3,US55->CS23,51763,51763,0
3,US55->CS31,51425,51425,0
3,US55->CS39,51593,51593,0
3,US55->CS47,51707,51707,0
3,US55->CS55,51200,51200,0
3,US55->CS63,51769,51769,0
3,US56->CS0,0,0,0
3,US56->CS8,0,0,0
3,US56->CS16,0,0,0
3,US56->CS24,0,0,0
3,US56->CS32,0,0,0
3,US56->CS40,0,0,0
3,US56->CS48,0,0,0
3,US56->CS56,0,0,0
3,US57->CS1,0,0,0
3,US57->CS9,0,0,0
3,US57->CS17,0,0,0
3,US57->CS25,0,0,0
3,US57->CS33,0,0,0
3,US57->CS41,0,0,0
3,US57->CS49,0,0,0
3,US57->CS57,0,0,0
3,US58->CS2,0,0,0
3,US58->CS10,0,0,0
3,US58->CS18,0,0,0
3,US58->CS26,0,0,0
3,US58->CS34,0,0,0
3,US58->CS42,0,0,0
3,US58->CS50,0,0,0
3,US58->CS58,0,0,0
3,US59->CS3,0,0,0
3,US59->CS11,0,0,0
3,US59->CS19,0,0,0
3,US59->CS27,0,0,0
3,US59->CS35,0,0,0
3,US59->CS43,0,0,0
3,US59->CS51,0,0,0
3,US59->CS59,0,0,0
3,US60->CS4,0,0,0
3,US60->CS12,0,0,0
3,US60->CS20,0,0,0
3,US60->CS28,0,0,0
3,US60->CS36,0,0,0
3,US60->CS44,0,0,0
3,US60->CS52,0,0,0
3,US60->CS60,0,0,0
3,US61->CS5,0,0,0
3,US61->CS13,0,0,0
3,US61->CS21,0,0,0
3,US61->CS29,0,0,0
3,US61->CS37,0,0,0
3,US61->CS45,0,0,0
3,US61->CS53,0,0,0
3,US61->CS61,0,0,0
3,US62->CS6,0,0,0
3,US62->CS14,0,0,0
3,US62->CS22,0,0,0
3,US62->CS30,0,0,0
3,US62->CS38,0,0,0
3,US62->CS46,0,0,0
3,US62->CS54,0,0,0
3,US62->CS62,0,0,0
3,US63->CS7,0,0,0
3,US63->CS15,0,0,0
3,US63->CS23,0,0,0
3,US63->CS31,0,0,0
3,US63->CS39,0,0,0
3,US63->CS47,0,0,0
3,US63->CS55,0,0,0
3,US63->CS63,0,0,0
3,US64->CS0,0,0,0
3,US64->CS8,0,0,0
3,US64->CS16,0,0,0
3,US64->CS24,0,0,0
3,US64->CS32,0,0,0
3,US64->CS40,0,0,0
3,US64->CS48,0,0,0
3,US64->CS56,0,0,0
3,US65->CS1,0,0,0
3,US65->CS9,0,0,0
3,US65->CS17,0,0,0
3,US65->CS25,0,0,0
3,US65->CS33,0,0,0
3,US65->CS41,0,0,0
3,US65->CS49,0,0,0
3,US65->CS57,0,0,0
3,US66->CS2,0,0,0
3,US66->CS10,0,0,0
3,US66->CS18,0,0,0
3,US66->CS26,0,0,0
3,US66->CS34,0,0,0
3,US66->CS42,0,0,0
3,US66->CS50,0,0,0
3,US66->CS58,0,0,0
3,US67->CS3,0,0,0
3,US67->CS11,0,0,0
3,US67->CS19,0,0,0
3,US67->CS27,0,0,0
3,US67->CS35,0,0,0
3,US67->CS43,0,0,0
3,US67->CS51,0,0,0
3,US67->CS59,0,0,0
3,US68->CS4,0,0,0
3,US68->CS12,0,0,0
3,US68->CS20,0,0,0
3,US68->CS28,0,0,0
3,US68->CS36,0,0,0
3,US68->CS44,0,0,0
3,US68->CS52,0,0,0
3,US68->CS60,0,0,0
3,US69->CS5,0,0,0
3,US69->CS13,0,0,0
3,US69->CS21,0,0,0
3,US69->CS29,0,0,0
3,US69->CS37,0,0,0
3,US69->CS45,0,0,0
3,US69->CS53,0,0,0
3,US69->CS61,0,0,0
3,US70->CS6,0,0,0
3,US70->CS14,0,0,0
3,US70->CS22,0,0,0
3,US70->CS30,0,0,0
3,US70->CS38,0,0,0
3,US70->CS46,0,0,0
3,US70->CS54,0,0,0
3,US70->CS62,0,0,0
3,US71->CS7,0,0,0
3,US71->CS15,0,0,0
3,US71->CS23,0,0,0
3,US71->CS31,0,0,0
3,US71->CS39,0,0,0
3,US71->CS47,0,0,0
3,US71->CS55,0,0,0
3,US71->CS63,0,0,0
3,US72->CS0,0,0,0
3,US72->CS8,0,0,0
3,US72->CS16,0,0,0
3,US72->CS24,0,0,0
3,US72->CS32,0,0,0
3,US72->CS40,0,0,0
3,US72->CS48,0,0,0
3,US72->CS56,0,0,0
3,US73->CS1,0,0,0
3,US73->CS9,0,0,0
3,US73->CS17,0,0,0
3,US73->CS25,0,0,0
3,US73->CS33,0,0,0
3,US73->CS41,0,0,0
3,US73->CS49,0,0,0
3,US73->CS57,0,0,0
3,US74->CS2,0,0,0
3,US74->CS10,0,0,0
3,US74->CS18,0,0,0
3,US74->CS26,0,0,0
3,US74->CS34,0,0,0
3,US74->CS42,0,0,0
3,US74->CS50,0,0,0
3,US74->CS58,0,0,0
3,US75->CS3,0,0,0
3,US75->CS11,0,0,0
3,US75->CS19,0,0,0
3,US75->CS27,0,0,0
3,US75->CS35,0,0,0
3,US75->CS43,0,0,0
3,US75->CS51,0,0,0
3,US75->CS59,0,0,0
3,US76->CS4,0,0,0
3,US76->CS12,0,0,0
3,US76->CS20,0,0,0
3,US76->CS28,0,0,0
3,US76->CS36,0,0,0
3,US76->CS44,0,0,0
3,US76->CS52,0,0,0
3,US76->CS60,0,0,0
3,US77->CS5,0,0,0
3,US77->CS13,0,0,0
3,US77->CS21,0,0,0
3,US77->CS29,0,0,0
3,US77->CS37,0,0,0
3,US77->CS45,0,0,0
3,US77->CS53,0,0,0
3,US77->CS61,0,0,0
3,US78->CS6,0,0,0
3,US78->CS14,0,0,0
3,US78->CS22,0,0,0
3,US78->CS30,0,0,0
3,US78->CS38,0,0,0
3,US78->CS46,0,0,0
3,US78->CS54,0,0,0
3,US78->CS62,0,0,0
3,US79->CS7,0,0,0
3,US79->CS15,0,0,0
3,US79->CS23,0,0,0
3,US79->CS31,0,0,0
3,US79->CS39,0,0,0
3,US79->CS47,0,0,0
3,US79->CS55,0,0,0
3,US79->CS63,0,0,0
3,US80->CS0,0,0,0
3,US80->CS8,0,0,0
3,US80->CS16,0,0,0
3,US80->CS24,0,0,0
3,US80->CS32,0,0,0
3,US80->CS40,0,0,0
3,US80->CS48,0,0,0
3,US80->CS56,0,0,0
3,US81->CS1,0,0,0
3,US81->CS9,0,0,0
3,US81->CS17,0,0,0
3,US81->CS25,0,0,0
3,US81->CS33,0,0,0
3,US81->CS41,0,0,0
3,US81->CS49,0,0,0
3,US81->CS57,0,0,0
3,US82->CS2,0,0,0
3,US82->CS10,0,0,0
3,US82->CS18,0,0,0
3,US82->CS26,0,0,0
3,US82->CS34,0,0,0
3,US82->CS42,0,0,0
3,US82->CS50,0,0,0
3,US82->CS58,0,0,0
3,US83->CS3,0,0,0
3,US83->CS11,0,0,0
3,US83->CS19,0,0,0
3,US83->CS27,0,0,0
3,US83->CS35,0,0,0
3,US83->CS43,0,0,0
3,US83->CS51,0,0,0
3,US83->CS59,0,0,0
3,US84->CS4,0,0,0
3,US84->CS12,0,0,0
3,US84->CS20,0,0,0
3,US84->CS28,0,0,0
3,US84->CS36,0,0,0
3,US84->CS44,0,0,0
3,US84->CS52,0,0,0
3,US84->CS60,0,0,0
3,US85->CS5,0,0,0
3,US85->CS13,0,0,0
3,US85->CS21,0,0,0
3,US85->CS29,0,0,0
3,US85->CS37,0,0,0
3,US85->CS45,0,0,0
3,US85->CS53,0,0,0
3,US85->CS61,0,0,0
3,US86->CS6,0,0,0
3,US86->CS14,0,0,0
3,US86->CS22,0,0,0
3,US86->CS30,0,0,0
3,US86->CS38,0,0,0
3,US86->CS46,0,0,0
3,US86->CS54,0,0,0
3,US86->CS62,0,0,0
3,US87->CS7,0,0,0
3,US87->CS15,0,0,0
3,US87->CS23,0,0,0
3,US87->CS31,0,0,0
3,US87->CS39,0,0,0
3,US87->CS47,0,0,0
3,US87->CS55,0,0,0
3,US87->CS63,0,0,0
3,US88->CS0,0,0,0
3,US88->CS8,0,0,0
3,US88->CS16,0,0,0
3,US88->CS24,0,0,0
3,US88->CS32,0,0,0
3,US88->CS40,0,0,0
3,US88->CS48,0,0,0
3,US88->CS56,0,0,0
3,US89->CS1,0,0,0
3,US89->CS9,0,0,0
3,US89->CS17,0,0,0
3,US89->CS25,0,0,0
3,US89->CS33,0,0,0
3,US89->CS41,0,0,0
3,US89->CS49,0,0,0
3,US89->CS57,0,0,0
3,US90->CS2,0,0,0
3,US90->CS10,0,0,0
3,US90->CS18,0,0,0
3,US90->CS26,0,0,0
3,US90->CS34,0,0,0
3,US90->CS42,0,0,0
3,US90->CS50,0,0,0
3,US90->CS58,0,0,0
3,US91->CS3,0,0,0
3,US91->CS11,0,0,0
3,US91->CS19,0,0,0
3,US91->CS27,0,0,0
3,US91->CS35,0,0,0
3,US91->CS43,0,0,0
3,US91->CS51,0,0,0
3,US91->CS59,0,0,0
3,US92->CS4,0,0,0
3,US92->CS12,0,0,0
3,US92->CS20,0,0,0
3,US92->CS28,0,0,0
3,US92->CS36,0,0,0
3,US92->CS44,0,0,0
3,US92->CS52,0,0,0
3,US92->CS60,0,0,0
3,US93->CS5,0,0,0
3,US93->CS13,0,0,0
3,US93->CS21,0,0,0
3,US93->CS29,0,0,0
3,US93->CS37,0,0,0
3,US93->CS45,0,0,0
3,US93->CS53,0,0,0
3,US93->CS61,0,0,0
3,US94->CS6,0,0,0
3,US94->CS14,0,0,0
3,US94->CS22,0,0,0
3,US94->CS30,0,0,0
3,US94->CS38,0,0,0
3,US94->CS46,0,0,0
3,US94->CS54,0,0,0
3,US94->CS62,0,0,0
3,US95->CS7,0,0,0
3,US95->CS15,0,0,0
3,US95->CS23,0,0,0
3,US95->CS31,0,0,0
3,US95->CS39,0,0,0
3,US95->CS47,0,0,0
3,US95->CS55,0,0,0
3,US95->CS63,0,0,0
3,US96->CS0,0,0,0
3,US96->CS8,0,0,0
3,US96->CS16,0,0,0
3,US96->CS24,0,0,0
3,US96->CS32,0,0,0
3,US96->CS40,0,0,0
3,US96->CS48,0,0,0
3,US96->CS56,0,0,0
3,US97->CS1,0,0,0
3,US97->CS9,0,0,0
3,US97->CS17,0,0,0
3,US97->CS25,0,0,0
3,US97->CS33,0,0,0
3,US97->CS41,0,0,0
3,US97->CS49,0,0,0
3,US97->CS57,0,0,0
3,US98->CS2,0,0,0
3,US98->CS10,0,0,0
3,US98->CS18,0,0,0
3,US98->CS26,0,0,0
3,US98->CS34,0,0,0
3,US98->CS42,0,0,0
3,US98->CS50,0,0,0
3,US98->CS58,0,0,0
3,US99->CS3,0,0,0
3,US99->CS11,0,0,0
3,US99->CS19,0,0,0
3,US99->CS27,0,0,0
3,US99->CS35,0,0,0
3,US99->CS43,0,0,0
3,US99->CS51,0,0,0
3,US99->CS59,0,0,0
3,US100->CS4,0,0,0
3,US100->CS12,0,0,0
3,US100->CS20,0,0,0
3,US100->CS28,0,0,0
3,US100->CS36,0,0,0
3,US100->CS44,0,0,0
3,US100->CS52,0,0,0
3,US100->CS60,0,0,0
3,US101->CS5,0,0,0
3,US101->CS13,0,0,0
3,US101->CS21,0,0,0
3,US101->CS29,0,0,0
3,US101->CS37,0,0,0
3,US101->CS45,0,0,0
3,US101->CS53,0,0,0
3,US101->CS61,0,0,0
3,US102->CS6,0,0,0
3,US102->CS14,0,0,0
3,US102->CS22,0,0,0
3,US102->CS30,0,0,0
3,US102->CS38,0,0,0
3,US102->CS46,0,0,0
3,US102->CS54,0,0,0
3,US102->CS62,0,0,0
3,US103->CS7,0,0,0
3,US103->CS15,0,0,0
3,US103->CS23,0,0,0
3,US103->CS31,0,0,0
3,US103->CS39,0,0,0
3,US103->CS47,0,0,0
3,US103->CS55,0,0,0
3,US103->CS63,0,0,0
3,US104->CS0,0,0,0
3,US104->CS8,0,0,0
3,US104->CS16,0,0,0
3,US104->CS24,0,0,0
3,US104->CS32,0,0,0
3,US104->CS40,0,0,0
3,US104->CS48,0,0,0
3,US104->CS56,0,0,0
3,US105->CS1,0,0,0
3,US105->CS9,0,0,0
3,US105->CS17,0,0,0
3,US105->CS25,0,0,0
3,US105->CS33,0,0,0
3,US105->CS41,0,0,0
3,US105->CS49,0,0,0
3,US105->CS57,0,0,0
3,US106->CS2,0,0,0
3,US106->CS10,0,0,0
3,US106->CS18,0,0,0
3,US106->CS26,0,0,0
3,US106->CS34,0,0,0
3,US106->CS42,0,0,0
3,US106->CS50,0,0,0
3,US106->CS58,0,0,0
3,US107->CS3,0,0,0
3,US107->CS11,0,0,0
3,US107->CS19,0,0,0
3,US107->CS27,0,0,0
3,US107->CS35,0,0,0
3,US107->CS43,0,0,0
3,US107->CS51,0,0,0
3,US107->CS59,0,0,0
3,US108->CS4,0,0,0
3,US108->CS12,0,0,0
3,US108->CS20,0,0,0
3,US108->CS28,0,0,0
3,US108->CS36,0,0,0
3,US108->CS44,0,0,0
3,US108->CS52,0,0,0
3,US108->CS60,0,0,0
3,US109->CS5,0,0,0
3,US109->CS13,0,0,0
3,US109->CS21,0,0,0
3,US109->CS29,0,0,0
3,US109->CS37,0,0,0
3,US109->CS45,0,0,0
3,US109->CS53,0,0,0
3,US109->CS61,0,0,0
3,US110->CS6,0,0,0
3,US110->CS14,0,0,0
3,US110->CS22,0,0,0
3,US110->CS30,0,0,0
3,US110->CS38,0,0,0
3,US110->CS46,0,0,0
3,US110->CS54,0,0,0
3,US110->CS62,0,0,0
3,US111->CS7,0,0,0
3,US111->CS15,0,0,0
3,US111->CS23,0,0,0
3,US111->CS31,0,0,0
3,US111->CS39,0,0,0
3,US111->CS47,0,0,0
3,US111->CS55,0,0,0
3,US111->CS63,0,0,0
3,US112->CS0,51891,51891,0
3,US112->CS8,52109,52109,0
3,US112->CS16,51911,51911,0
3,US112->CS24,51845,51845,0
3,US112->CS32,52150,52150,0
3,US112->CS40,52282,52282,0
3,US112->CS48,52675,52675,0
3,US112->CS56,51976,51976,0
3,US113->CS1,51875,51875,0
3,US113->CS9,51940,51940,0
3,US113->CS17,52490,52490,0
3,US113->CS25,52072,52072,0
3,US113->CS33,51961,51961,0
3,US113->CS41,51735,51735,0
3,US113->CS49,51853,51853,0
3,US113->CS57,52032,52032,0
3,US114->CS2,52352,52352,0
3,US114->CS10,51968,51968,0
3,US114->CS18,51751,51751,0
3,US114->CS26,51947,51947,0
3,US114->CS34,51853,51853,0
3,US114->CS42,51911,51911,0
3,US114->CS50,51755,51755,0
3,US114->CS58,52121,52121,0
3,US115->CS3,52083,52083,0
3,US115->CS11,51902,51902,0
3,US115->CS19,51831,51831,0
3,US115->CS27,52319,52319,0
3,US115->CS35,52138,52138,0
3,US115->CS43,52317,52317,0
3,US115->CS51,51991,51991,0
3,US115->CS59,51781,51781,0
3,US116->CS4,51510,51510,0
3,US116->CS12,51951,51951,0
3,US116->CS20,51906,51906,0
3,US116->CS28,52146,52146,0
3,US116->CS36,52267,52267,0
3,US116->CS44,51909,51909,0
3,US116->CS52,51798,51798,0
3,US116->CS60,51996,51996,0
3,US117->CS5,52339,52339,0
3,US117->CS13,51995,51995,0
3,US117->CS21,51879,51879,0
3,US117->CS29,51914,51914,0
3,US117->CS37,51785,51785,0
3,US117->CS45,52175,52175,0
3,US117->CS53,52217,52217,0
3,US117->CS61,51451,51451,0
3,US118->CS6,51586,51586,0
3,US118->CS14,52123,52123,0
3,US118->CS22,51834,51834,0
3,US118->CS30,51737,51737,0
3,US118->CS38,51930,51930,0
3,US118->CS46,51798,51798,0
3,US118->CS54,51933,51933,0
3,US118->CS62,52271,52271,0
3,US119->CS7,51908,51908,0
3,US119->CS15,52021,52021,0
3,US119->CS23,52015,52015,0
3,US119->CS31,51964,51964,0
3,US119->CS39,52487,52487,0
3,US119->CS47,52051,52051,0
3,US119->CS55,52009,52009,0
3,US119->CS63,52209,52209,0
3,US120->CS0,0,0,0
3,US120->CS8,0,0,0
3,US120->CS16,0,0,0
3,US120->CS24,0,0,0
3,US120->CS32,0,0,0
3,US120->CS40,0,0,0
3,US120->CS48,0,0,0
3,US120->CS56,0,0,0
3,US121->CS1,0,0,0
3,US121->CS9,0,0,0
3,US121->CS17,0,0,0
3,US121->CS25,0,0,0
3,US121->CS33,0,0,0
3,US121->CS41,0,0,0
3,US121->CS49,0,0,0
3,US121->CS57,0,0,0
3,US122->CS2,0,0,0
3,US122->CS10,0,0,0
3,US122->CS18,0,0,0
3,US122->CS26,0,0,0
3,US122->CS34,0,0,0
3,US122->CS42,0,0,0
3,US122->CS50,0,0,0
3,US122->CS58,0,0,0
3,US123->CS3,0,0,0
3,US123->CS11,0,0,0
3,US123->CS19,0,0,0
3,US123->CS27,0,0,0
3,US123->CS35,0,0,0
3,US123->CS43,0,0,0
3,US123->CS51,0,0,0
3,US123->CS59,0,0,0
3,US124->CS4,0,0,0
3,US124->CS12,0,0,0
3,US124->CS20,0,0,0
3,US124->CS28,0,0,0
3,US124->CS36,0,0,0
3,US124->CS44,0,0,0
3,US124->CS52,0,0,0
3,US124->CS60,0,0,0
3,US125->CS5,0,0,0
3,US125->CS13,0,0,0
3,US125->CS21,0,0,0
3,US125->CS29,0,0,0
3,US125->CS37,0,0,0
3,US125->CS45,0,0,0
3,US125->CS53,0,0,0
3,US125->CS61,0,0,0
3,US126->CS6,0,0,0
3,US126->CS14,0,0,0
3,US126->CS22,0,0,0
3,US126->CS30,0,0,0
3,US126->CS38,0,0,0
3,US126->CS46,0,0,0
3,US126->CS54,0,0,0
3,US126->CS62,0,0,0
3,US127->CS7,0,0,0
3,US127->CS15,0,0,0
3,US127->CS23,0,0,0
3,US127->CS31,0,0,0
3,US127->CS39,0,0,0
3,US127->CS47,0,0,0
3,US127->CS55,0,0,0
3,US127->CS63,0,0,0
3,CS0->US0,51546,51546,0
3,CS0->US8,0,0,0
3,CS0->US16,0,0,0
3,CS0->US24,0,0,0
3,CS0->US32,0,0,0
3,CS0->US40,51961,51961,0
3,CS0->US48,51239,51239,0
3,CS0->US56,0,0,0
3,CS0->US64,0,0,0
3,CS0->US72,0,0,0
3,CS0->US80,0,0,0
3,CS0->US88,0,0,0
3,CS0->US96,0,0,0
3,CS0->US104,0,0,0
3,CS0->US112,55349,55349,0
3,CS0->US120,0,0,0
3,CS1->US1,51255,51255,0
3,CS1->US9,0,0,0
3,CS1->US17,0,0,0
3,CS1->US25,0,0,0
3,CS1->US33,0,0,0
3,CS1->US41,51944,51944,0
3,CS1->US49,51587,51587,0
3,CS1->US57,0,0,0
3,CS1->US65,0,0,0
3,CS1->US73,0,0,0
3,CS1->US81,0,0,0
3,CS1->US89,0,0,0
3,CS1->US97,0,0,0
3,CS1->US105,0,0,0
3,CS1->US113,55421,55421,0
3,CS1->US121,0,0,0
3,CS2->US2,51363,51363,0
3,CS2->US10,0,0,0
3,CS2->US18,0,0,0
3,CS2->US26,0,0,0
3,CS2->US34,0,0,0
3,CS2->US42,52459,52459,0
3,CS2->US50,51311,51311,0
3,CS2->US58,0,0,0
3,CS2->US66,0,0,0
3,CS2->US74,0,0,0
3,CS2->US82,0,0,0
3,CS2->US90,0,0,0
3,CS2->US98,0,0,0
3,CS2->US106,0,0,0
3,CS2->US114,55593,55593,0
3,CS2->US122,0,0,0
3,CS3->US3,51708,51708,0
3,CS3->US11,0,0,0
3,CS3->US19,0,0,0
3,CS3->US27,0,0,0
3,CS3->US35,0,0,0
3,CS3->US43,52176,52176,0
3,CS3->US51,51397,51397,0
3,CS3->US59,0,0,0
3,CS3->US67,0,0,0
3,CS3->US75,0,0,0
3,CS3->US83,0,0,0
3,CS3->US91,0,0,0
3,CS3->US99,0,0,0
3,CS3->US107,0,0,0
3,CS3->US115,55087,55087,0
3,CS3->US123,0,0,0
3,CS4->US4,51206,51206,0
3,CS4->US12,0,0,0
3,CS4->US20,0,0,0
3,CS4->US28,0,0,0
3,CS4->US36,0,0,0
3,CS4->US44,51600,51600,0
3,CS4->US52,51689,51689,0
3,CS4->US60,0,0,0
3,CS4->US68,0,0,0
3,CS4->US76,0,0,0
3,CS4->US84,0,0,0
3,CS4->US92,0,0,0
3,CS4->US100,0,0,0
3,CS4->US108,0,0,0
3,CS4->US116,55458,55458,0
3,CS4->US124,0,0,0
3,CS5->US5,51567,51567,0
3,CS5->US13,0,0,0
3,CS5->US21,0,0,0
3,CS5->US29,0,0,0
3,CS5->US37,0,0,0
3,CS5->US45,52457,52457,0
3,CS5->US53,51434,51434,0
3,CS5->US61,0,0,0
3,CS5->US69,0,0,0
3,CS5->US77,0,0,0
3,CS5->US85,0,0,0
3,CS5->US93,0,0,0
3,CS5->US101,0,0,0
3,CS5->US109,0,0,0
3,CS5->US117,55379,55379,0
3,CS5->US125,0,0,0
3,CS6->US6,51065,51065,0
3,CS6->US14,0,0,0
3,CS6->US22,0,0,0
3,CS6->US30,0,0,0
3,CS6->US38,0,0,0
3,CS6->US46,51693,51693,0
3,CS6->US54,51539,51539,0
3,CS6->US62,0,0,0
3,CS6->US70,0,0,0
3,CS6->US78,0,0,0
3,CS6->US86,0,0,0
3,CS6->US94,0,0,0
3,CS6->US102,0,0,0
3,CS6->US110,0,0,0
3,CS6->US118,55257,55257,0
3,CS6->US126,0,0,0
3,CS7->US7,51592,51592,0
3,CS7->US15,0,0,0
3,CS7->US23,0,0,0
3,CS7->US31,0,0,0
3,CS7->US39,0,0,0
3,CS7->US47,51997,51997,0
3,CS7->US55,51702,51702,0
3,CS7->US63,0,0,0
3,CS7->US71,0,0,0
3,CS7->US79,0,0,0
3,CS7->US87,0,0,0
3,CS7->US95,0,0,0
3,CS7->US103,0,0,0
3,CS7->US111,0,0,0
3,CS7->US119,55662,55662,0
3,CS7->US127,0,0,0
3,CS8->US0,51413,51413,0
3,CS8->US8,0,0,0
3,CS8->US16,0,0,0
3,CS8->US24,0,0,0
3,CS8->US32,0,0,0
3,CS8->US40,52218,52218,0
3,CS8->US48,51410,51410,0
3,CS8->US56,0,0,0
3,CS8->US64,0,0,0
3,CS8->US72,0,0,0
3,CS8->US80,0,0,0
3,CS8->US88,0,0,0
3,CS8->US96,0,0,0
3,CS8->US104,0,0,0
3,CS8->US112,55278,55278,0
3,CS8->US120,0,0,0
3,CS9->US1,51079,51079,0
3,CS9->US9,0,0,0
3,CS9->US17,0,0,0
3,CS9->US25,0,0,0
3,CS9->US33,0,0,0
3,CS9->US41,52000,52000,0
3,CS9->US49,51621,51621,0
3,CS9->US57,0,0,0
3,CS9->US65,0,0,0
3,CS9->US73,0,0,0
3,CS9->US81,0,0,0
3,CS9->US89,0,0,0
3,CS9->US97,0,0,0
3,CS9->US105,0,0,0
3,CS9->US113,55449,55449,0
3,CS9->US121,0,0,0
3,CS10->US2,51188,51188,0
3,CS10->US10,0,0,0
3,CS10->US18,0,0,0
3,CS10->US26,0,0,0
3,CS10->US34,0,0,0
3,CS10->US42,52034,52034,0
3,CS10->US50,51699,51699,0
3,CS10->US58,0,0,0
3,CS10->US66,0,0,0
3,CS10->US74,0,0,0
3,CS10->US82,0,0,0
3,CS10->US90,0,0,0
3,CS10->US98,0,0,0
3,CS10->US106,0,0,0
3,CS10->US114,55729,55729,0
3,CS10->US122,0,0,0
3,CS11->US3,51804,51804,0
3,CS11->US11,0,0,0
3,CS11->US19,0,0,0
3,CS11->US27,0,0,0
3,CS11->US35,0,0,0
3,CS11->US43,51994,51994,0
3,CS11->US51,51083,51083,0
3,CS11->US59,0,0,0
3,CS11->US67,0,0,0
3,CS11->US75,0,0,0
3,CS11->US83,0,0,0
3,CS11->US91,0,0,0
3,CS11->US99,0,0,0
3,CS11->US107,0,0,0
3,CS11->US115,55435,55435,0
3,CS11->US123,0,0,0
3,CS12->US4,51601,51601,0
3,CS12->US12,0,0,0
3,CS12->US20,0,0,0
3,CS12->US28,0,0,0
3,CS12->US36,0,0,0
3,CS12->US44,52054,52054,0
3,CS12->US52,51300,51300,0
3,CS12->US60,0,0,0
3,CS12->US68,0,0,0
3,CS12->US76,0,0,0
3,CS12->US84,0,0,0
3,CS12->US92,0,0,0
3,CS12->US100,0,0,0
3,CS12->US108,0,0,0
3,CS12->US116,55714,55714,0
3,CS12->US124,0,0,0
3,CS13->US5,51530,51530,0
3,CS13->US13,0,0,0
3,CS13->US21,0,0,0
3,CS13->US29,0,0,0
3,CS13->US37,0,0,0
3,CS13->US45,52117,52117,0
3,CS13->US53,51791,51791,0
3,CS13->US61,0,0,0
3,CS13->US69,0,0,0
3,CS13->US77,0,0,0
3,CS13->US85,0,0,0
3,CS13->US93,0,0,0
3,CS13->US101,0,0,0
3,CS13->US109,0,0,0
3,CS13->US117,54972,54972,0
3,CS13->US125,0,0,0
3,CS14->US6,51405,51405,0
3,CS14->US14,0,0,0
3,CS14->US22,0,0,0
3,CS14->US30,0,0,0
3,CS14->US38,0,0,0
3,CS14->US46,52243,52243,0
3,CS14->US54,51196,51196,0
3,CS14->US62,0,0,0
3,CS14->US70,0,0,0
3,CS14->US78,0,0,0
3,CS14->US86,0,0,0
3,CS14->US94,0,0,0
3,CS14->US102,0,0,0
3,CS14->US110,0,0,0
3,CS14->US118,55384,55384,0
3,CS14->US126,0,0,0
3,CS15->US7,52197,52197,0
3,CS15->US15,0,0,0
3,CS15->US23,0,0,0
3,CS15->US31,0,0,0
3,CS15->US39,0,0,0
3,CS15->US47,52080,52080,0
3,CS15->US55,51518,51518,0
3,CS15->US63,0,0,0
3,CS15->US71,0,0,0
3,CS15->US79,0,0,0
3,CS15->US87,0,0,0
3,CS15->US95,0,0,0
3,CS15->US103,0,0,0
3,CS15->US111,0,0,0
3,CS15->US119,55576,55576,0
3,CS15->US127,0,0,0
3,CS16->US0,51099,51099,0
3,CS16->US8,0,0,0
3,CS16->US16,0,0,0
3,CS16->US24,0,0,0
3,CS16->US32,0,0,0
3,CS16->US40,51989,51989,0
3,CS16->US48,51241,51241,0
3,CS16->US56,0,0,0
3,CS16->US64,0,0,0
3,CS16->US72,0,0,0
3,CS16->US80,0,0,0
3,CS16->US88,0,0,0
3,CS16->US96,0,0,0
3,CS16->US104,0,0,0
3,CS16->US112,55474,55474,0
3,CS16->US120,0,0,0
3,CS17->US1,51506,51506,0
3,CS17->US9,0,0,0
3,CS17->US17,0,0,0
3,CS17->US25,0,0,0
3,CS17->US33,0,0,0
3,CS17->US41,52586,52586,0
3,CS17->US49,50726,50726,0
3,CS17->US57,0,0,0
3,CS17->US65,0,0,0
3,CS17->US73,0,0,0
3,CS17->US81,0,0,0
3,CS17->US89,0,0,0
3,CS17->US97,0,0,0
3,CS17->US105,0,0,0
3,CS17->US113,55403,55403,0
3,CS17->US121,0,0,0
3,CS18->US2,51270,51270,0
3,CS18->US10,0,0,0
3,CS18->US18,0,0,0
3,CS18->US26,0,0,0
3,CS18->US34,0,0,0
3,CS18->US42,51876,51876,0
3,CS18->US50,51340,51340,0
3,CS18->US58,0,0,0
3,CS18->US66,0,0,0
3,CS18->US74,0,0,0
3,CS18->US82,0,0,0
3,CS18->US90,0,0,0
3,CS18->US98,0,0,0
3,CS18->US106,0,0,0
3,CS18->US114,55214,55214,0
3,CS18->US122,0,0,0
3,CS19->US3,51049,51049,0
3,CS19->US11,0,0,0
3,CS19->US19,0,0,0
3,CS19->US27,0,0,0
3,CS19->US35,0,0,0
3,CS19->US43,51898,51898,0
3,CS19->US51,51380,51380,0
3,CS19->US59,0,0,0
3,CS19->US67,0,0,0
3,CS19->US75,0,0,0
3,CS19->US83,0,0,0
3,CS19->US91,0,0,0
3,CS19->US99,0,0,0
3,CS19->US107,0,0,0
3,CS19->US115,55549,55549,0
3,CS19->US123,0,0,0
3,CS20->US4,51316,51316,0
3,CS20->US12,0,0,0
3,CS20->US20,0,0,0
3,CS20->US28,0,0,0
3,CS20->US36,0,0,0
3,CS20->US44,52008,52008,0
3,CS20->US52,51558,51558,0
3,CS20->US60,0,0,0
3,CS20->US68,0,0,0
3,CS20->US76,0,0,0
3,CS20->US84,0,0,0
3,CS20->US92,0,0,0
3,CS20->US100,0,0,0
3,CS20->US108,0,0,0
3,CS20->US116,56260,56260,0
3,CS20->US124,0,0,0
3,CS21->US5,51607,51607,0
3,CS21->US13,0,0,0
3,CS21->US21,0,0,0
3,CS21->US29,0,0,0
3,CS21->US37,0,0,0
3,CS21->US45,51965,51965,0
3,CS21->US53,51292,51292,0
3,CS21->US61,0,0,0
3,CS21->US69,0,0,0
3,CS21->US77,0,0,0
3,CS21->US85,0,0,0
3,CS21->US93,0,0,0
3,CS21->US101,0,0,0
3,CS21->US109,0,0,0
3,CS21->US117,55417,55417,0
3,CS21->US125,0,0,0
3,CS22->US6,51497,51497,0
3,CS22->US14,0,0,0
3,CS22->US22,0,0,0
3,CS22->US30,0,0,0
3,CS22->US38,0,0,0
3,CS22->US46,51957,51957,0
3,CS22->US54,51280,51280,0
3,CS22->US62,0,0,0
3,CS22->US70,0,0,0
3,CS22->US78,0,0,0
3,CS22->US86,0,0,0
3,CS22->US94,0,0,0
3,CS22->US102,0,0,0
3,CS22->US110,0,0,0
3,CS22->US118,55777,55777,0
3,CS22->US126,0,0,0
3,CS23->US7,51708,51708,0
3,CS23->US15,0,0,0
3,CS23->US23,0,0,0
3,CS23->US31,0,0,0
3,CS23->US39,0,0,0
3,CS23->US47,52070,52070,0
3,CS23->US55,51549,51549,0
3,CS23->US63,0,0,0
3,CS23->US71,0,0,0
3,CS23->US79,0,0,0
3,CS23->US87,0,0,0
3,CS23->US95,0,0,0
3,CS23->US103,0,0,0
3,CS23->US111,0,0,0
3,CS23->US119,55284,55284,0
3,CS23->US127,0,0,0
3,CS24->US0,51581,51581,0
3,CS24->US8,0,0,0
3,CS24->US16,0,0,0
3,CS24->US24,0,0,0
3,CS24->US32,0,0,0
3,CS24->US40,51930,51930,0
3,CS24->US48,50893,50893,0
3,CS24->US56,0,0,0
3,CS24->US64,0,0,0
3,CS24->US72,0,0,0
3,CS24->US80,0,0,0
3,CS24->US88,0,0,0
3,CS24->US96,0,0,0
3,CS24->US104,0,0,0
3,CS24->US112,55407,55407,0
3,CS24->US120,0,0,0
3,CS25->US1,51262,51262,0
3,CS25->US9,0,0,0
3,CS25->US17,0,0,0
3,CS25->US25,0,0,0
3,CS25->US33,0,0,0
3,CS25->US41,52146,52146,0
3,CS25->US49,51299,51299,0
3,CS25->US57,0,0,0
3,CS25->US65,0,0,0
3,CS25->US73,0,0,0
3,CS25->US81,0,0,0
3,CS25->US89,0,0,0
3,CS25->US97,0,0,0
3,CS25->US105,0,0,0
3,CS25->US113,54771,54771,0
3,CS25->US121,0,0,0
3,CS26->US2,51530,51530,0
3,CS26->US10,0,0,0
3,CS26->US18,0,0,0
3,CS26->US26,0,0,0
3,CS26->US34,0,0,0
3,CS26->US42,52058,52058,0
3,CS26->US50,51419,51419,0
3,CS26->US58,0,0,0
3,CS26->US66,0,0,0
3,CS26->US74,0,0,0
3,CS26->US82,0,0,0
3,CS26->US90,0,0,0
3,CS26->US98,0,0,0
3,CS26->US106,0,0,0
3,CS26->US114,55269,55269,0
3,CS26->US122,0,0,0
3,CS27->US3,51202,51202,0
3,CS27->US11,0,0,0
3,CS27->US19,0,0,0
3,CS27->US27,0,0,0
3,CS27->US35,0,0,0
3,CS27->US43,52416,52416,0
3,CS27->US51,51796,51796,0
3,CS27->US59,0,0,0
3,CS27->US67,0,0,0
3,CS27->US75,0,0,0
3,CS27->US83,0,0,0
3,CS27->US91,0,0,0
3,CS27->US99,0,0,0
3,CS27->US107,0,0,0
3,CS27->US115,55340,55340,0
3,CS27->US123,0,0,0
3,CS28->US4,51237,51237,0
3,CS28->US12,0,0,0
3,CS28->US20,0,0,0
3,CS28->US28,0,0,0
3,CS28->US36,0,0,0
3,CS28->US44,52245,52245,0
3,CS28->US52,51769,51769,0
3,CS28->US60,0,0,0
3,CS28->US68,0,0,0
3,CS28->US76,0,0,0
3,CS28->US84,0,0,0
3,CS28->US92,0,0,0
3,CS28->US100,0,0,0
3,CS28->US108,0,0,0
3,CS28->US116,55235,55235,0
3,CS28->US124,0,0,0
3,CS29->US5,51678,51678,0
3,CS29->US13,0,0,0
3,CS29->US21,0,0,0
3,CS29->US29,0,0,0
3,CS29->US37,0,0,0
3,CS29->US45,52013,52013,0
3,CS29->US53,51660,51660,0
3,CS29->US61,0,0,0
3,CS29->US69,0,0,0
3,CS29->US77,0,0,0
3,CS29->US85,0,0,0
3,CS29->US93,0,0,0
3,CS29->US101,0,0,0
3,CS29->US109,0,0,0
3,CS29->US117,55230,55230,0
3,CS29->US125,0,0,0
3,CS30->US6,51222,51222,0
3,CS30->US14,0,0,0
3,CS30->US22,0,0,0
3,CS30->US30,0,0,0
3,CS30->US38,0,0,0
3,CS30->US46,51847,51847,0
3,CS30->US54,51619,51619,0
3,CS30->US62,0,0,0
3,CS30->US70,0,0,0
3,CS30->US78,0,0,0
3,CS30->US86,0,0,0
3,CS30->US94,0,0,0
3,CS30->US102,0,0,0
3,CS30->US110,0,0,0
3,CS30->US118,55591,55591,0
3,CS30->US126,0,0,0
3,CS31->US7,51346,51346,0
3,CS31->US15,0,0,0
3,CS31->US23,0,0,0
3,CS31->US31,0,0,0
3,CS31->US39,0,0,0
3,CS31->US47,52043,52043,0
3,CS31->US55,51212,51212,0
3,CS31->US63,0,0,0
3,CS31->US71,0,0,0
3,CS31->US79,0,0,0
3,CS31->US87,0,0,0
3,CS31->US95,0,0,0
3,CS31->US103,0,0,0
3,CS31->US111,0,0,0
3,CS31->US119,55254,55254,0
3,CS31->US127,0,0,0
3,CS32->US0,51202,51202,0
3,CS32->US8,0,0,0
3,CS32->US16,0,0,0
3,CS32->US24,0,0,0
3,CS32->US32,0,0,0
3,CS32->US40,52269,52269,0
3,CS32->US48,51603,51603,0
3,CS32->US56,0,0,0
3,CS32->US64,0,0,0
3,CS32->US72,0,0,0
3,CS32->US80,0,0,0
3,CS32->US88,0,0,0
3,CS32->US96,0,0,0
3,CS32->US104,0,0,0
3,CS32->US112,55427,55427,0
3,CS32->US120,0,0,0
3,CS33->US1,51230,51230,0
3,CS33->US9,0,0,0
3,CS33->US17,0,0,0
3,CS33->US25,0,0,0
3,CS33->US33,0,0,0
3,CS33->US41,52035,52035,0
3,CS33->US49,51301,51301,0
3,CS33->US57,0,0,0
3,CS33->US65,0,0,0
3,CS33->US73,0,0,0
3,CS33->US81,0,0,0
3,CS33->US89,0,0,0
3,CS33->US97,0,0,0
3,CS33->US105,0,0,0
3,CS33->US113,55426,55426,0
3,CS33->US121,0,0,0
3,CS34->US2,51834,51834,0
3,CS34->US10,0,0,0
3,CS34->US18,0,0,0
3,CS34->US26,0,0,0
3,CS34->US34,0,0,0
3,CS34->US42,51926,51926,0
3,CS34->US50,51080,51080,0
3,CS34->US58,0,0,0
3,CS34->US66,0,0,0
3,CS34->US74,0,0,0
3,CS34->US82,0,0,0
3,CS34->US90,0,0,0
3,CS34->US98,0,0,0
3,CS34->US106,0,0,0
3,CS34->US114,55724,55724,0
3,CS34->US122,0,0,0
3,CS35->US3,51634,51634,0
3,CS35->US11,0,0,0
3,CS35->US19,0,0,0
3,CS35->US27,0,0,0
3,CS35->US35,0,0,0
3,CS35->US43,52231,52231,0
3,CS35->US51,51606,51606,0
3,CS35->US59,0,0,0
3,CS35->US67,0,0,0
3,CS35->US75,0,0,0
3,CS35->US83,0,0,0
3,CS35->US91,0,0,0
3,CS35->US99,0,0,0
3,CS35->US107,0,0,0
3,CS35->US115,55131,55131,0
3,CS35->US123,0,0,0
3,CS36->US4,51337,51337,0
3,CS36->US12,0,0,0
3,CS36->US20,0,0,0
3,CS36->US28,0,0,0
3,CS36->US36,0,0,0
3,CS36->US44,52347,52347,0
3,CS36->US52,51623,51623,0
3,CS36->US60,0,0,0
3,CS36->US68,0,0,0
3,CS36->US76,0,0,0
3,CS36->US84,0,0,0
3,CS36->US92,0,0,0
3,CS36->US100,0,0,0
3,CS36->US108,0,0,0
3,CS36->US116,55803,55803,0
3,CS36->US124,0,0,0
3,CS37->US5,51396,51396,0
3,CS37->US13,0,0,0
3,CS37->US21,0,0,0
3,CS37->US29,0,0,0
3,CS37->US37,0,0,0
3,CS37->US45,51881,51881,0
3,CS37->US53,51549,51549,0
3,CS37->US61,0,0,0
3,CS37->US69,0,0,0
3,CS37->US77,0,0,0
3,CS37->US85,0,0,0
3,CS37->US93,0,0,0
3,CS37->US101,0,0,0
3,CS37->US109,0,0,0
3,CS37->US117,55450,55450,0
3,CS37->US125,0,0,0
3,CS38->US6,51116,51116,0
3,CS38->US14,0,0,0
3,CS38->US22,0,0,0
3,CS38->US30,0,0,0
3,CS38->US38,0,0,0
3,CS38->US46,51988,51988,0
3,CS38->US54,51655,51655,0
3,CS38->US62,0,0,0
3,CS38->US70,0,0,0
3,CS38->US78,0,0,0
3,CS38->US86,0,0,0
3,CS38->US94,0,0,0
3,CS38->US102,0,0,0
3,CS38->US110,0,0,0
3,CS38->US118,55431,55431,0
3,CS38->US126,0,0,0
3,CS39->US7,51525,51525,0
3,CS39->US15,0,0,0
3,CS39->US23,0,0,0
3,CS39->US31,0,0,0
3,CS39->US39,0,0,0
3,CS39->US47,52555,52555,0
3,CS39->US55,51239,51239,0
3,CS39->US63,0,0,0
3,CS39->US71,0,0,0
3,CS39->US79,0,0,0
3,CS39->US87,0,0,0
3,CS39->US95,0,0,0
3,CS39->US103,0,0,0
3,CS39->US111,0,0,0
3,CS39->US119,55589,55589,0
3,CS39->US127,0,0,0
3,CS40->US0,51470,51470,0
3,CS40->US8,0,0,0
3,CS40->US16,0,0,0
3,CS40->US24,0,0,0
3,CS40->US32,0,0,0
3,CS40->US40,52393,52393,0
3,CS40->US48,51266,51266,0
3,CS40->US56,0,0,0
3,CS40->US64,0,0,0
3,CS40->US72,0,0,0
3,CS40->US80,0,0,0
3,CS40->US88,0,0,0
3,CS40->US96,0,0,0
3,CS40->US104,0,0,0
3,CS40->US112,55443,55443,0
3,CS40->US120,0,0,0
3,CS41->US1,51372,51372,0
3,CS41->US9,0,0,0
3,CS41->US17,0,0,0
3,CS41->US25,0,0,0
3,CS41->US33,0,0,0
3,CS41->US41,51825,51825,0
3,CS41->US49,51581,51581,0
3,CS41->US57,0,0,0
3,CS41->US65,0,0,0
3,CS41->US73,0,0,0
3,CS41->US81,0,0,0
3,CS41->US89,0,0,0
3,CS41->US97,0,0,0
3,CS41->US105,0,0,0
3,CS41->US113,55271,55271,0
3,CS41->US121,0,0,0
3,CS42->US2,51312,51312,0
3,CS42->US10,0,0,0
3,CS42->US18,0,0,0
3,CS42->US26,0,0,0
3,CS42->US34,0,0,0
3,CS42->US42,52004,52004,0
3,CS42->US50,51280,51280,0
3,CS42->US58,0,0,0
3,CS42->US66,0,0,0
3,CS42->US74,0,0,0
3,CS42->US82,0,0,0
3,CS42->US90,0,0,0
3,CS42->US98,0,0,0
3,CS42->US106,0,0,0
3,CS42->US114,55301,55301,0
3,CS42->US122,0,0,0
3,CS43->US3,51644,51644,0
3,CS43->US11,0,0,0
3,CS43->US19,0,0,0
3,CS43->US27,0,0,0
3,CS43->US35,0,0,0
3,CS43->US43,52397,52397,0
3,CS43->US51,51202,51202,0
3,CS43->US59,0,0,0
3,CS43->US67,0,0,0
3,CS43->US75,0,0,0
3,CS43->US83,0,0,0
3,CS43->US91,0,0,0
3,CS43->US99,0,0,0
3,CS43->US107,0,0,0
3,CS43->US115,55628,55628,0
3,CS43->US123,0,0,0
3,CS44->US4,51527,51527,0
3,CS44->US12,0,0,0
3,CS44->US20,0,0,0
3,CS44->US28,0,0,0
3,CS44->US36,0,0,0
3,CS44->US44,52019,52019,0
3,CS44->US52,51550,51550,0
3,CS44->US60,0,0,0
3,CS44->US68,0,0,0
3,CS44->US76,0,0,0
3,CS44->US84,0,0,0
3,CS44->US92,0,0,0
3,CS44->US100,0,0,0
3,CS44->US108,0,0,0
3,CS44->US116,55443,55443,0
3,CS44->US124,0,0,0
3,CS45->US5,50999,50999,0
3,CS45->US13,0,0,0
3,CS45->US21,0,0,0
3,CS45->US29,0,0,0
3,CS45->US37,0,0,0
3,CS45->US45,52270,52270,0
3,CS45->US53,51332,51332,0
3,CS45->US61,0,0,0
3,CS45->US69,0,0,0
3,CS45->US77,0,0,0
3,CS45->US85,0,0,0
3,CS45->US93,0,0,0
3,CS45->US101,0,0,0
3,CS45->US109,0,0,0
3,CS45->US117,55077,55077,0
3,CS45->US125,0,0,0
3,CS46->US6,51450,51450,0
3,CS46->US14,0,0,0
3,CS46->US22,0,0,0
3,CS46->US30,0,0,0
3,CS46->US38,0,0,0
3,CS46->US46,51855,51855,0
3,CS46->US54,51228,51228,0
3,CS46->US62,0,0,0
3,CS46->US70,0,0,0
3,CS46->US78,0,0,0
3,CS46->US86,0,0,0
3,CS46->US94,0,0,0
3,CS46->US102,0,0,0
3,CS46->US110,0,0,0
3,CS46->US118,55619,55619,0
3,CS46->US126,0,0,0
3,CS47->US7,51613,51613,0
3,CS47->US15,0,0,0
3,CS47->US23,0,0,0
3,CS47->US31,0,0,0
3,CS47->US39,0,0,0
3,CS47->US47,52145,52145,0
3,CS47->US55,51443,51443,0
3,CS47->US63,0,0,0
3,CS47->US71,0,0,0
3,CS47->US79,0,0,0
3,CS47->US87,0,0,0
3,CS47->US95,0,0,0
3,CS47->US103,0,0,0
3,CS47->US111,0,0,0
3,CS47->US119,55058,55058,0
3,CS47->US127,0,0,0
3,CS48->US0,51349,51349,0
3,CS48->US8,0,0,0
3,CS48->US16,0,0,0
3,CS48->US24,0,0,0
3,CS48->US32,0,0,0
3,CS48->US40,52792,52792,0
3,CS48->US48,51660,51660,0
3,CS48->US56,0,0,0
3,CS48->US64,0,0,0
3,CS48->US72,0,0,0
3,CS48->US80,0,0,0
3,CS48->US88,0,0,0
3,CS48->US96,0,0,0
3,CS48->US104,0,0,0
3,CS48->US112,55245,55245,0
3,CS48->US120,0,0,0
3,CS49->US1,51145,51145,0
3,CS49->US9,0,0,0
3,CS49->US17,0,0,0
3,CS49->US25,0,0,0
3,CS49->US33,0,0,0
3,CS49->US41,51953,51953,0
3,CS49->US49,51432,51432,0
3,CS49->US57,0,0,0
3,CS49->US65,0,0,0
3,CS49->US73,0,0,0
3,CS49->US81,0,0,0
3,CS49->US89,0,0,0
3,CS49->US97,0,0,0
3,CS49->US105,0,0,0
3,CS49->US113,55854,55854,0
3,CS49->US121,0,0,0
3,CS50->US2,51307,51307,0
3,CS50->US10,0,0,0
3,CS50->US18,0,0,0
3,CS50->US26,0,0,0
3,CS50->US34,0,0,0
3,CS50->US42,51892,51892,0
3,CS50->US50,51524,51524,0
3,CS50->US58,0,0,0
3,CS50->US66,0,0,0
3,CS50->US74,0,0,0
3,CS50->US82,0,0,0
3,CS50->US90,0,0,0
3,CS50->US98,0,0,0
3,CS50->US106,0,0,0
3,CS50->US114,55491,55491,0
3,CS50->US122,0,0,0
3,CS51->US3,51343,51343,0
3,CS51->US11,0,0,0
3,CS51->US19,0,0,0
3,CS51->US27,0,0,0
3,CS51->US35,0,0,0
3,CS51->US43,52076,52076,0
3,CS51->US51,51282,51282,0
3,CS51->US59,0,0,0
3,CS51->US67,0,0,0
3,CS51->US75,0,0,0
3,CS51->US83,0,0,0
3,CS51->US91,0,0,0
3,CS51->US99,0,0,0
3,CS51->US107,0,0,0
3,CS51->US115,55582,55582,0
3,CS51->US123,0,0,0
3,CS52->US4,51255,51255,0
3,CS52->US12,0,0,0
3,CS52->US20,0,0,0
3,CS52->US28,0,0,0
3,CS52->US36,0,0,0
3,CS52->US44,51886,51886,0
3,CS52->US52,51453,51453,0
3,CS52->US60,0,0,0
3,CS52->US68,0,0,0
3,CS52->US76,0,0,0
3,CS52->US84,0,0,0
3,CS52->US92,0,0,0
3,CS52->US100,0,0,0
3,CS52->US108,0,0,0
3,CS52->US116,55258,55258,0
3,CS52->US124,0,0,0
3,CS53->US5,51442,51442,0
3,CS53->US13,0,0,0
3,CS53->US21,0,0,0
3,CS53->US29,0,0,0
3,CS53->US37,0,0,0
3,CS53->US45,52326,52326,0
3,CS53->US53,51281,51281,0
3,CS53->US61,0,0,0
3,CS53->US69,0,0,0
3,CS53->US77,0,0,0
3,CS53->US85,0,0,0
3,CS53->US93,0,0,0
3,CS53->US101,0,0,0
3,CS53->US109,0,0,0
3,CS53->US117,54981,54981,0
3,CS53->US125,0,0,0
3,CS54->US6,51518,51518,0
3,CS54->US14,0,0,0
3,CS54->US22,0,0,0
3,CS54->US30,0,0,0
3,CS54->US38,0,0,0
3,CS54->US46,52067,52067,0
3,CS54->US54,51541,51541,0
3,CS54->US62,0,0,0
3,CS54->US70,0,0,0
3,CS54->US78,0,0,0
3,CS54->US86,0,0,0
3,CS54->US94,0,0,0
3,CS54->US102,0,0,0
3,CS54->US110,0,0,0
3,CS54->US118,55294,55294,0
3,CS54->US126,0,0,0
3,CS55->US7,51100,51100,0
3,CS55->US15,0,0,0
3,CS55->US23,0,0,0
3,CS55->US31,0,0,0
3,CS55->US39,0,0,0
3,CS55->US47,52109,52109,0
3,CS55->US55,51263,51263,0
3,CS55->US63,0,0,0
3,CS55->US71,0,0,0
3,CS55->US79,0,0,0
3,CS55->US87,0,0,0
3,CS55->US95,0,0,0
3,CS55->US103,0,0,0
3,CS55->US111,0,0,0
3,CS55->US119,55398,55398,0
3,CS55->US127,0,0,0
3,CS56->US0,51199,51199,0
3,CS56->US8,0,0,0
3,CS56->US16,0,0,0
3,CS56->US24,0,0,0
3,CS56->US32,0,0,0
3,CS56->US40,52059,52059,0
3,CS56->US48,51314,51314,0
3,CS56->US56,0,0,0
3,CS56->US64,0,0,0
3,CS56->US72,0,0,0
3,CS56->US80,0,0,0
3,CS56->US88,0,0,0
3,CS56->US96,0,0,0
3,CS56->US104,0,0,0
3,CS56->US112,55424,55424,0
3,CS56->US120,0,0,0
3,CS57->US1,51547,51547,0
3,CS57->US9,0,0,0
3,CS57->US17,0,0,0
3,CS57->US25,0,0,0
3,CS57->US33,0,0,0
3,CS57->US41,52159,52159,0
3,CS57->US49,51295,51295,0
3,CS57->US57,0,0,0
3,CS57->US65,0,0,0
3,CS57->US73,0,0,0
3,CS57->US81,0,0,0
3,CS57->US89,0,0,0
3,CS57->US97,0,0,0
3,CS57->US105,0,0,0
3,CS57->US113,55904,55904,0
3,CS57->US121,0,0,0
3,CS58->US2,51342,51342,0
3,CS58->US10,0,0,0
3,CS58->US18,0,0,0
3,CS58->US26,0,0,0
3,CS58->US34,0,0,0
3,CS58->US42,52206,52206,0
3,CS58->US50,51089,51089,0
3,CS58->US58,0,0,0
3,CS58->US66,0,0,0
3,CS58->US74,0,0,0
3,CS58->US82,0,0,0
3,CS58->US90,0,0,0
3,CS58->US98,0,0,0
3,CS58->US106,0,0,0
3,CS58->US114,55411,55411,0
3,CS58->US122,0,0,0
3,CS59->US3,51393,51393,0
3,CS59->US11,0,0,0
3,CS59->US19,0,0,0
3,CS59->US27,0,0,0
3,CS59->US35,0,0,0
3,CS59->US43,51895,51895,0
3,CS59->US51,51179,51179,0
3,CS59->US59,0,0,0
3,CS59->US67,0,0,0
3,CS59->US75,0,0,0
3,CS59->US83,0,0,0
3,CS59->US91,0,0,0
3,CS59->US99,0,0,0
3,CS59->US107,0,0,0
3,CS59->US115,55366,55366,0
3,CS59->US123,0,0,0
3,CS60->US4,51334,51334,0
3,CS60->US12,0,0,0
3,CS60->US20,0,0,0
3,CS60->US28,0,0,0
3,CS60->US36,0,0,0
3,CS60->US44,52091,52091,0
3,CS60->US52,51327,51327,0
3,CS60->US60,0,0,0
3,CS60->US68,0,0,0
3,CS60->US76,0,0,0
3,CS60->US84,0,0,0
3,CS60->US92,0,0,0
3,CS60->US100,0,0,0
3,CS60->US108,0,0,0
3,CS60->US116,55461,55461,0
3,CS60->US124,0,0,0
3,CS61->US5,51215,51215,0
3,CS61->US13,0,0,0
3,CS61->US21,0,0,0
3,CS61->US29,0,0,0
3,CS61->US37,0,0,0
3,CS61->US45,51519,51519,0
3,CS61->US53,51528,51528,0
3,CS61->US61,0,0,0
3,CS61->US69,0,0,0
3,CS61->US77,0,0,0
3,CS61->US85,0,0,0
3,CS61->US93,0,0,0
3,CS61->US101,0,0,0
3,CS61->US109,0,0,0
3,CS61->US117,55392,55392,0
3,CS61->US125,0,0,0
3,CS62->US6,51226,51226,0
3,CS62->US14,0,0,0
3,CS62->US22,0,0,0
3,CS62->US30,0,0,0
3,CS62->US38,0,0,0
3,CS62->US46,52358,52358,0
3,CS62->US54,51452,51452,0
3,CS62->US62,0,0,0
3,CS62->US70,0,0,0
3,CS62->US78,0,0,0
3,CS62->US86,0,0,0
3,CS62->US94,0,0,0
3,CS62->US102,0,0,0
3,CS62->US110,0,0,0
3,CS62->US118,55647,55647,0
3,CS62->US126,0,0,0
3,CS63->US7,51686,51686,0
3,CS63->US15,0,0,0
3,CS63->US23,0,0,0
3,CS63->US31,0,0,0
3,CS63->US39,0,0,0
3,CS63->US47,52292,52292,0
3,CS63->US55,51107,51107,0
3,CS63->US63,0,0,0
3,CS63->US71,0,0,0
3,CS63->US79,0,0,0
3,CS63->US87,0,0,0
3,CS63->US95,0,0,0
3,CS63->US103,0,0,0
3,CS63->US111,0,0,0
3,CS63->US119,55909,55909,0
3,CS63->US127,0,0,0
4,US0->CS0,51441,51441,0
4,US0->CS8,51648,51648,0
4,US0->CS16,51497,51497,0
4,US0->CS24,51105,51105,0
4,US0->CS32,51847,51847,0
4,US0->CS40,51525,51525,0
4,US0->CS48,51899,51899,0
4,US0->CS56,51567,51567,0
4,US1->CS1,51776,51776,0
4,US1->CS9,51874,51874,0
4,US1->CS17,51011,51011,0
4,US1->CS25,51517,51517,0
4,US1->CS33,51515,51515,0
4,US1->CS41,51795,51795,0
4,US1->CS49,51682,51682,0
4,US1->CS57,51515,51515,0
4,US2->CS2,51525,51525,0
4,US2->CS10,51944,51944,0
4,US2->CS18,51536,51536,0
4,US2->CS26,51643,51643,0
4,US2->CS34,51306,51306,0
4,US2->CS42,51519,51519,0
4,US2->CS50,51740,51740,0
4,US2->CS58,51269,51269,0
4,US3->CS3,51622,51622,0
4,US3->CS11,51318,51318,0
4,US3->CS19,51605,51605,0
4,US3->CS27,52034,52034,0
4,US3->CS35,51837,51837,0
4,US3->CS43,51394,51394,0
4,US3->CS51,51518,51518,0
4,US3->CS59,51390,51390,0
4,US4->CS4,51881,51881,0
4,US4->CS12,51501,51501,0
4,US4->CS20,51777,51777,0
4,US4->CS28,51988,51988,0
4,US4->CS36,51883,51883,0
4,US4->CS44,51779,51779,0
4,US4->CS52,51648,51648,0
4,US4->CS60,51555,51555,0
4,US5->CS5,51654,51654,0
4,US5->CS13,52032,52032,0
4,US5->CS21,51509,51509,0
4,US5->CS29,51900,51900,0
4,US5->CS37,51748,51748,0
4,US5->CS45,51550,51550,0
4,US5->CS53,51517,51517,0
4,US5->CS61,51785,51785,0
4,US6->CS6,51764,51764,0
4,US6->CS14,51444,51444,0
4,US6->CS22,51467,51467,0
4,US6->CS30,51858,51858,0
4,US6->CS38,51908,51908,0
4,US6->CS46,51427,51427,0
4,US6->CS54,51749,51749,0
4,US6->CS62,51683,51683,0
4,US7->CS7,51925,51925,0
4,US7->CS15,51760,51760,0
4,US7->CS23,51782,51782,0
4,US7->CS31,51430,51430,0
4,US7->CS39,51484,51484,0
4,US7->CS47,51648,51648,0
4,US7->CS55,51477,51477,0
4,US7->CS63,51315,51315,0
4,US8->CS0,0,0,0
4,US8->CS8,0,0,0
4,US8->CS16,0,0,0
4,US8->CS24,0,0,0
4,US8->CS32,0,0,0
4,US8->CS40,0,0,0
4,US8->CS48,0,0,0
4,US8->CS56,0,0,0
4,US9->CS1,0,0,0
4,US9->CS9,0,0,0
4,US9->CS17,0,0,0
4,US9->CS25,0,0,0
4,US9->CS33,0,0,0
4,US9->CS41,0,0,0
4,US9->CS49,0,0,0
4,US9->CS57,0,0,0
4,US10->CS2,0,0,0
4,US10->CS10,0,0,0
4,US10->CS18,0,0,0
4,US10->CS26,0,0,0
4,US10->CS34,0,0,0
4,US10->CS42,0,0,0
4,US10->CS50,0,0,0
4,US10->CS58,0,0,0
4,US11->CS3,0,0,0
4,US11->CS11,0,0,0
4,US11->CS19,0,0,0
4,US11->CS27,0,0,0
4,US11->CS35,0,0,0
4,US11->CS43,0,0,0
4,US11->CS51,0,0,0
4,US11->CS59,0,0,0
4,US12->CS4,0,0,0
4,US12->CS12,0,0,0
4,US12->CS20,0,0,0
4,US12->CS28,0,0,0
4,US12->CS36,0,0,0
4,US12->CS44,0,0,0
4,US12->CS52,0,0,0
4,US12->CS60,0,0,0
4,US13->CS5,0,0,0
4,US13->CS13,0,0,0
4,US13->CS21,0,0,0
4,US13->CS29,0,0,0
4,US13->CS37,0,0,0
4,US13->CS45,0,0,0
4,US13->CS53,0,0,0
4,US13->CS61,0,0,0
4,US14->CS6,0,0,0
4,US14->CS14,0,0,0
4,US14->CS22,0,0,0
4,US14->CS30,0,0,0
4,US14->CS38,0,0,0
4,US14->CS46,0,0,0
4,US14->CS54,0,0,0
4,US14->CS62,0,0,0
4,US15->CS7,0,0,0
4,US15->CS15,0,0,0
4,US15->CS23,0,0,0
4,US15->CS31,0,0,0
4,US15->CS39,0,0,0
4,US15->CS47,0,0,0
4,US15->CS55,0,0,0
4,US15->CS63,0,0,0
4,US16->CS0,0,0,0
4,US16->CS8,0,0,0
4,US16->CS16,0,0,0
4,US16->CS24,0,0,0
4,US16->CS32,0,0,0
4,US16->CS40,0,0,0
4,US16->CS48,0,0,0
4,US16->CS56,0,0,0
4,US17->CS1,0,0,0
4,US17->CS9,0,0,0
4,US17->CS17,0,0,0
4,US17->CS25,0,0,0
4,US17->CS33,0,0,0
4,US17->CS41,0,0,0
4,US17->CS49,0,0,0
4,US17->CS57,0,0,0
4,US18->CS2,0,0,0
4,US18->CS10,0,0,0
4,US18->CS18,0,0,0
4,US18->CS26,0,0,0
4,US18->CS34,0,0,0
4,US18->CS42,0,0,0
4,US18->CS50,0,0,0
4,US18->CS58,0,0,0
4,US19->CS3,0,0,0
4,US19->CS11,0,0,0
4,US19->CS19,0,0,0
4,US19->CS27,0,0,0
4,US19->CS35,0,0,0
4,US19->CS43,0,0,0
4,US19->CS51,0,0,0
4,US19->CS59,0,0,0
4,US20->CS4,0,0,0
4,US20->CS12,0,0,0
4,US20->CS20,0,0,0
4,US20->CS28,0,0,0
4,US20->CS36,0,0,0
4,US20->CS44,0,0,0
4,US20->CS52,0,0,0
4,US20->CS60,0,0,0
4,US21->CS5,0,0,0
4,US21->CS13,0,0,0
4,US21->CS21,0,0,0
4,US21->CS29,0,0,0
4,US21->CS37,0,0,0
4,US21->CS45,0,0,0
4,US21->CS53,0,0,0
4,US21->CS61,0,0,0
4,US22->CS6,0,0,0
4,US22->CS14,0,0,0
4,US22->CS22,0,0,0
4,US22->CS30,0,0,0
4,US22->CS38,0,0,0
4,US22->CS46,0,0,0
4,US22->CS54,0,0,0
4,US22->CS62,0,0,0
4,US23->CS7,0,0,0
4,US23->CS15,0,0,0
4,US23->CS23,0,0,0
4,US23->CS31,0,0,0
4,US23->CS39,0,0,0
4,US23->CS47,0,0,0
4,US23->CS55,0,0,0
4,US23->CS63,0,0,0
4,US24->CS0,0,0,0
4,US24->CS8,0,0,0
4,US24->CS16,0,0,0
4,US24->CS24,0,0,0
4,US24->CS32,0,0,0
4,US24->CS40,0,0,0
4,US24->CS48,0,0,0
4,US24->CS56,0,0,0
4,US25->CS1,0,0,0
4,US25->CS9,0,0,0
4,US25->CS17,0,0,0
4,US25->CS25,0,0,0
4,US25->CS33,0,0,0
4,US25->CS41,0,0,0
4,US25->CS49,0,0,0
4,US25->CS57,0,0,0
4,US26->CS2,0,0,0
4,US26->CS10,0,0,0
4,US26->CS18,0,0,0
4,US26->CS26,0,0,0
4,US26->CS34,0,0,0
4,US26->CS42,0,0,0
4,US26->CS50,0,0,0
4,US26->CS58,0,0,0
4,US27->CS3,0,0,0
4,US27->CS11,0,0,0
4,US27->CS19,0,0,0
4,US27->CS27,0,0,0
4,US27->CS35,0,0,0
4,US27->CS43,0,0,0
4,US27->CS51,0,0,0
4,US27->CS59,0,0,0
4,US28->CS4,0,0,0
4,US28->CS12,0,0,0
4,US28->CS20,0,0,0
4,US28->CS28,0,0,0
4,US28->CS36,0,0,0
4,US28->CS44,0,0,0
4,US28->CS52,0,0,0
4,US28->CS60,0,0,0
4,US29->CS5,0,0,0
4,US29->CS13,0,0,0
4,US29->CS21,0,0,0
4,US29->CS29,0,0,0
4,US29->CS37,0,0,0
4,US29->CS45,0,0,0
4,US29->CS53,0,0,0
4,US29->CS61,0,0,0
4,US30->CS6,0,0,0
4,US30->CS14,0,0,0
4,US30->CS22,0,0,0
4,US30->CS30,0,0,0
4,US30->CS38,0,0,0
4,US30->CS46,0,0,0
4,US30->CS54,0,0,0
4,US30->CS62,0,0,0
4,US31->CS7,0,0,0
4,US31->CS15,0,0,0
4,US31->CS23,0,0,0
4,US31->CS31,0,0,0
4,US31->CS39,0,0,0
4,US31->CS47,0,0,0
4,US31->CS55,0,0,0
4,US31->CS63,0,0,0
4,US32->CS0,0,0,0
4,US32->CS8,0,0,0
4,US32->CS16,0,0,0
4,US32->CS24,0,0,0
4,US32->CS32,0,0,0
4,US32->CS40,0,0,0
4,US32->CS48,0,0,0
4,US32->CS56,0,0,0
4,US33->CS1,0,0,0
4,US33->CS9,0,0,0
4,US33->CS17,0,0,0
4,US33->CS25,0,0,0
4,US33->CS33,0,0,0
4,US33->CS41,0,0,0
4,US33->CS49,0,0,0
4,US33->CS57,0,0,0
4,US34->CS2,0,0,0
4,US34->CS10,0,0,0
4,US34->CS18,0,0,0
4,US34->CS26,0,0,0
4,US34->CS34,0,0,0
4,US34->CS42,0,0,0
4,US34->CS50,0,0,0
4,US34->CS58,0,0,0
4,US35->CS3,0,0,0
4,US35->CS11,0,0,0
4,US35->CS19,0,0,0
4,US35->CS27,0,0,0
4,US35->CS35,0,0,0
4,US35->CS43,0,0,0
4,US35->CS51,0,0,0
4,US35->CS59,0,0,0
4,US36->CS4,0,0,0
4,US36->CS12,0,0,0
4,US36->CS20,0,0,0
4,US36->CS28,0,0,0
4,US36->CS36,0,0,0
4,US36->CS44,0,0,0
4,US36->CS52,0,0,0
4,US36->CS60,0,0,0
4,US37->CS5,0,0,0
4,US37->CS13,0,0,0
4,US37->CS21,0,0,0
4,US37->CS29,0,0,0
4,US37->CS37,0,0,0
4,US37->CS45,0,0,0
4,US37->CS53,0,0,0
4,US37->CS61,0,0,0
4,US38->CS6,0,0,0
4,US38->CS14,0,0,0
4,US38->CS22,0,0,0
4,US38->CS30,0,0,0
4,US38->CS38,0,0,0
4,US38->CS46,0,0,0
4,US38->CS54,0,0,0
4,US38->CS62,0,0,0
4,US39->CS7,0,0,0
4,US39->CS15,0,0,0
4,US39->CS23,0,0,0
4,US39->CS31,0,0,0
4,US39->CS39,0,0,0
4,US39->CS47,0,0,0
4,US39->CS55,0,0,0
4,US39->CS63,0,0,0
4,US40->CS0,55562,55562,0
4,US40->CS8,55497,55497,0
4,US40->CS16,55659,55659,0
4,US40->CS24,55630,55630,0
4,US40->CS32,55630,55630,0
4,US40->CS40,55592,55592,0
4,US40->CS48,55436,55436,0
4,US40->CS56,55595,55595,0
4,US41->CS1,55668,55668,0
4,US41->CS9,55666,55666,0
4,US41->CS17,55542,55542,0
4,US41->CS25,54980,54980,0
4,US41->CS33,55630,55630,0
4,US41->CS41,55501,55501,0
4,US41->CS49,56035,56035,0
4,US41->CS57,56141,56141,0
4,US42->CS2,55788,55788,0
4,US42->CS10,55892,55892,0
4,US42->CS18,55494,55494,0
4,US42->CS26,55524,55524,0
4,US42->CS34,55900,55900,0
4,US42->CS42,55468,55468,0
4,US42->CS50,55757,55757,0
4,US42->CS58,55649,55649,0
4,US43->CS3,55301,55301,0
4,US43->CS11,55629,55629,0
4,US43->CS19,55750,55750,0
4,US43->CS27,55506,55506,0
4,US43->CS35,55326,55326,0
4,US43->CS43,55865,55865,0
4,US43->CS51,55786,55786,0
4,US43->CS59,55580,55580,0
4,US44->CS4,55682,55682,0
4,US44->CS12,55993,55993,0
4,US44->CS20,56495,56495,0
4,US44->CS28,55469,55469,0
4,US44->CS36,55970,55970,0
4,US44->CS44,55621,55621,0
4,US44->CS52,55520,55520,0
4,US44->CS60,55654,55654,0
4,US45->CS5,55579,55579,0
4,US45->CS13,55164,55164,0
4,US45->CS21,55670,55670,0
4,US45->CS29,55421,55421,0
4,US45->CS37,55697,55697,0
4,US45->CS45,55307,55307,0
4,US45->CS53,55181,55181,0
4,US45->CS61,55552,55552,0
4,US46->CS6,55484,55484,0
4,US46->CS14,55563,55563,0
4,US46->CS22,56024,56024,0
4,US46->CS30,55764,55764,0
4,US46->CS38,55641,55641,0
4,US46->CS46,55839,55839,0
4,US46->CS54,55523,55523,0
4,US46->CS62,55887,55887,0
4,US47->CS7,55881,55881,0
4,US47->CS15,55773,55773,0
4,US47->CS23,55502,55502,0
4,US47->CS31,55445,55445,0
4,US47->CS39,55794,55794,0
4,US47->CS47,55275,55275,0
4,US47->CS55,55633,55633,0
4,US47->CS63,56145,56145,0
4,US48->CS0,51738,51738,0
4,US48->CS8,51671,51671,0
4,US48->CS16,51301,51301,0
4,US48->CS24,51805,51805,0
4,US48->CS32,51458,51458,0
4,US48->CS40,51705,51705,0
4,US48->CS48,51606,51606,0
4,US48->CS56,51405,51405,0
4,US49->CS1,51483,51483,0
4,US49->CS9,51257,51257,0
4,US49->CS17,51737,51737,0
4,US49->CS25,51457,51457,0
4,US49->CS33,51448,51448,0
4,US49->CS41,51591,51591,0
4,US49->CS49,51367,51367,0
4,US49->CS57,51831,51831,0
4,US50->CS2,51593,51593,0
4,US50->CS10,51387,51387,0
4,US50->CS18,51524,51524,0
4,US50->CS26,51775,51775,0
4,US50->CS34,52035,52035,0
4,US50->CS42,51526,51526,0
4,US50->CS50,51562,51562,0
4,US50->CS58,51546,51546,0
4,US51->CS3,51963,51963,0
4,US51->CS11,52039,52039,0
4,US51->CS19,51258,51258,0
4,US51->CS27,51411,51411,0
4,US51->CS35,51850,51850,0
4,US51->CS43,51868,51868,0
4,US51->CS51,51555,51555,0
4,US51->CS59,51653,51653,0
4,US52->CS4,51428,51428,0
4,US52->CS12,51820,51820,0
4,US52->CS20,51545,51545,0
4,US52->CS28,51483,51483,0
4,US52->CS36,51556,51556,0
4,US52->CS44,51775,51775,0
4,US52->CS52,51475,51475,0
4,US52->CS60,51557,51557,0
4,US53->CS5,51832,51832,0
4,US53->CS13,51801,51801,0
4,US53->CS21,51826,51826,0
4,US53->CS29,51880,51880,0
4,US53->CS37,51609,51609,0
4,US53->CS45,51217,51217,0
4,US53->CS53,51671,51671,0
4,US53->CS61,51389,51389,0
4,US54->CS6,51305,51305,0
4,US54->CS14,51647,51647,0
4,US54->CS22,51768,51768,0
4,US54->CS30,51455,51455,0
4,US54->CS38,51302,51302,0
4,US54->CS46,51641,51641,0
4,US54->CS54,51776,51776,0
4,US54->CS62,51449,51449,0
4,US55->CS7,51813,51813,0
4,US55->CS15,52398,52398,0
4,US55->CS23,51896,51896,0
4,US55->CS31,51553,51553,0
4,US55->CS39,51729,51729,0
4,US55->CS47,51849,51849,0
4,US55->CS55,51344,51344,0
4,US55->CS63,51908,51908,0
4,US56->CS0,0,0,0
4,US56->CS8,0,0,0
4,US56->CS16,0,0,0
4,US56->CS24,0,0,0
4,US56->CS32,0,0,0
4,US56->CS40,0,0,0
4,US56->CS48,0,0,0
4,US56->CS56,0,0,0
4,US57->CS1,0,0,0
4,US57->CS9,0,0,0
4,US57->CS17,0,0,0
4,US57->CS25,0,0,0
4,US57->CS33,0,0,0
4,US57->CS41,0,0,0
4,US57->CS49,0,0,0
4,US57->CS57,0,0,0
4,US58->CS2,0,0,0
4,US58->CS10,0,0,0
4,US58->CS18,0,0,0
4,US58->CS26,0,0,0
4,US58->CS34,0,0,0
4,US58->CS42,0,0,0
4,US58->CS50,0,0,0
4,US58->CS58,0,0,0
4,US59->CS3,0,0,0
4,US59->CS11,0,0,0
4,US59->CS19,0,0,0
4,US59->CS27,0,0,0
4,US59->CS35,0,0,0
4,US59->CS43,0,0,0
4,US59->CS51,0,0,0
4,US59->CS59,0,0,0
4,US60->CS4,0,0,0
4,US60->CS12,0,0,0
4,US60->CS20,0,0,0
4,US60->CS28,0,0,0
4,US60->CS36,0,0,0
4,US60->CS44,0,0,0
4,US60->CS52,0,0,0
4,US60->CS60,0,0,0
4,US61->CS5,0,0,0
4,US61->CS13,0,0,0
4,US61->CS21,0,0,0
4,US61->CS29,0,0,0
4,US61->CS37,0,0,0
4,US61->CS45,0,0,0
4,US61->CS53,0,0,0
4,US61->CS61,0,0,0
4,US62->CS6,0,0,0
4,US62->CS14,0,0,0
4,US62->CS22,0,0,0
4,US62->CS30,0,0,0
4,US62->CS38,0,0,0
4,US62->CS46,0,0,0
4,US62->CS54,0,0,0
4,US62->CS62,0,0,0
4,US63->CS7,0,0,0
4,US63->CS15,0,0,0
4,US63->CS23,0,0,0
4,US63->CS31,0,0,0
4,US63->CS39,0,0,0
4,US63->CS47,0,0,0
4,US63->CS55,0,0,0
4,US63->CS63,0,0,0
4,US64->CS0,0,0,0
4,US64->CS8,0,0,0
4,US64->CS16,0,0,0
4,US64->CS24,0,0,0
4,US64->CS32,0,0,0
4,US64->CS40,0,0,0
4,US64->CS48,0,0,0
4,US64->CS56,0,0,0
4,US65->CS1,0,0,0
4,US65->CS9,0,0,0
4,US65->CS17,0,0,0
4,US65->CS25,0,0,0
4,US65->CS33,0,0,0
4,US65->CS41,0,0,0
4,US65->CS49,0,0,0
4,US65->CS57,0,0,0
4,US66->CS2,0,0,0
4,US66->CS10,0,0,0
4,US66->CS18,0,0,0
4,US66->CS26,0,0,0
4,US66->CS34,0,0,0
4,US66->CS42,0,0,0
4,US66->CS50,0,0,0
4,US66->CS58,0,0,0
4,US67->CS3,0,0,0
4,US67->CS11,0,0,0
4,US67->CS19,0,0,0
4,US67->CS27,0,0,0
4,US67->CS35,0,0,0
4,US67->CS43,0,0,0
4,US67->CS51,0,0,0
4,US67->CS59,0,0,0
4,US68->CS4,0,0,0
4,US68->CS12,0,0,0
4,US68->CS20,0,0,0
4,US68->CS28,0,0,0
4,US68->CS36,0,0,0
4,US68->CS44,0,0,0
4,US68->CS52,0,0,0
4,US68->CS60,0,0,0
4,US69->CS5,0,0,0
4,US69->CS13,0,0,0
4,US69->CS21,0,0,0
4,US69->CS29,0,0,0
4,US69->CS37,0,0,0
4,US69->CS45,0,0,0
4,US69->CS53,0,0,0
4,US69->CS61,0,0,0
4,US70->CS6,0,0,0
4,US70->CS14,0,0,0
4,US70->CS22,0,0,0
4,US70->CS30,0,0,0
4,US70->CS38,0,0,0
4,US70->CS46,0,0,0
4,US70->CS54,0,0,0
4,US70->CS62,0,0,0
4,US71->CS7,0,0,0
4,US71->CS15,0,0,0
4,US71->CS23,0,0,0
4,US71->CS31,0,0,0
4,US71->CS39,0,0,0
4,US71->CS47,0,0,0
4,US71->CS55,0,0,0
4,US71->CS63,0,0,0
4,US72->CS0,42461,42460,0
4,US72->CS8,42756,42755,0
4,US72->CS16,42192,42192,0
4,US72->CS24,42636,42636,0
4,US72->CS32,42089,42089,0
4,US72->CS40,42628,42627,0
4,US72->CS48,42524,42524,0
4,US72->CS56,42662,42661,0
4,US73->CS1,42246,42245,0
4,US73->CS9,42632,42632,0
4,US73->CS17,42598,42597,0
4,US73->CS25,42607,42607,0
4,US73->CS33,42323,42322,0
4,US73->CS41,42492,42492,0
4,US73->CS49,42315,42315,0
4,US73->CS57,42466,42466,0
4,US74->CS2,42585,42585,0
4,US74->CS10,42368,42367,0
4,US74->CS18,42637,42637,0
4,US74->CS26,42530,42529,0
4,US74->CS34,42675,42675,0
4,US74->CS42,42639,42639,0
4,US74->CS50,42331,42330,0
4,US74->CS58,42627,42627,0
4,US75->CS3,42357,42357,0
4,US75->CS11,42360,42360,0
4,US75->CS19,42459,42458,0
4,US75->CS27,42627,42627,0
4,US75->CS35,42469,42469,0
4,US75->CS43,42461,42461,0
4,US75->CS51,42344,42344,0
4,US75->CS59,42699,42698,0
4,US76->CS4,42365,42365,0
4,US76->CS12,42728,42728,0
4,US76->CS20,42368,42368,0
4,US76->CS28,42171,42170,0
4,US76->CS36,42378,42378,0
4,US76->CS44,42194,42193,0
4,US76->CS52,42612,42612,0
4,US76->CS60,42398,42398,0
4,US77->CS5,42223,42223,0
4,US77->CS13,42561,42561,0
4,US77->CS21,42500,42497,0
4,US77->CS29,42689,42688,0
4,US77->CS37,42425,42424,0
4,US77->CS45,42630,42630,0
4,US77->CS53,42242,42241,0
4,US77->CS61,42934,42934,0
4,US78->CS6,42371,42369,0
4,US78->CS14,42436,42436,0
4,US78->CS22,42190,42190,0
4,US78->CS30,42835,42834,0
4,US78->CS38,42621,42621,0
4,US78->CS46,42222,42222,0
4,US78->CS54,42445,42445,0
4,US78->CS62,42498,42497,0
4,US79->CS7,42515,42514,0
4,US79->CS15,42428,42428,0
4,US79->CS23,42412,42412,0
4,US79->CS31,42577,42577,0
4,US79->CS39,42441,42439,0
4,US79->CS47,42476,42475,0
4,US79->CS55,42394,42394,0
4,US79->CS63,42444,42443,0
4,US80->CS0,0,0,0
4,US80->CS8,0,0,0
4,US80->CS16,0,0,0
4,US80->CS24,0,0,0
4,US80->CS32,0,0,0
4,US80->CS40,0,0,0
4,US80->CS48,0,0,0
4,US80->CS56,0,0,0
4,US81->CS1,0,0,0
4,US81->CS9,0,0,0
4,US81->CS17,0,0,0
4,US81->CS25,0,0,0
4,US81->CS33,0,0,0
4,US81->CS41,0,0,0
4,US81->CS49,0,0,0
4,US81->CS57,0,0,0
4,US82->CS2,0,0,0
4,US82->CS10,0,0,0
4,US82->CS18,0,0,0
4,US82->CS26,0,0,0
4,US82->CS34,0,0,0
4,US82->CS42,0,0,0
4,US82->CS50,0,0,0
4,US82->CS58,0,0,0
4,US83->CS3,0,0,0
4,US83->CS11,0,0,0
4,US83->CS19,0,0,0
4,US83->CS27,0,0,0
4,US83->CS35,0,0,0
4,US83->CS43,0,0,0
4,US83->CS51,0,0,0
4,US83->CS59,0,0,0
4,US84->CS4,0,0,0
4,US84->CS12,0,0,0
4,US84->CS20,0,0,0
4,US84->CS28,0,0,0
4,US84->CS36,0,0,0
4,US84->CS44,0,0,0
4,US84->CS52,0,0,0
4,US84->CS60,0,0,0
4,US85->CS5,0,0,0
4,US85->CS13,0,0,0
4,US85->CS21,0,0,0
4,US85->CS29,0,0,0
4,US85->CS37,0,0,0
4,US85->CS45,0,0,0
4,US85->CS53,0,0,0
4,US85->CS61,0,0,0
4,US86->CS6,0,0,0
4,US86->CS14,0,0,0
4,US86->CS22,0,0,0
4,US86->CS30,0,0,0
4,US86->CS38,0,0,0
4,US86->CS46,0,0,0
4,US86->CS54,0,0,0
4,US86->CS62,0,0,0
4,US87->CS7,0,0,0
4,US87->CS15,0,0,0
4,US87->CS23,0,0,0
4,US87->CS31,0,0,0
4,US87->CS39,0,0,0
4,US87->CS47,0,0,0
4,US87->CS55,0,0,0
4,US87->CS63,0,0,0
4,US88->CS0,42291,42290,0
4,US88->CS8,42546,42546,0
4,US88->CS16,42538,42538,0
4,US88->CS24,42131,42128,0
4,US88->CS32,41991,41991,0
4,US88->CS40,42085,42084,0
4,US88->CS48,42194,42194,0
4,US88->CS56,42199,42199,0
4,US89->CS1,42238,42238,0
4,US89->CS9,41687,41686,0
4,US89->CS17,42489,42489,0
4,US89->CS25,42267,42266,0
4,US89->CS33,42250,42250,0
4,US89->CS41,41919,41919,0
4,US89->CS49,42036,42035,0
4,US89->CS57,42297,42297,0
4,US90->CS2,42448,42448,0
4,US90->CS10,42238,42237,0
4,US90->CS18,42323,42322,0
4,US90->CS26,42660,42660,0
4,US90->CS34,42549,42548,0
4,US90->CS42,42260,42260,0
4,US90->CS50,42387,42386,0
4,US90->CS58,42184,42184,0
4,US91->CS3,42128,42128,0
4,US91->CS11,42292,42290,0
4,US91->CS19,42447,42447,0
4,US91->CS27,42323,42321,0
4,US91->CS35,42099,42098,0
4,US91->CS43,42251,42250,0
4,US91->CS51,42017,42017,0
4,US91->CS59,42106,42106,0
4,US92->CS4,42402,42402,0
4,US92->CS12,42190,42190,0
4,US92->CS20,42672,42671,0
4,US92->CS28,42334,42333,0
4,US92->CS36,42133,42133,0
4,US92->CS44,42103,42102,0
4,US92->CS52,42349,42349,0
4,US92->CS60,42554,42554,0
4,US93->CS5,42036,42036,0
4,US93->CS13,42445,42445,0
4,US93->CS21,42123,42123,0
4,US93->CS29,42473,42472,0
4,US93->CS37,41961,41961,0
4,US93->CS45,42263,42263,0
4,US93->CS53,42129,42128,0
4,US93->CS61,42239,42237,0
4,US94->CS6,42214,42214,0
4,US94->CS14,42188,42188,0
4,US94->CS22,42358,42357,0
4,US94->CS30,42221,42221,0
4,US94->CS38,42251,42251,0
4,US94->CS46,42393,42393,0
4,US94->CS54,41919,41919,0
4,US94->CS62,42071,42070,0
4,US95->CS7,42116,42115,0
4,US95->CS15,41843,41843,0
4,US95->CS23,42401,42401,0
4,US95->CS31,42221,42221,0
4,US95->CS39,42149,42149,0
4,US95->CS47,42149,42147,0
4,US95->CS55,41890,41889,0
4,US95->CS63,42129,42128,0
4,US96->CS0,0,0,0
4,US96->CS8,0,0,0
4,US96->CS16,0,0,0
4,US96->CS24,0,0,0
4,US96->CS32,0,0,0
4,US96->CS40,0,0,0
4,US96->CS48,0,0,0
4,US96->CS56,0,0,0
4,US97->CS1,0,0,0
4,US97->CS9,0,0,0
4,US97->CS17,0,0,0
4,US97->CS25,0,0,0
4,US97->CS33,0,0,0
4,US97->CS41,0,0,0
4,US97->CS49,0,0,0
4,US97->CS57,0,0,0
4,US98->CS2,0,0,0
4,US98->CS10,0,0,0
4,US98->CS18,0,0,0
4,US98->CS26,0,0,0
4,US98->CS34,0,0,0
4,US98->CS42,0,0,0
4,US98->CS50,0,0,0
4,US98->CS58,0,0,0
4,US99->CS3,0,0,0
4,US99->CS11,0,0,0
4,US99->CS19,0,0,0
4,US99->CS27,0,0,0
4,US99->CS35,0,0,0
4,US99->CS43,0,0,0
4,US99->CS51,0,0,0
4,US99->CS59,0,0,0
4,US100->CS4,0,0,0
4,US100->CS12,0,0,0
4,US100->CS20,0,0,0
4,US100->CS28,0,0,0
4,US100->CS36,0,0,0
4,US100->CS44,0,0,0
4,US100->CS52,0,0,0
4,US100->CS60,0,0,0
4,US101->CS5,0,0,0
4,US101->CS13,0,0,0
4,US101->CS21,0,0,0
4,US101->CS29,0,0,0
4,US101->CS37,0,0,0
4,US101->CS45,0,0,0
4,US101->CS53,0,0,0
4,US101->CS61,0,0,0
4,US102->CS6,0,0,0
4,US102->CS14,0,0,0
4,US102->CS22,0,0,0
4,US102->CS30,0,0,0
4,US102->CS38,0,0,0
4,US102->CS46,0,0,0
4,US102->CS54,0,0,0
4,US102->CS62,0,0,0
4,US103->CS7,0,0,0
4,US103->CS15,0,0,0
4,US103->CS23,0,0,0
4,US103->CS31,0,0,0
4,US103->CS39,0,0,0
4,US103->CS47,0,0,0
4,US103->CS55,0,0,0
4,US103->CS63,0,0,0
4,US104->CS0,0,0,0
4,US104->CS8,0,0,0
4,US104->CS16,0,0,0
4,US104->CS24,0,0,0
4,US104->CS32,0,0,0
4,US104->CS40,0,0,0
4,US104->CS48,0,0,0
4,US104->CS56,0,0,0
4,US105->CS1,0,0,0
4,US105->CS9,0,0,0
4,US105->CS17,0,0,0
4,US105->CS25,0,0,0
4,US105->CS33,0,0,0
4,US105->CS41,0,0,0
4,US105->CS49,0,0,0
4,US105->CS57,0,0,0
4,US106->CS2,0,0,0
4,US106->CS10,0,0,0
4,US106->CS18,0,0,0
4,US106->CS26,0,0,0
4,US106->CS34,0,0,0
4,US106->CS42,0,0,0
4,US106->CS50,0,0,0
4,US106->CS58,0,0,0
4,US107->CS3,0,0,0
4,US107->CS11,0,0,0
4,US107->CS19,0,0,0
4,US107->CS27,0,0,0
4,US107->CS35,0,0,0
4,US107->CS43,0,0,0
4,US107->CS51,0,0,0
4,US107->CS59,0,0,0
4,US108->CS4,0,0,0
4,US108->CS12,0,0,0
4,US108->CS20,0,0,0
4,US108->CS28,0,0,0
4,US108->CS36,0,0,0
4,US108->CS44,0,0,0
4,US108->CS52,0,0,0
4,US108->CS60,0,0,0
4,US109->CS5,0,0,0
4,US109->CS13,0,0,0
4,US109->CS21,0,0,0
4,US109->CS29,0,0,0
4,US109->CS37,0,0,0
4,US109->CS45,0,0,0
4,US109->CS53,0,0,0
4,US109->CS61,0,0,0
4,US110->CS6,0,0,0
4,US110->CS14,0,0,0
4,US110->CS22,0,0,0
4,US110->CS30,0,0,0
4,US110->CS38,0,0,0
4,US110->CS46,0,0,0
4,US110->CS54,0,0,0
4,US110->CS62,0,0,0
4,US111->CS7,0,0,0
4,US111->CS15,0,0,0
4,US111->CS23,0,0,0
4,US111->CS31,0,0,0
4,US111->CS39,0,0,0
4,US111->CS47,0,0,0
4,US111->CS55,0,0,0
4,US111->CS63,0,0,0
4,US112->CS0,52179,52179,0
4,US112->CS8,52429,52429,0
4,US112->CS16,52193,52193,0
4,US112->CS24,52149,52149,0
4,US112->CS32,52425,52425,0
4,US112->CS40,52597,52597,0
4,US112->CS48,52954,52954,0
4,US112->CS56,52262,52262,0
4,US113->CS1,52128,52128,0
4,US113->CS9,52239,52239,0
4,US113->CS17,52804,52804,0
4,US113->CS25,52403,52403,0
4,US113->CS33,52290,52290,0
4,US113->CS41,52051,52051,0
4,US113->CS49,52167,52167,0
4,US113->CS57,52333,52333,0
4,US114->CS2,52684,52684,0
4,US114->CS10,52270,52270,0
4,US114->CS18,52087,52087,0
4,US114->CS26,52234,52234,0
4,US114->CS34,52163,52163,0
4,US114->CS42,52231,52231,0
4,US114->CS50,52083,52083,0
4,US114->CS58,52409,52409,0
4,US115->CS3,52402,52402,0
4,US115->CS11,52201,52201,0
4,US115->CS19,52158,52158,0
4,US115->CS27,52616,52616,0
4,US115->CS35,52481,52481,0
4,US115->CS43,52619,52619,0
4,US115->CS51,52280,52280,0
4,US115->CS59,52074,52074,0
4,US116->CS4,51789,51789,0
4,US116->CS12,52271,52271,0
4,US116->CS20,52193,52193,0
4,US116->CS28,52468,52468,0
4,US116->CS36,52590,52590,0
4,US116->CS44,52218,52218,0
4,US116->CS52,52135,52135,0
4,US116->CS60,52281,52281,0
4,US117->CS5,52664,52664,0
4,US117->CS13,52321,52321,0
4,US117->CS21,52147,52147,0
4,US117->CS29,52205,52205,0
4,US117->CS37,52085,52085,0
4,US117->CS45,52448,52448,0
4,US117->CS53,52496,52496,0
4,US117->CS61,51755,51755,0
4,US118->CS6,51863,51863,0
4,US118->CS14,52436,52436,0
4,US118->CS22,52141,52141,0
4,US118->CS30,52041,52041,0
4,US118->CS38,52208,52208,0
4,US118->CS46,52123,52123,0
4,US118->CS54,52209,52209,0
4,US118->CS62,52594,52594,0
4,US119->CS7,52228,52228,0
4,US119->CS15,52314,52314,0
4,US119->CS23,52331,52331,0
4,US119->CS31,52269,52269,0
4,US119->CS39,52782,52782,0
4,US119->CS47,52344,52344,0
4,US119->CS55,52327,52327,0
4,US119->CS63,52511,52511,0
4,US120->CS0,0,0,0
4,US120->CS8,0,0,0
4,US120->CS16,0,0,0
4,US120->CS24,0,0,0
4,US120->CS32,0,0,0
4,US120->CS40,0,0,0
4,US120->CS48,0,0,0
4,US120->CS56,0,0,0
4,US121->CS1,0,0,0
4,US121->CS9,0,0,0
4,US121->CS17,0,0,0
4,US121->CS25,0,0,0
4,US121->CS33,0,0,0
4,US121->CS41,0,0,0
4,US121->CS49,0,0,0
4,US121->CS57,0,0,0
4,US122->CS2,0,0,0
4,US122->CS10,0,0,0
4,US122->CS18,0,0,0
4,US122->CS26,0,0,0
4,US122->CS34,0,0,0
4,US122->CS42,0,0,0
4,US122->CS50,0,0,0
4,US122->CS58,0,0,0
4,US123->CS3,0,0,0
4,US123->CS11,0,0,0
4,US123->CS19,0,0,0
4,US123->CS27,0,0,0
4,US123->CS35,0,0,0
4,US123->CS43,0,0,0
4,US123->CS51,0,0,0
4,US123->CS59,0,0,0
4,US124->CS4,0,0,0
4,US124->CS12,0,0,0
4,US124->CS20,0,0,0
4,US124->CS28,0,0,0
4,US124->CS36,0,0,0
4,US124->CS44,0,0,0
4,US124->CS52,0,0,0
4,US124->CS60,0,0,0
4,US125->CS5,0,0,0
4,US125->CS13,0,0,0
4,US125->CS21,0,0,0
4,US125->CS29,0,0,0
4,US125->CS37,0,0,0
4,US125->CS45,0,0,0
4,US125->CS53,0,0,0
4,US125->CS61,0,0,0
4,US126->CS6,0,0,0
4,US126->CS14,0,0,0
4,US126->CS22,0,0,0
4,US126->CS30,0,0,0
4,US126->CS38,0,0,0
4,US126->CS46,0,0,0
4,US126->CS54,0,0,0
4,US126->CS62,0,0,0
4,US127->CS7,0,0,0
4,US127->CS15,0,0,0
4,US127->CS23,0,0,0
4,US127->CS31,0,0,0
4,US127->CS39,0,0,0
4,US127->CS47,0,0,0
4,US127->CS55,0,0,0
4,US127->CS63,0,0,0
4,CS0->US0,51578,51578,0
4,CS0->US8,0,0,0
4,CS0->US16,0,0,0
4,CS0->US24,0,0,0
4,CS0->US32,0,0,0
4,CS0->US40,52280,52280,0
4,CS0->US48,51279,51279,0
4,CS0->US56,0,0,0
4,CS0->US64,0,0,0
4,CS0->US72,42329,42329,0
4,CS0->US80,0,0,0
4,CS0->US88,42519,42519,0
4,CS0->US96,0,0,0
4,CS0->US104,0,0,0
4,CS0->US112,55685,55685,0
4,CS0->US120,0,0,0
4,CS1->US1,51287,51287,0
4,CS1->US9,0,0,0
4,CS1->US17,0,0,0
4,CS1->US25,0,0,0
4,CS1->US33,0,0,0
4,CS1->US41,52292,52292,0
4,CS1->US49,51622,51622,0
4,CS1->US57,0,0,0
4,CS1->US65,0,0,0
4,CS1->US73,42288,42288,0
4,CS1->US81,0,0,0
4,CS1->US89,42277,42277,0
4,CS1->US97,0,0,0
4,CS1->US105,0,0,0
4,CS1->US113,55772,55772,0
4,CS1->US121,0,0,0
4,CS2->US2,51397,51397,0
4,CS2->US10,0,0,0
4,CS2->US18,0,0,0
4,CS2->US26,0,0,0
4,CS2->US34,0,0,0
4,CS2->US42,52772,52772,0
4,CS2->US50,51358,51358,0
4,CS2->US58,0,0,0
4,CS2->US66,0,0,0
4,CS2->US74,42439,42439,0
4,CS2->US82,0,0,0
4,CS2->US90,42693,42693,0
4,CS2->US98,0,0,0
4,CS2->US106,0,0,0
4,CS2->US114,55964,55964,0
4,CS2->US122,0,0,0
4,CS3->US3,51756,51756,0
4,CS3->US11,0,0,0
4,CS3->US19,0,0,0
4,CS3->US27,0,0,0
4,CS3->US35,0,0,0
4,CS3->US43,52535,52535,0
4,CS3->US51,51441,51441,0
4,CS3->US59,0,0,0
4,CS3->US67,0,0,0
4,CS3->US75,42142,42141,0
4,CS3->US83,0,0,0
4,CS3->US91,42431,42429,0
4,CS3->US99,0,0,0
4,CS3->US107,0,0,0
4,CS3->US115,55468,55468,0
4,CS3->US123,0,0,0
4,CS4->US4,51252,51252,0
4,CS4->US12,0,0,0
4,CS4->US20,0,0,0
4,CS4->US28,0,0,0
4,CS4->US36,0,0,0
4,CS4->US44,51925,51925,0
4,CS4->US52,51723,51723,0
4,CS4->US60,0,0,0
4,CS4->US68,0,0,0
4,CS4->US76,42391,42391,0
4,CS4->US84,0,0,0
4,CS4->US92,42405,42404,0
4,CS4->US100,0,0,0
4,CS4->US108,0,0,0
4,CS4->US116,55851,55851,0
4,CS4->US124,0,0,0
4,CS5->US5,51615,51615,0
4,CS5->US13,0,0,0
4,CS5->US21,0,0,0
4,CS5->US29,0,0,0
4,CS5->US37,0,0,0
4,CS5->US45,52799,52799,0
4,CS5->US53,51466,51466,0
4,CS5->US61,0,0,0
4,CS5->US69,0,0,0
4,CS5->US77,42046,42046,0
4,CS5->US85,0,0,0
4,CS5->US93,42305,42305,0
4,CS5->US101,0,0,0
4,CS5->US109,0,0,0
4,CS5->US117,55757,55757,0
4,CS5->US125,0,0,0
4,CS6->US6,51096,51096,0
4,CS6->US14,0,0,0
4,CS6->US22,0,0,0
4,CS6->US30,0,0,0
4,CS6->US38,0,0,0
4,CS6->US46,51998,51998,0
4,CS6->US54,51583,51583,0
4,CS6->US62,0,0,0
4,CS6->US70,0,0,0
4,CS6->US78,42251,42251,0
4,CS6->US86,0,0,0
4,CS6->US94,42443,42443,0
4,CS6->US102,0,0,0
4,CS6->US110,0,0,0
4,CS6->US118,55628,55628,0
4,CS6->US126,0,0,0
4,CS7->US7,51640,51640,0
4,CS7->US15,0,0,0
4,CS7->US23,0,0,0
4,CS7->US31,0,0,0
4,CS7->US39,0,0,0
4,CS7->US47,52321,52321,0
4,CS7->US55,51750,51750,0
4,CS7->US63,0,0,0
4,CS7->US71,0,0,0
4,CS7->US79,42112,42112,0
4,CS7->US87,0,0,0
4,CS7->US95,42594,42593,0
4,CS7->US103,0,0,0
4,CS7->US111,0,0,0
4,CS7->US119,56059,56059,0
4,CS7->US127,0,0,0
4,CS8->US0,51460,51460,0
4,CS8->US8,0,0,0
4,CS8->US16,0,0,0
4,CS8->US24,0,0,0
4,CS8->US32,0,0,0
4,CS8->US40,52568,52568,0
4,CS8->US48,51448,51448,0
4,CS8->US56,0,0,0
4,CS8->US64,0,0,0
4,CS8->US72,42569,42569,0
4,CS8->US80,0,0,0
4,CS8->US88,42827,42827,0
4,CS8->US96,0,0,0
4,CS8->US104,0,0,0
4,CS8->US112,55674,55674,0
4,CS8->US120,0,0,0
4,CS9->US1,51111,51111,0
4,CS9->US9,0,0,0
4,CS9->US17,0,0,0
4,CS9->US25,0,0,0
4,CS9->US33,0,0,0
4,CS9->US41,52334,52334,0
4,CS9->US49,51660,51660,0
4,CS9->US57,0,0,0
4,CS9->US65,0,0,0
4,CS9->US73,41764,41764,0
4,CS9->US81,0,0,0
4,CS9->US89,42683,42683,0
4,CS9->US97,0,0,0
4,CS9->US105,0,0,0
4,CS9->US113,55802,55802,0
4,CS9->US121,0,0,0
4,CS10->US2,51233,51233,0
4,CS10->US10,0,0,0
4,CS10->US18,0,0,0
4,CS10->US26,0,0,0
4,CS10->US34,0,0,0
4,CS10->US42,52354,52354,0
4,CS10->US50,51725,51725,0
4,CS10->US58,0,0,0
4,CS10->US66,0,0,0
4,CS10->US74,42228,42228,0
4,CS10->US82,0,0,0
4,CS10->US90,42437,42436,0
4,CS10->US98,0,0,0
4,CS10->US106,0,0,0
4,CS10->US114,56120,56120,0
4,CS10->US122,0,0,0
4,CS11->US3,51836,51836,0
4,CS11->US11,0,0,0
4,CS11->US19,0,0,0
4,CS11->US27,0,0,0
4,CS11->US35,0,0,0
4,CS11->US43,52329,52329,0
4,CS11->US51,51128,51128,0
4,CS11->US59,0,0,0
4,CS11->US67,0,0,0
4,CS11->US75,42283,42283,0
4,CS11->US83,0,0,0
4,CS11->US91,42435,42434,0
4,CS11->US99,0,0,0
4,CS11->US107,0,0,0
4,CS11->US115,55826,55826,0
4,CS11->US123,0,0,0
4,CS12->US4,51635,51635,0
4,CS12->US12,0,0,0
4,CS12->US20,0,0,0
4,CS12->US28,0,0,0
4,CS12->US36,0,0,0
4,CS12->US44,52358,52358,0
4,CS12->US52,51352,51352,0
4,CS12->US60,0,0,0
4,CS12->US68,0,0,0
4,CS12->US76,42255,42255,0
4,CS12->US84,0,0,0
4,CS12->US92,42826,42826,0
4,CS12->US100,0,0,0
4,CS12->US108,0,0,0
4,CS12->US116,56077,56077,0
4,CS12->US124,0,0,0
4,CS13->US5,51563,51563,0
4,CS13->US13,0,0,0
4,CS13->US21,0,0,0
4,CS13->US29,0,0,0
4,CS13->US37,0,0,0
4,CS13->US45,52444,52444,0
4,CS13->US53,51818,51818,0
4,CS13->US61,0,0,0
4,CS13->US69,0,0,0
4,CS13->US77,42511,42511,0
4,CS13->US85,0,0,0
4,CS13->US93,42676,42675,0
4,CS13->US101,0,0,0
4,CS13->US109,0,0,0
4,CS13->US117,55312,55312,0
4,CS13->US125,0,0,0
4,CS14->US6,51449,51449,0
4,CS14->US14,0,0,0
4,CS14->US22,0,0,0
4,CS14->US30,0,0,0
4,CS14->US38,0,0,0
4,CS14->US46,52601,52601,0
4,CS14->US54,51241,51241,0
4,CS14->US62,0,0,0
4,CS14->US70,0,0,0
4,CS14->US78,42237,42235,0
4,CS14->US86,0,0,0
4,CS14->US94,42469,42469,0
4,CS14->US102,0,0,0
4,CS14->US110,0,0,0
4,CS14->US118,55717,55717,0
4,CS14->US126,0,0,0
4,CS15->US7,52236,52236,0
4,CS15->US15,0,0,0
4,CS15->US23,0,0,0
4,CS15->US31,0,0,0
4,CS15->US39,0,0,0
4,CS15->US47,52416,52416,0
4,CS15->US55,51556,51556,0
4,CS15->US63,0,0,0
4,CS15->US71,0,0,0
4,CS15->US79,41884,41884,0
4,CS15->US87,0,0,0
4,CS15->US95,42488,42488,0
4,CS15->US103,0,0,0
4,CS15->US111,0,0,0
4,CS15->US119,55936,55936,0
4,CS15->US127,0,0,0
4,CS16->US0,51143,51143,0
4,CS16->US8,0,0,0
4,CS16->US16,0,0,0
4,CS16->US24,0,0,0
4,CS16->US32,0,0,0
4,CS16->US40,52295,52295,0
4,CS16->US48,51286,51286,0
4,CS16->US56,0,0,0
4,CS16->US64,0,0,0
4,CS16->US72,42589,42589,0
4,CS16->US80,0,0,0
4,CS16->US88,42248,42247,0
4,CS16->US96,0,0,0
4,CS16->US104,0,0,0
4,CS16->US112,55819,55819,0
4,CS16->US120,0,0,0
4,CS17->US1,51559,51559,0
4,CS17->US9,0,0,0
4,CS17->US17,0,0,0
4,CS17->US25,0,0,0
4,CS17->US33,0,0,0
4,CS17->US41,52908,52908,0
4,CS17->US49,50758,50758,0
4,CS17->US57,0,0,0
4,CS17->US65,0,0,0
4,CS17->US73,42505,42504,0
4,CS17->US81,0,0,0
4,CS17->US89,42671,42670,0
4,CS17->US97,0,0,0
4,CS17->US105,0,0,0
4,CS17->US113,55779,55779,0
4,CS17->US121,0,0,0
4,CS18->US2,51317,51317,0
4,CS18->US10,0,0,0
4,CS18->US18,0,0,0
4,CS18->US26,0,0,0
4,CS18->US34,0,0,0
4,CS18->US42,52199,52199,0
4,CS18->US50,51388,51388,0
4,CS18->US58,0,0,0
4,CS18->US66,0,0,0
4,CS18->US74,42369,42368,0
4,CS18->US82,0,0,0
4,CS18->US90,42732,42731,0
4,CS18->US98,0,0,0
4,CS18->US106,0,0,0
4,CS18->US114,55595,55595,0
4,CS18->US122,0,0,0
4,CS19->US3,51094,51094,0
4,CS19->US11,0,0,0
4,CS19->US19,0,0,0
4,CS19->US27,0,0,0
4,CS19->US35,0,0,0
4,CS19->US43,52241,52241,0
4,CS19->US51,51412,51412,0
4,CS19->US59,0,0,0
4,CS19->US67,0,0,0
4,CS19->US75,42465,42463,0
4,CS19->US83,0,0,0
4,CS19->US91,42539,42539,0
4,CS19->US99,0,0,0
4,CS19->US107,0,0,0
4,CS19->US115,55925,55925,0
4,CS19->US123,0,0,0
4,CS20->US4,51355,51355,0
4,CS20->US12,0,0,0
4,CS20->US20,0,0,0
4,CS20->US28,0,0,0
4,CS20->US36,0,0,0
4,CS20->US44,52338,52338,0
4,CS20->US52,51605,51605,0
4,CS20->US60,0,0,0
4,CS20->US68,0,0,0
4,CS20->US76,42720,42719,0
4,CS20->US84,0,0,0
4,CS20->US92,42413,42413,0
4,CS20->US100,0,0,0
4,CS20->US108,0,0,0
4,CS20->US116,56618,56618,0
4,CS20->US124,0,0,0
4,CS21->US5,51641,51641,0
4,CS21->US13,0,0,0
4,CS21->US21,0,0,0
4,CS21->US29,0,0,0
4,CS21->US37,0,0,0
4,CS21->US45,52311,52311,0
4,CS21->US53,51334,51334,0
4,CS21->US61,0,0,0
4,CS21->US69,0,0,0
4,CS21->US77,42184,42182,0
4,CS21->US85,0,0,0
4,CS21->US93,42518,42518,0
4,CS21->US101,0,0,0
4,CS21->US109,0,0,0
4,CS21->US117,55784,55784,0
4,CS21->US125,0,0,0
4,CS22->US6,51537,51537,0
4,CS22->US14,0,0,0
4,CS22->US22,0,0,0
4,CS22->US30,0,0,0
4,CS22->US38,0,0,0
4,CS22->US46,52284,52284,0
4,CS22->US54,51317,51317,0
4,CS22->US62,0,0,0
4,CS22->US70,0,0,0
4,CS22->US78,42399,42399,0
4,CS22->US86,0,0,0
4,CS22->US94,42278,42278,0
4,CS22->US102,0,0,0
4,CS22->US110,0,0,0
4,CS22->US118,56132,56132,0
4,CS22->US126,0,0,0
4,CS23->US7,51749,51749,0
4,CS23->US15,0,0,0
4,CS23->US23,0,0,0
4,CS23->US31,0,0,0
4,CS23->US39,0,0,0
4,CS23->US47,52390,52390,0
4,CS23->US55,51590,51590,0
4,CS23->US63,0,0,0
4,CS23->US71,0,0,0
4,CS23->US79,42449,42448,0
4,CS23->US87,0,0,0
4,CS23->US95,42500,42500,0
4,CS23->US103,0,0,0
4,CS23->US111,0,0,0
4,CS23->US119,55646,55646,0
4,CS23->US127,0,0,0
4,CS24->US0,51622,51622,0
4,CS24->US8,0,0,0
4,CS24->US16,0,0,0
4,CS24->US24,0,0,0
4,CS24->US32,0,0,0
4,CS24->US40,52260,52260,0
4,CS24->US48,50931,50931,0
4,CS24->US56,0,0,0
4,CS24->US64,0,0,0
4,CS24->US72,42176,42174,0
4,CS24->US80,0,0,0
4,CS24->US88,42708,42708,0
4,CS24->US96,0,0,0
4,CS24->US104,0,0,0
4,CS24->US112,55756,55756,0
4,CS24->US120,0,0,0
4,CS25->US1,51301,51301,0
4,CS25->US9,0,0,0
4,CS25->US17,0,0,0
4,CS25->US25,0,0,0
4,CS25->US33,0,0,0
4,CS25->US41,52437,52437,0
4,CS25->US49,51346,51346,0
4,CS25->US57,0,0,0
4,CS25->US65,0,0,0
4,CS25->US73,42300,42300,0
4,CS25->US81,0,0,0
4,CS25->US89,42729,42729,0
4,CS25->US97,0,0,0
4,CS25->US105,0,0,0
4,CS25->US113,55117,55117,0
4,CS25->US121,0,0,0
4,CS26->US2,51569,51569,0
4,CS26->US10,0,0,0
4,CS26->US18,0,0,0
4,CS26->US26,0,0,0
4,CS26->US34,0,0,0
4,CS26->US42,52387,52387,0
4,CS26->US50,51460,51460,0
4,CS26->US58,0,0,0
4,CS26->US66,0,0,0
4,CS26->US74,42706,42704,0
4,CS26->US82,0,0,0
4,CS26->US90,42582,42582,0
4,CS26->US98,0,0,0
4,CS26->US106,0,0,0
4,CS26->US114,55661,55661,0
4,CS26->US122,0,0,0
4,CS27->US3,51234,51234,0
4,CS27->US11,0,0,0
4,CS27->US19,0,0,0
4,CS27->US27,0,0,0
4,CS27->US35,0,0,0
4,CS27->US43,52732,52732,0
4,CS27->US51,51842,51842,0
4,CS27->US59,0,0,0
4,CS27->US67,0,0,0
4,CS27->US75,42310,42310,0
4,CS27->US83,0,0,0
4,CS27->US91,42688,42688,0
4,CS27->US99,0,0,0
4,CS27->US107,0,0,0
4,CS27->US115,55709,55709,0
4,CS27->US123,0,0,0
4,CS28->US4,51270,51270,0
4,CS28->US12,0,0,0
4,CS28->US20,0,0,0
4,CS28->US28,0,0,0
4,CS28->US36,0,0,0
4,CS28->US44,52611,52611,0
4,CS28->US52,51812,51812,0
4,CS28->US60,0,0,0
4,CS28->US68,0,0,0
4,CS28->US76,42361,42361,0
4,CS28->US84,0,0,0
4,CS28->US92,42240,42240,0
4,CS28->US100,0,0,0
4,CS28->US108,0,0,0
4,CS28->US116,55617,55617,0
4,CS28->US124,0,0,0
4,CS29->US5,51723,51723,0
4,CS29->US13,0,0,0
4,CS29->US21,0,0,0
4,CS29->US29,0,0,0
4,CS29->US37,0,0,0
4,CS29->US45,52328,52328,0
4,CS29->US53,51705,51705,0
4,CS29->US61,0,0,0
4,CS29->US69,0,0,0
4,CS29->US77,42499,42499,0
4,CS29->US85,0,0,0
4,CS29->US93,42722,42722,0
4,CS29->US101,0,0,0
4,CS29->US109,0,0,0
4,CS29->US117,55589,55589,0
4,CS29->US125,0,0,0
4,CS30->US6,51266,51266,0
4,CS30->US14,0,0,0
4,CS30->US22,0,0,0
4,CS30->US30,0,0,0
4,CS30->US38,0,0,0
4,CS30->US46,52155,52155,0
4,CS30->US54,51661,51661,0
4,CS30->US62,0,0,0
4,CS30->US70,0,0,0
4,CS30->US78,42227,42226,0
4,CS30->US86,0,0,0
4,CS30->US94,42909,42909,0
4,CS30->US102,0,0,0
4,CS30->US110,0,0,0
4,CS30->US118,55955,55955,0
4,CS30->US126,0,0,0
4,CS31->US7,51385,51385,0
4,CS31->US15,0,0,0
4,CS31->US23,0,0,0
4,CS31->US31,0,0,0
4,CS31->US39,0,0,0
4,CS31->US47,52367,52367,0
4,CS31->US55,51252,51252,0
4,CS31->US63,0,0,0
4,CS31->US71,0,0,0
4,CS31->US79,42226,42226,0
4,CS31->US87,0,0,0
4,CS31->US95,42647,42647,0
4,CS31->US103,0,0,0
4,CS31->US111,0,0,0
4,CS31->US119,55618,55618,0
4,CS31->US127,0,0,0
4,CS32->US0,51240,51240,0
4,CS32->US8,0,0,0
4,CS32->US16,0,0,0
4,CS32->US24,0,0,0
4,CS32->US32,0,0,0
4,CS32->US40,52599,52599,0
4,CS32->US48,51649,51649,0
4,CS32->US56,0,0,0
4,CS32->US64,0,0,0
4,CS32->US72,42001,42001,0
4,CS32->US80,0,0,0
4,CS32->US88,42133,42133,0
4,CS32->US96,0,0,0
4,CS32->US104,0,0,0
4,CS32->US112,55818,55818,0
4,CS32->US120,0,0,0
4,CS33->US1,51268,51268,0
4,CS33->US9,0,0,0
4,CS33->US17,0,0,0
4,CS33->US25,0,0,0
4,CS33->US33,0,0,0
4,CS33->US41,52376,52376,0
4,CS33->US49,51335,51335,0
4,CS33->US57,0,0,0
4,CS33->US65,0,0,0
4,CS33->US73,42316,42316,0
4,CS33->US81,0,0,0
4,CS33->US89,42416,42415,0
4,CS33->US97,0,0,0
4,CS33->US105,0,0,0
4,CS33->US113,55744,55744,0
4,CS33->US121,0,0,0
4,CS34->US2,51863,51863,0
4,CS34->US10,0,0,0
4,CS34->US18,0,0,0
4,CS34->US26,0,0,0
4,CS34->US34,0,0,0
4,CS34->US42,52246,52246,0
4,CS34->US50,51112,51112,0
4,CS34->US58,0,0,0
4,CS34->US66,0,0,0
4,CS34->US74,42612,42612,0
4,CS34->US82,0,0,0
4,CS34->US90,42764,42763,0
4,CS34->US98,0,0,0
4,CS34->US106,0,0,0
4,CS34->US114,56029,56029,0
4,CS34->US122,0,0,0
4,CS35->US3,51696,51696,0
4,CS35->US11,0,0,0
4,CS35->US19,0,0,0
4,CS35->US27,0,0,0
4,CS35->US35,0,0,0
4,CS35->US43,52571,52571,0
4,CS35->US51,51646,51646,0
4,CS35->US59,0,0,0
4,CS35->US67,0,0,0
4,CS35->US75,42120,42120,0
4,CS35->US83,0,0,0
4,CS35->US91,42532,42532,0
4,CS35->US99,0,0,0
4,CS35->US107,0,0,0
4,CS35->US115,55495,55495,0
4,CS35->US123,0,0,0
4,CS36->US4,51375,51375,0
4,CS36->US12,0,0,0
4,CS36->US20,0,0,0
4,CS36->US28,0,0,0
4,CS36->US36,0,0,0
4,CS36->US44,52684,52684,0
4,CS36->US52,51657,51657,0
4,CS36->US60,0,0,0
4,CS36->US68,0,0,0
4,CS36->US76,42173,42173,0
4,CS36->US84,0,0,0
4,CS36->US92,42464,42463,0
4,CS36->US100,0,0,0
4,CS36->US108,0,0,0
4,CS36->US116,56156,56156,0
4,CS36->US124,0,0,0
4,CS37->US5,51435,51435,0
4,CS37->US13,0,0,0
4,CS37->US21,0,0,0
4,CS37->US29,0,0,0
4,CS37->US37,0,0,0
4,CS37->US45,52185,52185,0
4,CS37->US53,51591,51591,0
4,CS37->US61,0,0,0
4,CS37->US69,0,0,0
4,CS37->US77,42017,42014,0
4,CS37->US85,0,0,0
4,CS37->US93,42498,42497,0
4,CS37->US101,0,0,0
4,CS37->US109,0,0,0
4,CS37->US117,55798,55798,0
4,CS37->US125,0,0,0
4,CS38->US6,51149,51149,0
4,CS38->US14,0,0,0
4,CS38->US22,0,0,0
4,CS38->US30,0,0,0
4,CS38->US38,0,0,0
4,CS38->US46,52304,52304,0
4,CS38->US54,51701,51701,0
4,CS38->US62,0,0,0
4,CS38->US70,0,0,0
4,CS38->US78,42287,42286,0
4,CS38->US86,0,0,0
4,CS38->US94,42678,42678,0
4,CS38->US102,0,0,0
4,CS38->US110,0,0,0
4,CS38->US118,55812,55812,0
4,CS38->US126,0,0,0
4,CS39->US7,51562,51562,0
4,CS39->US15,0,0,0
4,CS39->US23,0,0,0
4,CS39->US31,0,0,0
4,CS39->US39,0,0,0
4,CS39->US47,52881,52881,0
4,CS39->US55,51277,51277,0
4,CS39->US63,0,0,0
4,CS39->US71,0,0,0
4,CS39->US79,42176,42176,0
4,CS39->US87,0,0,0
4,CS39->US95,42507,42505,0
4,CS39->US103,0,0,0
4,CS39->US111,0,0,0
4,CS39->US119,55974,55974,0
4,CS39->US127,0,0,0
4,CS40->US0,51519,51519,0
4,CS40->US8,0,0,0
4,CS40->US16,0,0,0
4,CS40->US24,0,0,0
4,CS40->US32,0,0,0
4,CS40->US40,52700,52700,0
4,CS40->US48,51293,51293,0
4,CS40->US56,0,0,0
4,CS40->US64,0,0,0
4,CS40->US72,42115,42114,0
4,CS40->US80,0,0,0
4,CS40->US88,42710,42710,0
4,CS40->US96,0,0,0
4,CS40->US104,0,0,0
4,CS40->US112,55793,55793,0
4,CS40->US120,0,0,0
4,CS41->US1,51405,51405,0
4,CS41->US9,0,0,0
4,CS41->US17,0,0,0
4,CS41->US25,0,0,0
4,CS41->US33,0,0,0
4,CS41->US41,52136,52136,0
4,CS41->US49,51631,51631,0
4,CS41->US57,0,0,0
4,CS41->US65,0,0,0
4,CS41->US73,41962,41961,0
4,CS41->US81,0,0,0
4,CS41->US89,42593,42593,0
4,CS41->US97,0,0,0
4,CS41->US105,0,0,0
4,CS41->US113,55620,55620,0
4,CS41->US121,0,0,0
4,CS42->US2,51355,51355,0
4,CS42->US10,0,0,0
4,CS42->US18,0,0,0
4,CS42->US26,0,0,0
4,CS42->US34,0,0,0
4,CS42->US42,52322,52322,0
4,CS42->US50,51323,51323,0
4,CS42->US58,0,0,0
4,CS42->US66,0,0,0
4,CS42->US74,42280,42280,0
4,CS42->US82,0,0,0
4,CS42->US90,42718,42718,0
4,CS42->US98,0,0,0
4,CS42->US106,0,0,0
4,CS42->US114,55644,55644,0
4,CS42->US122,0,0,0
4,CS43->US3,51685,51685,0
4,CS43->US11,0,0,0
4,CS43->US19,0,0,0
4,CS43->US27,0,0,0
4,CS43->US35,0,0,0
4,CS43->US43,52739,52739,0
4,CS43->US51,51230,51230,0
4,CS43->US59,0,0,0
4,CS43->US67,0,0,0
4,CS43->US75,42286,42286,0
4,CS43->US83,0,0,0
4,CS43->US91,42524,42524,0
4,CS43->US99,0,0,0
4,CS43->US107,0,0,0
4,CS43->US115,55992,55992,0
4,CS43->US123,0,0,0
4,CS44->US4,51563,51563,0
4,CS44->US12,0,0,0
4,CS44->US20,0,0,0
4,CS44->US28,0,0,0
4,CS44->US36,0,0,0
4,CS44->US44,52348,52348,0
4,CS44->US52,51589,51589,0
4,CS44->US60,0,0,0
4,CS44->US68,0,0,0
4,CS44->US76,42070,42069,0
4,CS44->US84,0,0,0
4,CS44->US92,42275,42275,0
4,CS44->US100,0,0,0
4,CS44->US108,0,0,0
4,CS44->US116,55843,55843,0
4,CS44->US124,0,0,0
4,CS45->US5,51042,51042,0
4,CS45->US13,0,0,0
4,CS45->US21,0,0,0
4,CS45->US29,0,0,0
4,CS45->US37,0,0,0
4,CS45->US45,52579,52579,0
4,CS45->US53,51371,51371,0
4,CS45->US61,0,0,0
4,CS45->US69,0,0,0
4,CS45->US77,42330,42330,0
4,CS45->US85,0,0,0
4,CS45->US93,42674,42673,0
4,CS45->US101,0,0,0
4,CS45->US109,0,0,0
4,CS45->US117,55419,55419,0
4,CS45->US125,0,0,0
4,CS46->US6,51480,51480,0
4,CS46->US14,0,0,0
4,CS46->US22,0,0,0
4,CS46->US30,0,0,0
4,CS46->US38,0,0,0
4,CS46->US46,52172,52172,0
4,CS46->US54,51266,51266,0
4,CS46->US62,0,0,0
4,CS46->US70,0,0,0
4,CS46->US78,42409,42409,0
4,CS46->US86,0,0,0
4,CS46->US94,42334,42334,0
4,CS46->US102,0,0,0
4,CS46->US110,0,0,0
4,CS46->US118,55984,55984,0
4,CS46->US126,0,0,0
4,CS47->US7,51667,51667,0
4,CS47->US15,0,0,0
4,CS47->US23,0,0,0
4,CS47->US31,0,0,0
4,CS47->US39,0,0,0
4,CS47->US47,52463,52463,0
4,CS47->US55,51482,51482,0
4,CS47->US63,0,0,0
4,CS47->US71,0,0,0
4,CS47->US79,42172,42171,0
4,CS47->US87,0,0,0
4,CS47->US95,42538,42538,0
4,CS47->US103,0,0,0
4,CS47->US111,0,0,0
4,CS47->US119,55416,55416,0
4,CS47->US127,0,0,0
4,CS48->US0,51377,51377,0
4,CS48->US8,0,0,0
4,CS48->US16,0,0,0
4,CS48->US24,0,0,0
4,CS48->US32,0,0,0
4,CS48->US40,53118,53118,0
4,CS48->US48,51688,51688,0
4,CS48->US56,0,0,0
4,CS48->US64,0,0,0
4,CS48->US72,42195,42195,0
4,CS48->US80,0,0,0
4,CS48->US88,42589,42589,0
4,CS48->US96,0,0,0
4,CS48->US104,0,0,0
4,CS48->US112,55646,55646,0
4,CS48->US120,0,0,0
4,CS49->US1,51198,51198,0
4,CS49->US9,0,0,0
4,CS49->US17,0,0,0
4,CS49->US25,0,0,0
4,CS49->US33,0,0,0
4,CS49->US41,52257,52257,0
4,CS49->US49,51468,51468,0
4,CS49->US57,0,0,0
4,CS49->US65,0,0,0
4,CS49->US73,42052,42052,0
4,CS49->US81,0,0,0
4,CS49->US89,42394,42393,0
4,CS49->US97,0,0,0
4,CS49->US105,0,0,0
4,CS49->US113,56232,56232,0
4,CS49->US121,0,0,0
4,CS50->US2,51358,51358,0
4,CS50->US10,0,0,0
4,CS50->US18,0,0,0
4,CS50->US26,0,0,0
4,CS50->US34,0,0,0
4,CS50->US42,52212,52212,0
4,CS50->US50,51564,51564,0
4,CS50->US58,0,0,0
4,CS50->US66,0,0,0
4,CS50->US74,42464,42464,0
4,CS50->US82,0,0,0
4,CS50->US90,42405,42403,0
4,CS50->US98,0,0,0
4,CS50->US106,0,0,0
4,CS50->US114,55855,55855,0
4,CS50->US122,0,0,0
4,CS51->US3,51379,51379,0
4,CS51->US11,0,0,0
4,CS51->US19,0,0,0
4,CS51->US27,0,0,0
4,CS51->US35,0,0,0
4,CS51->US43,52391,52391,0
4,CS51->US51,51322,51322,0
4,CS51->US59,0,0,0
4,CS51->US67,0,0,0
4,CS51->US75,42044,42044,0
4,CS51->US83,0,0,0
4,CS51->US91,42409,42408,0
4,CS51->US99,0,0,0
4,CS51->US107,0,0,0
4,CS51->US115,55955,55955,0
4,CS51->US123,0,0,0
4,CS52->US4,51297,51297,0
4,CS52->US12,0,0,0
4,CS52->US20,0,0,0
4,CS52->US28,0,0,0
4,CS52->US36,0,0,0
4,CS52->US44,52223,52223,0
4,CS52->US52,51484,51484,0
4,CS52->US60,0,0,0
4,CS52->US68,0,0,0
4,CS52->US76,42387,42387,0
4,CS52->US84,0,0,0
4,CS52->US92,42702,42702,0
4,CS52->US100,0,0,0
4,CS52->US108,0,0,0
4,CS52->US116,55646,55646,0
4,CS52->US124,0,0,0
4,CS53->US5,51479,51479,0
4,CS53->US13,0,0,0
4,CS53->US21,0,0,0
4,CS53->US29,0,0,0
4,CS53->US37,0,0,0
4,CS53->US45,52658,52658,0
4,CS53->US53,51318,51318,0
4,CS53->US61,0,0,0
4,CS53->US69,0,0,0
4,CS53->US77,42155,42154,0
4,CS53->US85,0,0,0
4,CS53->US93,42271,42270,0
4,CS53->US101,0,0,0
4,CS53->US109,0,0,0
4,CS53->US117,55353,55353,0
4,CS53->US125,0,0,0
4,CS54->US6,51546,51546,0
4,CS54->US14,0,0,0
4,CS54->US22,0,0,0
4,CS54->US30,0,0,0
4,CS54->US38,0,0,0
4,CS54->US46,52386,52386,0
4,CS54->US54,51593,51593,0
4,CS54->US62,0,0,0
4,CS54->US70,0,0,0
4,CS54->US78,41940,41939,0
4,CS54->US86,0,0,0
4,CS54->US94,42498,42498,0
4,CS54->US102,0,0,0
4,CS54->US110,0,0,0
4,CS54->US118,55658,55658,0
4,CS54->US126,0,0,0
4,CS55->US7,51141,51141,0
4,CS55->US15,0,0,0
4,CS55->US23,0,0,0
4,CS55->US31,0,0,0
4,CS55->US39,0,0,0
4,CS55->US47,52438,52438,0
4,CS55->US55,51314,51314,0
4,CS55->US63,0,0,0
4,CS55->US71,0,0,0
4,CS55->US79,41940,41939,0
4,CS55->US87,0,0,0
4,CS55->US95,42486,42484,0
4,CS55->US103,0,0,0
4,CS55->US111,0,0,0
4,CS55->US119,55745,55745,0
4,CS55->US127,0,0,0
4,CS56->US0,51235,51235,0
4,CS56->US8,0,0,0
4,CS56->US16,0,0,0
4,CS56->US24,0,0,0
4,CS56->US32,0,0,0
4,CS56->US40,52348,52348,0
4,CS56->US48,51350,51350,0
4,CS56->US56,0,0,0
4,CS56->US64,0,0,0
4,CS56->US72,42211,42211,0
4,CS56->US80,0,0,0
4,CS56->US88,42745,42745,0
4,CS56->US96,0,0,0
4,CS56->US104,0,0,0
4,CS56->US112,55800,55800,0
4,CS56->US120,0,0,0
4,CS57->US1,51588,51588,0
4,CS57->US9,0,0,0
4,CS57->US17,0,0,0
4,CS57->US25,0,0,0
4,CS57->US33,0,0,0
4,CS57->US41,52506,52506,0
4,CS57->US49,51334,51334,0
4,CS57->US57,0,0,0
4,CS57->US65,0,0,0
4,CS57->US73,42329,42328,0
4,CS57->US81,0,0,0
4,CS57->US89,42536,42536,0
4,CS57->US97,0,0,0
4,CS57->US105,0,0,0
4,CS57->US113,56289,56289,0
4,CS57->US121,0,0,0
4,CS58->US2,51379,51379,0
4,CS58->US10,0,0,0
4,CS58->US18,0,0,0
4,CS58->US26,0,0,0
4,CS58->US34,0,0,0
4,CS58->US42,52516,52516,0
4,CS58->US50,51130,51130,0
4,CS58->US58,0,0,0
4,CS58->US66,0,0,0
4,CS58->US74,42218,42218,0
4,CS58->US82,0,0,0
4,CS58->US90,42687,42686,0
4,CS58->US98,0,0,0
4,CS58->US106,0,0,0
4,CS58->US114,55754,55754,0
4,CS58->US122,0,0,0
4,CS59->US3,51418,51418,0
4,CS59->US11,0,0,0
4,CS59->US19,0,0,0
4,CS59->US27,0,0,0
4,CS59->US35,0,0,0
4,CS59->US43,52239,52239,0
4,CS59->US51,51215,51215,0
4,CS59->US59,0,0,0
4,CS59->US67,0,0,0
4,CS59->US75,42096,42096,0
4,CS59->US83,0,0,0
4,CS59->US91,42768,42766,0
4,CS59->US99,0,0,0
4,CS59->US107,0,0,0
4,CS59->US115,55765,55765,0
4,CS59->US123,0,0,0
4,CS60->US4,51383,51383,0
4,CS60->US12,0,0,0
4,CS60->US20,0,0,0
4,CS60->US28,0,0,0
4,CS60->US36,0,0,0
4,CS60->US44,52405,52405,0
4,CS60->US52,51371,51371,0
4,CS60->US60,0,0,0
4,CS60->US68,0,0,0
4,CS60->US76,42585,42585,0
4,CS60->US84,0,0,0
4,CS60->US92,42448,42446,0
4,CS60->US100,0,0,0
4,CS60->US108,0,0,0
4,CS60->US116,55807,55807,0
4,CS60->US124,0,0,0
4,CS61->US5,51254,51254,0
4,CS61->US13,0,0,0
4,CS61->US21,0,0,0
4,CS61->US29,0,0,0
4,CS61->US37,0,0,0
4,CS61->US45,51823,51823,0
4,CS61->US53,51569,51569,0
4,CS61->US61,0,0,0
4,CS61->US69,0,0,0
4,CS61->US77,42225,42224,0
4,CS61->US85,0,0,0
4,CS61->US93,43001,43001,0
4,CS61->US101,0,0,0
4,CS61->US109,0,0,0
4,CS61->US117,55780,55780,0
4,CS61->US125,0,0,0
4,CS62->US6,51276,51276,0
4,CS62->US14,0,0,0
4,CS62->US22,0,0,0
4,CS62->US30,0,0,0
4,CS62->US38,0,0,0
4,CS62->US46,52693,52693,0
4,CS62->US54,51494,51494,0
4,CS62->US62,0,0,0
4,CS62->US70,0,0,0
4,CS62->US78,42110,42109,0
4,CS62->US86,0,0,0
4,CS62->US94,42570,42570,0
4,CS62->US102,0,0,0
4,CS62->US110,0,0,0
4,CS62->US118,56036,56036,0
4,CS62->US126,0,0,0
4,CS63->US7,51725,51725,0
4,CS63->US15,0,0,0
4,CS63->US23,0,0,0
4,CS63->US31,0,0,0
4,CS63->US39,0,0,0
4,CS63->US47,52623,52623,0
4,CS63->US55,51153,51153,0
4,CS63->US63,0,0,0
4,CS63->US71,0,0,0
4,CS63->US79,42172,42171,0
4,CS63->US87,0,0,0
4,CS63->US95,42514,42513,0
4,CS63->US103,0,0,0
4,CS63->US111,0,0,0
4,CS63->US119,56263,56263,0
4,CS63->US127,0,0,0
5,US0->CS0,51560,51560,0
5,US0->CS8,51776,51776,0
5,US0->CS16,51627,51627,0
5,US0->CS24,51241,51241,0
5,US0->CS32,51991,51991,0
5,US0->CS40,51642,51642,0
5,US0->CS48,52034,52034,0
5,US0->CS56,51705,51705,0
5,US1->CS1,51901,51901,0
5,US1->CS9,51976,51976,0
5,US1->CS17,51149,51149,0
5,US1->CS25,51656,51656,0
5,US1->CS33,51652,51652,0
5,US1->CS41,51932,51932,0
5,US1->CS49,51815,51815,0
5,US1->CS57,51635,51635,0
5,US2->CS2,51678,51678,0
5,US2->CS10,52076,52076,0
5,US2->CS18,51668,51668,0
5,US2->CS26,51778,51778,0
5,US2->CS34,51415,51415,0
5,US2->CS42,51654,51654,0
5,US2->CS50,51897,51897,0
5,US2->CS58,51411,51411,0
5,US3->CS3,51757,51757,0
5,US3->CS11,51469,51469,0
5,US3->CS19,51737,51737,0
5,US3->CS27,52162,52162,0
5,US3->CS35,51956,51956,0
5,US3->CS43,51542,51542,0
5,US3->CS51,51635,51635,0
5,US3->CS59,51531,51531,0
5,US4->CS4,52016,52016,0
5,US4->CS12,51620,51620,0
5,US4->CS20,51926,51926,0
5,US4->CS28,52120,52120,0
5,US4->CS36,52014,52014,0
5,US4->CS44,51914,51914,0
5,US4->CS52,51769,51769,0
5,US4->CS60,51682,51682,0
5,US5->CS5,51794,51794,0
5,US5->CS13,52163,52163,0
5,US5->CS21,51643,51643,0
5,US5->CS29,52027,52027,0
5,US5->CS37,51877,51877,0
5,US5->CS45,51673,51673,0
5,US5->CS53,51666,51666,0
5,US5->CS61,51915,51915,0
5,US6->CS6,51890,51890,0
5,US6->CS14,51577,51577,0
5,US6->CS22,51597,51597,0
5,US6->CS30,51985,51985,0
5,US6->CS38,52040,52040,0
5,US6->CS46,51565,51565,0
5,US6->CS54,51870,51870,0
5,US6->CS62,51815,51815,0
5,US7->CS7,52054,52054,0
5,US7->CS15,51904,51904,0
5,US7->CS23,51931,51931,0
5,US7->CS31,51551,51551,0
5,US7->CS39,51607,51607,0
5,US7->CS47,51784,51784,0
5,US7->CS55,51605,51605,0
5,US7->CS63,51438,51438,0
5,US8->CS0,0,0,0
5,US8->CS8,0,0,0
5,US8->CS16,0,0,0
5,US8->CS24,0,0,0
5,US8->CS32,0,0,0
5,US8->CS40,0,0,0
5,US8->CS48,0,0,0
5,US8->CS56,0,0,0
5,US9->CS1,0,0,0
5,US9->CS9,0,0,0
5,US9->CS17,0,0,0
5,US9->CS25,0,0,0
5,US9->CS33,0,0,0
5,US9->CS41,0,0,0
5,US9->CS49,0,0,0
5,US9->CS57,0,0,0
5,US10->CS2,0,0,0
5,US10->CS10,0,0,0
5,US10->CS18,0,0,0
5,US10->CS26,0,0,0
5,US10->CS34,0,0,0
5,US10->CS42,0,0,0
5,US10->CS50,0,0,0
5,US10->CS58,0,0,0
5,US11->CS3,0,0,0
5,US11->CS11,0,0,0
5,US11->CS19,0,0,0
5,US11->CS27,0,0,0
5,US11->CS35,0,0,0
5,US11->CS43,0,0,0
5,US11->CS51,0,0,0
5,US11->CS59,0,0,0
5,US12->CS4,0,0,0
5,US12->CS12,0,0,0
5,US12->CS20,0,0,0
5,US12->CS28,0,0,0
5,US12->CS36,0,0,0
5,US12->CS44,0,0,0
5,US12->CS52,0,0,0
5,US12->CS60,0,0,0
5,US13->CS5,0,0,0
5,US13->CS13,0,0,0
5,US13->CS21,0,0,0
5,US13->CS29,0,0,0
5,US13->CS37,0,0,0
5,US13->CS45,0,0,0
5,US13->CS53,0,0,0
5,US13->CS61,0,0,0
5,US14->CS6,0,0,0
5,US14->CS14,0,0,0
5,US14->CS22,0,0,0
5,US14->CS30,0,0,0
5,US14->CS38,0,0,0
5,US14->CS46,0,0,0
5,US14->CS54,0,0,0
5,US14->CS62,0,0,0
5,US15->CS7,0,0,0
5,US15->CS15,0,0,0
5,US15->CS23,0,0,0
5,US15->CS31,0,0,0
5,US15->CS39,0,0,0
5,US15->CS47,0,0,0
5,US15->CS55,0,0,0
5,US15->CS63,0,0,0
5,US16->CS0,25160,25159,0
5,US16->CS8,25263,25263,0
5,US16->CS16,25387,25385,0
5,US16->CS24,25284,25281,0
5,US16->CS32,25287,25286,0
5,US16->CS40,25372,25370,0
5,US16->CS48,25283,25283,0
5,US16->CS56,25334,25333,0
5,US17->CS1,25164,25164,0
5,US17->CS9,25140,25140,0
5,US17->CS17,25157,25157,0
5,US17->CS25,25426,25426,0
5,US17->CS33,25167,25166,0
5,US17->CS41,25501,25500,0
5,US17->CS49,25718,25718,0
5,US17->CS57,25356,25356,0
5,US18->CS2,25366,25365,0
5,US18->CS10,25192,25192,0
5,US18->CS18,25348,25347,0
5,US18->CS26,25141,25140,0
5,US18->CS34,25420,25420,0
5,US18->CS42,25545,25544,0
5,US18->CS50,25283,25283,0
5,US18->CS58,25146,25145,0
5,US19->CS3,25039,25038,0
5,US19->CS11,25434,25434,0
5,US19->CS19,25517,25517,0
5,US19->CS27,25413,25412,0
5,US19->CS35,25396,25395,0
5,US19->CS43,25269,25269,0
5,US19->CS51,25229,25228,0
5,US19->CS59,25253,25253,0
5,US20->CS4,25571,25571,0
5,US20->CS12,25317,25316,0
5,US20->CS20,25312,25312,0
5,US20->CS28,25443,25443,0
5,US20->CS36,25504,25504,0
5,US20->CS44,25234,25234,0
5,US20->CS52,25607,25606,0
5,US20->CS60,25229,25228,0
5,US21->CS5,25364,25362,0
5,US21->CS13,25492,25492,0
5,US21->CS21,25445,25444,0
5,US21->CS29,25365,25365,0
5,US21->CS37,25253,25253,0
5,US21->CS45,25338,25337,0
5,US21->CS53,25284,25283,0
5,US21->CS61,25053,25053,0
5,US22->CS6,25672,25672,0
5,US22->CS14,25181,25181,0
5,US22->CS22,25564,25563,0
5,US22->CS30,25112,25111,0
5,US22->CS38,25472,25472,0
5,US22->CS46,25551,25551,0
5,US22->CS54,25144,25143,0
5,US22->CS62,25092,25092,0
5,US23->CS7,25098,25098,0
5,US23->CS15,25490,25490,0
5,US23->CS23,25286,25285,0
5,US23->CS31,25419,25418,0
5,US23->CS39,25468,25468,0
5,US23->CS47,25401,25401,0
5,US23->CS55,25130,25130,0
5,US23->CS63,25388,25388,0
5,US24->CS0,0,0,0
5,US24->CS8,0,0,0
5,US24->CS16,0,0,0
5,US24->CS24,0,0,0
5,US24->CS32,0,0,0
5,US24->CS40,0,0,0
5,US24->CS48,0,0,0
5,US24->CS56,0,0,0
5,US25->CS1,0,0,0
5,US25->CS9,0,0,0
5,US25->CS17,0,0,0
5,US25->CS25,0,0,0
5,US25->CS33,0,0,0
5,US25->CS41,0,0,0
5,US25->CS49,0,0,0
5,US25->CS57,0,0,0
5,US26->CS2,0,0,0
5,US26->CS10,0,0,0
5,US26->CS18,0,0,0
5,US26->CS26,0,0,0
5,US26->CS34,0,0,0
5,US26->CS42,0,0,0
5,US26->CS50,0,0,0
5,US26->CS58,0,0,0
5,US27->CS3,0,0,0
5,US27->CS11,0,0,0
5,US27->CS19,0,0,0
5,US27->CS27,0,0,0
5,US27->CS35,0,0,0
5,US27->CS43,0,0,0
5,US27->CS51,0,0,0
5,US27->CS59,0,0,0
5,US28->CS4,0,0,0
5,US28->CS12,0,0,0
5,US28->CS20,0,0,0
5,US28->CS28,0,0,0
5,US28->CS36,0,0,0
5,US28->CS44,0,0,0
5,US28->CS52,0,0,0
5,US28->CS60,0,0,0
5,US29->CS5,0,0,0
5,US29->CS13,0,0,0
5,US29->CS21,0,0,0
5,US29->CS29,0,0,0
5,US29->CS37,0,0,0
5,US29->CS45,0,0,0
5,US29->CS53,0,0,0
5,US29->CS61,0,0,0
5,US30->CS6,0,0,0
5,US30->CS14,0,0,0
5,US30->CS22,0,0,0
5,US30->CS30,0,0,0
5,US30->CS38,0,0,0
5,US30->CS46,0,0,0
5,US30->CS54,0,0,0
5,US30->CS62,0,0,0
5,US31->CS7,0,0,0
5,US31->CS15,0,0,0
5,US31->CS23,0,0,0
5,US31->CS31,0,0,0
5,US31->CS39,0,0,0
5,US31->CS47,0,0,0
5,US31->CS55,0,0,0
5,US31->CS63,0,0,0
5,US32->CS0,0,0,0
5,US32->CS8,0,0,0
5,US32->CS16,0,0,0
5,US32->CS24,0,0,0
5,US32->CS32,0,0,0
5,US32->CS40,0,0,0
5,US32->CS48,0,0,0
5,US32->CS56,0,0,0
5,US33->CS1,0,0,0
5,US33->CS9,0,0,0
5,US33->CS17,0,0,0
5,US33->CS25,0,0,0
5,US33->CS33,0,0,0
5,US33->CS41,0,0,0
5,US33->CS49,0,0,0
5,US33->CS57,0,0,0
5,US34->CS2,0,0,0
5,US34->CS10,0,0,0
5,US34->CS18,0,0,0
5,US34->CS26,0,0,0
5,US34->CS34,0,0,0
5,US34->CS42,0,0,0
5,US34->CS50,0,0,0
5,US34->CS58,0,0,0
5,US35->CS3,0,0,0
5,US35->CS11,0,0,0
5,US35->CS19,0,0,0
5,US35->CS27,0,0,0
5,US35->CS35,0,0,0
5,US35->CS43,0,0,0
5,US35->CS51,0,0,0
5,US35->CS59,0,0,0
5,US36->CS4,0,0,0
5,US36->CS12,0,0,0
5,US36->CS20,0,0,0
5,US36->CS28,0,0,0
5,US36->CS36,0,0,0
5,US36->CS44,0,0,0
5,US36->CS52,0,0,0
5,US36->CS60,0,0,0
5,US37->CS5,0,0,0
5,US37->CS13,0,0,0
5,US37->CS21,0,0,0
5,US37->CS29,0,0,0
5,US37->CS37,0,0,0
5,US37->CS45,0,0,0
5,US37->CS53,0,0,0
5,US37->CS61,0,0,0
5,US38->CS6,0,0,0
5,US38->CS14,0,0,0
5,US38->CS22,0,0,0
5,US38->CS30,0,0,0
5,US38->CS38,0,0,0
5,US38->CS46,0,0,0
5,US38->CS54,0,0,0
5,US38->CS62,0,0,0
5,US39->CS7,0,0,0
5,US39->CS15,0,0,0
5,US39->CS23,0,0,0
5,US39->CS31,0,0,0
5,US39->CS39,0,0,0
5,US39->CS47,0,0,0
5,US39->CS55,0,0,0
5,US39->CS63,0,0,0
5,US40->CS0,55723,55723,0
5,US40->CS8,55658,55658,0
5,US40->CS16,55831,55831,0
5,US40->CS24,55800,55800,0
5,US40->CS32,55823,55823,0
5,US40->CS40,55781,55781,0
5,US40->CS48,55618,55618,0
5,US40->CS56,55759,55759,0
5,US41->CS1,55859,55859,0
5,US41->CS9,55850,55850,0
5,US41->CS17,55712,55712,0
5,US41->CS25,55169,55169,0
5,US41->CS33,55794,55794,0
5,US41->CS41,55674,55674,0
5,US41->CS49,56201,56201,0
5,US41->CS57,56322,56322,0
5,US42->CS2,55959,55959,0
5,US42->CS10,56076,56076,0
5,US42->CS18,55681,55681,0
5,US42->CS26,55677,55677,0
5,US42->CS34,56078,56078,0
5,US42->CS42,55638,55638,0
5,US42->CS50,55941,55941,0
5,US42->CS58,55827,55827,0
5,US43->CS3,55455,55455,0
5,US43->CS11,55807,55807,0
5,US43->CS19,55899,55899,0
5,US43->CS27,55684,55684,0
5,US43->CS35,55518,55518,0
5,US43->CS43,56034,56034,0
5,US43->CS51,55969,55969,0
5,US43->CS59,55748,55748,0
5,US44->CS4,55872,55872,0
5,US44->CS12,56154,56154,0
5,US44->CS20,56667,56667,0
5,US44->CS28,55622,55622,0
5,US44->CS36,56141,56141,0
5,US44->CS44,55790,55790,0
5,US44->CS52,55677,55677,0
5,US44->CS60,55821,55821,0
5,US45->CS5,55718,55718,0
5,US45->CS13,55339,55339,0
5,US45->CS21,55845,55845,0
5,US45->CS29,55565,55565,0
5,US45->CS37,55857,55857,0
5,US45->CS45,55457,55457,0
5,US45->CS53,55343,55343,0
5,US45->CS61,55723,55723,0
5,US46->CS6,55651,55651,0
5,US46->CS14,55764,55764,0
5,US46->CS22,56196,56196,0
5,US46->CS30,55923,55923,0
5,US46->CS38,55833,55833,0
5,US46->CS46,56015,56015,0
5,US46->CS54,55683,55683,0
5,US46->CS62,56052,56052,0
5,US47->CS7,56073,56073,0
5,US47->CS15,55933,55933,0
5,US47->CS23,55675,55675,0
5,US47->CS31,55628,55628,0
5,US47->CS39,55984,55984,0
5,US47->CS47,55454,55454,0
5,US47->CS55,55814,55814,0
5,US47->CS63,56298,56298,0
5,US48->CS0,51869,51869,0
5,US48->CS8,51796,51796,0
5,US48->CS16,51455,51455,0
5,US48->CS24,51943,51943,0
5,US48->CS32,51591,51591,0
5,US48->CS40,51847,51847,0
5,US48->CS48,51737,51737,0
5,US48->CS56,51528,51528,0
5,US49->CS1,51608,51608,0
5,US49->CS9,51402,51402,0
5,US49->CS17,51873,51873,0
5,US49->CS25,51580,51580,0
5,US49->CS33,51590,51590,0
5,US49->CS41,51715,51715,0
5,US49->CS49,51506,51506,0
5,US49->CS57,51977,51977,0
5,US50->CS2,51727,51727,0
5,US50->CS10,51523,51523,0
5,US50->CS18,51661,51661,0
5,US50->CS26,51910,51910,0
5,US50->CS34,52178,52178,0
5,US50->CS42,51659,51659,0
5,US50->CS50,51686,51686,0
5,US50->CS58,51669,51669,0
5,US51->CS3,52103,52103,0
5,US51->CS11,52191,52191,0
5,US51->CS19,51388,51388,0
5,US51->CS27,51540,51540,0
5,US51->CS35,51992,51992,0
5,US51->CS43,52022,52022,0
5,US51->CS51,51709,51709,0
5,US51->CS59,51785,51785,0
5,US52->CS4,51540,51540,0
5,US52->CS12,51954,51954,0
5,US52->CS20,51666,51666,0
5,US52->CS28,51616,51616,0
5,US52->CS36,51707,51707,0
5,US52->CS44,51909,51909,0
5,US52->CS52,51597,51597,0
5,US52->CS60,51672,51672,0
5,US53->CS5,51974,51974,0
5,US53->CS13,51923,51923,0
5,US53->CS21,51946,51946,0
5,US53->CS29,52004,52004,0
5,US53->CS37,51718,51718,0
5,US53->CS45,51329,51329,0
5,US53->CS53,51782,51782,0
5,US53->CS61,51539,51539,0
5,US54->CS6,51444,51444,0
5,US54->CS14,51798,51798,0
5,US54->CS22,51898,51898,0
5,US54->CS30,51580,51580,0
5,US54->CS38,51440,51440,0
5,US54->CS46,51767,51767,0
5,US54->CS54,51919,51919,0
5,US54->CS62,51578,51578,0
5,US55->CS7,51923,51923,0
5,US55->CS15,52523,52523,0
5,US55->CS23,52015,52015,0
5,US55->CS31,51687,51687,0
5,US55->CS39,51868,51868,0
5,US55->CS47,51979,51979,0
5,US55->CS55,51463,51463,0
5,US55->CS63,52032,52032,0
5,US56->CS0,0,0,0
5,US56->CS8,0,0,0
5,US56->CS16,0,0,0
5,US56->CS24,0,0,0
5,US56->CS32,0,0,0
5,US56->CS40,0,0,0
5,US56->CS48,0,0,0
5,US56->CS56,0,0,0
5,US57->CS1,0,0,0
5,US57->CS9,0,0,0
5,US57->CS17,0,0,0
5,US57->CS25,0,0,0
5,US57->CS33,0,0,0
5,US57->CS41,0,0,0
5,US57->CS49,0,0,0
5,US57->CS57,0,0,0
5,US58->CS2,0,0,0
5,US58->CS10,0,0,0
5,US58->CS18,0,0,0
5,US58->CS26,0,0,0
5,US58->CS34,0,0,0
5,US58->CS42,0,0,0
5,US58->CS50,0,0,0
5,US58->CS58,0,0,0
5,US59->CS3,0,0,0
5,US59->CS11,0,0,0
5,US59->CS19,0,0,0
5,US59->CS27,0,0,0
5,US59->CS35,0,0,0
5,US59->CS43,0,0,0
5,US59->CS51,0,0,0
5,US59->CS59,0,0,0
5,US60->CS4,0,0,0
5,US60->CS12,0,0,0
5,US60->CS20,0,0,0
5,US60->CS28,0,0,0
5,US60->CS36,0,0,0
5,US60->CS44,0,0,0
5,US60->CS52,0,0,0
5,US60->CS60,0,0,0
5,US61->CS5,0,0,0
5,US61->CS13,0,0,0
5,US61->CS21,0,0,0
5,US61->CS29,0,0,0
5,US61->CS37,0,0,0
5,US61->CS45,0,0,0
5,US61->CS53,0,0,0
5,US61->CS61,0,0,0
5,US62->CS6,0,0,0
5,US62->CS14,0,0,0
5,US62->CS22,0,0,0
5,US62->CS30,0,0,0
5,US62->CS38,0,0,0
5,US62->CS46,0,0,0
5,US62->CS54,0,0,0
5,US62->CS62,0,0,0
5,US63->CS7,0,0,0
5,US63->CS15,0,0,0
5,US63->CS23,0,0,0
5,US63->CS31,0,0,0
5,US63->CS39,0,0,0
5,US63->CS47,0,0,0
5,US63->CS55,0,0,0
5,US63->CS63,0,0,0
5,US64->CS0,0,0,0
5,US64->CS8,0,0,0
5,US64->CS16,0,0,0
5,US64->CS24,0,0,0
5,US64->CS32,0,0,0
5,US64->CS40,0,0,0
5,US64->CS48,0,0,0
5,US64->CS56,0,0,0
5,US65->CS1,0,0,0
5,US65->CS9,0,0,0
5,US65->CS17,0,0,0
5,US65->CS25,0,0,0
5,US65->CS33,0,0,0
5,US65->CS41,0,0,0
5,US65->CS49,0,0,0
5,US65->CS57,0,0,0
5,US66->CS2,0,0,0
5,US66->CS10,0,0,0
5,US66->CS18,0,0,0
5,US66->CS26,0,0,0
5,US66->CS34,0,0,0
5,US66->CS42,0,0,0
5,US66->CS50,0,0,0
5,US66->CS58,0,0,0
5,US67->CS3,0,0,0
5,US67->CS11,0,0,0
5,US67->CS19,0,0,0
5,US67->CS27,0,0,0
5,US67->CS35,0,0,0
5,US67->CS43,0,0,0
5,US67->CS51,0,0,0
5,US67->CS59,0,0,0
5,US68->CS4,0,0,0
5,US68->CS12,0,0,0
5,US68->CS20,0,0,0
5,US68->CS28,0,0,0
5,US68->CS36,0,0,0
5,US68->CS44,0,0,0
5,US68->CS52,0,0,0
5,US68->CS60,0,0,0
5,US69->CS5,0,0,0
5,US69->CS13,0,0,0
5,US69->CS21,0,0,0
5,US69->CS29,0,0,0
5,US69->CS37,0,0,0
5,US69->CS45,0,0,0
5,US69->CS53,0,0,0
5,US69->CS61,0,0,0
5,US70->CS6,0,0,0
5,US70->CS14,0,0,0
5,US70->CS22,0,0,0
5,US70->CS30,0,0,0
5,US70->CS38,0,0,0
5,US70->CS46,0,0,0
5,US70->CS54,0,0,0
5,US70->CS62,0,0,0
5,US71->CS7,0,0,0
5,US71->CS15,0,0,0
5,US71->CS23,0,0,0
5,US71->CS31,0,0,0
5,US71->CS39,0,0,0
5,US71->CS47,0,0,0
5,US71->CS55,0,0,0
5,US71->CS63,0,0,0
5,US72->CS0,50564,50564,0
5,US72->CS8,50944,50944,0
5,US72->CS16,50308,50308,0
5,US72->CS24,50692,50692,0
5,US72->CS32,50304,50304,0
5,US72->CS40,50653,50653,0
5,US72->CS48,50695,50695,0
5,US72->CS56,50733,50733,0
5,US73->CS1,50383,50383,0
5,US73->CS9,50853,50853,0
5,US73->CS17,50871,50871,0
5,US73->CS25,50739,50739,0
5,US73->CS33,50233,50233,0
5,US73->CS41,50563,50563,0
5,US73->CS49,50539,50539,0
5,US73->CS57,50693,50693,0
5,US74->CS2,50826,50826,0
5,US74->CS10,50468,50468,0
5,US74->CS18,50791,50791,0
5,US74->CS26,50756,50756,0
5,US74->CS34,50932,50932,0
5,US74->CS42,50724,50724,0
5,US74->CS50,50496,50496,0
5,US74->CS58,50813,50813,0
5,US75->CS3,50488,50488,0
5,US75->CS11,50344,50344,0
5,US75->CS19,50561,50561,0
5,US75->CS27,50902,50902,0
5,US75->CS35,50851,50851,0
5,US75->CS43,50527,50527,0
5,US75->CS51,50434,50434,0
5,US75->CS59,50846,50846,0
5,US76->CS4,50687,50687,0
5,US76->CS12,50648,50648,0
5,US76->CS20,50579,50579,0
5,US76->CS28,50277,50277,0
5,US76->CS36,50504,50504,0
5,US76->CS44,50375,50375,0
5,US76->CS52,50908,50908,0
5,US76->CS60,50475,50475,0
5,US77->CS5,50394,50394,0
5,US77->CS13,50691,50691,0
5,US77->CS21,50519,50519,0
5,US77->CS29,50836,50836,0
5,US77->CS37,50530,50530,0
5,US77->CS45,50816,50816,0
5,US77->CS53,50400,50400,0
5,US77->CS61,51036,51036,0
5,US78->CS6,50487,50487,0
5,US78->CS14,50501,50501,0
5,US78->CS22,50262,50262,0
5,US78->CS30,51127,51127,0
5,US78->CS38,50871,50871,0
5,US78->CS46,50366,50366,0
5,US78->CS54,50407,50407,0
5,US78->CS62,50532,50532,0
5,US79->CS7,50713,50713,0
5,US79->CS15,50531,50531,0
5,US79->CS23,50749,50749,0
5,US79->CS31,50621,50621,0
5,US79->CS39,50588,50588,0
5,US79->CS47,50589,50589,0
5,US79->CS55,50628,50628,0
5,US79->CS63,50536,50536,0
5,US80->CS0,0,0,0
5,US80->CS8,0,0,0
5,US80->CS16,0,0,0
5,US80->CS24,0,0,0
5,US80->CS32,0,0,0
5,US80->CS40,0,0,0
5,US80->CS48,0,0,0
5,US80->CS56,0,0,0
5,US81->CS1,0,0,0
5,US81->CS9,0,0,0
5,US81->CS17,0,0,0
5,US81->CS25,0,0,0
5,US81->CS33,0,0,0
5,US81->CS41,0,0,0
5,US81->CS49,0,0,0
5,US81->CS57,0,0,0
5,US82->CS2,0,0,0
5,US82->CS10,0,0,0
5,US82->CS18,0,0,0
5,US82->CS26,0,0,0
5,US82->CS34,0,0,0
5,US82->CS42,0,0,0
5,US82->CS50,0,0,0
5,US82->CS58,0,0,0
5,US83->CS3,0,0,0
5,US83->CS11,0,0,0
5,US83->CS19,0,0,0
5,US83->CS27,0,0,0
5,US83->CS35,0,0,0
5,US83->CS43,0,0,0
5,US83->CS51,0,0,0
5,US83->CS59,0,0,0
5,US84->CS4,0,0,0
5,US84->CS12,0,0,0
5,US84->CS20,0,0,0
5,US84->CS28,0,0,0
5,US84->CS36,0,0,0
5,US84->CS44,0,0,0
5,US84->CS52,0,0,0
5,US84->CS60,0,0,0
5,US85->CS5,0,0,0
5,US85->CS13,0,0,0
5,US85->CS21,0,0,0
5,US85->CS29,0,0,0
5,US85->CS37,0,0,0
5,US85->CS45,0,0,0
5,US85->CS53,0,0,0
5,US85->CS61,0,0,0
5,US86->CS6,0,0,0
5,US86->CS14,0,0,0
5,US86->CS22,0,0,0
5,US86->CS30,0,0,0
5,US86->CS38,0,0,0
5,US86->CS46,0,0,0
5,US86->CS54,0,0,0
5,US86->CS62,0,0,0
5,US87->CS7,0,0,0
5,US87->CS15,0,0,0
5,US87->CS23,0,0,0
5,US87->CS31,0,0,0
5,US87->CS39,0,0,0
5,US87->CS47,0,0,0
5,US87->CS55,0,0,0
5,US87->CS63,0,0,0
5,US88->CS0,50865,50865,0
5,US88->CS8,51056,51056,0
5,US88->CS16,51085,51085,0
5,US88->CS24,50691,50691,0
5,US88->CS32,50496,50496,0
5,US88->CS40,50776,50776,0
5,US88->CS48,50748,50748,0
5,US88->CS56,50837,50837,0
5,US89->CS1,50818,50818,0
5,US89->CS9,50059,50059,0
5,US89->CS17,51052,51052,0
5,US89->CS25,50811,50811,0
5,US89->CS33,50724,50724,0
5,US89->CS41,50513,50513,0
5,US89->CS49,50462,50462,0
5,US89->CS57,50817,50817,0
5,US90->CS2,51036,51036,0
5,US90->CS10,50679,50679,0
5,US90->CS18,50735,50735,0
5,US90->CS26,51200,51200,0
5,US90->CS34,51032,51032,0
5,US90->CS42,50745,50745,0
5,US90->CS50,50923,50923,0
5,US90->CS58,50763,50763,0
5,US91->CS3,50603,50603,0
5,US91->CS11,50763,50763,0
5,US91->CS19,50952,50952,0
5,US91->CS27,50824,50824,0
5,US91->CS35,50577,50577,0
5,US91->CS43,50712,50712,0
5,US91->CS51,50536,50536,0
5,US91->CS59,50598,50598,0
5,US92->CS4,50996,50996,0
5,US92->CS12,50728,50728,0
5,US92->CS20,51305,51305,0
5,US92->CS28,51005,51005,0
5,US92->CS36,50666,50666,0
5,US92->CS44,50796,50796,0
5,US92->CS52,50837,50837,0
5,US92->CS60,51111,51111,0
5,US93->CS5,50657,50657,0
5,US93->CS13,50970,50970,0
5,US93->CS21,50587,50587,0
5,US93->CS29,50850,50850,0
5,US93->CS37,50321,50321,0
5,US93->CS45,50732,50732,0
5,US93->CS53,50655,50655,0
5,US93->CS61,50675,50675,0
5,US94->CS6,50754,50754,0
5,US94->CS14,50573,50573,0
5,US94->CS22,50830,50830,0
5,US94->CS30,50742,50742,0
5,US94->CS38,50765,50765,0
5,US94->CS46,50972,50972,0
5,US94->CS54,50443,50443,0
5,US94->CS62,50575,50575,0
5,US95->CS7,50628,50628,0
5,US95->CS15,50273,50273,0
5,US95->CS23,50912,50912,0
5,US95->CS31,50799,50799,0
5,US95->CS39,50591,50591,0
5,US95->CS47,50762,50762,0
5,US95->CS55,50322,50322,0
5,US95->CS63,50587,50587,0
5,US96->CS0,0,0,0
5,US96->CS8,0,0,0
5,US96->CS16,0,0,0
5,US96->CS24,0,0,0
5,US96->CS32,0,0,0
5,US96->CS40,0,0,0
5,US96->CS48,0,0,0
5,US96->CS56,0,0,0
5,US97->CS1,0,0,0
5,US97->CS9,0,0,0
5,US97->CS17,0,0,0
5,US97->CS25,0,0,0
5,US97->CS33,0,0,0
5,US97->CS41,0,0,0
5,US97->CS49,0,0,0
5,US97->CS57,0,0,0
5,US98->CS2,0,0,0
5,US98->CS10,0,0,0
5,US98->CS18,0,0,0
5,US98->CS26,0,0,0
5,US98->CS34,0,0,0
5,US98->CS42,0,0,0
5,US98->CS50,0,0,0
5,US98->CS58,0,0,0
5,US99->CS3,0,0,0
5,US99->CS11,0,0,0
5,US99->CS19,0,0,0
5,US99->CS27,0,0,0
5,US99->CS35,0,0,0
5,US99->CS43,0,0,0
5,US99->CS51,0,0,0
5,US99->CS59,0,0,0
5,US100->CS4,0,0,0
5,US100->CS12,0,0,0
5,US100->CS20,0,0,0
5,US100->CS28,0,0,0
5,US100->CS36,0,0,0
5,US100->CS44,0,0,0
5,US100->CS52,0,0,0
5,US100->CS60,0,0,0
5,US101->CS5,0,0,0
5,US101->CS13,0,0,0
5,US101->CS21,0,0,0
5,US101->CS29,0,0,0
5,US101->CS37,0,0,0
5,US101->CS45,0,0,0
5,US101->CS53,0,0,0
5,US101->CS61,0,0,0
5,US102->CS6,0,0,0
5,US102->CS14,0,0,0
5,US102->CS22,0,0,0
5,US102->CS30,0,0,0
5,US102->CS38,0,0,0
5,US102->CS46,0,0,0
5,US102->CS54,0,0,0
5,US102->CS62,0,0,0
5,US103->CS7,0,0,0
5,US103->CS15,0,0,0
5,US103->CS23,0,0,0
5,US103->CS31,0,0,0
5,US103->CS39,0,0,0
5,US103->CS47,0,0,0
5,US103->CS55,0,0,0
5,US103->CS63,0,0,0
5,US104->CS0,0,0,0
5,US104->CS8,0,0,0
5,US104->CS16,0,0,0
5,US104->CS24,0,0,0
5,US104->CS32,0,0,0
5,US104->CS40,0,0,0
5,US104->CS48,0,0,0
5,US104->CS56,0,0,0
5,US105->CS1,0,0,0
5,US105->CS9,0,0,0
5,US105->CS17,0,0,0
5,US105->CS25,0,0,0
5,US105->CS33,0,0,0
5,US105->CS41,0,0,0
5,US105->CS49,0,0,0
5,US105->CS57,0,0,0
5,US106->CS2,0,0,0
5,US106->CS10,0,0,0
5,US106->CS18,0,0,0
5,US106->CS26,0,0,0
5,US106->CS34,0,0,0
5,US106->CS42,0,0,0
5,US106->CS50,0,0,0
5,US106->CS58,0,0,0
5,US107->CS3,0,0,0
5,US107->CS11,0,0,0
5,US107->CS19,0,0,0
5,US107->CS27,0,0,0
5,US107->CS35,0,0,0
5,US107->CS43,0,0,0
5,US107->CS51,0,0,0
5,US107->CS59,0,0,0
5,US108->CS4,0,0,0
5,US108->CS12,0,0,0
5,US108->CS20,0,0,0
5,US108->CS28,0,0,0
5,US108->CS36,0,0,0
5,US108->CS44,0,0,0
5,US108->CS52,0,0,0
5,US108->CS60,0,0,0
5,US109->CS5,0,0,0
5,US109->CS13,0,0,0
5,US109->CS21,0,0,0
5,US109->CS29,0,0,0
5,US109->CS37,0,0,0
5,US109->CS45,0,0,0
5,US109->CS53,0,0,0
5,US109->CS61,0,0,0
5,US110->CS6,0,0,0
5,US110->CS14,0,0,0
5,US110->CS22,0,0,0
5,US110->CS30,0,0,0
5,US110->CS38,0,0,0
5,US110->CS46,0,0,0
5,US110->CS54,0,0,0
5,US110->CS62,0,0,0
5,US111->CS7,0,0,0
5,US111->CS15,0,0,0
5,US111->CS23,0,0,0
5,US111->CS31,0,0,0
5,US111->CS39,0,0,0
5,US111->CS47,0,0,0
5,US111->CS55,0,0,0
5,US111->CS63,0,0,0
5,US112->CS0,52342,52342,0
5,US112->CS8,52591,52591,0
5,US112->CS16,52384,52384,0
5,US112->CS24,52342,52342,0
5,US112->CS32,52595,52595,0
5,US112->CS40,52770,52770,0
5,US112->CS48,53133,53133,0
5,US112->CS56,52464,52464,0
5,US113->CS1,52304,52304,0
5,US113->CS9,52404,52404,0
5,US113->CS17,52975,52975,0
5,US113->CS25,52581,52581,0
5,US113->CS33,52469,52469,0
5,US113->CS41,52226,52226,0
5,US113->CS49,52329,52329,0
5,US113->CS57,52518,52518,0
5,US114->CS2,52861,52861,0
5,US114->CS10,52445,52445,0
5,US114->CS18,52265,52265,0
5,US114->CS26,52372,52372,0
5,US114->CS34,52340,52340,0
5,US114->CS42,52380,52380,0
5,US114->CS50,52249,52249,0
5,US114->CS58,52593,52593,0
5,US115->CS3,52567,52567,0
5,US115->CS11,52355,52355,0
5,US115->CS19,52316,52316,0
5,US115->CS27,52775,52775,0
5,US115->CS35,52655,52655,0
5,US115->CS43,52765,52765,0
5,US115->CS51,52461,52461,0
5,US115->CS59,52232,52232,0
5,US116->CS4,51977,51977,0
5,US116->CS12,52444,52444,0
5,US116->CS20,52368,52368,0
5,US116->CS28,52614,52614,0
5,US116->CS36,52750,52750,0
5,US116->CS44,52391,52391,0
5,US116->CS52,52304,52304,0
5,US116->CS60,52476,52476,0
5,US117->CS5,52833,52833,0
5,US117->CS13,52500,52500,0
5,US117->CS21,52319,52319,0
5,US117->CS29,52364,52364,0
5,US117->CS37,52249,52249,0
5,US117->CS45,52612,52612,0
5,US117->CS53,52692,52692,0
5,US117->CS61,51927,51927,0
5,US118->CS6,52056,52056,0
5,US118->CS14,52615,52615,0
5,US118->CS22,52324,52324,0
5,US118->CS30,52183,52183,0
5,US118->CS38,52379,52379,0
5,US118->CS46,52291,52291,0
5,US118->CS54,52382,52382,0
5,US118->CS62,52759,52759,0
5,US119->CS7,52423,52423,0
5,US119->CS15,52484,52484,0
5,US119->CS23,52491,52491,0
5,US119->CS31,52444,52444,0
5,US119->CS39,52961,52961,0
5,US119->CS47,52522,52522,0
5,US119->CS55,52503,52503,0
5,US119->CS63,52691,52691,0
5,US120->CS0,24610,24610,0
5,US120->CS8,24440,24439,0
5,US120->CS16,24658,24658,0
5,US120->CS24,24484,24484,0
5,US120->CS32,24718,24718,0
5,US120->CS40,24880,24879,0
5,US120->CS48,24572,24572,0
5,US120->CS56,24512,24512,0
5,US121->CS1,24697,24697,0
5,US121->CS9,24761,24760,0
5,US121->CS17,24453,24453,0
5,US121->CS25,24604,24604,0
5,US121->CS33,24761,24760,0
5,US121->CS41,24717,24717,0
5,US121->CS49,24628,24628,0
5,US121->CS57,24543,24543,0
5,US122->CS2,24478,24478,0
5,US122->CS10,24275,24275,0
5,US122->CS18,24349,24348,0
5,US122->CS26,24580,24580,0
5,US122->CS34,24738,24738,0
5,US122->CS42,24674,24674,0
5,US122->CS50,24717,24717,0
5,US122->CS58,24743,24742,0
5,US123->CS3,24453,24452,0
5,US123->CS11,24460,24460,0
5,US123->CS19,24884,24884,0
5,US123->CS27,24326,24325,0
5,US123->CS35,24526,24525,0
5,US123->CS43,24725,24724,0
5,US123->CS51,24702,24700,0
5,US123->CS59,24627,24627,0
5,US124->CS4,24658,24656,0
5,US124->CS12,24515,24514,0
5,US124->CS20,24445,24443,0
5,US124->CS28,24710,24710,0
5,US124->CS36,24562,24561,0
5,US124->CS44,24857,24856,0
5,US124->CS52,24565,24564,0
5,US124->CS60,24698,24698,0
5,US125->CS5,24720,24719,0
5,US125->CS13,24771,24770,0
5,US125->CS21,24535,24534,0
5,US125->CS29,24531,24530,0
5,US125->CS37,24747,24747,0
5,US125->CS45,24445,24443,0
5,US125->CS53,24871,24871,0
5,US125->CS61,24808,24808,0
5,US126->CS6,24548,24548,0
5,US126->CS14,24525,24525,0
5,US126->CS22,24533,24533,0
5,US126->CS30,24956,24956,0
5,US126->CS38,24395,24395,0
5,US126->CS46,24574,24572,0
5,US126->CS54,24609,24608,0
5,US126->CS62,24798,24798,0
5,US127->CS7,24492,24492,0
5,US127->CS15,24501,24501,0
5,US127->CS23,24513,24513,0
5,US127->CS31,24628,24627,0
5,US127->CS39,24706,24706,0
5,US127->CS47,24568,24568,0
5,US127->CS55,24685,24684,0
5,US127->CS63,24760,24760,0
5,CS0->US0,51620,51620,0
5,CS0->US8,0,0,0
5,CS0->US16,24697,24696,0
5,CS0->US24,0,0,0
5,CS0->US32,0,0,0
5,CS0->US40,52453,52453,0
5,CS0->US48,51313,51313,0
5,CS0->US56,0,0,0
5,CS0->US64,0,0,0
5,CS0->US72,50904,50904,0
5,CS0->US80,0,0,0
5,CS0->US88,50695,50695,0
5,CS0->US96,0,0,0
5,CS0->US104,0,0,0
5,CS0->US112,55844,55844,0
5,CS0->US120,25166,25165,0
5,CS1->US1,51327,51327,0
5,CS1->US9,0,0,0
5,CS1->US17,24815,24815,0
5,CS1->US25,0,0,0
5,CS1->US33,0,0,0
5,CS1->US41,52451,52451,0
5,CS1->US49,51667,51667,0
5,CS1->US57,0,0,0
5,CS1->US65,0,0,0
5,CS1->US73,50854,50854,0
5,CS1->US81,0,0,0
5,CS1->US89,50538,50538,0
5,CS1->US97,0,0,0
5,CS1->US105,0,0,0
5,CS1->US113,55939,55939,0
5,CS1->US121,25143,25139,0
5,CS2->US2,51445,51445,0
5,CS2->US10,0,0,0
5,CS2->US18,24590,24588,0
5,CS2->US26,0,0,0
5,CS2->US34,0,0,0
5,CS2->US42,52957,52957,0
5,CS2->US50,51398,51398,0
5,CS2->US58,0,0,0
5,CS2->US66,0,0,0
5,CS2->US74,51019,51019,0
5,CS2->US82,0,0,0
5,CS2->US90,50996,50996,0
5,CS2->US98,0,0,0
5,CS2->US106,0,0,0
5,CS2->US114,56144,56144,0
5,CS2->US122,25381,25381,0
5,CS3->US3,51794,51794,0
5,CS3->US11,0,0,0
5,CS3->US19,24552,24552,0
5,CS3->US27,0,0,0
5,CS3->US35,0,0,0
5,CS3->US43,52711,52711,0
5,CS3->US51,51474,51474,0
5,CS3->US59,0,0,0
5,CS3->US67,0,0,0
5,CS3->US75,50604,50604,0
5,CS3->US83,0,0,0
5,CS3->US91,50612,50612,0
5,CS3->US99,0,0,0
5,CS3->US107,0,0,0
5,CS3->US115,55637,55637,0
5,CS3->US123,25079,25079,0
5,CS4->US4,51299,51299,0
5,CS4->US12,0,0,0
5,CS4->US20,24749,24749,0
5,CS4->US28,0,0,0
5,CS4->US36,0,0,0
5,CS4->US44,52077,52077,0
5,CS4->US52,51775,51775,0
5,CS4->US60,0,0,0
5,CS4->US68,0,0,0
5,CS4->US76,50997,50997,0
5,CS4->US84,0,0,0
5,CS4->US92,50768,50768,0
5,CS4->US100,0,0,0
5,CS4->US108,0,0,0
5,CS4->US116,56019,56019,0
5,CS4->US124,25631,25631,0
5,CS5->US5,51651,51651,0
5,CS5->US13,0,0,0
5,CS5->US21,24851,24851,0
5,CS5->US29,0,0,0
5,CS5->US37,0,0,0
5,CS5->US45,52970,52970,0
5,CS5->US53,51502,51502,0
5,CS5->US61,0,0,0
5,CS5->US69,0,0,0
5,CS5->US77,50592,50592,0
5,CS5->US85,0,0,0
5,CS5->US93,50534,50534,0
5,CS5->US101,0,0,0
5,CS5->US109,0,0,0
5,CS5->US117,55943,55943,0
5,CS5->US125,25408,25408,0
5,CS6->US6,51140,51140,0
5,CS6->US14,0,0,0
5,CS6->US22,24677,24677,0
5,CS6->US30,0,0,0
5,CS6->US38,0,0,0
5,CS6->US46,52172,52172,0
5,CS6->US54,51620,51620,0
5,CS6->US62,0,0,0
5,CS6->US70,0,0,0
5,CS6->US78,50743,50743,0
5,CS6->US86,0,0,0
5,CS6->US94,50637,50637,0
5,CS6->US102,0,0,0
5,CS6->US110,0,0,0
5,CS6->US118,55803,55803,0
5,CS6->US126,25710,25708,0
5,CS7->US7,51681,51681,0
5,CS7->US15,0,0,0
5,CS7->US23,24595,24595,0
5,CS7->US31,0,0,0
5,CS7->US39,0,0,0
5,CS7->US47,52474,52474,0
5,CS7->US55,51798,51798,0
5,CS7->US63,0,0,0
5,CS7->US71,0,0,0
5,CS7->US79,50623,50623,0
5,CS7->US87,0,0,0
5,CS7->US95,50885,50885,0
5,CS7->US103,0,0,0
5,CS7->US111,0,0,0
5,CS7->US119,56231,56231,0
5,CS7->US127,25117,25117,0
5,CS8->US0,51495,51495,0
5,CS8->US8,0,0,0
5,CS8->US16,24548,24548,0
5,CS8->US24,0,0,0
5,CS8->US32,0,0,0
5,CS8->US40,52737,52737,0
5,CS8->US48,51493,51493,0
5,CS8->US56,0,0,0
5,CS8->US64,0,0,0
5,CS8->US72,51037,51037,0
5,CS8->US80,0,0,0
5,CS8->US88,51038,51038,0
5,CS8->US96,0,0,0
5,CS8->US104,0,0,0
5,CS8->US112,55851,55851,0
5,CS8->US120,25324,25324,0
5,CS9->US1,51141,51141,0
5,CS9->US9,0,0,0
5,CS9->US17,24854,24854,0
5,CS9->US25,0,0,0
5,CS9->US33,0,0,0
5,CS9->US41,52518,52518,0
5,CS9->US49,51690,51690,0
5,CS9->US57,0,0,0
5,CS9->US65,0,0,0
5,CS9->US73,50162,50162,0
5,CS9->US81,0,0,0
5,CS9->US89,50973,50973,0
5,CS9->US97,0,0,0
5,CS9->US105,0,0,0
5,CS9->US113,55939,55939,0
5,CS9->US121,25167,25166,0
5,CS10->US2,51280,51280,0
5,CS10->US10,0,0,0
5,CS10->US18,24358,24358,0
5,CS10->US26,0,0,0
5,CS10->US34,0,0,0
5,CS10->US42,52526,52526,0
5,CS10->US50,51768,51768,0
5,CS10->US58,0,0,0
5,CS10->US66,0,0,0
5,CS10->US74,50687,50687,0
5,CS10->US82,0,0,0
5,CS10->US90,50597,50597,0
5,CS10->US98,0,0,0
5,CS10->US106,0,0,0
5,CS10->US114,56293,56293,0
5,CS10->US122,25224,25223,0
5,CS11->US3,51870,51870,0
5,CS11->US11,0,0,0
5,CS11->US19,24540,24539,0
5,CS11->US27,0,0,0
5,CS11->US35,0,0,0
5,CS11->US43,52514,52514,0
5,CS11->US51,51174,51174,0
5,CS11->US59,0,0,0
5,CS11->US67,0,0,0
5,CS11->US75,50764,50764,0
5,CS11->US83,0,0,0
5,CS11->US91,50473,50473,0
5,CS11->US99,0,0,0
5,CS11->US107,0,0,0
5,CS11->US115,56021,56021,0
5,CS11->US123,25467,25467,0
5,CS12->US4,51672,51672,0
5,CS12->US12,0,0,0
5,CS12->US20,24620,24618,0
5,CS12->US28,0,0,0
5,CS12->US36,0,0,0
5,CS12->US44,52534,52534,0
5,CS12->US52,51387,51387,0
5,CS12->US60,0,0,0
5,CS12->US68,0,0,0
5,CS12->US76,50767,50767,0
5,CS12->US84,0,0,0
5,CS12->US92,50831,50831,0
5,CS12->US100,0,0,0
5,CS12->US108,0,0,0
5,CS12->US116,56242,56242,0
5,CS12->US124,25325,25325,0
5,CS13->US5,51604,51604,0
5,CS13->US13,0,0,0
5,CS13->US21,24812,24811,0
5,CS13->US29,0,0,0
5,CS13->US37,0,0,0
5,CS13->US45,52615,52615,0
5,CS13->US53,51859,51859,0
5,CS13->US61,0,0,0
5,CS13->US69,0,0,0
5,CS13->US77,51095,51095,0
5,CS13->US85,0,0,0
5,CS13->US93,50854,50854,0
5,CS13->US101,0,0,0
5,CS13->US109,0,0,0
5,CS13->US117,55476,55476,0
5,CS13->US125,25533,25533,0
5,CS14->US6,51484,51484,0
5,CS14->US14,0,0,0
5,CS14->US22,24610,24609,0
5,CS14->US30,0,0,0
5,CS14->US38,0,0,0
5,CS14->US46,52799,52799,0
5,CS14->US54,51283,51283,0
5,CS14->US62,0,0,0
5,CS14->US70,0,0,0
5,CS14->US78,50654,50654,0
5,CS14->US86,0,0,0
5,CS14->US94,50593,50593,0
5,CS14->US102,0,0,0
5,CS14->US110,0,0,0
5,CS14->US118,55892,55892,0
5,CS14->US126,25219,25218,0
5,CS15->US7,52288,52288,0
5,CS15->US15,0,0,0
5,CS15->US23,24581,24581,0
5,CS15->US31,0,0,0
5,CS15->US39,0,0,0
5,CS15->US47,52588,52588,0
5,CS15->US55,51586,51586,0
5,CS15->US63,0,0,0
5,CS15->US71,0,0,0
5,CS15->US79,50329,50329,0
5,CS15->US87,0,0,0
5,CS15->US95,50644,50644,0
5,CS15->US103,0,0,0
5,CS15->US111,0,0,0
5,CS15->US119,56115,56115,0
5,CS15->US127,25508,25508,0
5,CS16->US0,51185,51185,0
5,CS16->US8,0,0,0
5,CS16->US16,24764,24764,0
5,CS16->US24,0,0,0
5,CS16->US32,0,0,0
5,CS16->US40,52491,52491,0
5,CS16->US48,51334,51334,0
5,CS16->US56,0,0,0
5,CS16->US64,0,0,0
5,CS16->US72,51120,51120,0
5,CS16->US80,0,0,0
5,CS16->US88,50470,50470,0
5,CS16->US96,0,0,0
5,CS16->US104,0,0,0
5,CS16->US112,55983,55983,0
5,CS16->US120,25386,25385,0
5,CS17->US1,51596,51596,0
5,CS17->US9,0,0,0
5,CS17->US17,24569,24569,0
5,CS17->US25,0,0,0
5,CS17->US33,0,0,0
5,CS17->US41,53093,53093,0
5,CS17->US49,50796,50796,0
5,CS17->US57,0,0,0
5,CS17->US65,0,0,0
5,CS17->US73,51043,51043,0
5,CS17->US81,0,0,0
5,CS17->US89,51007,51007,0
5,CS17->US97,0,0,0
5,CS17->US105,0,0,0
5,CS17->US113,55958,55958,0
5,CS17->US121,25180,25180,0
5,CS18->US2,51362,51362,0
5,CS18->US10,0,0,0
5,CS18->US18,24424,24424,0
5,CS18->US26,0,0,0
5,CS18->US34,0,0,0
5,CS18->US42,52376,52376,0
5,CS18->US50,51435,51435,0
5,CS18->US58,0,0,0
5,CS18->US66,0,0,0
5,CS18->US74,50808,50808,0
5,CS18->US82,0,0,0
5,CS18->US90,50959,50959,0
5,CS18->US98,0,0,0
5,CS18->US106,0,0,0
5,CS18->US114,55765,55765,0
5,CS18->US122,25367,25367,0
5,CS19->US3,51124,51124,0
5,CS19->US11,0,0,0
5,CS19->US19,24976,24976,0
5,CS19->US27,0,0,0
5,CS19->US35,0,0,0
5,CS19->US43,52418,52418,0
5,CS19->US51,51440,51440,0
5,CS19->US59,0,0,0
5,CS19->US67,0,0,0
5,CS19->US75,50961,50961,0
5,CS19->US83,0,0,0
5,CS19->US91,50708,50708,0
5,CS19->US99,0,0,0
5,CS19->US107,0,0,0
5,CS19->US115,56095,56095,0
5,CS19->US123,25532,25530,0
5,CS20->US4,51401,51401,0
5,CS20->US12,0,0,0
5,CS20->US20,24542,24541,0
5,CS20->US28,0,0,0
5,CS20->US36,0,0,0
5,CS20->US44,52495,52495,0
5,CS20->US52,51637,51637,0
5,CS20->US60,0,0,0
5,CS20->US68,0,0,0
5,CS20->US76,51360,51360,0
5,CS20->US84,0,0,0
5,CS20->US92,50692,50692,0
5,CS20->US100,0,0,0
5,CS20->US108,0,0,0
5,CS20->US116,56802,56802,0
5,CS20->US124,25337,25337,0
5,CS21->US5,51681,51681,0
5,CS21->US13,0,0,0
5,CS21->US21,24630,24630,0
5,CS21->US29,0,0,0
5,CS21->US37,0,0,0
5,CS21->US45,52481,52481,0
5,CS21->US53,51370,51370,0
5,CS21->US61,0,0,0
5,CS21->US69,0,0,0
5,CS21->US77,50651,50651,0
5,CS21->US85,0,0,0
5,CS21->US93,50588,50588,0
5,CS21->US101,0,0,0
5,CS21->US109,0,0,0
5,CS21->US117,55958,55958,0
5,CS21->US125,25478,25478,0
5,CS22->US6,51578,51578,0
5,CS22->US14,0,0,0
5,CS22->US22,24642,24641,0
5,CS22->US30,0,0,0
5,CS22->US38,0,0,0
5,CS22->US46,52449,52449,0
5,CS22->US54,51360,51360,0
5,CS22->US62,0,0,0
5,CS22->US70,0,0,0
5,CS22->US78,50855,50855,0
5,CS22->US86,0,0,0
5,CS22->US94,50401,50401,0
5,CS22->US102,0,0,0
5,CS22->US110,0,0,0
5,CS22->US118,56299,56299,0
5,CS22->US126,25619,25618,0
5,CS23->US7,51786,51786,0
5,CS23->US15,0,0,0
5,CS23->US23,24607,24607,0
5,CS23->US31,0,0,0
5,CS23->US39,0,0,0
5,CS23->US47,52564,52564,0
5,CS23->US55,51625,51625,0
5,CS23->US63,0,0,0
5,CS23->US71,0,0,0
5,CS23->US79,50960,50960,0
5,CS23->US87,0,0,0
5,CS23->US95,50889,50889,0
5,CS23->US103,0,0,0
5,CS23->US111,0,0,0
5,CS23->US119,55839,55839,0
5,CS23->US127,25301,25300,0
5,CS24->US0,51661,51661,0
5,CS24->US8,0,0,0
5,CS24->US16,24564,24564,0
5,CS24->US24,0,0,0
5,CS24->US32,0,0,0
5,CS24->US40,52442,52442,0
5,CS24->US48,50971,50971,0
5,CS24->US56,0,0,0
5,CS24->US64,0,0,0
5,CS24->US72,50751,50751,0
5,CS24->US80,0,0,0
5,CS24->US88,50807,50807,0
5,CS24->US96,0,0,0
5,CS24->US104,0,0,0
5,CS24->US112,55930,55930,0
5,CS24->US120,25348,25348,0
5,CS25->US1,51347,51347,0
5,CS25->US9,0,0,0
5,CS25->US17,24695,24695,0
5,CS25->US25,0,0,0
5,CS25->US33,0,0,0
5,CS25->US41,52585,52585,0
5,CS25->US49,51385,51385,0
5,CS25->US57,0,0,0
5,CS25->US65,0,0,0
5,CS25->US73,50867,50867,0
5,CS25->US81,0,0,0
5,CS25->US89,50923,50923,0
5,CS25->US97,0,0,0
5,CS25->US105,0,0,0
5,CS25->US113,55293,55293,0
5,CS25->US121,25471,25469,0
5,CS26->US2,51599,51599,0
5,CS26->US10,0,0,0
5,CS26->US18,24689,24689,0
5,CS26->US26,0,0,0
5,CS26->US34,0,0,0
5,CS26->US42,52566,52566,0
5,CS26->US50,51494,51494,0
5,CS26->US58,0,0,0
5,CS26->US66,0,0,0
5,CS26->US74,51220,51220,0
5,CS26->US82,0,0,0
5,CS26->US90,50849,50849,0
5,CS26->US98,0,0,0
5,CS26->US106,0,0,0
5,CS26->US114,55832,55832,0
5,CS26->US122,25164,25164,0
5,CS27->US3,51263,51263,0
5,CS27->US11,0,0,0
5,CS27->US19,24411,24411,0
5,CS27->US27,0,0,0
5,CS27->US35,0,0,0
5,CS27->US43,52908,52908,0
5,CS27->US51,51883,51883,0
5,CS27->US59,0,0,0
5,CS27->US67,0,0,0
5,CS27->US75,50838,50838,0
5,CS27->US83,0,0,0
5,CS27->US91,50991,50991,0
5,CS27->US99,0,0,0
5,CS27->US107,0,0,0
5,CS27->US115,55863,55863,0
5,CS27->US123,25467,25467,0
5,CS28->US4,51304,51304,0
5,CS28->US12,0,0,0
5,CS28->US20,24832,24830,0
5,CS28->US28,0,0,0
5,CS28->US36,0,0,0
5,CS28->US44,52779,52779,0
5,CS28->US52,51843,51843,0
5,CS28->US60,0,0,0
5,CS28->US68,0,0,0
5,CS28->US76,50990,50990,0
5,CS28->US84,0,0,0
5,CS28->US92,50425,50425,0
5,CS28->US100,0,0,0
5,CS28->US108,0,0,0
5,CS28->US116,55792,55792,0
5,CS28->US124,25442,25441,0
5,CS29->US5,51762,51762,0
5,CS29->US13,0,0,0
5,CS29->US21,24623,24621,0
5,CS29->US29,0,0,0
5,CS29->US37,0,0,0
5,CS29->US45,52486,52486,0
5,CS29->US53,51734,51734,0
5,CS29->US61,0,0,0
5,CS29->US69,0,0,0
5,CS29->US77,50859,50859,0
5,CS29->US85,0,0,0
5,CS29->US93,50927,50927,0
5,CS29->US101,0,0,0
5,CS29->US109,0,0,0
5,CS29->US117,55756,55756,0
5,CS29->US125,25394,25393,0
5,CS30->US6,51299,51299,0
5,CS30->US14,0,0,0
5,CS30->US22,25023,25021,0
5,CS30->US30,0,0,0
5,CS30->US38,0,0,0
5,CS30->US46,52325,52325,0
5,CS30->US54,51702,51702,0
5,CS30->US62,0,0,0
5,CS30->US70,0,0,0
5,CS30->US78,50761,50761,0
5,CS30->US86,0,0,0
5,CS30->US94,51251,51251,0
5,CS30->US102,0,0,0
5,CS30->US110,0,0,0
5,CS30->US118,56120,56120,0
5,CS30->US126,25126,25126,0
5,CS31->US7,51416,51416,0
5,CS31->US15,0,0,0
5,CS31->US23,24740,24740,0
5,CS31->US31,0,0,0
5,CS31->US39,0,0,0
5,CS31->US47,52541,52541,0
5,CS31->US55,51295,51295,0
5,CS31->US63,0,0,0
5,CS31->US71,0,0,0
5,CS31->US79,50789,50789,0
5,CS31->US87,0,0,0
5,CS31->US95,50758,50758,0
5,CS31->US103,0,0,0
5,CS31->US111,0,0,0
5,CS31->US119,55781,55781,0
5,CS31->US127,25455,25454,0
5,CS32->US0,51285,51285,0
5,CS32->US8,0,0,0
5,CS32->US16,24809,24809,0
5,CS32->US24,0,0,0
5,CS32->US32,0,0,0
5,CS32->US40,52763,52763,0
5,CS32->US48,51689,51689,0
5,CS32->US56,0,0,0
5,CS32->US64,0,0,0
5,CS32->US72,50525,50525,0
5,CS32->US80,0,0,0
5,CS32->US88,50411,50411,0
5,CS32->US96,0,0,0
5,CS32->US104,0,0,0
5,CS32->US112,56005,56005,0
5,CS32->US120,25317,25316,0
5,CS33->US1,51309,51309,0
5,CS33->US9,0,0,0
5,CS33->US17,24883,24881,0
5,CS33->US25,0,0,0
5,CS33->US33,0,0,0
5,CS33->US41,52560,52560,0
5,CS33->US49,51371,51371,0
5,CS33->US57,0,0,0
5,CS33->US65,0,0,0
5,CS33->US73,50754,50754,0
5,CS33->US81,0,0,0
5,CS33->US89,50411,50411,0
5,CS33->US97,0,0,0
5,CS33->US105,0,0,0
5,CS33->US113,55922,55922,0
5,CS33->US121,25178,25178,0
5,CS34->US2,51903,51903,0
5,CS34->US10,0,0,0
5,CS34->US18,24783,24782,0
5,CS34->US26,0,0,0
5,CS34->US34,0,0,0
5,CS34->US42,52427,52427,0
5,CS34->US50,51161,51161,0
5,CS34->US58,0,0,0
5,CS34->US66,0,0,0
5,CS34->US74,51135,51135,0
5,CS34->US82,0,0,0
5,CS34->US90,51090,51090,0
5,CS34->US98,0,0,0
5,CS34->US106,0,0,0
5,CS34->US114,56184,56184,0
5,CS34->US122,25450,25450,0
5,CS35->US3,51747,51747,0
5,CS35->US11,0,0,0
5,CS35->US19,24591,24591,0
5,CS35->US27,0,0,0
5,CS35->US35,0,0,0
5,CS35->US43,52741,52741,0
5,CS35->US51,51685,51685,0
5,CS35->US59,0,0,0
5,CS35->US67,0,0,0
5,CS35->US75,50641,50641,0
5,CS35->US83,0,0,0
5,CS35->US91,50969,50969,0
5,CS35->US99,0,0,0
5,CS35->US107,0,0,0
5,CS35->US115,55659,55659,0
5,CS35->US123,25436,25436,0
5,CS36->US4,51420,51420,0
5,CS36->US12,0,0,0
5,CS36->US20,24663,24663,0
5,CS36->US28,0,0,0
5,CS36->US36,0,0,0
5,CS36->US44,52871,52871,0
5,CS36->US52,51699,51699,0
5,CS36->US60,0,0,0
5,CS36->US68,0,0,0
5,CS36->US76,50697,50697,0
5,CS36->US84,0,0,0
5,CS36->US92,50638,50638,0
5,CS36->US100,0,0,0
5,CS36->US108,0,0,0
5,CS36->US116,56323,56323,0
5,CS36->US124,25536,25536,0
5,CS37->US5,51479,51479,0
5,CS37->US13,0,0,0
5,CS37->US21,24844,24844,0
5,CS37->US29,0,0,0
5,CS37->US37,0,0,0
5,CS37->US45,52332,52332,0
5,CS37->US53,51635,51635,0
5,CS37->US61,0,0,0
5,CS37->US69,0,0,0
5,CS37->US77,50354,50354,0
5,CS37->US85,0,0,0
5,CS37->US93,50680,50680,0
5,CS37->US101,0,0,0
5,CS37->US109,0,0,0
5,CS37->US117,55969,55969,0
5,CS37->US125,25259,25258,0
5,CS38->US6,51181,51181,0
5,CS38->US14,0,0,0
5,CS38->US22,24505,24504,0
5,CS38->US30,0,0,0
5,CS38->US38,0,0,0
5,CS38->US46,52486,52486,0
5,CS38->US54,51747,51747,0
5,CS38->US62,0,0,0
5,CS38->US70,0,0,0
5,CS38->US78,50792,50792,0
5,CS38->US86,0,0,0
5,CS38->US94,50958,50958,0
5,CS38->US102,0,0,0
5,CS38->US110,0,0,0
5,CS38->US118,55989,55989,0
5,CS38->US126,25537,25536,0
5,CS39->US7,51603,51603,0
5,CS39->US15,0,0,0
5,CS39->US23,24774,24774,0
5,CS39->US31,0,0,0
5,CS39->US39,0,0,0
5,CS39->US47,53060,53060,0
5,CS39->US55,51327,51327,0
5,CS39->US63,0,0,0
5,CS39->US71,0,0,0
5,CS39->US79,50640,50640,0
5,CS39->US87,0,0,0
5,CS39->US95,50759,50759,0
5,CS39->US103,0,0,0
5,CS39->US111,0,0,0
5,CS39->US119,56147,56147,0
5,CS39->US127,25463,25463,0
5,CS40->US0,51561,51561,0
5,CS40->US8,0,0,0
5,CS40->US16,24981,24981,0
5,CS40->US24,0,0,0
5,CS40->US32,0,0,0
5,CS40->US40,52886,52886,0
5,CS40->US48,51333,51333,0
5,CS40->US56,0,0,0
5,CS40->US64,0,0,0
5,CS40->US72,50806,50806,0
5,CS40->US80,0,0,0
5,CS40->US88,50797,50797,0
5,CS40->US96,0,0,0
5,CS40->US104,0,0,0
5,CS40->US112,55958,55958,0
5,CS40->US120,25396,25396,0
5,CS41->US1,51441,51441,0
5,CS41->US9,0,0,0
5,CS41->US17,24791,24790,0
5,CS41->US25,0,0,0
5,CS41->US33,0,0,0
5,CS41->US41,52296,52296,0
5,CS41->US49,51667,51667,0
5,CS41->US57,0,0,0
5,CS41->US65,0,0,0
5,CS41->US73,50571,50571,0
5,CS41->US81,0,0,0
5,CS41->US89,50726,50726,0
5,CS41->US97,0,0,0
5,CS41->US105,0,0,0
5,CS41->US113,55807,55807,0
5,CS41->US121,25541,25540,0
5,CS42->US2,51384,51384,0
5,CS42->US10,0,0,0
5,CS42->US18,24774,24773,0
5,CS42->US26,0,0,0
5,CS42->US34,0,0,0
5,CS42->US42,52500,52500,0
5,CS42->US50,51367,51367,0
5,CS42->US58,0,0,0
5,CS42->US66,0,0,0
5,CS42->US74,50757,50757,0
5,CS42->US82,0,0,0
5,CS42->US90,50875,50875,0
5,CS42->US98,0,0,0
5,CS42->US106,0,0,0
5,CS42->US114,55812,55812,0
5,CS42->US122,25547,25547,0
5,CS43->US3,51726,51726,0
5,CS43->US11,0,0,0
5,CS43->US19,24814,24814,0
5,CS43->US27,0,0,0
5,CS43->US35,0,0,0
5,CS43->US43,52932,52932,0
5,CS43->US51,51272,51272,0
5,CS43->US59,0,0,0
5,CS43->US67,0,0,0
5,CS43->US75,50746,50746,0
5,CS43->US83,0,0,0
5,CS43->US91,50593,50593,0
5,CS43->US99,0,0,0
5,CS43->US107,0,0,0
5,CS43->US115,56179,56179,0
5,CS43->US123,25332,25332,0
5,CS44->US4,51603,51603,0
5,CS44->US12,0,0,0
5,CS44->US20,24963,24963,0
5,CS44->US28,0,0,0
5,CS44->US36,0,0,0
5,CS44->US44,52526,52526,0
5,CS44->US52,51632,51632,0
5,CS44->US60,0,0,0
5,CS44->US68,0,0,0
5,CS44->US76,50747,50747,0
5,CS44->US84,0,0,0
5,CS44->US92,50546,50546,0
5,CS44->US100,0,0,0
5,CS44->US108,0,0,0
5,CS44->US116,56014,56014,0
5,CS44->US124,25234,25233,0
5,CS45->US5,51078,51078,0
5,CS45->US13,0,0,0
5,CS45->US21,24519,24519,0
5,CS45->US29,0,0,0
5,CS45->US37,0,0,0
5,CS45->US45,52724,52724,0
5,CS45->US53,51404,51404,0
5,CS45->US61,0,0,0
5,CS45->US69,0,0,0
5,CS45->US77,50793,50793,0
5,CS45->US85,0,0,0
5,CS45->US93,50948,50948,0
5,CS45->US101,0,0,0
5,CS45->US109,0,0,0
5,CS45->US117,55589,55589,0
5,CS45->US125,25344,25344,0
5,CS46->US6,51517,51517,0
5,CS46->US14,0,0,0
5,CS46->US22,24681,24681,0
5,CS46->US30,0,0,0
5,CS46->US38,0,0,0
5,CS46->US46,52333,52333,0
5,CS46->US54,51304,51304,0
5,CS46->US62,0,0,0
5,CS46->US70,0,0,0
5,CS46->US78,50973,50973,0
5,CS46->US86,0,0,0
5,CS46->US94,50524,50524,0
5,CS46->US102,0,0,0
5,CS46->US110,0,0,0
5,CS46->US118,56165,56165,0
5,CS46->US126,25601,25600,0
5,CS47->US7,51693,51693,0
5,CS47->US15,0,0,0
5,CS47->US23,24640,24640,0
5,CS47->US31,0,0,0
5,CS47->US39,0,0,0
5,CS47->US47,52638,52638,0
5,CS47->US55,51526,51526,0
5,CS47->US63,0,0,0
5,CS47->US71,0,0,0
5,CS47->US79,50812,50812,0
5,CS47->US87,0,0,0
5,CS47->US95,50720,50720,0
5,CS47->US103,0,0,0
5,CS47->US111,0,0,0
5,CS47->US119,55590,55590,0
5,CS47->US127,25440,25440,0
5,CS48->US0,51418,51418,0
5,CS48->US8,0,0,0
5,CS48->US16,24674,24674,0
5,CS48->US24,0,0,0
5,CS48->US32,0,0,0
5,CS48->US40,53291,53291,0
5,CS48->US48,51737,51737,0
5,CS48->US56,0,0,0
5,CS48->US64,0,0,0
5,CS48->US72,50745,50745,0
5,CS48->US80,0,0,0
5,CS48->US88,50835,50835,0
5,CS48->US96,0,0,0
5,CS48->US104,0,0,0
5,CS48->US112,55816,55816,0
5,CS48->US120,25303,25302,0
5,CS49->US1,51236,51236,0
5,CS49->US9,0,0,0
5,CS49->US17,24743,24743,0
5,CS49->US25,0,0,0
5,CS49->US33,0,0,0
5,CS49->US41,52430,52430,0
5,CS49->US49,51506,51506,0
5,CS49->US57,0,0,0
5,CS49->US65,0,0,0
5,CS49->US73,50452,50452,0
5,CS49->US81,0,0,0
5,CS49->US89,50701,50701,0
5,CS49->US97,0,0,0
5,CS49->US105,0,0,0
5,CS49->US113,56405,56405,0
5,CS49->US121,25725,25725,0
5,CS50->US2,51399,51399,0
5,CS50->US10,0,0,0
5,CS50->US18,24854,24851,0
5,CS50->US26,0,0,0
5,CS50->US34,0,0,0
5,CS50->US42,52372,52372,0
5,CS50->US50,51600,51600,0
5,CS50->US58,0,0,0
5,CS50->US66,0,0,0
5,CS50->US74,50971,50971,0
5,CS50->US82,0,0,0
5,CS50->US90,50676,50676,0
5,CS50->US98,0,0,0
5,CS50->US106,0,0,0
5,CS50->US114,56053,56053,0
5,CS50->US122,25267,25267,0
5,CS51->US3,51421,51421,0
5,CS51->US11,0,0,0
5,CS51->US19,24809,24809,0
5,CS51->US27,0,0,0
5,CS51->US35,0,0,0
5,CS51->US43,52590,52590,0
5,CS51->US51,51365,51365,0
5,CS51->US59,0,0,0
5,CS51->US67,0,0,0
5,CS51->US75,50557,50557,0
5,CS51->US83,0,0,0
5,CS51->US91,50555,50555,0
5,CS51->US99,0,0,0
5,CS51->US107,0,0,0
5,CS51->US115,56109,56109,0
5,CS51->US123,25266,25265,0
5,CS52->US4,51343,51343,0
5,CS52->US12,0,0,0
5,CS52->US20,24663,24663,0
5,CS52->US28,0,0,0
5,CS52->US36,0,0,0
5,CS52->US44,52385,52385,0
5,CS52->US52,51514,51514,0
5,CS52->US60,0,0,0
5,CS52->US68,0,0,0
5,CS52->US76,50862,50862,0
5,CS52->US84,0,0,0
5,CS52->US92,51082,51082,0
5,CS52->US100,0,0,0
5,CS52->US108,0,0,0
5,CS52->US116,55808,55808,0
5,CS52->US124,25605,25604,0
5,CS53->US5,51525,51525,0
5,CS53->US13,0,0,0
5,CS53->US21,24928,24927,0
5,CS53->US29,0,0,0
5,CS53->US37,0,0,0
5,CS53->US45,52814,52814,0
5,CS53->US53,51356,51356,0
5,CS53->US61,0,0,0
5,CS53->US69,0,0,0
5,CS53->US77,50704,50704,0
5,CS53->US85,0,0,0
5,CS53->US93,50468,50468,0
5,CS53->US101,0,0,0
5,CS53->US109,0,0,0
5,CS53->US117,55547,55547,0
5,CS53->US125,25350,25350,0
5,CS54->US6,51598,51598,0
5,CS54->US14,0,0,0
5,CS54->US22,24755,24755,0
5,CS54->US30,0,0,0
5,CS54->US38,0,0,0
5,CS54->US46,52572,52572,0
5,CS54->US54,51637,51637,0
5,CS54->US62,0,0,0
5,CS54->US70,0,0,0
5,CS54->US78,50398,50398,0
5,CS54->US86,0,0,0
5,CS54->US94,50525,50525,0
5,CS54->US102,0,0,0
5,CS54->US110,0,0,0
5,CS54->US118,55814,55814,0
5,CS54->US126,25156,25155,0
5,CS55->US7,51177,51177,0
5,CS55->US15,0,0,0
5,CS55->US23,24748,24748,0
5,CS55->US31,0,0,0
5,CS55->US39,0,0,0
5,CS55->US47,52601,52601,0
5,CS55->US55,51351,51351,0
5,CS55->US63,0,0,0
5,CS55->US71,0,0,0
5,CS55->US79,50410,50410,0
5,CS55->US87,0,0,0
5,CS55->US95,50761,50761,0
5,CS55->US103,0,0,0
5,CS55->US111,0,0,0
5,CS55->US119,55916,55916,0
5,CS55->US127,25185,25184,0
5,CS56->US0,51272,51272,0
5,CS56->US8,0,0,0
5,CS56->US16,24608,24608,0
5,CS56->US24,0,0,0
5,CS56->US32,0,0,0
5,CS56->US40,52511,52511,0
5,CS56->US48,51383,51383,0
5,CS56->US56,0,0,0
5,CS56->US64,0,0,0
5,CS56->US72,50852,50852,0
5,CS56->US80,0,0,0
5,CS56->US88,50932,50932,0
5,CS56->US96,0,0,0
5,CS56->US104,0,0,0
5,CS56->US112,55970,55970,0
5,CS56->US120,25343,25343,0
5,CS57->US1,51633,51633,0
5,CS57->US9,0,0,0
5,CS57->US17,24622,24622,0
5,CS57->US25,0,0,0
5,CS57->US33,0,0,0
5,CS57->US41,52687,52687,0
5,CS57->US49,51373,51373,0
5,CS57->US57,0,0,0
5,CS57->US65,0,0,0
5,CS57->US73,50869,50869,0
5,CS57->US81,0,0,0
5,CS57->US89,50847,50847,0
5,CS57->US97,0,0,0
5,CS57->US105,0,0,0
5,CS57->US113,56453,56453,0
5,CS57->US121,25377,25377,0
5,CS58->US2,51427,51427,0
5,CS58->US10,0,0,0
5,CS58->US18,24782,24782,0
5,CS58->US26,0,0,0
5,CS58->US34,0,0,0
5,CS58->US42,52671,52671,0
5,CS58->US50,51176,51176,0
5,CS58->US58,0,0,0
5,CS58->US66,0,0,0
5,CS58->US74,50855,50855,0
5,CS58->US82,0,0,0
5,CS58->US90,50952,50952,0
5,CS58->US98,0,0,0
5,CS58->US106,0,0,0
5,CS58->US114,55930,55930,0
5,CS58->US122,25170,25170,0
5,CS59->US3,51460,51460,0
5,CS59->US11,0,0,0
5,CS59->US19,24717,24717,0
5,CS59->US27,0,0,0
5,CS59->US35,0,0,0
5,CS59->US43,52403,52403,0
5,CS59->US51,51253,51253,0
5,CS59->US59,0,0,0
5,CS59->US67,0,0,0
5,CS59->US75,50596,50596,0
5,CS59->US83,0,0,0
5,CS59->US91,50981,50981,0
5,CS59->US99,0,0,0
5,CS59->US107,0,0,0
5,CS59->US115,55938,55938,0
5,CS59->US123,25272,25272,0
5,CS60->US4,51432,51432,0
5,CS60->US12,0,0,0
5,CS60->US20,24781,24779,0
5,CS60->US28,0,0,0
5,CS60->US36,0,0,0
5,CS60->US44,52571,52571,0
5,CS60->US52,51418,51418,0
5,CS60->US60,0,0,0
5,CS60->US68,0,0,0
5,CS60->US76,51137,51137,0
5,CS60->US84,0,0,0
5,CS60->US92,50582,50582,0
5,CS60->US100,0,0,0
5,CS60->US108,0,0,0
5,CS60->US116,55976,55976,0
5,CS60->US124,25266,25265,0
5,CS61->US5,51300,51300,0
5,CS61->US13,0,0,0
5,CS61->US21,24901,24900,0
5,CS61->US29,0,0,0
5,CS61->US37,0,0,0
5,CS61->US45,52001,52001,0
5,CS61->US53,51618,51618,0
5,CS61->US61,0,0,0
5,CS61->US69,0,0,0
5,CS61->US77,50644,50644,0
5,CS61->US85,0,0,0
5,CS61->US93,51174,51174,0
5,CS61->US101,0,0,0
5,CS61->US109,0,0,0
5,CS61->US117,55958,55958,0
5,CS61->US125,25079,25079,0
5,CS62->US6,51314,51314,0
5,CS62->US14,0,0,0
5,CS62->US22,24879,24879,0
5,CS62->US30,0,0,0
5,CS62->US38,0,0,0
5,CS62->US46,52864,52864,0
5,CS62->US54,51533,51533,0
5,CS62->US62,0,0,0
5,CS62->US70,0,0,0
5,CS62->US78,50614,50614,0
5,CS62->US86,0,0,0
5,CS62->US94,50698,50698,0
5,CS62->US102,0,0,0
5,CS62->US110,0,0,0
5,CS62->US118,56213,56213,0
5,CS62->US126,25085,25084,0
5,CS63->US7,51762,51762,0
5,CS63->US15,0,0,0
5,CS63->US23,24891,24890,0
5,CS63->US31,0,0,0
5,CS63->US39,0,0,0
5,CS63->US47,52779,52779,0
5,CS63->US55,51196,51196,0
5,CS63->US63,0,0,0
5,CS63->US71,0,0,0
5,CS63->US79,50574,50574,0
5,CS63->US87,0,0,0
5,CS63->US95,50714,50714,0
5,CS63->US103,0,0,0
5,CS63->US111,0,0,0
5,CS63->US119,56422,56422,0
5,CS63->US127,25392,25392,0
6,US0->CS0,51560,51560,0
6,US0->CS8,51776,51776,0
6,US0->CS16,51627,51627,0
6,US0->CS24,51241,51241,0
6,US0->CS32,51991,51991,0
6,US0->CS40,51642,51642,0
6,US0->CS48,52034,52034,0
6,US0->CS56,51705,51705,0
6,US1->CS1,51901,51901,0
6,US1->CS9,51976,51976,0
6,US1->CS17,51149,51149,0
6,US1->CS25,51656,51656,0
6,US1->CS33,51652,51652,0
6,US1->CS41,51932,51932,0
6,US1->CS49,51815,51815,0
6,US1->CS57,51635,51635,0
6,US2->CS2,51678,51678,0
6,US2->CS10,52076,52076,0
6,US2->CS18,51668,51668,0
6,US2->CS26,51778,51778,0
6,US2->CS34,51415,51415,0
6,US2->CS42,51654,51654,0
6,US2->CS50,51897,51897,0
6,US2->CS58,51411,51411,0
6,US3->CS3,51757,51757,0
6,US3->CS11,51469,51469,0
6,US3->CS19,51737,51737,0
6,US3->CS27,52162,52162,0
6,US3->CS35,51956,51956,0
6,US3->CS43,51542,51542,0
6,US3->CS51,51635,51635,0
6,US3->CS59,51531,51531,0
6,US4->CS4,52016,52016,0
6,US4->CS12,51620,51620,0
6,US4->CS20,51926,51926,0
6,US4->CS28,52120,52120,0
6,US4->CS36,52014,52014,0
6,US4->CS44,51914,51914,0
6,US4->CS52,51769,51769,0
6,US4->CS60,51682,51682,0
6,US5->CS5,51794,51794,0
6,US5->CS13,52163,52163,0
6,US5->CS21,51643,51643,0
6,US5->CS29,52027,52027,0
6,US5->CS37,51877,51877,0
6,US5->CS45,51673,51673,0
6,US5->CS53,51666,51666,0
6,US5->CS61,51915,51915,0
6,US6->CS6,51890,51890,0
6,US6->CS14,51577,51577,0
6,US6->CS22,51597,51597,0
6,US6->CS30,51985,51985,0
6,US6->CS38,52040,52040,0
6,US6->CS46,51565,51565,0
6,US6->CS54,51870,51870,0
6,US6->CS62,51815,51815,0
6,US7->CS7,52054,52054,0
6,US7->CS15,51904,51904,0
6,US7->CS23,51931,51931,0
6,US7->CS31,51551,51551,0
6,US7->CS39,51607,51607,0
6,US7->CS47,51784,51784,0
6,US7->CS55,51605,51605,0
6,US7->CS63,51438,51438,0
6,US8->CS0,5466,5465,0
6,US8->CS8,5382,5382,0
6,US8->CS16,5507,5507,0
6,US8->CS24,5409,5408,0
6,US8->CS32,5469,5468,0
6,US8->CS40,5470,5470,0
6,US8->CS48,5405,5405,0
6,US8->CS56,5394,5393,0
6,US9->CS1,5335,5335,0
6,US9->CS9,5612,5612,0
6,US9->CS17,5599,5599,0
6,US9->CS25,5377,5377,0
6,US9->CS33,5385,5384,0
6,US9->CS41,5511,5511,0
6,US9->CS49,5461,5460,0
6,US9->CS57,5538,5538,0
6,US10->CS2,5436,5435,0
6,US10->CS10,5314,5314,0
6,US10->CS18,5472,5471,0
6,US10->CS26,5435,5435,0
6,US10->CS34,5386,5386,0
6,US10->CS42,5333,5332,0
6,US10->CS50,5558,5558,0
6,US10->CS58,5390,5390,0
6,US11->CS3,5542,5542,0
6,US11->CS11,5448,5448,0
6,US11->CS19,5484,5483,0
6,US11->CS27,5397,5395,0
6,US11->CS35,5477,5477,0
6,US11->CS43,5518,5518,0
6,US11->CS51,5461,5461,0
6,US11->CS59,5457,5457,0
6,US12->CS4,5532,5532,0
6,US12->CS12,5249,5248,0
6,US12->CS20,5587,5587,0
6,US12->CS28,5414,5413,0
6,US12->CS36,5418,5417,0
6,US12->CS44,5507,5506,0
6,US12->CS52,5411,5411,0
6,US12->CS60,5462,5461,0
6,US13->CS5,5445,5445,0
6,US13->CS13,5444,5444,0
6,US13->CS21,5474,5474,0
6,US13->CS29,5483,5483,0
6,US13->CS37,5304,5304,0
6,US13->CS45,5604,5603,0
6,US13->CS53,5532,5532,0
6,US13->CS61,5360,5360,0
6,US14->CS6,5441,5441,0
6,US14->CS14,5290,5290,0
6,US14->CS22,5408,5407,0
6,US14->CS30,5318,5318,0
6,US14->CS38,5447,5446,0
6,US14->CS46,5520,5520,0
6,US14->CS54,5303,5302,0
6,US14->CS62,5403,5403,0
6,US15->CS7,5505,5504,0
6,US15->CS15,5442,5442,0
6,US15->CS23,5557,5557,0
6,US15->CS31,5493,5491,0
6,US15->CS39,5577,5576,0
6,US15->CS47,5328,5328,0
6,US15->CS55,5551,5550,0
6,US15->CS63,5467,5467,0
6,US16->CS0,54666,54666,0
6,US16->CS8,54635,54635,0
6,US16->CS16,54667,54667,0
6,US16->CS24,54808,54808,0
6,US16->CS32,54809,54809,0
6,US16->CS40,54674,54674,0
6,US16->CS48,54768,54768,0
6,US16->CS56,55032,55032,0
6,US17->CS1,54788,54788,0
6,US17->CS9,54776,54776,0
6,US17->CS17,54492,54492,0
6,US17->CS25,55017,55017,0
6,US17->CS33,54371,54371,0
6,US17->CS41,54823,54823,0
6,US17->CS49,55411,55411,0
6,US17->CS57,54890,54890,0
6,US18->CS2,54782,54782,0
6,US18->CS10,54604,54604,0
6,US18->CS18,54703,54703,0
6,US18->CS26,54395,54395,0
6,US18->CS34,54565,54565,0
6,US18->CS42,54932,54932,0
6,US18->CS50,54783,54783,0
6,US18->CS58,54686,54686,0
6,US19->CS3,54455,54455,0
6,US19->CS11,54867,54867,0
6,US19->CS19,54706,54706,0
6,US19->CS27,54636,54636,0
6,US19->CS35,54968,54968,0
6,US19->CS43,54578,54578,0
6,US19->CS51,54810,54810,0
6,US19->CS59,54791,54791,0
6,US20->CS4,54783,54783,0
6,US20->CS12,54602,54602,0
6,US20->CS20,54643,54643,0
6,US20->CS28,54774,54774,0
6,US20->CS36,54524,54524,0
6,US20->CS44,54890,54890,0
6,US20->CS52,54944,54944,0
6,US20->CS60,54682,54682,0
6,US21->CS5,54815,54815,0
6,US21->CS13,55077,55077,0
6,US21->CS21,54852,54852,0
6,US21->CS29,54683,54683,0
6,US21->CS37,54914,54914,0
6,US21->CS45,54552,54552,0
6,US21->CS53,54763,54763,0
6,US21->CS61,54567,54567,0
6,US22->CS6,54819,54819,0
6,US22->CS14,54760,54760,0
6,US22->CS22,55007,55007,0
6,US22->CS30,54327,54327,0
6,US22->CS38,54898,54898,0
6,US22->CS46,54763,54763,0
6,US22->CS54,54538,54538,0
6,US22->CS62,54383,54383,0
6,US23->CS7,54742,54742,0
6,US23->CS15,55064,55064,0
6,US23->CS23,54853,54853,0
6,US23->CS31,54868,54868,0
6,US23->CS39,54988,54988,0
6,US23->CS47,55226,55226,0
6,US23->CS55,54635,54635,0
6,US23->CS63,54798,54798,0
6,US24->CS0,0,0,0
6,US24->CS8,0,0,0
6,US24->CS16,0,0,0
6,US24->CS24,0,0,0
6,US24->CS32,0,0,0
6,US24->CS40,0,0,0
6,US24->CS48,0,0,0
6,US24->CS56,0,0,0
6,US25->CS1,0,0,0
6,US25->CS9,0,0,0
6,US25->CS17,0,0,0
6,US25->CS25,0,0,0
6,US25->CS33,0,0,0
6,US25->CS41,0,0,0
6,US25->CS49,0,0,0
6,US25->CS57,0,0,0
6,US26->CS2,0,0,0
6,US26->CS10,0,0,0
6,US26->CS18,0,0,0
6,US26->CS26,0,0,0
6,US26->CS34,0,0,0
6,US26->CS42,0,0,0
6,US26->CS50,0,0,0
6,US26->CS58,0,0,0
6,US27->CS3,0,0,0
6,US27->CS11,0,0,0
6,US27->CS19,0,0,0
6,US27->CS27,0,0,0
6,US27->CS35,0,0,0
6,US27->CS43,0,0,0
6,US27->CS51,0,0,0
6,US27->CS59,0,0,0
6,US28->CS4,0,0,0
6,US28->CS12,0,0,0
6,US28->CS20,0,0,0
6,US28->CS28,0,0,0
6,US28->CS36,0,0,0
6,US28->CS44,0,0,0
6,US28->CS52,0,0,0
6,US28->CS60,0,0,0
6,US29->CS5,0,0,0
6,US29->CS13,0,0,0
6,US29->CS21,0,0,0
6,US29->CS29,0,0,0
6,US29->CS37,0,0,0
6,US29->CS45,0,0,0
6,US29->CS53,0,0,0
6,US29->CS61,0,0,0
6,US30->CS6,0,0,0
6,US30->CS14,0,0,0
6,US30->CS22,0,0,0
6,US30->CS30,0,0,0
6,US30->CS38,0,0,0
6,US30->CS46,0,0,0
6,US30->CS54,0,0,0
6,US30->CS62,0,0,0
6,US31->CS7,0,0,0
6,US31->CS15,0,0,0
6,US31->CS23,0,0,0
6,US31->CS31,0,0,0
6,US31->CS39,0,0,0
6,US31->CS47,0,0,0
6,US31->CS55,0,0,0
6,US31->CS63,0,0,0
6,US32->CS0,0,0,0
6,US32->CS8,0,0,0
6,US32->CS16,0,0,0
6,US32->CS24,0,0,0
6,US32->CS32,0,0,0
6,US32->CS40,0,0,0
6,US32->CS48,0,0,0
6,US32->CS56,0,0,0
6,US33->CS1,0,0,0
6,US33->CS9,0,0,0
6,US33->CS17,0,0,0
6,US33->CS25,0,0,0
6,US33->CS33,0,0,0
6,US33->CS41,0,0,0
6,US33->CS49,0,0,0
6,US33->CS57,0,0,0
6,US34->CS2,0,0,0
6,US34->CS10,0,0,0
6,US34->CS18,0,0,0
6,US34->CS26,0,0,0
6,US34->CS34,0,0,0
6,US34->CS42,0,0,0
6,US34->CS50,0,0,0
6,US34->CS58,0,0,0
6,US35->CS3,0,0,0
6,US35->CS11,0,0,0
6,US35->CS19,0,0,0
6,US35->CS27,0,0,0
6,US35->CS35,0,0,0
6,US35->CS43,0,0,0
6,US35->CS51,0,0,0
6,US35->CS59,0,0,0
6,US36->CS4,0,0,0
6,US36->CS12,0,0,0
6,US36->CS20,0,0,0
6,US36->CS28,0,0,0
6,US36->CS36,0,0,0
6,US36->CS44,0,0,0
6,US36->CS52,0,0,0
6,US36->CS60,0,0,0
6,US37->CS5,0,0,0
6,US37->CS13,0,0,0
6,US37->CS21,0,0,0
6,US37->CS29,0,0,0
6,US37->CS37,0,0,0
6,US37->CS45,0,0,0
6,US37->CS53,0,0,0
6,US37->CS61,0,0,0
6,US38->CS6,0,0,0
6,US38->CS14,0,0,0
6,US38->CS22,0,0,0
6,US38->CS30,0,0,0
6,US38->CS38,0,0,0
6,US38->CS46,0,0,0
6,US38->CS54,0,0,0
6,US38->CS62,0,0,0
6,US39->CS7,0,0,0
6,US39->CS15,0,0,0
6,US39->CS23,0,0,0
6,US39->CS31,0,0,0
6,US39->CS39,0,0,0
6,US39->CS47,0,0,0
6,US39->CS55,0,0,0
6,US39->CS63,0,0,0
6,US40->CS0,55723,55723,0
6,US40->CS8,55658,55658,0
6,US40->CS16,55831,55831,0
6,US40->CS24,55800,55800,0
6,US40->CS32,55823,55823,0
6,US40->CS40,55781,55781,0
6,US40->CS48,55618,55618,0
6,US40->CS56,55759,55759,0
6,US41->CS1,55859,55859,0
6,US41->CS9,55850,55850,0
6,US41->CS17,55712,55712,0
6,US41->CS25,55169,55169,0
6,US41->CS33,55794,55794,0
6,US41->CS41,55674,55674,0
6,US41->CS49,56201,56201,0
6,US41->CS57,56322,56322,0
6,US42->CS2,55959,55959,0
6,US42->CS10,56076,56076,0
6,US42->CS18,55681,55681,0
6,US42->CS26,55677,55677,0
6,US42->CS34,56078,56078,0
6,US42->CS42,55638,55638,0
6,US42->CS50,55941,55941,0
6,US42->CS58,55827,55827,0
6,US43->CS3,55455,55455,0
6,US43->CS11,55807,55807,0
6,US43->CS19,55899,55899,0
6,US43->CS27,55684,55684,0
6,US43->CS35,55518,55518,0
6,US43->CS43,56034,56034,0
6,US43->CS51,55969,55969,0
6,US43->CS59,55748,55748,0
6,US44->CS4,55872,55872,0
6,US44->CS12,56154,56154,0
6,US44->CS20,56667,56667,0
6,US44->CS28,55622,55622,0
6,US44->CS36,56141,56141,0
6,US44->CS44,55790,55790,0
6,US44->CS52,55677,55677,0
6,US44->CS60,55821,55821,0
6,US45->CS5,55718,55718,0
6,US45->CS13,55339,55339,0
6,US45->CS21,55845,55845,0
6,US45->CS29,55565,55565,0
6,US45->CS37,55857,55857,0
6,US45->CS45,55457,55457,0
6,US45->CS53,55343,55343,0
6,US45->CS61,55723,55723,0
6,US46->CS6,55651,55651,0
6,US46->CS14,55764,55764,0
6,US46->CS22,56196,56196,0
6,US46->CS30,55923,55923,0
6,US46->CS38,55833,55833,0
6,US46->CS46,56015,56015,0
6,US46->CS54,55683,55683,0
6,US46->CS62,56052,56052,0
6,US47->CS7,56073,56073,0
6,US47->CS15,55933,55933,0
6,US47->CS23,55675,55675,0
6,US47->CS31,55628,55628,0
6,US47->CS39,55984,55984,0
6,US47->CS47,55454,55454,0
6,US47->CS55,55814,55814,0
6,US47->CS63,56298,56298,0
6,US48->CS0,51869,51869,0
6,US48->CS8,51796,51796,0
6,US48->CS16,51455,51455,0
6,US48->CS24,51943,51943,0
6,US48->CS32,51591,51591,0
6,US48->CS40,51847,51847,0
6,US48->CS48,51737,51737,0
6,US48->CS56,51528,51528,0
6,US49->CS1,51608,51608,0
6,US49->CS9,51402,51402,0
6,US49->CS17,51873,51873,0
6,US49->CS25,51580,51580,0
6,US49->CS33,51590,51590,0
6,US49->CS41,51715,51715,0
6,US49->CS49,51506,51506,0
6,US49->CS57,51977,51977,0
6,US50->CS2,51727,51727,0
6,US50->CS10,51523,51523,0
6,US50->CS18,51661,51661,0
6,US50->CS26,51910,51910,0
6,US50->CS34,52178,52178,0
6,US50->CS42,51659,51659,0
6,US50->CS50,51686,51686,0
6,US50->CS58,51669,51669,0
6,US51->CS3,52103,52103,0
6,US51->CS11,52191,52191,0
6,US51->CS19,51388,51388,0
6,US51->CS27,51540,51540,0
6,US51->CS35,51992,51992,0
6,US51->CS43,52022,52022,0
6,US51->CS51,51709,51709,0
6,US51->CS59,51785,51785,0
6,US52->CS4,51540,51540,0
6,US52->CS12,51954,51954,0
6,US52->CS20,51666,51666,0
6,US52->CS28,51616,51616,0
6,US52->CS36,51707,51707,0
6,US52->CS44,51909,51909,0
6,US52->CS52,51597,51597,0
6,US52->CS60,51672,51672,0
6,US53->CS5,51974,51974,0
6,US53->CS13,51923,51923,0
6,US53->CS21,51946,51946,0
6,US53->CS29,52004,52004,0
6,US53->CS37,51718,51718,0
6,US53->CS45,51329,51329,0
6,US53->CS53,51782,51782,0
6,US53->CS61,51539,51539,0
6,US54->CS6,51444,51444,0
6,US54->CS14,51798,51798,0
6,US54->CS22,51898,51898,0
6,US54->CS30,51580,51580,0
6,US54->CS38,51440,51440,0
6,US54->CS46,51767,51767,0
6,US54->CS54,51919,51919,0
6,US54->CS62,51578,51578,0
6,US55->CS7,51923,51923,0
6,US55->CS15,52523,52523,0
6,US55->CS23,52015,52015,0
6,US55->CS31,51687,51687,0
6,US55->CS39,51868,51868,0
6,US55->CS47,51979,51979,0
6,US55->CS55,51463,51463,0
6,US55->CS63,52032,52032,0
6,US56->CS0,0,0,0
6,US56->CS8,0,0,0
6,US56->CS16,0,0,0
6,US56->CS24,0,0,0
6,US56->CS32,0,0,0
6,US56->CS40,0,0,0
6,US56->CS48,0,0,0
6,US56->CS56,0,0,0
6,US57->CS1,0,0,0
6,US57->CS9,0,0,0
6,US57->CS17,0,0,0
6,US57->CS25,0,0,0
6,US57->CS33,0,0,0
6,US57->CS41,0,0,0
6,US57->CS49,0,0,0
6,US57->CS57,0,0,0
6,US58->CS2,0,0,0
6,US58->CS10,0,0,0
6,US58->CS18,0,0,0
6,US58->CS26,0,0,0
6,US58->CS34,0,0,0
6,US58->CS42,0,0,0
6,US58->CS50,0,0,0
6,US58->CS58,0,0,0
6,US59->CS3,0,0,0
6,US59->CS11,0,0,0
6,US59->CS19,0,0,0
6,US59->CS27,0,0,0
6,US59->CS35,0,0,0
6,US59->CS43,0,0,0
6,US59->CS51,0,0,0
6,US59->CS59,0,0,0
6,US60->CS4,0,0,0
6,US60->CS12,0,0,0
6,US60->CS20,0,0,0
6,US60->CS28,0,0,0
6,US60->CS36,0,0,0
6,US60->CS44,0,0,0
6,US60->CS52,0,0,0
6,US60->CS60,0,0,0
6,US61->CS5,0,0,0
6,US61->CS13,0,0,0
6,US61->CS21,0,0,0
6,US61->CS29,0,0,0
6,US61->CS37,0,0,0
6,US61->CS45,0,0,0
6,US61->CS53,0,0,0
6,US61->CS61,0,0,0
6,US62->CS6,0,0,0
6,US62->CS14,0,0,0
6,US62->CS22,0,0,0
6,US62->CS30,0,0,0
6,US62->CS38,0,0,0
6,US62->CS46,0,0,0
6,US62->CS54,0,0,0
6,US62->CS62,0,0,0
6,US63->CS7,0,0,0
6,US63->CS15,0,0,0
6,US63->CS23,0,0,0
6,US63->CS31,0,0,0
6,US63->CS39,0,0,0
6,US63->CS47,0,0,0
6,US63->CS55,0,0,0
6,US63->CS63,0,0,0
6,US64->CS0,0,0,0
6,US64->CS8,0,0,0
6,US64->CS16,0,0,0
6,US64->CS24,0,0,0
6,US64->CS32,0,0,0
6,US64->CS40,0,0,0
6,US64->CS48,0,0,0
6,US64->CS56,0,0,0
6,US65->CS1,0,0,0
6,US65->CS9,0,0,0
6,US65->CS17,0,0,0
6,US65->CS25,0,0,0
6,US65->CS33,0,0,0
6,US65->CS41,0,0,0
6,US65->CS49,0,0,0
6,US65->CS57,0,0,0
6,US66->CS2,0,0,0
6,US66->CS10,0,0,0
6,US66->CS18,0,0,0
6,US66->CS26,0,0,0
6,US66->CS34,0,0,0
6,US66->CS42,0,0,0
6,US66->CS50,0,0,0
6,US66->CS58,0,0,0
6,US67->CS3,0,0,0
6,US67->CS11,0,0,0
6,US67->CS19,0,0,0
6,US67->CS27,0,0,0
6,US67->CS35,0,0,0
6,US67->CS43,0,0,0
6,US67->CS51,0,0,0
6,US67->CS59,0,0,0
6,US68->CS4,0,0,0
6,US68->CS12,0,0,0
6,US68->CS20,0,0,0
6,US68->CS28,0,0,0
6,US68->CS36,0,0,0
6,US68->CS44,0,0,0
6,US68->CS52,0,0,0
6,US68->CS60,0,0,0
6,US69->CS5,0,0,0
6,US69->CS13,0,0,0
6,US69->CS21,0,0,0
6,US69->CS29,0,0,0
6,US69->CS37,0,0,0
6,US69->CS45,0,0,0
6,US69->CS53,0,0,0
6,US69->CS61,0,0,0
6,US70->CS6,0,0,0
6,US70->CS14,0,0,0
6,US70->CS22,0,0,0
6,US70->CS30,0,0,0
6,US70->CS38,0,0,0
6,US70->CS46,0,0,0
6,US70->CS54,0,0,0
6,US70->CS62,0,0,0
6,US71->CS7,0,0,0
6,US71->CS15,0,0,0
6,US71->CS23,0,0,0
6,US71->CS31,0,0,0
6,US71->CS39,0,0,0
6,US71->CS47,0,0,0
6,US71->CS55,0,0,0
6,US71->CS63,0,0,0
6,US72->CS0,50564,50564,0
6,US72->CS8,50944,50944,0
6,US72->CS16,50308,50308,0
6,US72->CS24,50692,50692,0
6,US72->CS32,50304,50304,0
6,US72->CS40,50653,50653,0
6,US72->CS48,50695,50695,0
6,US72->CS56,50733,50733,0
6,US73->CS1,50383,50383,0
6,US73->CS9,50853,50853,0
6,US73->CS17,50871,50871,0
6,US73->CS25,50739,50739,0
6,US73->CS33,50233,50233,0
6,US73->CS41,50563,50563,0
6,US73->CS49,50539,50539,0
6,US73->CS57,50693,50693,0
6,US74->CS2,50826,50826,0
6,US74->CS10,50468,50468,0
6,US74->CS18,50791,50791,0
6,US74->CS26,50756,50756,0
6,US74->CS34,50932,50932,0
6,US74->CS42,50724,50724,0
6,US74->CS50,50496,50496,0
6,US74->CS58,50813,50813,0
6,US75->CS3,50488,50488,0
6,US75->CS11,50344,50344,0
6,US75->CS19,50561,50561,0
6,US75->CS27,50902,50902,0
6,US75->CS35,50851,50851,0
6,US75->CS43,50527,50527,0
6,US75->CS51,50434,50434,0
6,US75->CS59,50846,50846,0
6,US76->CS4,50687,50687,0
6,US76->CS12,50648,50648,0
6,US76->CS20,50579,50579,0
6,US76->CS28,50277,50277,0
6,US76->CS36,50504,50504,0
6,US76->CS44,50375,50375,0
6,US76->CS52,50908,50908,0
6,US76->CS60,50475,50475,0
6,US77->CS5,50394,50394,0
6,US77->CS13,50691,50691,0
6,US77->CS21,50519,50519,0
6,US77->CS29,50836,50836,0
6,US77->CS37,50530,50530,0
6,US77->CS45,50816,50816,0
6,US77->CS53,50400,50400,0
6,US77->CS61,51036,51036,0
6,US78->CS6,50487,50487,0
6,US78->CS14,50501,50501,0
6,US78->CS22,50262,50262,0
6,US78->CS30,51127,51127,0
6,US78->CS38,50871,50871,0
6,US78->CS46,50366,50366,0
6,US78->CS54,50407,50407,0
6,US78->CS62,50532,50532,0
6,US79->CS7,50713,50713,0
6,US79->CS15,50531,50531,0
6,US79->CS23,50749,50749,0
6,US79->CS31,50621,50621,0
6,US79->CS39,50588,50588,0
6,US79->CS47,50589,50589,0
6,US79->CS55,50628,50628,0
6,US79->CS63,50536,50536,0
6,US80->CS0,6447,6447,0
6,US80->CS8,6400,6399,0
6,US80->CS16,6408,6408,0
6,US80->CS24,6493,6493,0
6,US80->CS32,6565,6564,0
6,US80->CS40,6506,6505,0
6,US80->CS48,6429,6429,0
6,US80->CS56,6573,6573,0
6,US81->CS1,6504,6504,0
6,US81->CS9,6455,6454,0
6,US81->CS17,6475,6475,0
6,US81->CS25,6573,6573,0
6,US81->CS33,6385,6385,0
6,US81->CS41,6489,6489,0
6,US81->CS49,6437,6436,0
6,US81->CS57,6447,6447,0
6,US82->CS2,6419,6419,0
6,US82->CS10,6398,6397,0
6,US82->CS18,6369,6368,0
6,US82->CS26,6538,6538,0
6,US82->CS34,6473,6473,0
6,US82->CS42,6393,6392,0
6,US82->CS50,6412,6412,0
6,US82->CS58,6489,6489,0
6,US83->CS3,6470,6470,0
6,US83->CS11,6465,6463,0
6,US83->CS19,6480,6479,0
6,US83->CS27,6481,6481,0
6,US83->CS35,6403,6403,0
6,US83->CS43,6339,6338,0
6,US83->CS51,6478,6478,0
6,US83->CS59,6437,6436,0
6,US84->CS4,6479,6479,0
6,US84->CS12,6543,6543,0
6,US84->CS20,6586,6585,0
6,US84->CS28,6535,6535,0
6,US84->CS36,6425,6425,0
6,US84->CS44,6673,6672,0
6,US84->CS52,6400,6400,0
6,US84->CS60,6431,6431,0
6,US85->CS5,6519,6518,0
6,US85->CS13,6360,6360,0
6,US85->CS21,6382,6382,0
6,US85->CS29,6324,6323,0
6,US85->CS37,6546,6545,0
6,US85->CS45,6427,6426,0
6,US85->CS53,6408,6408,0
6,US85->CS61,6550,6550,0
6,US86->CS6,6531,6530,0
6,US86->CS14,6349,6349,0
6,US86->CS22,6539,6539,0
6,US86->CS30,6437,6437,0
6,US86->CS38,6463,6463,0
6,US86->CS46,6489,6489,0
6,US86->CS54,6488,6488,0
6,US86->CS62,6539,6539,0
6,US87->CS7,6530,6530,0
6,US87->CS15,6417,6417,0
6,US87->CS23,6533,6533,0
6,US87->CS31,6461,6459,0
6,US87->CS39,6433,6432,0
6,US87->CS47,6658,6657,0
6,US87->CS55,6500,6500,0
6,US87->CS63,6629,6629,0
6,US88->CS0,50865,50865,0
6,US88->CS8,51056,51056,0
6,US88->CS16,51085,51085,0
6,US88->CS24,50691,50691,0
6,US88->CS32,50496,50496,0
6,US88->CS40,50776,50776,0
6,US88->CS48,50748,50748,0
6,US88->CS56,50837,50837,0
6,US89->CS1,50818,50818,0
6,US89->CS9,50059,50059,0
6,US89->CS17,51052,51052,0
6,US89->CS25,50811,50811,0
6,US89->CS33,50724,50724,0
6,US89->CS41,50513,50513,0
6,US89->CS49,50462,50462,0
6,US89->CS57,50817,50817,0
6,US90->CS2,51036,51036,0
6,US90->CS10,50679,50679,0
6,US90->CS18,50735,50735,0
6,US90->CS26,51200,51200,0
6,US90->CS34,51032,51032,0
6,US90->CS42,50745,50745,0
6,US90->CS50,50923,50923,0
6,US90->CS58,50763,50763,0
6,US91->CS3,50603,50603,0
6,US91->CS11,50763,50763,0
6,US91->CS19,50952,50952,0
6,US91->CS27,50824,50824,0
6,US91->CS35,50577,50577,0
6,US91->CS43,50712,50712,0
6,US91->CS51,50536,50536,0
6,US91->CS59,50598,50598,0
6,US92->CS4,50996,50996,0
6,US92->CS12,50728,50728,0
6,US92->CS20,51305,51305,0
6,US92->CS28,51005,51005,0
6,US92->CS36,50666,50666,0
6,US92->CS44,50796,50796,0
6,US92->CS52,50837,50837,0
6,US92->CS60,51111,51111,0
6,US93->CS5,50657,50657,0
6,US93->CS13,50970,50970,0
6,US93->CS21,50587,50587,0
6,US93->CS29,50850,50850,0
6,US93->CS37,50321,50321,0
6,US93->CS45,50732,50732,0
6,US93->CS53,50655,50655,0
6,US93->CS61,50675,50675,0
6,US94->CS6,50754,50754,0
6,US94->CS14,50573,50573,0
6,US94->CS22,50830,50830,0
6,US94->CS30,50742,50742,0
6,US94->CS38,50765,50765,0
6,US94->CS46,50972,50972,0
6,US94->CS54,50443,50443,0
6,US94->CS62,50575,50575,0
6,US95->CS7,50628,50628,0
6,US95->CS15,50273,50273,0
6,US95->CS23,50912,50912,0
6,US95->CS31,50799,50799,0
6,US95->CS39,50591,50591,0
6,US95->CS47,50762,50762,0
6,US95->CS55,50322,50322,0
6,US95->CS63,50587,50587,0
6,US96->CS0,0,0,0
6,US96->CS8,0,0,0
6,US96->CS16,0,0,0
6,US96->CS24,0,0,0
6,US96->CS32,0,0,0
6,US96->CS40,0,0,0
6,US96->CS48,0,0,0
6,US96->CS56,0,0,0
6,US97->CS1,0,0,0
6,US97->CS9,0,0,0
6,US97->CS17,0,0,0
6,US97->CS25,0,0,0
6,US97->CS33,0,0,0
6,US97->CS41,0,0,0
6,US97->CS49,0,0,0
6,US97->CS57,0,0,0
6,US98->CS2,0,0,0
6,US98->CS10,0,0,0
6,US98->CS18,0,0,0
6,US98->CS26,0,0,0
6,US98->CS34,0,0,0
6,US98->CS42,0,0,0
6,US98->CS50,0,0,0
6,US98->CS58,0,0,0
6,US99->CS3,0,0,0
6,US99->CS11,0,0,0
6,US99->CS19,0,0,0
6,US99->CS27,0,0,0
6,US99->CS35,0,0,0
6,US99->CS43,0,0,0
6,US99->CS51,0,0,0
6,US99->CS59,0,0,0
6,US100->CS4,0,0,0
6,US100->CS12,0,0,0
6,US100->CS20,0,0,0
6,US100->CS28,0,0,0
6,US100->CS36,0,0,0
6,US100->CS44,0,0,0
6,US100->CS52,0,0,0
6,US100->CS60,0,0,0
6,US101->CS5,0,0,0
6,US101->CS13,0,0,0
6,US101->CS21,0,0,0
6,US101->CS29,0,0,0
6,US101->CS37,0,0,0
6,US101->CS45,0,0,0
6,US101->CS53,0,0,0
6,US101->CS61,0,0,0
6,US102->CS6,0,0,0
6,US102->CS14,0,0,0
6,US102->CS22,0,0,0
6,US102->CS30,0,0,0
6,US102->CS38,0,0,0
6,US102->CS46,0,0,0
6,US102->CS54,0,0,0
6,US102->CS62,0,0,0
6,US103->CS7,0,0,0
6,US103->CS15,0,0,0
6,US103->CS23,0,0,0
6,US103->CS31,0,0,0
6,US103->CS39,0,0,0
6,US103->CS47,0,0,0
6,US103->CS55,0,0,0
6,US103->CS63,0,0,0
6,US104->CS0,0,0,0
6,US104->CS8,0,0,0
6,US104->CS16,0,0,0
6,US104->CS24,0,0,0
6,US104->CS32,0,0,0
6,US104->CS40,0,0,0
6,US104->CS48,0,0,0
6,US104->CS56,0,0,0
6,US105->CS1,0,0,0
6,US105->CS9,0,0,0
6,US105->CS17,0,0,0
6,US105->CS25,0,0,0
6,US105->CS33,0,0,0
6,US105->CS41,0,0,0
6,US105->CS49,0,0,0
6,US105->CS57,0,0,0
6,US106->CS2,0,0,0
6,US106->CS10,0,0,0
6,US106->CS18,0,0,0
6,US106->CS26,0,0,0
6,US106->CS34,0,0,0
6,US106->CS42,0,0,0
6,US106->CS50,0,0,0
6,US106->CS58,0,0,0
6,US107->CS3,0,0,0
6,US107->CS11,0,0,0
6,US107->CS19,0,0,0
6,US107->CS27,0,0,0
6,US107->CS35,0,0,0
6,US107->CS43,0,0,0
6,US107->CS51,0,0,0
6,US107->CS59,0,0,0
6,US108->CS4,0,0,0
6,US108->CS12,0,0,0
6,US108->CS20,0,0,0
6,US108->CS28,0,0,0
6,US108->CS36,0,0,0
6,US108->CS44,0,0,0
6,US108->CS52,0,0,0
6,US108->CS60,0,0,0
6,US109->CS5,0,0,0
6,US109->CS13,0,0,0
6,US109->CS21,0,0,0
6,US109->CS29,0,0,0
6,US109->CS37,0,0,0
6,US109->CS45,0,0,0
6,US109->CS53,0,0,0
6,US109->CS61,0,0,0
6,US110->CS6,0,0,0
6,US110->CS14,0,0,0
6,US110->CS22,0,0,0
6,US110->CS30,0,0,0
6,US110->CS38,0,0,0
6,US110->CS46,0,0,0
6,US110->CS54,0,0,0
6,US110->CS62,0,0,0
6,US111->CS7,0,0,0
6,US111->CS15,0,0,0
6,US111->CS23,0,0,0
6,US111->CS31,0,0,0
6,US111->CS39,0,0,0
6,US111->CS47,0,0,0
6,US111->CS55,0,0,0
6,US111->CS63,0,0,0
6,US112->CS0,52342,52342,0
6,US112->CS8,52591,52591,0
6,US112->CS16,52384,52384,0
6,US112->CS24,52342,52342,0
6,US112->CS32,52595,52595,0
6,US112->CS40,52770,52770,0
6,US112->CS48,53133,53133,0
6,US112->CS56,52464,52464,0
6,US113->CS1,52304,52304,0
6,US113->CS9,52404,52404,0
6,US113->CS17,52975,52975,0
6,US113->CS25,52581,52581,0
6,US113->CS33,52469,52469,0
6,US113->CS41,52226,52226,0
6,US113->CS49,52329,52329,0
6,US113->CS57,52518,52518,0
6,US114->CS2,52861,52861,0
6,US114->CS10,52445,52445,0
6,US114->CS18,52265,52265,0
6,US114->CS26,52372,52372,0
6,US114->CS34,52340,52340,0
6,US114->CS42,52380,52380,0
6,US114->CS50,52249,52249,0
6,US114->CS58,52593,52593,0
6,US115->CS3,52567,52567,0
6,US115->CS11,52355,52355,0
6,US115->CS19,52316,52316,0
6,US115->CS27,52775,52775,0
6,US115->CS35,52655,52655,0
6,US115->CS43,52765,52765,0
6,US115->CS51,52461,52461,0
6,US115->CS59,52232,52232,0
6,US116->CS4,51977,51977,0
6,US116->CS12,52444,52444,0
6,US116->CS20,52368,52368,0
6,US116->CS28,52614,52614,0
6,US116->CS36,52750,52750,0
6,US116->CS44,52391,52391,0
6,US116->CS52,52304,52304,0
6,US116->CS60,52476,52476,0
6,US117->CS5,52833,52833,0
6,US117->CS13,52500,52500,0
6,US117->CS21,52319,52319,0
6,US117->CS29,52364,52364,0
6,US117->CS37,52249,52249,0
6,US117->CS45,52612,52612,0
6,US117->CS53,52692,52692,0
6,US117->CS61,51927,51927,0
6,US118->CS6,52056,52056,0
6,US118->CS14,52615,52615,0
6,US118->CS22,52324,52324,0
6,US118->CS30,52183,52183,0
6,US118->CS38,52379,52379,0
6,US118->CS46,52291,52291,0
6,US118->CS54,52382,52382,0
6,US118->CS62,52759,52759,0
6,US119->CS7,52423,52423,0
6,US119->CS15,52484,52484,0
6,US119->CS23,52491,52491,0
6,US119->CS31,52444,52444,0
6,US119->CS39,52961,52961,0
6,US119->CS47,52522,52522,0
6,US119->CS55,52503,52503,0
6,US119->CS63,52691,52691,0
6,US120->CS0,50171,50171,0
6,US120->CS8,49874,49874,0
6,US120->CS16,50196,50196,0
6,US120->CS24,49891,49891,0
6,US120->CS32,50186,50186,0
6,US120->CS40,50624,50624,0
6,US120->CS48,50348,50348,0
6,US120->CS56,50044,50044,0
6,US121->CS1,49961,49961,0
6,US121->CS9,50473,50473,0
6,US121->CS17,49733,49733,0
6,US121->CS25,50181,50181,0
6,US121->CS33,50304,50304,0
6,US121->CS41,49889,49889,0
6,US121->CS49,49950,49950,0
6,US121->CS57,50375,50375,0
6,US122->CS2,49809,49809,0
6,US122->CS10,49849,49849,0
6,US122->CS18,49969,49969,0
6,US122->CS26,50329,50329,0
6,US122->CS34,50166,50166,0
6,US122->CS42,50137,50137,0
6,US122->CS50,50431,50431,0
6,US122->CS58,50153,50153,0
6,US123->CS3,50222,50222,0
6,US123->CS11,49974,49974,0
6,US123->CS19,50379,50379,0
6,US123->CS27,49901,49901,0
6,US123->CS35,50002,50002,0
6,US123->CS43,50519,50519,0
6,US123->CS51,50187,50187,0
6,US123->CS59,50099,50099,0
6,US124->CS4,50005,50005,0
6,US124->CS12,50082,50082,0
6,US124->CS20,50073,50073,0
6,US124->CS28,50390,50390,0
6,US124->CS36,50098,50098,0
6,US124->CS44,50721,50721,0
6,US124->CS52,50227,50227,0
6,US124->CS60,50041,50041,0
6,US125->CS5,50193,50193,0
6,US125->CS13,50407,50407,0
6,US125->CS21,50432,50432,0
6,US125->CS29,50261,50261,0
6,US125->CS37,50149,50149,0
6,US125->CS45,49797,49797,0
6,US125->CS53,50379,50379,0
6,US125->CS61,50325,50325,0
6,US126->CS6,49999,49999,0
6,US126->CS14,50223,50223,0
6,US126->CS22,49923,49923,0
6,US126->CS30,50683,50683,0
6,US126->CS38,49873,49873,0
6,US126->CS46,49935,49935,0
6,US126->CS54,49762,49762,0
6,US126->CS62,50463,50463,0
6,US127->CS7,50139,50139,0
6,US127->CS15,50317,50317,0
6,US127->CS23,49920,49920,0
6,US127->CS31,50132,50132,0
6,US127->CS39,50050,50050,0
6,US127->CS47,49898,49898,0
6,US127->CS55,50354,50354,0
6,US127->CS63,50439,50439,0
6,CS0->US0,51620,51620,0
6,CS0->US8,6531,6531,0
6,CS0->US16,50264,50264,0
6,CS0->US24,0,0,0
6,CS0->US32,0,0,0
6,CS0->US40,52453,52453,0
6,CS0->US48,51313,51313,0
6,CS0->US56,0,0,0
6,CS0->US64,0,0,0
6,CS0->US72,50904,50904,0
6,CS0->US80,5459,5459,0
6,CS0->US88,50695,50695,0
6,CS0->US96,0,0,0
6,CS0->US104,0,0,0
6,CS0->US112,55844,55844,0
6,CS0->US120,54589,54589,0
6,CS1->US1,51327,51327,0
6,CS1->US9,6583,6583,0
6,CS1->US17,50068,50068,0
6,CS1->US25,0,0,0
6,CS1->US33,0,0,0
6,CS1->US41,52451,52451,0
6,CS1->US49,51667,51667,0
6,CS1->US57,0,0,0
6,CS1->US65,0,0,0
6,CS1->US73,50854,50854,0
6,CS1->US81,5346,5346,0
6,CS1->US89,50538,50538,0
6,CS1->US97,0,0,0
6,CS1->US105,0,0,0
6,CS1->US113,55939,55939,0
6,CS1->US121,54688,54688,0
6,CS2->US2,51445,51445,0
6,CS2->US10,6512,6512,0
6,CS2->US18,49900,49900,0
6,CS2->US26,0,0,0
6,CS2->US34,0,0,0
6,CS2->US42,52957,52957,0
6,CS2->US50,51398,51398,0
6,CS2->US58,0,0,0
6,CS2->US66,0,0,0
6,CS2->US74,51019,51019,0
6,CS2->US82,5456,5455,0
6,CS2->US90,50996,50996,0
6,CS2->US98,0,0,0
6,CS2->US106,0,0,0
6,CS2->US114,56144,56144,0
6,CS2->US122,54705,54705,0
6,CS3->US3,51794,51794,0
6,CS3->US11,6567,6567,0
6,CS3->US19,50344,50344,0
6,CS3->US27,0,0,0
6,CS3->US35,0,0,0
6,CS3->US43,52711,52711,0
6,CS3->US51,51474,51474,0
6,CS3->US59,0,0,0
6,CS3->US67,0,0,0
6,CS3->US75,50604,50604,0
6,CS3->US83,5520,5519,0
6,CS3->US91,50612,50612,0
6,CS3->US99,0,0,0
6,CS3->US107,0,0,0
6,CS3->US115,55637,55637,0
6,CS3->US123,54399,54399,0
6,CS4->US4,51299,51299,0
6,CS4->US12,6580,6580,0
6,CS4->US20,50114,50114,0
6,CS4->US28,0,0,0
6,CS4->US36,0,0,0
6,CS4->US44,52077,52077,0
6,CS4->US52,51775,51775,0
6,CS4->US60,0,0,0
6,CS4->US68,0,0,0
6,CS4->US76,50997,50997,0
6,CS4->US84,5516,5516,0
6,CS4->US92,50768,50768,0
6,CS4->US100,0,0,0
6,CS4->US108,0,0,0
6,CS4->US116,56019,56019,0
6,CS4->US124,54742,54742,0
6,CS5->US5,51651,51651,0
6,CS5->US13,6615,6615,0
6,CS5->US21,50325,50325,0
6,CS5->US29,0,0,0
6,CS5->US37,0,0,0
6,CS5->US45,52970,52970,0
6,CS5->US53,51502,51502,0
6,CS5->US61,0,0,0
6,CS5->US69,0,0,0
6,CS5->US77,50592,50592,0
6,CS5->US85,5445,5445,0
6,CS5->US93,50534,50534,0
6,CS5->US101,0,0,0
6,CS5->US109,0,0,0
6,CS5->US117,55943,55943,0
6,CS5->US125,54764,54764,0
6,CS6->US6,51140,51140,0
6,CS6->US14,6602,6601,0
6,CS6->US22,50108,50108,0
6,CS6->US30,0,0,0
6,CS6->US38,0,0,0
6,CS6->US46,52172,52172,0
6,CS6->US54,51620,51620,0
6,CS6->US62,0,0,0
6,CS6->US70,0,0,0
6,CS6->US78,50743,50743,0
6,CS6->US86,5461,5461,0
6,CS6->US94,50637,50637,0
6,CS6->US102,0,0,0
6,CS6->US110,0,0,0
6,CS6->US118,55803,55803,0
6,CS6->US126,54785,54785,0
6,CS7->US7,51681,51681,0
6,CS7->US15,6648,6648,0
6,CS7->US23,50219,50219,0
6,CS7->US31,0,0,0
6,CS7->US39,0,0,0
6,CS7->US47,52474,52474,0
6,CS7->US55,51798,51798,0
6,CS7->US63,0,0,0
6,CS7->US71,0,0,0
6,CS7->US79,50623,50623,0
6,CS7->US87,5527,5527,0
6,CS7->US95,50885,50885,0
6,CS7->US103,0,0,0
6,CS7->US111,0,0,0
6,CS7->US119,56231,56231,0
6,CS7->US127,54643,54643,0
6,CS8->US0,51495,51495,0
6,CS8->US8,6501,6501,0
6,CS8->US16,50019,50019,0
6,CS8->US24,0,0,0
6,CS8->US32,0,0,0
6,CS8->US40,52737,52737,0
6,CS8->US48,51493,51493,0
6,CS8->US56,0,0,0
6,CS8->US64,0,0,0
6,CS8->US72,51037,51037,0
6,CS8->US80,5346,5344,0
6,CS8->US88,51038,51038,0
6,CS8->US96,0,0,0
6,CS8->US104,0,0,0
6,CS8->US112,55851,55851,0
6,CS8->US120,54594,54594,0
6,CS9->US1,51141,51141,0
6,CS9->US9,6569,6568,0
6,CS9->US17,50575,50575,0
6,CS9->US25,0,0,0
6,CS9->US33,0,0,0
6,CS9->US41,52518,52518,0
6,CS9->US49,51690,51690,0
6,CS9->US57,0,0,0
6,CS9->US65,0,0,0
6,CS9->US73,50162,50162,0
6,CS9->US81,5603,5603,0
6,CS9->US89,50973,50973,0
6,CS9->US97,0,0,0
6,CS9->US105,0,0,0
6,CS9->US113,55939,55939,0
6,CS9->US121,54688,54688,0
6,CS10->US2,51280,51280,0
6,CS10->US10,6486,6485,0
6,CS10->US18,49935,49935,0
6,CS10->US26,0,0,0
6,CS10->US34,0,0,0
6,CS10->US42,52526,52526,0
6,CS10->US50,51768,51768,0
6,CS10->US58,0,0,0
6,CS10->US66,0,0,0
6,CS10->US74,50687,50687,0
6,CS10->US82,5311,5310,0
6,CS10->US90,50597,50597,0
6,CS10->US98,0,0,0
6,CS10->US106,0,0,0
6,CS10->US114,56293,56293,0
6,CS10->US122,54548,54548,0
6,CS11->US3,51870,51870,0
6,CS11->US11,6545,6543,0
6,CS11->US19,50053,50053,0
6,CS11->US27,0,0,0
6,CS11->US35,0,0,0
6,CS11->US43,52514,52514,0
6,CS11->US51,51174,51174,0
6,CS11->US59,0,0,0
6,CS11->US67,0,0,0
6,CS11->US75,50764,50764,0
6,CS11->US83,5449,5447,0
6,CS11->US91,50473,50473,0
6,CS11->US99,0,0,0
6,CS11->US107,0,0,0
6,CS11->US115,56021,56021,0
6,CS11->US123,54818,54818,0
6,CS12->US4,51672,51672,0
6,CS12->US12,6657,6656,0
6,CS12->US20,50165,50165,0
6,CS12->US28,0,0,0
6,CS12->US36,0,0,0
6,CS12->US44,52534,52534,0
6,CS12->US52,51387,51387,0
6,CS12->US60,0,0,0
6,CS12->US68,0,0,0
6,CS12->US76,50767,50767,0
6,CS12->US84,5271,5270,0
6,CS12->US92,50831,50831,0
6,CS12->US100,0,0,0
6,CS12->US108,0,0,0
6,CS12->US116,56242,56242,0
6,CS12->US124,54497,54497,0
6,CS13->US5,51604,51604,0
6,CS13->US13,6437,6436,0
6,CS13->US21,50436,50436,0
6,CS13->US29,0,0,0
6,CS13->US37,0,0,0
6,CS13->US45,52615,52615,0
6,CS13->US53,51859,51859,0
6,CS13->US61,0,0,0
6,CS13->US69,0,0,0
6,CS13->US77,51095,51095,0
6,CS13->US85,5457,5457,0
6,CS13->US93,50854,50854,0
6,CS13->US101,0,0,0
6,CS13->US109,0,0,0
6,CS13->US117,55476,55476,0
6,CS13->US125,55041,55041,0
6,CS14->US6,51484,51484,0
6,CS14->US14,6442,6442,0
6,CS14->US22,50306,50306,0
6,CS14->US30,0,0,0
6,CS14->US38,0,0,0
6,CS14->US46,52799,52799,0
6,CS14->US54,51283,51283,0
6,CS14->US62,0,0,0
6,CS14->US70,0,0,0
6,CS14->US78,50654,50654,0
6,CS14->US86,5292,5292,0
6,CS14->US94,50593,50593,0
6,CS14->US102,0,0,0
6,CS14->US110,0,0,0
6,CS14->US118,55892,55892,0
6,CS14->US126,54705,54705,0
6,CS15->US7,52288,52288,0
6,CS15->US15,6517,6517,0
6,CS15->US23,50372,50372,0
6,CS15->US31,0,0,0
6,CS15->US39,0,0,0
6,CS15->US47,52588,52588,0
6,CS15->US55,51586,51586,0
6,CS15->US63,0,0,0
6,CS15->US71,0,0,0
6,CS15->US79,50329,50329,0
6,CS15->US87,5467,5467,0
6,CS15->US95,50644,50644,0
6,CS15->US103,0,0,0
6,CS15->US111,0,0,0
6,CS15->US119,56115,56115,0
6,CS15->US127,54982,54982,0
6,CS16->US0,51185,51185,0
6,CS16->US8,6498,6498,0
6,CS16->US16,50325,50325,0
6,CS16->US24,0,0,0
6,CS16->US32,0,0,0
6,CS16->US40,52491,52491,0
6,CS16->US48,51334,51334,0
6,CS16->US56,0,0,0
6,CS16->US64,0,0,0
6,CS16->US72,51120,51120,0
6,CS16->US80,5483,5483,0
6,CS16->US88,50470,50470,0
6,CS16->US96,0,0,0
6,CS16->US104,0,0,0
6,CS16->US112,55983,55983,0
6,CS16->US120,54578,54578,0
6,CS17->US1,51596,51596,0
6,CS17->US9,6574,6573,0
6,CS17->US17,49854,49854,0
6,CS17->US25,0,0,0
6,CS17->US33,0,0,0
6,CS17->US41,53093,53093,0
6,CS17->US49,50796,50796,0
6,CS17->US57,0,0,0
6,CS17->US65,0,0,0
6,CS17->US73,51043,51043,0
6,CS17->US81,5594,5594,0
6,CS17->US89,51007,51007,0
6,CS17->US97,0,0,0
6,CS17->US105,0,0,0
6,CS17->US113,55958,55958,0
6,CS17->US121,54416,54416,0
6,CS18->US2,51362,51362,0
6,CS18->US10,6424,6423,0
6,CS18->US18,50057,50057,0
6,CS18->US26,0,0,0
6,CS18->US34,0,0,0
6,CS18->US42,52376,52376,0
6,CS18->US50,51435,51435,0
6,CS18->US58,0,0,0
6,CS18->US66,0,0,0
6,CS18->US74,50808,50808,0
6,CS18->US82,5459,5459,0
6,CS18->US90,50959,50959,0
6,CS18->US98,0,0,0
6,CS18->US106,0,0,0
6,CS18->US114,55765,55765,0
6,CS18->US122,54667,54667,0
6,CS19->US3,51124,51124,0
6,CS19->US11,6574,6574,0
6,CS19->US19,50458,50458,0
6,CS19->US27,0,0,0
6,CS19->US35,0,0,0
6,CS19->US43,52418,52418,0
6,CS19->US51,51440,51440,0
6,CS19->US59,0,0,0
6,CS19->US67,0,0,0
6,CS19->US75,50961,50961,0
6,CS19->US83,5496,5495,0
6,CS19->US91,50708,50708,0
6,CS19->US99,0,0,0
6,CS19->US107,0,0,0
6,CS19->US115,56095,56095,0
6,CS19->US123,54626,54626,0
6,CS20->US4,51401,51401,0
6,CS20->US12,6673,6673,0
6,CS20->US20,50180,50180,0
6,CS20->US28,0,0,0
6,CS20->US36,0,0,0
6,CS20->US44,52495,52495,0
6,CS20->US52,51637,51637,0
6,CS20->US60,0,0,0
6,CS20->US68,0,0,0
6,CS20->US76,51360,51360,0
6,CS20->US84,5579,5578,0
6,CS20->US92,50692,50692,0
6,CS20->US100,0,0,0
6,CS20->US108,0,0,0
6,CS20->US116,56802,56802,0
6,CS20->US124,54580,54580,0
6,CS21->US5,51681,51681,0
6,CS21->US13,6483,6483,0
6,CS21->US21,50553,50553,0
6,CS21->US29,0,0,0
6,CS21->US37,0,0,0
6,CS21->US45,52481,52481,0
6,CS21->US53,51370,51370,0
6,CS21->US61,0,0,0
6,CS21->US69,0,0,0
6,CS21->US77,50651,50651,0
6,CS21->US85,5449,5449,0
6,CS21->US93,50588,50588,0
6,CS21->US101,0,0,0
6,CS21->US109,0,0,0
6,CS21->US117,55958,55958,0
6,CS21->US125,54785,54785,0
6,CS22->US6,51578,51578,0
6,CS22->US14,6620,6619,0
6,CS22->US22,50023,50023,0
6,CS22->US30,0,0,0
6,CS22->US38,0,0,0
6,CS22->US46,52449,52449,0
6,CS22->US54,51360,51360,0
6,CS22->US62,0,0,0
6,CS22->US70,0,0,0
6,CS22->US78,50855,50855,0
6,CS22->US86,5416,5416,0
6,CS22->US94,50401,50401,0
6,CS22->US102,0,0,0
6,CS22->US110,0,0,0
6,CS22->US118,56299,56299,0
6,CS22->US126,54982,54982,0
6,CS23->US7,51786,51786,0
6,CS23->US15,6622,6622,0
6,CS23->US23,50027,50027,0
6,CS23->US31,0,0,0
6,CS23->US39,0,0,0
6,CS23->US47,52564,52564,0
6,CS23->US55,51625,51625,0
6,CS23->US63,0,0,0
6,CS23->US71,0,0,0
6,CS23->US79,50960,50960,0
6,CS23->US87,5544,5544,0
6,CS23->US95,50889,50889,0
6,CS23->US103,0,0,0
6,CS23->US111,0,0,0
6,CS23->US119,55839,55839,0
6,CS23->US127,54780,54780,0
6,CS24->US0,51661,51661,0
6,CS24->US8,6583,6582,0
6,CS24->US16,49976,49976,0
6,CS24->US24,0,0,0
6,CS24->US32,0,0,0
6,CS24->US40,52442,52442,0
6,CS24->US48,50971,50971,0
6,CS24->US56,0,0,0
6,CS24->US64,0,0,0
6,CS24->US72,50751,50751,0
6,CS24->US80,5403,5402,0
6,CS24->US88,50807,50807,0
6,CS24->US96,0,0,0
6,CS24->US104,0,0,0
6,CS24->US112,55930,55930,0
6,CS24->US120,54785,54785,0
6,CS25->US1,51347,51347,0
6,CS25->US9,6651,6651,0
6,CS25->US17,50260,50260,0
6,CS25->US25,0,0,0
6,CS25->US33,0,0,0
6,CS25->US41,52585,52585,0
6,CS25->US49,51385,51385,0
6,CS25->US57,0,0,0
6,CS25->US65,0,0,0
6,CS25->US73,50867,50867,0
6,CS25->US81,5389,5389,0
6,CS25->US89,50923,50923,0
6,CS25->US97,0,0,0
6,CS25->US105,0,0,0
6,CS25->US113,55293,55293,0
6,CS25->US121,54984,54984,0
6,CS26->US2,51599,51599,0
6,CS26->US10,6638,6638,0
6,CS26->US18,50434,50434,0
6,CS26->US26,0,0,0
6,CS26->US34,0,0,0
6,CS26->US42,52566,52566,0
6,CS26->US50,51494,51494,0
6,CS26->US58,0,0,0
6,CS26->US66,0,0,0
6,CS26->US74,51220,51220,0
6,CS26->US82,5439,5439,0
6,CS26->US90,50849,50849,0
6,CS26->US98,0,0,0
6,CS26->US106,0,0,0
6,CS26->US114,55832,55832,0
6,CS26->US122,54319,54319,0
6,CS27->US3,51263,51263,0
6,CS27->US11,6552,6552,0
6,CS27->US19,49978,49978,0
6,CS27->US27,0,0,0
6,CS27->US35,0,0,0
6,CS27->US43,52908,52908,0
6,CS27->US51,51883,51883,0
6,CS27->US59,0,0,0
6,CS27->US67,0,0,0
6,CS27->US75,50838,50838,0
6,CS27->US83,5404,5404,0
6,CS27->US91,50991,50991,0
6,CS27->US99,0,0,0
6,CS27->US107,0,0,0
6,CS27->US115,55863,55863,0
6,CS27->US123,54619,54619,0
6,CS28->US4,51304,51304,0
6,CS28->US12,6613,6613,0
6,CS28->US20,50513,50513,0
6,CS28->US28,0,0,0
6,CS28->US36,0,0,0
6,CS28->US44,52779,52779,0
6,CS28->US52,51843,51843,0
6,CS28->US60,0,0,0
6,CS28->US68,0,0,0
6,CS28->US76,50990,50990,0
6,CS28->US84,5412,5412,0
6,CS28->US92,50425,50425,0
6,CS28->US100,0,0,0
6,CS28->US108,0,0,0
6,CS28->US116,55792,55792,0
6,CS28->US124,54695,54695,0
6,CS29->US5,51762,51762,0
6,CS29->US13,6426,6426,0
6,CS29->US21,50308,50308,0
6,CS29->US29,0,0,0
6,CS29->US37,0,0,0
6,CS29->US45,52486,52486,0
6,CS29->US53,51734,51734,0
6,CS29->US61,0,0,0
6,CS29->US69,0,0,0
6,CS29->US77,50859,50859,0
6,CS29->US85,5529,5529,0
6,CS29->US93,50927,50927,0
6,CS29->US101,0,0,0
6,CS29->US109,0,0,0
6,CS29->US117,55756,55756,0
6,CS29->US125,54609,54609,0
6,CS30->US6,51299,51299,0
6,CS30->US14,6525,6525,0
6,CS30->US22,50711,50711,0
6,CS30->US30,0,0,0
6,CS30->US38,0,0,0
6,CS30->US46,52325,52325,0
6,CS30->US54,51702,51702,0
6,CS30->US62,0,0,0
6,CS30->US70,0,0,0
6,CS30->US78,50761,50761,0
6,CS30->US86,5357,5357,0
6,CS30->US94,51251,51251,0
6,CS30->US102,0,0,0
6,CS30->US110,0,0,0
6,CS30->US118,56120,56120,0
6,CS30->US126,54253,54253,0
6,CS31->US7,51416,51416,0
6,CS31->US15,6534,6533,0
6,CS31->US23,50240,50240,0
6,CS31->US31,0,0,0
6,CS31->US39,0,0,0
6,CS31->US47,52541,52541,0
6,CS31->US55,51295,51295,0
6,CS31->US63,0,0,0
6,CS31->US71,0,0,0
6,CS31->US79,50789,50789,0
6,CS31->US87,5496,5496,0
6,CS31->US95,50758,50758,0
6,CS31->US103,0,0,0
6,CS31->US111,0,0,0
6,CS31->US119,55781,55781,0
6,CS31->US127,54830,54830,0
6,CS32->US0,51285,51285,0
6,CS32->US8,6677,6676,0
6,CS32->US16,50285,50285,0
6,CS32->US24,0,0,0
6,CS32->US32,0,0,0
6,CS32->US40,52763,52763,0
6,CS32->US48,51689,51689,0
6,CS32->US56,0,0,0
6,CS32->US64,0,0,0
6,CS32->US72,50525,50525,0
6,CS32->US80,5460,5459,0
6,CS32->US88,50411,50411,0
6,CS32->US96,0,0,0
6,CS32->US104,0,0,0
6,CS32->US112,56005,56005,0
6,CS32->US120,54727,54727,0
6,CS33->US1,51309,51309,0
6,CS33->US9,6464,6464,0
6,CS33->US17,50443,50443,0
6,CS33->US25,0,0,0
6,CS33->US33,0,0,0
6,CS33->US41,52560,52560,0
6,CS33->US49,51371,51371,0
6,CS33->US57,0,0,0
6,CS33->US65,0,0,0
6,CS33->US73,50754,50754,0
6,CS33->US81,5368,5368,0
6,CS33->US89,50411,50411,0
6,CS33->US97,0,0,0
6,CS33->US105,0,0,0
6,CS33->US113,55922,55922,0
6,CS33->US121,54304,54304,0
6,CS34->US2,51903,51903,0
6,CS34->US10,6561,6561,0
6,CS34->US18,50230,50230,0
6,CS34->US26,0,0,0
6,CS34->US34,0,0,0
6,CS34->US42,52427,52427,0
6,CS34->US50,51161,51161,0
6,CS34->US58,0,0,0
6,CS34->US66,0,0,0
6,CS34->US74,51135,51135,0
6,CS34->US82,5367,5367,0
6,CS34->US90,51090,51090,0
6,CS34->US98,0,0,0
6,CS34->US106,0,0,0
6,CS34->US114,56184,56184,0
6,CS34->US122,54507,54507,0
6,CS35->US3,51747,51747,0
6,CS35->US11,6510,6509,0
6,CS35->US19,50079,50079,0
6,CS35->US27,0,0,0
6,CS35->US35,0,0,0
6,CS35->US43,52741,52741,0
6,CS35->US51,51685,51685,0
6,CS35->US59,0,0,0
6,CS35->US67,0,0,0
6,CS35->US75,50641,50641,0
6,CS35->US83,5466,5463,0
6,CS35->US91,50969,50969,0
6,CS35->US99,0,0,0
6,CS35->US107,0,0,0
6,CS35->US115,55659,55659,0
6,CS35->US123,54902,54902,0
6,CS36->US4,51420,51420,0
6,CS36->US12,6507,6507,0
6,CS36->US20,50218,50218,0
6,CS36->US28,0,0,0
6,CS36->US36,0,0,0
6,CS36->US44,52871,52871,0
6,CS36->US52,51699,51699,0
6,CS36->US60,0,0,0
6,CS36->US68,0,0,0
6,CS36->US76,50697,50697,0
6,CS36->US84,5399,5399,0
6,CS36->US92,50638,50638,0
6,CS36->US100,0,0,0
6,CS36->US108,0,0,0
6,CS36->US116,56323,56323,0
6,CS36->US124,54474,54474,0
6,CS37->US5,51479,51479,0
6,CS37->US13,6635,6634,0
6,CS37->US21,50254,50254,0
6,CS37->US29,0,0,0
6,CS37->US37,0,0,0
6,CS37->US45,52332,52332,0
6,CS37->US53,51635,51635,0
6,CS37->US61,0,0,0
6,CS37->US69,0,0,0
6,CS37->US77,50354,50354,0
6,CS37->US85,5296,5296,0
6,CS37->US93,50680,50680,0
6,CS37->US101,0,0,0
6,CS37->US109,0,0,0
6,CS37->US117,55969,55969,0
6,CS37->US125,54830,54830,0
6,CS38->US6,51181,51181,0
6,CS38->US14,6583,6583,0
6,CS38->US22,49965,49965,0
6,CS38->US30,0,0,0
6,CS38->US38,0,0,0
6,CS38->US46,52486,52486,0
6,CS38->US54,51747,51747,0
6,CS38->US62,0,0,0
6,CS38->US70,0,0,0
6,CS38->US78,50792,50792,0
6,CS38->US86,5464,5463,0
6,CS38->US94,50958,50958,0
6,CS38->US102,0,0,0
6,CS38->US110,0,0,0
6,CS38->US118,55989,55989,0
6,CS38->US126,54843,54843,0
6,CS39->US7,51603,51603,0
6,CS39->US15,6508,6508,0
6,CS39->US23,50126,50126,0
6,CS39->US31,0,0,0
6,CS39->US39,0,0,0
6,CS39->US47,53060,53060,0
6,CS39->US55,51327,51327,0
6,CS39->US63,0,0,0
6,CS39->US71,0,0,0
6,CS39->US79,50640,50640,0
6,CS39->US87,5568,5567,0
6,CS39->US95,50759,50759,0
6,CS39->US103,0,0,0
6,CS39->US111,0,0,0
6,CS39->US119,56147,56147,0
6,CS39->US127,54907,54907,0
6,CS40->US0,51561,51561,0
6,CS40->US8,6607,6606,0
6,CS40->US16,50731,50731,0
6,CS40->US24,0,0,0
6,CS40->US32,0,0,0
6,CS40->US40,52886,52886,0
6,CS40->US48,51333,51333,0
6,CS40->US56,0,0,0
6,CS40->US64,0,0,0
6,CS40->US72,50806,50806,0
6,CS40->US80,5465,5465,0
6,CS40->US88,50797,50797,0
6,CS40->US96,0,0,0
6,CS40->US104,0,0,0
6,CS40->US112,55958,55958,0
6,CS40->US120,54598,54598,0
6,CS41->US1,51441,51441,0
6,CS41->US9,6595,6594,0
6,CS41->US17,49954,49954,0
6,CS41->US25,0,0,0
6,CS41->US33,0,0,0
6,CS41->US41,52296,52296,0
6,CS41->US49,51667,51667,0
6,CS41->US57,0,0,0
6,CS41->US65,0,0,0
6,CS41->US73,50571,50571,0
6,CS41->US81,5520,5520,0
6,CS41->US89,50726,50726,0
6,CS41->US97,0,0,0
6,CS41->US105,0,0,0
6,CS41->US113,55807,55807,0
6,CS41->US121,54758,54758,0
6,CS42->US2,51384,51384,0
6,CS42->US10,6500,6500,0
6,CS42->US18,50208,50208,0
6,CS42->US26,0,0,0
6,CS42->US34,0,0,0
6,CS42->US42,52500,52500,0
6,CS42->US50,51367,51367,0
6,CS42->US58,0,0,0
6,CS42->US66,0,0,0
6,CS42->US74,50757,50757,0
6,CS42->US82,5362,5362,0
6,CS42->US90,50875,50875,0
6,CS42->US98,0,0,0
6,CS42->US106,0,0,0
6,CS42->US114,55812,55812,0
6,CS42->US122,54828,54828,0
6,CS43->US3,51726,51726,0
6,CS43->US11,6427,6427,0
6,CS43->US19,50594,50594,0
6,CS43->US27,0,0,0
6,CS43->US35,0,0,0
6,CS43->US43,52932,52932,0
6,CS43->US51,51272,51272,0
6,CS43->US59,0,0,0
6,CS43->US67,0,0,0
6,CS43->US75,50746,50746,0
6,CS43->US83,5534,5534,0
6,CS43->US91,50593,50593,0
6,CS43->US99,0,0,0
6,CS43->US107,0,0,0
6,CS43->US115,56179,56179,0
6,CS43->US123,54552,54552,0
6,CS44->US4,51603,51603,0
6,CS44->US12,6766,6766,0
6,CS44->US20,50845,50845,0
6,CS44->US28,0,0,0
6,CS44->US36,0,0,0
6,CS44->US44,52526,52526,0
6,CS44->US52,51632,51632,0
6,CS44->US60,0,0,0
6,CS44->US68,0,0,0
6,CS44->US76,50747,50747,0
6,CS44->US84,5489,5489,0
6,CS44->US92,50546,50546,0
6,CS44->US100,0,0,0
6,CS44->US108,0,0,0
6,CS44->US116,56014,56014,0
6,CS44->US124,54796,54796,0
6,CS45->US5,51078,51078,0
6,CS45->US13,6523,6523,0
6,CS45->US21,49856,49856,0
6,CS45->US29,0,0,0
6,CS45->US37,0,0,0
6,CS45->US45,52724,52724,0
6,CS45->US53,51404,51404,0
6,CS45->US61,0,0,0
6,CS45->US69,0,0,0
6,CS45->US77,50793,50793,0
6,CS45->US85,5620,5620,0
6,CS45->US93,50948,50948,0
6,CS45->US101,0,0,0
6,CS45->US109,0,0,0
6,CS45->US117,55589,55589,0
6,CS45->US125,54462,54462,0
6,CS46->US6,51517,51517,0
6,CS46->US14,6560,6560,0
6,CS46->US22,50044,50044,0
6,CS46->US30,0,0,0
6,CS46->US38,0,0,0
6,CS46->US46,52333,52333,0
6,CS46->US54,51304,51304,0
6,CS46->US62,0,0,0
6,CS46->US70,0,0,0
6,CS46->US78,50973,50973,0
6,CS46->US86,5521,5521,0
6,CS46->US94,50524,50524,0
6,CS46->US102,0,0,0
6,CS46->US110,0,0,0
6,CS46->US118,56165,56165,0
6,CS46->US126,54742,54742,0
6,CS47->US7,51693,51693,0
6,CS47->US15,6758,6758,0
6,CS47->US23,49934,49934,0
6,CS47->US31,0,0,0
6,CS47->US39,0,0,0
6,CS47->US47,52638,52638,0
6,CS47->US55,51526,51526,0
6,CS47->US63,0,0,0
6,CS47->US71,0,0,0
6,CS47->US79,50812,50812,0
6,CS47->US87,5364,5364,0
6,CS47->US95,50720,50720,0
6,CS47->US103,0,0,0
6,CS47->US111,0,0,0
6,CS47->US119,55590,55590,0
6,CS47->US127,55164,55164,0
6,CS48->US0,51418,51418,0
6,CS48->US8,6552,6552,0
6,CS48->US16,50437,50437,0
6,CS48->US24,0,0,0
6,CS48->US32,0,0,0
6,CS48->US40,53291,53291,0
6,CS48->US48,51737,51737,0
6,CS48->US56,0,0,0
6,CS48->US64,0,0,0
6,CS48->US72,50745,50745,0
6,CS48->US80,5418,5417,0
6,CS48->US88,50835,50835,0
6,CS48->US96,0,0,0
6,CS48->US104,0,0,0
6,CS48->US112,55816,55816,0
6,CS48->US120,54666,54666,0
6,CS49->US1,51236,51236,0
6,CS49->US9,6503,6502,0
6,CS49->US17,50043,50043,0
6,CS49->US25,0,0,0
6,CS49->US33,0,0,0
6,CS49->US41,52430,52430,0
6,CS49->US49,51506,51506,0
6,CS49->US57,0,0,0
6,CS49->US65,0,0,0
6,CS49->US73,50452,50452,0
6,CS49->US81,5482,5482,0
6,CS49->US89,50701,50701,0
6,CS49->US97,0,0,0
6,CS49->US105,0,0,0
6,CS49->US113,56405,56405,0
6,CS49->US121,55351,55351,0
6,CS50->US2,51399,51399,0
6,CS50->US10,6519,6518,0
6,CS50->US18,50546,50546,0
6,CS50->US26,0,0,0
6,CS50->US34,0,0,0
6,CS50->US42,52372,52372,0
6,CS50->US50,51600,51600,0
6,CS50->US58,0,0,0
6,CS50->US66,0,0,0
6,CS50->US74,50971,50971,0
6,CS50->US82,5580,5580,0
6,CS50->US90,50676,50676,0
6,CS50->US98,0,0,0
6,CS50->US106,0,0,0
6,CS50->US114,56053,56053,0
6,CS50->US122,54660,54660,0
6,CS51->US3,51421,51421,0
6,CS51->US11,6570,6570,0
6,CS51->US19,50299,50299,0
6,CS51->US27,0,0,0
6,CS51->US35,0,0,0
6,CS51->US43,52590,52590,0
6,CS51->US51,51365,51365,0
6,CS51->US59,0,0,0
6,CS51->US67,0,0,0
6,CS51->US75,50557,50557,0
6,CS51->US83,5458,5457,0
6,CS51->US91,50555,50555,0
6,CS51->US99,0,0,0
6,CS51->US107,0,0,0
6,CS51->US115,56109,56109,0
6,CS51->US123,54756,54756,0
6,CS52->US4,51343,51343,0
6,CS52->US12,6490,6489,0
6,CS52->US20,50334,50334,0
6,CS52->US28,0,0,0
6,CS52->US36,0,0,0
6,CS52->US44,52385,52385,0
6,CS52->US52,51514,51514,0
6,CS52->US60,0,0,0
6,CS52->US68,0,0,0
6,CS52->US76,50862,50862,0
6,CS52->US84,5402,5402,0
6,CS52->US92,51082,51082,0
6,CS52->US100,0,0,0
6,CS52->US108,0,0,0
6,CS52->US116,55808,55808,0
6,CS52->US124,54853,54853,0
6,CS53->US5,51525,51525,0
6,CS53->US13,6491,6491,0
6,CS53->US21,50438,50438,0
6,CS53->US29,0,0,0
6,CS53->US37,0,0,0
6,CS53->US45,52814,52814,0
6,CS53->US53,51356,51356,0
6,CS53->US61,0,0,0
6,CS53->US69,0,0,0
6,CS53->US77,50704,50704,0
6,CS53->US85,5530,5530,0
6,CS53->US93,50468,50468,0
6,CS53->US101,0,0,0
6,CS53->US109,0,0,0
6,CS53->US117,55547,55547,0
6,CS53->US125,54746,54746,0
6,CS54->US6,51598,51598,0
6,CS54->US14,6579,6579,0
6,CS54->US22,49923,49923,0
6,CS54->US30,0,0,0
6,CS54->US38,0,0,0
6,CS54->US46,52572,52572,0
6,CS54->US54,51637,51637,0
6,CS54->US62,0,0,0
6,CS54->US70,0,0,0
6,CS54->US78,50398,50398,0
6,CS54->US86,5288,5288,0
6,CS54->US94,50525,50525,0
6,CS54->US102,0,0,0
6,CS54->US110,0,0,0
6,CS54->US118,55814,55814,0
6,CS54->US126,54460,54460,0
6,CS55->US7,51177,51177,0
6,CS55->US15,6606,6606,0
6,CS55->US23,50474,50474,0
6,CS55->US31,0,0,0
6,CS55->US39,0,0,0
6,CS55->US47,52601,52601,0
6,CS55->US55,51351,51351,0
6,CS55->US63,0,0,0
6,CS55->US71,0,0,0
6,CS55->US79,50410,50410,0
6,CS55->US87,5494,5494,0
6,CS55->US95,50761,50761,0
6,CS55->US103,0,0,0
6,CS55->US111,0,0,0
6,CS55->US119,55916,55916,0
6,CS55->US127,54584,54584,0
6,CS56->US0,51272,51272,0
6,CS56->US8,6637,6637,0
6,CS56->US16,50142,50142,0
6,CS56->US24,0,0,0
6,CS56->US32,0,0,0
6,CS56->US40,52511,52511,0
6,CS56->US48,51383,51383,0
6,CS56->US56,0,0,0
6,CS56->US64,0,0,0
6,CS56->US72,50852,50852,0
6,CS56->US80,5391,5390,0
6,CS56->US88,50932,50932,0
6,CS56->US96,0,0,0
6,CS56->US104,0,0,0
6,CS56->US112,55970,55970,0
6,CS56->US120,54978,54978,0
6,CS57->US1,51633,51633,0
6,CS57->US9,6543,6542,0
6,CS57->US17,50451,50451,0
6,CS57->US25,0,0,0
6,CS57->US33,0,0,0
6,CS57->US41,52687,52687,0
6,CS57->US49,51373,51373,0
6,CS57->US57,0,0,0
6,CS57->US65,0,0,0
6,CS57->US73,50869,50869,0
6,CS57->US81,5541,5540,0
6,CS57->US89,50847,50847,0
6,CS57->US97,0,0,0
6,CS57->US105,0,0,0
6,CS57->US113,56453,56453,0
6,CS57->US121,54815,54815,0
6,CS58->US2,51427,51427,0
6,CS58->US10,6569,6569,0
6,CS58->US18,50192,50192,0
6,CS58->US26,0,0,0
6,CS58->US34,0,0,0
6,CS58->US42,52671,52671,0
6,CS58->US50,51176,51176,0
6,CS58->US58,0,0,0
6,CS58->US66,0,0,0
6,CS58->US74,50855,50855,0
6,CS58->US82,5391,5390,0
6,CS58->US90,50952,50952,0
6,CS58->US98,0,0,0
6,CS58->US106,0,0,0
6,CS58->US114,55930,55930,0
6,CS58->US122,54631,54631,0
6,CS59->US3,51460,51460,0
6,CS59->US11,6535,6535,0
6,CS59->US19,50177,50177,0
6,CS59->US27,0,0,0
6,CS59->US35,0,0,0
6,CS59->US43,52403,52403,0
6,CS59->US51,51253,51253,0
6,CS59->US59,0,0,0
6,CS59->US67,0,0,0
6,CS59->US75,50596,50596,0
6,CS59->US83,5469,5469,0
6,CS59->US91,50981,50981,0
6,CS59->US99,0,0,0
6,CS59->US107,0,0,0
6,CS59->US115,55938,55938,0
6,CS59->US123,54711,54711,0
6,CS60->US4,51432,51432,0
6,CS60->US12,6523,6523,0
6,CS60->US20,50115,50115,0
6,CS60->US28,0,0,0
6,CS60->US36,0,0,0
6,CS60->US44,52571,52571,0
6,CS60->US52,51418,51418,0
6,CS60->US60,0,0,0
6,CS60->US68,0,0,0
6,CS60->US76,51137,51137,0
6,CS60->US84,5470,5470,0
6,CS60->US92,50582,50582,0
6,CS60->US100,0,0,0
6,CS60->US108,0,0,0
6,CS60->US116,55976,55976,0
6,CS60->US124,54628,54628,0
6,CS61->US5,51300,51300,0
6,CS61->US13,6641,6640,0
6,CS61->US21,50420,50420,0
6,CS61->US29,0,0,0
6,CS61->US37,0,0,0
6,CS61->US45,52001,52001,0
6,CS61->US53,51618,51618,0
6,CS61->US61,0,0,0
6,CS61->US69,0,0,0
6,CS61->US77,50644,50644,0
6,CS61->US85,5358,5357,0
6,CS61->US93,51174,51174,0
6,CS61->US101,0,0,0
6,CS61->US109,0,0,0
6,CS61->US117,55958,55958,0
6,CS61->US125,54503,54503,0
6,CS62->US6,51314,51314,0
6,CS62->US14,6634,6634,0
6,CS62->US22,50561,50561,0
6,CS62->US30,0,0,0
6,CS62->US38,0,0,0
6,CS62->US46,52864,52864,0
6,CS62->US54,51533,51533,0
6,CS62->US62,0,0,0
6,CS62->US70,0,0,0
6,CS62->US78,50614,50614,0
6,CS62->US86,5387,5387,0
6,CS62->US94,50698,50698,0
6,CS62->US102,0,0,0
6,CS62->US110,0,0,0
6,CS62->US118,56213,56213,0
6,CS62->US126,54281,54281,0
6,CS63->US7,51762,51762,0
6,CS63->US15,6723,6723,0
6,CS63->US23,50590,50590,0
6,CS63->US31,0,0,0
6,CS63->US39,0,0,0
6,CS63->US47,52779,52779,0
6,CS63->US55,51196,51196,0
6,CS63->US63,0,0,0
6,CS63->US71,0,0,0
6,CS63->US79,50574,50574,0
6,CS63->US87,5447,5447,0
6,CS63->US95,50714,50714,0
6,CS63->US103,0,0,0
6,CS63->US111,0,0,0
6,CS63->US119,56422,56422,0
6,CS63->US127,54708,54708,0
7,US0->CS0,51560,51560,0
7,US0->CS8,51776,51776,0
7,US0->CS16,51627,51627,0
7,US0->CS24,51241,51241,0
7,US0->CS32,51991,51991,0
7,US0->CS40,51642,51642,0
7,US0->CS48,52034,52034,0
7,US0->CS56,51705,51705,0
7,US1->CS1,51901,51901,0
7,US1->CS9,51976,51976,0
7,US1->CS17,51149,51149,0
7,US1->CS25,51656,51656,0
7,US1->CS33,51652,51652,0
7,US1->CS41,51932,51932,0
7,US1->CS49,51815,51815,0
7,US1->CS57,51635,51635,0
7,US2->CS2,51678,51678,0
7,US2->CS10,52076,52076,0
7,US2->CS18,51668,51668,0
7,US2->CS26,51778,51778,0
7,US2->CS34,51415,51415,0
7,US2->CS42,51654,51654,0
7,US2->CS50,51897,51897,0
7,US2->CS58,51411,51411,0
7,US3->CS3,51757,51757,0
7,US3->CS11,51469,51469,0
7,US3->CS19,51737,51737,0
7,US3->CS27,52162,52162,0
7,US3->CS35,51956,51956,0
7,US3->CS43,51542,51542,0
7,US3->CS51,51635,51635,0
7,US3->CS59,51531,51531,0
7,US4->CS4,52016,52016,0
7,US4->CS12,51620,51620,0
7,US4->CS20,51926,51926,0
7,US4->CS28,52120,52120,0
7,US4->CS36,52014,52014,0
7,US4->CS44,51914,51914,0
7,US4->CS52,51769,51769,0
7,US4->CS60,51682,51682,0
7,US5->CS5,51794,51794,0
7,US5->CS13,52163,52163,0
7,US5->CS21,51643,51643,0
7,US5->CS29,52027,52027,0
7,US5->CS37,51877,51877,0
7,US5->CS45,51673,51673,0
7,US5->CS53,51666,51666,0
7,US5->CS61,51915,51915,0
7,US6->CS6,51890,51890,0
7,US6->CS14,51577,51577,0
7,US6->CS22,51597,51597,0
7,US6->CS30,51985,51985,0
7,US6->CS38,52040,52040,0
7,US6->CS46,51565,51565,0
7,US6->CS54,51870,51870,0
7,US6->CS62,51815,51815,0
7,US7->CS7,52054,52054,0
7,US7->CS15,51904,51904,0
7,US7->CS23,51931,51931,0
7,US7->CS31,51551,51551,0
7,US7->CS39,51607,51607,0
7,US7->CS47,51784,51784,0
7,US7->CS55,51605,51605,0
7,US7->CS63,51438,51438,0
7,US8->CS0,55796,55796,0
7,US8->CS8,56194,56194,0
7,US8->CS16,56139,56139,0
7,US8->CS24,56025,56025,0
7,US8->CS32,56338,56338,0
7,US8->CS40,56055,56055,0
7,US8->CS48,55836,55835,0
7,US8->CS56,55923,55923,0
7,US9->CS1,55750,55750,0
7,US9->CS9,56177,56177,0
7,US9->CS17,56080,56080,0
7,US9->CS25,56156,56156,0
7,US9->CS33,55805,55805,0
7,US9->CS41,56427,56427,0
7,US9->CS49,56312,56312,0
7,US9->CS57,56181,56181,0
7,US10->CS2,56045,56045,0
7,US10->CS10,55767,55767,0
7,US10->CS18,56427,56427,0
7,US10->CS26,56236,56236,0
7,US10->CS34,56060,56060,0
7,US10->CS42,56065,56065,0
7,US10->CS50,56281,56281,0
7,US10->CS58,56158,56158,0
7,US11->CS3,56214,56214,0
7,US11->CS11,56248,56248,0
7,US11->CS19,56037,56037,0
7,US11->CS27,56175,56175,0
7,US11->CS35,55701,55701,0
7,US11->CS43,56179,56179,0
7,US11->CS51,56268,56267,0
7,US11->CS59,55759,55759,0
7,US12->CS4,56410,56410,0
7,US12->CS12,56027,56027,0
7,US12->CS20,56064,56064,0
7,US12->CS28,56250,56250,0
7,US12->CS36,56161,56161,0
7,US12->CS44,55946,55946,0
7,US12->CS52,56022,56022,0
7,US12->CS60,55713,55713,0
7,US13->CS5,56126,56126,0
7,US13->CS13,55758,55758,0
7,US13->CS21,56648,56648,0
7,US13->CS29,56155,56155,0
7,US13->CS37,56310,56310,0
7,US13->CS45,56040,56040,0
7,US13->CS53,56413,56413,0
7,US13->CS61,55760,55759,0
7,US14->CS6,56173,56173,0
7,US14->CS14,56019,56019,0
7,US14->CS22,56479,56479,0
7,US14->CS30,56011,56011,0
7,US14->CS38,56044,56044,0
7,US14->CS46,56293,56293,0
7,US14->CS54,56061,56059,0
7,US14->CS62,55693,55693,0
7,US15->CS7,56240,56240,0
7,US15->CS15,55761,55761,0
7,US15->CS23,56595,56595,0
7,US15->CS31,55701,55701,0
7,US15->CS39,56292,56292,0
7,US15->CS47,56019,56019,0
7,US15->CS55,56175,56175,0
7,US15->CS63,55980,55979,0
7,US16->CS0,54810,54810,0
7,US16->CS8,54808,54808,0
7,US16->CS16,54845,54845,0
7,US16->CS24,54969,54969,0
7,US16->CS32,54990,54990,0
7,US16->CS40,54835,54835,0
7,US16->CS48,54956,54956,0
7,US16->CS56,55203,55203,0
7,US17->CS1,54964,54964,0
7,US17->CS9,54981,54981,0
7,US17->CS17,54657,54657,0
7,US17->CS25,55162,55162,0
7,US17->CS33,54565,54565,0
7,US17->CS41,55016,55016,0
7,US17->CS49,55590,55590,0
7,US17->CS57,55053,55053,0
7,US18->CS2,54943,54943,0
7,US18->CS10,54781,54781,0
7,US18->CS18,54878,54878,0
7,US18->CS26,54565,54565,0
7,US18->CS34,54751,54751,0
7,US18->CS42,55105,55105,0
7,US18->CS50,54944,54944,0
7,US18->CS58,54845,54845,0
7,US19->CS3,54645,54645,0
7,US19->CS11,55028,55028,0
7,US19->CS19,54871,54871,0
7,US19->CS27,54797,54797,0
7,US19->CS35,55139,55139,0
7,US19->CS43,54749,54749,0
7,US19->CS51,54950,54950,0
7,US19->CS59,54972,54972,0
7,US20->CS4,54944,54944,0
7,US20->CS12,54744,54744,0
7,US20->CS20,54820,54820,0
7,US20->CS28,54960,54960,0
7,US20->CS36,54709,54709,0
7,US20->CS44,55072,55072,0
7,US20->CS52,55102,55102,0
7,US20->CS60,54859,54859,0
7,US21->CS5,54983,54983,0
7,US21->CS13,55233,55233,0
7,US21->CS21,55036,55036,0
7,US21->CS29,54878,54878,0
7,US21->CS37,55093,55093,0
7,US21->CS45,54745,54745,0
7,US21->CS53,54925,54925,0
7,US21->CS61,54750,54750,0
7,US22->CS6,54993,54993,0
7,US22->CS14,54931,54931,0
7,US22->CS22,55154,55154,0
7,US22->CS30,54514,54514,0
7,US22->CS38,55062,55062,0
7,US22->CS46,54910,54910,0
7,US22->CS54,54687,54687,0
7,US22->CS62,54569,54569,0
7,US23->CS7,54925,54925,0
7,US23->CS15,55236,55236,0
7,US23->CS23,55049,55049,0
7,US23->CS31,55016,55016,0
7,US23->CS39,55158,55158,0
7,US23->CS47,55398,55398,0
7,US23->CS55,54820,54820,0
7,US23->CS63,54981,54981,0
7,US24->CS0,0,0,0
7,US24->CS8,0,0,0
7,US24->CS16,0,0,0
7,US24->CS24,0,0,0
7,US24->CS32,0,0,0
7,US24->CS40,0,0,0
7,US24->CS48,0,0,0
7,US24->CS56,0,0,0
7,US25->CS1,0,0,0
7,US25->CS9,0,0,0
7,US25->CS17,0,0,0
7,US25->CS25,0,0,0
7,US25->CS33,0,0,0
7,US25->CS41,0,0,0
7,US25->CS49,0,0,0
7,US25->CS57,0,0,0
7,US26->CS2,0,0,0
7,US26->CS10,0,0,0
7,US26->CS18,0,0,0
7,US26->CS26,0,0,0
7,US26->CS34,0,0,0
7,US26->CS42,0,0,0
7,US26->CS50,0,0,0
7,US26->CS58,0,0,0
7,US27->CS3,0,0,0
7,US27->CS11,0,0,0
7,US27->CS19,0,0,0
7,US27->CS27,0,0,0
7,US27->CS35,0,0,0
7,US27->CS43,0,0,0
7,US27->CS51,0,0,0
7,US27->CS59,0,0,0
7,US28->CS4,0,0,0
7,US28->CS12,0,0,0
7,US28->CS20,0,0,0
7,US28->CS28,0,0,0
7,US28->CS36,0,0,0
7,US28->CS44,0,0,0
7,US28->CS52,0,0,0
7,US28->CS60,0,0,0
7,US29->CS5,0,0,0
7,US29->CS13,0,0,0
7,US29->CS21,0,0,0
7,US29->CS29,0,0,0
7,US29->CS37,0,0,0
7,US29->CS45,0,0,0
7,US29->CS53,0,0,0
7,US29->CS61,0,0,0
7,US30->CS6,0,0,0
7,US30->CS14,0,0,0
7,US30->CS22,0,0,0
7,US30->CS30,0,0,0
7,US30->CS38,0,0,0
7,US30->CS46,0,0,0
7,US30->CS54,0,0,0
7,US30->CS62,0,0,0
7,US31->CS7,0,0,0
7,US31->CS15,0,0,0
7,US31->CS23,0,0,0
7,US31->CS31,0,0,0
7,US31->CS39,0,0,0
7,US31->CS47,0,0,0
7,US31->CS55,0,0,0
7,US31->CS63,0,0,0
7,US32->CS0,0,0,0
7,US32->CS8,0,0,0
7,US32->CS16,0,0,0
7,US32->CS24,0,0,0
7,US32->CS32,0,0,0
7,US32->CS40,0,0,0
7,US32->CS48,0,0,0
7,US32->CS56,0,0,0
7,US33->CS1,0,0,0
7,US33->CS9,0,0,0
7,US33->CS17,0,0,0
7,US33->CS25,0,0,0
7,US33->CS33,0,0,0
7,US33->CS41,0,0,0
7,US33->CS49,0,0,0
7,US33->CS57,0,0,0
7,US34->CS2,0,0,0
7,US34->CS10,0,0,0
7,US34->CS18,0,0,0
7,US34->CS26,0,0,0
7,US34->CS34,0,0,0
7,US34->CS42,0,0,0
7,US34->CS50,0,0,0
7,US34->CS58,0,0,0
7,US35->CS3,0,0,0
7,US35->CS11,0,0,0
7,US35->CS19,0,0,0
7,US35->CS27,0,0,0
7,US35->CS35,0,0,0
7,US35->CS43,0,0,0
7,US35->CS51,0,0,0
7,US35->CS59,0,0,0
7,US36->CS4,0,0,0
7,US36->CS12,0,0,0
7,US36->CS20,0,0,0
7,US36->CS28,0,0,0
7,US36->CS36,0,0,0
7,US36->CS44,0,0,0
7,US36->CS52,0,0,0
7,US36->CS60,0,0,0
7,US37->CS5,0,0,0
7,US37->CS13,0,0,0
7,US37->CS21,0,0,0
7,US37->CS29,0,0,0
7,US37->CS37,0,0,0
7,US37->CS45,0,0,0
7,US37->CS53,0,0,0
7,US37->CS61,0,0,0
7,US38->CS6,0,0,0
7,US38->CS14,0,0,0
7,US38->CS22,0,0,0
7,US38->CS30,0,0,0
7,US38->CS38,0,0,0
7,US38->CS46,0,0,0
7,US38->CS54,0,0,0
7,US38->CS62,0,0,0
7,US39->CS7,0,0,0
7,US39->CS15,0,0,0
7,US39->CS23,0,0,0
7,US39->CS31,0,0,0
7,US39->CS39,0,0,0
7,US39->CS47,0,0,0
7,US39->CS55,0,0,0
7,US39->CS63,0,0,0
7,US40->CS0,55864,55864,0
7,US40->CS8,55772,55772,0
7,US40->CS16,55955,55955,0
7,US40->CS24,55928,55928,0
7,US40->CS32,55939,55939,0
7,US40->CS40,55925,55925,0
7,US40->CS48,55755,55755,0
7,US40->CS56,55905,55905,0
7,US41->CS1,56001,56001,0
7,US41->CS9,56004,56004,0
7,US41->CS17,55834,55834,0
7,US41->CS25,55293,55293,0
7,US41->CS33,55918,55918,0
7,US41->CS41,55807,55807,0
7,US41->CS49,56330,56330,0
7,US41->CS57,56460,56460,0
7,US42->CS2,56086,56086,0
7,US42->CS10,56212,56212,0
7,US42->CS18,55816,55816,0
7,US42->CS26,55814,55814,0
7,US42->CS34,56200,56200,0
7,US42->CS42,55779,55779,0
7,US42->CS50,56103,56103,0
7,US42->CS58,55967,55967,0
7,US43->CS3,55580,55580,0
7,US43->CS11,55943,55943,0
7,US43->CS19,56016,56016,0
7,US43->CS27,55820,55820,0
7,US43->CS35,55653,55653,0
7,US43->CS43,56163,56163,0
7,US43->CS51,56107,56107,0
7,US43->CS59,55885,55885,0
7,US44->CS4,55992,55992,0
7,US44->CS12,56282,56282,0
7,US44->CS20,56803,56803,0
7,US44->CS28,55758,55758,0
7,US44->CS36,56277,56277,0
7,US44->CS44,55933,55933,0
7,US44->CS52,55812,55812,0
7,US44->CS60,55957,55957,0
7,US45->CS5,55857,55857,0
7,US45->CS13,55479,55479,0
7,US45->CS21,55982,55982,0
7,US45->CS29,55713,55713,0
7,US45->CS37,55999,55999,0
7,US45->CS45,55594,55594,0
7,US45->CS53,55464,55464,0
7,US45->CS61,55836,55836,0
7,US46->CS6,55780,55780,0
7,US46->CS14,55891,55891,0
7,US46->CS22,56312,56312,0
7,US46->CS30,56046,56046,0
7,US46->CS38,55974,55974,0
7,US46->CS46,56148,56148,0
7,US46->CS54,55811,55811,0
7,US46->CS62,56186,56186,0
7,US47->CS7,56198,56198,0
7,US47->CS15,56056,56056,0
7,US47->CS23,55801,55801,0
7,US47->CS31,55760,55760,0
7,US47->CS39,56104,56104,0
7,US47->CS47,55590,55590,0
7,US47->CS55,55949,55949,0
7,US47->CS63,56402,56402,0
7,US48->CS0,51869,51869,0
7,US48->CS8,51796,51796,0
7,US48->CS16,51455,51455,0
7,US48->CS24,51943,51943,0
7,US48->CS32,51591,51591,0
7,US48->CS40,51847,51847,0
7,US48->CS48,51737,51737,0
7,US48->CS56,51528,51528,0
7,US49->CS1,51608,51608,0
7,US49->CS9,51402,51402,0
7,US49->CS17,51873,51873,0
7,US49->CS25,51580,51580,0
7,US49->CS33,51590,51590,0
7,US49->CS41,51715,51715,0
7,US49->CS49,51506,51506,0
7,US49->CS57,51977,51977,0
7,US50->CS2,51727,51727,0
7,US50->CS10,51523,51523,0
7,US50->CS18,51661,51661,0
7,US50->CS26,51910,51910,0
7,US50->CS34,52178,52178,0
7,US50->CS42,51659,51659,0
7,US50->CS50,51686,51686,0
7,US50->CS58,51669,51669,0
7,US51->CS3,52103,52103,0
7,US51->CS11,52191,52191,0
7,US51->CS19,51388,51388,0
7,US51->CS27,51540,51540,0
7,US51->CS35,51992,51992,0
7,US51->CS43,52022,52022,0
7,US51->CS51,51709,51709,0
7,US51->CS59,51785,51785,0
7,US52->CS4,51540,51540,0
7,US52->CS12,51954,51954,0
7,US52->CS20,51666,51666,0
7,US52->CS28,51616,51616,0
7,US52->CS36,51707,51707,0
7,US52->CS44,51909,51909,0
7,US52->CS52,51597,51597,0
7,US52->CS60,51672,51672,0
7,US53->CS5,51974,51974,0
7,US53->CS13,51923,51923,0
7,US53->CS21,51946,51946,0
7,US53->CS29,52004,52004,0
7,US53->CS37,51718,51718,0
7,US53->CS45,51329,51329,0
7,US53->CS53,51782,51782,0
7,US53->CS61,51539,51539,0
7,US54->CS6,51444,51444,0
7,US54->CS14,51798,51798,0
7,US54->CS22,51898,51898,0
7,US54->CS30,51580,51580,0
7,US54->CS38,51440,51440,0
7,US54->CS46,51767,51767,0
7,US54->CS54,51919,51919,0
7,US54->CS62,51578,51578,0
7,US55->CS7,51923,51923,0
7,US55->CS15,52523,52523,0
7,US55->CS23,52015,52015,0
7,US55->CS31,51687,51687,0
7,US55->CS39,51868,51868,0
7,US55->CS47,51979,51979,0
7,US55->CS55,51463,51463,0
7,US55->CS63,52032,52032,0
7,US56->CS0,0,0,0
7,US56->CS8,0,0,0
7,US56->CS16,0,0,0
7,US56->CS24,0,0,0
7,US56->CS32,0,0,0
7,US56->CS40,0,0,0
7,US56->CS48,0,0,0
7,US56->CS56,0,0,0
7,US57->CS1,0,0,0
7,US57->CS9,0,0,0
7,US57->CS17,0,0,0
7,US57->CS25,0,0,0
7,US57->CS33,0,0,0
7,US57->CS41,0,0,0
7,US57->CS49,0,0,0
7,US57->CS57,0,0,0
7,US58->CS2,0,0,0
7,US58->CS10,0,0,0
7,US58->CS18,0,0,0
7,US58->CS26,0,0,0
7,US58->CS34,0,0,0
7,US58->CS42,0,0,0
7,US58->CS50,0,0,0
7,US58->CS58,0,0,0
7,US59->CS3,0,0,0
7,US59->CS11,0,0,0
7,US59->CS19,0,0,0
7,US59->CS27,0,0,0
7,US59->CS35,0,0,0
7,US59->CS43,0,0,0
7,US59->CS51,0,0,0
7,US59->CS59,0,0,0
7,US60->CS4,0,0,0
7,US60->CS12,0,0,0
7,US60->CS20,0,0,0
7,US60->CS28,0,0,0
7,US60->CS36,0,0,0
7,US60->CS44,0,0,0
7,US60->CS52,0,0,0
7,US60->CS60,0,0,0
7,US61->CS5,0,0,0
7,US61->CS13,0,0,0
7,US61->CS21,0,0,0
7,US61->CS29,0,0,0
7,US61->CS37,0,0,0
7,US61->CS45,0,0,0
7,US61->CS53,0,0,0
7,US61->CS61,0,0,0
7,US62->CS6,0,0,0
7,US62->CS14,0,0,0
7,US62->CS22,0,0,0
7,US62->CS30,0,0,0
7,US62->CS38,0,0,0
7,US62->CS46,0,0,0
7,US62->CS54,0,0,0
7,US62->CS62,0,0,0
7,US63->CS7,0,0,0
7,US63->CS15,0,0,0
7,US63->CS23,0,0,0
7,US63->CS31,0,0,0
7,US63->CS39,0,0,0
7,US63->CS47,0,0,0
7,US63->CS55,0,0,0
7,US63->CS63,0,0,0
7,US64->CS0,0,0,0
7,US64->CS8,0,0,0
7,US64->CS16,0,0,0
7,US64->CS24,0,0,0
7,US64->CS32,0,0,0
7,US64->CS40,0,0,0
7,US64->CS48,0,0,0
7,US64->CS56,0,0,0
7,US65->CS1,0,0,0
7,US65->CS9,0,0,0
7,US65->CS17,0,0,0
7,US65->CS25,0,0,0
7,US65->CS33,0,0,0
7,US65->CS41,0,0,0
7,US65->CS49,0,0,0
7,US65->CS57,0,0,0
7,US66->CS2,0,0,0
7,US66->CS10,0,0,0
7,US66->CS18,0,0,0
7,US66->CS26,0,0,0
7,US66->CS34,0,0,0
7,US66->CS42,0,0,0
7,US66->CS50,0,0,0
7,US66->CS58,0,0,0
7,US67->CS3,0,0,0
7,US67->CS11,0,0,0
7,US67->CS19,0,0,0
7,US67->CS27,0,0,0
7,US67->CS35,0,0,0
7,US67->CS43,0,0,0
7,US67->CS51,0,0,0
7,US67->CS59,0,0,0
7,US68->CS4,0,0,0
7,US68->CS12,0,0,0
7,US68->CS20,0,0,0
7,US68->CS28,0,0,0
7,US68->CS36,0,0,0
7,US68->CS44,0,0,0
7,US68->CS52,0,0,0
7,US68->CS60,0,0,0
7,US69->CS5,0,0,0
7,US69->CS13,0,0,0
7,US69->CS21,0,0,0
7,US69->CS29,0,0,0
7,US69->CS37,0,0,0
7,US69->CS45,0,0,0
7,US69->CS53,0,0,0
7,US69->CS61,0,0,0
7,US70->CS6,0,0,0
7,US70->CS14,0,0,0
7,US70->CS22,0,0,0
7,US70->CS30,0,0,0
7,US70->CS38,0,0,0
7,US70->CS46,0,0,0
7,US70->CS54,0,0,0
7,US70->CS62,0,0,0
7,US71->CS7,0,0,0
7,US71->CS15,0,0,0
7,US71->CS23,0,0,0
7,US71->CS31,0,0,0
7,US71->CS39,0,0,0
7,US71->CS47,0,0,0
7,US71->CS55,0,0,0
7,US71->CS63,0,0,0
7,US72->CS0,50728,50728,0
7,US72->CS8,51113,51113,0
7,US72->CS16,50484,50484,0
7,US72->CS24,50855,50855,0
7,US72->CS32,50455,50455,0
7,US72->CS40,50839,50839,0
7,US72->CS48,50845,50845,0
7,US72->CS56,50906,50906,0
7,US73->CS1,50563,50563,0
7,US73->CS9,51022,51022,0
7,US73->CS17,51047,51047,0
7,US73->CS25,50916,50916,0
7,US73->CS33,50409,50409,0
7,US73->CS41,50733,50733,0
7,US73->CS49,50729,50729,0
7,US73->CS57,50854,50854,0
7,US74->CS2,50981,50981,0
7,US74->CS10,50637,50637,0
7,US74->CS18,50973,50973,0
7,US74->CS26,50933,50933,0
7,US74->CS34,51112,51112,0
7,US74->CS42,50908,50908,0
7,US74->CS50,50646,50646,0
7,US74->CS58,50994,50994,0
7,US75->CS3,50624,50624,0
7,US75->CS11,50527,50527,0
7,US75->CS19,50765,50765,0
7,US75->CS27,51057,51057,0
7,US75->CS35,51016,51016,0
7,US75->CS43,50688,50688,0
7,US75->CS51,50606,50606,0
7,US75->CS59,51014,51014,0
7,US76->CS4,50836,50836,0
7,US76->CS12,50802,50802,0
7,US76->CS20,50748,50748,0
7,US76->CS28,50443,50443,0
7,US76->CS36,50670,50670,0
7,US76->CS44,50535,50535,0
7,US76->CS52,51078,51078,0
7,US76->CS60,50670,50670,0
7,US77->CS5,50558,50558,0
7,US77->CS13,50873,50873,0
7,US77->CS21,50673,50673,0
7,US77->CS29,51027,51027,0
7,US77->CS37,50717,50717,0
7,US77->CS45,51009,51009,0
7,US77->CS53,50565,50565,0
7,US77->CS61,51196,51196,0
7,US78->CS6,50665,50665,0
7,US78->CS14,50684,50684,0
7,US78->CS22,50450,50450,0
7,US78->CS30,51294,51294,0
7,US78->CS38,51048,51048,0
7,US78->CS46,50551,50551,0
7,US78->CS54,50563,50563,0
7,US78->CS62,50738,50738,0
7,US79->CS7,50901,50901,0
7,US79->CS15,50700,50700,0
7,US79->CS23,50927,50927,0
7,US79->CS31,50792,50792,0
7,US79->CS39,50761,50761,0
7,US79->CS47,50769,50769,0
7,US79->CS55,50799,50799,0
7,US79->CS63,50692,50692,0
7,US80->CS0,50083,50083,0
7,US80->CS8,49967,49967,0
7,US80->CS16,49860,49860,0
7,US80->CS24,49912,49912,0
7,US80->CS32,49686,49686,0
7,US80->CS40,50194,50193,0
7,US80->CS48,49990,49990,0
7,US80->CS56,49916,49915,0
7,US81->CS1,49858,49858,0
7,US81->CS9,49866,49866,0
7,US81->CS17,50065,50065,0
7,US81->CS25,49812,49812,0
7,US81->CS33,49699,49698,0
7,US81->CS41,50017,50017,0
7,US81->CS49,49911,49911,0
7,US81->CS57,50034,50034,0
7,US82->CS2,50289,50289,0
7,US82->CS10,49521,49520,0
7,US82->CS18,49743,49743,0
7,US82->CS26,50352,50352,0
7,US82->CS34,49587,49587,0
7,US82->CS42,49830,49830,0
7,US82->CS50,49641,49641,0
7,US82->CS58,49850,49850,0
7,US83->CS3,49876,49876,0
7,US83->CS11,49686,49686,0
7,US83->CS19,49865,49865,0
7,US83->CS27,50013,50013,0
7,US83->CS35,49911,49911,0
7,US83->CS43,49757,49757,0
7,US83->CS51,49850,49850,0
7,US83->CS59,50136,50136,0
7,US84->CS4,50093,50093,0
7,US84->CS12,49945,49945,0
7,US84->CS20,50149,50149,0
7,US84->CS28,50188,50188,0
7,US84->CS36,49811,49811,0
7,US84->CS44,50462,50462,0
7,US84->CS52,49654,49654,0
7,US84->CS60,49666,49665,0
7,US85->CS5,50028,50027,0
7,US85->CS13,49885,49885,0
7,US85->CS21,49581,49581,0
7,US85->CS29,49688,49688,0
7,US85->CS37,49994,49994,0
7,US85->CS45,49741,49741,0
7,US85->CS53,50020,50020,0
7,US85->CS61,50107,50107,0
7,US86->CS6,50072,50072,0
7,US86->CS14,49545,49545,0
7,US86->CS22,50189,50189,0
7,US86->CS30,49985,49985,0
7,US86->CS38,49791,49791,0
7,US86->CS46,49961,49961,0
7,US86->CS54,50112,50112,0
7,US86->CS62,49670,49670,0
7,US87->CS7,50177,50177,0
7,US87->CS15,49910,49910,0
7,US87->CS23,49732,49732,0
7,US87->CS31,49450,49450,0
7,US87->CS39,50070,50070,0
7,US87->CS47,50174,50174,0
7,US87->CS55,49711,49711,0
7,US87->CS63,50305,50305,0
7,US88->CS0,51049,51049,0
7,US88->CS8,51240,51240,0
7,US88->CS16,51254,51254,0
7,US88->CS24,50860,50860,0
7,US88->CS32,50661,50661,0
7,US88->CS40,50958,50958,0
7,US88->CS48,50925,50925,0
7,US88->CS56,51008,51008,0
7,US89->CS1,51011,51011,0
7,US89->CS9,50235,50235,0
7,US89->CS17,51246,51246,0
7,US89->CS25,50970,50970,0
7,US89->CS33,50871,50871,0
7,US89->CS41,50675,50675,0
7,US89->CS49,50632,50632,0
7,US89->CS57,50967,50967,0
7,US90->CS2,51205,51205,0
7,US90->CS10,50849,50849,0
7,US90->CS18,50902,50902,0
7,US90->CS26,51365,51365,0
7,US90->CS34,51221,51221,0
7,US90->CS42,50915,50915,0
7,US90->CS50,51091,51091,0
7,US90->CS58,50924,50924,0
7,US91->CS3,50769,50769,0
7,US91->CS11,50914,50914,0
7,US91->CS19,51104,51104,0
7,US91->CS27,50991,50991,0
7,US91->CS35,50751,50751,0
7,US91->CS43,50895,50895,0
7,US91->CS51,50719,50719,0
7,US91->CS59,50744,50744,0
7,US92->CS4,51159,51159,0
7,US92->CS12,50897,50897,0
7,US92->CS20,51481,51481,0
7,US92->CS28,51168,51168,0
7,US92->CS36,50848,50848,0
7,US92->CS44,50951,50951,0
7,US92->CS52,51032,51032,0
7,US92->CS60,51279,51279,0
7,US93->CS5,50824,50824,0
7,US93->CS13,51133,51133,0
7,US93->CS21,50739,50739,0
7,US93->CS29,51026,51026,0
7,US93->CS37,50491,50491,0
7,US93->CS45,50906,50906,0
7,US93->CS53,50849,50849,0
7,US93->CS61,50848,50848,0
7,US94->CS6,50933,50933,0
7,US94->CS14,50755,50755,0
7,US94->CS22,51022,51022,0
7,US94->CS30,50896,50896,0
7,US94->CS38,50928,50928,0
7,US94->CS46,51169,51169,0
7,US94->CS54,50616,50616,0
7,US94->CS62,50739,50739,0
7,US95->CS7,50769,50769,0
7,US95->CS15,50456,50456,0
7,US95->CS23,51082,51082,0
7,US95->CS31,50968,50968,0
7,US95->CS39,50782,50782,0
7,US95->CS47,50963,50963,0
7,US95->CS55,50491,50491,0
7,US95->CS63,50788,50788,0
7,US96->CS0,0,0,0
7,US96->CS8,0,0,0
7,US96->CS16,0,0,0
7,US96->CS24,0,0,0
7,US96->CS32,0,0,0
7,US96->CS40,0,0,0
7,US96->CS48,0,0,0
7,US96->CS56,0,0,0
7,US97->CS1,0,0,0
7,US97->CS9,0,0,0
7,US97->CS17,0,0,0
7,US97->CS25,0,0,0
7,US97->CS33,0,0,0
7,US97->CS41,0,0,0
7,US97->CS49,0,0,0
7,US97->CS57,0,0,0
7,US98->CS2,0,0,0
7,US98->CS10,0,0,0
7,US98->CS18,0,0,0
7,US98->CS26,0,0,0
7,US98->CS34,0,0,0
7,US98->CS42,0,0,0
7,US98->CS50,0,0,0
7,US98->CS58,0,0,0
7,US99->CS3,0,0,0
7,US99->CS11,0,0,0
7,US99->CS19,0,0,0
7,US99->CS27,0,0,0
7,US99->CS35,0,0,0
7,US99->CS43,0,0,0
7,US99->CS51,0,0,0
7,US99->CS59,0,0,0
7,US100->CS4,0,0,0
7,US100->CS12,0,0,0
7,US100->CS20,0,0,0
7,US100->CS28,0,0,0
7,US100->CS36,0,0,0
7,US100->CS44,0,0,0
7,US100->CS52,0,0,0
7,US100->CS60,0,0,0
7,US101->CS5,0,0,0
7,US101->CS13,0,0,0
7,US101->CS21,0,0,0
7,US101->CS29,0,0,0
7,US101->CS37,0,0,0
7,US101->CS45,0,0,0
7,US101->CS53,0,0,0
7,US101->CS61,0,0,0
7,US102->CS6,0,0,0
7,US102->CS14,0,0,0
7,US102->CS22,0,0,0
7,US102->CS30,0,0,0
7,US102->CS38,0,0,0
7,US102->CS46,0,0,0
7,US102->CS54,0,0,0
7,US102->CS62,0,0,0
7,US103->CS7,0,0,0
7,US103->CS15,0,0,0
7,US103->CS23,0,0,0
7,US103->CS31,0,0,0
7,US103->CS39,0,0,0
7,US103->CS47,0,0,0
7,US103->CS55,0,0,0
7,US103->CS63,0,0,0
7,US104->CS0,0,0,0
7,US104->CS8,0,0,0
7,US104->CS16,0,0,0
7,US104->CS24,0,0,0
7,US104->CS32,0,0,0
7,US104->CS40,0,0,0
7,US104->CS48,0,0,0
7,US104->CS56,0,0,0
7,US105->CS1,0,0,0
7,US105->CS9,0,0,0
7,US105->CS17,0,0,0
7,US105->CS25,0,0,0
7,US105->CS33,0,0,0
7,US105->CS41,0,0,0
7,US105->CS49,0,0,0
7,US105->CS57,0,0,0
7,US106->CS2,0,0,0
7,US106->CS10,0,0,0
7,US106->CS18,0,0,0
7,US106->CS26,0,0,0
7,US106->CS34,0,0,0
7,US106->CS42,0,0,0
7,US106->CS50,0,0,0
7,US106->CS58,0,0,0
7,US107->CS3,0,0,0
7,US107->CS11,0,0,0
7,US107->CS19,0,0,0
7,US107->CS27,0,0,0
7,US107->CS35,0,0,0
7,US107->CS43,0,0,0
7,US107->CS51,0,0,0
7,US107->CS59,0,0,0
7,US108->CS4,0,0,0
7,US108->CS12,0,0,0
7,US108->CS20,0,0,0
7,US108->CS28,0,0,0
7,US108->CS36,0,0,0
7,US108->CS44,0,0,0
7,US108->CS52,0,0,0
7,US108->CS60,0,0,0
7,US109->CS5,0,0,0
7,US109->CS13,0,0,0
7,US109->CS21,0,0,0
7,US109->CS29,0,0,0
7,US109->CS37,0,0,0
7,US109->CS45,0,0,0
7,US109->CS53,0,0,0
7,US109->CS61,0,0,0
7,US110->CS6,0,0,0
7,US110->CS14,0,0,0
7,US110->CS22,0,0,0
7,US110->CS30,0,0,0
7,US110->CS38,0,0,0
7,US110->CS46,0,0,0
7,US110->CS54,0,0,0
7,US110->CS62,0,0,0
7,US111->CS7,0,0,0
7,US111->CS15,0,0,0
7,US111->CS23,0,0,0
7,US111->CS31,0,0,0
7,US111->CS39,0,0,0
7,US111->CS47,0,0,0
7,US111->CS55,0,0,0
7,US111->CS63,0,0,0
7,US112->CS0,52461,52461,0
7,US112->CS8,52720,52720,0
7,US112->CS16,52531,52531,0
7,US112->CS24,52481,52481,0
7,US112->CS32,52736,52736,0
7,US112->CS40,52904,52904,0
7,US112->CS48,53266,53266,0
7,US112->CS56,52582,52582,0
7,US113->CS1,52435,52435,0
7,US113->CS9,52531,52531,0
7,US113->CS17,53103,53103,0
7,US113->CS25,52719,52719,0
7,US113->CS33,52589,52589,0
7,US113->CS41,52351,52351,0
7,US113->CS49,52469,52469,0
7,US113->CS57,52651,52651,0
7,US114->CS2,52986,52986,0
7,US114->CS10,52570,52570,0
7,US114->CS18,52380,52380,0
7,US114->CS26,52513,52513,0
7,US114->CS34,52460,52460,0
7,US114->CS42,52519,52519,0
7,US114->CS50,52385,52385,0
7,US114->CS58,52732,52732,0
7,US115->CS3,52702,52702,0
7,US115->CS11,52504,52504,0
7,US115->CS19,52462,52462,0
7,US115->CS27,52903,52903,0
7,US115->CS35,52809,52809,0
7,US115->CS43,52906,52906,0
7,US115->CS51,52595,52595,0
7,US115->CS59,52354,52354,0
7,US116->CS4,52123,52123,0
7,US116->CS12,52573,52573,0
7,US116->CS20,52511,52511,0
7,US116->CS28,52731,52731,0
7,US116->CS36,52878,52878,0
7,US116->CS44,52514,52514,0
7,US116->CS52,52439,52439,0
7,US116->CS60,52598,52598,0
7,US117->CS5,52974,52974,0
7,US117->CS13,52630,52630,0
7,US117->CS21,52455,52455,0
7,US117->CS29,52494,52494,0
7,US117->CS37,52360,52360,0
7,US117->CS45,52740,52740,0
7,US117->CS53,52827,52827,0
7,US117->CS61,52039,52039,0
7,US118->CS6,52176,52176,0
7,US118->CS14,52750,52750,0
7,US118->CS22,52473,52473,0
7,US118->CS30,52299,52299,0
7,US118->CS38,52513,52513,0
7,US118->CS46,52410,52410,0
7,US118->CS54,52507,52507,0
7,US118->CS62,52884,52884,0
7,US119->CS7,52571,52571,0
7,US119->CS15,52632,52632,0
7,US119->CS23,52613,52613,0
7,US119->CS31,52610,52610,0
7,US119->CS39,53095,53095,0
7,US119->CS47,52654,52654,0
7,US119->CS55,52629,52629,0
7,US119->CS63,52823,52823,0
7,US120->CS0,50325,50325,0
7,US120->CS8,50053,50053,0
7,US120->CS16,50378,50378,0
7,US120->CS24,50059,50059,0
7,US120->CS32,50377,50377,0
7,US120->CS40,50790,50790,0
7,US120->CS48,50515,50515,0
7,US120->CS56,50239,50239,0
7,US121->CS1,50148,50148,0
7,US121->CS9,50640,50640,0
7,US121->CS17,49909,49909,0
7,US121->CS25,50326,50326,0
7,US121->CS33,50479,50479,0
7,US121->CS41,50057,50057,0
7,US121->CS49,50129,50129,0
7,US121->CS57,50552,50552,0
7,US122->CS2,49981,49981,0
7,US122->CS10,50010,50010,0
7,US122->CS18,50135,50135,0
7,US122->CS26,50514,50514,0
7,US122->CS34,50335,50335,0
7,US122->CS42,50310,50310,0
7,US122->CS50,50614,50614,0
7,US122->CS58,50314,50314,0
7,US123->CS3,50384,50384,0
7,US123->CS11,50138,50138,0
7,US123->CS19,50562,50562,0
7,US123->CS27,50074,50074,0
7,US123->CS35,50157,50157,0
7,US123->CS43,50676,50676,0
7,US123->CS51,50356,50356,0
7,US123->CS59,50247,50247,0
7,US124->CS4,50171,50171,0
7,US124->CS12,50239,50239,0
7,US124->CS20,50234,50234,0
7,US124->CS28,50579,50579,0
7,US124->CS36,50267,50267,0
7,US124->CS44,50888,50888,0
7,US124->CS52,50404,50404,0
7,US124->CS60,50204,50204,0
7,US125->CS5,50377,50377,0
7,US125->CS13,50572,50572,0
7,US125->CS21,50594,50594,0
7,US125->CS29,50430,50430,0
7,US125->CS37,50320,50320,0
7,US125->CS45,49974,49974,0
7,US125->CS53,50542,50542,0
7,US125->CS61,50485,50485,0
7,US126->CS6,50190,50190,0
7,US126->CS14,50406,50406,0
7,US126->CS22,50097,50097,0
7,US126->CS30,50849,50849,0
7,US126->CS38,50078,50078,0
7,US126->CS46,50113,50113,0
7,US126->CS54,49953,49953,0
7,US126->CS62,50637,50637,0
7,US127->CS7,50303,50303,0
7,US127->CS15,50499,50499,0
7,US127->CS23,50069,50069,0
7,US127->CS31,50328,50328,0
7,US127->CS39,50209,50209,0
7,US127->CS47,50079,50079,0
7,US127->CS55,50521,50521,0
7,US127->CS63,50628,50628,0
7,CS0->US0,51620,51620,0
7,CS0->US8,50143,50143,0
7,CS0->US16,50542,50542,0
7,CS0->US24,0,0,0
7,CS0->US32,0,0,0
7,CS0->US40,52489,52489,0
7,CS0->US48,51313,51313,0
7,CS0->US56,0,0,0
7,CS0->US64,0,0,0
7,CS0->US72,51074,51074,0
7,CS0->US80,55787,55787,0
7,CS0->US88,50855,50855,0
7,CS0->US96,0,0,0
7,CS0->US104,0,0,0
7,CS0->US112,55878,55878,0
7,CS0->US120,54844,54844,0
7,CS1->US1,51327,51327,0
7,CS1->US9,49940,49940,0
7,CS1->US17,50338,50338,0
7,CS1->US25,0,0,0
7,CS1->US33,0,0,0
7,CS1->US41,52486,52486,0
7,CS1->US49,51667,51667,0
7,CS1->US57,0,0,0
7,CS1->US65,0,0,0
7,CS1->US73,51035,51035,0
7,CS1->US81,55780,55780,0
7,CS1->US89,50714,50714,0
7,CS1->US97,0,0,0
7,CS1->US105,0,0,0
7,CS1->US113,55991,55991,0
7,CS1->US121,54961,54961,0
7,CS2->US2,51445,51445,0
7,CS2->US10,50347,50347,0
7,CS2->US18,50170,50170,0
7,CS2->US26,0,0,0
7,CS2->US34,0,0,0
7,CS2->US42,52994,52994,0
7,CS2->US50,51398,51398,0
7,CS2->US58,0,0,0
7,CS2->US66,0,0,0
7,CS2->US74,51188,51188,0
7,CS2->US82,56060,56060,0
7,CS2->US90,51160,51160,0
7,CS2->US98,0,0,0
7,CS2->US106,0,0,0
7,CS2->US114,56179,56179,0
7,CS2->US122,54980,54980,0
7,CS3->US3,51794,51794,0
7,CS3->US11,49987,49987,0
7,CS3->US19,50626,50626,0
7,CS3->US27,0,0,0
7,CS3->US35,0,0,0
7,CS3->US43,52736,52736,0
7,CS3->US51,51474,51474,0
7,CS3->US59,0,0,0
7,CS3->US67,0,0,0
7,CS3->US75,50765,50765,0
7,CS3->US83,56171,56171,0
7,CS3->US91,50797,50797,0
7,CS3->US99,0,0,0
7,CS3->US107,0,0,0
7,CS3->US115,55668,55668,0
7,CS3->US123,54636,54636,0
7,CS4->US4,51299,51299,0
7,CS4->US12,50171,50171,0
7,CS4->US20,50372,50372,0
7,CS4->US28,0,0,0
7,CS4->US36,0,0,0
7,CS4->US44,52110,52110,0
7,CS4->US52,51775,51775,0
7,CS4->US60,0,0,0
7,CS4->US68,0,0,0
7,CS4->US76,51156,51156,0
7,CS4->US84,56387,56386,0
7,CS4->US92,50942,50942,0
7,CS4->US100,0,0,0
7,CS4->US108,0,0,0
7,CS4->US116,56058,56058,0
7,CS4->US124,55014,55014,0
7,CS5->US5,51651,51651,0
7,CS5->US13,50104,50104,0
7,CS5->US21,50569,50569,0
7,CS5->US29,0,0,0
7,CS5->US37,0,0,0
7,CS5->US45,53008,53008,0
7,CS5->US53,51502,51502,0
7,CS5->US61,0,0,0
7,CS5->US69,0,0,0
7,CS5->US77,50773,50773,0
7,CS5->US85,56150,56150,0
7,CS5->US93,50705,50705,0
7,CS5->US101,0,0,0
7,CS5->US109,0,0,0
7,CS5->US117,55984,55984,0
7,CS5->US125,55048,55048,0
7,CS6->US6,51140,51140,0
7,CS6->US14,50132,50132,0
7,CS6->US22,50368,50368,0
7,CS6->US30,0,0,0
7,CS6->US38,0,0,0
7,CS6->US46,52206,52206,0
7,CS6->US54,51620,51620,0
7,CS6->US62,0,0,0
7,CS6->US70,0,0,0
7,CS6->US78,50917,50917,0
7,CS6->US86,56214,56214,0
7,CS6->US94,50802,50802,0
7,CS6->US102,0,0,0
7,CS6->US110,0,0,0
7,CS6->US118,55847,55847,0
7,CS6->US126,55070,55070,0
7,CS7->US7,51681,51681,0
7,CS7->US15,50310,50310,0
7,CS7->US23,50458,50458,0
7,CS7->US31,0,0,0
7,CS7->US39,0,0,0
7,CS7->US47,52524,52524,0
7,CS7->US55,51798,51798,0
7,CS7->US63,0,0,0
7,CS7->US71,0,0,0
7,CS7->US79,50784,50784,0
7,CS7->US87,56260,56260,0
7,CS7->US95,51088,51088,0
7,CS7->US103,0,0,0
7,CS7->US111,0,0,0
7,CS7->US119,56264,56264,0
7,CS7->US127,54894,54894,0
7,CS8->US0,51495,51495,0
7,CS8->US8,50059,50059,0
7,CS8->US16,50300,50300,0
7,CS8->US24,0,0,0
7,CS8->US32,0,0,0
7,CS8->US40,52779,52779,0
7,CS8->US48,51493,51493,0
7,CS8->US56,0,0,0
7,CS8->US64,0,0,0
7,CS8->US72,51205,51205,0
7,CS8->US80,56157,56157,0
7,CS8->US88,51207,51207,0
7,CS8->US96,0,0,0
7,CS8->US104,0,0,0
7,CS8->US112,55880,55880,0
7,CS8->US120,54864,54864,0
7,CS9->US1,51141,51141,0
7,CS9->US9,50003,50003,0
7,CS9->US17,50835,50835,0
7,CS9->US25,0,0,0
7,CS9->US33,0,0,0
7,CS9->US41,52568,52568,0
7,CS9->US49,51690,51690,0
7,CS9->US57,0,0,0
7,CS9->US65,0,0,0
7,CS9->US73,50359,50359,0
7,CS9->US81,56170,56170,0
7,CS9->US89,51143,51143,0
7,CS9->US97,0,0,0
7,CS9->US105,0,0,0
7,CS9->US113,55978,55978,0
7,CS9->US121,54947,54947,0
7,CS10->US2,51280,51280,0
7,CS10->US10,49629,49629,0
7,CS10->US18,50194,50194,0
7,CS10->US26,0,0,0
7,CS10->US34,0,0,0
7,CS10->US42,52558,52558,0
7,CS10->US50,51768,51768,0
7,CS10->US58,0,0,0
7,CS10->US66,0,0,0
7,CS10->US74,50854,50854,0
7,CS10->US82,55768,55768,0
7,CS10->US90,50767,50767,0
7,CS10->US98,0,0,0
7,CS10->US106,0,0,0
7,CS10->US114,56330,56330,0
7,CS10->US122,54797,54797,0
7,CS11->US3,51870,51870,0
7,CS11->US11,49764,49764,0
7,CS11->US19,50318,50318,0
7,CS11->US27,0,0,0
7,CS11->US35,0,0,0
7,CS11->US43,52564,52564,0
7,CS11->US51,51174,51174,0
7,CS11->US59,0,0,0
7,CS11->US67,0,0,0
7,CS11->US75,50944,50944,0
7,CS11->US83,56218,56218,0
7,CS11->US91,50660,50660,0
7,CS11->US99,0,0,0
7,CS11->US107,0,0,0
7,CS11->US115,56058,56058,0
7,CS11->US123,55078,55078,0
7,CS12->US4,51672,51672,0
7,CS12->US12,50008,50008,0
7,CS12->US20,50418,50418,0
7,CS12->US28,0,0,0
7,CS12->US36,0,0,0
7,CS12->US44,52572,52572,0
7,CS12->US52,51387,51387,0
7,CS12->US60,0,0,0
7,CS12->US68,0,0,0
7,CS12->US76,50941,50941,0
7,CS12->US84,56040,56040,0
7,CS12->US92,50998,50998,0
7,CS12->US100,0,0,0
7,CS12->US108,0,0,0
7,CS12->US116,56279,56279,0
7,CS12->US124,54768,54768,0
7,CS13->US5,51604,51604,0
7,CS13->US13,49953,49953,0
7,CS13->US21,50707,50707,0
7,CS13->US29,0,0,0
7,CS13->US37,0,0,0
7,CS13->US45,52664,52664,0
7,CS13->US53,51859,51859,0
7,CS13->US61,0,0,0
7,CS13->US69,0,0,0
7,CS13->US77,51271,51271,0
7,CS13->US85,55759,55759,0
7,CS13->US93,51023,51023,0
7,CS13->US101,0,0,0
7,CS13->US109,0,0,0
7,CS13->US117,55509,55509,0
7,CS13->US125,55300,55300,0
7,CS14->US6,51484,51484,0
7,CS14->US14,49624,49624,0
7,CS14->US22,50590,50590,0
7,CS14->US30,0,0,0
7,CS14->US38,0,0,0
7,CS14->US46,52841,52841,0
7,CS14->US54,51283,51283,0
7,CS14->US62,0,0,0
7,CS14->US70,0,0,0
7,CS14->US78,50825,50825,0
7,CS14->US86,56024,56024,0
7,CS14->US94,50766,50766,0
7,CS14->US102,0,0,0
7,CS14->US110,0,0,0
7,CS14->US118,55926,55926,0
7,CS14->US126,54993,54993,0
7,CS15->US7,52288,52288,0
7,CS15->US15,50015,50015,0
7,CS15->US23,50660,50660,0
7,CS15->US31,0,0,0
7,CS15->US39,0,0,0
7,CS15->US47,52638,52638,0
7,CS15->US55,51586,51586,0
7,CS15->US63,0,0,0
7,CS15->US71,0,0,0
7,CS15->US79,50502,50502,0
7,CS15->US87,55769,55769,0
7,CS15->US95,50825,50825,0
7,CS15->US103,0,0,0
7,CS15->US111,0,0,0
7,CS15->US119,56159,56159,0
7,CS15->US127,55235,55235,0
7,CS16->US0,51185,51185,0
7,CS16->US8,49978,49978,0
7,CS16->US16,50571,50571,0
7,CS16->US24,0,0,0
7,CS16->US32,0,0,0
7,CS16->US40,52545,52545,0
7,CS16->US48,51334,51334,0
7,CS16->US56,0,0,0
7,CS16->US64,0,0,0
7,CS16->US72,51289,51289,0
7,CS16->US80,56131,56131,0
7,CS16->US88,50663,50663,0
7,CS16->US96,0,0,0
7,CS16->US104,0,0,0
7,CS16->US112,56028,56028,0
7,CS16->US120,54804,54804,0
7,CS17->US1,51596,51596,0
7,CS17->US9,50155,50155,0
7,CS17->US17,50118,50118,0
7,CS17->US25,0,0,0
7,CS17->US33,0,0,0
7,CS17->US41,53125,53125,0
7,CS17->US49,50796,50796,0
7,CS17->US57,0,0,0
7,CS17->US65,0,0,0
7,CS17->US73,51205,51205,0
7,CS17->US81,56097,56097,0
7,CS17->US89,51169,51169,0
7,CS17->US97,0,0,0
7,CS17->US105,0,0,0
7,CS17->US113,56002,56002,0
7,CS17->US121,54700,54700,0
7,CS18->US2,51362,51362,0
7,CS18->US10,49805,49805,0
7,CS18->US18,50303,50303,0
7,CS18->US26,0,0,0
7,CS18->US34,0,0,0
7,CS18->US42,52428,52428,0
7,CS18->US50,51435,51435,0
7,CS18->US58,0,0,0
7,CS18->US66,0,0,0
7,CS18->US74,50984,50984,0
7,CS18->US82,56425,56425,0
7,CS18->US90,51114,51114,0
7,CS18->US98,0,0,0
7,CS18->US106,0,0,0
7,CS18->US114,55801,55801,0
7,CS18->US122,54926,54926,0
7,CS19->US3,51124,51124,0
7,CS19->US11,49970,49970,0
7,CS19->US19,50702,50702,0
7,CS19->US27,0,0,0
7,CS19->US35,0,0,0
7,CS19->US43,52462,52462,0
7,CS19->US51,51440,51440,0
7,CS19->US59,0,0,0
7,CS19->US67,0,0,0
7,CS19->US75,51118,51118,0
7,CS19->US83,56063,56063,0
7,CS19->US91,50887,50887,0
7,CS19->US99,0,0,0
7,CS19->US107,0,0,0
7,CS19->US115,56133,56133,0
7,CS19->US123,54908,54908,0
7,CS20->US4,51401,51401,0
7,CS20->US12,50218,50218,0
7,CS20->US20,50466,50466,0
7,CS20->US28,0,0,0
7,CS20->US36,0,0,0
7,CS20->US44,52535,52535,0
7,CS20->US52,51637,51637,0
7,CS20->US60,0,0,0
7,CS20->US68,0,0,0
7,CS20->US76,51528,51528,0
7,CS20->US84,56036,56035,0
7,CS20->US92,50885,50885,0
7,CS20->US100,0,0,0
7,CS20->US108,0,0,0
7,CS20->US116,56841,56841,0
7,CS20->US124,54855,54855,0
7,CS21->US5,51681,51681,0
7,CS21->US13,49707,49707,0
7,CS21->US21,50801,50801,0
7,CS21->US29,0,0,0
7,CS21->US37,0,0,0
7,CS21->US45,52528,52528,0
7,CS21->US53,51370,51370,0
7,CS21->US61,0,0,0
7,CS21->US69,0,0,0
7,CS21->US77,50819,50819,0
7,CS21->US85,56620,56620,0
7,CS21->US93,50762,50762,0
7,CS21->US101,0,0,0
7,CS21->US109,0,0,0
7,CS21->US117,55996,55996,0
7,CS21->US125,55013,55013,0
7,CS22->US6,51578,51578,0
7,CS22->US14,50264,50264,0
7,CS22->US22,50298,50298,0
7,CS22->US30,0,0,0
7,CS22->US38,0,0,0
7,CS22->US46,52481,52481,0
7,CS22->US54,51360,51360,0
7,CS22->US62,0,0,0
7,CS22->US70,0,0,0
7,CS22->US78,51008,51008,0
7,CS22->US86,56494,56493,0
7,CS22->US94,50574,50574,0
7,CS22->US102,0,0,0
7,CS22->US110,0,0,0
7,CS22->US118,56347,56347,0
7,CS22->US126,55267,55267,0
7,CS23->US7,51786,51786,0
7,CS23->US15,49855,49855,0
7,CS23->US23,50277,50277,0
7,CS23->US31,0,0,0
7,CS23->US39,0,0,0
7,CS23->US47,52602,52602,0
7,CS23->US55,51625,51625,0
7,CS23->US63,0,0,0
7,CS23->US71,0,0,0
7,CS23->US79,51126,51126,0
7,CS23->US87,56570,56570,0
7,CS23->US95,51058,51058,0
7,CS23->US103,0,0,0
7,CS23->US111,0,0,0
7,CS23->US119,55880,55880,0
7,CS23->US127,55035,55035,0
7,CS24->US0,51661,51661,0
7,CS24->US8,49978,49977,0
7,CS24->US16,50249,50249,0
7,CS24->US24,0,0,0
7,CS24->US32,0,0,0
7,CS24->US40,52480,52480,0
7,CS24->US48,50971,50971,0
7,CS24->US56,0,0,0
7,CS24->US64,0,0,0
7,CS24->US72,50925,50925,0
7,CS24->US80,56002,56002,0
7,CS24->US88,50988,50988,0
7,CS24->US96,0,0,0
7,CS24->US104,0,0,0
7,CS24->US112,55966,55966,0
7,CS24->US120,55053,55053,0
7,CS25->US1,51347,51347,0
7,CS25->US9,49878,49878,0
7,CS25->US17,50512,50512,0
7,CS25->US25,0,0,0
7,CS25->US33,0,0,0
7,CS25->US41,52621,52621,0
7,CS25->US49,51385,51385,0
7,CS25->US57,0,0,0
7,CS25->US65,0,0,0
7,CS25->US73,51028,51028,0
7,CS25->US81,56142,56142,0
7,CS25->US89,51093,51093,0
7,CS25->US97,0,0,0
7,CS25->US105,0,0,0
7,CS25->US113,55334,55334,0
7,CS25->US121,55250,55250,0
7,CS26->US2,51599,51599,0
7,CS26->US10,50475,50475,0
7,CS26->US18,50691,50691,0
7,CS26->US26,0,0,0
7,CS26->US34,0,0,0
7,CS26->US42,52602,52602,0
7,CS26->US50,51494,51494,0
7,CS26->US58,0,0,0
7,CS26->US66,0,0,0
7,CS26->US74,51400,51400,0
7,CS26->US82,56244,56244,0
7,CS26->US90,51024,51024,0
7,CS26->US98,0,0,0
7,CS26->US106,0,0,0
7,CS26->US114,55878,55878,0
7,CS26->US122,54573,54573,0
7,CS27->US3,51263,51263,0
7,CS27->US11,50068,50068,0
7,CS27->US19,50228,50228,0
7,CS27->US27,0,0,0
7,CS27->US35,0,0,0
7,CS27->US43,52941,52941,0
7,CS27->US51,51883,51883,0
7,CS27->US59,0,0,0
7,CS27->US67,0,0,0
7,CS27->US75,51002,51002,0
7,CS27->US83,56209,56208,0
7,CS27->US91,51152,51152,0
7,CS27->US99,0,0,0
7,CS27->US107,0,0,0
7,CS27->US115,55900,55900,0
7,CS27->US123,54886,54886,0
7,CS28->US4,51304,51304,0
7,CS28->US12,50264,50264,0
7,CS28->US20,50761,50761,0
7,CS28->US28,0,0,0
7,CS28->US36,0,0,0
7,CS28->US44,52813,52813,0
7,CS28->US52,51843,51843,0
7,CS28->US60,0,0,0
7,CS28->US68,0,0,0
7,CS28->US76,51169,51169,0
7,CS28->US84,56269,56269,0
7,CS28->US92,50594,50594,0
7,CS28->US100,0,0,0
7,CS28->US108,0,0,0
7,CS28->US116,55833,55833,0
7,CS28->US124,54963,54963,0
7,CS29->US5,51762,51762,0
7,CS29->US13,49834,49834,0
7,CS29->US21,50577,50577,0
7,CS29->US29,0,0,0
7,CS29->US37,0,0,0
7,CS29->US45,52526,52526,0
7,CS29->US53,51734,51734,0
7,CS29->US61,0,0,0
7,CS29->US69,0,0,0
7,CS29->US77,51054,51054,0
7,CS29->US85,56185,56185,0
7,CS29->US93,51095,51095,0
7,CS29->US101,0,0,0
7,CS29->US109,0,0,0
7,CS29->US117,55801,55801,0
7,CS29->US125,54874,54874,0
7,CS30->US6,51299,51299,0
7,CS30->US14,50080,50080,0
7,CS30->US22,50959,50959,0
7,CS30->US30,0,0,0
7,CS30->US38,0,0,0
7,CS30->US46,52372,52372,0
7,CS30->US54,51702,51702,0
7,CS30->US62,0,0,0
7,CS30->US70,0,0,0
7,CS30->US78,50914,50914,0
7,CS30->US86,56047,56047,0
7,CS30->US94,51407,51407,0
7,CS30->US102,0,0,0
7,CS30->US110,0,0,0
7,CS30->US118,56165,56165,0
7,CS30->US126,54514,54514,0
7,CS31->US7,51416,51416,0
7,CS31->US15,49521,49521,0
7,CS31->US23,50482,50482,0
7,CS31->US31,0,0,0
7,CS31->US39,0,0,0
7,CS31->US47,52574,52574,0
7,CS31->US55,51295,51295,0
7,CS31->US63,0,0,0
7,CS31->US71,0,0,0
7,CS31->US79,50957,50957,0
7,CS31->US87,55750,55750,0
7,CS31->US95,50955,50955,0
7,CS31->US103,0,0,0
7,CS31->US111,0,0,0
7,CS31->US119,55824,55824,0
7,CS31->US127,55089,55089,0
7,CS32->US0,51285,51285,0
7,CS32->US8,49818,49818,0
7,CS32->US16,50530,50530,0
7,CS32->US24,0,0,0
7,CS32->US32,0,0,0
7,CS32->US40,52798,52798,0
7,CS32->US48,51689,51689,0
7,CS32->US56,0,0,0
7,CS32->US64,0,0,0
7,CS32->US72,50683,50683,0
7,CS32->US80,56354,56354,0
7,CS32->US88,50592,50592,0
7,CS32->US96,0,0,0
7,CS32->US104,0,0,0
7,CS32->US112,56050,56050,0
7,CS32->US120,54965,54965,0
7,CS33->US1,51309,51309,0
7,CS33->US9,49813,49813,0
7,CS33->US17,50699,50699,0
7,CS33->US25,0,0,0
7,CS33->US33,0,0,0
7,CS33->US41,52612,52612,0
7,CS33->US49,51371,51371,0
7,CS33->US57,0,0,0
7,CS33->US65,0,0,0
7,CS33->US73,50919,50919,0
7,CS33->US81,55786,55785,0
7,CS33->US89,50570,50570,0
7,CS33->US97,0,0,0
7,CS33->US105,0,0,0
7,CS33->US113,55950,55950,0
7,CS33->US121,54547,54547,0
7,CS34->US2,51903,51903,0
7,CS34->US10,49707,49707,0
7,CS34->US18,50503,50503,0
7,CS34->US26,0,0,0
7,CS34->US34,0,0,0
7,CS34->US42,52477,52477,0
7,CS34->US50,51161,51161,0
7,CS34->US58,0,0,0
7,CS34->US66,0,0,0
7,CS34->US74,51300,51300,0
7,CS34->US82,56034,56034,0
7,CS34->US90,51256,51256,0
7,CS34->US98,0,0,0
7,CS34->US106,0,0,0
7,CS34->US114,56233,56233,0
7,CS34->US122,54745,54745,0
7,CS35->US3,51747,51747,0
7,CS35->US11,50012,50012,0
7,CS35->US19,50336,50336,0
7,CS35->US27,0,0,0
7,CS35->US35,0,0,0
7,CS35->US43,52776,52776,0
7,CS35->US51,51685,51685,0
7,CS35->US59,0,0,0
7,CS35->US67,0,0,0
7,CS35->US75,50809,50809,0
7,CS35->US83,55691,55691,0
7,CS35->US91,51166,51166,0
7,CS35->US99,0,0,0
7,CS35->US107,0,0,0
7,CS35->US115,55697,55697,0
7,CS35->US123,55166,55166,0
7,CS36->US4,51420,51420,0
7,CS36->US12,49905,49905,0
7,CS36->US20,50496,50496,0
7,CS36->US28,0,0,0
7,CS36->US36,0,0,0
7,CS36->US44,52902,52902,0
7,CS36->US52,51699,51699,0
7,CS36->US60,0,0,0
7,CS36->US68,0,0,0
7,CS36->US76,50881,50881,0
7,CS36->US84,56137,56137,0
7,CS36->US92,50805,50805,0
7,CS36->US100,0,0,0
7,CS36->US108,0,0,0
7,CS36->US116,56354,56354,0
7,CS36->US124,54743,54743,0
7,CS37->US5,51479,51479,0
7,CS37->US13,50111,50111,0
7,CS37->US21,50517,50517,0
7,CS37->US29,0,0,0
7,CS37->US37,0,0,0
7,CS37->US45,52366,52366,0
7,CS37->US53,51635,51635,0
7,CS37->US61,0,0,0
7,CS37->US69,0,0,0
7,CS37->US77,50528,50528,0
7,CS37->US85,56310,56310,0
7,CS37->US93,50829,50829,0
7,CS37->US101,0,0,0
7,CS37->US109,0,0,0
7,CS37->US117,56007,56007,0
7,CS37->US125,55097,55097,0
7,CS38->US6,51181,51181,0
7,CS38->US14,49900,49900,0
7,CS38->US22,50223,50223,0
7,CS38->US30,0,0,0
7,CS38->US38,0,0,0
7,CS38->US46,52519,52519,0
7,CS38->US54,51747,51747,0
7,CS38->US62,0,0,0
7,CS38->US70,0,0,0
7,CS38->US78,50986,50986,0
7,CS38->US86,56087,56087,0
7,CS38->US94,51135,51135,0
7,CS38->US102,0,0,0
7,CS38->US110,0,0,0
7,CS38->US118,56021,56021,0
7,CS38->US126,55119,55119,0
7,CS39->US7,51603,51603,0
7,CS39->US15,50141,50141,0
7,CS39->US23,50415,50415,0
7,CS39->US31,0,0,0
7,CS39->US39,0,0,0
7,CS39->US47,53102,53102,0
7,CS39->US55,51327,51327,0
7,CS39->US63,0,0,0
7,CS39->US71,0,0,0
7,CS39->US79,50794,50794,0
7,CS39->US87,56266,56266,0
7,CS39->US95,50933,50933,0
7,CS39->US103,0,0,0
7,CS39->US111,0,0,0
7,CS39->US119,56192,56192,0
7,CS39->US127,55173,55173,0
7,CS40->US0,51561,51561,0
7,CS40->US8,50273,50273,0
7,CS40->US16,50982,50982,0
7,CS40->US24,0,0,0
7,CS40->US32,0,0,0
7,CS40->US40,52928,52928,0
7,CS40->US48,51333,51333,0
7,CS40->US56,0,0,0
7,CS40->US64,0,0,0
7,CS40->US72,50988,50988,0
7,CS40->US80,56065,56065,0
7,CS40->US88,50968,50968,0
7,CS40->US96,0,0,0
7,CS40->US104,0,0,0
7,CS40->US112,56002,56002,0
7,CS40->US120,54888,54888,0
7,CS41->US1,51441,51441,0
7,CS41->US9,50151,50151,0
7,CS41->US17,50204,50204,0
7,CS41->US25,0,0,0
7,CS41->US33,0,0,0
7,CS41->US41,52340,52340,0
7,CS41->US49,51667,51667,0
7,CS41->US57,0,0,0
7,CS41->US65,0,0,0
7,CS41->US73,50747,50747,0
7,CS41->US81,56434,56434,0
7,CS41->US89,50898,50898,0
7,CS41->US97,0,0,0
7,CS41->US105,0,0,0
7,CS41->US113,55846,55846,0
7,CS41->US121,55002,55002,0
7,CS42->US2,51384,51384,0
7,CS42->US10,49939,49939,0
7,CS42->US18,50457,50457,0
7,CS42->US26,0,0,0
7,CS42->US34,0,0,0
7,CS42->US42,52541,52541,0
7,CS42->US50,51367,51367,0
7,CS42->US58,0,0,0
7,CS42->US66,0,0,0
7,CS42->US74,50944,50944,0
7,CS42->US82,56096,56096,0
7,CS42->US90,51058,51058,0
7,CS42->US98,0,0,0
7,CS42->US106,0,0,0
7,CS42->US114,55859,55859,0
7,CS42->US122,55099,55099,0
7,CS43->US3,51726,51726,0
7,CS43->US11,49849,49849,0
7,CS43->US19,50863,50863,0
7,CS43->US27,0,0,0
7,CS43->US35,0,0,0
7,CS43->US43,52974,52974,0
7,CS43->US51,51272,51272,0
7,CS43->US59,0,0,0
7,CS43->US67,0,0,0
7,CS43->US75,50908,50908,0
7,CS43->US83,56192,56192,0
7,CS43->US91,50787,50787,0
7,CS43->US99,0,0,0
7,CS43->US107,0,0,0
7,CS43->US115,56220,56220,0
7,CS43->US123,54786,54786,0
7,CS44->US4,51603,51603,0
7,CS44->US12,50552,50552,0
7,CS44->US20,51088,51088,0
7,CS44->US28,0,0,0
7,CS44->US36,0,0,0
7,CS44->US44,52560,52560,0
7,CS44->US52,51632,51632,0
7,CS44->US60,0,0,0
7,CS44->US68,0,0,0
7,CS44->US76,50925,50925,0
7,CS44->US84,55941,55941,0
7,CS44->US92,50712,50712,0
7,CS44->US100,0,0,0
7,CS44->US108,0,0,0
7,CS44->US116,56046,56046,0
7,CS44->US124,55065,55065,0
7,CS45->US5,51078,51078,0
7,CS45->US13,49836,49836,0
7,CS45->US21,50119,50119,0
7,CS45->US29,0,0,0
7,CS45->US37,0,0,0
7,CS45->US45,52774,52774,0
7,CS45->US53,51404,51404,0
7,CS45->US61,0,0,0
7,CS45->US69,0,0,0
7,CS45->US77,50964,50964,0
7,CS45->US85,56068,56068,0
7,CS45->US93,51121,51121,0
7,CS45->US101,0,0,0
7,CS45->US109,0,0,0
7,CS45->US117,55632,55632,0
7,CS45->US125,54755,54755,0
7,CS46->US6,51517,51517,0
7,CS46->US14,50006,50006,0
7,CS46->US22,50325,50325,0
7,CS46->US30,0,0,0
7,CS46->US38,0,0,0
7,CS46->US46,52366,52366,0
7,CS46->US54,51304,51304,0
7,CS46->US62,0,0,0
7,CS46->US70,0,0,0
7,CS46->US78,51146,51146,0
7,CS46->US86,56298,56297,0
7,CS46->US94,50684,50684,0
7,CS46->US102,0,0,0
7,CS46->US110,0,0,0
7,CS46->US118,56215,56215,0
7,CS46->US126,55026,55026,0
7,CS47->US7,51693,51693,0
7,CS47->US15,50266,50266,0
7,CS47->US23,50221,50221,0
7,CS47->US31,0,0,0
7,CS47->US39,0,0,0
7,CS47->US47,52671,52671,0
7,CS47->US55,51526,51526,0
7,CS47->US63,0,0,0
7,CS47->US71,0,0,0
7,CS47->US79,50986,50986,0
7,CS47->US87,56069,56069,0
7,CS47->US95,50896,50896,0
7,CS47->US103,0,0,0
7,CS47->US111,0,0,0
7,CS47->US119,55633,55633,0
7,CS47->US127,55448,55448,0
7,CS48->US0,51418,51418,0
7,CS48->US8,50128,50128,0
7,CS48->US16,50719,50719,0
7,CS48->US24,0,0,0
7,CS48->US32,0,0,0
7,CS48->US40,53327,53327,0
7,CS48->US48,51737,51737,0
7,CS48->US56,0,0,0
7,CS48->US64,0,0,0
7,CS48->US72,50912,50912,0
7,CS48->US80,55847,55847,0
7,CS48->US88,51002,51002,0
7,CS48->US96,0,0,0
7,CS48->US104,0,0,0
7,CS48->US112,55848,55848,0
7,CS48->US120,54919,54919,0
7,CS49->US1,51236,51236,0
7,CS49->US9,50001,50001,0
7,CS49->US17,50307,50307,0
7,CS49->US25,0,0,0
7,CS49->US33,0,0,0
7,CS49->US41,52475,52475,0
7,CS49->US49,51506,51506,0
7,CS49->US57,0,0,0
7,CS49->US65,0,0,0
7,CS49->US73,50622,50622,0
7,CS49->US81,56339,56339,0
7,CS49->US89,50887,50887,0
7,CS49->US97,0,0,0
7,CS49->US105,0,0,0
7,CS49->US113,56444,56444,0
7,CS49->US121,55606,55606,0
7,CS50->US2,51399,51399,0
7,CS50->US10,49743,49743,0
7,CS50->US18,50814,50814,0
7,CS50->US26,0,0,0
7,CS50->US34,0,0,0
7,CS50->US42,52408,52408,0
7,CS50->US50,51600,51600,0
7,CS50->US58,0,0,0
7,CS50->US66,0,0,0
7,CS50->US74,51182,51182,0
7,CS50->US82,56296,56296,0
7,CS50->US90,50849,50849,0
7,CS50->US98,0,0,0
7,CS50->US106,0,0,0
7,CS50->US114,56094,56094,0
7,CS50->US122,54903,54903,0
7,CS51->US3,51421,51421,0
7,CS51->US11,49916,49916,0
7,CS51->US19,50556,50556,0
7,CS51->US27,0,0,0
7,CS51->US35,0,0,0
7,CS51->US43,52638,52638,0
7,CS51->US51,51365,51365,0
7,CS51->US59,0,0,0
7,CS51->US67,0,0,0
7,CS51->US75,50731,50731,0
7,CS51->US83,56271,56271,0
7,CS51->US91,50724,50724,0
7,CS51->US99,0,0,0
7,CS51->US107,0,0,0
7,CS51->US115,56161,56161,0
7,CS51->US123,55011,55011,0
7,CS52->US4,51343,51343,0
7,CS52->US12,49754,49754,0
7,CS52->US20,50589,50589,0
7,CS52->US28,0,0,0
7,CS52->US36,0,0,0
7,CS52->US44,52427,52427,0
7,CS52->US52,51514,51514,0
7,CS52->US60,0,0,0
7,CS52->US68,0,0,0
7,CS52->US76,51039,51039,0
7,CS52->US84,56037,56037,0
7,CS52->US92,51257,51257,0
7,CS52->US100,0,0,0
7,CS52->US108,0,0,0
7,CS52->US116,55860,55860,0
7,CS52->US124,55089,55089,0
7,CS53->US5,51525,51525,0
7,CS53->US13,50087,50087,0
7,CS53->US21,50710,50710,0
7,CS53->US29,0,0,0
7,CS53->US37,0,0,0
7,CS53->US45,52854,52854,0
7,CS53->US53,51356,51356,0
7,CS53->US61,0,0,0
7,CS53->US69,0,0,0
7,CS53->US77,50862,50862,0
7,CS53->US85,56415,56415,0
7,CS53->US93,50635,50635,0
7,CS53->US101,0,0,0
7,CS53->US109,0,0,0
7,CS53->US117,55591,55591,0
7,CS53->US125,55018,55018,0
7,CS54->US6,51598,51598,0
7,CS54->US14,50194,50194,0
7,CS54->US22,50188,50188,0
7,CS54->US30,0,0,0
7,CS54->US38,0,0,0
7,CS54->US46,52610,52610,0
7,CS54->US54,51637,51637,0
7,CS54->US62,0,0,0
7,CS54->US70,0,0,0
7,CS54->US78,50567,50567,0
7,CS54->US86,56065,56065,0
7,CS54->US94,50680,50680,0
7,CS54->US102,0,0,0
7,CS54->US110,0,0,0
7,CS54->US118,55852,55852,0
7,CS54->US126,54706,54706,0
7,CS55->US7,51177,51177,0
7,CS55->US15,49831,49831,0
7,CS55->US23,50741,50741,0
7,CS55->US31,0,0,0
7,CS55->US39,0,0,0
7,CS55->US47,52629,52629,0
7,CS55->US55,51351,51351,0
7,CS55->US63,0,0,0
7,CS55->US71,0,0,0
7,CS55->US79,50578,50578,0
7,CS55->US87,56112,56112,0
7,CS55->US95,50937,50937,0
7,CS55->US103,0,0,0
7,CS55->US111,0,0,0
7,CS55->US119,55959,55959,0
7,CS55->US127,54848,54848,0
7,CS56->US0,51272,51272,0
7,CS56->US8,49982,49982,0
7,CS56->US16,50410,50410,0
7,CS56->US24,0,0,0
7,CS56->US32,0,0,0
7,CS56->US40,52548,52548,0
7,CS56->US48,51383,51383,0
7,CS56->US56,0,0,0
7,CS56->US64,0,0,0
7,CS56->US72,51048,51048,0
7,CS56->US80,55936,55936,0
7,CS56->US88,51093,51093,0
7,CS56->US96,0,0,0
7,CS56->US104,0,0,0
7,CS56->US112,56003,56003,0
7,CS56->US120,55239,55239,0
7,CS57->US1,51633,51633,0
7,CS57->US9,50118,50118,0
7,CS57->US17,50708,50708,0
7,CS57->US25,0,0,0
7,CS57->US33,0,0,0
7,CS57->US41,52735,52735,0
7,CS57->US49,51373,51373,0
7,CS57->US57,0,0,0
7,CS57->US65,0,0,0
7,CS57->US73,51061,51061,0
7,CS57->US81,56166,56166,0
7,CS57->US89,51017,51017,0
7,CS57->US97,0,0,0
7,CS57->US105,0,0,0
7,CS57->US113,56487,56487,0
7,CS57->US121,55066,55066,0
7,CS58->US2,51427,51427,0
7,CS58->US10,49899,49899,0
7,CS58->US18,50427,50427,0
7,CS58->US26,0,0,0
7,CS58->US34,0,0,0
7,CS58->US42,52719,52719,0
7,CS58->US50,51176,51176,0
7,CS58->US58,0,0,0
7,CS58->US66,0,0,0
7,CS58->US74,51033,51033,0
7,CS58->US82,56160,56160,0
7,CS58->US90,51114,51114,0
7,CS58->US98,0,0,0
7,CS58->US106,0,0,0
7,CS58->US114,55978,55978,0
7,CS58->US122,54931,54931,0
7,CS59->US3,51460,51460,0
7,CS59->US11,50254,50254,0
7,CS59->US19,50418,50418,0
7,CS59->US27,0,0,0
7,CS59->US35,0,0,0
7,CS59->US43,52436,52436,0
7,CS59->US51,51253,51253,0
7,CS59->US59,0,0,0
7,CS59->US67,0,0,0
7,CS59->US75,50754,50754,0
7,CS59->US83,55771,55771,0
7,CS59->US91,51138,51138,0
7,CS59->US99,0,0,0
7,CS59->US107,0,0,0
7,CS59->US115,55970,55970,0
7,CS59->US123,54973,54973,0
7,CS60->US4,51432,51432,0
7,CS60->US12,49772,49772,0
7,CS60->US20,50382,50382,0
7,CS60->US28,0,0,0
7,CS60->US36,0,0,0
7,CS60->US44,52609,52609,0
7,CS60->US52,51418,51418,0
7,CS60->US60,0,0,0
7,CS60->US68,0,0,0
7,CS60->US76,51315,51315,0
7,CS60->US84,55705,55705,0
7,CS60->US92,50743,50743,0
7,CS60->US100,0,0,0
7,CS60->US108,0,0,0
7,CS60->US116,56015,56015,0
7,CS60->US124,54908,54908,0
7,CS61->US5,51300,51300,0
7,CS61->US13,50184,50184,0
7,CS61->US21,50686,50686,0
7,CS61->US29,0,0,0
7,CS61->US37,0,0,0
7,CS61->US45,52039,52039,0
7,CS61->US53,51618,51618,0
7,CS61->US61,0,0,0
7,CS61->US69,0,0,0
7,CS61->US77,50794,50794,0
7,CS61->US85,55751,55751,0
7,CS61->US93,51338,51338,0
7,CS61->US101,0,0,0
7,CS61->US109,0,0,0
7,CS61->US117,55994,55994,0
7,CS61->US125,54770,54770,0
7,CS62->US6,51314,51314,0
7,CS62->US14,49799,49799,0
7,CS62->US22,50821,50821,0
7,CS62->US30,0,0,0
7,CS62->US38,0,0,0
7,CS62->US46,52922,52922,0
7,CS62->US54,51533,51533,0
7,CS62->US62,0,0,0
7,CS62->US70,0,0,0
7,CS62->US78,50800,50800,0
7,CS62->US86,55665,55665,0
7,CS62->US94,50861,50861,0
7,CS62->US102,0,0,0
7,CS62->US110,0,0,0
7,CS62->US118,56251,56251,0
7,CS62->US126,54543,54543,0
7,CS63->US7,51762,51762,0
7,CS63->US15,50417,50417,0
7,CS63->US23,50880,50880,0
7,CS63->US31,0,0,0
7,CS63->US39,0,0,0
7,CS63->US47,52814,52814,0
7,CS63->US55,51196,51196,0
7,CS63->US63,0,0,0
7,CS63->US71,0,0,0
7,CS63->US79,50728,50728,0
7,CS63->US87,55963,55963,0
7,CS63->US95,50885,50885,0
7,CS63->US103,0,0,0
7,CS63->US111,0,0,0
7,CS63->US119,56468,56468,0
7,CS63->US127,54955,54955,0
8,US0->CS0,51560,51560,0
8,US0->CS8,51776,51776,0
8,US0->CS16,51627,51627,0
8,US0->CS24,51241,51241,0
8,US0->CS32,51991,51991,0
8,US0->CS40,51642,51642,0
8,US0->CS48,52034,52034,0
8,US0->CS56,51705,51705,0
8,US1->CS1,51901,51901,0
8,US1->CS9,51976,51976,0
8,US1->CS17,51149,51149,0
8,US1->CS25,51656,51656,0
8,US1->CS33,51652,51652,0
8,US1->CS41,51932,51932,0
8,US1->CS49,51815,51815,0
8,US1->CS57,51635,51635,0
8,US2->CS2,51678,51678,0
8,US2->CS10,52076,52076,0
8,US2->CS18,51668,51668,0
8,US2->CS26,51778,51778,0
8,US2->CS34,51415,51415,0
8,US2->CS42,51654,51654,0
8,US2->CS50,51897,51897,0
8,US2->CS58,51411,51411,0
8,US3->CS3,51757,51757,0
8,US3->CS11,51469,51469,0
8,US3->CS19,51737,51737,0
8,US3->CS27,52162,52162,0
8,US3->CS35,51956,51956,0
8,US3->CS43,51542,51542,0
8,US3->CS51,51635,51635,0
8,US3->CS59,51531,51531,0
8,US4->CS4,52016,52016,0
8,US4->CS12,51620,51620,0
8,US4->CS20,51926,51926,0
8,US4->CS28,52120,52120,0
8,US4->CS36,52014,52014,0
8,US4->CS44,51914,51914,0
8,US4->CS52,51769,51769,0
8,US4->CS60,51682,51682,0
8,US5->CS5,51794,51794,0
8,US5->CS13,52163,52163,0
8,US5->CS21,51643,51643,0
8,US5->CS29,52027,52027,0
8,US5->CS37,51877,51877,0
8,US5->CS45,51673,51673,0
8,US5->CS53,51666,51666,0
8,US5->CS61,51915,51915,0
8,US6->CS6,51890,51890,0
8,US6->CS14,51577,51577,0
8,US6->CS22,51597,51597,0
8,US6->CS30,51985,51985,0
8,US6->CS38,52040,52040,0
8,US6->CS46,51565,51565,0
8,US6->CS54,51870,51870,0
8,US6->CS62,51815,51815,0
8,US7->CS7,52054,52054,0
8,US7->CS15,51904,51904,0
8,US7->CS23,51931,51931,0
8,US7->CS31,51551,51551,0
8,US7->CS39,51607,51607,0
8,US7->CS47,51784,51784,0
8,US7->CS55,51605,51605,0
8,US7->CS63,51438,51438,0
8,US8->CS0,56200,56200,0
8,US8->CS8,56574,56574,0
8,US8->CS16,56493,56493,0
8,US8->CS24,56404,56404,0
8,US8->CS32,56757,56757,0
8,US8->CS40,56469,56469,0
8,US8->CS48,56216,56216,0
8,US8->CS56,56334,56334,0
8,US9->CS1,56123,56123,0
8,US9->CS9,56550,56550,0
8,US9->CS17,56479,56479,0
8,US9->CS25,56542,56542,0
8,US9->CS33,56251,56251,0
8,US9->CS41,56803,56803,0
8,US9->CS49,56704,56704,0
8,US9->CS57,56631,56631,0
8,US10->CS2,56469,56469,0
8,US10->CS10,56175,56175,0
8,US10->CS18,56802,56802,0
8,US10->CS26,56681,56681,0
8,US10->CS34,56468,56468,0
8,US10->CS42,56454,56454,0
8,US10->CS50,56686,56686,0
8,US10->CS58,56520,56520,0
8,US11->CS3,56602,56602,0
8,US11->CS11,56612,56612,0
8,US11->CS19,56452,56452,0
8,US11->CS27,56527,56527,0
8,US11->CS35,56110,56110,0
8,US11->CS43,56553,56553,0
8,US11->CS51,56652,56652,0
8,US11->CS59,56153,56153,0
8,US12->CS4,56798,56798,0
8,US12->CS12,56387,56387,0
8,US12->CS20,56443,56443,0
8,US12->CS28,56662,56662,0
8,US12->CS36,56565,56565,0
8,US12->CS44,56337,56337,0
8,US12->CS52,56402,56402,0
8,US12->CS60,56110,56110,0
8,US13->CS5,56496,56496,0
8,US13->CS13,56153,56153,0
8,US13->CS21,57028,57028,0
8,US13->CS29,56528,56528,0
8,US13->CS37,56707,56707,0
8,US13->CS45,56399,56399,0
8,US13->CS53,56813,56813,0
8,US13->CS61,56110,56110,0
8,US14->CS6,56611,56611,0
8,US14->CS14,56425,56425,0
8,US14->CS22,56869,56869,0
8,US14->CS30,56407,56407,0
8,US14->CS38,56429,56429,0
8,US14->CS46,56661,56661,0
8,US14->CS54,56465,56465,0
8,US14->CS62,56117,56117,0
8,US15->CS7,56616,56616,0
8,US15->CS15,56145,56145,0
8,US15->CS23,56971,56971,0
8,US15->CS31,56121,56121,0
8,US15->CS39,56706,56706,0
8,US15->CS47,56418,56418,0
8,US15->CS55,56593,56593,0
8,US15->CS63,56363,56363,0
8,US16->CS0,54976,54976,0
8,US16->CS8,54982,54982,0
8,US16->CS16,55029,55029,0
8,US16->CS24,55117,55117,0
8,US16->CS32,55160,55160,0
8,US16->CS40,55010,55010,0
8,US16->CS48,55122,55122,0
8,US16->CS56,55387,55387,0
8,US17->CS1,55132,55132,0
8,US17->CS9,55163,55163,0
8,US17->CS17,54839,54839,0
8,US17->CS25,55330,55330,0
8,US17->CS33,54729,54729,0
8,US17->CS41,55214,55214,0
8,US17->CS49,55765,55765,0
8,US17->CS57,55241,55241,0
8,US18->CS2,55125,55125,0
8,US18->CS10,54936,54936,0
8,US18->CS18,55052,55052,0
8,US18->CS26,54724,54724,0
8,US18->CS34,54916,54916,0
8,US18->CS42,55255,55255,0
8,US18->CS50,55114,55114,0
8,US18->CS58,54999,54999,0
8,US19->CS3,54814,54814,0
8,US19->CS11,55197,55197,0
8,US19->CS19,55046,55046,0
8,US19->CS27,54976,54976,0
8,US19->CS35,55299,55299,0
8,US19->CS43,54896,54896,0
8,US19->CS51,55125,55125,0
8,US19->CS59,55122,55122,0
8,US20->CS4,55143,55143,0
8,US20->CS12,54899,54899,0
8,US20->CS20,54977,54977,0
8,US20->CS28,55154,55154,0
8,US20->CS36,54890,54890,0
8,US20->CS44,55237,55237,0
8,US20->CS52,55282,55282,0
8,US20->CS60,55011,55011,0
8,US21->CS5,55153,55153,0
8,US21->CS13,55416,55416,0
8,US21->CS21,55223,55223,0
8,US21->CS29,55050,55050,0
8,US21->CS37,55252,55252,0
8,US21->CS45,54918,54918,0
8,US21->CS53,55097,55097,0
8,US21->CS61,54919,54919,0
8,US22->CS6,55156,55156,0
8,US22->CS14,55087,55087,0
8,US22->CS22,55326,55326,0
8,US22->CS30,54681,54681,0
8,US22->CS38,55245,55245,0
8,US22->CS46,55095,55095,0
8,US22->CS54,54847,54847,0
8,US22->CS62,54756,54756,0
8,US23->CS7,55092,55092,0
8,US23->CS15,55413,55413,0
8,US23->CS23,55238,55238,0
8,US23->CS31,55193,55193,0
8,US23->CS39,55342,55342,0
8,US23->CS47,55579,55579,0
8,US23->CS55,54999,54999,0
8,US23->CS63,55161,55161,0
8,US24->CS0,32104,32103,0
8,US24->CS8,31971,31970,0
8,US24->CS16,32316,32314,0
8,US24->CS24,32085,32084,0
8,US24->CS32,31728,31728,0
8,US24->CS40,32142,32141,0
8,US24->CS48,32002,32002,0
8,US24->CS56,32269,32269,0
8,US25->CS1,32062,32060,0
8,US25->CS9,32026,32024,0
8,US25->CS17,31932,31932,0
8,US25->CS25,32130,32130,0
8,US25->CS33,32455,32455,0
8,US25->CS41,32044,32044,0
8,US25->CS49,31984,31984,0
8,US25->CS57,32165,32165,0
8,US26->CS2,31834,31834,0
8,US26->CS10,32066,32066,0
8,US26->CS18,31783,31783,0
8,US26->CS26,31878,31878,0
8,US26->CS34,32208,32207,0
8,US26->CS42,31905,31903,0
8,US26->CS50,31741,31740,0
8,US26->CS58,32129,32127,0
8,US27->CS3,32022,32022,0
8,US27->CS11,32088,32088,0
8,US27->CS19,31937,31937,0
8,US27->CS27,32139,32136,0
8,US27->CS35,32167,32167,0
8,US27->CS43,31662,31662,0
8,US27->CS51,31995,31995,0
8,US27->CS59,31928,31928,0
8,US28->CS4,32014,32013,0
8,US28->CS12,32221,32221,0
8,US28->CS20,32260,32259,0
8,US28->CS28,32234,32234,0
8,US28->CS36,31966,31966,0
8,US28->CS44,32196,32195,0
8,US28->CS52,32198,32197,0
8,US28->CS60,32156,32156,0
8,US29->CS5,32316,32316,0
8,US29->CS13,32252,32252,0
8,US29->CS21,32147,32147,0
8,US29->CS29,31989,31989,0
8,US29->CS37,31749,31749,0
8,US29->CS45,32280,32280,0
8,US29->CS53,31958,31958,0
8,US29->CS61,32013,32012,0
8,US30->CS6,32032,32032,0
8,US30->CS14,31819,31819,0
8,US30->CS22,31988,31987,0
8,US30->CS30,32220,32220,0
8,US30->CS38,32087,32087,0
8,US30->CS46,32194,32194,0
8,US30->CS54,32141,32141,0
8,US30->CS62,32007,32007,0
8,US31->CS7,32024,32023,0
8,US31->CS15,31960,31960,0
8,US31->CS23,31958,31958,0
8,US31->CS31,32020,32019,0
8,US31->CS39,32293,32292,0
8,US31->CS47,32077,32076,0
8,US31->CS55,32102,32101,0
8,US31->CS63,32015,32015,0
8,US32->CS0,0,0,0
8,US32->CS8,0,0,0
8,US32->CS16,0,0,0
8,US32->CS24,0,0,0
8,US32->CS32,0,0,0
8,US32->CS40,0,0,0
8,US32->CS48,0,0,0
8,US32->CS56,0,0,0
8,US33->CS1,0,0,0
8,US33->CS9,0,0,0
8,US33->CS17,0,0,0
8,US33->CS25,0,0,0
8,US33->CS33,0,0,0
8,US33->CS41,0,0,0
8,US33->CS49,0,0,0
8,US33->CS57,0,0,0
8,US34->CS2,0,0,0
8,US34->CS10,0,0,0
8,US34->CS18,0,0,0
8,US34->CS26,0,0,0
8,US34->CS34,0,0,0
8,US34->CS42,0,0,0
8,US34->CS50,0,0,0
8,US34->CS58,0,0,0
8,US35->CS3,0,0,0
8,US35->CS11,0,0,0
8,US35->CS19,0,0,0
8,US35->CS27,0,0,0
8,US35->CS35,0,0,0
8,US35->CS43,0,0,0
8,US35->CS51,0,0,0
8,US35->CS59,0,0,0
8,US36->CS4,0,0,0
8,US36->CS12,0,0,0
8,US36->CS20,0,0,0
8,US36->CS28,0,0,0
8,US36->CS36,0,0,0
8,US36->CS44,0,0,0
8,US36->CS52,0,0,0
8,US36->CS60,0,0,0
8,US37->CS5,0,0,0
8,US37->CS13,0,0,0
8,US37->CS21,0,0,0
8,US37->CS29,0,0,0
8,US37->CS37,0,0,0
8,US37->CS45,0,0,0
8,US37->CS53,0,0,0
8,US37->CS61,0,0,0
8,US38->CS6,0,0,0
8,US38->CS14,0,0,0
8,US38->CS22,0,0,0
8,US38->CS30,0,0,0
8,US38->CS38,0,0,0
8,US38->CS46,0,0,0
8,US38->CS54,0,0,0
8,US38->CS62,0,0,0
8,US39->CS7,0,0,0
8,US39->CS15,0,0,0
8,US39->CS23,0,0,0
8,US39->CS31,0,0,0
8,US39->CS39,0,0,0
8,US39->CS47,0,0,0
8,US39->CS55,0,0,0
8,US39->CS63,0,0,0
8,US40->CS0,55864,55864,0
8,US40->CS8,55772,55772,0
8,US40->CS16,55955,55955,0
8,US40->CS24,55928,55928,0
8,US40->CS32,55939,55939,0
8,US40->CS40,55925,55925,0
8,US40->CS48,55755,55755,0
8,US40->CS56,55905,55905,0
8,US41->CS1,56001,56001,0
8,US41->CS9,56004,56004,0
8,US41->CS17,55834,55834,0
8,US41->CS25,55293,55293,0
8,US41->CS33,55918,55918,0
8,US41->CS41,55807,55807,0
8,US41->CS49,56330,56330,0
8,US41->CS57,56460,56460,0
8,US42->CS2,56086,56086,0
8,US42->CS10,56212,56212,0
8,US42->CS18,55816,55816,0
8,US42->CS26,55814,55814,0
8,US42->CS34,56200,56200,0
8,US42->CS42,55779,55779,0
8,US42->CS50,56103,56103,0
8,US42->CS58,55967,55967,0
8,US43->CS3,55580,55580,0
8,US43->CS11,55943,55943,0
8,US43->CS19,56016,56016,0
8,US43->CS27,55820,55820,0
8,US43->CS35,55653,55653,0
8,US43->CS43,56163,56163,0
8,US43->CS51,56107,56107,0
8,US43->CS59,55885,55885,0
8,US44->CS4,55992,55992,0
8,US44->CS12,56282,56282,0
8,US44->CS20,56803,56803,0
8,US44->CS28,55758,55758,0
8,US44->CS36,56277,56277,0
8,US44->CS44,55933,55933,0
8,US44->CS52,55812,55812,0
8,US44->CS60,55957,55957,0
8,US45->CS5,55857,55857,0
8,US45->CS13,55479,55479,0
8,US45->CS21,55982,55982,0
8,US45->CS29,55713,55713,0
8,US45->CS37,55999,55999,0
8,US45->CS45,55594,55594,0
8,US45->CS53,55464,55464,0
8,US45->CS61,55836,55836,0
8,US46->CS6,55780,55780,0
8,US46->CS14,55891,55891,0
8,US46->CS22,56312,56312,0
8,US46->CS30,56046,56046,0
8,US46->CS38,55974,55974,0
8,US46->CS46,56148,56148,0
8,US46->CS54,55811,55811,0
8,US46->CS62,56186,56186,0
8,US47->CS7,56198,56198,0
8,US47->CS15,56056,56056,0
8,US47->CS23,55801,55801,0
8,US47->CS31,55760,55760,0
8,US47->CS39,56104,56104,0
8,US47->CS47,55590,55590,0
8,US47->CS55,55949,55949,0
8,US47->CS63,56402,56402,0
8,US48->CS0,51869,51869,0
8,US48->CS8,51796,51796,0
8,US48->CS16,51455,51455,0
8,US48->CS24,51943,51943,0
8,US48->CS32,51591,51591,0
8,US48->CS40,51847,51847,0
8,US48->CS48,51737,51737,0
8,US48->CS56,51528,51528,0
8,US49->CS1,51608,51608,0
8,US49->CS9,51402,51402,0
8,US49->CS17,51873,51873,0
8,US49->CS25,51580,51580,0
8,US49->CS33,51590,51590,0
8,US49->CS41,51715,51715,0
8,US49->CS49,51506,51506,0
8,US49->CS57,51977,51977,0
8,US50->CS2,51727,51727,0
8,US50->CS10,51523,51523,0
8,US50->CS18,51661,51661,0
8,US50->CS26,51910,51910,0
8,US50->CS34,52178,52178,0
8,US50->CS42,51659,51659,0
8,US50->CS50,51686,51686,0
8,US50->CS58,51669,51669,0
8,US51->CS3,52103,52103,0
8,US51->CS11,52191,52191,0
8,US51->CS19,51388,51388,0
8,US51->CS27,51540,51540,0
8,US51->CS35,51992,51992,0
8,US51->CS43,52022,52022,0
8,US51->CS51,51709,51709,0
8,US51->CS59,51785,51785,0
8,US52->CS4,51540,51540,0
8,US52->CS12,51954,51954,0
8,US52->CS20,51666,51666,0
8,US52->CS28,51616,51616,0
8,US52->CS36,51707,51707,0
8,US52->CS44,51909,51909,0
8,US52->CS52,51597,51597,0
8,US52->CS60,51672,51672,0
8,US53->CS5,51974,51974,0
8,US53->CS13,51923,51923,0
8,US53->CS21,51946,51946,0
8,US53->CS29,52004,52004,0
8,US53->CS37,51718,51718,0
8,US53->CS45,51329,51329,0
8,US53->CS53,51782,51782,0
8,US53->CS61,51539,51539,0
8,US54->CS6,51444,51444,0
8,US54->CS14,51798,51798,0
8,US54->CS22,51898,51898,0
8,US54->CS30,51580,51580,0
8,US54->CS38,51440,51440,0
8,US54->CS46,51767,51767,0
8,US54->CS54,51919,51919,0
8,US54->CS62,51578,51578,0
8,US55->CS7,51923,51923,0
8,US55->CS15,52523,52523,0
8,US55->CS23,52015,52015,0
8,US55->CS31,51687,51687,0
8,US55->CS39,51868,51868,0
8,US55->CS47,51979,51979,0
8,US55->CS55,51463,51463,0
8,US55->CS63,52032,52032,0
8,US56->CS0,31353,31352,0
8,US56->CS8,31340,31339,0
8,US56->CS16,31727,31725,0
8,US56->CS24,31485,31483,0
8,US56->CS32,31557,31557,0
8,US56->CS40,31420,31420,0
8,US56->CS48,31747,31747,0
8,US56->CS56,31947,31947,0
8,US57->CS1,31634,31634,0
8,US57->CS9,31444,31444,0
8,US57->CS17,31860,31860,0
8,US57->CS25,31752,31750,0
8,US57->CS33,31611,31610,0
8,US57->CS41,31571,31571,0
8,US57->CS49,31648,31648,0
8,US57->CS57,31729,31728,0
8,US58->CS2,31510,31510,0
8,US58->CS10,31622,31622,0
8,US58->CS18,31787,31785,0
8,US58->CS26,31663,31661,0
8,US58->CS34,31710,31710,0
8,US58->CS42,31462,31462,0
8,US58->CS50,31801,31800,0
8,US58->CS58,31560,31560,0
8,US59->CS3,31206,31204,0
8,US59->CS11,31634,31634,0
8,US59->CS19,31802,31802,0
8,US59->CS27,31739,31738,0
8,US59->CS35,31354,31354,0
8,US59->CS43,31415,31415,0
8,US59->CS51,31556,31555,0
8,US59->CS59,31469,31469,0
8,US60->CS4,31595,31594,0
8,US60->CS12,31585,31585,0
8,US60->CS20,31008,31007,0
8,US60->CS28,31352,31352,0
8,US60->CS36,31696,31696,0
8,US60->CS44,31040,31040,0
8,US60->CS52,31235,31235,0
8,US60->CS60,31931,31931,0
8,US61->CS5,31601,31600,0
8,US61->CS13,31420,31420,0
8,US61->CS21,31540,31539,0
8,US61->CS29,31778,31778,0
8,US61->CS37,31334,31334,0
8,US61->CS45,31485,31484,0
8,US61->CS53,31522,31522,0
8,US61->CS61,31713,31712,0
8,US62->CS6,31404,31403,0
8,US62->CS14,31688,31688,0
8,US62->CS22,31882,31881,0
8,US62->CS30,31428,31427,0
8,US62->CS38,31721,31721,0
8,US62->CS46,31378,31378,0
8,US62->CS54,31467,31466,0
8,US62->CS62,31538,31538,0
8,US63->CS7,31612,31610,0
8,US63->CS15,31560,31560,0
8,US63->CS23,31732,31732,0
8,US63->CS31,31765,31764,0
8,US63->CS39,31380,31380,0
8,US63->CS47,31690,31690,0
8,US63->CS55,31720,31720,0
8,US63->CS63,31545,31545,0
8,US64->CS0,0,0,0
8,US64->CS8,0,0,0
8,US64->CS16,0,0,0
8,US64->CS24,0,0,0
8,US64->CS32,0,0,0
8,US64->CS40,0,0,0
8,US64->CS48,0,0,0
8,US64->CS56,0,0,0
8,US65->CS1,0,0,0
8,US65->CS9,0,0,0
8,US65->CS17,0,0,0
8,US65->CS25,0,0,0
8,US65->CS33,0,0,0
8,US65->CS41,0,0,0
8,US65->CS49,0,0,0
8,US65->CS57,0,0,0
8,US66->CS2,0,0,0
8,US66->CS10,0,0,0
8,US66->CS18,0,0,0
8,US66->CS26,0,0,0
8,US66->CS34,0,0,0
8,US66->CS42,0,0,0
8,US66->CS50,0,0,0
8,US66->CS58,0,0,0
8,US67->CS3,0,0,0
8,US67->CS11,0,0,0
8,US67->CS19,0,0,0
8,US67->CS27,0,0,0
8,US67->CS35,0,0,0
8,US67->CS43,0,0,0
8,US67->CS51,0,0,0
8,US67->CS59,0,0,0
8,US68->CS4,0,0,0
8,US68->CS12,0,0,0
8,US68->CS20,0,0,0
8,US68->CS28,0,0,0
8,US68->CS36,0,0,0
8,US68->CS44,0,0,0
8,US68->CS52,0,0,0
8,US68->CS60,0,0,0
8,US69->CS5,0,0,0
8,US69->CS13,0,0,0
8,US69->CS21,0,0,0
8,US69->CS29,0,0,0
8,US69->CS37,0,0,0
8,US69->CS45,0,0,0
8,US69->CS53,0,0,0
8,US69->CS61,0,0,0
8,US70->CS6,0,0,0
8,US70->CS14,0,0,0
8,US70->CS22,0,0,0
8,US70->CS30,0,0,0
8,US70->CS38,0,0,0
8,US70->CS46,0,0,0
8,US70->CS54,0,0,0
8,US70->CS62,0,0,0
8,US71->CS7,0,0,0
8,US71->CS15,0,0,0
8,US71->CS23,0,0,0
8,US71->CS31,0,0,0
8,US71->CS39,0,0,0
8,US71->CS47,0,0,0
8,US71->CS55,0,0,0
8,US71->CS63,0,0,0
8,US72->CS0,50852,50852,0
8,US72->CS8,51227,51227,0
8,US72->CS16,50619,50619,0
8,US72->CS24,50977,50977,0
8,US72->CS32,50598,50598,0
8,US72->CS40,50976,50976,0
8,US72->CS48,50970,50970,0
8,US72->CS56,51037,51037,0
8,US73->CS1,50667,50667,0
8,US73->CS9,51161,51161,0
8,US73->CS17,51174,51174,0
8,US73->CS25,51058,51058,0
8,US73->CS33,50527,50527,0
8,US73->CS41,50855,50855,0
8,US73->CS49,50860,50860,0
8,US73->CS57,50975,50975,0
8,US74->CS2,51129,51129,0
8,US74->CS10,50773,50773,0
8,US74->CS18,51117,51117,0
8,US74->CS26,51075,51075,0
8,US74->CS34,51240,51240,0
8,US74->CS42,51041,51041,0
8,US74->CS50,50776,50776,0
8,US74->CS58,51122,51122,0
8,US75->CS3,50761,50761,0
8,US75->CS11,50647,50647,0
8,US75->CS19,50886,50886,0
8,US75->CS27,51183,51183,0
8,US75->CS35,51136,51136,0
8,US75->CS43,50835,50835,0
8,US75->CS51,50736,50736,0
8,US75->CS59,51160,51160,0
8,US76->CS4,50967,50967,0
8,US76->CS12,50934,50934,0
8,US76->CS20,50890,50890,0
8,US76->CS28,50585,50585,0
8,US76->CS36,50787,50787,0
8,US76->CS44,50652,50652,0
8,US76->CS52,51214,51214,0
8,US76->CS60,50787,50787,0
8,US77->CS5,50720,50720,0
8,US77->CS13,51001,51001,0
8,US77->CS21,50796,50796,0
8,US77->CS29,51154,51154,0
8,US77->CS37,50849,50849,0
8,US77->CS45,51129,51129,0
8,US77->CS53,50716,50716,0
8,US77->CS61,51334,51334,0
8,US78->CS6,50800,50800,0
8,US78->CS14,50816,50816,0
8,US78->CS22,50573,50573,0
8,US78->CS30,51427,51427,0
8,US78->CS38,51161,51161,0
8,US78->CS46,50694,50694,0
8,US78->CS54,50694,50694,0
8,US78->CS62,50855,50855,0
8,US79->CS7,51024,51024,0
8,US79->CS15,50846,50846,0
8,US79->CS23,51085,51085,0
8,US79->CS31,50941,50941,0
8,US79->CS39,50900,50900,0
8,US79->CS47,50895,50895,0
8,US79->CS55,50946,50946,0
8,US79->CS63,50839,50839,0
8,US80->CS0,50459,50459,0
8,US80->CS8,50323,50323,0
8,US80->CS16,50224,50224,0
8,US80->CS24,50256,50256,0
8,US80->CS32,50080,50080,0
8,US80->CS40,50568,50568,0
8,US80->CS48,50369,50369,0
8,US80->CS56,50258,50258,0
8,US81->CS1,50205,50205,0
8,US81->CS9,50188,50188,0
8,US81->CS17,50446,50446,0
8,US81->CS25,50151,50151,0
8,US81->CS33,50048,50048,0
8,US81->CS41,50385,50385,0
8,US81->CS49,50262,50262,0
8,US81->CS57,50379,50379,0
8,US82->CS2,50668,50668,0
8,US82->CS10,49897,49897,0
8,US82->CS18,50074,50074,0
8,US82->CS26,50714,50714,0
8,US82->CS34,49952,49952,0
8,US82->CS42,50168,50168,0
8,US82->CS50,50016,50016,0
8,US82->CS58,50226,50226,0
8,US83->CS3,50213,50213,0
8,US83->CS11,50038,50038,0
8,US83->CS19,50276,50276,0
8,US83->CS27,50387,50387,0
8,US83->CS35,50285,50285,0
8,US83->CS43,50113,50113,0
8,US83->CS51,50192,50192,0
8,US83->CS59,50492,50492,0
8,US84->CS4,50456,50456,0
8,US84->CS12,50313,50313,0
8,US84->CS20,50507,50507,0
8,US84->CS28,50534,50534,0
8,US84->CS36,50179,50179,0
8,US84->CS44,50828,50828,0
8,US84->CS52,50025,50025,0
8,US84->CS60,50017,50017,0
8,US85->CS5,50362,50362,0
8,US85->CS13,50194,50194,0
8,US85->CS21,49949,49949,0
8,US85->CS29,50031,50031,0
8,US85->CS37,50330,50330,0
8,US85->CS45,50088,50088,0
8,US85->CS53,50386,50386,0
8,US85->CS61,50421,50421,0
8,US86->CS6,50428,50428,0
8,US86->CS14,49859,49859,0
8,US86->CS22,50537,50537,0
8,US86->CS30,50336,50336,0
8,US86->CS38,50146,50146,0
8,US86->CS46,50299,50299,0
8,US86->CS54,50447,50447,0
8,US86->CS62,50022,50022,0
8,US87->CS7,50512,50512,0
8,US87->CS15,50261,50261,0
8,US87->CS23,50062,50062,0
8,US87->CS31,49827,49827,0
8,US87->CS39,50433,50433,0
8,US87->CS47,50553,50553,0
8,US87->CS55,50061,50061,0
8,US87->CS63,50680,50680,0
8,US88->CS0,51181,51181,0
8,US88->CS8,51379,51379,0
8,US88->CS16,51396,51396,0
8,US88->CS24,50988,50988,0
8,US88->CS32,50804,50804,0
8,US88->CS40,51089,51089,0
8,US88->CS48,51056,51056,0
8,US88->CS56,51127,51127,0
8,US89->CS1,51158,51158,0
8,US89->CS9,50360,50360,0
8,US89->CS17,51378,51378,0
8,US89->CS25,51100,51100,0
8,US89->CS33,50996,50996,0
8,US89->CS41,50820,50820,0
8,US89->CS49,50748,50748,0
8,US89->CS57,51101,51101,0
8,US90->CS2,51334,51334,0
8,US90->CS10,50984,50984,0
8,US90->CS18,51039,51039,0
8,US90->CS26,51480,51480,0
8,US90->CS34,51346,51346,0
8,US90->CS42,51067,51067,0
8,US90->CS50,51235,51235,0
8,US90->CS58,51053,51053,0
8,US91->CS3,50906,50906,0
8,US91->CS11,51058,51058,0
8,US91->CS19,51243,51243,0
8,US91->CS27,51129,51129,0
8,US91->CS35,50892,50892,0
8,US91->CS43,51024,51024,0
8,US91->CS51,50844,50844,0
8,US91->CS59,50875,50875,0
8,US92->CS4,51306,51306,0
8,US92->CS12,51037,51037,0
8,US92->CS20,51625,51625,0
8,US92->CS28,51306,51306,0
8,US92->CS36,50987,50987,0
8,US92->CS44,51108,51108,0
8,US92->CS52,51154,51154,0
8,US92->CS60,51409,51409,0
8,US93->CS5,50946,50946,0
8,US93->CS13,51252,51252,0
8,US93->CS21,50875,50875,0
8,US93->CS29,51137,51137,0
8,US93->CS37,50637,50637,0
8,US93->CS45,51033,51033,0
8,US93->CS53,50970,50970,0
8,US93->CS61,50967,50967,0
8,US94->CS6,51049,51049,0
8,US94->CS14,50894,50894,0
8,US94->CS22,51156,51156,0
8,US94->CS30,51002,51002,0
8,US94->CS38,51045,51045,0
8,US94->CS46,51307,51307,0
8,US94->CS54,50755,50755,0
8,US94->CS62,50884,50884,0
8,US95->CS7,50908,50908,0
8,US95->CS15,50586,50586,0
8,US95->CS23,51221,51221,0
8,US95->CS31,51090,51090,0
8,US95->CS39,50917,50917,0
8,US95->CS47,51101,51101,0
8,US95->CS55,50613,50613,0
8,US95->CS63,50890,50890,0
8,US96->CS0,0,0,0
8,US96->CS8,0,0,0
8,US96->CS16,0,0,0
8,US96->CS24,0,0,0
8,US96->CS32,0,0,0
8,US96->CS40,0,0,0
8,US96->CS48,0,0,0
8,US96->CS56,0,0,0
8,US97->CS1,0,0,0
8,US97->CS9,0,0,0
8,US97->CS17,0,0,0
8,US97->CS25,0,0,0
8,US97->CS33,0,0,0
8,US97->CS41,0,0,0
8,US97->CS49,0,0,0
8,US97->CS57,0,0,0
8,US98->CS2,0,0,0
8,US98->CS10,0,0,0
8,US98->CS18,0,0,0
8,US98->CS26,0,0,0
8,US98->CS34,0,0,0
8,US98->CS42,0,0,0
8,US98->CS50,0,0,0
8,US98->CS58,0,0,0
8,US99->CS3,0,0,0
8,US99->CS11,0,0,0
8,US99->CS19,0,0,0
8,US99->CS27,0,0,0
8,US99->CS35,0,0,0
8,US99->CS43,0,0,0
8,US99->CS51,0,0,0
8,US99->CS59,0,0,0
8,US100->CS4,0,0,0
8,US100->CS12,0,0,0
8,US100->CS20,0,0,0
8,US100->CS28,0,0,0
8,US100->CS36,0,0,0
8,US100->CS44,0,0,0
8,US100->CS52,0,0,0
8,US100->CS60,0,0,0
8,US101->CS5,0,0,0
8,US101->CS13,0,0,0
8,US101->CS21,0,0,0
8,US101->CS29,0,0,0
8,US101->CS37,0,0,0
8,US101->CS45,0,0,0
8,US101->CS53,0,0,0
8,US101->CS61,0,0,0
8,US102->CS6,0,0,0
8,US102->CS14,0,0,0
8,US102->CS22,0,0,0
8,US102->CS30,0,0,0
8,US102->CS38,0,0,0
8,US102->CS46,0,0,0
8,US102->CS54,0,0,0
8,US102->CS62,0,0,0
8,US103->CS7,0,0,0
8,US103->CS15,0,0,0
8,US103->CS23,0,0,0
8,US103->CS31,0,0,0
8,US103->CS39,0,0,0
8,US103->CS47,0,0,0
8,US103->CS55,0,0,0
8,US103->CS63,0,0,0
8,US104->CS0,0,0,0
8,US104->CS8,0,0,0
8,US104->CS16,0,0,0
8,US104->CS24,0,0,0
8,US104->CS32,0,0,0
8,US104->CS40,0,0,0
8,US104->CS48,0,0,0
8,US104->CS56,0,0,0
8,US105->CS1,0,0,0
8,US105->CS9,0,0,0
8,US105->CS17,0,0,0
8,US105->CS25,0,0,0
8,US105->CS33,0,0,0
8,US105->CS41,0,0,0
8,US105->CS49,0,0,0
8,US105->CS57,0,0,0
8,US106->CS2,0,0,0
8,US106->CS10,0,0,0
8,US106->CS18,0,0,0
8,US106->CS26,0,0,0
8,US106->CS34,0,0,0
8,US106->CS42,0,0,0
8,US106->CS50,0,0,0
8,US106->CS58,0,0,0
8,US107->CS3,0,0,0
8,US107->CS11,0,0,0
8,US107->CS19,0,0,0
8,US107->CS27,0,0,0
8,US107->CS35,0,0,0
8,US107->CS43,0,0,0
8,US107->CS51,0,0,0
8,US107->CS59,0,0,0
8,US108->CS4,0,0,0
8,US108->CS12,0,0,0
8,US108->CS20,0,0,0
8,US108->CS28,0,0,0
8,US108->CS36,0,0,0
8,US108->CS44,0,0,0
8,US108->CS52,0,0,0
8,US108->CS60,0,0,0
8,US109->CS5,0,0,0
8,US109->CS13,0,0,0
8,US109->CS21,0,0,0
8,US109->CS29,0,0,0
8,US109->CS37,0,0,0
8,US109->CS45,0,0,0
8,US109->CS53,0,0,0
8,US109->CS61,0,0,0
8,US110->CS6,0,0,0
8,US110->CS14,0,0,0
8,US110->CS22,0,0,0
8,US110->CS30,0,0,0
8,US110->CS38,0,0,0
8,US110->CS46,0,0,0
8,US110->CS54,0,0,0
8,US110->CS62,0,0,0
8,US111->CS7,0,0,0
8,US111->CS15,0,0,0
8,US111->CS23,0,0,0
8,US111->CS31,0,0,0
8,US111->CS39,0,0,0
8,US111->CS47,0,0,0
8,US111->CS55,0,0,0
8,US111->CS63,0,0,0
8,US112->CS0,52461,52461,0
8,US112->CS8,52720,52720,0
8,US112->CS16,52531,52531,0
8,US112->CS24,52481,52481,0
8,US112->CS32,52736,52736,0
8,US112->CS40,52904,52904,0
8,US112->CS48,53266,53266,0
8,US112->CS56,52582,52582,0
8,US113->CS1,52435,52435,0
8,US113->CS9,52531,52531,0
8,US113->CS17,53103,53103,0
8,US113->CS25,52719,52719,0
8,US113->CS33,52589,52589,0
8,US113->CS41,52351,52351,0
8,US113->CS49,52469,52469,0
8,US113->CS57,52651,52651,0
8,US114->CS2,52986,52986,0
8,US114->CS10,52570,52570,0
8,US114->CS18,52380,52380,0
8,US114->CS26,52513,52513,0
8,US114->CS34,52460,52460,0
8,US114->CS42,52519,52519,0
8,US114->CS50,52385,52385,0
8,US114->CS58,52732,52732,0
8,US115->CS3,52702,52702,0
8,US115->CS11,52504,52504,0
8,US115->CS19,52462,52462,0
8,US115->CS27,52903,52903,0
8,US115->CS35,52809,52809,0
8,US115->CS43,52906,52906,0
8,US115->CS51,52595,52595,0
8,US115->CS59,52354,52354,0
8,US116->CS4,52123,52123,0
8,US116->CS12,52573,52573,0
8,US116->CS20,52511,52511,0
8,US116->CS28,52731,52731,0
8,US116->CS36,52878,52878,0
8,US116->CS44,52514,52514,0
8,US116->CS52,52439,52439,0
8,US116->CS60,52598,52598,0
8,US117->CS5,52974,52974,0
8,US117->CS13,52630,52630,0
8,US117->CS21,52455,52455,0
8,US117->CS29,52494,52494,0
8,US117->CS37,52360,52360,0
8,US117->CS45,52740,52740,0
8,US117->CS53,52827,52827,0
8,US117->CS61,52039,52039,0
8,US118->CS6,52176,52176,0
8,US118->CS14,52750,52750,0
8,US118->CS22,52473,52473,0
8,US118->CS30,52299,52299,0
8,US118->CS38,52513,52513,0
8,US118->CS46,52410,52410,0
8,US118->CS54,52507,52507,0
8,US118->CS62,52884,52884,0
8,US119->CS7,52571,52571,0
8,US119->CS15,52632,52632,0
8,US119->CS23,52613,52613,0
8,US119->CS31,52610,52610,0
8,US119->CS39,53095,53095,0
8,US119->CS47,52654,52654,0
8,US119->CS55,52629,52629,0
8,US119->CS63,52823,52823,0
8,US120->CS0,50496,50496,0
8,US120->CS8,50205,50205,0
8,US120->CS16,50548,50548,0
8,US120->CS24,50221,50221,0
8,US120->CS32,50548,50548,0
8,US120->CS40,50986,50986,0
8,US120->CS48,50675,50675,0
8,US120->CS56,50401,50401,0
8,US121->CS1,50322,50322,0
8,US121->CS9,50842,50842,0
8,US121->CS17,50063,50063,0
8,US121->CS25,50495,50495,0
8,US121->CS33,50632,50632,0
8,US121->CS41,50230,50230,0
8,US121->CS49,50317,50317,0
8,US121->CS57,50695,50695,0
8,US122->CS2,50138,50138,0
8,US122->CS10,50172,50172,0
8,US122->CS18,50323,50323,0
8,US122->CS26,50695,50695,0
8,US122->CS34,50523,50523,0
8,US122->CS42,50489,50489,0
8,US122->CS50,50808,50808,0
8,US122->CS58,50514,50514,0
8,US123->CS3,50565,50565,0
8,US123->CS11,50288,50288,0
8,US123->CS19,50713,50713,0
8,US123->CS27,50263,50263,0
8,US123->CS35,50337,50337,0
8,US123->CS43,50852,50852,0
8,US123->CS51,50518,50518,0
8,US123->CS59,50425,50425,0
8,US124->CS4,50341,50341,0
8,US124->CS12,50433,50433,0
8,US124->CS20,50401,50401,0
8,US124->CS28,50756,50756,0
8,US124->CS36,50464,50464,0
8,US124->CS44,51090,51090,0
8,US124->CS52,50564,50564,0
8,US124->CS60,50417,50417,0
8,US125->CS5,50542,50542,0
8,US125->CS13,50750,50750,0
8,US125->CS21,50761,50761,0
8,US125->CS29,50599,50599,0
8,US125->CS37,50490,50490,0
8,US125->CS45,50136,50136,0
8,US125->CS53,50724,50724,0
8,US125->CS61,50647,50647,0
8,US126->CS6,50340,50340,0
8,US126->CS14,50560,50560,0
8,US126->CS22,50283,50283,0
8,US126->CS30,51033,51033,0
8,US126->CS38,50263,50263,0
8,US126->CS46,50281,50281,0
8,US126->CS54,50115,50115,0
8,US126->CS62,50809,50809,0
8,US127->CS7,50456,50456,0
8,US127->CS15,50657,50657,0
8,US127->CS23,50240,50240,0
8,US127->CS31,50496,50496,0
8,US127->CS39,50362,50362,0
8,US127->CS47,50247,50247,0
8,US127->CS55,50696,50696,0
8,US127->CS63,50773,50773,0
8,CS0->US0,51620,51620,0
8,CS0->US8,50466,50466,0
8,CS0->US16,50723,50723,0
8,CS0->US24,31420,31420,0
8,CS0->US32,0,0,0
8,CS0->US40,52489,52489,0
8,CS0->US48,51313,51313,0
8,CS0->US56,32257,32255,0
8,CS0->US64,0,0,0
8,CS0->US72,51115,51115,0
8,CS0->US80,56204,56204,0
8,CS0->US88,50889,50889,0
8,CS0->US96,0,0,0
8,CS0->US104,0,0,0
8,CS0->US112,55878,55878,0
8,CS0->US120,54999,54999,0
8,CS1->US1,51327,51327,0
8,CS1->US9,50309,50309,0
8,CS1->US17,50525,50525,0
8,CS1->US25,31664,31664,0
8,CS1->US33,0,0,0
8,CS1->US41,52486,52486,0
8,CS1->US49,51667,51667,0
8,CS1->US57,32138,32137,0
8,CS1->US65,0,0,0
8,CS1->US73,51066,51066,0
8,CS1->US81,56226,56226,0
8,CS1->US89,50752,50752,0
8,CS1->US97,0,0,0
8,CS1->US105,0,0,0
8,CS1->US113,55991,55991,0
8,CS1->US121,55095,55095,0
8,CS2->US2,51445,51445,0
8,CS2->US10,50708,50708,0
8,CS2->US18,50345,50345,0
8,CS2->US26,31571,31571,0
8,CS2->US34,0,0,0
8,CS2->US42,52994,52994,0
8,CS2->US50,51398,51398,0
8,CS2->US58,31945,31944,0
8,CS2->US66,0,0,0
8,CS2->US74,51216,51216,0
8,CS2->US82,56506,56506,0
8,CS2->US90,51203,51203,0
8,CS2->US98,0,0,0
8,CS2->US106,0,0,0
8,CS2->US114,56179,56179,0
8,CS2->US122,55174,55174,0
8,CS3->US3,51794,51794,0
8,CS3->US11,50338,50338,0
8,CS3->US19,50815,50815,0
8,CS3->US27,31219,31219,0
8,CS3->US35,0,0,0
8,CS3->US43,52736,52736,0
8,CS3->US51,51474,51474,0
8,CS3->US59,32106,32106,0
8,CS3->US67,0,0,0
8,CS3->US75,50803,50803,0
8,CS3->US83,56635,56635,0
8,CS3->US91,50839,50839,0
8,CS3->US99,0,0,0
8,CS3->US107,0,0,0
8,CS3->US115,55668,55668,0
8,CS3->US123,54802,54802,0
8,CS4->US4,51299,51299,0
8,CS4->US12,50557,50557,0
8,CS4->US20,50562,50562,0
8,CS4->US28,31629,31628,0
8,CS4->US36,0,0,0
8,CS4->US44,52110,52110,0
8,CS4->US52,51775,51775,0
8,CS4->US60,32102,32102,0
8,CS4->US68,0,0,0
8,CS4->US76,51203,51203,0
8,CS4->US84,56820,56820,0
8,CS4->US92,50986,50986,0
8,CS4->US100,0,0,0
8,CS4->US108,0,0,0
8,CS4->US116,56058,56058,0
8,CS4->US124,55188,55188,0
8,CS5->US5,51651,51651,0
8,CS5->US13,50454,50454,0
8,CS5->US21,50733,50733,0
8,CS5->US29,31618,31618,0
8,CS5->US37,0,0,0
8,CS5->US45,53008,53008,0
8,CS5->US53,51502,51502,0
8,CS5->US61,32380,32380,0
8,CS5->US69,0,0,0
8,CS5->US77,50813,50813,0
8,CS5->US85,56585,56585,0
8,CS5->US93,50752,50752,0
8,CS5->US101,0,0,0
8,CS5->US109,0,0,0
8,CS5->US117,55984,55984,0
8,CS5->US125,55254,55254,0
8,CS6->US6,51140,51140,0
8,CS6->US14,50496,50496,0
8,CS6->US22,50533,50533,0
8,CS6->US30,31499,31499,0
8,CS6->US38,0,0,0
8,CS6->US46,52206,52206,0
8,CS6->US54,51620,51620,0
8,CS6->US62,32109,32109,0
8,CS6->US70,0,0,0
8,CS6->US78,50958,50958,0
8,CS6->US86,56616,56616,0
8,CS6->US94,50841,50841,0
8,CS6->US102,0,0,0
8,CS6->US110,0,0,0
8,CS6->US118,55847,55847,0
8,CS6->US126,55244,55244,0
8,CS7->US7,51681,51681,0
8,CS7->US15,50658,50658,0
8,CS7->US23,50638,50638,0
8,CS7->US31,31635,31635,0
8,CS7->US39,0,0,0
8,CS7->US47,52524,52524,0
8,CS7->US55,51798,51798,0
8,CS7->US63,32102,32101,0
8,CS7->US71,0,0,0
8,CS7->US79,50820,50820,0
8,CS7->US87,56687,56687,0
8,CS7->US95,51125,51125,0
8,CS7->US103,0,0,0
8,CS7->US111,0,0,0
8,CS7->US119,56264,56264,0
8,CS7->US127,55055,55055,0
8,CS8->US0,51495,51495,0
8,CS8->US8,50406,50406,0
8,CS8->US16,50477,50477,0
8,CS8->US24,31355,31355,0
8,CS8->US32,0,0,0
8,CS8->US40,52779,52779,0
8,CS8->US48,51493,51493,0
8,CS8->US56,32079,32079,0
8,CS8->US64,0,0,0
8,CS8->US72,51241,51241,0
8,CS8->US80,56599,56599,0
8,CS8->US88,51245,51245,0
8,CS8->US96,0,0,0
8,CS8->US104,0,0,0
8,CS8->US112,55880,55880,0
8,CS8->US120,55014,55014,0
8,CS9->US1,51141,51141,0
8,CS9->US9,50365,50365,0
8,CS9->US17,51004,51004,0
8,CS9->US25,31464,31463,0
8,CS9->US33,0,0,0
8,CS9->US41,52568,52568,0
8,CS9->US49,51690,51690,0
8,CS9->US57,32103,32102,0
8,CS9->US65,0,0,0
8,CS9->US73,50407,50407,0
8,CS9->US81,56633,56633,0
8,CS9->US89,51180,51180,0
8,CS9->US97,0,0,0
8,CS9->US105,0,0,0
8,CS9->US113,55978,55978,0
8,CS9->US121,55112,55112,0
8,CS10->US2,51280,51280,0
8,CS10->US10,49973,49973,0
8,CS10->US18,50364,50364,0
8,CS10->US26,31688,31687,0
8,CS10->US34,0,0,0
8,CS10->US42,52558,52558,0
8,CS10->US50,51768,51768,0
8,CS10->US58,32159,32158,0
8,CS10->US66,0,0,0
8,CS10->US74,50894,50894,0
8,CS10->US82,56197,56197,0
8,CS10->US90,50813,50813,0
8,CS10->US98,0,0,0
8,CS10->US106,0,0,0
8,CS10->US114,56330,56330,0
8,CS10->US122,54982,54982,0
8,CS11->US3,51870,51870,0
8,CS11->US11,50117,50117,0
8,CS11->US19,50500,50500,0
8,CS11->US27,31651,31650,0
8,CS11->US35,0,0,0
8,CS11->US43,52564,52564,0
8,CS11->US51,51174,51174,0
8,CS11->US59,32174,32174,0
8,CS11->US67,0,0,0
8,CS11->US75,50968,50968,0
8,CS11->US83,56653,56653,0
8,CS11->US91,50701,50701,0
8,CS11->US99,0,0,0
8,CS11->US107,0,0,0
8,CS11->US115,56058,56058,0
8,CS11->US123,55238,55238,0
8,CS12->US4,51672,51672,0
8,CS12->US12,50338,50338,0
8,CS12->US20,50594,50594,0
8,CS12->US28,31596,31596,0
8,CS12->US36,0,0,0
8,CS12->US44,52572,52572,0
8,CS12->US52,51387,51387,0
8,CS12->US60,32340,32340,0
8,CS12->US68,0,0,0
8,CS12->US76,50979,50979,0
8,CS12->US84,56509,56509,0
8,CS12->US92,51037,51037,0
8,CS12->US100,0,0,0
8,CS12->US108,0,0,0
8,CS12->US116,56279,56279,0
8,CS12->US124,54935,54935,0
8,CS13->US5,51604,51604,0
8,CS13->US13,50319,50319,0
8,CS13->US21,50864,50864,0
8,CS13->US29,31491,31490,0
8,CS13->US37,0,0,0
8,CS13->US45,52664,52664,0
8,CS13->US53,51859,51859,0
8,CS13->US61,32298,32298,0
8,CS13->US69,0,0,0
8,CS13->US77,51311,51311,0
8,CS13->US85,56183,56183,0
8,CS13->US93,51071,51071,0
8,CS13->US101,0,0,0
8,CS13->US109,0,0,0
8,CS13->US117,55509,55509,0
8,CS13->US125,55460,55460,0
8,CS14->US6,51484,51484,0
8,CS14->US14,49977,49977,0
8,CS14->US22,50775,50775,0
8,CS14->US30,31743,31743,0
8,CS14->US38,0,0,0
8,CS14->US46,52841,52841,0
8,CS14->US54,51283,51283,0
8,CS14->US62,31871,31871,0
8,CS14->US70,0,0,0
8,CS14->US78,50856,50856,0
8,CS14->US86,56452,56452,0
8,CS14->US94,50796,50796,0
8,CS14->US102,0,0,0
8,CS14->US110,0,0,0
8,CS14->US118,55926,55926,0
8,CS14->US126,55160,55160,0
8,CS15->US7,52288,52288,0
8,CS15->US15,50390,50390,0
8,CS15->US23,50833,50833,0
8,CS15->US31,31590,31590,0
8,CS15->US39,0,0,0
8,CS15->US47,52638,52638,0
8,CS15->US55,51586,51586,0
8,CS15->US63,32030,32030,0
8,CS15->US71,0,0,0
8,CS15->US79,50544,50544,0
8,CS15->US87,56196,56196,0
8,CS15->US95,50866,50866,0
8,CS15->US103,0,0,0
8,CS15->US111,0,0,0
8,CS15->US119,56159,56159,0
8,CS15->US127,55423,55423,0
8,CS16->US0,51185,51185,0
8,CS16->US8,50332,50332,0
8,CS16->US16,50749,50749,0
8,CS16->US24,31753,31753,0
8,CS16->US32,0,0,0
8,CS16->US40,52545,52545,0
8,CS16->US48,51334,51334,0
8,CS16->US56,32408,32408,0
8,CS16->US64,0,0,0
8,CS16->US72,51324,51324,0
8,CS16->US80,56556,56556,0
8,CS16->US88,50711,50711,0
8,CS16->US96,0,0,0
8,CS16->US104,0,0,0
8,CS16->US112,56028,56028,0
8,CS16->US120,54991,54991,0
8,CS17->US1,51596,51596,0
8,CS17->US9,50534,50534,0
8,CS17->US17,50295,50295,0
8,CS17->US25,31919,31919,0
8,CS17->US33,0,0,0
8,CS17->US41,53125,53125,0
8,CS17->US49,50796,50796,0
8,CS17->US57,32043,32043,0
8,CS17->US65,0,0,0
8,CS17->US73,51236,51236,0
8,CS17->US81,56515,56515,0
8,CS17->US89,51193,51193,0
8,CS17->US97,0,0,0
8,CS17->US105,0,0,0
8,CS17->US113,56002,56002,0
8,CS17->US121,54876,54876,0
8,CS18->US2,51362,51362,0
8,CS18->US10,50158,50158,0
8,CS18->US18,50464,50464,0
8,CS18->US26,31830,31829,0
8,CS18->US34,0,0,0
8,CS18->US42,52428,52428,0
8,CS18->US50,51435,51435,0
8,CS18->US58,31856,31856,0
8,CS18->US66,0,0,0
8,CS18->US74,51030,51030,0
8,CS18->US82,56873,56873,0
8,CS18->US90,51162,51162,0
8,CS18->US98,0,0,0
8,CS18->US106,0,0,0
8,CS18->US114,55801,55801,0
8,CS18->US122,55101,55101,0
8,CS19->US3,51124,51124,0
8,CS19->US11,50333,50333,0
8,CS19->US19,50877,50877,0
8,CS19->US27,31860,31860,0
8,CS19->US35,0,0,0
8,CS19->US43,52462,52462,0
8,CS19->US51,51440,51440,0
8,CS19->US59,32074,32071,0
8,CS19->US67,0,0,0
8,CS19->US75,51150,51150,0
8,CS19->US83,56503,56503,0
8,CS19->US91,50928,50928,0
8,CS19->US99,0,0,0
8,CS19->US107,0,0,0
8,CS19->US115,56133,56133,0
8,CS19->US123,55074,55074,0
8,CS20->US4,51401,51401,0
8,CS20->US12,50574,50574,0
8,CS20->US20,50657,50657,0
8,CS20->US28,31037,31036,0
8,CS20->US36,0,0,0
8,CS20->US44,52535,52535,0
8,CS20->US52,51637,51637,0
8,CS20->US60,32341,32340,0
8,CS20->US68,0,0,0
8,CS20->US76,51570,51570,0
8,CS20->US84,56463,56463,0
8,CS20->US92,50927,50927,0
8,CS20->US100,0,0,0
8,CS20->US108,0,0,0
8,CS20->US116,56841,56841,0
8,CS20->US124,55032,55032,0
8,CS21->US5,51681,51681,0
8,CS21->US13,50076,50076,0
8,CS21->US21,50974,50974,0
8,CS21->US29,31609,31609,0
8,CS21->US37,0,0,0
8,CS21->US45,52528,52528,0
8,CS21->US53,51370,51370,0
8,CS21->US61,32256,32256,0
8,CS21->US69,0,0,0
8,CS21->US77,50858,50858,0
8,CS21->US85,57021,57021,0
8,CS21->US93,50801,50801,0
8,CS21->US101,0,0,0
8,CS21->US109,0,0,0
8,CS21->US117,55996,55996,0
8,CS21->US125,55174,55174,0
8,CS22->US6,51578,51578,0
8,CS22->US14,50600,50600,0
8,CS22->US22,50468,50468,0
8,CS22->US30,31932,31932,0
8,CS22->US38,0,0,0
8,CS22->US46,52481,52481,0
8,CS22->US54,51360,51360,0
8,CS22->US62,32087,32087,0
8,CS22->US70,0,0,0
8,CS22->US78,51055,51055,0
8,CS22->US86,56936,56936,0
8,CS22->US94,50622,50622,0
8,CS22->US102,0,0,0
8,CS22->US110,0,0,0
8,CS22->US118,56347,56347,0
8,CS22->US126,55426,55426,0
8,CS23->US7,51786,51786,0
8,CS23->US15,50209,50209,0
8,CS23->US23,50459,50459,0
8,CS23->US31,31768,31768,0
8,CS23->US39,0,0,0
8,CS23->US47,52602,52602,0
8,CS23->US55,51625,51625,0
8,CS23->US63,32032,32031,0
8,CS23->US71,0,0,0
8,CS23->US79,51158,51158,0
8,CS23->US87,57006,57006,0
8,CS23->US95,51102,51102,0
8,CS23->US103,0,0,0
8,CS23->US111,0,0,0
8,CS23->US119,55880,55880,0
8,CS23->US127,55240,55240,0
8,CS24->US0,51661,51661,0
8,CS24->US8,50331,50331,0
8,CS24->US16,50411,50411,0
8,CS24->US24,31533,31532,0
8,CS24->US32,0,0,0
8,CS24->US40,52480,52480,0
8,CS24->US48,50971,50971,0
8,CS24->US56,32161,32161,0
8,CS24->US64,0,0,0
8,CS24->US72,50969,50969,0
8,CS24->US80,56415,56415,0
8,CS24->US88,51018,51018,0
8,CS24->US96,0,0,0
8,CS24->US104,0,0,0
8,CS24->US112,55966,55966,0
8,CS24->US120,55207,55207,0
8,CS25->US1,51347,51347,0
8,CS25->US9,50221,50221,0
8,CS25->US17,50683,50683,0
8,CS25->US25,31759,31759,0
8,CS25->US33,0,0,0
8,CS25->US41,52621,52621,0
8,CS25->US49,51385,51385,0
8,CS25->US57,32227,32227,0
8,CS25->US65,0,0,0
8,CS25->US73,51067,51067,0
8,CS25->US81,56608,56608,0
8,CS25->US89,51124,51124,0
8,CS25->US97,0,0,0
8,CS25->US105,0,0,0
8,CS25->US113,55334,55334,0
8,CS25->US121,55428,55428,0
8,CS26->US2,51599,51599,0
8,CS26->US10,50825,50825,0
8,CS26->US18,50843,50843,0
8,CS26->US26,31741,31740,0
8,CS26->US34,0,0,0
8,CS26->US42,52602,52602,0
8,CS26->US50,51494,51494,0
8,CS26->US58,31969,31969,0
8,CS26->US66,0,0,0
8,CS26->US74,51441,51441,0
8,CS26->US82,56712,56712,0
8,CS26->US90,51060,51060,0
8,CS26->US98,0,0,0
8,CS26->US106,0,0,0
8,CS26->US114,55878,55878,0
8,CS26->US122,54759,54759,0
8,CS27->US3,51263,51263,0
8,CS27->US11,50417,50417,0
8,CS27->US19,50402,50402,0
8,CS27->US27,31754,31753,0
8,CS27->US35,0,0,0
8,CS27->US43,52941,52941,0
8,CS27->US51,51883,51883,0
8,CS27->US59,32258,32258,0
8,CS27->US67,0,0,0
8,CS27->US75,51054,51054,0
8,CS27->US83,56646,56646,0
8,CS27->US91,51187,51187,0
8,CS27->US99,0,0,0
8,CS27->US107,0,0,0
8,CS27->US115,55900,55900,0
8,CS27->US123,55059,55059,0
8,CS28->US4,51304,51304,0
8,CS28->US12,50627,50627,0
8,CS28->US20,50933,50933,0
8,CS28->US28,31415,31415,0
8,CS28->US36,0,0,0
8,CS28->US44,52813,52813,0
8,CS28->US52,51843,51843,0
8,CS28->US60,32330,32330,0
8,CS28->US68,0,0,0
8,CS28->US76,51200,51200,0
8,CS28->US84,56730,56730,0
8,CS28->US92,50632,50632,0
8,CS28->US100,0,0,0
8,CS28->US108,0,0,0
8,CS28->US116,55833,55833,0
8,CS28->US124,55148,55148,0
8,CS29->US5,51762,51762,0
8,CS29->US13,50193,50193,0
8,CS29->US21,50726,50726,0
8,CS29->US29,31825,31825,0
8,CS29->US37,0,0,0
8,CS29->US45,52526,52526,0
8,CS29->US53,51734,51734,0
8,CS29->US61,32066,32065,0
8,CS29->US69,0,0,0
8,CS29->US77,51095,51095,0
8,CS29->US85,56601,56601,0
8,CS29->US93,51133,51133,0
8,CS29->US101,0,0,0
8,CS29->US109,0,0,0
8,CS29->US117,55801,55801,0
8,CS29->US125,55042,55042,0
8,CS30->US6,51299,51299,0
8,CS30->US14,50388,50388,0
8,CS30->US22,51107,51107,0
8,CS30->US30,31473,31473,0
8,CS30->US38,0,0,0
8,CS30->US46,52372,52372,0
8,CS30->US54,51702,51702,0
8,CS30->US62,32341,32340,0
8,CS30->US70,0,0,0
8,CS30->US78,50954,50954,0
8,CS30->US86,56498,56498,0
8,CS30->US94,51451,51451,0
8,CS30->US102,0,0,0
8,CS30->US110,0,0,0
8,CS30->US118,56165,56165,0
8,CS30->US126,54692,54692,0
8,CS31->US7,51416,51416,0
8,CS31->US15,49901,49901,0
8,CS31->US23,50645,50645,0
8,CS31->US31,31816,31815,0
8,CS31->US39,0,0,0
8,CS31->US47,52574,52574,0
8,CS31->US55,51295,51295,0
8,CS31->US63,32099,32097,0
8,CS31->US71,0,0,0
8,CS31->US79,50996,50996,0
8,CS31->US87,56205,56205,0
8,CS31->US95,51004,51004,0
8,CS31->US103,0,0,0
8,CS31->US111,0,0,0
8,CS31->US119,55824,55824,0
8,CS31->US127,55283,55283,0
8,CS32->US0,51285,51285,0
8,CS32->US8,50206,50206,0
8,CS32->US16,50705,50705,0
8,CS32->US24,31630,31630,0
8,CS32->US32,0,0,0
8,CS32->US40,52798,52798,0
8,CS32->US48,51689,51689,0
8,CS32->US56,31815,31815,0
8,CS32->US64,0,0,0
8,CS32->US72,50730,50730,0
8,CS32->US80,56792,56792,0
8,CS32->US88,50634,50634,0
8,CS32->US96,0,0,0
8,CS32->US104,0,0,0
8,CS32->US112,56050,56050,0
8,CS32->US120,55154,55154,0
8,CS33->US1,51309,51309,0
8,CS33->US9,50159,50159,0
8,CS33->US17,50868,50868,0
8,CS33->US25,31713,31711,0
8,CS33->US33,0,0,0
8,CS33->US41,52612,52612,0
8,CS33->US49,51371,51371,0
8,CS33->US57,32545,32543,0
8,CS33->US65,0,0,0
8,CS33->US73,50956,50956,0
8,CS33->US81,56201,56201,0
8,CS33->US89,50611,50611,0
8,CS33->US97,0,0,0
8,CS33->US105,0,0,0
8,CS33->US113,55950,55950,0
8,CS33->US121,54702,54702,0
8,CS34->US2,51903,51903,0
8,CS34->US10,50027,50027,0
8,CS34->US18,50667,50667,0
8,CS34->US26,31757,31756,0
8,CS34->US34,0,0,0
8,CS34->US42,52477,52477,0
8,CS34->US50,51161,51161,0
8,CS34->US58,32325,32324,0
8,CS34->US66,0,0,0
8,CS34->US74,51342,51342,0
8,CS34->US82,56502,56502,0
8,CS34->US90,51300,51300,0
8,CS34->US98,0,0,0
8,CS34->US106,0,0,0
8,CS34->US114,56233,56233,0
8,CS34->US122,54921,54921,0
8,CS35->US3,51747,51747,0
8,CS35->US11,50371,50371,0
8,CS35->US19,50526,50526,0
8,CS35->US27,31425,31424,0
8,CS35->US35,0,0,0
8,CS35->US43,52776,52776,0
8,CS35->US51,51685,51685,0
8,CS35->US59,32268,32267,0
8,CS35->US67,0,0,0
8,CS35->US75,50858,50858,0
8,CS35->US83,56111,56111,0
8,CS35->US91,51206,51206,0
8,CS35->US99,0,0,0
8,CS35->US107,0,0,0
8,CS35->US115,55697,55697,0
8,CS35->US123,55320,55320,0
8,CS36->US4,51420,51420,0
8,CS36->US12,50279,50279,0
8,CS36->US20,50689,50689,0
8,CS36->US28,31737,31737,0
8,CS36->US36,0,0,0
8,CS36->US44,52902,52902,0
8,CS36->US52,51699,51699,0
8,CS36->US60,32064,32064,0
8,CS36->US68,0,0,0
8,CS36->US76,50923,50923,0
8,CS36->US84,56601,56601,0
8,CS36->US92,50842,50842,0
8,CS36->US100,0,0,0
8,CS36->US108,0,0,0
8,CS36->US116,56354,56354,0
8,CS36->US124,54900,54900,0
8,CS37->US5,51479,51479,0
8,CS37->US13,50448,50448,0
8,CS37->US21,50704,50704,0
8,CS37->US29,31368,31368,0
8,CS37->US37,0,0,0
8,CS37->US45,52366,52366,0
8,CS37->US53,51635,51635,0
8,CS37->US61,31833,31833,0
8,CS37->US69,0,0,0
8,CS37->US77,50568,50568,0
8,CS37->US85,56762,56762,0
8,CS37->US93,50863,50863,0
8,CS37->US101,0,0,0
8,CS37->US109,0,0,0
8,CS37->US117,56007,56007,0
8,CS37->US125,55269,55269,0
8,CS38->US6,51181,51181,0
8,CS38->US14,50245,50245,0
8,CS38->US22,50382,50382,0
8,CS38->US30,31769,31769,0
8,CS38->US38,0,0,0
8,CS38->US46,52519,52519,0
8,CS38->US54,51747,51747,0
8,CS38->US62,32183,32181,0
8,CS38->US70,0,0,0
8,CS38->US78,51035,51035,0
8,CS38->US86,56518,56518,0
8,CS38->US94,51188,51188,0
8,CS38->US102,0,0,0
8,CS38->US110,0,0,0
8,CS38->US118,56021,56021,0
8,CS38->US126,55275,55275,0
8,CS39->US7,51603,51603,0
8,CS39->US15,50521,50521,0
8,CS39->US23,50581,50581,0
8,CS39->US31,31454,31453,0
8,CS39->US39,0,0,0
8,CS39->US47,53102,53102,0
8,CS39->US55,51327,51327,0
8,CS39->US63,32382,32382,0
8,CS39->US71,0,0,0
8,CS39->US79,50834,50834,0
8,CS39->US87,56688,56688,0
8,CS39->US95,50974,50974,0
8,CS39->US103,0,0,0
8,CS39->US111,0,0,0
8,CS39->US119,56192,56192,0
8,CS39->US127,55348,55348,0
8,CS40->US0,51561,51561,0
8,CS40->US8,50643,50643,0
8,CS40->US16,51151,51151,0
8,CS40->US24,31475,31474,0
8,CS40->US32,0,0,0
8,CS40->US40,52928,52928,0
8,CS40->US48,51333,51333,0
8,CS40->US56,32222,32221,0
8,CS40->US64,0,0,0
8,CS40->US72,51036,51036,0
8,CS40->US80,56534,56534,0
8,CS40->US88,51023,51023,0
8,CS40->US96,0,0,0
8,CS40->US104,0,0,0
8,CS40->US112,56002,56002,0
8,CS40->US120,55069,55069,0
8,CS41->US1,51441,51441,0
8,CS41->US9,50532,50532,0
8,CS41->US17,50386,50386,0
8,CS41->US25,31624,31624,0
8,CS41->US33,0,0,0
8,CS41->US41,52340,52340,0
8,CS41->US49,51667,51667,0
8,CS41->US57,32150,32150,0
8,CS41->US65,0,0,0
8,CS41->US73,50791,50791,0
8,CS41->US81,56849,56849,0
8,CS41->US89,50938,50938,0
8,CS41->US97,0,0,0
8,CS41->US105,0,0,0
8,CS41->US113,55846,55846,0
8,CS41->US121,55163,55163,0
8,CS42->US2,51384,51384,0
8,CS42->US10,50287,50287,0
8,CS42->US18,50651,50651,0
8,CS42->US26,31504,31504,0
8,CS42->US34,0,0,0
8,CS42->US42,52541,52541,0
8,CS42->US50,51367,51367,0
8,CS42->US58,31987,31987,0
8,CS42->US66,0,0,0
8,CS42->US74,50989,50989,0
8,CS42->US82,56535,56535,0
8,CS42->US90,51082,51082,0
8,CS42->US98,0,0,0
8,CS42->US106,0,0,0
8,CS42->US114,55859,55859,0
8,CS42->US122,55264,55264,0
8,CS43->US3,51726,51726,0
8,CS43->US11,50171,50171,0
8,CS43->US19,51029,51029,0
8,CS43->US27,31457,31457,0
8,CS43->US35,0,0,0
8,CS43->US43,52974,52974,0
8,CS43->US51,51272,51272,0
8,CS43->US59,31768,31767,0
8,CS43->US67,0,0,0
8,CS43->US75,50948,50948,0
8,CS43->US83,56623,56623,0
8,CS43->US91,50824,50824,0
8,CS43->US99,0,0,0
8,CS43->US107,0,0,0
8,CS43->US115,56220,56220,0
8,CS43->US123,54970,54970,0
8,CS44->US4,51603,51603,0
8,CS44->US12,50873,50873,0
8,CS44->US20,51282,51282,0
8,CS44->US28,31082,31082,0
8,CS44->US36,0,0,0
8,CS44->US44,52560,52560,0
8,CS44->US52,51632,51632,0
8,CS44->US60,32323,32321,0
8,CS44->US68,0,0,0
8,CS44->US76,50967,50967,0
8,CS44->US84,56412,56412,0
8,CS44->US92,50755,50755,0
8,CS44->US100,0,0,0
8,CS44->US108,0,0,0
8,CS44->US116,56046,56046,0
8,CS44->US124,55221,55221,0
8,CS45->US5,51078,51078,0
8,CS45->US13,50184,50184,0
8,CS45->US21,50282,50282,0
8,CS45->US29,31515,31514,0
8,CS45->US37,0,0,0
8,CS45->US45,52774,52774,0
8,CS45->US53,51404,51404,0
8,CS45->US61,32364,32364,0
8,CS45->US69,0,0,0
8,CS45->US77,50999,50999,0
8,CS45->US85,56487,56487,0
8,CS45->US93,51162,51162,0
8,CS45->US101,0,0,0
8,CS45->US109,0,0,0
8,CS45->US117,55632,55632,0
8,CS45->US125,54922,54922,0
8,CS46->US6,51517,51517,0
8,CS46->US14,50358,50358,0
8,CS46->US22,50495,50495,0
8,CS46->US30,31421,31421,0
8,CS46->US38,0,0,0
8,CS46->US46,52366,52366,0
8,CS46->US54,51304,51304,0
8,CS46->US62,32286,32286,0
8,CS46->US70,0,0,0
8,CS46->US78,51180,51180,0
8,CS46->US86,56725,56725,0
8,CS46->US94,50726,50726,0
8,CS46->US102,0,0,0
8,CS46->US110,0,0,0
8,CS46->US118,56215,56215,0
8,CS46->US126,55206,55206,0
8,CS47->US7,51693,51693,0
8,CS47->US15,50664,50664,0
8,CS47->US23,50396,50396,0
8,CS47->US31,31736,31735,0
8,CS47->US39,0,0,0
8,CS47->US47,52671,52671,0
8,CS47->US55,51526,51526,0
8,CS47->US63,32154,32154,0
8,CS47->US71,0,0,0
8,CS47->US79,51022,51022,0
8,CS47->US87,56516,56516,0
8,CS47->US95,50933,50933,0
8,CS47->US103,0,0,0
8,CS47->US111,0,0,0
8,CS47->US119,55633,55633,0
8,CS47->US127,55621,55621,0
8,CS48->US0,51418,51418,0
8,CS48->US8,50485,50485,0
8,CS48->US16,50881,50881,0
8,CS48->US24,31796,31796,0
8,CS48->US32,0,0,0
8,CS48->US40,53327,53327,0
8,CS48->US48,51737,51737,0
8,CS48->US56,32096,32096,0
8,CS48->US64,0,0,0
8,CS48->US72,50948,50948,0
8,CS48->US80,56273,56273,0
8,CS48->US88,51047,51047,0
8,CS48->US96,0,0,0
8,CS48->US104,0,0,0
8,CS48->US112,55848,55848,0
8,CS48->US120,55093,55093,0
8,CS49->US1,51236,51236,0
8,CS49->US9,50356,50356,0
8,CS49->US17,50464,50464,0
8,CS49->US25,31685,31685,0
8,CS49->US33,0,0,0
8,CS49->US41,52475,52475,0
8,CS49->US49,51506,51506,0
8,CS49->US57,32060,32060,0
8,CS49->US65,0,0,0
8,CS49->US73,50671,50671,0
8,CS49->US81,56792,56792,0
8,CS49->US89,50926,50926,0
8,CS49->US97,0,0,0
8,CS49->US105,0,0,0
8,CS49->US113,56444,56444,0
8,CS49->US121,55793,55793,0
8,CS50->US2,51399,51399,0
8,CS50->US10,50086,50086,0
8,CS50->US18,50994,50994,0
8,CS50->US26,31865,31865,0
8,CS50->US34,0,0,0
8,CS50->US42,52408,52408,0
8,CS50->US50,51600,51600,0
8,CS50->US58,31859,31859,0
8,CS50->US66,0,0,0
8,CS50->US74,51219,51219,0
8,CS50->US82,56757,56757,0
8,CS50->US90,50890,50890,0
8,CS50->US98,0,0,0
8,CS50->US106,0,0,0
8,CS50->US114,56094,56094,0
8,CS50->US122,55075,55075,0
8,CS51->US3,51421,51421,0
8,CS51->US11,50251,50251,0
8,CS51->US19,50729,50729,0
8,CS51->US27,31589,31587,0
8,CS51->US35,0,0,0
8,CS51->US43,52638,52638,0
8,CS51->US51,51365,51365,0
8,CS51->US59,32104,32104,0
8,CS51->US67,0,0,0
8,CS51->US75,50768,50768,0
8,CS51->US83,56699,56699,0
8,CS51->US91,50764,50764,0
8,CS51->US99,0,0,0
8,CS51->US107,0,0,0
8,CS51->US115,56161,56161,0
8,CS51->US123,55174,55174,0
8,CS52->US4,51343,51343,0
8,CS52->US12,50125,50125,0
8,CS52->US20,50749,50749,0
8,CS52->US28,31273,31273,0
8,CS52->US36,0,0,0
8,CS52->US44,52427,52427,0
8,CS52->US52,51514,51514,0
8,CS52->US60,32300,32299,0
8,CS52->US68,0,0,0
8,CS52->US76,51069,51069,0
8,CS52->US84,56471,56471,0
8,CS52->US92,51292,51292,0
8,CS52->US100,0,0,0
8,CS52->US108,0,0,0
8,CS52->US116,55860,55860,0
8,CS52->US124,55267,55267,0
8,CS53->US5,51525,51525,0
8,CS53->US13,50445,50445,0
8,CS53->US21,50858,50858,0
8,CS53->US29,31605,31605,0
8,CS53->US37,0,0,0
8,CS53->US45,52854,52854,0
8,CS53->US53,51356,51356,0
8,CS53->US61,32061,32061,0
8,CS53->US69,0,0,0
8,CS53->US77,50910,50910,0
8,CS53->US85,56839,56839,0
8,CS53->US93,50672,50672,0
8,CS53->US101,0,0,0
8,CS53->US109,0,0,0
8,CS53->US117,55591,55591,0
8,CS53->US125,55209,55209,0
8,CS54->US6,51598,51598,0
8,CS54->US14,50534,50534,0
8,CS54->US22,50362,50362,0
8,CS54->US30,31529,31529,0
8,CS54->US38,0,0,0
8,CS54->US46,52610,52610,0
8,CS54->US54,51637,51637,0
8,CS54->US62,32221,32220,0
8,CS54->US70,0,0,0
8,CS54->US78,50601,50601,0
8,CS54->US86,56501,56501,0
8,CS54->US94,50717,50717,0
8,CS54->US102,0,0,0
8,CS54->US110,0,0,0
8,CS54->US118,55852,55852,0
8,CS54->US126,54875,54875,0
8,CS55->US7,51177,51177,0
8,CS55->US15,50192,50192,0
8,CS55->US23,50903,50903,0
8,CS55->US31,31802,31801,0
8,CS55->US39,0,0,0
8,CS55->US47,52629,52629,0
8,CS55->US55,51351,51351,0
8,CS55->US63,32194,32193,0
8,CS55->US71,0,0,0
8,CS55->US79,50616,50616,0
8,CS55->US87,56545,56545,0
8,CS55->US95,50976,50976,0
8,CS55->US103,0,0,0
8,CS55->US111,0,0,0
8,CS55->US119,55959,55959,0
8,CS55->US127,55031,55031,0
8,CS56->US0,51272,51272,0
8,CS56->US8,50318,50318,0
8,CS56->US16,50556,50556,0
8,CS56->US24,32047,32045,0
8,CS56->US32,0,0,0
8,CS56->US40,52548,52548,0
8,CS56->US48,51383,51383,0
8,CS56->US56,32368,32367,0
8,CS56->US64,0,0,0
8,CS56->US72,51084,51084,0
8,CS56->US80,56346,56346,0
8,CS56->US88,51148,51148,0
8,CS56->US96,0,0,0
8,CS56->US104,0,0,0
8,CS56->US112,56003,56003,0
8,CS56->US120,55407,55407,0
8,CS57->US1,51633,51633,0
8,CS57->US9,50504,50504,0
8,CS57->US17,50901,50901,0
8,CS57->US25,31772,31772,0
8,CS57->US33,0,0,0
8,CS57->US41,52735,52735,0
8,CS57->US49,51373,51373,0
8,CS57->US57,32240,32240,0
8,CS57->US65,0,0,0
8,CS57->US73,51096,51096,0
8,CS57->US81,56621,56621,0
8,CS57->US89,51053,51053,0
8,CS57->US97,0,0,0
8,CS57->US105,0,0,0
8,CS57->US113,56487,56487,0
8,CS57->US121,55223,55223,0
8,CS58->US2,51427,51427,0
8,CS58->US10,50239,50239,0
8,CS58->US18,50599,50599,0
8,CS58->US26,31585,31585,0
8,CS58->US34,0,0,0
8,CS58->US42,52719,52719,0
8,CS58->US50,51176,51176,0
8,CS58->US58,32257,32257,0
8,CS58->US66,0,0,0
8,CS58->US74,51082,51082,0
8,CS58->US82,56605,56605,0
8,CS58->US90,51145,51145,0
8,CS58->US98,0,0,0
8,CS58->US106,0,0,0
8,CS58->US114,55978,55978,0
8,CS58->US122,55088,55088,0
8,CS59->US3,51460,51460,0
8,CS59->US11,50561,50561,0
8,CS59->US19,50604,50604,0
8,CS59->US27,31513,31513,0
8,CS59->US35,0,0,0
8,CS59->US43,52436,52436,0
8,CS59->US51,51253,51253,0
8,CS59->US59,32053,32053,0
8,CS59->US67,0,0,0
8,CS59->US75,50807,50807,0
8,CS59->US83,56191,56191,0
8,CS59->US91,51169,51169,0
8,CS59->US99,0,0,0
8,CS59->US107,0,0,0
8,CS59->US115,55970,55970,0
8,CS59->US123,55162,55162,0
8,CS60->US4,51432,51432,0
8,CS60->US12,50127,50127,0
8,CS60->US20,50553,50553,0
8,CS60->US28,31979,31979,0
8,CS60->US36,0,0,0
8,CS60->US44,52609,52609,0
8,CS60->US52,51418,51418,0
8,CS60->US60,32230,32230,0
8,CS60->US68,0,0,0
8,CS60->US76,51363,51363,0
8,CS60->US84,56178,56178,0
8,CS60->US92,50775,50775,0
8,CS60->US100,0,0,0
8,CS60->US108,0,0,0
8,CS60->US116,56015,56015,0
8,CS60->US124,55068,55068,0
8,CS61->US5,51300,51300,0
8,CS61->US13,50528,50528,0
8,CS61->US21,50840,50840,0
8,CS61->US29,31729,31729,0
8,CS61->US37,0,0,0
8,CS61->US45,52039,52039,0
8,CS61->US53,51618,51618,0
8,CS61->US61,32065,32065,0
8,CS61->US69,0,0,0
8,CS61->US77,50834,50834,0
8,CS61->US85,56172,56172,0
8,CS61->US93,51383,51383,0
8,CS61->US101,0,0,0
8,CS61->US109,0,0,0
8,CS61->US117,55994,55994,0
8,CS61->US125,54949,54949,0
8,CS62->US6,51314,51314,0
8,CS62->US14,50172,50172,0
8,CS62->US22,51013,51013,0
8,CS62->US30,31611,31611,0
8,CS62->US38,0,0,0
8,CS62->US46,52922,52922,0
8,CS62->US54,51533,51533,0
8,CS62->US62,32094,32094,0
8,CS62->US70,0,0,0
8,CS62->US78,50844,50844,0
8,CS62->US86,56097,56097,0
8,CS62->US94,50899,50899,0
8,CS62->US102,0,0,0
8,CS62->US110,0,0,0
8,CS62->US118,56251,56251,0
8,CS62->US126,54701,54701,0
8,CS63->US7,51762,51762,0
8,CS63->US15,50771,50771,0
8,CS63->US23,51017,51017,0
8,CS63->US31,31616,31615,0
8,CS63->US39,0,0,0
8,CS63->US47,52814,52814,0
8,CS63->US55,51196,51196,0
8,CS63->US63,32134,32134,0
8,CS63->US71,0,0,0
8,CS63->US79,50767,50767,0
8,CS63->US87,56347,56347,0
8,CS63->US95,50926,50926,0
8,CS63->US103,0,0,0
8,CS63->US111,0,0,0
8,CS63->US119,56468,56468,0
8,CS63->US127,55143,55143,0
