epoch,link_name,tx,rx,drop
1,US0->CS0,27744,27744,0
1,US0->CS8,27501,27501,0
1,US0->CS16,27583,27583,0
1,US0->CS24,27585,27585,0
1,US0->CS32,27806,27806,0
1,US0->CS40,27378,27378,0
1,US0->CS48,27588,27588,0
1,US0->CS56,27775,27775,0
1,US1->CS1,27760,27760,0
1,US1->CS9,27539,27539,0
1,US1->CS17,27385,27385,0
1,US1->CS25,27312,27312,0
1,US1->CS33,27414,27414,0
1,US1->CS41,27203,27203,0
1,US1->CS49,27719,27719,0
1,US1->CS57,27430,27430,0
1,US2->CS2,27404,27404,0
1,US2->CS10,27770,27770,0
1,US2->CS18,27301,27301,0
1,US2->CS26,27632,27632,0
1,US2->CS34,27597,27597,0
1,US2->CS42,27487,27487,0
1,US2->CS50,27444,27444,0
1,US2->CS58,27628,27628,0
1,US3->CS3,27509,27509,0
1,US3->CS11,27547,27547,0
1,US3->CS19,27676,27676,0
1,US3->CS27,27338,27338,0
1,US3->CS35,27692,27692,0
1,US3->CS43,27742,27742,0
1,US3->CS51,27621,27621,0
1,US3->CS59,27277,27277,0
1,US4->CS4,27418,27418,0
1,US4->CS12,27618,27618,0
1,US4->CS20,27459,27459,0
1,US4->CS28,27742,27742,0
1,US4->CS36,27547,27547,0
1,US4->CS44,27267,27267,0
1,US4->CS52,27613,27613,0
1,US4->CS60,27433,27433,0
1,US5->CS5,27562,27562,0
1,US5->CS13,27569,27569,0
1,US5->CS21,27500,27500,0
1,US5->CS29,27818,27818,0
1,US5->CS37,27633,27633,0
1,US5->CS45,27439,27439,0
1,US5->CS53,27559,27559,0
1,US5->CS61,27584,27584,0
1,US6->CS6,27660,27660,0
1,US6->CS14,27563,27563,0
1,US6->CS22,27508,27508,0
1,US6->CS30,27562,27562,0
1,US6->CS38,27434,27434,0
1,US6->CS46,27865,27865,0
1,US6->CS54,27590,27590,0
1,US6->CS62,27724,27724,0
1,US7->CS7,27731,27731,0
1,US7->CS15,27415,27415,0
1,US7->CS23,27688,27688,0
1,US7->CS31,27370,27370,0
1,US7->CS39,27655,27655,0
1,US7->CS47,27422,27422,0
1,US7->CS55,27517,27517,0
1,US7->CS63,27590,27590,0
1,US8->CS0,0,0,0
1,US8->CS8,0,0,0
1,US8->CS16,0,0,0
1,US8->CS24,0,0,0
1,US8->CS32,0,0,0
1,US8->CS40,0,0,0
1,US8->CS48,0,0,0
1,US8->CS56,0,0,0
1,US9->CS1,0,0,0
1,US9->CS9,0,0,0
1,US9->CS17,0,0,0
1,US9->CS25,0,0,0
1,US9->CS33,0,0,0
1,US9->CS41,0,0,0
1,US9->CS49,0,0,0
1,US9->CS57,0,0,0
1,US10->CS2,0,0,0
1,US10->CS10,0,0,0
1,US10->CS18,0,0,0
1,US10->CS26,0,0,0
1,US10->CS34,0,0,0
1,US10->CS42,0,0,0
1,US10->CS50,0,0,0
1,US10->CS58,0,0,0
1,US11->CS3,0,0,0
1,US11->CS11,0,0,0
1,US11->CS19,0,0,0
1,US11->CS27,0,0,0
1,US11->CS35,0,0,0
1,US11->CS43,0,0,0
1,US11->CS51,0,0,0
1,US11->CS59,0,0,0
1,US12->CS4,0,0,0
1,US12->CS12,0,0,0
1,US12->CS20,0,0,0
1,US12->CS28,0,0,0
1,US12->CS36,0,0,0
1,US12->CS44,0,0,0
1,US12->CS52,0,0,0
1,US12->CS60,0,0,0
1,US13->CS5,0,0,0
1,US13->CS13,0,0,0
1,US13->CS21,0,0,0
1,US13->CS29,0,0,0
1,US13->CS37,0,0,0
1,US13->CS45,0,0,0
1,US13->CS53,0,0,0
1,US13->CS61,0,0,0
1,US14->CS6,0,0,0
1,US14->CS14,0,0,0
1,US14->CS22,0,0,0
1,US14->CS30,0,0,0
1,US14->CS38,0,0,0
1,US14->CS46,0,0,0
1,US14->CS54,0,0,0
1,US14->CS62,0,0,0
1,US15->CS7,0,0,0
1,US15->CS15,0,0,0
1,US15->CS23,0,0,0
1,US15->CS31,0,0,0
1,US15->CS39,0,0,0
1,US15->CS47,0,0,0
1,US15->CS55,0,0,0
1,US15->CS63,0,0,0
1,US16->CS0,0,0,0
1,US16->CS8,0,0,0
1,US16->CS16,0,0,0
1,US16->CS24,0,0,0
1,US16->CS32,0,0,0
1,US16->CS40,0,0,0
1,US16->CS48,0,0,0
1,US16->CS56,0,0,0
1,US17->CS1,0,0,0
1,US17->CS9,0,0,0
1,US17->CS17,0,0,0
1,US17->CS25,0,0,0
1,US17->CS33,0,0,0
1,US17->CS41,0,0,0
1,US17->CS49,0,0,0
1,US17->CS57,0,0,0
1,US18->CS2,0,0,0
1,US18->CS10,0,0,0
1,US18->CS18,0,0,0
1,US18->CS26,0,0,0
1,US18->CS34,0,0,0
1,US18->CS42,0,0,0
1,US18->CS50,0,0,0
1,US18->CS58,0,0,0
1,US19->CS3,0,0,0
1,US19->CS11,0,0,0
1,US19->CS19,0,0,0
1,US19->CS27,0,0,0
1,US19->CS35,0,0,0
1,US19->CS43,0,0,0
1,US19->CS51,0,0,0
1,US19->CS59,0,0,0
1,US20->CS4,0,0,0
1,US20->CS12,0,0,0
1,US20->CS20,0,0,0
1,US20->CS28,0,0,0
1,US20->CS36,0,0,0
1,US20->CS44,0,0,0
1,US20->CS52,0,0,0
1,US20->CS60,0,0,0
1,US21->CS5,0,0,0
1,US21->CS13,0,0,0
1,US21->CS21,0,0,0
1,US21->CS29,0,0,0
1,US21->CS37,0,0,0
1,US21->CS45,0,0,0
1,US21->CS53,0,0,0
1,US21->CS61,0,0,0
1,US22->CS6,0,0,0
1,US22->CS14,0,0,0
1,US22->CS22,0,0,0
1,US22->CS30,0,0,0
1,US22->CS38,0,0,0
1,US22->CS46,0,0,0
1,US22->CS54,0,0,0
1,US22->CS62,0,0,0
1,US23->CS7,0,0,0
1,US23->CS15,0,0,0
1,US23->CS23,0,0,0
1,US23->CS31,0,0,0
1,US23->CS39,0,0,0
1,US23->CS47,0,0,0
1,US23->CS55,0,0,0
1,US23->CS63,0,0,0
1,US24->CS0,0,0,0
1,US24->CS8,0,0,0
1,US24->CS16,0,0,0
1,US24->CS24,0,0,0
1,US24->CS32,0,0,0
1,US24->CS40,0,0,0
1,US24->CS48,0,0,0
1,US24->CS56,0,0,0
1,US25->CS1,0,0,0
1,US25->CS9,0,0,0
1,US25->CS17,0,0,0
1,US25->CS25,0,0,0
1,US25->CS33,0,0,0
1,US25->CS41,0,0,0
1,US25->CS49,0,0,0
1,US25->CS57,0,0,0
1,US26->CS2,0,0,0
1,US26->CS10,0,0,0
1,US26->CS18,0,0,0
1,US26->CS26,0,0,0
1,US26->CS34,0,0,0
1,US26->CS42,0,0,0
1,US26->CS50,0,0,0
1,US26->CS58,0,0,0
1,US27->CS3,0,0,0
1,US27->CS11,0,0,0
1,US27->CS19,0,0,0
1,US27->CS27,0,0,0
1,US27->CS35,0,0,0
1,US27->CS43,0,0,0
1,US27->CS51,0,0,0
1,US27->CS59,0,0,0
1,US28->CS4,0,0,0
1,US28->CS12,0,0,0
1,US28->CS20,0,0,0
1,US28->CS28,0,0,0
1,US28->CS36,0,0,0
1,US28->CS44,0,0,0
1,US28->CS52,0,0,0
1,US28->CS60,0,0,0
1,US29->CS5,0,0,0
1,US29->CS13,0,0,0
1,US29->CS21,0,0,0
1,US29->CS29,0,0,0
1,US29->CS37,0,0,0
1,US29->CS45,0,0,0
1,US29->CS53,0,0,0
1,US29->CS61,0,0,0
1,US30->CS6,0,0,0
1,US30->CS14,0,0,0
1,US30->CS22,0,0,0
1,US30->CS30,0,0,0
1,US30->CS38,0,0,0
1,US30->CS46,0,0,0
1,US30->CS54,0,0,0
1,US30->CS62,0,0,0
1,US31->CS7,0,0,0
1,US31->CS15,0,0,0
1,US31->CS23,0,0,0
1,US31->CS31,0,0,0
1,US31->CS39,0,0,0
1,US31->CS47,0,0,0
1,US31->CS55,0,0,0
1,US31->CS63,0,0,0
1,US32->CS0,0,0,0
1,US32->CS8,0,0,0
1,US32->CS16,0,0,0
1,US32->CS24,0,0,0
1,US32->CS32,0,0,0
1,US32->CS40,0,0,0
1,US32->CS48,0,0,0
1,US32->CS56,0,0,0
1,US33->CS1,0,0,0
1,US33->CS9,0,0,0
1,US33->CS17,0,0,0
1,US33->CS25,0,0,0
1,US33->CS33,0,0,0
1,US33->CS41,0,0,0
1,US33->CS49,0,0,0
1,US33->CS57,0,0,0
1,US34->CS2,0,0,0
1,US34->CS10,0,0,0
1,US34->CS18,0,0,0
1,US34->CS26,0,0,0
1,US34->CS34,0,0,0
1,US34->CS42,0,0,0
1,US34->CS50,0,0,0
1,US34->CS58,0,0,0
1,US35->CS3,0,0,0
1,US35->CS11,0,0,0
1,US35->CS19,0,0,0
1,US35->CS27,0,0,0
1,US35->CS35,0,0,0
1,US35->CS43,0,0,0
1,US35->CS51,0,0,0
1,US35->CS59,0,0,0
1,US36->CS4,0,0,0
1,US36->CS12,0,0,0
1,US36->CS20,0,0,0
1,US36->CS28,0,0,0
1,US36->CS36,0,0,0
1,US36->CS44,0,0,0
1,US36->CS52,0,0,0
1,US36->CS60,0,0,0
1,US37->CS5,0,0,0
1,US37->CS13,0,0,0
1,US37->CS21,0,0,0
1,US37->CS29,0,0,0
1,US37->CS37,0,0,0
1,US37->CS45,0,0,0
1,US37->CS53,0,0,0
1,US37->CS61,0,0,0
1,US38->CS6,0,0,0
1,US38->CS14,0,0,0
1,US38->CS22,0,0,0
1,US38->CS30,0,0,0
1,US38->CS38,0,0,0
1,US38->CS46,0,0,0
1,US38->CS54,0,0,0
1,US38->CS62,0,0,0
1,US39->CS7,0,0,0
1,US39->CS15,0,0,0
1,US39->CS23,0,0,0
1,US39->CS31,0,0,0
1,US39->CS39,0,0,0
1,US39->CS47,0,0,0
1,US39->CS55,0,0,0
1,US39->CS63,0,0,0
1,US40->CS0,0,0,0
1,US40->CS8,0,0,0
1,US40->CS16,0,0,0
1,US40->CS24,0,0,0
1,US40->CS32,0,0,0
1,US40->CS40,0,0,0
1,US40->CS48,0,0,0
1,US40->CS56,0,0,0
1,US41->CS1,0,0,0
1,US41->CS9,0,0,0
1,US41->CS17,0,0,0
1,US41->CS25,0,0,0
1,US41->CS33,0,0,0
1,US41->CS41,0,0,0
1,US41->CS49,0,0,0
1,US41->CS57,0,0,0
1,US42->CS2,0,0,0
1,US42->CS10,0,0,0
1,US42->CS18,0,0,0
1,US42->CS26,0,0,0
1,US42->CS34,0,0,0
1,US42->CS42,0,0,0
1,US42->CS50,0,0,0
1,US42->CS58,0,0,0
1,US43->CS3,0,0,0
1,US43->CS11,0,0,0
1,US43->CS19,0,0,0
1,US43->CS27,0,0,0
1,US43->CS35,0,0,0
1,US43->CS43,0,0,0
1,US43->CS51,0,0,0
1,US43->CS59,0,0,0
1,US44->CS4,0,0,0
1,US44->CS12,0,0,0
1,US44->CS20,0,0,0
1,US44->CS28,0,0,0
1,US44->CS36,0,0,0
1,US44->CS44,0,0,0
1,US44->CS52,0,0,0
1,US44->CS60,0,0,0
1,US45->CS5,0,0,0
1,US45->CS13,0,0,0
1,US45->CS21,0,0,0
1,US45->CS29,0,0,0
1,US45->CS37,0,0,0
1,US45->CS45,0,0,0
1,US45->CS53,0,0,0
1,US45->CS61,0,0,0
1,US46->CS6,0,0,0
1,US46->CS14,0,0,0
1,US46->CS22,0,0,0
1,US46->CS30,0,0,0
1,US46->CS38,0,0,0
1,US46->CS46,0,0,0
1,US46->CS54,0,0,0
1,US46->CS62,0,0,0
1,US47->CS7,0,0,0
1,US47->CS15,0,0,0
1,US47->CS23,0,0,0
1,US47->CS31,0,0,0
1,US47->CS39,0,0,0
1,US47->CS47,0,0,0
1,US47->CS55,0,0,0
1,US47->CS63,0,0,0
1,US48->CS0,27687,27687,0
1,US48->CS8,27850,27850,0
1,US48->CS16,28004,28004,0
1,US48->CS24,27520,27520,0
1,US48->CS32,27246,27246,0
1,US48->CS40,27380,27380,0
1,US48->CS48,27401,27401,0
1,US48->CS56,27540,27540,0
1,US49->CS1,27460,27460,0
1,US49->CS9,27204,27204,0
1,US49->CS17,27698,27698,0
1,US49->CS25,27579,27579,0
1,US49->CS33,27478,27478,0
1,US49->CS41,27377,27377,0
1,US49->CS49,27609,27609,0
1,US49->CS57,27701,27701,0
1,US50->CS2,27607,27607,0
1,US50->CS10,27680,27680,0
1,US50->CS18,27602,27602,0
1,US50->CS26,27489,27489,0
1,US50->CS34,27351,27351,0
1,US50->CS42,27532,27532,0
1,US50->CS50,27385,27385,0
1,US50->CS58,27542,27542,0
1,US51->CS3,27365,27365,0
1,US51->CS11,27492,27492,0
1,US51->CS19,27523,27523,0
1,US51->CS27,27639,27639,0
1,US51->CS35,27301,27301,0
1,US51->CS43,27316,27316,0
1,US51->CS51,27661,27661,0
1,US51->CS59,27614,27614,0
1,US52->CS4,27695,27695,0
1,US52->CS12,27864,27864,0
1,US52->CS20,27367,27367,0
1,US52->CS28,27810,27810,0
1,US52->CS36,27433,27433,0
1,US52->CS44,27397,27397,0
1,US52->CS52,27456,27456,0
1,US52->CS60,27642,27642,0
1,US53->CS5,27680,27680,0
1,US53->CS13,27550,27550,0
1,US53->CS21,27676,27676,0
1,US53->CS29,27784,27784,0
1,US53->CS37,27656,27656,0
1,US53->CS45,27922,27922,0
1,US53->CS53,27636,27636,0
1,US53->CS61,27812,27812,0
1,US54->CS6,27656,27656,0
1,US54->CS14,27426,27426,0
1,US54->CS22,27501,27501,0
1,US54->CS30,27512,27512,0
1,US54->CS38,27575,27575,0
1,US54->CS46,27472,27472,0
1,US54->CS54,27479,27479,0
1,US54->CS62,27720,27720,0
1,US55->CS7,27598,27598,0
1,US55->CS15,27566,27566,0
1,US55->CS23,27535,27535,0
1,US55->CS31,27516,27516,0
1,US55->CS39,27485,27485,0
1,US55->CS47,27481,27481,0
1,US55->CS55,27286,27286,0
1,US55->CS63,27634,27634,0
1,US56->CS0,0,0,0
1,US56->CS8,0,0,0
1,US56->CS16,0,0,0
1,US56->CS24,0,0,0
1,US56->CS32,0,0,0
1,US56->CS40,0,0,0
1,US56->CS48,0,0,0
1,US56->CS56,0,0,0
1,US57->CS1,0,0,0
1,US57->CS9,0,0,0
1,US57->CS17,0,0,0
1,US57->CS25,0,0,0
1,US57->CS33,0,0,0
1,US57->CS41,0,0,0
1,US57->CS49,0,0,0
1,US57->CS57,0,0,0
1,US58->CS2,0,0,0
1,US58->CS10,0,0,0
1,US58->CS18,0,0,0
1,US58->CS26,0,0,0
1,US58->CS34,0,0,0
1,US58->CS42,0,0,0
1,US58->CS50,0,0,0
1,US58->CS58,0,0,0
1,US59->CS3,0,0,0
1,US59->CS11,0,0,0
1,US59->CS19,0,0,0
1,US59->CS27,0,0,0
1,US59->CS35,0,0,0
1,US59->CS43,0,0,0
1,US59->CS51,0,0,0
1,US59->CS59,0,0,0
1,US60->CS4,0,0,0
1,US60->CS12,0,0,0
1,US60->CS20,0,0,0
1,US60->CS28,0,0,0
1,US60->CS36,0,0,0
1,US60->CS44,0,0,0
1,US60->CS52,0,0,0
1,US60->CS60,0,0,0
1,US61->CS5,0,0,0
1,US61->CS13,0,0,0
1,US61->CS21,0,0,0
1,US61->CS29,0,0,0
1,US61->CS37,0,0,0
1,US61->CS45,0,0,0
1,US61->CS53,0,0,0
1,US61->CS61,0,0,0
1,US62->CS6,0,0,0
1,US62->CS14,0,0,0
1,US62->CS22,0,0,0
1,US62->CS30,0,0,0
1,US62->CS38,0,0,0
1,US62->CS46,0,0,0
1,US62->CS54,0,0,0
1,US62->CS62,0,0,0
1,US63->CS7,0,0,0
1,US63->CS15,0,0,0
1,US63->CS23,0,0,0
1,US63->CS31,0,0,0
1,US63->CS39,0,0,0
1,US63->CS47,0,0,0
1,US63->CS55,0,0,0
1,US63->CS63,0,0,0
1,US64->CS0,0,0,0
1,US64->CS8,0,0,0
1,US64->CS16,0,0,0
1,US64->CS24,0,0,0
1,US64->CS32,0,0,0
1,US64->CS40,0,0,0
1,US64->CS48,0,0,0
1,US64->CS56,0,0,0
1,US65->CS1,0,0,0
1,US65->CS9,0,0,0
1,US65->CS17,0,0,0
1,US65->CS25,0,0,0
1,US65->CS33,0,0,0
1,US65->CS41,0,0,0
1,US65->CS49,0,0,0
1,US65->CS57,0,0,0
1,US66->CS2,0,0,0
1,US66->CS10,0,0,0
1,US66->CS18,0,0,0
1,US66->CS26,0,0,0
1,US66->CS34,0,0,0
1,US66->CS42,0,0,0
1,US66->CS50,0,0,0
1,US66->CS58,0,0,0
1,US67->CS3,0,0,0
1,US67->CS11,0,0,0
1,US67->CS19,0,0,0
1,US67->CS27,0,0,0
1,US67->CS35,0,0,0
1,US67->CS43,0,0,0
1,US67->CS51,0,0,0
1,US67->CS59,0,0,0
1,US68->CS4,0,0,0
1,US68->CS12,0,0,0
1,US68->CS20,0,0,0
1,US68->CS28,0,0,0
1,US68->CS36,0,0,0
1,US68->CS44,0,0,0
1,US68->CS52,0,0,0
1,US68->CS60,0,0,0
1,US69->CS5,0,0,0
1,US69->CS13,0,0,0
1,US69->CS21,0,0,0
1,US69->CS29,0,0,0
1,US69->CS37,0,0,0
1,US69->CS45,0,0,0
1,US69->CS53,0,0,0
1,US69->CS61,0,0,0
1,US70->CS6,0,0,0
1,US70->CS14,0,0,0
1,US70->CS22,0,0,0
1,US70->CS30,0,0,0
1,US70->CS38,0,0,0
1,US70->CS46,0,0,0
1,US70->CS54,0,0,0
1,US70->CS62,0,0,0
1,US71->CS7,0,0,0
1,US71->CS15,0,0,0
1,US71->CS23,0,0,0
1,US71->CS31,0,0,0
1,US71->CS39,0,0,0
1,US71->CS47,0,0,0
1,US71->CS55,0,0,0
1,US71->CS63,0,0,0
1,US72->CS0,0,0,0
1,US72->CS8,0,0,0
1,US72->CS16,0,0,0
1,US72->CS24,0,0,0
1,US72->CS32,0,0,0
1,US72->CS40,0,0,0
1,US72->CS48,0,0,0
1,US72->CS56,0,0,0
1,US73->CS1,0,0,0
1,US73->CS9,0,0,0
1,US73->CS17,0,0,0
1,US73->CS25,0,0,0
1,US73->CS33,0,0,0
1,US73->CS41,0,0,0
1,US73->CS49,0,0,0
1,US73->CS57,0,0,0
1,US74->CS2,0,0,0
1,US74->CS10,0,0,0
1,US74->CS18,0,0,0
1,US74->CS26,0,0,0
1,US74->CS34,0,0,0
1,US74->CS42,0,0,0
1,US74->CS50,0,0,0
1,US74->CS58,0,0,0
1,US75->CS3,0,0,0
1,US75->CS11,0,0,0
1,US75->CS19,0,0,0
1,US75->CS27,0,0,0
1,US75->CS35,0,0,0
1,US75->CS43,0,0,0
1,US75->CS51,0,0,0
1,US75->CS59,0,0,0
1,US76->CS4,0,0,0
1,US76->CS12,0,0,0
1,US76->CS20,0,0,0
1,US76->CS28,0,0,0
1,US76->CS36,0,0,0
1,US76->CS44,0,0,0
1,US76->CS52,0,0,0
1,US76->CS60,0,0,0
1,US77->CS5,0,0,0
1,US77->CS13,0,0,0
1,US77->CS21,0,0,0
1,US77->CS29,0,0,0
1,US77->CS37,0,0,0
1,US77->CS45,0,0,0
1,US77->CS53,0,0,0
1,US77->CS61,0,0,0
1,US78->CS6,0,0,0
1,US78->CS14,0,0,0
1,US78->CS22,0,0,0
1,US78->CS30,0,0,0
1,US78->CS38,0,0,0
1,US78->CS46,0,0,0
1,US78->CS54,0,0,0
1,US78->CS62,0,0,0
1,US79->CS7,0,0,0
1,US79->CS15,0,0,0
1,US79->CS23,0,0,0
1,US79->CS31,0,0,0
1,US79->CS39,0,0,0
1,US79->CS47,0,0,0
1,US79->CS55,0,0,0
1,US79->CS63,0,0,0
1,US80->CS0,0,0,0
1,US80->CS8,0,0,0
1,US80->CS16,0,0,0
1,US80->CS24,0,0,0
1,US80->CS32,0,0,0
1,US80->CS40,0,0,0
1,US80->CS48,0,0,0
1,US80->CS56,0,0,0
1,US81->CS1,0,0,0
1,US81->CS9,0,0,0
1,US81->CS17,0,0,0
1,US81->CS25,0,0,0
1,US81->CS33,0,0,0
1,US81->CS41,0,0,0
1,US81->CS49,0,0,0
1,US81->CS57,0,0,0
1,US82->CS2,0,0,0
1,US82->CS10,0,0,0
1,US82->CS18,0,0,0
1,US82->CS26,0,0,0
1,US82->CS34,0,0,0
1,US82->CS42,0,0,0
1,US82->CS50,0,0,0
1,US82->CS58,0,0,0
1,US83->CS3,0,0,0
1,US83->CS11,0,0,0
1,US83->CS19,0,0,0
1,US83->CS27,0,0,0
1,US83->CS35,0,0,0
1,US83->CS43,0,0,0
1,US83->CS51,0,0,0
1,US83->CS59,0,0,0
1,US84->CS4,0,0,0
1,US84->CS12,0,0,0
1,US84->CS20,0,0,0
1,US84->CS28,0,0,0
1,US84->CS36,0,0,0
1,US84->CS44,0,0,0
1,US84->CS52,0,0,0
1,US84->CS60,0,0,0
1,US85->CS5,0,0,0
1,US85->CS13,0,0,0
1,US85->CS21,0,0,0
1,US85->CS29,0,0,0
1,US85->CS37,0,0,0
1,US85->CS45,0,0,0
1,US85->CS53,0,0,0
1,US85->CS61,0,0,0
1,US86->CS6,0,0,0
1,US86->CS14,0,0,0
1,US86->CS22,0,0,0
1,US86->CS30,0,0,0
1,US86->CS38,0,0,0
1,US86->CS46,0,0,0
1,US86->CS54,0,0,0
1,US86->CS62,0,0,0
1,US87->CS7,0,0,0
1,US87->CS15,0,0,0
1,US87->CS23,0,0,0
1,US87->CS31,0,0,0
1,US87->CS39,0,0,0
1,US87->CS47,0,0,0
1,US87->CS55,0,0,0
1,US87->CS63,0,0,0
1,US88->CS0,0,0,0
1,US88->CS8,0,0,0
1,US88->CS16,0,0,0
1,US88->CS24,0,0,0
1,US88->CS32,0,0,0
1,US88->CS40,0,0,0
1,US88->CS48,0,0,0
1,US88->CS56,0,0,0
1,US89->CS1,0,0,0
1,US89->CS9,0,0,0
1,US89->CS17,0,0,0
1,US89->CS25,0,0,0
1,US89->CS33,0,0,0
1,US89->CS41,0,0,0
1,US89->CS49,0,0,0
1,US89->CS57,0,0,0
1,US90->CS2,0,0,0
1,US90->CS10,0,0,0
1,US90->CS18,0,0,0
1,US90->CS26,0,0,0
1,US90->CS34,0,0,0
1,US90->CS42,0,0,0
1,US90->CS50,0,0,0
1,US90->CS58,0,0,0
1,US91->CS3,0,0,0
1,US91->CS11,0,0,0
1,US91->CS19,0,0,0
1,US91->CS27,0,0,0
1,US91->CS35,0,0,0
1,US91->CS43,0,0,0
1,US91->CS51,0,0,0
1,US91->CS59,0,0,0
1,US92->CS4,0,0,0
1,US92->CS12,0,0,0
1,US92->CS20,0,0,0
1,US92->CS28,0,0,0
1,US92->CS36,0,0,0
1,US92->CS44,0,0,0
1,US92->CS52,0,0,0
1,US92->CS60,0,0,0
1,US93->CS5,0,0,0
1,US93->CS13,0,0,0
1,US93->CS21,0,0,0
1,US93->CS29,0,0,0
1,US93->CS37,0,0,0
1,US93->CS45,0,0,0
1,US93->CS53,0,0,0
1,US93->CS61,0,0,0
1,US94->CS6,0,0,0
1,US94->CS14,0,0,0
1,US94->CS22,0,0,0
1,US94->CS30,0,0,0
1,US94->CS38,0,0,0
1,US94->CS46,0,0,0
1,US94->CS54,0,0,0
1,US94->CS62,0,0,0
1,US95->CS7,0,0,0
1,US95->CS15,0,0,0
1,US95->CS23,0,0,0
1,US95->CS31,0,0,0
1,US95->CS39,0,0,0
1,US95->CS47,0,0,0
1,US95->CS55,0,0,0
1,US95->CS63,0,0,0
1,US96->CS0,0,0,0
1,US96->CS8,0,0,0
1,US96->CS16,0,0,0
1,US96->CS24,0,0,0
1,US96->CS32,0,0,0
1,US96->CS40,0,0,0
1,US96->CS48,0,0,0
1,US96->CS56,0,0,0
1,US97->CS1,0,0,0
1,US97->CS9,0,0,0
1,US97->CS17,0,0,0
1,US97->CS25,0,0,0
1,US97->CS33,0,0,0
1,US97->CS41,0,0,0
1,US97->CS49,0,0,0
1,US97->CS57,0,0,0
1,US98->CS2,0,0,0
1,US98->CS10,0,0,0
1,US98->CS18,0,0,0
1,US98->CS26,0,0,0
1,US98->CS34,0,0,0
1,US98->CS42,0,0,0
1,US98->CS50,0,0,0
1,US98->CS58,0,0,0
1,US99->CS3,0,0,0
1,US99->CS11,0,0,0
1,US99->CS19,0,0,0
1,US99->CS27,0,0,0
1,US99->CS35,0,0,0
1,US99->CS43,0,0,0
1,US99->CS51,0,0,0
1,US99->CS59,0,0,0
1,US100->CS4,0,0,0
1,US100->CS12,0,0,0
1,US100->CS20,0,0,0
1,US100->CS28,0,0,0
1,US100->CS36,0,0,0
1,US100->CS44,0,0,0
1,US100->CS52,0,0,0
1,US100->CS60,0,0,0
1,US101->CS5,0,0,0
1,US101->CS13,0,0,0
1,US101->CS21,0,0,0
1,US101->CS29,0,0,0
1,US101->CS37,0,0,0
1,US101->CS45,0,0,0
1,US101->CS53,0,0,0
1,US101->CS61,0,0,0
1,US102->CS6,0,0,0
1,US102->CS14,0,0,0
1,US102->CS22,0,0,0
1,US102->CS30,0,0,0
1,US102->CS38,0,0,0
1,US102->CS46,0,0,0
1,US102->CS54,0,0,0
1,US102->CS62,0,0,0
1,US103->CS7,0,0,0
1,US103->CS15,0,0,0
1,US103->CS23,0,0,0
1,US103->CS31,0,0,0
1,US103->CS39,0,0,0
1,US103->CS47,0,0,0
1,US103->CS55,0,0,0
1,US103->CS63,0,0,0
1,US104->CS0,0,0,0
1,US104->CS8,0,0,0
1,US104->CS16,0,0,0
1,US104->CS24,0,0,0
1,US104->CS32,0,0,0
1,US104->CS40,0,0,0
1,US104->CS48,0,0,0
1,US104->CS56,0,0,0
1,US105->CS1,0,0,0
1,US105->CS9,0,0,0
1,US105->CS17,0,0,0
1,US105->CS25,0,0,0
1,US105->CS33,0,0,0
1,US105->CS41,0,0,0
1,US105->CS49,0,0,0
1,US105->CS57,0,0,0
1,US106->CS2,0,0,0
1,US106->CS10,0,0,0
1,US106->CS18,0,0,0
1,US106->CS26,0,0,0
1,US106->CS34,0,0,0
1,US106->CS42,0,0,0
1,US106->CS50,0,0,0
1,US106->CS58,0,0,0
1,US107->CS3,0,0,0
1,US107->CS11,0,0,0
1,US107->CS19,0,0,0
1,US107->CS27,0,0,0
1,US107->CS35,0,0,0
1,US107->CS43,0,0,0
1,US107->CS51,0,0,0
1,US107->CS59,0,0,0
1,US108->CS4,0,0,0
1,US108->CS12,0,0,0
1,US108->CS20,0,0,0
1,US108->CS28,0,0,0
1,US108->CS36,0,0,0
1,US108->CS44,0,0,0
1,US108->CS52,0,0,0
1,US108->CS60,0,0,0
1,US109->CS5,0,0,0
1,US109->CS13,0,0,0
1,US109->CS21,0,0,0
1,US109->CS29,0,0,0
1,US109->CS37,0,0,0
1,US109->CS45,0,0,0
1,US109->CS53,0,0,0
1,US109->CS61,0,0,0
1,US110->CS6,0,0,0
1,US110->CS14,0,0,0
1,US110->CS22,0,0,0
1,US110->CS30,0,0,0
1,US110->CS38,0,0,0
1,US110->CS46,0,0,0
1,US110->CS54,0,0,0
1,US110->CS62,0,0,0
1,US111->CS7,0,0,0
1,US111->CS15,0,0,0
1,US111->CS23,0,0,0
1,US111->CS31,0,0,0
1,US111->CS39,0,0,0
1,US111->CS47,0,0,0
1,US111->CS55,0,0,0
1,US111->CS63,0,0,0
1,US112->CS0,0,0,0
1,US112->CS8,0,0,0
1,US112->CS16,0,0,0
1,US112->CS24,0,0,0
1,US112->CS32,0,0,0
1,US112->CS40,0,0,0
1,US112->CS48,0,0,0
1,US112->CS56,0,0,0
1,US113->CS1,0,0,0
1,US113->CS9,0,0,0
1,US113->CS17,0,0,0
1,US113->CS25,0,0,0
1,US113->CS33,0,0,0
1,US113->CS41,0,0,0
1,US113->CS49,0,0,0
1,US113->CS57,0,0,0
1,US114->CS2,0,0,0
1,US114->CS10,0,0,0
1,US114->CS18,0,0,0
1,US114->CS26,0,0,0
1,US114->CS34,0,0,0
1,US114->CS42,0,0,0
1,US114->CS50,0,0,0
1,US114->CS58,0,0,0
1,US115->CS3,0,0,0
1,US115->CS11,0,0,0
1,US115->CS19,0,0,0
1,US115->CS27,0,0,0
1,US115->CS35,0,0,0
1,US115->CS43,0,0,0
1,US115->CS51,0,0,0
1,US115->CS59,0,0,0
1,US116->CS4,0,0,0
1,US116->CS12,0,0,0
1,US116->CS20,0,0,0
1,US116->CS28,0,0,0
1,US116->CS36,0,0,0
1,US116->CS44,0,0,0
1,US116->CS52,0,0,0
1,US116->CS60,0,0,0
1,US117->CS5,0,0,0
1,US117->CS13,0,0,0
1,US117->CS21,0,0,0
1,US117->CS29,0,0,0
1,US117->CS37,0,0,0
1,US117->CS45,0,0,0
1,US117->CS53,0,0,0
1,US117->CS61,0,0,0
1,US118->CS6,0,0,0
1,US118->CS14,0,0,0
1,US118->CS22,0,0,0
1,US118->CS30,0,0,0
1,US118->CS38,0,0,0
1,US118->CS46,0,0,0
1,US118->CS54,0,0,0
1,US118->CS62,0,0,0
1,US119->CS7,0,0,0
1,US119->CS15,0,0,0
1,US119->CS23,0,0,0
1,US119->CS31,0,0,0
1,US119->CS39,0,0,0
1,US119->CS47,0,0,0
1,US119->CS55,0,0,0
1,US119->CS63,0,0,0
1,US120->CS0,0,0,0
1,US120->CS8,0,0,0
1,US120->CS16,0,0,0
1,US120->CS24,0,0,0
1,US120->CS32,0,0,0
1,US120->CS40,0,0,0
1,US120->CS48,0,0,0
1,US120->CS56,0,0,0
1,US121->CS1,0,0,0
1,US121->CS9,0,0,0
1,US121->CS17,0,0,0
1,US121->CS25,0,0,0
1,US121->CS33,0,0,0
1,US121->CS41,0,0,0
1,US121->CS49,0,0,0
1,US121->CS57,0,0,0
1,US122->CS2,0,0,0
1,US122->CS10,0,0,0
1,US122->CS18,0,0,0
1,US122->CS26,0,0,0
1,US122->CS34,0,0,0
1,US122->CS42,0,0,0
1,US122->CS50,0,0,0
1,US122->CS58,0,0,0
1,US123->CS3,0,0,0
1,US123->CS11,0,0,0
1,US123->CS19,0,0,0
1,US123->CS27,0,0,0
1,US123->CS35,0,0,0
1,US123->CS43,0,0,0
1,US123->CS51,0,0,0
1,US123->CS59,0,0,0
1,US124->CS4,0,0,0
1,US124->CS12,0,0,0
1,US124->CS20,0,0,0
1,US124->CS28,0,0,0
1,US124->CS36,0,0,0
1,US124->CS44,0,0,0
1,US124->CS52,0,0,0
1,US124->CS60,0,0,0
1,US125->CS5,0,0,0
1,US125->CS13,0,0,0
1,US125->CS21,0,0,0
1,US125->CS29,0,0,0
1,US125->CS37,0,0,0
1,US125->CS45,0,0,0
1,US125->CS53,0,0,0
1,US125->CS61,0,0,0
1,US126->CS6,0,0,0
1,US126->CS14,0,0,0
1,US126->CS22,0,0,0
1,US126->CS30,0,0,0
1,US126->CS38,0,0,0
1,US126->CS46,0,0,0
1,US126->CS54,0,0,0
1,US126->CS62,0,0,0
1,US127->CS7,0,0,0
1,US127->CS15,0,0,0
1,US127->CS23,0,0,0
1,US127->CS31,0,0,0
1,US127->CS39,0,0,0
1,US127->CS47,0,0,0
1,US127->CS55,0,0,0
1,US127->CS63,0,0,0
1,CS0->US0,27687,27687,0
1,CS0->US8,0,0,0
1,CS0->US16,0,0,0
1,CS0->US24,0,0,0
1,CS0->US32,0,0,0
1,CS0->US40,0,0,0
1,CS0->US48,27744,27744,0
1,CS0->US56,0,0,0
1,CS0->US64,0,0,0
1,CS0->US72,0,0,0
1,CS0->US80,0,0,0
1,CS0->US88,0,0,0
1,CS0->US96,0,0,0
1,CS0->US104,0,0,0
1,CS0->US112,0,0,0
1,CS0->US120,0,0,0
1,CS1->US1,27460,27460,0
1,CS1->US9,0,0,0
1,CS1->US17,0,0,0
1,CS1->US25,0,0,0
1,CS1->US33,0,0,0
1,CS1->US41,0,0,0
1,CS1->US49,27760,27760,0
1,CS1->US57,0,0,0
1,CS1->US65,0,0,0
1,CS1->US73,0,0,0
1,CS1->US81,0,0,0
1,CS1->US89,0,0,0
1,CS1->US97,0,0,0
1,CS1->US105,0,0,0
1,CS1->US113,0,0,0
1,CS1->US121,0,0,0
1,CS2->US2,27607,27607,0
1,CS2->US10,0,0,0
1,CS2->US18,0,0,0
1,CS2->US26,0,0,0
1,CS2->US34,0,0,0
1,CS2->US42,0,0,0
1,CS2->US50,27404,27404,0
1,CS2->US58,0,0,0
1,CS2->US66,0,0,0
1,CS2->US74,0,0,0
1,CS2->US82,0,0,0
1,CS2->US90,0,0,0
1,CS2->US98,0,0,0
1,CS2->US106,0,0,0
1,CS2->US114,0,0,0
1,CS2->US122,0,0,0
1,CS3->US3,27365,27365,0
1,CS3->US11,0,0,0
1,CS3->US19,0,0,0
1,CS3->US27,0,0,0
1,CS3->US35,0,0,0
1,CS3->US43,0,0,0
1,CS3->US51,27509,27509,0
1,CS3->US59,0,0,0
1,CS3->US67,0,0,0
1,CS3->US75,0,0,0
1,CS3->US83,0,0,0
1,CS3->US91,0,0,0
1,CS3->US99,0,0,0
1,CS3->US107,0,0,0
1,CS3->US115,0,0,0
1,CS3->US123,0,0,0
1,CS4->US4,27695,27695,0
1,CS4->US12,0,0,0
1,CS4->US20,0,0,0
1,CS4->US28,0,0,0
1,CS4->US36,0,0,0
1,CS4->US44,0,0,0
1,CS4->US52,27418,27418,0
1,CS4->US60,0,0,0
1,CS4->US68,0,0,0
1,CS4->US76,0,0,0
1,CS4->US84,0,0,0
1,CS4->US92,0,0,0
1,CS4->US100,0,0,0
1,CS4->US108,0,0,0
1,CS4->US116,0,0,0
1,CS4->US124,0,0,0
1,CS5->US5,27680,27680,0
1,CS5->US13,0,0,0
1,CS5->US21,0,0,0
1,CS5->US29,0,0,0
1,CS5->US37,0,0,0
1,CS5->US45,0,0,0
1,CS5->US53,27562,27562,0
1,CS5->US61,0,0,0
1,CS5->US69,0,0,0
1,CS5->US77,0,0,0
1,CS5->US85,0,0,0
1,CS5->US93,0,0,0
1,CS5->US101,0,0,0
1,CS5->US109,0,0,0
1,CS5->US117,0,0,0
1,CS5->US125,0,0,0
1,CS6->US6,27656,27656,0
1,CS6->US14,0,0,0
1,CS6->US22,0,0,0
1,CS6->US30,0,0,0
1,CS6->US38,0,0,0
1,CS6->US46,0,0,0
1,CS6->US54,27660,27660,0
1,CS6->US62,0,0,0
1,CS6->US70,0,0,0
1,CS6->US78,0,0,0
1,CS6->US86,0,0,0
1,CS6->US94,0,0,0
1,CS6->US102,0,0,0
1,CS6->US110,0,0,0
1,CS6->US118,0,0,0
1,CS6->US126,0,0,0
1,CS7->US7,27598,27598,0
1,CS7->US15,0,0,0
1,CS7->US23,0,0,0
1,CS7->US31,0,0,0
1,CS7->US39,0,0,0
1,CS7->US47,0,0,0
1,CS7->US55,27731,27731,0
1,CS7->US63,0,0,0
1,CS7->US71,0,0,0
1,CS7->US79,0,0,0
1,CS7->US87,0,0,0
1,CS7->US95,0,0,0
1,CS7->US103,0,0,0
1,CS7->US111,0,0,0
1,CS7->US119,0,0,0
1,CS7->US127,0,0,0
1,CS8->US0,27850,27850,0
1,CS8->US8,0,0,0
1,CS8->US16,0,0,0
1,CS8->US24,0,0,0
1,CS8->US32,0,0,0
1,CS8->US40,0,0,0
1,CS8->US48,27501,27501,0
1,CS8->US56,0,0,0
1,CS8->US64,0,0,0
1,CS8->US72,0,0,0
1,CS8->US80,0,0,0
1,CS8->US88,0,0,0
1,CS8->US96,0,0,0
1,CS8->US104,0,0,0
1,CS8->US112,0,0,0
1,CS8->US120,0,0,0
1,CS9->US1,27204,27204,0
1,CS9->US9,0,0,0
1,CS9->US17,0,0,0
1,CS9->US25,0,0,0
1,CS9->US33,0,0,0
1,CS9->US41,0,0,0
1,CS9->US49,27539,27539,0
1,CS9->US57,0,0,0
1,CS9->US65,0,0,0
1,CS9->US73,0,0,0
1,CS9->US81,0,0,0
1,CS9->US89,0,0,0
1,CS9->US97,0,0,0
1,CS9->US105,0,0,0
1,CS9->US113,0,0,0
1,CS9->US121,0,0,0
1,CS10->US2,27680,27680,0
1,CS10->US10,0,0,0
1,CS10->US18,0,0,0
1,CS10->US26,0,0,0
1,CS10->US34,0,0,0
1,CS10->US42,0,0,0
1,CS10->US50,27770,27770,0
1,CS10->US58,0,0,0
1,CS10->US66,0,0,0
1,CS10->US74,0,0,0
1,CS10->US82,0,0,0
1,CS10->US90,0,0,0
1,CS10->US98,0,0,0
1,CS10->US106,0,0,0
1,CS10->US114,0,0,0
1,CS10->US122,0,0,0
1,CS11->US3,27492,27492,0
1,CS11->US11,0,0,0
1,CS11->US19,0,0,0
1,CS11->US27,0,0,0
1,CS11->US35,0,0,0
1,CS11->US43,0,0,0
1,CS11->US51,27547,27547,0
1,CS11->US59,0,0,0
1,CS11->US67,0,0,0
1,CS11->US75,0,0,0
1,CS11->US83,0,0,0
1,CS11->US91,0,0,0
1,CS11->US99,0,0,0
1,CS11->US107,0,0,0
1,CS11->US115,0,0,0
1,CS11->US123,0,0,0
1,CS12->US4,27864,27864,0
1,CS12->US12,0,0,0
1,CS12->US20,0,0,0
1,CS12->US28,0,0,0
1,CS12->US36,0,0,0
1,CS12->US44,0,0,0
1,CS12->US52,27618,27618,0
1,CS12->US60,0,0,0
1,CS12->US68,0,0,0
1,CS12->US76,0,0,0
1,CS12->US84,0,0,0
1,CS12->US92,0,0,0
1,CS12->US100,0,0,0
1,CS12->US108,0,0,0
1,CS12->US116,0,0,0
1,CS12->US124,0,0,0
1,CS13->US5,27550,27550,0
1,CS13->US13,0,0,0
1,CS13->US21,0,0,0
1,CS13->US29,0,0,0
1,CS13->US37,0,0,0
1,CS13->US45,0,0,0
1,CS13->US53,27569,27569,0
1,CS13->US61,0,0,0
1,CS13->US69,0,0,0
1,CS13->US77,0,0,0
1,CS13->US85,0,0,0
1,CS13->US93,0,0,0
1,CS13->US101,0,0,0
1,CS13->US109,0,0,0
1,CS13->US117,0,0,0
1,CS13->US125,0,0,0
1,CS14->US6,27426,27426,0
1,CS14->US14,0,0,0
1,CS14->US22,0,0,0
1,CS14->US30,0,0,0
1,CS14->US38,0,0,0
1,CS14->US46,0,0,0
1,CS14->US54,27563,27563,0
1,CS14->US62,0,0,0
1,CS14->US70,0,0,0
1,CS14->US78,0,0,0
1,CS14->US86,0,0,0
1,CS14->US94,0,0,0
1,CS14->US102,0,0,0
1,CS14->US110,0,0,0
1,CS14->US118,0,0,0
1,CS14->US126,0,0,0
1,CS15->US7,27566,27566,0
1,CS15->US15,0,0,0
1,CS15->US23,0,0,0
1,CS15->US31,0,0,0
1,CS15->US39,0,0,0
1,CS15->US47,0,0,0
1,CS15->US55,27415,27415,0
1,CS15->US63,0,0,0
1,CS15->US71,0,0,0
1,CS15->US79,0,0,0
1,CS15->US87,0,0,0
1,CS15->US95,0,0,0
1,CS15->US103,0,0,0
1,CS15->US111,0,0,0
1,CS15->US119,0,0,0
1,CS15->US127,0,0,0
1,CS16->US0,28004,28004,0
1,CS16->US8,0,0,0
1,CS16->US16,0,0,0
1,CS16->US24,0,0,0
1,CS16->US32,0,0,0
1,CS16->US40,0,0,0
1,CS16->US48,27583,27583,0
1,CS16->US56,0,0,0
1,CS16->US64,0,0,0
1,CS16->US72,0,0,0
1,CS16->US80,0,0,0
1,CS16->US88,0,0,0
1,CS16->US96,0,0,0
1,CS16->US104,0,0,0
1,CS16->US112,0,0,0
1,CS16->US120,0,0,0
1,CS17->US1,27698,27698,0
1,CS17->US9,0,0,0
1,CS17->US17,0,0,0
1,CS17->US25,0,0,0
1,CS17->US33,0,0,0
1,CS17->US41,0,0,0
1,CS17->US49,27385,27385,0
1,CS17->US57,0,0,0
1,CS17->US65,0,0,0
1,CS17->US73,0,0,0
1,CS17->US81,0,0,0
1,CS17->US89,0,0,0
1,CS17->US97,0,0,0
1,CS17->US105,0,0,0
1,CS17->US113,0,0,0
1,CS17->US121,0,0,0
1,CS18->US2,27602,27602,0
1,CS18->US10,0,0,0
1,CS18->US18,0,0,0
1,CS18->US26,0,0,0
1,CS18->US34,0,0,0
1,CS18->US42,0,0,0
1,CS18->US50,27301,27301,0
1,CS18->US58,0,0,0
1,CS18->US66,0,0,0
1,CS18->US74,0,0,0
1,CS18->US82,0,0,0
1,CS18->US90,0,0,0
1,CS18->US98,0,0,0
1,CS18->US106,0,0,0
1,CS18->US114,0,0,0
1,CS18->US122,0,0,0
1,CS19->US3,27523,27523,0
1,CS19->US11,0,0,0
1,CS19->US19,0,0,0
1,CS19->US27,0,0,0
1,CS19->US35,0,0,0
1,CS19->US43,0,0,0
1,CS19->US51,27676,27676,0
1,CS19->US59,0,0,0
1,CS19->US67,0,0,0
1,CS19->US75,0,0,0
1,CS19->US83,0,0,0
1,CS19->US91,0,0,0
1,CS19->US99,0,0,0
1,CS19->US107,0,0,0
1,CS19->US115,0,0,0
1,CS19->US123,0,0,0
1,CS20->US4,27367,27367,0
1,CS20->US12,0,0,0
1,CS20->US20,0,0,0
1,CS20->US28,0,0,0
1,CS20->US36,0,0,0
1,CS20->US44,0,0,0
1,CS20->US52,27459,27459,0
1,CS20->US60,0,0,0
1,CS20->US68,0,0,0
1,CS20->US76,0,0,0
1,CS20->US84,0,0,0
1,CS20->US92,0,0,0
1,CS20->US100,0,0,0
1,CS20->US108,0,0,0
1,CS20->US116,0,0,0
1,CS20->US124,0,0,0
1,CS21->US5,27676,27676,0
1,CS21->US13,0,0,0
1,CS21->US21,0,0,0
1,CS21->US29,0,0,0
1,CS21->US37,0,0,0
1,CS21->US45,0,0,0
1,CS21->US53,27500,27500,0
1,CS21->US61,0,0,0
1,CS21->US69,0,0,0
1,CS21->US77,0,0,0
1,CS21->US85,0,0,0
1,CS21->US93,0,0,0
1,CS21->US101,0,0,0
1,CS21->US109,0,0,0
1,CS21->US117,0,0,0
1,CS21->US125,0,0,0
1,CS22->US6,27501,27501,0
1,CS22->US14,0,0,0
1,CS22->US22,0,0,0
1,CS22->US30,0,0,0
1,CS22->US38,0,0,0
1,CS22->US46,0,0,0
1,CS22->US54,27508,27508,0
1,CS22->US62,0,0,0
1,CS22->US70,0,0,0
1,CS22->US78,0,0,0
1,CS22->US86,0,0,0
1,CS22->US94,0,0,0
1,CS22->US102,0,0,0
1,CS22->US110,0,0,0
1,CS22->US118,0,0,0
1,CS22->US126,0,0,0
1,CS23->US7,27535,27535,0
1,CS23->US15,0,0,0
1,CS23->US23,0,0,0
1,CS23->US31,0,0,0
1,CS23->US39,0,0,0
1,CS23->US47,0,0,0
1,CS23->US55,27688,27688,0
1,CS23->US63,0,0,0
1,CS23->US71,0,0,0
1,CS23->US79,0,0,0
1,CS23->US87,0,0,0
1,CS23->US95,0,0,0
1,CS23->US103,0,0,0
1,CS23->US111,0,0,0
1,CS23->US119,0,0,0
1,CS23->US127,0,0,0
1,CS24->US0,27520,27520,0
1,CS24->US8,0,0,0
1,CS24->US16,0,0,0
1,CS24->US24,0,0,0
1,CS24->US32,0,0,0
1,CS24->US40,0,0,0
1,CS24->US48,27585,27585,0
1,CS24->US56,0,0,0
1,CS24->US64,0,0,0
1,CS24->US72,0,0,0
1,CS24->US80,0,0,0
1,CS24->US88,0,0,0
1,CS24->US96,0,0,0
1,CS24->US104,0,0,0
1,CS24->US112,0,0,0
1,CS24->US120,0,0,0
1,CS25->US1,27579,27579,0
1,CS25->US9,0,0,0
1,CS25->US17,0,0,0
1,CS25->US25,0,0,0
1,CS25->US33,0,0,0
1,CS25->US41,0,0,0
1,CS25->US49,27312,27312,0
1,CS25->US57,0,0,0
1,CS25->US65,0,0,0
1,CS25->US73,0,0,0
1,CS25->US81,0,0,0
1,CS25->US89,0,0,0
1,CS25->US97,0,0,0
1,CS25->US105,0,0,0
1,CS25->US113,0,0,0
1,CS25->US121,0,0,0
1,CS26->US2,27489,27489,0
1,CS26->US10,0,0,0
1,CS26->US18,0,0,0
1,CS26->US26,0,0,0
1,CS26->US34,0,0,0
1,CS26->US42,0,0,0
1,CS26->US50,27632,27632,0
1,CS26->US58,0,0,0
1,CS26->US66,0,0,0
1,CS26->US74,0,0,0
1,CS26->US82,0,0,0
1,CS26->US90,0,0,0
1,CS26->US98,0,0,0
1,CS26->US106,0,0,0
1,CS26->US114,0,0,0
1,CS26->US122,0,0,0
1,CS27->US3,27639,27639,0
1,CS27->US11,0,0,0
1,CS27->US19,0,0,0
1,CS27->US27,0,0,0
1,CS27->US35,0,0,0
1,CS27->US43,0,0,0
1,CS27->US51,27338,27338,0
1,CS27->US59,0,0,0
1,CS27->US67,0,0,0
1,CS27->US75,0,0,0
1,CS27->US83,0,0,0
1,CS27->US91,0,0,0
1,CS27->US99,0,0,0
1,CS27->US107,0,0,0
1,CS27->US115,0,0,0
1,CS27->US123,0,0,0
1,CS28->US4,27810,27810,0
1,CS28->US12,0,0,0
1,CS28->US20,0,0,0
1,CS28->US28,0,0,0
1,CS28->US36,0,0,0
1,CS28->US44,0,0,0
1,CS28->US52,27742,27742,0
1,CS28->US60,0,0,0
1,CS28->US68,0,0,0
1,CS28->US76,0,0,0
1,CS28->US84,0,0,0
1,CS28->US92,0,0,0
1,CS28->US100,0,0,0
1,CS28->US108,0,0,0
1,CS28->US116,0,0,0
1,CS28->US124,0,0,0
1,CS29->US5,27784,27784,0
1,CS29->US13,0,0,0
1,CS29->US21,0,0,0
1,CS29->US29,0,0,0
1,CS29->US37,0,0,0
1,CS29->US45,0,0,0
1,CS29->US53,27818,27818,0
1,CS29->US61,0,0,0
1,CS29->US69,0,0,0
1,CS29->US77,0,0,0
1,CS29->US85,0,0,0
1,CS29->US93,0,0,0
1,CS29->US101,0,0,0
1,CS29->US109,0,0,0
1,CS29->US117,0,0,0
1,CS29->US125,0,0,0
1,CS30->US6,27512,27512,0
1,CS30->US14,0,0,0
1,CS30->US22,0,0,0
1,CS30->US30,0,0,0
1,CS30->US38,0,0,0
1,CS30->US46,0,0,0
1,CS30->US54,27562,27562,0
1,CS30->US62,0,0,0
1,CS30->US70,0,0,0
1,CS30->US78,0,0,0
1,CS30->US86,0,0,0
1,CS30->US94,0,0,0
1,CS30->US102,0,0,0
1,CS30->US110,0,0,0
1,CS30->US118,0,0,0
1,CS30->US126,0,0,0
1,CS31->US7,27516,27516,0
1,CS31->US15,0,0,0
1,CS31->US23,0,0,0
1,CS31->US31,0,0,0
1,CS31->US39,0,0,0
1,CS31->US47,0,0,0
1,CS31->US55,27370,27370,0
1,CS31->US63,0,0,0
1,CS31->US71,0,0,0
1,CS31->US79,0,0,0
1,CS31->US87,0,0,0
1,CS31->US95,0,0,0
1,CS31->US103,0,0,0
1,CS31->US111,0,0,0
1,CS31->US119,0,0,0
1,CS31->US127,0,0,0
1,CS32->US0,27246,27246,0
1,CS32->US8,0,0,0
1,CS32->US16,0,0,0
1,CS32->US24,0,0,0
1,CS32->US32,0,0,0
1,CS32->US40,0,0,0
1,CS32->US48,27806,27806,0
1,CS32->US56,0,0,0
1,CS32->US64,0,0,0
1,CS32->US72,0,0,0
1,CS32->US80,0,0,0
1,CS32->US88,0,0,0
1,CS32->US96,0,0,0
1,CS32->US104,0,0,0
1,CS32->US112,0,0,0
1,CS32->US120,0,0,0
1,CS33->US1,27478,27478,0
1,CS33->US9,0,0,0
1,CS33->US17,0,0,0
1,CS33->US25,0,0,0
1,CS33->US33,0,0,0
1,CS33->US41,0,0,0
1,CS33->US49,27414,27414,0
1,CS33->US57,0,0,0
1,CS33->US65,0,0,0
1,CS33->US73,0,0,0
1,CS33->US81,0,0,0
1,CS33->US89,0,0,0
1,CS33->US97,0,0,0
1,CS33->US105,0,0,0
1,CS33->US113,0,0,0
1,CS33->US121,0,0,0
1,CS34->US2,27351,27351,0
1,CS34->US10,0,0,0
1,CS34->US18,0,0,0
1,CS34->US26,0,0,0
1,CS34->US34,0,0,0
1,CS34->US42,0,0,0
1,CS34->US50,27597,27597,0
1,CS34->US58,0,0,0
1,CS34->US66,0,0,0
1,CS34->US74,0,0,0
1,CS34->US82,0,0,0
1,CS34->US90,0,0,0
1,CS34->US98,0,0,0
1,CS34->US106,0,0,0
1,CS34->US114,0,0,0
1,CS34->US122,0,0,0
1,CS35->US3,27301,27301,0
1,CS35->US11,0,0,0
1,CS35->US19,0,0,0
1,CS35->US27,0,0,0
1,CS35->US35,0,0,0
1,CS35->US43,0,0,0
1,CS35->US51,27692,27692,0
1,CS35->US59,0,0,0
1,CS35->US67,0,0,0
1,CS35->US75,0,0,0
1,CS35->US83,0,0,0
1,CS35->US91,0,0,0
1,CS35->US99,0,0,0
1,CS35->US107,0,0,0
1,CS35->US115,0,0,0
1,CS35->US123,0,0,0
1,CS36->US4,27433,27433,0
1,CS36->US12,0,0,0
1,CS36->US20,0,0,0
1,CS36->US28,0,0,0
1,CS36->US36,0,0,0
1,CS36->US44,0,0,0
1,CS36->US52,27547,27547,0
1,CS36->US60,0,0,0
1,CS36->US68,0,0,0
1,CS36->US76,0,0,0
1,CS36->US84,0,0,0
1,CS36->US92,0,0,0
1,CS36->US100,0,0,0
1,CS36->US108,0,0,0
1,CS36->US116,0,0,0
1,CS36->US124,0,0,0
1,CS37->US5,27656,27656,0
1,CS37->US13,0,0,0
1,CS37->US21,0,0,0
1,CS37->US29,0,0,0
1,CS37->US37,0,0,0
1,CS37->US45,0,0,0
1,CS37->US53,27633,27633,0
1,CS37->US61,0,0,0
1,CS37->US69,0,0,0
1,CS37->US77,0,0,0
1,CS37->US85,0,0,0
1,CS37->US93,0,0,0
1,CS37->US101,0,0,0
1,CS37->US109,0,0,0
1,CS37->US117,0,0,0
1,CS37->US125,0,0,0
1,CS38->US6,27575,27575,0
1,CS38->US14,0,0,0
1,CS38->US22,0,0,0
1,CS38->US30,0,0,0
1,CS38->US38,0,0,0
1,CS38->US46,0,0,0
1,CS38->US54,27434,27434,0
1,CS38->US62,0,0,0
1,CS38->US70,0,0,0
1,CS38->US78,0,0,0
1,CS38->US86,0,0,0
1,CS38->US94,0,0,0
1,CS38->US102,0,0,0
1,CS38->US110,0,0,0
1,CS38->US118,0,0,0
1,CS38->US126,0,0,0
1,CS39->US7,27485,27485,0
1,CS39->US15,0,0,0
1,CS39->US23,0,0,0
1,CS39->US31,0,0,0
1,CS39->US39,0,0,0
1,CS39->US47,0,0,0
1,CS39->US55,27655,27655,0
1,CS39->US63,0,0,0
1,CS39->US71,0,0,0
1,CS39->US79,0,0,0
1,CS39->US87,0,0,0
1,CS39->US95,0,0,0
1,CS39->US103,0,0,0
1,CS39->US111,0,0,0
1,CS39->US119,0,0,0
1,CS39->US127,0,0,0
1,CS40->US0,27380,27380,0
1,CS40->US8,0,0,0
1,CS40->US16,0,0,0
1,CS40->US24,0,0,0
1,CS40->US32,0,0,0
1,CS40->US40,0,0,0
1,CS40->US48,27378,27378,0
1,CS40->US56,0,0,0
1,CS40->US64,0,0,0
1,CS40->US72,0,0,0
1,CS40->US80,0,0,0
1,CS40->US88,0,0,0
1,CS40->US96,0,0,0
1,CS40->US104,0,0,0
1,CS40->US112,0,0,0
1,CS40->US120,0,0,0
1,CS41->US1,27377,27377,0
1,CS41->US9,0,0,0
1,CS41->US17,0,0,0
1,CS41->US25,0,0,0
1,CS41->US33,0,0,0
1,CS41->US41,0,0,0
1,CS41->US49,27203,27203,0
1,CS41->US57,0,0,0
1,CS41->US65,0,0,0
1,CS41->US73,0,0,0
1,CS41->US81,0,0,0
1,CS41->US89,0,0,0
1,CS41->US97,0,0,0
1,CS41->US105,0,0,0
1,CS41->US113,0,0,0
1,CS41->US121,0,0,0
1,CS42->US2,27532,27532,0
1,CS42->US10,0,0,0
1,CS42->US18,0,0,0
1,CS42->US26,0,0,0
1,CS42->US34,0,0,0
1,CS42->US42,0,0,0
1,CS42->US50,27487,27487,0
1,CS42->US58,0,0,0
1,CS42->US66,0,0,0
1,CS42->US74,0,0,0
1,CS42->US82,0,0,0
1,CS42->US90,0,0,0
1,CS42->US98,0,0,0
1,CS42->US106,0,0,0
1,CS42->US114,0,0,0
1,CS42->US122,0,0,0
1,CS43->US3,27316,27316,0
1,CS43->US11,0,0,0
1,CS43->US19,0,0,0
1,CS43->US27,0,0,0
1,CS43->US35,0,0,0
1,CS43->US43,0,0,0
1,CS43->US51,27742,27742,0
1,CS43->US59,0,0,0
1,CS43->US67,0,0,0
1,CS43->US75,0,0,0
1,CS43->US83,0,0,0
1,CS43->US91,0,0,0
1,CS43->US99,0,0,0
1,CS43->US107,0,0,0
1,CS43->US115,0,0,0
1,CS43->US123,0,0,0
1,CS44->US4,27397,27397,0
1,CS44->US12,0,0,0
1,CS44->US20,0,0,0
1,CS44->US28,0,0,0
1,CS44->US36,0,0,0
1,CS44->US44,0,0,0
1,CS44->US52,27267,27267,0
1,CS44->US60,0,0,0
1,CS44->US68,0,0,0
1,CS44->US76,0,0,0
1,CS44->US84,0,0,0
1,CS44->US92,0,0,0
1,CS44->US100,0,0,0
1,CS44->US108,0,0,0
1,CS44->US116,0,0,0
1,CS44->US124,0,0,0
1,CS45->US5,27922,27922,0
1,CS45->US13,0,0,0
1,CS45->US21,0,0,0
1,CS45->US29,0,0,0
1,CS45->US37,0,0,0
1,CS45->US45,0,0,0
1,CS45->US53,27439,27439,0
1,CS45->US61,0,0,0
1,CS45->US69,0,0,0
1,CS45->US77,0,0,0
1,CS45->US85,0,0,0
1,CS45->US93,0,0,0
1,CS45->US101,0,0,0
1,CS45->US109,0,0,0
1,CS45->US117,0,0,0
1,CS45->US125,0,0,0
1,CS46->US6,27472,27472,0
1,CS46->US14,0,0,0
1,CS46->US22,0,0,0
1,CS46->US30,0,0,0
1,CS46->US38,0,0,0
1,CS46->US46,0,0,0
1,CS46->US54,27865,27865,0
1,CS46->US62,0,0,0
1,CS46->US70,0,0,0
1,CS46->US78,0,0,0
1,CS46->US86,0,0,0
1,CS46->US94,0,0,0
1,CS46->US102,0,0,0
1,CS46->US110,0,0,0
1,CS46->US118,0,0,0
1,CS46->US126,0,0,0
1,CS47->US7,27481,27481,0
1,CS47->US15,0,0,0
1,CS47->US23,0,0,0
1,CS47->US31,0,0,0
1,CS47->US39,0,0,0
1,CS47->US47,0,0,0
1,CS47->US55,27422,27422,0
1,CS47->US63,0,0,0
1,CS47->US71,0,0,0
1,CS47->US79,0,0,0
1,CS47->US87,0,0,0
1,CS47->US95,0,0,0
1,CS47->US103,0,0,0
1,CS47->US111,0,0,0
1,CS47->US119,0,0,0
1,CS47->US127,0,0,0
1,CS48->US0,27401,27401,0
1,CS48->US8,0,0,0
1,CS48->US16,0,0,0
1,CS48->US24,0,0,0
1,CS48->US32,0,0,0
1,CS48->US40,0,0,0
1,CS48->US48,27588,27588,0
1,CS48->US56,0,0,0
1,CS48->US64,0,0,0
1,CS48->US72,0,0,0
1,CS48->US80,0,0,0
1,CS48->US88,0,0,0
1,CS48->US96,0,0,0
1,CS48->US104,0,0,0
1,CS48->US112,0,0,0
1,CS48->US120,0,0,0
1,CS49->US1,27609,27609,0
1,CS49->US9,0,0,0
1,CS49->US17,0,0,0
1,CS49->US25,0,0,0
1,CS49->US33,0,0,0
1,CS49->US41,0,0,0
1,CS49->US49,27719,27719,0
1,CS49->US57,0,0,0
1,CS49->US65,0,0,0
1,CS49->US73,0,0,0
1,CS49->US81,0,0,0
1,CS49->US89,0,0,0
1,CS49->US97,0,0,0
1,CS49->US105,0,0,0
1,CS49->US113,0,0,0
1,CS49->US121,0,0,0
1,CS50->US2,27385,27385,0
1,CS50->US10,0,0,0
1,CS50->US18,0,0,0
1,CS50->US26,0,0,0
1,CS50->US34,0,0,0
1,CS50->US42,0,0,0
1,CS50->US50,27444,27444,0
1,CS50->US58,0,0,0
1,CS50->US66,0,0,0
1,CS50->US74,0,0,0
1,CS50->US82,0,0,0
1,CS50->US90,0,0,0
1,CS50->US98,0,0,0
1,CS50->US106,0,0,0
1,CS50->US114,0,0,0
1,CS50->US122,0,0,0
1,CS51->US3,27661,27661,0
1,CS51->US11,0,0,0
1,CS51->US19,0,0,0
1,CS51->US27,0,0,0
1,CS51->US35,0,0,0
1,CS51->US43,0,0,0
1,CS51->US51,27621,27621,0
1,CS51->US59,0,0,0
1,CS51->US67,0,0,0
1,CS51->US75,0,0,0
1,CS51->US83,0,0,0
1,CS51->US91,0,0,0
1,CS51->US99,0,0,0
1,CS51->US107,0,0,0
1,CS51->US115,0,0,0
1,CS51->US123,0,0,0
1,CS52->US4,27456,27456,0
1,CS52->US12,0,0,0
1,CS52->US20,0,0,0
1,CS52->US28,0,0,0
1,CS52->US36,0,0,0
1,CS52->US44,0,0,0
1,CS52->US52,27613,27613,0
1,CS52->US60,0,0,0
1,CS52->US68,0,0,0
1,CS52->US76,0,0,0
1,CS52->US84,0,0,0
1,CS52->US92,0,0,0
1,CS52->US100,0,0,0
1,CS52->US108,0,0,0
1,CS52->US116,0,0,0
1,CS52->US124,0,0,0
1,CS53->US5,27636,27636,0
1,CS53->US13,0,0,0
1,CS53->US21,0,0,0
1,CS53->US29,0,0,0
1,CS53->US37,0,0,0
1,CS53->US45,0,0,0
1,CS53->US53,27559,27559,0
1,CS53->US61,0,0,0
1,CS53->US69,0,0,0
1,CS53->US77,0,0,0
1,CS53->US85,0,0,0
1,CS53->US93,0,0,0
1,CS53->US101,0,0,0
1,CS53->US109,0,0,0
1,CS53->US117,0,0,0
1,CS53->US125,0,0,0
1,CS54->US6,27479,27479,0
1,CS54->US14,0,0,0
1,CS54->US22,0,0,0
1,CS54->US30,0,0,0
1,CS54->US38,0,0,0
1,CS54->US46,0,0,0
1,CS54->US54,27590,27590,0
1,CS54->US62,0,0,0
1,CS54->US70,0,0,0
1,CS54->US78,0,0,0
1,CS54->US86,0,0,0
1,CS54->US94,0,0,0
1,CS54->US102,0,0,0
1,CS54->US110,0,0,0
1,CS54->US118,0,0,0
1,CS54->US126,0,0,0
1,CS55->US7,27286,27286,0
1,CS55->US15,0,0,0
1,CS55->US23,0,0,0
1,CS55->US31,0,0,0
1,CS55->US39,0,0,0
1,CS55->US47,0,0,0
1,CS55->US55,27517,27517,0
1,CS55->US63,0,0,0
1,CS55->US71,0,0,0
1,CS55->US79,0,0,0
1,CS55->US87,0,0,0
1,CS55->US95,0,0,0
1,CS55->US103,0,0,0
1,CS55->US111,0,0,0
1,CS55->US119,0,0,0
1,CS55->US127,0,0,0
1,CS56->US0,27540,27540,0
1,CS56->US8,0,0,0
1,CS56->US16,0,0,0
1,CS56->US24,0,0,0
1,CS56->US32,0,0,0
1,CS56->US40,0,0,0
1,CS56->US48,27775,27775,0
1,CS56->US56,0,0,0
1,CS56->US64,0,0,0
1,CS56->US72,0,0,0
1,CS56->US80,0,0,0
1,CS56->US88,0,0,0
1,CS56->US96,0,0,0
1,CS56->US104,0,0,0
1,CS56->US112,0,0,0
1,CS56->US120,0,0,0
1,CS57->US1,27701,27701,0
1,CS57->US9,0,0,0
1,CS57->US17,0,0,0
1,CS57->US25,0,0,0
1,CS57->US33,0,0,0
1,CS57->US41,0,0,0
1,CS57->US49,27430,27430,0
1,CS57->US57,0,0,0
1,CS57->US65,0,0,0
1,CS57->US73,0,0,0
1,CS57->US81,0,0,0
1,CS57->US89,0,0,0
1,CS57->US97,0,0,0
1,CS57->US105,0,0,0
1,CS57->US113,0,0,0
1,CS57->US121,0,0,0
1,CS58->US2,27542,27542,0
1,CS58->US10,0,0,0
1,CS58->US18,0,0,0
1,CS58->US26,0,0,0
1,CS58->US34,0,0,0
1,CS58->US42,0,0,0
1,CS58->US50,27628,27628,0
1,CS58->US58,0,0,0
1,CS58->US66,0,0,0
1,CS58->US74,0,0,0
1,CS58->US82,0,0,0
1,CS58->US90,0,0,0
1,CS58->US98,0,0,0
1,CS58->US106,0,0,0
1,CS58->US114,0,0,0
1,CS58->US122,0,0,0
1,CS59->US3,27614,27614,0
1,CS59->US11,0,0,0
1,CS59->US19,0,0,0
1,CS59->US27,0,0,0
1,CS59->US35,0,0,0
1,CS59->US43,0,0,0
1,CS59->US51,27277,27277,0
1,CS59->US59,0,0,0
1,CS59->US67,0,0,0
1,CS59->US75,0,0,0
1,CS59->US83,0,0,0
1,CS59->US91,0,0,0
1,CS59->US99,0,0,0
1,CS59->US107,0,0,0
1,CS59->US115,0,0,0
1,CS59->US123,0,0,0
1,CS60->US4,27642,27642,0
1,CS60->US12,0,0,0
1,CS60->US20,0,0,0
1,CS60->US28,0,0,0
1,CS60->US36,0,0,0
1,CS60->US44,0,0,0
1,CS60->US52,27433,27433,0
1,CS60->US60,0,0,0
1,CS60->US68,0,0,0
1,CS60->US76,0,0,0
1,CS60->US84,0,0,0
1,CS60->US92,0,0,0
1,CS60->US100,0,0,0
1,CS60->US108,0,0,0
1,CS60->US116,0,0,0
1,CS60->US124,0,0,0
1,CS61->US5,27812,27812,0
1,CS61->US13,0,0,0
1,CS61->US21,0,0,0
1,CS61->US29,0,0,0
1,CS61->US37,0,0,0
1,CS61->US45,0,0,0
1,CS61->US53,27584,27584,0
1,CS61->US61,0,0,0
1,CS61->US69,0,0,0
1,CS61->US77,0,0,0
1,CS61->US85,0,0,0
1,CS61->US93,0,0,0
1,CS61->US101,0,0,0
1,CS61->US109,0,0,0
1,CS61->US117,0,0,0
1,CS61->US125,0,0,0
1,CS62->US6,27720,27720,0
1,CS62->US14,0,0,0
1,CS62->US22,0,0,0
1,CS62->US30,0,0,0
1,CS62->US38,0,0,0
1,CS62->US46,0,0,0
1,CS62->US54,27724,27724,0
1,CS62->US62,0,0,0
1,CS62->US70,0,0,0
1,CS62->US78,0,0,0
1,CS62->US86,0,0,0
1,CS62->US94,0,0,0
1,CS62->US102,0,0,0
1,CS62->US110,0,0,0
1,CS62->US118,0,0,0
1,CS62->US126,0,0,0
1,CS63->US7,27634,27634,0
1,CS63->US15,0,0,0
1,CS63->US23,0,0,0
1,CS63->US31,0,0,0
1,CS63->US39,0,0,0
1,CS63->US47,0,0,0
1,CS63->US55,27590,27590,0
1,CS63->US63,0,0,0
1,CS63->US71,0,0,0
1,CS63->US79,0,0,0
1,CS63->US87,0,0,0
1,CS63->US95,0,0,0
1,CS63->US103,0,0,0
1,CS63->US111,0,0,0
1,CS63->US119,0,0,0
1,CS63->US127,0,0,0
2,US0->CS0,51332,51332,0
2,US0->CS8,51752,51752,0
2,US0->CS16,51512,51512,0
2,US0->CS24,51708,51708,0
2,US0->CS32,51333,51333,0
2,US0->CS40,51495,51495,0
2,US0->CS48,51375,51375,0
2,US0->CS56,51832,51832,0
2,US1->CS1,51597,51597,0
2,US1->CS9,51577,51577,0
2,US1->CS17,51124,51124,0
2,US1->CS25,51394,51394,0
2,US1->CS33,51314,51314,0
2,US1->CS41,51289,51289,0
2,US1->CS49,51530,51530,0
2,US1->CS57,51504,51504,0
2,US2->CS2,51208,51208,0
2,US2->CS10,51483,51483,0
2,US2->CS18,51109,51109,0
2,US2->CS26,51807,51807,0
2,US2->CS34,51732,51732,0
2,US2->CS42,51357,51357,0
2,US2->CS50,51405,51405,0
2,US2->CS58,51266,51266,0
2,US3->CS3,51429,51429,0
2,US3->CS11,51394,51394,0
2,US3->CS19,51494,51494,0
2,US3->CS27,51501,51501,0
2,US3->CS35,51602,51602,0
2,US3->CS43,51573,51573,0
2,US3->CS51,51288,51288,0
2,US3->CS59,51373,51373,0
2,US4->CS4,51585,51585,0
2,US4->CS12,51325,51325,0
2,US4->CS20,51332,51332,0
2,US4->CS28,51698,51698,0
2,US4->CS36,51390,51390,0
2,US4->CS44,50992,50992,0
2,US4->CS52,51694,51694,0
2,US4->CS60,51388,51388,0
2,US5->CS5,51594,51594,0
2,US5->CS13,51454,51454,0
2,US5->CS21,51491,51491,0
2,US5->CS29,51393,51393,0
2,US5->CS37,51449,51449,0
2,US5->CS45,51264,51264,0
2,US5->CS53,51401,51401,0
2,US5->CS61,51583,51583,0
2,US6->CS6,51443,51443,0
2,US6->CS14,51588,51588,0
2,US6->CS22,51386,51386,0
2,US6->CS30,51505,51505,0
2,US6->CS38,51423,51423,0
2,US6->CS46,51769,51769,0
2,US6->CS54,51465,51465,0
2,US6->CS62,51551,51551,0
2,US7->CS7,51641,51641,0
2,US7->CS15,51108,51108,0
2,US7->CS23,51700,51700,0
2,US7->CS31,51371,51371,0
2,US7->CS39,51478,51478,0
2,US7->CS47,51264,51264,0
2,US7->CS55,51411,51411,0
2,US7->CS63,51498,51498,0
2,US8->CS0,0,0,0
2,US8->CS8,0,0,0
2,US8->CS16,0,0,0
2,US8->CS24,0,0,0
2,US8->CS32,0,0,0
2,US8->CS40,0,0,0
2,US8->CS48,0,0,0
2,US8->CS56,0,0,0
2,US9->CS1,0,0,0
2,US9->CS9,0,0,0
2,US9->CS17,0,0,0
2,US9->CS25,0,0,0
2,US9->CS33,0,0,0
2,US9->CS41,0,0,0
2,US9->CS49,0,0,0
2,US9->CS57,0,0,0
2,US10->CS2,0,0,0
2,US10->CS10,0,0,0
2,US10->CS18,0,0,0
2,US10->CS26,0,0,0
2,US10->CS34,0,0,0
2,US10->CS42,0,0,0
2,US10->CS50,0,0,0
2,US10->CS58,0,0,0
2,US11->CS3,0,0,0
2,US11->CS11,0,0,0
2,US11->CS19,0,0,0
2,US11->CS27,0,0,0
2,US11->CS35,0,0,0
2,US11->CS43,0,0,0
2,US11->CS51,0,0,0
2,US11->CS59,0,0,0
2,US12->CS4,0,0,0
2,US12->CS12,0,0,0
2,US12->CS20,0,0,0
2,US12->CS28,0,0,0
2,US12->CS36,0,0,0
2,US12->CS44,0,0,0
2,US12->CS52,0,0,0
2,US12->CS60,0,0,0
2,US13->CS5,0,0,0
2,US13->CS13,0,0,0
2,US13->CS21,0,0,0
2,US13->CS29,0,0,0
2,US13->CS37,0,0,0
2,US13->CS45,0,0,0
2,US13->CS53,0,0,0
2,US13->CS61,0,0,0
2,US14->CS6,0,0,0
2,US14->CS14,0,0,0
2,US14->CS22,0,0,0
2,US14->CS30,0,0,0
2,US14->CS38,0,0,0
2,US14->CS46,0,0,0
2,US14->CS54,0,0,0
2,US14->CS62,0,0,0
2,US15->CS7,0,0,0
2,US15->CS15,0,0,0
2,US15->CS23,0,0,0
2,US15->CS31,0,0,0
2,US15->CS39,0,0,0
2,US15->CS47,0,0,0
2,US15->CS55,0,0,0
2,US15->CS63,0,0,0
2,US16->CS0,0,0,0
2,US16->CS8,0,0,0
2,US16->CS16,0,0,0
2,US16->CS24,0,0,0
2,US16->CS32,0,0,0
2,US16->CS40,0,0,0
2,US16->CS48,0,0,0
2,US16->CS56,0,0,0
2,US17->CS1,0,0,0
2,US17->CS9,0,0,0
2,US17->CS17,0,0,0
2,US17->CS25,0,0,0
2,US17->CS33,0,0,0
2,US17->CS41,0,0,0
2,US17->CS49,0,0,0
2,US17->CS57,0,0,0
2,US18->CS2,0,0,0
2,US18->CS10,0,0,0
2,US18->CS18,0,0,0
2,US18->CS26,0,0,0
2,US18->CS34,0,0,0
2,US18->CS42,0,0,0
2,US18->CS50,0,0,0
2,US18->CS58,0,0,0
2,US19->CS3,0,0,0
2,US19->CS11,0,0,0
2,US19->CS19,0,0,0
2,US19->CS27,0,0,0
2,US19->CS35,0,0,0
2,US19->CS43,0,0,0
2,US19->CS51,0,0,0
2,US19->CS59,0,0,0
2,US20->CS4,0,0,0
2,US20->CS12,0,0,0
2,US20->CS20,0,0,0
2,US20->CS28,0,0,0
2,US20->CS36,0,0,0
2,US20->CS44,0,0,0
2,US20->CS52,0,0,0
2,US20->CS60,0,0,0
2,US21->CS5,0,0,0
2,US21->CS13,0,0,0
2,US21->CS21,0,0,0
2,US21->CS29,0,0,0
2,US21->CS37,0,0,0
2,US21->CS45,0,0,0
2,US21->CS53,0,0,0
2,US21->CS61,0,0,0
2,US22->CS6,0,0,0
2,US22->CS14,0,0,0
2,US22->CS22,0,0,0
2,US22->CS30,0,0,0
2,US22->CS38,0,0,0
2,US22->CS46,0,0,0
2,US22->CS54,0,0,0
2,US22->CS62,0,0,0
2,US23->CS7,0,0,0
2,US23->CS15,0,0,0
2,US23->CS23,0,0,0
2,US23->CS31,0,0,0
2,US23->CS39,0,0,0
2,US23->CS47,0,0,0
2,US23->CS55,0,0,0
2,US23->CS63,0,0,0
2,US24->CS0,0,0,0
2,US24->CS8,0,0,0
2,US24->CS16,0,0,0
2,US24->CS24,0,0,0
2,US24->CS32,0,0,0
2,US24->CS40,0,0,0
2,US24->CS48,0,0,0
2,US24->CS56,0,0,0
2,US25->CS1,0,0,0
2,US25->CS9,0,0,0
2,US25->CS17,0,0,0
2,US25->CS25,0,0,0
2,US25->CS33,0,0,0
2,US25->CS41,0,0,0
2,US25->CS49,0,0,0
2,US25->CS57,0,0,0
2,US26->CS2,0,0,0
2,US26->CS10,0,0,0
2,US26->CS18,0,0,0
2,US26->CS26,0,0,0
2,US26->CS34,0,0,0
2,US26->CS42,0,0,0
2,US26->CS50,0,0,0
2,US26->CS58,0,0,0
2,US27->CS3,0,0,0
2,US27->CS11,0,0,0
2,US27->CS19,0,0,0
2,US27->CS27,0,0,0
2,US27->CS35,0,0,0
2,US27->CS43,0,0,0
2,US27->CS51,0,0,0
2,US27->CS59,0,0,0
2,US28->CS4,0,0,0
2,US28->CS12,0,0,0
2,US28->CS20,0,0,0
2,US28->CS28,0,0,0
2,US28->CS36,0,0,0
2,US28->CS44,0,0,0
2,US28->CS52,0,0,0
2,US28->CS60,0,0,0
2,US29->CS5,0,0,0
2,US29->CS13,0,0,0
2,US29->CS21,0,0,0
2,US29->CS29,0,0,0
2,US29->CS37,0,0,0
2,US29->CS45,0,0,0
2,US29->CS53,0,0,0
2,US29->CS61,0,0,0
2,US30->CS6,0,0,0
2,US30->CS14,0,0,0
2,US30->CS22,0,0,0
2,US30->CS30,0,0,0
2,US30->CS38,0,0,0
2,US30->CS46,0,0,0
2,US30->CS54,0,0,0
2,US30->CS62,0,0,0
2,US31->CS7,0,0,0
2,US31->CS15,0,0,0
2,US31->CS23,0,0,0
2,US31->CS31,0,0,0
2,US31->CS39,0,0,0
2,US31->CS47,0,0,0
2,US31->CS55,0,0,0
2,US31->CS63,0,0,0
2,US32->CS0,0,0,0
2,US32->CS8,0,0,0
2,US32->CS16,0,0,0
2,US32->CS24,0,0,0
2,US32->CS32,0,0,0
2,US32->CS40,0,0,0
2,US32->CS48,0,0,0
2,US32->CS56,0,0,0
2,US33->CS1,0,0,0
2,US33->CS9,0,0,0
2,US33->CS17,0,0,0
2,US33->CS25,0,0,0
2,US33->CS33,0,0,0
2,US33->CS41,0,0,0
2,US33->CS49,0,0,0
2,US33->CS57,0,0,0
2,US34->CS2,0,0,0
2,US34->CS10,0,0,0
2,US34->CS18,0,0,0
2,US34->CS26,0,0,0
2,US34->CS34,0,0,0
2,US34->CS42,0,0,0
2,US34->CS50,0,0,0
2,US34->CS58,0,0,0
2,US35->CS3,0,0,0
2,US35->CS11,0,0,0
2,US35->CS19,0,0,0
2,US35->CS27,0,0,0
2,US35->CS35,0,0,0
2,US35->CS43,0,0,0
2,US35->CS51,0,0,0
2,US35->CS59,0,0,0
2,US36->CS4,0,0,0
2,US36->CS12,0,0,0
2,US36->CS20,0,0,0
2,US36->CS28,0,0,0
2,US36->CS36,0,0,0
2,US36->CS44,0,0,0
2,US36->CS52,0,0,0
2,US36->CS60,0,0,0
2,US37->CS5,0,0,0
2,US37->CS13,0,0,0
2,US37->CS21,0,0,0
2,US37->CS29,0,0,0
2,US37->CS37,0,0,0
2,US37->CS45,0,0,0
2,US37->CS53,0,0,0
2,US37->CS61,0,0,0
2,US38->CS6,0,0,0
2,US38->CS14,0,0,0
2,US38->CS22,0,0,0
2,US38->CS30,0,0,0
2,US38->CS38,0,0,0
2,US38->CS46,0,0,0
2,US38->CS54,0,0,0
2,US38->CS62,0,0,0
2,US39->CS7,0,0,0
2,US39->CS15,0,0,0
2,US39->CS23,0,0,0
2,US39->CS31,0,0,0
2,US39->CS39,0,0,0
2,US39->CS47,0,0,0
2,US39->CS55,0,0,0
2,US39->CS63,0,0,0
2,US40->CS0,11561,11561,0
2,US40->CS8,11502,11502,0
2,US40->CS16,11568,11567,0
2,US40->CS24,11495,11495,0
2,US40->CS32,11316,11316,0
2,US40->CS40,11458,11458,0
2,US40->CS48,11428,11428,0
2,US40->CS56,11361,11360,0
2,US41->CS1,11518,11516,0
2,US41->CS9,11687,11684,0
2,US41->CS17,11493,11493,0
2,US41->CS25,11518,11518,0
2,US41->CS33,11299,11299,0
2,US41->CS41,11392,11391,0
2,US41->CS49,11445,11445,0
2,US41->CS57,11561,11559,0
2,US42->CS2,11462,11462,0
2,US42->CS10,11501,11501,0
2,US42->CS18,11378,11378,0
2,US42->CS26,11562,11562,0
2,US42->CS34,11448,11448,0
2,US42->CS42,11327,11327,0
2,US42->CS50,11414,11412,0
2,US42->CS58,11402,11402,0
2,US43->CS3,11474,11473,0
2,US43->CS11,11589,11589,0
2,US43->CS19,11298,11298,0
2,US43->CS27,11472,11472,0
2,US43->CS35,11515,11513,0
2,US43->CS43,11415,11415,0
2,US43->CS51,11313,11313,0
2,US43->CS59,11334,11333,0
2,US44->CS4,11531,11530,0
2,US44->CS12,11450,11450,0
2,US44->CS20,11151,11151,0
2,US44->CS28,11443,11442,0
2,US44->CS36,11415,11415,0
2,US44->CS44,11329,11328,0
2,US44->CS52,11376,11375,0
2,US44->CS60,11436,11435,0
2,US45->CS5,11315,11315,0
2,US45->CS13,11580,11579,0
2,US45->CS21,11612,11612,0
2,US45->CS29,11423,11423,0
2,US45->CS37,11596,11596,0
2,US45->CS45,11352,11352,0
2,US45->CS53,11447,11447,0
2,US45->CS61,11520,11520,0
2,US46->CS6,11601,11601,0
2,US46->CS14,11294,11294,0
2,US46->CS22,11625,11625,0
2,US46->CS30,11516,11516,0
2,US46->CS38,11512,11512,0
2,US46->CS46,11605,11605,0
2,US46->CS54,11412,11412,0
2,US46->CS62,11477,11476,0
2,US47->CS7,11394,11394,0
2,US47->CS15,11526,11526,0
2,US47->CS23,11404,11403,0
2,US47->CS31,11396,11394,0
2,US47->CS39,11489,11488,0
2,US47->CS47,11457,11457,0
2,US47->CS55,11611,11610,0
2,US47->CS63,11461,11460,0
2,US48->CS0,51638,51638,0
2,US48->CS8,51840,51840,0
2,US48->CS16,51943,51943,0
2,US48->CS24,51457,51457,0
2,US48->CS32,50969,50969,0
2,US48->CS40,51130,51130,0
2,US48->CS48,51177,51177,0
2,US48->CS56,51362,51362,0
2,US49->CS1,51254,51254,0
2,US49->CS9,51130,51130,0
2,US49->CS17,51941,51941,0
2,US49->CS25,51252,51252,0
2,US49->CS33,51281,51281,0
2,US49->CS41,51412,51412,0
2,US49->CS49,51663,51663,0
2,US49->CS57,51731,51731,0
2,US50->CS2,51496,51496,0
2,US50->CS10,51771,51771,0
2,US50->CS18,51758,51758,0
2,US50->CS26,51212,51212,0
2,US50->CS34,51275,51275,0
2,US50->CS42,51266,51266,0
2,US50->CS50,51418,51418,0
2,US50->CS58,51179,51179,0
2,US51->CS3,51349,51349,0
2,US51->CS11,51151,51151,0
2,US51->CS19,51329,51329,0
2,US51->CS27,51772,51772,0
2,US51->CS35,51160,51160,0
2,US51->CS43,51089,51089,0
2,US51->CS51,51382,51382,0
2,US51->CS59,51645,51645,0
2,US52->CS4,51446,51446,0
2,US52->CS12,51918,51918,0
2,US52->CS20,51376,51376,0
2,US52->CS28,51645,51645,0
2,US52->CS36,51576,51576,0
2,US52->CS44,51191,51191,0
2,US52->CS52,51184,51184,0
2,US52->CS60,51726,51726,0
2,US53->CS5,51421,51421,0
2,US53->CS13,51541,51541,0
2,US53->CS21,51583,51583,0
2,US53->CS29,51563,51563,0
2,US53->CS37,51518,51518,0
2,US53->CS45,51665,51665,0
2,US53->CS53,51570,51570,0
2,US53->CS61,51468,51468,0
2,US54->CS6,51412,51412,0
2,US54->CS14,51285,51285,0
2,US54->CS22,51437,51437,0
2,US54->CS30,51278,51278,0
2,US54->CS38,51529,51529,0
2,US54->CS46,51518,51518,0
2,US54->CS54,51268,51268,0
2,US54->CS62,51629,51629,0
2,US55->CS7,51150,51150,0
2,US55->CS15,51685,51685,0
2,US55->CS23,51411,51411,0
2,US55->CS31,51288,51288,0
2,US55->CS39,51414,51414,0
2,US55->CS47,51203,51203,0
2,US55->CS55,50944,50944,0
2,US55->CS63,51384,51384,0
2,US56->CS0,0,0,0
2,US56->CS8,0,0,0
2,US56->CS16,0,0,0
2,US56->CS24,0,0,0
2,US56->CS32,0,0,0
2,US56->CS40,0,0,0
2,US56->CS48,0,0,0
2,US56->CS56,0,0,0
2,US57->CS1,0,0,0
2,US57->CS9,0,0,0
2,US57->CS17,0,0,0
2,US57->CS25,0,0,0
2,US57->CS33,0,0,0
2,US57->CS41,0,0,0
2,US57->CS49,0,0,0
2,US57->CS57,0,0,0
2,US58->CS2,0,0,0
2,US58->CS10,0,0,0
2,US58->CS18,0,0,0
2,US58->CS26,0,0,0
2,US58->CS34,0,0,0
2,US58->CS42,0,0,0
2,US58->CS50,0,0,0
2,US58->CS58,0,0,0
2,US59->CS3,0,0,0
2,US59->CS11,0,0,0
2,US59->CS19,0,0,0
2,US59->CS27,0,0,0
2,US59->CS35,0,0,0
2,US59->CS43,0,0,0
2,US59->CS51,0,0,0
2,US59->CS59,0,0,0
2,US60->CS4,0,0,0
2,US60->CS12,0,0,0
2,US60->CS20,0,0,0
2,US60->CS28,0,0,0
2,US60->CS36,0,0,0
2,US60->CS44,0,0,0
2,US60->CS52,0,0,0
2,US60->CS60,0,0,0
2,US61->CS5,0,0,0
2,US61->CS13,0,0,0
2,US61->CS21,0,0,0
2,US61->CS29,0,0,0
2,US61->CS37,0,0,0
2,US61->CS45,0,0,0
2,US61->CS53,0,0,0
2,US61->CS61,0,0,0
2,US62->CS6,0,0,0
2,US62->CS14,0,0,0
2,US62->CS22,0,0,0
2,US62->CS30,0,0,0
2,US62->CS38,0,0,0
2,US62->CS46,0,0,0
2,US62->CS54,0,0,0
2,US62->CS62,0,0,0
2,US63->CS7,0,0,0
2,US63->CS15,0,0,0
2,US63->CS23,0,0,0
2,US63->CS31,0,0,0
2,US63->CS39,0,0,0
2,US63->CS47,0,0,0
2,US63->CS55,0,0,0
2,US63->CS63,0,0,0
2,US64->CS0,0,0,0
2,US64->CS8,0,0,0
2,US64->CS16,0,0,0
2,US64->CS24,0,0,0
2,US64->CS32,0,0,0
2,US64->CS40,0,0,0
2,US64->CS48,0,0,0
2,US64->CS56,0,0,0
2,US65->CS1,0,0,0
2,US65->CS9,0,0,0
2,US65->CS17,0,0,0
2,US65->CS25,0,0,0
2,US65->CS33,0,0,0
2,US65->CS41,0,0,0
2,US65->CS49,0,0,0
2,US65->CS57,0,0,0
2,US66->CS2,0,0,0
2,US66->CS10,0,0,0
2,US66->CS18,0,0,0
2,US66->CS26,0,0,0
2,US66->CS34,0,0,0
2,US66->CS42,0,0,0
2,US66->CS50,0,0,0
2,US66->CS58,0,0,0
2,US67->CS3,0,0,0
2,US67->CS11,0,0,0
2,US67->CS19,0,0,0
2,US67->CS27,0,0,0
2,US67->CS35,0,0,0
2,US67->CS43,0,0,0
2,US67->CS51,0,0,0
2,US67->CS59,0,0,0
2,US68->CS4,0,0,0
2,US68->CS12,0,0,0
2,US68->CS20,0,0,0
2,US68->CS28,0,0,0
2,US68->CS36,0,0,0
2,US68->CS44,0,0,0
2,US68->CS52,0,0,0
2,US68->CS60,0,0,0
2,US69->CS5,0,0,0
2,US69->CS13,0,0,0
2,US69->CS21,0,0,0
2,US69->CS29,0,0,0
2,US69->CS37,0,0,0
2,US69->CS45,0,0,0
2,US69->CS53,0,0,0
2,US69->CS61,0,0,0
2,US70->CS6,0,0,0
2,US70->CS14,0,0,0
2,US70->CS22,0,0,0
2,US70->CS30,0,0,0
2,US70->CS38,0,0,0
2,US70->CS46,0,0,0
2,US70->CS54,0,0,0
2,US70->CS62,0,0,0
2,US71->CS7,0,0,0
2,US71->CS15,0,0,0
2,US71->CS23,0,0,0
2,US71->CS31,0,0,0
2,US71->CS39,0,0,0
2,US71->CS47,0,0,0
2,US71->CS55,0,0,0
2,US71->CS63,0,0,0
2,US72->CS0,0,0,0
2,US72->CS8,0,0,0
2,US72->CS16,0,0,0
2,US72->CS24,0,0,0
2,US72->CS32,0,0,0
2,US72->CS40,0,0,0
2,US72->CS48,0,0,0
2,US72->CS56,0,0,0
2,US73->CS1,0,0,0
2,US73->CS9,0,0,0
2,US73->CS17,0,0,0
2,US73->CS25,0,0,0
2,US73->CS33,0,0,0
2,US73->CS41,0,0,0
2,US73->CS49,0,0,0
2,US73->CS57,0,0,0
2,US74->CS2,0,0,0
2,US74->CS10,0,0,0
2,US74->CS18,0,0,0
2,US74->CS26,0,0,0
2,US74->CS34,0,0,0
2,US74->CS42,0,0,0
2,US74->CS50,0,0,0
2,US74->CS58,0,0,0
2,US75->CS3,0,0,0
2,US75->CS11,0,0,0
2,US75->CS19,0,0,0
2,US75->CS27,0,0,0
2,US75->CS35,0,0,0
2,US75->CS43,0,0,0
2,US75->CS51,0,0,0
2,US75->CS59,0,0,0
2,US76->CS4,0,0,0
2,US76->CS12,0,0,0
2,US76->CS20,0,0,0
2,US76->CS28,0,0,0
2,US76->CS36,0,0,0
2,US76->CS44,0,0,0
2,US76->CS52,0,0,0
2,US76->CS60,0,0,0
2,US77->CS5,0,0,0
2,US77->CS13,0,0,0
2,US77->CS21,0,0,0
2,US77->CS29,0,0,0
2,US77->CS37,0,0,0
2,US77->CS45,0,0,0
2,US77->CS53,0,0,0
2,US77->CS61,0,0,0
2,US78->CS6,0,0,0
2,US78->CS14,0,0,0
2,US78->CS22,0,0,0
2,US78->CS30,0,0,0
2,US78->CS38,0,0,0
2,US78->CS46,0,0,0
2,US78->CS54,0,0,0
2,US78->CS62,0,0,0
2,US79->CS7,0,0,0
2,US79->CS15,0,0,0
2,US79->CS23,0,0,0
2,US79->CS31,0,0,0
2,US79->CS39,0,0,0
2,US79->CS47,0,0,0
2,US79->CS55,0,0,0
2,US79->CS63,0,0,0
2,US80->CS0,0,0,0
2,US80->CS8,0,0,0
2,US80->CS16,0,0,0
2,US80->CS24,0,0,0
2,US80->CS32,0,0,0
2,US80->CS40,0,0,0
2,US80->CS48,0,0,0
2,US80->CS56,0,0,0
2,US81->CS1,0,0,0
2,US81->CS9,0,0,0
2,US81->CS17,0,0,0
2,US81->CS25,0,0,0
2,US81->CS33,0,0,0
2,US81->CS41,0,0,0
2,US81->CS49,0,0,0
2,US81->CS57,0,0,0
2,US82->CS2,0,0,0
2,US82->CS10,0,0,0
2,US82->CS18,0,0,0
2,US82->CS26,0,0,0
2,US82->CS34,0,0,0
2,US82->CS42,0,0,0
2,US82->CS50,0,0,0
2,US82->CS58,0,0,0
2,US83->CS3,0,0,0
2,US83->CS11,0,0,0
2,US83->CS19,0,0,0
2,US83->CS27,0,0,0
2,US83->CS35,0,0,0
2,US83->CS43,0,0,0
2,US83->CS51,0,0,0
2,US83->CS59,0,0,0
2,US84->CS4,0,0,0
2,US84->CS12,0,0,0
2,US84->CS20,0,0,0
2,US84->CS28,0,0,0
2,US84->CS36,0,0,0
2,US84->CS44,0,0,0
2,US84->CS52,0,0,0
2,US84->CS60,0,0,0
2,US85->CS5,0,0,0
2,US85->CS13,0,0,0
2,US85->CS21,0,0,0
2,US85->CS29,0,0,0
2,US85->CS37,0,0,0
2,US85->CS45,0,0,0
2,US85->CS53,0,0,0
2,US85->CS61,0,0,0
2,US86->CS6,0,0,0
2,US86->CS14,0,0,0
2,US86->CS22,0,0,0
2,US86->CS30,0,0,0
2,US86->CS38,0,0,0
2,US86->CS46,0,0,0
2,US86->CS54,0,0,0
2,US86->CS62,0,0,0
2,US87->CS7,0,0,0
2,US87->CS15,0,0,0
2,US87->CS23,0,0,0
2,US87->CS31,0,0,0
2,US87->CS39,0,0,0
2,US87->CS47,0,0,0
2,US87->CS55,0,0,0
2,US87->CS63,0,0,0
2,US88->CS0,0,0,0
2,US88->CS8,0,0,0
2,US88->CS16,0,0,0
2,US88->CS24,0,0,0
2,US88->CS32,0,0,0
2,US88->CS40,0,0,0
2,US88->CS48,0,0,0
2,US88->CS56,0,0,0
2,US89->CS1,0,0,0
2,US89->CS9,0,0,0
2,US89->CS17,0,0,0
2,US89->CS25,0,0,0
2,US89->CS33,0,0,0
2,US89->CS41,0,0,0
2,US89->CS49,0,0,0
2,US89->CS57,0,0,0
2,US90->CS2,0,0,0
2,US90->CS10,0,0,0
2,US90->CS18,0,0,0
2,US90->CS26,0,0,0
2,US90->CS34,0,0,0
2,US90->CS42,0,0,0
2,US90->CS50,0,0,0
2,US90->CS58,0,0,0
2,US91->CS3,0,0,0
2,US91->CS11,0,0,0
2,US91->CS19,0,0,0
2,US91->CS27,0,0,0
2,US91->CS35,0,0,0
2,US91->CS43,0,0,0
2,US91->CS51,0,0,0
2,US91->CS59,0,0,0
2,US92->CS4,0,0,0
2,US92->CS12,0,0,0
2,US92->CS20,0,0,0
2,US92->CS28,0,0,0
2,US92->CS36,0,0,0
2,US92->CS44,0,0,0
2,US92->CS52,0,0,0
2,US92->CS60,0,0,0
2,US93->CS5,0,0,0
2,US93->CS13,0,0,0
2,US93->CS21,0,0,0
2,US93->CS29,0,0,0
2,US93->CS37,0,0,0
2,US93->CS45,0,0,0
2,US93->CS53,0,0,0
2,US93->CS61,0,0,0
2,US94->CS6,0,0,0
2,US94->CS14,0,0,0
2,US94->CS22,0,0,0
2,US94->CS30,0,0,0
2,US94->CS38,0,0,0
2,US94->CS46,0,0,0
2,US94->CS54,0,0,0
2,US94->CS62,0,0,0
2,US95->CS7,0,0,0
2,US95->CS15,0,0,0
2,US95->CS23,0,0,0
2,US95->CS31,0,0,0
2,US95->CS39,0,0,0
2,US95->CS47,0,0,0
2,US95->CS55,0,0,0
2,US95->CS63,0,0,0
2,US96->CS0,0,0,0
2,US96->CS8,0,0,0
2,US96->CS16,0,0,0
2,US96->CS24,0,0,0
2,US96->CS32,0,0,0
2,US96->CS40,0,0,0
2,US96->CS48,0,0,0
2,US96->CS56,0,0,0
2,US97->CS1,0,0,0
2,US97->CS9,0,0,0
2,US97->CS17,0,0,0
2,US97->CS25,0,0,0
2,US97->CS33,0,0,0
2,US97->CS41,0,0,0
2,US97->CS49,0,0,0
2,US97->CS57,0,0,0
2,US98->CS2,0,0,0
2,US98->CS10,0,0,0
2,US98->CS18,0,0,0
2,US98->CS26,0,0,0
2,US98->CS34,0,0,0
2,US98->CS42,0,0,0
2,US98->CS50,0,0,0
2,US98->CS58,0,0,0
2,US99->CS3,0,0,0
2,US99->CS11,0,0,0
2,US99->CS19,0,0,0
2,US99->CS27,0,0,0
2,US99->CS35,0,0,0
2,US99->CS43,0,0,0
2,US99->CS51,0,0,0
2,US99->CS59,0,0,0
2,US100->CS4,0,0,0
2,US100->CS12,0,0,0
2,US100->CS20,0,0,0
2,US100->CS28,0,0,0
2,US100->CS36,0,0,0
2,US100->CS44,0,0,0
2,US100->CS52,0,0,0
2,US100->CS60,0,0,0
2,US101->CS5,0,0,0
2,US101->CS13,0,0,0
2,US101->CS21,0,0,0
2,US101->CS29,0,0,0
2,US101->CS37,0,0,0
2,US101->CS45,0,0,0
2,US101->CS53,0,0,0
2,US101->CS61,0,0,0
2,US102->CS6,0,0,0
2,US102->CS14,0,0,0
2,US102->CS22,0,0,0
2,US102->CS30,0,0,0
2,US102->CS38,0,0,0
2,US102->CS46,0,0,0
2,US102->CS54,0,0,0
2,US102->CS62,0,0,0
2,US103->CS7,0,0,0
2,US103->CS15,0,0,0
2,US103->CS23,0,0,0
2,US103->CS31,0,0,0
2,US103->CS39,0,0,0
2,US103->CS47,0,0,0
2,US103->CS55,0,0,0
2,US103->CS63,0,0,0
2,US104->CS0,0,0,0
2,US104->CS8,0,0,0
2,US104->CS16,0,0,0
2,US104->CS24,0,0,0
2,US104->CS32,0,0,0
2,US104->CS40,0,0,0
2,US104->CS48,0,0,0
2,US104->CS56,0,0,0
2,US105->CS1,0,0,0
2,US105->CS9,0,0,0
2,US105->CS17,0,0,0
2,US105->CS25,0,0,0
2,US105->CS33,0,0,0
2,US105->CS41,0,0,0
2,US105->CS49,0,0,0
2,US105->CS57,0,0,0
2,US106->CS2,0,0,0
2,US106->CS10,0,0,0
2,US106->CS18,0,0,0
2,US106->CS26,0,0,0
2,US106->CS34,0,0,0
2,US106->CS42,0,0,0
2,US106->CS50,0,0,0
2,US106->CS58,0,0,0
2,US107->CS3,0,0,0
2,US107->CS11,0,0,0
2,US107->CS19,0,0,0
2,US107->CS27,0,0,0
2,US107->CS35,0,0,0
2,US107->CS43,0,0,0
2,US107->CS51,0,0,0
2,US107->CS59,0,0,0
2,US108->CS4,0,0,0
2,US108->CS12,0,0,0
2,US108->CS20,0,0,0
2,US108->CS28,0,0,0
2,US108->CS36,0,0,0
2,US108->CS44,0,0,0
2,US108->CS52,0,0,0
2,US108->CS60,0,0,0
2,US109->CS5,0,0,0
2,US109->CS13,0,0,0
2,US109->CS21,0,0,0
2,US109->CS29,0,0,0
2,US109->CS37,0,0,0
2,US109->CS45,0,0,0
2,US109->CS53,0,0,0
2,US109->CS61,0,0,0
2,US110->CS6,0,0,0
2,US110->CS14,0,0,0
2,US110->CS22,0,0,0
2,US110->CS30,0,0,0
2,US110->CS38,0,0,0
2,US110->CS46,0,0,0
2,US110->CS54,0,0,0
2,US110->CS62,0,0,0
2,US111->CS7,0,0,0
2,US111->CS15,0,0,0
2,US111->CS23,0,0,0
2,US111->CS31,0,0,0
2,US111->CS39,0,0,0
2,US111->CS47,0,0,0
2,US111->CS55,0,0,0
2,US111->CS63,0,0,0
2,US112->CS0,11573,11573,0
2,US112->CS8,11454,11454,0
2,US112->CS16,11635,11634,0
2,US112->CS24,11643,11643,0
2,US112->CS32,11427,11426,0
2,US112->CS40,11467,11467,0
2,US112->CS48,11347,11347,0
2,US112->CS56,11296,11296,0
2,US113->CS1,11677,11675,0
2,US113->CS9,11738,11737,0
2,US113->CS17,11510,11509,0
2,US113->CS25,11586,11584,0
2,US113->CS33,11363,11363,0
2,US113->CS41,11623,11622,0
2,US113->CS49,11503,11503,0
2,US113->CS57,11683,11683,0
2,US114->CS2,11744,11744,0
2,US114->CS10,11560,11560,0
2,US114->CS18,11222,11222,0
2,US114->CS26,11382,11381,0
2,US114->CS34,11400,11400,0
2,US114->CS42,11541,11541,0
2,US114->CS50,11825,11824,0
2,US114->CS58,11523,11522,0
2,US115->CS3,11384,11384,0
2,US115->CS11,11459,11459,0
2,US115->CS19,11438,11438,0
2,US115->CS27,11610,11610,0
2,US115->CS35,11683,11683,0
2,US115->CS43,11578,11578,0
2,US115->CS51,11342,11342,0
2,US115->CS59,11462,11462,0
2,US116->CS4,11658,11657,0
2,US116->CS12,11506,11505,0
2,US116->CS20,11558,11558,0
2,US116->CS28,11474,11474,0
2,US116->CS36,11435,11435,0
2,US116->CS44,11682,11682,0
2,US116->CS52,11453,11453,0
2,US116->CS60,11574,11573,0
2,US117->CS5,11430,11429,0
2,US117->CS13,11485,11485,0
2,US117->CS21,11534,11534,0
2,US117->CS29,11548,11548,0
2,US117->CS37,11611,11610,0
2,US117->CS45,11515,11514,0
2,US117->CS53,11541,11539,0
2,US117->CS61,11528,11528,0
2,US118->CS6,11403,11403,0
2,US118->CS14,11522,11522,0
2,US118->CS22,11393,11393,0
2,US118->CS30,11460,11458,0
2,US118->CS38,11637,11637,0
2,US118->CS46,11436,11436,0
2,US118->CS54,11524,11524,0
2,US118->CS62,11514,11513,0
2,US119->CS7,11558,11557,0
2,US119->CS15,11529,11528,0
2,US119->CS23,11441,11440,0
2,US119->CS31,11706,11705,0
2,US119->CS39,11536,11536,0
2,US119->CS47,11701,11700,0
2,US119->CS55,11497,11495,0
2,US119->CS63,11614,11612,0
2,US120->CS0,0,0,0
2,US120->CS8,0,0,0
2,US120->CS16,0,0,0
2,US120->CS24,0,0,0
2,US120->CS32,0,0,0
2,US120->CS40,0,0,0
2,US120->CS48,0,0,0
2,US120->CS56,0,0,0
2,US121->CS1,0,0,0
2,US121->CS9,0,0,0
2,US121->CS17,0,0,0
2,US121->CS25,0,0,0
2,US121->CS33,0,0,0
2,US121->CS41,0,0,0
2,US121->CS49,0,0,0
2,US121->CS57,0,0,0
2,US122->CS2,0,0,0
2,US122->CS10,0,0,0
2,US122->CS18,0,0,0
2,US122->CS26,0,0,0
2,US122->CS34,0,0,0
2,US122->CS42,0,0,0
2,US122->CS50,0,0,0
2,US122->CS58,0,0,0
2,US123->CS3,0,0,0
2,US123->CS11,0,0,0
2,US123->CS19,0,0,0
2,US123->CS27,0,0,0
2,US123->CS35,0,0,0
2,US123->CS43,0,0,0
2,US123->CS51,0,0,0
2,US123->CS59,0,0,0
2,US124->CS4,0,0,0
2,US124->CS12,0,0,0
2,US124->CS20,0,0,0
2,US124->CS28,0,0,0
2,US124->CS36,0,0,0
2,US124->CS44,0,0,0
2,US124->CS52,0,0,0
2,US124->CS60,0,0,0
2,US125->CS5,0,0,0
2,US125->CS13,0,0,0
2,US125->CS21,0,0,0
2,US125->CS29,0,0,0
2,US125->CS37,0,0,0
2,US125->CS45,0,0,0
2,US125->CS53,0,0,0
2,US125->CS61,0,0,0
2,US126->CS6,0,0,0
2,US126->CS14,0,0,0
2,US126->CS22,0,0,0
2,US126->CS30,0,0,0
2,US126->CS38,0,0,0
2,US126->CS46,0,0,0
2,US126->CS54,0,0,0
2,US126->CS62,0,0,0
2,US127->CS7,0,0,0
2,US127->CS15,0,0,0
2,US127->CS23,0,0,0
2,US127->CS31,0,0,0
2,US127->CS39,0,0,0
2,US127->CS47,0,0,0
2,US127->CS55,0,0,0
2,US127->CS63,0,0,0
2,CS0->US0,51590,51590,0
2,CS0->US8,0,0,0
2,CS0->US16,0,0,0
2,CS0->US24,0,0,0
2,CS0->US32,0,0,0
2,CS0->US40,11621,11620,0
2,CS0->US48,51210,51210,0
2,CS0->US56,0,0,0
2,CS0->US64,0,0,0
2,CS0->US72,0,0,0
2,CS0->US80,0,0,0
2,CS0->US88,0,0,0
2,CS0->US96,0,0,0
2,CS0->US104,0,0,0
2,CS0->US112,11683,11682,0
2,CS0->US120,0,0,0
2,CS1->US1,51187,51187,0
2,CS1->US9,0,0,0
2,CS1->US17,0,0,0
2,CS1->US25,0,0,0
2,CS1->US33,0,0,0
2,CS1->US41,11742,11740,0
2,CS1->US49,51473,51473,0
2,CS1->US57,0,0,0
2,CS1->US65,0,0,0
2,CS1->US73,0,0,0
2,CS1->US81,0,0,0
2,CS1->US89,0,0,0
2,CS1->US97,0,0,0
2,CS1->US105,0,0,0
2,CS1->US113,11640,11640,0
2,CS1->US121,0,0,0
2,CS2->US2,51435,51435,0
2,CS2->US10,0,0,0
2,CS2->US18,0,0,0
2,CS2->US26,0,0,0
2,CS2->US34,0,0,0
2,CS2->US42,11805,11805,0
2,CS2->US50,51106,51106,0
2,CS2->US58,0,0,0
2,CS2->US66,0,0,0
2,CS2->US74,0,0,0
2,CS2->US82,0,0,0
2,CS2->US90,0,0,0
2,CS2->US98,0,0,0
2,CS2->US106,0,0,0
2,CS2->US114,11564,11564,0
2,CS2->US122,0,0,0
2,CS3->US3,51291,51291,0
2,CS3->US11,0,0,0
2,CS3->US19,0,0,0
2,CS3->US27,0,0,0
2,CS3->US35,0,0,0
2,CS3->US43,11442,11442,0
2,CS3->US51,51285,51285,0
2,CS3->US59,0,0,0
2,CS3->US67,0,0,0
2,CS3->US75,0,0,0
2,CS3->US83,0,0,0
2,CS3->US91,0,0,0
2,CS3->US99,0,0,0
2,CS3->US107,0,0,0
2,CS3->US115,11617,11617,0
2,CS3->US123,0,0,0
2,CS4->US4,51386,51386,0
2,CS4->US12,0,0,0
2,CS4->US20,0,0,0
2,CS4->US28,0,0,0
2,CS4->US36,0,0,0
2,CS4->US44,11717,11717,0
2,CS4->US52,51444,51444,0
2,CS4->US60,0,0,0
2,CS4->US68,0,0,0
2,CS4->US76,0,0,0
2,CS4->US84,0,0,0
2,CS4->US92,0,0,0
2,CS4->US100,0,0,0
2,CS4->US108,0,0,0
2,CS4->US116,11671,11671,0
2,CS4->US124,0,0,0
2,CS5->US5,51342,51342,0
2,CS5->US13,0,0,0
2,CS5->US21,0,0,0
2,CS5->US29,0,0,0
2,CS5->US37,0,0,0
2,CS5->US45,11508,11507,0
2,CS5->US53,51466,51466,0
2,CS5->US61,0,0,0
2,CS5->US69,0,0,0
2,CS5->US77,0,0,0
2,CS5->US85,0,0,0
2,CS5->US93,0,0,0
2,CS5->US101,0,0,0
2,CS5->US109,0,0,0
2,CS5->US117,11443,11442,0
2,CS5->US125,0,0,0
2,CS6->US6,51391,51391,0
2,CS6->US14,0,0,0
2,CS6->US22,0,0,0
2,CS6->US30,0,0,0
2,CS6->US38,0,0,0
2,CS6->US46,11424,11423,0
2,CS6->US54,51333,51333,0
2,CS6->US62,0,0,0
2,CS6->US70,0,0,0
2,CS6->US78,0,0,0
2,CS6->US86,0,0,0
2,CS6->US94,0,0,0
2,CS6->US102,0,0,0
2,CS6->US110,0,0,0
2,CS6->US118,11711,11710,0
2,CS6->US126,0,0,0
2,CS7->US7,51068,51068,0
2,CS7->US15,0,0,0
2,CS7->US23,0,0,0
2,CS7->US31,0,0,0
2,CS7->US39,0,0,0
2,CS7->US47,11639,11639,0
2,CS7->US55,51505,51505,0
2,CS7->US63,0,0,0
2,CS7->US71,0,0,0
2,CS7->US79,0,0,0
2,CS7->US87,0,0,0
2,CS7->US95,0,0,0
2,CS7->US103,0,0,0
2,CS7->US111,0,0,0
2,CS7->US119,11530,11529,0
2,CS7->US127,0,0,0
2,CS8->US0,51785,51785,0
2,CS8->US8,0,0,0
2,CS8->US16,0,0,0
2,CS8->US24,0,0,0
2,CS8->US32,0,0,0
2,CS8->US40,11509,11507,0
2,CS8->US48,51631,51631,0
2,CS8->US56,0,0,0
2,CS8->US64,0,0,0
2,CS8->US72,0,0,0
2,CS8->US80,0,0,0
2,CS8->US88,0,0,0
2,CS8->US96,0,0,0
2,CS8->US104,0,0,0
2,CS8->US112,11623,11623,0
2,CS8->US120,0,0,0
2,CS9->US1,51059,51059,0
2,CS9->US9,0,0,0
2,CS9->US17,0,0,0
2,CS9->US25,0,0,0
2,CS9->US33,0,0,0
2,CS9->US41,11808,11807,0
2,CS9->US49,51463,51463,0
2,CS9->US57,0,0,0
2,CS9->US65,0,0,0
2,CS9->US73,0,0,0
2,CS9->US81,0,0,0
2,CS9->US89,0,0,0
2,CS9->US97,0,0,0
2,CS9->US105,0,0,0
2,CS9->US113,11798,11797,0
2,CS9->US121,0,0,0
2,CS10->US2,51714,51714,0
2,CS10->US10,0,0,0
2,CS10->US18,0,0,0
2,CS10->US26,0,0,0
2,CS10->US34,0,0,0
2,CS10->US42,11617,11617,0
2,CS10->US50,51345,51345,0
2,CS10->US58,0,0,0
2,CS10->US66,0,0,0
2,CS10->US74,0,0,0
2,CS10->US82,0,0,0
2,CS10->US90,0,0,0
2,CS10->US98,0,0,0
2,CS10->US106,0,0,0
2,CS10->US114,11639,11639,0
2,CS10->US122,0,0,0
2,CS11->US3,51087,51087,0
2,CS11->US11,0,0,0
2,CS11->US19,0,0,0
2,CS11->US27,0,0,0
2,CS11->US35,0,0,0
2,CS11->US43,11523,11522,0
2,CS11->US51,51265,51265,0
2,CS11->US59,0,0,0
2,CS11->US67,0,0,0
2,CS11->US75,0,0,0
2,CS11->US83,0,0,0
2,CS11->US91,0,0,0
2,CS11->US99,0,0,0
2,CS11->US107,0,0,0
2,CS11->US115,11717,11716,0
2,CS11->US123,0,0,0
2,CS12->US4,51850,51850,0
2,CS12->US12,0,0,0
2,CS12->US20,0,0,0
2,CS12->US28,0,0,0
2,CS12->US36,0,0,0
2,CS12->US44,11573,11573,0
2,CS12->US52,51194,51194,0
2,CS12->US60,0,0,0
2,CS12->US68,0,0,0
2,CS12->US76,0,0,0
2,CS12->US84,0,0,0
2,CS12->US92,0,0,0
2,CS12->US100,0,0,0
2,CS12->US108,0,0,0
2,CS12->US116,11581,11580,0
2,CS12->US124,0,0,0
2,CS13->US5,51507,51507,0
2,CS13->US13,0,0,0
2,CS13->US21,0,0,0
2,CS13->US29,0,0,0
2,CS13->US37,0,0,0
2,CS13->US45,11519,11519,0
2,CS13->US53,51329,51329,0
2,CS13->US61,0,0,0
2,CS13->US69,0,0,0
2,CS13->US77,0,0,0
2,CS13->US85,0,0,0
2,CS13->US93,0,0,0
2,CS13->US101,0,0,0
2,CS13->US109,0,0,0
2,CS13->US117,11704,11704,0
2,CS13->US125,0,0,0
2,CS14->US6,51230,51230,0
2,CS14->US14,0,0,0
2,CS14->US22,0,0,0
2,CS14->US30,0,0,0
2,CS14->US38,0,0,0
2,CS14->US46,11577,11577,0
2,CS14->US54,51487,51487,0
2,CS14->US62,0,0,0
2,CS14->US70,0,0,0
2,CS14->US78,0,0,0
2,CS14->US86,0,0,0
2,CS14->US94,0,0,0
2,CS14->US102,0,0,0
2,CS14->US110,0,0,0
2,CS14->US118,11395,11395,0
2,CS14->US126,0,0,0
2,CS15->US7,51604,51604,0
2,CS15->US15,0,0,0
2,CS15->US23,0,0,0
2,CS15->US31,0,0,0
2,CS15->US39,0,0,0
2,CS15->US47,11609,11608,0
2,CS15->US55,50975,50975,0
2,CS15->US63,0,0,0
2,CS15->US71,0,0,0
2,CS15->US79,0,0,0
2,CS15->US87,0,0,0
2,CS15->US95,0,0,0
2,CS15->US103,0,0,0
2,CS15->US111,0,0,0
2,CS15->US119,11659,11659,0
2,CS15->US127,0,0,0
2,CS16->US0,51892,51892,0
2,CS16->US8,0,0,0
2,CS16->US16,0,0,0
2,CS16->US24,0,0,0
2,CS16->US32,0,0,0
2,CS16->US40,11685,11685,0
2,CS16->US48,51388,51388,0
2,CS16->US56,0,0,0
2,CS16->US64,0,0,0
2,CS16->US72,0,0,0
2,CS16->US80,0,0,0
2,CS16->US88,0,0,0
2,CS16->US96,0,0,0
2,CS16->US104,0,0,0
2,CS16->US112,11691,11690,0
2,CS16->US120,0,0,0
2,CS17->US1,51877,51877,0
2,CS17->US9,0,0,0
2,CS17->US17,0,0,0
2,CS17->US25,0,0,0
2,CS17->US33,0,0,0
2,CS17->US41,11573,11573,0
2,CS17->US49,51036,51036,0
2,CS17->US57,0,0,0
2,CS17->US65,0,0,0
2,CS17->US73,0,0,0
2,CS17->US81,0,0,0
2,CS17->US89,0,0,0
2,CS17->US97,0,0,0
2,CS17->US105,0,0,0
2,CS17->US113,11581,11581,0
2,CS17->US121,0,0,0
2,CS18->US2,51681,51681,0
2,CS18->US10,0,0,0
2,CS18->US18,0,0,0
2,CS18->US26,0,0,0
2,CS18->US34,0,0,0
2,CS18->US42,11299,11299,0
2,CS18->US50,50998,50998,0
2,CS18->US58,0,0,0
2,CS18->US66,0,0,0
2,CS18->US74,0,0,0
2,CS18->US82,0,0,0
2,CS18->US90,0,0,0
2,CS18->US98,0,0,0
2,CS18->US106,0,0,0
2,CS18->US114,11489,11489,0
2,CS18->US122,0,0,0
2,CS19->US3,51248,51248,0
2,CS19->US11,0,0,0
2,CS19->US19,0,0,0
2,CS19->US27,0,0,0
2,CS19->US35,0,0,0
2,CS19->US43,11519,11518,0
2,CS19->US51,51390,51390,0
2,CS19->US59,0,0,0
2,CS19->US67,0,0,0
2,CS19->US75,0,0,0
2,CS19->US83,0,0,0
2,CS19->US91,0,0,0
2,CS19->US99,0,0,0
2,CS19->US107,0,0,0
2,CS19->US115,11402,11401,0
2,CS19->US123,0,0,0
2,CS20->US4,51307,51307,0
2,CS20->US12,0,0,0
2,CS20->US20,0,0,0
2,CS20->US28,0,0,0
2,CS20->US36,0,0,0
2,CS20->US44,11627,11626,0
2,CS20->US52,51211,51211,0
2,CS20->US60,0,0,0
2,CS20->US68,0,0,0
2,CS20->US76,0,0,0
2,CS20->US84,0,0,0
2,CS20->US92,0,0,0
2,CS20->US100,0,0,0
2,CS20->US108,0,0,0
2,CS20->US116,11272,11271,0
2,CS20->US124,0,0,0
2,CS21->US5,51532,51532,0
2,CS21->US13,0,0,0
2,CS21->US21,0,0,0
2,CS21->US29,0,0,0
2,CS21->US37,0,0,0
2,CS21->US45,11585,11583,0
2,CS21->US53,51317,51317,0
2,CS21->US61,0,0,0
2,CS21->US69,0,0,0
2,CS21->US77,0,0,0
2,CS21->US85,0,0,0
2,CS21->US93,0,0,0
2,CS21->US101,0,0,0
2,CS21->US109,0,0,0
2,CS21->US117,11786,11786,0
2,CS21->US125,0,0,0
2,CS22->US6,51396,51396,0
2,CS22->US14,0,0,0
2,CS22->US22,0,0,0
2,CS22->US30,0,0,0
2,CS22->US38,0,0,0
2,CS22->US46,11434,11434,0
2,CS22->US54,51237,51237,0
2,CS22->US62,0,0,0
2,CS22->US70,0,0,0
2,CS22->US78,0,0,0
2,CS22->US86,0,0,0
2,CS22->US94,0,0,0
2,CS22->US102,0,0,0
2,CS22->US110,0,0,0
2,CS22->US118,11774,11774,0
2,CS22->US126,0,0,0
2,CS23->US7,51329,51329,0
2,CS23->US15,0,0,0
2,CS23->US23,0,0,0
2,CS23->US31,0,0,0
2,CS23->US39,0,0,0
2,CS23->US47,11522,11522,0
2,CS23->US55,51564,51564,0
2,CS23->US63,0,0,0
2,CS23->US71,0,0,0
2,CS23->US79,0,0,0
2,CS23->US87,0,0,0
2,CS23->US95,0,0,0
2,CS23->US103,0,0,0
2,CS23->US111,0,0,0
2,CS23->US119,11539,11539,0
2,CS23->US127,0,0,0
2,CS24->US0,51392,51392,0
2,CS24->US8,0,0,0
2,CS24->US16,0,0,0
2,CS24->US24,0,0,0
2,CS24->US32,0,0,0
2,CS24->US40,11708,11708,0
2,CS24->US48,51582,51582,0
2,CS24->US56,0,0,0
2,CS24->US64,0,0,0
2,CS24->US72,0,0,0
2,CS24->US80,0,0,0
2,CS24->US88,0,0,0
2,CS24->US96,0,0,0
2,CS24->US104,0,0,0
2,CS24->US112,11621,11621,0
2,CS24->US120,0,0,0
2,CS25->US1,51201,51201,0
2,CS25->US9,0,0,0
2,CS25->US17,0,0,0
2,CS25->US25,0,0,0
2,CS25->US33,0,0,0
2,CS25->US41,11635,11635,0
2,CS25->US49,51267,51267,0
2,CS25->US57,0,0,0
2,CS25->US65,0,0,0
2,CS25->US73,0,0,0
2,CS25->US81,0,0,0
2,CS25->US89,0,0,0
2,CS25->US97,0,0,0
2,CS25->US105,0,0,0
2,CS25->US113,11645,11644,0
2,CS25->US121,0,0,0
2,CS26->US2,51132,51132,0
2,CS26->US10,0,0,0
2,CS26->US18,0,0,0
2,CS26->US26,0,0,0
2,CS26->US34,0,0,0
2,CS26->US42,11461,11459,0
2,CS26->US50,51662,51662,0
2,CS26->US58,0,0,0
2,CS26->US66,0,0,0
2,CS26->US74,0,0,0
2,CS26->US82,0,0,0
2,CS26->US90,0,0,0
2,CS26->US98,0,0,0
2,CS26->US106,0,0,0
2,CS26->US114,11707,11705,0
2,CS26->US122,0,0,0
2,CS27->US3,51718,51718,0
2,CS27->US11,0,0,0
2,CS27->US19,0,0,0
2,CS27->US27,0,0,0
2,CS27->US35,0,0,0
2,CS27->US43,11664,11664,0
2,CS27->US51,51372,51372,0
2,CS27->US59,0,0,0
2,CS27->US67,0,0,0
2,CS27->US75,0,0,0
2,CS27->US83,0,0,0
2,CS27->US91,0,0,0
2,CS27->US99,0,0,0
2,CS27->US107,0,0,0
2,CS27->US115,11601,11601,0
2,CS27->US123,0,0,0
2,CS28->US4,51576,51576,0
2,CS28->US12,0,0,0
2,CS28->US20,0,0,0
2,CS28->US28,0,0,0
2,CS28->US36,0,0,0
2,CS28->US44,11543,11543,0
2,CS28->US52,51566,51566,0
2,CS28->US60,0,0,0
2,CS28->US68,0,0,0
2,CS28->US76,0,0,0
2,CS28->US84,0,0,0
2,CS28->US92,0,0,0
2,CS28->US100,0,0,0
2,CS28->US108,0,0,0
2,CS28->US116,11574,11574,0
2,CS28->US124,0,0,0
2,CS29->US5,51504,51504,0
2,CS29->US13,0,0,0
2,CS29->US21,0,0,0
2,CS29->US29,0,0,0
2,CS29->US37,0,0,0
2,CS29->US45,11607,11606,0
2,CS29->US53,51235,51235,0
2,CS29->US61,0,0,0
2,CS29->US69,0,0,0
2,CS29->US77,0,0,0
2,CS29->US85,0,0,0
2,CS29->US93,0,0,0
2,CS29->US101,0,0,0
2,CS29->US109,0,0,0
2,CS29->US117,11581,11580,0
2,CS29->US125,0,0,0
2,CS30->US6,51258,51258,0
2,CS30->US14,0,0,0
2,CS30->US22,0,0,0
2,CS30->US30,0,0,0
2,CS30->US38,0,0,0
2,CS30->US46,11478,11478,0
2,CS30->US54,51366,51366,0
2,CS30->US62,0,0,0
2,CS30->US70,0,0,0
2,CS30->US78,0,0,0
2,CS30->US86,0,0,0
2,CS30->US94,0,0,0
2,CS30->US102,0,0,0
2,CS30->US110,0,0,0
2,CS30->US118,11655,11654,0
2,CS30->US126,0,0,0
2,CS31->US7,51201,51201,0
2,CS31->US15,0,0,0
2,CS31->US23,0,0,0
2,CS31->US31,0,0,0
2,CS31->US39,0,0,0
2,CS31->US47,11792,11792,0
2,CS31->US55,51250,51250,0
2,CS31->US63,0,0,0
2,CS31->US71,0,0,0
2,CS31->US79,0,0,0
2,CS31->US87,0,0,0
2,CS31->US95,0,0,0
2,CS31->US103,0,0,0
2,CS31->US111,0,0,0
2,CS31->US119,11515,11515,0
2,CS31->US127,0,0,0
2,CS32->US0,50892,50892,0
2,CS32->US8,0,0,0
2,CS32->US16,0,0,0
2,CS32->US24,0,0,0
2,CS32->US32,0,0,0
2,CS32->US40,11503,11503,0
2,CS32->US48,51242,51242,0
2,CS32->US56,0,0,0
2,CS32->US64,0,0,0
2,CS32->US72,0,0,0
2,CS32->US80,0,0,0
2,CS32->US88,0,0,0
2,CS32->US96,0,0,0
2,CS32->US104,0,0,0
2,CS32->US112,11407,11406,0
2,CS32->US120,0,0,0
2,CS33->US1,51216,51216,0
2,CS33->US9,0,0,0
2,CS33->US17,0,0,0
2,CS33->US25,0,0,0
2,CS33->US33,0,0,0
2,CS33->US41,11428,11427,0
2,CS33->US49,51191,51191,0
2,CS33->US57,0,0,0
2,CS33->US65,0,0,0
2,CS33->US73,0,0,0
2,CS33->US81,0,0,0
2,CS33->US89,0,0,0
2,CS33->US97,0,0,0
2,CS33->US105,0,0,0
2,CS33->US113,11422,11421,0
2,CS33->US121,0,0,0
2,CS34->US2,51226,51226,0
2,CS34->US10,0,0,0
2,CS34->US18,0,0,0
2,CS34->US26,0,0,0
2,CS34->US34,0,0,0
2,CS34->US42,11449,11449,0
2,CS34->US50,51594,51594,0
2,CS34->US58,0,0,0
2,CS34->US66,0,0,0
2,CS34->US74,0,0,0
2,CS34->US82,0,0,0
2,CS34->US90,0,0,0
2,CS34->US98,0,0,0
2,CS34->US106,0,0,0
2,CS34->US114,11586,11586,0
2,CS34->US122,0,0,0
2,CS35->US3,51094,51094,0
2,CS35->US11,0,0,0
2,CS35->US19,0,0,0
2,CS35->US27,0,0,0
2,CS35->US35,0,0,0
2,CS35->US43,11749,11749,0
2,CS35->US51,51470,51470,0
2,CS35->US59,0,0,0
2,CS35->US67,0,0,0
2,CS35->US75,0,0,0
2,CS35->US83,0,0,0
2,CS35->US91,0,0,0
2,CS35->US99,0,0,0
2,CS35->US107,0,0,0
2,CS35->US115,11645,11644,0
2,CS35->US123,0,0,0
2,CS36->US4,51480,51480,0
2,CS36->US12,0,0,0
2,CS36->US20,0,0,0
2,CS36->US28,0,0,0
2,CS36->US36,0,0,0
2,CS36->US44,11531,11530,0
2,CS36->US52,51254,51254,0
2,CS36->US60,0,0,0
2,CS36->US68,0,0,0
2,CS36->US76,0,0,0
2,CS36->US84,0,0,0
2,CS36->US92,0,0,0
2,CS36->US100,0,0,0
2,CS36->US108,0,0,0
2,CS36->US116,11550,11549,0
2,CS36->US124,0,0,0
2,CS37->US5,51474,51474,0
2,CS37->US13,0,0,0
2,CS37->US21,0,0,0
2,CS37->US29,0,0,0
2,CS37->US37,0,0,0
2,CS37->US45,11653,11653,0
2,CS37->US53,51381,51381,0
2,CS37->US61,0,0,0
2,CS37->US69,0,0,0
2,CS37->US77,0,0,0
2,CS37->US85,0,0,0
2,CS37->US93,0,0,0
2,CS37->US101,0,0,0
2,CS37->US109,0,0,0
2,CS37->US117,11664,11664,0
2,CS37->US125,0,0,0
2,CS38->US6,51500,51500,0
2,CS38->US14,0,0,0
2,CS38->US22,0,0,0
2,CS38->US30,0,0,0
2,CS38->US38,0,0,0
2,CS38->US46,11666,11666,0
2,CS38->US54,51295,51295,0
2,CS38->US62,0,0,0
2,CS38->US70,0,0,0
2,CS38->US78,0,0,0
2,CS38->US86,0,0,0
2,CS38->US94,0,0,0
2,CS38->US102,0,0,0
2,CS38->US110,0,0,0
2,CS38->US118,11640,11640,0
2,CS38->US126,0,0,0
2,CS39->US7,51323,51323,0
2,CS39->US15,0,0,0
2,CS39->US23,0,0,0
2,CS39->US31,0,0,0
2,CS39->US39,0,0,0
2,CS39->US47,11627,11627,0
2,CS39->US55,51313,51313,0
2,CS39->US63,0,0,0
2,CS39->US71,0,0,0
2,CS39->US79,0,0,0
2,CS39->US87,0,0,0
2,CS39->US95,0,0,0
2,CS39->US103,0,0,0
2,CS39->US111,0,0,0
2,CS39->US119,11653,11653,0
2,CS39->US127,0,0,0
2,CS40->US0,51081,51081,0
2,CS40->US8,0,0,0
2,CS40->US16,0,0,0
2,CS40->US24,0,0,0
2,CS40->US32,0,0,0
2,CS40->US40,11516,11516,0
2,CS40->US48,51343,51343,0
2,CS40->US56,0,0,0
2,CS40->US64,0,0,0
2,CS40->US72,0,0,0
2,CS40->US80,0,0,0
2,CS40->US88,0,0,0
2,CS40->US96,0,0,0
2,CS40->US104,0,0,0
2,CS40->US112,11610,11610,0
2,CS40->US120,0,0,0
2,CS41->US1,51371,51371,0
2,CS41->US9,0,0,0
2,CS41->US17,0,0,0
2,CS41->US25,0,0,0
2,CS41->US33,0,0,0
2,CS41->US41,11662,11661,0
2,CS41->US49,51162,51162,0
2,CS41->US57,0,0,0
2,CS41->US65,0,0,0
2,CS41->US73,0,0,0
2,CS41->US81,0,0,0
2,CS41->US89,0,0,0
2,CS41->US97,0,0,0
2,CS41->US105,0,0,0
2,CS41->US113,11518,11517,0
2,CS41->US121,0,0,0
2,CS42->US2,51213,51213,0
2,CS42->US10,0,0,0
2,CS42->US18,0,0,0
2,CS42->US26,0,0,0
2,CS42->US34,0,0,0
2,CS42->US42,11594,11594,0
2,CS42->US50,51232,51232,0
2,CS42->US58,0,0,0
2,CS42->US66,0,0,0
2,CS42->US74,0,0,0
2,CS42->US82,0,0,0
2,CS42->US90,0,0,0
2,CS42->US98,0,0,0
2,CS42->US106,0,0,0
2,CS42->US114,11452,11452,0
2,CS42->US122,0,0,0
2,CS43->US3,51026,51026,0
2,CS43->US11,0,0,0
2,CS43->US19,0,0,0
2,CS43->US27,0,0,0
2,CS43->US35,0,0,0
2,CS43->US43,11641,11641,0
2,CS43->US51,51454,51454,0
2,CS43->US59,0,0,0
2,CS43->US67,0,0,0
2,CS43->US75,0,0,0
2,CS43->US83,0,0,0
2,CS43->US91,0,0,0
2,CS43->US99,0,0,0
2,CS43->US107,0,0,0
2,CS43->US115,11534,11534,0
2,CS43->US123,0,0,0
2,CS44->US4,51139,51139,0
2,CS44->US12,0,0,0
2,CS44->US20,0,0,0
2,CS44->US28,0,0,0
2,CS44->US36,0,0,0
2,CS44->US44,11734,11734,0
2,CS44->US52,50874,50874,0
2,CS44->US60,0,0,0
2,CS44->US68,0,0,0
2,CS44->US76,0,0,0
2,CS44->US84,0,0,0
2,CS44->US92,0,0,0
2,CS44->US100,0,0,0
2,CS44->US108,0,0,0
2,CS44->US116,11446,11446,0
2,CS44->US124,0,0,0
2,CS45->US5,51606,51606,0
2,CS45->US13,0,0,0
2,CS45->US21,0,0,0
2,CS45->US29,0,0,0
2,CS45->US37,0,0,0
2,CS45->US45,11572,11571,0
2,CS45->US53,51147,51147,0
2,CS45->US61,0,0,0
2,CS45->US69,0,0,0
2,CS45->US77,0,0,0
2,CS45->US85,0,0,0
2,CS45->US93,0,0,0
2,CS45->US101,0,0,0
2,CS45->US109,0,0,0
2,CS45->US117,11469,11468,0
2,CS45->US125,0,0,0
2,CS46->US6,51490,51490,0
2,CS46->US14,0,0,0
2,CS46->US22,0,0,0
2,CS46->US30,0,0,0
2,CS46->US38,0,0,0
2,CS46->US46,11464,11464,0
2,CS46->US54,51617,51617,0
2,CS46->US62,0,0,0
2,CS46->US70,0,0,0
2,CS46->US78,0,0,0
2,CS46->US86,0,0,0
2,CS46->US94,0,0,0
2,CS46->US102,0,0,0
2,CS46->US110,0,0,0
2,CS46->US118,11757,11757,0
2,CS46->US126,0,0,0
2,CS47->US7,51163,51163,0
2,CS47->US15,0,0,0
2,CS47->US23,0,0,0
2,CS47->US31,0,0,0
2,CS47->US39,0,0,0
2,CS47->US47,11740,11740,0
2,CS47->US55,51160,51160,0
2,CS47->US63,0,0,0
2,CS47->US71,0,0,0
2,CS47->US79,0,0,0
2,CS47->US87,0,0,0
2,CS47->US95,0,0,0
2,CS47->US103,0,0,0
2,CS47->US111,0,0,0
2,CS47->US119,11561,11561,0
2,CS47->US127,0,0,0
2,CS48->US0,51106,51106,0
2,CS48->US8,0,0,0
2,CS48->US16,0,0,0
2,CS48->US24,0,0,0
2,CS48->US32,0,0,0
2,CS48->US40,11418,11417,0
2,CS48->US48,51225,51225,0
2,CS48->US56,0,0,0
2,CS48->US64,0,0,0
2,CS48->US72,0,0,0
2,CS48->US80,0,0,0
2,CS48->US88,0,0,0
2,CS48->US96,0,0,0
2,CS48->US104,0,0,0
2,CS48->US112,11578,11578,0
2,CS48->US120,0,0,0
2,CS49->US1,51599,51599,0
2,CS49->US9,0,0,0
2,CS49->US17,0,0,0
2,CS49->US25,0,0,0
2,CS49->US33,0,0,0
2,CS49->US41,11567,11567,0
2,CS49->US49,51399,51399,0
2,CS49->US57,0,0,0
2,CS49->US65,0,0,0
2,CS49->US73,0,0,0
2,CS49->US81,0,0,0
2,CS49->US89,0,0,0
2,CS49->US97,0,0,0
2,CS49->US105,0,0,0
2,CS49->US113,11576,11576,0
2,CS49->US121,0,0,0
2,CS50->US2,51359,51359,0
2,CS50->US10,0,0,0
2,CS50->US18,0,0,0
2,CS50->US26,0,0,0
2,CS50->US34,0,0,0
2,CS50->US42,11882,11882,0
2,CS50->US50,51268,51268,0
2,CS50->US58,0,0,0
2,CS50->US66,0,0,0
2,CS50->US74,0,0,0
2,CS50->US82,0,0,0
2,CS50->US90,0,0,0
2,CS50->US98,0,0,0
2,CS50->US106,0,0,0
2,CS50->US114,11549,11549,0
2,CS50->US122,0,0,0
2,CS51->US3,51333,51333,0
2,CS51->US11,0,0,0
2,CS51->US19,0,0,0
2,CS51->US27,0,0,0
2,CS51->US35,0,0,0
2,CS51->US43,11391,11390,0
2,CS51->US51,51131,51131,0
2,CS51->US59,0,0,0
2,CS51->US67,0,0,0
2,CS51->US75,0,0,0
2,CS51->US83,0,0,0
2,CS51->US91,0,0,0
2,CS51->US99,0,0,0
2,CS51->US107,0,0,0
2,CS51->US115,11470,11470,0
2,CS51->US123,0,0,0
2,CS52->US4,51108,51108,0
2,CS52->US12,0,0,0
2,CS52->US20,0,0,0
2,CS52->US28,0,0,0
2,CS52->US36,0,0,0
2,CS52->US44,11529,11529,0
2,CS52->US52,51564,51564,0
2,CS52->US60,0,0,0
2,CS52->US68,0,0,0
2,CS52->US76,0,0,0
2,CS52->US84,0,0,0
2,CS52->US92,0,0,0
2,CS52->US100,0,0,0
2,CS52->US108,0,0,0
2,CS52->US116,11505,11505,0
2,CS52->US124,0,0,0
2,CS53->US5,51452,51452,0
2,CS53->US13,0,0,0
2,CS53->US21,0,0,0
2,CS53->US29,0,0,0
2,CS53->US37,0,0,0
2,CS53->US45,11657,11657,0
2,CS53->US53,51246,51246,0
2,CS53->US61,0,0,0
2,CS53->US69,0,0,0
2,CS53->US77,0,0,0
2,CS53->US85,0,0,0
2,CS53->US93,0,0,0
2,CS53->US101,0,0,0
2,CS53->US109,0,0,0
2,CS53->US117,11602,11601,0
2,CS53->US125,0,0,0
2,CS54->US6,51203,51203,0
2,CS54->US14,0,0,0
2,CS54->US22,0,0,0
2,CS54->US30,0,0,0
2,CS54->US38,0,0,0
2,CS54->US46,11589,11589,0
2,CS54->US54,51336,51336,0
2,CS54->US62,0,0,0
2,CS54->US70,0,0,0
2,CS54->US78,0,0,0
2,CS54->US86,0,0,0
2,CS54->US94,0,0,0
2,CS54->US102,0,0,0
2,CS54->US110,0,0,0
2,CS54->US118,11541,11541,0
2,CS54->US126,0,0,0
2,CS55->US7,50883,50883,0
2,CS55->US15,0,0,0
2,CS55->US23,0,0,0
2,CS55->US31,0,0,0
2,CS55->US39,0,0,0
2,CS55->US47,11556,11556,0
2,CS55->US55,51299,51299,0
2,CS55->US63,0,0,0
2,CS55->US71,0,0,0
2,CS55->US79,0,0,0
2,CS55->US87,0,0,0
2,CS55->US95,0,0,0
2,CS55->US103,0,0,0
2,CS55->US111,0,0,0
2,CS55->US119,11722,11722,0
2,CS55->US127,0,0,0
2,CS56->US0,51280,51280,0
2,CS56->US8,0,0,0
2,CS56->US16,0,0,0
2,CS56->US24,0,0,0
2,CS56->US32,0,0,0
2,CS56->US40,11378,11375,0
2,CS56->US48,51718,51718,0
2,CS56->US56,0,0,0
2,CS56->US64,0,0,0
2,CS56->US72,0,0,0
2,CS56->US80,0,0,0
2,CS56->US88,0,0,0
2,CS56->US96,0,0,0
2,CS56->US104,0,0,0
2,CS56->US112,11474,11473,0
2,CS56->US120,0,0,0
2,CS57->US1,51679,51679,0
2,CS57->US9,0,0,0
2,CS57->US17,0,0,0
2,CS57->US25,0,0,0
2,CS57->US33,0,0,0
2,CS57->US41,11735,11735,0
2,CS57->US49,51422,51422,0
2,CS57->US57,0,0,0
2,CS57->US65,0,0,0
2,CS57->US73,0,0,0
2,CS57->US81,0,0,0
2,CS57->US89,0,0,0
2,CS57->US97,0,0,0
2,CS57->US105,0,0,0
2,CS57->US113,11641,11641,0
2,CS57->US121,0,0,0
2,CS58->US2,51130,51130,0
2,CS58->US10,0,0,0
2,CS58->US18,0,0,0
2,CS58->US26,0,0,0
2,CS58->US34,0,0,0
2,CS58->US42,11571,11570,0
2,CS58->US50,51144,51144,0
2,CS58->US58,0,0,0
2,CS58->US66,0,0,0
2,CS58->US74,0,0,0
2,CS58->US82,0,0,0
2,CS58->US90,0,0,0
2,CS58->US98,0,0,0
2,CS58->US106,0,0,0
2,CS58->US114,11524,11523,0
2,CS58->US122,0,0,0
2,CS59->US3,51575,51575,0
2,CS59->US11,0,0,0
2,CS59->US19,0,0,0
2,CS59->US27,0,0,0
2,CS59->US35,0,0,0
2,CS59->US43,11532,11531,0
2,CS59->US51,51275,51275,0
2,CS59->US59,0,0,0
2,CS59->US67,0,0,0
2,CS59->US75,0,0,0
2,CS59->US83,0,0,0
2,CS59->US91,0,0,0
2,CS59->US99,0,0,0
2,CS59->US107,0,0,0
2,CS59->US115,11431,11430,0
2,CS59->US123,0,0,0
2,CS60->US4,51674,51674,0
2,CS60->US12,0,0,0
2,CS60->US20,0,0,0
2,CS60->US28,0,0,0
2,CS60->US36,0,0,0
2,CS60->US44,11625,11624,0
2,CS60->US52,51247,51247,0
2,CS60->US60,0,0,0
2,CS60->US68,0,0,0
2,CS60->US76,0,0,0
2,CS60->US84,0,0,0
2,CS60->US92,0,0,0
2,CS60->US100,0,0,0
2,CS60->US108,0,0,0
2,CS60->US116,11576,11575,0
2,CS60->US124,0,0,0
2,CS61->US5,51378,51378,0
2,CS61->US13,0,0,0
2,CS61->US21,0,0,0
2,CS61->US29,0,0,0
2,CS61->US37,0,0,0
2,CS61->US45,11618,11618,0
2,CS61->US53,51448,51448,0
2,CS61->US61,0,0,0
2,CS61->US69,0,0,0
2,CS61->US77,0,0,0
2,CS61->US85,0,0,0
2,CS61->US93,0,0,0
2,CS61->US101,0,0,0
2,CS61->US109,0,0,0
2,CS61->US117,11654,11653,0
2,CS61->US125,0,0,0
2,CS62->US6,51574,51574,0
2,CS62->US14,0,0,0
2,CS62->US22,0,0,0
2,CS62->US30,0,0,0
2,CS62->US38,0,0,0
2,CS62->US46,11568,11568,0
2,CS62->US54,51424,51424,0
2,CS62->US62,0,0,0
2,CS62->US70,0,0,0
2,CS62->US78,0,0,0
2,CS62->US86,0,0,0
2,CS62->US94,0,0,0
2,CS62->US102,0,0,0
2,CS62->US110,0,0,0
2,CS62->US118,11602,11602,0
2,CS62->US126,0,0,0
2,CS63->US7,51383,51383,0
2,CS63->US15,0,0,0
2,CS63->US23,0,0,0
2,CS63->US31,0,0,0
2,CS63->US39,0,0,0
2,CS63->US47,11613,11613,0
2,CS63->US55,51367,51367,0
2,CS63->US63,0,0,0
2,CS63->US71,0,0,0
2,CS63->US79,0,0,0
2,CS63->US87,0,0,0
2,CS63->US95,0,0,0
2,CS63->US103,0,0,0
2,CS63->US111,0,0,0
2,CS63->US119,11591,11589,0
2,CS63->US127,0,0,0
3,US0->CS0,51368,51368,0
3,US0->CS8,51781,51781,0
3,US0->CS16,51544,51544,0
3,US0->CS24,51746,51746,0
3,US0->CS32,51370,51370,0
3,US0->CS40,51529,51529,0
3,US0->CS48,51402,51402,0
3,US0->CS56,51861,51861,0
3,US1->CS1,51633,51633,0
3,US1->CS9,51614,51614,0
3,US1->CS17,51164,51164,0
3,US1->CS25,51427,51427,0
3,US1->CS33,51336,51336,0
3,US1->CS41,51323,51323,0
3,US1->CS49,51563,51563,0
3,US1->CS57,51544,51544,0
3,US2->CS2,51239,51239,0
3,US2->CS10,51510,51510,0
3,US2->CS18,51144,51144,0
3,US2->CS26,51842,51842,0
3,US2->CS34,51774,51774,0
3,US2->CS42,51387,51387,0
3,US2->CS50,51429,51429,0
3,US2->CS58,51296,51296,0
3,US3->CS3,51454,51454,0
3,US3->CS11,51427,51427,0
3,US3->CS19,51520,51520,0
3,US3->CS27,51527,51527,0
3,US3->CS35,51629,51629,0
3,US3->CS43,51604,51604,0
3,US3->CS51,51322,51322,0
3,US3->CS59,51416,51416,0
3,US4->CS4,51622,51622,0
3,US4->CS12,51362,51362,0
3,US4->CS20,51372,51372,0
3,US4->CS28,51730,51730,0
3,US4->CS36,51425,51425,0
3,US4->CS44,51033,51033,0
3,US4->CS52,51730,51730,0
3,US4->CS60,51424,51424,0
3,US5->CS5,51626,51626,0
3,US5->CS13,51483,51483,0
3,US5->CS21,51519,51519,0
3,US5->CS29,51424,51424,0
3,US5->CS37,51480,51480,0
3,US5->CS45,51291,51291,0
3,US5->CS53,51437,51437,0
3,US5->CS61,51615,51615,0
3,US6->CS6,51474,51474,0
3,US6->CS14,51620,51620,0
3,US6->CS22,51425,51425,0
3,US6->CS30,51533,51533,0
3,US6->CS38,51461,51461,0
3,US6->CS46,51808,51808,0
3,US6->CS54,51499,51499,0
3,US6->CS62,51576,51576,0
3,US7->CS7,51683,51683,0
3,US7->CS15,51152,51152,0
3,US7->CS23,51733,51733,0
3,US7->CS31,51404,51404,0
3,US7->CS39,51514,51514,0
3,US7->CS47,51288,51288,0
3,US7->CS55,51438,51438,0
3,US7->CS63,51529,51529,0
3,US8->CS0,0,0,0
3,US8->CS8,0,0,0
3,US8->CS16,0,0,0
3,US8->CS24,0,0,0
3,US8->CS32,0,0,0
3,US8->CS40,0,0,0
3,US8->CS48,0,0,0
3,US8->CS56,0,0,0
3,US9->CS1,0,0,0
3,US9->CS9,0,0,0
3,US9->CS17,0,0,0
3,US9->CS25,0,0,0
3,US9->CS33,0,0,0
3,US9->CS41,0,0,0
3,US9->CS49,0,0,0
3,US9->CS57,0,0,0
3,US10->CS2,0,0,0
3,US10->CS10,0,0,0
3,US10->CS18,0,0,0
3,US10->CS26,0,0,0
3,US10->CS34,0,0,0
3,US10->CS42,0,0,0
3,US10->CS50,0,0,0
3,US10->CS58,0,0,0
3,US11->CS3,0,0,0
3,US11->CS11,0,0,0
3,US11->CS19,0,0,0
3,US11->CS27,0,0,0
3,US11->CS35,0,0,0
3,US11->CS43,0,0,0
3,US11->CS51,0,0,0
3,US11->CS59,0,0,0
3,US12->CS4,0,0,0
3,US12->CS12,0,0,0
3,US12->CS20,0,0,0
3,US12->CS28,0,0,0
3,US12->CS36,0,0,0
3,US12->CS44,0,0,0
3,US12->CS52,0,0,0
3,US12->CS60,0,0,0
3,US13->CS5,0,0,0
3,US13->CS13,0,0,0
3,US13->CS21,0,0,0
3,US13->CS29,0,0,0
3,US13->CS37,0,0,0
3,US13->CS45,0,0,0
3,US13->CS53,0,0,0
3,US13->CS61,0,0,0
3,US14->CS6,0,0,0
3,US14->CS14,0,0,0
3,US14->CS22,0,0,0
3,US14->CS30,0,0,0
3,US14->CS38,0,0,0
3,US14->CS46,0,0,0
3,US14->CS54,0,0,0
3,US14->CS62,0,0,0
3,US15->CS7,0,0,0
3,US15->CS15,0,0,0
3,US15->CS23,0,0,0
3,US15->CS31,0,0,0
3,US15->CS39,0,0,0
3,US15->CS47,0,0,0
3,US15->CS55,0,0,0
3,US15->CS63,0,0,0
3,US16->CS0,0,0,0
3,US16->CS8,0,0,0
3,US16->CS16,0,0,0
3,US16->CS24,0,0,0
3,US16->CS32,0,0,0
3,US16->CS40,0,0,0
3,US16->CS48,0,0,0
3,US16->CS56,0,0,0
3,US17->CS1,0,0,0
3,US17->CS9,0,0,0
3,US17->CS17,0,0,0
3,US17->CS25,0,0,0
3,US17->CS33,0,0,0
3,US17->CS41,0,0,0
3,US17->CS49,0,0,0
3,US17->CS57,0,0,0
3,US18->CS2,0,0,0
3,US18->CS10,0,0,0
3,US18->CS18,0,0,0
3,US18->CS26,0,0,0
3,US18->CS34,0,0,0
3,US18->CS42,0,0,0
3,US18->CS50,0,0,0
3,US18->CS58,0,0,0
3,US19->CS3,0,0,0
3,US19->CS11,0,0,0
3,US19->CS19,0,0,0
3,US19->CS27,0,0,0
3,US19->CS35,0,0,0
3,US19->CS43,0,0,0
3,US19->CS51,0,0,0
3,US19->CS59,0,0,0
3,US20->CS4,0,0,0
3,US20->CS12,0,0,0
3,US20->CS20,0,0,0
3,US20->CS28,0,0,0
3,US20->CS36,0,0,0
3,US20->CS44,0,0,0
3,US20->CS52,0,0,0
3,US20->CS60,0,0,0
3,US21->CS5,0,0,0
3,US21->CS13,0,0,0
3,US21->CS21,0,0,0
3,US21->CS29,0,0,0
3,US21->CS37,0,0,0
3,US21->CS45,0,0,0
3,US21->CS53,0,0,0
3,US21->CS61,0,0,0
3,US22->CS6,0,0,0
3,US22->CS14,0,0,0
3,US22->CS22,0,0,0
3,US22->CS30,0,0,0
3,US22->CS38,0,0,0
3,US22->CS46,0,0,0
3,US22->CS54,0,0,0
3,US22->CS62,0,0,0
3,US23->CS7,0,0,0
3,US23->CS15,0,0,0
3,US23->CS23,0,0,0
3,US23->CS31,0,0,0
3,US23->CS39,0,0,0
3,US23->CS47,0,0,0
3,US23->CS55,0,0,0
3,US23->CS63,0,0,0
3,US24->CS0,0,0,0
3,US24->CS8,0,0,0
3,US24->CS16,0,0,0
3,US24->CS24,0,0,0
3,US24->CS32,0,0,0
3,US24->CS40,0,0,0
3,US24->CS48,0,0,0
3,US24->CS56,0,0,0
3,US25->CS1,0,0,0
3,US25->CS9,0,0,0
3,US25->CS17,0,0,0
3,US25->CS25,0,0,0
3,US25->CS33,0,0,0
3,US25->CS41,0,0,0
3,US25->CS49,0,0,0
3,US25->CS57,0,0,0
3,US26->CS2,0,0,0
3,US26->CS10,0,0,0
3,US26->CS18,0,0,0
3,US26->CS26,0,0,0
3,US26->CS34,0,0,0
3,US26->CS42,0,0,0
3,US26->CS50,0,0,0
3,US26->CS58,0,0,0
3,US27->CS3,0,0,0
3,US27->CS11,0,0,0
3,US27->CS19,0,0,0
3,US27->CS27,0,0,0
3,US27->CS35,0,0,0
3,US27->CS43,0,0,0
3,US27->CS51,0,0,0
3,US27->CS59,0,0,0
3,US28->CS4,0,0,0
3,US28->CS12,0,0,0
3,US28->CS20,0,0,0
3,US28->CS28,0,0,0
3,US28->CS36,0,0,0
3,US28->CS44,0,0,0
3,US28->CS52,0,0,0
3,US28->CS60,0,0,0
3,US29->CS5,0,0,0
3,US29->CS13,0,0,0
3,US29->CS21,0,0,0
3,US29->CS29,0,0,0
3,US29->CS37,0,0,0
3,US29->CS45,0,0,0
3,US29->CS53,0,0,0
3,US29->CS61,0,0,0
3,US30->CS6,0,0,0
3,US30->CS14,0,0,0
3,US30->CS22,0,0,0
3,US30->CS30,0,0,0
3,US30->CS38,0,0,0
3,US30->CS46,0,0,0
3,US30->CS54,0,0,0
3,US30->CS62,0,0,0
3,US31->CS7,0,0,0
3,US31->CS15,0,0,0
3,US31->CS23,0,0,0
3,US31->CS31,0,0,0
3,US31->CS39,0,0,0
3,US31->CS47,0,0,0
3,US31->CS55,0,0,0
3,US31->CS63,0,0,0
3,US32->CS0,0,0,0
3,US32->CS8,0,0,0
3,US32->CS16,0,0,0
3,US32->CS24,0,0,0
3,US32->CS32,0,0,0
3,US32->CS40,0,0,0
3,US32->CS48,0,0,0
3,US32->CS56,0,0,0
3,US33->CS1,0,0,0
3,US33->CS9,0,0,0
3,US33->CS17,0,0,0
3,US33->CS25,0,0,0
3,US33->CS33,0,0,0
3,US33->CS41,0,0,0
3,US33->CS49,0,0,0
3,US33->CS57,0,0,0
3,US34->CS2,0,0,0
3,US34->CS10,0,0,0
3,US34->CS18,0,0,0
3,US34->CS26,0,0,0
3,US34->CS34,0,0,0
3,US34->CS42,0,0,0
3,US34->CS50,0,0,0
3,US34->CS58,0,0,0
3,US35->CS3,0,0,0
3,US35->CS11,0,0,0
3,US35->CS19,0,0,0
3,US35->CS27,0,0,0
3,US35->CS35,0,0,0
3,US35->CS43,0,0,0
3,US35->CS51,0,0,0
3,US35->CS59,0,0,0
3,US36->CS4,0,0,0
3,US36->CS12,0,0,0
3,US36->CS20,0,0,0
3,US36->CS28,0,0,0
3,US36->CS36,0,0,0
3,US36->CS44,0,0,0
3,US36->CS52,0,0,0
3,US36->CS60,0,0,0
3,US37->CS5,0,0,0
3,US37->CS13,0,0,0
3,US37->CS21,0,0,0
3,US37->CS29,0,0,0
3,US37->CS37,0,0,0
3,US37->CS45,0,0,0
3,US37->CS53,0,0,0
3,US37->CS61,0,0,0
3,US38->CS6,0,0,0
3,US38->CS14,0,0,0
3,US38->CS22,0,0,0
3,US38->CS30,0,0,0
3,US38->CS38,0,0,0
3,US38->CS46,0,0,0
3,US38->CS54,0,0,0
3,US38->CS62,0,0,0
3,US39->CS7,0,0,0
3,US39->CS15,0,0,0
3,US39->CS23,0,0,0
3,US39->CS31,0,0,0
3,US39->CS39,0,0,0
3,US39->CS47,0,0,0
3,US39->CS55,0,0,0
3,US39->CS63,0,0,0
3,US40->CS0,56846,56846,0
3,US40->CS8,57098,57098,0
3,US40->CS16,57018,57018,0
3,US40->CS24,56872,56872,0
3,US40->CS32,56886,56886,0
3,US40->CS40,56807,56807,0
3,US40->CS48,57275,57275,0
3,US40->CS56,57157,57157,0
3,US41->CS1,56908,56908,0
3,US41->CS9,57212,57212,0
3,US41->CS17,57112,57112,0
3,US41->CS25,56578,56578,0
3,US41->CS33,56851,56851,0
3,US41->CS41,56629,56629,0
3,US41->CS49,57027,57027,0
3,US41->CS57,56966,56966,0
3,US42->CS2,56823,56823,0
3,US42->CS10,57171,57171,0
3,US42->CS18,56962,56962,0
3,US42->CS26,56901,56901,0
3,US42->CS34,56705,56705,0
3,US42->CS42,56734,56734,0
3,US42->CS50,57019,57019,0
3,US42->CS58,56860,56860,0
3,US43->CS3,56744,56744,0
3,US43->CS11,56987,56987,0
3,US43->CS19,56845,56845,0
3,US43->CS27,56940,56940,0
3,US43->CS35,56954,56954,0
3,US43->CS43,57050,57050,0
3,US43->CS51,56767,56767,0
3,US43->CS59,56608,56608,0
3,US44->CS4,56894,56894,0
3,US44->CS12,57049,57049,0
3,US44->CS20,56788,56788,0
3,US44->CS28,56947,56947,0
3,US44->CS36,56551,56551,0
3,US44->CS44,56636,56636,0
3,US44->CS52,56610,56610,0
3,US44->CS60,56850,56850,0
3,US45->CS5,56623,56623,0
3,US45->CS13,57286,57286,0
3,US45->CS21,56801,56801,0
3,US45->CS29,56842,56842,0
3,US45->CS37,57241,57241,0
3,US45->CS45,56544,56544,0
3,US45->CS53,57072,57072,0
3,US45->CS61,56821,56821,0
3,US46->CS6,57626,57626,0
3,US46->CS14,56533,56533,0
3,US46->CS22,56971,56971,0
3,US46->CS30,56653,56653,0
3,US46->CS38,57263,57263,0
3,US46->CS46,57069,57069,0
3,US46->CS54,56812,56812,0
3,US46->CS62,56804,56804,0
3,US47->CS7,56703,56703,0
3,US47->CS15,57109,57109,0
3,US47->CS23,57094,57094,0
3,US47->CS31,56487,56487,0
3,US47->CS39,57256,57256,0
3,US47->CS47,57030,57030,0
3,US47->CS55,57227,57227,0
3,US47->CS63,56885,56885,0
3,US48->CS0,51695,51695,0
3,US48->CS8,51909,51909,0
3,US48->CS16,52015,52015,0
3,US48->CS24,51518,51518,0
3,US48->CS32,51035,51035,0
3,US48->CS40,51207,51207,0
3,US48->CS48,51236,51236,0
3,US48->CS56,51420,51420,0
3,US49->CS1,51306,51306,0
3,US49->CS9,51195,51195,0
3,US49->CS17,52000,52000,0
3,US49->CS25,51320,51320,0
3,US49->CS33,51339,51339,0
3,US49->CS41,51476,51476,0
3,US49->CS49,51733,51733,0
3,US49->CS57,51814,51814,0
3,US50->CS2,51579,51579,0
3,US50->CS10,51824,51824,0
3,US50->CS18,51816,51816,0
3,US50->CS26,51290,51290,0
3,US50->CS34,51354,51354,0
3,US50->CS42,51336,51336,0
3,US50->CS50,51467,51467,0
3,US50->CS58,51252,51252,0
3,US51->CS3,51409,51409,0
3,US51->CS11,51232,51232,0
3,US51->CS19,51392,51392,0
3,US51->CS27,51836,51836,0
3,US51->CS35,51245,51245,0
3,US51->CS43,51147,51147,0
3,US51->CS51,51473,51473,0
3,US51->CS59,51720,51720,0
3,US52->CS4,51513,51513,0
3,US52->CS12,51987,51987,0
3,US52->CS20,51431,51431,0
3,US52->CS28,51700,51700,0
3,US52->CS36,51663,51663,0
3,US52->CS44,51259,51259,0
3,US52->CS52,51253,51253,0
3,US52->CS60,51785,51785,0
3,US53->CS5,51498,51498,0
3,US53->CS13,51594,51594,0
3,US53->CS21,51653,51653,0
3,US53->CS29,51621,51621,0
3,US53->CS37,51587,51587,0
3,US53->CS45,51741,51741,0
3,US53->CS53,51636,51636,0
3,US53->CS61,51525,51525,0
3,US54->CS6,51476,51476,0
3,US54->CS14,51339,51339,0
3,US54->CS22,51507,51507,0
3,US54->CS30,51352,51352,0
3,US54->CS38,51593,51593,0
3,US54->CS46,51568,51568,0
3,US54->CS54,51331,51331,0
3,US54->CS62,51683,51683,0
3,US55->CS7,51211,51211,0
3,US55->CS15,51748,51748,0
3,US55->CS23,51481,51481,0
3,US55->CS31,51349,51349,0
3,US55->CS39,51476,51476,0
3,US55->CS47,51265,51265,0
3,US55->CS55,51013,51013,0
3,US55->CS63,51454,51454,0
3,US56->CS0,0,0,0
3,US56->CS8,0,0,0
3,US56->CS16,0,0,0
3,US56->CS24,0,0,0
3,US56->CS32,0,0,0
3,US56->CS40,0,0,0
3,US56->CS48,0,0,0
3,US56->CS56,0,0,0
3,US57->CS1,0,0,0
3,US57->CS9,0,0,0
3,US57->CS17,0,0,0
3,US57->CS25,0,0,0
3,US57->CS33,0,0,0
3,US57->CS41,0,0,0
3,US57->CS49,0,0,0
3,US57->CS57,0,0,0
3,US58->CS2,0,0,0
3,US58->CS10,0,0,0
3,US58->CS18,0,0,0
3,US58->CS26,0,0,0
3,US58->CS34,0,0,0
3,US58->CS42,0,0,0
3,US58->CS50,0,0,0
3,US58->CS58,0,0,0
3,US59->CS3,0,0,0
3,US59->CS11,0,0,0
3,US59->CS19,0,0,0
3,US59->CS27,0,0,0
3,US59->CS35,0,0,0
3,US59->CS43,0,0,0
3,US59->CS51,0,0,0
3,US59->CS59,0,0,0
3,US60->CS4,0,0,0
3,US60->CS12,0,0,0
3,US60->CS20,0,0,0
3,US60->CS28,0,0,0
3,US60->CS36,0,0,0
3,US60->CS44,0,0,0
3,US60->CS52,0,0,0
3,US60->CS60,0,0,0
3,US61->CS5,0,0,0
3,US61->CS13,0,0,0
3,US61->CS21,0,0,0
3,US61->CS29,0,0,0
3,US61->CS37,0,0,0
3,US61->CS45,0,0,0
3,US61->CS53,0,0,0
3,US61->CS61,0,0,0
3,US62->CS6,0,0,0
3,US62->CS14,0,0,0
3,US62->CS22,0,0,0
3,US62->CS30,0,0,0
3,US62->CS38,0,0,0
3,US62->CS46,0,0,0
3,US62->CS54,0,0,0
3,US62->CS62,0,0,0
3,US63->CS7,0,0,0
3,US63->CS15,0,0,0
3,US63->CS23,0,0,0
3,US63->CS31,0,0,0
3,US63->CS39,0,0,0
3,US63->CS47,0,0,0
3,US63->CS55,0,0,0
3,US63->CS63,0,0,0
3,US64->CS0,0,0,0
3,US64->CS8,0,0,0
3,US64->CS16,0,0,0
3,US64->CS24,0,0,0
3,US64->CS32,0,0,0
3,US64->CS40,0,0,0
3,US64->CS48,0,0,0
3,US64->CS56,0,0,0
3,US65->CS1,0,0,0
3,US65->CS9,0,0,0
3,US65->CS17,0,0,0
3,US65->CS25,0,0,0
3,US65->CS33,0,0,0
3,US65->CS41,0,0,0
3,US65->CS49,0,0,0
3,US65->CS57,0,0,0
3,US66->CS2,0,0,0
3,US66->CS10,0,0,0
3,US66->CS18,0,0,0
3,US66->CS26,0,0,0
3,US66->CS34,0,0,0
3,US66->CS42,0,0,0
3,US66->CS50,0,0,0
3,US66->CS58,0,0,0
3,US67->CS3,0,0,0
3,US67->CS11,0,0,0
3,US67->CS19,0,0,0
3,US67->CS27,0,0,0
3,US67->CS35,0,0,0
3,US67->CS43,0,0,0
3,US67->CS51,0,0,0
3,US67->CS59,0,0,0
3,US68->CS4,0,0,0
3,US68->CS12,0,0,0
3,US68->CS20,0,0,0
3,US68->CS28,0,0,0
3,US68->CS36,0,0,0
3,US68->CS44,0,0,0
3,US68->CS52,0,0,0
3,US68->CS60,0,0,0
3,US69->CS5,0,0,0
3,US69->CS13,0,0,0
3,US69->CS21,0,0,0
3,US69->CS29,0,0,0
3,US69->CS37,0,0,0
3,US69->CS45,0,0,0
3,US69->CS53,0,0,0
3,US69->CS61,0,0,0
3,US70->CS6,0,0,0
3,US70->CS14,0,0,0
3,US70->CS22,0,0,0
3,US70->CS30,0,0,0
3,US70->CS38,0,0,0
3,US70->CS46,0,0,0
3,US70->CS54,0,0,0
3,US70->CS62,0,0,0
3,US71->CS7,0,0,0
3,US71->CS15,0,0,0
3,US71->CS23,0,0,0
3,US71->CS31,0,0,0
3,US71->CS39,0,0,0
3,US71->CS47,0,0,0
3,US71->CS55,0,0,0
3,US71->CS63,0,0,0
3,US72->CS0,0,0,0
3,US72->CS8,0,0,0
3,US72->CS16,0,0,0
3,US72->CS24,0,0,0
3,US72->CS32,0,0,0
3,US72->CS40,0,0,0
3,US72->CS48,0,0,0
3,US72->CS56,0,0,0
3,US73->CS1,0,0,0
3,US73->CS9,0,0,0
3,US73->CS17,0,0,0
3,US73->CS25,0,0,0
3,US73->CS33,0,0,0
3,US73->CS41,0,0,0
3,US73->CS49,0,0,0
3,US73->CS57,0,0,0
3,US74->CS2,0,0,0
3,US74->CS10,0,0,0
3,US74->CS18,0,0,0
3,US74->CS26,0,0,0
3,US74->CS34,0,0,0
3,US74->CS42,0,0,0
3,US74->CS50,0,0,0
3,US74->CS58,0,0,0
3,US75->CS3,0,0,0
3,US75->CS11,0,0,0
3,US75->CS19,0,0,0
3,US75->CS27,0,0,0
3,US75->CS35,0,0,0
3,US75->CS43,0,0,0
3,US75->CS51,0,0,0
3,US75->CS59,0,0,0
3,US76->CS4,0,0,0
3,US76->CS12,0,0,0
3,US76->CS20,0,0,0
3,US76->CS28,0,0,0
3,US76->CS36,0,0,0
3,US76->CS44,0,0,0
3,US76->CS52,0,0,0
3,US76->CS60,0,0,0
3,US77->CS5,0,0,0
3,US77->CS13,0,0,0
3,US77->CS21,0,0,0
3,US77->CS29,0,0,0
3,US77->CS37,0,0,0
3,US77->CS45,0,0,0
3,US77->CS53,0,0,0
3,US77->CS61,0,0,0
3,US78->CS6,0,0,0
3,US78->CS14,0,0,0
3,US78->CS22,0,0,0
3,US78->CS30,0,0,0
3,US78->CS38,0,0,0
3,US78->CS46,0,0,0
3,US78->CS54,0,0,0
3,US78->CS62,0,0,0
3,US79->CS7,0,0,0
3,US79->CS15,0,0,0
3,US79->CS23,0,0,0
3,US79->CS31,0,0,0
3,US79->CS39,0,0,0
3,US79->CS47,0,0,0
3,US79->CS55,0,0,0
3,US79->CS63,0,0,0
3,US80->CS0,0,0,0
3,US80->CS8,0,0,0
3,US80->CS16,0,0,0
3,US80->CS24,0,0,0
3,US80->CS32,0,0,0
3,US80->CS40,0,0,0
3,US80->CS48,0,0,0
3,US80->CS56,0,0,0
3,US81->CS1,0,0,0
3,US81->CS9,0,0,0
3,US81->CS17,0,0,0
3,US81->CS25,0,0,0
3,US81->CS33,0,0,0
3,US81->CS41,0,0,0
3,US81->CS49,0,0,0
3,US81->CS57,0,0,0
3,US82->CS2,0,0,0
3,US82->CS10,0,0,0
3,US82->CS18,0,0,0
3,US82->CS26,0,0,0
3,US82->CS34,0,0,0
3,US82->CS42,0,0,0
3,US82->CS50,0,0,0
3,US82->CS58,0,0,0
3,US83->CS3,0,0,0
3,US83->CS11,0,0,0
3,US83->CS19,0,0,0
3,US83->CS27,0,0,0
3,US83->CS35,0,0,0
3,US83->CS43,0,0,0
3,US83->CS51,0,0,0
3,US83->CS59,0,0,0
3,US84->CS4,0,0,0
3,US84->CS12,0,0,0
3,US84->CS20,0,0,0
3,US84->CS28,0,0,0
3,US84->CS36,0,0,0
3,US84->CS44,0,0,0
3,US84->CS52,0,0,0
3,US84->CS60,0,0,0
3,US85->CS5,0,0,0
3,US85->CS13,0,0,0
3,US85->CS21,0,0,0
3,US85->CS29,0,0,0
3,US85->CS37,0,0,0
3,US85->CS45,0,0,0
3,US85->CS53,0,0,0
3,US85->CS61,0,0,0
3,US86->CS6,0,0,0
3,US86->CS14,0,0,0
3,US86->CS22,0,0,0
3,US86->CS30,0,0,0
3,US86->CS38,0,0,0
3,US86->CS46,0,0,0
3,US86->CS54,0,0,0
3,US86->CS62,0,0,0
3,US87->CS7,0,0,0
3,US87->CS15,0,0,0
3,US87->CS23,0,0,0
3,US87->CS31,0,0,0
3,US87->CS39,0,0,0
3,US87->CS47,0,0,0
3,US87->CS55,0,0,0
3,US87->CS63,0,0,0
3,US88->CS0,0,0,0
3,US88->CS8,0,0,0
3,US88->CS16,0,0,0
3,US88->CS24,0,0,0
3,US88->CS32,0,0,0
3,US88->CS40,0,0,0
3,US88->CS48,0,0,0
3,US88->CS56,0,0,0
3,US89->CS1,0,0,0
3,US89->CS9,0,0,0
3,US89->CS17,0,0,0
3,US89->CS25,0,0,0
3,US89->CS33,0,0,0
3,US89->CS41,0,0,0
3,US89->CS49,0,0,0
3,US89->CS57,0,0,0
3,US90->CS2,0,0,0
3,US90->CS10,0,0,0
3,US90->CS18,0,0,0
3,US90->CS26,0,0,0
3,US90->CS34,0,0,0
3,US90->CS42,0,0,0
3,US90->CS50,0,0,0
3,US90->CS58,0,0,0
3,US91->CS3,0,0,0
3,US91->CS11,0,0,0
3,US91->CS19,0,0,0
3,US91->CS27,0,0,0
3,US91->CS35,0,0,0
3,US91->CS43,0,0,0
3,US91->CS51,0,0,0
3,US91->CS59,0,0,0
3,US92->CS4,0,0,0
3,US92->CS12,0,0,0
3,US92->CS20,0,0,0
3,US92->CS28,0,0,0
3,US92->CS36,0,0,0
3,US92->CS44,0,0,0
3,US92->CS52,0,0,0
3,US92->CS60,0,0,0
3,US93->CS5,0,0,0
3,US93->CS13,0,0,0
3,US93->CS21,0,0,0
3,US93->CS29,0,0,0
3,US93->CS37,0,0,0
3,US93->CS45,0,0,0
3,US93->CS53,0,0,0
3,US93->CS61,0,0,0
3,US94->CS6,0,0,0
3,US94->CS14,0,0,0
3,US94->CS22,0,0,0
3,US94->CS30,0,0,0
3,US94->CS38,0,0,0
3,US94->CS46,0,0,0
3,US94->CS54,0,0,0
3,US94->CS62,0,0,0
3,US95->CS7,0,0,0
3,US95->CS15,0,0,0
3,US95->CS23,0,0,0
3,US95->CS31,0,0,0
3,US95->CS39,0,0,0
3,US95->CS47,0,0,0
3,US95->CS55,0,0,0
3,US95->CS63,0,0,0
3,US96->CS0,0,0,0
3,US96->CS8,0,0,0
3,US96->CS16,0,0,0
3,US96->CS24,0,0,0
3,US96->CS32,0,0,0
3,US96->CS40,0,0,0
3,US96->CS48,0,0,0
3,US96->CS56,0,0,0
3,US97->CS1,0,0,0
3,US97->CS9,0,0,0
3,US97->CS17,0,0,0
3,US97->CS25,0,0,0
3,US97->CS33,0,0,0
3,US97->CS41,0,0,0
3,US97->CS49,0,0,0
3,US97->CS57,0,0,0
3,US98->CS2,0,0,0
3,US98->CS10,0,0,0
3,US98->CS18,0,0,0
3,US98->CS26,0,0,0
3,US98->CS34,0,0,0
3,US98->CS42,0,0,0
3,US98->CS50,0,0,0
3,US98->CS58,0,0,0
3,US99->CS3,0,0,0
3,US99->CS11,0,0,0
3,US99->CS19,0,0,0
3,US99->CS27,0,0,0
3,US99->CS35,0,0,0
3,US99->CS43,0,0,0
3,US99->CS51,0,0,0
3,US99->CS59,0,0,0
3,US100->CS4,0,0,0
3,US100->CS12,0,0,0
3,US100->CS20,0,0,0
3,US100->CS28,0,0,0
3,US100->CS36,0,0,0
3,US100->CS44,0,0,0
3,US100->CS52,0,0,0
3,US100->CS60,0,0,0
3,US101->CS5,0,0,0
3,US101->CS13,0,0,0
3,US101->CS21,0,0,0
3,US101->CS29,0,0,0
3,US101->CS37,0,0,0
3,US101->CS45,0,0,0
3,US101->CS53,0,0,0
3,US101->CS61,0,0,0
3,US102->CS6,0,0,0
3,US102->CS14,0,0,0
3,US102->CS22,0,0,0
3,US102->CS30,0,0,0
3,US102->CS38,0,0,0
3,US102->CS46,0,0,0
3,US102->CS54,0,0,0
3,US102->CS62,0,0,0
3,US103->CS7,0,0,0
3,US103->CS15,0,0,0
3,US103->CS23,0,0,0
3,US103->CS31,0,0,0
3,US103->CS39,0,0,0
3,US103->CS47,0,0,0
3,US103->CS55,0,0,0
3,US103->CS63,0,0,0
3,US104->CS0,0,0,0
3,US104->CS8,0,0,0
3,US104->CS16,0,0,0
3,US104->CS24,0,0,0
3,US104->CS32,0,0,0
3,US104->CS40,0,0,0
3,US104->CS48,0,0,0
3,US104->CS56,0,0,0
3,US105->CS1,0,0,0
3,US105->CS9,0,0,0
3,US105->CS17,0,0,0
3,US105->CS25,0,0,0
3,US105->CS33,0,0,0
3,US105->CS41,0,0,0
3,US105->CS49,0,0,0
3,US105->CS57,0,0,0
3,US106->CS2,0,0,0
3,US106->CS10,0,0,0
3,US106->CS18,0,0,0
3,US106->CS26,0,0,0
3,US106->CS34,0,0,0
3,US106->CS42,0,0,0
3,US106->CS50,0,0,0
3,US106->CS58,0,0,0
3,US107->CS3,0,0,0
3,US107->CS11,0,0,0
3,US107->CS19,0,0,0
3,US107->CS27,0,0,0
3,US107->CS35,0,0,0
3,US107->CS43,0,0,0
3,US107->CS51,0,0,0
3,US107->CS59,0,0,0
3,US108->CS4,0,0,0
3,US108->CS12,0,0,0
3,US108->CS20,0,0,0
3,US108->CS28,0,0,0
3,US108->CS36,0,0,0
3,US108->CS44,0,0,0
3,US108->CS52,0,0,0
3,US108->CS60,0,0,0
3,US109->CS5,0,0,0
3,US109->CS13,0,0,0
3,US109->CS21,0,0,0
3,US109->CS29,0,0,0
3,US109->CS37,0,0,0
3,US109->CS45,0,0,0
3,US109->CS53,0,0,0
3,US109->CS61,0,0,0
3,US110->CS6,0,0,0
3,US110->CS14,0,0,0
3,US110->CS22,0,0,0
3,US110->CS30,0,0,0
3,US110->CS38,0,0,0
3,US110->CS46,0,0,0
3,US110->CS54,0,0,0
3,US110->CS62,0,0,0
3,US111->CS7,0,0,0
3,US111->CS15,0,0,0
3,US111->CS23,0,0,0
3,US111->CS31,0,0,0
3,US111->CS39,0,0,0
3,US111->CS47,0,0,0
3,US111->CS55,0,0,0
3,US111->CS63,0,0,0
3,US112->CS0,50617,50617,0
3,US112->CS8,50603,50603,0
3,US112->CS16,51011,51011,0
3,US112->CS24,50825,50825,0
3,US112->CS32,50859,50859,0
3,US112->CS40,50633,50633,0
3,US112->CS48,50597,50597,0
3,US112->CS56,50469,50469,0
3,US113->CS1,50768,50768,0
3,US113->CS9,51209,51209,0
3,US113->CS17,50395,50395,0
3,US113->CS25,51070,51070,0
3,US113->CS33,50389,50389,0
3,US113->CS41,50625,50625,0
3,US113->CS49,50689,50689,0
3,US113->CS57,50631,50631,0
3,US114->CS2,51054,51054,0
3,US114->CS10,50736,50736,0
3,US114->CS18,50398,50398,0
3,US114->CS26,50707,50707,0
3,US114->CS34,50786,50786,0
3,US114->CS42,50752,50752,0
3,US114->CS50,50927,50927,0
3,US114->CS58,50679,50679,0
3,US115->CS3,50708,50708,0
3,US115->CS11,50542,50542,0
3,US115->CS19,50780,50780,0
3,US115->CS27,50857,50857,0
3,US115->CS35,50457,50457,0
3,US115->CS43,50565,50565,0
3,US115->CS51,50844,50844,0
3,US115->CS59,50600,50600,0
3,US116->CS4,50721,50721,0
3,US116->CS12,50458,50458,0
3,US116->CS20,50693,50693,0
3,US116->CS28,50861,50861,0
3,US116->CS36,50641,50641,0
3,US116->CS44,50978,50978,0
3,US116->CS52,50555,50555,0
3,US116->CS60,50727,50727,0
3,US117->CS5,50879,50879,0
3,US117->CS13,50462,50462,0
3,US117->CS21,50861,50861,0
3,US117->CS29,50611,50611,0
3,US117->CS37,50542,50542,0
3,US117->CS45,50697,50697,0
3,US117->CS53,50433,50433,0
3,US117->CS61,50417,50417,0
3,US118->CS6,50476,50476,0
3,US118->CS14,50624,50624,0
3,US118->CS22,50480,50480,0
3,US118->CS30,50701,50701,0
3,US118->CS38,50912,50912,0
3,US118->CS46,50607,50607,0
3,US118->CS54,50941,50941,0
3,US118->CS62,50422,50422,0
3,US119->CS7,50889,50889,0
3,US119->CS15,50588,50588,0
3,US119->CS23,50342,50342,0
3,US119->CS31,50648,50648,0
3,US119->CS39,50876,50876,0
3,US119->CS47,50885,50885,0
3,US119->CS55,50511,50511,0
3,US119->CS63,50653,50653,0
3,US120->CS0,0,0,0
3,US120->CS8,0,0,0
3,US120->CS16,0,0,0
3,US120->CS24,0,0,0
3,US120->CS32,0,0,0
3,US120->CS40,0,0,0
3,US120->CS48,0,0,0
3,US120->CS56,0,0,0
3,US121->CS1,0,0,0
3,US121->CS9,0,0,0
3,US121->CS17,0,0,0
3,US121->CS25,0,0,0
3,US121->CS33,0,0,0
3,US121->CS41,0,0,0
3,US121->CS49,0,0,0
3,US121->CS57,0,0,0
3,US122->CS2,0,0,0
3,US122->CS10,0,0,0
3,US122->CS18,0,0,0
3,US122->CS26,0,0,0
3,US122->CS34,0,0,0
3,US122->CS42,0,0,0
3,US122->CS50,0,0,0
3,US122->CS58,0,0,0
3,US123->CS3,0,0,0
3,US123->CS11,0,0,0
3,US123->CS19,0,0,0
3,US123->CS27,0,0,0
3,US123->CS35,0,0,0
3,US123->CS43,0,0,0
3,US123->CS51,0,0,0
3,US123->CS59,0,0,0
3,US124->CS4,0,0,0
3,US124->CS12,0,0,0
3,US124->CS20,0,0,0
3,US124->CS28,0,0,0
3,US124->CS36,0,0,0
3,US124->CS44,0,0,0
3,US124->CS52,0,0,0
3,US124->CS60,0,0,0
3,US125->CS5,0,0,0
3,US125->CS13,0,0,0
3,US125->CS21,0,0,0
3,US125->CS29,0,0,0
3,US125->CS37,0,0,0
3,US125->CS45,0,0,0
3,US125->CS53,0,0,0
3,US125->CS61,0,0,0
3,US126->CS6,0,0,0
3,US126->CS14,0,0,0
3,US126->CS22,0,0,0
3,US126->CS30,0,0,0
3,US126->CS38,0,0,0
3,US126->CS46,0,0,0
3,US126->CS54,0,0,0
3,US126->CS62,0,0,0
3,US127->CS7,0,0,0
3,US127->CS15,0,0,0
3,US127->CS23,0,0,0
3,US127->CS31,0,0,0
3,US127->CS39,0,0,0
3,US127->CS47,0,0,0
3,US127->CS55,0,0,0
3,US127->CS63,0,0,0
3,CS0->US0,51629,51629,0
3,CS0->US8,0,0,0
3,CS0->US16,0,0,0
3,CS0->US24,0,0,0
3,CS0->US32,0,0,0
3,CS0->US40,50683,50683,0
3,CS0->US48,51275,51275,0
3,CS0->US56,0,0,0
3,CS0->US64,0,0,0
3,CS0->US72,0,0,0
3,CS0->US80,0,0,0
3,CS0->US88,0,0,0
3,CS0->US96,0,0,0
3,CS0->US104,0,0,0
3,CS0->US112,56939,56939,0
3,CS0->US120,0,0,0
3,CS1->US1,51210,51210,0
3,CS1->US9,0,0,0
3,CS1->US17,0,0,0
3,CS1->US25,0,0,0
3,CS1->US33,0,0,0
3,CS1->US41,50864,50864,0
3,CS1->US49,51534,51534,0
3,CS1->US57,0,0,0
3,CS1->US65,0,0,0
3,CS1->US73,0,0,0
3,CS1->US81,0,0,0
3,CS1->US89,0,0,0
3,CS1->US97,0,0,0
3,CS1->US105,0,0,0
3,CS1->US113,57007,57007,0
3,CS1->US121,0,0,0
3,CS2->US2,51480,51480,0
3,CS2->US10,0,0,0
3,CS2->US18,0,0,0
3,CS2->US26,0,0,0
3,CS2->US34,0,0,0
3,CS2->US42,51153,51153,0
3,CS2->US50,51175,51175,0
3,CS2->US58,0,0,0
3,CS2->US66,0,0,0
3,CS2->US74,0,0,0
3,CS2->US82,0,0,0
3,CS2->US90,0,0,0
3,CS2->US98,0,0,0
3,CS2->US106,0,0,0
3,CS2->US114,56887,56887,0
3,CS2->US122,0,0,0
3,CS3->US3,51326,51326,0
3,CS3->US11,0,0,0
3,CS3->US19,0,0,0
3,CS3->US27,0,0,0
3,CS3->US35,0,0,0
3,CS3->US43,50791,50791,0
3,CS3->US51,51356,51356,0
3,CS3->US59,0,0,0
3,CS3->US67,0,0,0
3,CS3->US75,0,0,0
3,CS3->US83,0,0,0
3,CS3->US91,0,0,0
3,CS3->US99,0,0,0
3,CS3->US107,0,0,0
3,CS3->US115,56842,56842,0
3,CS3->US123,0,0,0
3,CS4->US4,51422,51422,0
3,CS4->US12,0,0,0
3,CS4->US20,0,0,0
3,CS4->US28,0,0,0
3,CS4->US36,0,0,0
3,CS4->US44,50812,50812,0
3,CS4->US52,51498,51498,0
3,CS4->US60,0,0,0
3,CS4->US68,0,0,0
3,CS4->US76,0,0,0
3,CS4->US84,0,0,0
3,CS4->US92,0,0,0
3,CS4->US100,0,0,0
3,CS4->US108,0,0,0
3,CS4->US116,57018,57018,0
3,CS4->US124,0,0,0
3,CS5->US5,51378,51378,0
3,CS5->US13,0,0,0
3,CS5->US21,0,0,0
3,CS5->US29,0,0,0
3,CS5->US37,0,0,0
3,CS5->US45,50999,50999,0
3,CS5->US53,51532,51532,0
3,CS5->US61,0,0,0
3,CS5->US69,0,0,0
3,CS5->US77,0,0,0
3,CS5->US85,0,0,0
3,CS5->US93,0,0,0
3,CS5->US101,0,0,0
3,CS5->US109,0,0,0
3,CS5->US117,56717,56717,0
3,CS5->US125,0,0,0
3,CS6->US6,51425,51425,0
3,CS6->US14,0,0,0
3,CS6->US22,0,0,0
3,CS6->US30,0,0,0
3,CS6->US38,0,0,0
3,CS6->US46,50527,50527,0
3,CS6->US54,51406,51406,0
3,CS6->US62,0,0,0
3,CS6->US70,0,0,0
3,CS6->US78,0,0,0
3,CS6->US86,0,0,0
3,CS6->US94,0,0,0
3,CS6->US102,0,0,0
3,CS6->US110,0,0,0
3,CS6->US118,57694,57694,0
3,CS6->US126,0,0,0
3,CS7->US7,51094,51094,0
3,CS7->US15,0,0,0
3,CS7->US23,0,0,0
3,CS7->US31,0,0,0
3,CS7->US39,0,0,0
3,CS7->US47,51006,51006,0
3,CS7->US55,51562,51562,0
3,CS7->US63,0,0,0
3,CS7->US71,0,0,0
3,CS7->US79,0,0,0
3,CS7->US87,0,0,0
3,CS7->US95,0,0,0
3,CS7->US103,0,0,0
3,CS7->US111,0,0,0
3,CS7->US119,56824,56824,0
3,CS7->US127,0,0,0
3,CS8->US0,51821,51821,0
3,CS8->US8,0,0,0
3,CS8->US16,0,0,0
3,CS8->US24,0,0,0
3,CS8->US32,0,0,0
3,CS8->US40,50691,50691,0
3,CS8->US48,51684,51684,0
3,CS8->US56,0,0,0
3,CS8->US64,0,0,0
3,CS8->US72,0,0,0
3,CS8->US80,0,0,0
3,CS8->US88,0,0,0
3,CS8->US96,0,0,0
3,CS8->US104,0,0,0
3,CS8->US112,57195,57195,0
3,CS8->US120,0,0,0
3,CS9->US1,51095,51095,0
3,CS9->US9,0,0,0
3,CS9->US17,0,0,0
3,CS9->US25,0,0,0
3,CS9->US33,0,0,0
3,CS9->US41,51309,51309,0
3,CS9->US49,51530,51530,0
3,CS9->US57,0,0,0
3,CS9->US65,0,0,0
3,CS9->US73,0,0,0
3,CS9->US81,0,0,0
3,CS9->US89,0,0,0
3,CS9->US97,0,0,0
3,CS9->US105,0,0,0
3,CS9->US113,57296,57296,0
3,CS9->US121,0,0,0
3,CS10->US2,51745,51745,0
3,CS10->US10,0,0,0
3,CS10->US18,0,0,0
3,CS10->US26,0,0,0
3,CS10->US34,0,0,0
3,CS10->US42,50815,50815,0
3,CS10->US50,51420,51420,0
3,CS10->US58,0,0,0
3,CS10->US66,0,0,0
3,CS10->US74,0,0,0
3,CS10->US82,0,0,0
3,CS10->US90,0,0,0
3,CS10->US98,0,0,0
3,CS10->US106,0,0,0
3,CS10->US114,57261,57261,0
3,CS10->US122,0,0,0
3,CS11->US3,51119,51119,0
3,CS11->US11,0,0,0
3,CS11->US19,0,0,0
3,CS11->US27,0,0,0
3,CS11->US35,0,0,0
3,CS11->US43,50655,50655,0
3,CS11->US51,51320,51320,0
3,CS11->US59,0,0,0
3,CS11->US67,0,0,0
3,CS11->US75,0,0,0
3,CS11->US83,0,0,0
3,CS11->US91,0,0,0
3,CS11->US99,0,0,0
3,CS11->US107,0,0,0
3,CS11->US115,57094,57094,0
3,CS11->US123,0,0,0
3,CS12->US4,51887,51887,0
3,CS12->US12,0,0,0
3,CS12->US20,0,0,0
3,CS12->US28,0,0,0
3,CS12->US36,0,0,0
3,CS12->US44,50558,50558,0
3,CS12->US52,51254,51254,0
3,CS12->US60,0,0,0
3,CS12->US68,0,0,0
3,CS12->US76,0,0,0
3,CS12->US84,0,0,0
3,CS12->US92,0,0,0
3,CS12->US100,0,0,0
3,CS12->US108,0,0,0
3,CS12->US116,57157,57157,0
3,CS12->US124,0,0,0
3,CS13->US5,51544,51544,0
3,CS13->US13,0,0,0
3,CS13->US21,0,0,0
3,CS13->US29,0,0,0
3,CS13->US37,0,0,0
3,CS13->US45,50512,50512,0
3,CS13->US53,51398,51398,0
3,CS13->US61,0,0,0
3,CS13->US69,0,0,0
3,CS13->US77,0,0,0
3,CS13->US85,0,0,0
3,CS13->US93,0,0,0
3,CS13->US101,0,0,0
3,CS13->US109,0,0,0
3,CS13->US117,57371,57371,0
3,CS13->US125,0,0,0
3,CS14->US6,51266,51266,0
3,CS14->US14,0,0,0
3,CS14->US22,0,0,0
3,CS14->US30,0,0,0
3,CS14->US38,0,0,0
3,CS14->US46,50697,50697,0
3,CS14->US54,51556,51556,0
3,CS14->US62,0,0,0
3,CS14->US70,0,0,0
3,CS14->US78,0,0,0
3,CS14->US86,0,0,0
3,CS14->US94,0,0,0
3,CS14->US102,0,0,0
3,CS14->US110,0,0,0
3,CS14->US118,56597,56597,0
3,CS14->US126,0,0,0
3,CS15->US7,51644,51644,0
3,CS15->US15,0,0,0
3,CS15->US23,0,0,0
3,CS15->US31,0,0,0
3,CS15->US39,0,0,0
3,CS15->US47,50692,50692,0
3,CS15->US55,51029,51029,0
3,CS15->US63,0,0,0
3,CS15->US71,0,0,0
3,CS15->US79,0,0,0
3,CS15->US87,0,0,0
3,CS15->US95,0,0,0
3,CS15->US103,0,0,0
3,CS15->US111,0,0,0
3,CS15->US119,57232,57232,0
3,CS15->US127,0,0,0
3,CS16->US0,51923,51923,0
3,CS16->US8,0,0,0
3,CS16->US16,0,0,0
3,CS16->US24,0,0,0
3,CS16->US32,0,0,0
3,CS16->US40,51103,51103,0
3,CS16->US48,51469,51469,0
3,CS16->US56,0,0,0
3,CS16->US64,0,0,0
3,CS16->US72,0,0,0
3,CS16->US80,0,0,0
3,CS16->US88,0,0,0
3,CS16->US96,0,0,0
3,CS16->US104,0,0,0
3,CS16->US112,57093,57093,0
3,CS16->US120,0,0,0
3,CS17->US1,51907,51907,0
3,CS17->US9,0,0,0
3,CS17->US17,0,0,0
3,CS17->US25,0,0,0
3,CS17->US33,0,0,0
3,CS17->US41,50488,50488,0
3,CS17->US49,51098,51098,0
3,CS17->US57,0,0,0
3,CS17->US65,0,0,0
3,CS17->US73,0,0,0
3,CS17->US81,0,0,0
3,CS17->US89,0,0,0
3,CS17->US97,0,0,0
3,CS17->US105,0,0,0
3,CS17->US113,57178,57178,0
3,CS17->US121,0,0,0
3,CS18->US2,51708,51708,0
3,CS18->US10,0,0,0
3,CS18->US18,0,0,0
3,CS18->US26,0,0,0
3,CS18->US34,0,0,0
3,CS18->US42,50506,50506,0
3,CS18->US50,51060,51060,0
3,CS18->US58,0,0,0
3,CS18->US66,0,0,0
3,CS18->US74,0,0,0
3,CS18->US82,0,0,0
3,CS18->US90,0,0,0
3,CS18->US98,0,0,0
3,CS18->US106,0,0,0
3,CS18->US114,57046,57046,0
3,CS18->US122,0,0,0
3,CS19->US3,51284,51284,0
3,CS19->US11,0,0,0
3,CS19->US19,0,0,0
3,CS19->US27,0,0,0
3,CS19->US35,0,0,0
3,CS19->US43,50888,50888,0
3,CS19->US51,51461,51461,0
3,CS19->US59,0,0,0
3,CS19->US67,0,0,0
3,CS19->US75,0,0,0
3,CS19->US83,0,0,0
3,CS19->US91,0,0,0
3,CS19->US99,0,0,0
3,CS19->US107,0,0,0
3,CS19->US115,56904,56904,0
3,CS19->US123,0,0,0
3,CS20->US4,51338,51338,0
3,CS20->US12,0,0,0
3,CS20->US20,0,0,0
3,CS20->US28,0,0,0
3,CS20->US36,0,0,0
3,CS20->US44,50786,50786,0
3,CS20->US52,51279,51279,0
3,CS20->US60,0,0,0
3,CS20->US68,0,0,0
3,CS20->US76,0,0,0
3,CS20->US84,0,0,0
3,CS20->US92,0,0,0
3,CS20->US100,0,0,0
3,CS20->US108,0,0,0
3,CS20->US116,56881,56881,0
3,CS20->US124,0,0,0
3,CS21->US5,51558,51558,0
3,CS21->US13,0,0,0
3,CS21->US21,0,0,0
3,CS21->US29,0,0,0
3,CS21->US37,0,0,0
3,CS21->US45,50956,50956,0
3,CS21->US53,51379,51379,0
3,CS21->US61,0,0,0
3,CS21->US69,0,0,0
3,CS21->US77,0,0,0
3,CS21->US85,0,0,0
3,CS21->US93,0,0,0
3,CS21->US101,0,0,0
3,CS21->US109,0,0,0
3,CS21->US117,56941,56941,0
3,CS21->US125,0,0,0
3,CS22->US6,51426,51426,0
3,CS22->US14,0,0,0
3,CS22->US22,0,0,0
3,CS22->US30,0,0,0
3,CS22->US38,0,0,0
3,CS22->US46,50561,50561,0
3,CS22->US54,51318,51318,0
3,CS22->US62,0,0,0
3,CS22->US70,0,0,0
3,CS22->US78,0,0,0
3,CS22->US86,0,0,0
3,CS22->US94,0,0,0
3,CS22->US102,0,0,0
3,CS22->US110,0,0,0
3,CS22->US118,57078,57078,0
3,CS22->US126,0,0,0
3,CS23->US7,51361,51361,0
3,CS23->US15,0,0,0
3,CS23->US23,0,0,0
3,CS23->US31,0,0,0
3,CS23->US39,0,0,0
3,CS23->US47,50462,50462,0
3,CS23->US55,51641,51641,0
3,CS23->US63,0,0,0
3,CS23->US71,0,0,0
3,CS23->US79,0,0,0
3,CS23->US87,0,0,0
3,CS23->US95,0,0,0
3,CS23->US103,0,0,0
3,CS23->US111,0,0,0
3,CS23->US119,57186,57186,0
3,CS23->US127,0,0,0
3,CS24->US0,51423,51423,0
3,CS24->US8,0,0,0
3,CS24->US16,0,0,0
3,CS24->US24,0,0,0
3,CS24->US32,0,0,0
3,CS24->US40,50920,50920,0
3,CS24->US48,51641,51641,0
3,CS24->US56,0,0,0
3,CS24->US64,0,0,0
3,CS24->US72,0,0,0
3,CS24->US80,0,0,0
3,CS24->US88,0,0,0
3,CS24->US96,0,0,0
3,CS24->US104,0,0,0
3,CS24->US112,56977,56977,0
3,CS24->US120,0,0,0
3,CS25->US1,51234,51234,0
3,CS25->US9,0,0,0
3,CS25->US17,0,0,0
3,CS25->US25,0,0,0
3,CS25->US33,0,0,0
3,CS25->US41,51156,51156,0
3,CS25->US49,51330,51330,0
3,CS25->US57,0,0,0
3,CS25->US65,0,0,0
3,CS25->US73,0,0,0
3,CS25->US81,0,0,0
3,CS25->US89,0,0,0
3,CS25->US97,0,0,0
3,CS25->US105,0,0,0
3,CS25->US113,56675,56675,0
3,CS25->US121,0,0,0
3,CS26->US2,51150,51150,0
3,CS26->US10,0,0,0
3,CS26->US18,0,0,0
3,CS26->US26,0,0,0
3,CS26->US34,0,0,0
3,CS26->US42,50847,50847,0
3,CS26->US50,51725,51725,0
3,CS26->US58,0,0,0
3,CS26->US66,0,0,0
3,CS26->US74,0,0,0
3,CS26->US82,0,0,0
3,CS26->US90,0,0,0
3,CS26->US98,0,0,0
3,CS26->US106,0,0,0
3,CS26->US114,57018,57018,0
3,CS26->US122,0,0,0
3,CS27->US3,51745,51745,0
3,CS27->US11,0,0,0
3,CS27->US19,0,0,0
3,CS27->US27,0,0,0
3,CS27->US35,0,0,0
3,CS27->US43,50948,50948,0
3,CS27->US51,51432,51432,0
3,CS27->US59,0,0,0
3,CS27->US67,0,0,0
3,CS27->US75,0,0,0
3,CS27->US83,0,0,0
3,CS27->US91,0,0,0
3,CS27->US99,0,0,0
3,CS27->US107,0,0,0
3,CS27->US115,57035,57035,0
3,CS27->US123,0,0,0
3,CS28->US4,51608,51608,0
3,CS28->US12,0,0,0
3,CS28->US20,0,0,0
3,CS28->US28,0,0,0
3,CS28->US36,0,0,0
3,CS28->US44,50953,50953,0
3,CS28->US52,51643,51643,0
3,CS28->US60,0,0,0
3,CS28->US68,0,0,0
3,CS28->US76,0,0,0
3,CS28->US84,0,0,0
3,CS28->US92,0,0,0
3,CS28->US100,0,0,0
3,CS28->US108,0,0,0
3,CS28->US116,57034,57034,0
3,CS28->US124,0,0,0
3,CS29->US5,51540,51540,0
3,CS29->US13,0,0,0
3,CS29->US21,0,0,0
3,CS29->US29,0,0,0
3,CS29->US37,0,0,0
3,CS29->US45,50692,50692,0
3,CS29->US53,51299,51299,0
3,CS29->US61,0,0,0
3,CS29->US69,0,0,0
3,CS29->US77,0,0,0
3,CS29->US85,0,0,0
3,CS29->US93,0,0,0
3,CS29->US101,0,0,0
3,CS29->US109,0,0,0
3,CS29->US117,56967,56967,0
3,CS29->US125,0,0,0
3,CS30->US6,51291,51291,0
3,CS30->US14,0,0,0
3,CS30->US22,0,0,0
3,CS30->US30,0,0,0
3,CS30->US38,0,0,0
3,CS30->US46,50762,50762,0
3,CS30->US54,51430,51430,0
3,CS30->US62,0,0,0
3,CS30->US70,0,0,0
3,CS30->US78,0,0,0
3,CS30->US86,0,0,0
3,CS30->US94,0,0,0
3,CS30->US102,0,0,0
3,CS30->US110,0,0,0
3,CS30->US118,56756,56756,0
3,CS30->US126,0,0,0
3,CS31->US7,51230,51230,0
3,CS31->US15,0,0,0
3,CS31->US23,0,0,0
3,CS31->US31,0,0,0
3,CS31->US39,0,0,0
3,CS31->US47,50767,50767,0
3,CS31->US55,51310,51310,0
3,CS31->US63,0,0,0
3,CS31->US71,0,0,0
3,CS31->US79,0,0,0
3,CS31->US87,0,0,0
3,CS31->US95,0,0,0
3,CS31->US103,0,0,0
3,CS31->US111,0,0,0
3,CS31->US119,56581,56581,0
3,CS31->US127,0,0,0
3,CS32->US0,50922,50922,0
3,CS32->US8,0,0,0
3,CS32->US16,0,0,0
3,CS32->US24,0,0,0
3,CS32->US32,0,0,0
3,CS32->US40,50972,50972,0
3,CS32->US48,51297,51297,0
3,CS32->US56,0,0,0
3,CS32->US64,0,0,0
3,CS32->US72,0,0,0
3,CS32->US80,0,0,0
3,CS32->US88,0,0,0
3,CS32->US96,0,0,0
3,CS32->US104,0,0,0
3,CS32->US112,56959,56959,0
3,CS32->US120,0,0,0
3,CS33->US1,51244,51244,0
3,CS33->US9,0,0,0
3,CS33->US17,0,0,0
3,CS33->US25,0,0,0
3,CS33->US33,0,0,0
3,CS33->US41,50484,50484,0
3,CS33->US49,51247,51247,0
3,CS33->US57,0,0,0
3,CS33->US65,0,0,0
3,CS33->US73,0,0,0
3,CS33->US81,0,0,0
3,CS33->US89,0,0,0
3,CS33->US97,0,0,0
3,CS33->US105,0,0,0
3,CS33->US113,56940,56940,0
3,CS33->US121,0,0,0
3,CS34->US2,51250,51250,0
3,CS34->US10,0,0,0
3,CS34->US18,0,0,0
3,CS34->US26,0,0,0
3,CS34->US34,0,0,0
3,CS34->US42,50890,50890,0
3,CS34->US50,51668,51668,0
3,CS34->US58,0,0,0
3,CS34->US66,0,0,0
3,CS34->US74,0,0,0
3,CS34->US82,0,0,0
3,CS34->US90,0,0,0
3,CS34->US98,0,0,0
3,CS34->US106,0,0,0
3,CS34->US114,56811,56811,0
3,CS34->US122,0,0,0
3,CS35->US3,51118,51118,0
3,CS35->US11,0,0,0
3,CS35->US19,0,0,0
3,CS35->US27,0,0,0
3,CS35->US35,0,0,0
3,CS35->US43,50584,50584,0
3,CS35->US51,51539,51539,0
3,CS35->US59,0,0,0
3,CS35->US67,0,0,0
3,CS35->US75,0,0,0
3,CS35->US83,0,0,0
3,CS35->US91,0,0,0
3,CS35->US99,0,0,0
3,CS35->US107,0,0,0
3,CS35->US115,57044,57044,0
3,CS35->US123,0,0,0
3,CS36->US4,51513,51513,0
3,CS36->US12,0,0,0
3,CS36->US20,0,0,0
3,CS36->US28,0,0,0
3,CS36->US36,0,0,0
3,CS36->US44,50791,50791,0
3,CS36->US52,51309,51309,0
3,CS36->US60,0,0,0
3,CS36->US68,0,0,0
3,CS36->US76,0,0,0
3,CS36->US84,0,0,0
3,CS36->US92,0,0,0
3,CS36->US100,0,0,0
3,CS36->US108,0,0,0
3,CS36->US116,56667,56667,0
3,CS36->US124,0,0,0
3,CS37->US5,51499,51499,0
3,CS37->US13,0,0,0
3,CS37->US21,0,0,0
3,CS37->US29,0,0,0
3,CS37->US37,0,0,0
3,CS37->US45,50630,50630,0
3,CS37->US53,51452,51452,0
3,CS37->US61,0,0,0
3,CS37->US69,0,0,0
3,CS37->US77,0,0,0
3,CS37->US85,0,0,0
3,CS37->US93,0,0,0
3,CS37->US101,0,0,0
3,CS37->US109,0,0,0
3,CS37->US117,57269,57269,0
3,CS37->US125,0,0,0
3,CS38->US6,51542,51542,0
3,CS38->US14,0,0,0
3,CS38->US22,0,0,0
3,CS38->US30,0,0,0
3,CS38->US38,0,0,0
3,CS38->US46,50963,50963,0
3,CS38->US54,51351,51351,0
3,CS38->US62,0,0,0
3,CS38->US70,0,0,0
3,CS38->US78,0,0,0
3,CS38->US86,0,0,0
3,CS38->US94,0,0,0
3,CS38->US102,0,0,0
3,CS38->US110,0,0,0
3,CS38->US118,57373,57373,0
3,CS38->US126,0,0,0
3,CS39->US7,51369,51369,0
3,CS39->US15,0,0,0
3,CS39->US23,0,0,0
3,CS39->US31,0,0,0
3,CS39->US39,0,0,0
3,CS39->US47,50983,50983,0
3,CS39->US55,51378,51378,0
3,CS39->US63,0,0,0
3,CS39->US71,0,0,0
3,CS39->US79,0,0,0
3,CS39->US87,0,0,0
3,CS39->US95,0,0,0
3,CS39->US103,0,0,0
3,CS39->US111,0,0,0
3,CS39->US119,57392,57392,0
3,CS39->US127,0,0,0
3,CS40->US0,51109,51109,0
3,CS40->US8,0,0,0
3,CS40->US16,0,0,0
3,CS40->US24,0,0,0
3,CS40->US32,0,0,0
3,CS40->US40,50731,50731,0
3,CS40->US48,51402,51402,0
3,CS40->US56,0,0,0
3,CS40->US64,0,0,0
3,CS40->US72,0,0,0
3,CS40->US80,0,0,0
3,CS40->US88,0,0,0
3,CS40->US96,0,0,0
3,CS40->US104,0,0,0
3,CS40->US112,56934,56934,0
3,CS40->US120,0,0,0
3,CS41->US1,51399,51399,0
3,CS41->US9,0,0,0
3,CS41->US17,0,0,0
3,CS41->US25,0,0,0
3,CS41->US33,0,0,0
3,CS41->US41,50702,50702,0
3,CS41->US49,51230,51230,0
3,CS41->US57,0,0,0
3,CS41->US65,0,0,0
3,CS41->US73,0,0,0
3,CS41->US81,0,0,0
3,CS41->US89,0,0,0
3,CS41->US97,0,0,0
3,CS41->US105,0,0,0
3,CS41->US113,56722,56722,0
3,CS41->US121,0,0,0
3,CS42->US2,51252,51252,0
3,CS42->US10,0,0,0
3,CS42->US18,0,0,0
3,CS42->US26,0,0,0
3,CS42->US34,0,0,0
3,CS42->US42,50836,50836,0
3,CS42->US50,51299,51299,0
3,CS42->US58,0,0,0
3,CS42->US66,0,0,0
3,CS42->US74,0,0,0
3,CS42->US82,0,0,0
3,CS42->US90,0,0,0
3,CS42->US98,0,0,0
3,CS42->US106,0,0,0
3,CS42->US114,56822,56822,0
3,CS42->US122,0,0,0
3,CS43->US3,51055,51055,0
3,CS43->US11,0,0,0
3,CS43->US19,0,0,0
3,CS43->US27,0,0,0
3,CS43->US35,0,0,0
3,CS43->US43,50657,50657,0
3,CS43->US51,51532,51532,0
3,CS43->US59,0,0,0
3,CS43->US67,0,0,0
3,CS43->US75,0,0,0
3,CS43->US83,0,0,0
3,CS43->US91,0,0,0
3,CS43->US99,0,0,0
3,CS43->US107,0,0,0
3,CS43->US115,57122,57122,0
3,CS43->US123,0,0,0
3,CS44->US4,51171,51171,0
3,CS44->US12,0,0,0
3,CS44->US20,0,0,0
3,CS44->US28,0,0,0
3,CS44->US36,0,0,0
3,CS44->US44,51066,51066,0
3,CS44->US52,50941,50941,0
3,CS44->US60,0,0,0
3,CS44->US68,0,0,0
3,CS44->US76,0,0,0
3,CS44->US84,0,0,0
3,CS44->US92,0,0,0
3,CS44->US100,0,0,0
3,CS44->US108,0,0,0
3,CS44->US116,56728,56728,0
3,CS44->US124,0,0,0
3,CS45->US5,51639,51639,0
3,CS45->US13,0,0,0
3,CS45->US21,0,0,0
3,CS45->US29,0,0,0
3,CS45->US37,0,0,0
3,CS45->US45,50799,50799,0
3,CS45->US53,51224,51224,0
3,CS45->US61,0,0,0
3,CS45->US69,0,0,0
3,CS45->US77,0,0,0
3,CS45->US85,0,0,0
3,CS45->US93,0,0,0
3,CS45->US101,0,0,0
3,CS45->US109,0,0,0
3,CS45->US117,56611,56611,0
3,CS45->US125,0,0,0
3,CS46->US6,51529,51529,0
3,CS46->US14,0,0,0
3,CS46->US22,0,0,0
3,CS46->US30,0,0,0
3,CS46->US38,0,0,0
3,CS46->US46,50646,50646,0
3,CS46->US54,51676,51676,0
3,CS46->US62,0,0,0
3,CS46->US70,0,0,0
3,CS46->US78,0,0,0
3,CS46->US86,0,0,0
3,CS46->US94,0,0,0
3,CS46->US102,0,0,0
3,CS46->US110,0,0,0
3,CS46->US118,57201,57201,0
3,CS46->US126,0,0,0
3,CS47->US7,51195,51195,0
3,CS47->US15,0,0,0
3,CS47->US23,0,0,0
3,CS47->US31,0,0,0
3,CS47->US39,0,0,0
3,CS47->US47,50955,50955,0
3,CS47->US55,51224,51224,0
3,CS47->US63,0,0,0
3,CS47->US71,0,0,0
3,CS47->US79,0,0,0
3,CS47->US87,0,0,0
3,CS47->US95,0,0,0
3,CS47->US103,0,0,0
3,CS47->US111,0,0,0
3,CS47->US119,57094,57094,0
3,CS47->US127,0,0,0
3,CS48->US0,51139,51139,0
3,CS48->US8,0,0,0
3,CS48->US16,0,0,0
3,CS48->US24,0,0,0
3,CS48->US32,0,0,0
3,CS48->US40,50694,50694,0
3,CS48->US48,51304,51304,0
3,CS48->US56,0,0,0
3,CS48->US64,0,0,0
3,CS48->US72,0,0,0
3,CS48->US80,0,0,0
3,CS48->US88,0,0,0
3,CS48->US96,0,0,0
3,CS48->US104,0,0,0
3,CS48->US112,57373,57373,0
3,CS48->US120,0,0,0
3,CS49->US1,51638,51638,0
3,CS49->US9,0,0,0
3,CS49->US17,0,0,0
3,CS49->US25,0,0,0
3,CS49->US33,0,0,0
3,CS49->US41,50784,50784,0
3,CS49->US49,51453,51453,0
3,CS49->US57,0,0,0
3,CS49->US65,0,0,0
3,CS49->US73,0,0,0
3,CS49->US81,0,0,0
3,CS49->US89,0,0,0
3,CS49->US97,0,0,0
3,CS49->US105,0,0,0
3,CS49->US113,57137,57137,0
3,CS49->US121,0,0,0
3,CS50->US2,51390,51390,0
3,CS50->US10,0,0,0
3,CS50->US18,0,0,0
3,CS50->US26,0,0,0
3,CS50->US34,0,0,0
3,CS50->US42,51004,51004,0
3,CS50->US50,51338,51338,0
3,CS50->US58,0,0,0
3,CS50->US66,0,0,0
3,CS50->US74,0,0,0
3,CS50->US82,0,0,0
3,CS50->US90,0,0,0
3,CS50->US98,0,0,0
3,CS50->US106,0,0,0
3,CS50->US114,57110,57110,0
3,CS50->US122,0,0,0
3,CS51->US3,51364,51364,0
3,CS51->US11,0,0,0
3,CS51->US19,0,0,0
3,CS51->US27,0,0,0
3,CS51->US35,0,0,0
3,CS51->US43,50953,50953,0
3,CS51->US51,51191,51191,0
3,CS51->US59,0,0,0
3,CS51->US67,0,0,0
3,CS51->US75,0,0,0
3,CS51->US83,0,0,0
3,CS51->US91,0,0,0
3,CS51->US99,0,0,0
3,CS51->US107,0,0,0
3,CS51->US115,56898,56898,0
3,CS51->US123,0,0,0
3,CS52->US4,51138,51138,0
3,CS52->US12,0,0,0
3,CS52->US20,0,0,0
3,CS52->US28,0,0,0
3,CS52->US36,0,0,0
3,CS52->US44,50670,50670,0
3,CS52->US52,51645,51645,0
3,CS52->US60,0,0,0
3,CS52->US68,0,0,0
3,CS52->US76,0,0,0
3,CS52->US84,0,0,0
3,CS52->US92,0,0,0
3,CS52->US100,0,0,0
3,CS52->US108,0,0,0
3,CS52->US116,56695,56695,0
3,CS52->US124,0,0,0
3,CS53->US5,51482,51482,0
3,CS53->US13,0,0,0
3,CS53->US21,0,0,0
3,CS53->US29,0,0,0
3,CS53->US37,0,0,0
3,CS53->US45,50587,50587,0
3,CS53->US53,51311,51311,0
3,CS53->US61,0,0,0
3,CS53->US69,0,0,0
3,CS53->US77,0,0,0
3,CS53->US85,0,0,0
3,CS53->US93,0,0,0
3,CS53->US101,0,0,0
3,CS53->US109,0,0,0
3,CS53->US117,57198,57198,0
3,CS53->US125,0,0,0
3,CS54->US6,51237,51237,0
3,CS54->US14,0,0,0
3,CS54->US22,0,0,0
3,CS54->US30,0,0,0
3,CS54->US38,0,0,0
3,CS54->US46,51035,51035,0
3,CS54->US54,51403,51403,0
3,CS54->US62,0,0,0
3,CS54->US70,0,0,0
3,CS54->US78,0,0,0
3,CS54->US86,0,0,0
3,CS54->US94,0,0,0
3,CS54->US102,0,0,0
3,CS54->US110,0,0,0
3,CS54->US118,56908,56908,0
3,CS54->US126,0,0,0
3,CS55->US7,50911,50911,0
3,CS55->US15,0,0,0
3,CS55->US23,0,0,0
3,CS55->US31,0,0,0
3,CS55->US39,0,0,0
3,CS55->US47,50613,50613,0
3,CS55->US55,51353,51353,0
3,CS55->US63,0,0,0
3,CS55->US71,0,0,0
3,CS55->US79,0,0,0
3,CS55->US87,0,0,0
3,CS55->US95,0,0,0
3,CS55->US103,0,0,0
3,CS55->US111,0,0,0
3,CS55->US119,57312,57312,0
3,CS55->US127,0,0,0
3,CS56->US0,51324,51324,0
3,CS56->US8,0,0,0
3,CS56->US16,0,0,0
3,CS56->US24,0,0,0
3,CS56->US32,0,0,0
3,CS56->US40,50565,50565,0
3,CS56->US48,51791,51791,0
3,CS56->US56,0,0,0
3,CS56->US64,0,0,0
3,CS56->US72,0,0,0
3,CS56->US80,0,0,0
3,CS56->US88,0,0,0
3,CS56->US96,0,0,0
3,CS56->US104,0,0,0
3,CS56->US112,57227,57227,0
3,CS56->US120,0,0,0
3,CS57->US1,51710,51710,0
3,CS57->US9,0,0,0
3,CS57->US17,0,0,0
3,CS57->US25,0,0,0
3,CS57->US33,0,0,0
3,CS57->US41,50735,50735,0
3,CS57->US49,51487,51487,0
3,CS57->US57,0,0,0
3,CS57->US65,0,0,0
3,CS57->US73,0,0,0
3,CS57->US81,0,0,0
3,CS57->US89,0,0,0
3,CS57->US97,0,0,0
3,CS57->US105,0,0,0
3,CS57->US113,57023,57023,0
3,CS57->US121,0,0,0
3,CS58->US2,51154,51154,0
3,CS58->US10,0,0,0
3,CS58->US18,0,0,0
3,CS58->US26,0,0,0
3,CS58->US34,0,0,0
3,CS58->US42,50777,50777,0
3,CS58->US50,51206,51206,0
3,CS58->US58,0,0,0
3,CS58->US66,0,0,0
3,CS58->US74,0,0,0
3,CS58->US82,0,0,0
3,CS58->US90,0,0,0
3,CS58->US98,0,0,0
3,CS58->US106,0,0,0
3,CS58->US114,56950,56950,0
3,CS58->US122,0,0,0
3,CS59->US3,51621,51621,0
3,CS59->US11,0,0,0
3,CS59->US19,0,0,0
3,CS59->US27,0,0,0
3,CS59->US35,0,0,0
3,CS59->US43,50699,50699,0
3,CS59->US51,51350,51350,0
3,CS59->US59,0,0,0
3,CS59->US67,0,0,0
3,CS59->US75,0,0,0
3,CS59->US83,0,0,0
3,CS59->US91,0,0,0
3,CS59->US99,0,0,0
3,CS59->US107,0,0,0
3,CS59->US115,56674,56674,0
3,CS59->US123,0,0,0
3,CS60->US4,51710,51710,0
3,CS60->US12,0,0,0
3,CS60->US20,0,0,0
3,CS60->US28,0,0,0
3,CS60->US36,0,0,0
3,CS60->US44,50802,50802,0
3,CS60->US52,51317,51317,0
3,CS60->US60,0,0,0
3,CS60->US68,0,0,0
3,CS60->US76,0,0,0
3,CS60->US84,0,0,0
3,CS60->US92,0,0,0
3,CS60->US100,0,0,0
3,CS60->US108,0,0,0
3,CS60->US116,56957,56957,0
3,CS60->US124,0,0,0
3,CS61->US5,51409,51409,0
3,CS61->US13,0,0,0
3,CS61->US21,0,0,0
3,CS61->US29,0,0,0
3,CS61->US37,0,0,0
3,CS61->US45,50533,50533,0
3,CS61->US53,51523,51523,0
3,CS61->US61,0,0,0
3,CS61->US69,0,0,0
3,CS61->US77,0,0,0
3,CS61->US85,0,0,0
3,CS61->US93,0,0,0
3,CS61->US101,0,0,0
3,CS61->US109,0,0,0
3,CS61->US117,56913,56913,0
3,CS61->US125,0,0,0
3,CS62->US6,51609,51609,0
3,CS62->US14,0,0,0
3,CS62->US22,0,0,0
3,CS62->US30,0,0,0
3,CS62->US38,0,0,0
3,CS62->US46,50496,50496,0
3,CS62->US54,51490,51490,0
3,CS62->US62,0,0,0
3,CS62->US70,0,0,0
3,CS62->US78,0,0,0
3,CS62->US86,0,0,0
3,CS62->US94,0,0,0
3,CS62->US102,0,0,0
3,CS62->US110,0,0,0
3,CS62->US118,56890,56890,0
3,CS62->US126,0,0,0
3,CS63->US7,51423,51423,0
3,CS63->US15,0,0,0
3,CS63->US23,0,0,0
3,CS63->US31,0,0,0
3,CS63->US39,0,0,0
3,CS63->US47,50684,50684,0
3,CS63->US55,51414,51414,0
3,CS63->US63,0,0,0
3,CS63->US71,0,0,0
3,CS63->US79,0,0,0
3,CS63->US87,0,0,0
3,CS63->US95,0,0,0
3,CS63->US103,0,0,0
3,CS63->US111,0,0,0
3,CS63->US119,57000,57000,0
3,CS63->US127,0,0,0
4,US0->CS0,51501,51501,0
4,US0->CS8,51925,51925,0
4,US0->CS16,51676,51676,0
4,US0->CS24,51855,51855,0
4,US0->CS32,51516,51516,0
4,US0->CS40,51658,51658,0
4,US0->CS48,51538,51538,0
4,US0->CS56,51991,51991,0
4,US1->CS1,51753,51753,0
4,US1->CS9,51739,51739,0
4,US1->CS17,51282,51282,0
4,US1->CS25,51559,51559,0
4,US1->CS33,51459,51459,0
4,US1->CS41,51461,51461,0
4,US1->CS49,51702,51702,0
4,US1->CS57,51674,51674,0
4,US2->CS2,51369,51369,0
4,US2->CS10,51642,51642,0
4,US2->CS18,51287,51287,0
4,US2->CS26,51966,51966,0
4,US2->CS34,51913,51913,0
4,US2->CS42,51520,51520,0
4,US2->CS50,51545,51545,0
4,US2->CS58,51436,51436,0
4,US3->CS3,51597,51597,0
4,US3->CS11,51559,51559,0
4,US3->CS19,51641,51641,0
4,US3->CS27,51648,51648,0
4,US3->CS35,51762,51762,0
4,US3->CS43,51725,51725,0
4,US3->CS51,51454,51454,0
4,US3->CS59,51561,51561,0
4,US4->CS4,51747,51747,0
4,US4->CS12,51504,51504,0
4,US4->CS20,51519,51519,0
4,US4->CS28,51841,51841,0
4,US4->CS36,51542,51542,0
4,US4->CS44,51179,51179,0
4,US4->CS52,51869,51869,0
4,US4->CS60,51547,51547,0
4,US5->CS5,51761,51761,0
4,US5->CS13,51622,51622,0
4,US5->CS21,51653,51653,0
4,US5->CS29,51553,51553,0
4,US5->CS37,51618,51618,0
4,US5->CS45,51410,51410,0
4,US5->CS53,51574,51574,0
4,US5->CS61,51745,51745,0
4,US6->CS6,51585,51585,0
4,US6->CS14,51768,51768,0
4,US6->CS22,51566,51566,0
4,US6->CS30,51660,51660,0
4,US6->CS38,51603,51603,0
4,US6->CS46,51940,51940,0
4,US6->CS54,51629,51629,0
4,US6->CS62,51691,51691,0
4,US7->CS7,51823,51823,0
4,US7->CS15,51284,51284,0
4,US7->CS23,51868,51868,0
4,US7->CS31,51540,51540,0
4,US7->CS39,51641,51641,0
4,US7->CS47,51440,51440,0
4,US7->CS55,51592,51592,0
4,US7->CS63,51655,51655,0
4,US8->CS0,0,0,0
4,US8->CS8,0,0,0
4,US8->CS16,0,0,0
4,US8->CS24,0,0,0
4,US8->CS32,0,0,0
4,US8->CS40,0,0,0
4,US8->CS48,0,0,0
4,US8->CS56,0,0,0
4,US9->CS1,0,0,0
4,US9->CS9,0,0,0
4,US9->CS17,0,0,0
4,US9->CS25,0,0,0
4,US9->CS33,0,0,0
4,US9->CS41,0,0,0
4,US9->CS49,0,0,0
4,US9->CS57,0,0,0
4,US10->CS2,0,0,0
4,US10->CS10,0,0,0
4,US10->CS18,0,0,0
4,US10->CS26,0,0,0
4,US10->CS34,0,0,0
4,US10->CS42,0,0,0
4,US10->CS50,0,0,0
4,US10->CS58,0,0,0
4,US11->CS3,0,0,0
4,US11->CS11,0,0,0
4,US11->CS19,0,0,0
4,US11->CS27,0,0,0
4,US11->CS35,0,0,0
4,US11->CS43,0,0,0
4,US11->CS51,0,0,0
4,US11->CS59,0,0,0
4,US12->CS4,0,0,0
4,US12->CS12,0,0,0
4,US12->CS20,0,0,0
4,US12->CS28,0,0,0
4,US12->CS36,0,0,0
4,US12->CS44,0,0,0
4,US12->CS52,0,0,0
4,US12->CS60,0,0,0
4,US13->CS5,0,0,0
4,US13->CS13,0,0,0
4,US13->CS21,0,0,0
4,US13->CS29,0,0,0
4,US13->CS37,0,0,0
4,US13->CS45,0,0,0
4,US13->CS53,0,0,0
4,US13->CS61,0,0,0
4,US14->CS6,0,0,0
4,US14->CS14,0,0,0
4,US14->CS22,0,0,0
4,US14->CS30,0,0,0
4,US14->CS38,0,0,0
4,US14->CS46,0,0,0
4,US14->CS54,0,0,0
4,US14->CS62,0,0,0
4,US15->CS7,0,0,0
4,US15->CS15,0,0,0
4,US15->CS23,0,0,0
4,US15->CS31,0,0,0
4,US15->CS39,0,0,0
4,US15->CS47,0,0,0
4,US15->CS55,0,0,0
4,US15->CS63,0,0,0
4,US16->CS0,0,0,0
4,US16->CS8,0,0,0
4,US16->CS16,0,0,0
4,US16->CS24,0,0,0
4,US16->CS32,0,0,0
4,US16->CS40,0,0,0
4,US16->CS48,0,0,0
4,US16->CS56,0,0,0
4,US17->CS1,0,0,0
4,US17->CS9,0,0,0
4,US17->CS17,0,0,0
4,US17->CS25,0,0,0
4,US17->CS33,0,0,0
4,US17->CS41,0,0,0
4,US17->CS49,0,0,0
4,US17->CS57,0,0,0
4,US18->CS2,0,0,0
4,US18->CS10,0,0,0
4,US18->CS18,0,0,0
4,US18->CS26,0,0,0
4,US18->CS34,0,0,0
4,US18->CS42,0,0,0
4,US18->CS50,0,0,0
4,US18->CS58,0,0,0
4,US19->CS3,0,0,0
4,US19->CS11,0,0,0
4,US19->CS19,0,0,0
4,US19->CS27,0,0,0
4,US19->CS35,0,0,0
4,US19->CS43,0,0,0
4,US19->CS51,0,0,0
4,US19->CS59,0,0,0
4,US20->CS4,0,0,0
4,US20->CS12,0,0,0
4,US20->CS20,0,0,0
4,US20->CS28,0,0,0
4,US20->CS36,0,0,0
4,US20->CS44,0,0,0
4,US20->CS52,0,0,0
4,US20->CS60,0,0,0
4,US21->CS5,0,0,0
4,US21->CS13,0,0,0
4,US21->CS21,0,0,0
4,US21->CS29,0,0,0
4,US21->CS37,0,0,0
4,US21->CS45,0,0,0
4,US21->CS53,0,0,0
4,US21->CS61,0,0,0
4,US22->CS6,0,0,0
4,US22->CS14,0,0,0
4,US22->CS22,0,0,0
4,US22->CS30,0,0,0
4,US22->CS38,0,0,0
4,US22->CS46,0,0,0
4,US22->CS54,0,0,0
4,US22->CS62,0,0,0
4,US23->CS7,0,0,0
4,US23->CS15,0,0,0
4,US23->CS23,0,0,0
4,US23->CS31,0,0,0
4,US23->CS39,0,0,0
4,US23->CS47,0,0,0
4,US23->CS55,0,0,0
4,US23->CS63,0,0,0
4,US24->CS0,0,0,0
4,US24->CS8,0,0,0
4,US24->CS16,0,0,0
4,US24->CS24,0,0,0
4,US24->CS32,0,0,0
4,US24->CS40,0,0,0
4,US24->CS48,0,0,0
4,US24->CS56,0,0,0
4,US25->CS1,0,0,0
4,US25->CS9,0,0,0
4,US25->CS17,0,0,0
4,US25->CS25,0,0,0
4,US25->CS33,0,0,0
4,US25->CS41,0,0,0
4,US25->CS49,0,0,0
4,US25->CS57,0,0,0
4,US26->CS2,0,0,0
4,US26->CS10,0,0,0
4,US26->CS18,0,0,0
4,US26->CS26,0,0,0
4,US26->CS34,0,0,0
4,US26->CS42,0,0,0
4,US26->CS50,0,0,0
4,US26->CS58,0,0,0
4,US27->CS3,0,0,0
4,US27->CS11,0,0,0
4,US27->CS19,0,0,0
4,US27->CS27,0,0,0
4,US27->CS35,0,0,0
4,US27->CS43,0,0,0
4,US27->CS51,0,0,0
4,US27->CS59,0,0,0
4,US28->CS4,0,0,0
4,US28->CS12,0,0,0
4,US28->CS20,0,0,0
4,US28->CS28,0,0,0
4,US28->CS36,0,0,0
4,US28->CS44,0,0,0
4,US28->CS52,0,0,0
4,US28->CS60,0,0,0
4,US29->CS5,0,0,0
4,US29->CS13,0,0,0
4,US29->CS21,0,0,0
4,US29->CS29,0,0,0
4,US29->CS37,0,0,0
4,US29->CS45,0,0,0
4,US29->CS53,0,0,0
4,US29->CS61,0,0,0
4,US30->CS6,0,0,0
4,US30->CS14,0,0,0
4,US30->CS22,0,0,0
4,US30->CS30,0,0,0
4,US30->CS38,0,0,0
4,US30->CS46,0,0,0
4,US30->CS54,0,0,0
4,US30->CS62,0,0,0
4,US31->CS7,0,0,0
4,US31->CS15,0,0,0
4,US31->CS23,0,0,0
4,US31->CS31,0,0,0
4,US31->CS39,0,0,0
4,US31->CS47,0,0,0
4,US31->CS55,0,0,0
4,US31->CS63,0,0,0
4,US32->CS0,0,0,0
4,US32->CS8,0,0,0
4,US32->CS16,0,0,0
4,US32->CS24,0,0,0
4,US32->CS32,0,0,0
4,US32->CS40,0,0,0
4,US32->CS48,0,0,0
4,US32->CS56,0,0,0
4,US33->CS1,0,0,0
4,US33->CS9,0,0,0
4,US33->CS17,0,0,0
4,US33->CS25,0,0,0
4,US33->CS33,0,0,0
4,US33->CS41,0,0,0
4,US33->CS49,0,0,0
4,US33->CS57,0,0,0
4,US34->CS2,0,0,0
4,US34->CS10,0,0,0
4,US34->CS18,0,0,0
4,US34->CS26,0,0,0
4,US34->CS34,0,0,0
4,US34->CS42,0,0,0
4,US34->CS50,0,0,0
4,US34->CS58,0,0,0
4,US35->CS3,0,0,0
4,US35->CS11,0,0,0
4,US35->CS19,0,0,0
4,US35->CS27,0,0,0
4,US35->CS35,0,0,0
4,US35->CS43,0,0,0
4,US35->CS51,0,0,0
4,US35->CS59,0,0,0
4,US36->CS4,0,0,0
4,US36->CS12,0,0,0
4,US36->CS20,0,0,0
4,US36->CS28,0,0,0
4,US36->CS36,0,0,0
4,US36->CS44,0,0,0
4,US36->CS52,0,0,0
4,US36->CS60,0,0,0
4,US37->CS5,0,0,0
4,US37->CS13,0,0,0
4,US37->CS21,0,0,0
4,US37->CS29,0,0,0
4,US37->CS37,0,0,0
4,US37->CS45,0,0,0
4,US37->CS53,0,0,0
4,US37->CS61,0,0,0
4,US38->CS6,0,0,0
4,US38->CS14,0,0,0
4,US38->CS22,0,0,0
4,US38->CS30,0,0,0
4,US38->CS38,0,0,0
4,US38->CS46,0,0,0
4,US38->CS54,0,0,0
4,US38->CS62,0,0,0
4,US39->CS7,0,0,0
4,US39->CS15,0,0,0
4,US39->CS23,0,0,0
4,US39->CS31,0,0,0
4,US39->CS39,0,0,0
4,US39->CS47,0,0,0
4,US39->CS55,0,0,0
4,US39->CS63,0,0,0
4,US40->CS0,57137,57137,0
4,US40->CS8,57384,57384,0
4,US40->CS16,57353,57353,0
4,US40->CS24,57162,57162,0
4,US40->CS32,57200,57200,0
4,US40->CS40,57120,57120,0
4,US40->CS48,57616,57616,0
4,US40->CS56,57502,57502,0
4,US41->CS1,57203,57203,0
4,US41->CS9,57503,57503,0
4,US41->CS17,57420,57420,0
4,US41->CS25,56901,56901,0
4,US41->CS33,57154,57154,0
4,US41->CS41,56931,56931,0
4,US41->CS49,57326,57326,0
4,US41->CS57,57300,57300,0
4,US42->CS2,57133,57133,0
4,US42->CS10,57459,57459,0
4,US42->CS18,57272,57272,0
4,US42->CS26,57195,57195,0
4,US42->CS34,56997,56997,0
4,US42->CS42,57064,57064,0
4,US42->CS50,57308,57308,0
4,US42->CS58,57191,57191,0
4,US43->CS3,57087,57087,0
4,US43->CS11,57307,57307,0
4,US43->CS19,57117,57117,0
4,US43->CS27,57231,57231,0
4,US43->CS35,57251,57251,0
4,US43->CS43,57348,57348,0
4,US43->CS51,57101,57101,0
4,US43->CS59,56905,56905,0
4,US44->CS4,57219,57219,0
4,US44->CS12,57332,57332,0
4,US44->CS20,57080,57080,0
4,US44->CS28,57247,57247,0
4,US44->CS36,56881,56881,0
4,US44->CS44,56918,56918,0
4,US44->CS52,56901,56901,0
4,US44->CS60,57154,57154,0
4,US45->CS5,56983,56983,0
4,US45->CS13,57566,57566,0
4,US45->CS21,57090,57090,0
4,US45->CS29,57158,57158,0
4,US45->CS37,57538,57538,0
4,US45->CS45,56846,56846,0
4,US45->CS53,57350,57350,0
4,US45->CS61,57110,57110,0
4,US46->CS6,57919,57919,0
4,US46->CS14,56841,56841,0
4,US46->CS22,57293,57293,0
4,US46->CS30,56970,56970,0
4,US46->CS38,57560,57560,0
4,US46->CS46,57365,57365,0
4,US46->CS54,57094,57094,0
4,US46->CS62,57077,57077,0
4,US47->CS7,57007,57007,0
4,US47->CS15,57391,57391,0
4,US47->CS23,57389,57389,0
4,US47->CS31,56789,56789,0
4,US47->CS39,57559,57559,0
4,US47->CS47,57308,57308,0
4,US47->CS55,57534,57534,0
4,US47->CS63,57193,57193,0
4,US48->CS0,51816,51816,0
4,US48->CS8,52040,52040,0
4,US48->CS16,52164,52164,0
4,US48->CS24,51677,51677,0
4,US48->CS32,51162,51162,0
4,US48->CS40,51363,51363,0
4,US48->CS48,51345,51345,0
4,US48->CS56,51533,51533,0
4,US49->CS1,51430,51430,0
4,US49->CS9,51301,51301,0
4,US49->CS17,52132,52132,0
4,US49->CS25,51451,51451,0
4,US49->CS33,51487,51487,0
4,US49->CS41,51611,51611,0
4,US49->CS49,51861,51861,0
4,US49->CS57,51965,51965,0
4,US50->CS2,51708,51708,0
4,US50->CS10,51940,51940,0
4,US50->CS18,51959,51959,0
4,US50->CS26,51430,51430,0
4,US50->CS34,51482,51482,0
4,US50->CS42,51467,51467,0
4,US50->CS50,51595,51595,0
4,US50->CS58,51393,51393,0
4,US51->CS3,51538,51538,0
4,US51->CS11,51371,51371,0
4,US51->CS19,51514,51514,0
4,US51->CS27,51951,51951,0
4,US51->CS35,51387,51387,0
4,US51->CS43,51273,51273,0
4,US51->CS51,51600,51600,0
4,US51->CS59,51855,51855,0
4,US52->CS4,51633,51633,0
4,US52->CS12,52106,52106,0
4,US52->CS20,51552,51552,0
4,US52->CS28,51844,51844,0
4,US52->CS36,51799,51799,0
4,US52->CS44,51394,51394,0
4,US52->CS52,51383,51383,0
4,US52->CS60,51908,51908,0
4,US53->CS5,51628,51628,0
4,US53->CS13,51721,51721,0
4,US53->CS21,51790,51790,0
4,US53->CS29,51732,51732,0
4,US53->CS37,51710,51710,0
4,US53->CS45,51873,51873,0
4,US53->CS53,51763,51763,0
4,US53->CS61,51675,51675,0
4,US54->CS6,51611,51611,0
4,US54->CS14,51501,51501,0
4,US54->CS22,51667,51667,0
4,US54->CS30,51500,51500,0
4,US54->CS38,51719,51719,0
4,US54->CS46,51697,51697,0
4,US54->CS54,51463,51463,0
4,US54->CS62,51826,51826,0
4,US55->CS7,51338,51338,0
4,US55->CS15,51885,51885,0
4,US55->CS23,51614,51614,0
4,US55->CS31,51482,51482,0
4,US55->CS39,51615,51615,0
4,US55->CS47,51401,51401,0
4,US55->CS55,51122,51122,0
4,US55->CS63,51577,51577,0
4,US56->CS0,0,0,0
4,US56->CS8,0,0,0
4,US56->CS16,0,0,0
4,US56->CS24,0,0,0
4,US56->CS32,0,0,0
4,US56->CS40,0,0,0
4,US56->CS48,0,0,0
4,US56->CS56,0,0,0
4,US57->CS1,0,0,0
4,US57->CS9,0,0,0
4,US57->CS17,0,0,0
4,US57->CS25,0,0,0
4,US57->CS33,0,0,0
4,US57->CS41,0,0,0
4,US57->CS49,0,0,0
4,US57->CS57,0,0,0
4,US58->CS2,0,0,0
4,US58->CS10,0,0,0
4,US58->CS18,0,0,0
4,US58->CS26,0,0,0
4,US58->CS34,0,0,0
4,US58->CS42,0,0,0
4,US58->CS50,0,0,0
4,US58->CS58,0,0,0
4,US59->CS3,0,0,0
4,US59->CS11,0,0,0
4,US59->CS19,0,0,0
4,US59->CS27,0,0,0
4,US59->CS35,0,0,0
4,US59->CS43,0,0,0
4,US59->CS51,0,0,0
4,US59->CS59,0,0,0
4,US60->CS4,0,0,0
4,US60->CS12,0,0,0
4,US60->CS20,0,0,0
4,US60->CS28,0,0,0
4,US60->CS36,0,0,0
4,US60->CS44,0,0,0
4,US60->CS52,0,0,0
4,US60->CS60,0,0,0
4,US61->CS5,0,0,0
4,US61->CS13,0,0,0
4,US61->CS21,0,0,0
4,US61->CS29,0,0,0
4,US61->CS37,0,0,0
4,US61->CS45,0,0,0
4,US61->CS53,0,0,0
4,US61->CS61,0,0,0
4,US62->CS6,0,0,0
4,US62->CS14,0,0,0
4,US62->CS22,0,0,0
4,US62->CS30,0,0,0
4,US62->CS38,0,0,0
4,US62->CS46,0,0,0
4,US62->CS54,0,0,0
4,US62->CS62,0,0,0
4,US63->CS7,0,0,0
4,US63->CS15,0,0,0
4,US63->CS23,0,0,0
4,US63->CS31,0,0,0
4,US63->CS39,0,0,0
4,US63->CS47,0,0,0
4,US63->CS55,0,0,0
4,US63->CS63,0,0,0
4,US64->CS0,0,0,0
4,US64->CS8,0,0,0
4,US64->CS16,0,0,0
4,US64->CS24,0,0,0
4,US64->CS32,0,0,0
4,US64->CS40,0,0,0
4,US64->CS48,0,0,0
4,US64->CS56,0,0,0
4,US65->CS1,0,0,0
4,US65->CS9,0,0,0
4,US65->CS17,0,0,0
4,US65->CS25,0,0,0
4,US65->CS33,0,0,0
4,US65->CS41,0,0,0
4,US65->CS49,0,0,0
4,US65->CS57,0,0,0
4,US66->CS2,0,0,0
4,US66->CS10,0,0,0
4,US66->CS18,0,0,0
4,US66->CS26,0,0,0
4,US66->CS34,0,0,0
4,US66->CS42,0,0,0
4,US66->CS50,0,0,0
4,US66->CS58,0,0,0
4,US67->CS3,0,0,0
4,US67->CS11,0,0,0
4,US67->CS19,0,0,0
4,US67->CS27,0,0,0
4,US67->CS35,0,0,0
4,US67->CS43,0,0,0
4,US67->CS51,0,0,0
4,US67->CS59,0,0,0
4,US68->CS4,0,0,0
4,US68->CS12,0,0,0
4,US68->CS20,0,0,0
4,US68->CS28,0,0,0
4,US68->CS36,0,0,0
4,US68->CS44,0,0,0
4,US68->CS52,0,0,0
4,US68->CS60,0,0,0
4,US69->CS5,0,0,0
4,US69->CS13,0,0,0
4,US69->CS21,0,0,0
4,US69->CS29,0,0,0
4,US69->CS37,0,0,0
4,US69->CS45,0,0,0
4,US69->CS53,0,0,0
4,US69->CS61,0,0,0
4,US70->CS6,0,0,0
4,US70->CS14,0,0,0
4,US70->CS22,0,0,0
4,US70->CS30,0,0,0
4,US70->CS38,0,0,0
4,US70->CS46,0,0,0
4,US70->CS54,0,0,0
4,US70->CS62,0,0,0
4,US71->CS7,0,0,0
4,US71->CS15,0,0,0
4,US71->CS23,0,0,0
4,US71->CS31,0,0,0
4,US71->CS39,0,0,0
4,US71->CS47,0,0,0
4,US71->CS55,0,0,0
4,US71->CS63,0,0,0
4,US72->CS0,42941,42941,0
4,US72->CS8,42716,42716,0
4,US72->CS16,42885,42884,0
4,US72->CS24,42245,42245,0
4,US72->CS32,43050,43050,0
4,US72->CS40,42278,42278,0
4,US72->CS48,42482,42482,0
4,US72->CS56,42677,42677,0
4,US73->CS1,42703,42703,0
4,US73->CS9,42712,42712,0
4,US73->CS17,43189,43189,0
4,US73->CS25,42288,42288,0
4,US73->CS33,42669,42669,0
4,US73->CS41,42447,42447,0
4,US73->CS49,43002,43002,0
4,US73->CS57,43055,43054,0
4,US74->CS2,42742,42742,0
4,US74->CS10,42855,42855,0
4,US74->CS18,43249,43249,0
4,US74->CS26,42926,42925,0
4,US74->CS34,42588,42588,0
4,US74->CS42,42832,42832,0
4,US74->CS50,42494,42493,0
4,US74->CS58,42552,42551,0
4,US75->CS3,42958,42958,0
4,US75->CS11,42796,42796,0
4,US75->CS19,42528,42528,0
4,US75->CS27,42705,42704,0
4,US75->CS35,42950,42950,0
4,US75->CS43,42353,42353,0
4,US75->CS51,42997,42997,0
4,US75->CS59,42771,42770,0
4,US76->CS4,42562,42561,0
4,US76->CS12,42810,42810,0
4,US76->CS20,42399,42398,0
4,US76->CS28,42785,42785,0
4,US76->CS36,42976,42975,0
4,US76->CS44,42617,42615,0
4,US76->CS52,42461,42461,0
4,US76->CS60,42817,42816,0
4,US77->CS5,42617,42616,0
4,US77->CS13,42537,42537,0
4,US77->CS21,43036,43036,0
4,US77->CS29,42540,42539,0
4,US77->CS37,42830,42829,0
4,US77->CS45,42466,42465,0
4,US77->CS53,42673,42673,0
4,US77->CS61,42736,42736,0
4,US78->CS6,42903,42903,0
4,US78->CS14,42462,42462,0
4,US78->CS22,42743,42743,0
4,US78->CS30,43092,43092,0
4,US78->CS38,42913,42913,0
4,US78->CS46,42916,42916,0
4,US78->CS54,42804,42804,0
4,US78->CS62,42718,42717,0
4,US79->CS7,43410,43409,0
4,US79->CS15,43111,43111,0
4,US79->CS23,42978,42977,0
4,US79->CS31,42963,42963,0
4,US79->CS39,42985,42984,0
4,US79->CS47,42668,42668,0
4,US79->CS55,42998,42998,0
4,US79->CS63,42722,42722,0
4,US80->CS0,0,0,0
4,US80->CS8,0,0,0
4,US80->CS16,0,0,0
4,US80->CS24,0,0,0
4,US80->CS32,0,0,0
4,US80->CS40,0,0,0
4,US80->CS48,0,0,0
4,US80->CS56,0,0,0
4,US81->CS1,0,0,0
4,US81->CS9,0,0,0
4,US81->CS17,0,0,0
4,US81->CS25,0,0,0
4,US81->CS33,0,0,0
4,US81->CS41,0,0,0
4,US81->CS49,0,0,0
4,US81->CS57,0,0,0
4,US82->CS2,0,0,0
4,US82->CS10,0,0,0
4,US82->CS18,0,0,0
4,US82->CS26,0,0,0
4,US82->CS34,0,0,0
4,US82->CS42,0,0,0
4,US82->CS50,0,0,0
4,US82->CS58,0,0,0
4,US83->CS3,0,0,0
4,US83->CS11,0,0,0
4,US83->CS19,0,0,0
4,US83->CS27,0,0,0
4,US83->CS35,0,0,0
4,US83->CS43,0,0,0
4,US83->CS51,0,0,0
4,US83->CS59,0,0,0
4,US84->CS4,0,0,0
4,US84->CS12,0,0,0
4,US84->CS20,0,0,0
4,US84->CS28,0,0,0
4,US84->CS36,0,0,0
4,US84->CS44,0,0,0
4,US84->CS52,0,0,0
4,US84->CS60,0,0,0
4,US85->CS5,0,0,0
4,US85->CS13,0,0,0
4,US85->CS21,0,0,0
4,US85->CS29,0,0,0
4,US85->CS37,0,0,0
4,US85->CS45,0,0,0
4,US85->CS53,0,0,0
4,US85->CS61,0,0,0
4,US86->CS6,0,0,0
4,US86->CS14,0,0,0
4,US86->CS22,0,0,0
4,US86->CS30,0,0,0
4,US86->CS38,0,0,0
4,US86->CS46,0,0,0
4,US86->CS54,0,0,0
4,US86->CS62,0,0,0
4,US87->CS7,0,0,0
4,US87->CS15,0,0,0
4,US87->CS23,0,0,0
4,US87->CS31,0,0,0
4,US87->CS39,0,0,0
4,US87->CS47,0,0,0
4,US87->CS55,0,0,0
4,US87->CS63,0,0,0
4,US88->CS0,42413,42412,0
4,US88->CS8,42229,42229,0
4,US88->CS16,42356,42356,0
4,US88->CS24,42509,42508,0
4,US88->CS32,42460,42460,0
4,US88->CS40,42515,42515,0
4,US88->CS48,42506,42505,0
4,US88->CS56,42333,42333,0
4,US89->CS1,42306,42306,0
4,US89->CS9,42788,42787,0
4,US89->CS17,42511,42511,0
4,US89->CS25,42649,42649,0
4,US89->CS33,42507,42506,0
4,US89->CS41,41981,41981,0
4,US89->CS49,42274,42274,0
4,US89->CS57,42085,42085,0
4,US90->CS2,42180,42180,0
4,US90->CS10,42366,42365,0
4,US90->CS18,42278,42278,0
4,US90->CS26,42421,42421,0
4,US90->CS34,42163,42163,0
4,US90->CS42,42666,42666,0
4,US90->CS50,42651,42651,0
4,US90->CS58,42573,42573,0
4,US91->CS3,42585,42584,0
4,US91->CS11,42289,42289,0
4,US91->CS19,42597,42597,0
4,US91->CS27,42276,42276,0
4,US91->CS35,42493,42493,0
4,US91->CS43,42577,42576,0
4,US91->CS51,42317,42317,0
4,US91->CS59,42654,42654,0
4,US92->CS4,42397,42395,0
4,US92->CS12,42623,42623,0
4,US92->CS20,42392,42392,0
4,US92->CS28,42307,42307,0
4,US92->CS36,42319,42319,0
4,US92->CS44,42461,42461,0
4,US92->CS52,42125,42125,0
4,US92->CS60,42848,42848,0
4,US93->CS5,42544,42544,0
4,US93->CS13,42561,42561,0
4,US93->CS21,42247,42247,0
4,US93->CS29,42277,42277,0
4,US93->CS37,42421,42421,0
4,US93->CS45,42407,42406,0
4,US93->CS53,42575,42575,0
4,US93->CS61,42767,42767,0
4,US94->CS6,42456,42453,0
4,US94->CS14,42249,42248,0
4,US94->CS22,42681,42681,0
4,US94->CS30,42315,42315,0
4,US94->CS38,42435,42435,0
4,US94->CS46,42354,42354,0
4,US94->CS54,42408,42407,0
4,US94->CS62,42572,42571,0
4,US95->CS7,42309,42309,0
4,US95->CS15,42520,42520,0
4,US95->CS23,41885,41885,0
4,US95->CS31,41898,41898,0
4,US95->CS39,42453,42452,0
4,US95->CS47,42517,42517,0
4,US95->CS55,41985,41985,0
4,US95->CS63,42417,42417,0
4,US96->CS0,0,0,0
4,US96->CS8,0,0,0
4,US96->CS16,0,0,0
4,US96->CS24,0,0,0
4,US96->CS32,0,0,0
4,US96->CS40,0,0,0
4,US96->CS48,0,0,0
4,US96->CS56,0,0,0
4,US97->CS1,0,0,0
4,US97->CS9,0,0,0
4,US97->CS17,0,0,0
4,US97->CS25,0,0,0
4,US97->CS33,0,0,0
4,US97->CS41,0,0,0
4,US97->CS49,0,0,0
4,US97->CS57,0,0,0
4,US98->CS2,0,0,0
4,US98->CS10,0,0,0
4,US98->CS18,0,0,0
4,US98->CS26,0,0,0
4,US98->CS34,0,0,0
4,US98->CS42,0,0,0
4,US98->CS50,0,0,0
4,US98->CS58,0,0,0
4,US99->CS3,0,0,0
4,US99->CS11,0,0,0
4,US99->CS19,0,0,0
4,US99->CS27,0,0,0
4,US99->CS35,0,0,0
4,US99->CS43,0,0,0
4,US99->CS51,0,0,0
4,US99->CS59,0,0,0
4,US100->CS4,0,0,0
4,US100->CS12,0,0,0
4,US100->CS20,0,0,0
4,US100->CS28,0,0,0
4,US100->CS36,0,0,0
4,US100->CS44,0,0,0
4,US100->CS52,0,0,0
4,US100->CS60,0,0,0
4,US101->CS5,0,0,0
4,US101->CS13,0,0,0
4,US101->CS21,0,0,0
4,US101->CS29,0,0,0
4,US101->CS37,0,0,0
4,US101->CS45,0,0,0
4,US101->CS53,0,0,0
4,US101->CS61,0,0,0
4,US102->CS6,0,0,0
4,US102->CS14,0,0,0
4,US102->CS22,0,0,0
4,US102->CS30,0,0,0
4,US102->CS38,0,0,0
4,US102->CS46,0,0,0
4,US102->CS54,0,0,0
4,US102->CS62,0,0,0
4,US103->CS7,0,0,0
4,US103->CS15,0,0,0
4,US103->CS23,0,0,0
4,US103->CS31,0,0,0
4,US103->CS39,0,0,0
4,US103->CS47,0,0,0
4,US103->CS55,0,0,0
4,US103->CS63,0,0,0
4,US104->CS0,0,0,0
4,US104->CS8,0,0,0
4,US104->CS16,0,0,0
4,US104->CS24,0,0,0
4,US104->CS32,0,0,0
4,US104->CS40,0,0,0
4,US104->CS48,0,0,0
4,US104->CS56,0,0,0
4,US105->CS1,0,0,0
4,US105->CS9,0,0,0
4,US105->CS17,0,0,0
4,US105->CS25,0,0,0
4,US105->CS33,0,0,0
4,US105->CS41,0,0,0
4,US105->CS49,0,0,0
4,US105->CS57,0,0,0
4,US106->CS2,0,0,0
4,US106->CS10,0,0,0
4,US106->CS18,0,0,0
4,US106->CS26,0,0,0
4,US106->CS34,0,0,0
4,US106->CS42,0,0,0
4,US106->CS50,0,0,0
4,US106->CS58,0,0,0
4,US107->CS3,0,0,0
4,US107->CS11,0,0,0
4,US107->CS19,0,0,0
4,US107->CS27,0,0,0
4,US107->CS35,0,0,0
4,US107->CS43,0,0,0
4,US107->CS51,0,0,0
4,US107->CS59,0,0,0
4,US108->CS4,0,0,0
4,US108->CS12,0,0,0
4,US108->CS20,0,0,0
4,US108->CS28,0,0,0
4,US108->CS36,0,0,0
4,US108->CS44,0,0,0
4,US108->CS52,0,0,0
4,US108->CS60,0,0,0
4,US109->CS5,0,0,0
4,US109->CS13,0,0,0
4,US109->CS21,0,0,0
4,US109->CS29,0,0,0
4,US109->CS37,0,0,0
4,US109->CS45,0,0,0
4,US109->CS53,0,0,0
4,US109->CS61,0,0,0
4,US110->CS6,0,0,0
4,US110->CS14,0,0,0
4,US110->CS22,0,0,0
4,US110->CS30,0,0,0
4,US110->CS38,0,0,0
4,US110->CS46,0,0,0
4,US110->CS54,0,0,0
4,US110->CS62,0,0,0
4,US111->CS7,0,0,0
4,US111->CS15,0,0,0
4,US111->CS23,0,0,0
4,US111->CS31,0,0,0
4,US111->CS39,0,0,0
4,US111->CS47,0,0,0
4,US111->CS55,0,0,0
4,US111->CS63,0,0,0
4,US112->CS0,50920,50920,0
4,US112->CS8,50886,50886,0
4,US112->CS16,51278,51278,0
4,US112->CS24,51152,51152,0
4,US112->CS32,51162,51162,0
4,US112->CS40,50949,50949,0
4,US112->CS48,50907,50907,0
4,US112->CS56,50783,50783,0
4,US113->CS1,51094,51094,0
4,US113->CS9,51502,51502,0
4,US113->CS17,50700,50700,0
4,US113->CS25,51364,51364,0
4,US113->CS33,50685,50685,0
4,US113->CS41,50946,50946,0
4,US113->CS49,50994,50994,0
4,US113->CS57,50933,50933,0
4,US114->CS2,51386,51386,0
4,US114->CS10,51027,51027,0
4,US114->CS18,50726,50726,0
4,US114->CS26,51006,51006,0
4,US114->CS34,51087,51087,0
4,US114->CS42,51048,51048,0
4,US114->CS50,51234,51234,0
4,US114->CS58,50966,50966,0
4,US115->CS3,50993,50993,0
4,US115->CS11,50844,50844,0
4,US115->CS19,51080,51080,0
4,US115->CS27,51167,51167,0
4,US115->CS35,50742,50742,0
4,US115->CS43,50851,50851,0
4,US115->CS51,51133,51133,0
4,US115->CS59,50930,50930,0
4,US116->CS4,51030,51030,0
4,US116->CS12,50742,50742,0
4,US116->CS20,50977,50977,0
4,US116->CS28,51141,51141,0
4,US116->CS36,50909,50909,0
4,US116->CS44,51288,51288,0
4,US116->CS52,50849,50849,0
4,US116->CS60,51010,51010,0
4,US117->CS5,51203,51203,0
4,US117->CS13,50766,50766,0
4,US117->CS21,51194,51194,0
4,US117->CS29,50915,50915,0
4,US117->CS37,50872,50872,0
4,US117->CS45,51017,51017,0
4,US117->CS53,50722,50722,0
4,US117->CS61,50717,50717,0
4,US118->CS6,50810,50810,0
4,US118->CS14,50958,50958,0
4,US118->CS22,50802,50802,0
4,US118->CS30,51018,51018,0
4,US118->CS38,51224,51224,0
4,US118->CS46,50932,50932,0
4,US118->CS54,51242,51242,0
4,US118->CS62,50712,50712,0
4,US119->CS7,51219,51219,0
4,US119->CS15,50887,50887,0
4,US119->CS23,50634,50634,0
4,US119->CS31,50947,50947,0
4,US119->CS39,51168,51168,0
4,US119->CS47,51191,51191,0
4,US119->CS55,50805,50805,0
4,US119->CS63,50949,50949,0
4,US120->CS0,0,0,0
4,US120->CS8,0,0,0
4,US120->CS16,0,0,0
4,US120->CS24,0,0,0
4,US120->CS32,0,0,0
4,US120->CS40,0,0,0
4,US120->CS48,0,0,0
4,US120->CS56,0,0,0
4,US121->CS1,0,0,0
4,US121->CS9,0,0,0
4,US121->CS17,0,0,0
4,US121->CS25,0,0,0
4,US121->CS33,0,0,0
4,US121->CS41,0,0,0
4,US121->CS49,0,0,0
4,US121->CS57,0,0,0
4,US122->CS2,0,0,0
4,US122->CS10,0,0,0
4,US122->CS18,0,0,0
4,US122->CS26,0,0,0
4,US122->CS34,0,0,0
4,US122->CS42,0,0,0
4,US122->CS50,0,0,0
4,US122->CS58,0,0,0
4,US123->CS3,0,0,0
4,US123->CS11,0,0,0
4,US123->CS19,0,0,0
4,US123->CS27,0,0,0
4,US123->CS35,0,0,0
4,US123->CS43,0,0,0
4,US123->CS51,0,0,0
4,US123->CS59,0,0,0
4,US124->CS4,0,0,0
4,US124->CS12,0,0,0
4,US124->CS20,0,0,0
4,US124->CS28,0,0,0
4,US124->CS36,0,0,0
4,US124->CS44,0,0,0
4,US124->CS52,0,0,0
4,US124->CS60,0,0,0
4,US125->CS5,0,0,0
4,US125->CS13,0,0,0
4,US125->CS21,0,0,0
4,US125->CS29,0,0,0
4,US125->CS37,0,0,0
4,US125->CS45,0,0,0
4,US125->CS53,0,0,0
4,US125->CS61,0,0,0
4,US126->CS6,0,0,0
4,US126->CS14,0,0,0
4,US126->CS22,0,0,0
4,US126->CS30,0,0,0
4,US126->CS38,0,0,0
4,US126->CS46,0,0,0
4,US126->CS54,0,0,0
4,US126->CS62,0,0,0
4,US127->CS7,0,0,0
4,US127->CS15,0,0,0
4,US127->CS23,0,0,0
4,US127->CS31,0,0,0
4,US127->CS39,0,0,0
4,US127->CS47,0,0,0
4,US127->CS55,0,0,0
4,US127->CS63,0,0,0
4,CS0->US0,51674,51674,0
4,CS0->US8,0,0,0
4,CS0->US16,0,0,0
4,CS0->US24,0,0,0
4,CS0->US32,0,0,0
4,CS0->US40,51012,51012,0
4,CS0->US48,51306,51306,0
4,CS0->US56,0,0,0
4,CS0->US64,0,0,0
4,CS0->US72,42436,42436,0
4,CS0->US80,0,0,0
4,CS0->US88,42991,42991,0
4,CS0->US96,0,0,0
4,CS0->US104,0,0,0
4,CS0->US112,57308,57308,0
4,CS0->US120,0,0,0
4,CS1->US1,51244,51244,0
4,CS1->US9,0,0,0
4,CS1->US17,0,0,0
4,CS1->US25,0,0,0
4,CS1->US33,0,0,0
4,CS1->US41,51221,51221,0
4,CS1->US49,51568,51568,0
4,CS1->US57,0,0,0
4,CS1->US65,0,0,0
4,CS1->US73,42312,42312,0
4,CS1->US81,0,0,0
4,CS1->US89,42762,42762,0
4,CS1->US97,0,0,0
4,CS1->US105,0,0,0
4,CS1->US113,57382,57382,0
4,CS1->US121,0,0,0
4,CS2->US2,51528,51528,0
4,CS2->US10,0,0,0
4,CS2->US18,0,0,0
4,CS2->US26,0,0,0
4,CS2->US34,0,0,0
4,CS2->US42,51460,51460,0
4,CS2->US50,51210,51210,0
4,CS2->US58,0,0,0
4,CS2->US66,0,0,0
4,CS2->US74,42242,42242,0
4,CS2->US82,0,0,0
4,CS2->US90,42848,42847,0
4,CS2->US98,0,0,0
4,CS2->US106,0,0,0
4,CS2->US114,57230,57230,0
4,CS2->US122,0,0,0
4,CS3->US3,51360,51360,0
4,CS3->US11,0,0,0
4,CS3->US19,0,0,0
4,CS3->US27,0,0,0
4,CS3->US35,0,0,0
4,CS3->US43,51128,51128,0
4,CS3->US51,51406,51406,0
4,CS3->US59,0,0,0
4,CS3->US67,0,0,0
4,CS3->US75,42653,42653,0
4,CS3->US83,0,0,0
4,CS3->US91,43001,43001,0
4,CS3->US99,0,0,0
4,CS3->US107,0,0,0
4,CS3->US115,57208,57208,0
4,CS3->US123,0,0,0
4,CS4->US4,51466,51466,0
4,CS4->US12,0,0,0
4,CS4->US20,0,0,0
4,CS4->US28,0,0,0
4,CS4->US36,0,0,0
4,CS4->US44,51124,51124,0
4,CS4->US52,51541,51541,0
4,CS4->US60,0,0,0
4,CS4->US68,0,0,0
4,CS4->US76,42442,42442,0
4,CS4->US84,0,0,0
4,CS4->US92,42634,42634,0
4,CS4->US100,0,0,0
4,CS4->US108,0,0,0
4,CS4->US116,57378,57378,0
4,CS4->US124,0,0,0
4,CS5->US5,51417,51417,0
4,CS5->US13,0,0,0
4,CS5->US21,0,0,0
4,CS5->US29,0,0,0
4,CS5->US37,0,0,0
4,CS5->US45,51329,51329,0
4,CS5->US53,51580,51580,0
4,CS5->US61,0,0,0
4,CS5->US69,0,0,0
4,CS5->US77,42620,42620,0
4,CS5->US85,0,0,0
4,CS5->US93,42701,42701,0
4,CS5->US101,0,0,0
4,CS5->US109,0,0,0
4,CS5->US117,57088,57088,0
4,CS5->US125,0,0,0
4,CS6->US6,51467,51467,0
4,CS6->US14,0,0,0
4,CS6->US22,0,0,0
4,CS6->US30,0,0,0
4,CS6->US38,0,0,0
4,CS6->US46,50855,50855,0
4,CS6->US54,51442,51442,0
4,CS6->US62,0,0,0
4,CS6->US70,0,0,0
4,CS6->US78,42465,42465,0
4,CS6->US86,0,0,0
4,CS6->US94,43002,43002,0
4,CS6->US102,0,0,0
4,CS6->US110,0,0,0
4,CS6->US118,58050,58050,0
4,CS6->US126,0,0,0
4,CS7->US7,51136,51136,0
4,CS7->US15,0,0,0
4,CS7->US23,0,0,0
4,CS7->US31,0,0,0
4,CS7->US39,0,0,0
4,CS7->US47,51319,51319,0
4,CS7->US55,51601,51601,0
4,CS7->US63,0,0,0
4,CS7->US71,0,0,0
4,CS7->US79,42326,42326,0
4,CS7->US87,0,0,0
4,CS7->US95,43511,43511,0
4,CS7->US103,0,0,0
4,CS7->US111,0,0,0
4,CS7->US119,57212,57212,0
4,CS7->US127,0,0,0
4,CS8->US0,51857,51857,0
4,CS8->US8,0,0,0
4,CS8->US16,0,0,0
4,CS8->US24,0,0,0
4,CS8->US32,0,0,0
4,CS8->US40,51013,51013,0
4,CS8->US48,51716,51716,0
4,CS8->US56,0,0,0
4,CS8->US64,0,0,0
4,CS8->US72,42244,42244,0
4,CS8->US80,0,0,0
4,CS8->US88,42772,42771,0
4,CS8->US96,0,0,0
4,CS8->US104,0,0,0
4,CS8->US112,57578,57578,0
4,CS8->US120,0,0,0
4,CS9->US1,51135,51135,0
4,CS9->US9,0,0,0
4,CS9->US17,0,0,0
4,CS9->US25,0,0,0
4,CS9->US33,0,0,0
4,CS9->US41,51626,51626,0
4,CS9->US49,51573,51573,0
4,CS9->US57,0,0,0
4,CS9->US65,0,0,0
4,CS9->US73,42809,42809,0
4,CS9->US81,0,0,0
4,CS9->US89,42754,42754,0
4,CS9->US97,0,0,0
4,CS9->US105,0,0,0
4,CS9->US113,57647,57647,0
4,CS9->US121,0,0,0
4,CS10->US2,51781,51781,0
4,CS10->US10,0,0,0
4,CS10->US18,0,0,0
4,CS10->US26,0,0,0
4,CS10->US34,0,0,0
4,CS10->US42,51111,51111,0
4,CS10->US50,51455,51455,0
4,CS10->US58,0,0,0
4,CS10->US66,0,0,0
4,CS10->US74,42373,42373,0
4,CS10->US82,0,0,0
4,CS10->US90,42930,42930,0
4,CS10->US98,0,0,0
4,CS10->US106,0,0,0
4,CS10->US114,57638,57638,0
4,CS10->US122,0,0,0
4,CS11->US3,51158,51158,0
4,CS11->US11,0,0,0
4,CS11->US19,0,0,0
4,CS11->US27,0,0,0
4,CS11->US35,0,0,0
4,CS11->US43,50997,50997,0
4,CS11->US51,51369,51369,0
4,CS11->US59,0,0,0
4,CS11->US67,0,0,0
4,CS11->US75,42339,42339,0
4,CS11->US83,0,0,0
4,CS11->US91,42856,42856,0
4,CS11->US99,0,0,0
4,CS11->US107,0,0,0
4,CS11->US115,57447,57447,0
4,CS11->US123,0,0,0
4,CS12->US4,51936,51936,0
4,CS12->US12,0,0,0
4,CS12->US20,0,0,0
4,CS12->US28,0,0,0
4,CS12->US36,0,0,0
4,CS12->US44,50893,50893,0
4,CS12->US52,51290,51290,0
4,CS12->US60,0,0,0
4,CS12->US68,0,0,0
4,CS12->US76,42671,42668,0
4,CS12->US84,0,0,0
4,CS12->US92,42829,42829,0
4,CS12->US100,0,0,0
4,CS12->US108,0,0,0
4,CS12->US116,57498,57498,0
4,CS12->US124,0,0,0
4,CS13->US5,51576,51576,0
4,CS13->US13,0,0,0
4,CS13->US21,0,0,0
4,CS13->US29,0,0,0
4,CS13->US37,0,0,0
4,CS13->US45,50828,50828,0
4,CS13->US53,51426,51426,0
4,CS13->US61,0,0,0
4,CS13->US69,0,0,0
4,CS13->US77,42575,42575,0
4,CS13->US85,0,0,0
4,CS13->US93,42619,42619,0
4,CS13->US101,0,0,0
4,CS13->US109,0,0,0
4,CS13->US117,57748,57748,0
4,CS13->US125,0,0,0
4,CS14->US6,51314,51314,0
4,CS14->US14,0,0,0
4,CS14->US22,0,0,0
4,CS14->US30,0,0,0
4,CS14->US38,0,0,0
4,CS14->US46,51054,51054,0
4,CS14->US54,51593,51593,0
4,CS14->US62,0,0,0
4,CS14->US70,0,0,0
4,CS14->US78,42289,42289,0
4,CS14->US86,0,0,0
4,CS14->US94,42553,42551,0
4,CS14->US102,0,0,0
4,CS14->US110,0,0,0
4,CS14->US118,56975,56975,0
4,CS14->US126,0,0,0
4,CS15->US7,51681,51681,0
4,CS15->US15,0,0,0
4,CS15->US23,0,0,0
4,CS15->US31,0,0,0
4,CS15->US39,0,0,0
4,CS15->US47,51018,51018,0
4,CS15->US55,51051,51051,0
4,CS15->US63,0,0,0
4,CS15->US71,0,0,0
4,CS15->US79,42533,42533,0
4,CS15->US87,0,0,0
4,CS15->US95,43184,43184,0
4,CS15->US103,0,0,0
4,CS15->US111,0,0,0
4,CS15->US119,57611,57611,0
4,CS15->US127,0,0,0
4,CS16->US0,51952,51952,0
4,CS16->US8,0,0,0
4,CS16->US16,0,0,0
4,CS16->US24,0,0,0
4,CS16->US32,0,0,0
4,CS16->US40,51445,51445,0
4,CS16->US48,51518,51518,0
4,CS16->US56,0,0,0
4,CS16->US64,0,0,0
4,CS16->US72,42396,42396,0
4,CS16->US80,0,0,0
4,CS16->US88,42929,42929,0
4,CS16->US96,0,0,0
4,CS16->US104,0,0,0
4,CS16->US112,57471,57471,0
4,CS16->US120,0,0,0
4,CS17->US1,51948,51948,0
4,CS17->US9,0,0,0
4,CS17->US17,0,0,0
4,CS17->US25,0,0,0
4,CS17->US33,0,0,0
4,CS17->US41,50827,50827,0
4,CS17->US49,51145,51145,0
4,CS17->US57,0,0,0
4,CS17->US65,0,0,0
4,CS17->US73,42531,42530,0
4,CS17->US81,0,0,0
4,CS17->US89,43246,43246,0
4,CS17->US97,0,0,0
4,CS17->US105,0,0,0
4,CS17->US113,57537,57537,0
4,CS17->US121,0,0,0
4,CS18->US2,51756,51756,0
4,CS18->US10,0,0,0
4,CS18->US18,0,0,0
4,CS18->US26,0,0,0
4,CS18->US34,0,0,0
4,CS18->US42,50868,50868,0
4,CS18->US50,51108,51108,0
4,CS18->US58,0,0,0
4,CS18->US66,0,0,0
4,CS18->US74,42300,42300,0
4,CS18->US82,0,0,0
4,CS18->US90,43310,43309,0
4,CS18->US98,0,0,0
4,CS18->US106,0,0,0
4,CS18->US114,57429,57429,0
4,CS18->US122,0,0,0
4,CS19->US3,51313,51313,0
4,CS19->US11,0,0,0
4,CS19->US19,0,0,0
4,CS19->US27,0,0,0
4,CS19->US35,0,0,0
4,CS19->US43,51216,51216,0
4,CS19->US51,51494,51494,0
4,CS19->US59,0,0,0
4,CS19->US67,0,0,0
4,CS19->US75,42617,42617,0
4,CS19->US83,0,0,0
4,CS19->US91,42593,42593,0
4,CS19->US99,0,0,0
4,CS19->US107,0,0,0
4,CS19->US115,57244,57244,0
4,CS19->US123,0,0,0
4,CS20->US4,51373,51373,0
4,CS20->US12,0,0,0
4,CS20->US20,0,0,0
4,CS20->US28,0,0,0
4,CS20->US36,0,0,0
4,CS20->US44,51098,51098,0
4,CS20->US52,51312,51312,0
4,CS20->US60,0,0,0
4,CS20->US68,0,0,0
4,CS20->US76,42405,42405,0
4,CS20->US84,0,0,0
4,CS20->US92,42456,42454,0
4,CS20->US100,0,0,0
4,CS20->US108,0,0,0
4,CS20->US116,57274,57274,0
4,CS20->US124,0,0,0
4,CS21->US5,51592,51592,0
4,CS21->US13,0,0,0
4,CS21->US21,0,0,0
4,CS21->US29,0,0,0
4,CS21->US37,0,0,0
4,CS21->US45,51302,51302,0
4,CS21->US53,51412,51412,0
4,CS21->US61,0,0,0
4,CS21->US69,0,0,0
4,CS21->US77,42268,42268,0
4,CS21->US85,0,0,0
4,CS21->US93,43126,43126,0
4,CS21->US101,0,0,0
4,CS21->US109,0,0,0
4,CS21->US117,57310,57310,0
4,CS21->US125,0,0,0
4,CS22->US6,51463,51463,0
4,CS22->US14,0,0,0
4,CS22->US22,0,0,0
4,CS22->US30,0,0,0
4,CS22->US38,0,0,0
4,CS22->US46,50921,50921,0
4,CS22->US54,51364,51364,0
4,CS22->US62,0,0,0
4,CS22->US70,0,0,0
4,CS22->US78,42738,42738,0
4,CS22->US86,0,0,0
4,CS22->US94,42828,42827,0
4,CS22->US102,0,0,0
4,CS22->US110,0,0,0
4,CS22->US118,57438,57438,0
4,CS22->US126,0,0,0
4,CS23->US7,51405,51405,0
4,CS23->US15,0,0,0
4,CS23->US23,0,0,0
4,CS23->US31,0,0,0
4,CS23->US39,0,0,0
4,CS23->US47,50789,50789,0
4,CS23->US55,51686,51686,0
4,CS23->US63,0,0,0
4,CS23->US71,0,0,0
4,CS23->US79,41916,41915,0
4,CS23->US87,0,0,0
4,CS23->US95,43031,43031,0
4,CS23->US103,0,0,0
4,CS23->US111,0,0,0
4,CS23->US119,57540,57540,0
4,CS23->US127,0,0,0
4,CS24->US0,51467,51467,0
4,CS24->US8,0,0,0
4,CS24->US16,0,0,0
4,CS24->US24,0,0,0
4,CS24->US32,0,0,0
4,CS24->US40,51273,51273,0
4,CS24->US48,51687,51687,0
4,CS24->US56,0,0,0
4,CS24->US64,0,0,0
4,CS24->US72,42506,42506,0
4,CS24->US80,0,0,0
4,CS24->US88,42334,42334,0
4,CS24->US96,0,0,0
4,CS24->US104,0,0,0
4,CS24->US112,57332,57332,0
4,CS24->US120,0,0,0
4,CS25->US1,51277,51277,0
4,CS25->US9,0,0,0
4,CS25->US17,0,0,0
4,CS25->US25,0,0,0
4,CS25->US33,0,0,0
4,CS25->US41,51501,51501,0
4,CS25->US49,51369,51369,0
4,CS25->US57,0,0,0
4,CS25->US65,0,0,0
4,CS25->US73,42706,42706,0
4,CS25->US81,0,0,0
4,CS25->US89,42325,42324,0
4,CS25->US97,0,0,0
4,CS25->US105,0,0,0
4,CS25->US113,57034,57034,0
4,CS25->US121,0,0,0
4,CS26->US2,51187,51187,0
4,CS26->US10,0,0,0
4,CS26->US18,0,0,0
4,CS26->US26,0,0,0
4,CS26->US34,0,0,0
4,CS26->US42,51177,51177,0
4,CS26->US50,51771,51771,0
4,CS26->US58,0,0,0
4,CS26->US66,0,0,0
4,CS26->US74,42438,42438,0
4,CS26->US82,0,0,0
4,CS26->US90,42997,42997,0
4,CS26->US98,0,0,0
4,CS26->US106,0,0,0
4,CS26->US114,57373,57373,0
4,CS26->US122,0,0,0
4,CS27->US3,51787,51787,0
4,CS27->US11,0,0,0
4,CS27->US19,0,0,0
4,CS27->US27,0,0,0
4,CS27->US35,0,0,0
4,CS27->US43,51256,51256,0
4,CS27->US51,51461,51461,0
4,CS27->US59,0,0,0
4,CS27->US67,0,0,0
4,CS27->US75,42305,42305,0
4,CS27->US83,0,0,0
4,CS27->US91,42779,42779,0
4,CS27->US99,0,0,0
4,CS27->US107,0,0,0
4,CS27->US115,57389,57389,0
4,CS27->US123,0,0,0
4,CS28->US4,51647,51647,0
4,CS28->US12,0,0,0
4,CS28->US20,0,0,0
4,CS28->US28,0,0,0
4,CS28->US36,0,0,0
4,CS28->US44,51289,51289,0
4,CS28->US52,51682,51682,0
4,CS28->US60,0,0,0
4,CS28->US68,0,0,0
4,CS28->US76,42319,42319,0
4,CS28->US84,0,0,0
4,CS28->US92,42834,42833,0
4,CS28->US100,0,0,0
4,CS28->US108,0,0,0
4,CS28->US116,57394,57394,0
4,CS28->US124,0,0,0
4,CS29->US5,51578,51578,0
4,CS29->US13,0,0,0
4,CS29->US21,0,0,0
4,CS29->US29,0,0,0
4,CS29->US37,0,0,0
4,CS29->US45,51000,51000,0
4,CS29->US53,51345,51345,0
4,CS29->US61,0,0,0
4,CS29->US69,0,0,0
4,CS29->US77,42321,42321,0
4,CS29->US85,0,0,0
4,CS29->US93,42608,42608,0
4,CS29->US101,0,0,0
4,CS29->US109,0,0,0
4,CS29->US117,57322,57322,0
4,CS29->US125,0,0,0
4,CS30->US6,51327,51327,0
4,CS30->US14,0,0,0
4,CS30->US22,0,0,0
4,CS30->US30,0,0,0
4,CS30->US38,0,0,0
4,CS30->US46,51081,51081,0
4,CS30->US54,51469,51469,0
4,CS30->US62,0,0,0
4,CS30->US70,0,0,0
4,CS30->US78,42365,42365,0
4,CS30->US86,0,0,0
4,CS30->US94,43202,43202,0
4,CS30->US102,0,0,0
4,CS30->US110,0,0,0
4,CS30->US118,57111,57111,0
4,CS30->US126,0,0,0
4,CS31->US7,51268,51268,0
4,CS31->US15,0,0,0
4,CS31->US23,0,0,0
4,CS31->US31,0,0,0
4,CS31->US39,0,0,0
4,CS31->US47,51091,51091,0
4,CS31->US55,51356,51356,0
4,CS31->US63,0,0,0
4,CS31->US71,0,0,0
4,CS31->US79,41936,41935,0
4,CS31->US87,0,0,0
4,CS31->US95,43033,43032,0
4,CS31->US103,0,0,0
4,CS31->US111,0,0,0
4,CS31->US119,56935,56935,0
4,CS31->US127,0,0,0
4,CS32->US0,50962,50962,0
4,CS32->US8,0,0,0
4,CS32->US16,0,0,0
4,CS32->US24,0,0,0
4,CS32->US32,0,0,0
4,CS32->US40,51286,51286,0
4,CS32->US48,51346,51346,0
4,CS32->US56,0,0,0
4,CS32->US64,0,0,0
4,CS32->US72,42487,42487,0
4,CS32->US80,0,0,0
4,CS32->US88,43126,43126,0
4,CS32->US96,0,0,0
4,CS32->US104,0,0,0
4,CS32->US112,57343,57343,0
4,CS32->US120,0,0,0
4,CS33->US1,51281,51281,0
4,CS33->US9,0,0,0
4,CS33->US17,0,0,0
4,CS33->US25,0,0,0
4,CS33->US33,0,0,0
4,CS33->US41,50794,50794,0
4,CS33->US49,51294,51294,0
4,CS33->US57,0,0,0
4,CS33->US65,0,0,0
4,CS33->US73,42529,42529,0
4,CS33->US81,0,0,0
4,CS33->US89,42766,42766,0
4,CS33->US97,0,0,0
4,CS33->US105,0,0,0
4,CS33->US113,57296,57296,0
4,CS33->US121,0,0,0
4,CS34->US2,51290,51290,0
4,CS34->US10,0,0,0
4,CS34->US18,0,0,0
4,CS34->US26,0,0,0
4,CS34->US34,0,0,0
4,CS34->US42,51182,51182,0
4,CS34->US50,51705,51705,0
4,CS34->US58,0,0,0
4,CS34->US66,0,0,0
4,CS34->US74,42184,42183,0
4,CS34->US82,0,0,0
4,CS34->US90,42685,42685,0
4,CS34->US98,0,0,0
4,CS34->US106,0,0,0
4,CS34->US114,57184,57184,0
4,CS34->US122,0,0,0
4,CS35->US3,51154,51154,0
4,CS35->US11,0,0,0
4,CS35->US19,0,0,0
4,CS35->US27,0,0,0
4,CS35->US35,0,0,0
4,CS35->US43,50923,50923,0
4,CS35->US51,51577,51577,0
4,CS35->US59,0,0,0
4,CS35->US67,0,0,0
4,CS35->US75,42528,42528,0
4,CS35->US83,0,0,0
4,CS35->US91,43002,43001,0
4,CS35->US99,0,0,0
4,CS35->US107,0,0,0
4,CS35->US115,57400,57400,0
4,CS35->US123,0,0,0
4,CS36->US4,51554,51554,0
4,CS36->US12,0,0,0
4,CS36->US20,0,0,0
4,CS36->US28,0,0,0
4,CS36->US36,0,0,0
4,CS36->US44,51106,51106,0
4,CS36->US52,51357,51357,0
4,CS36->US60,0,0,0
4,CS36->US68,0,0,0
4,CS36->US76,42335,42335,0
4,CS36->US84,0,0,0
4,CS36->US92,43023,43022,0
4,CS36->US100,0,0,0
4,CS36->US108,0,0,0
4,CS36->US116,57050,57050,0
4,CS36->US124,0,0,0
4,CS37->US5,51542,51542,0
4,CS37->US13,0,0,0
4,CS37->US21,0,0,0
4,CS37->US29,0,0,0
4,CS37->US37,0,0,0
4,CS37->US45,50930,50930,0
4,CS37->US53,51480,51480,0
4,CS37->US61,0,0,0
4,CS37->US69,0,0,0
4,CS37->US77,42452,42452,0
4,CS37->US85,0,0,0
4,CS37->US93,42939,42939,0
4,CS37->US101,0,0,0
4,CS37->US109,0,0,0
4,CS37->US117,57645,57645,0
4,CS37->US125,0,0,0
4,CS38->US6,51590,51590,0
4,CS38->US14,0,0,0
4,CS38->US22,0,0,0
4,CS38->US30,0,0,0
4,CS38->US38,0,0,0
4,CS38->US46,51302,51302,0
4,CS38->US54,51399,51399,0
4,CS38->US62,0,0,0
4,CS38->US70,0,0,0
4,CS38->US78,42448,42448,0
4,CS38->US86,0,0,0
4,CS38->US94,42964,42964,0
4,CS38->US102,0,0,0
4,CS38->US110,0,0,0
4,CS38->US118,57751,57751,0
4,CS38->US126,0,0,0
4,CS39->US7,51403,51403,0
4,CS39->US15,0,0,0
4,CS39->US23,0,0,0
4,CS39->US31,0,0,0
4,CS39->US39,0,0,0
4,CS39->US47,51312,51312,0
4,CS39->US55,51419,51419,0
4,CS39->US63,0,0,0
4,CS39->US71,0,0,0
4,CS39->US79,42495,42495,0
4,CS39->US87,0,0,0
4,CS39->US95,43052,43052,0
4,CS39->US103,0,0,0
4,CS39->US111,0,0,0
4,CS39->US119,57738,57738,0
4,CS39->US127,0,0,0
4,CS40->US0,51142,51142,0
4,CS40->US8,0,0,0
4,CS40->US16,0,0,0
4,CS40->US24,0,0,0
4,CS40->US32,0,0,0
4,CS40->US40,51073,51073,0
4,CS40->US48,51449,51449,0
4,CS40->US56,0,0,0
4,CS40->US64,0,0,0
4,CS40->US72,42526,42526,0
4,CS40->US80,0,0,0
4,CS40->US88,42375,42375,0
4,CS40->US96,0,0,0
4,CS40->US104,0,0,0
4,CS40->US112,57318,57318,0
4,CS40->US120,0,0,0
4,CS41->US1,51442,51442,0
4,CS41->US9,0,0,0
4,CS41->US17,0,0,0
4,CS41->US25,0,0,0
4,CS41->US33,0,0,0
4,CS41->US41,51050,51050,0
4,CS41->US49,51274,51274,0
4,CS41->US57,0,0,0
4,CS41->US65,0,0,0
4,CS41->US73,42012,42011,0
4,CS41->US81,0,0,0
4,CS41->US89,42512,42512,0
4,CS41->US97,0,0,0
4,CS41->US105,0,0,0
4,CS41->US113,57087,57087,0
4,CS41->US121,0,0,0
4,CS42->US2,51290,51290,0
4,CS42->US10,0,0,0
4,CS42->US18,0,0,0
4,CS42->US26,0,0,0
4,CS42->US34,0,0,0
4,CS42->US42,51167,51167,0
4,CS42->US50,51344,51344,0
4,CS42->US58,0,0,0
4,CS42->US66,0,0,0
4,CS42->US74,42683,42683,0
4,CS42->US82,0,0,0
4,CS42->US90,42890,42890,0
4,CS42->US98,0,0,0
4,CS42->US106,0,0,0
4,CS42->US114,57222,57222,0
4,CS42->US122,0,0,0
4,CS43->US3,51095,51095,0
4,CS43->US11,0,0,0
4,CS43->US19,0,0,0
4,CS43->US27,0,0,0
4,CS43->US35,0,0,0
4,CS43->US43,50954,50954,0
4,CS43->US51,51572,51572,0
4,CS43->US59,0,0,0
4,CS43->US67,0,0,0
4,CS43->US75,42601,42601,0
4,CS43->US83,0,0,0
4,CS43->US91,42428,42427,0
4,CS43->US99,0,0,0
4,CS43->US107,0,0,0
4,CS43->US115,57476,57476,0
4,CS43->US123,0,0,0
4,CS44->US4,51205,51205,0
4,CS44->US12,0,0,0
4,CS44->US20,0,0,0
4,CS44->US28,0,0,0
4,CS44->US36,0,0,0
4,CS44->US44,51372,51372,0
4,CS44->US52,50982,50982,0
4,CS44->US60,0,0,0
4,CS44->US68,0,0,0
4,CS44->US76,42453,42453,0
4,CS44->US84,0,0,0
4,CS44->US92,42720,42719,0
4,CS44->US100,0,0,0
4,CS44->US108,0,0,0
4,CS44->US116,57123,57123,0
4,CS44->US124,0,0,0
4,CS45->US5,51682,51682,0
4,CS45->US13,0,0,0
4,CS45->US21,0,0,0
4,CS45->US29,0,0,0
4,CS45->US37,0,0,0
4,CS45->US45,51159,51159,0
4,CS45->US53,51274,51274,0
4,CS45->US61,0,0,0
4,CS45->US69,0,0,0
4,CS45->US77,42442,42441,0
4,CS45->US85,0,0,0
4,CS45->US93,42514,42514,0
4,CS45->US101,0,0,0
4,CS45->US109,0,0,0
4,CS45->US117,56946,56946,0
4,CS45->US125,0,0,0
4,CS46->US6,51577,51577,0
4,CS46->US14,0,0,0
4,CS46->US22,0,0,0
4,CS46->US30,0,0,0
4,CS46->US38,0,0,0
4,CS46->US46,50934,50934,0
4,CS46->US54,51713,51713,0
4,CS46->US62,0,0,0
4,CS46->US70,0,0,0
4,CS46->US78,42369,42368,0
4,CS46->US86,0,0,0
4,CS46->US94,43033,43033,0
4,CS46->US102,0,0,0
4,CS46->US110,0,0,0
4,CS46->US118,57577,57577,0
4,CS46->US126,0,0,0
4,CS47->US7,51232,51232,0
4,CS47->US15,0,0,0
4,CS47->US23,0,0,0
4,CS47->US31,0,0,0
4,CS47->US39,0,0,0
4,CS47->US47,51273,51273,0
4,CS47->US55,51267,51267,0
4,CS47->US63,0,0,0
4,CS47->US71,0,0,0
4,CS47->US79,42540,42540,0
4,CS47->US87,0,0,0
4,CS47->US95,42755,42755,0
4,CS47->US103,0,0,0
4,CS47->US111,0,0,0
4,CS47->US119,57458,57458,0
4,CS47->US127,0,0,0
4,CS48->US0,51182,51182,0
4,CS48->US8,0,0,0
4,CS48->US16,0,0,0
4,CS48->US24,0,0,0
4,CS48->US32,0,0,0
4,CS48->US40,50970,50970,0
4,CS48->US48,51349,51349,0
4,CS48->US56,0,0,0
4,CS48->US64,0,0,0
4,CS48->US72,42561,42561,0
4,CS48->US80,0,0,0
4,CS48->US88,42582,42582,0
4,CS48->US96,0,0,0
4,CS48->US104,0,0,0
4,CS48->US112,57749,57749,0
4,CS48->US120,0,0,0
4,CS49->US1,51685,51685,0
4,CS49->US9,0,0,0
4,CS49->US17,0,0,0
4,CS49->US25,0,0,0
4,CS49->US33,0,0,0
4,CS49->US41,51121,51121,0
4,CS49->US49,51490,51490,0
4,CS49->US57,0,0,0
4,CS49->US65,0,0,0
4,CS49->US73,42299,42298,0
4,CS49->US81,0,0,0
4,CS49->US89,43051,43048,0
4,CS49->US97,0,0,0
4,CS49->US105,0,0,0
4,CS49->US113,57513,57513,0
4,CS49->US121,0,0,0
4,CS50->US2,51427,51427,0
4,CS50->US10,0,0,0
4,CS50->US18,0,0,0
4,CS50->US26,0,0,0
4,CS50->US34,0,0,0
4,CS50->US42,51315,51315,0
4,CS50->US50,51379,51379,0
4,CS50->US58,0,0,0
4,CS50->US66,0,0,0
4,CS50->US74,42682,42681,0
4,CS50->US82,0,0,0
4,CS50->US90,42580,42580,0
4,CS50->US98,0,0,0
4,CS50->US106,0,0,0
4,CS50->US114,57443,57443,0
4,CS50->US122,0,0,0
4,CS51->US3,51407,51407,0
4,CS51->US11,0,0,0
4,CS51->US19,0,0,0
4,CS51->US27,0,0,0
4,CS51->US35,0,0,0
4,CS51->US43,51256,51256,0
4,CS51->US51,51230,51230,0
4,CS51->US59,0,0,0
4,CS51->US67,0,0,0
4,CS51->US75,42377,42376,0
4,CS51->US83,0,0,0
4,CS51->US91,43067,43067,0
4,CS51->US99,0,0,0
4,CS51->US107,0,0,0
4,CS51->US115,57265,57265,0
4,CS51->US123,0,0,0
4,CS52->US4,51187,51187,0
4,CS52->US12,0,0,0
4,CS52->US20,0,0,0
4,CS52->US28,0,0,0
4,CS52->US36,0,0,0
4,CS52->US44,51010,51010,0
4,CS52->US52,51680,51680,0
4,CS52->US60,0,0,0
4,CS52->US68,0,0,0
4,CS52->US76,42145,42145,0
4,CS52->US84,0,0,0
4,CS52->US92,42496,42496,0
4,CS52->US100,0,0,0
4,CS52->US108,0,0,0
4,CS52->US116,57070,57070,0
4,CS52->US124,0,0,0
4,CS53->US5,51520,51520,0
4,CS53->US13,0,0,0
4,CS53->US21,0,0,0
4,CS53->US29,0,0,0
4,CS53->US37,0,0,0
4,CS53->US45,50899,50899,0
4,CS53->US53,51339,51339,0
4,CS53->US61,0,0,0
4,CS53->US69,0,0,0
4,CS53->US77,42582,42582,0
4,CS53->US85,0,0,0
4,CS53->US93,42739,42739,0
4,CS53->US101,0,0,0
4,CS53->US109,0,0,0
4,CS53->US117,57578,57578,0
4,CS53->US125,0,0,0
4,CS54->US6,51280,51280,0
4,CS54->US14,0,0,0
4,CS54->US22,0,0,0
4,CS54->US30,0,0,0
4,CS54->US38,0,0,0
4,CS54->US46,51365,51365,0
4,CS54->US54,51440,51440,0
4,CS54->US62,0,0,0
4,CS54->US70,0,0,0
4,CS54->US78,42433,42433,0
4,CS54->US86,0,0,0
4,CS54->US94,42864,42864,0
4,CS54->US102,0,0,0
4,CS54->US110,0,0,0
4,CS54->US118,57257,57257,0
4,CS54->US126,0,0,0
4,CS55->US7,50951,50951,0
4,CS55->US15,0,0,0
4,CS55->US23,0,0,0
4,CS55->US31,0,0,0
4,CS55->US39,0,0,0
4,CS55->US47,50912,50912,0
4,CS55->US55,51386,51386,0
4,CS55->US63,0,0,0
4,CS55->US71,0,0,0
4,CS55->US79,42035,42034,0
4,CS55->US87,0,0,0
4,CS55->US95,43062,43062,0
4,CS55->US103,0,0,0
4,CS55->US111,0,0,0
4,CS55->US119,57690,57690,0
4,CS55->US127,0,0,0
4,CS56->US0,51366,51366,0
4,CS56->US8,0,0,0
4,CS56->US16,0,0,0
4,CS56->US24,0,0,0
4,CS56->US32,0,0,0
4,CS56->US40,50853,50853,0
4,CS56->US48,51828,51828,0
4,CS56->US56,0,0,0
4,CS56->US64,0,0,0
4,CS56->US72,42429,42429,0
4,CS56->US80,0,0,0
4,CS56->US88,42774,42774,0
4,CS56->US96,0,0,0
4,CS56->US104,0,0,0
4,CS56->US112,57569,57569,0
4,CS56->US120,0,0,0
4,CS57->US1,51748,51748,0
4,CS57->US9,0,0,0
4,CS57->US17,0,0,0
4,CS57->US25,0,0,0
4,CS57->US33,0,0,0
4,CS57->US41,51082,51082,0
4,CS57->US49,51525,51525,0
4,CS57->US57,0,0,0
4,CS57->US65,0,0,0
4,CS57->US73,42169,42169,0
4,CS57->US81,0,0,0
4,CS57->US89,43122,43122,0
4,CS57->US97,0,0,0
4,CS57->US105,0,0,0
4,CS57->US113,57365,57365,0
4,CS57->US121,0,0,0
4,CS58->US2,51191,51191,0
4,CS58->US10,0,0,0
4,CS58->US18,0,0,0
4,CS58->US26,0,0,0
4,CS58->US34,0,0,0
4,CS58->US42,51123,51123,0
4,CS58->US50,51250,51250,0
4,CS58->US58,0,0,0
4,CS58->US66,0,0,0
4,CS58->US74,42622,42622,0
4,CS58->US82,0,0,0
4,CS58->US90,42596,42596,0
4,CS58->US98,0,0,0
4,CS58->US106,0,0,0
4,CS58->US114,57328,57328,0
4,CS58->US122,0,0,0
4,CS59->US3,51669,51669,0
4,CS59->US11,0,0,0
4,CS59->US19,0,0,0
4,CS59->US27,0,0,0
4,CS59->US35,0,0,0
4,CS59->US43,51025,51025,0
4,CS59->US51,51391,51391,0
4,CS59->US59,0,0,0
4,CS59->US67,0,0,0
4,CS59->US75,42686,42686,0
4,CS59->US83,0,0,0
4,CS59->US91,42861,42860,0
4,CS59->US99,0,0,0
4,CS59->US107,0,0,0
4,CS59->US115,57043,57043,0
4,CS59->US123,0,0,0
4,CS60->US4,51746,51746,0
4,CS60->US12,0,0,0
4,CS60->US20,0,0,0
4,CS60->US28,0,0,0
4,CS60->US36,0,0,0
4,CS60->US44,51093,51093,0
4,CS60->US52,51359,51359,0
4,CS60->US60,0,0,0
4,CS60->US68,0,0,0
4,CS60->US76,42876,42874,0
4,CS60->US84,0,0,0
4,CS60->US92,42895,42895,0
4,CS60->US100,0,0,0
4,CS60->US108,0,0,0
4,CS60->US116,57314,57314,0
4,CS60->US124,0,0,0
4,CS61->US5,51448,51448,0
4,CS61->US13,0,0,0
4,CS61->US21,0,0,0
4,CS61->US29,0,0,0
4,CS61->US37,0,0,0
4,CS61->US45,50886,50886,0
4,CS61->US53,51555,51555,0
4,CS61->US61,0,0,0
4,CS61->US69,0,0,0
4,CS61->US77,42767,42767,0
4,CS61->US85,0,0,0
4,CS61->US93,42794,42794,0
4,CS61->US101,0,0,0
4,CS61->US109,0,0,0
4,CS61->US117,57300,57300,0
4,CS61->US125,0,0,0
4,CS62->US6,51643,51643,0
4,CS62->US14,0,0,0
4,CS62->US22,0,0,0
4,CS62->US30,0,0,0
4,CS62->US38,0,0,0
4,CS62->US46,50839,50839,0
4,CS62->US54,51525,51525,0
4,CS62->US62,0,0,0
4,CS62->US70,0,0,0
4,CS62->US78,42572,42572,0
4,CS62->US86,0,0,0
4,CS62->US94,42773,42773,0
4,CS62->US102,0,0,0
4,CS62->US110,0,0,0
4,CS62->US118,57242,57242,0
4,CS62->US126,0,0,0
4,CS63->US7,51471,51471,0
4,CS63->US15,0,0,0
4,CS63->US23,0,0,0
4,CS63->US31,0,0,0
4,CS63->US39,0,0,0
4,CS63->US47,51000,51000,0
4,CS63->US55,51460,51460,0
4,CS63->US63,0,0,0
4,CS63->US71,0,0,0
4,CS63->US79,42429,42428,0
4,CS63->US87,0,0,0
4,CS63->US95,42777,42777,0
4,CS63->US103,0,0,0
4,CS63->US111,0,0,0
4,CS63->US119,57376,57376,0
4,CS63->US127,0,0,0
5,US0->CS0,51625,51625,0
5,US0->CS8,52046,52046,0
5,US0->CS16,51809,51809,0
5,US0->CS24,51991,51991,0
5,US0->CS32,51674,51674,0
5,US0->CS40,51793,51793,0
5,US0->CS48,51655,51655,0
5,US0->CS56,52135,52135,0
5,US1->CS1,51893,51893,0
5,US1->CS9,51869,51869,0
5,US1->CS17,51396,51396,0
5,US1->CS25,51686,51686,0
5,US1->CS33,51598,51598,0
5,US1->CS41,51608,51608,0
5,US1->CS49,51842,51842,0
5,US1->CS57,51825,51825,0
5,US2->CS2,51525,51525,0
5,US2->CS10,51786,51786,0
5,US2->CS18,51409,51409,0
5,US2->CS26,52113,52113,0
5,US2->CS34,52051,52051,0
5,US2->CS42,51632,51632,0
5,US2->CS50,51677,51677,0
5,US2->CS58,51579,51579,0
5,US3->CS3,51726,51726,0
5,US3->CS11,51684,51684,0
5,US3->CS19,51768,51768,0
5,US3->CS27,51772,51772,0
5,US3->CS35,51895,51895,0
5,US3->CS43,51858,51858,0
5,US3->CS51,51609,51609,0
5,US3->CS59,51675,51675,0
5,US4->CS4,51865,51865,0
5,US4->CS12,51641,51641,0
5,US4->CS20,51632,51632,0
5,US4->CS28,51983,51983,0
5,US4->CS36,51688,51688,0
5,US4->CS44,51313,51313,0
5,US4->CS52,52007,52007,0
5,US4->CS60,51690,51690,0
5,US5->CS5,51897,51897,0
5,US5->CS13,51748,51748,0
5,US5->CS21,51799,51799,0
5,US5->CS29,51691,51691,0
5,US5->CS37,51737,51737,0
5,US5->CS45,51525,51525,0
5,US5->CS53,51711,51711,0
5,US5->CS61,51866,51866,0
5,US6->CS6,51710,51710,0
5,US6->CS14,51901,51901,0
5,US6->CS22,51678,51678,0
5,US6->CS30,51778,51778,0
5,US6->CS38,51743,51743,0
5,US6->CS46,52066,52066,0
5,US6->CS54,51752,51752,0
5,US6->CS62,51815,51815,0
5,US7->CS7,51961,51961,0
5,US7->CS15,51414,51414,0
5,US7->CS23,51991,51991,0
5,US7->CS31,51684,51684,0
5,US7->CS39,51753,51753,0
5,US7->CS47,51593,51593,0
5,US7->CS55,51714,51714,0
5,US7->CS63,51781,51781,0
5,US8->CS0,0,0,0
5,US8->CS8,0,0,0
5,US8->CS16,0,0,0
5,US8->CS24,0,0,0
5,US8->CS32,0,0,0
5,US8->CS40,0,0,0
5,US8->CS48,0,0,0
5,US8->CS56,0,0,0
5,US9->CS1,0,0,0
5,US9->CS9,0,0,0
5,US9->CS17,0,0,0
5,US9->CS25,0,0,0
5,US9->CS33,0,0,0
5,US9->CS41,0,0,0
5,US9->CS49,0,0,0
5,US9->CS57,0,0,0
5,US10->CS2,0,0,0
5,US10->CS10,0,0,0
5,US10->CS18,0,0,0
5,US10->CS26,0,0,0
5,US10->CS34,0,0,0
5,US10->CS42,0,0,0
5,US10->CS50,0,0,0
5,US10->CS58,0,0,0
5,US11->CS3,0,0,0
5,US11->CS11,0,0,0
5,US11->CS19,0,0,0
5,US11->CS27,0,0,0
5,US11->CS35,0,0,0
5,US11->CS43,0,0,0
5,US11->CS51,0,0,0
5,US11->CS59,0,0,0
5,US12->CS4,0,0,0
5,US12->CS12,0,0,0
5,US12->CS20,0,0,0
5,US12->CS28,0,0,0
5,US12->CS36,0,0,0
5,US12->CS44,0,0,0
5,US12->CS52,0,0,0
5,US12->CS60,0,0,0
5,US13->CS5,0,0,0
5,US13->CS13,0,0,0
5,US13->CS21,0,0,0
5,US13->CS29,0,0,0
5,US13->CS37,0,0,0
5,US13->CS45,0,0,0
5,US13->CS53,0,0,0
5,US13->CS61,0,0,0
5,US14->CS6,0,0,0
5,US14->CS14,0,0,0
5,US14->CS22,0,0,0
5,US14->CS30,0,0,0
5,US14->CS38,0,0,0
5,US14->CS46,0,0,0
5,US14->CS54,0,0,0
5,US14->CS62,0,0,0
5,US15->CS7,0,0,0
5,US15->CS15,0,0,0
5,US15->CS23,0,0,0
5,US15->CS31,0,0,0
5,US15->CS39,0,0,0
5,US15->CS47,0,0,0
5,US15->CS55,0,0,0
5,US15->CS63,0,0,0
5,US16->CS0,24854,24854,0
5,US16->CS8,24750,24749,0
5,US16->CS16,24619,24618,0
5,US16->CS24,24553,24553,0
5,US16->CS32,24665,24665,0
5,US16->CS40,24688,24686,0
5,US16->CS48,24868,24868,0
5,US16->CS56,24647,24647,0
5,US17->CS1,24512,24512,0
5,US17->CS9,24946,24944,0
5,US17->CS17,24499,24498,0
5,US17->CS25,24506,24506,0
5,US17->CS33,24639,24639,0
5,US17->CS41,24645,24645,0
5,US17->CS49,24642,24641,0
5,US17->CS57,24813,24813,0
5,US18->CS2,24545,24545,0
5,US18->CS10,24674,24673,0
5,US18->CS18,24712,24711,0
5,US18->CS26,24809,24809,0
5,US18->CS34,24888,24888,0
5,US18->CS42,24558,24557,0
5,US18->CS50,24765,24765,0
5,US18->CS58,24863,24863,0
5,US19->CS3,24633,24631,0
5,US19->CS11,24788,24787,0
5,US19->CS19,24730,24730,0
5,US19->CS27,24766,24765,0
5,US19->CS35,24805,24804,0
5,US19->CS43,24510,24509,0
5,US19->CS51,24767,24766,0
5,US19->CS59,24724,24723,0
5,US20->CS4,24835,24835,0
5,US20->CS12,24818,24816,0
5,US20->CS20,24737,24737,0
5,US20->CS28,25048,25048,0
5,US20->CS36,24940,24939,0
5,US20->CS44,24676,24674,0
5,US20->CS52,24759,24759,0
5,US20->CS60,24597,24597,0
5,US21->CS5,24572,24572,0
5,US21->CS13,24418,24418,0
5,US21->CS21,24551,24551,0
5,US21->CS29,24809,24809,0
5,US21->CS37,24690,24689,0
5,US21->CS45,24772,24772,0
5,US21->CS53,24723,24723,0
5,US21->CS61,24650,24650,0
5,US22->CS6,25038,25038,0
5,US22->CS14,24657,24657,0
5,US22->CS22,24572,24571,0
5,US22->CS30,24454,24453,0
5,US22->CS38,24662,24662,0
5,US22->CS46,24592,24591,0
5,US22->CS54,24483,24481,0
5,US22->CS62,24467,24467,0
5,US23->CS7,24775,24774,0
5,US23->CS15,24879,24879,0
5,US23->CS23,24662,24662,0
5,US23->CS31,24888,24888,0
5,US23->CS39,24663,24663,0
5,US23->CS47,24900,24899,0
5,US23->CS55,24775,24775,0
5,US23->CS63,24854,24854,0
5,US24->CS0,0,0,0
5,US24->CS8,0,0,0
5,US24->CS16,0,0,0
5,US24->CS24,0,0,0
5,US24->CS32,0,0,0
5,US24->CS40,0,0,0
5,US24->CS48,0,0,0
5,US24->CS56,0,0,0
5,US25->CS1,0,0,0
5,US25->CS9,0,0,0
5,US25->CS17,0,0,0
5,US25->CS25,0,0,0
5,US25->CS33,0,0,0
5,US25->CS41,0,0,0
5,US25->CS49,0,0,0
5,US25->CS57,0,0,0
5,US26->CS2,0,0,0
5,US26->CS10,0,0,0
5,US26->CS18,0,0,0
5,US26->CS26,0,0,0
5,US26->CS34,0,0,0
5,US26->CS42,0,0,0
5,US26->CS50,0,0,0
5,US26->CS58,0,0,0
5,US27->CS3,0,0,0
5,US27->CS11,0,0,0
5,US27->CS19,0,0,0
5,US27->CS27,0,0,0
5,US27->CS35,0,0,0
5,US27->CS43,0,0,0
5,US27->CS51,0,0,0
5,US27->CS59,0,0,0
5,US28->CS4,0,0,0
5,US28->CS12,0,0,0
5,US28->CS20,0,0,0
5,US28->CS28,0,0,0
5,US28->CS36,0,0,0
5,US28->CS44,0,0,0
5,US28->CS52,0,0,0
5,US28->CS60,0,0,0
5,US29->CS5,0,0,0
5,US29->CS13,0,0,0
5,US29->CS21,0,0,0
5,US29->CS29,0,0,0
5,US29->CS37,0,0,0
5,US29->CS45,0,0,0
5,US29->CS53,0,0,0
5,US29->CS61,0,0,0
5,US30->CS6,0,0,0
5,US30->CS14,0,0,0
5,US30->CS22,0,0,0
5,US30->CS30,0,0,0
5,US30->CS38,0,0,0
5,US30->CS46,0,0,0
5,US30->CS54,0,0,0
5,US30->CS62,0,0,0
5,US31->CS7,0,0,0
5,US31->CS15,0,0,0
5,US31->CS23,0,0,0
5,US31->CS31,0,0,0
5,US31->CS39,0,0,0
5,US31->CS47,0,0,0
5,US31->CS55,0,0,0
5,US31->CS63,0,0,0
5,US32->CS0,0,0,0
5,US32->CS8,0,0,0
5,US32->CS16,0,0,0
5,US32->CS24,0,0,0
5,US32->CS32,0,0,0
5,US32->CS40,0,0,0
5,US32->CS48,0,0,0
5,US32->CS56,0,0,0
5,US33->CS1,0,0,0
5,US33->CS9,0,0,0
5,US33->CS17,0,0,0
5,US33->CS25,0,0,0
5,US33->CS33,0,0,0
5,US33->CS41,0,0,0
5,US33->CS49,0,0,0
5,US33->CS57,0,0,0
5,US34->CS2,0,0,0
5,US34->CS10,0,0,0
5,US34->CS18,0,0,0
5,US34->CS26,0,0,0
5,US34->CS34,0,0,0
5,US34->CS42,0,0,0
5,US34->CS50,0,0,0
5,US34->CS58,0,0,0
5,US35->CS3,0,0,0
5,US35->CS11,0,0,0
5,US35->CS19,0,0,0
5,US35->CS27,0,0,0
5,US35->CS35,0,0,0
5,US35->CS43,0,0,0
5,US35->CS51,0,0,0
5,US35->CS59,0,0,0
5,US36->CS4,0,0,0
5,US36->CS12,0,0,0
5,US36->CS20,0,0,0
5,US36->CS28,0,0,0
5,US36->CS36,0,0,0
5,US36->CS44,0,0,0
5,US36->CS52,0,0,0
5,US36->CS60,0,0,0
5,US37->CS5,0,0,0
5,US37->CS13,0,0,0
5,US37->CS21,0,0,0
5,US37->CS29,0,0,0
5,US37->CS37,0,0,0
5,US37->CS45,0,0,0
5,US37->CS53,0,0,0
5,US37->CS61,0,0,0
5,US38->CS6,0,0,0
5,US38->CS14,0,0,0
5,US38->CS22,0,0,0
5,US38->CS30,0,0,0
5,US38->CS38,0,0,0
5,US38->CS46,0,0,0
5,US38->CS54,0,0,0
5,US38->CS62,0,0,0
5,US39->CS7,0,0,0
5,US39->CS15,0,0,0
5,US39->CS23,0,0,0
5,US39->CS31,0,0,0
5,US39->CS39,0,0,0
5,US39->CS47,0,0,0
5,US39->CS55,0,0,0
5,US39->CS63,0,0,0
5,US40->CS0,57302,57302,0
5,US40->CS8,57541,57541,0
5,US40->CS16,57536,57536,0
5,US40->CS24,57323,57323,0
5,US40->CS32,57361,57361,0
5,US40->CS40,57285,57285,0
5,US40->CS48,57783,57783,0
5,US40->CS56,57662,57662,0
5,US41->CS1,57377,57377,0
5,US41->CS9,57665,57665,0
5,US41->CS17,57595,57595,0
5,US41->CS25,57078,57078,0
5,US41->CS33,57313,57313,0
5,US41->CS41,57120,57120,0
5,US41->CS49,57471,57471,0
5,US41->CS57,57448,57448,0
5,US42->CS2,57328,57328,0
5,US42->CS10,57638,57638,0
5,US42->CS18,57457,57457,0
5,US42->CS26,57348,57348,0
5,US42->CS34,57149,57149,0
5,US42->CS42,57237,57237,0
5,US42->CS50,57491,57491,0
5,US42->CS58,57342,57342,0
5,US43->CS3,57288,57288,0
5,US43->CS11,57477,57477,0
5,US43->CS19,57284,57284,0
5,US43->CS27,57411,57411,0
5,US43->CS35,57428,57428,0
5,US43->CS43,57508,57508,0
5,US43->CS51,57281,57281,0
5,US43->CS59,57082,57082,0
5,US44->CS4,57402,57402,0
5,US44->CS12,57508,57508,0
5,US44->CS20,57241,57241,0
5,US44->CS28,57436,57436,0
5,US44->CS36,57073,57073,0
5,US44->CS44,57114,57114,0
5,US44->CS52,57084,57084,0
5,US44->CS60,57329,57329,0
5,US45->CS5,57171,57171,0
5,US45->CS13,57741,57741,0
5,US45->CS21,57243,57243,0
5,US45->CS29,57339,57339,0
5,US45->CS37,57708,57708,0
5,US45->CS45,57019,57019,0
5,US45->CS53,57534,57534,0
5,US45->CS61,57267,57267,0
5,US46->CS6,58090,58090,0
5,US46->CS14,56995,56995,0
5,US46->CS22,57470,57470,0
5,US46->CS30,57147,57147,0
5,US46->CS38,57732,57732,0
5,US46->CS46,57532,57532,0
5,US46->CS54,57259,57259,0
5,US46->CS62,57269,57269,0
5,US47->CS7,57169,57169,0
5,US47->CS15,57542,57542,0
5,US47->CS23,57585,57585,0
5,US47->CS31,56965,56965,0
5,US47->CS39,57734,57734,0
5,US47->CS47,57484,57484,0
5,US47->CS55,57682,57682,0
5,US47->CS63,57371,57371,0
5,US48->CS0,51937,51937,0
5,US48->CS8,52164,52164,0
5,US48->CS16,52301,52301,0
5,US48->CS24,51791,51791,0
5,US48->CS32,51288,51288,0
5,US48->CS40,51490,51490,0
5,US48->CS48,51472,51472,0
5,US48->CS56,51666,51666,0
5,US49->CS1,51556,51556,0
5,US49->CS9,51425,51425,0
5,US49->CS17,52269,52269,0
5,US49->CS25,51606,51606,0
5,US49->CS33,51593,51593,0
5,US49->CS41,51736,51736,0
5,US49->CS49,52008,52008,0
5,US49->CS57,52117,52117,0
5,US50->CS2,51865,51865,0
5,US50->CS10,52070,52070,0
5,US50->CS18,52084,52084,0
5,US50->CS26,51564,51564,0
5,US50->CS34,51614,51614,0
5,US50->CS42,51598,51598,0
5,US50->CS50,51728,51728,0
5,US50->CS58,51513,51513,0
5,US51->CS3,51654,51654,0
5,US51->CS11,51510,51510,0
5,US51->CS19,51659,51659,0
5,US51->CS27,52085,52085,0
5,US51->CS35,51540,51540,0
5,US51->CS43,51417,51417,0
5,US51->CS51,51728,51728,0
5,US51->CS59,51978,51978,0
5,US52->CS4,51736,51736,0
5,US52->CS12,52260,52260,0
5,US52->CS20,51693,51693,0
5,US52->CS28,51983,51983,0
5,US52->CS36,51946,51946,0
5,US52->CS44,51543,51543,0
5,US52->CS52,51513,51513,0
5,US52->CS60,52059,52059,0
5,US53->CS5,51776,51776,0
5,US53->CS13,51829,51829,0
5,US53->CS21,51927,51927,0
5,US53->CS29,51864,51864,0
5,US53->CS37,51836,51836,0
5,US53->CS45,51991,51991,0
5,US53->CS53,51907,51907,0
5,US53->CS61,51781,51781,0
5,US54->CS6,51740,51740,0
5,US54->CS14,51634,51634,0
5,US54->CS22,51812,51812,0
5,US54->CS30,51634,51634,0
5,US54->CS38,51856,51856,0
5,US54->CS46,51830,51830,0
5,US54->CS54,51588,51588,0
5,US54->CS62,51962,51962,0
5,US55->CS7,51473,51473,0
5,US55->CS15,51996,51996,0
5,US55->CS23,51752,51752,0
5,US55->CS31,51600,51600,0
5,US55->CS39,51755,51755,0
5,US55->CS47,51525,51525,0
5,US55->CS55,51251,51251,0
5,US55->CS63,51700,51700,0
5,US56->CS0,0,0,0
5,US56->CS8,0,0,0
5,US56->CS16,0,0,0
5,US56->CS24,0,0,0
5,US56->CS32,0,0,0
5,US56->CS40,0,0,0
5,US56->CS48,0,0,0
5,US56->CS56,0,0,0
5,US57->CS1,0,0,0
5,US57->CS9,0,0,0
5,US57->CS17,0,0,0
5,US57->CS25,0,0,0
5,US57->CS33,0,0,0
5,US57->CS41,0,0,0
5,US57->CS49,0,0,0
5,US57->CS57,0,0,0
5,US58->CS2,0,0,0
5,US58->CS10,0,0,0
5,US58->CS18,0,0,0
5,US58->CS26,0,0,0
5,US58->CS34,0,0,0
5,US58->CS42,0,0,0
5,US58->CS50,0,0,0
5,US58->CS58,0,0,0
5,US59->CS3,0,0,0
5,US59->CS11,0,0,0
5,US59->CS19,0,0,0
5,US59->CS27,0,0,0
5,US59->CS35,0,0,0
5,US59->CS43,0,0,0
5,US59->CS51,0,0,0
5,US59->CS59,0,0,0
5,US60->CS4,0,0,0
5,US60->CS12,0,0,0
5,US60->CS20,0,0,0
5,US60->CS28,0,0,0
5,US60->CS36,0,0,0
5,US60->CS44,0,0,0
5,US60->CS52,0,0,0
5,US60->CS60,0,0,0
5,US61->CS5,0,0,0
5,US61->CS13,0,0,0
5,US61->CS21,0,0,0
5,US61->CS29,0,0,0
5,US61->CS37,0,0,0
5,US61->CS45,0,0,0
5,US61->CS53,0,0,0
5,US61->CS61,0,0,0
5,US62->CS6,0,0,0
5,US62->CS14,0,0,0
5,US62->CS22,0,0,0
5,US62->CS30,0,0,0
5,US62->CS38,0,0,0
5,US62->CS46,0,0,0
5,US62->CS54,0,0,0
5,US62->CS62,0,0,0
5,US63->CS7,0,0,0
5,US63->CS15,0,0,0
5,US63->CS23,0,0,0
5,US63->CS31,0,0,0
5,US63->CS39,0,0,0
5,US63->CS47,0,0,0
5,US63->CS55,0,0,0
5,US63->CS63,0,0,0
5,US64->CS0,0,0,0
5,US64->CS8,0,0,0
5,US64->CS16,0,0,0
5,US64->CS24,0,0,0
5,US64->CS32,0,0,0
5,US64->CS40,0,0,0
5,US64->CS48,0,0,0
5,US64->CS56,0,0,0
5,US65->CS1,0,0,0
5,US65->CS9,0,0,0
5,US65->CS17,0,0,0
5,US65->CS25,0,0,0
5,US65->CS33,0,0,0
5,US65->CS41,0,0,0
5,US65->CS49,0,0,0
5,US65->CS57,0,0,0
5,US66->CS2,0,0,0
5,US66->CS10,0,0,0
5,US66->CS18,0,0,0
5,US66->CS26,0,0,0
5,US66->CS34,0,0,0
5,US66->CS42,0,0,0
5,US66->CS50,0,0,0
5,US66->CS58,0,0,0
5,US67->CS3,0,0,0
5,US67->CS11,0,0,0
5,US67->CS19,0,0,0
5,US67->CS27,0,0,0
5,US67->CS35,0,0,0
5,US67->CS43,0,0,0
5,US67->CS51,0,0,0
5,US67->CS59,0,0,0
5,US68->CS4,0,0,0
5,US68->CS12,0,0,0
5,US68->CS20,0,0,0
5,US68->CS28,0,0,0
5,US68->CS36,0,0,0
5,US68->CS44,0,0,0
5,US68->CS52,0,0,0
5,US68->CS60,0,0,0
5,US69->CS5,0,0,0
5,US69->CS13,0,0,0
5,US69->CS21,0,0,0
5,US69->CS29,0,0,0
5,US69->CS37,0,0,0
5,US69->CS45,0,0,0
5,US69->CS53,0,0,0
5,US69->CS61,0,0,0
5,US70->CS6,0,0,0
5,US70->CS14,0,0,0
5,US70->CS22,0,0,0
5,US70->CS30,0,0,0
5,US70->CS38,0,0,0
5,US70->CS46,0,0,0
5,US70->CS54,0,0,0
5,US70->CS62,0,0,0
5,US71->CS7,0,0,0
5,US71->CS15,0,0,0
5,US71->CS23,0,0,0
5,US71->CS31,0,0,0
5,US71->CS39,0,0,0
5,US71->CS47,0,0,0
5,US71->CS55,0,0,0
5,US71->CS63,0,0,0
5,US72->CS0,50775,50775,0
5,US72->CS8,50541,50541,0
5,US72->CS16,50666,50666,0
5,US72->CS24,49990,49990,0
5,US72->CS32,50944,50944,0
5,US72->CS40,50086,50086,0
5,US72->CS48,50384,50384,0
5,US72->CS56,50360,50360,0
5,US73->CS1,50408,50408,0
5,US73->CS9,50676,50676,0
5,US73->CS17,51075,51075,0
5,US73->CS25,50273,50273,0
5,US73->CS33,50638,50638,0
5,US73->CS41,50285,50285,0
5,US73->CS49,50731,50731,0
5,US73->CS57,51024,51024,0
5,US74->CS2,50512,50512,0
5,US74->CS10,50777,50777,0
5,US74->CS18,50927,50927,0
5,US74->CS26,50776,50776,0
5,US74->CS34,50324,50324,0
5,US74->CS42,50822,50822,0
5,US74->CS50,50288,50288,0
5,US74->CS58,50309,50309,0
5,US75->CS3,50738,50738,0
5,US75->CS11,50648,50648,0
5,US75->CS19,50422,50422,0
5,US75->CS27,50544,50544,0
5,US75->CS35,50840,50840,0
5,US75->CS43,50260,50260,0
5,US75->CS51,50913,50913,0
5,US75->CS59,50485,50485,0
5,US76->CS4,50298,50298,0
5,US76->CS12,50675,50675,0
5,US76->CS20,50260,50260,0
5,US76->CS28,50678,50678,0
5,US76->CS36,50833,50833,0
5,US76->CS44,50370,50370,0
5,US76->CS52,50255,50255,0
5,US76->CS60,50607,50607,0
5,US77->CS5,50428,50428,0
5,US77->CS13,50438,50438,0
5,US77->CS21,50780,50780,0
5,US77->CS29,50283,50283,0
5,US77->CS37,50438,50438,0
5,US77->CS45,50178,50178,0
5,US77->CS53,50441,50441,0
5,US77->CS61,50636,50636,0
5,US78->CS6,50730,50730,0
5,US78->CS14,50344,50344,0
5,US78->CS22,50667,50667,0
5,US78->CS30,50803,50803,0
5,US78->CS38,50708,50708,0
5,US78->CS46,50798,50798,0
5,US78->CS54,50537,50537,0
5,US78->CS62,50550,50550,0
5,US79->CS7,51184,51184,0
5,US79->CS15,50981,50981,0
5,US79->CS23,50773,50773,0
5,US79->CS31,50608,50608,0
5,US79->CS39,50914,50914,0
5,US79->CS47,50488,50488,0
5,US79->CS55,50863,50863,0
5,US79->CS63,50295,50295,0
5,US80->CS0,0,0,0
5,US80->CS8,0,0,0
5,US80->CS16,0,0,0
5,US80->CS24,0,0,0
5,US80->CS32,0,0,0
5,US80->CS40,0,0,0
5,US80->CS48,0,0,0
5,US80->CS56,0,0,0
5,US81->CS1,0,0,0
5,US81->CS9,0,0,0
5,US81->CS17,0,0,0
5,US81->CS25,0,0,0
5,US81->CS33,0,0,0
5,US81->CS41,0,0,0
5,US81->CS49,0,0,0
5,US81->CS57,0,0,0
5,US82->CS2,0,0,0
5,US82->CS10,0,0,0
5,US82->CS18,0,0,0
5,US82->CS26,0,0,0
5,US82->CS34,0,0,0
5,US82->CS42,0,0,0
5,US82->CS50,0,0,0
5,US82->CS58,0,0,0
5,US83->CS3,0,0,0
5,US83->CS11,0,0,0
5,US83->CS19,0,0,0
5,US83->CS27,0,0,0
5,US83->CS35,0,0,0
5,US83->CS43,0,0,0
5,US83->CS51,0,0,0
5,US83->CS59,0,0,0
5,US84->CS4,0,0,0
5,US84->CS12,0,0,0
5,US84->CS20,0,0,0
5,US84->CS28,0,0,0
5,US84->CS36,0,0,0
5,US84->CS44,0,0,0
5,US84->CS52,0,0,0
5,US84->CS60,0,0,0
5,US85->CS5,0,0,0
5,US85->CS13,0,0,0
5,US85->CS21,0,0,0
5,US85->CS29,0,0,0
5,US85->CS37,0,0,0
5,US85->CS45,0,0,0
5,US85->CS53,0,0,0
5,US85->CS61,0,0,0
5,US86->CS6,0,0,0
5,US86->CS14,0,0,0
5,US86->CS22,0,0,0
5,US86->CS30,0,0,0
5,US86->CS38,0,0,0
5,US86->CS46,0,0,0
5,US86->CS54,0,0,0
5,US86->CS62,0,0,0
5,US87->CS7,0,0,0
5,US87->CS15,0,0,0
5,US87->CS23,0,0,0
5,US87->CS31,0,0,0
5,US87->CS39,0,0,0
5,US87->CS47,0,0,0
5,US87->CS55,0,0,0
5,US87->CS63,0,0,0
5,US88->CS0,50726,50726,0
5,US88->CS8,50589,50589,0
5,US88->CS16,50551,50551,0
5,US88->CS24,50924,50924,0
5,US88->CS32,50999,50999,0
5,US88->CS40,50851,50851,0
5,US88->CS48,50647,50647,0
5,US88->CS56,50456,50456,0
5,US89->CS1,50770,50770,0
5,US89->CS9,51049,51049,0
5,US89->CS17,50907,50907,0
5,US89->CS25,50926,50926,0
5,US89->CS33,50877,50877,0
5,US89->CS41,50349,50349,0
5,US89->CS49,50574,50574,0
5,US89->CS57,50473,50473,0
5,US90->CS2,50534,50534,0
5,US90->CS10,50573,50573,0
5,US90->CS18,50667,50667,0
5,US90->CS26,50753,50753,0
5,US90->CS34,50597,50597,0
5,US90->CS42,51068,51068,0
5,US90->CS50,50971,50971,0
5,US90->CS58,51021,51021,0
5,US91->CS3,50901,50901,0
5,US91->CS11,50650,50650,0
5,US91->CS19,51036,51036,0
5,US91->CS27,50478,50478,0
5,US91->CS35,50822,50822,0
5,US91->CS43,50933,50933,0
5,US91->CS51,50646,50646,0
5,US91->CS59,50965,50965,0
5,US92->CS4,50777,50777,0
5,US92->CS12,51064,51064,0
5,US92->CS20,50611,50611,0
5,US92->CS28,50608,50608,0
5,US92->CS36,50519,50519,0
5,US92->CS44,50961,50961,0
5,US92->CS52,50672,50672,0
5,US92->CS60,51092,51092,0
5,US93->CS5,50908,50908,0
5,US93->CS13,50881,50881,0
5,US93->CS21,50680,50680,0
5,US93->CS29,50641,50641,0
5,US93->CS37,50874,50874,0
5,US93->CS45,50671,50671,0
5,US93->CS53,50842,50842,0
5,US93->CS61,51049,51049,0
5,US94->CS6,50822,50822,0
5,US94->CS14,50551,50551,0
5,US94->CS22,51096,51096,0
5,US94->CS30,50630,50630,0
5,US94->CS38,50774,50774,0
5,US94->CS46,50610,50610,0
5,US94->CS54,50927,50927,0
5,US94->CS62,50909,50909,0
5,US95->CS7,50552,50552,0
5,US95->CS15,50766,50766,0
5,US95->CS23,50307,50307,0
5,US95->CS31,50257,50257,0
5,US95->CS39,50676,50676,0
5,US95->CS47,50765,50765,0
5,US95->CS55,50283,50283,0
5,US95->CS63,50822,50822,0
5,US96->CS0,0,0,0
5,US96->CS8,0,0,0
5,US96->CS16,0,0,0
5,US96->CS24,0,0,0
5,US96->CS32,0,0,0
5,US96->CS40,0,0,0
5,US96->CS48,0,0,0
5,US96->CS56,0,0,0
5,US97->CS1,0,0,0
5,US97->CS9,0,0,0
5,US97->CS17,0,0,0
5,US97->CS25,0,0,0
5,US97->CS33,0,0,0
5,US97->CS41,0,0,0
5,US97->CS49,0,0,0
5,US97->CS57,0,0,0
5,US98->CS2,0,0,0
5,US98->CS10,0,0,0
5,US98->CS18,0,0,0
5,US98->CS26,0,0,0
5,US98->CS34,0,0,0
5,US98->CS42,0,0,0
5,US98->CS50,0,0,0
5,US98->CS58,0,0,0
5,US99->CS3,0,0,0
5,US99->CS11,0,0,0
5,US99->CS19,0,0,0
5,US99->CS27,0,0,0
5,US99->CS35,0,0,0
5,US99->CS43,0,0,0
5,US99->CS51,0,0,0
5,US99->CS59,0,0,0
5,US100->CS4,0,0,0
5,US100->CS12,0,0,0
5,US100->CS20,0,0,0
5,US100->CS28,0,0,0
5,US100->CS36,0,0,0
5,US100->CS44,0,0,0
5,US100->CS52,0,0,0
5,US100->CS60,0,0,0
5,US101->CS5,0,0,0
5,US101->CS13,0,0,0
5,US101->CS21,0,0,0
5,US101->CS29,0,0,0
5,US101->CS37,0,0,0
5,US101->CS45,0,0,0
5,US101->CS53,0,0,0
5,US101->CS61,0,0,0
5,US102->CS6,0,0,0
5,US102->CS14,0,0,0
5,US102->CS22,0,0,0
5,US102->CS30,0,0,0
5,US102->CS38,0,0,0
5,US102->CS46,0,0,0
5,US102->CS54,0,0,0
5,US102->CS62,0,0,0
5,US103->CS7,0,0,0
5,US103->CS15,0,0,0
5,US103->CS23,0,0,0
5,US103->CS31,0,0,0
5,US103->CS39,0,0,0
5,US103->CS47,0,0,0
5,US103->CS55,0,0,0
5,US103->CS63,0,0,0
5,US104->CS0,0,0,0
5,US104->CS8,0,0,0
5,US104->CS16,0,0,0
5,US104->CS24,0,0,0
5,US104->CS32,0,0,0
5,US104->CS40,0,0,0
5,US104->CS48,0,0,0
5,US104->CS56,0,0,0
5,US105->CS1,0,0,0
5,US105->CS9,0,0,0
5,US105->CS17,0,0,0
5,US105->CS25,0,0,0
5,US105->CS33,0,0,0
5,US105->CS41,0,0,0
5,US105->CS49,0,0,0
5,US105->CS57,0,0,0
5,US106->CS2,0,0,0
5,US106->CS10,0,0,0
5,US106->CS18,0,0,0
5,US106->CS26,0,0,0
5,US106->CS34,0,0,0
5,US106->CS42,0,0,0
5,US106->CS50,0,0,0
5,US106->CS58,0,0,0
5,US107->CS3,0,0,0
5,US107->CS11,0,0,0
5,US107->CS19,0,0,0
5,US107->CS27,0,0,0
5,US107->CS35,0,0,0
5,US107->CS43,0,0,0
5,US107->CS51,0,0,0
5,US107->CS59,0,0,0
5,US108->CS4,0,0,0
5,US108->CS12,0,0,0
5,US108->CS20,0,0,0
5,US108->CS28,0,0,0
5,US108->CS36,0,0,0
5,US108->CS44,0,0,0
5,US108->CS52,0,0,0
5,US108->CS60,0,0,0
5,US109->CS5,0,0,0
5,US109->CS13,0,0,0
5,US109->CS21,0,0,0
5,US109->CS29,0,0,0
5,US109->CS37,0,0,0
5,US109->CS45,0,0,0
5,US109->CS53,0,0,0
5,US109->CS61,0,0,0
5,US110->CS6,0,0,0
5,US110->CS14,0,0,0
5,US110->CS22,0,0,0
5,US110->CS30,0,0,0
5,US110->CS38,0,0,0
5,US110->CS46,0,0,0
5,US110->CS54,0,0,0
5,US110->CS62,0,0,0
5,US111->CS7,0,0,0
5,US111->CS15,0,0,0
5,US111->CS23,0,0,0
5,US111->CS31,0,0,0
5,US111->CS39,0,0,0
5,US111->CS47,0,0,0
5,US111->CS55,0,0,0
5,US111->CS63,0,0,0
5,US112->CS0,51100,51100,0
5,US112->CS8,51054,51054,0
5,US112->CS16,51465,51465,0
5,US112->CS24,51324,51324,0
5,US112->CS32,51331,51331,0
5,US112->CS40,51109,51109,0
5,US112->CS48,51088,51088,0
5,US112->CS56,50956,50956,0
5,US113->CS1,51263,51263,0
5,US113->CS9,51652,51652,0
5,US113->CS17,50874,50874,0
5,US113->CS25,51517,51517,0
5,US113->CS33,50847,50847,0
5,US113->CS41,51119,51119,0
5,US113->CS49,51177,51177,0
5,US113->CS57,51077,51077,0
5,US114->CS2,51576,51576,0
5,US114->CS10,51200,51200,0
5,US114->CS18,50905,50905,0
5,US114->CS26,51193,51193,0
5,US114->CS34,51289,51289,0
5,US114->CS42,51239,51239,0
5,US114->CS50,51405,51405,0
5,US114->CS58,51141,51141,0
5,US115->CS3,51166,51166,0
5,US115->CS11,51000,51000,0
5,US115->CS19,51251,51251,0
5,US115->CS27,51355,51355,0
5,US115->CS35,50904,50904,0
5,US115->CS43,51022,51022,0
5,US115->CS51,51280,51280,0
5,US115->CS59,51067,51067,0
5,US116->CS4,51205,51205,0
5,US116->CS12,50914,50914,0
5,US116->CS20,51134,51134,0
5,US116->CS28,51334,51334,0
5,US116->CS36,51083,51083,0
5,US116->CS44,51482,51482,0
5,US116->CS52,51007,51007,0
5,US116->CS60,51159,51159,0
5,US117->CS5,51382,51382,0
5,US117->CS13,50921,50921,0
5,US117->CS21,51385,51385,0
5,US117->CS29,51101,51101,0
5,US117->CS37,51048,51048,0
5,US117->CS45,51194,51194,0
5,US117->CS53,50883,50883,0
5,US117->CS61,50898,50898,0
5,US118->CS6,50987,50987,0
5,US118->CS14,51125,51125,0
5,US118->CS22,50979,50979,0
5,US118->CS30,51203,51203,0
5,US118->CS38,51382,51382,0
5,US118->CS46,51106,51106,0
5,US118->CS54,51415,51415,0
5,US118->CS62,50880,50880,0
5,US119->CS7,51392,51392,0
5,US119->CS15,51065,51065,0
5,US119->CS23,50803,50803,0
5,US119->CS31,51111,51111,0
5,US119->CS39,51363,51363,0
5,US119->CS47,51352,51352,0
5,US119->CS55,50972,50972,0
5,US119->CS63,51121,51121,0
5,US120->CS0,24301,24301,0
5,US120->CS8,24365,24364,0
5,US120->CS16,23993,23993,0
5,US120->CS24,24291,24291,0
5,US120->CS32,24228,24227,0
5,US120->CS40,24135,24135,0
5,US120->CS48,24158,24157,0
5,US120->CS56,24241,24241,0
5,US121->CS1,24169,24169,0
5,US121->CS9,24455,24454,0
5,US121->CS17,24544,24544,0
5,US121->CS25,24205,24205,0
5,US121->CS33,24283,24283,0
5,US121->CS41,24430,24429,0
5,US121->CS49,24454,24454,0
5,US121->CS57,24213,24212,0
5,US122->CS2,24312,24312,0
5,US122->CS10,24170,24170,0
5,US122->CS18,24330,24330,0
5,US122->CS26,24332,24332,0
5,US122->CS34,24286,24285,0
5,US122->CS42,24387,24385,0
5,US122->CS50,24206,24206,0
5,US122->CS58,24292,24291,0
5,US123->CS3,24293,24293,0
5,US123->CS11,24416,24416,0
5,US123->CS19,24166,24166,0
5,US123->CS27,24136,24136,0
5,US123->CS35,24209,24208,0
5,US123->CS43,24064,24064,0
5,US123->CS51,24453,24452,0
5,US123->CS59,24179,24177,0
5,US124->CS4,24403,24402,0
5,US124->CS12,24509,24508,0
5,US124->CS20,24151,24150,0
5,US124->CS28,24169,24169,0
5,US124->CS36,24252,24251,0
5,US124->CS44,24120,24120,0
5,US124->CS52,24349,24349,0
5,US124->CS60,24291,24290,0
5,US125->CS5,24317,24317,0
5,US125->CS13,24405,24405,0
5,US125->CS21,24328,24327,0
5,US125->CS29,24136,24135,0
5,US125->CS37,24561,24561,0
5,US125->CS45,24159,24159,0
5,US125->CS53,24076,24075,0
5,US125->CS61,24536,24536,0
5,US126->CS6,24053,24051,0
5,US126->CS14,24477,24476,0
5,US126->CS22,24112,24112,0
5,US126->CS30,24324,24324,0
5,US126->CS38,24535,24535,0
5,US126->CS46,24326,24326,0
5,US126->CS54,24272,24271,0
5,US126->CS62,23998,23997,0
5,US127->CS7,24082,24082,0
5,US127->CS15,24354,24354,0
5,US127->CS23,24418,24418,0
5,US127->CS31,24406,24406,0
5,US127->CS39,24732,24732,0
5,US127->CS47,24587,24586,0
5,US127->CS55,24326,24325,0
5,US127->CS63,24355,24355,0
5,CS0->US0,51731,51731,0
5,CS0->US8,0,0,0
5,CS0->US16,24372,24372,0
5,CS0->US24,0,0,0
5,CS0->US32,0,0,0
5,CS0->US40,51167,51167,0
5,CS0->US48,51360,51360,0
5,CS0->US56,0,0,0
5,CS0->US64,0,0,0
5,CS0->US72,50756,50756,0
5,CS0->US80,0,0,0
5,CS0->US88,50878,50878,0
5,CS0->US96,0,0,0
5,CS0->US104,0,0,0
5,CS0->US112,57466,57466,0
5,CS0->US120,24890,24889,0
5,CS1->US1,51286,51286,0
5,CS1->US9,0,0,0
5,CS1->US17,24235,24235,0
5,CS1->US25,0,0,0
5,CS1->US33,0,0,0
5,CS1->US41,51394,51394,0
5,CS1->US49,51620,51620,0
5,CS1->US57,0,0,0
5,CS1->US65,0,0,0
5,CS1->US73,50794,50794,0
5,CS1->US81,0,0,0
5,CS1->US89,50555,50555,0
5,CS1->US97,0,0,0
5,CS1->US105,0,0,0
5,CS1->US113,57560,57560,0
5,CS1->US121,24504,24503,0
5,CS2->US2,51567,51567,0
5,CS2->US10,0,0,0
5,CS2->US18,24374,24374,0
5,CS2->US26,0,0,0
5,CS2->US34,0,0,0
5,CS2->US42,51653,51653,0
5,CS2->US50,51259,51259,0
5,CS2->US58,0,0,0
5,CS2->US66,0,0,0
5,CS2->US74,50637,50637,0
5,CS2->US82,0,0,0
5,CS2->US90,50704,50704,0
5,CS2->US98,0,0,0
5,CS2->US106,0,0,0
5,CS2->US114,57429,57429,0
5,CS2->US122,24574,24574,0
5,CS3->US3,51392,51392,0
5,CS3->US11,0,0,0
5,CS3->US19,24390,24389,0
5,CS3->US27,0,0,0
5,CS3->US35,0,0,0
5,CS3->US43,51288,51288,0
5,CS3->US51,51447,51447,0
5,CS3->US59,0,0,0
5,CS3->US67,0,0,0
5,CS3->US75,50998,50998,0
5,CS3->US83,0,0,0
5,CS3->US91,50841,50841,0
5,CS3->US99,0,0,0
5,CS3->US107,0,0,0
5,CS3->US115,57373,57373,0
5,CS3->US123,24668,24668,0
5,CS4->US4,51504,51504,0
5,CS4->US12,0,0,0
5,CS4->US20,24482,24482,0
5,CS4->US28,0,0,0
5,CS4->US36,0,0,0
5,CS4->US44,51269,51269,0
5,CS4->US52,51587,51587,0
5,CS4->US60,0,0,0
5,CS4->US68,0,0,0
5,CS4->US76,50834,50834,0
5,CS4->US84,0,0,0
5,CS4->US92,50428,50428,0
5,CS4->US100,0,0,0
5,CS4->US108,0,0,0
5,CS4->US116,57543,57543,0
5,CS4->US124,24873,24872,0
5,CS5->US5,51461,51461,0
5,CS5->US13,0,0,0
5,CS5->US21,24398,24398,0
5,CS5->US29,0,0,0
5,CS5->US37,0,0,0
5,CS5->US45,51523,51523,0
5,CS5->US53,51617,51617,0
5,CS5->US61,0,0,0
5,CS5->US69,0,0,0
5,CS5->US77,51023,51023,0
5,CS5->US85,0,0,0
5,CS5->US93,50580,50580,0
5,CS5->US101,0,0,0
5,CS5->US109,0,0,0
5,CS5->US117,57255,57255,0
5,CS5->US125,24594,24592,0
5,CS6->US6,51508,51508,0
5,CS6->US14,0,0,0
5,CS6->US22,24131,24130,0
5,CS6->US30,0,0,0
5,CS6->US38,0,0,0
5,CS6->US46,51022,51022,0
5,CS6->US54,51484,51484,0
5,CS6->US62,0,0,0
5,CS6->US70,0,0,0
5,CS6->US78,50845,50845,0
5,CS6->US86,0,0,0
5,CS6->US94,50918,50918,0
5,CS6->US102,0,0,0
5,CS6->US110,0,0,0
5,CS6->US118,58213,58213,0
5,CS6->US126,25047,25047,0
5,CS7->US7,51175,51175,0
5,CS7->US15,0,0,0
5,CS7->US23,24160,24160,0
5,CS7->US31,0,0,0
5,CS7->US39,0,0,0
5,CS7->US47,51495,51495,0
5,CS7->US55,51631,51631,0
5,CS7->US63,0,0,0
5,CS7->US71,0,0,0
5,CS7->US79,50574,50574,0
5,CS7->US87,0,0,0
5,CS7->US95,51379,51379,0
5,CS7->US103,0,0,0
5,CS7->US111,0,0,0
5,CS7->US119,57398,57398,0
5,CS7->US127,24774,24773,0
5,CS8->US0,51882,51882,0
5,CS8->US8,0,0,0
5,CS8->US16,24483,24482,0
5,CS8->US24,0,0,0
5,CS8->US32,0,0,0
5,CS8->US40,51178,51178,0
5,CS8->US48,51742,51742,0
5,CS8->US56,0,0,0
5,CS8->US64,0,0,0
5,CS8->US72,50587,50587,0
5,CS8->US80,0,0,0
5,CS8->US88,50663,50663,0
5,CS8->US96,0,0,0
5,CS8->US104,0,0,0
5,CS8->US112,57728,57728,0
5,CS8->US120,24785,24783,0
5,CS9->US1,51166,51166,0
5,CS9->US9,0,0,0
5,CS9->US17,24551,24551,0
5,CS9->US25,0,0,0
5,CS9->US33,0,0,0
5,CS9->US41,51785,51785,0
5,CS9->US49,51615,51615,0
5,CS9->US57,0,0,0
5,CS9->US65,0,0,0
5,CS9->US73,51047,51047,0
5,CS9->US81,0,0,0
5,CS9->US89,50758,50758,0
5,CS9->US97,0,0,0
5,CS9->US105,0,0,0
5,CS9->US113,57824,57824,0
5,CS9->US121,24988,24987,0
5,CS10->US2,51827,51827,0
5,CS10->US10,0,0,0
5,CS10->US18,24282,24281,0
5,CS10->US26,0,0,0
5,CS10->US34,0,0,0
5,CS10->US42,51283,51283,0
5,CS10->US50,51489,51489,0
5,CS10->US58,0,0,0
5,CS10->US66,0,0,0
5,CS10->US74,50570,50570,0
5,CS10->US82,0,0,0
5,CS10->US90,50910,50910,0
5,CS10->US98,0,0,0
5,CS10->US106,0,0,0
5,CS10->US114,57826,57826,0
5,CS10->US122,24700,24700,0
5,CS11->US3,51188,51188,0
5,CS11->US11,0,0,0
5,CS11->US19,24521,24521,0
5,CS11->US27,0,0,0
5,CS11->US35,0,0,0
5,CS11->US43,51174,51174,0
5,CS11->US51,51421,51421,0
5,CS11->US59,0,0,0
5,CS11->US67,0,0,0
5,CS11->US75,50666,50666,0
5,CS11->US83,0,0,0
5,CS11->US91,50810,50810,0
5,CS11->US99,0,0,0
5,CS11->US107,0,0,0
5,CS11->US115,57618,57618,0
5,CS11->US123,24773,24773,0
5,CS12->US4,51970,51970,0
5,CS12->US12,0,0,0
5,CS12->US20,24619,24616,0
5,CS12->US28,0,0,0
5,CS12->US36,0,0,0
5,CS12->US44,51086,51086,0
5,CS12->US52,51331,51331,0
5,CS12->US60,0,0,0
5,CS12->US68,0,0,0
5,CS12->US76,51082,51082,0
5,CS12->US84,0,0,0
5,CS12->US92,50787,50787,0
5,CS12->US100,0,0,0
5,CS12->US108,0,0,0
5,CS12->US116,57689,57689,0
5,CS12->US124,24822,24821,0
5,CS13->US5,51608,51608,0
5,CS13->US13,0,0,0
5,CS13->US21,24518,24518,0
5,CS13->US29,0,0,0
5,CS13->US37,0,0,0
5,CS13->US45,50971,50971,0
5,CS13->US53,51477,51477,0
5,CS13->US61,0,0,0
5,CS13->US69,0,0,0
5,CS13->US77,50859,50859,0
5,CS13->US85,0,0,0
5,CS13->US93,50579,50579,0
5,CS13->US101,0,0,0
5,CS13->US109,0,0,0
5,CS13->US117,57921,57921,0
5,CS13->US125,24448,24448,0
5,CS14->US6,51349,51349,0
5,CS14->US14,0,0,0
5,CS14->US22,24561,24561,0
5,CS14->US30,0,0,0
5,CS14->US38,0,0,0
5,CS14->US46,51229,51229,0
5,CS14->US54,51622,51622,0
5,CS14->US62,0,0,0
5,CS14->US70,0,0,0
5,CS14->US78,50592,50592,0
5,CS14->US86,0,0,0
5,CS14->US94,50506,50506,0
5,CS14->US102,0,0,0
5,CS14->US110,0,0,0
5,CS14->US118,57148,57148,0
5,CS14->US126,24676,24676,0
5,CS15->US7,51723,51723,0
5,CS15->US15,0,0,0
5,CS15->US23,24450,24448,0
5,CS15->US31,0,0,0
5,CS15->US39,0,0,0
5,CS15->US47,51172,51172,0
5,CS15->US55,51088,51088,0
5,CS15->US63,0,0,0
5,CS15->US71,0,0,0
5,CS15->US79,50764,50764,0
5,CS15->US87,0,0,0
5,CS15->US95,51119,51119,0
5,CS15->US103,0,0,0
5,CS15->US111,0,0,0
5,CS15->US119,57774,57774,0
5,CS15->US127,24907,24907,0
5,CS16->US0,51993,51993,0
5,CS16->US8,0,0,0
5,CS16->US16,24111,24110,0
5,CS16->US24,0,0,0
5,CS16->US32,0,0,0
5,CS16->US40,51617,51617,0
5,CS16->US48,51567,51567,0
5,CS16->US56,0,0,0
5,CS16->US64,0,0,0
5,CS16->US72,50575,50575,0
5,CS16->US80,0,0,0
5,CS16->US88,50801,50801,0
5,CS16->US96,0,0,0
5,CS16->US104,0,0,0
5,CS16->US112,57636,57636,0
5,CS16->US120,24639,24639,0
5,CS17->US1,51988,51988,0
5,CS17->US9,0,0,0
5,CS17->US17,24632,24632,0
5,CS17->US25,0,0,0
5,CS17->US33,0,0,0
5,CS17->US41,51006,51006,0
5,CS17->US49,51182,51182,0
5,CS17->US57,0,0,0
5,CS17->US65,0,0,0
5,CS17->US73,50935,50935,0
5,CS17->US81,0,0,0
5,CS17->US89,51245,51245,0
5,CS17->US97,0,0,0
5,CS17->US105,0,0,0
5,CS17->US113,57693,57693,0
5,CS17->US121,24477,24476,0
5,CS18->US2,51801,51801,0
5,CS18->US10,0,0,0
5,CS18->US18,24414,24414,0
5,CS18->US26,0,0,0
5,CS18->US34,0,0,0
5,CS18->US42,51040,51040,0
5,CS18->US50,51150,51150,0
5,CS18->US58,0,0,0
5,CS18->US66,0,0,0
5,CS18->US74,50715,50715,0
5,CS18->US82,0,0,0
5,CS18->US90,51046,51046,0
5,CS18->US98,0,0,0
5,CS18->US106,0,0,0
5,CS18->US114,57584,57584,0
5,CS18->US122,24740,24739,0
5,CS19->US3,51354,51354,0
5,CS19->US11,0,0,0
5,CS19->US19,24279,24278,0
5,CS19->US27,0,0,0
5,CS19->US35,0,0,0
5,CS19->US43,51404,51404,0
5,CS19->US51,51533,51533,0
5,CS19->US59,0,0,0
5,CS19->US67,0,0,0
5,CS19->US75,51028,51028,0
5,CS19->US83,0,0,0
5,CS19->US91,50526,50526,0
5,CS19->US99,0,0,0
5,CS19->US107,0,0,0
5,CS19->US115,57414,57414,0
5,CS19->US123,24778,24777,0
5,CS20->US4,51408,51408,0
5,CS20->US12,0,0,0
5,CS20->US20,24234,24233,0
5,CS20->US28,0,0,0
5,CS20->US36,0,0,0
5,CS20->US44,51276,51276,0
5,CS20->US52,51350,51350,0
5,CS20->US60,0,0,0
5,CS20->US68,0,0,0
5,CS20->US76,50634,50634,0
5,CS20->US84,0,0,0
5,CS20->US92,50397,50397,0
5,CS20->US100,0,0,0
5,CS20->US108,0,0,0
5,CS20->US116,57416,57416,0
5,CS20->US124,24742,24742,0
5,CS21->US5,51627,51627,0
5,CS21->US13,0,0,0
5,CS21->US21,24429,24429,0
5,CS21->US29,0,0,0
5,CS21->US37,0,0,0
5,CS21->US45,51477,51477,0
5,CS21->US53,51447,51447,0
5,CS21->US61,0,0,0
5,CS21->US69,0,0,0
5,CS21->US77,50664,50664,0
5,CS21->US85,0,0,0
5,CS21->US93,50978,50978,0
5,CS21->US101,0,0,0
5,CS21->US109,0,0,0
5,CS21->US117,57509,57509,0
5,CS21->US125,24561,24560,0
5,CS22->US6,51518,51518,0
5,CS22->US14,0,0,0
5,CS22->US22,24202,24202,0
5,CS22->US30,0,0,0
5,CS22->US38,0,0,0
5,CS22->US46,51102,51102,0
5,CS22->US54,51408,51408,0
5,CS22->US62,0,0,0
5,CS22->US70,0,0,0
5,CS22->US78,51155,51155,0
5,CS22->US86,0,0,0
5,CS22->US94,50798,50798,0
5,CS22->US102,0,0,0
5,CS22->US110,0,0,0
5,CS22->US118,57591,57591,0
5,CS22->US126,24611,24611,0
5,CS23->US7,51446,51446,0
5,CS23->US15,0,0,0
5,CS23->US23,24516,24515,0
5,CS23->US31,0,0,0
5,CS23->US39,0,0,0
5,CS23->US47,50973,50973,0
5,CS23->US55,51741,51741,0
5,CS23->US63,0,0,0
5,CS23->US71,0,0,0
5,CS23->US79,50340,50340,0
5,CS23->US87,0,0,0
5,CS23->US95,50872,50872,0
5,CS23->US103,0,0,0
5,CS23->US111,0,0,0
5,CS23->US119,57704,57704,0
5,CS23->US127,24699,24699,0
5,CS24->US0,51502,51502,0
5,CS24->US8,0,0,0
5,CS24->US16,24402,24402,0
5,CS24->US24,0,0,0
5,CS24->US32,0,0,0
5,CS24->US40,51416,51416,0
5,CS24->US48,51725,51725,0
5,CS24->US56,0,0,0
5,CS24->US64,0,0,0
5,CS24->US72,50886,50886,0
5,CS24->US80,0,0,0
5,CS24->US88,50157,50157,0
5,CS24->US96,0,0,0
5,CS24->US104,0,0,0
5,CS24->US112,57516,57516,0
5,CS24->US120,24583,24583,0
5,CS25->US1,51310,51310,0
5,CS25->US9,0,0,0
5,CS25->US17,24269,24268,0
5,CS25->US25,0,0,0
5,CS25->US33,0,0,0
5,CS25->US41,51695,51695,0
5,CS25->US49,51413,51413,0
5,CS25->US57,0,0,0
5,CS25->US65,0,0,0
5,CS25->US73,51025,51025,0
5,CS25->US81,0,0,0
5,CS25->US89,50343,50343,0
5,CS25->US97,0,0,0
5,CS25->US105,0,0,0
5,CS25->US113,57188,57188,0
5,CS25->US121,24554,24552,0
5,CS26->US2,51231,51231,0
5,CS26->US10,0,0,0
5,CS26->US18,24452,24452,0
5,CS26->US26,0,0,0
5,CS26->US34,0,0,0
5,CS26->US42,51359,51359,0
5,CS26->US50,51797,51797,0
5,CS26->US58,0,0,0
5,CS26->US66,0,0,0
5,CS26->US74,50736,50736,0
5,CS26->US82,0,0,0
5,CS26->US90,50903,50903,0
5,CS26->US98,0,0,0
5,CS26->US106,0,0,0
5,CS26->US114,57561,57561,0
5,CS26->US122,24849,24847,0
5,CS27->US3,51828,51828,0
5,CS27->US11,0,0,0
5,CS27->US19,24224,24224,0
5,CS27->US27,0,0,0
5,CS27->US35,0,0,0
5,CS27->US43,51434,51434,0
5,CS27->US51,51502,51502,0
5,CS27->US59,0,0,0
5,CS27->US67,0,0,0
5,CS27->US75,50531,50531,0
5,CS27->US83,0,0,0
5,CS27->US91,50707,50707,0
5,CS27->US99,0,0,0
5,CS27->US107,0,0,0
5,CS27->US115,57540,57540,0
5,CS27->US123,24780,24780,0
5,CS28->US4,51682,51682,0
5,CS28->US12,0,0,0
5,CS28->US20,24227,24227,0
5,CS28->US28,0,0,0
5,CS28->US36,0,0,0
5,CS28->US44,51471,51471,0
5,CS28->US52,51715,51715,0
5,CS28->US60,0,0,0
5,CS28->US68,0,0,0
5,CS28->US76,50673,50673,0
5,CS28->US84,0,0,0
5,CS28->US92,50827,50827,0
5,CS28->US100,0,0,0
5,CS28->US108,0,0,0
5,CS28->US116,57581,57581,0
5,CS28->US124,25063,25062,0
5,CS29->US5,51616,51616,0
5,CS29->US13,0,0,0
5,CS29->US21,24224,24224,0
5,CS29->US29,0,0,0
5,CS29->US37,0,0,0
5,CS29->US45,51166,51166,0
5,CS29->US53,51391,51391,0
5,CS29->US61,0,0,0
5,CS29->US69,0,0,0
5,CS29->US77,50697,50697,0
5,CS29->US85,0,0,0
5,CS29->US93,50405,50405,0
5,CS29->US101,0,0,0
5,CS29->US109,0,0,0
5,CS29->US117,57494,57494,0
5,CS29->US125,24870,24870,0
5,CS30->US6,51370,51370,0
5,CS30->US14,0,0,0
5,CS30->US22,24376,24375,0
5,CS30->US30,0,0,0
5,CS30->US38,0,0,0
5,CS30->US46,51252,51252,0
5,CS30->US54,51510,51510,0
5,CS30->US62,0,0,0
5,CS30->US70,0,0,0
5,CS30->US78,50724,50724,0
5,CS30->US86,0,0,0
5,CS30->US94,50970,50970,0
5,CS30->US102,0,0,0
5,CS30->US110,0,0,0
5,CS30->US118,57269,57269,0
5,CS30->US126,24501,24501,0
5,CS31->US7,51312,51312,0
5,CS31->US15,0,0,0
5,CS31->US23,24478,24476,0
5,CS31->US31,0,0,0
5,CS31->US39,0,0,0
5,CS31->US47,51247,51247,0
5,CS31->US55,51392,51392,0
5,CS31->US63,0,0,0
5,CS31->US71,0,0,0
5,CS31->US79,50323,50323,0
5,CS31->US87,0,0,0
5,CS31->US95,50762,50762,0
5,CS31->US103,0,0,0
5,CS31->US111,0,0,0
5,CS31->US119,57118,57118,0
5,CS31->US127,24886,24886,0
5,CS32->US0,50999,50999,0
5,CS32->US8,0,0,0
5,CS32->US16,24329,24329,0
5,CS32->US24,0,0,0
5,CS32->US32,0,0,0
5,CS32->US40,51449,51449,0
5,CS32->US48,51380,51380,0
5,CS32->US56,0,0,0
5,CS32->US64,0,0,0
5,CS32->US72,51017,51017,0
5,CS32->US80,0,0,0
5,CS32->US88,51092,51092,0
5,CS32->US96,0,0,0
5,CS32->US104,0,0,0
5,CS32->US112,57535,57535,0
5,CS32->US120,24688,24686,0
5,CS33->US1,51317,51317,0
5,CS33->US9,0,0,0
5,CS33->US17,24394,24394,0
5,CS33->US25,0,0,0
5,CS33->US33,0,0,0
5,CS33->US41,50945,50945,0
5,CS33->US49,51324,51324,0
5,CS33->US57,0,0,0
5,CS33->US65,0,0,0
5,CS33->US73,50883,50883,0
5,CS33->US81,0,0,0
5,CS33->US89,50808,50808,0
5,CS33->US97,0,0,0
5,CS33->US105,0,0,0
5,CS33->US113,57470,57470,0
5,CS33->US121,24647,24647,0
5,CS34->US2,51338,51338,0
5,CS34->US10,0,0,0
5,CS34->US18,24393,24392,0
5,CS34->US26,0,0,0
5,CS34->US34,0,0,0
5,CS34->US42,51350,51350,0
5,CS34->US50,51741,51741,0
5,CS34->US58,0,0,0
5,CS34->US66,0,0,0
5,CS34->US74,50572,50572,0
5,CS34->US82,0,0,0
5,CS34->US90,50506,50506,0
5,CS34->US98,0,0,0
5,CS34->US106,0,0,0
5,CS34->US114,57376,57376,0
5,CS34->US122,24921,24920,0
5,CS35->US3,51192,51192,0
5,CS35->US11,0,0,0
5,CS35->US19,24338,24338,0
5,CS35->US27,0,0,0
5,CS35->US35,0,0,0
5,CS35->US43,51109,51109,0
5,CS35->US51,51613,51613,0
5,CS35->US59,0,0,0
5,CS35->US67,0,0,0
5,CS35->US75,50825,50825,0
5,CS35->US83,0,0,0
5,CS35->US91,50962,50962,0
5,CS35->US99,0,0,0
5,CS35->US107,0,0,0
5,CS35->US115,57577,57577,0
5,CS35->US123,24825,24825,0
5,CS36->US4,51594,51594,0
5,CS36->US12,0,0,0
5,CS36->US20,24387,24387,0
5,CS36->US28,0,0,0
5,CS36->US36,0,0,0
5,CS36->US44,51296,51296,0
5,CS36->US52,51399,51399,0
5,CS36->US60,0,0,0
5,CS36->US68,0,0,0
5,CS36->US76,50502,50502,0
5,CS36->US84,0,0,0
5,CS36->US92,50935,50935,0
5,CS36->US100,0,0,0
5,CS36->US108,0,0,0
5,CS36->US116,57243,57243,0
5,CS36->US124,24976,24975,0
5,CS37->US5,51583,51583,0
5,CS37->US13,0,0,0
5,CS37->US21,24641,24640,0
5,CS37->US29,0,0,0
5,CS37->US37,0,0,0
5,CS37->US45,51102,51102,0
5,CS37->US53,51519,51519,0
5,CS37->US61,0,0,0
5,CS37->US69,0,0,0
5,CS37->US77,50917,50917,0
5,CS37->US85,0,0,0
5,CS37->US93,50627,50627,0
5,CS37->US101,0,0,0
5,CS37->US109,0,0,0
5,CS37->US117,57803,57803,0
5,CS37->US125,24699,24698,0
5,CS38->US6,51632,51632,0
5,CS38->US14,0,0,0
5,CS38->US22,24605,24605,0
5,CS38->US30,0,0,0
5,CS38->US38,0,0,0
5,CS38->US46,51476,51476,0
5,CS38->US54,51435,51435,0
5,CS38->US62,0,0,0
5,CS38->US70,0,0,0
5,CS38->US78,50818,50818,0
5,CS38->US86,0,0,0
5,CS38->US94,50784,50784,0
5,CS38->US102,0,0,0
5,CS38->US110,0,0,0
5,CS38->US118,57926,57926,0
5,CS38->US126,24715,24715,0
5,CS39->US7,51450,51450,0
5,CS39->US15,0,0,0
5,CS39->US23,24819,24819,0
5,CS39->US31,0,0,0
5,CS39->US39,0,0,0
5,CS39->US47,51495,51495,0
5,CS39->US55,51452,51452,0
5,CS39->US63,0,0,0
5,CS39->US71,0,0,0
5,CS39->US79,50746,50746,0
5,CS39->US87,0,0,0
5,CS39->US95,51059,51059,0
5,CS39->US103,0,0,0
5,CS39->US111,0,0,0
5,CS39->US119,57878,57878,0
5,CS39->US127,24691,24689,0
5,CS40->US0,51185,51185,0
5,CS40->US8,0,0,0
5,CS40->US16,24213,24212,0
5,CS40->US24,0,0,0
5,CS40->US32,0,0,0
5,CS40->US40,51244,51244,0
5,CS40->US48,51492,51492,0
5,CS40->US56,0,0,0
5,CS40->US64,0,0,0
5,CS40->US72,50864,50864,0
5,CS40->US80,0,0,0
5,CS40->US88,50201,50201,0
5,CS40->US96,0,0,0
5,CS40->US104,0,0,0
5,CS40->US112,57495,57495,0
5,CS40->US120,24741,24740,0
5,CS41->US1,51492,51492,0
5,CS41->US9,0,0,0
5,CS41->US17,24527,24527,0
5,CS41->US25,0,0,0
5,CS41->US33,0,0,0
5,CS41->US41,51227,51227,0
5,CS41->US49,51314,51314,0
5,CS41->US57,0,0,0
5,CS41->US65,0,0,0
5,CS41->US73,50390,50390,0
5,CS41->US81,0,0,0
5,CS41->US89,50373,50373,0
5,CS41->US97,0,0,0
5,CS41->US105,0,0,0
5,CS41->US113,57275,57275,0
5,CS41->US121,24693,24692,0
5,CS42->US2,51330,51330,0
5,CS42->US10,0,0,0
5,CS42->US18,24504,24504,0
5,CS42->US26,0,0,0
5,CS42->US34,0,0,0
5,CS42->US42,51330,51330,0
5,CS42->US50,51390,51390,0
5,CS42->US58,0,0,0
5,CS42->US66,0,0,0
5,CS42->US74,51049,51049,0
5,CS42->US82,0,0,0
5,CS42->US90,50983,50983,0
5,CS42->US98,0,0,0
5,CS42->US106,0,0,0
5,CS42->US114,57379,57379,0
5,CS42->US122,24573,24573,0
5,CS43->US3,51143,51143,0
5,CS43->US11,0,0,0
5,CS43->US19,24137,24137,0
5,CS43->US27,0,0,0
5,CS43->US35,0,0,0
5,CS43->US43,51144,51144,0
5,CS43->US51,51607,51607,0
5,CS43->US59,0,0,0
5,CS43->US67,0,0,0
5,CS43->US75,50975,50975,0
5,CS43->US83,0,0,0
5,CS43->US91,50383,50383,0
5,CS43->US99,0,0,0
5,CS43->US107,0,0,0
5,CS43->US115,57644,57644,0
5,CS43->US123,24538,24538,0
5,CS44->US4,51240,51240,0
5,CS44->US12,0,0,0
5,CS44->US20,24230,24229,0
5,CS44->US28,0,0,0
5,CS44->US36,0,0,0
5,CS44->US44,51562,51562,0
5,CS44->US52,51027,51027,0
5,CS44->US60,0,0,0
5,CS44->US68,0,0,0
5,CS44->US76,50952,50952,0
5,CS44->US84,0,0,0
5,CS44->US92,50551,50551,0
5,CS44->US100,0,0,0
5,CS44->US108,0,0,0
5,CS44->US116,57299,57299,0
5,CS44->US124,24716,24716,0
5,CS45->US5,51726,51726,0
5,CS45->US13,0,0,0
5,CS45->US21,24242,24241,0
5,CS45->US29,0,0,0
5,CS45->US37,0,0,0
5,CS45->US45,51311,51311,0
5,CS45->US53,51315,51315,0
5,CS45->US61,0,0,0
5,CS45->US69,0,0,0
5,CS45->US77,50719,50719,0
5,CS45->US85,0,0,0
5,CS45->US93,50303,50303,0
5,CS45->US101,0,0,0
5,CS45->US109,0,0,0
5,CS45->US117,57098,57098,0
5,CS45->US125,24795,24795,0
5,CS46->US6,51617,51617,0
5,CS46->US14,0,0,0
5,CS46->US22,24433,24432,0
5,CS46->US30,0,0,0
5,CS46->US38,0,0,0
5,CS46->US46,51120,51120,0
5,CS46->US54,51751,51751,0
5,CS46->US62,0,0,0
5,CS46->US70,0,0,0
5,CS46->US78,50596,50596,0
5,CS46->US86,0,0,0
5,CS46->US94,50987,50987,0
5,CS46->US102,0,0,0
5,CS46->US110,0,0,0
5,CS46->US118,57754,57754,0
5,CS46->US126,24601,24601,0
5,CS47->US7,51270,51270,0
5,CS47->US15,0,0,0
5,CS47->US23,24630,24630,0
5,CS47->US31,0,0,0
5,CS47->US39,0,0,0
5,CS47->US47,51439,51439,0
5,CS47->US55,51306,51306,0
5,CS47->US63,0,0,0
5,CS47->US71,0,0,0
5,CS47->US79,50842,50842,0
5,CS47->US87,0,0,0
5,CS47->US95,50638,50638,0
5,CS47->US103,0,0,0
5,CS47->US111,0,0,0
5,CS47->US119,57650,57650,0
5,CS47->US127,24917,24917,0
5,CS48->US0,51223,51223,0
5,CS48->US8,0,0,0
5,CS48->US16,24250,24248,0
5,CS48->US24,0,0,0
5,CS48->US32,0,0,0
5,CS48->US40,51142,51142,0
5,CS48->US48,51386,51386,0
5,CS48->US56,0,0,0
5,CS48->US64,0,0,0
5,CS48->US72,50714,50714,0
5,CS48->US80,0,0,0
5,CS48->US88,50539,50539,0
5,CS48->US96,0,0,0
5,CS48->US104,0,0,0
5,CS48->US112,57892,57892,0
5,CS48->US120,24908,24908,0
5,CS49->US1,51729,51729,0
5,CS49->US9,0,0,0
5,CS49->US17,24582,24581,0
5,CS49->US25,0,0,0
5,CS49->US33,0,0,0
5,CS49->US41,51306,51306,0
5,CS49->US49,51526,51526,0
5,CS49->US57,0,0,0
5,CS49->US65,0,0,0
5,CS49->US73,50537,50537,0
5,CS49->US81,0,0,0
5,CS49->US89,50838,50838,0
5,CS49->US97,0,0,0
5,CS49->US105,0,0,0
5,CS49->US113,57696,57696,0
5,CS49->US121,24684,24684,0
5,CS50->US2,51474,51474,0
5,CS50->US10,0,0,0
5,CS50->US18,24294,24294,0
5,CS50->US26,0,0,0
5,CS50->US34,0,0,0
5,CS50->US42,51490,51490,0
5,CS50->US50,51422,51422,0
5,CS50->US58,0,0,0
5,CS50->US66,0,0,0
5,CS50->US74,51013,51013,0
5,CS50->US82,0,0,0
5,CS50->US90,50479,50479,0
5,CS50->US98,0,0,0
5,CS50->US106,0,0,0
5,CS50->US114,57616,57616,0
5,CS50->US122,24743,24742,0
5,CS51->US3,51445,51445,0
5,CS51->US11,0,0,0
5,CS51->US19,24540,24539,0
5,CS51->US27,0,0,0
5,CS51->US35,0,0,0
5,CS51->US43,51427,51427,0
5,CS51->US51,51272,51272,0
5,CS51->US59,0,0,0
5,CS51->US67,0,0,0
5,CS51->US75,50711,50711,0
5,CS51->US83,0,0,0
5,CS51->US91,51024,51024,0
5,CS51->US99,0,0,0
5,CS51->US107,0,0,0
5,CS51->US115,57465,57465,0
5,CS51->US123,24791,24791,0
5,CS52->US4,51216,51216,0
5,CS52->US12,0,0,0
5,CS52->US20,24402,24402,0
5,CS52->US28,0,0,0
5,CS52->US36,0,0,0
5,CS52->US44,51179,51179,0
5,CS52->US52,51728,51728,0
5,CS52->US60,0,0,0
5,CS52->US68,0,0,0
5,CS52->US76,50737,50737,0
5,CS52->US84,0,0,0
5,CS52->US92,50379,50379,0
5,CS52->US100,0,0,0
5,CS52->US108,0,0,0
5,CS52->US116,57245,57245,0
5,CS52->US124,24760,24760,0
5,CS53->US5,51563,51563,0
5,CS53->US13,0,0,0
5,CS53->US21,24152,24151,0
5,CS53->US29,0,0,0
5,CS53->US37,0,0,0
5,CS53->US45,51072,51072,0
5,CS53->US53,51378,51378,0
5,CS53->US61,0,0,0
5,CS53->US69,0,0,0
5,CS53->US77,50878,50878,0
5,CS53->US85,0,0,0
5,CS53->US93,50548,50548,0
5,CS53->US101,0,0,0
5,CS53->US109,0,0,0
5,CS53->US117,57754,57754,0
5,CS53->US125,24771,24771,0
5,CS54->US6,51315,51315,0
5,CS54->US14,0,0,0
5,CS54->US22,24391,24390,0
5,CS54->US30,0,0,0
5,CS54->US38,0,0,0
5,CS54->US46,51525,51525,0
5,CS54->US54,51473,51473,0
5,CS54->US62,0,0,0
5,CS54->US70,0,0,0
5,CS54->US78,50922,50922,0
5,CS54->US86,0,0,0
5,CS54->US94,50686,50686,0
5,CS54->US102,0,0,0
5,CS54->US110,0,0,0
5,CS54->US118,57423,57423,0
5,CS54->US126,24495,24494,0
5,CS55->US7,50989,50989,0
5,CS55->US15,0,0,0
5,CS55->US23,24416,24415,0
5,CS55->US31,0,0,0
5,CS55->US39,0,0,0
5,CS55->US47,51074,51074,0
5,CS55->US55,51422,51422,0
5,CS55->US63,0,0,0
5,CS55->US71,0,0,0
5,CS55->US79,50317,50317,0
5,CS55->US87,0,0,0
5,CS55->US95,51009,51009,0
5,CS55->US103,0,0,0
5,CS55->US111,0,0,0
5,CS55->US119,57849,57849,0
5,CS55->US127,24789,24789,0
5,CS56->US0,51408,51408,0
5,CS56->US8,0,0,0
5,CS56->US16,24310,24310,0
5,CS56->US24,0,0,0
5,CS56->US32,0,0,0
5,CS56->US40,51019,51019,0
5,CS56->US48,51861,51861,0
5,CS56->US56,0,0,0
5,CS56->US64,0,0,0
5,CS56->US72,50563,50563,0
5,CS56->US80,0,0,0
5,CS56->US88,50509,50509,0
5,CS56->US96,0,0,0
5,CS56->US104,0,0,0
5,CS56->US112,57760,57760,0
5,CS56->US120,24693,24692,0
5,CS57->US1,51784,51784,0
5,CS57->US9,0,0,0
5,CS57->US17,24327,24327,0
5,CS57->US25,0,0,0
5,CS57->US33,0,0,0
5,CS57->US41,51272,51272,0
5,CS57->US49,51560,51560,0
5,CS57->US57,0,0,0
5,CS57->US65,0,0,0
5,CS57->US73,50513,50513,0
5,CS57->US81,0,0,0
5,CS57->US89,51113,51113,0
5,CS57->US97,0,0,0
5,CS57->US105,0,0,0
5,CS57->US113,57557,57557,0
5,CS57->US121,24862,24862,0
5,CS58->US2,51237,51237,0
5,CS58->US10,0,0,0
5,CS58->US18,24383,24383,0
5,CS58->US26,0,0,0
5,CS58->US34,0,0,0
5,CS58->US42,51287,51287,0
5,CS58->US50,51294,51294,0
5,CS58->US58,0,0,0
5,CS58->US66,0,0,0
5,CS58->US74,51043,51043,0
5,CS58->US82,0,0,0
5,CS58->US90,50405,50405,0
5,CS58->US98,0,0,0
5,CS58->US106,0,0,0
5,CS58->US114,57513,57513,0
5,CS58->US122,24896,24894,0
5,CS59->US3,51706,51706,0
5,CS59->US11,0,0,0
5,CS59->US19,24285,24284,0
5,CS59->US27,0,0,0
5,CS59->US35,0,0,0
5,CS59->US43,51183,51183,0
5,CS59->US51,51428,51428,0
5,CS59->US59,0,0,0
5,CS59->US67,0,0,0
5,CS59->US75,50983,50983,0
5,CS59->US83,0,0,0
5,CS59->US91,50613,50613,0
5,CS59->US99,0,0,0
5,CS59->US107,0,0,0
5,CS59->US115,57203,57203,0
5,CS59->US123,24751,24751,0
5,CS60->US4,51777,51777,0
5,CS60->US12,0,0,0
5,CS60->US20,24387,24387,0
5,CS60->US28,0,0,0
5,CS60->US36,0,0,0
5,CS60->US44,51287,51287,0
5,CS60->US52,51404,51404,0
5,CS60->US60,0,0,0
5,CS60->US68,0,0,0
5,CS60->US76,51107,51107,0
5,CS60->US84,0,0,0
5,CS60->US92,50747,50747,0
5,CS60->US100,0,0,0
5,CS60->US108,0,0,0
5,CS60->US116,57503,57503,0
5,CS60->US124,24611,24611,0
5,CS61->US5,51483,51483,0
5,CS61->US13,0,0,0
5,CS61->US21,24612,24611,0
5,CS61->US29,0,0,0
5,CS61->US37,0,0,0
5,CS61->US45,51039,51039,0
5,CS61->US53,51598,51598,0
5,CS61->US61,0,0,0
5,CS61->US69,0,0,0
5,CS61->US77,51051,51051,0
5,CS61->US85,0,0,0
5,CS61->US93,50749,50749,0
5,CS61->US101,0,0,0
5,CS61->US109,0,0,0
5,CS61->US117,57457,57457,0
5,CS61->US125,24694,24693,0
5,CS62->US6,51690,51690,0
5,CS62->US14,0,0,0
5,CS62->US22,24091,24091,0
5,CS62->US30,0,0,0
5,CS62->US38,0,0,0
5,CS62->US46,51008,51008,0
5,CS62->US54,51572,51572,0
5,CS62->US62,0,0,0
5,CS62->US70,0,0,0
5,CS62->US78,50923,50923,0
5,CS62->US86,0,0,0
5,CS62->US94,50689,50689,0
5,CS62->US102,0,0,0
5,CS62->US110,0,0,0
5,CS62->US118,57404,57404,0
5,CS62->US126,24472,24472,0
5,CS63->US7,51521,51521,0
5,CS63->US15,0,0,0
5,CS63->US23,24449,24449,0
5,CS63->US31,0,0,0
5,CS63->US39,0,0,0
5,CS63->US47,51158,51158,0
5,CS63->US55,51498,51498,0
5,CS63->US63,0,0,0
5,CS63->US71,0,0,0
5,CS63->US79,50850,50850,0
5,CS63->US87,0,0,0
5,CS63->US95,50441,50441,0
5,CS63->US103,0,0,0
5,CS63->US111,0,0,0
5,CS63->US119,57532,57532,0
5,CS63->US127,24850,24850,0
6,US0->CS0,51625,51625,0
6,US0->CS8,52046,52046,0
6,US0->CS16,51809,51809,0
6,US0->CS24,51991,51991,0
6,US0->CS32,51674,51674,0
6,US0->CS40,51793,51793,0
6,US0->CS48,51655,51655,0
6,US0->CS56,52135,52135,0
6,US1->CS1,51893,51893,0
6,US1->CS9,51869,51869,0
6,US1->CS17,51396,51396,0
6,US1->CS25,51686,51686,0
6,US1->CS33,51598,51598,0
6,US1->CS41,51608,51608,0
6,US1->CS49,51842,51842,0
6,US1->CS57,51825,51825,0
6,US2->CS2,51525,51525,0
6,US2->CS10,51786,51786,0
6,US2->CS18,51409,51409,0
6,US2->CS26,52113,52113,0
6,US2->CS34,52051,52051,0
6,US2->CS42,51632,51632,0
6,US2->CS50,51677,51677,0
6,US2->CS58,51579,51579,0
6,US3->CS3,51726,51726,0
6,US3->CS11,51684,51684,0
6,US3->CS19,51768,51768,0
6,US3->CS27,51772,51772,0
6,US3->CS35,51895,51895,0
6,US3->CS43,51858,51858,0
6,US3->CS51,51609,51609,0
6,US3->CS59,51675,51675,0
6,US4->CS4,51865,51865,0
6,US4->CS12,51641,51641,0
6,US4->CS20,51632,51632,0
6,US4->CS28,51983,51983,0
6,US4->CS36,51688,51688,0
6,US4->CS44,51313,51313,0
6,US4->CS52,52007,52007,0
6,US4->CS60,51690,51690,0
6,US5->CS5,51897,51897,0
6,US5->CS13,51748,51748,0
6,US5->CS21,51799,51799,0
6,US5->CS29,51691,51691,0
6,US5->CS37,51737,51737,0
6,US5->CS45,51525,51525,0
6,US5->CS53,51711,51711,0
6,US5->CS61,51866,51866,0
6,US6->CS6,51710,51710,0
6,US6->CS14,51901,51901,0
6,US6->CS22,51678,51678,0
6,US6->CS30,51778,51778,0
6,US6->CS38,51743,51743,0
6,US6->CS46,52066,52066,0
6,US6->CS54,51752,51752,0
6,US6->CS62,51815,51815,0
6,US7->CS7,51961,51961,0
6,US7->CS15,51414,51414,0
6,US7->CS23,51991,51991,0
6,US7->CS31,51684,51684,0
6,US7->CS39,51753,51753,0
6,US7->CS47,51593,51593,0
6,US7->CS55,51714,51714,0
6,US7->CS63,51781,51781,0
6,US8->CS0,5153,5151,0
6,US8->CS8,5234,5233,0
6,US8->CS16,5443,5443,0
6,US8->CS24,5252,5252,0
6,US8->CS32,5113,5112,0
6,US8->CS40,5281,5281,0
6,US8->CS48,5192,5192,0
6,US8->CS56,5247,5247,0
6,US9->CS1,5247,5247,0
6,US9->CS9,5157,5157,0
6,US9->CS17,5278,5276,0
6,US9->CS25,5317,5317,0
6,US9->CS33,5280,5280,0
6,US9->CS41,5254,5254,0
6,US9->CS49,5270,5268,0
6,US9->CS57,5268,5268,0
6,US10->CS2,5279,5279,0
6,US10->CS10,5355,5355,0
6,US10->CS18,5221,5221,0
6,US10->CS26,5232,5232,0
6,US10->CS34,5242,5242,0
6,US10->CS42,5173,5173,0
6,US10->CS50,5301,5300,0
6,US10->CS58,5278,5278,0
6,US11->CS3,5089,5089,0
6,US11->CS11,5144,5144,0
6,US11->CS19,5182,5181,0
6,US11->CS27,5355,5355,0
6,US11->CS35,5226,5226,0
6,US11->CS43,5094,5094,0
6,US11->CS51,5209,5209,0
6,US11->CS59,5201,5201,0
6,US12->CS4,5269,5269,0
6,US12->CS12,5231,5230,0
6,US12->CS20,5298,5298,0
6,US12->CS28,5221,5219,0
6,US12->CS36,5251,5251,0
6,US12->CS44,5170,5170,0
6,US12->CS52,5219,5219,0
6,US12->CS60,5266,5266,0
6,US13->CS5,5305,5305,0
6,US13->CS13,5220,5218,0
6,US13->CS21,5112,5112,0
6,US13->CS29,5235,5235,0
6,US13->CS37,5287,5287,0
6,US13->CS45,5156,5156,0
6,US13->CS53,5191,5191,0
6,US13->CS61,5173,5172,0
6,US14->CS6,5135,5135,0
6,US14->CS14,5251,5251,0
6,US14->CS22,5170,5170,0
6,US14->CS30,5287,5286,0
6,US14->CS38,5280,5279,0
6,US14->CS46,5235,5235,0
6,US14->CS54,5198,5197,0
6,US14->CS62,5198,5198,0
6,US15->CS7,5209,5209,0
6,US15->CS15,5350,5350,0
6,US15->CS23,5194,5194,0
6,US15->CS31,5319,5317,0
6,US15->CS39,5298,5298,0
6,US15->CS47,5244,5243,0
6,US15->CS55,5015,5015,0
6,US15->CS63,5094,5094,0
6,US16->CS0,53993,53993,0
6,US16->CS8,53922,53922,0
6,US16->CS16,53859,53859,0
6,US16->CS24,53726,53726,0
6,US16->CS32,53823,53823,0
6,US16->CS40,53892,53892,0
6,US16->CS48,54069,54069,0
6,US16->CS56,53960,53960,0
6,US17->CS1,53902,53902,0
6,US17->CS9,54038,54038,0
6,US17->CS17,53502,53502,0
6,US17->CS25,53675,53675,0
6,US17->CS33,53664,53664,0
6,US17->CS41,53897,53897,0
6,US17->CS49,53648,53648,0
6,US17->CS57,54157,54157,0
6,US18->CS2,53643,53643,0
6,US18->CS10,54193,54193,0
6,US18->CS18,53881,53881,0
6,US18->CS26,54038,54038,0
6,US18->CS34,54181,54181,0
6,US18->CS42,53779,53779,0
6,US18->CS50,53711,53711,0
6,US18->CS58,54302,54302,0
6,US19->CS3,53933,53933,0
6,US19->CS11,53642,53642,0
6,US19->CS19,53841,53841,0
6,US19->CS27,54010,54010,0
6,US19->CS35,53803,53803,0
6,US19->CS43,53783,53783,0
6,US19->CS51,53857,53857,0
6,US19->CS59,53927,53927,0
6,US20->CS4,53844,53844,0
6,US20->CS12,54237,54237,0
6,US20->CS20,53722,53722,0
6,US20->CS28,54183,54183,0
6,US20->CS36,54371,54371,0
6,US20->CS44,54206,54206,0
6,US20->CS52,53821,53821,0
6,US20->CS60,53889,53889,0
6,US21->CS5,53840,53840,0
6,US21->CS13,53499,53499,0
6,US21->CS21,53681,53681,0
6,US21->CS29,54053,54053,0
6,US21->CS37,53600,53600,0
6,US21->CS45,53784,53784,0
6,US21->CS53,54195,54195,0
6,US21->CS61,53983,53983,0
6,US22->CS6,54346,54346,0
6,US22->CS14,53770,53770,0
6,US22->CS22,53890,53890,0
6,US22->CS30,53632,53632,0
6,US22->CS38,53530,53530,0
6,US22->CS46,54000,54000,0
6,US22->CS54,53144,53144,0
6,US22->CS62,53473,53473,0
6,US23->CS7,53883,53883,0
6,US23->CS15,53940,53940,0
6,US23->CS23,53417,53417,0
6,US23->CS31,53784,53784,0
6,US23->CS39,53762,53762,0
6,US23->CS47,54122,54122,0
6,US23->CS55,54067,54067,0
6,US23->CS63,53942,53942,0
6,US24->CS0,0,0,0
6,US24->CS8,0,0,0
6,US24->CS16,0,0,0
6,US24->CS24,0,0,0
6,US24->CS32,0,0,0
6,US24->CS40,0,0,0
6,US24->CS48,0,0,0
6,US24->CS56,0,0,0
6,US25->CS1,0,0,0
6,US25->CS9,0,0,0
6,US25->CS17,0,0,0
6,US25->CS25,0,0,0
6,US25->CS33,0,0,0
6,US25->CS41,0,0,0
6,US25->CS49,0,0,0
6,US25->CS57,0,0,0
6,US26->CS2,0,0,0
6,US26->CS10,0,0,0
6,US26->CS18,0,0,0
6,US26->CS26,0,0,0
6,US26->CS34,0,0,0
6,US26->CS42,0,0,0
6,US26->CS50,0,0,0
6,US26->CS58,0,0,0
6,US27->CS3,0,0,0
6,US27->CS11,0,0,0
6,US27->CS19,0,0,0
6,US27->CS27,0,0,0
6,US27->CS35,0,0,0
6,US27->CS43,0,0,0
6,US27->CS51,0,0,0
6,US27->CS59,0,0,0
6,US28->CS4,0,0,0
6,US28->CS12,0,0,0
6,US28->CS20,0,0,0
6,US28->CS28,0,0,0
6,US28->CS36,0,0,0
6,US28->CS44,0,0,0
6,US28->CS52,0,0,0
6,US28->CS60,0,0,0
6,US29->CS5,0,0,0
6,US29->CS13,0,0,0
6,US29->CS21,0,0,0
6,US29->CS29,0,0,0
6,US29->CS37,0,0,0
6,US29->CS45,0,0,0
6,US29->CS53,0,0,0
6,US29->CS61,0,0,0
6,US30->CS6,0,0,0
6,US30->CS14,0,0,0
6,US30->CS22,0,0,0
6,US30->CS30,0,0,0
6,US30->CS38,0,0,0
6,US30->CS46,0,0,0
6,US30->CS54,0,0,0
6,US30->CS62,0,0,0
6,US31->CS7,0,0,0
6,US31->CS15,0,0,0
6,US31->CS23,0,0,0
6,US31->CS31,0,0,0
6,US31->CS39,0,0,0
6,US31->CS47,0,0,0
6,US31->CS55,0,0,0
6,US31->CS63,0,0,0
6,US32->CS0,0,0,0
6,US32->CS8,0,0,0
6,US32->CS16,0,0,0
6,US32->CS24,0,0,0
6,US32->CS32,0,0,0
6,US32->CS40,0,0,0
6,US32->CS48,0,0,0
6,US32->CS56,0,0,0
6,US33->CS1,0,0,0
6,US33->CS9,0,0,0
6,US33->CS17,0,0,0
6,US33->CS25,0,0,0
6,US33->CS33,0,0,0
6,US33->CS41,0,0,0
6,US33->CS49,0,0,0
6,US33->CS57,0,0,0
6,US34->CS2,0,0,0
6,US34->CS10,0,0,0
6,US34->CS18,0,0,0
6,US34->CS26,0,0,0
6,US34->CS34,0,0,0
6,US34->CS42,0,0,0
6,US34->CS50,0,0,0
6,US34->CS58,0,0,0
6,US35->CS3,0,0,0
6,US35->CS11,0,0,0
6,US35->CS19,0,0,0
6,US35->CS27,0,0,0
6,US35->CS35,0,0,0
6,US35->CS43,0,0,0
6,US35->CS51,0,0,0
6,US35->CS59,0,0,0
6,US36->CS4,0,0,0
6,US36->CS12,0,0,0
6,US36->CS20,0,0,0
6,US36->CS28,0,0,0
6,US36->CS36,0,0,0
6,US36->CS44,0,0,0
6,US36->CS52,0,0,0
6,US36->CS60,0,0,0
6,US37->CS5,0,0,0
6,US37->CS13,0,0,0
6,US37->CS21,0,0,0
6,US37->CS29,0,0,0
6,US37->CS37,0,0,0
6,US37->CS45,0,0,0
6,US37->CS53,0,0,0
6,US37->CS61,0,0,0
6,US38->CS6,0,0,0
6,US38->CS14,0,0,0
6,US38->CS22,0,0,0
6,US38->CS30,0,0,0
6,US38->CS38,0,0,0
6,US38->CS46,0,0,0
6,US38->CS54,0,0,0
6,US38->CS62,0,0,0
6,US39->CS7,0,0,0
6,US39->CS15,0,0,0
6,US39->CS23,0,0,0
6,US39->CS31,0,0,0
6,US39->CS39,0,0,0
6,US39->CS47,0,0,0
6,US39->CS55,0,0,0
6,US39->CS63,0,0,0
6,US40->CS0,57302,57302,0
6,US40->CS8,57541,57541,0
6,US40->CS16,57536,57536,0
6,US40->CS24,57323,57323,0
6,US40->CS32,57361,57361,0
6,US40->CS40,57285,57285,0
6,US40->CS48,57783,57783,0
6,US40->CS56,57662,57662,0
6,US41->CS1,57377,57377,0
6,US41->CS9,57665,57665,0
6,US41->CS17,57595,57595,0
6,US41->CS25,57078,57078,0
6,US41->CS33,57313,57313,0
6,US41->CS41,57120,57120,0
6,US41->CS49,57471,57471,0
6,US41->CS57,57448,57448,0
6,US42->CS2,57328,57328,0
6,US42->CS10,57638,57638,0
6,US42->CS18,57457,57457,0
6,US42->CS26,57348,57348,0
6,US42->CS34,57149,57149,0
6,US42->CS42,57237,57237,0
6,US42->CS50,57491,57491,0
6,US42->CS58,57342,57342,0
6,US43->CS3,57288,57288,0
6,US43->CS11,57477,57477,0
6,US43->CS19,57284,57284,0
6,US43->CS27,57411,57411,0
6,US43->CS35,57428,57428,0
6,US43->CS43,57508,57508,0
6,US43->CS51,57281,57281,0
6,US43->CS59,57082,57082,0
6,US44->CS4,57402,57402,0
6,US44->CS12,57508,57508,0
6,US44->CS20,57241,57241,0
6,US44->CS28,57436,57436,0
6,US44->CS36,57073,57073,0
6,US44->CS44,57114,57114,0
6,US44->CS52,57084,57084,0
6,US44->CS60,57329,57329,0
6,US45->CS5,57171,57171,0
6,US45->CS13,57741,57741,0
6,US45->CS21,57243,57243,0
6,US45->CS29,57339,57339,0
6,US45->CS37,57708,57708,0
6,US45->CS45,57019,57019,0
6,US45->CS53,57534,57534,0
6,US45->CS61,57267,57267,0
6,US46->CS6,58090,58090,0
6,US46->CS14,56995,56995,0
6,US46->CS22,57470,57470,0
6,US46->CS30,57147,57147,0
6,US46->CS38,57732,57732,0
6,US46->CS46,57532,57532,0
6,US46->CS54,57259,57259,0
6,US46->CS62,57269,57269,0
6,US47->CS7,57169,57169,0
6,US47->CS15,57542,57542,0
6,US47->CS23,57585,57585,0
6,US47->CS31,56965,56965,0
6,US47->CS39,57734,57734,0
6,US47->CS47,57484,57484,0
6,US47->CS55,57682,57682,0
6,US47->CS63,57371,57371,0
6,US48->CS0,51937,51937,0
6,US48->CS8,52164,52164,0
6,US48->CS16,52301,52301,0
6,US48->CS24,51791,51791,0
6,US48->CS32,51288,51288,0
6,US48->CS40,51490,51490,0
6,US48->CS48,51472,51472,0
6,US48->CS56,51666,51666,0
6,US49->CS1,51556,51556,0
6,US49->CS9,51425,51425,0
6,US49->CS17,52269,52269,0
6,US49->CS25,51606,51606,0
6,US49->CS33,51593,51593,0
6,US49->CS41,51736,51736,0
6,US49->CS49,52008,52008,0
6,US49->CS57,52117,52117,0
6,US50->CS2,51865,51865,0
6,US50->CS10,52070,52070,0
6,US50->CS18,52084,52084,0
6,US50->CS26,51564,51564,0
6,US50->CS34,51614,51614,0
6,US50->CS42,51598,51598,0
6,US50->CS50,51728,51728,0
6,US50->CS58,51513,51513,0
6,US51->CS3,51654,51654,0
6,US51->CS11,51510,51510,0
6,US51->CS19,51659,51659,0
6,US51->CS27,52085,52085,0
6,US51->CS35,51540,51540,0
6,US51->CS43,51417,51417,0
6,US51->CS51,51728,51728,0
6,US51->CS59,51978,51978,0
6,US52->CS4,51736,51736,0
6,US52->CS12,52260,52260,0
6,US52->CS20,51693,51693,0
6,US52->CS28,51983,51983,0
6,US52->CS36,51946,51946,0
6,US52->CS44,51543,51543,0
6,US52->CS52,51513,51513,0
6,US52->CS60,52059,52059,0
6,US53->CS5,51776,51776,0
6,US53->CS13,51829,51829,0
6,US53->CS21,51927,51927,0
6,US53->CS29,51864,51864,0
6,US53->CS37,51836,51836,0
6,US53->CS45,51991,51991,0
6,US53->CS53,51907,51907,0
6,US53->CS61,51781,51781,0
6,US54->CS6,51740,51740,0
6,US54->CS14,51634,51634,0
6,US54->CS22,51812,51812,0
6,US54->CS30,51634,51634,0
6,US54->CS38,51856,51856,0
6,US54->CS46,51830,51830,0
6,US54->CS54,51588,51588,0
6,US54->CS62,51962,51962,0
6,US55->CS7,51473,51473,0
6,US55->CS15,51996,51996,0
6,US55->CS23,51752,51752,0
6,US55->CS31,51600,51600,0
6,US55->CS39,51755,51755,0
6,US55->CS47,51525,51525,0
6,US55->CS55,51251,51251,0
6,US55->CS63,51700,51700,0
6,US56->CS0,0,0,0
6,US56->CS8,0,0,0
6,US56->CS16,0,0,0
6,US56->CS24,0,0,0
6,US56->CS32,0,0,0
6,US56->CS40,0,0,0
6,US56->CS48,0,0,0
6,US56->CS56,0,0,0
6,US57->CS1,0,0,0
6,US57->CS9,0,0,0
6,US57->CS17,0,0,0
6,US57->CS25,0,0,0
6,US57->CS33,0,0,0
6,US57->CS41,0,0,0
6,US57->CS49,0,0,0
6,US57->CS57,0,0,0
6,US58->CS2,0,0,0
6,US58->CS10,0,0,0
6,US58->CS18,0,0,0
6,US58->CS26,0,0,0
6,US58->CS34,0,0,0
6,US58->CS42,0,0,0
6,US58->CS50,0,0,0
6,US58->CS58,0,0,0
6,US59->CS3,0,0,0
6,US59->CS11,0,0,0
6,US59->CS19,0,0,0
6,US59->CS27,0,0,0
6,US59->CS35,0,0,0
6,US59->CS43,0,0,0
6,US59->CS51,0,0,0
6,US59->CS59,0,0,0
6,US60->CS4,0,0,0
6,US60->CS12,0,0,0
6,US60->CS20,0,0,0
6,US60->CS28,0,0,0
6,US60->CS36,0,0,0
6,US60->CS44,0,0,0
6,US60->CS52,0,0,0
6,US60->CS60,0,0,0
6,US61->CS5,0,0,0
6,US61->CS13,0,0,0
6,US61->CS21,0,0,0
6,US61->CS29,0,0,0
6,US61->CS37,0,0,0
6,US61->CS45,0,0,0
6,US61->CS53,0,0,0
6,US61->CS61,0,0,0
6,US62->CS6,0,0,0
6,US62->CS14,0,0,0
6,US62->CS22,0,0,0
6,US62->CS30,0,0,0
6,US62->CS38,0,0,0
6,US62->CS46,0,0,0
6,US62->CS54,0,0,0
6,US62->CS62,0,0,0
6,US63->CS7,0,0,0
6,US63->CS15,0,0,0
6,US63->CS23,0,0,0
6,US63->CS31,0,0,0
6,US63->CS39,0,0,0
6,US63->CS47,0,0,0
6,US63->CS55,0,0,0
6,US63->CS63,0,0,0
6,US64->CS0,0,0,0
6,US64->CS8,0,0,0
6,US64->CS16,0,0,0
6,US64->CS24,0,0,0
6,US64->CS32,0,0,0
6,US64->CS40,0,0,0
6,US64->CS48,0,0,0
6,US64->CS56,0,0,0
6,US65->CS1,0,0,0
6,US65->CS9,0,0,0
6,US65->CS17,0,0,0
6,US65->CS25,0,0,0
6,US65->CS33,0,0,0
6,US65->CS41,0,0,0
6,US65->CS49,0,0,0
6,US65->CS57,0,0,0
6,US66->CS2,0,0,0
6,US66->CS10,0,0,0
6,US66->CS18,0,0,0
6,US66->CS26,0,0,0
6,US66->CS34,0,0,0
6,US66->CS42,0,0,0
6,US66->CS50,0,0,0
6,US66->CS58,0,0,0
6,US67->CS3,0,0,0
6,US67->CS11,0,0,0
6,US67->CS19,0,0,0
6,US67->CS27,0,0,0
6,US67->CS35,0,0,0
6,US67->CS43,0,0,0
6,US67->CS51,0,0,0
6,US67->CS59,0,0,0
6,US68->CS4,0,0,0
6,US68->CS12,0,0,0
6,US68->CS20,0,0,0
6,US68->CS28,0,0,0
6,US68->CS36,0,0,0
6,US68->CS44,0,0,0
6,US68->CS52,0,0,0
6,US68->CS60,0,0,0
6,US69->CS5,0,0,0
6,US69->CS13,0,0,0
6,US69->CS21,0,0,0
6,US69->CS29,0,0,0
6,US69->CS37,0,0,0
6,US69->CS45,0,0,0
6,US69->CS53,0,0,0
6,US69->CS61,0,0,0
6,US70->CS6,0,0,0
6,US70->CS14,0,0,0
6,US70->CS22,0,0,0
6,US70->CS30,0,0,0
6,US70->CS38,0,0,0
6,US70->CS46,0,0,0
6,US70->CS54,0,0,0
6,US70->CS62,0,0,0
6,US71->CS7,0,0,0
6,US71->CS15,0,0,0
6,US71->CS23,0,0,0
6,US71->CS31,0,0,0
6,US71->CS39,0,0,0
6,US71->CS47,0,0,0
6,US71->CS55,0,0,0
6,US71->CS63,0,0,0
6,US72->CS0,50775,50775,0
6,US72->CS8,50541,50541,0
6,US72->CS16,50666,50666,0
6,US72->CS24,49990,49990,0
6,US72->CS32,50944,50944,0
6,US72->CS40,50086,50086,0
6,US72->CS48,50384,50384,0
6,US72->CS56,50360,50360,0
6,US73->CS1,50408,50408,0
6,US73->CS9,50676,50676,0
6,US73->CS17,51075,51075,0
6,US73->CS25,50273,50273,0
6,US73->CS33,50638,50638,0
6,US73->CS41,50285,50285,0
6,US73->CS49,50731,50731,0
6,US73->CS57,51024,51024,0
6,US74->CS2,50512,50512,0
6,US74->CS10,50777,50777,0
6,US74->CS18,50927,50927,0
6,US74->CS26,50776,50776,0
6,US74->CS34,50324,50324,0
6,US74->CS42,50822,50822,0
6,US74->CS50,50288,50288,0
6,US74->CS58,50309,50309,0
6,US75->CS3,50738,50738,0
6,US75->CS11,50648,50648,0
6,US75->CS19,50422,50422,0
6,US75->CS27,50544,50544,0
6,US75->CS35,50840,50840,0
6,US75->CS43,50260,50260,0
6,US75->CS51,50913,50913,0
6,US75->CS59,50485,50485,0
6,US76->CS4,50298,50298,0
6,US76->CS12,50675,50675,0
6,US76->CS20,50260,50260,0
6,US76->CS28,50678,50678,0
6,US76->CS36,50833,50833,0
6,US76->CS44,50370,50370,0
6,US76->CS52,50255,50255,0
6,US76->CS60,50607,50607,0
6,US77->CS5,50428,50428,0
6,US77->CS13,50438,50438,0
6,US77->CS21,50780,50780,0
6,US77->CS29,50283,50283,0
6,US77->CS37,50438,50438,0
6,US77->CS45,50178,50178,0
6,US77->CS53,50441,50441,0
6,US77->CS61,50636,50636,0
6,US78->CS6,50730,50730,0
6,US78->CS14,50344,50344,0
6,US78->CS22,50667,50667,0
6,US78->CS30,50803,50803,0
6,US78->CS38,50708,50708,0
6,US78->CS46,50798,50798,0
6,US78->CS54,50537,50537,0
6,US78->CS62,50550,50550,0
6,US79->CS7,51184,51184,0
6,US79->CS15,50981,50981,0
6,US79->CS23,50773,50773,0
6,US79->CS31,50608,50608,0
6,US79->CS39,50914,50914,0
6,US79->CS47,50488,50488,0
6,US79->CS55,50863,50863,0
6,US79->CS63,50295,50295,0
6,US80->CS0,6250,6249,0
6,US80->CS8,6238,6238,0
6,US80->CS16,6444,6444,0
6,US80->CS24,6167,6164,0
6,US80->CS32,6169,6169,0
6,US80->CS40,6221,6220,0
6,US80->CS48,6200,6200,0
6,US80->CS56,6154,6154,0
6,US81->CS1,6140,6139,0
6,US81->CS9,6286,6286,0
6,US81->CS17,6151,6151,0
6,US81->CS25,6176,6175,0
6,US81->CS33,6206,6206,0
6,US81->CS41,6275,6275,0
6,US81->CS49,6198,6198,0
6,US81->CS57,6110,6109,0
6,US82->CS2,6028,6028,0
6,US82->CS10,6243,6243,0
6,US82->CS18,6178,6177,0
6,US82->CS26,6261,6261,0
6,US82->CS34,6165,6164,0
6,US82->CS42,6262,6262,0
6,US82->CS50,6185,6185,0
6,US82->CS58,6104,6104,0
6,US83->CS3,6175,6175,0
6,US83->CS11,6230,6229,0
6,US83->CS19,6197,6197,0
6,US83->CS27,6144,6144,0
6,US83->CS35,6182,6182,0
6,US83->CS43,6193,6192,0
6,US83->CS51,6256,6256,0
6,US83->CS59,6251,6251,0
6,US84->CS4,6163,6163,0
6,US84->CS12,6073,6073,0
6,US84->CS20,6281,6281,0
6,US84->CS28,6176,6175,0
6,US84->CS36,6142,6142,0
6,US84->CS44,6272,6271,0
6,US84->CS52,6211,6211,0
6,US84->CS60,6297,6297,0
6,US85->CS5,6245,6245,0
6,US85->CS13,6313,6313,0
6,US85->CS21,5918,5918,0
6,US85->CS29,6215,6215,0
6,US85->CS37,6147,6147,0
6,US85->CS45,6184,6184,0
6,US85->CS53,6272,6272,0
6,US85->CS61,6063,6062,0
6,US86->CS6,6203,6203,0
6,US86->CS14,6155,6154,0
6,US86->CS22,6031,6028,0
6,US86->CS30,6214,6214,0
6,US86->CS38,6217,6217,0
6,US86->CS46,6227,6226,0
6,US86->CS54,6268,6268,0
6,US86->CS62,6212,6212,0
6,US87->CS7,6383,6383,0
6,US87->CS15,6340,6339,0
6,US87->CS23,6256,6256,0
6,US87->CS31,6406,6406,0
6,US87->CS39,6273,6272,0
6,US87->CS47,6180,6180,0
6,US87->CS55,6273,6272,0
6,US87->CS63,6250,6247,0
6,US88->CS0,50726,50726,0
6,US88->CS8,50589,50589,0
6,US88->CS16,50551,50551,0
6,US88->CS24,50924,50924,0
6,US88->CS32,50999,50999,0
6,US88->CS40,50851,50851,0
6,US88->CS48,50647,50647,0
6,US88->CS56,50456,50456,0
6,US89->CS1,50770,50770,0
6,US89->CS9,51049,51049,0
6,US89->CS17,50907,50907,0
6,US89->CS25,50926,50926,0
6,US89->CS33,50877,50877,0
6,US89->CS41,50349,50349,0
6,US89->CS49,50574,50574,0
6,US89->CS57,50473,50473,0
6,US90->CS2,50534,50534,0
6,US90->CS10,50573,50573,0
6,US90->CS18,50667,50667,0
6,US90->CS26,50753,50753,0
6,US90->CS34,50597,50597,0
6,US90->CS42,51068,51068,0
6,US90->CS50,50971,50971,0
6,US90->CS58,51021,51021,0
6,US91->CS3,50901,50901,0
6,US91->CS11,50650,50650,0
6,US91->CS19,51036,51036,0
6,US91->CS27,50478,50478,0
6,US91->CS35,50822,50822,0
6,US91->CS43,50933,50933,0
6,US91->CS51,50646,50646,0
6,US91->CS59,50965,50965,0
6,US92->CS4,50777,50777,0
6,US92->CS12,51064,51064,0
6,US92->CS20,50611,50611,0
6,US92->CS28,50608,50608,0
6,US92->CS36,50519,50519,0
6,US92->CS44,50961,50961,0
6,US92->CS52,50672,50672,0
6,US92->CS60,51092,51092,0
6,US93->CS5,50908,50908,0
6,US93->CS13,50881,50881,0
6,US93->CS21,50680,50680,0
6,US93->CS29,50641,50641,0
6,US93->CS37,50874,50874,0
6,US93->CS45,50671,50671,0
6,US93->CS53,50842,50842,0
6,US93->CS61,51049,51049,0
6,US94->CS6,50822,50822,0
6,US94->CS14,50551,50551,0
6,US94->CS22,51096,51096,0
6,US94->CS30,50630,50630,0
6,US94->CS38,50774,50774,0
6,US94->CS46,50610,50610,0
6,US94->CS54,50927,50927,0
6,US94->CS62,50909,50909,0
6,US95->CS7,50552,50552,0
6,US95->CS15,50766,50766,0
6,US95->CS23,50307,50307,0
6,US95->CS31,50257,50257,0
6,US95->CS39,50676,50676,0
6,US95->CS47,50765,50765,0
6,US95->CS55,50283,50283,0
6,US95->CS63,50822,50822,0
6,US96->CS0,0,0,0
6,US96->CS8,0,0,0
6,US96->CS16,0,0,0
6,US96->CS24,0,0,0
6,US96->CS32,0,0,0
6,US96->CS40,0,0,0
6,US96->CS48,0,0,0
6,US96->CS56,0,0,0
6,US97->CS1,0,0,0
6,US97->CS9,0,0,0
6,US97->CS17,0,0,0
6,US97->CS25,0,0,0
6,US97->CS33,0,0,0
6,US97->CS41,0,0,0
6,US97->CS49,0,0,0
6,US97->CS57,0,0,0
6,US98->CS2,0,0,0
6,US98->CS10,0,0,0
6,US98->CS18,0,0,0
6,US98->CS26,0,0,0
6,US98->CS34,0,0,0
6,US98->CS42,0,0,0
6,US98->CS50,0,0,0
6,US98->CS58,0,0,0
6,US99->CS3,0,0,0
6,US99->CS11,0,0,0
6,US99->CS19,0,0,0
6,US99->CS27,0,0,0
6,US99->CS35,0,0,0
6,US99->CS43,0,0,0
6,US99->CS51,0,0,0
6,US99->CS59,0,0,0
6,US100->CS4,0,0,0
6,US100->CS12,0,0,0
6,US100->CS20,0,0,0
6,US100->CS28,0,0,0
6,US100->CS36,0,0,0
6,US100->CS44,0,0,0
6,US100->CS52,0,0,0
6,US100->CS60,0,0,0
6,US101->CS5,0,0,0
6,US101->CS13,0,0,0
6,US101->CS21,0,0,0
6,US101->CS29,0,0,0
6,US101->CS37,0,0,0
6,US101->CS45,0,0,0
6,US101->CS53,0,0,0
6,US101->CS61,0,0,0
6,US102->CS6,0,0,0
6,US102->CS14,0,0,0
6,US102->CS22,0,0,0
6,US102->CS30,0,0,0
6,US102->CS38,0,0,0
6,US102->CS46,0,0,0
6,US102->CS54,0,0,0
6,US102->CS62,0,0,0
6,US103->CS7,0,0,0
6,US103->CS15,0,0,0
6,US103->CS23,0,0,0
6,US103->CS31,0,0,0
6,US103->CS39,0,0,0
6,US103->CS47,0,0,0
6,US103->CS55,0,0,0
6,US103->CS63,0,0,0
6,US104->CS0,0,0,0
6,US104->CS8,0,0,0
6,US104->CS16,0,0,0
6,US104->CS24,0,0,0
6,US104->CS32,0,0,0
6,US104->CS40,0,0,0
6,US104->CS48,0,0,0
6,US104->CS56,0,0,0
6,US105->CS1,0,0,0
6,US105->CS9,0,0,0
6,US105->CS17,0,0,0
6,US105->CS25,0,0,0
6,US105->CS33,0,0,0
6,US105->CS41,0,0,0
6,US105->CS49,0,0,0
6,US105->CS57,0,0,0
6,US106->CS2,0,0,0
6,US106->CS10,0,0,0
6,US106->CS18,0,0,0
6,US106->CS26,0,0,0
6,US106->CS34,0,0,0
6,US106->CS42,0,0,0
6,US106->CS50,0,0,0
6,US106->CS58,0,0,0
6,US107->CS3,0,0,0
6,US107->CS11,0,0,0
6,US107->CS19,0,0,0
6,US107->CS27,0,0,0
6,US107->CS35,0,0,0
6,US107->CS43,0,0,0
6,US107->CS51,0,0,0
6,US107->CS59,0,0,0
6,US108->CS4,0,0,0
6,US108->CS12,0,0,0
6,US108->CS20,0,0,0
6,US108->CS28,0,0,0
6,US108->CS36,0,0,0
6,US108->CS44,0,0,0
6,US108->CS52,0,0,0
6,US108->CS60,0,0,0
6,US109->CS5,0,0,0
6,US109->CS13,0,0,0
6,US109->CS21,0,0,0
6,US109->CS29,0,0,0
6,US109->CS37,0,0,0
6,US109->CS45,0,0,0
6,US109->CS53,0,0,0
6,US109->CS61,0,0,0
6,US110->CS6,0,0,0
6,US110->CS14,0,0,0
6,US110->CS22,0,0,0
6,US110->CS30,0,0,0
6,US110->CS38,0,0,0
6,US110->CS46,0,0,0
6,US110->CS54,0,0,0
6,US110->CS62,0,0,0
6,US111->CS7,0,0,0
6,US111->CS15,0,0,0
6,US111->CS23,0,0,0
6,US111->CS31,0,0,0
6,US111->CS39,0,0,0
6,US111->CS47,0,0,0
6,US111->CS55,0,0,0
6,US111->CS63,0,0,0
6,US112->CS0,51100,51100,0
6,US112->CS8,51054,51054,0
6,US112->CS16,51465,51465,0
6,US112->CS24,51324,51324,0
6,US112->CS32,51331,51331,0
6,US112->CS40,51109,51109,0
6,US112->CS48,51088,51088,0
6,US112->CS56,50956,50956,0
6,US113->CS1,51263,51263,0
6,US113->CS9,51652,51652,0
6,US113->CS17,50874,50874,0
6,US113->CS25,51517,51517,0
6,US113->CS33,50847,50847,0
6,US113->CS41,51119,51119,0
6,US113->CS49,51177,51177,0
6,US113->CS57,51077,51077,0
6,US114->CS2,51576,51576,0
6,US114->CS10,51200,51200,0
6,US114->CS18,50905,50905,0
6,US114->CS26,51193,51193,0
6,US114->CS34,51289,51289,0
6,US114->CS42,51239,51239,0
6,US114->CS50,51405,51405,0
6,US114->CS58,51141,51141,0
6,US115->CS3,51166,51166,0
6,US115->CS11,51000,51000,0
6,US115->CS19,51251,51251,0
6,US115->CS27,51355,51355,0
6,US115->CS35,50904,50904,0
6,US115->CS43,51022,51022,0
6,US115->CS51,51280,51280,0
6,US115->CS59,51067,51067,0
6,US116->CS4,51205,51205,0
6,US116->CS12,50914,50914,0
6,US116->CS20,51134,51134,0
6,US116->CS28,51334,51334,0
6,US116->CS36,51083,51083,0
6,US116->CS44,51482,51482,0
6,US116->CS52,51007,51007,0
6,US116->CS60,51159,51159,0
6,US117->CS5,51382,51382,0
6,US117->CS13,50921,50921,0
6,US117->CS21,51385,51385,0
6,US117->CS29,51101,51101,0
6,US117->CS37,51048,51048,0
6,US117->CS45,51194,51194,0
6,US117->CS53,50883,50883,0
6,US117->CS61,50898,50898,0
6,US118->CS6,50987,50987,0
6,US118->CS14,51125,51125,0
6,US118->CS22,50979,50979,0
6,US118->CS30,51203,51203,0
6,US118->CS38,51382,51382,0
6,US118->CS46,51106,51106,0
6,US118->CS54,51415,51415,0
6,US118->CS62,50880,50880,0
6,US119->CS7,51392,51392,0
6,US119->CS15,51065,51065,0
6,US119->CS23,50803,50803,0
6,US119->CS31,51111,51111,0
6,US119->CS39,51363,51363,0
6,US119->CS47,51352,51352,0
6,US119->CS55,50972,50972,0
6,US119->CS63,51121,51121,0
6,US120->CS0,49984,49984,0
6,US120->CS8,50455,50455,0
6,US120->CS16,50062,50062,0
6,US120->CS24,50040,50040,0
6,US120->CS32,49957,49957,0
6,US120->CS40,49677,49677,0
6,US120->CS48,50089,50089,0
6,US120->CS56,49921,49921,0
6,US121->CS1,50419,50419,0
6,US121->CS9,50477,50477,0
6,US121->CS17,50333,50333,0
6,US121->CS25,49900,49900,0
6,US121->CS33,50090,50090,0
6,US121->CS41,50176,50176,0
6,US121->CS49,50436,50436,0
6,US121->CS57,49812,49812,0
6,US122->CS2,50381,50381,0
6,US122->CS10,50017,50017,0
6,US122->CS18,50243,50243,0
6,US122->CS26,49958,49958,0
6,US122->CS34,50176,50176,0
6,US122->CS42,50422,50422,0
6,US122->CS50,49844,49844,0
6,US122->CS58,50286,50286,0
6,US123->CS3,50176,50176,0
6,US123->CS11,50482,50482,0
6,US123->CS19,50008,50008,0
6,US123->CS27,49872,49872,0
6,US123->CS35,49825,49825,0
6,US123->CS43,50268,50268,0
6,US123->CS51,50601,50601,0
6,US123->CS59,50124,50124,0
6,US124->CS4,50211,50211,0
6,US124->CS12,50258,50258,0
6,US124->CS20,49960,49960,0
6,US124->CS28,50133,50133,0
6,US124->CS36,50250,50250,0
6,US124->CS44,49781,49781,0
6,US124->CS52,50008,50008,0
6,US124->CS60,50062,50062,0
6,US125->CS5,50144,50144,0
6,US125->CS13,50361,50361,0
6,US125->CS21,50214,50214,0
6,US125->CS29,49958,49958,0
6,US125->CS37,50480,50480,0
6,US125->CS45,50238,50238,0
6,US125->CS53,49945,49945,0
6,US125->CS61,50435,50435,0
6,US126->CS6,49918,49918,0
6,US126->CS14,50619,50619,0
6,US126->CS22,49771,49771,0
6,US126->CS30,49938,49938,0
6,US126->CS38,50611,50611,0
6,US126->CS46,50314,50314,0
6,US126->CS54,50189,50189,0
6,US126->CS62,49988,49988,0
6,US127->CS7,49834,49834,0
6,US127->CS15,50078,50078,0
6,US127->CS23,50301,50301,0
6,US127->CS31,50229,50229,0
6,US127->CS39,50341,50341,0
6,US127->CS47,50180,50180,0
6,US127->CS55,50090,50090,0
6,US127->CS63,50268,50268,0
6,CS0->US0,51731,51731,0
6,CS0->US8,6343,6343,0
6,CS0->US16,50083,50083,0
6,CS0->US24,0,0,0
6,CS0->US32,0,0,0
6,CS0->US40,51167,51167,0
6,CS0->US48,51360,51360,0
6,CS0->US56,0,0,0
6,CS0->US64,0,0,0
6,CS0->US72,50756,50756,0
6,CS0->US80,5123,5123,0
6,CS0->US88,50878,50878,0
6,CS0->US96,0,0,0
6,CS0->US104,0,0,0
6,CS0->US112,57466,57466,0
6,CS0->US120,53935,53935,0
6,CS1->US1,51286,51286,0
6,CS1->US9,6240,6240,0
6,CS1->US17,50474,50474,0
6,CS1->US25,0,0,0
6,CS1->US33,0,0,0
6,CS1->US41,51394,51394,0
6,CS1->US49,51620,51620,0
6,CS1->US57,0,0,0
6,CS1->US65,0,0,0
6,CS1->US73,50794,50794,0
6,CS1->US81,5258,5258,0
6,CS1->US89,50555,50555,0
6,CS1->US97,0,0,0
6,CS1->US105,0,0,0
6,CS1->US113,57560,57560,0
6,CS1->US121,53793,53793,0
6,CS2->US2,51567,51567,0
6,CS2->US10,6121,6121,0
6,CS2->US18,50438,50438,0
6,CS2->US26,0,0,0
6,CS2->US34,0,0,0
6,CS2->US42,51653,51653,0
6,CS2->US50,51259,51259,0
6,CS2->US58,0,0,0
6,CS2->US66,0,0,0
6,CS2->US74,50637,50637,0
6,CS2->US82,5284,5284,0
6,CS2->US90,50704,50704,0
6,CS2->US98,0,0,0
6,CS2->US106,0,0,0
6,CS2->US114,57429,57429,0
6,CS2->US122,53579,53579,0
6,CS3->US3,51392,51392,0
6,CS3->US11,6267,6267,0
6,CS3->US19,50249,50249,0
6,CS3->US27,0,0,0
6,CS3->US35,0,0,0
6,CS3->US43,51288,51288,0
6,CS3->US51,51447,51447,0
6,CS3->US59,0,0,0
6,CS3->US67,0,0,0
6,CS3->US75,50998,50998,0
6,CS3->US83,5113,5113,0
6,CS3->US91,50841,50841,0
6,CS3->US99,0,0,0
6,CS3->US107,0,0,0
6,CS3->US115,57373,57373,0
6,CS3->US123,53878,53878,0
6,CS4->US4,51504,51504,0
6,CS4->US12,6280,6279,0
6,CS4->US20,50287,50287,0
6,CS4->US28,0,0,0
6,CS4->US36,0,0,0
6,CS4->US44,51269,51269,0
6,CS4->US52,51587,51587,0
6,CS4->US60,0,0,0
6,CS4->US68,0,0,0
6,CS4->US76,50834,50834,0
6,CS4->US84,5273,5272,0
6,CS4->US92,50428,50428,0
6,CS4->US100,0,0,0
6,CS4->US108,0,0,0
6,CS4->US116,57543,57543,0
6,CS4->US124,53765,53765,0
6,CS5->US5,51461,51461,0
6,CS5->US13,6344,6344,0
6,CS5->US21,50226,50226,0
6,CS5->US29,0,0,0
6,CS5->US37,0,0,0
6,CS5->US45,51523,51523,0
6,CS5->US53,51617,51617,0
6,CS5->US61,0,0,0
6,CS5->US69,0,0,0
6,CS5->US77,51023,51023,0
6,CS5->US85,5304,5304,0
6,CS5->US93,50580,50580,0
6,CS5->US101,0,0,0
6,CS5->US109,0,0,0
6,CS5->US117,57255,57255,0
6,CS5->US125,53763,53763,0
6,CS6->US6,51508,51508,0
6,CS6->US14,6301,6300,0
6,CS6->US22,49987,49987,0
6,CS6->US30,0,0,0
6,CS6->US38,0,0,0
6,CS6->US46,51022,51022,0
6,CS6->US54,51484,51484,0
6,CS6->US62,0,0,0
6,CS6->US70,0,0,0
6,CS6->US78,50845,50845,0
6,CS6->US86,5146,5146,0
6,CS6->US94,50918,50918,0
6,CS6->US102,0,0,0
6,CS6->US110,0,0,0
6,CS6->US118,58213,58213,0
6,CS6->US126,54257,54257,0
6,CS7->US7,51175,51175,0
6,CS7->US15,6469,6468,0
6,CS7->US23,49912,49912,0
6,CS7->US31,0,0,0
6,CS7->US39,0,0,0
6,CS7->US47,51495,51495,0
6,CS7->US55,51631,51631,0
6,CS7->US63,0,0,0
6,CS7->US71,0,0,0
6,CS7->US79,50574,50574,0
6,CS7->US87,5210,5209,0
6,CS7->US95,51379,51379,0
6,CS7->US103,0,0,0
6,CS7->US111,0,0,0
6,CS7->US119,57398,57398,0
6,CS7->US127,53797,53797,0
6,CS8->US0,51882,51882,0
6,CS8->US8,6304,6303,0
6,CS8->US16,50564,50564,0
6,CS8->US24,0,0,0
6,CS8->US32,0,0,0
6,CS8->US40,51178,51178,0
6,CS8->US48,51742,51742,0
6,CS8->US56,0,0,0
6,CS8->US64,0,0,0
6,CS8->US72,50587,50587,0
6,CS8->US80,5243,5243,0
6,CS8->US88,50663,50663,0
6,CS8->US96,0,0,0
6,CS8->US104,0,0,0
6,CS8->US112,57728,57728,0
6,CS8->US120,53892,53892,0
6,CS9->US1,51166,51166,0
6,CS9->US9,6379,6379,0
6,CS9->US17,50579,50579,0
6,CS9->US25,0,0,0
6,CS9->US33,0,0,0
6,CS9->US41,51785,51785,0
6,CS9->US49,51615,51615,0
6,CS9->US57,0,0,0
6,CS9->US65,0,0,0
6,CS9->US73,51047,51047,0
6,CS9->US81,5152,5152,0
6,CS9->US89,50758,50758,0
6,CS9->US97,0,0,0
6,CS9->US105,0,0,0
6,CS9->US113,57824,57824,0
6,CS9->US121,53989,53989,0
6,CS10->US2,51827,51827,0
6,CS10->US10,6353,6353,0
6,CS10->US18,50093,50093,0
6,CS10->US26,0,0,0
6,CS10->US34,0,0,0
6,CS10->US42,51283,51283,0
6,CS10->US50,51489,51489,0
6,CS10->US58,0,0,0
6,CS10->US66,0,0,0
6,CS10->US74,50570,50570,0
6,CS10->US82,5391,5388,0
6,CS10->US90,50910,50910,0
6,CS10->US98,0,0,0
6,CS10->US106,0,0,0
6,CS10->US114,57826,57826,0
6,CS10->US122,54110,54110,0
6,CS11->US3,51188,51188,0
6,CS11->US11,6324,6324,0
6,CS11->US19,50617,50617,0
6,CS11->US27,0,0,0
6,CS11->US35,0,0,0
6,CS11->US43,51174,51174,0
6,CS11->US51,51421,51421,0
6,CS11->US59,0,0,0
6,CS11->US67,0,0,0
6,CS11->US75,50666,50666,0
6,CS11->US83,5115,5114,0
6,CS11->US91,50810,50810,0
6,CS11->US99,0,0,0
6,CS11->US107,0,0,0
6,CS11->US115,57618,57618,0
6,CS11->US123,53533,53533,0
6,CS12->US4,51970,51970,0
6,CS12->US12,6160,6159,0
6,CS12->US20,50362,50362,0
6,CS12->US28,0,0,0
6,CS12->US36,0,0,0
6,CS12->US44,51086,51086,0
6,CS12->US52,51331,51331,0
6,CS12->US60,0,0,0
6,CS12->US68,0,0,0
6,CS12->US76,51082,51082,0
6,CS12->US84,5237,5236,0
6,CS12->US92,50787,50787,0
6,CS12->US100,0,0,0
6,CS12->US108,0,0,0
6,CS12->US116,57689,57689,0
6,CS12->US124,54155,54155,0
6,CS13->US5,51608,51608,0
6,CS13->US13,6405,6405,0
6,CS13->US21,50484,50484,0
6,CS13->US29,0,0,0
6,CS13->US37,0,0,0
6,CS13->US45,50971,50971,0
6,CS13->US53,51477,51477,0
6,CS13->US61,0,0,0
6,CS13->US69,0,0,0
6,CS13->US77,50859,50859,0
6,CS13->US85,5208,5208,0
6,CS13->US93,50579,50579,0
6,CS13->US101,0,0,0
6,CS13->US109,0,0,0
6,CS13->US117,57921,57921,0
6,CS13->US125,53437,53437,0
6,CS14->US6,51349,51349,0
6,CS14->US14,6250,6248,0
6,CS14->US22,50685,50685,0
6,CS14->US30,0,0,0
6,CS14->US38,0,0,0
6,CS14->US46,51229,51229,0
6,CS14->US54,51622,51622,0
6,CS14->US62,0,0,0
6,CS14->US70,0,0,0
6,CS14->US78,50592,50592,0
6,CS14->US86,5270,5270,0
6,CS14->US94,50506,50506,0
6,CS14->US102,0,0,0
6,CS14->US110,0,0,0
6,CS14->US118,57148,57148,0
6,CS14->US126,53693,53693,0
6,CS15->US7,51723,51723,0
6,CS15->US15,6435,6435,0
6,CS15->US23,50165,50165,0
6,CS15->US31,0,0,0
6,CS15->US39,0,0,0
6,CS15->US47,51172,51172,0
6,CS15->US55,51088,51088,0
6,CS15->US63,0,0,0
6,CS15->US71,0,0,0
6,CS15->US79,50764,50764,0
6,CS15->US87,5359,5358,0
6,CS15->US95,51119,51119,0
6,CS15->US103,0,0,0
6,CS15->US111,0,0,0
6,CS15->US119,57774,57774,0
6,CS15->US127,53872,53872,0
6,CS16->US0,51993,51993,0
6,CS16->US8,6532,6532,0
6,CS16->US16,50178,50178,0
6,CS16->US24,0,0,0
6,CS16->US32,0,0,0
6,CS16->US40,51617,51617,0
6,CS16->US48,51567,51567,0
6,CS16->US56,0,0,0
6,CS16->US64,0,0,0
6,CS16->US72,50575,50575,0
6,CS16->US80,5445,5445,0
6,CS16->US88,50801,50801,0
6,CS16->US96,0,0,0
6,CS16->US104,0,0,0
6,CS16->US112,57636,57636,0
6,CS16->US120,53792,53792,0
6,CS17->US1,51988,51988,0
6,CS17->US9,6243,6242,0
6,CS17->US17,50468,50468,0
6,CS17->US25,0,0,0
6,CS17->US33,0,0,0
6,CS17->US41,51006,51006,0
6,CS17->US49,51182,51182,0
6,CS17->US57,0,0,0
6,CS17->US65,0,0,0
6,CS17->US73,50935,50935,0
6,CS17->US81,5229,5228,0
6,CS17->US89,51245,51245,0
6,CS17->US97,0,0,0
6,CS17->US105,0,0,0
6,CS17->US113,57693,57693,0
6,CS17->US121,53389,53389,0
6,CS18->US2,51801,51801,0
6,CS18->US10,6255,6255,0
6,CS18->US18,50328,50328,0
6,CS18->US26,0,0,0
6,CS18->US34,0,0,0
6,CS18->US42,51040,51040,0
6,CS18->US50,51150,51150,0
6,CS18->US58,0,0,0
6,CS18->US66,0,0,0
6,CS18->US74,50715,50715,0
6,CS18->US82,5220,5220,0
6,CS18->US90,51046,51046,0
6,CS18->US98,0,0,0
6,CS18->US106,0,0,0
6,CS18->US114,57584,57584,0
6,CS18->US122,53832,53832,0
6,CS19->US3,51354,51354,0
6,CS19->US11,6295,6295,0
6,CS19->US19,50100,50100,0
6,CS19->US27,0,0,0
6,CS19->US35,0,0,0
6,CS19->US43,51404,51404,0
6,CS19->US51,51533,51533,0
6,CS19->US59,0,0,0
6,CS19->US67,0,0,0
6,CS19->US75,51028,51028,0
6,CS19->US83,5202,5201,0
6,CS19->US91,50526,50526,0
6,CS19->US99,0,0,0
6,CS19->US107,0,0,0
6,CS19->US115,57414,57414,0
6,CS19->US123,53791,53791,0
6,CS20->US4,51408,51408,0
6,CS20->US12,6381,6381,0
6,CS20->US20,50033,50033,0
6,CS20->US28,0,0,0
6,CS20->US36,0,0,0
6,CS20->US44,51276,51276,0
6,CS20->US52,51350,51350,0
6,CS20->US60,0,0,0
6,CS20->US68,0,0,0
6,CS20->US76,50634,50634,0
6,CS20->US84,5309,5309,0
6,CS20->US92,50397,50397,0
6,CS20->US100,0,0,0
6,CS20->US108,0,0,0
6,CS20->US116,57416,57416,0
6,CS20->US124,53628,53628,0
6,CS21->US5,51627,51627,0
6,CS21->US13,6028,6028,0
6,CS21->US21,50340,50340,0
6,CS21->US29,0,0,0
6,CS21->US37,0,0,0
6,CS21->US45,51477,51477,0
6,CS21->US53,51447,51447,0
6,CS21->US61,0,0,0
6,CS21->US69,0,0,0
6,CS21->US77,50664,50664,0
6,CS21->US85,5088,5087,0
6,CS21->US93,50978,50978,0
6,CS21->US101,0,0,0
6,CS21->US109,0,0,0
6,CS21->US117,57509,57509,0
6,CS21->US125,53581,53581,0
6,CS22->US6,51518,51518,0
6,CS22->US14,6122,6122,0
6,CS22->US22,49856,49856,0
6,CS22->US30,0,0,0
6,CS22->US38,0,0,0
6,CS22->US46,51102,51102,0
6,CS22->US54,51408,51408,0
6,CS22->US62,0,0,0
6,CS22->US70,0,0,0
6,CS22->US78,51155,51155,0
6,CS22->US86,5174,5173,0
6,CS22->US94,50798,50798,0
6,CS22->US102,0,0,0
6,CS22->US110,0,0,0
6,CS22->US118,57591,57591,0
6,CS22->US126,53836,53836,0
6,CS23->US7,51446,51446,0
6,CS23->US15,6347,6347,0
6,CS23->US23,50406,50406,0
6,CS23->US31,0,0,0
6,CS23->US39,0,0,0
6,CS23->US47,50973,50973,0
6,CS23->US55,51741,51741,0
6,CS23->US63,0,0,0
6,CS23->US71,0,0,0
6,CS23->US79,50340,50340,0
6,CS23->US87,5187,5187,0
6,CS23->US95,50872,50872,0
6,CS23->US103,0,0,0
6,CS23->US111,0,0,0
6,CS23->US119,57704,57704,0
6,CS23->US127,53363,53363,0
6,CS24->US0,51502,51502,0
6,CS24->US8,6262,6262,0
6,CS24->US16,50133,50133,0
6,CS24->US24,0,0,0
6,CS24->US32,0,0,0
6,CS24->US40,51416,51416,0
6,CS24->US48,51725,51725,0
6,CS24->US56,0,0,0
6,CS24->US64,0,0,0
6,CS24->US72,50886,50886,0
6,CS24->US80,5270,5268,0
6,CS24->US88,50157,50157,0
6,CS24->US96,0,0,0
6,CS24->US104,0,0,0
6,CS24->US112,57516,57516,0
6,CS24->US120,53658,53658,0
6,CS25->US1,51310,51310,0
6,CS25->US9,6273,6273,0
6,CS25->US17,49972,49972,0
6,CS25->US25,0,0,0
6,CS25->US33,0,0,0
6,CS25->US41,51695,51695,0
6,CS25->US49,51413,51413,0
6,CS25->US57,0,0,0
6,CS25->US65,0,0,0
6,CS25->US73,51025,51025,0
6,CS25->US81,5309,5309,0
6,CS25->US89,50343,50343,0
6,CS25->US97,0,0,0
6,CS25->US105,0,0,0
6,CS25->US113,57188,57188,0
6,CS25->US121,53625,53625,0
6,CS26->US2,51231,51231,0
6,CS26->US10,6341,6340,0
6,CS26->US18,50079,50079,0
6,CS26->US26,0,0,0
6,CS26->US34,0,0,0
6,CS26->US42,51359,51359,0
6,CS26->US50,51797,51797,0
6,CS26->US58,0,0,0
6,CS26->US66,0,0,0
6,CS26->US74,50736,50736,0
6,CS26->US82,5231,5230,0
6,CS26->US90,50903,50903,0
6,CS26->US98,0,0,0
6,CS26->US106,0,0,0
6,CS26->US114,57561,57561,0
6,CS26->US122,53998,53998,0
6,CS27->US3,51828,51828,0
6,CS27->US11,6209,6208,0
6,CS27->US19,49950,49950,0
6,CS27->US27,0,0,0
6,CS27->US35,0,0,0
6,CS27->US43,51434,51434,0
6,CS27->US51,51502,51502,0
6,CS27->US59,0,0,0
6,CS27->US67,0,0,0
6,CS27->US75,50531,50531,0
6,CS27->US83,5365,5365,0
6,CS27->US91,50707,50707,0
6,CS27->US99,0,0,0
6,CS27->US107,0,0,0
6,CS27->US115,57540,57540,0
6,CS27->US123,53960,53960,0
6,CS28->US4,51682,51682,0
6,CS28->US12,6250,6250,0
6,CS28->US20,50153,50153,0
6,CS28->US28,0,0,0
6,CS28->US36,0,0,0
6,CS28->US44,51471,51471,0
6,CS28->US52,51715,51715,0
6,CS28->US60,0,0,0
6,CS28->US68,0,0,0
6,CS28->US76,50673,50673,0
6,CS28->US84,5257,5257,0
6,CS28->US92,50827,50827,0
6,CS28->US100,0,0,0
6,CS28->US108,0,0,0
6,CS28->US116,57581,57581,0
6,CS28->US124,54123,54123,0
6,CS29->US5,51616,51616,0
6,CS29->US13,6292,6290,0
6,CS29->US21,50057,50057,0
6,CS29->US29,0,0,0
6,CS29->US37,0,0,0
6,CS29->US45,51166,51166,0
6,CS29->US53,51391,51391,0
6,CS29->US61,0,0,0
6,CS29->US69,0,0,0
6,CS29->US77,50697,50697,0
6,CS29->US85,5225,5224,0
6,CS29->US93,50405,50405,0
6,CS29->US101,0,0,0
6,CS29->US109,0,0,0
6,CS29->US117,57494,57494,0
6,CS29->US125,54037,54037,0
6,CS30->US6,51370,51370,0
6,CS30->US14,6301,6301,0
6,CS30->US22,49982,49982,0
6,CS30->US30,0,0,0
6,CS30->US38,0,0,0
6,CS30->US46,51252,51252,0
6,CS30->US54,51510,51510,0
6,CS30->US62,0,0,0
6,CS30->US70,0,0,0
6,CS30->US78,50724,50724,0
6,CS30->US86,5294,5294,0
6,CS30->US94,50970,50970,0
6,CS30->US102,0,0,0
6,CS30->US110,0,0,0
6,CS30->US118,57269,57269,0
6,CS30->US126,53593,53593,0
6,CS31->US7,51312,51312,0
6,CS31->US15,6491,6491,0
6,CS31->US23,50285,50285,0
6,CS31->US31,0,0,0
6,CS31->US39,0,0,0
6,CS31->US47,51247,51247,0
6,CS31->US55,51392,51392,0
6,CS31->US63,0,0,0
6,CS31->US71,0,0,0
6,CS31->US79,50323,50323,0
6,CS31->US87,5334,5334,0
6,CS31->US95,50762,50762,0
6,CS31->US103,0,0,0
6,CS31->US111,0,0,0
6,CS31->US119,57118,57118,0
6,CS31->US127,53696,53696,0
6,CS32->US0,50999,50999,0
6,CS32->US8,6247,6247,0
6,CS32->US16,50040,50040,0
6,CS32->US24,0,0,0
6,CS32->US32,0,0,0
6,CS32->US40,51449,51449,0
6,CS32->US48,51380,51380,0
6,CS32->US56,0,0,0
6,CS32->US64,0,0,0
6,CS32->US72,51017,51017,0
6,CS32->US80,5131,5131,0
6,CS32->US88,51092,51092,0
6,CS32->US96,0,0,0
6,CS32->US104,0,0,0
6,CS32->US112,57535,57535,0
6,CS32->US120,53768,53768,0
6,CS33->US1,51317,51317,0
6,CS33->US9,6280,6280,0
6,CS33->US17,50210,50210,0
6,CS33->US25,0,0,0
6,CS33->US33,0,0,0
6,CS33->US41,50945,50945,0
6,CS33->US49,51324,51324,0
6,CS33->US57,0,0,0
6,CS33->US65,0,0,0
6,CS33->US73,50883,50883,0
6,CS33->US81,5271,5271,0
6,CS33->US89,50808,50808,0
6,CS33->US97,0,0,0
6,CS33->US105,0,0,0
6,CS33->US113,57470,57470,0
6,CS33->US121,53597,53597,0
6,CS34->US2,51338,51338,0
6,CS34->US10,6237,6236,0
6,CS34->US18,50277,50277,0
6,CS34->US26,0,0,0
6,CS34->US34,0,0,0
6,CS34->US42,51350,51350,0
6,CS34->US50,51741,51741,0
6,CS34->US58,0,0,0
6,CS34->US66,0,0,0
6,CS34->US74,50572,50572,0
6,CS34->US82,5249,5248,0
6,CS34->US90,50506,50506,0
6,CS34->US98,0,0,0
6,CS34->US106,0,0,0
6,CS34->US114,57376,57376,0
6,CS34->US122,54141,54141,0
6,CS35->US3,51192,51192,0
6,CS35->US11,6286,6286,0
6,CS35->US19,49926,49926,0
6,CS35->US27,0,0,0
6,CS35->US35,0,0,0
6,CS35->US43,51109,51109,0
6,CS35->US51,51613,51613,0
6,CS35->US59,0,0,0
6,CS35->US67,0,0,0
6,CS35->US75,50825,50825,0
6,CS35->US83,5255,5254,0
6,CS35->US91,50962,50962,0
6,CS35->US99,0,0,0
6,CS35->US107,0,0,0
6,CS35->US115,57577,57577,0
6,CS35->US123,53720,53720,0
6,CS36->US4,51594,51594,0
6,CS36->US12,6239,6239,0
6,CS36->US20,50405,50405,0
6,CS36->US28,0,0,0
6,CS36->US36,0,0,0
6,CS36->US44,51296,51296,0
6,CS36->US52,51399,51399,0
6,CS36->US60,0,0,0
6,CS36->US68,0,0,0
6,CS36->US76,50502,50502,0
6,CS36->US84,5232,5232,0
6,CS36->US92,50935,50935,0
6,CS36->US100,0,0,0
6,CS36->US108,0,0,0
6,CS36->US116,57243,57243,0
6,CS36->US124,54311,54311,0
6,CS37->US5,51583,51583,0
6,CS37->US13,6252,6250,0
6,CS37->US21,50551,50551,0
6,CS37->US29,0,0,0
6,CS37->US37,0,0,0
6,CS37->US45,51102,51102,0
6,CS37->US53,51519,51519,0
6,CS37->US61,0,0,0
6,CS37->US69,0,0,0
6,CS37->US77,50917,50917,0
6,CS37->US85,5295,5295,0
6,CS37->US93,50627,50627,0
6,CS37->US101,0,0,0
6,CS37->US109,0,0,0
6,CS37->US117,57803,57803,0
6,CS37->US125,53505,53505,0
6,CS38->US6,51632,51632,0
6,CS38->US14,6302,6300,0
6,CS38->US22,50707,50707,0
6,CS38->US30,0,0,0
6,CS38->US38,0,0,0
6,CS38->US46,51476,51476,0
6,CS38->US54,51435,51435,0
6,CS38->US62,0,0,0
6,CS38->US70,0,0,0
6,CS38->US78,50818,50818,0
6,CS38->US86,5253,5253,0
6,CS38->US94,50784,50784,0
6,CS38->US102,0,0,0
6,CS38->US110,0,0,0
6,CS38->US118,57926,57926,0
6,CS38->US126,53499,53499,0
6,CS39->US7,51450,51450,0
6,CS39->US15,6361,6360,0
6,CS39->US23,50433,50433,0
6,CS39->US31,0,0,0
6,CS39->US39,0,0,0
6,CS39->US47,51495,51495,0
6,CS39->US55,51452,51452,0
6,CS39->US63,0,0,0
6,CS39->US71,0,0,0
6,CS39->US79,50746,50746,0
6,CS39->US87,5293,5293,0
6,CS39->US95,51059,51059,0
6,CS39->US103,0,0,0
6,CS39->US111,0,0,0
6,CS39->US119,57878,57878,0
6,CS39->US127,53701,53701,0
6,CS40->US0,51185,51185,0
6,CS40->US8,6345,6345,0
6,CS40->US16,49745,49745,0
6,CS40->US24,0,0,0
6,CS40->US32,0,0,0
6,CS40->US40,51244,51244,0
6,CS40->US48,51492,51492,0
6,CS40->US56,0,0,0
6,CS40->US64,0,0,0
6,CS40->US72,50864,50864,0
6,CS40->US80,5291,5291,0
6,CS40->US88,50201,50201,0
6,CS40->US96,0,0,0
6,CS40->US104,0,0,0
6,CS40->US112,57495,57495,0
6,CS40->US120,53822,53822,0
6,CS41->US1,51492,51492,0
6,CS41->US9,6384,6384,0
6,CS41->US17,50253,50253,0
6,CS41->US25,0,0,0
6,CS41->US33,0,0,0
6,CS41->US41,51227,51227,0
6,CS41->US49,51314,51314,0
6,CS41->US57,0,0,0
6,CS41->US65,0,0,0
6,CS41->US73,50390,50390,0
6,CS41->US81,5275,5275,0
6,CS41->US89,50373,50373,0
6,CS41->US97,0,0,0
6,CS41->US105,0,0,0
6,CS41->US113,57275,57275,0
6,CS41->US121,53836,53836,0
6,CS42->US2,51330,51330,0
6,CS42->US10,6355,6354,0
6,CS42->US18,50532,50532,0
6,CS42->US26,0,0,0
6,CS42->US34,0,0,0
6,CS42->US42,51330,51330,0
6,CS42->US50,51390,51390,0
6,CS42->US58,0,0,0
6,CS42->US66,0,0,0
6,CS42->US74,51049,51049,0
6,CS42->US82,5182,5182,0
6,CS42->US90,50983,50983,0
6,CS42->US98,0,0,0
6,CS42->US106,0,0,0
6,CS42->US114,57379,57379,0
6,CS42->US122,53702,53702,0
6,CS43->US3,51143,51143,0
6,CS43->US11,6275,6275,0
6,CS43->US19,50333,50333,0
6,CS43->US27,0,0,0
6,CS43->US35,0,0,0
6,CS43->US43,51144,51144,0
6,CS43->US51,51607,51607,0
6,CS43->US59,0,0,0
6,CS43->US67,0,0,0
6,CS43->US75,50975,50975,0
6,CS43->US83,5102,5101,0
6,CS43->US91,50383,50383,0
6,CS43->US99,0,0,0
6,CS43->US107,0,0,0
6,CS43->US115,57644,57644,0
6,CS43->US123,53729,53729,0
6,CS44->US4,51240,51240,0
6,CS44->US12,6375,6375,0
6,CS44->US20,49890,49890,0
6,CS44->US28,0,0,0
6,CS44->US36,0,0,0
6,CS44->US44,51562,51562,0
6,CS44->US52,51027,51027,0
6,CS44->US60,0,0,0
6,CS44->US68,0,0,0
6,CS44->US76,50952,50952,0
6,CS44->US84,5171,5171,0
6,CS44->US92,50551,50551,0
6,CS44->US100,0,0,0
6,CS44->US108,0,0,0
6,CS44->US116,57299,57299,0
6,CS44->US124,54144,54144,0
6,CS45->US5,51726,51726,0
6,CS45->US13,6268,6267,0
6,CS45->US21,50312,50312,0
6,CS45->US29,0,0,0
6,CS45->US37,0,0,0
6,CS45->US45,51311,51311,0
6,CS45->US53,51315,51315,0
6,CS45->US61,0,0,0
6,CS45->US69,0,0,0
6,CS45->US77,50719,50719,0
6,CS45->US85,5165,5165,0
6,CS45->US93,50303,50303,0
6,CS45->US101,0,0,0
6,CS45->US109,0,0,0
6,CS45->US117,57098,57098,0
6,CS45->US125,53723,53723,0
6,CS46->US6,51617,51617,0
6,CS46->US14,6306,6305,0
6,CS46->US22,50427,50427,0
6,CS46->US30,0,0,0
6,CS46->US38,0,0,0
6,CS46->US46,51120,51120,0
6,CS46->US54,51751,51751,0
6,CS46->US62,0,0,0
6,CS46->US70,0,0,0
6,CS46->US78,50596,50596,0
6,CS46->US86,5229,5228,0
6,CS46->US94,50987,50987,0
6,CS46->US102,0,0,0
6,CS46->US110,0,0,0
6,CS46->US118,57754,57754,0
6,CS46->US126,53930,53930,0
6,CS47->US7,51270,51270,0
6,CS47->US15,6260,6258,0
6,CS47->US23,50223,50223,0
6,CS47->US31,0,0,0
6,CS47->US39,0,0,0
6,CS47->US47,51439,51439,0
6,CS47->US55,51306,51306,0
6,CS47->US63,0,0,0
6,CS47->US71,0,0,0
6,CS47->US79,50842,50842,0
6,CS47->US87,5244,5244,0
6,CS47->US95,50638,50638,0
6,CS47->US103,0,0,0
6,CS47->US111,0,0,0
6,CS47->US119,57650,57650,0
6,CS47->US127,54060,54060,0
6,CS48->US0,51223,51223,0
6,CS48->US8,6302,6302,0
6,CS48->US16,50180,50180,0
6,CS48->US24,0,0,0
6,CS48->US32,0,0,0
6,CS48->US40,51142,51142,0
6,CS48->US48,51386,51386,0
6,CS48->US56,0,0,0
6,CS48->US64,0,0,0
6,CS48->US72,50714,50714,0
6,CS48->US80,5194,5194,0
6,CS48->US88,50539,50539,0
6,CS48->US96,0,0,0
6,CS48->US104,0,0,0
6,CS48->US112,57892,57892,0
6,CS48->US120,54007,54007,0
6,CS49->US1,51729,51729,0
6,CS49->US9,6279,6279,0
6,CS49->US17,50544,50544,0
6,CS49->US25,0,0,0
6,CS49->US33,0,0,0
6,CS49->US41,51306,51306,0
6,CS49->US49,51526,51526,0
6,CS49->US57,0,0,0
6,CS49->US65,0,0,0
6,CS49->US73,50537,50537,0
6,CS49->US81,5288,5288,0
6,CS49->US89,50838,50838,0
6,CS49->US97,0,0,0
6,CS49->US105,0,0,0
6,CS49->US113,57696,57696,0
6,CS49->US121,53610,53610,0
6,CS50->US2,51474,51474,0
6,CS50->US10,6261,6260,0
6,CS50->US18,49918,49918,0
6,CS50->US26,0,0,0
6,CS50->US34,0,0,0
6,CS50->US42,51490,51490,0
6,CS50->US50,51422,51422,0
6,CS50->US58,0,0,0
6,CS50->US66,0,0,0
6,CS50->US74,51013,51013,0
6,CS50->US82,5314,5314,0
6,CS50->US90,50479,50479,0
6,CS50->US98,0,0,0
6,CS50->US106,0,0,0
6,CS50->US114,57616,57616,0
6,CS50->US122,53613,53613,0
6,CS51->US3,51445,51445,0
6,CS51->US11,6353,6352,0
6,CS51->US19,50678,50678,0
6,CS51->US27,0,0,0
6,CS51->US35,0,0,0
6,CS51->US43,51427,51427,0
6,CS51->US51,51272,51272,0
6,CS51->US59,0,0,0
6,CS51->US67,0,0,0
6,CS51->US75,50711,50711,0
6,CS51->US83,5220,5220,0
6,CS51->US91,51024,51024,0
6,CS51->US99,0,0,0
6,CS51->US107,0,0,0
6,CS51->US115,57465,57465,0
6,CS51->US123,53785,53785,0
6,CS52->US4,51216,51216,0
6,CS52->US12,6319,6318,0
6,CS52->US20,50038,50038,0
6,CS52->US28,0,0,0
6,CS52->US36,0,0,0
6,CS52->US44,51179,51179,0
6,CS52->US52,51728,51728,0
6,CS52->US60,0,0,0
6,CS52->US68,0,0,0
6,CS52->US76,50737,50737,0
6,CS52->US84,5242,5242,0
6,CS52->US92,50379,50379,0
6,CS52->US100,0,0,0
6,CS52->US108,0,0,0
6,CS52->US116,57245,57245,0
6,CS52->US124,53714,53714,0
6,CS53->US5,51563,51563,0
6,CS53->US13,6368,6368,0
6,CS53->US21,50028,50028,0
6,CS53->US29,0,0,0
6,CS53->US37,0,0,0
6,CS53->US45,51072,51072,0
6,CS53->US53,51378,51378,0
6,CS53->US61,0,0,0
6,CS53->US69,0,0,0
6,CS53->US77,50878,50878,0
6,CS53->US85,5185,5184,0
6,CS53->US93,50548,50548,0
6,CS53->US101,0,0,0
6,CS53->US109,0,0,0
6,CS53->US117,57754,57754,0
6,CS53->US125,54147,54147,0
6,CS54->US6,51315,51315,0
6,CS54->US14,6365,6364,0
6,CS54->US22,50305,50305,0
6,CS54->US30,0,0,0
6,CS54->US38,0,0,0
6,CS54->US46,51525,51525,0
6,CS54->US54,51473,51473,0
6,CS54->US62,0,0,0
6,CS54->US70,0,0,0
6,CS54->US78,50922,50922,0
6,CS54->US86,5201,5201,0
6,CS54->US94,50686,50686,0
6,CS54->US102,0,0,0
6,CS54->US110,0,0,0
6,CS54->US118,57423,57423,0
6,CS54->US126,53061,53061,0
6,CS55->US7,50989,50989,0
6,CS55->US15,6378,6378,0
6,CS55->US23,50166,50166,0
6,CS55->US31,0,0,0
6,CS55->US39,0,0,0
6,CS55->US47,51074,51074,0
6,CS55->US55,51422,51422,0
6,CS55->US63,0,0,0
6,CS55->US71,0,0,0
6,CS55->US79,50317,50317,0
6,CS55->US87,5030,5029,0
6,CS55->US95,51009,51009,0
6,CS55->US103,0,0,0
6,CS55->US111,0,0,0
6,CS55->US119,57849,57849,0
6,CS55->US127,53975,53975,0
6,CS56->US0,51408,51408,0
6,CS56->US8,6239,6239,0
6,CS56->US16,49979,49979,0
6,CS56->US24,0,0,0
6,CS56->US32,0,0,0
6,CS56->US40,51019,51019,0
6,CS56->US48,51861,51861,0
6,CS56->US56,0,0,0
6,CS56->US64,0,0,0
6,CS56->US72,50563,50563,0
6,CS56->US80,5258,5258,0
6,CS56->US88,50509,50509,0
6,CS56->US96,0,0,0
6,CS56->US104,0,0,0
6,CS56->US112,57760,57760,0
6,CS56->US120,53921,53921,0
6,CS57->US1,51784,51784,0
6,CS57->US9,6206,6206,0
6,CS57->US17,49932,49932,0
6,CS57->US25,0,0,0
6,CS57->US33,0,0,0
6,CS57->US41,51272,51272,0
6,CS57->US49,51560,51560,0
6,CS57->US57,0,0,0
6,CS57->US65,0,0,0
6,CS57->US73,50513,50513,0
6,CS57->US81,5263,5262,0
6,CS57->US89,51113,51113,0
6,CS57->US97,0,0,0
6,CS57->US105,0,0,0
6,CS57->US113,57557,57557,0
6,CS57->US121,54109,54109,0
6,CS58->US2,51237,51237,0
6,CS58->US10,6200,6200,0
6,CS58->US18,50367,50367,0
6,CS58->US26,0,0,0
6,CS58->US34,0,0,0
6,CS58->US42,51287,51287,0
6,CS58->US50,51294,51294,0
6,CS58->US58,0,0,0
6,CS58->US66,0,0,0
6,CS58->US74,51043,51043,0
6,CS58->US82,5289,5289,0
6,CS58->US90,50405,50405,0
6,CS58->US98,0,0,0
6,CS58->US106,0,0,0
6,CS58->US114,57513,57513,0
6,CS58->US122,54239,54239,0
6,CS59->US3,51706,51706,0
6,CS59->US11,6327,6325,0
6,CS59->US19,50241,50241,0
6,CS59->US27,0,0,0
6,CS59->US35,0,0,0
6,CS59->US43,51183,51183,0
6,CS59->US51,51428,51428,0
6,CS59->US59,0,0,0
6,CS59->US67,0,0,0
6,CS59->US75,50983,50983,0
6,CS59->US83,5192,5192,0
6,CS59->US91,50613,50613,0
6,CS59->US99,0,0,0
6,CS59->US107,0,0,0
6,CS59->US115,57203,57203,0
6,CS59->US123,53879,53879,0
6,CS60->US4,51777,51777,0
6,CS60->US12,6421,6421,0
6,CS60->US20,50200,50200,0
6,CS60->US28,0,0,0
6,CS60->US36,0,0,0
6,CS60->US44,51287,51287,0
6,CS60->US52,51404,51404,0
6,CS60->US60,0,0,0
6,CS60->US68,0,0,0
6,CS60->US76,51107,51107,0
6,CS60->US84,5225,5224,0
6,CS60->US92,50747,50747,0
6,CS60->US100,0,0,0
6,CS60->US108,0,0,0
6,CS60->US116,57503,57503,0
6,CS60->US124,53779,53779,0
6,CS61->US5,51483,51483,0
6,CS61->US13,6142,6142,0
6,CS61->US21,50512,50512,0
6,CS61->US29,0,0,0
6,CS61->US37,0,0,0
6,CS61->US45,51039,51039,0
6,CS61->US53,51598,51598,0
6,CS61->US61,0,0,0
6,CS61->US69,0,0,0
6,CS61->US77,51051,51051,0
6,CS61->US85,5171,5171,0
6,CS61->US93,50749,50749,0
6,CS61->US101,0,0,0
6,CS61->US109,0,0,0
6,CS61->US117,57457,57457,0
6,CS61->US125,53947,53947,0
6,CS62->US6,51690,51690,0
6,CS62->US14,6293,6293,0
6,CS62->US22,50056,50056,0
6,CS62->US30,0,0,0
6,CS62->US38,0,0,0
6,CS62->US46,51008,51008,0
6,CS62->US54,51572,51572,0
6,CS62->US62,0,0,0
6,CS62->US70,0,0,0
6,CS62->US78,50923,50923,0
6,CS62->US86,5224,5224,0
6,CS62->US94,50689,50689,0
6,CS62->US102,0,0,0
6,CS62->US110,0,0,0
6,CS62->US118,57404,57404,0
6,CS62->US126,53397,53397,0
6,CS63->US7,51521,51521,0
6,CS63->US15,6339,6338,0
6,CS63->US23,50351,50351,0
6,CS63->US31,0,0,0
6,CS63->US39,0,0,0
6,CS63->US47,51158,51158,0
6,CS63->US55,51498,51498,0
6,CS63->US63,0,0,0
6,CS63->US71,0,0,0
6,CS63->US79,50850,50850,0
6,CS63->US87,5105,5104,0
6,CS63->US95,50441,50441,0
6,CS63->US103,0,0,0
6,CS63->US111,0,0,0
6,CS63->US119,57532,57532,0
6,CS63->US127,53846,53846,0
7,US0->CS0,51625,51625,0
7,US0->CS8,52046,52046,0
7,US0->CS16,51809,51809,0
7,US0->CS24,51991,51991,0
7,US0->CS32,51674,51674,0
7,US0->CS40,51793,51793,0
7,US0->CS48,51655,51655,0
7,US0->CS56,52135,52135,0
7,US1->CS1,51893,51893,0
7,US1->CS9,51869,51869,0
7,US1->CS17,51396,51396,0
7,US1->CS25,51686,51686,0
7,US1->CS33,51598,51598,0
7,US1->CS41,51608,51608,0
7,US1->CS49,51842,51842,0
7,US1->CS57,51825,51825,0
7,US2->CS2,51525,51525,0
7,US2->CS10,51786,51786,0
7,US2->CS18,51409,51409,0
7,US2->CS26,52113,52113,0
7,US2->CS34,52051,52051,0
7,US2->CS42,51632,51632,0
7,US2->CS50,51677,51677,0
7,US2->CS58,51579,51579,0
7,US3->CS3,51726,51726,0
7,US3->CS11,51684,51684,0
7,US3->CS19,51768,51768,0
7,US3->CS27,51772,51772,0
7,US3->CS35,51895,51895,0
7,US3->CS43,51858,51858,0
7,US3->CS51,51609,51609,0
7,US3->CS59,51675,51675,0
7,US4->CS4,51865,51865,0
7,US4->CS12,51641,51641,0
7,US4->CS20,51632,51632,0
7,US4->CS28,51983,51983,0
7,US4->CS36,51688,51688,0
7,US4->CS44,51313,51313,0
7,US4->CS52,52007,52007,0
7,US4->CS60,51690,51690,0
7,US5->CS5,51897,51897,0
7,US5->CS13,51748,51748,0
7,US5->CS21,51799,51799,0
7,US5->CS29,51691,51691,0
7,US5->CS37,51737,51737,0
7,US5->CS45,51525,51525,0
7,US5->CS53,51711,51711,0
7,US5->CS61,51866,51866,0
7,US6->CS6,51710,51710,0
7,US6->CS14,51901,51901,0
7,US6->CS22,51678,51678,0
7,US6->CS30,51778,51778,0
7,US6->CS38,51743,51743,0
7,US6->CS46,52066,52066,0
7,US6->CS54,51752,51752,0
7,US6->CS62,51815,51815,0
7,US7->CS7,51961,51961,0
7,US7->CS15,51414,51414,0
7,US7->CS23,51991,51991,0
7,US7->CS31,51684,51684,0
7,US7->CS39,51753,51753,0
7,US7->CS47,51593,51593,0
7,US7->CS55,51714,51714,0
7,US7->CS63,51781,51781,0
7,US8->CS0,56657,56657,0
7,US8->CS8,56770,56770,0
7,US8->CS16,56608,56607,0
7,US8->CS24,56634,56634,0
7,US8->CS32,56609,56607,0
7,US8->CS40,56952,56952,0
7,US8->CS48,57154,57153,0
7,US8->CS56,57002,57001,0
7,US9->CS1,56878,56877,0
7,US9->CS9,56767,56766,0
7,US9->CS17,56730,56730,0
7,US9->CS25,56555,56555,0
7,US9->CS33,56499,56499,0
7,US9->CS41,56615,56615,0
7,US9->CS49,57020,57020,0
7,US9->CS57,56866,56866,0
7,US10->CS2,56730,56728,0
7,US10->CS10,56564,56564,0
7,US10->CS18,56960,56959,0
7,US10->CS26,57179,57179,0
7,US10->CS34,56847,56847,0
7,US10->CS42,56821,56821,0
7,US10->CS50,56826,56826,0
7,US10->CS58,56714,56714,0
7,US11->CS3,56334,56334,0
7,US11->CS11,57167,57167,0
7,US11->CS19,56951,56951,0
7,US11->CS27,56671,56671,0
7,US11->CS35,56874,56874,0
7,US11->CS43,56422,56422,0
7,US11->CS51,57031,57031,0
7,US11->CS59,56719,56719,0
7,US12->CS4,56974,56974,0
7,US12->CS12,56755,56755,0
7,US12->CS20,56723,56723,0
7,US12->CS28,56593,56593,0
7,US12->CS36,56613,56613,0
7,US12->CS44,56722,56722,0
7,US12->CS52,56963,56963,0
7,US12->CS60,56827,56827,0
7,US13->CS5,56439,56439,0
7,US13->CS13,57071,57071,0
7,US13->CS21,56420,56420,0
7,US13->CS29,56404,56404,0
7,US13->CS37,56424,56424,0
7,US13->CS45,56889,56888,0
7,US13->CS53,56470,56470,0
7,US13->CS61,56675,56675,0
7,US14->CS6,56543,56542,0
7,US14->CS14,56810,56810,0
7,US14->CS22,56551,56551,0
7,US14->CS30,56512,56512,0
7,US14->CS38,56906,56906,0
7,US14->CS46,56654,56654,0
7,US14->CS54,56765,56765,0
7,US14->CS62,56387,56387,0
7,US15->CS7,56487,56487,0
7,US15->CS15,56978,56978,0
7,US15->CS23,56830,56830,0
7,US15->CS31,56938,56938,0
7,US15->CS39,56915,56915,0
7,US15->CS47,56469,56469,0
7,US15->CS55,56414,56414,0
7,US15->CS63,56970,56970,0
7,US16->CS0,54171,54171,0
7,US16->CS8,54104,54104,0
7,US16->CS16,54034,54034,0
7,US16->CS24,53894,53894,0
7,US16->CS32,54004,54004,0
7,US16->CS40,54055,54055,0
7,US16->CS48,54253,54253,0
7,US16->CS56,54137,54137,0
7,US17->CS1,54075,54075,0
7,US17->CS9,54222,54222,0
7,US17->CS17,53663,53663,0
7,US17->CS25,53845,53845,0
7,US17->CS33,53845,53845,0
7,US17->CS41,54056,54056,0
7,US17->CS49,53822,53822,0
7,US17->CS57,54329,54329,0
7,US18->CS2,53809,53809,0
7,US18->CS10,54358,54358,0
7,US18->CS18,54002,54002,0
7,US18->CS26,54226,54226,0
7,US18->CS34,54364,54364,0
7,US18->CS42,53965,53965,0
7,US18->CS50,53862,53862,0
7,US18->CS58,54475,54475,0
7,US19->CS3,54127,54127,0
7,US19->CS11,53793,53793,0
7,US19->CS19,54011,54011,0
7,US19->CS27,54187,54187,0
7,US19->CS35,53959,53959,0
7,US19->CS43,53945,53945,0
7,US19->CS51,54036,54036,0
7,US19->CS59,54085,54085,0
7,US20->CS4,54016,54016,0
7,US20->CS12,54404,54404,0
7,US20->CS20,53905,53905,0
7,US20->CS28,54360,54360,0
7,US20->CS36,54565,54565,0
7,US20->CS44,54358,54358,0
7,US20->CS52,54010,54010,0
7,US20->CS60,54072,54072,0
7,US21->CS5,54008,54008,0
7,US21->CS13,53681,53681,0
7,US21->CS21,53867,53867,0
7,US21->CS29,54226,54226,0
7,US21->CS37,53778,53778,0
7,US21->CS45,53967,53967,0
7,US21->CS53,54364,54364,0
7,US21->CS61,54153,54153,0
7,US22->CS6,54531,54531,0
7,US22->CS14,53929,53929,0
7,US22->CS22,54051,54051,0
7,US22->CS30,53808,53808,0
7,US22->CS38,53693,53693,0
7,US22->CS46,54141,54141,0
7,US22->CS54,53318,53318,0
7,US22->CS62,53643,53643,0
7,US23->CS7,54053,54053,0
7,US23->CS15,54088,54088,0
7,US23->CS23,53602,53602,0
7,US23->CS31,53957,53957,0
7,US23->CS39,53928,53928,0
7,US23->CS47,54323,54323,0
7,US23->CS55,54242,54242,0
7,US23->CS63,54111,54111,0
7,US24->CS0,0,0,0
7,US24->CS8,0,0,0
7,US24->CS16,0,0,0
7,US24->CS24,0,0,0
7,US24->CS32,0,0,0
7,US24->CS40,0,0,0
7,US24->CS48,0,0,0
7,US24->CS56,0,0,0
7,US25->CS1,0,0,0
7,US25->CS9,0,0,0
7,US25->CS17,0,0,0
7,US25->CS25,0,0,0
7,US25->CS33,0,0,0
7,US25->CS41,0,0,0
7,US25->CS49,0,0,0
7,US25->CS57,0,0,0
7,US26->CS2,0,0,0
7,US26->CS10,0,0,0
7,US26->CS18,0,0,0
7,US26->CS26,0,0,0
7,US26->CS34,0,0,0
7,US26->CS42,0,0,0
7,US26->CS50,0,0,0
7,US26->CS58,0,0,0
7,US27->CS3,0,0,0
7,US27->CS11,0,0,0
7,US27->CS19,0,0,0
7,US27->CS27,0,0,0
7,US27->CS35,0,0,0
7,US27->CS43,0,0,0
7,US27->CS51,0,0,0
7,US27->CS59,0,0,0
7,US28->CS4,0,0,0
7,US28->CS12,0,0,0
7,US28->CS20,0,0,0
7,US28->CS28,0,0,0
7,US28->CS36,0,0,0
7,US28->CS44,0,0,0
7,US28->CS52,0,0,0
7,US28->CS60,0,0,0
7,US29->CS5,0,0,0
7,US29->CS13,0,0,0
7,US29->CS21,0,0,0
7,US29->CS29,0,0,0
7,US29->CS37,0,0,0
7,US29->CS45,0,0,0
7,US29->CS53,0,0,0
7,US29->CS61,0,0,0
7,US30->CS6,0,0,0
7,US30->CS14,0,0,0
7,US30->CS22,0,0,0
7,US30->CS30,0,0,0
7,US30->CS38,0,0,0
7,US30->CS46,0,0,0
7,US30->CS54,0,0,0
7,US30->CS62,0,0,0
7,US31->CS7,0,0,0
7,US31->CS15,0,0,0
7,US31->CS23,0,0,0
7,US31->CS31,0,0,0
7,US31->CS39,0,0,0
7,US31->CS47,0,0,0
7,US31->CS55,0,0,0
7,US31->CS63,0,0,0
7,US32->CS0,0,0,0
7,US32->CS8,0,0,0
7,US32->CS16,0,0,0
7,US32->CS24,0,0,0
7,US32->CS32,0,0,0
7,US32->CS40,0,0,0
7,US32->CS48,0,0,0
7,US32->CS56,0,0,0
7,US33->CS1,0,0,0
7,US33->CS9,0,0,0
7,US33->CS17,0,0,0
7,US33->CS25,0,0,0
7,US33->CS33,0,0,0
7,US33->CS41,0,0,0
7,US33->CS49,0,0,0
7,US33->CS57,0,0,0
7,US34->CS2,0,0,0
7,US34->CS10,0,0,0
7,US34->CS18,0,0,0
7,US34->CS26,0,0,0
7,US34->CS34,0,0,0
7,US34->CS42,0,0,0
7,US34->CS50,0,0,0
7,US34->CS58,0,0,0
7,US35->CS3,0,0,0
7,US35->CS11,0,0,0
7,US35->CS19,0,0,0
7,US35->CS27,0,0,0
7,US35->CS35,0,0,0
7,US35->CS43,0,0,0
7,US35->CS51,0,0,0
7,US35->CS59,0,0,0
7,US36->CS4,0,0,0
7,US36->CS12,0,0,0
7,US36->CS20,0,0,0
7,US36->CS28,0,0,0
7,US36->CS36,0,0,0
7,US36->CS44,0,0,0
7,US36->CS52,0,0,0
7,US36->CS60,0,0,0
7,US37->CS5,0,0,0
7,US37->CS13,0,0,0
7,US37->CS21,0,0,0
7,US37->CS29,0,0,0
7,US37->CS37,0,0,0
7,US37->CS45,0,0,0
7,US37->CS53,0,0,0
7,US37->CS61,0,0,0
7,US38->CS6,0,0,0
7,US38->CS14,0,0,0
7,US38->CS22,0,0,0
7,US38->CS30,0,0,0
7,US38->CS38,0,0,0
7,US38->CS46,0,0,0
7,US38->CS54,0,0,0
7,US38->CS62,0,0,0
7,US39->CS7,0,0,0
7,US39->CS15,0,0,0
7,US39->CS23,0,0,0
7,US39->CS31,0,0,0
7,US39->CS39,0,0,0
7,US39->CS47,0,0,0
7,US39->CS55,0,0,0
7,US39->CS63,0,0,0
7,US40->CS0,57464,57464,0
7,US40->CS8,57664,57664,0
7,US40->CS16,57630,57630,0
7,US40->CS24,57469,57469,0
7,US40->CS32,57501,57501,0
7,US40->CS40,57410,57410,0
7,US40->CS48,57933,57933,0
7,US40->CS56,57814,57814,0
7,US41->CS1,57484,57484,0
7,US41->CS9,57784,57784,0
7,US41->CS17,57711,57711,0
7,US41->CS25,57204,57204,0
7,US41->CS33,57443,57443,0
7,US41->CS41,57283,57283,0
7,US41->CS49,57604,57604,0
7,US41->CS57,57569,57569,0
7,US42->CS2,57454,57454,0
7,US42->CS10,57784,57784,0
7,US42->CS18,57594,57594,0
7,US42->CS26,57466,57466,0
7,US42->CS34,57296,57296,0
7,US42->CS42,57378,57378,0
7,US42->CS50,57609,57609,0
7,US42->CS58,57492,57492,0
7,US43->CS3,57413,57413,0
7,US43->CS11,57607,57607,0
7,US43->CS19,57426,57426,0
7,US43->CS27,57547,57547,0
7,US43->CS35,57551,57551,0
7,US43->CS43,57641,57641,0
7,US43->CS51,57424,57424,0
7,US43->CS59,57218,57218,0
7,US44->CS4,57517,57517,0
7,US44->CS12,57647,57647,0
7,US44->CS20,57374,57374,0
7,US44->CS28,57567,57567,0
7,US44->CS36,57211,57211,0
7,US44->CS44,57237,57237,0
7,US44->CS52,57218,57218,0
7,US44->CS60,57477,57477,0
7,US45->CS5,57286,57286,0
7,US45->CS13,57881,57881,0
7,US45->CS21,57372,57372,0
7,US45->CS29,57456,57456,0
7,US45->CS37,57845,57845,0
7,US45->CS45,57146,57146,0
7,US45->CS53,57664,57664,0
7,US45->CS61,57405,57405,0
7,US46->CS6,58213,58213,0
7,US46->CS14,57148,57148,0
7,US46->CS22,57590,57590,0
7,US46->CS30,57285,57285,0
7,US46->CS38,57853,57853,0
7,US46->CS46,57648,57648,0
7,US46->CS54,57391,57391,0
7,US46->CS62,57386,57386,0
7,US47->CS7,57314,57314,0
7,US47->CS15,57670,57670,0
7,US47->CS23,57715,57715,0
7,US47->CS31,57098,57098,0
7,US47->CS39,57858,57858,0
7,US47->CS47,57622,57622,0
7,US47->CS55,57821,57821,0
7,US47->CS63,57510,57510,0
7,US48->CS0,51937,51937,0
7,US48->CS8,52164,52164,0
7,US48->CS16,52301,52301,0
7,US48->CS24,51791,51791,0
7,US48->CS32,51288,51288,0
7,US48->CS40,51490,51490,0
7,US48->CS48,51472,51472,0
7,US48->CS56,51666,51666,0
7,US49->CS1,51556,51556,0
7,US49->CS9,51425,51425,0
7,US49->CS17,52269,52269,0
7,US49->CS25,51606,51606,0
7,US49->CS33,51593,51593,0
7,US49->CS41,51736,51736,0
7,US49->CS49,52008,52008,0
7,US49->CS57,52117,52117,0
7,US50->CS2,51865,51865,0
7,US50->CS10,52070,52070,0
7,US50->CS18,52084,52084,0
7,US50->CS26,51564,51564,0
7,US50->CS34,51614,51614,0
7,US50->CS42,51598,51598,0
7,US50->CS50,51728,51728,0
7,US50->CS58,51513,51513,0
7,US51->CS3,51654,51654,0
7,US51->CS11,51510,51510,0
7,US51->CS19,51659,51659,0
7,US51->CS27,52085,52085,0
7,US51->CS35,51540,51540,0
7,US51->CS43,51417,51417,0
7,US51->CS51,51728,51728,0
7,US51->CS59,51978,51978,0
7,US52->CS4,51736,51736,0
7,US52->CS12,52260,52260,0
7,US52->CS20,51693,51693,0
7,US52->CS28,51983,51983,0
7,US52->CS36,51946,51946,0
7,US52->CS44,51543,51543,0
7,US52->CS52,51513,51513,0
7,US52->CS60,52059,52059,0
7,US53->CS5,51776,51776,0
7,US53->CS13,51829,51829,0
7,US53->CS21,51927,51927,0
7,US53->CS29,51864,51864,0
7,US53->CS37,51836,51836,0
7,US53->CS45,51991,51991,0
7,US53->CS53,51907,51907,0
7,US53->CS61,51781,51781,0
7,US54->CS6,51740,51740,0
7,US54->CS14,51634,51634,0
7,US54->CS22,51812,51812,0
7,US54->CS30,51634,51634,0
7,US54->CS38,51856,51856,0
7,US54->CS46,51830,51830,0
7,US54->CS54,51588,51588,0
7,US54->CS62,51962,51962,0
7,US55->CS7,51473,51473,0
7,US55->CS15,51996,51996,0
7,US55->CS23,51752,51752,0
7,US55->CS31,51600,51600,0
7,US55->CS39,51755,51755,0
7,US55->CS47,51525,51525,0
7,US55->CS55,51251,51251,0
7,US55->CS63,51700,51700,0
7,US56->CS0,0,0,0
7,US56->CS8,0,0,0
7,US56->CS16,0,0,0
7,US56->CS24,0,0,0
7,US56->CS32,0,0,0
7,US56->CS40,0,0,0
7,US56->CS48,0,0,0
7,US56->CS56,0,0,0
7,US57->CS1,0,0,0
7,US57->CS9,0,0,0
7,US57->CS17,0,0,0
7,US57->CS25,0,0,0
7,US57->CS33,0,0,0
7,US57->CS41,0,0,0
7,US57->CS49,0,0,0
7,US57->CS57,0,0,0
7,US58->CS2,0,0,0
7,US58->CS10,0,0,0
7,US58->CS18,0,0,0
7,US58->CS26,0,0,0
7,US58->CS34,0,0,0
7,US58->CS42,0,0,0
7,US58->CS50,0,0,0
7,US58->CS58,0,0,0
7,US59->CS3,0,0,0
7,US59->CS11,0,0,0
7,US59->CS19,0,0,0
7,US59->CS27,0,0,0
7,US59->CS35,0,0,0
7,US59->CS43,0,0,0
7,US59->CS51,0,0,0
7,US59->CS59,0,0,0
7,US60->CS4,0,0,0
7,US60->CS12,0,0,0
7,US60->CS20,0,0,0
7,US60->CS28,0,0,0
7,US60->CS36,0,0,0
7,US60->CS44,0,0,0
7,US60->CS52,0,0,0
7,US60->CS60,0,0,0
7,US61->CS5,0,0,0
7,US61->CS13,0,0,0
7,US61->CS21,0,0,0
7,US61->CS29,0,0,0
7,US61->CS37,0,0,0
7,US61->CS45,0,0,0
7,US61->CS53,0,0,0
7,US61->CS61,0,0,0
7,US62->CS6,0,0,0
7,US62->CS14,0,0,0
7,US62->CS22,0,0,0
7,US62->CS30,0,0,0
7,US62->CS38,0,0,0
7,US62->CS46,0,0,0
7,US62->CS54,0,0,0
7,US62->CS62,0,0,0
7,US63->CS7,0,0,0
7,US63->CS15,0,0,0
7,US63->CS23,0,0,0
7,US63->CS31,0,0,0
7,US63->CS39,0,0,0
7,US63->CS47,0,0,0
7,US63->CS55,0,0,0
7,US63->CS63,0,0,0
7,US64->CS0,0,0,0
7,US64->CS8,0,0,0
7,US64->CS16,0,0,0
7,US64->CS24,0,0,0
7,US64->CS32,0,0,0
7,US64->CS40,0,0,0
7,US64->CS48,0,0,0
7,US64->CS56,0,0,0
7,US65->CS1,0,0,0
7,US65->CS9,0,0,0
7,US65->CS17,0,0,0
7,US65->CS25,0,0,0
7,US65->CS33,0,0,0
7,US65->CS41,0,0,0
7,US65->CS49,0,0,0
7,US65->CS57,0,0,0
7,US66->CS2,0,0,0
7,US66->CS10,0,0,0
7,US66->CS18,0,0,0
7,US66->CS26,0,0,0
7,US66->CS34,0,0,0
7,US66->CS42,0,0,0
7,US66->CS50,0,0,0
7,US66->CS58,0,0,0
7,US67->CS3,0,0,0
7,US67->CS11,0,0,0
7,US67->CS19,0,0,0
7,US67->CS27,0,0,0
7,US67->CS35,0,0,0
7,US67->CS43,0,0,0
7,US67->CS51,0,0,0
7,US67->CS59,0,0,0
7,US68->CS4,0,0,0
7,US68->CS12,0,0,0
7,US68->CS20,0,0,0
7,US68->CS28,0,0,0
7,US68->CS36,0,0,0
7,US68->CS44,0,0,0
7,US68->CS52,0,0,0
7,US68->CS60,0,0,0
7,US69->CS5,0,0,0
7,US69->CS13,0,0,0
7,US69->CS21,0,0,0
7,US69->CS29,0,0,0
7,US69->CS37,0,0,0
7,US69->CS45,0,0,0
7,US69->CS53,0,0,0
7,US69->CS61,0,0,0
7,US70->CS6,0,0,0
7,US70->CS14,0,0,0
7,US70->CS22,0,0,0
7,US70->CS30,0,0,0
7,US70->CS38,0,0,0
7,US70->CS46,0,0,0
7,US70->CS54,0,0,0
7,US70->CS62,0,0,0
7,US71->CS7,0,0,0
7,US71->CS15,0,0,0
7,US71->CS23,0,0,0
7,US71->CS31,0,0,0
7,US71->CS39,0,0,0
7,US71->CS47,0,0,0
7,US71->CS55,0,0,0
7,US71->CS63,0,0,0
7,US72->CS0,50931,50931,0
7,US72->CS8,50696,50696,0
7,US72->CS16,50844,50844,0
7,US72->CS24,50155,50155,0
7,US72->CS32,51124,51124,0
7,US72->CS40,50262,50262,0
7,US72->CS48,50560,50560,0
7,US72->CS56,50522,50522,0
7,US73->CS1,50590,50590,0
7,US73->CS9,50849,50849,0
7,US73->CS17,51255,51255,0
7,US73->CS25,50433,50433,0
7,US73->CS33,50803,50803,0
7,US73->CS41,50483,50483,0
7,US73->CS49,50898,50898,0
7,US73->CS57,51176,51176,0
7,US74->CS2,50670,50670,0
7,US74->CS10,50951,50951,0
7,US74->CS18,51123,51123,0
7,US74->CS26,50927,50927,0
7,US74->CS34,50488,50488,0
7,US74->CS42,50997,50997,0
7,US74->CS50,50448,50448,0
7,US74->CS58,50504,50504,0
7,US75->CS3,50935,50935,0
7,US75->CS11,50825,50825,0
7,US75->CS19,50595,50595,0
7,US75->CS27,50730,50730,0
7,US75->CS35,51026,51026,0
7,US75->CS43,50443,50443,0
7,US75->CS51,51067,51067,0
7,US75->CS59,50635,50635,0
7,US76->CS4,50480,50480,0
7,US76->CS12,50839,50839,0
7,US76->CS20,50426,50426,0
7,US76->CS28,50845,50845,0
7,US76->CS36,51025,51025,0
7,US76->CS44,50532,50532,0
7,US76->CS52,50431,50431,0
7,US76->CS60,50789,50789,0
7,US77->CS5,50587,50587,0
7,US77->CS13,50633,50633,0
7,US77->CS21,50961,50961,0
7,US77->CS29,50466,50466,0
7,US77->CS37,50588,50588,0
7,US77->CS45,50366,50366,0
7,US77->CS53,50602,50602,0
7,US77->CS61,50794,50794,0
7,US78->CS6,50934,50934,0
7,US78->CS14,50522,50522,0
7,US78->CS22,50838,50838,0
7,US78->CS30,50957,50957,0
7,US78->CS38,50849,50849,0
7,US78->CS46,50982,50982,0
7,US78->CS54,50687,50687,0
7,US78->CS62,50730,50730,0
7,US79->CS7,51363,51363,0
7,US79->CS15,51141,51141,0
7,US79->CS23,50944,50944,0
7,US79->CS31,50793,50793,0
7,US79->CS39,51060,51060,0
7,US79->CS47,50641,50641,0
7,US79->CS55,51058,51058,0
7,US79->CS63,50474,50474,0
7,US80->CS0,50017,50017,0
7,US80->CS8,50142,50142,0
7,US80->CS16,49935,49935,0
7,US80->CS24,49959,49959,0
7,US80->CS32,49834,49834,0
7,US80->CS40,49860,49860,0
7,US80->CS48,49777,49777,0
7,US80->CS56,50058,50058,0
7,US81->CS1,49852,49852,0
7,US81->CS9,49805,49805,0
7,US81->CS17,49562,49562,0
7,US81->CS25,49647,49647,0
7,US81->CS33,49657,49657,0
7,US81->CS41,49769,49769,0
7,US81->CS49,49744,49744,0
7,US81->CS57,50074,50074,0
7,US82->CS2,49715,49714,0
7,US82->CS10,50032,50032,0
7,US82->CS18,50050,50050,0
7,US82->CS26,49975,49975,0
7,US82->CS34,49864,49864,0
7,US82->CS42,49888,49888,0
7,US82->CS50,50003,50003,0
7,US82->CS58,49830,49830,0
7,US83->CS3,49854,49854,0
7,US83->CS11,50053,50053,0
7,US83->CS19,49928,49928,0
7,US83->CS27,50011,50010,0
7,US83->CS35,49949,49949,0
7,US83->CS43,49793,49792,0
7,US83->CS51,49919,49919,0
7,US83->CS59,50157,50157,0
7,US84->CS4,49870,49870,0
7,US84->CS12,50039,50039,0
7,US84->CS20,49958,49958,0
7,US84->CS28,50174,50174,0
7,US84->CS36,49814,49814,0
7,US84->CS44,49724,49724,0
7,US84->CS52,49601,49601,0
7,US84->CS60,49926,49926,0
7,US85->CS5,50233,50233,0
7,US85->CS13,49719,49719,0
7,US85->CS21,49905,49905,0
7,US85->CS29,49738,49738,0
7,US85->CS37,49553,49553,0
7,US85->CS45,49692,49692,0
7,US85->CS53,49714,49714,0
7,US85->CS61,49631,49631,0
7,US86->CS6,49639,49639,0
7,US86->CS14,49866,49866,0
7,US86->CS22,49943,49943,0
7,US86->CS30,50044,50044,0
7,US86->CS38,49628,49628,0
7,US86->CS46,49954,49953,0
7,US86->CS54,49575,49575,0
7,US86->CS62,49830,49830,0
7,US87->CS7,50283,50283,0
7,US87->CS15,49861,49861,0
7,US87->CS23,49787,49787,0
7,US87->CS31,49991,49991,0
7,US87->CS39,49861,49861,0
7,US87->CS47,49683,49683,0
7,US87->CS55,49871,49871,0
7,US87->CS63,49775,49775,0
7,US88->CS0,50923,50923,0
7,US88->CS8,50762,50762,0
7,US88->CS16,50727,50727,0
7,US88->CS24,51093,51093,0
7,US88->CS32,51161,51161,0
7,US88->CS40,51023,51023,0
7,US88->CS48,50829,50829,0
7,US88->CS56,50629,50629,0
7,US89->CS1,50930,50930,0
7,US89->CS9,51223,51223,0
7,US89->CS17,51070,51070,0
7,US89->CS25,51091,51091,0
7,US89->CS33,51045,51045,0
7,US89->CS41,50529,50529,0
7,US89->CS49,50737,50737,0
7,US89->CS57,50640,50640,0
7,US90->CS2,50718,50718,0
7,US90->CS10,50763,50763,0
7,US90->CS18,50820,50820,0
7,US90->CS26,50939,50939,0
7,US90->CS34,50739,50739,0
7,US90->CS42,51243,51243,0
7,US90->CS50,51145,51145,0
7,US90->CS58,51187,51187,0
7,US91->CS3,51084,51084,0
7,US91->CS11,50844,50844,0
7,US91->CS19,51169,51169,0
7,US91->CS27,50657,50657,0
7,US91->CS35,51006,51006,0
7,US91->CS43,51104,51104,0
7,US91->CS51,50811,50811,0
7,US91->CS59,51140,51140,0
7,US92->CS4,50953,50953,0
7,US92->CS12,51237,51237,0
7,US92->CS20,50774,50774,0
7,US92->CS28,50777,50777,0
7,US92->CS36,50679,50679,0
7,US92->CS44,51157,51157,0
7,US92->CS52,50849,50849,0
7,US92->CS60,51260,51260,0
7,US93->CS5,51084,51084,0
7,US93->CS13,51054,51054,0
7,US93->CS21,50847,50847,0
7,US93->CS29,50803,50803,0
7,US93->CS37,51039,51039,0
7,US93->CS45,50843,50843,0
7,US93->CS53,51018,51018,0
7,US93->CS61,51226,51226,0
7,US94->CS6,50990,50990,0
7,US94->CS14,50755,50755,0
7,US94->CS22,51280,51280,0
7,US94->CS30,50820,50820,0
7,US94->CS38,50941,50941,0
7,US94->CS46,50776,50776,0
7,US94->CS54,51105,51105,0
7,US94->CS62,51048,51048,0
7,US95->CS7,50733,50733,0
7,US95->CS15,50915,50915,0
7,US95->CS23,50502,50502,0
7,US95->CS31,50409,50409,0
7,US95->CS39,50840,50840,0
7,US95->CS47,50946,50946,0
7,US95->CS55,50449,50449,0
7,US95->CS63,50995,50995,0
7,US96->CS0,0,0,0
7,US96->CS8,0,0,0
7,US96->CS16,0,0,0
7,US96->CS24,0,0,0
7,US96->CS32,0,0,0
7,US96->CS40,0,0,0
7,US96->CS48,0,0,0
7,US96->CS56,0,0,0
7,US97->CS1,0,0,0
7,US97->CS9,0,0,0
7,US97->CS17,0,0,0
7,US97->CS25,0,0,0
7,US97->CS33,0,0,0
7,US97->CS41,0,0,0
7,US97->CS49,0,0,0
7,US97->CS57,0,0,0
7,US98->CS2,0,0,0
7,US98->CS10,0,0,0
7,US98->CS18,0,0,0
7,US98->CS26,0,0,0
7,US98->CS34,0,0,0
7,US98->CS42,0,0,0
7,US98->CS50,0,0,0
7,US98->CS58,0,0,0
7,US99->CS3,0,0,0
7,US99->CS11,0,0,0
7,US99->CS19,0,0,0
7,US99->CS27,0,0,0
7,US99->CS35,0,0,0
7,US99->CS43,0,0,0
7,US99->CS51,0,0,0
7,US99->CS59,0,0,0
7,US100->CS4,0,0,0
7,US100->CS12,0,0,0
7,US100->CS20,0,0,0
7,US100->CS28,0,0,0
7,US100->CS36,0,0,0
7,US100->CS44,0,0,0
7,US100->CS52,0,0,0
7,US100->CS60,0,0,0
7,US101->CS5,0,0,0
7,US101->CS13,0,0,0
7,US101->CS21,0,0,0
7,US101->CS29,0,0,0
7,US101->CS37,0,0,0
7,US101->CS45,0,0,0
7,US101->CS53,0,0,0
7,US101->CS61,0,0,0
7,US102->CS6,0,0,0
7,US102->CS14,0,0,0
7,US102->CS22,0,0,0
7,US102->CS30,0,0,0
7,US102->CS38,0,0,0
7,US102->CS46,0,0,0
7,US102->CS54,0,0,0
7,US102->CS62,0,0,0
7,US103->CS7,0,0,0
7,US103->CS15,0,0,0
7,US103->CS23,0,0,0
7,US103->CS31,0,0,0
7,US103->CS39,0,0,0
7,US103->CS47,0,0,0
7,US103->CS55,0,0,0
7,US103->CS63,0,0,0
7,US104->CS0,0,0,0
7,US104->CS8,0,0,0
7,US104->CS16,0,0,0
7,US104->CS24,0,0,0
7,US104->CS32,0,0,0
7,US104->CS40,0,0,0
7,US104->CS48,0,0,0
7,US104->CS56,0,0,0
7,US105->CS1,0,0,0
7,US105->CS9,0,0,0
7,US105->CS17,0,0,0
7,US105->CS25,0,0,0
7,US105->CS33,0,0,0
7,US105->CS41,0,0,0
7,US105->CS49,0,0,0
7,US105->CS57,0,0,0
7,US106->CS2,0,0,0
7,US106->CS10,0,0,0
7,US106->CS18,0,0,0
7,US106->CS26,0,0,0
7,US106->CS34,0,0,0
7,US106->CS42,0,0,0
7,US106->CS50,0,0,0
7,US106->CS58,0,0,0
7,US107->CS3,0,0,0
7,US107->CS11,0,0,0
7,US107->CS19,0,0,0
7,US107->CS27,0,0,0
7,US107->CS35,0,0,0
7,US107->CS43,0,0,0
7,US107->CS51,0,0,0
7,US107->CS59,0,0,0
7,US108->CS4,0,0,0
7,US108->CS12,0,0,0
7,US108->CS20,0,0,0
7,US108->CS28,0,0,0
7,US108->CS36,0,0,0
7,US108->CS44,0,0,0
7,US108->CS52,0,0,0
7,US108->CS60,0,0,0
7,US109->CS5,0,0,0
7,US109->CS13,0,0,0
7,US109->CS21,0,0,0
7,US109->CS29,0,0,0
7,US109->CS37,0,0,0
7,US109->CS45,0,0,0
7,US109->CS53,0,0,0
7,US109->CS61,0,0,0
7,US110->CS6,0,0,0
7,US110->CS14,0,0,0
7,US110->CS22,0,0,0
7,US110->CS30,0,0,0
7,US110->CS38,0,0,0
7,US110->CS46,0,0,0
7,US110->CS54,0,0,0
7,US110->CS62,0,0,0
7,US111->CS7,0,0,0
7,US111->CS15,0,0,0
7,US111->CS23,0,0,0
7,US111->CS31,0,0,0
7,US111->CS39,0,0,0
7,US111->CS47,0,0,0
7,US111->CS55,0,0,0
7,US111->CS63,0,0,0
7,US112->CS0,51223,51223,0
7,US112->CS8,51201,51201,0
7,US112->CS16,51611,51611,0
7,US112->CS24,51469,51469,0
7,US112->CS32,51461,51461,0
7,US112->CS40,51255,51255,0
7,US112->CS48,51205,51205,0
7,US112->CS56,51092,51092,0
7,US113->CS1,51402,51402,0
7,US113->CS9,51803,51803,0
7,US113->CS17,50992,50992,0
7,US113->CS25,51630,51630,0
7,US113->CS33,50984,50984,0
7,US113->CS41,51234,51234,0
7,US113->CS49,51293,51293,0
7,US113->CS57,51208,51208,0
7,US114->CS2,51710,51710,0
7,US114->CS10,51334,51334,0
7,US114->CS18,51054,51054,0
7,US114->CS26,51329,51329,0
7,US114->CS34,51407,51407,0
7,US114->CS42,51383,51383,0
7,US114->CS50,51540,51540,0
7,US114->CS58,51258,51258,0
7,US115->CS3,51290,51290,0
7,US115->CS11,51116,51116,0
7,US115->CS19,51378,51378,0
7,US115->CS27,51481,51481,0
7,US115->CS35,51034,51034,0
7,US115->CS43,51151,51151,0
7,US115->CS51,51434,51434,0
7,US115->CS59,51193,51193,0
7,US116->CS4,51345,51345,0
7,US116->CS12,51046,51046,0
7,US116->CS20,51256,51256,0
7,US116->CS28,51485,51485,0
7,US116->CS36,51194,51194,0
7,US116->CS44,51644,51644,0
7,US116->CS52,51128,51128,0
7,US116->CS60,51279,51279,0
7,US117->CS5,51510,51510,0
7,US117->CS13,51050,51050,0
7,US117->CS21,51518,51518,0
7,US117->CS29,51229,51229,0
7,US117->CS37,51201,51201,0
7,US117->CS45,51347,51347,0
7,US117->CS53,51012,51012,0
7,US117->CS61,51056,51056,0
7,US118->CS6,51122,51122,0
7,US118->CS14,51252,51252,0
7,US118->CS22,51117,51117,0
7,US118->CS30,51321,51321,0
7,US118->CS38,51508,51508,0
7,US118->CS46,51240,51240,0
7,US118->CS54,51527,51527,0
7,US118->CS62,50996,50996,0
7,US119->CS7,51528,51528,0
7,US119->CS15,51177,51177,0
7,US119->CS23,50933,50933,0
7,US119->CS31,51254,51254,0
7,US119->CS39,51489,51489,0
7,US119->CS47,51483,51483,0
7,US119->CS55,51123,51123,0
7,US119->CS63,51255,51255,0
7,US120->CS0,50172,50172,0
7,US120->CS8,50637,50637,0
7,US120->CS16,50230,50230,0
7,US120->CS24,50192,50192,0
7,US120->CS32,50132,50132,0
7,US120->CS40,49822,49822,0
7,US120->CS48,50269,50269,0
7,US120->CS56,50114,50114,0
7,US121->CS1,50589,50589,0
7,US121->CS9,50639,50639,0
7,US121->CS17,50527,50527,0
7,US121->CS25,50083,50083,0
7,US121->CS33,50261,50261,0
7,US121->CS41,50353,50353,0
7,US121->CS49,50595,50595,0
7,US121->CS57,49963,49963,0
7,US122->CS2,50551,50551,0
7,US122->CS10,50180,50180,0
7,US122->CS18,50400,50400,0
7,US122->CS26,50137,50137,0
7,US122->CS34,50367,50367,0
7,US122->CS42,50593,50593,0
7,US122->CS50,50021,50021,0
7,US122->CS58,50477,50477,0
7,US123->CS3,50338,50338,0
7,US123->CS11,50654,50654,0
7,US123->CS19,50170,50170,0
7,US123->CS27,50070,50070,0
7,US123->CS35,50004,50004,0
7,US123->CS43,50466,50466,0
7,US123->CS51,50781,50781,0
7,US123->CS59,50287,50287,0
7,US124->CS4,50367,50367,0
7,US124->CS12,50428,50428,0
7,US124->CS20,50109,50109,0
7,US124->CS28,50301,50301,0
7,US124->CS36,50443,50443,0
7,US124->CS44,49956,49956,0
7,US124->CS52,50173,50173,0
7,US124->CS60,50245,50245,0
7,US125->CS5,50322,50322,0
7,US125->CS13,50555,50555,0
7,US125->CS21,50358,50358,0
7,US125->CS29,50119,50119,0
7,US125->CS37,50633,50633,0
7,US125->CS45,50391,50391,0
7,US125->CS53,50114,50114,0
7,US125->CS61,50605,50605,0
7,US126->CS6,50095,50095,0
7,US126->CS14,50761,50761,0
7,US126->CS22,49922,49922,0
7,US126->CS30,50121,50121,0
7,US126->CS38,50777,50777,0
7,US126->CS46,50489,50489,0
7,US126->CS54,50367,50367,0
7,US126->CS62,50175,50175,0
7,US127->CS7,50021,50021,0
7,US127->CS15,50265,50265,0
7,US127->CS23,50464,50464,0
7,US127->CS31,50389,50389,0
7,US127->CS39,50517,50517,0
7,US127->CS47,50356,50356,0
7,US127->CS55,50260,50260,0
7,US127->CS63,50448,50448,0
7,CS0->US0,51731,51731,0
7,CS0->US8,50105,50105,0
7,CS0->US16,50383,50383,0
7,CS0->US24,0,0,0
7,CS0->US32,0,0,0
7,CS0->US40,51194,51194,0
7,CS0->US48,51360,51360,0
7,CS0->US56,0,0,0
7,CS0->US64,0,0,0
7,CS0->US72,50962,50962,0
7,CS0->US80,56630,56630,0
7,CS0->US88,51061,51061,0
7,CS0->US96,0,0,0
7,CS0->US104,0,0,0
7,CS0->US112,57506,57506,0
7,CS0->US120,54188,54188,0
7,CS1->US1,51286,51286,0
7,CS1->US9,49952,49952,0
7,CS1->US17,50713,50713,0
7,CS1->US25,0,0,0
7,CS1->US33,0,0,0
7,CS1->US41,51434,51434,0
7,CS1->US49,51620,51620,0
7,CS1->US57,0,0,0
7,CS1->US65,0,0,0
7,CS1->US73,50947,50947,0
7,CS1->US81,56878,56878,0
7,CS1->US89,50742,50742,0
7,CS1->US97,0,0,0
7,CS1->US105,0,0,0
7,CS1->US113,57615,57615,0
7,CS1->US121,54061,54061,0
7,CS2->US2,51567,51567,0
7,CS2->US10,49810,49810,0
7,CS2->US18,50683,50683,0
7,CS2->US26,0,0,0
7,CS2->US34,0,0,0
7,CS2->US42,51687,51687,0
7,CS2->US50,51259,51259,0
7,CS2->US58,0,0,0
7,CS2->US66,0,0,0
7,CS2->US74,50800,50800,0
7,CS2->US82,56754,56754,0
7,CS2->US90,50878,50878,0
7,CS2->US98,0,0,0
7,CS2->US106,0,0,0
7,CS2->US114,57480,57480,0
7,CS2->US122,53826,53826,0
7,CS3->US3,51392,51392,0
7,CS3->US11,49954,49954,0
7,CS3->US19,50515,50515,0
7,CS3->US27,0,0,0
7,CS3->US35,0,0,0
7,CS3->US43,51342,51342,0
7,CS3->US51,51447,51447,0
7,CS3->US59,0,0,0
7,CS3->US67,0,0,0
7,CS3->US75,51154,51154,0
7,CS3->US83,56365,56365,0
7,CS3->US91,51014,51014,0
7,CS3->US99,0,0,0
7,CS3->US107,0,0,0
7,CS3->US115,57414,57414,0
7,CS3->US123,54158,54158,0
7,CS4->US4,51504,51504,0
7,CS4->US12,49972,49972,0
7,CS4->US20,50562,50562,0
7,CS4->US28,0,0,0
7,CS4->US36,0,0,0
7,CS4->US44,51308,51308,0
7,CS4->US52,51587,51587,0
7,CS4->US60,0,0,0
7,CS4->US68,0,0,0
7,CS4->US76,50992,50992,0
7,CS4->US84,56952,56951,0
7,CS4->US92,50617,50617,0
7,CS4->US100,0,0,0
7,CS4->US108,0,0,0
7,CS4->US116,57583,57583,0
7,CS4->US124,54046,54046,0
7,CS5->US5,51461,51461,0
7,CS5->US13,50349,50349,0
7,CS5->US21,50501,50501,0
7,CS5->US29,0,0,0
7,CS5->US37,0,0,0
7,CS5->US45,51558,51558,0
7,CS5->US53,51617,51617,0
7,CS5->US61,0,0,0
7,CS5->US69,0,0,0
7,CS5->US77,51177,51177,0
7,CS5->US85,56448,56448,0
7,CS5->US93,50742,50742,0
7,CS5->US101,0,0,0
7,CS5->US109,0,0,0
7,CS5->US117,57285,57285,0
7,CS5->US125,54004,54004,0
7,CS6->US6,51508,51508,0
7,CS6->US14,49737,49737,0
7,CS6->US22,50259,50259,0
7,CS6->US30,0,0,0
7,CS6->US38,0,0,0
7,CS6->US46,51070,51070,0
7,CS6->US54,51484,51484,0
7,CS6->US62,0,0,0
7,CS6->US70,0,0,0
7,CS6->US78,51009,51009,0
7,CS6->US86,56549,56549,0
7,CS6->US94,51094,51094,0
7,CS6->US102,0,0,0
7,CS6->US110,0,0,0
7,CS6->US118,58248,58248,0
7,CS6->US126,54557,54557,0
7,CS7->US7,51175,51175,0
7,CS7->US15,50366,50366,0
7,CS7->US23,50185,50185,0
7,CS7->US31,0,0,0
7,CS7->US39,0,0,0
7,CS7->US47,51540,51540,0
7,CS7->US55,51631,51631,0
7,CS7->US63,0,0,0
7,CS7->US71,0,0,0
7,CS7->US79,50767,50767,0
7,CS7->US87,56497,56497,0
7,CS7->US95,51544,51544,0
7,CS7->US103,0,0,0
7,CS7->US111,0,0,0
7,CS7->US119,57436,57436,0
7,CS7->US127,54075,54075,0
7,CS8->US0,51882,51882,0
7,CS8->US8,50226,50226,0
7,CS8->US16,50845,50845,0
7,CS8->US24,0,0,0
7,CS8->US32,0,0,0
7,CS8->US40,51216,51216,0
7,CS8->US48,51742,51742,0
7,CS8->US56,0,0,0
7,CS8->US64,0,0,0
7,CS8->US72,50748,50748,0
7,CS8->US80,56779,56779,0
7,CS8->US88,50846,50846,0
7,CS8->US96,0,0,0
7,CS8->US104,0,0,0
7,CS8->US112,57765,57765,0
7,CS8->US120,54137,54137,0
7,CS9->US1,51166,51166,0
7,CS9->US9,49919,49919,0
7,CS9->US17,50869,50869,0
7,CS9->US25,0,0,0
7,CS9->US33,0,0,0
7,CS9->US41,51827,51827,0
7,CS9->US49,51615,51615,0
7,CS9->US57,0,0,0
7,CS9->US65,0,0,0
7,CS9->US73,51204,51204,0
7,CS9->US81,56733,56733,0
7,CS9->US89,50953,50953,0
7,CS9->US97,0,0,0
7,CS9->US105,0,0,0
7,CS9->US113,57860,57860,0
7,CS9->US121,54239,54239,0
7,CS10->US2,51827,51827,0
7,CS10->US10,50136,50136,0
7,CS10->US18,50373,50373,0
7,CS10->US26,0,0,0
7,CS10->US34,0,0,0
7,CS10->US42,51329,51329,0
7,CS10->US50,51489,51489,0
7,CS10->US58,0,0,0
7,CS10->US66,0,0,0
7,CS10->US74,50754,50754,0
7,CS10->US82,56591,56590,0
7,CS10->US90,51086,51086,0
7,CS10->US98,0,0,0
7,CS10->US106,0,0,0
7,CS10->US114,57870,57870,0
7,CS10->US122,54367,54367,0
7,CS11->US3,51188,51188,0
7,CS11->US11,50142,50142,0
7,CS11->US19,50885,50885,0
7,CS11->US27,0,0,0
7,CS11->US35,0,0,0
7,CS11->US43,51220,51220,0
7,CS11->US51,51421,51421,0
7,CS11->US59,0,0,0
7,CS11->US67,0,0,0
7,CS11->US75,50833,50833,0
7,CS11->US83,57148,57147,0
7,CS11->US91,50950,50950,0
7,CS11->US99,0,0,0
7,CS11->US107,0,0,0
7,CS11->US115,57669,57669,0
7,CS11->US123,53797,53797,0
7,CS12->US4,51970,51970,0
7,CS12->US12,50124,50123,0
7,CS12->US20,50615,50615,0
7,CS12->US28,0,0,0
7,CS12->US36,0,0,0
7,CS12->US44,51118,51118,0
7,CS12->US52,51331,51331,0
7,CS12->US60,0,0,0
7,CS12->US68,0,0,0
7,CS12->US76,51261,51261,0
7,CS12->US84,56763,56762,0
7,CS12->US92,50964,50964,0
7,CS12->US100,0,0,0
7,CS12->US108,0,0,0
7,CS12->US116,57738,57738,0
7,CS12->US124,54412,54412,0
7,CS13->US5,51608,51608,0
7,CS13->US13,49803,49803,0
7,CS13->US21,50738,50738,0
7,CS13->US29,0,0,0
7,CS13->US37,0,0,0
7,CS13->US45,51024,51024,0
7,CS13->US53,51477,51477,0
7,CS13->US61,0,0,0
7,CS13->US69,0,0,0
7,CS13->US77,51046,51046,0
7,CS13->US85,57091,57091,0
7,CS13->US93,50745,50745,0
7,CS13->US101,0,0,0
7,CS13->US109,0,0,0
7,CS13->US117,57957,57957,0
7,CS13->US125,53732,53732,0
7,CS14->US6,51349,51349,0
7,CS14->US14,49963,49963,0
7,CS14->US22,50996,50996,0
7,CS14->US30,0,0,0
7,CS14->US38,0,0,0
7,CS14->US46,51260,51260,0
7,CS14->US54,51622,51622,0
7,CS14->US62,0,0,0
7,CS14->US70,0,0,0
7,CS14->US78,50784,50784,0
7,CS14->US86,56794,56794,0
7,CS14->US94,50673,50673,0
7,CS14->US102,0,0,0
7,CS14->US110,0,0,0
7,CS14->US118,57179,57179,0
7,CS14->US126,53958,53958,0
7,CS15->US7,51723,51723,0
7,CS15->US15,49955,49955,0
7,CS15->US23,50403,50403,0
7,CS15->US31,0,0,0
7,CS15->US39,0,0,0
7,CS15->US47,51212,51212,0
7,CS15->US55,51088,51088,0
7,CS15->US63,0,0,0
7,CS15->US71,0,0,0
7,CS15->US79,50941,50941,0
7,CS15->US87,57002,57002,0
7,CS15->US95,51257,51257,0
7,CS15->US103,0,0,0
7,CS15->US111,0,0,0
7,CS15->US119,57808,57808,0
7,CS15->US127,54116,54116,0
7,CS16->US0,51993,51993,0
7,CS16->US8,50036,50036,0
7,CS16->US16,50457,50457,0
7,CS16->US24,0,0,0
7,CS16->US32,0,0,0
7,CS16->US40,51662,51662,0
7,CS16->US48,51567,51567,0
7,CS16->US56,0,0,0
7,CS16->US64,0,0,0
7,CS16->US72,50708,50708,0
7,CS16->US80,56590,56590,0
7,CS16->US88,50987,50987,0
7,CS16->US96,0,0,0
7,CS16->US104,0,0,0
7,CS16->US112,57681,57681,0
7,CS16->US120,54047,54047,0
7,CS17->US1,51988,51988,0
7,CS17->US9,49639,49639,0
7,CS17->US17,50724,50724,0
7,CS17->US25,0,0,0
7,CS17->US33,0,0,0
7,CS17->US41,51044,51044,0
7,CS17->US49,51182,51182,0
7,CS17->US57,0,0,0
7,CS17->US65,0,0,0
7,CS17->US73,51094,51094,0
7,CS17->US81,56710,56710,0
7,CS17->US89,51402,51402,0
7,CS17->US97,0,0,0
7,CS17->US105,0,0,0
7,CS17->US113,57724,57724,0
7,CS17->US121,53668,53668,0
7,CS18->US2,51801,51801,0
7,CS18->US10,50098,50098,0
7,CS18->US18,50593,50593,0
7,CS18->US26,0,0,0
7,CS18->US34,0,0,0
7,CS18->US42,51085,51085,0
7,CS18->US50,51150,51150,0
7,CS18->US58,0,0,0
7,CS18->US66,0,0,0
7,CS18->US74,50884,50884,0
7,CS18->US82,56943,56942,0
7,CS18->US90,51228,51228,0
7,CS18->US98,0,0,0
7,CS18->US106,0,0,0
7,CS18->US114,57612,57612,0
7,CS18->US122,54101,54101,0
7,CS19->US3,51354,51354,0
7,CS19->US11,50048,50048,0
7,CS19->US19,50338,50338,0
7,CS19->US27,0,0,0
7,CS19->US35,0,0,0
7,CS19->US43,51448,51448,0
7,CS19->US51,51533,51533,0
7,CS19->US59,0,0,0
7,CS19->US67,0,0,0
7,CS19->US75,51210,51210,0
7,CS19->US83,56958,56958,0
7,CS19->US91,50685,50685,0
7,CS19->US99,0,0,0
7,CS19->US107,0,0,0
7,CS19->US115,57445,57445,0
7,CS19->US123,54036,54036,0
7,CS20->US4,51408,51408,0
7,CS20->US12,50071,50071,0
7,CS20->US20,50297,50297,0
7,CS20->US28,0,0,0
7,CS20->US36,0,0,0
7,CS20->US44,51316,51316,0
7,CS20->US52,51350,51350,0
7,CS20->US60,0,0,0
7,CS20->US68,0,0,0
7,CS20->US76,50803,50803,0
7,CS20->US84,56702,56702,0
7,CS20->US92,50567,50567,0
7,CS20->US100,0,0,0
7,CS20->US108,0,0,0
7,CS20->US116,57460,57460,0
7,CS20->US124,53876,53876,0
7,CS21->US5,51627,51627,0
7,CS21->US13,50007,50007,0
7,CS21->US21,50617,50617,0
7,CS21->US29,0,0,0
7,CS21->US37,0,0,0
7,CS21->US45,51515,51515,0
7,CS21->US53,51447,51447,0
7,CS21->US61,0,0,0
7,CS21->US69,0,0,0
7,CS21->US77,50832,50832,0
7,CS21->US85,56354,56354,0
7,CS21->US93,51151,51151,0
7,CS21->US101,0,0,0
7,CS21->US109,0,0,0
7,CS21->US117,57546,57546,0
7,CS21->US125,53878,53878,0
7,CS22->US6,51518,51518,0
7,CS22->US14,50011,50011,0
7,CS22->US22,50103,50103,0
7,CS22->US30,0,0,0
7,CS22->US38,0,0,0
7,CS22->US46,51134,51134,0
7,CS22->US54,51408,51408,0
7,CS22->US62,0,0,0
7,CS22->US70,0,0,0
7,CS22->US78,51312,51312,0
7,CS22->US86,56558,56556,0
7,CS22->US94,50985,50985,0
7,CS22->US102,0,0,0
7,CS22->US110,0,0,0
7,CS22->US118,57640,57640,0
7,CS22->US126,54113,54113,0
7,CS23->US7,51446,51446,0
7,CS23->US15,49872,49872,0
7,CS23->US23,50712,50712,0
7,CS23->US31,0,0,0
7,CS23->US39,0,0,0
7,CS23->US47,51021,51021,0
7,CS23->US55,51741,51741,0
7,CS23->US63,0,0,0
7,CS23->US71,0,0,0
7,CS23->US79,50509,50509,0
7,CS23->US87,56803,56803,0
7,CS23->US95,51051,51051,0
7,CS23->US103,0,0,0
7,CS23->US111,0,0,0
7,CS23->US119,57737,57737,0
7,CS23->US127,53628,53628,0
7,CS24->US0,51502,51502,0
7,CS24->US8,50068,50068,0
7,CS24->US16,50383,50383,0
7,CS24->US24,0,0,0
7,CS24->US32,0,0,0
7,CS24->US40,51456,51456,0
7,CS24->US48,51725,51725,0
7,CS24->US56,0,0,0
7,CS24->US64,0,0,0
7,CS24->US72,51068,51068,0
7,CS24->US80,56638,56638,0
7,CS24->US88,50341,50341,0
7,CS24->US96,0,0,0
7,CS24->US104,0,0,0
7,CS24->US112,57565,57565,0
7,CS24->US120,53901,53901,0
7,CS25->US1,51310,51310,0
7,CS25->US9,49736,49736,0
7,CS25->US17,50227,50227,0
7,CS25->US25,0,0,0
7,CS25->US33,0,0,0
7,CS25->US41,51737,51737,0
7,CS25->US49,51413,51413,0
7,CS25->US57,0,0,0
7,CS25->US65,0,0,0
7,CS25->US73,51195,51195,0
7,CS25->US81,56563,56563,0
7,CS25->US89,50501,50501,0
7,CS25->US97,0,0,0
7,CS25->US105,0,0,0
7,CS25->US113,57221,57221,0
7,CS25->US121,53877,53877,0
7,CS26->US2,51231,51231,0
7,CS26->US10,50079,50079,0
7,CS26->US18,50347,50347,0
7,CS26->US26,0,0,0
7,CS26->US34,0,0,0
7,CS26->US42,51396,51396,0
7,CS26->US50,51797,51797,0
7,CS26->US58,0,0,0
7,CS26->US66,0,0,0
7,CS26->US74,50895,50895,0
7,CS26->US82,57189,57189,0
7,CS26->US90,51072,51072,0
7,CS26->US98,0,0,0
7,CS26->US106,0,0,0
7,CS26->US114,57606,57606,0
7,CS26->US122,54243,54243,0
7,CS27->US3,51828,51828,0
7,CS27->US11,50076,50076,0
7,CS27->US19,50221,50221,0
7,CS27->US27,0,0,0
7,CS27->US35,0,0,0
7,CS27->US43,51486,51486,0
7,CS27->US51,51502,51502,0
7,CS27->US59,0,0,0
7,CS27->US67,0,0,0
7,CS27->US75,50714,50714,0
7,CS27->US83,56691,56691,0
7,CS27->US91,50874,50874,0
7,CS27->US99,0,0,0
7,CS27->US107,0,0,0
7,CS27->US115,57589,57589,0
7,CS27->US123,54229,54229,0
7,CS28->US4,51682,51682,0
7,CS28->US12,50248,50248,0
7,CS28->US20,50423,50423,0
7,CS28->US28,0,0,0
7,CS28->US36,0,0,0
7,CS28->US44,51515,51515,0
7,CS28->US52,51715,51715,0
7,CS28->US60,0,0,0
7,CS28->US68,0,0,0
7,CS28->US76,50847,50847,0
7,CS28->US84,56621,56620,0
7,CS28->US92,51018,51018,0
7,CS28->US100,0,0,0
7,CS28->US108,0,0,0
7,CS28->US116,57615,57615,0
7,CS28->US124,54384,54384,0
7,CS29->US5,51616,51616,0
7,CS29->US13,49826,49826,0
7,CS29->US21,50299,50299,0
7,CS29->US29,0,0,0
7,CS29->US37,0,0,0
7,CS29->US45,51203,51203,0
7,CS29->US53,51391,51391,0
7,CS29->US61,0,0,0
7,CS29->US69,0,0,0
7,CS29->US77,50850,50850,0
7,CS29->US85,56399,56398,0
7,CS29->US93,50575,50575,0
7,CS29->US101,0,0,0
7,CS29->US109,0,0,0
7,CS29->US117,57534,57534,0
7,CS29->US125,54303,54303,0
7,CS30->US6,51370,51370,0
7,CS30->US14,50116,50116,0
7,CS30->US22,50255,50255,0
7,CS30->US30,0,0,0
7,CS30->US38,0,0,0
7,CS30->US46,51283,51283,0
7,CS30->US54,51510,51510,0
7,CS30->US62,0,0,0
7,CS30->US70,0,0,0
7,CS30->US78,50909,50909,0
7,CS30->US86,56525,56525,0
7,CS30->US94,51126,51126,0
7,CS30->US102,0,0,0
7,CS30->US110,0,0,0
7,CS30->US118,57317,57317,0
7,CS30->US126,53869,53869,0
7,CS31->US7,51312,51312,0
7,CS31->US15,50077,50077,0
7,CS31->US23,50533,50533,0
7,CS31->US31,0,0,0
7,CS31->US39,0,0,0
7,CS31->US47,51291,51291,0
7,CS31->US55,51392,51392,0
7,CS31->US63,0,0,0
7,CS31->US71,0,0,0
7,CS31->US79,50501,50501,0
7,CS31->US87,56938,56938,0
7,CS31->US95,50948,50948,0
7,CS31->US103,0,0,0
7,CS31->US111,0,0,0
7,CS31->US119,57154,57154,0
7,CS31->US127,53967,53967,0
7,CS32->US0,50999,50999,0
7,CS32->US8,49923,49923,0
7,CS32->US16,50288,50288,0
7,CS32->US24,0,0,0
7,CS32->US32,0,0,0
7,CS32->US40,51491,51491,0
7,CS32->US48,51380,51380,0
7,CS32->US56,0,0,0
7,CS32->US64,0,0,0
7,CS32->US72,51193,51193,0
7,CS32->US80,56633,56633,0
7,CS32->US88,51255,51255,0
7,CS32->US96,0,0,0
7,CS32->US104,0,0,0
7,CS32->US112,57581,57581,0
7,CS32->US120,54043,54043,0
7,CS33->US1,51317,51317,0
7,CS33->US9,49740,49740,0
7,CS33->US17,50445,50445,0
7,CS33->US25,0,0,0
7,CS33->US33,0,0,0
7,CS33->US41,50973,50973,0
7,CS33->US49,51324,51324,0
7,CS33->US57,0,0,0
7,CS33->US65,0,0,0
7,CS33->US73,51056,51056,0
7,CS33->US81,56500,56500,0
7,CS33->US89,50989,50989,0
7,CS33->US97,0,0,0
7,CS33->US105,0,0,0
7,CS33->US113,57520,57520,0
7,CS33->US121,53863,53863,0
7,CS34->US2,51338,51338,0
7,CS34->US10,49922,49922,0
7,CS34->US18,50503,50503,0
7,CS34->US26,0,0,0
7,CS34->US34,0,0,0
7,CS34->US42,51386,51386,0
7,CS34->US50,51741,51741,0
7,CS34->US58,0,0,0
7,CS34->US66,0,0,0
7,CS34->US74,50763,50763,0
7,CS34->US82,56885,56884,0
7,CS34->US90,50670,50670,0
7,CS34->US98,0,0,0
7,CS34->US106,0,0,0
7,CS34->US114,57408,57408,0
7,CS34->US122,54421,54421,0
7,CS35->US3,51192,51192,0
7,CS35->US11,50044,50044,0
7,CS35->US19,50208,50208,0
7,CS35->US27,0,0,0
7,CS35->US35,0,0,0
7,CS35->US43,51162,51162,0
7,CS35->US51,51613,51613,0
7,CS35->US59,0,0,0
7,CS35->US67,0,0,0
7,CS35->US75,50982,50982,0
7,CS35->US83,56908,56907,0
7,CS35->US91,51123,51123,0
7,CS35->US99,0,0,0
7,CS35->US107,0,0,0
7,CS35->US115,57619,57619,0
7,CS35->US123,53987,53987,0
7,CS36->US4,51594,51594,0
7,CS36->US12,49939,49939,0
7,CS36->US20,50674,50674,0
7,CS36->US28,0,0,0
7,CS36->US36,0,0,0
7,CS36->US44,51335,51335,0
7,CS36->US52,51399,51399,0
7,CS36->US60,0,0,0
7,CS36->US68,0,0,0
7,CS36->US76,50693,50693,0
7,CS36->US84,56592,56592,0
7,CS36->US92,51092,51092,0
7,CS36->US100,0,0,0
7,CS36->US108,0,0,0
7,CS36->US116,57276,57276,0
7,CS36->US124,54584,54584,0
7,CS37->US5,51583,51583,0
7,CS37->US13,49639,49639,0
7,CS37->US21,50788,50788,0
7,CS37->US29,0,0,0
7,CS37->US37,0,0,0
7,CS37->US45,51145,51145,0
7,CS37->US53,51519,51519,0
7,CS37->US61,0,0,0
7,CS37->US69,0,0,0
7,CS37->US77,51094,51094,0
7,CS37->US85,56427,56427,0
7,CS37->US93,50826,50826,0
7,CS37->US101,0,0,0
7,CS37->US109,0,0,0
7,CS37->US117,57850,57850,0
7,CS37->US125,53763,53763,0
7,CS38->US6,51632,51632,0
7,CS38->US14,49718,49718,0
7,CS38->US22,50963,50963,0
7,CS38->US30,0,0,0
7,CS38->US38,0,0,0
7,CS38->US46,51506,51506,0
7,CS38->US54,51435,51435,0
7,CS38->US62,0,0,0
7,CS38->US70,0,0,0
7,CS38->US78,50971,50971,0
7,CS38->US86,56882,56882,0
7,CS38->US94,50950,50950,0
7,CS38->US102,0,0,0
7,CS38->US110,0,0,0
7,CS38->US118,57969,57969,0
7,CS38->US126,53728,53728,0
7,CS39->US7,51450,51450,0
7,CS39->US15,49956,49956,0
7,CS39->US23,50667,50667,0
7,CS39->US31,0,0,0
7,CS39->US39,0,0,0
7,CS39->US47,51528,51528,0
7,CS39->US55,51452,51452,0
7,CS39->US63,0,0,0
7,CS39->US71,0,0,0
7,CS39->US79,50917,50917,0
7,CS39->US87,56924,56924,0
7,CS39->US95,51221,51221,0
7,CS39->US103,0,0,0
7,CS39->US111,0,0,0
7,CS39->US119,57923,57923,0
7,CS39->US127,53938,53938,0
7,CS40->US0,51185,51185,0
7,CS40->US8,49990,49990,0
7,CS40->US16,49991,49991,0
7,CS40->US24,0,0,0
7,CS40->US32,0,0,0
7,CS40->US40,51278,51278,0
7,CS40->US48,51492,51492,0
7,CS40->US56,0,0,0
7,CS40->US64,0,0,0
7,CS40->US72,51020,51020,0
7,CS40->US80,56952,56952,0
7,CS40->US88,50393,50393,0
7,CS40->US96,0,0,0
7,CS40->US104,0,0,0
7,CS40->US112,57545,57545,0
7,CS40->US120,54076,54076,0
7,CS41->US1,51492,51492,0
7,CS41->US9,49879,49879,0
7,CS41->US17,50522,50522,0
7,CS41->US25,0,0,0
7,CS41->US33,0,0,0
7,CS41->US41,51274,51274,0
7,CS41->US49,51314,51314,0
7,CS41->US57,0,0,0
7,CS41->US65,0,0,0
7,CS41->US73,50597,50597,0
7,CS41->US81,56632,56632,0
7,CS41->US89,50516,50516,0
7,CS41->US97,0,0,0
7,CS41->US105,0,0,0
7,CS41->US113,57323,57323,0
7,CS41->US121,54117,54117,0
7,CS42->US2,51330,51330,0
7,CS42->US10,49996,49996,0
7,CS42->US18,50809,50809,0
7,CS42->US26,0,0,0
7,CS42->US34,0,0,0
7,CS42->US42,51367,51367,0
7,CS42->US50,51390,51390,0
7,CS42->US58,0,0,0
7,CS42->US66,0,0,0
7,CS42->US74,51217,51217,0
7,CS42->US82,56833,56833,0
7,CS42->US90,51162,51162,0
7,CS42->US98,0,0,0
7,CS42->US106,0,0,0
7,CS42->US114,57418,57418,0
7,CS42->US122,53976,53976,0
7,CS43->US3,51143,51143,0
7,CS43->US11,49864,49864,0
7,CS43->US19,50611,50611,0
7,CS43->US27,0,0,0
7,CS43->US35,0,0,0
7,CS43->US43,51189,51189,0
7,CS43->US51,51607,51607,0
7,CS43->US59,0,0,0
7,CS43->US67,0,0,0
7,CS43->US75,51150,51150,0
7,CS43->US83,56447,56446,0
7,CS43->US91,50551,50551,0
7,CS43->US99,0,0,0
7,CS43->US107,0,0,0
7,CS43->US115,57676,57676,0
7,CS43->US123,54001,54001,0
7,CS44->US4,51240,51240,0
7,CS44->US12,49803,49803,0
7,CS44->US20,50165,50165,0
7,CS44->US28,0,0,0
7,CS44->US36,0,0,0
7,CS44->US44,51593,51593,0
7,CS44->US52,51027,51027,0
7,CS44->US60,0,0,0
7,CS44->US68,0,0,0
7,CS44->US76,51111,51111,0
7,CS44->US84,56741,56740,0
7,CS44->US92,50754,50754,0
7,CS44->US100,0,0,0
7,CS44->US108,0,0,0
7,CS44->US116,57341,57341,0
7,CS44->US124,54411,54411,0
7,CS45->US5,51726,51726,0
7,CS45->US13,49783,49783,0
7,CS45->US21,50566,50566,0
7,CS45->US29,0,0,0
7,CS45->US37,0,0,0
7,CS45->US45,51344,51344,0
7,CS45->US53,51315,51315,0
7,CS45->US61,0,0,0
7,CS45->US69,0,0,0
7,CS45->US77,50882,50882,0
7,CS45->US85,56895,56895,0
7,CS45->US93,50497,50497,0
7,CS45->US101,0,0,0
7,CS45->US109,0,0,0
7,CS45->US117,57135,57135,0
7,CS45->US125,54013,54013,0
7,CS46->US6,51617,51617,0
7,CS46->US14,49999,49999,0
7,CS46->US22,50685,50685,0
7,CS46->US30,0,0,0
7,CS46->US38,0,0,0
7,CS46->US46,51163,51163,0
7,CS46->US54,51751,51751,0
7,CS46->US62,0,0,0
7,CS46->US70,0,0,0
7,CS46->US78,50744,50744,0
7,CS46->US86,56659,56659,0
7,CS46->US94,51153,51153,0
7,CS46->US102,0,0,0
7,CS46->US110,0,0,0
7,CS46->US118,57794,57794,0
7,CS46->US126,54214,54214,0
7,CS47->US7,51270,51270,0
7,CS47->US15,49784,49784,0
7,CS47->US23,50493,50493,0
7,CS47->US31,0,0,0
7,CS47->US39,0,0,0
7,CS47->US47,51470,51470,0
7,CS47->US55,51306,51306,0
7,CS47->US63,0,0,0
7,CS47->US71,0,0,0
7,CS47->US79,51018,51018,0
7,CS47->US87,56474,56474,0
7,CS47->US95,50818,50818,0
7,CS47->US103,0,0,0
7,CS47->US111,0,0,0
7,CS47->US119,57695,57695,0
7,CS47->US127,54313,54313,0
7,CS48->US0,51223,51223,0
7,CS48->US8,49869,49869,0
7,CS48->US16,50462,50462,0
7,CS48->US24,0,0,0
7,CS48->US32,0,0,0
7,CS48->US40,51193,51193,0
7,CS48->US48,51386,51386,0
7,CS48->US56,0,0,0
7,CS48->US64,0,0,0
7,CS48->US72,50905,50905,0
7,CS48->US80,57153,57153,0
7,CS48->US88,50699,50699,0
7,CS48->US96,0,0,0
7,CS48->US104,0,0,0
7,CS48->US112,57933,57933,0
7,CS48->US120,54283,54283,0
7,CS49->US1,51729,51729,0
7,CS49->US9,49840,49840,0
7,CS49->US17,50796,50796,0
7,CS49->US25,0,0,0
7,CS49->US33,0,0,0
7,CS49->US41,51354,51354,0
7,CS49->US49,51526,51526,0
7,CS49->US57,0,0,0
7,CS49->US65,0,0,0
7,CS49->US73,50702,50702,0
7,CS49->US81,57042,57042,0
7,CS49->US89,50991,50991,0
7,CS49->US97,0,0,0
7,CS49->US105,0,0,0
7,CS49->US113,57732,57732,0
7,CS49->US121,53851,53851,0
7,CS50->US2,51474,51474,0
7,CS50->US10,50063,50063,0
7,CS50->US18,50183,50183,0
7,CS50->US26,0,0,0
7,CS50->US34,0,0,0
7,CS50->US42,51526,51526,0
7,CS50->US50,51422,51422,0
7,CS50->US58,0,0,0
7,CS50->US66,0,0,0
7,CS50->US74,51174,51174,0
7,CS50->US82,56844,56844,0
7,CS50->US90,50650,50650,0
7,CS50->US98,0,0,0
7,CS50->US106,0,0,0
7,CS50->US114,57655,57655,0
7,CS50->US122,53868,53868,0
7,CS51->US3,51445,51445,0
7,CS51->US11,50020,50020,0
7,CS51->US19,50930,50930,0
7,CS51->US27,0,0,0
7,CS51->US35,0,0,0
7,CS51->US43,51458,51458,0
7,CS51->US51,51272,51272,0
7,CS51->US59,0,0,0
7,CS51->US67,0,0,0
7,CS51->US75,50894,50894,0
7,CS51->US83,57063,57063,0
7,CS51->US91,51222,51222,0
7,CS51->US99,0,0,0
7,CS51->US107,0,0,0
7,CS51->US115,57497,57497,0
7,CS51->US123,54039,54039,0
7,CS52->US4,51216,51216,0
7,CS52->US12,49733,49733,0
7,CS52->US20,50301,50301,0
7,CS52->US28,0,0,0
7,CS52->US36,0,0,0
7,CS52->US44,51215,51215,0
7,CS52->US52,51728,51728,0
7,CS52->US60,0,0,0
7,CS52->US68,0,0,0
7,CS52->US76,50903,50903,0
7,CS52->US84,56993,56993,0
7,CS52->US92,50548,50548,0
7,CS52->US100,0,0,0
7,CS52->US108,0,0,0
7,CS52->US116,57285,57285,0
7,CS52->US124,53971,53971,0
7,CS53->US5,51563,51563,0
7,CS53->US13,49799,49799,0
7,CS53->US21,50298,50298,0
7,CS53->US29,0,0,0
7,CS53->US37,0,0,0
7,CS53->US45,51107,51107,0
7,CS53->US53,51378,51378,0
7,CS53->US61,0,0,0
7,CS53->US69,0,0,0
7,CS53->US77,51052,51052,0
7,CS53->US85,56467,56467,0
7,CS53->US93,50710,50710,0
7,CS53->US101,0,0,0
7,CS53->US109,0,0,0
7,CS53->US117,57782,57782,0
7,CS53->US125,54420,54420,0
7,CS54->US6,51315,51315,0
7,CS54->US14,49694,49694,0
7,CS54->US22,50564,50564,0
7,CS54->US30,0,0,0
7,CS54->US38,0,0,0
7,CS54->US46,51557,51557,0
7,CS54->US54,51473,51473,0
7,CS54->US62,0,0,0
7,CS54->US70,0,0,0
7,CS54->US78,51088,51088,0
7,CS54->US86,56783,56783,0
7,CS54->US94,50834,50834,0
7,CS54->US102,0,0,0
7,CS54->US110,0,0,0
7,CS54->US118,57472,57472,0
7,CS54->US126,53295,53295,0
7,CS55->US7,50989,50989,0
7,CS55->US15,49971,49971,0
7,CS55->US23,50431,50431,0
7,CS55->US31,0,0,0
7,CS55->US39,0,0,0
7,CS55->US47,51120,51120,0
7,CS55->US55,51422,51422,0
7,CS55->US63,0,0,0
7,CS55->US71,0,0,0
7,CS55->US79,50489,50489,0
7,CS55->US87,56436,56436,0
7,CS55->US95,51197,51197,0
7,CS55->US103,0,0,0
7,CS55->US111,0,0,0
7,CS55->US119,57880,57880,0
7,CS55->US127,54268,54268,0
7,CS56->US0,51408,51408,0
7,CS56->US8,50156,50156,0
7,CS56->US16,50230,50230,0
7,CS56->US24,0,0,0
7,CS56->US32,0,0,0
7,CS56->US40,51048,51048,0
7,CS56->US48,51861,51861,0
7,CS56->US56,0,0,0
7,CS56->US64,0,0,0
7,CS56->US72,50766,50766,0
7,CS56->US80,57038,57038,0
7,CS56->US88,50687,50687,0
7,CS56->US96,0,0,0
7,CS56->US104,0,0,0
7,CS56->US112,57798,57798,0
7,CS56->US120,54176,54176,0
7,CS57->US1,51784,51784,0
7,CS57->US9,50205,50205,0
7,CS57->US17,50206,50206,0
7,CS57->US25,0,0,0
7,CS57->US33,0,0,0
7,CS57->US41,51310,51310,0
7,CS57->US49,51560,51560,0
7,CS57->US57,0,0,0
7,CS57->US65,0,0,0
7,CS57->US73,50678,50678,0
7,CS57->US81,56821,56821,0
7,CS57->US89,51276,51276,0
7,CS57->US97,0,0,0
7,CS57->US105,0,0,0
7,CS57->US113,57598,57598,0
7,CS57->US121,54329,54329,0
7,CS58->US2,51237,51237,0
7,CS58->US10,49926,49926,0
7,CS58->US18,50630,50630,0
7,CS58->US26,0,0,0
7,CS58->US34,0,0,0
7,CS58->US42,51337,51337,0
7,CS58->US50,51294,51294,0
7,CS58->US58,0,0,0
7,CS58->US66,0,0,0
7,CS58->US74,51245,51245,0
7,CS58->US82,56732,56732,0
7,CS58->US90,50566,50566,0
7,CS58->US98,0,0,0
7,CS58->US106,0,0,0
7,CS58->US114,57548,57548,0
7,CS58->US122,54514,54514,0
7,CS59->US3,51706,51706,0
7,CS59->US11,50225,50225,0
7,CS59->US19,50513,50513,0
7,CS59->US27,0,0,0
7,CS59->US35,0,0,0
7,CS59->US43,51222,51222,0
7,CS59->US51,51428,51428,0
7,CS59->US59,0,0,0
7,CS59->US67,0,0,0
7,CS59->US75,51145,51145,0
7,CS59->US83,56717,56717,0
7,CS59->US91,50777,50777,0
7,CS59->US99,0,0,0
7,CS59->US107,0,0,0
7,CS59->US115,57236,57236,0
7,CS59->US123,54118,54118,0
7,CS60->US4,51777,51777,0
7,CS60->US12,50038,50038,0
7,CS60->US20,50440,50440,0
7,CS60->US28,0,0,0
7,CS60->US36,0,0,0
7,CS60->US44,51331,51331,0
7,CS60->US52,51404,51404,0
7,CS60->US60,0,0,0
7,CS60->US68,0,0,0
7,CS60->US76,51298,51298,0
7,CS60->US84,56814,56814,0
7,CS60->US92,50912,50912,0
7,CS60->US100,0,0,0
7,CS60->US108,0,0,0
7,CS60->US116,57543,57543,0
7,CS60->US124,54067,54067,0
7,CS61->US5,51483,51483,0
7,CS61->US13,49711,49711,0
7,CS61->US21,50781,50781,0
7,CS61->US29,0,0,0
7,CS61->US37,0,0,0
7,CS61->US45,51079,51079,0
7,CS61->US53,51598,51598,0
7,CS61->US61,0,0,0
7,CS61->US69,0,0,0
7,CS61->US77,51230,51230,0
7,CS61->US85,56662,56662,0
7,CS61->US93,50944,50944,0
7,CS61->US101,0,0,0
7,CS61->US109,0,0,0
7,CS61->US117,57506,57506,0
7,CS61->US125,54198,54198,0
7,CS62->US6,51690,51690,0
7,CS62->US14,49940,49939,0
7,CS62->US22,50312,50312,0
7,CS62->US30,0,0,0
7,CS62->US38,0,0,0
7,CS62->US46,51055,51055,0
7,CS62->US54,51572,51572,0
7,CS62->US62,0,0,0
7,CS62->US70,0,0,0
7,CS62->US78,51089,51089,0
7,CS62->US86,56401,56401,0
7,CS62->US94,50838,50838,0
7,CS62->US102,0,0,0
7,CS62->US110,0,0,0
7,CS62->US118,57437,57437,0
7,CS62->US126,53638,53638,0
7,CS63->US7,51521,51521,0
7,CS63->US15,49854,49854,0
7,CS63->US23,50611,50611,0
7,CS63->US31,0,0,0
7,CS63->US39,0,0,0
7,CS63->US47,51196,51196,0
7,CS63->US55,51498,51498,0
7,CS63->US63,0,0,0
7,CS63->US71,0,0,0
7,CS63->US79,51024,51024,0
7,CS63->US87,56998,56998,0
7,CS63->US95,50618,50618,0
7,CS63->US103,0,0,0
7,CS63->US111,0,0,0
7,CS63->US119,57573,57573,0
7,CS63->US127,54126,54126,0
8,US0->CS0,51625,51625,0
8,US0->CS8,52046,52046,0
8,US0->CS16,51809,51809,0
8,US0->CS24,51991,51991,0
8,US0->CS32,51674,51674,0
8,US0->CS40,51793,51793,0
8,US0->CS48,51655,51655,0
8,US0->CS56,52135,52135,0
8,US1->CS1,51893,51893,0
8,US1->CS9,51869,51869,0
8,US1->CS17,51396,51396,0
8,US1->CS25,51686,51686,0
8,US1->CS33,51598,51598,0
8,US1->CS41,51608,51608,0
8,US1->CS49,51842,51842,0
8,US1->CS57,51825,51825,0
8,US2->CS2,51525,51525,0
8,US2->CS10,51786,51786,0
8,US2->CS18,51409,51409,0
8,US2->CS26,52113,52113,0
8,US2->CS34,52051,52051,0
8,US2->CS42,51632,51632,0
8,US2->CS50,51677,51677,0
8,US2->CS58,51579,51579,0
8,US3->CS3,51726,51726,0
8,US3->CS11,51684,51684,0
8,US3->CS19,51768,51768,0
8,US3->CS27,51772,51772,0
8,US3->CS35,51895,51895,0
8,US3->CS43,51858,51858,0
8,US3->CS51,51609,51609,0
8,US3->CS59,51675,51675,0
8,US4->CS4,51865,51865,0
8,US4->CS12,51641,51641,0
8,US4->CS20,51632,51632,0
8,US4->CS28,51983,51983,0
8,US4->CS36,51688,51688,0
8,US4->CS44,51313,51313,0
8,US4->CS52,52007,52007,0
8,US4->CS60,51690,51690,0
8,US5->CS5,51897,51897,0
8,US5->CS13,51748,51748,0
8,US5->CS21,51799,51799,0
8,US5->CS29,51691,51691,0
8,US5->CS37,51737,51737,0
8,US5->CS45,51525,51525,0
8,US5->CS53,51711,51711,0
8,US5->CS61,51866,51866,0
8,US6->CS6,51710,51710,0
8,US6->CS14,51901,51901,0
8,US6->CS22,51678,51678,0
8,US6->CS30,51778,51778,0
8,US6->CS38,51743,51743,0
8,US6->CS46,52066,52066,0
8,US6->CS54,51752,51752,0
8,US6->CS62,51815,51815,0
8,US7->CS7,51961,51961,0
8,US7->CS15,51414,51414,0
8,US7->CS23,51991,51991,0
8,US7->CS31,51684,51684,0
8,US7->CS39,51753,51753,0
8,US7->CS47,51593,51593,0
8,US7->CS55,51714,51714,0
8,US7->CS63,51781,51781,0
8,US8->CS0,57160,57160,0
8,US8->CS8,57270,57270,0
8,US8->CS16,57085,57085,0
8,US8->CS24,57075,57075,0
8,US8->CS32,57082,57082,0
8,US8->CS40,57425,57425,0
8,US8->CS48,57600,57600,0
8,US8->CS56,57469,57469,0
8,US9->CS1,57360,57360,0
8,US9->CS9,57270,57270,0
8,US9->CS17,57224,57224,0
8,US9->CS25,57022,57022,0
8,US9->CS33,56982,56982,0
8,US9->CS41,57106,57106,0
8,US9->CS49,57471,57471,0
8,US9->CS57,57317,57317,0
8,US10->CS2,57209,57209,0
8,US10->CS10,57015,57015,0
8,US10->CS18,57420,57420,0
8,US10->CS26,57624,57624,0
8,US10->CS34,57293,57293,0
8,US10->CS42,57293,57293,0
8,US10->CS50,57283,57283,0
8,US10->CS58,57134,57134,0
8,US11->CS3,56794,56794,0
8,US11->CS11,57660,57660,0
8,US11->CS19,57386,57386,0
8,US11->CS27,57149,57149,0
8,US11->CS35,57355,57355,0
8,US11->CS43,56902,56902,0
8,US11->CS51,57505,57505,0
8,US11->CS59,57156,57156,0
8,US12->CS4,57454,57454,0
8,US12->CS12,57249,57249,0
8,US12->CS20,57165,57165,0
8,US12->CS28,57085,57085,0
8,US12->CS36,57114,57114,0
8,US12->CS44,57185,57185,0
8,US12->CS52,57430,57430,0
8,US12->CS60,57273,57273,0
8,US13->CS5,56933,56933,0
8,US13->CS13,57558,57558,0
8,US13->CS21,56895,56895,0
8,US13->CS29,56884,56884,0
8,US13->CS37,56923,56923,0
8,US13->CS45,57353,57353,0
8,US13->CS53,56934,56934,0
8,US13->CS61,57142,57142,0
8,US14->CS6,57023,57023,0
8,US14->CS14,57294,57294,0
8,US14->CS22,56976,56976,0
8,US14->CS30,57022,57022,0
8,US14->CS38,57376,57376,0
8,US14->CS46,57148,57148,0
8,US14->CS54,57238,57238,0
8,US14->CS62,56839,56839,0
8,US15->CS7,56947,56947,0
8,US15->CS15,57459,57459,0
8,US15->CS23,57288,57288,0
8,US15->CS31,57392,57392,0
8,US15->CS39,57429,57429,0
8,US15->CS47,56940,56940,0
8,US15->CS55,56867,56867,0
8,US15->CS63,57411,57411,0
8,US16->CS0,54305,54305,0
8,US16->CS8,54301,54301,0
8,US16->CS16,54216,54216,0
8,US16->CS24,54065,54065,0
8,US16->CS32,54199,54199,0
8,US16->CS40,54224,54224,0
8,US16->CS48,54443,54443,0
8,US16->CS56,54278,54278,0
8,US17->CS1,54230,54230,0
8,US17->CS9,54395,54395,0
8,US17->CS17,53814,53814,0
8,US17->CS25,54020,54020,0
8,US17->CS33,54016,54016,0
8,US17->CS41,54210,54210,0
8,US17->CS49,53997,53997,0
8,US17->CS57,54486,54486,0
8,US18->CS2,53985,53985,0
8,US18->CS10,54523,54523,0
8,US18->CS18,54167,54167,0
8,US18->CS26,54393,54393,0
8,US18->CS34,54549,54549,0
8,US18->CS42,54153,54153,0
8,US18->CS50,54066,54066,0
8,US18->CS58,54647,54647,0
8,US19->CS3,54297,54297,0
8,US19->CS11,53955,53955,0
8,US19->CS19,54185,54185,0
8,US19->CS27,54339,54339,0
8,US19->CS35,54154,54154,0
8,US19->CS43,54117,54117,0
8,US19->CS51,54217,54217,0
8,US19->CS59,54250,54250,0
8,US20->CS4,54170,54170,0
8,US20->CS12,54554,54554,0
8,US20->CS20,54105,54105,0
8,US20->CS28,54544,54544,0
8,US20->CS36,54718,54718,0
8,US20->CS44,54560,54560,0
8,US20->CS52,54161,54161,0
8,US20->CS60,54245,54245,0
8,US21->CS5,54202,54202,0
8,US21->CS13,53825,53825,0
8,US21->CS21,54044,54044,0
8,US21->CS29,54408,54408,0
8,US21->CS37,53977,53977,0
8,US21->CS45,54129,54129,0
8,US21->CS53,54551,54551,0
8,US21->CS61,54339,54339,0
8,US22->CS6,54709,54709,0
8,US22->CS14,54104,54104,0
8,US22->CS22,54206,54206,0
8,US22->CS30,53966,53966,0
8,US22->CS38,53870,53870,0
8,US22->CS46,54324,54324,0
8,US22->CS54,53470,53470,0
8,US22->CS62,53816,53816,0
8,US23->CS7,54240,54240,0
8,US23->CS15,54255,54255,0
8,US23->CS23,53781,53781,0
8,US23->CS31,54109,54109,0
8,US23->CS39,54126,54126,0
8,US23->CS47,54471,54471,0
8,US23->CS55,54416,54416,0
8,US23->CS63,54277,54277,0
8,US24->CS0,32372,32370,0
8,US24->CS8,32320,32320,0
8,US24->CS16,32412,32410,0
8,US24->CS24,32573,32573,0
8,US24->CS32,32178,32177,0
8,US24->CS40,32086,32085,0
8,US24->CS48,32400,32400,0
8,US24->CS56,32363,32362,0
8,US25->CS1,32090,32090,0
8,US25->CS9,32547,32547,0
8,US25->CS17,32491,32491,0
8,US25->CS25,32053,32052,0
8,US25->CS33,32368,32367,0
8,US25->CS41,32486,32485,0
8,US25->CS49,32419,32419,0
8,US25->CS57,32034,32034,0
8,US26->CS2,32272,32272,0
8,US26->CS10,32313,32312,0
8,US26->CS18,32347,32347,0
8,US26->CS26,32305,32305,0
8,US26->CS34,32079,32079,0
8,US26->CS42,32219,32218,0
8,US26->CS50,32108,32108,0
8,US26->CS58,32126,32126,0
8,US27->CS3,32432,32432,0
8,US27->CS11,32541,32541,0
8,US27->CS19,32326,32325,0
8,US27->CS27,32070,32070,0
8,US27->CS35,32356,32356,0
8,US27->CS43,32117,32116,0
8,US27->CS51,32370,32369,0
8,US27->CS59,32282,32282,0
8,US28->CS4,32230,32230,0
8,US28->CS12,32307,32307,0
8,US28->CS20,32330,32330,0
8,US28->CS28,32358,32358,0
8,US28->CS36,32421,32420,0
8,US28->CS44,32364,32364,0
8,US28->CS52,32325,32324,0
8,US28->CS60,32064,32064,0
8,US29->CS5,32416,32415,0
8,US29->CS13,32444,32444,0
8,US29->CS21,32247,32247,0
8,US29->CS29,32185,32185,0
8,US29->CS37,31880,31880,0
8,US29->CS45,32122,32122,0
8,US29->CS53,32187,32187,0
8,US29->CS61,32489,32488,0
8,US30->CS6,32088,32088,0
8,US30->CS14,31805,31805,0
8,US30->CS22,32114,32114,0
8,US30->CS30,32180,32179,0
8,US30->CS38,32284,32282,0
8,US30->CS46,32173,32172,0
8,US30->CS54,32308,32308,0
8,US30->CS62,32147,32147,0
8,US31->CS7,32379,32379,0
8,US31->CS15,32687,32685,0
8,US31->CS23,32054,32054,0
8,US31->CS31,32395,32393,0
8,US31->CS39,32264,32263,0
8,US31->CS47,32526,32526,0
8,US31->CS55,32156,32156,0
8,US31->CS63,32373,32373,0
8,US32->CS0,0,0,0
8,US32->CS8,0,0,0
8,US32->CS16,0,0,0
8,US32->CS24,0,0,0
8,US32->CS32,0,0,0
8,US32->CS40,0,0,0
8,US32->CS48,0,0,0
8,US32->CS56,0,0,0
8,US33->CS1,0,0,0
8,US33->CS9,0,0,0
8,US33->CS17,0,0,0
8,US33->CS25,0,0,0
8,US33->CS33,0,0,0
8,US33->CS41,0,0,0
8,US33->CS49,0,0,0
8,US33->CS57,0,0,0
8,US34->CS2,0,0,0
8,US34->CS10,0,0,0
8,US34->CS18,0,0,0
8,US34->CS26,0,0,0
8,US34->CS34,0,0,0
8,US34->CS42,0,0,0
8,US34->CS50,0,0,0
8,US34->CS58,0,0,0
8,US35->CS3,0,0,0
8,US35->CS11,0,0,0
8,US35->CS19,0,0,0
8,US35->CS27,0,0,0
8,US35->CS35,0,0,0
8,US35->CS43,0,0,0
8,US35->CS51,0,0,0
8,US35->CS59,0,0,0
8,US36->CS4,0,0,0
8,US36->CS12,0,0,0
8,US36->CS20,0,0,0
8,US36->CS28,0,0,0
8,US36->CS36,0,0,0
8,US36->CS44,0,0,0
8,US36->CS52,0,0,0
8,US36->CS60,0,0,0
8,US37->CS5,0,0,0
8,US37->CS13,0,0,0
8,US37->CS21,0,0,0
8,US37->CS29,0,0,0
8,US37->CS37,0,0,0
8,US37->CS45,0,0,0
8,US37->CS53,0,0,0
8,US37->CS61,0,0,0
8,US38->CS6,0,0,0
8,US38->CS14,0,0,0
8,US38->CS22,0,0,0
8,US38->CS30,0,0,0
8,US38->CS38,0,0,0
8,US38->CS46,0,0,0
8,US38->CS54,0,0,0
8,US38->CS62,0,0,0
8,US39->CS7,0,0,0
8,US39->CS15,0,0,0
8,US39->CS23,0,0,0
8,US39->CS31,0,0,0
8,US39->CS39,0,0,0
8,US39->CS47,0,0,0
8,US39->CS55,0,0,0
8,US39->CS63,0,0,0
8,US40->CS0,57464,57464,0
8,US40->CS8,57664,57664,0
8,US40->CS16,57630,57630,0
8,US40->CS24,57469,57469,0
8,US40->CS32,57501,57501,0
8,US40->CS40,57410,57410,0
8,US40->CS48,57933,57933,0
8,US40->CS56,57814,57814,0
8,US41->CS1,57484,57484,0
8,US41->CS9,57784,57784,0
8,US41->CS17,57711,57711,0
8,US41->CS25,57204,57204,0
8,US41->CS33,57443,57443,0
8,US41->CS41,57283,57283,0
8,US41->CS49,57604,57604,0
8,US41->CS57,57569,57569,0
8,US42->CS2,57454,57454,0
8,US42->CS10,57784,57784,0
8,US42->CS18,57594,57594,0
8,US42->CS26,57466,57466,0
8,US42->CS34,57296,57296,0
8,US42->CS42,57378,57378,0
8,US42->CS50,57609,57609,0
8,US42->CS58,57492,57492,0
8,US43->CS3,57413,57413,0
8,US43->CS11,57607,57607,0
8,US43->CS19,57426,57426,0
8,US43->CS27,57547,57547,0
8,US43->CS35,57551,57551,0
8,US43->CS43,57641,57641,0
8,US43->CS51,57424,57424,0
8,US43->CS59,57218,57218,0
8,US44->CS4,57517,57517,0
8,US44->CS12,57647,57647,0
8,US44->CS20,57374,57374,0
8,US44->CS28,57567,57567,0
8,US44->CS36,57211,57211,0
8,US44->CS44,57237,57237,0
8,US44->CS52,57218,57218,0
8,US44->CS60,57477,57477,0
8,US45->CS5,57286,57286,0
8,US45->CS13,57881,57881,0
8,US45->CS21,57372,57372,0
8,US45->CS29,57456,57456,0
8,US45->CS37,57845,57845,0
8,US45->CS45,57146,57146,0
8,US45->CS53,57664,57664,0
8,US45->CS61,57405,57405,0
8,US46->CS6,58213,58213,0
8,US46->CS14,57148,57148,0
8,US46->CS22,57590,57590,0
8,US46->CS30,57285,57285,0
8,US46->CS38,57853,57853,0
8,US46->CS46,57648,57648,0
8,US46->CS54,57391,57391,0
8,US46->CS62,57386,57386,0
8,US47->CS7,57314,57314,0
8,US47->CS15,57670,57670,0
8,US47->CS23,57715,57715,0
8,US47->CS31,57098,57098,0
8,US47->CS39,57858,57858,0
8,US47->CS47,57622,57622,0
8,US47->CS55,57821,57821,0
8,US47->CS63,57510,57510,0
8,US48->CS0,51937,51937,0
8,US48->CS8,52164,52164,0
8,US48->CS16,52301,52301,0
8,US48->CS24,51791,51791,0
8,US48->CS32,51288,51288,0
8,US48->CS40,51490,51490,0
8,US48->CS48,51472,51472,0
8,US48->CS56,51666,51666,0
8,US49->CS1,51556,51556,0
8,US49->CS9,51425,51425,0
8,US49->CS17,52269,52269,0
8,US49->CS25,51606,51606,0
8,US49->CS33,51593,51593,0
8,US49->CS41,51736,51736,0
8,US49->CS49,52008,52008,0
8,US49->CS57,52117,52117,0
8,US50->CS2,51865,51865,0
8,US50->CS10,52070,52070,0
8,US50->CS18,52084,52084,0
8,US50->CS26,51564,51564,0
8,US50->CS34,51614,51614,0
8,US50->CS42,51598,51598,0
8,US50->CS50,51728,51728,0
8,US50->CS58,51513,51513,0
8,US51->CS3,51654,51654,0
8,US51->CS11,51510,51510,0
8,US51->CS19,51659,51659,0
8,US51->CS27,52085,52085,0
8,US51->CS35,51540,51540,0
8,US51->CS43,51417,51417,0
8,US51->CS51,51728,51728,0
8,US51->CS59,51978,51978,0
8,US52->CS4,51736,51736,0
8,US52->CS12,52260,52260,0
8,US52->CS20,51693,51693,0
8,US52->CS28,51983,51983,0
8,US52->CS36,51946,51946,0
8,US52->CS44,51543,51543,0
8,US52->CS52,51513,51513,0
8,US52->CS60,52059,52059,0
8,US53->CS5,51776,51776,0
8,US53->CS13,51829,51829,0
8,US53->CS21,51927,51927,0
8,US53->CS29,51864,51864,0
8,US53->CS37,51836,51836,0
8,US53->CS45,51991,51991,0
8,US53->CS53,51907,51907,0
8,US53->CS61,51781,51781,0
8,US54->CS6,51740,51740,0
8,US54->CS14,51634,51634,0
8,US54->CS22,51812,51812,0
8,US54->CS30,51634,51634,0
8,US54->CS38,51856,51856,0
8,US54->CS46,51830,51830,0
8,US54->CS54,51588,51588,0
8,US54->CS62,51962,51962,0
8,US55->CS7,51473,51473,0
8,US55->CS15,51996,51996,0
8,US55->CS23,51752,51752,0
8,US55->CS31,51600,51600,0
8,US55->CS39,51755,51755,0
8,US55->CS47,51525,51525,0
8,US55->CS55,51251,51251,0
8,US55->CS63,51700,51700,0
8,US56->CS0,31793,31793,0
8,US56->CS8,31967,31967,0
8,US56->CS16,32091,32091,0
8,US56->CS24,32136,32135,0
8,US56->CS32,32029,32028,0
8,US56->CS40,31904,31904,0
8,US56->CS48,31781,31780,0
8,US56->CS56,31807,31807,0
8,US57->CS1,31959,31959,0
8,US57->CS9,31475,31474,0
8,US57->CS17,31936,31935,0
8,US57->CS25,32140,32140,0
8,US57->CS33,31972,31971,0
8,US57->CS41,31883,31883,0
8,US57->CS49,31736,31735,0
8,US57->CS57,31609,31608,0
8,US58->CS2,31658,31658,0
8,US58->CS10,31901,31901,0
8,US58->CS18,31635,31635,0
8,US58->CS26,31812,31812,0
8,US58->CS34,31501,31500,0
8,US58->CS42,31997,31996,0
8,US58->CS50,31664,31664,0
8,US58->CS58,31502,31501,0
8,US59->CS3,31822,31821,0
8,US59->CS11,31547,31546,0
8,US59->CS19,31809,31808,0
8,US59->CS27,31810,31810,0
8,US59->CS35,31963,31963,0
8,US59->CS43,31744,31743,0
8,US59->CS51,31824,31824,0
8,US59->CS59,31734,31734,0
8,US60->CS4,31728,31728,0
8,US60->CS12,31771,31770,0
8,US60->CS20,31699,31699,0
8,US60->CS28,31543,31543,0
8,US60->CS36,31549,31549,0
8,US60->CS44,31656,31656,0
8,US60->CS52,32177,32177,0
8,US60->CS60,31664,31664,0
8,US61->CS5,31836,31836,0
8,US61->CS13,32098,32097,0
8,US61->CS21,31467,31467,0
8,US61->CS29,31841,31841,0
8,US61->CS37,31712,31710,0
8,US61->CS45,32164,32164,0
8,US61->CS53,31826,31825,0
8,US61->CS61,31934,31934,0
8,US62->CS6,31836,31835,0
8,US62->CS14,31779,31777,0
8,US62->CS22,32186,32186,0
8,US62->CS30,31907,31906,0
8,US62->CS38,31490,31490,0
8,US62->CS46,32032,32032,0
8,US62->CS54,31807,31807,0
8,US62->CS62,31629,31628,0
8,US63->CS7,31778,31776,0
8,US63->CS15,31790,31790,0
8,US63->CS23,32209,32209,0
8,US63->CS31,32024,32024,0
8,US63->CS39,31545,31545,0
8,US63->CS47,31790,31788,0
8,US63->CS55,31804,31804,0
8,US63->CS63,31906,31906,0
8,US64->CS0,0,0,0
8,US64->CS8,0,0,0
8,US64->CS16,0,0,0
8,US64->CS24,0,0,0
8,US64->CS32,0,0,0
8,US64->CS40,0,0,0
8,US64->CS48,0,0,0
8,US64->CS56,0,0,0
8,US65->CS1,0,0,0
8,US65->CS9,0,0,0
8,US65->CS17,0,0,0
8,US65->CS25,0,0,0
8,US65->CS33,0,0,0
8,US65->CS41,0,0,0
8,US65->CS49,0,0,0
8,US65->CS57,0,0,0
8,US66->CS2,0,0,0
8,US66->CS10,0,0,0
8,US66->CS18,0,0,0
8,US66->CS26,0,0,0
8,US66->CS34,0,0,0
8,US66->CS42,0,0,0
8,US66->CS50,0,0,0
8,US66->CS58,0,0,0
8,US67->CS3,0,0,0
8,US67->CS11,0,0,0
8,US67->CS19,0,0,0
8,US67->CS27,0,0,0
8,US67->CS35,0,0,0
8,US67->CS43,0,0,0
8,US67->CS51,0,0,0
8,US67->CS59,0,0,0
8,US68->CS4,0,0,0
8,US68->CS12,0,0,0
8,US68->CS20,0,0,0
8,US68->CS28,0,0,0
8,US68->CS36,0,0,0
8,US68->CS44,0,0,0
8,US68->CS52,0,0,0
8,US68->CS60,0,0,0
8,US69->CS5,0,0,0
8,US69->CS13,0,0,0
8,US69->CS21,0,0,0
8,US69->CS29,0,0,0
8,US69->CS37,0,0,0
8,US69->CS45,0,0,0
8,US69->CS53,0,0,0
8,US69->CS61,0,0,0
8,US70->CS6,0,0,0
8,US70->CS14,0,0,0
8,US70->CS22,0,0,0
8,US70->CS30,0,0,0
8,US70->CS38,0,0,0
8,US70->CS46,0,0,0
8,US70->CS54,0,0,0
8,US70->CS62,0,0,0
8,US71->CS7,0,0,0
8,US71->CS15,0,0,0
8,US71->CS23,0,0,0
8,US71->CS31,0,0,0
8,US71->CS39,0,0,0
8,US71->CS47,0,0,0
8,US71->CS55,0,0,0
8,US71->CS63,0,0,0
8,US72->CS0,51057,51057,0
8,US72->CS8,50828,50828,0
8,US72->CS16,50983,50983,0
8,US72->CS24,50281,50281,0
8,US72->CS32,51251,51251,0
8,US72->CS40,50384,50384,0
8,US72->CS48,50688,50688,0
8,US72->CS56,50660,50660,0
8,US73->CS1,50713,50713,0
8,US73->CS9,50978,50978,0
8,US73->CS17,51394,51394,0
8,US73->CS25,50575,50575,0
8,US73->CS33,50943,50943,0
8,US73->CS41,50604,50604,0
8,US73->CS49,51036,51036,0
8,US73->CS57,51301,51301,0
8,US74->CS2,50798,50798,0
8,US74->CS10,51075,51075,0
8,US74->CS18,51235,51235,0
8,US74->CS26,51072,51072,0
8,US74->CS34,50628,50628,0
8,US74->CS42,51153,51153,0
8,US74->CS50,50588,50588,0
8,US74->CS58,50645,50645,0
8,US75->CS3,51042,51042,0
8,US75->CS11,50972,50972,0
8,US75->CS19,50708,50708,0
8,US75->CS27,50860,50860,0
8,US75->CS35,51162,51162,0
8,US75->CS43,50576,50576,0
8,US75->CS51,51200,51200,0
8,US75->CS59,50755,50755,0
8,US76->CS4,50627,50627,0
8,US76->CS12,50971,50971,0
8,US76->CS20,50574,50574,0
8,US76->CS28,50997,50997,0
8,US76->CS36,51165,51165,0
8,US76->CS44,50661,50661,0
8,US76->CS52,50558,50558,0
8,US76->CS60,50924,50924,0
8,US77->CS5,50711,50711,0
8,US77->CS13,50762,50762,0
8,US77->CS21,51089,51089,0
8,US77->CS29,50612,50612,0
8,US77->CS37,50721,50721,0
8,US77->CS45,50479,50479,0
8,US77->CS53,50754,50754,0
8,US77->CS61,50918,50918,0
8,US78->CS6,51069,51069,0
8,US78->CS14,50643,50643,0
8,US78->CS22,50977,50977,0
8,US78->CS30,51085,51085,0
8,US78->CS38,50985,50985,0
8,US78->CS46,51108,51108,0
8,US78->CS54,50797,50797,0
8,US78->CS62,50843,50843,0
8,US79->CS7,51503,51503,0
8,US79->CS15,51288,51288,0
8,US79->CS23,51074,51074,0
8,US79->CS31,50917,50917,0
8,US79->CS39,51190,51190,0
8,US79->CS47,50771,50771,0
8,US79->CS55,51191,51191,0
8,US79->CS63,50621,50621,0
8,US80->CS0,50406,50406,0
8,US80->CS8,50549,50549,0
8,US80->CS16,50365,50365,0
8,US80->CS24,50332,50332,0
8,US80->CS32,50243,50243,0
8,US80->CS40,50260,50260,0
8,US80->CS48,50202,50202,0
8,US80->CS56,50459,50459,0
8,US81->CS1,50235,50235,0
8,US81->CS9,50171,50171,0
8,US81->CS17,49982,49982,0
8,US81->CS25,50074,50074,0
8,US81->CS33,50020,50020,0
8,US81->CS41,50132,50132,0
8,US81->CS49,50130,50130,0
8,US81->CS57,50454,50454,0
8,US82->CS2,50089,50089,0
8,US82->CS10,50439,50439,0
8,US82->CS18,50466,50466,0
8,US82->CS26,50401,50401,0
8,US82->CS34,50240,50240,0
8,US82->CS42,50276,50276,0
8,US82->CS50,50401,50401,0
8,US82->CS58,50226,50226,0
8,US83->CS3,50290,50290,0
8,US83->CS11,50440,50440,0
8,US83->CS19,50303,50303,0
8,US83->CS27,50408,50408,0
8,US83->CS35,50342,50342,0
8,US83->CS43,50200,50200,0
8,US83->CS51,50308,50308,0
8,US83->CS59,50593,50593,0
8,US84->CS4,50277,50277,0
8,US84->CS12,50435,50435,0
8,US84->CS20,50332,50332,0
8,US84->CS28,50526,50526,0
8,US84->CS36,50191,50191,0
8,US84->CS44,50110,50110,0
8,US84->CS52,50011,50011,0
8,US84->CS60,50335,50335,0
8,US85->CS5,50626,50626,0
8,US85->CS13,50121,50121,0
8,US85->CS21,50312,50312,0
8,US85->CS29,50124,50124,0
8,US85->CS37,49970,49970,0
8,US85->CS45,50079,50079,0
8,US85->CS53,50120,50120,0
8,US85->CS61,49992,49992,0
8,US86->CS6,50026,50026,0
8,US86->CS14,50275,50275,0
8,US86->CS22,50348,50348,0
8,US86->CS30,50414,50414,0
8,US86->CS38,50071,50071,0
8,US86->CS46,50365,50365,0
8,US86->CS54,49975,49975,0
8,US86->CS62,50252,50252,0
8,US87->CS7,50657,50657,0
8,US87->CS15,50250,50250,0
8,US87->CS23,50188,50188,0
8,US87->CS31,50382,50382,0
8,US87->CS39,50270,50270,0
8,US87->CS47,50052,50052,0
8,US87->CS55,50270,50270,0
8,US87->CS63,50206,50206,0
8,US88->CS0,51046,51046,0
8,US88->CS8,50881,50881,0
8,US88->CS16,50851,50851,0
8,US88->CS24,51229,51229,0
8,US88->CS32,51287,51287,0
8,US88->CS40,51178,51178,0
8,US88->CS48,50974,50974,0
8,US88->CS56,50765,50765,0
8,US89->CS1,51055,51055,0
8,US89->CS9,51376,51376,0
8,US89->CS17,51214,51214,0
8,US89->CS25,51216,51216,0
8,US89->CS33,51173,51173,0
8,US89->CS41,50680,50680,0
8,US89->CS49,50870,50870,0
8,US89->CS57,50789,50789,0
8,US90->CS2,50843,50843,0
8,US90->CS10,50910,50910,0
8,US90->CS18,50945,50945,0
8,US90->CS26,51057,51057,0
8,US90->CS34,50869,50869,0
8,US90->CS42,51371,51371,0
8,US90->CS50,51283,51283,0
8,US90->CS58,51310,51310,0
8,US91->CS3,51209,51209,0
8,US91->CS11,50970,50970,0
8,US91->CS19,51323,51323,0
8,US91->CS27,50802,50802,0
8,US91->CS35,51140,51140,0
8,US91->CS43,51227,51227,0
8,US91->CS51,50956,50956,0
8,US91->CS59,51272,51272,0
8,US92->CS4,51075,51075,0
8,US92->CS12,51368,51368,0
8,US92->CS20,50904,50904,0
8,US92->CS28,50900,50900,0
8,US92->CS36,50822,50822,0
8,US92->CS44,51302,51302,0
8,US92->CS52,50968,50968,0
8,US92->CS60,51379,51379,0
8,US93->CS5,51198,51198,0
8,US93->CS13,51179,51179,0
8,US93->CS21,50982,50982,0
8,US93->CS29,50940,50940,0
8,US93->CS37,51169,51169,0
8,US93->CS45,50987,50987,0
8,US93->CS53,51154,51154,0
8,US93->CS61,51362,51362,0
8,US94->CS6,51112,51112,0
8,US94->CS14,50901,50901,0
8,US94->CS22,51410,51410,0
8,US94->CS30,50966,50966,0
8,US94->CS38,51074,51074,0
8,US94->CS46,50912,50912,0
8,US94->CS54,51243,51243,0
8,US94->CS62,51183,51183,0
8,US95->CS7,50872,50872,0
8,US95->CS15,51046,51046,0
8,US95->CS23,50630,50630,0
8,US95->CS31,50537,50537,0
8,US95->CS39,50964,50964,0
8,US95->CS47,51060,51060,0
8,US95->CS55,50564,50564,0
8,US95->CS63,51099,51099,0
8,US96->CS0,0,0,0
8,US96->CS8,0,0,0
8,US96->CS16,0,0,0
8,US96->CS24,0,0,0
8,US96->CS32,0,0,0
8,US96->CS40,0,0,0
8,US96->CS48,0,0,0
8,US96->CS56,0,0,0
8,US97->CS1,0,0,0
8,US97->CS9,0,0,0
8,US97->CS17,0,0,0
8,US97->CS25,0,0,0
8,US97->CS33,0,0,0
8,US97->CS41,0,0,0
8,US97->CS49,0,0,0
8,US97->CS57,0,0,0
8,US98->CS2,0,0,0
8,US98->CS10,0,0,0
8,US98->CS18,0,0,0
8,US98->CS26,0,0,0
8,US98->CS34,0,0,0
8,US98->CS42,0,0,0
8,US98->CS50,0,0,0
8,US98->CS58,0,0,0
8,US99->CS3,0,0,0
8,US99->CS11,0,0,0
8,US99->CS19,0,0,0
8,US99->CS27,0,0,0
8,US99->CS35,0,0,0
8,US99->CS43,0,0,0
8,US99->CS51,0,0,0
8,US99->CS59,0,0,0
8,US100->CS4,0,0,0
8,US100->CS12,0,0,0
8,US100->CS20,0,0,0
8,US100->CS28,0,0,0
8,US100->CS36,0,0,0
8,US100->CS44,0,0,0
8,US100->CS52,0,0,0
8,US100->CS60,0,0,0
8,US101->CS5,0,0,0
8,US101->CS13,0,0,0
8,US101->CS21,0,0,0
8,US101->CS29,0,0,0
8,US101->CS37,0,0,0
8,US101->CS45,0,0,0
8,US101->CS53,0,0,0
8,US101->CS61,0,0,0
8,US102->CS6,0,0,0
8,US102->CS14,0,0,0
8,US102->CS22,0,0,0
8,US102->CS30,0,0,0
8,US102->CS38,0,0,0
8,US102->CS46,0,0,0
8,US102->CS54,0,0,0
8,US102->CS62,0,0,0
8,US103->CS7,0,0,0
8,US103->CS15,0,0,0
8,US103->CS23,0,0,0
8,US103->CS31,0,0,0
8,US103->CS39,0,0,0
8,US103->CS47,0,0,0
8,US103->CS55,0,0,0
8,US103->CS63,0,0,0
8,US104->CS0,0,0,0
8,US104->CS8,0,0,0
8,US104->CS16,0,0,0
8,US104->CS24,0,0,0
8,US104->CS32,0,0,0
8,US104->CS40,0,0,0
8,US104->CS48,0,0,0
8,US104->CS56,0,0,0
8,US105->CS1,0,0,0
8,US105->CS9,0,0,0
8,US105->CS17,0,0,0
8,US105->CS25,0,0,0
8,US105->CS33,0,0,0
8,US105->CS41,0,0,0
8,US105->CS49,0,0,0
8,US105->CS57,0,0,0
8,US106->CS2,0,0,0
8,US106->CS10,0,0,0
8,US106->CS18,0,0,0
8,US106->CS26,0,0,0
8,US106->CS34,0,0,0
8,US106->CS42,0,0,0
8,US106->CS50,0,0,0
8,US106->CS58,0,0,0
8,US107->CS3,0,0,0
8,US107->CS11,0,0,0
8,US107->CS19,0,0,0
8,US107->CS27,0,0,0
8,US107->CS35,0,0,0
8,US107->CS43,0,0,0
8,US107->CS51,0,0,0
8,US107->CS59,0,0,0
8,US108->CS4,0,0,0
8,US108->CS12,0,0,0
8,US108->CS20,0,0,0
8,US108->CS28,0,0,0
8,US108->CS36,0,0,0
8,US108->CS44,0,0,0
8,US108->CS52,0,0,0
8,US108->CS60,0,0,0
8,US109->CS5,0,0,0
8,US109->CS13,0,0,0
8,US109->CS21,0,0,0
8,US109->CS29,0,0,0
8,US109->CS37,0,0,0
8,US109->CS45,0,0,0
8,US109->CS53,0,0,0
8,US109->CS61,0,0,0
8,US110->CS6,0,0,0
8,US110->CS14,0,0,0
8,US110->CS22,0,0,0
8,US110->CS30,0,0,0
8,US110->CS38,0,0,0
8,US110->CS46,0,0,0
8,US110->CS54,0,0,0
8,US110->CS62,0,0,0
8,US111->CS7,0,0,0
8,US111->CS15,0,0,0
8,US111->CS23,0,0,0
8,US111->CS31,0,0,0
8,US111->CS39,0,0,0
8,US111->CS47,0,0,0
8,US111->CS55,0,0,0
8,US111->CS63,0,0,0
8,US112->CS0,51223,51223,0
8,US112->CS8,51201,51201,0
8,US112->CS16,51611,51611,0
8,US112->CS24,51469,51469,0
8,US112->CS32,51461,51461,0
8,US112->CS40,51255,51255,0
8,US112->CS48,51205,51205,0
8,US112->CS56,51092,51092,0
8,US113->CS1,51402,51402,0
8,US113->CS9,51803,51803,0
8,US113->CS17,50992,50992,0
8,US113->CS25,51630,51630,0
8,US113->CS33,50984,50984,0
8,US113->CS41,51234,51234,0
8,US113->CS49,51293,51293,0
8,US113->CS57,51208,51208,0
8,US114->CS2,51710,51710,0
8,US114->CS10,51334,51334,0
8,US114->CS18,51054,51054,0
8,US114->CS26,51329,51329,0
8,US114->CS34,51407,51407,0
8,US114->CS42,51383,51383,0
8,US114->CS50,51540,51540,0
8,US114->CS58,51258,51258,0
8,US115->CS3,51290,51290,0
8,US115->CS11,51116,51116,0
8,US115->CS19,51378,51378,0
8,US115->CS27,51481,51481,0
8,US115->CS35,51034,51034,0
8,US115->CS43,51151,51151,0
8,US115->CS51,51434,51434,0
8,US115->CS59,51193,51193,0
8,US116->CS4,51345,51345,0
8,US116->CS12,51046,51046,0
8,US116->CS20,51256,51256,0
8,US116->CS28,51485,51485,0
8,US116->CS36,51194,51194,0
8,US116->CS44,51644,51644,0
8,US116->CS52,51128,51128,0
8,US116->CS60,51279,51279,0
8,US117->CS5,51510,51510,0
8,US117->CS13,51050,51050,0
8,US117->CS21,51518,51518,0
8,US117->CS29,51229,51229,0
8,US117->CS37,51201,51201,0
8,US117->CS45,51347,51347,0
8,US117->CS53,51012,51012,0
8,US117->CS61,51056,51056,0
8,US118->CS6,51122,51122,0
8,US118->CS14,51252,51252,0
8,US118->CS22,51117,51117,0
8,US118->CS30,51321,51321,0
8,US118->CS38,51508,51508,0
8,US118->CS46,51240,51240,0
8,US118->CS54,51527,51527,0
8,US118->CS62,50996,50996,0
8,US119->CS7,51528,51528,0
8,US119->CS15,51177,51177,0
8,US119->CS23,50933,50933,0
8,US119->CS31,51254,51254,0
8,US119->CS39,51489,51489,0
8,US119->CS47,51483,51483,0
8,US119->CS55,51123,51123,0
8,US119->CS63,51255,51255,0
8,US120->CS0,50350,50350,0
8,US120->CS8,50807,50807,0
8,US120->CS16,50397,50397,0
8,US120->CS24,50354,50354,0
8,US120->CS32,50295,50295,0
8,US120->CS40,50016,50016,0
8,US120->CS48,50436,50436,0
8,US120->CS56,50294,50294,0
8,US121->CS1,50771,50771,0
8,US121->CS9,50812,50812,0
8,US121->CS17,50693,50693,0
8,US121->CS25,50260,50260,0
8,US121->CS33,50431,50431,0
8,US121->CS41,50540,50540,0
8,US121->CS49,50780,50780,0
8,US121->CS57,50136,50136,0
8,US122->CS2,50710,50710,0
8,US122->CS10,50343,50343,0
8,US122->CS18,50581,50581,0
8,US122->CS26,50310,50310,0
8,US122->CS34,50555,50555,0
8,US122->CS42,50765,50765,0
8,US122->CS50,50171,50171,0
8,US122->CS58,50653,50653,0
8,US123->CS3,50506,50506,0
8,US123->CS11,50814,50814,0
8,US123->CS19,50323,50323,0
8,US123->CS27,50230,50230,0
8,US123->CS35,50166,50166,0
8,US123->CS43,50631,50631,0
8,US123->CS51,50973,50973,0
8,US123->CS59,50463,50463,0
8,US124->CS4,50537,50537,0
8,US124->CS12,50601,50601,0
8,US124->CS20,50275,50275,0
8,US124->CS28,50489,50489,0
8,US124->CS36,50626,50626,0
8,US124->CS44,50130,50130,0
8,US124->CS52,50349,50349,0
8,US124->CS60,50400,50400,0
8,US125->CS5,50488,50488,0
8,US125->CS13,50732,50732,0
8,US125->CS21,50525,50525,0
8,US125->CS29,50289,50289,0
8,US125->CS37,50793,50793,0
8,US125->CS45,50586,50586,0
8,US125->CS53,50310,50310,0
8,US125->CS61,50778,50778,0
8,US126->CS6,50255,50255,0
8,US126->CS14,50946,50946,0
8,US126->CS22,50094,50094,0
8,US126->CS30,50308,50308,0
8,US126->CS38,50941,50941,0
8,US126->CS46,50659,50659,0
8,US126->CS54,50527,50527,0
8,US126->CS62,50332,50332,0
8,US127->CS7,50178,50178,0
8,US127->CS15,50438,50438,0
8,US127->CS23,50644,50644,0
8,US127->CS31,50563,50563,0
8,US127->CS39,50690,50690,0
8,US127->CS47,50512,50512,0
8,US127->CS55,50424,50424,0
8,US127->CS63,50641,50641,0
8,CS0->US0,51731,51731,0
8,CS0->US8,50479,50479,0
8,CS0->US16,50549,50549,0
8,CS0->US24,31871,31871,0
8,CS0->US32,0,0,0
8,CS0->US40,51194,51194,0
8,CS0->US48,51360,51360,0
8,CS0->US56,32461,32459,0
8,CS0->US64,0,0,0
8,CS0->US72,51002,51002,0
8,CS0->US80,57150,57150,0
8,CS0->US88,51085,51085,0
8,CS0->US96,0,0,0
8,CS0->US104,0,0,0
8,CS0->US112,57506,57506,0
8,CS0->US120,54348,54348,0
8,CS1->US1,51286,51286,0
8,CS1->US9,50343,50343,0
8,CS1->US17,50879,50879,0
8,CS1->US25,31993,31993,0
8,CS1->US33,0,0,0
8,CS1->US41,51434,51434,0
8,CS1->US49,51620,51620,0
8,CS1->US57,32162,32162,0
8,CS1->US65,0,0,0
8,CS1->US73,50987,50987,0
8,CS1->US81,57428,57428,0
8,CS1->US89,50776,50776,0
8,CS1->US97,0,0,0
8,CS1->US105,0,0,0
8,CS1->US113,57615,57615,0
8,CS1->US121,54225,54225,0
8,CS2->US2,51567,51567,0
8,CS2->US10,50185,50185,0
8,CS2->US18,50850,50850,0
8,CS2->US26,31710,31709,0
8,CS2->US34,0,0,0
8,CS2->US42,51687,51687,0
8,CS2->US50,51259,51259,0
8,CS2->US58,32365,32365,0
8,CS2->US66,0,0,0
8,CS2->US74,50838,50838,0
8,CS2->US82,57262,57262,0
8,CS2->US90,50927,50927,0
8,CS2->US98,0,0,0
8,CS2->US106,0,0,0
8,CS2->US114,57480,57480,0
8,CS2->US122,53988,53988,0
8,CS3->US3,51392,51392,0
8,CS3->US11,50392,50392,0
8,CS3->US19,50675,50675,0
8,CS3->US27,31889,31888,0
8,CS3->US35,0,0,0
8,CS3->US43,51342,51342,0
8,CS3->US51,51447,51447,0
8,CS3->US59,32521,32521,0
8,CS3->US67,0,0,0
8,CS3->US75,51195,51195,0
8,CS3->US83,56849,56849,0
8,CS3->US91,51050,51050,0
8,CS3->US99,0,0,0
8,CS3->US107,0,0,0
8,CS3->US115,57414,57414,0
8,CS3->US123,54308,54308,0
8,CS4->US4,51504,51504,0
8,CS4->US12,50327,50327,0
8,CS4->US20,50728,50728,0
8,CS4->US28,31785,31784,0
8,CS4->US36,0,0,0
8,CS4->US44,51308,51308,0
8,CS4->US52,51587,51587,0
8,CS4->US60,32367,32367,0
8,CS4->US68,0,0,0
8,CS4->US76,51029,51029,0
8,CS4->US84,57464,57464,0
8,CS4->US92,50653,50653,0
8,CS4->US100,0,0,0
8,CS4->US108,0,0,0
8,CS4->US116,57583,57583,0
8,CS4->US124,54226,54226,0
8,CS5->US5,51461,51461,0
8,CS5->US13,50743,50743,0
8,CS5->US21,50659,50659,0
8,CS5->US29,31858,31858,0
8,CS5->US37,0,0,0
8,CS5->US45,51558,51558,0
8,CS5->US53,51617,51617,0
8,CS5->US61,32522,32522,0
8,CS5->US69,0,0,0
8,CS5->US77,51207,51207,0
8,CS5->US85,57012,57012,0
8,CS5->US93,50794,50794,0
8,CS5->US101,0,0,0
8,CS5->US109,0,0,0
8,CS5->US117,57285,57285,0
8,CS5->US125,54161,54161,0
8,CS6->US6,51508,51508,0
8,CS6->US14,50141,50141,0
8,CS6->US22,50427,50427,0
8,CS6->US30,31854,31853,0
8,CS6->US38,0,0,0
8,CS6->US46,51070,51070,0
8,CS6->US54,51484,51484,0
8,CS6->US62,32165,32164,0
8,CS6->US70,0,0,0
8,CS6->US78,51044,51044,0
8,CS6->US86,57091,57091,0
8,CS6->US94,51138,51138,0
8,CS6->US102,0,0,0
8,CS6->US110,0,0,0
8,CS6->US118,58248,58248,0
8,CS6->US126,54732,54732,0
8,CS7->US7,51175,51175,0
8,CS7->US15,50771,50771,0
8,CS7->US23,50362,50362,0
8,CS7->US31,31793,31792,0
8,CS7->US39,0,0,0
8,CS7->US47,51540,51540,0
8,CS7->US55,51631,51631,0
8,CS7->US63,32443,32443,0
8,CS7->US71,0,0,0
8,CS7->US79,50804,50804,0
8,CS7->US87,57022,57022,0
8,CS7->US95,51589,51589,0
8,CS7->US103,0,0,0
8,CS7->US111,0,0,0
8,CS7->US119,57436,57436,0
8,CS7->US127,54262,54262,0
8,CS8->US0,51882,51882,0
8,CS8->US8,50680,50680,0
8,CS8->US16,50995,50995,0
8,CS8->US24,32053,32053,0
8,CS8->US32,0,0,0
8,CS8->US40,51216,51216,0
8,CS8->US48,51742,51742,0
8,CS8->US56,32386,32386,0
8,CS8->US64,0,0,0
8,CS8->US72,50782,50782,0
8,CS8->US80,57298,57298,0
8,CS8->US88,50887,50887,0
8,CS8->US96,0,0,0
8,CS8->US104,0,0,0
8,CS8->US112,57765,57765,0
8,CS8->US120,54312,54312,0
8,CS9->US1,51166,51166,0
8,CS9->US9,50308,50308,0
8,CS9->US17,51059,51059,0
8,CS9->US25,31489,31488,0
8,CS9->US33,0,0,0
8,CS9->US41,51827,51827,0
8,CS9->US49,51615,51615,0
8,CS9->US57,32619,32618,0
8,CS9->US65,0,0,0
8,CS9->US73,51244,51244,0
8,CS9->US81,57318,57318,0
8,CS9->US89,50990,50990,0
8,CS9->US97,0,0,0
8,CS9->US105,0,0,0
8,CS9->US113,57860,57860,0
8,CS9->US121,54409,54409,0
8,CS10->US2,51827,51827,0
8,CS10->US10,50519,50519,0
8,CS10->US18,50560,50560,0
8,CS10->US26,31890,31888,0
8,CS10->US34,0,0,0
8,CS10->US42,51329,51329,0
8,CS10->US50,51489,51489,0
8,CS10->US58,32411,32411,0
8,CS10->US66,0,0,0
8,CS10->US74,50787,50787,0
8,CS10->US82,57143,57143,0
8,CS10->US90,51131,51131,0
8,CS10->US98,0,0,0
8,CS10->US106,0,0,0
8,CS10->US114,57870,57870,0
8,CS10->US122,54536,54536,0
8,CS11->US3,51188,51188,0
8,CS11->US11,50555,50555,0
8,CS11->US19,51055,51055,0
8,CS11->US27,31582,31581,0
8,CS11->US35,0,0,0
8,CS11->US43,51220,51220,0
8,CS11->US51,51421,51421,0
8,CS11->US59,32600,32599,0
8,CS11->US67,0,0,0
8,CS11->US75,50874,50874,0
8,CS11->US83,57680,57680,0
8,CS11->US91,50987,50987,0
8,CS11->US99,0,0,0
8,CS11->US107,0,0,0
8,CS11->US115,57669,57669,0
8,CS11->US123,53984,53984,0
8,CS12->US4,51970,51970,0
8,CS12->US12,50497,50497,0
8,CS12->US20,50785,50785,0
8,CS12->US28,31826,31826,0
8,CS12->US36,0,0,0
8,CS12->US44,51118,51118,0
8,CS12->US52,51331,51331,0
8,CS12->US60,32396,32395,0
8,CS12->US68,0,0,0
8,CS12->US76,51286,51286,0
8,CS12->US84,57310,57310,0
8,CS12->US92,51006,51006,0
8,CS12->US100,0,0,0
8,CS12->US108,0,0,0
8,CS12->US116,57738,57738,0
8,CS12->US124,54586,54586,0
8,CS13->US5,51608,51608,0
8,CS13->US13,50174,50174,0
8,CS13->US21,50916,50916,0
8,CS13->US29,32123,32123,0
8,CS13->US37,0,0,0
8,CS13->US45,51024,51024,0
8,CS13->US53,51477,51477,0
8,CS13->US61,32551,32550,0
8,CS13->US69,0,0,0
8,CS13->US77,51091,51091,0
8,CS13->US85,57631,57631,0
8,CS13->US93,50776,50776,0
8,CS13->US101,0,0,0
8,CS13->US109,0,0,0
8,CS13->US117,57957,57957,0
8,CS13->US125,53898,53898,0
8,CS14->US6,51349,51349,0
8,CS14->US14,50350,50350,0
8,CS14->US22,51183,51183,0
8,CS14->US30,31810,31810,0
8,CS14->US38,0,0,0
8,CS14->US46,51260,51260,0
8,CS14->US54,51622,51622,0
8,CS14->US62,31904,31904,0
8,CS14->US70,0,0,0
8,CS14->US78,50834,50834,0
8,CS14->US86,57339,57339,0
8,CS14->US94,50723,50723,0
8,CS14->US102,0,0,0
8,CS14->US110,0,0,0
8,CS14->US118,57179,57179,0
8,CS14->US126,54127,54127,0
8,CS15->US7,51723,51723,0
8,CS15->US15,50337,50337,0
8,CS15->US23,50571,50571,0
8,CS15->US31,31809,31809,0
8,CS15->US39,0,0,0
8,CS15->US47,51212,51212,0
8,CS15->US55,51088,51088,0
8,CS15->US63,32775,32775,0
8,CS15->US71,0,0,0
8,CS15->US79,50984,50984,0
8,CS15->US87,57557,57557,0
8,CS15->US95,51303,51303,0
8,CS15->US103,0,0,0
8,CS15->US111,0,0,0
8,CS15->US119,57808,57808,0
8,CS15->US127,54301,54301,0
8,CS16->US0,51993,51993,0
8,CS16->US8,50444,50444,0
8,CS16->US16,50609,50609,0
8,CS16->US24,32126,32126,0
8,CS16->US32,0,0,0
8,CS16->US40,51662,51662,0
8,CS16->US48,51567,51567,0
8,CS16->US56,32523,32522,0
8,CS16->US64,0,0,0
8,CS16->US72,50751,50751,0
8,CS16->US80,57129,57129,0
8,CS16->US88,51035,51035,0
8,CS16->US96,0,0,0
8,CS16->US104,0,0,0
8,CS16->US112,57681,57681,0
8,CS16->US120,54229,54229,0
8,CS17->US1,51988,51988,0
8,CS17->US9,49992,49992,0
8,CS17->US17,50905,50905,0
8,CS17->US25,31995,31993,0
8,CS17->US33,0,0,0
8,CS17->US41,51044,51044,0
8,CS17->US49,51182,51182,0
8,CS17->US57,32623,32623,0
8,CS17->US65,0,0,0
8,CS17->US73,51127,51127,0
8,CS17->US81,57240,57240,0
8,CS17->US89,51440,51440,0
8,CS17->US97,0,0,0
8,CS17->US105,0,0,0
8,CS17->US113,57724,57724,0
8,CS17->US121,53855,53855,0
8,CS18->US2,51801,51801,0
8,CS18->US10,50523,50523,0
8,CS18->US18,50758,50758,0
8,CS18->US26,31663,31662,0
8,CS18->US34,0,0,0
8,CS18->US42,51085,51085,0
8,CS18->US50,51150,51150,0
8,CS18->US58,32433,32431,0
8,CS18->US66,0,0,0
8,CS18->US74,50923,50923,0
8,CS18->US82,57478,57478,0
8,CS18->US90,51264,51264,0
8,CS18->US98,0,0,0
8,CS18->US106,0,0,0
8,CS18->US114,57612,57612,0
8,CS18->US122,54247,54247,0
8,CS19->US3,51354,51354,0
8,CS19->US11,50417,50417,0
8,CS19->US19,50530,50530,0
8,CS19->US27,31832,31832,0
8,CS19->US35,0,0,0
8,CS19->US43,51448,51448,0
8,CS19->US51,51533,51533,0
8,CS19->US59,32425,32424,0
8,CS19->US67,0,0,0
8,CS19->US75,51242,51242,0
8,CS19->US83,57452,57452,0
8,CS19->US91,50722,50722,0
8,CS19->US99,0,0,0
8,CS19->US107,0,0,0
8,CS19->US115,57445,57445,0
8,CS19->US123,54192,54192,0
8,CS20->US4,51408,51408,0
8,CS20->US12,50466,50466,0
8,CS20->US20,50467,50467,0
8,CS20->US28,31723,31722,0
8,CS20->US36,0,0,0
8,CS20->US44,51316,51316,0
8,CS20->US52,51350,51350,0
8,CS20->US60,32435,32435,0
8,CS20->US68,0,0,0
8,CS20->US76,50847,50847,0
8,CS20->US84,57202,57202,0
8,CS20->US92,50614,50614,0
8,CS20->US100,0,0,0
8,CS20->US108,0,0,0
8,CS20->US116,57460,57460,0
8,CS20->US124,54051,54051,0
8,CS21->US5,51627,51627,0
8,CS21->US13,50420,50420,0
8,CS21->US21,50790,50790,0
8,CS21->US29,31524,31524,0
8,CS21->US37,0,0,0
8,CS21->US45,51515,51515,0
8,CS21->US53,51447,51447,0
8,CS21->US61,32342,32342,0
8,CS21->US69,0,0,0
8,CS21->US77,50868,50868,0
8,CS21->US85,56864,56864,0
8,CS21->US93,51186,51186,0
8,CS21->US101,0,0,0
8,CS21->US109,0,0,0
8,CS21->US117,57546,57546,0
8,CS21->US125,54047,54047,0
8,CS22->US6,51518,51518,0
8,CS22->US14,50414,50414,0
8,CS22->US22,50277,50277,0
8,CS22->US30,32172,32171,0
8,CS22->US38,0,0,0
8,CS22->US46,51134,51134,0
8,CS22->US54,51408,51408,0
8,CS22->US62,32202,32202,0
8,CS22->US70,0,0,0
8,CS22->US78,51355,51355,0
8,CS22->US86,57082,57082,0
8,CS22->US94,51013,51013,0
8,CS22->US102,0,0,0
8,CS22->US110,0,0,0
8,CS22->US118,57640,57640,0
8,CS22->US126,54293,54293,0
8,CS23->US7,51446,51446,0
8,CS23->US15,50288,50288,0
8,CS23->US23,50873,50873,0
8,CS23->US31,32208,32207,0
8,CS23->US39,0,0,0
8,CS23->US47,51021,51021,0
8,CS23->US55,51741,51741,0
8,CS23->US63,32123,32123,0
8,CS23->US71,0,0,0
8,CS23->US79,50546,50546,0
8,CS23->US87,57372,57372,0
8,CS23->US95,51096,51096,0
8,CS23->US103,0,0,0
8,CS23->US111,0,0,0
8,CS23->US119,57737,57737,0
8,CS23->US127,53808,53808,0
8,CS24->US0,51502,51502,0
8,CS24->US8,50456,50456,0
8,CS24->US16,50557,50557,0
8,CS24->US24,32123,32120,0
8,CS24->US32,0,0,0
8,CS24->US40,51456,51456,0
8,CS24->US48,51725,51725,0
8,CS24->US56,32653,32652,0
8,CS24->US64,0,0,0
8,CS24->US72,51099,51099,0
8,CS24->US80,57184,57184,0
8,CS24->US88,50377,50377,0
8,CS24->US96,0,0,0
8,CS24->US104,0,0,0
8,CS24->US112,57565,57565,0
8,CS24->US120,54067,54067,0
8,CS25->US1,51310,51310,0
8,CS25->US9,50148,50148,0
8,CS25->US17,50380,50380,0
8,CS25->US25,32207,32207,0
8,CS25->US33,0,0,0
8,CS25->US41,51737,51737,0
8,CS25->US49,51413,51413,0
8,CS25->US57,32159,32156,0
8,CS25->US65,0,0,0
8,CS25->US73,51227,51227,0
8,CS25->US81,57080,57080,0
8,CS25->US89,50530,50530,0
8,CS25->US97,0,0,0
8,CS25->US105,0,0,0
8,CS25->US113,57221,57221,0
8,CS25->US121,54073,54073,0
8,CS26->US2,51231,51231,0
8,CS26->US10,50461,50461,0
8,CS26->US18,50501,50501,0
8,CS26->US26,31850,31850,0
8,CS26->US34,0,0,0
8,CS26->US42,51396,51396,0
8,CS26->US50,51797,51797,0
8,CS26->US58,32438,32437,0
8,CS26->US66,0,0,0
8,CS26->US74,50941,50941,0
8,CS26->US82,57687,57687,0
8,CS26->US90,51112,51112,0
8,CS26->US98,0,0,0
8,CS26->US106,0,0,0
8,CS26->US114,57606,57606,0
8,CS26->US122,54426,54426,0
8,CS27->US3,51828,51828,0
8,CS27->US11,50450,50450,0
8,CS27->US19,50407,50407,0
8,CS27->US27,31853,31853,0
8,CS27->US35,0,0,0
8,CS27->US43,51486,51486,0
8,CS27->US51,51502,51502,0
8,CS27->US59,32175,32174,0
8,CS27->US67,0,0,0
8,CS27->US75,50739,50739,0
8,CS27->US83,57220,57220,0
8,CS27->US91,50909,50909,0
8,CS27->US99,0,0,0
8,CS27->US107,0,0,0
8,CS27->US115,57589,57589,0
8,CS27->US123,54395,54395,0
8,CS28->US4,51682,51682,0
8,CS28->US12,50634,50634,0
8,CS28->US20,50590,50590,0
8,CS28->US28,31592,31592,0
8,CS28->US36,0,0,0
8,CS28->US44,51515,51515,0
8,CS28->US52,51715,51715,0
8,CS28->US60,32430,32430,0
8,CS28->US68,0,0,0
8,CS28->US76,50890,50890,0
8,CS28->US84,57165,57165,0
8,CS28->US92,51062,51062,0
8,CS28->US100,0,0,0
8,CS28->US108,0,0,0
8,CS28->US116,57615,57615,0
8,CS28->US124,54570,54570,0
8,CS29->US5,51616,51616,0
8,CS29->US13,50229,50229,0
8,CS29->US21,50485,50485,0
8,CS29->US29,31864,31863,0
8,CS29->US37,0,0,0
8,CS29->US45,51203,51203,0
8,CS29->US53,51391,51391,0
8,CS29->US61,32263,32263,0
8,CS29->US69,0,0,0
8,CS29->US77,50887,50887,0
8,CS29->US85,56940,56940,0
8,CS29->US93,50618,50618,0
8,CS29->US101,0,0,0
8,CS29->US109,0,0,0
8,CS29->US117,57534,57534,0
8,CS29->US125,54493,54493,0
8,CS30->US6,51370,51370,0
8,CS30->US14,50495,50495,0
8,CS30->US22,50448,50448,0
8,CS30->US30,31972,31972,0
8,CS30->US38,0,0,0
8,CS30->US46,51283,51283,0
8,CS30->US54,51510,51510,0
8,CS30->US62,32250,32249,0
8,CS30->US70,0,0,0
8,CS30->US78,50953,50953,0
8,CS30->US86,57065,57065,0
8,CS30->US94,51162,51162,0
8,CS30->US102,0,0,0
8,CS30->US110,0,0,0
8,CS30->US118,57317,57317,0
8,CS30->US126,54039,54039,0
8,CS31->US7,51312,51312,0
8,CS31->US15,50473,50473,0
8,CS31->US23,50688,50688,0
8,CS31->US31,32084,32083,0
8,CS31->US39,0,0,0
8,CS31->US47,51291,51291,0
8,CS31->US55,51392,51392,0
8,CS31->US63,32464,32464,0
8,CS31->US71,0,0,0
8,CS31->US79,50549,50549,0
8,CS31->US87,57431,57431,0
8,CS31->US95,50980,50980,0
8,CS31->US103,0,0,0
8,CS31->US111,0,0,0
8,CS31->US119,57154,57154,0
8,CS31->US127,54135,54135,0
8,CS32->US0,50999,50999,0
8,CS32->US8,50321,50321,0
8,CS32->US16,50449,50449,0
8,CS32->US24,32042,32041,0
8,CS32->US32,0,0,0
8,CS32->US40,51491,51491,0
8,CS32->US48,51380,51380,0
8,CS32->US56,32298,32296,0
8,CS32->US64,0,0,0
8,CS32->US72,51237,51237,0
8,CS32->US80,57178,57178,0
8,CS32->US88,51306,51306,0
8,CS32->US96,0,0,0
8,CS32->US104,0,0,0
8,CS32->US112,57581,57581,0
8,CS32->US120,54204,54204,0
8,CS33->US1,51317,51317,0
8,CS33->US9,50113,50113,0
8,CS33->US17,50616,50616,0
8,CS33->US25,31987,31987,0
8,CS33->US33,0,0,0
8,CS33->US41,50973,50973,0
8,CS33->US49,51324,51324,0
8,CS33->US57,32443,32443,0
8,CS33->US65,0,0,0
8,CS33->US73,51102,51102,0
8,CS33->US81,57049,57049,0
8,CS33->US89,51028,51028,0
8,CS33->US97,0,0,0
8,CS33->US105,0,0,0
8,CS33->US113,57520,57520,0
8,CS33->US121,54049,54049,0
8,CS34->US2,51338,51338,0
8,CS34->US10,50346,50346,0
8,CS34->US18,50678,50678,0
8,CS34->US26,31502,31502,0
8,CS34->US34,0,0,0
8,CS34->US42,51386,51386,0
8,CS34->US50,51741,51741,0
8,CS34->US58,32137,32137,0
8,CS34->US66,0,0,0
8,CS34->US74,50822,50822,0
8,CS34->US82,57413,57413,0
8,CS34->US90,50704,50704,0
8,CS34->US98,0,0,0
8,CS34->US106,0,0,0
8,CS34->US114,57408,57408,0
8,CS34->US122,54606,54606,0
8,CS35->US3,51192,51192,0
8,CS35->US11,50465,50465,0
8,CS35->US19,50381,50381,0
8,CS35->US27,31999,31999,0
8,CS35->US35,0,0,0
8,CS35->US43,51162,51162,0
8,CS35->US51,51613,51613,0
8,CS35->US59,32438,32436,0
8,CS35->US67,0,0,0
8,CS35->US75,51014,51014,0
8,CS35->US83,57444,57444,0
8,CS35->US91,51166,51166,0
8,CS35->US99,0,0,0
8,CS35->US107,0,0,0
8,CS35->US115,57619,57619,0
8,CS35->US123,54165,54165,0
8,CS36->US4,51594,51594,0
8,CS36->US12,50321,50321,0
8,CS36->US20,50853,50853,0
8,CS36->US28,31641,31640,0
8,CS36->US36,0,0,0
8,CS36->US44,51335,51335,0
8,CS36->US52,51399,51399,0
8,CS36->US60,32511,32511,0
8,CS36->US68,0,0,0
8,CS36->US76,50725,50725,0
8,CS36->US84,57116,57116,0
8,CS36->US92,51125,51125,0
8,CS36->US100,0,0,0
8,CS36->US108,0,0,0
8,CS36->US116,57276,57276,0
8,CS36->US124,54748,54748,0
8,CS37->US5,51583,51583,0
8,CS37->US13,50079,50079,0
8,CS37->US21,50965,50965,0
8,CS37->US29,31756,31756,0
8,CS37->US37,0,0,0
8,CS37->US45,51145,51145,0
8,CS37->US53,51519,51519,0
8,CS37->US61,31950,31948,0
8,CS37->US69,0,0,0
8,CS37->US77,51133,51133,0
8,CS37->US85,56954,56954,0
8,CS37->US93,50878,50878,0
8,CS37->US101,0,0,0
8,CS37->US109,0,0,0
8,CS37->US117,57850,57850,0
8,CS37->US125,53950,53950,0
8,CS38->US6,51632,51632,0
8,CS38->US14,50116,50116,0
8,CS38->US22,51139,51139,0
8,CS38->US30,31527,31526,0
8,CS38->US38,0,0,0
8,CS38->US46,51506,51506,0
8,CS38->US54,51435,51435,0
8,CS38->US62,32411,32411,0
8,CS38->US70,0,0,0
8,CS38->US78,51015,51015,0
8,CS38->US86,57391,57391,0
8,CS38->US94,50999,50999,0
8,CS38->US102,0,0,0
8,CS38->US110,0,0,0
8,CS38->US118,57969,57969,0
8,CS38->US126,53908,53908,0
8,CS39->US7,51450,51450,0
8,CS39->US15,50372,50372,0
8,CS39->US23,50844,50844,0
8,CS39->US31,31589,31589,0
8,CS39->US39,0,0,0
8,CS39->US47,51528,51528,0
8,CS39->US55,51452,51452,0
8,CS39->US63,32370,32369,0
8,CS39->US71,0,0,0
8,CS39->US79,50960,50960,0
8,CS39->US87,57471,57471,0
8,CS39->US95,51269,51269,0
8,CS39->US103,0,0,0
8,CS39->US111,0,0,0
8,CS39->US119,57923,57923,0
8,CS39->US127,54104,54104,0
8,CS40->US0,51185,51185,0
8,CS40->US8,50416,50416,0
8,CS40->US16,50198,50198,0
8,CS40->US24,31936,31936,0
8,CS40->US32,0,0,0
8,CS40->US40,51278,51278,0
8,CS40->US48,51492,51492,0
8,CS40->US56,32159,32158,0
8,CS40->US64,0,0,0
8,CS40->US72,51066,51066,0
8,CS40->US80,57489,57489,0
8,CS40->US88,50421,50421,0
8,CS40->US96,0,0,0
8,CS40->US104,0,0,0
8,CS40->US112,57545,57545,0
8,CS40->US120,54239,54239,0
8,CS41->US1,51492,51492,0
8,CS41->US9,50251,50251,0
8,CS41->US17,50723,50723,0
8,CS41->US25,31933,31931,0
8,CS41->US33,0,0,0
8,CS41->US41,51274,51274,0
8,CS41->US49,51314,51314,0
8,CS41->US57,32572,32571,0
8,CS41->US65,0,0,0
8,CS41->US73,50648,50648,0
8,CS41->US81,57159,57159,0
8,CS41->US89,50542,50542,0
8,CS41->US97,0,0,0
8,CS41->US105,0,0,0
8,CS41->US113,57323,57323,0
8,CS41->US121,54270,54270,0
8,CS42->US2,51330,51330,0
8,CS42->US10,50422,50422,0
8,CS42->US18,50975,50975,0
8,CS42->US26,31993,31991,0
8,CS42->US34,0,0,0
8,CS42->US42,51367,51367,0
8,CS42->US50,51390,51390,0
8,CS42->US58,32293,32292,0
8,CS42->US66,0,0,0
8,CS42->US74,51253,51253,0
8,CS42->US82,57406,57406,0
8,CS42->US90,51204,51204,0
8,CS42->US98,0,0,0
8,CS42->US106,0,0,0
8,CS42->US114,57418,57418,0
8,CS42->US122,54165,54165,0
8,CS43->US3,51143,51143,0
8,CS43->US11,50235,50235,0
8,CS43->US19,50773,50773,0
8,CS43->US27,31781,31781,0
8,CS43->US35,0,0,0
8,CS43->US43,51189,51189,0
8,CS43->US51,51607,51607,0
8,CS43->US59,32241,32241,0
8,CS43->US67,0,0,0
8,CS43->US75,51199,51199,0
8,CS43->US83,56966,56966,0
8,CS43->US91,50594,50594,0
8,CS43->US99,0,0,0
8,CS43->US107,0,0,0
8,CS43->US115,57676,57676,0
8,CS43->US123,54175,54175,0
8,CS44->US4,51240,51240,0
8,CS44->US12,50228,50228,0
8,CS44->US20,50348,50348,0
8,CS44->US28,31683,31681,0
8,CS44->US36,0,0,0
8,CS44->US44,51593,51593,0
8,CS44->US52,51027,51027,0
8,CS44->US60,32438,32438,0
8,CS44->US68,0,0,0
8,CS44->US76,51150,51150,0
8,CS44->US84,57273,57273,0
8,CS44->US92,50806,50806,0
8,CS44->US100,0,0,0
8,CS44->US108,0,0,0
8,CS44->US116,57341,57341,0
8,CS44->US124,54577,54577,0
8,CS45->US5,51726,51726,0
8,CS45->US13,50161,50161,0
8,CS45->US21,50754,50754,0
8,CS45->US29,32198,32198,0
8,CS45->US37,0,0,0
8,CS45->US45,51344,51344,0
8,CS45->US53,51315,51315,0
8,CS45->US61,32218,32218,0
8,CS45->US69,0,0,0
8,CS45->US77,50934,50934,0
8,CS45->US85,57425,57425,0
8,CS45->US93,50538,50538,0
8,CS45->US101,0,0,0
8,CS45->US109,0,0,0
8,CS45->US117,57135,57135,0
8,CS45->US125,54160,54160,0
8,CS46->US6,51617,51617,0
8,CS46->US14,50408,50408,0
8,CS46->US22,50850,50850,0
8,CS46->US30,32085,32085,0
8,CS46->US38,0,0,0
8,CS46->US46,51163,51163,0
8,CS46->US54,51751,51751,0
8,CS46->US62,32270,32270,0
8,CS46->US70,0,0,0
8,CS46->US78,50794,50794,0
8,CS46->US86,57191,57191,0
8,CS46->US94,51197,51197,0
8,CS46->US102,0,0,0
8,CS46->US110,0,0,0
8,CS46->US118,57794,57794,0
8,CS46->US126,54384,54384,0
8,CS47->US7,51270,51270,0
8,CS47->US15,50114,50114,0
8,CS47->US23,50652,50652,0
8,CS47->US31,31837,31837,0
8,CS47->US39,0,0,0
8,CS47->US47,51470,51470,0
8,CS47->US55,51306,51306,0
8,CS47->US63,32638,32637,0
8,CS47->US71,0,0,0
8,CS47->US79,51052,51052,0
8,CS47->US87,56973,56973,0
8,CS47->US95,50851,50851,0
8,CS47->US103,0,0,0
8,CS47->US111,0,0,0
8,CS47->US119,57695,57695,0
8,CS47->US127,54485,54485,0
8,CS48->US0,51223,51223,0
8,CS48->US8,50291,50291,0
8,CS48->US16,50640,50640,0
8,CS48->US24,31758,31758,0
8,CS48->US32,0,0,0
8,CS48->US40,51193,51193,0
8,CS48->US48,51386,51386,0
8,CS48->US56,32503,32503,0
8,CS48->US64,0,0,0
8,CS48->US72,50935,50935,0
8,CS48->US80,57726,57726,0
8,CS48->US88,50750,50750,0
8,CS48->US96,0,0,0
8,CS48->US104,0,0,0
8,CS48->US112,57933,57933,0
8,CS48->US120,54450,54450,0
8,CS49->US1,51729,51729,0
8,CS49->US9,50258,50258,0
8,CS49->US17,50963,50963,0
8,CS49->US25,31740,31739,0
8,CS49->US33,0,0,0
8,CS49->US41,51354,51354,0
8,CS49->US49,51526,51526,0
8,CS49->US57,32496,32496,0
8,CS49->US65,0,0,0
8,CS49->US73,50745,50745,0
8,CS49->US81,57596,57596,0
8,CS49->US89,51029,51029,0
8,CS49->US97,0,0,0
8,CS49->US105,0,0,0
8,CS49->US113,57732,57732,0
8,CS49->US121,54017,54017,0
8,CS50->US2,51474,51474,0
8,CS50->US10,50515,50515,0
8,CS50->US18,50368,50368,0
8,CS50->US26,31675,31675,0
8,CS50->US34,0,0,0
8,CS50->US42,51526,51526,0
8,CS50->US50,51422,51422,0
8,CS50->US58,32190,32190,0
8,CS50->US66,0,0,0
8,CS50->US74,51208,51208,0
8,CS50->US82,57359,57359,0
8,CS50->US90,50694,50694,0
8,CS50->US98,0,0,0
8,CS50->US106,0,0,0
8,CS50->US114,57655,57655,0
8,CS50->US122,54032,54032,0
8,CS51->US3,51445,51445,0
8,CS51->US11,50373,50373,0
8,CS51->US19,51111,51111,0
8,CS51->US27,31872,31872,0
8,CS51->US35,0,0,0
8,CS51->US43,51458,51458,0
8,CS51->US51,51272,51272,0
8,CS51->US59,32482,32482,0
8,CS51->US67,0,0,0
8,CS51->US75,50931,50931,0
8,CS51->US83,57608,57608,0
8,CS51->US91,51272,51272,0
8,CS51->US99,0,0,0
8,CS51->US107,0,0,0
8,CS51->US115,57497,57497,0
8,CS51->US123,54226,54226,0
8,CS52->US4,51216,51216,0
8,CS52->US12,50107,50107,0
8,CS52->US20,50458,50458,0
8,CS52->US28,32203,32203,0
8,CS52->US36,0,0,0
8,CS52->US44,51215,51215,0
8,CS52->US52,51728,51728,0
8,CS52->US60,32440,32440,0
8,CS52->US68,0,0,0
8,CS52->US76,50953,50953,0
8,CS52->US84,57522,57522,0
8,CS52->US92,50578,50578,0
8,CS52->US100,0,0,0
8,CS52->US108,0,0,0
8,CS52->US116,57285,57285,0
8,CS52->US124,54138,54138,0
8,CS53->US5,51563,51563,0
8,CS53->US13,50233,50233,0
8,CS53->US21,50480,50480,0
8,CS53->US29,31824,31824,0
8,CS53->US37,0,0,0
8,CS53->US45,51107,51107,0
8,CS53->US53,51378,51378,0
8,CS53->US61,32251,32251,0
8,CS53->US69,0,0,0
8,CS53->US77,51103,51103,0
8,CS53->US85,57031,57031,0
8,CS53->US93,50760,50760,0
8,CS53->US101,0,0,0
8,CS53->US109,0,0,0
8,CS53->US117,57782,57782,0
8,CS53->US125,54617,54617,0
8,CS54->US6,51315,51315,0
8,CS54->US14,50092,50092,0
8,CS54->US22,50737,50737,0
8,CS54->US30,31879,31879,0
8,CS54->US38,0,0,0
8,CS54->US46,51557,51557,0
8,CS54->US54,51473,51473,0
8,CS54->US62,32400,32400,0
8,CS54->US70,0,0,0
8,CS54->US78,51126,51126,0
8,CS54->US86,57271,57271,0
8,CS54->US94,50862,50862,0
8,CS54->US102,0,0,0
8,CS54->US110,0,0,0
8,CS54->US118,57472,57472,0
8,CS54->US126,53439,53439,0
8,CS55->US7,50989,50989,0
8,CS55->US15,50357,50357,0
8,CS55->US23,50585,50585,0
8,CS55->US31,31845,31845,0
8,CS55->US39,0,0,0
8,CS55->US47,51120,51120,0
8,CS55->US55,51422,51422,0
8,CS55->US63,32252,32252,0
8,CS55->US71,0,0,0
8,CS55->US79,50521,50521,0
8,CS55->US87,56941,56941,0
8,CS55->US95,51241,51241,0
8,CS55->US103,0,0,0
8,CS55->US111,0,0,0
8,CS55->US119,57880,57880,0
8,CS55->US127,54448,54448,0
8,CS56->US0,51408,51408,0
8,CS56->US8,50493,50493,0
8,CS56->US16,50401,50401,0
8,CS56->US24,31890,31890,0
8,CS56->US32,0,0,0
8,CS56->US40,51048,51048,0
8,CS56->US48,51861,51861,0
8,CS56->US56,32496,32493,0
8,CS56->US64,0,0,0
8,CS56->US72,50811,50811,0
8,CS56->US80,57523,57523,0
8,CS56->US88,50722,50722,0
8,CS56->US96,0,0,0
8,CS56->US104,0,0,0
8,CS56->US112,57798,57798,0
8,CS56->US120,54350,54350,0
8,CS57->US1,51784,51784,0
8,CS57->US9,50571,50571,0
8,CS57->US17,50392,50392,0
8,CS57->US25,31628,31628,0
8,CS57->US33,0,0,0
8,CS57->US41,51310,51310,0
8,CS57->US49,51560,51560,0
8,CS57->US57,32130,32130,0
8,CS57->US65,0,0,0
8,CS57->US73,50718,50718,0
8,CS57->US81,57347,57347,0
8,CS57->US89,51314,51314,0
8,CS57->US97,0,0,0
8,CS57->US105,0,0,0
8,CS57->US113,57598,57598,0
8,CS57->US121,54491,54491,0
8,CS58->US2,51237,51237,0
8,CS58->US10,50322,50322,0
8,CS58->US18,50788,50788,0
8,CS58->US26,31504,31503,0
8,CS58->US34,0,0,0
8,CS58->US42,51337,51337,0
8,CS58->US50,51294,51294,0
8,CS58->US58,32221,32221,0
8,CS58->US66,0,0,0
8,CS58->US74,51287,51287,0
8,CS58->US82,57248,57248,0
8,CS58->US90,50604,50604,0
8,CS58->US98,0,0,0
8,CS58->US106,0,0,0
8,CS58->US114,57548,57548,0
8,CS58->US122,54694,54694,0
8,CS59->US3,51706,51706,0
8,CS59->US11,50593,50593,0
8,CS59->US19,50693,50693,0
8,CS59->US27,31731,31731,0
8,CS59->US35,0,0,0
8,CS59->US43,51222,51222,0
8,CS59->US51,51428,51428,0
8,CS59->US59,32440,32440,0
8,CS59->US67,0,0,0
8,CS59->US75,51189,51189,0
8,CS59->US83,57241,57241,0
8,CS59->US91,50819,50819,0
8,CS59->US99,0,0,0
8,CS59->US107,0,0,0
8,CS59->US115,57236,57236,0
8,CS59->US123,54271,54271,0
8,CS60->US4,51777,51777,0
8,CS60->US12,50445,50445,0
8,CS60->US20,50592,50592,0
8,CS60->US28,31673,31673,0
8,CS60->US36,0,0,0
8,CS60->US44,51331,51331,0
8,CS60->US52,51404,51404,0
8,CS60->US60,32142,32142,0
8,CS60->US68,0,0,0
8,CS60->US76,51332,51332,0
8,CS60->US84,57339,57339,0
8,CS60->US92,50965,50965,0
8,CS60->US100,0,0,0
8,CS60->US108,0,0,0
8,CS60->US116,57543,57543,0
8,CS60->US124,54245,54245,0
8,CS61->US5,51483,51483,0
8,CS61->US13,50113,50113,0
8,CS61->US21,50958,50958,0
8,CS61->US29,31958,31958,0
8,CS61->US37,0,0,0
8,CS61->US45,51079,51079,0
8,CS61->US53,51598,51598,0
8,CS61->US61,32575,32575,0
8,CS61->US69,0,0,0
8,CS61->US77,51270,51270,0
8,CS61->US85,57197,57197,0
8,CS61->US93,50973,50973,0
8,CS61->US101,0,0,0
8,CS61->US109,0,0,0
8,CS61->US117,57506,57506,0
8,CS61->US125,54351,54351,0
8,CS62->US6,51690,51690,0
8,CS62->US14,50368,50368,0
8,CS62->US22,50492,50492,0
8,CS62->US30,31657,31655,0
8,CS62->US38,0,0,0
8,CS62->US46,51055,51055,0
8,CS62->US54,51572,51572,0
8,CS62->US62,32228,32226,0
8,CS62->US70,0,0,0
8,CS62->US78,51125,51125,0
8,CS62->US86,56900,56900,0
8,CS62->US94,50874,50874,0
8,CS62->US102,0,0,0
8,CS62->US110,0,0,0
8,CS62->US118,57437,57437,0
8,CS62->US126,53801,53801,0
8,CS63->US7,51521,51521,0
8,CS63->US15,50244,50244,0
8,CS63->US23,50748,50748,0
8,CS63->US31,31931,31931,0
8,CS63->US39,0,0,0
8,CS63->US47,51196,51196,0
8,CS63->US55,51498,51498,0
8,CS63->US63,32502,32502,0
8,CS63->US71,0,0,0
8,CS63->US79,51068,51068,0
8,CS63->US87,57530,57530,0
8,CS63->US95,50651,50651,0
8,CS63->US103,0,0,0
8,CS63->US111,0,0,0
8,CS63->US119,57573,57573,0
8,CS63->US127,54318,54318,0
9,US0->CS0,51625,51625,0
9,US0->CS8,52046,52046,0
9,US0->CS16,51809,51809,0
9,US0->CS24,51991,51991,0
9,US0->CS32,51674,51674,0
9,US0->CS40,51793,51793,0
9,US0->CS48,51655,51655,0
9,US0->CS56,52135,52135,0
9,US1->CS1,51893,51893,0
9,US1->CS9,51869,51869,0
9,US1->CS17,51396,51396,0
9,US1->CS25,51686,51686,0
9,US1->CS33,51598,51598,0
9,US1->CS41,51608,51608,0
9,US1->CS49,51842,51842,0
9,US1->CS57,51825,51825,0
9,US2->CS2,51525,51525,0
9,US2->CS10,51786,51786,0
9,US2->CS18,51409,51409,0
9,US2->CS26,52113,52113,0
9,US2->CS34,52051,52051,0
9,US2->CS42,51632,51632,0
9,US2->CS50,51677,51677,0
9,US2->CS58,51579,51579,0
9,US3->CS3,51726,51726,0
9,US3->CS11,51684,51684,0
9,US3->CS19,51768,51768,0
9,US3->CS27,51772,51772,0
9,US3->CS35,51895,51895,0
9,US3->CS43,51858,51858,0
9,US3->CS51,51609,51609,0
9,US3->CS59,51675,51675,0
9,US4->CS4,51865,51865,0
9,US4->CS12,51641,51641,0
9,US4->CS20,51632,51632,0
9,US4->CS28,51983,51983,0
9,US4->CS36,51688,51688,0
9,US4->CS44,51313,51313,0
9,US4->CS52,52007,52007,0
9,US4->CS60,51690,51690,0
9,US5->CS5,51897,51897,0
9,US5->CS13,51748,51748,0
9,US5->CS21,51799,51799,0
9,US5->CS29,51691,51691,0
9,US5->CS37,51737,51737,0
9,US5->CS45,51525,51525,0
9,US5->CS53,51711,51711,0
9,US5->CS61,51866,51866,0
9,US6->CS6,51710,51710,0
9,US6->CS14,51901,51901,0
9,US6->CS22,51678,51678,0
9,US6->CS30,51778,51778,0
9,US6->CS38,51743,51743,0
9,US6->CS46,52066,52066,0
9,US6->CS54,51752,51752,0
9,US6->CS62,51815,51815,0
9,US7->CS7,51961,51961,0
9,US7->CS15,51414,51414,0
9,US7->CS23,51991,51991,0
9,US7->CS31,51684,51684,0
9,US7->CS39,51753,51753,0
9,US7->CS47,51593,51593,0
9,US7->CS55,51714,51714,0
9,US7->CS63,51781,51781,0
9,US8->CS0,57331,57331,0
9,US8->CS8,57443,57443,0
9,US8->CS16,57254,57254,0
9,US8->CS24,57242,57242,0
9,US8->CS32,57261,57261,0
9,US8->CS40,57581,57581,0
9,US8->CS48,57787,57787,0
9,US8->CS56,57624,57624,0
9,US9->CS1,57530,57530,0
9,US9->CS9,57443,57443,0
9,US9->CS17,57400,57400,0
9,US9->CS25,57203,57203,0
9,US9->CS33,57143,57143,0
9,US9->CS41,57271,57271,0
9,US9->CS49,57641,57641,0
9,US9->CS57,57468,57468,0
9,US10->CS2,57377,57377,0
9,US10->CS10,57183,57183,0
9,US10->CS18,57574,57574,0
9,US10->CS26,57798,57798,0
9,US10->CS34,57462,57462,0
9,US10->CS42,57474,57474,0
9,US10->CS50,57430,57430,0
9,US10->CS58,57299,57299,0
9,US11->CS3,56956,56956,0
9,US11->CS11,57856,57856,0
9,US11->CS19,57566,57566,0
9,US11->CS27,57367,57367,0
9,US11->CS35,57522,57522,0
9,US11->CS43,57069,57069,0
9,US11->CS51,57656,57656,0
9,US11->CS59,57332,57332,0
9,US12->CS4,57638,57638,0
9,US12->CS12,57421,57421,0
9,US12->CS20,57336,57336,0
9,US12->CS28,57261,57261,0
9,US12->CS36,57305,57305,0
9,US12->CS44,57355,57355,0
9,US12->CS52,57593,57593,0
9,US12->CS60,57450,57450,0
9,US13->CS5,57111,57111,0
9,US13->CS13,57713,57713,0
9,US13->CS21,57075,57075,0
9,US13->CS29,57039,57039,0
9,US13->CS37,57104,57104,0
9,US13->CS45,57537,57537,0
9,US13->CS53,57122,57122,0
9,US13->CS61,57303,57303,0
9,US14->CS6,57193,57193,0
9,US14->CS14,57469,57469,0
9,US14->CS22,57151,57151,0
9,US14->CS30,57209,57209,0
9,US14->CS38,57588,57588,0
9,US14->CS46,57313,57313,0
9,US14->CS54,57407,57407,0
9,US14->CS62,57005,57005,0
9,US15->CS7,57124,57124,0
9,US15->CS15,57640,57640,0
9,US15->CS23,57445,57445,0
9,US15->CS31,57543,57543,0
9,US15->CS39,57582,57582,0
9,US15->CS47,57114,57114,0
9,US15->CS55,57043,57043,0
9,US15->CS63,57595,57595,0
9,US16->CS0,54432,54432,0
9,US16->CS8,54442,54442,0
9,US16->CS16,54349,54349,0
9,US16->CS24,54194,54194,0
9,US16->CS32,54320,54320,0
9,US16->CS40,54354,54354,0
9,US16->CS48,54576,54576,0
9,US16->CS56,54407,54407,0
9,US17->CS1,54362,54362,0
9,US17->CS9,54503,54503,0
9,US17->CS17,53948,53948,0
9,US17->CS25,54127,54127,0
9,US17->CS33,54137,54137,0
9,US17->CS41,54363,54363,0
9,US17->CS49,54111,54111,0
9,US17->CS57,54630,54630,0
9,US18->CS2,54118,54118,0
9,US18->CS10,54668,54668,0
9,US18->CS18,54290,54290,0
9,US18->CS26,54531,54531,0
9,US18->CS34,54704,54704,0
9,US18->CS42,54280,54280,0
9,US18->CS50,54206,54206,0
9,US18->CS58,54783,54783,0
9,US19->CS3,54430,54430,0
9,US19->CS11,54096,54096,0
9,US19->CS19,54323,54323,0
9,US19->CS27,54466,54466,0
9,US19->CS35,54292,54292,0
9,US19->CS43,54254,54254,0
9,US19->CS51,54369,54369,0
9,US19->CS59,54360,54360,0
9,US20->CS4,54305,54305,0
9,US20->CS12,54679,54679,0
9,US20->CS20,54233,54233,0
9,US20->CS28,54668,54668,0
9,US20->CS36,54843,54843,0
9,US20->CS44,54679,54679,0
9,US20->CS52,54292,54292,0
9,US20->CS60,54368,54368,0
9,US21->CS5,54334,54334,0
9,US21->CS13,53950,53950,0
9,US21->CS21,54171,54171,0
9,US21->CS29,54536,54536,0
9,US21->CS37,54113,54113,0
9,US21->CS45,54267,54267,0
9,US21->CS53,54678,54678,0
9,US21->CS61,54464,54464,0
9,US22->CS6,54848,54848,0
9,US22->CS14,54241,54241,0
9,US22->CS22,54343,54343,0
9,US22->CS30,54097,54097,0
9,US22->CS38,53973,53973,0
9,US22->CS46,54459,54459,0
9,US22->CS54,53599,53599,0
9,US22->CS62,53964,53964,0
9,US23->CS7,54390,54390,0
9,US23->CS15,54404,54404,0
9,US23->CS23,53904,53904,0
9,US23->CS31,54249,54249,0
9,US23->CS39,54261,54261,0
9,US23->CS47,54614,54614,0
9,US23->CS55,54552,54552,0
9,US23->CS63,54413,54413,0
9,US24->CS0,50711,50711,0
9,US24->CS8,50736,50736,0
9,US24->CS16,50987,50987,0
9,US24->CS24,50613,50613,0
9,US24->CS32,50663,50663,0
9,US24->CS40,50400,50400,0
9,US24->CS48,50922,50922,0
9,US24->CS56,50803,50803,0
9,US25->CS1,50281,50281,0
9,US25->CS9,50852,50852,0
9,US25->CS17,50746,50746,0
9,US25->CS25,50438,50438,0
9,US25->CS33,50889,50889,0
9,US25->CS41,50893,50893,0
9,US25->CS49,50777,50777,0
9,US25->CS57,50233,50233,0
9,US26->CS2,50731,50731,0
9,US26->CS10,50805,50805,0
9,US26->CS18,50595,50595,0
9,US26->CS26,50685,50685,0
9,US26->CS34,50331,50331,0
9,US26->CS42,50515,50515,0
9,US26->CS50,50359,50359,0
9,US26->CS58,50489,50489,0
9,US27->CS3,50583,50583,0
9,US27->CS11,50822,50822,0
9,US27->CS19,50697,50697,0
9,US27->CS27,50686,50686,0
9,US27->CS35,50593,50593,0
9,US27->CS43,50239,50239,0
9,US27->CS51,50741,50741,0
9,US27->CS59,50539,50539,0
9,US28->CS4,50440,50440,0
9,US28->CS12,50702,50702,0
9,US28->CS20,50662,50662,0
9,US28->CS28,50776,50776,0
9,US28->CS36,50914,50914,0
9,US28->CS44,50938,50938,0
9,US28->CS52,50517,50517,0
9,US28->CS60,50512,50512,0
9,US29->CS5,50465,50465,0
9,US29->CS13,50693,50693,0
9,US29->CS21,50876,50876,0
9,US29->CS29,50658,50658,0
9,US29->CS37,50358,50358,0
9,US29->CS45,50493,50493,0
9,US29->CS53,50431,50431,0
9,US29->CS61,50932,50932,0
9,US30->CS6,50738,50738,0
9,US30->CS14,50223,50223,0
9,US30->CS22,50406,50406,0
9,US30->CS30,50627,50627,0
9,US30->CS38,50626,50626,0
9,US30->CS46,50622,50622,0
9,US30->CS54,50914,50914,0
9,US30->CS62,50538,50538,0
9,US31->CS7,50888,50888,0
9,US31->CS15,51279,51279,0
9,US31->CS23,50170,50170,0
9,US31->CS31,50673,50673,0
9,US31->CS39,50296,50296,0
9,US31->CS47,50956,50956,0
9,US31->CS55,50366,50366,0
9,US31->CS63,50881,50881,0
9,US32->CS0,0,0,0
9,US32->CS8,0,0,0
9,US32->CS16,0,0,0
9,US32->CS24,0,0,0
9,US32->CS32,0,0,0
9,US32->CS40,0,0,0
9,US32->CS48,0,0,0
9,US32->CS56,0,0,0
9,US33->CS1,0,0,0
9,US33->CS9,0,0,0
9,US33->CS17,0,0,0
9,US33->CS25,0,0,0
9,US33->CS33,0,0,0
9,US33->CS41,0,0,0
9,US33->CS49,0,0,0
9,US33->CS57,0,0,0
9,US34->CS2,0,0,0
9,US34->CS10,0,0,0
9,US34->CS18,0,0,0
9,US34->CS26,0,0,0
9,US34->CS34,0,0,0
9,US34->CS42,0,0,0
9,US34->CS50,0,0,0
9,US34->CS58,0,0,0
9,US35->CS3,0,0,0
9,US35->CS11,0,0,0
9,US35->CS19,0,0,0
9,US35->CS27,0,0,0
9,US35->CS35,0,0,0
9,US35->CS43,0,0,0
9,US35->CS51,0,0,0
9,US35->CS59,0,0,0
9,US36->CS4,0,0,0
9,US36->CS12,0,0,0
9,US36->CS20,0,0,0
9,US36->CS28,0,0,0
9,US36->CS36,0,0,0
9,US36->CS44,0,0,0
9,US36->CS52,0,0,0
9,US36->CS60,0,0,0
9,US37->CS5,0,0,0
9,US37->CS13,0,0,0
9,US37->CS21,0,0,0
9,US37->CS29,0,0,0
9,US37->CS37,0,0,0
9,US37->CS45,0,0,0
9,US37->CS53,0,0,0
9,US37->CS61,0,0,0
9,US38->CS6,0,0,0
9,US38->CS14,0,0,0
9,US38->CS22,0,0,0
9,US38->CS30,0,0,0
9,US38->CS38,0,0,0
9,US38->CS46,0,0,0
9,US38->CS54,0,0,0
9,US38->CS62,0,0,0
9,US39->CS7,0,0,0
9,US39->CS15,0,0,0
9,US39->CS23,0,0,0
9,US39->CS31,0,0,0
9,US39->CS39,0,0,0
9,US39->CS47,0,0,0
9,US39->CS55,0,0,0
9,US39->CS63,0,0,0
9,US40->CS0,57464,57464,0
9,US40->CS8,57664,57664,0
9,US40->CS16,57630,57630,0
9,US40->CS24,57469,57469,0
9,US40->CS32,57501,57501,0
9,US40->CS40,57410,57410,0
9,US40->CS48,57933,57933,0
9,US40->CS56,57814,57814,0
9,US41->CS1,57484,57484,0
9,US41->CS9,57784,57784,0
9,US41->CS17,57711,57711,0
9,US41->CS25,57204,57204,0
9,US41->CS33,57443,57443,0
9,US41->CS41,57283,57283,0
9,US41->CS49,57604,57604,0
9,US41->CS57,57569,57569,0
9,US42->CS2,57454,57454,0
9,US42->CS10,57784,57784,0
9,US42->CS18,57594,57594,0
9,US42->CS26,57466,57466,0
9,US42->CS34,57296,57296,0
9,US42->CS42,57378,57378,0
9,US42->CS50,57609,57609,0
9,US42->CS58,57492,57492,0
9,US43->CS3,57413,57413,0
9,US43->CS11,57607,57607,0
9,US43->CS19,57426,57426,0
9,US43->CS27,57547,57547,0
9,US43->CS35,57551,57551,0
9,US43->CS43,57641,57641,0
9,US43->CS51,57424,57424,0
9,US43->CS59,57218,57218,0
9,US44->CS4,57517,57517,0
9,US44->CS12,57647,57647,0
9,US44->CS20,57374,57374,0
9,US44->CS28,57567,57567,0
9,US44->CS36,57211,57211,0
9,US44->CS44,57237,57237,0
9,US44->CS52,57218,57218,0
9,US44->CS60,57477,57477,0
9,US45->CS5,57286,57286,0
9,US45->CS13,57881,57881,0
9,US45->CS21,57372,57372,0
9,US45->CS29,57456,57456,0
9,US45->CS37,57845,57845,0
9,US45->CS45,57146,57146,0
9,US45->CS53,57664,57664,0
9,US45->CS61,57405,57405,0
9,US46->CS6,58213,58213,0
9,US46->CS14,57148,57148,0
9,US46->CS22,57590,57590,0
9,US46->CS30,57285,57285,0
9,US46->CS38,57853,57853,0
9,US46->CS46,57648,57648,0
9,US46->CS54,57391,57391,0
9,US46->CS62,57386,57386,0
9,US47->CS7,57314,57314,0
9,US47->CS15,57670,57670,0
9,US47->CS23,57715,57715,0
9,US47->CS31,57098,57098,0
9,US47->CS39,57858,57858,0
9,US47->CS47,57622,57622,0
9,US47->CS55,57821,57821,0
9,US47->CS63,57510,57510,0
9,US48->CS0,51937,51937,0
9,US48->CS8,52164,52164,0
9,US48->CS16,52301,52301,0
9,US48->CS24,51791,51791,0
9,US48->CS32,51288,51288,0
9,US48->CS40,51490,51490,0
9,US48->CS48,51472,51472,0
9,US48->CS56,51666,51666,0
9,US49->CS1,51556,51556,0
9,US49->CS9,51425,51425,0
9,US49->CS17,52269,52269,0
9,US49->CS25,51606,51606,0
9,US49->CS33,51593,51593,0
9,US49->CS41,51736,51736,0
9,US49->CS49,52008,52008,0
9,US49->CS57,52117,52117,0
9,US50->CS2,51865,51865,0
9,US50->CS10,52070,52070,0
9,US50->CS18,52084,52084,0
9,US50->CS26,51564,51564,0
9,US50->CS34,51614,51614,0
9,US50->CS42,51598,51598,0
9,US50->CS50,51728,51728,0
9,US50->CS58,51513,51513,0
9,US51->CS3,51654,51654,0
9,US51->CS11,51510,51510,0
9,US51->CS19,51659,51659,0
9,US51->CS27,52085,52085,0
9,US51->CS35,51540,51540,0
9,US51->CS43,51417,51417,0
9,US51->CS51,51728,51728,0
9,US51->CS59,51978,51978,0
9,US52->CS4,51736,51736,0
9,US52->CS12,52260,52260,0
9,US52->CS20,51693,51693,0
9,US52->CS28,51983,51983,0
9,US52->CS36,51946,51946,0
9,US52->CS44,51543,51543,0
9,US52->CS52,51513,51513,0
9,US52->CS60,52059,52059,0
9,US53->CS5,51776,51776,0
9,US53->CS13,51829,51829,0
9,US53->CS21,51927,51927,0
9,US53->CS29,51864,51864,0
9,US53->CS37,51836,51836,0
9,US53->CS45,51991,51991,0
9,US53->CS53,51907,51907,0
9,US53->CS61,51781,51781,0
9,US54->CS6,51740,51740,0
9,US54->CS14,51634,51634,0
9,US54->CS22,51812,51812,0
9,US54->CS30,51634,51634,0
9,US54->CS38,51856,51856,0
9,US54->CS46,51830,51830,0
9,US54->CS54,51588,51588,0
9,US54->CS62,51962,51962,0
9,US55->CS7,51473,51473,0
9,US55->CS15,51996,51996,0
9,US55->CS23,51752,51752,0
9,US55->CS31,51600,51600,0
9,US55->CS39,51755,51755,0
9,US55->CS47,51525,51525,0
9,US55->CS55,51251,51251,0
9,US55->CS63,51700,51700,0
9,US56->CS0,51086,51086,0
9,US56->CS8,51217,51217,0
9,US56->CS16,51050,51050,0
9,US56->CS24,51130,51130,0
9,US56->CS32,51079,51079,0
9,US56->CS40,50940,50940,0
9,US56->CS48,50518,50518,0
9,US56->CS56,50957,50957,0
9,US57->CS1,51191,51191,0
9,US57->CS9,50414,50414,0
9,US57->CS17,51041,51041,0
9,US57->CS25,51432,51432,0
9,US57->CS33,50767,50767,0
9,US57->CS41,51069,51069,0
9,US57->CS49,50816,50816,0
9,US57->CS57,50595,50595,0
9,US58->CS2,50795,50795,0
9,US58->CS10,50914,50914,0
9,US58->CS18,50773,50773,0
9,US58->CS26,50598,50598,0
9,US58->CS34,50719,50719,0
9,US58->CS42,51102,51102,0
9,US58->CS50,50717,50717,0
9,US58->CS58,50535,50535,0
9,US59->CS3,51002,51002,0
9,US59->CS11,50493,50493,0
9,US59->CS19,50966,50966,0
9,US59->CS27,50897,50897,0
9,US59->CS35,50860,50860,0
9,US59->CS43,50533,50533,0
9,US59->CS51,51008,51008,0
9,US59->CS59,50957,50957,0
9,US60->CS4,51046,51046,0
9,US60->CS12,50886,50886,0
9,US60->CS20,50828,50828,0
9,US60->CS28,50289,50289,0
9,US60->CS36,50390,50390,0
9,US60->CS44,50859,50859,0
9,US60->CS52,51213,51213,0
9,US60->CS60,50794,50794,0
9,US61->CS5,50715,50715,0
9,US61->CS13,51112,51112,0
9,US61->CS21,50538,50538,0
9,US61->CS29,50696,50696,0
9,US61->CS37,50690,50690,0
9,US61->CS45,51348,51348,0
9,US61->CS53,50838,50838,0
9,US61->CS61,51160,51160,0
9,US62->CS6,50927,50927,0
9,US62->CS14,50846,50846,0
9,US62->CS22,51239,51239,0
9,US62->CS30,50762,50762,0
9,US62->CS38,50336,50336,0
9,US62->CS46,51247,51247,0
9,US62->CS54,50576,50576,0
9,US62->CS62,50633,50633,0
9,US63->CS7,50837,50837,0
9,US63->CS15,50668,50668,0
9,US63->CS23,51233,51233,0
9,US63->CS31,51257,51257,0
9,US63->CS39,50541,50541,0
9,US63->CS47,50492,50492,0
9,US63->CS55,50636,50636,0
9,US63->CS63,50941,50941,0
9,US64->CS0,0,0,0
9,US64->CS8,0,0,0
9,US64->CS16,0,0,0
9,US64->CS24,0,0,0
9,US64->CS32,0,0,0
9,US64->CS40,0,0,0
9,US64->CS48,0,0,0
9,US64->CS56,0,0,0
9,US65->CS1,0,0,0
9,US65->CS9,0,0,0
9,US65->CS17,0,0,0
9,US65->CS25,0,0,0
9,US65->CS33,0,0,0
9,US65->CS41,0,0,0
9,US65->CS49,0,0,0
9,US65->CS57,0,0,0
9,US66->CS2,0,0,0
9,US66->CS10,0,0,0
9,US66->CS18,0,0,0
9,US66->CS26,0,0,0
9,US66->CS34,0,0,0
9,US66->CS42,0,0,0
9,US66->CS50,0,0,0
9,US66->CS58,0,0,0
9,US67->CS3,0,0,0
9,US67->CS11,0,0,0
9,US67->CS19,0,0,0
9,US67->CS27,0,0,0
9,US67->CS35,0,0,0
9,US67->CS43,0,0,0
9,US67->CS51,0,0,0
9,US67->CS59,0,0,0
9,US68->CS4,0,0,0
9,US68->CS12,0,0,0
9,US68->CS20,0,0,0
9,US68->CS28,0,0,0
9,US68->CS36,0,0,0
9,US68->CS44,0,0,0
9,US68->CS52,0,0,0
9,US68->CS60,0,0,0
9,US69->CS5,0,0,0
9,US69->CS13,0,0,0
9,US69->CS21,0,0,0
9,US69->CS29,0,0,0
9,US69->CS37,0,0,0
9,US69->CS45,0,0,0
9,US69->CS53,0,0,0
9,US69->CS61,0,0,0
9,US70->CS6,0,0,0
9,US70->CS14,0,0,0
9,US70->CS22,0,0,0
9,US70->CS30,0,0,0
9,US70->CS38,0,0,0
9,US70->CS46,0,0,0
9,US70->CS54,0,0,0
9,US70->CS62,0,0,0
9,US71->CS7,0,0,0
9,US71->CS15,0,0,0
9,US71->CS23,0,0,0
9,US71->CS31,0,0,0
9,US71->CS39,0,0,0
9,US71->CS47,0,0,0
9,US71->CS55,0,0,0
9,US71->CS63,0,0,0
9,US72->CS0,51057,51057,0
9,US72->CS8,50828,50828,0
9,US72->CS16,50983,50983,0
9,US72->CS24,50281,50281,0
9,US72->CS32,51251,51251,0
9,US72->CS40,50384,50384,0
9,US72->CS48,50688,50688,0
9,US72->CS56,50660,50660,0
9,US73->CS1,50713,50713,0
9,US73->CS9,50978,50978,0
9,US73->CS17,51394,51394,0
9,US73->CS25,50575,50575,0
9,US73->CS33,50943,50943,0
9,US73->CS41,50604,50604,0
9,US73->CS49,51036,51036,0
9,US73->CS57,51301,51301,0
9,US74->CS2,50798,50798,0
9,US74->CS10,51075,51075,0
9,US74->CS18,51235,51235,0
9,US74->CS26,51072,51072,0
9,US74->CS34,50628,50628,0
9,US74->CS42,51153,51153,0
9,US74->CS50,50588,50588,0
9,US74->CS58,50645,50645,0
9,US75->CS3,51042,51042,0
9,US75->CS11,50972,50972,0
9,US75->CS19,50708,50708,0
9,US75->CS27,50860,50860,0
9,US75->CS35,51162,51162,0
9,US75->CS43,50576,50576,0
9,US75->CS51,51200,51200,0
9,US75->CS59,50755,50755,0
9,US76->CS4,50627,50627,0
9,US76->CS12,50971,50971,0
9,US76->CS20,50574,50574,0
9,US76->CS28,50997,50997,0
9,US76->CS36,51165,51165,0
9,US76->CS44,50661,50661,0
9,US76->CS52,50558,50558,0
9,US76->CS60,50924,50924,0
9,US77->CS5,50711,50711,0
9,US77->CS13,50762,50762,0
9,US77->CS21,51089,51089,0
9,US77->CS29,50612,50612,0
9,US77->CS37,50721,50721,0
9,US77->CS45,50479,50479,0
9,US77->CS53,50754,50754,0
9,US77->CS61,50918,50918,0
9,US78->CS6,51069,51069,0
9,US78->CS14,50643,50643,0
9,US78->CS22,50977,50977,0
9,US78->CS30,51085,51085,0
9,US78->CS38,50985,50985,0
9,US78->CS46,51108,51108,0
9,US78->CS54,50797,50797,0
9,US78->CS62,50843,50843,0
9,US79->CS7,51503,51503,0
9,US79->CS15,51288,51288,0
9,US79->CS23,51074,51074,0
9,US79->CS31,50917,50917,0
9,US79->CS39,51190,51190,0
9,US79->CS47,50771,50771,0
9,US79->CS55,51191,51191,0
9,US79->CS63,50621,50621,0
9,US80->CS0,50601,50601,0
9,US80->CS8,50715,50715,0
9,US80->CS16,50552,50552,0
9,US80->CS24,50505,50505,0
9,US80->CS32,50411,50411,0
9,US80->CS40,50423,50423,0
9,US80->CS48,50362,50362,0
9,US80->CS56,50616,50616,0
9,US81->CS1,50385,50385,0
9,US81->CS9,50315,50315,0
9,US81->CS17,50151,50151,0
9,US81->CS25,50238,50238,0
9,US81->CS33,50187,50187,0
9,US81->CS41,50295,50295,0
9,US81->CS49,50295,50295,0
9,US81->CS57,50623,50623,0
9,US82->CS2,50290,50290,0
9,US82->CS10,50604,50604,0
9,US82->CS18,50645,50645,0
9,US82->CS26,50561,50561,0
9,US82->CS34,50411,50411,0
9,US82->CS42,50470,50470,0
9,US82->CS50,50551,50551,0
9,US82->CS58,50407,50407,0
9,US83->CS3,50452,50452,0
9,US83->CS11,50594,50594,0
9,US83->CS19,50497,50497,0
9,US83->CS27,50585,50585,0
9,US83->CS35,50505,50505,0
9,US83->CS43,50380,50380,0
9,US83->CS51,50466,50466,0
9,US83->CS59,50765,50765,0
9,US84->CS4,50443,50443,0
9,US84->CS12,50581,50581,0
9,US84->CS20,50500,50500,0
9,US84->CS28,50690,50690,0
9,US84->CS36,50369,50369,0
9,US84->CS44,50286,50286,0
9,US84->CS52,50178,50178,0
9,US84->CS60,50512,50512,0
9,US85->CS5,50813,50813,0
9,US85->CS13,50312,50312,0
9,US85->CS21,50463,50463,0
9,US85->CS29,50337,50337,0
9,US85->CS37,50155,50155,0
9,US85->CS45,50248,50248,0
9,US85->CS53,50326,50326,0
9,US85->CS61,50173,50173,0
9,US86->CS6,50222,50222,0
9,US86->CS14,50445,50445,0
9,US86->CS22,50525,50525,0
9,US86->CS30,50596,50596,0
9,US86->CS38,50248,50248,0
9,US86->CS46,50541,50541,0
9,US86->CS54,50147,50147,0
9,US86->CS62,50428,50428,0
9,US87->CS7,50821,50821,0
9,US87->CS15,50418,50418,0
9,US87->CS23,50324,50324,0
9,US87->CS31,50545,50545,0
9,US87->CS39,50434,50434,0
9,US87->CS47,50226,50226,0
9,US87->CS55,50445,50445,0
9,US87->CS63,50392,50392,0
9,US88->CS0,51046,51046,0
9,US88->CS8,50881,50881,0
9,US88->CS16,50851,50851,0
9,US88->CS24,51229,51229,0
9,US88->CS32,51287,51287,0
9,US88->CS40,51178,51178,0
9,US88->CS48,50974,50974,0
9,US88->CS56,50765,50765,0
9,US89->CS1,51055,51055,0
9,US89->CS9,51376,51376,0
9,US89->CS17,51214,51214,0
9,US89->CS25,51216,51216,0
9,US89->CS33,51173,51173,0
9,US89->CS41,50680,50680,0
9,US89->CS49,50870,50870,0
9,US89->CS57,50789,50789,0
9,US90->CS2,50843,50843,0
9,US90->CS10,50910,50910,0
9,US90->CS18,50945,50945,0
9,US90->CS26,51057,51057,0
9,US90->CS34,50869,50869,0
9,US90->CS42,51371,51371,0
9,US90->CS50,51283,51283,0
9,US90->CS58,51310,51310,0
9,US91->CS3,51209,51209,0
9,US91->CS11,50970,50970,0
9,US91->CS19,51323,51323,0
9,US91->CS27,50802,50802,0
9,US91->CS35,51140,51140,0
9,US91->CS43,51227,51227,0
9,US91->CS51,50956,50956,0
9,US91->CS59,51272,51272,0
9,US92->CS4,51075,51075,0
9,US92->CS12,51368,51368,0
9,US92->CS20,50904,50904,0
9,US92->CS28,50900,50900,0
9,US92->CS36,50822,50822,0
9,US92->CS44,51302,51302,0
9,US92->CS52,50968,50968,0
9,US92->CS60,51379,51379,0
9,US93->CS5,51198,51198,0
9,US93->CS13,51179,51179,0
9,US93->CS21,50982,50982,0
9,US93->CS29,50940,50940,0
9,US93->CS37,51169,51169,0
9,US93->CS45,50987,50987,0
9,US93->CS53,51154,51154,0
9,US93->CS61,51362,51362,0
9,US94->CS6,51112,51112,0
9,US94->CS14,50901,50901,0
9,US94->CS22,51410,51410,0
9,US94->CS30,50966,50966,0
9,US94->CS38,51074,51074,0
9,US94->CS46,50912,50912,0
9,US94->CS54,51243,51243,0
9,US94->CS62,51183,51183,0
9,US95->CS7,50872,50872,0
9,US95->CS15,51046,51046,0
9,US95->CS23,50630,50630,0
9,US95->CS31,50537,50537,0
9,US95->CS39,50964,50964,0
9,US95->CS47,51060,51060,0
9,US95->CS55,50564,50564,0
9,US95->CS63,51099,51099,0
9,US96->CS0,12209,12209,0
9,US96->CS8,12095,12095,0
9,US96->CS16,12174,12174,0
9,US96->CS24,12407,12406,0
9,US96->CS32,12321,12321,0
9,US96->CS40,12197,12197,0
9,US96->CS48,12345,12345,0
9,US96->CS56,12314,12313,0
9,US97->CS1,12043,12042,0
9,US97->CS9,12117,12117,0
9,US97->CS17,12292,12292,0
9,US97->CS25,12140,12140,0
9,US97->CS33,12223,12223,0
9,US97->CS41,12191,12191,0
9,US97->CS49,12254,12253,0
9,US97->CS57,12183,12182,0
9,US98->CS2,12302,12302,0
9,US98->CS10,12116,12116,0
9,US98->CS18,12389,12389,0
9,US98->CS26,12328,12328,0
9,US98->CS34,12288,12287,0
9,US98->CS42,12392,12392,0
9,US98->CS50,12240,12239,0
9,US98->CS58,12011,12011,0
9,US99->CS3,12156,12155,0
9,US99->CS11,12437,12437,0
9,US99->CS19,12484,12484,0
9,US99->CS27,12122,12122,0
9,US99->CS35,12261,12260,0
9,US99->CS43,12167,12167,0
9,US99->CS51,11993,11993,0
9,US99->CS59,12194,12194,0
9,US100->CS4,12166,12164,0
9,US100->CS12,12183,12181,0
9,US100->CS20,12228,12227,0
9,US100->CS28,12269,12269,0
9,US100->CS36,12248,12247,0
9,US100->CS44,12270,12270,0
9,US100->CS52,12199,12198,0
9,US100->CS60,12407,12407,0
9,US101->CS5,12289,12289,0
9,US101->CS13,12373,12373,0
9,US101->CS21,12035,12035,0
9,US101->CS29,12177,12177,0
9,US101->CS37,12274,12273,0
9,US101->CS45,12501,12500,0
9,US101->CS53,12030,12030,0
9,US101->CS61,12182,12181,0
9,US102->CS6,12152,12151,0
9,US102->CS14,12255,12255,0
9,US102->CS22,12373,12371,0
9,US102->CS30,12166,12166,0
9,US102->CS38,12100,12100,0
9,US102->CS46,12300,12299,0
9,US102->CS54,12143,12142,0
9,US102->CS62,12375,12375,0
9,US103->CS7,11926,11925,0
9,US103->CS15,12333,12333,0
9,US103->CS23,12147,12146,0
9,US103->CS31,12233,12232,0
9,US103->CS39,12438,12438,0
9,US103->CS47,12138,12137,0
9,US103->CS55,12213,12213,0
9,US103->CS63,12273,12271,0
9,US104->CS0,12639,12639,0
9,US104->CS8,12631,12631,0
9,US104->CS16,12770,12770,0
9,US104->CS24,12643,12642,0
9,US104->CS32,12453,12453,0
9,US104->CS40,12597,12597,0
9,US104->CS48,12694,12694,0
9,US104->CS56,12656,12655,0
9,US105->CS1,12583,12583,0
9,US105->CS9,12449,12449,0
9,US105->CS17,12669,12669,0
9,US105->CS25,12659,12657,0
9,US105->CS33,12521,12520,0
9,US105->CS41,12680,12677,0
9,US105->CS49,12751,12751,0
9,US105->CS57,12606,12606,0
9,US106->CS2,12638,12638,0
9,US106->CS10,12703,12702,0
9,US106->CS18,12666,12666,0
9,US106->CS26,12467,12467,0
9,US106->CS34,12611,12610,0
9,US106->CS42,12732,12731,0
9,US106->CS50,12620,12620,0
9,US106->CS58,12614,12614,0
9,US107->CS3,12627,12627,0
9,US107->CS11,12566,12566,0
9,US107->CS19,12478,12478,0
9,US107->CS27,12564,12564,0
9,US107->CS35,12475,12475,0
9,US107->CS43,12780,12780,0
9,US107->CS51,12480,12480,0
9,US107->CS59,12759,12759,0
9,US108->CS4,12599,12598,0
9,US108->CS12,12671,12671,0
9,US108->CS20,12616,12616,0
9,US108->CS28,12544,12544,0
9,US108->CS36,12693,12693,0
9,US108->CS44,12542,12542,0
9,US108->CS52,12614,12614,0
9,US108->CS60,12422,12420,0
9,US109->CS5,12794,12794,0
9,US109->CS13,12654,12654,0
9,US109->CS21,12616,12616,0
9,US109->CS29,12730,12730,0
9,US109->CS37,12601,12601,0
9,US109->CS45,12565,12565,0
9,US109->CS53,12606,12606,0
9,US109->CS61,12712,12712,0
9,US110->CS6,12607,12606,0
9,US110->CS14,12780,12777,0
9,US110->CS22,12477,12476,0
9,US110->CS30,12716,12716,0
9,US110->CS38,12525,12525,0
9,US110->CS46,12651,12651,0
9,US110->CS54,12436,12435,0
9,US110->CS62,12724,12724,0
9,US111->CS7,12619,12618,0
9,US111->CS15,12596,12596,0
9,US111->CS23,12522,12521,0
9,US111->CS31,12697,12696,0
9,US111->CS39,12545,12544,0
9,US111->CS47,12408,12408,0
9,US111->CS55,12732,12732,0
9,US111->CS63,12821,12820,0
9,US112->CS0,51223,51223,0
9,US112->CS8,51201,51201,0
9,US112->CS16,51611,51611,0
9,US112->CS24,51469,51469,0
9,US112->CS32,51461,51461,0
9,US112->CS40,51255,51255,0
9,US112->CS48,51205,51205,0
9,US112->CS56,51092,51092,0
9,US113->CS1,51402,51402,0
9,US113->CS9,51803,51803,0
9,US113->CS17,50992,50992,0
9,US113->CS25,51630,51630,0
9,US113->CS33,50984,50984,0
9,US113->CS41,51234,51234,0
9,US113->CS49,51293,51293,0
9,US113->CS57,51208,51208,0
9,US114->CS2,51710,51710,0
9,US114->CS10,51334,51334,0
9,US114->CS18,51054,51054,0
9,US114->CS26,51329,51329,0
9,US114->CS34,51407,51407,0
9,US114->CS42,51383,51383,0
9,US114->CS50,51540,51540,0
9,US114->CS58,51258,51258,0
9,US115->CS3,51290,51290,0
9,US115->CS11,51116,51116,0
9,US115->CS19,51378,51378,0
9,US115->CS27,51481,51481,0
9,US115->CS35,51034,51034,0
9,US115->CS43,51151,51151,0
9,US115->CS51,51434,51434,0
9,US115->CS59,51193,51193,0
9,US116->CS4,51345,51345,0
9,US116->CS12,51046,51046,0
9,US116->CS20,51256,51256,0
9,US116->CS28,51485,51485,0
9,US116->CS36,51194,51194,0
9,US116->CS44,51644,51644,0
9,US116->CS52,51128,51128,0
9,US116->CS60,51279,51279,0
9,US117->CS5,51510,51510,0
9,US117->CS13,51050,51050,0
9,US117->CS21,51518,51518,0
9,US117->CS29,51229,51229,0
9,US117->CS37,51201,51201,0
9,US117->CS45,51347,51347,0
9,US117->CS53,51012,51012,0
9,US117->CS61,51056,51056,0
9,US118->CS6,51122,51122,0
9,US118->CS14,51252,51252,0
9,US118->CS22,51117,51117,0
9,US118->CS30,51321,51321,0
9,US118->CS38,51508,51508,0
9,US118->CS46,51240,51240,0
9,US118->CS54,51527,51527,0
9,US118->CS62,50996,50996,0
9,US119->CS7,51528,51528,0
9,US119->CS15,51177,51177,0
9,US119->CS23,50933,50933,0
9,US119->CS31,51254,51254,0
9,US119->CS39,51489,51489,0
9,US119->CS47,51483,51483,0
9,US119->CS55,51123,51123,0
9,US119->CS63,51255,51255,0
9,US120->CS0,50471,50471,0
9,US120->CS8,50947,50947,0
9,US120->CS16,50534,50534,0
9,US120->CS24,50475,50475,0
9,US120->CS32,50423,50423,0
9,US120->CS40,50129,50129,0
9,US120->CS48,50588,50588,0
9,US120->CS56,50429,50429,0
9,US121->CS1,50906,50906,0
9,US121->CS9,50960,50960,0
9,US121->CS17,50843,50843,0
9,US121->CS25,50398,50398,0
9,US121->CS33,50543,50543,0
9,US121->CS41,50657,50657,0
9,US121->CS49,50921,50921,0
9,US121->CS57,50269,50269,0
9,US122->CS2,50830,50830,0
9,US122->CS10,50456,50456,0
9,US122->CS18,50714,50714,0
9,US122->CS26,50437,50437,0
9,US122->CS34,50663,50663,0
9,US122->CS42,50915,50915,0
9,US122->CS50,50313,50313,0
9,US122->CS58,50807,50807,0
9,US123->CS3,50632,50632,0
9,US123->CS11,50950,50950,0
9,US123->CS19,50448,50448,0
9,US123->CS27,50352,50352,0
9,US123->CS35,50309,50309,0
9,US123->CS43,50772,50772,0
9,US123->CS51,51105,51105,0
9,US123->CS59,50578,50578,0
9,US124->CS4,50672,50672,0
9,US124->CS12,50746,50746,0
9,US124->CS20,50411,50411,0
9,US124->CS28,50620,50620,0
9,US124->CS36,50767,50767,0
9,US124->CS44,50265,50265,0
9,US124->CS52,50482,50482,0
9,US124->CS60,50528,50528,0
9,US125->CS5,50622,50622,0
9,US125->CS13,50849,50849,0
9,US125->CS21,50672,50672,0
9,US125->CS29,50415,50415,0
9,US125->CS37,50898,50898,0
9,US125->CS45,50698,50698,0
9,US125->CS53,50452,50452,0
9,US125->CS61,50917,50917,0
9,US126->CS6,50398,50398,0
9,US126->CS14,51089,51089,0
9,US126->CS22,50229,50229,0
9,US126->CS30,50420,50420,0
9,US126->CS38,51073,51073,0
9,US126->CS46,50801,50801,0
9,US126->CS54,50664,50664,0
9,US126->CS62,50484,50484,0
9,US127->CS7,50305,50305,0
9,US127->CS15,50594,50594,0
9,US127->CS23,50754,50754,0
9,US127->CS31,50688,50688,0
9,US127->CS39,50806,50806,0
9,US127->CS47,50639,50639,0
9,US127->CS55,50565,50565,0
9,US127->CS63,50777,50777,0
9,CS0->US0,51731,51731,0
9,CS0->US8,50646,50646,0
9,CS0->US16,50593,50593,0
9,CS0->US24,51245,51245,0
9,CS0->US32,0,0,0
9,CS0->US40,51194,51194,0
9,CS0->US48,51360,51360,0
9,CS0->US56,50821,50821,0
9,CS0->US64,0,0,0
9,CS0->US72,51002,51002,0
9,CS0->US80,57309,57309,0
9,CS0->US88,51085,51085,0
9,CS0->US96,12733,12733,0
9,CS0->US104,12217,12216,0
9,CS0->US112,57506,57506,0
9,CS0->US120,54390,54390,0
9,CS1->US1,51286,51286,0
9,CS1->US9,50515,50515,0
9,CS1->US17,50908,50908,0
9,CS1->US25,51294,51294,0
9,CS1->US33,0,0,0
9,CS1->US41,51434,51434,0
9,CS1->US49,51620,51620,0
9,CS1->US57,50363,50363,0
9,CS1->US65,0,0,0
9,CS1->US73,50987,50987,0
9,CS1->US81,57600,57600,0
9,CS1->US89,50776,50776,0
9,CS1->US97,12648,12648,0
9,CS1->US105,12077,12076,0
9,CS1->US113,57615,57615,0
9,CS1->US121,54260,54260,0
9,CS2->US2,51567,51567,0
9,CS2->US10,50361,50361,0
9,CS2->US18,50886,50886,0
9,CS2->US26,50936,50936,0
9,CS2->US34,0,0,0
9,CS2->US42,51687,51687,0
9,CS2->US50,51259,51259,0
9,CS2->US58,50853,50853,0
9,CS2->US66,0,0,0
9,CS2->US74,50838,50838,0
9,CS2->US82,57424,57424,0
9,CS2->US90,50927,50927,0
9,CS2->US98,12724,12724,0
9,CS2->US106,12303,12302,0
9,CS2->US114,57480,57480,0
9,CS2->US122,54031,54031,0
9,CS3->US3,51392,51392,0
9,CS3->US11,50563,50563,0
9,CS3->US19,50709,50709,0
9,CS3->US27,51132,51132,0
9,CS3->US35,0,0,0
9,CS3->US43,51342,51342,0
9,CS3->US51,51447,51447,0
9,CS3->US59,50698,50698,0
9,CS3->US67,0,0,0
9,CS3->US75,51195,51195,0
9,CS3->US83,57022,57022,0
9,CS3->US91,51050,51050,0
9,CS3->US99,12690,12689,0
9,CS3->US107,12174,12173,0
9,CS3->US115,57414,57414,0
9,CS3->US123,54343,54343,0
9,CS4->US4,51504,51504,0
9,CS4->US12,50508,50508,0
9,CS4->US20,50780,50780,0
9,CS4->US28,51172,51172,0
9,CS4->US36,0,0,0
9,CS4->US44,51308,51308,0
9,CS4->US52,51587,51587,0
9,CS4->US60,50621,50621,0
9,CS4->US68,0,0,0
9,CS4->US76,51029,51029,0
9,CS4->US84,57637,57637,0
9,CS4->US92,50653,50653,0
9,CS4->US100,12638,12636,0
9,CS4->US108,12189,12189,0
9,CS4->US116,57583,57583,0
9,CS4->US124,54262,54262,0
9,CS5->US5,51461,51461,0
9,CS5->US13,50906,50906,0
9,CS5->US21,50710,50710,0
9,CS5->US29,50807,50807,0
9,CS5->US37,0,0,0
9,CS5->US45,51558,51558,0
9,CS5->US53,51617,51617,0
9,CS5->US61,50604,50604,0
9,CS5->US69,0,0,0
9,CS5->US77,51207,51207,0
9,CS5->US85,57183,57183,0
9,CS5->US93,50794,50794,0
9,CS5->US101,12873,12872,0
9,CS5->US109,12309,12309,0
9,CS5->US117,57285,57285,0
9,CS5->US125,54207,54207,0
9,CS6->US6,51508,51508,0
9,CS6->US14,50317,50317,0
9,CS6->US22,50460,50460,0
9,CS6->US30,51053,51053,0
9,CS6->US38,0,0,0
9,CS6->US46,51070,51070,0
9,CS6->US54,51484,51484,0
9,CS6->US62,50828,50828,0
9,CS6->US70,0,0,0
9,CS6->US78,51044,51044,0
9,CS6->US86,57276,57276,0
9,CS6->US94,51138,51138,0
9,CS6->US102,12709,12709,0
9,CS6->US110,12139,12138,0
9,CS6->US118,58248,58248,0
9,CS6->US126,54774,54774,0
9,CS7->US7,51175,51175,0
9,CS7->US15,50961,50961,0
9,CS7->US23,50398,50398,0
9,CS7->US31,50911,50911,0
9,CS7->US39,0,0,0
9,CS7->US47,51540,51540,0
9,CS7->US55,51631,51631,0
9,CS7->US63,50930,50930,0
9,CS7->US71,0,0,0
9,CS7->US79,50804,50804,0
9,CS7->US87,57196,57196,0
9,CS7->US95,51589,51589,0
9,CS7->US103,12716,12715,0
9,CS7->US111,11962,11961,0
9,CS7->US119,57436,57436,0
9,CS7->US127,54310,54310,0
9,CS8->US0,51882,51882,0
9,CS8->US8,50855,50855,0
9,CS8->US16,51033,51033,0
9,CS8->US24,51375,51375,0
9,CS8->US32,0,0,0
9,CS8->US40,51216,51216,0
9,CS8->US48,51742,51742,0
9,CS8->US56,50798,50798,0
9,CS8->US64,0,0,0
9,CS8->US72,50782,50782,0
9,CS8->US80,57481,57481,0
9,CS8->US88,50887,50887,0
9,CS8->US96,12734,12734,0
9,CS8->US104,12115,12115,0
9,CS8->US112,57765,57765,0
9,CS8->US120,54345,54345,0
9,CS9->US1,51166,51166,0
9,CS9->US9,50450,50450,0
9,CS9->US17,51110,51110,0
9,CS9->US25,50469,50469,0
9,CS9->US33,0,0,0
9,CS9->US41,51827,51827,0
9,CS9->US49,51615,51615,0
9,CS9->US57,50932,50932,0
9,CS9->US65,0,0,0
9,CS9->US73,51244,51244,0
9,CS9->US81,57504,57504,0
9,CS9->US89,50990,50990,0
9,CS9->US97,12509,12508,0
9,CS9->US105,12161,12161,0
9,CS9->US113,57860,57860,0
9,CS9->US121,54451,54451,0
9,CS10->US2,51827,51827,0
9,CS10->US10,50700,50700,0
9,CS10->US18,50590,50590,0
9,CS10->US26,50954,50954,0
9,CS10->US34,0,0,0
9,CS10->US42,51329,51329,0
9,CS10->US50,51489,51489,0
9,CS10->US58,50921,50921,0
9,CS10->US66,0,0,0
9,CS10->US74,50787,50787,0
9,CS10->US82,57285,57285,0
9,CS10->US90,51131,51131,0
9,CS10->US98,12771,12771,0
9,CS10->US106,12174,12173,0
9,CS10->US114,57870,57870,0
9,CS10->US122,54579,54579,0
9,CS11->US3,51188,51188,0
9,CS11->US11,50728,50728,0
9,CS11->US19,51088,51088,0
9,CS11->US27,50657,50657,0
9,CS11->US35,0,0,0
9,CS11->US43,51220,51220,0
9,CS11->US51,51421,51421,0
9,CS11->US59,50908,50908,0
9,CS11->US67,0,0,0
9,CS11->US75,50874,50874,0
9,CS11->US83,57859,57859,0
9,CS11->US91,50987,50987,0
9,CS11->US99,12632,12630,0
9,CS11->US107,12429,12427,0
9,CS11->US115,57669,57669,0
9,CS11->US123,54013,54013,0
9,CS12->US4,51970,51970,0
9,CS12->US12,50672,50672,0
9,CS12->US20,50827,50827,0
9,CS12->US28,51007,51007,0
9,CS12->US36,0,0,0
9,CS12->US44,51118,51118,0
9,CS12->US52,51331,51331,0
9,CS12->US60,50751,50751,0
9,CS12->US68,0,0,0
9,CS12->US76,51286,51286,0
9,CS12->US84,57488,57488,0
9,CS12->US92,51006,51006,0
9,CS12->US100,12776,12776,0
9,CS12->US108,12213,12213,0
9,CS12->US116,57738,57738,0
9,CS12->US124,54617,54617,0
9,CS13->US5,51608,51608,0
9,CS13->US13,50346,50346,0
9,CS13->US21,50946,50946,0
9,CS13->US29,51186,51186,0
9,CS13->US37,0,0,0
9,CS13->US45,51024,51024,0
9,CS13->US53,51477,51477,0
9,CS13->US61,50857,50857,0
9,CS13->US69,0,0,0
9,CS13->US77,51091,51091,0
9,CS13->US85,57780,57780,0
9,CS13->US93,50776,50776,0
9,CS13->US101,12699,12698,0
9,CS13->US109,12418,12418,0
9,CS13->US117,57957,57957,0
9,CS13->US125,53940,53940,0
9,CS14->US6,51349,51349,0
9,CS14->US14,50523,50523,0
9,CS14->US22,51230,51230,0
9,CS14->US30,50946,50946,0
9,CS14->US38,0,0,0
9,CS14->US46,51260,51260,0
9,CS14->US54,51622,51622,0
9,CS14->US62,50356,50356,0
9,CS14->US70,0,0,0
9,CS14->US78,50834,50834,0
9,CS14->US86,57525,57525,0
9,CS14->US94,50723,50723,0
9,CS14->US102,12839,12839,0
9,CS14->US110,12273,12273,0
9,CS14->US118,57179,57179,0
9,CS14->US126,54165,54165,0
9,CS15->US7,51723,51723,0
9,CS15->US15,50528,50528,0
9,CS15->US23,50616,50616,0
9,CS15->US31,50750,50750,0
9,CS15->US39,0,0,0
9,CS15->US47,51212,51212,0
9,CS15->US55,51088,51088,0
9,CS15->US63,51356,51356,0
9,CS15->US71,0,0,0
9,CS15->US79,50984,50984,0
9,CS15->US87,57756,57756,0
9,CS15->US95,51303,51303,0
9,CS15->US103,12694,12693,0
9,CS15->US111,12363,12363,0
9,CS15->US119,57808,57808,0
9,CS15->US127,54342,54342,0
9,CS16->US0,51993,51993,0
9,CS16->US8,50615,50615,0
9,CS16->US16,50648,50648,0
9,CS16->US24,51127,51127,0
9,CS16->US32,0,0,0
9,CS16->US40,51662,51662,0
9,CS16->US48,51567,51567,0
9,CS16->US56,51162,51162,0
9,CS16->US64,0,0,0
9,CS16->US72,50751,50751,0
9,CS16->US80,57302,57302,0
9,CS16->US88,51035,51035,0
9,CS16->US96,12813,12813,0
9,CS16->US104,12226,12225,0
9,CS16->US112,57681,57681,0
9,CS16->US120,54273,54273,0
9,CS17->US1,51988,51988,0
9,CS17->US9,50174,50174,0
9,CS17->US17,50944,50944,0
9,CS17->US25,51167,51167,0
9,CS17->US33,0,0,0
9,CS17->US41,51044,51044,0
9,CS17->US49,51182,51182,0
9,CS17->US57,50861,50861,0
9,CS17->US65,0,0,0
9,CS17->US73,51127,51127,0
9,CS17->US81,57438,57438,0
9,CS17->US89,51440,51440,0
9,CS17->US97,12762,12761,0
9,CS17->US105,12315,12313,0
9,CS17->US113,57724,57724,0
9,CS17->US121,53900,53900,0
9,CS18->US2,51801,51801,0
9,CS18->US10,50692,50692,0
9,CS18->US18,50787,50787,0
9,CS18->US26,50856,50856,0
9,CS18->US34,0,0,0
9,CS18->US42,51085,51085,0
9,CS18->US50,51150,51150,0
9,CS18->US58,50701,50701,0
9,CS18->US66,0,0,0
9,CS18->US74,50923,50923,0
9,CS18->US82,57650,57650,0
9,CS18->US90,51264,51264,0
9,CS18->US98,12744,12743,0
9,CS18->US106,12420,12419,0
9,CS18->US114,57612,57612,0
9,CS18->US122,54282,54282,0
9,CS19->US3,51354,51354,0
9,CS19->US11,50596,50596,0
9,CS19->US19,50577,50577,0
9,CS19->US27,51078,51078,0
9,CS19->US35,0,0,0
9,CS19->US43,51448,51448,0
9,CS19->US51,51533,51533,0
9,CS19->US59,50848,50848,0
9,CS19->US67,0,0,0
9,CS19->US75,51242,51242,0
9,CS19->US83,57617,57617,0
9,CS19->US91,50722,50722,0
9,CS19->US99,12536,12536,0
9,CS19->US107,12489,12488,0
9,CS19->US115,57445,57445,0
9,CS19->US123,54236,54236,0
9,CS20->US4,51408,51408,0
9,CS20->US12,50635,50635,0
9,CS20->US20,50507,50507,0
9,CS20->US28,50954,50954,0
9,CS20->US36,0,0,0
9,CS20->US44,51316,51316,0
9,CS20->US52,51350,51350,0
9,CS20->US60,50758,50758,0
9,CS20->US68,0,0,0
9,CS20->US76,50847,50847,0
9,CS20->US84,57369,57369,0
9,CS20->US92,50614,50614,0
9,CS20->US100,12708,12707,0
9,CS20->US108,12225,12225,0
9,CS20->US116,57460,57460,0
9,CS20->US124,54094,54094,0
9,CS21->US5,51627,51627,0
9,CS21->US13,50604,50604,0
9,CS21->US21,50833,50833,0
9,CS21->US29,50663,50663,0
9,CS21->US37,0,0,0
9,CS21->US45,51515,51515,0
9,CS21->US53,51447,51447,0
9,CS21->US61,50974,50974,0
9,CS21->US69,0,0,0
9,CS21->US77,50868,50868,0
9,CS21->US85,57062,57062,0
9,CS21->US93,51186,51186,0
9,CS21->US101,12673,12673,0
9,CS21->US109,12054,12054,0
9,CS21->US117,57546,57546,0
9,CS21->US125,54081,54081,0
9,CS22->US6,51518,51518,0
9,CS22->US14,50602,50602,0
9,CS22->US22,50320,50320,0
9,CS22->US30,51286,51286,0
9,CS22->US38,0,0,0
9,CS22->US46,51134,51134,0
9,CS22->US54,51408,51408,0
9,CS22->US62,50505,50505,0
9,CS22->US70,0,0,0
9,CS22->US78,51355,51355,0
9,CS22->US86,57256,57256,0
9,CS22->US94,51013,51013,0
9,CS22->US102,12553,12553,0
9,CS22->US110,12403,12403,0
9,CS22->US118,57640,57640,0
9,CS22->US126,54331,54331,0
9,CS23->US7,51446,51446,0
9,CS23->US15,50448,50448,0
9,CS23->US23,50912,50912,0
9,CS23->US31,51281,51281,0
9,CS23->US39,0,0,0
9,CS23->US47,51021,51021,0
9,CS23->US55,51741,51741,0
9,CS23->US63,50230,50230,0
9,CS23->US71,0,0,0
9,CS23->US79,50546,50546,0
9,CS23->US87,57517,57517,0
9,CS23->US95,51096,51096,0
9,CS23->US103,12599,12599,0
9,CS23->US111,12180,12180,0
9,CS23->US119,57737,57737,0
9,CS23->US127,53838,53838,0
9,CS24->US0,51502,51502,0
9,CS24->US8,50617,50617,0
9,CS24->US16,50598,50598,0
9,CS24->US24,51127,51127,0
9,CS24->US32,0,0,0
9,CS24->US40,51456,51456,0
9,CS24->US48,51725,51725,0
9,CS24->US56,50734,50734,0
9,CS24->US64,0,0,0
9,CS24->US72,51099,51099,0
9,CS24->US80,57342,57342,0
9,CS24->US88,50377,50377,0
9,CS24->US96,12707,12707,0
9,CS24->US104,12486,12484,0
9,CS24->US112,57565,57565,0
9,CS24->US120,54102,54102,0
9,CS25->US1,51310,51310,0
9,CS25->US9,50296,50296,0
9,CS25->US17,50428,50428,0
9,CS25->US25,51599,51599,0
9,CS25->US33,0,0,0
9,CS25->US41,51737,51737,0
9,CS25->US49,51413,51413,0
9,CS25->US57,50568,50568,0
9,CS25->US65,0,0,0
9,CS25->US73,51227,51227,0
9,CS25->US81,57255,57255,0
9,CS25->US89,50530,50530,0
9,CS25->US97,12711,12711,0
9,CS25->US105,12136,12136,0
9,CS25->US113,57221,57221,0
9,CS25->US121,54119,54119,0
9,CS26->US2,51231,51231,0
9,CS26->US10,50645,50645,0
9,CS26->US18,50535,50535,0
9,CS26->US26,50697,50697,0
9,CS26->US34,0,0,0
9,CS26->US42,51396,51396,0
9,CS26->US50,51797,51797,0
9,CS26->US58,50856,50856,0
9,CS26->US66,0,0,0
9,CS26->US74,50941,50941,0
9,CS26->US82,57845,57845,0
9,CS26->US90,51112,51112,0
9,CS26->US98,12506,12505,0
9,CS26->US106,12375,12375,0
9,CS26->US114,57606,57606,0
9,CS26->US122,54463,54463,0
9,CS27->US3,51828,51828,0
9,CS27->US11,50620,50620,0
9,CS27->US19,50458,50458,0
9,CS27->US27,51025,51025,0
9,CS27->US35,0,0,0
9,CS27->US43,51486,51486,0
9,CS27->US51,51502,51502,0
9,CS27->US59,50798,50798,0
9,CS27->US67,0,0,0
9,CS27->US75,50739,50739,0
9,CS27->US83,57376,57376,0
9,CS27->US91,50909,50909,0
9,CS27->US99,12646,12646,0
9,CS27->US107,12170,12169,0
9,CS27->US115,57589,57589,0
9,CS27->US123,54440,54440,0
9,CS28->US4,51682,51682,0
9,CS28->US12,50795,50795,0
9,CS28->US20,50624,50624,0
9,CS28->US28,50432,50432,0
9,CS28->US36,0,0,0
9,CS28->US44,51515,51515,0
9,CS28->US52,51715,51715,0
9,CS28->US60,50870,50870,0
9,CS28->US68,0,0,0
9,CS28->US76,50890,50890,0
9,CS28->US84,57326,57326,0
9,CS28->US92,51062,51062,0
9,CS28->US100,12615,12615,0
9,CS28->US108,12287,12287,0
9,CS28->US116,57615,57615,0
9,CS28->US124,54604,54604,0
9,CS29->US5,51616,51616,0
9,CS29->US13,50399,50399,0
9,CS29->US21,50522,50522,0
9,CS29->US29,50784,50784,0
9,CS29->US37,0,0,0
9,CS29->US45,51203,51203,0
9,CS29->US53,51391,51391,0
9,CS29->US61,50781,50781,0
9,CS29->US69,0,0,0
9,CS29->US77,50887,50887,0
9,CS29->US85,57103,57103,0
9,CS29->US93,50618,50618,0
9,CS29->US101,12811,12811,0
9,CS29->US109,12193,12193,0
9,CS29->US117,57534,57534,0
9,CS29->US125,54538,54538,0
9,CS30->US6,51370,51370,0
9,CS30->US14,50658,50658,0
9,CS30->US22,50484,50484,0
9,CS30->US30,50919,50919,0
9,CS30->US38,0,0,0
9,CS30->US46,51283,51283,0
9,CS30->US54,51510,51510,0
9,CS30->US62,50738,50738,0
9,CS30->US70,0,0,0
9,CS30->US78,50953,50953,0
9,CS30->US86,57219,57219,0
9,CS30->US94,51162,51162,0
9,CS30->US102,12791,12791,0
9,CS30->US110,12184,12184,0
9,CS30->US118,57317,57317,0
9,CS30->US126,54074,54074,0
9,CS31->US7,51312,51312,0
9,CS31->US15,50654,50654,0
9,CS31->US23,50724,50724,0
9,CS31->US31,51408,51408,0
9,CS31->US39,0,0,0
9,CS31->US47,51291,51291,0
9,CS31->US55,51392,51392,0
9,CS31->US63,50753,50753,0
9,CS31->US71,0,0,0
9,CS31->US79,50549,50549,0
9,CS31->US87,57591,57591,0
9,CS31->US95,50980,50980,0
9,CS31->US103,12775,12775,0
9,CS31->US111,12221,12221,0
9,CS31->US119,57154,57154,0
9,CS31->US127,54169,54169,0
9,CS32->US0,50999,50999,0
9,CS32->US8,50480,50480,0
9,CS32->US16,50490,50490,0
9,CS32->US24,51176,51176,0
9,CS32->US32,0,0,0
9,CS32->US40,51491,51491,0
9,CS32->US48,51380,51380,0
9,CS32->US56,50821,50821,0
9,CS32->US64,0,0,0
9,CS32->US72,51237,51237,0
9,CS32->US80,57348,57348,0
9,CS32->US88,51306,51306,0
9,CS32->US96,12505,12505,0
9,CS32->US104,12334,12334,0
9,CS32->US112,57581,57581,0
9,CS32->US120,54245,54245,0
9,CS33->US1,51317,51317,0
9,CS33->US9,50272,50272,0
9,CS33->US17,50663,50663,0
9,CS33->US25,50845,50845,0
9,CS33->US33,0,0,0
9,CS33->US41,50973,50973,0
9,CS33->US49,51324,51324,0
9,CS33->US57,50987,50987,0
9,CS33->US65,0,0,0
9,CS33->US73,51102,51102,0
9,CS33->US81,57201,57201,0
9,CS33->US89,51028,51028,0
9,CS33->US97,12592,12592,0
9,CS33->US105,12235,12234,0
9,CS33->US113,57520,57520,0
9,CS33->US121,54084,54084,0
9,CS34->US2,51338,51338,0
9,CS34->US10,50547,50547,0
9,CS34->US18,50725,50725,0
9,CS34->US26,50782,50782,0
9,CS34->US34,0,0,0
9,CS34->US42,51386,51386,0
9,CS34->US50,51741,51741,0
9,CS34->US58,50433,50433,0
9,CS34->US66,0,0,0
9,CS34->US74,50822,50822,0
9,CS34->US82,57565,57565,0
9,CS34->US90,50704,50704,0
9,CS34->US98,12651,12651,0
9,CS34->US106,12304,12304,0
9,CS34->US114,57408,57408,0
9,CS34->US122,54646,54646,0
9,CS35->US3,51192,51192,0
9,CS35->US11,50649,50649,0
9,CS35->US19,50422,50422,0
9,CS35->US27,50983,50983,0
9,CS35->US35,0,0,0
9,CS35->US43,51162,51162,0
9,CS35->US51,51613,51613,0
9,CS35->US59,50696,50696,0
9,CS35->US67,0,0,0
9,CS35->US75,51014,51014,0
9,CS35->US83,57627,57627,0
9,CS35->US91,51166,51166,0
9,CS35->US99,12527,12526,0
9,CS35->US107,12259,12259,0
9,CS35->US115,57619,57619,0
9,CS35->US123,54209,54209,0
9,CS36->US4,51594,51594,0
9,CS36->US12,50488,50488,0
9,CS36->US20,50893,50893,0
9,CS36->US28,50593,50593,0
9,CS36->US36,0,0,0
9,CS36->US44,51335,51335,0
9,CS36->US52,51399,51399,0
9,CS36->US60,51006,51006,0
9,CS36->US68,0,0,0
9,CS36->US76,50725,50725,0
9,CS36->US84,57296,57296,0
9,CS36->US92,51125,51125,0
9,CS36->US100,12787,12787,0
9,CS36->US108,12248,12248,0
9,CS36->US116,57276,57276,0
9,CS36->US124,54789,54789,0
9,CS37->US5,51583,51583,0
9,CS37->US13,50249,50249,0
9,CS37->US21,51012,51012,0
9,CS37->US29,50772,50772,0
9,CS37->US37,0,0,0
9,CS37->US45,51145,51145,0
9,CS37->US53,51519,51519,0
9,CS37->US61,50476,50476,0
9,CS37->US69,0,0,0
9,CS37->US77,51133,51133,0
9,CS37->US85,57097,57097,0
9,CS37->US93,50878,50878,0
9,CS37->US101,12648,12648,0
9,CS37->US109,12332,12331,0
9,CS37->US117,57850,57850,0
9,CS37->US125,54006,54006,0
9,CS38->US6,51632,51632,0
9,CS38->US14,50260,50260,0
9,CS38->US22,51191,51191,0
9,CS38->US30,50440,50440,0
9,CS38->US38,0,0,0
9,CS38->US46,51506,51506,0
9,CS38->US54,51435,51435,0
9,CS38->US62,50747,50747,0
9,CS38->US70,0,0,0
9,CS38->US78,51015,51015,0
9,CS38->US86,57557,57557,0
9,CS38->US94,50999,50999,0
9,CS38->US102,12628,12628,0
9,CS38->US110,12160,12159,0
9,CS38->US118,57969,57969,0
9,CS38->US126,53949,53949,0
9,CS39->US7,51450,51450,0
9,CS39->US15,50543,50543,0
9,CS39->US23,50880,50880,0
9,CS39->US31,50655,50655,0
9,CS39->US39,0,0,0
9,CS39->US47,51528,51528,0
9,CS39->US55,51452,51452,0
9,CS39->US63,50404,50404,0
9,CS39->US71,0,0,0
9,CS39->US79,50960,50960,0
9,CS39->US87,57631,57631,0
9,CS39->US95,51269,51269,0
9,CS39->US103,12628,12626,0
9,CS39->US111,12441,12441,0
9,CS39->US119,57923,57923,0
9,CS39->US127,54147,54147,0
9,CS40->US0,51185,51185,0
9,CS40->US8,50592,50592,0
9,CS40->US16,50235,50235,0
9,CS40->US24,51022,51022,0
9,CS40->US32,0,0,0
9,CS40->US40,51278,51278,0
9,CS40->US48,51492,51492,0
9,CS40->US56,50503,50503,0
9,CS40->US64,0,0,0
9,CS40->US72,51066,51066,0
9,CS40->US80,57648,57648,0
9,CS40->US88,50421,50421,0
9,CS40->US96,12650,12650,0
9,CS40->US104,12220,12219,0
9,CS40->US112,57545,57545,0
9,CS40->US120,54274,54274,0
9,CS41->US1,51492,51492,0
9,CS41->US9,50431,50431,0
9,CS41->US17,50759,50759,0
9,CS41->US25,51200,51200,0
9,CS41->US33,0,0,0
9,CS41->US41,51274,51274,0
9,CS41->US49,51314,51314,0
9,CS41->US57,50968,50968,0
9,CS41->US65,0,0,0
9,CS41->US73,50648,50648,0
9,CS41->US81,57316,57316,0
9,CS41->US89,50542,50542,0
9,CS41->US97,12784,12784,0
9,CS41->US105,12199,12198,0
9,CS41->US113,57323,57323,0
9,CS41->US121,54310,54310,0
9,CS42->US2,51330,51330,0
9,CS42->US10,50586,50586,0
9,CS42->US18,51020,51020,0
9,CS42->US26,51152,51152,0
9,CS42->US34,0,0,0
9,CS42->US42,51367,51367,0
9,CS42->US50,51390,51390,0
9,CS42->US58,50640,50640,0
9,CS42->US66,0,0,0
9,CS42->US74,51253,51253,0
9,CS42->US82,57591,57591,0
9,CS42->US90,51204,51204,0
9,CS42->US98,12796,12795,0
9,CS42->US106,12440,12439,0
9,CS42->US114,57418,57418,0
9,CS42->US122,54207,54207,0
9,CS43->US3,51143,51143,0
9,CS43->US11,50411,50411,0
9,CS43->US19,50823,50823,0
9,CS43->US27,50639,50639,0
9,CS43->US35,0,0,0
9,CS43->US43,51189,51189,0
9,CS43->US51,51607,51607,0
9,CS43->US59,50398,50398,0
9,CS43->US67,0,0,0
9,CS43->US75,51199,51199,0
9,CS43->US83,57146,57146,0
9,CS43->US91,50594,50594,0
9,CS43->US99,12839,12839,0
9,CS43->US107,12177,12176,0
9,CS43->US115,57676,57676,0
9,CS43->US123,54223,54223,0
9,CS44->US4,51240,51240,0
9,CS44->US12,50391,50391,0
9,CS44->US20,50392,50392,0
9,CS44->US28,50974,50974,0
9,CS44->US36,0,0,0
9,CS44->US44,51593,51593,0
9,CS44->US52,51027,51027,0
9,CS44->US60,51056,51056,0
9,CS44->US68,0,0,0
9,CS44->US76,51150,51150,0
9,CS44->US84,57448,57448,0
9,CS44->US92,50806,50806,0
9,CS44->US100,12590,12589,0
9,CS44->US108,12268,12268,0
9,CS44->US116,57341,57341,0
9,CS44->US124,54617,54617,0
9,CS45->US5,51726,51726,0
9,CS45->US13,50338,50338,0
9,CS45->US21,50811,50811,0
9,CS45->US29,51453,51453,0
9,CS45->US37,0,0,0
9,CS45->US45,51344,51344,0
9,CS45->US53,51315,51315,0
9,CS45->US61,50627,50627,0
9,CS45->US69,0,0,0
9,CS45->US77,50934,50934,0
9,CS45->US85,57583,57583,0
9,CS45->US93,50538,50538,0
9,CS45->US101,12622,12622,0
9,CS45->US109,12510,12509,0
9,CS45->US117,57135,57135,0
9,CS45->US125,54195,54195,0
9,CS46->US6,51617,51617,0
9,CS46->US14,50580,50580,0
9,CS46->US22,50889,50889,0
9,CS46->US30,51353,51353,0
9,CS46->US38,0,0,0
9,CS46->US46,51163,51163,0
9,CS46->US54,51751,51751,0
9,CS46->US62,50705,50705,0
9,CS46->US70,0,0,0
9,CS46->US78,50794,50794,0
9,CS46->US86,57374,57374,0
9,CS46->US94,51197,51197,0
9,CS46->US102,12754,12753,0
9,CS46->US110,12331,12330,0
9,CS46->US118,57794,57794,0
9,CS46->US126,54435,54435,0
9,CS47->US7,51270,51270,0
9,CS47->US15,50295,50295,0
9,CS47->US23,50685,50685,0
9,CS47->US31,50658,50658,0
9,CS47->US39,0,0,0
9,CS47->US47,51470,51470,0
9,CS47->US55,51306,51306,0
9,CS47->US63,51072,51072,0
9,CS47->US71,0,0,0
9,CS47->US79,51052,51052,0
9,CS47->US87,57135,57135,0
9,CS47->US95,50851,50851,0
9,CS47->US103,12501,12501,0
9,CS47->US111,12126,12126,0
9,CS47->US119,57695,57695,0
9,CS47->US127,54524,54524,0
9,CS48->US0,51223,51223,0
9,CS48->US8,50472,50472,0
9,CS48->US16,50681,50681,0
9,CS48->US24,50579,50579,0
9,CS48->US32,0,0,0
9,CS48->US40,51193,51193,0
9,CS48->US48,51386,51386,0
9,CS48->US56,51047,51047,0
9,CS48->US64,0,0,0
9,CS48->US72,50935,50935,0
9,CS48->US80,57915,57915,0
9,CS48->US88,50750,50750,0
9,CS48->US96,12744,12744,0
9,CS48->US104,12371,12371,0
9,CS48->US112,57933,57933,0
9,CS48->US120,54490,54490,0
9,CS49->US1,51729,51729,0
9,CS49->US9,50413,50413,0
9,CS49->US17,51003,51003,0
9,CS49->US25,50851,50851,0
9,CS49->US33,0,0,0
9,CS49->US41,51354,51354,0
9,CS49->US49,51526,51526,0
9,CS49->US57,50865,50865,0
9,CS49->US65,0,0,0
9,CS49->US73,50745,50745,0
9,CS49->US81,57779,57779,0
9,CS49->US89,51029,51029,0
9,CS49->US97,12816,12815,0
9,CS49->US105,12311,12311,0
9,CS49->US113,57732,57732,0
9,CS49->US121,54065,54065,0
9,CS50->US2,51474,51474,0
9,CS50->US10,50688,50688,0
9,CS50->US18,50408,50408,0
9,CS50->US26,50761,50761,0
9,CS50->US34,0,0,0
9,CS50->US42,51526,51526,0
9,CS50->US50,51422,51422,0
9,CS50->US58,50486,50486,0
9,CS50->US66,0,0,0
9,CS50->US74,51208,51208,0
9,CS50->US82,57544,57544,0
9,CS50->US90,50694,50694,0
9,CS50->US98,12664,12664,0
9,CS50->US106,12270,12270,0
9,CS50->US114,57655,57655,0
9,CS50->US122,54060,54060,0
9,CS51->US3,51445,51445,0
9,CS51->US11,50564,50564,0
9,CS51->US19,51147,51147,0
9,CS51->US27,51096,51096,0
9,CS51->US35,0,0,0
9,CS51->US43,51458,51458,0
9,CS51->US51,51272,51272,0
9,CS51->US59,50923,50923,0
9,CS51->US67,0,0,0
9,CS51->US75,50931,50931,0
9,CS51->US83,57789,57789,0
9,CS51->US91,51272,51272,0
9,CS51->US99,12502,12502,0
9,CS51->US107,12019,12017,0
9,CS51->US115,57497,57497,0
9,CS51->US123,54254,54254,0
9,CS52->US4,51216,51216,0
9,CS52->US12,50260,50260,0
9,CS52->US20,50500,50500,0
9,CS52->US28,51300,51300,0
9,CS52->US36,0,0,0
9,CS52->US44,51215,51215,0
9,CS52->US52,51728,51728,0
9,CS52->US60,50671,50671,0
9,CS52->US68,0,0,0
9,CS52->US76,50953,50953,0
9,CS52->US84,57695,57695,0
9,CS52->US92,50578,50578,0
9,CS52->US100,12679,12679,0
9,CS52->US108,12218,12218,0
9,CS52->US116,57285,57285,0
9,CS52->US124,54181,54181,0
9,CS53->US5,51563,51563,0
9,CS53->US13,50408,50408,0
9,CS53->US21,50516,50516,0
9,CS53->US29,50869,50869,0
9,CS53->US37,0,0,0
9,CS53->US45,51107,51107,0
9,CS53->US53,51378,51378,0
9,CS53->US61,50528,50528,0
9,CS53->US69,0,0,0
9,CS53->US77,51103,51103,0
9,CS53->US85,57207,57207,0
9,CS53->US93,50760,50760,0
9,CS53->US101,12682,12682,0
9,CS53->US109,12116,12115,0
9,CS53->US117,57782,57782,0
9,CS53->US125,54666,54666,0
9,CS54->US6,51315,51315,0
9,CS54->US14,50259,50259,0
9,CS54->US22,50774,50774,0
9,CS54->US30,50732,50732,0
9,CS54->US38,0,0,0
9,CS54->US46,51557,51557,0
9,CS54->US54,51473,51473,0
9,CS54->US62,51052,51052,0
9,CS54->US70,0,0,0
9,CS54->US78,51126,51126,0
9,CS54->US86,57452,57452,0
9,CS54->US94,50862,50862,0
9,CS54->US102,12488,12487,0
9,CS54->US110,12146,12146,0
9,CS54->US118,57472,57472,0
9,CS54->US126,53474,53474,0
9,CS55->US7,50989,50989,0
9,CS55->US15,50521,50521,0
9,CS55->US23,50617,50617,0
9,CS55->US31,50778,50778,0
9,CS55->US39,0,0,0
9,CS55->US47,51120,51120,0
9,CS55->US55,51422,51422,0
9,CS55->US63,50517,50517,0
9,CS55->US71,0,0,0
9,CS55->US79,50521,50521,0
9,CS55->US87,57125,57125,0
9,CS55->US95,51241,51241,0
9,CS55->US103,12792,12792,0
9,CS55->US111,12213,12213,0
9,CS55->US119,57880,57880,0
9,CS55->US127,54480,54480,0
9,CS56->US0,51408,51408,0
9,CS56->US8,50653,50653,0
9,CS56->US16,50436,50436,0
9,CS56->US24,51087,51087,0
9,CS56->US32,0,0,0
9,CS56->US40,51048,51048,0
9,CS56->US48,51861,51861,0
9,CS56->US56,50933,50933,0
9,CS56->US64,0,0,0
9,CS56->US72,50811,50811,0
9,CS56->US80,57698,57698,0
9,CS56->US88,50722,50722,0
9,CS56->US96,12752,12751,0
9,CS56->US104,12346,12346,0
9,CS56->US112,57798,57798,0
9,CS56->US120,54383,54383,0
9,CS57->US1,51784,51784,0
9,CS57->US9,50750,50750,0
9,CS57->US17,50420,50420,0
9,CS57->US25,50659,50659,0
9,CS57->US33,0,0,0
9,CS57->US41,51310,51310,0
9,CS57->US49,51560,51560,0
9,CS57->US57,50350,50350,0
9,CS57->US65,0,0,0
9,CS57->US73,50718,50718,0
9,CS57->US81,57524,57524,0
9,CS57->US89,51314,51314,0
9,CS57->US97,12683,12681,0
9,CS57->US105,12218,12217,0
9,CS57->US113,57598,57598,0
9,CS57->US121,54527,54527,0
9,CS58->US2,51237,51237,0
9,CS58->US10,50493,50493,0
9,CS58->US18,50825,50825,0
9,CS58->US26,50630,50630,0
9,CS58->US34,0,0,0
9,CS58->US42,51337,51337,0
9,CS58->US50,51294,51294,0
9,CS58->US58,50616,50616,0
9,CS58->US66,0,0,0
9,CS58->US74,51287,51287,0
9,CS58->US82,57440,57440,0
9,CS58->US90,50604,50604,0
9,CS58->US98,12682,12681,0
9,CS58->US106,12009,12009,0
9,CS58->US114,57548,57548,0
9,CS58->US122,54740,54740,0
9,CS59->US3,51706,51706,0
9,CS59->US11,50755,50755,0
9,CS59->US19,50731,50731,0
9,CS59->US27,51050,51050,0
9,CS59->US35,0,0,0
9,CS59->US43,51222,51222,0
9,CS59->US51,51428,51428,0
9,CS59->US59,50707,50707,0
9,CS59->US67,0,0,0
9,CS59->US75,51189,51189,0
9,CS59->US83,57403,57403,0
9,CS59->US91,50819,50819,0
9,CS59->US99,12825,12824,0
9,CS59->US107,12189,12188,0
9,CS59->US115,57236,57236,0
9,CS59->US123,54315,54315,0
9,CS60->US4,51777,51777,0
9,CS60->US12,50620,50620,0
9,CS60->US20,50636,50636,0
9,CS60->US28,50876,50876,0
9,CS60->US36,0,0,0
9,CS60->US44,51331,51331,0
9,CS60->US52,51404,51404,0
9,CS60->US60,50612,50612,0
9,CS60->US68,0,0,0
9,CS60->US76,51332,51332,0
9,CS60->US84,57521,57521,0
9,CS60->US92,50965,50965,0
9,CS60->US100,12487,12487,0
9,CS60->US108,12413,12413,0
9,CS60->US116,57543,57543,0
9,CS60->US124,54282,54282,0
9,CS61->US5,51483,51483,0
9,CS61->US13,50290,50290,0
9,CS61->US21,50991,50991,0
9,CS61->US29,51277,51277,0
9,CS61->US37,0,0,0
9,CS61->US45,51079,51079,0
9,CS61->US53,51598,51598,0
9,CS61->US61,51031,51031,0
9,CS61->US69,0,0,0
9,CS61->US77,51270,51270,0
9,CS61->US85,57384,57384,0
9,CS61->US93,50973,50973,0
9,CS61->US101,12781,12781,0
9,CS61->US109,12168,12168,0
9,CS61->US117,57506,57506,0
9,CS61->US125,54399,54399,0
9,CS62->US6,51690,51690,0
9,CS62->US14,50552,50552,0
9,CS62->US22,50528,50528,0
9,CS62->US30,50723,50723,0
9,CS62->US38,0,0,0
9,CS62->US46,51055,51055,0
9,CS62->US54,51572,51572,0
9,CS62->US62,50667,50667,0
9,CS62->US70,0,0,0
9,CS62->US78,51125,51125,0
9,CS62->US86,57088,57088,0
9,CS62->US94,50874,50874,0
9,CS62->US102,12773,12772,0
9,CS62->US110,12408,12407,0
9,CS62->US118,57437,57437,0
9,CS62->US126,53844,53844,0
9,CS63->US7,51521,51521,0
9,CS63->US15,50420,50420,0
9,CS63->US23,50791,50791,0
9,CS63->US31,51032,51032,0
9,CS63->US39,0,0,0
9,CS63->US47,51196,51196,0
9,CS63->US55,51498,51498,0
9,CS63->US63,51036,51036,0
9,CS63->US71,0,0,0
9,CS63->US79,51068,51068,0
9,CS63->US87,57707,57707,0
9,CS63->US95,50651,50651,0
9,CS63->US103,12897,12897,0
9,CS63->US111,12304,12304,0
9,CS63->US119,57573,57573,0
9,CS63->US127,54361,54361,0
10,US0->CS0,51625,51625,0
10,US0->CS8,52046,52046,0
10,US0->CS16,51809,51809,0
10,US0->CS24,51991,51991,0
10,US0->CS32,51674,51674,0
10,US0->CS40,51793,51793,0
10,US0->CS48,51655,51655,0
10,US0->CS56,52135,52135,0
10,US1->CS1,51893,51893,0
10,US1->CS9,51869,51869,0
10,US1->CS17,51396,51396,0
10,US1->CS25,51686,51686,0
10,US1->CS33,51598,51598,0
10,US1->CS41,51608,51608,0
10,US1->CS49,51842,51842,0
10,US1->CS57,51825,51825,0
10,US2->CS2,51525,51525,0
10,US2->CS10,51786,51786,0
10,US2->CS18,51409,51409,0
10,US2->CS26,52113,52113,0
10,US2->CS34,52051,52051,0
10,US2->CS42,51632,51632,0
10,US2->CS50,51677,51677,0
10,US2->CS58,51579,51579,0
10,US3->CS3,51726,51726,0
10,US3->CS11,51684,51684,0
10,US3->CS19,51768,51768,0
10,US3->CS27,51772,51772,0
10,US3->CS35,51895,51895,0
10,US3->CS43,51858,51858,0
10,US3->CS51,51609,51609,0
10,US3->CS59,51675,51675,0
10,US4->CS4,51865,51865,0
10,US4->CS12,51641,51641,0
10,US4->CS20,51632,51632,0
10,US4->CS28,51983,51983,0
10,US4->CS36,51688,51688,0
10,US4->CS44,51313,51313,0
10,US4->CS52,52007,52007,0
10,US4->CS60,51690,51690,0
10,US5->CS5,51897,51897,0
10,US5->CS13,51748,51748,0
10,US5->CS21,51799,51799,0
10,US5->CS29,51691,51691,0
10,US5->CS37,51737,51737,0
10,US5->CS45,51525,51525,0
10,US5->CS53,51711,51711,0
10,US5->CS61,51866,51866,0
10,US6->CS6,51710,51710,0
10,US6->CS14,51901,51901,0
10,US6->CS22,51678,51678,0
10,US6->CS30,51778,51778,0
10,US6->CS38,51743,51743,0
10,US6->CS46,52066,52066,0
10,US6->CS54,51752,51752,0
10,US6->CS62,51815,51815,0
10,US7->CS7,51961,51961,0
10,US7->CS15,51414,51414,0
10,US7->CS23,51991,51991,0
10,US7->CS31,51684,51684,0
10,US7->CS39,51753,51753,0
10,US7->CS47,51593,51593,0
10,US7->CS55,51714,51714,0
10,US7->CS63,51781,51781,0
10,US8->CS0,57331,57331,0
10,US8->CS8,57443,57443,0
10,US8->CS16,57254,57254,0
10,US8->CS24,57242,57242,0
10,US8->CS32,57261,57261,0
10,US8->CS40,57581,57581,0
10,US8->CS48,57787,57787,0
10,US8->CS56,57624,57624,0
10,US9->CS1,57530,57530,0
10,US9->CS9,57443,57443,0
10,US9->CS17,57400,57400,0
10,US9->CS25,57203,57203,0
10,US9->CS33,57143,57143,0
10,US9->CS41,57271,57271,0
10,US9->CS49,57641,57641,0
10,US9->CS57,57468,57468,0
10,US10->CS2,57377,57377,0
10,US10->CS10,57183,57183,0
10,US10->CS18,57574,57574,0
10,US10->CS26,57798,57798,0
10,US10->CS34,57462,57462,0
10,US10->CS42,57474,57474,0
10,US10->CS50,57430,57430,0
10,US10->CS58,57299,57299,0
10,US11->CS3,56956,56956,0
10,US11->CS11,57856,57856,0
10,US11->CS19,57566,57566,0
10,US11->CS27,57367,57367,0
10,US11->CS35,57522,57522,0
10,US11->CS43,57069,57069,0
10,US11->CS51,57656,57656,0
10,US11->CS59,57332,57332,0
10,US12->CS4,57638,57638,0
10,US12->CS12,57421,57421,0
10,US12->CS20,57336,57336,0
10,US12->CS28,57261,57261,0
10,US12->CS36,57305,57305,0
10,US12->CS44,57355,57355,0
10,US12->CS52,57593,57593,0
10,US12->CS60,57450,57450,0
10,US13->CS5,57111,57111,0
10,US13->CS13,57713,57713,0
10,US13->CS21,57075,57075,0
10,US13->CS29,57039,57039,0
10,US13->CS37,57104,57104,0
10,US13->CS45,57537,57537,0
10,US13->CS53,57122,57122,0
10,US13->CS61,57303,57303,0
10,US14->CS6,57193,57193,0
10,US14->CS14,57469,57469,0
10,US14->CS22,57151,57151,0
10,US14->CS30,57209,57209,0
10,US14->CS38,57588,57588,0
10,US14->CS46,57313,57313,0
10,US14->CS54,57407,57407,0
10,US14->CS62,57005,57005,0
10,US15->CS7,57124,57124,0
10,US15->CS15,57640,57640,0
10,US15->CS23,57445,57445,0
10,US15->CS31,57543,57543,0
10,US15->CS39,57582,57582,0
10,US15->CS47,57114,57114,0
10,US15->CS55,57043,57043,0
10,US15->CS63,57595,57595,0
10,US16->CS0,54432,54432,0
10,US16->CS8,54442,54442,0
10,US16->CS16,54349,54349,0
10,US16->CS24,54194,54194,0
10,US16->CS32,54320,54320,0
10,US16->CS40,54354,54354,0
10,US16->CS48,54576,54576,0
10,US16->CS56,54407,54407,0
10,US17->CS1,54362,54362,0
10,US17->CS9,54503,54503,0
10,US17->CS17,53948,53948,0
10,US17->CS25,54127,54127,0
10,US17->CS33,54137,54137,0
10,US17->CS41,54363,54363,0
10,US17->CS49,54111,54111,0
10,US17->CS57,54630,54630,0
10,US18->CS2,54118,54118,0
10,US18->CS10,54668,54668,0
10,US18->CS18,54290,54290,0
10,US18->CS26,54531,54531,0
10,US18->CS34,54704,54704,0
10,US18->CS42,54280,54280,0
10,US18->CS50,54206,54206,0
10,US18->CS58,54783,54783,0
10,US19->CS3,54430,54430,0
10,US19->CS11,54096,54096,0
10,US19->CS19,54323,54323,0
10,US19->CS27,54466,54466,0
10,US19->CS35,54292,54292,0
10,US19->CS43,54254,54254,0
10,US19->CS51,54369,54369,0
10,US19->CS59,54360,54360,0
10,US20->CS4,54305,54305,0
10,US20->CS12,54679,54679,0
10,US20->CS20,54233,54233,0
10,US20->CS28,54668,54668,0
10,US20->CS36,54843,54843,0
10,US20->CS44,54679,54679,0
10,US20->CS52,54292,54292,0
10,US20->CS60,54368,54368,0
10,US21->CS5,54334,54334,0
10,US21->CS13,53950,53950,0
10,US21->CS21,54171,54171,0
10,US21->CS29,54536,54536,0
10,US21->CS37,54113,54113,0
10,US21->CS45,54267,54267,0
10,US21->CS53,54678,54678,0
10,US21->CS61,54464,54464,0
10,US22->CS6,54848,54848,0
10,US22->CS14,54241,54241,0
10,US22->CS22,54343,54343,0
10,US22->CS30,54097,54097,0
10,US22->CS38,53973,53973,0
10,US22->CS46,54459,54459,0
10,US22->CS54,53599,53599,0
10,US22->CS62,53964,53964,0
10,US23->CS7,54390,54390,0
10,US23->CS15,54404,54404,0
10,US23->CS23,53904,53904,0
10,US23->CS31,54249,54249,0
10,US23->CS39,54261,54261,0
10,US23->CS47,54614,54614,0
10,US23->CS55,54552,54552,0
10,US23->CS63,54413,54413,0
10,US24->CS0,50711,50711,0
10,US24->CS8,50736,50736,0
10,US24->CS16,50987,50987,0
10,US24->CS24,50613,50613,0
10,US24->CS32,50663,50663,0
10,US24->CS40,50400,50400,0
10,US24->CS48,50922,50922,0
10,US24->CS56,50803,50803,0
10,US25->CS1,50281,50281,0
10,US25->CS9,50852,50852,0
10,US25->CS17,50746,50746,0
10,US25->CS25,50438,50438,0
10,US25->CS33,50889,50889,0
10,US25->CS41,50893,50893,0
10,US25->CS49,50777,50777,0
10,US25->CS57,50233,50233,0
10,US26->CS2,50731,50731,0
10,US26->CS10,50805,50805,0
10,US26->CS18,50595,50595,0
10,US26->CS26,50685,50685,0
10,US26->CS34,50331,50331,0
10,US26->CS42,50515,50515,0
10,US26->CS50,50359,50359,0
10,US26->CS58,50489,50489,0
10,US27->CS3,50583,50583,0
10,US27->CS11,50822,50822,0
10,US27->CS19,50697,50697,0
10,US27->CS27,50686,50686,0
10,US27->CS35,50593,50593,0
10,US27->CS43,50239,50239,0
10,US27->CS51,50741,50741,0
10,US27->CS59,50539,50539,0
10,US28->CS4,50440,50440,0
10,US28->CS12,50702,50702,0
10,US28->CS20,50662,50662,0
10,US28->CS28,50776,50776,0
10,US28->CS36,50914,50914,0
10,US28->CS44,50938,50938,0
10,US28->CS52,50517,50517,0
10,US28->CS60,50512,50512,0
10,US29->CS5,50465,50465,0
10,US29->CS13,50693,50693,0
10,US29->CS21,50876,50876,0
10,US29->CS29,50658,50658,0
10,US29->CS37,50358,50358,0
10,US29->CS45,50493,50493,0
10,US29->CS53,50431,50431,0
10,US29->CS61,50932,50932,0
10,US30->CS6,50738,50738,0
10,US30->CS14,50223,50223,0
10,US30->CS22,50406,50406,0
10,US30->CS30,50627,50627,0
10,US30->CS38,50626,50626,0
10,US30->CS46,50622,50622,0
10,US30->CS54,50914,50914,0
10,US30->CS62,50538,50538,0
10,US31->CS7,50888,50888,0
10,US31->CS15,51279,51279,0
10,US31->CS23,50170,50170,0
10,US31->CS31,50673,50673,0
10,US31->CS39,50296,50296,0
10,US31->CS47,50956,50956,0
10,US31->CS55,50366,50366,0
10,US31->CS63,50881,50881,0
10,US32->CS0,0,0,0
10,US32->CS8,0,0,0
10,US32->CS16,0,0,0
10,US32->CS24,0,0,0
10,US32->CS32,0,0,0
10,US32->CS40,0,0,0
10,US32->CS48,0,0,0
10,US32->CS56,0,0,0
10,US33->CS1,0,0,0
10,US33->CS9,0,0,0
10,US33->CS17,0,0,0
10,US33->CS25,0,0,0
10,US33->CS33,0,0,0
10,US33->CS41,0,0,0
10,US33->CS49,0,0,0
10,US33->CS57,0,0,0
10,US34->CS2,0,0,0
10,US34->CS10,0,0,0
10,US34->CS18,0,0,0
10,US34->CS26,0,0,0
10,US34->CS34,0,0,0
10,US34->CS42,0,0,0
10,US34->CS50,0,0,0
10,US34->CS58,0,0,0
10,US35->CS3,0,0,0
10,US35->CS11,0,0,0
10,US35->CS19,0,0,0
10,US35->CS27,0,0,0
10,US35->CS35,0,0,0
10,US35->CS43,0,0,0
10,US35->CS51,0,0,0
10,US35->CS59,0,0,0
10,US36->CS4,0,0,0
10,US36->CS12,0,0,0
10,US36->CS20,0,0,0
10,US36->CS28,0,0,0
10,US36->CS36,0,0,0
10,US36->CS44,0,0,0
10,US36->CS52,0,0,0
10,US36->CS60,0,0,0
10,US37->CS5,0,0,0
10,US37->CS13,0,0,0
10,US37->CS21,0,0,0
10,US37->CS29,0,0,0
10,US37->CS37,0,0,0
10,US37->CS45,0,0,0
10,US37->CS53,0,0,0
10,US37->CS61,0,0,0
10,US38->CS6,0,0,0
10,US38->CS14,0,0,0
10,US38->CS22,0,0,0
10,US38->CS30,0,0,0
10,US38->CS38,0,0,0
10,US38->CS46,0,0,0
10,US38->CS54,0,0,0
10,US38->CS62,0,0,0
10,US39->CS7,0,0,0
10,US39->CS15,0,0,0
10,US39->CS23,0,0,0
10,US39->CS31,0,0,0
10,US39->CS39,0,0,0
10,US39->CS47,0,0,0
10,US39->CS55,0,0,0
10,US39->CS63,0,0,0
10,US40->CS0,57464,57464,0
10,US40->CS8,57664,57664,0
10,US40->CS16,57630,57630,0
10,US40->CS24,57469,57469,0
10,US40->CS32,57501,57501,0
10,US40->CS40,57410,57410,0
10,US40->CS48,57933,57933,0
10,US40->CS56,57814,57814,0
10,US41->CS1,57484,57484,0
10,US41->CS9,57784,57784,0
10,US41->CS17,57711,57711,0
10,US41->CS25,57204,57204,0
10,US41->CS33,57443,57443,0
10,US41->CS41,57283,57283,0
10,US41->CS49,57604,57604,0
10,US41->CS57,57569,57569,0
10,US42->CS2,57454,57454,0
10,US42->CS10,57784,57784,0
10,US42->CS18,57594,57594,0
10,US42->CS26,57466,57466,0
10,US42->CS34,57296,57296,0
10,US42->CS42,57378,57378,0
10,US42->CS50,57609,57609,0
10,US42->CS58,57492,57492,0
10,US43->CS3,57413,57413,0
10,US43->CS11,57607,57607,0
10,US43->CS19,57426,57426,0
10,US43->CS27,57547,57547,0
10,US43->CS35,57551,57551,0
10,US43->CS43,57641,57641,0
10,US43->CS51,57424,57424,0
10,US43->CS59,57218,57218,0
10,US44->CS4,57517,57517,0
10,US44->CS12,57647,57647,0
10,US44->CS20,57374,57374,0
10,US44->CS28,57567,57567,0
10,US44->CS36,57211,57211,0
10,US44->CS44,57237,57237,0
10,US44->CS52,57218,57218,0
10,US44->CS60,57477,57477,0
10,US45->CS5,57286,57286,0
10,US45->CS13,57881,57881,0
10,US45->CS21,57372,57372,0
10,US45->CS29,57456,57456,0
10,US45->CS37,57845,57845,0
10,US45->CS45,57146,57146,0
10,US45->CS53,57664,57664,0
10,US45->CS61,57405,57405,0
10,US46->CS6,58213,58213,0
10,US46->CS14,57148,57148,0
10,US46->CS22,57590,57590,0
10,US46->CS30,57285,57285,0
10,US46->CS38,57853,57853,0
10,US46->CS46,57648,57648,0
10,US46->CS54,57391,57391,0
10,US46->CS62,57386,57386,0
10,US47->CS7,57314,57314,0
10,US47->CS15,57670,57670,0
10,US47->CS23,57715,57715,0
10,US47->CS31,57098,57098,0
10,US47->CS39,57858,57858,0
10,US47->CS47,57622,57622,0
10,US47->CS55,57821,57821,0
10,US47->CS63,57510,57510,0
10,US48->CS0,51937,51937,0
10,US48->CS8,52164,52164,0
10,US48->CS16,52301,52301,0
10,US48->CS24,51791,51791,0
10,US48->CS32,51288,51288,0
10,US48->CS40,51490,51490,0
10,US48->CS48,51472,51472,0
10,US48->CS56,51666,51666,0
10,US49->CS1,51556,51556,0
10,US49->CS9,51425,51425,0
10,US49->CS17,52269,52269,0
10,US49->CS25,51606,51606,0
10,US49->CS33,51593,51593,0
10,US49->CS41,51736,51736,0
10,US49->CS49,52008,52008,0
10,US49->CS57,52117,52117,0
10,US50->CS2,51865,51865,0
10,US50->CS10,52070,52070,0
10,US50->CS18,52084,52084,0
10,US50->CS26,51564,51564,0
10,US50->CS34,51614,51614,0
10,US50->CS42,51598,51598,0
10,US50->CS50,51728,51728,0
10,US50->CS58,51513,51513,0
10,US51->CS3,51654,51654,0
10,US51->CS11,51510,51510,0
10,US51->CS19,51659,51659,0
10,US51->CS27,52085,52085,0
10,US51->CS35,51540,51540,0
10,US51->CS43,51417,51417,0
10,US51->CS51,51728,51728,0
10,US51->CS59,51978,51978,0
10,US52->CS4,51736,51736,0
10,US52->CS12,52260,52260,0
10,US52->CS20,51693,51693,0
10,US52->CS28,51983,51983,0
10,US52->CS36,51946,51946,0
10,US52->CS44,51543,51543,0
10,US52->CS52,51513,51513,0
10,US52->CS60,52059,52059,0
10,US53->CS5,51776,51776,0
10,US53->CS13,51829,51829,0
10,US53->CS21,51927,51927,0
10,US53->CS29,51864,51864,0
10,US53->CS37,51836,51836,0
10,US53->CS45,51991,51991,0
10,US53->CS53,51907,51907,0
10,US53->CS61,51781,51781,0
10,US54->CS6,51740,51740,0
10,US54->CS14,51634,51634,0
10,US54->CS22,51812,51812,0
10,US54->CS30,51634,51634,0
10,US54->CS38,51856,51856,0
10,US54->CS46,51830,51830,0
10,US54->CS54,51588,51588,0
10,US54->CS62,51962,51962,0
10,US55->CS7,51473,51473,0
10,US55->CS15,51996,51996,0
10,US55->CS23,51752,51752,0
10,US55->CS31,51600,51600,0
10,US55->CS39,51755,51755,0
10,US55->CS47,51525,51525,0
10,US55->CS55,51251,51251,0
10,US55->CS63,51700,51700,0
10,US56->CS0,51086,51086,0
10,US56->CS8,51217,51217,0
10,US56->CS16,51050,51050,0
10,US56->CS24,51130,51130,0
10,US56->CS32,51079,51079,0
10,US56->CS40,50940,50940,0
10,US56->CS48,50518,50518,0
10,US56->CS56,50957,50957,0
10,US57->CS1,51191,51191,0
10,US57->CS9,50414,50414,0
10,US57->CS17,51041,51041,0
10,US57->CS25,51432,51432,0
10,US57->CS33,50767,50767,0
10,US57->CS41,51069,51069,0
10,US57->CS49,50816,50816,0
10,US57->CS57,50595,50595,0
10,US58->CS2,50795,50795,0
10,US58->CS10,50914,50914,0
10,US58->CS18,50773,50773,0
10,US58->CS26,50598,50598,0
10,US58->CS34,50719,50719,0
10,US58->CS42,51102,51102,0
10,US58->CS50,50717,50717,0
10,US58->CS58,50535,50535,0
10,US59->CS3,51002,51002,0
10,US59->CS11,50493,50493,0
10,US59->CS19,50966,50966,0
10,US59->CS27,50897,50897,0
10,US59->CS35,50860,50860,0
10,US59->CS43,50533,50533,0
10,US59->CS51,51008,51008,0
10,US59->CS59,50957,50957,0
10,US60->CS4,51046,51046,0
10,US60->CS12,50886,50886,0
10,US60->CS20,50828,50828,0
10,US60->CS28,50289,50289,0
10,US60->CS36,50390,50390,0
10,US60->CS44,50859,50859,0
10,US60->CS52,51213,51213,0
10,US60->CS60,50794,50794,0
10,US61->CS5,50715,50715,0
10,US61->CS13,51112,51112,0
10,US61->CS21,50538,50538,0
10,US61->CS29,50696,50696,0
10,US61->CS37,50690,50690,0
10,US61->CS45,51348,51348,0
10,US61->CS53,50838,50838,0
10,US61->CS61,51160,51160,0
10,US62->CS6,50927,50927,0
10,US62->CS14,50846,50846,0
10,US62->CS22,51239,51239,0
10,US62->CS30,50762,50762,0
10,US62->CS38,50336,50336,0
10,US62->CS46,51247,51247,0
10,US62->CS54,50576,50576,0
10,US62->CS62,50633,50633,0
10,US63->CS7,50837,50837,0
10,US63->CS15,50668,50668,0
10,US63->CS23,51233,51233,0
10,US63->CS31,51257,51257,0
10,US63->CS39,50541,50541,0
10,US63->CS47,50492,50492,0
10,US63->CS55,50636,50636,0
10,US63->CS63,50941,50941,0
10,US64->CS0,0,0,0
10,US64->CS8,0,0,0
10,US64->CS16,0,0,0
10,US64->CS24,0,0,0
10,US64->CS32,0,0,0
10,US64->CS40,0,0,0
10,US64->CS48,0,0,0
10,US64->CS56,0,0,0
10,US65->CS1,0,0,0
10,US65->CS9,0,0,0
10,US65->CS17,0,0,0
10,US65->CS25,0,0,0
10,US65->CS33,0,0,0
10,US65->CS41,0,0,0
10,US65->CS49,0,0,0
10,US65->CS57,0,0,0
10,US66->CS2,0,0,0
10,US66->CS10,0,0,0
10,US66->CS18,0,0,0
10,US66->CS26,0,0,0
10,US66->CS34,0,0,0
10,US66->CS42,0,0,0
10,US66->CS50,0,0,0
10,US66->CS58,0,0,0
10,US67->CS3,0,0,0
10,US67->CS11,0,0,0
10,US67->CS19,0,0,0
10,US67->CS27,0,0,0
10,US67->CS35,0,0,0
10,US67->CS43,0,0,0
10,US67->CS51,0,0,0
10,US67->CS59,0,0,0
10,US68->CS4,0,0,0
10,US68->CS12,0,0,0
10,US68->CS20,0,0,0
10,US68->CS28,0,0,0
10,US68->CS36,0,0,0
10,US68->CS44,0,0,0
10,US68->CS52,0,0,0
10,US68->CS60,0,0,0
10,US69->CS5,0,0,0
10,US69->CS13,0,0,0
10,US69->CS21,0,0,0
10,US69->CS29,0,0,0
10,US69->CS37,0,0,0
10,US69->CS45,0,0,0
10,US69->CS53,0,0,0
10,US69->CS61,0,0,0
10,US70->CS6,0,0,0
10,US70->CS14,0,0,0
10,US70->CS22,0,0,0
10,US70->CS30,0,0,0
10,US70->CS38,0,0,0
10,US70->CS46,0,0,0
10,US70->CS54,0,0,0
10,US70->CS62,0,0,0
10,US71->CS7,0,0,0
10,US71->CS15,0,0,0
10,US71->CS23,0,0,0
10,US71->CS31,0,0,0
10,US71->CS39,0,0,0
10,US71->CS47,0,0,0
10,US71->CS55,0,0,0
10,US71->CS63,0,0,0
10,US72->CS0,51057,51057,0
10,US72->CS8,50828,50828,0
10,US72->CS16,50983,50983,0
10,US72->CS24,50281,50281,0
10,US72->CS32,51251,51251,0
10,US72->CS40,50384,50384,0
10,US72->CS48,50688,50688,0
10,US72->CS56,50660,50660,0
10,US73->CS1,50713,50713,0
10,US73->CS9,50978,50978,0
10,US73->CS17,51394,51394,0
10,US73->CS25,50575,50575,0
10,US73->CS33,50943,50943,0
10,US73->CS41,50604,50604,0
10,US73->CS49,51036,51036,0
10,US73->CS57,51301,51301,0
10,US74->CS2,50798,50798,0
10,US74->CS10,51075,51075,0
10,US74->CS18,51235,51235,0
10,US74->CS26,51072,51072,0
10,US74->CS34,50628,50628,0
10,US74->CS42,51153,51153,0
10,US74->CS50,50588,50588,0
10,US74->CS58,50645,50645,0
10,US75->CS3,51042,51042,0
10,US75->CS11,50972,50972,0
10,US75->CS19,50708,50708,0
10,US75->CS27,50860,50860,0
10,US75->CS35,51162,51162,0
10,US75->CS43,50576,50576,0
10,US75->CS51,51200,51200,0
10,US75->CS59,50755,50755,0
10,US76->CS4,50627,50627,0
10,US76->CS12,50971,50971,0
10,US76->CS20,50574,50574,0
10,US76->CS28,50997,50997,0
10,US76->CS36,51165,51165,0
10,US76->CS44,50661,50661,0
10,US76->CS52,50558,50558,0
10,US76->CS60,50924,50924,0
10,US77->CS5,50711,50711,0
10,US77->CS13,50762,50762,0
10,US77->CS21,51089,51089,0
10,US77->CS29,50612,50612,0
10,US77->CS37,50721,50721,0
10,US77->CS45,50479,50479,0
10,US77->CS53,50754,50754,0
10,US77->CS61,50918,50918,0
10,US78->CS6,51069,51069,0
10,US78->CS14,50643,50643,0
10,US78->CS22,50977,50977,0
10,US78->CS30,51085,51085,0
10,US78->CS38,50985,50985,0
10,US78->CS46,51108,51108,0
10,US78->CS54,50797,50797,0
10,US78->CS62,50843,50843,0
10,US79->CS7,51503,51503,0
10,US79->CS15,51288,51288,0
10,US79->CS23,51074,51074,0
10,US79->CS31,50917,50917,0
10,US79->CS39,51190,51190,0
10,US79->CS47,50771,50771,0
10,US79->CS55,51191,51191,0
10,US79->CS63,50621,50621,0
10,US80->CS0,50601,50601,0
10,US80->CS8,50715,50715,0
10,US80->CS16,50552,50552,0
10,US80->CS24,50505,50505,0
10,US80->CS32,50411,50411,0
10,US80->CS40,50423,50423,0
10,US80->CS48,50362,50362,0
10,US80->CS56,50616,50616,0
10,US81->CS1,50385,50385,0
10,US81->CS9,50315,50315,0
10,US81->CS17,50151,50151,0
10,US81->CS25,50238,50238,0
10,US81->CS33,50187,50187,0
10,US81->CS41,50295,50295,0
10,US81->CS49,50295,50295,0
10,US81->CS57,50623,50623,0
10,US82->CS2,50290,50290,0
10,US82->CS10,50604,50604,0
10,US82->CS18,50645,50645,0
10,US82->CS26,50561,50561,0
10,US82->CS34,50411,50411,0
10,US82->CS42,50470,50470,0
10,US82->CS50,50551,50551,0
10,US82->CS58,50407,50407,0
10,US83->CS3,50452,50452,0
10,US83->CS11,50594,50594,0
10,US83->CS19,50497,50497,0
10,US83->CS27,50585,50585,0
10,US83->CS35,50505,50505,0
10,US83->CS43,50380,50380,0
10,US83->CS51,50466,50466,0
10,US83->CS59,50765,50765,0
10,US84->CS4,50443,50443,0
10,US84->CS12,50581,50581,0
10,US84->CS20,50500,50500,0
10,US84->CS28,50690,50690,0
10,US84->CS36,50369,50369,0
10,US84->CS44,50286,50286,0
10,US84->CS52,50178,50178,0
10,US84->CS60,50512,50512,0
10,US85->CS5,50813,50813,0
10,US85->CS13,50312,50312,0
10,US85->CS21,50463,50463,0
10,US85->CS29,50337,50337,0
10,US85->CS37,50155,50155,0
10,US85->CS45,50248,50248,0
10,US85->CS53,50326,50326,0
10,US85->CS61,50173,50173,0
10,US86->CS6,50222,50222,0
10,US86->CS14,50445,50445,0
10,US86->CS22,50525,50525,0
10,US86->CS30,50596,50596,0
10,US86->CS38,50248,50248,0
10,US86->CS46,50541,50541,0
10,US86->CS54,50147,50147,0
10,US86->CS62,50428,50428,0
10,US87->CS7,50821,50821,0
10,US87->CS15,50418,50418,0
10,US87->CS23,50324,50324,0
10,US87->CS31,50545,50545,0
10,US87->CS39,50434,50434,0
10,US87->CS47,50226,50226,0
10,US87->CS55,50445,50445,0
10,US87->CS63,50392,50392,0
10,US88->CS0,51046,51046,0
10,US88->CS8,50881,50881,0
10,US88->CS16,50851,50851,0
10,US88->CS24,51229,51229,0
10,US88->CS32,51287,51287,0
10,US88->CS40,51178,51178,0
10,US88->CS48,50974,50974,0
10,US88->CS56,50765,50765,0
10,US89->CS1,51055,51055,0
10,US89->CS9,51376,51376,0
10,US89->CS17,51214,51214,0
10,US89->CS25,51216,51216,0
10,US89->CS33,51173,51173,0
10,US89->CS41,50680,50680,0
10,US89->CS49,50870,50870,0
10,US89->CS57,50789,50789,0
10,US90->CS2,50843,50843,0
10,US90->CS10,50910,50910,0
10,US90->CS18,50945,50945,0
10,US90->CS26,51057,51057,0
10,US90->CS34,50869,50869,0
10,US90->CS42,51371,51371,0
10,US90->CS50,51283,51283,0
10,US90->CS58,51310,51310,0
10,US91->CS3,51209,51209,0
10,US91->CS11,50970,50970,0
10,US91->CS19,51323,51323,0
10,US91->CS27,50802,50802,0
10,US91->CS35,51140,51140,0
10,US91->CS43,51227,51227,0
10,US91->CS51,50956,50956,0
10,US91->CS59,51272,51272,0
10,US92->CS4,51075,51075,0
10,US92->CS12,51368,51368,0
10,US92->CS20,50904,50904,0
10,US92->CS28,50900,50900,0
10,US92->CS36,50822,50822,0
10,US92->CS44,51302,51302,0
10,US92->CS52,50968,50968,0
10,US92->CS60,51379,51379,0
10,US93->CS5,51198,51198,0
10,US93->CS13,51179,51179,0
10,US93->CS21,50982,50982,0
10,US93->CS29,50940,50940,0
10,US93->CS37,51169,51169,0
10,US93->CS45,50987,50987,0
10,US93->CS53,51154,51154,0
10,US93->CS61,51362,51362,0
10,US94->CS6,51112,51112,0
10,US94->CS14,50901,50901,0
10,US94->CS22,51410,51410,0
10,US94->CS30,50966,50966,0
10,US94->CS38,51074,51074,0
10,US94->CS46,50912,50912,0
10,US94->CS54,51243,51243,0
10,US94->CS62,51183,51183,0
10,US95->CS7,50872,50872,0
10,US95->CS15,51046,51046,0
10,US95->CS23,50630,50630,0
10,US95->CS31,50537,50537,0
10,US95->CS39,50964,50964,0
10,US95->CS47,51060,51060,0
10,US95->CS55,50564,50564,0
10,US95->CS63,51099,51099,0
10,US96->CS0,50555,50555,0
10,US96->CS8,50152,50152,0
10,US96->CS16,50720,50720,0
10,US96->CS24,51020,51020,0
10,US96->CS32,50781,50781,0
10,US96->CS40,50490,50490,0
10,US96->CS48,50721,50721,0
10,US96->CS56,50237,50237,0
10,US97->CS1,50388,50388,0
10,US97->CS9,50620,50620,0
10,US97->CS17,50461,50461,0
10,US97->CS25,50558,50558,0
10,US97->CS33,50177,50177,0
10,US97->CS41,50552,50552,0
10,US97->CS49,50499,50499,0
10,US97->CS57,50625,50625,0
10,US98->CS2,50682,50682,0
10,US98->CS10,50480,50480,0
10,US98->CS18,50869,50869,0
10,US98->CS26,50510,50510,0
10,US98->CS34,50601,50601,0
10,US98->CS42,50644,50644,0
10,US98->CS50,50274,50274,0
10,US98->CS58,49943,49943,0
10,US99->CS3,50333,50333,0
10,US99->CS11,51009,51009,0
10,US99->CS19,50888,50888,0
10,US99->CS27,50426,50426,0
10,US99->CS35,50494,50494,0
10,US99->CS43,50895,50895,0
10,US99->CS51,50333,50333,0
10,US99->CS59,50190,50190,0
10,US100->CS4,50583,50583,0
10,US100->CS12,50685,50685,0
10,US100->CS20,50602,50602,0
10,US100->CS28,50223,50223,0
10,US100->CS36,50634,50634,0
10,US100->CS44,50556,50556,0
10,US100->CS52,50651,50651,0
10,US100->CS60,50739,50739,0
10,US101->CS5,50649,50649,0
10,US101->CS13,50727,50727,0
10,US101->CS21,50310,50310,0
10,US101->CS29,50684,50684,0
10,US101->CS37,50581,50581,0
10,US101->CS45,50792,50792,0
10,US101->CS53,50534,50534,0
10,US101->CS61,50388,50388,0
10,US102->CS6,50580,50580,0
10,US102->CS14,50877,50877,0
10,US102->CS22,50715,50715,0
10,US102->CS30,50214,50214,0
10,US102->CS38,50573,50573,0
10,US102->CS46,50304,50304,0
10,US102->CS54,50401,50401,0
10,US102->CS62,50704,50704,0
10,US103->CS7,50216,50216,0
10,US103->CS15,50790,50790,0
10,US103->CS23,50632,50632,0
10,US103->CS31,50499,50499,0
10,US103->CS39,50386,50386,0
10,US103->CS47,50080,50080,0
10,US103->CS55,50587,50587,0
10,US103->CS63,50624,50624,0
10,US104->CS0,50524,50524,0
10,US104->CS8,50588,50588,0
10,US104->CS16,50574,50574,0
10,US104->CS24,50421,50421,0
10,US104->CS32,50137,50137,0
10,US104->CS40,50312,50312,0
10,US104->CS48,50578,50578,0
10,US104->CS56,50426,50426,0
10,US105->CS1,50317,50317,0
10,US105->CS9,50136,50136,0
10,US105->CS17,50664,50664,0
10,US105->CS25,50301,50301,0
10,US105->CS33,50206,50206,0
10,US105->CS41,50722,50722,0
10,US105->CS49,50541,50541,0
10,US105->CS57,50494,50494,0
10,US106->CS2,50419,50419,0
10,US106->CS10,50388,50388,0
10,US106->CS18,50413,50413,0
10,US106->CS26,50263,50263,0
10,US106->CS34,50269,50269,0
10,US106->CS42,50423,50423,0
10,US106->CS50,50466,50466,0
10,US106->CS58,50605,50605,0
10,US107->CS3,50161,50161,0
10,US107->CS11,50400,50400,0
10,US107->CS19,50183,50183,0
10,US107->CS27,50280,50280,0
10,US107->CS35,49822,49822,0
10,US107->CS43,50854,50854,0
10,US107->CS51,50430,50430,0
10,US107->CS59,50322,50322,0
10,US108->CS4,50289,50289,0
10,US108->CS12,50253,50253,0
10,US108->CS20,50406,50406,0
10,US108->CS28,50189,50189,0
10,US108->CS36,50476,50476,0
10,US108->CS44,50344,50344,0
10,US108->CS52,50292,50292,0
10,US108->CS60,50111,50111,0
10,US109->CS5,50484,50484,0
10,US109->CS13,50548,50548,0
10,US109->CS21,50575,50575,0
10,US109->CS29,50336,50336,0
10,US109->CS37,50345,50345,0
10,US109->CS45,50533,50533,0
10,US109->CS53,50347,50347,0
10,US109->CS61,50430,50430,0
10,US110->CS6,50039,50039,0
10,US110->CS14,50360,50360,0
10,US110->CS22,50372,50372,0
10,US110->CS30,50118,50118,0
10,US110->CS38,50325,50325,0
10,US110->CS46,50229,50229,0
10,US110->CS54,50441,50441,0
10,US110->CS62,50595,50595,0
10,US111->CS7,50385,50385,0
10,US111->CS15,50477,50477,0
10,US111->CS23,50315,50315,0
10,US111->CS31,50414,50414,0
10,US111->CS39,50468,50468,0
10,US111->CS47,50221,50221,0
10,US111->CS55,50441,50441,0
10,US111->CS63,50689,50689,0
10,US112->CS0,51223,51223,0
10,US112->CS8,51201,51201,0
10,US112->CS16,51611,51611,0
10,US112->CS24,51469,51469,0
10,US112->CS32,51461,51461,0
10,US112->CS40,51255,51255,0
10,US112->CS48,51205,51205,0
10,US112->CS56,51092,51092,0
10,US113->CS1,51402,51402,0
10,US113->CS9,51803,51803,0
10,US113->CS17,50992,50992,0
10,US113->CS25,51630,51630,0
10,US113->CS33,50984,50984,0
10,US113->CS41,51234,51234,0
10,US113->CS49,51293,51293,0
10,US113->CS57,51208,51208,0
10,US114->CS2,51710,51710,0
10,US114->CS10,51334,51334,0
10,US114->CS18,51054,51054,0
10,US114->CS26,51329,51329,0
10,US114->CS34,51407,51407,0
10,US114->CS42,51383,51383,0
10,US114->CS50,51540,51540,0
10,US114->CS58,51258,51258,0
10,US115->CS3,51290,51290,0
10,US115->CS11,51116,51116,0
10,US115->CS19,51378,51378,0
10,US115->CS27,51481,51481,0
10,US115->CS35,51034,51034,0
10,US115->CS43,51151,51151,0
10,US115->CS51,51434,51434,0
10,US115->CS59,51193,51193,0
10,US116->CS4,51345,51345,0
10,US116->CS12,51046,51046,0
10,US116->CS20,51256,51256,0
10,US116->CS28,51485,51485,0
10,US116->CS36,51194,51194,0
10,US116->CS44,51644,51644,0
10,US116->CS52,51128,51128,0
10,US116->CS60,51279,51279,0
10,US117->CS5,51510,51510,0
10,US117->CS13,51050,51050,0
10,US117->CS21,51518,51518,0
10,US117->CS29,51229,51229,0
10,US117->CS37,51201,51201,0
10,US117->CS45,51347,51347,0
10,US117->CS53,51012,51012,0
10,US117->CS61,51056,51056,0
10,US118->CS6,51122,51122,0
10,US118->CS14,51252,51252,0
10,US118->CS22,51117,51117,0
10,US118->CS30,51321,51321,0
10,US118->CS38,51508,51508,0
10,US118->CS46,51240,51240,0
10,US118->CS54,51527,51527,0
10,US118->CS62,50996,50996,0
10,US119->CS7,51528,51528,0
10,US119->CS15,51177,51177,0
10,US119->CS23,50933,50933,0
10,US119->CS31,51254,51254,0
10,US119->CS39,51489,51489,0
10,US119->CS47,51483,51483,0
10,US119->CS55,51123,51123,0
10,US119->CS63,51255,51255,0
10,US120->CS0,50471,50471,0
10,US120->CS8,50947,50947,0
10,US120->CS16,50534,50534,0
10,US120->CS24,50475,50475,0
10,US120->CS32,50423,50423,0
10,US120->CS40,50129,50129,0
10,US120->CS48,50588,50588,0
10,US120->CS56,50429,50429,0
10,US121->CS1,50906,50906,0
10,US121->CS9,50960,50960,0
10,US121->CS17,50843,50843,0
10,US121->CS25,50398,50398,0
10,US121->CS33,50543,50543,0
10,US121->CS41,50657,50657,0
10,US121->CS49,50921,50921,0
10,US121->CS57,50269,50269,0
10,US122->CS2,50830,50830,0
10,US122->CS10,50456,50456,0
10,US122->CS18,50714,50714,0
10,US122->CS26,50437,50437,0
10,US122->CS34,50663,50663,0
10,US122->CS42,50915,50915,0
10,US122->CS50,50313,50313,0
10,US122->CS58,50807,50807,0
10,US123->CS3,50632,50632,0
10,US123->CS11,50950,50950,0
10,US123->CS19,50448,50448,0
10,US123->CS27,50352,50352,0
10,US123->CS35,50309,50309,0
10,US123->CS43,50772,50772,0
10,US123->CS51,51105,51105,0
10,US123->CS59,50578,50578,0
10,US124->CS4,50672,50672,0
10,US124->CS12,50746,50746,0
10,US124->CS20,50411,50411,0
10,US124->CS28,50620,50620,0
10,US124->CS36,50767,50767,0
10,US124->CS44,50265,50265,0
10,US124->CS52,50482,50482,0
10,US124->CS60,50528,50528,0
10,US125->CS5,50622,50622,0
10,US125->CS13,50849,50849,0
10,US125->CS21,50672,50672,0
10,US125->CS29,50415,50415,0
10,US125->CS37,50898,50898,0
10,US125->CS45,50698,50698,0
10,US125->CS53,50452,50452,0
10,US125->CS61,50917,50917,0
10,US126->CS6,50398,50398,0
10,US126->CS14,51089,51089,0
10,US126->CS22,50229,50229,0
10,US126->CS30,50420,50420,0
10,US126->CS38,51073,51073,0
10,US126->CS46,50801,50801,0
10,US126->CS54,50664,50664,0
10,US126->CS62,50484,50484,0
10,US127->CS7,50305,50305,0
10,US127->CS15,50594,50594,0
10,US127->CS23,50754,50754,0
10,US127->CS31,50688,50688,0
10,US127->CS39,50806,50806,0
10,US127->CS47,50639,50639,0
10,US127->CS55,50565,50565,0
10,US127->CS63,50777,50777,0
10,CS0->US0,51731,51731,0
10,CS0->US8,50646,50646,0
10,CS0->US16,50593,50593,0
10,CS0->US24,51245,51245,0
10,CS0->US32,0,0,0
10,CS0->US40,51194,51194,0
10,CS0->US48,51360,51360,0
10,CS0->US56,50821,50821,0
10,CS0->US64,0,0,0
10,CS0->US72,51002,51002,0
10,CS0->US80,57309,57309,0
10,CS0->US88,51085,51085,0
10,CS0->US96,50618,50618,0
10,CS0->US104,50563,50563,0
10,CS0->US112,57506,57506,0
10,CS0->US120,54390,54390,0
10,CS1->US1,51286,51286,0
10,CS1->US9,50515,50515,0
10,CS1->US17,50908,50908,0
10,CS1->US25,51294,51294,0
10,CS1->US33,0,0,0
10,CS1->US41,51434,51434,0
10,CS1->US49,51620,51620,0
10,CS1->US57,50363,50363,0
10,CS1->US65,0,0,0
10,CS1->US73,50987,50987,0
10,CS1->US81,57600,57600,0
10,CS1->US89,50776,50776,0
10,CS1->US97,50382,50382,0
10,CS1->US105,50423,50423,0
10,CS1->US113,57615,57615,0
10,CS1->US121,54260,54260,0
10,CS2->US2,51567,51567,0
10,CS2->US10,50361,50361,0
10,CS2->US18,50886,50886,0
10,CS2->US26,50936,50936,0
10,CS2->US34,0,0,0
10,CS2->US42,51687,51687,0
10,CS2->US50,51259,51259,0
10,CS2->US58,50853,50853,0
10,CS2->US66,0,0,0
10,CS2->US74,50838,50838,0
10,CS2->US82,57424,57424,0
10,CS2->US90,50927,50927,0
10,CS2->US98,50505,50505,0
10,CS2->US106,50683,50683,0
10,CS2->US114,57480,57480,0
10,CS2->US122,54031,54031,0
10,CS3->US3,51392,51392,0
10,CS3->US11,50563,50563,0
10,CS3->US19,50709,50709,0
10,CS3->US27,51132,51132,0
10,CS3->US35,0,0,0
10,CS3->US43,51342,51342,0
10,CS3->US51,51447,51447,0
10,CS3->US59,50698,50698,0
10,CS3->US67,0,0,0
10,CS3->US75,51195,51195,0
10,CS3->US83,57022,57022,0
10,CS3->US91,51050,51050,0
10,CS3->US99,50224,50224,0
10,CS3->US107,50352,50352,0
10,CS3->US115,57414,57414,0
10,CS3->US123,54343,54343,0
10,CS4->US4,51504,51504,0
10,CS4->US12,50508,50508,0
10,CS4->US20,50780,50780,0
10,CS4->US28,51172,51172,0
10,CS4->US36,0,0,0
10,CS4->US44,51308,51308,0
10,CS4->US52,51587,51587,0
10,CS4->US60,50621,50621,0
10,CS4->US68,0,0,0
10,CS4->US76,51029,51029,0
10,CS4->US84,57637,57637,0
10,CS4->US92,50653,50653,0
10,CS4->US100,50329,50329,0
10,CS4->US108,50608,50608,0
10,CS4->US116,57583,57583,0
10,CS4->US124,54262,54262,0
10,CS5->US5,51461,51461,0
10,CS5->US13,50906,50906,0
10,CS5->US21,50710,50710,0
10,CS5->US29,50807,50807,0
10,CS5->US37,0,0,0
10,CS5->US45,51558,51558,0
10,CS5->US53,51617,51617,0
10,CS5->US61,50604,50604,0
10,CS5->US69,0,0,0
10,CS5->US77,51207,51207,0
10,CS5->US85,57183,57183,0
10,CS5->US93,50794,50794,0
10,CS5->US101,50563,50563,0
10,CS5->US109,50669,50669,0
10,CS5->US117,57285,57285,0
10,CS5->US125,54207,54207,0
10,CS6->US6,51508,51508,0
10,CS6->US14,50317,50317,0
10,CS6->US22,50460,50460,0
10,CS6->US30,51053,51053,0
10,CS6->US38,0,0,0
10,CS6->US46,51070,51070,0
10,CS6->US54,51484,51484,0
10,CS6->US62,50828,50828,0
10,CS6->US70,0,0,0
10,CS6->US78,51044,51044,0
10,CS6->US86,57276,57276,0
10,CS6->US94,51138,51138,0
10,CS6->US102,50143,50143,0
10,CS6->US110,50568,50568,0
10,CS6->US118,58248,58248,0
10,CS6->US126,54774,54774,0
10,CS7->US7,51175,51175,0
10,CS7->US15,50961,50961,0
10,CS7->US23,50398,50398,0
10,CS7->US31,50911,50911,0
10,CS7->US39,0,0,0
10,CS7->US47,51540,51540,0
10,CS7->US55,51631,51631,0
10,CS7->US63,50930,50930,0
10,CS7->US71,0,0,0
10,CS7->US79,50804,50804,0
10,CS7->US87,57196,57196,0
10,CS7->US95,51589,51589,0
10,CS7->US103,50483,50483,0
10,CS7->US111,50253,50253,0
10,CS7->US119,57436,57436,0
10,CS7->US127,54310,54310,0
10,CS8->US0,51882,51882,0
10,CS8->US8,50855,50855,0
10,CS8->US16,51033,51033,0
10,CS8->US24,51375,51375,0
10,CS8->US32,0,0,0
10,CS8->US40,51216,51216,0
10,CS8->US48,51742,51742,0
10,CS8->US56,50798,50798,0
10,CS8->US64,0,0,0
10,CS8->US72,50782,50782,0
10,CS8->US80,57481,57481,0
10,CS8->US88,50887,50887,0
10,CS8->US96,50691,50691,0
10,CS8->US104,50172,50172,0
10,CS8->US112,57765,57765,0
10,CS8->US120,54345,54345,0
10,CS9->US1,51166,51166,0
10,CS9->US9,50450,50450,0
10,CS9->US17,51110,51110,0
10,CS9->US25,50469,50469,0
10,CS9->US33,0,0,0
10,CS9->US41,51827,51827,0
10,CS9->US49,51615,51615,0
10,CS9->US57,50932,50932,0
10,CS9->US65,0,0,0
10,CS9->US73,51244,51244,0
10,CS9->US81,57504,57504,0
10,CS9->US89,50990,50990,0
10,CS9->US97,50196,50196,0
10,CS9->US105,50664,50664,0
10,CS9->US113,57860,57860,0
10,CS9->US121,54451,54451,0
10,CS10->US2,51827,51827,0
10,CS10->US10,50700,50700,0
10,CS10->US18,50590,50590,0
10,CS10->US26,50954,50954,0
10,CS10->US34,0,0,0
10,CS10->US42,51329,51329,0
10,CS10->US50,51489,51489,0
10,CS10->US58,50921,50921,0
10,CS10->US66,0,0,0
10,CS10->US74,50787,50787,0
10,CS10->US82,57285,57285,0
10,CS10->US90,51131,51131,0
10,CS10->US98,50457,50457,0
10,CS10->US106,50538,50538,0
10,CS10->US114,57870,57870,0
10,CS10->US122,54579,54579,0
10,CS11->US3,51188,51188,0
10,CS11->US11,50728,50728,0
10,CS11->US19,51088,51088,0
10,CS11->US27,50657,50657,0
10,CS11->US35,0,0,0
10,CS11->US43,51220,51220,0
10,CS11->US51,51421,51421,0
10,CS11->US59,50908,50908,0
10,CS11->US67,0,0,0
10,CS11->US75,50874,50874,0
10,CS11->US83,57859,57859,0
10,CS11->US91,50987,50987,0
10,CS11->US99,50466,50466,0
10,CS11->US107,51001,51001,0
10,CS11->US115,57669,57669,0
10,CS11->US123,54013,54013,0
10,CS12->US4,51970,51970,0
10,CS12->US12,50672,50672,0
10,CS12->US20,50827,50827,0
10,CS12->US28,51007,51007,0
10,CS12->US36,0,0,0
10,CS12->US44,51118,51118,0
10,CS12->US52,51331,51331,0
10,CS12->US60,50751,50751,0
10,CS12->US68,0,0,0
10,CS12->US76,51286,51286,0
10,CS12->US84,57488,57488,0
10,CS12->US92,51006,51006,0
10,CS12->US100,50358,50358,0
10,CS12->US108,50717,50717,0
10,CS12->US116,57738,57738,0
10,CS12->US124,54617,54617,0
10,CS13->US5,51608,51608,0
10,CS13->US13,50346,50346,0
10,CS13->US21,50946,50946,0
10,CS13->US29,51186,51186,0
10,CS13->US37,0,0,0
10,CS13->US45,51024,51024,0
10,CS13->US53,51477,51477,0
10,CS13->US61,50857,50857,0
10,CS13->US69,0,0,0
10,CS13->US77,51091,51091,0
10,CS13->US85,57780,57780,0
10,CS13->US93,50776,50776,0
10,CS13->US101,50593,50593,0
10,CS13->US109,50772,50772,0
10,CS13->US117,57957,57957,0
10,CS13->US125,53940,53940,0
10,CS14->US6,51349,51349,0
10,CS14->US14,50523,50523,0
10,CS14->US22,51230,51230,0
10,CS14->US30,50946,50946,0
10,CS14->US38,0,0,0
10,CS14->US46,51260,51260,0
10,CS14->US54,51622,51622,0
10,CS14->US62,50356,50356,0
10,CS14->US70,0,0,0
10,CS14->US78,50834,50834,0
10,CS14->US86,57525,57525,0
10,CS14->US94,50723,50723,0
10,CS14->US102,50422,50422,0
10,CS14->US110,50895,50895,0
10,CS14->US118,57179,57179,0
10,CS14->US126,54165,54165,0
10,CS15->US7,51723,51723,0
10,CS15->US15,50528,50528,0
10,CS15->US23,50616,50616,0
10,CS15->US31,50750,50750,0
10,CS15->US39,0,0,0
10,CS15->US47,51212,51212,0
10,CS15->US55,51088,51088,0
10,CS15->US63,51356,51356,0
10,CS15->US71,0,0,0
10,CS15->US79,50984,50984,0
10,CS15->US87,57756,57756,0
10,CS15->US95,51303,51303,0
10,CS15->US103,50575,50575,0
10,CS15->US111,50820,50820,0
10,CS15->US119,57808,57808,0
10,CS15->US127,54342,54342,0
10,CS16->US0,51993,51993,0
10,CS16->US8,50615,50615,0
10,CS16->US16,50648,50648,0
10,CS16->US24,51127,51127,0
10,CS16->US32,0,0,0
10,CS16->US40,51662,51662,0
10,CS16->US48,51567,51567,0
10,CS16->US56,51162,51162,0
10,CS16->US64,0,0,0
10,CS16->US72,50751,50751,0
10,CS16->US80,57302,57302,0
10,CS16->US88,51035,51035,0
10,CS16->US96,50617,50617,0
10,CS16->US104,50772,50772,0
10,CS16->US112,57681,57681,0
10,CS16->US120,54273,54273,0
10,CS17->US1,51988,51988,0
10,CS17->US9,50174,50174,0
10,CS17->US17,50944,50944,0
10,CS17->US25,51167,51167,0
10,CS17->US33,0,0,0
10,CS17->US41,51044,51044,0
10,CS17->US49,51182,51182,0
10,CS17->US57,50861,50861,0
10,CS17->US65,0,0,0
10,CS17->US73,51127,51127,0
10,CS17->US81,57438,57438,0
10,CS17->US89,51440,51440,0
10,CS17->US97,50757,50757,0
10,CS17->US105,50484,50484,0
10,CS17->US113,57724,57724,0
10,CS17->US121,53900,53900,0
10,CS18->US2,51801,51801,0
10,CS18->US10,50692,50692,0
10,CS18->US18,50787,50787,0
10,CS18->US26,50856,50856,0
10,CS18->US34,0,0,0
10,CS18->US42,51085,51085,0
10,CS18->US50,51150,51150,0
10,CS18->US58,50701,50701,0
10,CS18->US66,0,0,0
10,CS18->US74,50923,50923,0
10,CS18->US82,57650,57650,0
10,CS18->US90,51264,51264,0
10,CS18->US98,50491,50491,0
10,CS18->US106,50900,50900,0
10,CS18->US114,57612,57612,0
10,CS18->US122,54282,54282,0
10,CS19->US3,51354,51354,0
10,CS19->US11,50596,50596,0
10,CS19->US19,50577,50577,0
10,CS19->US27,51078,51078,0
10,CS19->US35,0,0,0
10,CS19->US43,51448,51448,0
10,CS19->US51,51533,51533,0
10,CS19->US59,50848,50848,0
10,CS19->US67,0,0,0
10,CS19->US75,51242,51242,0
10,CS19->US83,57617,57617,0
10,CS19->US91,50722,50722,0
10,CS19->US99,50241,50241,0
10,CS19->US107,50893,50893,0
10,CS19->US115,57445,57445,0
10,CS19->US123,54236,54236,0
10,CS20->US4,51408,51408,0
10,CS20->US12,50635,50635,0
10,CS20->US20,50507,50507,0
10,CS20->US28,50954,50954,0
10,CS20->US36,0,0,0
10,CS20->US44,51316,51316,0
10,CS20->US52,51350,51350,0
10,CS20->US60,50758,50758,0
10,CS20->US68,0,0,0
10,CS20->US76,50847,50847,0
10,CS20->US84,57369,57369,0
10,CS20->US92,50614,50614,0
10,CS20->US100,50499,50499,0
10,CS20->US108,50600,50600,0
10,CS20->US116,57460,57460,0
10,CS20->US124,54094,54094,0
10,CS21->US5,51627,51627,0
10,CS21->US13,50604,50604,0
10,CS21->US21,50833,50833,0
10,CS21->US29,50663,50663,0
10,CS21->US37,0,0,0
10,CS21->US45,51515,51515,0
10,CS21->US53,51447,51447,0
10,CS21->US61,50974,50974,0
10,CS21->US69,0,0,0
10,CS21->US77,50868,50868,0
10,CS21->US85,57062,57062,0
10,CS21->US93,51186,51186,0
10,CS21->US101,50632,50632,0
10,CS21->US109,50329,50329,0
10,CS21->US117,57546,57546,0
10,CS21->US125,54081,54081,0
10,CS22->US6,51518,51518,0
10,CS22->US14,50602,50602,0
10,CS22->US22,50320,50320,0
10,CS22->US30,51286,51286,0
10,CS22->US38,0,0,0
10,CS22->US46,51134,51134,0
10,CS22->US54,51408,51408,0
10,CS22->US62,50505,50505,0
10,CS22->US70,0,0,0
10,CS22->US78,51355,51355,0
10,CS22->US86,57256,57256,0
10,CS22->US94,51013,51013,0
10,CS22->US102,50449,50449,0
10,CS22->US110,50747,50747,0
10,CS22->US118,57640,57640,0
10,CS22->US126,54331,54331,0
10,CS23->US7,51446,51446,0
10,CS23->US15,50448,50448,0
10,CS23->US23,50912,50912,0
10,CS23->US31,51281,51281,0
10,CS23->US39,0,0,0
10,CS23->US47,51021,51021,0
10,CS23->US55,51741,51741,0
10,CS23->US63,50230,50230,0
10,CS23->US71,0,0,0
10,CS23->US79,50546,50546,0
10,CS23->US87,57517,57517,0
10,CS23->US95,51096,51096,0
10,CS23->US103,50393,50393,0
10,CS23->US111,50666,50666,0
10,CS23->US119,57737,57737,0
10,CS23->US127,53838,53838,0
10,CS24->US0,51502,51502,0
10,CS24->US8,50617,50617,0
10,CS24->US16,50598,50598,0
10,CS24->US24,51127,51127,0
10,CS24->US32,0,0,0
10,CS24->US40,51456,51456,0
10,CS24->US48,51725,51725,0
10,CS24->US56,50734,50734,0
10,CS24->US64,0,0,0
10,CS24->US72,51099,51099,0
10,CS24->US80,57342,57342,0
10,CS24->US88,50377,50377,0
10,CS24->US96,50486,50486,0
10,CS24->US104,51100,51100,0
10,CS24->US112,57565,57565,0
10,CS24->US120,54102,54102,0
10,CS25->US1,51310,51310,0
10,CS25->US9,50296,50296,0
10,CS25->US17,50428,50428,0
10,CS25->US25,51599,51599,0
10,CS25->US33,0,0,0
10,CS25->US41,51737,51737,0
10,CS25->US49,51413,51413,0
10,CS25->US57,50568,50568,0
10,CS25->US65,0,0,0
10,CS25->US73,51227,51227,0
10,CS25->US81,57255,57255,0
10,CS25->US89,50530,50530,0
10,CS25->US97,50355,50355,0
10,CS25->US105,50554,50554,0
10,CS25->US113,57221,57221,0
10,CS25->US121,54119,54119,0
10,CS26->US2,51231,51231,0
10,CS26->US10,50645,50645,0
10,CS26->US18,50535,50535,0
10,CS26->US26,50697,50697,0
10,CS26->US34,0,0,0
10,CS26->US42,51396,51396,0
10,CS26->US50,51797,51797,0
10,CS26->US58,50856,50856,0
10,CS26->US66,0,0,0
10,CS26->US74,50941,50941,0
10,CS26->US82,57845,57845,0
10,CS26->US90,51112,51112,0
10,CS26->US98,50302,50302,0
10,CS26->US106,50558,50558,0
10,CS26->US114,57606,57606,0
10,CS26->US122,54463,54463,0
10,CS27->US3,51828,51828,0
10,CS27->US11,50620,50620,0
10,CS27->US19,50458,50458,0
10,CS27->US27,51025,51025,0
10,CS27->US35,0,0,0
10,CS27->US43,51486,51486,0
10,CS27->US51,51502,51502,0
10,CS27->US59,50798,50798,0
10,CS27->US67,0,0,0
10,CS27->US75,50739,50739,0
10,CS27->US83,57376,57376,0
10,CS27->US91,50909,50909,0
10,CS27->US99,50362,50362,0
10,CS27->US107,50474,50474,0
10,CS27->US115,57589,57589,0
10,CS27->US123,54440,54440,0
10,CS28->US4,51682,51682,0
10,CS28->US12,50795,50795,0
10,CS28->US20,50624,50624,0
10,CS28->US28,50432,50432,0
10,CS28->US36,0,0,0
10,CS28->US44,51515,51515,0
10,CS28->US52,51715,51715,0
10,CS28->US60,50870,50870,0
10,CS28->US68,0,0,0
10,CS28->US76,50890,50890,0
10,CS28->US84,57326,57326,0
10,CS28->US92,51062,51062,0
10,CS28->US100,50260,50260,0
10,CS28->US108,50241,50241,0
10,CS28->US116,57615,57615,0
10,CS28->US124,54604,54604,0
10,CS29->US5,51616,51616,0
10,CS29->US13,50399,50399,0
10,CS29->US21,50522,50522,0
10,CS29->US29,50784,50784,0
10,CS29->US37,0,0,0
10,CS29->US45,51203,51203,0
10,CS29->US53,51391,51391,0
10,CS29->US61,50781,50781,0
10,CS29->US69,0,0,0
10,CS29->US77,50887,50887,0
10,CS29->US85,57103,57103,0
10,CS29->US93,50618,50618,0
10,CS29->US101,50417,50417,0
10,CS29->US109,50700,50700,0
10,CS29->US117,57534,57534,0
10,CS29->US125,54538,54538,0
10,CS30->US6,51370,51370,0
10,CS30->US14,50658,50658,0
10,CS30->US22,50484,50484,0
10,CS30->US30,50919,50919,0
10,CS30->US38,0,0,0
10,CS30->US46,51283,51283,0
10,CS30->US54,51510,51510,0
10,CS30->US62,50738,50738,0
10,CS30->US70,0,0,0
10,CS30->US78,50953,50953,0
10,CS30->US86,57219,57219,0
10,CS30->US94,51162,51162,0
10,CS30->US102,50193,50193,0
10,CS30->US110,50232,50232,0
10,CS30->US118,57317,57317,0
10,CS30->US126,54074,54074,0
10,CS31->US7,51312,51312,0
10,CS31->US15,50654,50654,0
10,CS31->US23,50724,50724,0
10,CS31->US31,51408,51408,0
10,CS31->US39,0,0,0
10,CS31->US47,51291,51291,0
10,CS31->US55,51392,51392,0
10,CS31->US63,50753,50753,0
10,CS31->US71,0,0,0
10,CS31->US79,50549,50549,0
10,CS31->US87,57591,57591,0
10,CS31->US95,50980,50980,0
10,CS31->US103,50493,50493,0
10,CS31->US111,50488,50488,0
10,CS31->US119,57154,57154,0
10,CS31->US127,54169,54169,0
10,CS32->US0,50999,50999,0
10,CS32->US8,50480,50480,0
10,CS32->US16,50490,50490,0
10,CS32->US24,51176,51176,0
10,CS32->US32,0,0,0
10,CS32->US40,51491,51491,0
10,CS32->US48,51380,51380,0
10,CS32->US56,50821,50821,0
10,CS32->US64,0,0,0
10,CS32->US72,51237,51237,0
10,CS32->US80,57348,57348,0
10,CS32->US88,51306,51306,0
10,CS32->US96,50189,50189,0
10,CS32->US104,50794,50794,0
10,CS32->US112,57581,57581,0
10,CS32->US120,54245,54245,0
10,CS33->US1,51317,51317,0
10,CS33->US9,50272,50272,0
10,CS33->US17,50663,50663,0
10,CS33->US25,50845,50845,0
10,CS33->US33,0,0,0
10,CS33->US41,50973,50973,0
10,CS33->US49,51324,51324,0
10,CS33->US57,50987,50987,0
10,CS33->US65,0,0,0
10,CS33->US73,51102,51102,0
10,CS33->US81,57201,57201,0
10,CS33->US89,51028,51028,0
10,CS33->US97,50278,50278,0
10,CS33->US105,50189,50189,0
10,CS33->US113,57520,57520,0
10,CS33->US121,54084,54084,0
10,CS34->US2,51338,51338,0
10,CS34->US10,50547,50547,0
10,CS34->US18,50725,50725,0
10,CS34->US26,50782,50782,0
10,CS34->US34,0,0,0
10,CS34->US42,51386,51386,0
10,CS34->US50,51741,51741,0
10,CS34->US58,50433,50433,0
10,CS34->US66,0,0,0
10,CS34->US74,50822,50822,0
10,CS34->US82,57565,57565,0
10,CS34->US90,50704,50704,0
10,CS34->US98,50310,50310,0
10,CS34->US106,50618,50618,0
10,CS34->US114,57408,57408,0
10,CS34->US122,54646,54646,0
10,CS35->US3,51192,51192,0
10,CS35->US11,50649,50649,0
10,CS35->US19,50422,50422,0
10,CS35->US27,50983,50983,0
10,CS35->US35,0,0,0
10,CS35->US43,51162,51162,0
10,CS35->US51,51613,51613,0
10,CS35->US59,50696,50696,0
10,CS35->US67,0,0,0
10,CS35->US75,51014,51014,0
10,CS35->US83,57627,57627,0
10,CS35->US91,51166,51166,0
10,CS35->US99,49874,49874,0
10,CS35->US107,50493,50493,0
10,CS35->US115,57619,57619,0
10,CS35->US123,54209,54209,0
10,CS36->US4,51594,51594,0
10,CS36->US12,50488,50488,0
10,CS36->US20,50893,50893,0
10,CS36->US28,50593,50593,0
10,CS36->US36,0,0,0
10,CS36->US44,51335,51335,0
10,CS36->US52,51399,51399,0
10,CS36->US60,51006,51006,0
10,CS36->US68,0,0,0
10,CS36->US76,50725,50725,0
10,CS36->US84,57296,57296,0
10,CS36->US92,51125,51125,0
10,CS36->US100,50570,50570,0
10,CS36->US108,50635,50635,0
10,CS36->US116,57276,57276,0
10,CS36->US124,54789,54789,0
10,CS37->US5,51583,51583,0
10,CS37->US13,50249,50249,0
10,CS37->US21,51012,51012,0
10,CS37->US29,50772,50772,0
10,CS37->US37,0,0,0
10,CS37->US45,51145,51145,0
10,CS37->US53,51519,51519,0
10,CS37->US61,50476,50476,0
10,CS37->US69,0,0,0
10,CS37->US77,51133,51133,0
10,CS37->US85,57097,57097,0
10,CS37->US93,50878,50878,0
10,CS37->US101,50392,50392,0
10,CS37->US109,50641,50641,0
10,CS37->US117,57850,57850,0
10,CS37->US125,54006,54006,0
10,CS38->US6,51632,51632,0
10,CS38->US14,50260,50260,0
10,CS38->US22,51191,51191,0
10,CS38->US30,50440,50440,0
10,CS38->US38,0,0,0
10,CS38->US46,51506,51506,0
10,CS38->US54,51435,51435,0
10,CS38->US62,50747,50747,0
10,CS38->US70,0,0,0
10,CS38->US78,51015,51015,0
10,CS38->US86,57557,57557,0
10,CS38->US94,50999,50999,0
10,CS38->US102,50428,50428,0
10,CS38->US110,50633,50633,0
10,CS38->US118,57969,57969,0
10,CS38->US126,53949,53949,0
10,CS39->US7,51450,51450,0
10,CS39->US15,50543,50543,0
10,CS39->US23,50880,50880,0
10,CS39->US31,50655,50655,0
10,CS39->US39,0,0,0
10,CS39->US47,51528,51528,0
10,CS39->US55,51452,51452,0
10,CS39->US63,50404,50404,0
10,CS39->US71,0,0,0
10,CS39->US79,50960,50960,0
10,CS39->US87,57631,57631,0
10,CS39->US95,51269,51269,0
10,CS39->US103,50552,50552,0
10,CS39->US111,50389,50389,0
10,CS39->US119,57923,57923,0
10,CS39->US127,54147,54147,0
10,CS40->US0,51185,51185,0
10,CS40->US8,50592,50592,0
10,CS40->US16,50235,50235,0
10,CS40->US24,51022,51022,0
10,CS40->US32,0,0,0
10,CS40->US40,51278,51278,0
10,CS40->US48,51492,51492,0
10,CS40->US56,50503,50503,0
10,CS40->US64,0,0,0
10,CS40->US72,51066,51066,0
10,CS40->US80,57648,57648,0
10,CS40->US88,50421,50421,0
10,CS40->US96,50365,50365,0
10,CS40->US104,50513,50513,0
10,CS40->US112,57545,57545,0
10,CS40->US120,54274,54274,0
10,CS41->US1,51492,51492,0
10,CS41->US9,50431,50431,0
10,CS41->US17,50759,50759,0
10,CS41->US25,51200,51200,0
10,CS41->US33,0,0,0
10,CS41->US41,51274,51274,0
10,CS41->US49,51314,51314,0
10,CS41->US57,50968,50968,0
10,CS41->US65,0,0,0
10,CS41->US73,50648,50648,0
10,CS41->US81,57316,57316,0
10,CS41->US89,50542,50542,0
10,CS41->US97,50830,50830,0
10,CS41->US105,50560,50560,0
10,CS41->US113,57323,57323,0
10,CS41->US121,54310,54310,0
10,CS42->US2,51330,51330,0
10,CS42->US10,50586,50586,0
10,CS42->US18,51020,51020,0
10,CS42->US26,51152,51152,0
10,CS42->US34,0,0,0
10,CS42->US42,51367,51367,0
10,CS42->US50,51390,51390,0
10,CS42->US58,50640,50640,0
10,CS42->US66,0,0,0
10,CS42->US74,51253,51253,0
10,CS42->US82,57591,57591,0
10,CS42->US90,51204,51204,0
10,CS42->US98,50488,50488,0
10,CS42->US106,50692,50692,0
10,CS42->US114,57418,57418,0
10,CS42->US122,54207,54207,0
10,CS43->US3,51143,51143,0
10,CS43->US11,50411,50411,0
10,CS43->US19,50823,50823,0
10,CS43->US27,50639,50639,0
10,CS43->US35,0,0,0
10,CS43->US43,51189,51189,0
10,CS43->US51,51607,51607,0
10,CS43->US59,50398,50398,0
10,CS43->US67,0,0,0
10,CS43->US75,51199,51199,0
10,CS43->US83,57146,57146,0
10,CS43->US91,50594,50594,0
10,CS43->US99,50913,50913,0
10,CS43->US107,50905,50905,0
10,CS43->US115,57676,57676,0
10,CS43->US123,54223,54223,0
10,CS44->US4,51240,51240,0
10,CS44->US12,50391,50391,0
10,CS44->US20,50392,50392,0
10,CS44->US28,50974,50974,0
10,CS44->US36,0,0,0
10,CS44->US44,51593,51593,0
10,CS44->US52,51027,51027,0
10,CS44->US60,51056,51056,0
10,CS44->US68,0,0,0
10,CS44->US76,51150,51150,0
10,CS44->US84,57448,57448,0
10,CS44->US92,50806,50806,0
10,CS44->US100,50392,50392,0
10,CS44->US108,50555,50555,0
10,CS44->US116,57341,57341,0
10,CS44->US124,54617,54617,0
10,CS45->US5,51726,51726,0
10,CS45->US13,50338,50338,0
10,CS45->US21,50811,50811,0
10,CS45->US29,51453,51453,0
10,CS45->US37,0,0,0
10,CS45->US45,51344,51344,0
10,CS45->US53,51315,51315,0
10,CS45->US61,50627,50627,0
10,CS45->US69,0,0,0
10,CS45->US77,50934,50934,0
10,CS45->US85,57583,57583,0
10,CS45->US93,50538,50538,0
10,CS45->US101,50590,50590,0
10,CS45->US109,50802,50802,0
10,CS45->US117,57135,57135,0
10,CS45->US125,54195,54195,0
10,CS46->US6,51617,51617,0
10,CS46->US14,50580,50580,0
10,CS46->US22,50889,50889,0
10,CS46->US30,51353,51353,0
10,CS46->US38,0,0,0
10,CS46->US46,51163,51163,0
10,CS46->US54,51751,51751,0
10,CS46->US62,50705,50705,0
10,CS46->US70,0,0,0
10,CS46->US78,50794,50794,0
10,CS46->US86,57374,57374,0
10,CS46->US94,51197,51197,0
10,CS46->US102,50332,50332,0
10,CS46->US110,50336,50336,0
10,CS46->US118,57794,57794,0
10,CS46->US126,54435,54435,0
10,CS47->US7,51270,51270,0
10,CS47->US15,50295,50295,0
10,CS47->US23,50685,50685,0
10,CS47->US31,50658,50658,0
10,CS47->US39,0,0,0
10,CS47->US47,51470,51470,0
10,CS47->US55,51306,51306,0
10,CS47->US63,51072,51072,0
10,CS47->US71,0,0,0
10,CS47->US79,51052,51052,0
10,CS47->US87,57135,57135,0
10,CS47->US95,50851,50851,0
10,CS47->US103,50314,50314,0
10,CS47->US111,50069,50069,0
10,CS47->US119,57695,57695,0
10,CS47->US127,54524,54524,0
10,CS48->US0,51223,51223,0
10,CS48->US8,50472,50472,0
10,CS48->US16,50681,50681,0
10,CS48->US24,50579,50579,0
10,CS48->US32,0,0,0
10,CS48->US40,51193,51193,0
10,CS48->US48,51386,51386,0
10,CS48->US56,51047,51047,0
10,CS48->US64,0,0,0
10,CS48->US72,50935,50935,0
10,CS48->US80,57915,57915,0
10,CS48->US88,50750,50750,0
10,CS48->US96,50628,50628,0
10,CS48->US104,50747,50747,0
10,CS48->US112,57933,57933,0
10,CS48->US120,54490,54490,0
10,CS49->US1,51729,51729,0
10,CS49->US9,50413,50413,0
10,CS49->US17,51003,51003,0
10,CS49->US25,50851,50851,0
10,CS49->US33,0,0,0
10,CS49->US41,51354,51354,0
10,CS49->US49,51526,51526,0
10,CS49->US57,50865,50865,0
10,CS49->US65,0,0,0
10,CS49->US73,50745,50745,0
10,CS49->US81,57779,57779,0
10,CS49->US89,51029,51029,0
10,CS49->US97,50606,50606,0
10,CS49->US105,50557,50557,0
10,CS49->US113,57732,57732,0
10,CS49->US121,54065,54065,0
10,CS50->US2,51474,51474,0
10,CS50->US10,50688,50688,0
10,CS50->US18,50408,50408,0
10,CS50->US26,50761,50761,0
10,CS50->US34,0,0,0
10,CS50->US42,51526,51526,0
10,CS50->US50,51422,51422,0
10,CS50->US58,50486,50486,0
10,CS50->US66,0,0,0
10,CS50->US74,51208,51208,0
10,CS50->US82,57544,57544,0
10,CS50->US90,50694,50694,0
10,CS50->US98,50510,50510,0
10,CS50->US106,50305,50305,0
10,CS50->US114,57655,57655,0
10,CS50->US122,54060,54060,0
10,CS51->US3,51445,51445,0
10,CS51->US11,50564,50564,0
10,CS51->US19,51147,51147,0
10,CS51->US27,51096,51096,0
10,CS51->US35,0,0,0
10,CS51->US43,51458,51458,0
10,CS51->US51,51272,51272,0
10,CS51->US59,50923,50923,0
10,CS51->US67,0,0,0
10,CS51->US75,50931,50931,0
10,CS51->US83,57789,57789,0
10,CS51->US91,51272,51272,0
10,CS51->US99,50452,50452,0
10,CS51->US107,50359,50359,0
10,CS51->US115,57497,57497,0
10,CS51->US123,54254,54254,0
10,CS52->US4,51216,51216,0
10,CS52->US12,50260,50260,0
10,CS52->US20,50500,50500,0
10,CS52->US28,51300,51300,0
10,CS52->US36,0,0,0
10,CS52->US44,51215,51215,0
10,CS52->US52,51728,51728,0
10,CS52->US60,50671,50671,0
10,CS52->US68,0,0,0
10,CS52->US76,50953,50953,0
10,CS52->US84,57695,57695,0
10,CS52->US92,50578,50578,0
10,CS52->US100,50357,50357,0
10,CS52->US108,50671,50671,0
10,CS52->US116,57285,57285,0
10,CS52->US124,54181,54181,0
10,CS53->US5,51563,51563,0
10,CS53->US13,50408,50408,0
10,CS53->US21,50516,50516,0
10,CS53->US29,50869,50869,0
10,CS53->US37,0,0,0
10,CS53->US45,51107,51107,0
10,CS53->US53,51378,51378,0
10,CS53->US61,50528,50528,0
10,CS53->US69,0,0,0
10,CS53->US77,51103,51103,0
10,CS53->US85,57207,57207,0
10,CS53->US93,50760,50760,0
10,CS53->US101,50423,50423,0
10,CS53->US109,50620,50620,0
10,CS53->US117,57782,57782,0
10,CS53->US125,54666,54666,0
10,CS54->US6,51315,51315,0
10,CS54->US14,50259,50259,0
10,CS54->US22,50774,50774,0
10,CS54->US30,50732,50732,0
10,CS54->US38,0,0,0
10,CS54->US46,51557,51557,0
10,CS54->US54,51473,51473,0
10,CS54->US62,51052,51052,0
10,CS54->US70,0,0,0
10,CS54->US78,51126,51126,0
10,CS54->US86,57452,57452,0
10,CS54->US94,50862,50862,0
10,CS54->US102,50494,50494,0
10,CS54->US110,50405,50405,0
10,CS54->US118,57472,57472,0
10,CS54->US126,53474,53474,0
10,CS55->US7,50989,50989,0
10,CS55->US15,50521,50521,0
10,CS55->US23,50617,50617,0
10,CS55->US31,50778,50778,0
10,CS55->US39,0,0,0
10,CS55->US47,51120,51120,0
10,CS55->US55,51422,51422,0
10,CS55->US63,50517,50517,0
10,CS55->US71,0,0,0
10,CS55->US79,50521,50521,0
10,CS55->US87,57125,57125,0
10,CS55->US95,51241,51241,0
10,CS55->US103,50501,50501,0
10,CS55->US111,50587,50587,0
10,CS55->US119,57880,57880,0
10,CS55->US127,54480,54480,0
10,CS56->US0,51408,51408,0
10,CS56->US8,50653,50653,0
10,CS56->US16,50436,50436,0
10,CS56->US24,51087,51087,0
10,CS56->US32,0,0,0
10,CS56->US40,51048,51048,0
10,CS56->US48,51861,51861,0
10,CS56->US56,50933,50933,0
10,CS56->US64,0,0,0
10,CS56->US72,50811,50811,0
10,CS56->US80,57698,57698,0
10,CS56->US88,50722,50722,0
10,CS56->US96,50523,50523,0
10,CS56->US104,50270,50270,0
10,CS56->US112,57798,57798,0
10,CS56->US120,54383,54383,0
10,CS57->US1,51784,51784,0
10,CS57->US9,50750,50750,0
10,CS57->US17,50420,50420,0
10,CS57->US25,50659,50659,0
10,CS57->US33,0,0,0
10,CS57->US41,51310,51310,0
10,CS57->US49,51560,51560,0
10,CS57->US57,50350,50350,0
10,CS57->US65,0,0,0
10,CS57->US73,50718,50718,0
10,CS57->US81,57524,57524,0
10,CS57->US89,51314,51314,0
10,CS57->US97,50571,50571,0
10,CS57->US105,50661,50661,0
10,CS57->US113,57598,57598,0
10,CS57->US121,54527,54527,0
10,CS58->US2,51237,51237,0
10,CS58->US10,50493,50493,0
10,CS58->US18,50825,50825,0
10,CS58->US26,50630,50630,0
10,CS58->US34,0,0,0
10,CS58->US42,51337,51337,0
10,CS58->US50,51294,51294,0
10,CS58->US58,50616,50616,0
10,CS58->US66,0,0,0
10,CS58->US74,51287,51287,0
10,CS58->US82,57440,57440,0
10,CS58->US90,50604,50604,0
10,CS58->US98,50673,50673,0
10,CS58->US106,49941,49941,0
10,CS58->US114,57548,57548,0
10,CS58->US122,54740,54740,0
10,CS59->US3,51706,51706,0
10,CS59->US11,50755,50755,0
10,CS59->US19,50731,50731,0
10,CS59->US27,51050,51050,0
10,CS59->US35,0,0,0
10,CS59->US43,51222,51222,0
10,CS59->US51,51428,51428,0
10,CS59->US59,50707,50707,0
10,CS59->US67,0,0,0
10,CS59->US75,51189,51189,0
10,CS59->US83,57403,57403,0
10,CS59->US91,50819,50819,0
10,CS59->US99,50388,50388,0
10,CS59->US107,50185,50185,0
10,CS59->US115,57236,57236,0
10,CS59->US123,54315,54315,0
10,CS60->US4,51777,51777,0
10,CS60->US12,50620,50620,0
10,CS60->US20,50636,50636,0
10,CS60->US28,50876,50876,0
10,CS60->US36,0,0,0
10,CS60->US44,51331,51331,0
10,CS60->US52,51404,51404,0
10,CS60->US60,50612,50612,0
10,CS60->US68,0,0,0
10,CS60->US76,51332,51332,0
10,CS60->US84,57521,57521,0
10,CS60->US92,50965,50965,0
10,CS60->US100,50178,50178,0
10,CS60->US108,50745,50745,0
10,CS60->US116,57543,57543,0
10,CS60->US124,54282,54282,0
10,CS61->US5,51483,51483,0
10,CS61->US13,50290,50290,0
10,CS61->US21,50991,50991,0
10,CS61->US29,51277,51277,0
10,CS61->US37,0,0,0
10,CS61->US45,51079,51079,0
10,CS61->US53,51598,51598,0
10,CS61->US61,51031,51031,0
10,CS61->US69,0,0,0
10,CS61->US77,51270,51270,0
10,CS61->US85,57384,57384,0
10,CS61->US93,50973,50973,0
10,CS61->US101,50499,50499,0
10,CS61->US109,50375,50375,0
10,CS61->US117,57506,57506,0
10,CS61->US125,54399,54399,0
10,CS62->US6,51690,51690,0
10,CS62->US14,50552,50552,0
10,CS62->US22,50528,50528,0
10,CS62->US30,50723,50723,0
10,CS62->US38,0,0,0
10,CS62->US46,51055,51055,0
10,CS62->US54,51572,51572,0
10,CS62->US62,50667,50667,0
10,CS62->US70,0,0,0
10,CS62->US78,51125,51125,0
10,CS62->US86,57088,57088,0
10,CS62->US94,50874,50874,0
10,CS62->US102,50644,50644,0
10,CS62->US110,50737,50737,0
10,CS62->US118,57437,57437,0
10,CS62->US126,53844,53844,0
10,CS63->US7,51521,51521,0
10,CS63->US15,50420,50420,0
10,CS63->US23,50791,50791,0
10,CS63->US31,51032,51032,0
10,CS63->US39,0,0,0
10,CS63->US47,51196,51196,0
10,CS63->US55,51498,51498,0
10,CS63->US63,51036,51036,0
10,CS63->US71,0,0,0
10,CS63->US79,51068,51068,0
10,CS63->US87,57707,57707,0
10,CS63->US95,50651,50651,0
10,CS63->US103,50766,50766,0
10,CS63->US111,50658,50658,0
10,CS63->US119,57573,57573,0
10,CS63->US127,54361,54361,0
11,US0->CS0,51625,51625,0
11,US0->CS8,52046,52046,0
11,US0->CS16,51809,51809,0
11,US0->CS24,51991,51991,0
11,US0->CS32,51674,51674,0
11,US0->CS40,51793,51793,0
11,US0->CS48,51655,51655,0
11,US0->CS56,52135,52135,0
11,US1->CS1,51893,51893,0
11,US1->CS9,51869,51869,0
11,US1->CS17,51396,51396,0
11,US1->CS25,51686,51686,0
11,US1->CS33,51598,51598,0
11,US1->CS41,51608,51608,0
11,US1->CS49,51842,51842,0
11,US1->CS57,51825,51825,0
11,US2->CS2,51525,51525,0
11,US2->CS10,51786,51786,0
11,US2->CS18,51409,51409,0
11,US2->CS26,52113,52113,0
11,US2->CS34,52051,52051,0
11,US2->CS42,51632,51632,0
11,US2->CS50,51677,51677,0
11,US2->CS58,51579,51579,0
11,US3->CS3,51726,51726,0
11,US3->CS11,51684,51684,0
11,US3->CS19,51768,51768,0
11,US3->CS27,51772,51772,0
11,US3->CS35,51895,51895,0
11,US3->CS43,51858,51858,0
11,US3->CS51,51609,51609,0
11,US3->CS59,51675,51675,0
11,US4->CS4,51865,51865,0
11,US4->CS12,51641,51641,0
11,US4->CS20,51632,51632,0
11,US4->CS28,51983,51983,0
11,US4->CS36,51688,51688,0
11,US4->CS44,51313,51313,0
11,US4->CS52,52007,52007,0
11,US4->CS60,51690,51690,0
11,US5->CS5,51897,51897,0
11,US5->CS13,51748,51748,0
11,US5->CS21,51799,51799,0
11,US5->CS29,51691,51691,0
11,US5->CS37,51737,51737,0
11,US5->CS45,51525,51525,0
11,US5->CS53,51711,51711,0
11,US5->CS61,51866,51866,0
11,US6->CS6,51710,51710,0
11,US6->CS14,51901,51901,0
11,US6->CS22,51678,51678,0
11,US6->CS30,51778,51778,0
11,US6->CS38,51743,51743,0
11,US6->CS46,52066,52066,0
11,US6->CS54,51752,51752,0
11,US6->CS62,51815,51815,0
11,US7->CS7,51961,51961,0
11,US7->CS15,51414,51414,0
11,US7->CS23,51991,51991,0
11,US7->CS31,51684,51684,0
11,US7->CS39,51753,51753,0
11,US7->CS47,51593,51593,0
11,US7->CS55,51714,51714,0
11,US7->CS63,51781,51781,0
11,US8->CS0,57438,57438,0
11,US8->CS8,57588,57588,0
11,US8->CS16,57371,57371,0
11,US8->CS24,57363,57363,0
11,US8->CS32,57390,57390,0
11,US8->CS40,57715,57715,0
11,US8->CS48,57911,57911,0
11,US8->CS56,57776,57776,0
11,US9->CS1,57654,57654,0
11,US9->CS9,57581,57581,0
11,US9->CS17,57532,57532,0
11,US9->CS25,57343,57343,0
11,US9->CS33,57278,57278,0
11,US9->CS41,57394,57394,0
11,US9->CS49,57773,57773,0
11,US9->CS57,57604,57604,0
11,US10->CS2,57504,57504,0
11,US10->CS10,57303,57303,0
11,US10->CS18,57702,57702,0
11,US10->CS26,57941,57941,0
11,US10->CS34,57589,57589,0
11,US10->CS42,57596,57596,0
11,US10->CS50,57554,57554,0
11,US10->CS58,57432,57432,0
11,US11->CS3,57095,57095,0
11,US11->CS11,57988,57988,0
11,US11->CS19,57703,57703,0
11,US11->CS27,57492,57492,0
11,US11->CS35,57663,57663,0
11,US11->CS43,57215,57215,0
11,US11->CS51,57782,57782,0
11,US11->CS59,57486,57486,0
11,US12->CS4,57782,57782,0
11,US12->CS12,57574,57574,0
11,US12->CS20,57455,57455,0
11,US12->CS28,57406,57406,0
11,US12->CS36,57445,57445,0
11,US12->CS44,57476,57476,0
11,US12->CS52,57727,57727,0
11,US12->CS60,57594,57594,0
11,US13->CS5,57249,57249,0
11,US13->CS13,57831,57831,0
11,US13->CS21,57205,57205,0
11,US13->CS29,57171,57171,0
11,US13->CS37,57236,57236,0
11,US13->CS45,57670,57670,0
11,US13->CS53,57248,57248,0
11,US13->CS61,57417,57417,0
11,US14->CS6,57331,57331,0
11,US14->CS14,57596,57596,0
11,US14->CS22,57276,57276,0
11,US14->CS30,57361,57361,0
11,US14->CS38,57708,57708,0
11,US14->CS46,57466,57466,0
11,US14->CS54,57551,57551,0
11,US14->CS62,57139,57139,0
11,US15->CS7,57252,57252,0
11,US15->CS15,57768,57768,0
11,US15->CS23,57586,57586,0
11,US15->CS31,57649,57649,0
11,US15->CS39,57717,57717,0
11,US15->CS47,57240,57240,0
11,US15->CS55,57176,57176,0
11,US15->CS63,57717,57717,0
11,US16->CS0,54432,54432,0
11,US16->CS8,54442,54442,0
11,US16->CS16,54349,54349,0
11,US16->CS24,54194,54194,0
11,US16->CS32,54320,54320,0
11,US16->CS40,54354,54354,0
11,US16->CS48,54576,54576,0
11,US16->CS56,54407,54407,0
11,US17->CS1,54362,54362,0
11,US17->CS9,54503,54503,0
11,US17->CS17,53948,53948,0
11,US17->CS25,54127,54127,0
11,US17->CS33,54137,54137,0
11,US17->CS41,54363,54363,0
11,US17->CS49,54111,54111,0
11,US17->CS57,54630,54630,0
11,US18->CS2,54118,54118,0
11,US18->CS10,54668,54668,0
11,US18->CS18,54290,54290,0
11,US18->CS26,54531,54531,0
11,US18->CS34,54704,54704,0
11,US18->CS42,54280,54280,0
11,US18->CS50,54206,54206,0
11,US18->CS58,54783,54783,0
11,US19->CS3,54430,54430,0
11,US19->CS11,54096,54096,0
11,US19->CS19,54323,54323,0
11,US19->CS27,54466,54466,0
11,US19->CS35,54292,54292,0
11,US19->CS43,54254,54254,0
11,US19->CS51,54369,54369,0
11,US19->CS59,54360,54360,0
11,US20->CS4,54305,54305,0
11,US20->CS12,54679,54679,0
11,US20->CS20,54233,54233,0
11,US20->CS28,54668,54668,0
11,US20->CS36,54843,54843,0
11,US20->CS44,54679,54679,0
11,US20->CS52,54292,54292,0
11,US20->CS60,54368,54368,0
11,US21->CS5,54334,54334,0
11,US21->CS13,53950,53950,0
11,US21->CS21,54171,54171,0
11,US21->CS29,54536,54536,0
11,US21->CS37,54113,54113,0
11,US21->CS45,54267,54267,0
11,US21->CS53,54678,54678,0
11,US21->CS61,54464,54464,0
11,US22->CS6,54848,54848,0
11,US22->CS14,54241,54241,0
11,US22->CS22,54343,54343,0
11,US22->CS30,54097,54097,0
11,US22->CS38,53973,53973,0
11,US22->CS46,54459,54459,0
11,US22->CS54,53599,53599,0
11,US22->CS62,53964,53964,0
11,US23->CS7,54390,54390,0
11,US23->CS15,54404,54404,0
11,US23->CS23,53904,53904,0
11,US23->CS31,54249,54249,0
11,US23->CS39,54261,54261,0
11,US23->CS47,54614,54614,0
11,US23->CS55,54552,54552,0
11,US23->CS63,54413,54413,0
11,US24->CS0,50868,50868,0
11,US24->CS8,50914,50914,0
11,US24->CS16,51160,51160,0
11,US24->CS24,50796,50796,0
11,US24->CS32,50850,50850,0
11,US24->CS40,50555,50555,0
11,US24->CS48,51076,51076,0
11,US24->CS56,50984,50984,0
11,US25->CS1,50471,50471,0
11,US25->CS9,51032,51032,0
11,US25->CS17,50916,50916,0
11,US25->CS25,50620,50620,0
11,US25->CS33,51060,51060,0
11,US25->CS41,51054,51054,0
11,US25->CS49,50954,50954,0
11,US25->CS57,50403,50403,0
11,US26->CS2,50917,50917,0
11,US26->CS10,50977,50977,0
11,US26->CS18,50770,50770,0
11,US26->CS26,50849,50849,0
11,US26->CS34,50484,50484,0
11,US26->CS42,50673,50673,0
11,US26->CS50,50529,50529,0
11,US26->CS58,50669,50669,0
11,US27->CS3,50745,50745,0
11,US27->CS11,51011,51011,0
11,US27->CS19,50871,50871,0
11,US27->CS27,50876,50876,0
11,US27->CS35,50751,50751,0
11,US27->CS43,50423,50423,0
11,US27->CS51,50922,50922,0
11,US27->CS59,50713,50713,0
11,US28->CS4,50607,50607,0
11,US28->CS12,50888,50888,0
11,US28->CS20,50838,50838,0
11,US28->CS28,50969,50969,0
11,US28->CS36,51077,51077,0
11,US28->CS44,51090,51090,0
11,US28->CS52,50689,50689,0
11,US28->CS60,50662,50662,0
11,US29->CS5,50638,50638,0
11,US29->CS13,50865,50865,0
11,US29->CS21,51043,51043,0
11,US29->CS29,50839,50839,0
11,US29->CS37,50521,50521,0
11,US29->CS45,50668,50668,0
11,US29->CS53,50599,50599,0
11,US29->CS61,51116,51116,0
11,US30->CS6,50931,50931,0
11,US30->CS14,50398,50398,0
11,US30->CS22,50555,50555,0
11,US30->CS30,50802,50802,0
11,US30->CS38,50791,50791,0
11,US30->CS46,50806,50806,0
11,US30->CS54,51071,51071,0
11,US30->CS62,50718,50718,0
11,US31->CS7,51051,51051,0
11,US31->CS15,51469,51469,0
11,US31->CS23,50325,50325,0
11,US31->CS31,50833,50833,0
11,US31->CS39,50485,50485,0
11,US31->CS47,51115,51115,0
11,US31->CS55,50535,50535,0
11,US31->CS63,51039,51039,0
11,US32->CS0,41813,41813,0
11,US32->CS8,41728,41728,0
11,US32->CS16,41624,41624,0
11,US32->CS24,41528,41528,0
11,US32->CS32,41831,41830,0
11,US32->CS40,41718,41718,0
11,US32->CS48,41907,41906,0
11,US32->CS56,41773,41772,0
11,US33->CS1,41417,41416,0
11,US33->CS9,42040,42040,0
11,US33->CS17,41993,41993,0
11,US33->CS25,41994,41993,0
11,US33->CS33,41366,41366,0
11,US33->CS41,41768,41767,0
11,US33->CS49,41841,41840,0
11,US33->CS57,41794,41794,0
11,US34->CS2,41463,41462,0
11,US34->CS10,41779,41779,0
11,US34->CS18,41587,41586,0
11,US34->CS26,41957,41957,0
11,US34->CS34,41556,41555,0
11,US34->CS42,41797,41797,0
11,US34->CS50,41650,41650,0
11,US34->CS58,41518,41517,0
11,US35->CS3,41409,41409,0
11,US35->CS11,41356,41356,0
11,US35->CS19,41859,41859,0
11,US35->CS27,41689,41689,0
11,US35->CS35,41963,41963,0
11,US35->CS43,41896,41896,0
11,US35->CS51,41786,41786,0
11,US35->CS59,41501,41501,0
11,US36->CS4,41532,41531,0
11,US36->CS12,41647,41645,0
11,US36->CS20,41631,41630,0
11,US36->CS28,41459,41459,0
11,US36->CS36,41526,41526,0
11,US36->CS44,41755,41754,0
11,US36->CS52,41604,41603,0
11,US36->CS60,41331,41331,0
11,US37->CS5,41626,41625,0
11,US37->CS13,41813,41812,0
11,US37->CS21,41194,41194,0
11,US37->CS29,41978,41977,0
11,US37->CS37,41296,41295,0
11,US37->CS45,41818,41817,0
11,US37->CS53,41714,41714,0
11,US37->CS61,41757,41757,0
11,US38->CS6,41400,41400,0
11,US38->CS14,41475,41475,0
11,US38->CS22,41883,41882,0
11,US38->CS30,41567,41567,0
11,US38->CS38,41388,41387,0
11,US38->CS46,41813,41813,0
11,US38->CS54,41637,41636,0
11,US38->CS62,41289,41289,0
11,US39->CS7,41707,41707,0
11,US39->CS15,41530,41529,0
11,US39->CS23,41973,41972,0
11,US39->CS31,41862,41861,0
11,US39->CS39,41866,41865,0
11,US39->CS47,41759,41759,0
11,US39->CS55,41597,41596,0
11,US39->CS63,42007,42006,0
11,US40->CS0,57464,57464,0
11,US40->CS8,57664,57664,0
11,US40->CS16,57630,57630,0
11,US40->CS24,57469,57469,0
11,US40->CS32,57501,57501,0
11,US40->CS40,57410,57410,0
11,US40->CS48,57933,57933,0
11,US40->CS56,57814,57814,0
11,US41->CS1,57484,57484,0
11,US41->CS9,57784,57784,0
11,US41->CS17,57711,57711,0
11,US41->CS25,57204,57204,0
11,US41->CS33,57443,57443,0
11,US41->CS41,57283,57283,0
11,US41->CS49,57604,57604,0
11,US41->CS57,57569,57569,0
11,US42->CS2,57454,57454,0
11,US42->CS10,57784,57784,0
11,US42->CS18,57594,57594,0
11,US42->CS26,57466,57466,0
11,US42->CS34,57296,57296,0
11,US42->CS42,57378,57378,0
11,US42->CS50,57609,57609,0
11,US42->CS58,57492,57492,0
11,US43->CS3,57413,57413,0
11,US43->CS11,57607,57607,0
11,US43->CS19,57426,57426,0
11,US43->CS27,57547,57547,0
11,US43->CS35,57551,57551,0
11,US43->CS43,57641,57641,0
11,US43->CS51,57424,57424,0
11,US43->CS59,57218,57218,0
11,US44->CS4,57517,57517,0
11,US44->CS12,57647,57647,0
11,US44->CS20,57374,57374,0
11,US44->CS28,57567,57567,0
11,US44->CS36,57211,57211,0
11,US44->CS44,57237,57237,0
11,US44->CS52,57218,57218,0
11,US44->CS60,57477,57477,0
11,US45->CS5,57286,57286,0
11,US45->CS13,57881,57881,0
11,US45->CS21,57372,57372,0
11,US45->CS29,57456,57456,0
11,US45->CS37,57845,57845,0
11,US45->CS45,57146,57146,0
11,US45->CS53,57664,57664,0
11,US45->CS61,57405,57405,0
11,US46->CS6,58213,58213,0
11,US46->CS14,57148,57148,0
11,US46->CS22,57590,57590,0
11,US46->CS30,57285,57285,0
11,US46->CS38,57853,57853,0
11,US46->CS46,57648,57648,0
11,US46->CS54,57391,57391,0
11,US46->CS62,57386,57386,0
11,US47->CS7,57314,57314,0
11,US47->CS15,57670,57670,0
11,US47->CS23,57715,57715,0
11,US47->CS31,57098,57098,0
11,US47->CS39,57858,57858,0
11,US47->CS47,57622,57622,0
11,US47->CS55,57821,57821,0
11,US47->CS63,57510,57510,0
11,US48->CS0,51937,51937,0
11,US48->CS8,52164,52164,0
11,US48->CS16,52301,52301,0
11,US48->CS24,51791,51791,0
11,US48->CS32,51288,51288,0
11,US48->CS40,51490,51490,0
11,US48->CS48,51472,51472,0
11,US48->CS56,51666,51666,0
11,US49->CS1,51556,51556,0
11,US49->CS9,51425,51425,0
11,US49->CS17,52269,52269,0
11,US49->CS25,51606,51606,0
11,US49->CS33,51593,51593,0
11,US49->CS41,51736,51736,0
11,US49->CS49,52008,52008,0
11,US49->CS57,52117,52117,0
11,US50->CS2,51865,51865,0
11,US50->CS10,52070,52070,0
11,US50->CS18,52084,52084,0
11,US50->CS26,51564,51564,0
11,US50->CS34,51614,51614,0
11,US50->CS42,51598,51598,0
11,US50->CS50,51728,51728,0
11,US50->CS58,51513,51513,0
11,US51->CS3,51654,51654,0
11,US51->CS11,51510,51510,0
11,US51->CS19,51659,51659,0
11,US51->CS27,52085,52085,0
11,US51->CS35,51540,51540,0
11,US51->CS43,51417,51417,0
11,US51->CS51,51728,51728,0
11,US51->CS59,51978,51978,0
11,US52->CS4,51736,51736,0
11,US52->CS12,52260,52260,0
11,US52->CS20,51693,51693,0
11,US52->CS28,51983,51983,0
11,US52->CS36,51946,51946,0
11,US52->CS44,51543,51543,0
11,US52->CS52,51513,51513,0
11,US52->CS60,52059,52059,0
11,US53->CS5,51776,51776,0
11,US53->CS13,51829,51829,0
11,US53->CS21,51927,51927,0
11,US53->CS29,51864,51864,0
11,US53->CS37,51836,51836,0
11,US53->CS45,51991,51991,0
11,US53->CS53,51907,51907,0
11,US53->CS61,51781,51781,0
11,US54->CS6,51740,51740,0
11,US54->CS14,51634,51634,0
11,US54->CS22,51812,51812,0
11,US54->CS30,51634,51634,0
11,US54->CS38,51856,51856,0
11,US54->CS46,51830,51830,0
11,US54->CS54,51588,51588,0
11,US54->CS62,51962,51962,0
11,US55->CS7,51473,51473,0
11,US55->CS15,51996,51996,0
11,US55->CS23,51752,51752,0
11,US55->CS31,51600,51600,0
11,US55->CS39,51755,51755,0
11,US55->CS47,51525,51525,0
11,US55->CS55,51251,51251,0
11,US55->CS63,51700,51700,0
11,US56->CS0,51260,51260,0
11,US56->CS8,51383,51383,0
11,US56->CS16,51227,51227,0
11,US56->CS24,51301,51301,0
11,US56->CS32,51251,51251,0
11,US56->CS40,51098,51098,0
11,US56->CS48,50704,50704,0
11,US56->CS56,51127,51127,0
11,US57->CS1,51356,51356,0
11,US57->CS9,50578,50578,0
11,US57->CS17,51215,51215,0
11,US57->CS25,51627,51627,0
11,US57->CS33,50963,50963,0
11,US57->CS41,51228,51228,0
11,US57->CS49,50987,50987,0
11,US57->CS57,50742,50742,0
11,US58->CS2,50982,50982,0
11,US58->CS10,51071,51071,0
11,US58->CS18,50968,50968,0
11,US58->CS26,50764,50764,0
11,US58->CS34,50891,50891,0
11,US58->CS42,51294,51294,0
11,US58->CS50,50881,50881,0
11,US58->CS58,50702,50702,0
11,US59->CS3,51159,51159,0
11,US59->CS11,50661,50661,0
11,US59->CS19,51133,51133,0
11,US59->CS27,51074,51074,0
11,US59->CS35,51050,51050,0
11,US59->CS43,50727,50727,0
11,US59->CS51,51191,51191,0
11,US59->CS59,51130,51130,0
11,US60->CS4,51214,51214,0
11,US60->CS12,51067,51067,0
11,US60->CS20,50993,50993,0
11,US60->CS28,50477,50477,0
11,US60->CS36,50577,50577,0
11,US60->CS44,51041,51041,0
11,US60->CS52,51379,51379,0
11,US60->CS60,50935,50935,0
11,US61->CS5,50878,50878,0
11,US61->CS13,51284,51284,0
11,US61->CS21,50711,50711,0
11,US61->CS29,50861,50861,0
11,US61->CS37,50839,50839,0
11,US61->CS45,51523,51523,0
11,US61->CS53,51003,51003,0
11,US61->CS61,51322,51322,0
11,US62->CS6,51082,51082,0
11,US62->CS14,50992,50992,0
11,US62->CS22,51419,51419,0
11,US62->CS30,50935,50935,0
11,US62->CS38,50515,50515,0
11,US62->CS46,51430,51430,0
11,US62->CS54,50752,50752,0
11,US62->CS62,50809,50809,0
11,US63->CS7,51022,51022,0
11,US63->CS15,50862,50862,0
11,US63->CS23,51386,51386,0
11,US63->CS31,51420,51420,0
11,US63->CS39,50713,50713,0
11,US63->CS47,50662,50662,0
11,US63->CS55,50814,50814,0
11,US63->CS63,51104,51104,0
11,US64->CS0,41169,41169,0
11,US64->CS8,41139,41137,0
11,US64->CS16,41202,41202,0
11,US64->CS24,41450,41449,0
11,US64->CS32,40814,40813,0
11,US64->CS40,41559,41559,0
11,US64->CS48,40775,40775,0
11,US64->CS56,41080,41078,0
11,US65->CS1,41381,41381,0
11,US65->CS9,41355,41355,0
11,US65->CS17,40865,40865,0
11,US65->CS25,41074,41074,0
11,US65->CS33,40906,40906,0
11,US65->CS41,41546,41543,0
11,US65->CS49,41137,41136,0
11,US65->CS57,40971,40971,0
11,US66->CS2,40907,40906,0
11,US66->CS10,40641,40640,0
11,US66->CS18,41001,41001,0
11,US66->CS26,41281,41281,0
11,US66->CS34,41300,41300,0
11,US66->CS42,41224,41223,0
11,US66->CS50,41128,41128,0
11,US66->CS58,40826,40825,0
11,US67->CS3,40885,40885,0
11,US67->CS11,41251,41251,0
11,US67->CS19,41264,41264,0
11,US67->CS27,40914,40914,0
11,US67->CS35,40969,40967,0
11,US67->CS43,41149,41149,0
11,US67->CS51,40982,40982,0
11,US67->CS59,41183,41182,0
11,US68->CS4,41100,41100,0
11,US68->CS12,41151,41150,0
11,US68->CS20,41255,41255,0
11,US68->CS28,41269,41268,0
11,US68->CS36,41261,41261,0
11,US68->CS44,40740,40740,0
11,US68->CS52,40743,40743,0
11,US68->CS60,41048,41047,0
11,US69->CS5,41205,41205,0
11,US69->CS13,41135,41135,0
11,US69->CS21,41063,41062,0
11,US69->CS29,41137,41137,0
11,US69->CS37,40973,40973,0
11,US69->CS45,41034,41033,0
11,US69->CS53,40864,40864,0
11,US69->CS61,40734,40733,0
11,US70->CS6,40952,40952,0
11,US70->CS14,41174,41174,0
11,US70->CS22,41094,41094,0
11,US70->CS30,40911,40910,0
11,US70->CS38,41556,41556,0
11,US70->CS46,40782,40781,0
11,US70->CS54,41460,41460,0
11,US70->CS62,41252,41251,0
11,US71->CS7,41043,41042,0
11,US71->CS15,41198,41198,0
11,US71->CS23,40813,40812,0
11,US71->CS31,41144,41144,0
11,US71->CS39,41225,41225,0
11,US71->CS47,41119,41119,0
11,US71->CS55,41368,41366,0
11,US71->CS63,40902,40902,0
11,US72->CS0,51057,51057,0
11,US72->CS8,50828,50828,0
11,US72->CS16,50983,50983,0
11,US72->CS24,50281,50281,0
11,US72->CS32,51251,51251,0
11,US72->CS40,50384,50384,0
11,US72->CS48,50688,50688,0
11,US72->CS56,50660,50660,0
11,US73->CS1,50713,50713,0
11,US73->CS9,50978,50978,0
11,US73->CS17,51394,51394,0
11,US73->CS25,50575,50575,0
11,US73->CS33,50943,50943,0
11,US73->CS41,50604,50604,0
11,US73->CS49,51036,51036,0
11,US73->CS57,51301,51301,0
11,US74->CS2,50798,50798,0
11,US74->CS10,51075,51075,0
11,US74->CS18,51235,51235,0
11,US74->CS26,51072,51072,0
11,US74->CS34,50628,50628,0
11,US74->CS42,51153,51153,0
11,US74->CS50,50588,50588,0
11,US74->CS58,50645,50645,0
11,US75->CS3,51042,51042,0
11,US75->CS11,50972,50972,0
11,US75->CS19,50708,50708,0
11,US75->CS27,50860,50860,0
11,US75->CS35,51162,51162,0
11,US75->CS43,50576,50576,0
11,US75->CS51,51200,51200,0
11,US75->CS59,50755,50755,0
11,US76->CS4,50627,50627,0
11,US76->CS12,50971,50971,0
11,US76->CS20,50574,50574,0
11,US76->CS28,50997,50997,0
11,US76->CS36,51165,51165,0
11,US76->CS44,50661,50661,0
11,US76->CS52,50558,50558,0
11,US76->CS60,50924,50924,0
11,US77->CS5,50711,50711,0
11,US77->CS13,50762,50762,0
11,US77->CS21,51089,51089,0
11,US77->CS29,50612,50612,0
11,US77->CS37,50721,50721,0
11,US77->CS45,50479,50479,0
11,US77->CS53,50754,50754,0
11,US77->CS61,50918,50918,0
11,US78->CS6,51069,51069,0
11,US78->CS14,50643,50643,0
11,US78->CS22,50977,50977,0
11,US78->CS30,51085,51085,0
11,US78->CS38,50985,50985,0
11,US78->CS46,51108,51108,0
11,US78->CS54,50797,50797,0
11,US78->CS62,50843,50843,0
11,US79->CS7,51503,51503,0
11,US79->CS15,51288,51288,0
11,US79->CS23,51074,51074,0
11,US79->CS31,50917,50917,0
11,US79->CS39,51190,51190,0
11,US79->CS47,50771,50771,0
11,US79->CS55,51191,51191,0
11,US79->CS63,50621,50621,0
11,US80->CS0,50753,50753,0
11,US80->CS8,50844,50844,0
11,US80->CS16,50689,50689,0
11,US80->CS24,50643,50643,0
11,US80->CS32,50544,50544,0
11,US80->CS40,50562,50562,0
11,US80->CS48,50504,50504,0
11,US80->CS56,50735,50735,0
11,US81->CS1,50505,50505,0
11,US81->CS9,50452,50452,0
11,US81->CS17,50282,50282,0
11,US81->CS25,50377,50377,0
11,US81->CS33,50334,50334,0
11,US81->CS41,50432,50432,0
11,US81->CS49,50411,50411,0
11,US81->CS57,50766,50766,0
11,US82->CS2,50444,50444,0
11,US82->CS10,50748,50748,0
11,US82->CS18,50762,50762,0
11,US82->CS26,50680,50680,0
11,US82->CS34,50533,50533,0
11,US82->CS42,50607,50607,0
11,US82->CS50,50675,50675,0
11,US82->CS58,50562,50562,0
11,US83->CS3,50570,50570,0
11,US83->CS11,50712,50712,0
11,US83->CS19,50621,50621,0
11,US83->CS27,50720,50720,0
11,US83->CS35,50636,50636,0
11,US83->CS43,50521,50521,0
11,US83->CS51,50585,50585,0
11,US83->CS59,50897,50897,0
11,US84->CS4,50572,50572,0
11,US84->CS12,50718,50718,0
11,US84->CS20,50638,50638,0
11,US84->CS28,50838,50838,0
11,US84->CS36,50496,50496,0
11,US84->CS44,50406,50406,0
11,US84->CS52,50307,50307,0
11,US84->CS60,50623,50623,0
11,US85->CS5,50939,50939,0
11,US85->CS13,50417,50417,0
11,US85->CS21,50600,50600,0
11,US85->CS29,50463,50463,0
11,US85->CS37,50291,50291,0
11,US85->CS45,50389,50389,0
11,US85->CS53,50470,50470,0
11,US85->CS61,50321,50321,0
11,US86->CS6,50354,50354,0
11,US86->CS14,50563,50563,0
11,US86->CS22,50661,50661,0
11,US86->CS30,50732,50732,0
11,US86->CS38,50377,50377,0
11,US86->CS46,50684,50684,0
11,US86->CS54,50274,50274,0
11,US86->CS62,50557,50557,0
11,US87->CS7,50928,50928,0
11,US87->CS15,50542,50542,0
11,US87->CS23,50461,50461,0
11,US87->CS31,50682,50682,0
11,US87->CS39,50585,50585,0
11,US87->CS47,50364,50364,0
11,US87->CS55,50566,50566,0
11,US87->CS63,50524,50524,0
11,US88->CS0,51046,51046,0
11,US88->CS8,50881,50881,0
11,US88->CS16,50851,50851,0
11,US88->CS24,51229,51229,0
11,US88->CS32,51287,51287,0
11,US88->CS40,51178,51178,0
11,US88->CS48,50974,50974,0
11,US88->CS56,50765,50765,0
11,US89->CS1,51055,51055,0
11,US89->CS9,51376,51376,0
11,US89->CS17,51214,51214,0
11,US89->CS25,51216,51216,0
11,US89->CS33,51173,51173,0
11,US89->CS41,50680,50680,0
11,US89->CS49,50870,50870,0
11,US89->CS57,50789,50789,0
11,US90->CS2,50843,50843,0
11,US90->CS10,50910,50910,0
11,US90->CS18,50945,50945,0
11,US90->CS26,51057,51057,0
11,US90->CS34,50869,50869,0
11,US90->CS42,51371,51371,0
11,US90->CS50,51283,51283,0
11,US90->CS58,51310,51310,0
11,US91->CS3,51209,51209,0
11,US91->CS11,50970,50970,0
11,US91->CS19,51323,51323,0
11,US91->CS27,50802,50802,0
11,US91->CS35,51140,51140,0
11,US91->CS43,51227,51227,0
11,US91->CS51,50956,50956,0
11,US91->CS59,51272,51272,0
11,US92->CS4,51075,51075,0
11,US92->CS12,51368,51368,0
11,US92->CS20,50904,50904,0
11,US92->CS28,50900,50900,0
11,US92->CS36,50822,50822,0
11,US92->CS44,51302,51302,0
11,US92->CS52,50968,50968,0
11,US92->CS60,51379,51379,0
11,US93->CS5,51198,51198,0
11,US93->CS13,51179,51179,0
11,US93->CS21,50982,50982,0
11,US93->CS29,50940,50940,0
11,US93->CS37,51169,51169,0
11,US93->CS45,50987,50987,0
11,US93->CS53,51154,51154,0
11,US93->CS61,51362,51362,0
11,US94->CS6,51112,51112,0
11,US94->CS14,50901,50901,0
11,US94->CS22,51410,51410,0
11,US94->CS30,50966,50966,0
11,US94->CS38,51074,51074,0
11,US94->CS46,50912,50912,0
11,US94->CS54,51243,51243,0
11,US94->CS62,51183,51183,0
11,US95->CS7,50872,50872,0
11,US95->CS15,51046,51046,0
11,US95->CS23,50630,50630,0
11,US95->CS31,50537,50537,0
11,US95->CS39,50964,50964,0
11,US95->CS47,51060,51060,0
11,US95->CS55,50564,50564,0
11,US95->CS63,51099,51099,0
11,US96->CS0,50868,50868,0
11,US96->CS8,50429,50429,0
11,US96->CS16,51007,51007,0
11,US96->CS24,51325,51325,0
11,US96->CS32,51073,51073,0
11,US96->CS40,50775,50775,0
11,US96->CS48,51022,51022,0
11,US96->CS56,50572,50572,0
11,US97->CS1,50680,50680,0
11,US97->CS9,50913,50913,0
11,US97->CS17,50775,50775,0
11,US97->CS25,50857,50857,0
11,US97->CS33,50480,50480,0
11,US97->CS41,50846,50846,0
11,US97->CS49,50783,50783,0
11,US97->CS57,50899,50899,0
11,US98->CS2,50987,50987,0
11,US98->CS10,50780,50780,0
11,US98->CS18,51172,51172,0
11,US98->CS26,50836,50836,0
11,US98->CS34,50883,50883,0
11,US98->CS42,50919,50919,0
11,US98->CS50,50589,50589,0
11,US98->CS58,50271,50271,0
11,US99->CS3,50663,50663,0
11,US99->CS11,51298,51298,0
11,US99->CS19,51217,51217,0
11,US99->CS27,50744,50744,0
11,US99->CS35,50809,50809,0
11,US99->CS43,51253,51253,0
11,US99->CS51,50633,50633,0
11,US99->CS59,50485,50485,0
11,US100->CS4,50891,50891,0
11,US100->CS12,50981,50981,0
11,US100->CS20,50912,50912,0
11,US100->CS28,50530,50530,0
11,US100->CS36,50948,50948,0
11,US100->CS44,50880,50880,0
11,US100->CS52,50958,50958,0
11,US100->CS60,51040,51040,0
11,US101->CS5,50961,50961,0
11,US101->CS13,51019,51019,0
11,US101->CS21,50592,50592,0
11,US101->CS29,50993,50993,0
11,US101->CS37,50920,50920,0
11,US101->CS45,51117,51117,0
11,US101->CS53,50833,50833,0
11,US101->CS61,50689,50689,0
11,US102->CS6,50893,50893,0
11,US102->CS14,51161,51161,0
11,US102->CS22,51016,51016,0
11,US102->CS30,50528,50528,0
11,US102->CS38,50873,50873,0
11,US102->CS46,50585,50585,0
11,US102->CS54,50676,50676,0
11,US102->CS62,51000,51000,0
11,US103->CS7,50505,50505,0
11,US103->CS15,51103,51103,0
11,US103->CS23,50957,50957,0
11,US103->CS31,50824,50824,0
11,US103->CS39,50692,50692,0
11,US103->CS47,50347,50347,0
11,US103->CS55,50870,50870,0
11,US103->CS63,50960,50960,0
11,US104->CS0,50810,50810,0
11,US104->CS8,50900,50900,0
11,US104->CS16,50887,50887,0
11,US104->CS24,50721,50721,0
11,US104->CS32,50419,50419,0
11,US104->CS40,50627,50627,0
11,US104->CS48,50888,50888,0
11,US104->CS56,50749,50749,0
11,US105->CS1,50655,50655,0
11,US105->CS9,50452,50452,0
11,US105->CS17,50970,50970,0
11,US105->CS25,50606,50606,0
11,US105->CS33,50500,50500,0
11,US105->CS41,51021,51021,0
11,US105->CS49,50814,50814,0
11,US105->CS57,50789,50789,0
11,US106->CS2,50712,50712,0
11,US106->CS10,50681,50681,0
11,US106->CS18,50716,50716,0
11,US106->CS26,50565,50565,0
11,US106->CS34,50582,50582,0
11,US106->CS42,50696,50696,0
11,US106->CS50,50799,50799,0
11,US106->CS58,50914,50914,0
11,US107->CS3,50467,50467,0
11,US107->CS11,50704,50704,0
11,US107->CS19,50486,50486,0
11,US107->CS27,50561,50561,0
11,US107->CS35,50117,50117,0
11,US107->CS43,51167,51167,0
11,US107->CS51,50707,50707,0
11,US107->CS59,50607,50607,0
11,US108->CS4,50584,50584,0
11,US108->CS12,50546,50546,0
11,US108->CS20,50716,50716,0
11,US108->CS28,50482,50482,0
11,US108->CS36,50778,50778,0
11,US108->CS44,50632,50632,0
11,US108->CS52,50592,50592,0
11,US108->CS60,50414,50414,0
11,US109->CS5,50758,50758,0
11,US109->CS13,50845,50845,0
11,US109->CS21,50866,50866,0
11,US109->CS29,50649,50649,0
11,US109->CS37,50665,50665,0
11,US109->CS45,50860,50860,0
11,US109->CS53,50662,50662,0
11,US109->CS61,50764,50764,0
11,US110->CS6,50353,50353,0
11,US110->CS14,50675,50675,0
11,US110->CS22,50638,50638,0
11,US110->CS30,50437,50437,0
11,US110->CS38,50651,50651,0
11,US110->CS46,50518,50518,0
11,US110->CS54,50739,50739,0
11,US110->CS62,50937,50937,0
11,US111->CS7,50696,50696,0
11,US111->CS15,50814,50814,0
11,US111->CS23,50603,50603,0
11,US111->CS31,50740,50740,0
11,US111->CS39,50774,50774,0
11,US111->CS47,50538,50538,0
11,US111->CS55,50728,50728,0
11,US111->CS63,50994,50994,0
11,US112->CS0,51223,51223,0
11,US112->CS8,51201,51201,0
11,US112->CS16,51611,51611,0
11,US112->CS24,51469,51469,0
11,US112->CS32,51461,51461,0
11,US112->CS40,51255,51255,0
11,US112->CS48,51205,51205,0
11,US112->CS56,51092,51092,0
11,US113->CS1,51402,51402,0
11,US113->CS9,51803,51803,0
11,US113->CS17,50992,50992,0
11,US113->CS25,51630,51630,0
11,US113->CS33,50984,50984,0
11,US113->CS41,51234,51234,0
11,US113->CS49,51293,51293,0
11,US113->CS57,51208,51208,0
11,US114->CS2,51710,51710,0
11,US114->CS10,51334,51334,0
11,US114->CS18,51054,51054,0
11,US114->CS26,51329,51329,0
11,US114->CS34,51407,51407,0
11,US114->CS42,51383,51383,0
11,US114->CS50,51540,51540,0
11,US114->CS58,51258,51258,0
11,US115->CS3,51290,51290,0
11,US115->CS11,51116,51116,0
11,US115->CS19,51378,51378,0
11,US115->CS27,51481,51481,0
11,US115->CS35,51034,51034,0
11,US115->CS43,51151,51151,0
11,US115->CS51,51434,51434,0
11,US115->CS59,51193,51193,0
11,US116->CS4,51345,51345,0
11,US116->CS12,51046,51046,0
11,US116->CS20,51256,51256,0
11,US116->CS28,51485,51485,0
11,US116->CS36,51194,51194,0
11,US116->CS44,51644,51644,0
11,US116->CS52,51128,51128,0
11,US116->CS60,51279,51279,0
11,US117->CS5,51510,51510,0
11,US117->CS13,51050,51050,0
11,US117->CS21,51518,51518,0
11,US117->CS29,51229,51229,0
11,US117->CS37,51201,51201,0
11,US117->CS45,51347,51347,0
11,US117->CS53,51012,51012,0
11,US117->CS61,51056,51056,0
11,US118->CS6,51122,51122,0
11,US118->CS14,51252,51252,0
11,US118->CS22,51117,51117,0
11,US118->CS30,51321,51321,0
11,US118->CS38,51508,51508,0
11,US118->CS46,51240,51240,0
11,US118->CS54,51527,51527,0
11,US118->CS62,50996,50996,0
11,US119->CS7,51528,51528,0
11,US119->CS15,51177,51177,0
11,US119->CS23,50933,50933,0
11,US119->CS31,51254,51254,0
11,US119->CS39,51489,51489,0
11,US119->CS47,51483,51483,0
11,US119->CS55,51123,51123,0
11,US119->CS63,51255,51255,0
11,US120->CS0,50471,50471,0
11,US120->CS8,50947,50947,0
11,US120->CS16,50534,50534,0
11,US120->CS24,50475,50475,0
11,US120->CS32,50423,50423,0
11,US120->CS40,50129,50129,0
11,US120->CS48,50588,50588,0
11,US120->CS56,50429,50429,0
11,US121->CS1,50906,50906,0
11,US121->CS9,50960,50960,0
11,US121->CS17,50843,50843,0
11,US121->CS25,50398,50398,0
11,US121->CS33,50543,50543,0
11,US121->CS41,50657,50657,0
11,US121->CS49,50921,50921,0
11,US121->CS57,50269,50269,0
11,US122->CS2,50830,50830,0
11,US122->CS10,50456,50456,0
11,US122->CS18,50714,50714,0
11,US122->CS26,50437,50437,0
11,US122->CS34,50663,50663,0
11,US122->CS42,50915,50915,0
11,US122->CS50,50313,50313,0
11,US122->CS58,50807,50807,0
11,US123->CS3,50632,50632,0
11,US123->CS11,50950,50950,0
11,US123->CS19,50448,50448,0
11,US123->CS27,50352,50352,0
11,US123->CS35,50309,50309,0
11,US123->CS43,50772,50772,0
11,US123->CS51,51105,51105,0
11,US123->CS59,50578,50578,0
11,US124->CS4,50672,50672,0
11,US124->CS12,50746,50746,0
11,US124->CS20,50411,50411,0
11,US124->CS28,50620,50620,0
11,US124->CS36,50767,50767,0
11,US124->CS44,50265,50265,0
11,US124->CS52,50482,50482,0
11,US124->CS60,50528,50528,0
11,US125->CS5,50622,50622,0
11,US125->CS13,50849,50849,0
11,US125->CS21,50672,50672,0
11,US125->CS29,50415,50415,0
11,US125->CS37,50898,50898,0
11,US125->CS45,50698,50698,0
11,US125->CS53,50452,50452,0
11,US125->CS61,50917,50917,0
11,US126->CS6,50398,50398,0
11,US126->CS14,51089,51089,0
11,US126->CS22,50229,50229,0
11,US126->CS30,50420,50420,0
11,US126->CS38,51073,51073,0
11,US126->CS46,50801,50801,0
11,US126->CS54,50664,50664,0
11,US126->CS62,50484,50484,0
11,US127->CS7,50305,50305,0
11,US127->CS15,50594,50594,0
11,US127->CS23,50754,50754,0
11,US127->CS31,50688,50688,0
11,US127->CS39,50806,50806,0
11,US127->CS47,50639,50639,0
11,US127->CS55,50565,50565,0
11,US127->CS63,50777,50777,0
11,CS0->US0,51731,51731,0
11,CS0->US8,50681,50681,0
11,CS0->US16,50593,50593,0
11,CS0->US24,51400,51400,0
11,CS0->US32,41261,41261,0
11,CS0->US40,51194,51194,0
11,CS0->US48,51360,51360,0
11,CS0->US56,51012,51012,0
11,CS0->US64,41882,41881,0
11,CS0->US72,51002,51002,0
11,CS0->US80,57354,57354,0
11,CS0->US88,51085,51085,0
11,CS0->US96,50918,50918,0
11,CS0->US104,50865,50865,0
11,CS0->US112,57506,57506,0
11,CS0->US120,54390,54390,0
11,CS1->US1,51286,51286,0
11,CS1->US9,50557,50557,0
11,CS1->US17,50908,50908,0
11,CS1->US25,51451,51451,0
11,CS1->US33,41441,41441,0
11,CS1->US41,51434,51434,0
11,CS1->US49,51620,51620,0
11,CS1->US57,50527,50527,0
11,CS1->US65,41539,41538,0
11,CS1->US73,50987,50987,0
11,CS1->US81,57645,57645,0
11,CS1->US89,50776,50776,0
11,CS1->US97,50701,50701,0
11,CS1->US105,50742,50742,0
11,CS1->US113,57615,57615,0
11,CS1->US121,54260,54260,0
11,CS2->US2,51567,51567,0
11,CS2->US10,50401,50401,0
11,CS2->US18,50886,50886,0
11,CS2->US26,51104,51104,0
11,CS2->US34,41000,41000,0
11,CS2->US42,51687,51687,0
11,CS2->US50,51259,51259,0
11,CS2->US58,51040,51040,0
11,CS2->US66,41550,41550,0
11,CS2->US74,50838,50838,0
11,CS2->US82,57467,57467,0
11,CS2->US90,50927,50927,0
11,CS2->US98,50823,50823,0
11,CS2->US106,50997,50997,0
11,CS2->US114,57480,57480,0
11,CS2->US122,54031,54031,0
11,CS3->US3,51392,51392,0
11,CS3->US11,50603,50603,0
11,CS3->US19,50709,50709,0
11,CS3->US27,51318,51318,0
11,CS3->US35,40990,40990,0
11,CS3->US43,51342,51342,0
11,CS3->US51,51447,51447,0
11,CS3->US59,50846,50846,0
11,CS3->US67,41522,41522,0
11,CS3->US75,51195,51195,0
11,CS3->US83,57060,57060,0
11,CS3->US91,51050,51050,0
11,CS3->US99,50509,50509,0
11,CS3->US107,50649,50649,0
11,CS3->US115,57414,57414,0
11,CS3->US123,54343,54343,0
11,CS4->US4,51504,51504,0
11,CS4->US12,50549,50549,0
11,CS4->US20,50780,50780,0
11,CS4->US28,51360,51360,0
11,CS4->US36,41164,41163,0
11,CS4->US44,51308,51308,0
11,CS4->US52,51587,51587,0
11,CS4->US60,50788,50788,0
11,CS4->US68,41616,41616,0
11,CS4->US76,51029,51029,0
11,CS4->US84,57669,57669,0
11,CS4->US92,50653,50653,0
11,CS4->US100,50627,50627,0
11,CS4->US108,50944,50944,0
11,CS4->US116,57583,57583,0
11,CS4->US124,54262,54262,0
11,CS5->US5,51461,51461,0
11,CS5->US13,50952,50952,0
11,CS5->US21,50710,50710,0
11,CS5->US29,50978,50978,0
11,CS5->US37,41282,41282,0
11,CS5->US45,51558,51558,0
11,CS5->US53,51617,51617,0
11,CS5->US61,50774,50774,0
11,CS5->US69,41703,41700,0
11,CS5->US77,51207,51207,0
11,CS5->US85,57219,57219,0
11,CS5->US93,50794,50794,0
11,CS5->US101,50841,50841,0
11,CS5->US109,50998,50998,0
11,CS5->US117,57285,57285,0
11,CS5->US125,54207,54207,0
11,CS6->US6,51508,51508,0
11,CS6->US14,50373,50373,0
11,CS6->US22,50460,50460,0
11,CS6->US30,51236,51236,0
11,CS6->US38,41049,41048,0
11,CS6->US46,51070,51070,0
11,CS6->US54,51484,51484,0
11,CS6->US62,50995,50995,0
11,CS6->US70,41514,41514,0
11,CS6->US78,51044,51044,0
11,CS6->US86,57307,57307,0
11,CS6->US94,51138,51138,0
11,CS6->US102,50445,50445,0
11,CS6->US110,50863,50863,0
11,CS6->US118,58248,58248,0
11,CS6->US126,54774,54774,0
11,CS7->US7,51175,51175,0
11,CS7->US15,51003,51003,0
11,CS7->US23,50398,50398,0
11,CS7->US31,51082,51082,0
11,CS7->US39,41100,41100,0
11,CS7->US47,51540,51540,0
11,CS7->US55,51631,51631,0
11,CS7->US63,51074,51074,0
11,CS7->US71,41814,41811,0
11,CS7->US79,50804,50804,0
11,CS7->US87,57237,57237,0
11,CS7->US95,51589,51589,0
11,CS7->US103,50771,50771,0
11,CS7->US111,50585,50585,0
11,CS7->US119,57436,57436,0
11,CS7->US127,54310,54310,0
11,CS8->US0,51882,51882,0
11,CS8->US8,50908,50908,0
11,CS8->US16,51033,51033,0
11,CS8->US24,51553,51553,0
11,CS8->US32,41191,41191,0
11,CS8->US40,51216,51216,0
11,CS8->US48,51742,51742,0
11,CS8->US56,50967,50967,0
11,CS8->US64,41813,41811,0
11,CS8->US72,50782,50782,0
11,CS8->US80,57521,57521,0
11,CS8->US88,50887,50887,0
11,CS8->US96,51003,51003,0
11,CS8->US104,50488,50488,0
11,CS8->US112,57765,57765,0
11,CS8->US120,54345,54345,0
11,CS9->US1,51166,51166,0
11,CS9->US9,50487,50487,0
11,CS9->US17,51110,51110,0
11,CS9->US25,50643,50643,0
11,CS9->US33,41429,41428,0
11,CS9->US41,51827,51827,0
11,CS9->US49,51615,51615,0
11,CS9->US57,51118,51118,0
11,CS9->US65,42130,42130,0
11,CS9->US73,51244,51244,0
11,CS9->US81,57539,57539,0
11,CS9->US89,50990,50990,0
11,CS9->US97,50516,50516,0
11,CS9->US105,50976,50976,0
11,CS9->US113,57860,57860,0
11,CS9->US121,54451,54451,0
11,CS10->US2,51827,51827,0
11,CS10->US10,50746,50746,0
11,CS10->US18,50590,50590,0
11,CS10->US26,51113,51113,0
11,CS10->US34,40702,40702,0
11,CS10->US42,51329,51329,0
11,CS10->US50,51489,51489,0
11,CS10->US58,51108,51108,0
11,CS10->US66,41861,41861,0
11,CS10->US74,50787,50787,0
11,CS10->US82,57325,57325,0
11,CS10->US90,51131,51131,0
11,CS10->US98,50751,50751,0
11,CS10->US106,50854,50854,0
11,CS10->US114,57870,57870,0
11,CS10->US122,54579,54579,0
11,CS11->US3,51188,51188,0
11,CS11->US11,50768,50768,0
11,CS11->US19,51088,51088,0
11,CS11->US27,50829,50829,0
11,CS11->US35,41297,41297,0
11,CS11->US43,51220,51220,0
11,CS11->US51,51421,51421,0
11,CS11->US59,51072,51072,0
11,CS11->US67,41462,41462,0
11,CS11->US75,50874,50874,0
11,CS11->US83,57897,57897,0
11,CS11->US91,50987,50987,0
11,CS11->US99,50767,50767,0
11,CS11->US107,51334,51334,0
11,CS11->US115,57669,57669,0
11,CS11->US123,54013,54013,0
11,CS12->US4,51970,51970,0
11,CS12->US12,50711,50711,0
11,CS12->US20,50827,50827,0
11,CS12->US28,51211,51211,0
11,CS12->US36,41201,41201,0
11,CS12->US44,51118,51118,0
11,CS12->US52,51331,51331,0
11,CS12->US60,50932,50932,0
11,CS12->US68,41713,41713,0
11,CS12->US76,51286,51286,0
11,CS12->US84,57521,57521,0
11,CS12->US92,51006,51006,0
11,CS12->US100,50686,50686,0
11,CS12->US108,51059,51059,0
11,CS12->US116,57738,57738,0
11,CS12->US124,54617,54617,0
11,CS13->US5,51608,51608,0
11,CS13->US13,50391,50391,0
11,CS13->US21,50946,50946,0
11,CS13->US29,51339,51339,0
11,CS13->US37,41210,41210,0
11,CS13->US45,51024,51024,0
11,CS13->US53,51477,51477,0
11,CS13->US61,50997,50997,0
11,CS13->US69,41918,41917,0
11,CS13->US77,51091,51091,0
11,CS13->US85,57813,57813,0
11,CS13->US93,50776,50776,0
11,CS13->US101,50876,50876,0
11,CS13->US109,51093,51093,0
11,CS13->US117,57957,57957,0
11,CS13->US125,53940,53940,0
11,CS14->US6,51349,51349,0
11,CS14->US14,50556,50556,0
11,CS14->US22,51230,51230,0
11,CS14->US30,51112,51112,0
11,CS14->US38,41214,41212,0
11,CS14->US46,51260,51260,0
11,CS14->US54,51622,51622,0
11,CS14->US62,50511,50511,0
11,CS14->US70,41570,41569,0
11,CS14->US78,50834,50834,0
11,CS14->US86,57560,57560,0
11,CS14->US94,50723,50723,0
11,CS14->US102,50747,50747,0
11,CS14->US110,51210,51210,0
11,CS14->US118,57179,57179,0
11,CS14->US126,54165,54165,0
11,CS15->US7,51723,51723,0
11,CS15->US15,50565,50565,0
11,CS15->US23,50616,50616,0
11,CS15->US31,50912,50912,0
11,CS15->US39,41293,41293,0
11,CS15->US47,51212,51212,0
11,CS15->US55,51088,51088,0
11,CS15->US63,51518,51518,0
11,CS15->US71,41679,41679,0
11,CS15->US79,50984,50984,0
11,CS15->US87,57812,57812,0
11,CS15->US95,51303,51303,0
11,CS15->US103,50877,50877,0
11,CS15->US111,51142,51142,0
11,CS15->US119,57808,57808,0
11,CS15->US127,54342,54342,0
11,CS16->US0,51993,51993,0
11,CS16->US8,50657,50657,0
11,CS16->US16,50648,50648,0
11,CS16->US24,51287,51287,0
11,CS16->US32,41260,41260,0
11,CS16->US40,51662,51662,0
11,CS16->US48,51567,51567,0
11,CS16->US56,51341,51341,0
11,CS16->US64,41744,41744,0
11,CS16->US72,50751,50751,0
11,CS16->US80,57346,57346,0
11,CS16->US88,51035,51035,0
11,CS16->US96,50899,50899,0
11,CS16->US104,51091,51091,0
11,CS16->US112,57681,57681,0
11,CS16->US120,54273,54273,0
11,CS17->US1,51988,51988,0
11,CS17->US9,50230,50230,0
11,CS17->US17,50944,50944,0
11,CS17->US25,51340,51340,0
11,CS17->US33,40932,40932,0
11,CS17->US41,51044,51044,0
11,CS17->US49,51182,51182,0
11,CS17->US57,51030,51030,0
11,CS17->US65,42078,42078,0
11,CS17->US73,51127,51127,0
11,CS17->US81,57482,57482,0
11,CS17->US89,51440,51440,0
11,CS17->US97,51054,51054,0
11,CS17->US105,50820,50820,0
11,CS17->US113,57724,57724,0
11,CS17->US121,53900,53900,0
11,CS18->US2,51801,51801,0
11,CS18->US10,50736,50736,0
11,CS18->US18,50787,50787,0
11,CS18->US26,51021,51021,0
11,CS18->US34,41075,41075,0
11,CS18->US42,51085,51085,0
11,CS18->US50,51150,51150,0
11,CS18->US58,50864,50864,0
11,CS18->US66,41662,41662,0
11,CS18->US74,50923,50923,0
11,CS18->US82,57690,57690,0
11,CS18->US90,51264,51264,0
11,CS18->US98,50803,50803,0
11,CS18->US106,51247,51247,0
11,CS18->US114,57612,57612,0
11,CS18->US122,54282,54282,0
11,CS19->US3,51354,51354,0
11,CS19->US11,50631,50631,0
11,CS19->US19,50577,50577,0
11,CS19->US27,51266,51266,0
11,CS19->US35,41346,41344,0
11,CS19->US43,51448,51448,0
11,CS19->US51,51533,51533,0
11,CS19->US59,51018,51018,0
11,CS19->US67,41958,41958,0
11,CS19->US75,51242,51242,0
11,CS19->US83,57653,57653,0
11,CS19->US91,50722,50722,0
11,CS19->US99,50537,50537,0
11,CS19->US107,51220,51220,0
11,CS19->US115,57445,57445,0
11,CS19->US123,54236,54236,0
11,CS20->US4,51408,51408,0
11,CS20->US12,50669,50669,0
11,CS20->US20,50507,50507,0
11,CS20->US28,51112,51112,0
11,CS20->US36,41331,41329,0
11,CS20->US44,51316,51316,0
11,CS20->US52,51350,51350,0
11,CS20->US60,50930,50930,0
11,CS20->US68,41741,41741,0
11,CS20->US76,50847,50847,0
11,CS20->US84,57401,57401,0
11,CS20->US92,50614,50614,0
11,CS20->US100,50806,50806,0
11,CS20->US108,50928,50928,0
11,CS20->US116,57460,57460,0
11,CS20->US124,54094,54094,0
11,CS21->US5,51627,51627,0
11,CS21->US13,50649,50649,0
11,CS21->US21,50833,50833,0
11,CS21->US29,50834,50834,0
11,CS21->US37,41118,41118,0
11,CS21->US45,51515,51515,0
11,CS21->US53,51447,51447,0
11,CS21->US61,51139,51139,0
11,CS21->US69,41307,41307,0
11,CS21->US77,50868,50868,0
11,CS21->US85,57104,57104,0
11,CS21->US93,51186,51186,0
11,CS21->US101,50904,50904,0
11,CS21->US109,50645,50645,0
11,CS21->US117,57546,57546,0
11,CS21->US125,54081,54081,0
11,CS22->US6,51518,51518,0
11,CS22->US14,50635,50635,0
11,CS22->US22,50320,50320,0
11,CS22->US30,51450,51450,0
11,CS22->US38,41181,41181,0
11,CS22->US46,51134,51134,0
11,CS22->US54,51408,51408,0
11,CS22->US62,50679,50679,0
11,CS22->US70,41930,41930,0
11,CS22->US78,51355,51355,0
11,CS22->US86,57293,57293,0
11,CS22->US94,51013,51013,0
11,CS22->US102,50745,50745,0
11,CS22->US110,51065,51065,0
11,CS22->US118,57640,57640,0
11,CS22->US126,54331,54331,0
11,CS23->US7,51446,51446,0
11,CS23->US15,50488,50488,0
11,CS23->US23,50912,50912,0
11,CS23->US31,51473,51473,0
11,CS23->US39,40884,40884,0
11,CS23->US47,51021,51021,0
11,CS23->US55,51741,51741,0
11,CS23->US63,50405,50405,0
11,CS23->US71,42040,42039,0
11,CS23->US79,50546,50546,0
11,CS23->US87,57551,57551,0
11,CS23->US95,51096,51096,0
11,CS23->US103,50690,50690,0
11,CS23->US111,50987,50987,0
11,CS23->US119,57737,57737,0
11,CS23->US127,53838,53838,0
11,CS24->US0,51502,51502,0
11,CS24->US8,50666,50666,0
11,CS24->US16,50598,50598,0
11,CS24->US24,51289,51289,0
11,CS24->US32,41534,41534,0
11,CS24->US40,51456,51456,0
11,CS24->US48,51725,51725,0
11,CS24->US56,50908,50908,0
11,CS24->US64,41613,41613,0
11,CS24->US72,51099,51099,0
11,CS24->US80,57370,57370,0
11,CS24->US88,50377,50377,0
11,CS24->US96,50799,50799,0
11,CS24->US104,51422,51422,0
11,CS24->US112,57565,57565,0
11,CS24->US120,54102,54102,0
11,CS25->US1,51310,51310,0
11,CS25->US9,50340,50340,0
11,CS25->US17,50428,50428,0
11,CS25->US25,51794,51794,0
11,CS25->US33,41142,41142,0
11,CS25->US41,51737,51737,0
11,CS25->US49,51413,51413,0
11,CS25->US57,50749,50749,0
11,CS25->US65,42085,42084,0
11,CS25->US73,51227,51227,0
11,CS25->US81,57292,57292,0
11,CS25->US89,50530,50530,0
11,CS25->US97,50664,50664,0
11,CS25->US105,50888,50888,0
11,CS25->US113,57221,57221,0
11,CS25->US121,54119,54119,0
11,CS26->US2,51231,51231,0
11,CS26->US10,50681,50681,0
11,CS26->US18,50535,50535,0
11,CS26->US26,50879,50879,0
11,CS26->US34,41377,41377,0
11,CS26->US42,51396,51396,0
11,CS26->US50,51797,51797,0
11,CS26->US58,51018,51018,0
11,CS26->US66,42043,42042,0
11,CS26->US74,50941,50941,0
11,CS26->US82,57887,57887,0
11,CS26->US90,51112,51112,0
11,CS26->US98,50603,50603,0
11,CS26->US106,50873,50873,0
11,CS26->US114,57606,57606,0
11,CS26->US122,54463,54463,0
11,CS27->US3,51828,51828,0
11,CS27->US11,50666,50666,0
11,CS27->US19,50458,50458,0
11,CS27->US27,51196,51196,0
11,CS27->US35,40986,40985,0
11,CS27->US43,51486,51486,0
11,CS27->US51,51502,51502,0
11,CS27->US59,50982,50982,0
11,CS27->US67,41753,41753,0
11,CS27->US75,50739,50739,0
11,CS27->US83,57429,57429,0
11,CS27->US91,50909,50909,0
11,CS27->US99,50674,50674,0
11,CS27->US107,50798,50798,0
11,CS27->US115,57589,57589,0
11,CS27->US123,54440,54440,0
11,CS28->US4,51682,51682,0
11,CS28->US12,50838,50838,0
11,CS28->US20,50624,50624,0
11,CS28->US28,50615,50615,0
11,CS28->US36,41331,41331,0
11,CS28->US44,51515,51515,0
11,CS28->US52,51715,51715,0
11,CS28->US60,51064,51064,0
11,CS28->US68,41549,41548,0
11,CS28->US76,50890,50890,0
11,CS28->US84,57366,57366,0
11,CS28->US92,51062,51062,0
11,CS28->US100,50567,50567,0
11,CS28->US108,50595,50595,0
11,CS28->US116,57615,57615,0
11,CS28->US124,54604,54604,0
11,CS29->US5,51616,51616,0
11,CS29->US13,50439,50439,0
11,CS29->US21,50522,50522,0
11,CS29->US29,50949,50949,0
11,CS29->US37,41237,41237,0
11,CS29->US45,51203,51203,0
11,CS29->US53,51391,51391,0
11,CS29->US61,50942,50942,0
11,CS29->US69,42081,42081,0
11,CS29->US77,50887,50887,0
11,CS29->US85,57143,57143,0
11,CS29->US93,50618,50618,0
11,CS29->US101,50732,50732,0
11,CS29->US109,51000,51000,0
11,CS29->US117,57534,57534,0
11,CS29->US125,54538,54538,0
11,CS30->US6,51370,51370,0
11,CS30->US14,50694,50694,0
11,CS30->US22,50484,50484,0
11,CS30->US30,51111,51111,0
11,CS30->US38,41019,41019,0
11,CS30->US46,51283,51283,0
11,CS30->US54,51510,51510,0
11,CS30->US62,50923,50923,0
11,CS30->US70,41679,41679,0
11,CS30->US78,50953,50953,0
11,CS30->US86,57265,57265,0
11,CS30->US94,51162,51162,0
11,CS30->US102,50490,50490,0
11,CS30->US110,50524,50524,0
11,CS30->US118,57317,57317,0
11,CS30->US126,54074,54074,0
11,CS31->US7,51312,51312,0
11,CS31->US15,50688,50688,0
11,CS31->US23,50724,50724,0
11,CS31->US31,51564,51564,0
11,CS31->US39,41219,41215,0
11,CS31->US47,51291,51291,0
11,CS31->US55,51392,51392,0
11,CS31->US63,50946,50946,0
11,CS31->US71,41952,41952,0
11,CS31->US79,50549,50549,0
11,CS31->US87,57633,57633,0
11,CS31->US95,50980,50980,0
11,CS31->US103,50798,50798,0
11,CS31->US111,50808,50808,0
11,CS31->US119,57154,57154,0
11,CS31->US127,54169,54169,0
11,CS32->US0,50999,50999,0
11,CS32->US8,50539,50539,0
11,CS32->US16,50490,50490,0
11,CS32->US24,51333,51333,0
11,CS32->US32,40884,40884,0
11,CS32->US40,51491,51491,0
11,CS32->US48,51380,51380,0
11,CS32->US56,50982,50982,0
11,CS32->US64,41889,41888,0
11,CS32->US72,51237,51237,0
11,CS32->US80,57383,57383,0
11,CS32->US88,51306,51306,0
11,CS32->US96,50512,50512,0
11,CS32->US104,51124,51124,0
11,CS32->US112,57581,57581,0
11,CS32->US120,54245,54245,0
11,CS33->US1,51317,51317,0
11,CS33->US9,50310,50310,0
11,CS33->US17,50663,50663,0
11,CS33->US25,51020,51020,0
11,CS33->US33,40996,40995,0
11,CS33->US41,50973,50973,0
11,CS33->US49,51324,51324,0
11,CS33->US57,51169,51169,0
11,CS33->US65,41474,41473,0
11,CS33->US73,51102,51102,0
11,CS33->US81,57257,57257,0
11,CS33->US89,51028,51028,0
11,CS33->US97,50562,50562,0
11,CS33->US105,50502,50502,0
11,CS33->US113,57520,57520,0
11,CS33->US121,54084,54084,0
11,CS34->US2,51338,51338,0
11,CS34->US10,50579,50579,0
11,CS34->US18,50725,50725,0
11,CS34->US26,50937,50937,0
11,CS34->US34,41373,41373,0
11,CS34->US42,51386,51386,0
11,CS34->US50,51741,51741,0
11,CS34->US58,50588,50588,0
11,CS34->US66,41675,41675,0
11,CS34->US74,50822,50822,0
11,CS34->US82,57604,57604,0
11,CS34->US90,50704,50704,0
11,CS34->US98,50591,50591,0
11,CS34->US106,50932,50932,0
11,CS34->US114,57408,57408,0
11,CS34->US122,54646,54646,0
11,CS35->US3,51192,51192,0
11,CS35->US11,50680,50680,0
11,CS35->US19,50422,50422,0
11,CS35->US27,51164,51164,0
11,CS35->US35,41031,41030,0
11,CS35->US43,51162,51162,0
11,CS35->US51,51613,51613,0
11,CS35->US59,50858,50858,0
11,CS35->US67,42025,42025,0
11,CS35->US75,51014,51014,0
11,CS35->US83,57674,57674,0
11,CS35->US91,51166,51166,0
11,CS35->US99,50203,50203,0
11,CS35->US107,50847,50847,0
11,CS35->US115,57619,57619,0
11,CS35->US123,54209,54209,0
11,CS36->US4,51594,51594,0
11,CS36->US12,50518,50518,0
11,CS36->US20,50893,50893,0
11,CS36->US28,50780,50780,0
11,CS36->US36,41352,41352,0
11,CS36->US44,51335,51335,0
11,CS36->US52,51399,51399,0
11,CS36->US60,51181,51181,0
11,CS36->US68,41610,41610,0
11,CS36->US76,50725,50725,0
11,CS36->US84,57332,57332,0
11,CS36->US92,51125,51125,0
11,CS36->US100,50873,50873,0
11,CS36->US108,50962,50962,0
11,CS36->US116,57276,57276,0
11,CS36->US124,54789,54789,0
11,CS37->US5,51583,51583,0
11,CS37->US13,50286,50286,0
11,CS37->US21,51012,51012,0
11,CS37->US29,50953,50953,0
11,CS37->US37,41055,41055,0
11,CS37->US45,51145,51145,0
11,CS37->US53,51519,51519,0
11,CS37->US61,50664,50664,0
11,CS37->US69,41422,41422,0
11,CS37->US77,51133,51133,0
11,CS37->US85,57134,57134,0
11,CS37->US93,50878,50878,0
11,CS37->US101,50657,50657,0
11,CS37->US109,50961,50961,0
11,CS37->US117,57850,57850,0
11,CS37->US125,54006,54006,0
11,CS38->US6,51632,51632,0
11,CS38->US14,50293,50293,0
11,CS38->US22,51191,51191,0
11,CS38->US30,50596,50596,0
11,CS38->US38,41614,41614,0
11,CS38->US46,51506,51506,0
11,CS38->US54,51435,51435,0
11,CS38->US62,50922,50922,0
11,CS38->US70,41505,41505,0
11,CS38->US78,51015,51015,0
11,CS38->US86,57604,57604,0
11,CS38->US94,50999,50999,0
11,CS38->US102,50722,50722,0
11,CS38->US110,50971,50971,0
11,CS38->US118,57969,57969,0
11,CS38->US126,53949,53949,0
11,CS39->US7,51450,51450,0
11,CS39->US15,50579,50579,0
11,CS39->US23,50880,50880,0
11,CS39->US31,50824,50824,0
11,CS39->US39,41281,41281,0
11,CS39->US47,51528,51528,0
11,CS39->US55,51452,51452,0
11,CS39->US63,50591,50591,0
11,CS39->US71,41966,41966,0
11,CS39->US79,50960,50960,0
11,CS39->US87,57678,57678,0
11,CS39->US95,51269,51269,0
11,CS39->US103,50874,50874,0
11,CS39->US111,50730,50730,0
11,CS39->US119,57923,57923,0
11,CS39->US127,54147,54147,0
11,CS40->US0,51185,51185,0
11,CS40->US8,50632,50632,0
11,CS40->US16,50235,50235,0
11,CS40->US24,51195,51195,0
11,CS40->US32,41614,41614,0
11,CS40->US40,51278,51278,0
11,CS40->US48,51492,51492,0
11,CS40->US56,50682,50682,0
11,CS40->US64,41794,41793,0
11,CS40->US72,51066,51066,0
11,CS40->US80,57671,57671,0
11,CS40->US88,50421,50421,0
11,CS40->US96,50679,50679,0
11,CS40->US104,50839,50839,0
11,CS40->US112,57545,57545,0
11,CS40->US120,54274,54274,0
11,CS41->US1,51492,51492,0
11,CS41->US9,50474,50474,0
11,CS41->US17,50759,50759,0
11,CS41->US25,51355,51355,0
11,CS41->US33,41595,41593,0
11,CS41->US41,51274,51274,0
11,CS41->US49,51314,51314,0
11,CS41->US57,51145,51145,0
11,CS41->US65,41851,41851,0
11,CS41->US73,50648,50648,0
11,CS41->US81,57348,57348,0
11,CS41->US89,50542,50542,0
11,CS41->US97,51123,51123,0
11,CS41->US105,50897,50897,0
11,CS41->US113,57323,57323,0
11,CS41->US121,54310,54310,0
11,CS42->US2,51330,51330,0
11,CS42->US10,50618,50618,0
11,CS42->US18,51020,51020,0
11,CS42->US26,51309,51309,0
11,CS42->US34,41291,41290,0
11,CS42->US42,51367,51367,0
11,CS42->US50,51390,51390,0
11,CS42->US58,50810,50810,0
11,CS42->US66,41857,41857,0
11,CS42->US74,51253,51253,0
11,CS42->US82,57639,57639,0
11,CS42->US90,51204,51204,0
11,CS42->US98,50794,50794,0
11,CS42->US106,51008,51008,0
11,CS42->US114,57418,57418,0
11,CS42->US122,54207,54207,0
11,CS43->US3,51143,51143,0
11,CS43->US11,50459,50459,0
11,CS43->US19,50823,50823,0
11,CS43->US27,50830,50830,0
11,CS43->US35,41264,41264,0
11,CS43->US43,51189,51189,0
11,CS43->US51,51607,51607,0
11,CS43->US59,50578,50578,0
11,CS43->US67,42021,42021,0
11,CS43->US75,51199,51199,0
11,CS43->US83,57196,57196,0
11,CS43->US91,50594,50594,0
11,CS43->US99,51198,51198,0
11,CS43->US107,51247,51247,0
11,CS43->US115,57676,57676,0
11,CS43->US123,54223,54223,0
11,CS44->US4,51240,51240,0
11,CS44->US12,50426,50426,0
11,CS44->US20,50392,50392,0
11,CS44->US28,51138,51138,0
11,CS44->US36,40843,40843,0
11,CS44->US44,51593,51593,0
11,CS44->US52,51027,51027,0
11,CS44->US60,51216,51216,0
11,CS44->US68,41855,41855,0
11,CS44->US76,51150,51150,0
11,CS44->US84,57494,57494,0
11,CS44->US92,50806,50806,0
11,CS44->US100,50656,50656,0
11,CS44->US108,50869,50869,0
11,CS44->US116,57341,57341,0
11,CS44->US124,54617,54617,0
11,CS45->US5,51726,51726,0
11,CS45->US13,50383,50383,0
11,CS45->US21,50811,50811,0
11,CS45->US29,51619,51619,0
11,CS45->US37,41142,41141,0
11,CS45->US45,51344,51344,0
11,CS45->US53,51315,51315,0
11,CS45->US61,50814,50814,0
11,CS45->US69,41939,41939,0
11,CS45->US77,50934,50934,0
11,CS45->US85,57622,57622,0
11,CS45->US93,50538,50538,0
11,CS45->US101,50879,50879,0
11,CS45->US109,51121,51121,0
11,CS45->US117,57135,57135,0
11,CS45->US125,54195,54195,0
11,CS46->US6,51617,51617,0
11,CS46->US14,50618,50618,0
11,CS46->US22,50889,50889,0
11,CS46->US30,51542,51542,0
11,CS46->US38,40839,40838,0
11,CS46->US46,51163,51163,0
11,CS46->US54,51751,51751,0
11,CS46->US62,50896,50896,0
11,CS46->US70,41889,41889,0
11,CS46->US78,50794,50794,0
11,CS46->US86,57407,57407,0
11,CS46->US94,51197,51197,0
11,CS46->US102,50643,50643,0
11,CS46->US110,50673,50673,0
11,CS46->US118,57794,57794,0
11,CS46->US126,54435,54435,0
11,CS47->US7,51270,51270,0
11,CS47->US15,50320,50320,0
11,CS47->US23,50685,50685,0
11,CS47->US31,50826,50826,0
11,CS47->US39,41143,41142,0
11,CS47->US47,51470,51470,0
11,CS47->US55,51306,51306,0
11,CS47->US63,51260,51260,0
11,CS47->US71,41831,41831,0
11,CS47->US79,51052,51052,0
11,CS47->US87,57179,57179,0
11,CS47->US95,50851,50851,0
11,CS47->US103,50643,50643,0
11,CS47->US111,50396,50396,0
11,CS47->US119,57695,57695,0
11,CS47->US127,54524,54524,0
11,CS48->US0,51223,51223,0
11,CS48->US8,50504,50504,0
11,CS48->US16,50681,50681,0
11,CS48->US24,50739,50739,0
11,CS48->US32,40871,40869,0
11,CS48->US40,51193,51193,0
11,CS48->US48,51386,51386,0
11,CS48->US56,51234,51234,0
11,CS48->US64,42013,42013,0
11,CS48->US72,50935,50935,0
11,CS48->US80,57952,57952,0
11,CS48->US88,50750,50750,0
11,CS48->US96,50908,50908,0
11,CS48->US104,51065,51065,0
11,CS48->US112,57933,57933,0
11,CS48->US120,54490,54490,0
11,CS49->US1,51729,51729,0
11,CS49->US9,50456,50456,0
11,CS49->US17,51003,51003,0
11,CS49->US25,51025,51025,0
11,CS49->US33,41159,41158,0
11,CS49->US41,51354,51354,0
11,CS49->US49,51526,51526,0
11,CS49->US57,51012,51012,0
11,CS49->US65,41903,41903,0
11,CS49->US73,50745,50745,0
11,CS49->US81,57822,57822,0
11,CS49->US89,51029,51029,0
11,CS49->US97,50919,50919,0
11,CS49->US105,50904,50904,0
11,CS49->US113,57732,57732,0
11,CS49->US121,54065,54065,0
11,CS50->US2,51474,51474,0
11,CS50->US10,50728,50728,0
11,CS50->US18,50408,50408,0
11,CS50->US26,50922,50922,0
11,CS50->US34,41212,41212,0
11,CS50->US42,51526,51526,0
11,CS50->US50,51422,51422,0
11,CS50->US58,50651,50651,0
11,CS50->US66,41788,41787,0
11,CS50->US74,51208,51208,0
11,CS50->US82,57579,57579,0
11,CS50->US90,50694,50694,0
11,CS50->US98,50794,50794,0
11,CS50->US106,50628,50628,0
11,CS50->US114,57655,57655,0
11,CS50->US122,54060,54060,0
11,CS51->US3,51445,51445,0
11,CS51->US11,50605,50605,0
11,CS51->US19,51147,51147,0
11,CS51->US27,51258,51258,0
11,CS51->US35,41067,41066,0
11,CS51->US43,51458,51458,0
11,CS51->US51,51272,51272,0
11,CS51->US59,51077,51077,0
11,CS51->US67,41858,41857,0
11,CS51->US75,50931,50931,0
11,CS51->US83,57832,57832,0
11,CS51->US91,51272,51272,0
11,CS51->US99,50762,50762,0
11,CS51->US107,50678,50678,0
11,CS51->US115,57497,57497,0
11,CS51->US123,54254,54254,0
11,CS52->US4,51216,51216,0
11,CS52->US12,50303,50303,0
11,CS52->US20,50500,50500,0
11,CS52->US28,51480,51480,0
11,CS52->US36,40827,40825,0
11,CS52->US44,51215,51215,0
11,CS52->US52,51728,51728,0
11,CS52->US60,50836,50836,0
11,CS52->US68,41718,41718,0
11,CS52->US76,50953,50953,0
11,CS52->US84,57729,57729,0
11,CS52->US92,50578,50578,0
11,CS52->US100,50635,50635,0
11,CS52->US108,50980,50980,0
11,CS52->US116,57285,57285,0
11,CS52->US124,54181,54181,0
11,CS53->US5,51563,51563,0
11,CS53->US13,50438,50438,0
11,CS53->US21,50516,50516,0
11,CS53->US29,51033,51033,0
11,CS53->US37,40952,40952,0
11,CS53->US45,51107,51107,0
11,CS53->US53,51378,51378,0
11,CS53->US61,50701,50701,0
11,CS53->US69,41837,41837,0
11,CS53->US77,51103,51103,0
11,CS53->US85,57244,57244,0
11,CS53->US93,50760,50760,0
11,CS53->US101,50724,50724,0
11,CS53->US109,50921,50921,0
11,CS53->US117,57782,57782,0
11,CS53->US125,54666,54666,0
11,CS54->US6,51315,51315,0
11,CS54->US14,50300,50300,0
11,CS54->US22,50774,50774,0
11,CS54->US30,50913,50913,0
11,CS54->US38,41493,41493,0
11,CS54->US46,51557,51557,0
11,CS54->US54,51473,51473,0
11,CS54->US62,51217,51217,0
11,CS54->US70,41732,41732,0
11,CS54->US78,51126,51126,0
11,CS54->US86,57496,57496,0
11,CS54->US94,50862,50862,0
11,CS54->US102,50774,50774,0
11,CS54->US110,50741,50741,0
11,CS54->US118,57472,57472,0
11,CS54->US126,53474,53474,0
11,CS55->US7,50989,50989,0
11,CS55->US15,50568,50568,0
11,CS55->US23,50617,50617,0
11,CS55->US31,50941,50941,0
11,CS55->US39,41425,41424,0
11,CS55->US47,51120,51120,0
11,CS55->US55,51422,51422,0
11,CS55->US63,50673,50673,0
11,CS55->US71,41691,41691,0
11,CS55->US79,50521,50521,0
11,CS55->US87,57161,57161,0
11,CS55->US95,51241,51241,0
11,CS55->US103,50779,50779,0
11,CS55->US111,50923,50923,0
11,CS55->US119,57880,57880,0
11,CS55->US127,54480,54480,0
11,CS56->US0,51408,51408,0
11,CS56->US8,50696,50696,0
11,CS56->US16,50436,50436,0
11,CS56->US24,51286,51286,0
11,CS56->US32,41182,41182,0
11,CS56->US40,51048,51048,0
11,CS56->US48,51861,51861,0
11,CS56->US56,51089,51089,0
11,CS56->US64,41887,41886,0
11,CS56->US72,50811,50811,0
11,CS56->US80,57741,57741,0
11,CS56->US88,50722,50722,0
11,CS56->US96,50832,50832,0
11,CS56->US104,50581,50581,0
11,CS56->US112,57798,57798,0
11,CS56->US120,54383,54383,0
11,CS57->US1,51784,51784,0
11,CS57->US9,50794,50794,0
11,CS57->US17,50420,50420,0
11,CS57->US25,50832,50832,0
11,CS57->US33,41019,41019,0
11,CS57->US41,51310,51310,0
11,CS57->US49,51560,51560,0
11,CS57->US57,50536,50536,0
11,CS57->US65,41894,41893,0
11,CS57->US73,50718,50718,0
11,CS57->US81,57568,57568,0
11,CS57->US89,51314,51314,0
11,CS57->US97,50849,50849,0
11,CS57->US105,50953,50953,0
11,CS57->US113,57598,57598,0
11,CS57->US121,54527,54527,0
11,CS58->US2,51237,51237,0
11,CS58->US10,50524,50524,0
11,CS58->US18,50825,50825,0
11,CS58->US26,50812,50812,0
11,CS58->US34,40888,40887,0
11,CS58->US42,51337,51337,0
11,CS58->US50,51294,51294,0
11,CS58->US58,50810,50810,0
11,CS58->US66,41622,41620,0
11,CS58->US74,51287,51287,0
11,CS58->US82,57486,57486,0
11,CS58->US90,50604,50604,0
11,CS58->US98,50987,50987,0
11,CS58->US106,50278,50278,0
11,CS58->US114,57548,57548,0
11,CS58->US122,54740,54740,0
11,CS59->US3,51706,51706,0
11,CS59->US11,50797,50797,0
11,CS59->US19,50731,50731,0
11,CS59->US27,51240,51240,0
11,CS59->US35,41269,41269,0
11,CS59->US43,51222,51222,0
11,CS59->US51,51428,51428,0
11,CS59->US59,50876,50876,0
11,CS59->US67,41583,41583,0
11,CS59->US75,51189,51189,0
11,CS59->US83,57443,57443,0
11,CS59->US91,50819,50819,0
11,CS59->US99,50686,50686,0
11,CS59->US107,50490,50490,0
11,CS59->US115,57236,57236,0
11,CS59->US123,54315,54315,0
11,CS60->US4,51777,51777,0
11,CS60->US12,50659,50659,0
11,CS60->US20,50636,50636,0
11,CS60->US28,51058,51058,0
11,CS60->US36,41133,41133,0
11,CS60->US44,51331,51331,0
11,CS60->US52,51404,51404,0
11,CS60->US60,50765,50765,0
11,CS60->US68,41416,41415,0
11,CS60->US76,51332,51332,0
11,CS60->US84,57554,57554,0
11,CS60->US92,50965,50965,0
11,CS60->US100,50465,50465,0
11,CS60->US108,51030,51030,0
11,CS60->US116,57543,57543,0
11,CS60->US124,54282,54282,0
11,CS61->US5,51483,51483,0
11,CS61->US13,50317,50317,0
11,CS61->US21,50991,50991,0
11,CS61->US29,51434,51434,0
11,CS61->US37,40795,40794,0
11,CS61->US45,51079,51079,0
11,CS61->US53,51598,51598,0
11,CS61->US61,51216,51216,0
11,CS61->US69,41871,41869,0
11,CS61->US77,51270,51270,0
11,CS61->US85,57418,57418,0
11,CS61->US93,50973,50973,0
11,CS61->US101,50839,50839,0
11,CS61->US109,50699,50699,0
11,CS61->US117,57506,57506,0
11,CS61->US125,54399,54399,0
11,CS62->US6,51690,51690,0
11,CS62->US14,50588,50588,0
11,CS62->US22,50528,50528,0
11,CS62->US30,50892,50892,0
11,CS62->US38,41302,41301,0
11,CS62->US46,51055,51055,0
11,CS62->US54,51572,51572,0
11,CS62->US62,50838,50838,0
11,CS62->US70,41439,41438,0
11,CS62->US78,51125,51125,0
11,CS62->US86,57130,57130,0
11,CS62->US94,50874,50874,0
11,CS62->US102,50938,50938,0
11,CS62->US110,51081,51081,0
11,CS62->US118,57437,57437,0
11,CS62->US126,53844,53844,0
11,CS63->US7,51521,51521,0
11,CS63->US15,50464,50464,0
11,CS63->US23,50791,50791,0
11,CS63->US31,51189,51189,0
11,CS63->US39,40985,40985,0
11,CS63->US47,51196,51196,0
11,CS63->US55,51498,51498,0
11,CS63->US63,51213,51213,0
11,CS63->US71,42097,42095,0
11,CS63->US79,51068,51068,0
11,CS63->US87,57753,57753,0
11,CS63->US95,50651,50651,0
11,CS63->US103,51049,51049,0
11,CS63->US111,50993,50993,0
11,CS63->US119,57573,57573,0
11,CS63->US127,54361,54361,0
12,US0->CS0,51625,51625,0
12,US0->CS8,52046,52046,0
12,US0->CS16,51809,51809,0
12,US0->CS24,51991,51991,0
12,US0->CS32,51674,51674,0
12,US0->CS40,51793,51793,0
12,US0->CS48,51655,51655,0
12,US0->CS56,52135,52135,0
12,US1->CS1,51893,51893,0
12,US1->CS9,51869,51869,0
12,US1->CS17,51396,51396,0
12,US1->CS25,51686,51686,0
12,US1->CS33,51598,51598,0
12,US1->CS41,51608,51608,0
12,US1->CS49,51842,51842,0
12,US1->CS57,51825,51825,0
12,US2->CS2,51525,51525,0
12,US2->CS10,51786,51786,0
12,US2->CS18,51409,51409,0
12,US2->CS26,52113,52113,0
12,US2->CS34,52051,52051,0
12,US2->CS42,51632,51632,0
12,US2->CS50,51677,51677,0
12,US2->CS58,51579,51579,0
12,US3->CS3,51726,51726,0
12,US3->CS11,51684,51684,0
12,US3->CS19,51768,51768,0
12,US3->CS27,51772,51772,0
12,US3->CS35,51895,51895,0
12,US3->CS43,51858,51858,0
12,US3->CS51,51609,51609,0
12,US3->CS59,51675,51675,0
12,US4->CS4,51865,51865,0
12,US4->CS12,51641,51641,0
12,US4->CS20,51632,51632,0
12,US4->CS28,51983,51983,0
12,US4->CS36,51688,51688,0
12,US4->CS44,51313,51313,0
12,US4->CS52,52007,52007,0
12,US4->CS60,51690,51690,0
12,US5->CS5,51897,51897,0
12,US5->CS13,51748,51748,0
12,US5->CS21,51799,51799,0
12,US5->CS29,51691,51691,0
12,US5->CS37,51737,51737,0
12,US5->CS45,51525,51525,0
12,US5->CS53,51711,51711,0
12,US5->CS61,51866,51866,0
12,US6->CS6,51710,51710,0
12,US6->CS14,51901,51901,0
12,US6->CS22,51678,51678,0
12,US6->CS30,51778,51778,0
12,US6->CS38,51743,51743,0
12,US6->CS46,52066,52066,0
12,US6->CS54,51752,51752,0
12,US6->CS62,51815,51815,0
12,US7->CS7,51961,51961,0
12,US7->CS15,51414,51414,0
12,US7->CS23,51991,51991,0
12,US7->CS31,51684,51684,0
12,US7->CS39,51753,51753,0
12,US7->CS47,51593,51593,0
12,US7->CS55,51714,51714,0
12,US7->CS63,51781,51781,0
12,US8->CS0,57438,57438,0
12,US8->CS8,57588,57588,0
12,US8->CS16,57371,57371,0
12,US8->CS24,57363,57363,0
12,US8->CS32,57390,57390,0
12,US8->CS40,57715,57715,0
12,US8->CS48,57911,57911,0
12,US8->CS56,57776,57776,0
12,US9->CS1,57654,57654,0
12,US9->CS9,57581,57581,0
12,US9->CS17,57532,57532,0
12,US9->CS25,57343,57343,0
12,US9->CS33,57278,57278,0
12,US9->CS41,57394,57394,0
12,US9->CS49,57773,57773,0
12,US9->CS57,57604,57604,0
12,US10->CS2,57504,57504,0
12,US10->CS10,57303,57303,0
12,US10->CS18,57702,57702,0
12,US10->CS26,57941,57941,0
12,US10->CS34,57589,57589,0
12,US10->CS42,57596,57596,0
12,US10->CS50,57554,57554,0
12,US10->CS58,57432,57432,0
12,US11->CS3,57095,57095,0
12,US11->CS11,57988,57988,0
12,US11->CS19,57703,57703,0
12,US11->CS27,57492,57492,0
12,US11->CS35,57663,57663,0
12,US11->CS43,57215,57215,0
12,US11->CS51,57782,57782,0
12,US11->CS59,57486,57486,0
12,US12->CS4,57782,57782,0
12,US12->CS12,57574,57574,0
12,US12->CS20,57455,57455,0
12,US12->CS28,57406,57406,0
12,US12->CS36,57445,57445,0
12,US12->CS44,57476,57476,0
12,US12->CS52,57727,57727,0
12,US12->CS60,57594,57594,0
12,US13->CS5,57249,57249,0
12,US13->CS13,57831,57831,0
12,US13->CS21,57205,57205,0
12,US13->CS29,57171,57171,0
12,US13->CS37,57236,57236,0
12,US13->CS45,57670,57670,0
12,US13->CS53,57248,57248,0
12,US13->CS61,57417,57417,0
12,US14->CS6,57331,57331,0
12,US14->CS14,57596,57596,0
12,US14->CS22,57276,57276,0
12,US14->CS30,57361,57361,0
12,US14->CS38,57708,57708,0
12,US14->CS46,57466,57466,0
12,US14->CS54,57551,57551,0
12,US14->CS62,57139,57139,0
12,US15->CS7,57252,57252,0
12,US15->CS15,57768,57768,0
12,US15->CS23,57586,57586,0
12,US15->CS31,57649,57649,0
12,US15->CS39,57717,57717,0
12,US15->CS47,57240,57240,0
12,US15->CS55,57176,57176,0
12,US15->CS63,57717,57717,0
12,US16->CS0,54432,54432,0
12,US16->CS8,54442,54442,0
12,US16->CS16,54349,54349,0
12,US16->CS24,54194,54194,0
12,US16->CS32,54320,54320,0
12,US16->CS40,54354,54354,0
12,US16->CS48,54576,54576,0
12,US16->CS56,54407,54407,0
12,US17->CS1,54362,54362,0
12,US17->CS9,54503,54503,0
12,US17->CS17,53948,53948,0
12,US17->CS25,54127,54127,0
12,US17->CS33,54137,54137,0
12,US17->CS41,54363,54363,0
12,US17->CS49,54111,54111,0
12,US17->CS57,54630,54630,0
12,US18->CS2,54118,54118,0
12,US18->CS10,54668,54668,0
12,US18->CS18,54290,54290,0
12,US18->CS26,54531,54531,0
12,US18->CS34,54704,54704,0
12,US18->CS42,54280,54280,0
12,US18->CS50,54206,54206,0
12,US18->CS58,54783,54783,0
12,US19->CS3,54430,54430,0
12,US19->CS11,54096,54096,0
12,US19->CS19,54323,54323,0
12,US19->CS27,54466,54466,0
12,US19->CS35,54292,54292,0
12,US19->CS43,54254,54254,0
12,US19->CS51,54369,54369,0
12,US19->CS59,54360,54360,0
12,US20->CS4,54305,54305,0
12,US20->CS12,54679,54679,0
12,US20->CS20,54233,54233,0
12,US20->CS28,54668,54668,0
12,US20->CS36,54843,54843,0
12,US20->CS44,54679,54679,0
12,US20->CS52,54292,54292,0
12,US20->CS60,54368,54368,0
12,US21->CS5,54334,54334,0
12,US21->CS13,53950,53950,0
12,US21->CS21,54171,54171,0
12,US21->CS29,54536,54536,0
12,US21->CS37,54113,54113,0
12,US21->CS45,54267,54267,0
12,US21->CS53,54678,54678,0
12,US21->CS61,54464,54464,0
12,US22->CS6,54848,54848,0
12,US22->CS14,54241,54241,0
12,US22->CS22,54343,54343,0
12,US22->CS30,54097,54097,0
12,US22->CS38,53973,53973,0
12,US22->CS46,54459,54459,0
12,US22->CS54,53599,53599,0
12,US22->CS62,53964,53964,0
12,US23->CS7,54390,54390,0
12,US23->CS15,54404,54404,0
12,US23->CS23,53904,53904,0
12,US23->CS31,54249,54249,0
12,US23->CS39,54261,54261,0
12,US23->CS47,54614,54614,0
12,US23->CS55,54552,54552,0
12,US23->CS63,54413,54413,0
12,US24->CS0,50919,50919,0
12,US24->CS8,50954,50954,0
12,US24->CS16,51198,51198,0
12,US24->CS24,50841,50841,0
12,US24->CS32,50885,50885,0
12,US24->CS40,50594,50594,0
12,US24->CS48,51103,51103,0
12,US24->CS56,51025,51025,0
12,US25->CS1,50503,50503,0
12,US25->CS9,51069,51069,0
12,US25->CS17,50957,50957,0
12,US25->CS25,50665,50665,0
12,US25->CS33,51102,51102,0
12,US25->CS41,51095,51095,0
12,US25->CS49,50982,50982,0
12,US25->CS57,50439,50439,0
12,US26->CS2,50965,50965,0
12,US26->CS10,51027,51027,0
12,US26->CS18,50812,50812,0
12,US26->CS26,50889,50889,0
12,US26->CS34,50528,50528,0
12,US26->CS42,50712,50712,0
12,US26->CS50,50561,50561,0
12,US26->CS58,50703,50703,0
12,US27->CS3,50778,50778,0
12,US27->CS11,51050,51050,0
12,US27->CS19,50908,50908,0
12,US27->CS27,50914,50914,0
12,US27->CS35,50781,50781,0
12,US27->CS43,50467,50467,0
12,US27->CS51,50958,50958,0
12,US27->CS59,50764,50764,0
12,US28->CS4,50640,50640,0
12,US28->CS12,50929,50929,0
12,US28->CS20,50874,50874,0
12,US28->CS28,51017,51017,0
12,US28->CS36,51116,51116,0
12,US28->CS44,51145,51145,0
12,US28->CS52,50732,50732,0
12,US28->CS60,50703,50703,0
12,US29->CS5,50661,50661,0
12,US29->CS13,50918,50918,0
12,US29->CS21,51082,51082,0
12,US29->CS29,50893,50893,0
12,US29->CS37,50580,50580,0
12,US29->CS45,50702,50702,0
12,US29->CS53,50643,50643,0
12,US29->CS61,51164,51164,0
12,US30->CS6,50973,50973,0
12,US30->CS14,50438,50438,0
12,US30->CS22,50591,50591,0
12,US30->CS30,50843,50843,0
12,US30->CS38,50836,50836,0
12,US30->CS46,50838,50838,0
12,US30->CS54,51112,51112,0
12,US30->CS62,50757,50757,0
12,US31->CS7,51092,51092,0
12,US31->CS15,51512,51512,0
12,US31->CS23,50364,50364,0
12,US31->CS31,50873,50873,0
12,US31->CS39,50527,50527,0
12,US31->CS47,51142,51142,0
12,US31->CS55,50558,50558,0
12,US31->CS63,51080,51080,0
12,US32->CS0,51427,51427,0
12,US32->CS8,51305,51305,0
12,US32->CS16,51141,51141,0
12,US32->CS24,51186,51186,0
12,US32->CS32,51460,51460,0
12,US32->CS40,51145,51145,0
12,US32->CS48,51541,51541,0
12,US32->CS56,51295,51295,0
12,US33->CS1,51054,51054,0
12,US33->CS9,51666,51666,0
12,US33->CS17,51593,51593,0
12,US33->CS25,51665,51665,0
12,US33->CS33,51019,51019,0
12,US33->CS41,51183,51183,0
12,US33->CS49,51558,51558,0
12,US33->CS57,51357,51357,0
12,US34->CS2,51210,51210,0
12,US34->CS10,51382,51382,0
12,US34->CS18,51297,51297,0
12,US34->CS26,51515,51515,0
12,US34->CS34,51369,51369,0
12,US34->CS42,51297,51297,0
12,US34->CS50,51391,51391,0
12,US34->CS58,51023,51023,0
12,US35->CS3,51083,51083,0
12,US35->CS11,51117,51117,0
12,US35->CS19,51667,51667,0
12,US35->CS27,51264,51264,0
12,US35->CS35,51550,51550,0
12,US35->CS43,51397,51397,0
12,US35->CS51,51334,51334,0
12,US35->CS59,51027,51027,0
12,US36->CS4,51054,51054,0
12,US36->CS12,51230,51230,0
12,US36->CS20,51322,51322,0
12,US36->CS28,50923,50923,0
12,US36->CS36,51071,51071,0
12,US36->CS44,51215,51215,0
12,US36->CS52,51346,51346,0
12,US36->CS60,50834,50834,0
12,US37->CS5,51264,51264,0
12,US37->CS13,51571,51571,0
12,US37->CS21,50739,50739,0
12,US37->CS29,51554,51554,0
12,US37->CS37,51083,51083,0
12,US37->CS45,51376,51376,0
12,US37->CS53,51159,51159,0
12,US37->CS61,51426,51426,0
12,US38->CS6,50917,50917,0
12,US38->CS14,50900,50900,0
12,US38->CS22,51431,51431,0
12,US38->CS30,51356,51356,0
12,US38->CS38,51022,51022,0
12,US38->CS46,51348,51348,0
12,US38->CS54,51062,51062,0
12,US38->CS62,50823,50823,0
12,US39->CS7,51304,51304,0
12,US39->CS15,51033,51033,0
12,US39->CS23,51532,51532,0
12,US39->CS31,51540,51540,0
12,US39->CS39,51401,51401,0
12,US39->CS47,51303,51303,0
12,US39->CS55,51072,51072,0
12,US39->CS63,51685,51685,0
12,US40->CS0,57464,57464,0
12,US40->CS8,57664,57664,0
12,US40->CS16,57630,57630,0
12,US40->CS24,57469,57469,0
12,US40->CS32,57501,57501,0
12,US40->CS40,57410,57410,0
12,US40->CS48,57933,57933,0
12,US40->CS56,57814,57814,0
12,US41->CS1,57484,57484,0
12,US41->CS9,57784,57784,0
12,US41->CS17,57711,57711,0
12,US41->CS25,57204,57204,0
12,US41->CS33,57443,57443,0
12,US41->CS41,57283,57283,0
12,US41->CS49,57604,57604,0
12,US41->CS57,57569,57569,0
12,US42->CS2,57454,57454,0
12,US42->CS10,57784,57784,0
12,US42->CS18,57594,57594,0
12,US42->CS26,57466,57466,0
12,US42->CS34,57296,57296,0
12,US42->CS42,57378,57378,0
12,US42->CS50,57609,57609,0
12,US42->CS58,57492,57492,0
12,US43->CS3,57413,57413,0
12,US43->CS11,57607,57607,0
12,US43->CS19,57426,57426,0
12,US43->CS27,57547,57547,0
12,US43->CS35,57551,57551,0
12,US43->CS43,57641,57641,0
12,US43->CS51,57424,57424,0
12,US43->CS59,57218,57218,0
12,US44->CS4,57517,57517,0
12,US44->CS12,57647,57647,0
12,US44->CS20,57374,57374,0
12,US44->CS28,57567,57567,0
12,US44->CS36,57211,57211,0
12,US44->CS44,57237,57237,0
12,US44->CS52,57218,57218,0
12,US44->CS60,57477,57477,0
12,US45->CS5,57286,57286,0
12,US45->CS13,57881,57881,0
12,US45->CS21,57372,57372,0
12,US45->CS29,57456,57456,0
12,US45->CS37,57845,57845,0
12,US45->CS45,57146,57146,0
12,US45->CS53,57664,57664,0
12,US45->CS61,57405,57405,0
12,US46->CS6,58213,58213,0
12,US46->CS14,57148,57148,0
12,US46->CS22,57590,57590,0
12,US46->CS30,57285,57285,0
12,US46->CS38,57853,57853,0
12,US46->CS46,57648,57648,0
12,US46->CS54,57391,57391,0
12,US46->CS62,57386,57386,0
12,US47->CS7,57314,57314,0
12,US47->CS15,57670,57670,0
12,US47->CS23,57715,57715,0
12,US47->CS31,57098,57098,0
12,US47->CS39,57858,57858,0
12,US47->CS47,57622,57622,0
12,US47->CS55,57821,57821,0
12,US47->CS63,57510,57510,0
12,US48->CS0,51937,51937,0
12,US48->CS8,52164,52164,0
12,US48->CS16,52301,52301,0
12,US48->CS24,51791,51791,0
12,US48->CS32,51288,51288,0
12,US48->CS40,51490,51490,0
12,US48->CS48,51472,51472,0
12,US48->CS56,51666,51666,0
12,US49->CS1,51556,51556,0
12,US49->CS9,51425,51425,0
12,US49->CS17,52269,52269,0
12,US49->CS25,51606,51606,0
12,US49->CS33,51593,51593,0
12,US49->CS41,51736,51736,0
12,US49->CS49,52008,52008,0
12,US49->CS57,52117,52117,0
12,US50->CS2,51865,51865,0
12,US50->CS10,52070,52070,0
12,US50->CS18,52084,52084,0
12,US50->CS26,51564,51564,0
12,US50->CS34,51614,51614,0
12,US50->CS42,51598,51598,0
12,US50->CS50,51728,51728,0
12,US50->CS58,51513,51513,0
12,US51->CS3,51654,51654,0
12,US51->CS11,51510,51510,0
12,US51->CS19,51659,51659,0
12,US51->CS27,52085,52085,0
12,US51->CS35,51540,51540,0
12,US51->CS43,51417,51417,0
12,US51->CS51,51728,51728,0
12,US51->CS59,51978,51978,0
12,US52->CS4,51736,51736,0
12,US52->CS12,52260,52260,0
12,US52->CS20,51693,51693,0
12,US52->CS28,51983,51983,0
12,US52->CS36,51946,51946,0
12,US52->CS44,51543,51543,0
12,US52->CS52,51513,51513,0
12,US52->CS60,52059,52059,0
12,US53->CS5,51776,51776,0
12,US53->CS13,51829,51829,0
12,US53->CS21,51927,51927,0
12,US53->CS29,51864,51864,0
12,US53->CS37,51836,51836,0
12,US53->CS45,51991,51991,0
12,US53->CS53,51907,51907,0
12,US53->CS61,51781,51781,0
12,US54->CS6,51740,51740,0
12,US54->CS14,51634,51634,0
12,US54->CS22,51812,51812,0
12,US54->CS30,51634,51634,0
12,US54->CS38,51856,51856,0
12,US54->CS46,51830,51830,0
12,US54->CS54,51588,51588,0
12,US54->CS62,51962,51962,0
12,US55->CS7,51473,51473,0
12,US55->CS15,51996,51996,0
12,US55->CS23,51752,51752,0
12,US55->CS31,51600,51600,0
12,US55->CS39,51755,51755,0
12,US55->CS47,51525,51525,0
12,US55->CS55,51251,51251,0
12,US55->CS63,51700,51700,0
12,US56->CS0,51304,51304,0
12,US56->CS8,51423,51423,0
12,US56->CS16,51272,51272,0
12,US56->CS24,51347,51347,0
12,US56->CS32,51302,51302,0
12,US56->CS40,51136,51136,0
12,US56->CS48,50743,50743,0
12,US56->CS56,51165,51165,0
12,US57->CS1,51399,51399,0
12,US57->CS9,50610,50610,0
12,US57->CS17,51267,51267,0
12,US57->CS25,51675,51675,0
12,US57->CS33,51004,51004,0
12,US57->CS41,51256,51256,0
12,US57->CS49,51017,51017,0
12,US57->CS57,50784,50784,0
12,US58->CS2,51019,51019,0
12,US58->CS10,51101,51101,0
12,US58->CS18,51020,51020,0
12,US58->CS26,50796,50796,0
12,US58->CS34,50926,50926,0
12,US58->CS42,51324,51324,0
12,US58->CS50,50918,50918,0
12,US58->CS58,50750,50750,0
12,US59->CS3,51198,51198,0
12,US59->CS11,50697,50697,0
12,US59->CS19,51159,51159,0
12,US59->CS27,51109,51109,0
12,US59->CS35,51086,51086,0
12,US59->CS43,50764,50764,0
12,US59->CS51,51225,51225,0
12,US59->CS59,51175,51175,0
12,US60->CS4,51270,51270,0
12,US60->CS12,51110,51110,0
12,US60->CS20,51038,51038,0
12,US60->CS28,50511,50511,0
12,US60->CS36,50613,50613,0
12,US60->CS44,51083,51083,0
12,US60->CS52,51416,51416,0
12,US60->CS60,50981,50981,0
12,US61->CS5,50918,50918,0
12,US61->CS13,51326,51326,0
12,US61->CS21,50755,50755,0
12,US61->CS29,50897,50897,0
12,US61->CS37,50880,50880,0
12,US61->CS45,51559,51559,0
12,US61->CS53,51040,51040,0
12,US61->CS61,51375,51375,0
12,US62->CS6,51121,51121,0
12,US62->CS14,51036,51036,0
12,US62->CS22,51458,51458,0
12,US62->CS30,50984,50984,0
12,US62->CS38,50544,50544,0
12,US62->CS46,51472,51472,0
12,US62->CS54,50787,50787,0
12,US62->CS62,50854,50854,0
12,US63->CS7,51057,51057,0
12,US63->CS15,50903,50903,0
12,US63->CS23,51421,51421,0
12,US63->CS31,51460,51460,0
12,US63->CS39,50755,50755,0
12,US63->CS47,50702,50702,0
12,US63->CS55,50854,50854,0
12,US63->CS63,51147,51147,0
12,US64->CS0,51487,51487,0
12,US64->CS8,51206,51206,0
12,US64->CS16,51468,51468,0
12,US64->CS24,51475,51475,0
12,US64->CS32,51140,51140,0
12,US64->CS40,51911,51911,0
12,US64->CS48,50979,50979,0
12,US64->CS56,51319,51319,0
12,US65->CS1,51553,51553,0
12,US65->CS9,51558,51558,0
12,US65->CS17,51055,51055,0
12,US65->CS25,51301,51301,0
12,US65->CS33,51183,51183,0
12,US65->CS41,51665,51665,0
12,US65->CS49,51186,51186,0
12,US65->CS57,51243,51243,0
12,US66->CS2,50960,50960,0
12,US66->CS10,50727,50727,0
12,US66->CS18,51286,51286,0
12,US66->CS26,51589,51589,0
12,US66->CS34,51648,51648,0
12,US66->CS42,51341,51341,0
12,US66->CS50,51405,51405,0
12,US66->CS58,50963,50963,0
12,US67->CS3,51077,51077,0
12,US67->CS11,51520,51520,0
12,US67->CS19,51503,51503,0
12,US67->CS27,51001,51001,0
12,US67->CS35,51210,51210,0
12,US67->CS43,51324,51324,0
12,US67->CS51,51128,51128,0
12,US67->CS59,51275,51275,0
12,US68->CS4,51329,51329,0
12,US68->CS12,51470,51470,0
12,US68->CS20,51481,51481,0
12,US68->CS28,51484,51484,0
12,US68->CS36,51574,51574,0
12,US68->CS44,51077,51077,0
12,US68->CS52,51161,51161,0
12,US68->CS60,51280,51280,0
12,US69->CS5,51325,51325,0
12,US69->CS13,51314,51314,0
12,US69->CS21,51374,51374,0
12,US69->CS29,51304,51304,0
12,US69->CS37,51281,51281,0
12,US69->CS45,51070,51070,0
12,US69->CS53,50856,50856,0
12,US69->CS61,50956,50956,0
12,US70->CS6,51288,51288,0
12,US70->CS14,51365,51365,0
12,US70->CS22,51142,51142,0
12,US70->CS30,51071,51071,0
12,US70->CS38,51827,51827,0
12,US70->CS46,51070,51070,0
12,US70->CS54,51714,51714,0
12,US70->CS62,51376,51376,0
12,US71->CS7,51342,51342,0
12,US71->CS15,51356,51356,0
12,US71->CS23,51190,51190,0
12,US71->CS31,51352,51352,0
12,US71->CS39,51409,51409,0
12,US71->CS47,51297,51297,0
12,US71->CS55,51640,51640,0
12,US71->CS63,51092,51092,0
12,US72->CS0,51057,51057,0
12,US72->CS8,50828,50828,0
12,US72->CS16,50983,50983,0
12,US72->CS24,50281,50281,0
12,US72->CS32,51251,51251,0
12,US72->CS40,50384,50384,0
12,US72->CS48,50688,50688,0
12,US72->CS56,50660,50660,0
12,US73->CS1,50713,50713,0
12,US73->CS9,50978,50978,0
12,US73->CS17,51394,51394,0
12,US73->CS25,50575,50575,0
12,US73->CS33,50943,50943,0
12,US73->CS41,50604,50604,0
12,US73->CS49,51036,51036,0
12,US73->CS57,51301,51301,0
12,US74->CS2,50798,50798,0
12,US74->CS10,51075,51075,0
12,US74->CS18,51235,51235,0
12,US74->CS26,51072,51072,0
12,US74->CS34,50628,50628,0
12,US74->CS42,51153,51153,0
12,US74->CS50,50588,50588,0
12,US74->CS58,50645,50645,0
12,US75->CS3,51042,51042,0
12,US75->CS11,50972,50972,0
12,US75->CS19,50708,50708,0
12,US75->CS27,50860,50860,0
12,US75->CS35,51162,51162,0
12,US75->CS43,50576,50576,0
12,US75->CS51,51200,51200,0
12,US75->CS59,50755,50755,0
12,US76->CS4,50627,50627,0
12,US76->CS12,50971,50971,0
12,US76->CS20,50574,50574,0
12,US76->CS28,50997,50997,0
12,US76->CS36,51165,51165,0
12,US76->CS44,50661,50661,0
12,US76->CS52,50558,50558,0
12,US76->CS60,50924,50924,0
12,US77->CS5,50711,50711,0
12,US77->CS13,50762,50762,0
12,US77->CS21,51089,51089,0
12,US77->CS29,50612,50612,0
12,US77->CS37,50721,50721,0
12,US77->CS45,50479,50479,0
12,US77->CS53,50754,50754,0
12,US77->CS61,50918,50918,0
12,US78->CS6,51069,51069,0
12,US78->CS14,50643,50643,0
12,US78->CS22,50977,50977,0
12,US78->CS30,51085,51085,0
12,US78->CS38,50985,50985,0
12,US78->CS46,51108,51108,0
12,US78->CS54,50797,50797,0
12,US78->CS62,50843,50843,0
12,US79->CS7,51503,51503,0
12,US79->CS15,51288,51288,0
12,US79->CS23,51074,51074,0
12,US79->CS31,50917,50917,0
12,US79->CS39,51190,51190,0
12,US79->CS47,50771,50771,0
12,US79->CS55,51191,51191,0
12,US79->CS63,50621,50621,0
12,US80->CS0,50753,50753,0
12,US80->CS8,50844,50844,0
12,US80->CS16,50689,50689,0
12,US80->CS24,50643,50643,0
12,US80->CS32,50544,50544,0
12,US80->CS40,50562,50562,0
12,US80->CS48,50504,50504,0
12,US80->CS56,50735,50735,0
12,US81->CS1,50505,50505,0
12,US81->CS9,50452,50452,0
12,US81->CS17,50282,50282,0
12,US81->CS25,50377,50377,0
12,US81->CS33,50334,50334,0
12,US81->CS41,50432,50432,0
12,US81->CS49,50411,50411,0
12,US81->CS57,50766,50766,0
12,US82->CS2,50444,50444,0
12,US82->CS10,50748,50748,0
12,US82->CS18,50762,50762,0
12,US82->CS26,50680,50680,0
12,US82->CS34,50533,50533,0
12,US82->CS42,50607,50607,0
12,US82->CS50,50675,50675,0
12,US82->CS58,50562,50562,0
12,US83->CS3,50570,50570,0
12,US83->CS11,50712,50712,0
12,US83->CS19,50621,50621,0
12,US83->CS27,50720,50720,0
12,US83->CS35,50636,50636,0
12,US83->CS43,50521,50521,0
12,US83->CS51,50585,50585,0
12,US83->CS59,50897,50897,0
12,US84->CS4,50572,50572,0
12,US84->CS12,50718,50718,0
12,US84->CS20,50638,50638,0
12,US84->CS28,50838,50838,0
12,US84->CS36,50496,50496,0
12,US84->CS44,50406,50406,0
12,US84->CS52,50307,50307,0
12,US84->CS60,50623,50623,0
12,US85->CS5,50939,50939,0
12,US85->CS13,50417,50417,0
12,US85->CS21,50600,50600,0
12,US85->CS29,50463,50463,0
12,US85->CS37,50291,50291,0
12,US85->CS45,50389,50389,0
12,US85->CS53,50470,50470,0
12,US85->CS61,50321,50321,0
12,US86->CS6,50354,50354,0
12,US86->CS14,50563,50563,0
12,US86->CS22,50661,50661,0
12,US86->CS30,50732,50732,0
12,US86->CS38,50377,50377,0
12,US86->CS46,50684,50684,0
12,US86->CS54,50274,50274,0
12,US86->CS62,50557,50557,0
12,US87->CS7,50928,50928,0
12,US87->CS15,50542,50542,0
12,US87->CS23,50461,50461,0
12,US87->CS31,50682,50682,0
12,US87->CS39,50585,50585,0
12,US87->CS47,50364,50364,0
12,US87->CS55,50566,50566,0
12,US87->CS63,50524,50524,0
12,US88->CS0,51046,51046,0
12,US88->CS8,50881,50881,0
12,US88->CS16,50851,50851,0
12,US88->CS24,51229,51229,0
12,US88->CS32,51287,51287,0
12,US88->CS40,51178,51178,0
12,US88->CS48,50974,50974,0
12,US88->CS56,50765,50765,0
12,US89->CS1,51055,51055,0
12,US89->CS9,51376,51376,0
12,US89->CS17,51214,51214,0
12,US89->CS25,51216,51216,0
12,US89->CS33,51173,51173,0
12,US89->CS41,50680,50680,0
12,US89->CS49,50870,50870,0
12,US89->CS57,50789,50789,0
12,US90->CS2,50843,50843,0
12,US90->CS10,50910,50910,0
12,US90->CS18,50945,50945,0
12,US90->CS26,51057,51057,0
12,US90->CS34,50869,50869,0
12,US90->CS42,51371,51371,0
12,US90->CS50,51283,51283,0
12,US90->CS58,51310,51310,0
12,US91->CS3,51209,51209,0
12,US91->CS11,50970,50970,0
12,US91->CS19,51323,51323,0
12,US91->CS27,50802,50802,0
12,US91->CS35,51140,51140,0
12,US91->CS43,51227,51227,0
12,US91->CS51,50956,50956,0
12,US91->CS59,51272,51272,0
12,US92->CS4,51075,51075,0
12,US92->CS12,51368,51368,0
12,US92->CS20,50904,50904,0
12,US92->CS28,50900,50900,0
12,US92->CS36,50822,50822,0
12,US92->CS44,51302,51302,0
12,US92->CS52,50968,50968,0
12,US92->CS60,51379,51379,0
12,US93->CS5,51198,51198,0
12,US93->CS13,51179,51179,0
12,US93->CS21,50982,50982,0
12,US93->CS29,50940,50940,0
12,US93->CS37,51169,51169,0
12,US93->CS45,50987,50987,0
12,US93->CS53,51154,51154,0
12,US93->CS61,51362,51362,0
12,US94->CS6,51112,51112,0
12,US94->CS14,50901,50901,0
12,US94->CS22,51410,51410,0
12,US94->CS30,50966,50966,0
12,US94->CS38,51074,51074,0
12,US94->CS46,50912,50912,0
12,US94->CS54,51243,51243,0
12,US94->CS62,51183,51183,0
12,US95->CS7,50872,50872,0
12,US95->CS15,51046,51046,0
12,US95->CS23,50630,50630,0
12,US95->CS31,50537,50537,0
12,US95->CS39,50964,50964,0
12,US95->CS47,51060,51060,0
12,US95->CS55,50564,50564,0
12,US95->CS63,51099,51099,0
12,US96->CS0,51064,51064,0
12,US96->CS8,50595,50595,0
12,US96->CS16,51195,51195,0
12,US96->CS24,51477,51477,0
12,US96->CS32,51250,51250,0
12,US96->CS40,50950,50950,0
12,US96->CS48,51183,51183,0
12,US96->CS56,50726,50726,0
12,US97->CS1,50869,50869,0
12,US97->CS9,51078,51078,0
12,US97->CS17,50940,50940,0
12,US97->CS25,51040,51040,0
12,US97->CS33,50654,50654,0
12,US97->CS41,51027,51027,0
12,US97->CS49,50959,50959,0
12,US97->CS57,51082,51082,0
12,US98->CS2,51162,51162,0
12,US98->CS10,50951,50951,0
12,US98->CS18,51337,51337,0
12,US98->CS26,51020,51020,0
12,US98->CS34,51059,51059,0
12,US98->CS42,51098,51098,0
12,US98->CS50,50760,50760,0
12,US98->CS58,50438,50438,0
12,US99->CS3,50831,50831,0
12,US99->CS11,51489,51489,0
12,US99->CS19,51402,51402,0
12,US99->CS27,50899,50899,0
12,US99->CS35,50980,50980,0
12,US99->CS43,51409,51409,0
12,US99->CS51,50793,50793,0
12,US99->CS59,50655,50655,0
12,US100->CS4,51092,51092,0
12,US100->CS12,51151,51151,0
12,US100->CS20,51092,51092,0
12,US100->CS28,50690,50690,0
12,US100->CS36,51110,51110,0
12,US100->CS44,51057,51057,0
12,US100->CS52,51138,51138,0
12,US100->CS60,51207,51207,0
12,US101->CS5,51121,51121,0
12,US101->CS13,51191,51191,0
12,US101->CS21,50768,50768,0
12,US101->CS29,51155,51155,0
12,US101->CS37,51080,51080,0
12,US101->CS45,51295,51295,0
12,US101->CS53,51025,51025,0
12,US101->CS61,50879,50879,0
12,US102->CS6,51065,51065,0
12,US102->CS14,51341,51341,0
12,US102->CS22,51160,51160,0
12,US102->CS30,50722,50722,0
12,US102->CS38,51053,51053,0
12,US102->CS46,50759,50759,0
12,US102->CS54,50833,50833,0
12,US102->CS62,51163,51163,0
12,US103->CS7,50683,50683,0
12,US103->CS15,51281,51281,0
12,US103->CS23,51136,51136,0
12,US103->CS31,50967,50967,0
12,US103->CS39,50850,50850,0
12,US103->CS47,50505,50505,0
12,US103->CS55,51029,51029,0
12,US103->CS63,51130,51130,0
12,US104->CS0,50996,50996,0
12,US104->CS8,51057,51057,0
12,US104->CS16,51047,51047,0
12,US104->CS24,50903,50903,0
12,US104->CS32,50565,50565,0
12,US104->CS40,50793,50793,0
12,US104->CS48,51072,51072,0
12,US104->CS56,50896,50896,0
12,US105->CS1,50840,50840,0
12,US105->CS9,50614,50614,0
12,US105->CS17,51120,51120,0
12,US105->CS25,50785,50785,0
12,US105->CS33,50651,50651,0
12,US105->CS41,51202,51202,0
12,US105->CS49,51003,51003,0
12,US105->CS57,50950,50950,0
12,US106->CS2,50896,50896,0
12,US106->CS10,50854,50854,0
12,US106->CS18,50878,50878,0
12,US106->CS26,50721,50721,0
12,US106->CS34,50764,50764,0
12,US106->CS42,50869,50869,0
12,US106->CS50,50980,50980,0
12,US106->CS58,51085,51085,0
12,US107->CS3,50656,50656,0
12,US107->CS11,50877,50877,0
12,US107->CS19,50635,50635,0
12,US107->CS27,50763,50763,0
12,US107->CS35,50286,50286,0
12,US107->CS43,51355,51355,0
12,US107->CS51,50887,50887,0
12,US107->CS59,50785,50785,0
12,US108->CS4,50764,50764,0
12,US108->CS12,50701,50701,0
12,US108->CS20,50890,50890,0
12,US108->CS28,50663,50663,0
12,US108->CS36,50949,50949,0
12,US108->CS44,50790,50790,0
12,US108->CS52,50764,50764,0
12,US108->CS60,50572,50572,0
12,US109->CS5,50902,50902,0
12,US109->CS13,51019,51019,0
12,US109->CS21,51041,51041,0
12,US109->CS29,50845,50845,0
12,US109->CS37,50851,50851,0
12,US109->CS45,51074,51074,0
12,US109->CS53,50840,50840,0
12,US109->CS61,50937,50937,0
12,US110->CS6,50516,50516,0
12,US110->CS14,50841,50841,0
12,US110->CS22,50812,50812,0
12,US110->CS30,50633,50633,0
12,US110->CS38,50835,50835,0
12,US110->CS46,50699,50699,0
12,US110->CS54,50918,50918,0
12,US110->CS62,51115,51115,0
12,US111->CS7,50856,50856,0
12,US111->CS15,50978,50978,0
12,US111->CS23,50760,50760,0
12,US111->CS31,50908,50908,0
12,US111->CS39,50938,50938,0
12,US111->CS47,50697,50697,0
12,US111->CS55,50898,50898,0
12,US111->CS63,51150,51150,0
12,US112->CS0,51223,51223,0
12,US112->CS8,51201,51201,0
12,US112->CS16,51611,51611,0
12,US112->CS24,51469,51469,0
12,US112->CS32,51461,51461,0
12,US112->CS40,51255,51255,0
12,US112->CS48,51205,51205,0
12,US112->CS56,51092,51092,0
12,US113->CS1,51402,51402,0
12,US113->CS9,51803,51803,0
12,US113->CS17,50992,50992,0
12,US113->CS25,51630,51630,0
12,US113->CS33,50984,50984,0
12,US113->CS41,51234,51234,0
12,US113->CS49,51293,51293,0
12,US113->CS57,51208,51208,0
12,US114->CS2,51710,51710,0
12,US114->CS10,51334,51334,0
12,US114->CS18,51054,51054,0
12,US114->CS26,51329,51329,0
12,US114->CS34,51407,51407,0
12,US114->CS42,51383,51383,0
12,US114->CS50,51540,51540,0
12,US114->CS58,51258,51258,0
12,US115->CS3,51290,51290,0
12,US115->CS11,51116,51116,0
12,US115->CS19,51378,51378,0
12,US115->CS27,51481,51481,0
12,US115->CS35,51034,51034,0
12,US115->CS43,51151,51151,0
12,US115->CS51,51434,51434,0
12,US115->CS59,51193,51193,0
12,US116->CS4,51345,51345,0
12,US116->CS12,51046,51046,0
12,US116->CS20,51256,51256,0
12,US116->CS28,51485,51485,0
12,US116->CS36,51194,51194,0
12,US116->CS44,51644,51644,0
12,US116->CS52,51128,51128,0
12,US116->CS60,51279,51279,0
12,US117->CS5,51510,51510,0
12,US117->CS13,51050,51050,0
12,US117->CS21,51518,51518,0
12,US117->CS29,51229,51229,0
12,US117->CS37,51201,51201,0
12,US117->CS45,51347,51347,0
12,US117->CS53,51012,51012,0
12,US117->CS61,51056,51056,0
12,US118->CS6,51122,51122,0
12,US118->CS14,51252,51252,0
12,US118->CS22,51117,51117,0
12,US118->CS30,51321,51321,0
12,US118->CS38,51508,51508,0
12,US118->CS46,51240,51240,0
12,US118->CS54,51527,51527,0
12,US118->CS62,50996,50996,0
12,US119->CS7,51528,51528,0
12,US119->CS15,51177,51177,0
12,US119->CS23,50933,50933,0
12,US119->CS31,51254,51254,0
12,US119->CS39,51489,51489,0
12,US119->CS47,51483,51483,0
12,US119->CS55,51123,51123,0
12,US119->CS63,51255,51255,0
12,US120->CS0,50471,50471,0
12,US120->CS8,50947,50947,0
12,US120->CS16,50534,50534,0
12,US120->CS24,50475,50475,0
12,US120->CS32,50423,50423,0
12,US120->CS40,50129,50129,0
12,US120->CS48,50588,50588,0
12,US120->CS56,50429,50429,0
12,US121->CS1,50906,50906,0
12,US121->CS9,50960,50960,0
12,US121->CS17,50843,50843,0
12,US121->CS25,50398,50398,0
12,US121->CS33,50543,50543,0
12,US121->CS41,50657,50657,0
12,US121->CS49,50921,50921,0
12,US121->CS57,50269,50269,0
12,US122->CS2,50830,50830,0
12,US122->CS10,50456,50456,0
12,US122->CS18,50714,50714,0
12,US122->CS26,50437,50437,0
12,US122->CS34,50663,50663,0
12,US122->CS42,50915,50915,0
12,US122->CS50,50313,50313,0
12,US122->CS58,50807,50807,0
12,US123->CS3,50632,50632,0
12,US123->CS11,50950,50950,0
12,US123->CS19,50448,50448,0
12,US123->CS27,50352,50352,0
12,US123->CS35,50309,50309,0
12,US123->CS43,50772,50772,0
12,US123->CS51,51105,51105,0
12,US123->CS59,50578,50578,0
12,US124->CS4,50672,50672,0
12,US124->CS12,50746,50746,0
12,US124->CS20,50411,50411,0
12,US124->CS28,50620,50620,0
12,US124->CS36,50767,50767,0
12,US124->CS44,50265,50265,0
12,US124->CS52,50482,50482,0
12,US124->CS60,50528,50528,0
12,US125->CS5,50622,50622,0
12,US125->CS13,50849,50849,0
12,US125->CS21,50672,50672,0
12,US125->CS29,50415,50415,0
12,US125->CS37,50898,50898,0
12,US125->CS45,50698,50698,0
12,US125->CS53,50452,50452,0
12,US125->CS61,50917,50917,0
12,US126->CS6,50398,50398,0
12,US126->CS14,51089,51089,0
12,US126->CS22,50229,50229,0
12,US126->CS30,50420,50420,0
12,US126->CS38,51073,51073,0
12,US126->CS46,50801,50801,0
12,US126->CS54,50664,50664,0
12,US126->CS62,50484,50484,0
12,US127->CS7,50305,50305,0
12,US127->CS15,50594,50594,0
12,US127->CS23,50754,50754,0
12,US127->CS31,50688,50688,0
12,US127->CS39,50806,50806,0
12,US127->CS47,50639,50639,0
12,US127->CS55,50565,50565,0
12,US127->CS63,50777,50777,0
12,CS0->US0,51731,51731,0
12,CS0->US8,50681,50681,0
12,CS0->US16,50593,50593,0
12,CS0->US24,51554,51554,0
12,CS0->US32,51509,51509,0
12,CS0->US40,51194,51194,0
12,CS0->US48,51360,51360,0
12,CS0->US56,51165,51165,0
12,CS0->US64,51391,51391,0
12,CS0->US72,51002,51002,0
12,CS0->US80,57354,57354,0
12,CS0->US88,51085,51085,0
12,CS0->US96,51107,51107,0
12,CS0->US104,51021,51021,0
12,CS0->US112,57506,57506,0
12,CS0->US120,54390,54390,0
12,CS1->US1,51286,51286,0
12,CS1->US9,50557,50557,0
12,CS1->US17,50908,50908,0
12,CS1->US25,51597,51597,0
12,CS1->US33,51532,51532,0
12,CS1->US41,51434,51434,0
12,CS1->US49,51620,51620,0
12,CS1->US57,50671,50671,0
12,CS1->US65,51092,51092,0
12,CS1->US73,50987,50987,0
12,CS1->US81,57645,57645,0
12,CS1->US89,50776,50776,0
12,CS1->US97,50859,50859,0
12,CS1->US105,50909,50909,0
12,CS1->US113,57615,57615,0
12,CS1->US121,54260,54260,0
12,CS2->US2,51567,51567,0
12,CS2->US10,50401,50401,0
12,CS2->US18,50886,50886,0
12,CS2->US26,51238,51238,0
12,CS2->US34,50950,50950,0
12,CS2->US42,51687,51687,0
12,CS2->US50,51259,51259,0
12,CS2->US58,51184,51184,0
12,CS2->US66,51202,51202,0
12,CS2->US74,50838,50838,0
12,CS2->US82,57467,57467,0
12,CS2->US90,50927,50927,0
12,CS2->US98,51007,51007,0
12,CS2->US106,51179,51179,0
12,CS2->US114,57480,57480,0
12,CS2->US122,54031,54031,0
12,CS3->US3,51392,51392,0
12,CS3->US11,50603,50603,0
12,CS3->US19,50709,50709,0
12,CS3->US27,51445,51445,0
12,CS3->US35,51085,51085,0
12,CS3->US43,51342,51342,0
12,CS3->US51,51447,51447,0
12,CS3->US59,50986,50986,0
12,CS3->US67,51117,51117,0
12,CS3->US75,51195,51195,0
12,CS3->US83,57060,57060,0
12,CS3->US91,51050,51050,0
12,CS3->US99,50670,50670,0
12,CS3->US107,50826,50826,0
12,CS3->US115,57414,57414,0
12,CS3->US123,54343,54343,0
12,CS4->US4,51504,51504,0
12,CS4->US12,50549,50549,0
12,CS4->US20,50780,50780,0
12,CS4->US28,51507,51507,0
12,CS4->US36,51312,51312,0
12,CS4->US44,51308,51308,0
12,CS4->US52,51587,51587,0
12,CS4->US60,50920,50920,0
12,CS4->US68,51040,51040,0
12,CS4->US76,51029,51029,0
12,CS4->US84,57669,57669,0
12,CS4->US92,50653,50653,0
12,CS4->US100,50807,50807,0
12,CS4->US108,51135,51135,0
12,CS4->US116,57583,57583,0
12,CS4->US124,54262,54262,0
12,CS5->US5,51461,51461,0
12,CS5->US13,50952,50952,0
12,CS5->US21,50710,50710,0
12,CS5->US29,51114,51114,0
12,CS5->US37,51295,51295,0
12,CS5->US45,51558,51558,0
12,CS5->US53,51617,51617,0
12,CS5->US61,50886,50886,0
12,CS5->US69,51249,51249,0
12,CS5->US77,51207,51207,0
12,CS5->US85,57219,57219,0
12,CS5->US93,50794,50794,0
12,CS5->US101,50990,50990,0
12,CS5->US109,51169,51169,0
12,CS5->US117,57285,57285,0
12,CS5->US125,54207,54207,0
12,CS6->US6,51508,51508,0
12,CS6->US14,50373,50373,0
12,CS6->US22,50460,50460,0
12,CS6->US30,51370,51370,0
12,CS6->US38,51307,51307,0
12,CS6->US46,51070,51070,0
12,CS6->US54,51484,51484,0
12,CS6->US62,51122,51122,0
12,CS6->US70,50939,50939,0
12,CS6->US78,51044,51044,0
12,CS6->US86,57307,57307,0
12,CS6->US94,51138,51138,0
12,CS6->US102,50615,50615,0
12,CS6->US110,51018,51018,0
12,CS6->US118,58248,58248,0
12,CS6->US126,54774,54774,0
12,CS7->US7,51175,51175,0
12,CS7->US15,51003,51003,0
12,CS7->US23,50398,50398,0
12,CS7->US31,51210,51210,0
12,CS7->US39,51323,51323,0
12,CS7->US47,51540,51540,0
12,CS7->US55,51631,51631,0
12,CS7->US63,51193,51193,0
12,CS7->US71,51334,51334,0
12,CS7->US79,50804,50804,0
12,CS7->US87,57237,57237,0
12,CS7->US95,51589,51589,0
12,CS7->US103,50930,50930,0
12,CS7->US111,50747,50747,0
12,CS7->US119,57436,57436,0
12,CS7->US127,54310,54310,0
12,CS8->US0,51882,51882,0
12,CS8->US8,50908,50908,0
12,CS8->US16,51033,51033,0
12,CS8->US24,51676,51676,0
12,CS8->US32,51146,51146,0
12,CS8->US40,51216,51216,0
12,CS8->US48,51742,51742,0
12,CS8->US56,51085,51085,0
12,CS8->US64,51302,51302,0
12,CS8->US72,50782,50782,0
12,CS8->US80,57521,57521,0
12,CS8->US88,50887,50887,0
12,CS8->US96,51170,51170,0
12,CS8->US104,50685,50685,0
12,CS8->US112,57765,57765,0
12,CS8->US120,54345,54345,0
12,CS9->US1,51166,51166,0
12,CS9->US9,50487,50487,0
12,CS9->US17,51110,51110,0
12,CS9->US25,50760,50760,0
12,CS9->US33,51547,51547,0
12,CS9->US41,51827,51827,0
12,CS9->US49,51615,51615,0
12,CS9->US57,51232,51232,0
12,CS9->US65,51677,51677,0
12,CS9->US73,51244,51244,0
12,CS9->US81,57539,57539,0
12,CS9->US89,50990,50990,0
12,CS9->US97,50680,50680,0
12,CS9->US105,51141,51141,0
12,CS9->US113,57860,57860,0
12,CS9->US121,54451,54451,0
12,CS10->US2,51827,51827,0
12,CS10->US10,50746,50746,0
12,CS10->US18,50590,50590,0
12,CS10->US26,51247,51247,0
12,CS10->US34,50684,50684,0
12,CS10->US42,51329,51329,0
12,CS10->US50,51489,51489,0
12,CS10->US58,51242,51242,0
12,CS10->US66,51369,51369,0
12,CS10->US74,50787,50787,0
12,CS10->US82,57325,57325,0
12,CS10->US90,51131,51131,0
12,CS10->US98,50935,50935,0
12,CS10->US106,51026,51026,0
12,CS10->US114,57870,57870,0
12,CS10->US122,54579,54579,0
12,CS11->US3,51188,51188,0
12,CS11->US11,50768,50768,0
12,CS11->US19,51088,51088,0
12,CS11->US27,50973,50973,0
12,CS11->US35,51483,51483,0
12,CS11->US43,51220,51220,0
12,CS11->US51,51421,51421,0
12,CS11->US59,51210,51210,0
12,CS11->US67,51128,51128,0
12,CS11->US75,50874,50874,0
12,CS11->US83,57897,57897,0
12,CS11->US91,50987,50987,0
12,CS11->US99,50936,50936,0
12,CS11->US107,51500,51500,0
12,CS11->US115,57669,57669,0
12,CS11->US123,54013,54013,0
12,CS12->US4,51970,51970,0
12,CS12->US12,50711,50711,0
12,CS12->US20,50827,50827,0
12,CS12->US28,51340,51340,0
12,CS12->US36,51450,51450,0
12,CS12->US44,51118,51118,0
12,CS12->US52,51331,51331,0
12,CS12->US60,51052,51052,0
12,CS12->US68,51198,51198,0
12,CS12->US76,51286,51286,0
12,CS12->US84,57521,57521,0
12,CS12->US92,51006,51006,0
12,CS12->US100,50862,50862,0
12,CS12->US108,51214,51214,0
12,CS12->US116,57738,57738,0
12,CS12->US124,54617,54617,0
12,CS13->US5,51608,51608,0
12,CS13->US13,50391,50391,0
12,CS13->US21,50946,50946,0
12,CS13->US29,51483,51483,0
12,CS13->US37,51275,51275,0
12,CS13->US45,51024,51024,0
12,CS13->US53,51477,51477,0
12,CS13->US61,51125,51125,0
12,CS13->US69,51611,51611,0
12,CS13->US77,51091,51091,0
12,CS13->US85,57813,57813,0
12,CS13->US93,50776,50776,0
12,CS13->US101,51041,51041,0
12,CS13->US109,51277,51277,0
12,CS13->US117,57957,57957,0
12,CS13->US125,53940,53940,0
12,CS14->US6,51349,51349,0
12,CS14->US14,50556,50556,0
12,CS14->US22,51230,51230,0
12,CS14->US30,51250,51250,0
12,CS14->US38,51310,51310,0
12,CS14->US46,51260,51260,0
12,CS14->US54,51622,51622,0
12,CS14->US62,50637,50637,0
12,CS14->US70,50901,50901,0
12,CS14->US78,50834,50834,0
12,CS14->US86,57560,57560,0
12,CS14->US94,50723,50723,0
12,CS14->US102,50921,50921,0
12,CS14->US110,51392,51392,0
12,CS14->US118,57179,57179,0
12,CS14->US126,54165,54165,0
12,CS15->US7,51723,51723,0
12,CS15->US15,50565,50565,0
12,CS15->US23,50616,50616,0
12,CS15->US31,51037,51037,0
12,CS15->US39,51380,51380,0
12,CS15->US47,51212,51212,0
12,CS15->US55,51088,51088,0
12,CS15->US63,51647,51647,0
12,CS15->US71,51086,51086,0
12,CS15->US79,50984,50984,0
12,CS15->US87,57812,57812,0
12,CS15->US95,51303,51303,0
12,CS15->US103,51052,51052,0
12,CS15->US111,51307,51307,0
12,CS15->US119,57808,57808,0
12,CS15->US127,54342,54342,0
12,CS16->US0,51993,51993,0
12,CS16->US8,50657,50657,0
12,CS16->US16,50648,50648,0
12,CS16->US24,51433,51433,0
12,CS16->US32,51451,51451,0
12,CS16->US40,51662,51662,0
12,CS16->US48,51567,51567,0
12,CS16->US56,51451,51451,0
12,CS16->US64,51191,51191,0
12,CS16->US72,50751,50751,0
12,CS16->US80,57346,57346,0
12,CS16->US88,51035,51035,0
12,CS16->US96,51057,51057,0
12,CS16->US104,51253,51253,0
12,CS16->US112,57681,57681,0
12,CS16->US120,54273,54273,0
12,CS17->US1,51988,51988,0
12,CS17->US9,50230,50230,0
12,CS17->US17,50944,50944,0
12,CS17->US25,51464,51464,0
12,CS17->US33,51011,51011,0
12,CS17->US41,51044,51044,0
12,CS17->US49,51182,51182,0
12,CS17->US57,51143,51143,0
12,CS17->US65,51582,51582,0
12,CS17->US73,51127,51127,0
12,CS17->US81,57482,57482,0
12,CS17->US89,51440,51440,0
12,CS17->US97,51228,51228,0
12,CS17->US105,51024,51024,0
12,CS17->US113,57724,57724,0
12,CS17->US121,53900,53900,0
12,CS18->US2,51801,51801,0
12,CS18->US10,50736,50736,0
12,CS18->US18,50787,50787,0
12,CS18->US26,51156,51156,0
12,CS18->US34,51262,51262,0
12,CS18->US42,51085,51085,0
12,CS18->US50,51150,51150,0
12,CS18->US58,50986,50986,0
12,CS18->US66,51287,51287,0
12,CS18->US74,50923,50923,0
12,CS18->US82,57690,57690,0
12,CS18->US90,51264,51264,0
12,CS18->US98,50971,50971,0
12,CS18->US106,51427,51427,0
12,CS18->US114,57612,57612,0
12,CS18->US122,54282,54282,0
12,CS19->US3,51354,51354,0
12,CS19->US11,50631,50631,0
12,CS19->US19,50577,50577,0
12,CS19->US27,51414,51414,0
12,CS19->US35,51492,51492,0
12,CS19->US43,51448,51448,0
12,CS19->US51,51533,51533,0
12,CS19->US59,51135,51135,0
12,CS19->US67,51675,51675,0
12,CS19->US75,51242,51242,0
12,CS19->US83,57653,57653,0
12,CS19->US91,50722,50722,0
12,CS19->US99,50698,50698,0
12,CS19->US107,51376,51376,0
12,CS19->US115,57445,57445,0
12,CS19->US123,54236,54236,0
12,CS20->US4,51408,51408,0
12,CS20->US12,50669,50669,0
12,CS20->US20,50507,50507,0
12,CS20->US28,51250,51250,0
12,CS20->US36,51471,51471,0
12,CS20->US44,51316,51316,0
12,CS20->US52,51350,51350,0
12,CS20->US60,51057,51057,0
12,CS20->US68,51371,51371,0
12,CS20->US76,50847,50847,0
12,CS20->US84,57401,57401,0
12,CS20->US92,50614,50614,0
12,CS20->US100,50951,50951,0
12,CS20->US108,51101,51101,0
12,CS20->US116,57460,57460,0
12,CS20->US124,54094,54094,0
12,CS21->US5,51627,51627,0
12,CS21->US13,50649,50649,0
12,CS21->US21,50833,50833,0
12,CS21->US29,50970,50970,0
12,CS21->US37,51354,51354,0
12,CS21->US45,51515,51515,0
12,CS21->US53,51447,51447,0
12,CS21->US61,51273,51273,0
12,CS21->US69,50767,50767,0
12,CS21->US77,50868,50868,0
12,CS21->US85,57104,57104,0
12,CS21->US93,51186,51186,0
12,CS21->US101,51069,51069,0
12,CS21->US109,50805,50805,0
12,CS21->US117,57546,57546,0
12,CS21->US125,54081,54081,0
12,CS22->US6,51518,51518,0
12,CS22->US14,50635,50635,0
12,CS22->US22,50320,50320,0
12,CS22->US30,51560,51560,0
12,CS22->US38,51151,51151,0
12,CS22->US46,51134,51134,0
12,CS22->US54,51408,51408,0
12,CS22->US62,50803,50803,0
12,CS22->US70,51403,51403,0
12,CS22->US78,51355,51355,0
12,CS22->US86,57293,57293,0
12,CS22->US94,51013,51013,0
12,CS22->US102,50907,50907,0
12,CS22->US110,51216,51216,0
12,CS22->US118,57640,57640,0
12,CS22->US126,54331,54331,0
12,CS23->US7,51446,51446,0
12,CS23->US15,50488,50488,0
12,CS23->US23,50912,50912,0
12,CS23->US31,51613,51613,0
12,CS23->US39,51164,51164,0
12,CS23->US47,51021,51021,0
12,CS23->US55,51741,51741,0
12,CS23->US63,50525,50525,0
12,CS23->US71,51505,51505,0
12,CS23->US79,50546,50546,0
12,CS23->US87,57551,57551,0
12,CS23->US95,51096,51096,0
12,CS23->US103,50861,50861,0
12,CS23->US111,51159,51159,0
12,CS23->US119,57737,57737,0
12,CS23->US127,53838,53838,0
12,CS24->US0,51502,51502,0
12,CS24->US8,50666,50666,0
12,CS24->US16,50598,50598,0
12,CS24->US24,51415,51415,0
12,CS24->US32,51449,51449,0
12,CS24->US40,51456,51456,0
12,CS24->US48,51725,51725,0
12,CS24->US56,51049,51049,0
12,CS24->US64,51174,51174,0
12,CS24->US72,51099,51099,0
12,CS24->US80,57370,57370,0
12,CS24->US88,50377,50377,0
12,CS24->US96,50982,50982,0
12,CS24->US104,51605,51605,0
12,CS24->US112,57565,57565,0
12,CS24->US120,54102,54102,0
12,CS25->US1,51310,51310,0
12,CS25->US9,50340,50340,0
12,CS25->US17,50428,50428,0
12,CS25->US25,51934,51934,0
12,CS25->US33,51271,51271,0
12,CS25->US41,51737,51737,0
12,CS25->US49,51413,51413,0
12,CS25->US57,50884,50884,0
12,CS25->US65,51667,51667,0
12,CS25->US73,51227,51227,0
12,CS25->US81,57292,57292,0
12,CS25->US89,50530,50530,0
12,CS25->US97,50843,50843,0
12,CS25->US105,51077,51077,0
12,CS25->US113,57221,57221,0
12,CS25->US121,54119,54119,0
12,CS26->US2,51231,51231,0
12,CS26->US10,50681,50681,0
12,CS26->US18,50535,50535,0
12,CS26->US26,51017,51017,0
12,CS26->US34,51595,51595,0
12,CS26->US42,51396,51396,0
12,CS26->US50,51797,51797,0
12,CS26->US58,51145,51145,0
12,CS26->US66,51486,51486,0
12,CS26->US74,50941,50941,0
12,CS26->US82,57887,57887,0
12,CS26->US90,51112,51112,0
12,CS26->US98,50787,50787,0
12,CS26->US106,51041,51041,0
12,CS26->US114,57606,57606,0
12,CS26->US122,54463,54463,0
12,CS27->US3,51828,51828,0
12,CS27->US11,50666,50666,0
12,CS27->US19,50458,50458,0
12,CS27->US27,51319,51319,0
12,CS27->US35,50988,50988,0
12,CS27->US43,51486,51486,0
12,CS27->US51,51502,51502,0
12,CS27->US59,51134,51134,0
12,CS27->US67,51243,51243,0
12,CS27->US75,50739,50739,0
12,CS27->US83,57429,57429,0
12,CS27->US91,50909,50909,0
12,CS27->US99,50847,50847,0
12,CS27->US107,50950,50950,0
12,CS27->US115,57589,57589,0
12,CS27->US123,54440,54440,0
12,CS28->US4,51682,51682,0
12,CS28->US12,50838,50838,0
12,CS28->US20,50624,50624,0
12,CS28->US28,50742,50742,0
12,CS28->US36,51459,51459,0
12,CS28->US44,51515,51515,0
12,CS28->US52,51715,51715,0
12,CS28->US60,51206,51206,0
12,CS28->US68,50930,50930,0
12,CS28->US76,50890,50890,0
12,CS28->US84,57366,57366,0
12,CS28->US92,51062,51062,0
12,CS28->US100,50737,50737,0
12,CS28->US108,50750,50750,0
12,CS28->US116,57615,57615,0
12,CS28->US124,54604,54604,0
12,CS29->US5,51616,51616,0
12,CS29->US13,50439,50439,0
12,CS29->US21,50522,50522,0
12,CS29->US29,51062,51062,0
12,CS29->US37,51312,51312,0
12,CS29->US45,51203,51203,0
12,CS29->US53,51391,51391,0
12,CS29->US61,51090,51090,0
12,CS29->US69,51570,51570,0
12,CS29->US77,50887,50887,0
12,CS29->US85,57143,57143,0
12,CS29->US93,50618,50618,0
12,CS29->US101,50922,50922,0
12,CS29->US109,51178,51178,0
12,CS29->US117,57534,57534,0
12,CS29->US125,54538,54538,0
12,CS30->US6,51370,51370,0
12,CS30->US14,50694,50694,0
12,CS30->US22,50484,50484,0
12,CS30->US30,51258,51258,0
12,CS30->US38,51093,51093,0
12,CS30->US46,51283,51283,0
12,CS30->US54,51510,51510,0
12,CS30->US62,51079,51079,0
12,CS30->US70,51354,51354,0
12,CS30->US78,50953,50953,0
12,CS30->US86,57265,57265,0
12,CS30->US94,51162,51162,0
12,CS30->US102,50685,50685,0
12,CS30->US110,50707,50707,0
12,CS30->US118,57317,57317,0
12,CS30->US126,54074,54074,0
12,CS31->US7,51312,51312,0
12,CS31->US15,50688,50688,0
12,CS31->US23,50724,50724,0
12,CS31->US31,51671,51671,0
12,CS31->US39,51326,51326,0
12,CS31->US47,51291,51291,0
12,CS31->US55,51392,51392,0
12,CS31->US63,51080,51080,0
12,CS31->US71,51532,51532,0
12,CS31->US79,50549,50549,0
12,CS31->US87,57633,57633,0
12,CS31->US95,50980,50980,0
12,CS31->US103,50971,50971,0
12,CS31->US111,50986,50986,0
12,CS31->US119,57154,57154,0
12,CS31->US127,54169,54169,0
12,CS32->US0,50999,50999,0
12,CS32->US8,50539,50539,0
12,CS32->US16,50490,50490,0
12,CS32->US24,51468,51468,0
12,CS32->US32,51131,51131,0
12,CS32->US40,51491,51491,0
12,CS32->US48,51380,51380,0
12,CS32->US56,51098,51098,0
12,CS32->US64,51407,51407,0
12,CS32->US72,51237,51237,0
12,CS32->US80,57383,57383,0
12,CS32->US88,51306,51306,0
12,CS32->US96,50689,50689,0
12,CS32->US104,51297,51297,0
12,CS32->US112,57581,57581,0
12,CS32->US120,54245,54245,0
12,CS33->US1,51317,51317,0
12,CS33->US9,50310,50310,0
12,CS33->US17,50663,50663,0
12,CS33->US25,51143,51143,0
12,CS33->US33,51205,51205,0
12,CS33->US41,50973,50973,0
12,CS33->US49,51324,51324,0
12,CS33->US57,51285,51285,0
12,CS33->US65,51039,51039,0
12,CS33->US73,51102,51102,0
12,CS33->US81,57257,57257,0
12,CS33->US89,51028,51028,0
12,CS33->US97,50727,50727,0
12,CS33->US105,50662,50662,0
12,CS33->US113,57520,57520,0
12,CS33->US121,54084,54084,0
12,CS34->US2,51338,51338,0
12,CS34->US10,50579,50579,0
12,CS34->US18,50725,50725,0
12,CS34->US26,51071,51071,0
12,CS34->US34,51607,51607,0
12,CS34->US42,51386,51386,0
12,CS34->US50,51741,51741,0
12,CS34->US58,50718,50718,0
12,CS34->US66,51393,51393,0
12,CS34->US74,50822,50822,0
12,CS34->US82,57604,57604,0
12,CS34->US90,50704,50704,0
12,CS34->US98,50783,50783,0
12,CS34->US106,51123,51123,0
12,CS34->US114,57408,57408,0
12,CS34->US122,54646,54646,0
12,CS35->US3,51192,51192,0
12,CS35->US11,50680,50680,0
12,CS35->US19,50422,50422,0
12,CS35->US27,51291,51291,0
12,CS35->US35,51176,51176,0
12,CS35->US43,51162,51162,0
12,CS35->US51,51613,51613,0
12,CS35->US59,50981,50981,0
12,CS35->US67,51533,51533,0
12,CS35->US75,51014,51014,0
12,CS35->US83,57674,57674,0
12,CS35->US91,51166,51166,0
12,CS35->US99,50358,50358,0
12,CS35->US107,51025,51025,0
12,CS35->US115,57619,57619,0
12,CS35->US123,54209,54209,0
12,CS36->US4,51594,51594,0
12,CS36->US12,50518,50518,0
12,CS36->US20,50893,50893,0
12,CS36->US28,50906,50906,0
12,CS36->US36,51575,51575,0
12,CS36->US44,51335,51335,0
12,CS36->US52,51399,51399,0
12,CS36->US60,51315,51315,0
12,CS36->US68,51080,51080,0
12,CS36->US76,50725,50725,0
12,CS36->US84,57332,57332,0
12,CS36->US92,51125,51125,0
12,CS36->US100,51024,51024,0
12,CS36->US108,51124,51124,0
12,CS36->US116,57276,57276,0
12,CS36->US124,54789,54789,0
12,CS37->US5,51583,51583,0
12,CS37->US13,50286,50286,0
12,CS37->US21,51012,51012,0
12,CS37->US29,51086,51086,0
12,CS37->US37,51262,51262,0
12,CS37->US45,51145,51145,0
12,CS37->US53,51519,51519,0
12,CS37->US61,50816,50816,0
12,CS37->US69,51111,51111,0
12,CS37->US77,51133,51133,0
12,CS37->US85,57134,57134,0
12,CS37->US93,50878,50878,0
12,CS37->US101,50851,50851,0
12,CS37->US109,51130,51130,0
12,CS37->US117,57850,57850,0
12,CS37->US125,54006,54006,0
12,CS38->US6,51632,51632,0
12,CS38->US14,50293,50293,0
12,CS38->US22,51191,51191,0
12,CS38->US30,50737,50737,0
12,CS38->US38,51782,51782,0
12,CS38->US46,51506,51506,0
12,CS38->US54,51435,51435,0
12,CS38->US62,51064,51064,0
12,CS38->US70,51036,51036,0
12,CS38->US78,51015,51015,0
12,CS38->US86,57604,57604,0
12,CS38->US94,50999,50999,0
12,CS38->US102,50913,50913,0
12,CS38->US110,51142,51142,0
12,CS38->US118,57969,57969,0
12,CS38->US126,53949,53949,0
12,CS39->US7,51450,51450,0
12,CS39->US15,50579,50579,0
12,CS39->US23,50880,50880,0
12,CS39->US31,50939,50939,0
12,CS39->US39,51386,51386,0
12,CS39->US47,51528,51528,0
12,CS39->US55,51452,51452,0
12,CS39->US63,50723,50723,0
12,CS39->US71,51374,51374,0
12,CS39->US79,50960,50960,0
12,CS39->US87,57678,57678,0
12,CS39->US95,51269,51269,0
12,CS39->US103,51076,51076,0
12,CS39->US111,50894,50894,0
12,CS39->US119,57923,57923,0
12,CS39->US127,54147,54147,0
12,CS40->US0,51185,51185,0
12,CS40->US8,50632,50632,0
12,CS40->US16,50235,50235,0
12,CS40->US24,51333,51333,0
12,CS40->US32,51865,51865,0
12,CS40->US40,51278,51278,0
12,CS40->US48,51492,51492,0
12,CS40->US56,50812,50812,0
12,CS40->US64,51130,51130,0
12,CS40->US72,51066,51066,0
12,CS40->US80,57671,57671,0
12,CS40->US88,50421,50421,0
12,CS40->US96,50845,50845,0
12,CS40->US104,51015,51015,0
12,CS40->US112,57545,57545,0
12,CS40->US120,54274,54274,0
12,CS41->US1,51492,51492,0
12,CS41->US9,50474,50474,0
12,CS41->US17,50759,50759,0
12,CS41->US25,51486,51486,0
12,CS41->US33,51647,51647,0
12,CS41->US41,51274,51274,0
12,CS41->US49,51314,51314,0
12,CS41->US57,51269,51269,0
12,CS41->US65,51192,51192,0
12,CS41->US73,50648,50648,0
12,CS41->US81,57348,57348,0
12,CS41->US89,50542,50542,0
12,CS41->US97,51296,51296,0
12,CS41->US105,51045,51045,0
12,CS41->US113,57323,57323,0
12,CS41->US121,54310,54310,0
12,CS42->US2,51330,51330,0
12,CS42->US10,50618,50618,0
12,CS42->US18,51020,51020,0
12,CS42->US26,51457,51457,0
12,CS42->US34,51291,51291,0
12,CS42->US42,51367,51367,0
12,CS42->US50,51390,51390,0
12,CS42->US58,50945,50945,0
12,CS42->US66,51241,51241,0
12,CS42->US74,51253,51253,0
12,CS42->US82,57639,57639,0
12,CS42->US90,51204,51204,0
12,CS42->US98,50987,50987,0
12,CS42->US106,51187,51187,0
12,CS42->US114,57418,57418,0
12,CS42->US122,54207,54207,0
12,CS43->US3,51143,51143,0
12,CS43->US11,50459,50459,0
12,CS43->US19,50823,50823,0
12,CS43->US27,50955,50955,0
12,CS43->US35,51344,51344,0
12,CS43->US43,51189,51189,0
12,CS43->US51,51607,51607,0
12,CS43->US59,50728,50728,0
12,CS43->US67,51436,51436,0
12,CS43->US75,51199,51199,0
12,CS43->US83,57196,57196,0
12,CS43->US91,50594,50594,0
12,CS43->US99,51366,51366,0
12,CS43->US107,51410,51410,0
12,CS43->US115,57676,57676,0
12,CS43->US123,54223,54223,0
12,CS44->US4,51240,51240,0
12,CS44->US12,50426,50426,0
12,CS44->US20,50392,50392,0
12,CS44->US28,51271,51271,0
12,CS44->US36,51074,51074,0
12,CS44->US44,51593,51593,0
12,CS44->US52,51027,51027,0
12,CS44->US60,51334,51334,0
12,CS44->US68,51227,51227,0
12,CS44->US76,51150,51150,0
12,CS44->US84,57494,57494,0
12,CS44->US92,50806,50806,0
12,CS44->US100,50840,50840,0
12,CS44->US108,51061,51061,0
12,CS44->US116,57341,57341,0
12,CS44->US124,54617,54617,0
12,CS45->US5,51726,51726,0
12,CS45->US13,50383,50383,0
12,CS45->US21,50811,50811,0
12,CS45->US29,51762,51762,0
12,CS45->US37,51080,51080,0
12,CS45->US45,51344,51344,0
12,CS45->US53,51315,51315,0
12,CS45->US61,50974,50974,0
12,CS45->US69,51414,51414,0
12,CS45->US77,50934,50934,0
12,CS45->US85,57622,57622,0
12,CS45->US93,50538,50538,0
12,CS45->US101,51051,51051,0
12,CS45->US109,51291,51291,0
12,CS45->US117,57135,57135,0
12,CS45->US125,54195,54195,0
12,CS46->US6,51617,51617,0
12,CS46->US14,50618,50618,0
12,CS46->US22,50889,50889,0
12,CS46->US30,51675,51675,0
12,CS46->US38,51025,51025,0
12,CS46->US46,51163,51163,0
12,CS46->US54,51751,51751,0
12,CS46->US62,51026,51026,0
12,CS46->US70,51351,51351,0
12,CS46->US78,50794,50794,0
12,CS46->US86,57407,57407,0
12,CS46->US94,51197,51197,0
12,CS46->US102,50799,50799,0
12,CS46->US110,50859,50859,0
12,CS46->US118,57794,57794,0
12,CS46->US126,54435,54435,0
12,CS47->US7,51270,51270,0
12,CS47->US15,50320,50320,0
12,CS47->US23,50685,50685,0
12,CS47->US31,50946,50946,0
12,CS47->US39,51212,51212,0
12,CS47->US47,51470,51470,0
12,CS47->US55,51306,51306,0
12,CS47->US63,51377,51377,0
12,CS47->US71,51304,51304,0
12,CS47->US79,51052,51052,0
12,CS47->US87,57179,57179,0
12,CS47->US95,50851,50851,0
12,CS47->US103,50783,50783,0
12,CS47->US111,50583,50583,0
12,CS47->US119,57695,57695,0
12,CS47->US127,54524,54524,0
12,CS48->US0,51223,51223,0
12,CS48->US8,50504,50504,0
12,CS48->US16,50681,50681,0
12,CS48->US24,50873,50873,0
12,CS48->US32,50982,50982,0
12,CS48->US40,51193,51193,0
12,CS48->US48,51386,51386,0
12,CS48->US56,51372,51372,0
12,CS48->US64,51565,51565,0
12,CS48->US72,50935,50935,0
12,CS48->US80,57952,57952,0
12,CS48->US88,50750,50750,0
12,CS48->US96,51064,51064,0
12,CS48->US104,51224,51224,0
12,CS48->US112,57933,57933,0
12,CS48->US120,54490,54490,0
12,CS49->US1,51729,51729,0
12,CS49->US9,50456,50456,0
12,CS49->US17,51003,51003,0
12,CS49->US25,51152,51152,0
12,CS49->US33,51119,51119,0
12,CS49->US41,51354,51354,0
12,CS49->US49,51526,51526,0
12,CS49->US57,51160,51160,0
12,CS49->US65,51527,51527,0
12,CS49->US73,50745,50745,0
12,CS49->US81,57822,57822,0
12,CS49->US89,51029,51029,0
12,CS49->US97,51082,51082,0
12,CS49->US105,51073,51073,0
12,CS49->US113,57732,57732,0
12,CS49->US121,54065,54065,0
12,CS50->US2,51474,51474,0
12,CS50->US10,50728,50728,0
12,CS50->US18,50408,50408,0
12,CS50->US26,51053,51053,0
12,CS50->US34,51410,51410,0
12,CS50->US42,51526,51526,0
12,CS50->US50,51422,51422,0
12,CS50->US58,50802,50802,0
12,CS50->US66,51421,51421,0
12,CS50->US74,51208,51208,0
12,CS50->US82,57579,57579,0
12,CS50->US90,50694,50694,0
12,CS50->US98,50964,50964,0
12,CS50->US106,50784,50784,0
12,CS50->US114,57655,57655,0
12,CS50->US122,54060,54060,0
12,CS51->US3,51445,51445,0
12,CS51->US11,50605,50605,0
12,CS51->US19,51147,51147,0
12,CS51->US27,51373,51373,0
12,CS51->US35,51119,51119,0
12,CS51->US43,51458,51458,0
12,CS51->US51,51272,51272,0
12,CS51->US59,51224,51224,0
12,CS51->US67,51302,51302,0
12,CS51->US75,50931,50931,0
12,CS51->US83,57832,57832,0
12,CS51->US91,51272,51272,0
12,CS51->US99,50935,50935,0
12,CS51->US107,50851,50851,0
12,CS51->US115,57497,57497,0
12,CS51->US123,54254,54254,0
12,CS52->US4,51216,51216,0
12,CS52->US12,50303,50303,0
12,CS52->US20,50500,50500,0
12,CS52->US28,51616,51616,0
12,CS52->US36,51159,51159,0
12,CS52->US44,51215,51215,0
12,CS52->US52,51728,51728,0
12,CS52->US60,50970,50970,0
12,CS52->US68,51356,51356,0
12,CS52->US76,50953,50953,0
12,CS52->US84,57729,57729,0
12,CS52->US92,50578,50578,0
12,CS52->US100,50821,50821,0
12,CS52->US108,51147,51147,0
12,CS52->US116,57285,57285,0
12,CS52->US124,54181,54181,0
12,CS53->US5,51563,51563,0
12,CS53->US13,50438,50438,0
12,CS53->US21,50516,50516,0
12,CS53->US29,51192,51192,0
12,CS53->US37,50860,50860,0
12,CS53->US45,51107,51107,0
12,CS53->US53,51378,51378,0
12,CS53->US61,50830,50830,0
12,CS53->US69,51193,51193,0
12,CS53->US77,51103,51103,0
12,CS53->US85,57244,57244,0
12,CS53->US93,50760,50760,0
12,CS53->US101,50906,50906,0
12,CS53->US109,51075,51075,0
12,CS53->US117,57782,57782,0
12,CS53->US125,54666,54666,0
12,CS54->US6,51315,51315,0
12,CS54->US14,50300,50300,0
12,CS54->US22,50774,50774,0
12,CS54->US30,51034,51034,0
12,CS54->US38,51654,51654,0
12,CS54->US46,51557,51557,0
12,CS54->US54,51473,51473,0
12,CS54->US62,51358,51358,0
12,CS54->US70,51051,51051,0
12,CS54->US78,51126,51126,0
12,CS54->US86,57496,57496,0
12,CS54->US94,50862,50862,0
12,CS54->US102,50960,50960,0
12,CS54->US110,50906,50906,0
12,CS54->US118,57472,57472,0
12,CS54->US126,53474,53474,0
12,CS55->US7,50989,50989,0
12,CS55->US15,50568,50568,0
12,CS55->US23,50617,50617,0
12,CS55->US31,51069,51069,0
12,CS55->US39,51607,51607,0
12,CS55->US47,51120,51120,0
12,CS55->US55,51422,51422,0
12,CS55->US63,50811,50811,0
12,CS55->US71,51077,51077,0
12,CS55->US79,50521,50521,0
12,CS55->US87,57161,57161,0
12,CS55->US95,51241,51241,0
12,CS55->US103,50925,50925,0
12,CS55->US111,51086,51086,0
12,CS55->US119,57880,57880,0
12,CS55->US127,54480,54480,0
12,CS56->US0,51408,51408,0
12,CS56->US8,50696,50696,0
12,CS56->US16,50436,50436,0
12,CS56->US24,51405,51405,0
12,CS56->US32,51338,51338,0
12,CS56->US40,51048,51048,0
12,CS56->US48,51861,51861,0
12,CS56->US56,51206,51206,0
12,CS56->US64,51307,51307,0
12,CS56->US72,50811,50811,0
12,CS56->US80,57741,57741,0
12,CS56->US88,50722,50722,0
12,CS56->US96,51006,51006,0
12,CS56->US104,50739,50739,0
12,CS56->US112,57798,57798,0
12,CS56->US120,54383,54383,0
12,CS57->US1,51784,51784,0
12,CS57->US9,50794,50794,0
12,CS57->US17,50420,50420,0
12,CS57->US25,50972,50972,0
12,CS57->US33,51191,51191,0
12,CS57->US41,51310,51310,0
12,CS57->US49,51560,51560,0
12,CS57->US57,50664,50664,0
12,CS57->US65,51344,51344,0
12,CS57->US73,50718,50718,0
12,CS57->US81,57568,57568,0
12,CS57->US89,51314,51314,0
12,CS57->US97,51031,51031,0
12,CS57->US105,51138,51138,0
12,CS57->US113,57598,57598,0
12,CS57->US121,54527,54527,0
12,CS58->US2,51237,51237,0
12,CS58->US10,50524,50524,0
12,CS58->US18,50825,50825,0
12,CS58->US26,50929,50929,0
12,CS58->US34,50938,50938,0
12,CS58->US42,51337,51337,0
12,CS58->US50,51294,51294,0
12,CS58->US58,50943,50943,0
12,CS58->US66,51032,51032,0
12,CS58->US74,51287,51287,0
12,CS58->US82,57486,57486,0
12,CS58->US90,50604,50604,0
12,CS58->US98,51155,51155,0
12,CS58->US106,50464,50464,0
12,CS58->US114,57548,57548,0
12,CS58->US122,54740,54740,0
12,CS59->US3,51706,51706,0
12,CS59->US11,50797,50797,0
12,CS59->US19,50731,50731,0
12,CS59->US27,51369,51369,0
12,CS59->US35,51269,51269,0
12,CS59->US43,51222,51222,0
12,CS59->US51,51428,51428,0
12,CS59->US59,51018,51018,0
12,CS59->US67,51025,51025,0
12,CS59->US75,51189,51189,0
12,CS59->US83,57443,57443,0
12,CS59->US91,50819,50819,0
12,CS59->US99,50857,50857,0
12,CS59->US107,50669,50669,0
12,CS59->US115,57236,57236,0
12,CS59->US123,54315,54315,0
12,CS60->US4,51777,51777,0
12,CS60->US12,50659,50659,0
12,CS60->US20,50636,50636,0
12,CS60->US28,51183,51183,0
12,CS60->US36,51284,51284,0
12,CS60->US44,51331,51331,0
12,CS60->US52,51404,51404,0
12,CS60->US60,50879,50879,0
12,CS60->US68,50822,50822,0
12,CS60->US76,51332,51332,0
12,CS60->US84,57554,57554,0
12,CS60->US92,50965,50965,0
12,CS60->US100,50647,50647,0
12,CS60->US108,51200,51200,0
12,CS60->US116,57543,57543,0
12,CS60->US124,54282,54282,0
12,CS61->US5,51483,51483,0
12,CS61->US13,50317,50317,0
12,CS61->US21,50991,50991,0
12,CS61->US29,51577,51577,0
12,CS61->US37,50923,50923,0
12,CS61->US45,51079,51079,0
12,CS61->US53,51598,51598,0
12,CS61->US61,51357,51357,0
12,CS61->US69,51430,51430,0
12,CS61->US77,51270,51270,0
12,CS61->US85,57418,57418,0
12,CS61->US93,50973,50973,0
12,CS61->US101,51029,51029,0
12,CS61->US109,50894,50894,0
12,CS61->US117,57506,57506,0
12,CS61->US125,54399,54399,0
12,CS62->US6,51690,51690,0
12,CS62->US14,50588,50588,0
12,CS62->US22,50528,50528,0
12,CS62->US30,51013,51013,0
12,CS62->US38,51333,51333,0
12,CS62->US46,51055,51055,0
12,CS62->US54,51572,51572,0
12,CS62->US62,50973,50973,0
12,CS62->US70,50887,50887,0
12,CS62->US78,51125,51125,0
12,CS62->US86,57130,57130,0
12,CS62->US94,50874,50874,0
12,CS62->US102,51106,51106,0
12,CS62->US110,51262,51262,0
12,CS62->US118,57437,57437,0
12,CS62->US126,53844,53844,0
12,CS63->US7,51521,51521,0
12,CS63->US15,50464,50464,0
12,CS63->US23,50791,50791,0
12,CS63->US31,51329,51329,0
12,CS63->US39,51068,51068,0
12,CS63->US47,51196,51196,0
12,CS63->US55,51498,51498,0
12,CS63->US63,51336,51336,0
12,CS63->US71,51696,51696,0
12,CS63->US79,51068,51068,0
12,CS63->US87,57753,57753,0
12,CS63->US95,50651,50651,0
12,CS63->US103,51203,51203,0
12,CS63->US111,51173,51173,0
12,CS63->US119,57573,57573,0
12,CS63->US127,54361,54361,0
13,US0->CS0,51636,51636,0
13,US0->CS8,52060,52060,0
13,US0->CS16,51816,51816,0
13,US0->CS24,52000,52000,0
13,US0->CS32,51687,51687,0
13,US0->CS40,51800,51800,0
13,US0->CS48,51667,51667,0
13,US0->CS56,52144,52144,0
13,US1->CS1,51900,51900,0
13,US1->CS9,51883,51883,0
13,US1->CS17,51412,51412,0
13,US1->CS25,51694,51694,0
13,US1->CS33,51610,51610,0
13,US1->CS41,51619,51619,0
13,US1->CS49,51849,51849,0
13,US1->CS57,51832,51832,0
13,US2->CS2,51538,51538,0
13,US2->CS10,51798,51798,0
13,US2->CS18,51426,51426,0
13,US2->CS26,52123,52123,0
13,US2->CS34,52057,52057,0
13,US2->CS42,51646,51646,0
13,US2->CS50,51682,51682,0
13,US2->CS58,51588,51588,0
13,US3->CS3,51737,51737,0
13,US3->CS11,51696,51696,0
13,US3->CS19,51776,51776,0
13,US3->CS27,51780,51780,0
13,US3->CS35,51903,51903,0
13,US3->CS43,51863,51863,0
13,US3->CS51,51618,51618,0
13,US3->CS59,51686,51686,0
13,US4->CS4,51869,51869,0
13,US4->CS12,51649,51649,0
13,US4->CS20,51641,51641,0
13,US4->CS28,51994,51994,0
13,US4->CS36,51697,51697,0
13,US4->CS44,51318,51318,0
13,US4->CS52,52013,52013,0
13,US4->CS60,51701,51701,0
13,US5->CS5,51909,51909,0
13,US5->CS13,51764,51764,0
13,US5->CS21,51815,51815,0
13,US5->CS29,51701,51701,0
13,US5->CS37,51742,51742,0
13,US5->CS45,51540,51540,0
13,US5->CS53,51722,51722,0
13,US5->CS61,51876,51876,0
13,US6->CS6,51717,51717,0
13,US6->CS14,51906,51906,0
13,US6->CS22,51687,51687,0
13,US6->CS30,51788,51788,0
13,US6->CS38,51751,51751,0
13,US6->CS46,52074,52074,0
13,US6->CS54,51764,51764,0
13,US6->CS62,51821,51821,0
13,US7->CS7,51973,51973,0
13,US7->CS15,51427,51427,0
13,US7->CS23,52009,52009,0
13,US7->CS31,51692,51692,0
13,US7->CS39,51765,51765,0
13,US7->CS47,51597,51597,0
13,US7->CS55,51728,51728,0
13,US7->CS63,51794,51794,0
13,US8->CS0,57754,57754,0
13,US8->CS8,57899,57899,0
13,US8->CS16,57683,57683,0
13,US8->CS24,57670,57670,0
13,US8->CS32,57702,57702,0
13,US8->CS40,58021,58021,0
13,US8->CS48,58217,58217,0
13,US8->CS56,58058,58058,0
13,US9->CS1,57960,57960,0
13,US9->CS9,57902,57902,0
13,US9->CS17,57846,57846,0
13,US9->CS25,57662,57662,0
13,US9->CS33,57597,57597,0
13,US9->CS41,57714,57714,0
13,US9->CS49,58102,58102,0
13,US9->CS57,57959,57959,0
13,US10->CS2,57849,57849,0
13,US10->CS10,57583,57583,0
13,US10->CS18,58043,58043,0
13,US10->CS26,58228,58228,0
13,US10->CS34,57903,57903,0
13,US10->CS42,57897,57897,0
13,US10->CS50,57842,57842,0
13,US10->CS58,57747,57747,0
13,US11->CS3,57445,57445,0
13,US11->CS11,58287,58287,0
13,US11->CS19,58033,58033,0
13,US11->CS27,57775,57775,0
13,US11->CS35,57993,57993,0
13,US11->CS43,57515,57515,0
13,US11->CS51,58080,58080,0
13,US11->CS59,57775,57775,0
13,US12->CS4,58076,58076,0
13,US12->CS12,57856,57856,0
13,US12->CS20,57769,57769,0
13,US12->CS28,57712,57712,0
13,US12->CS36,57768,57768,0
13,US12->CS44,57772,57772,0
13,US12->CS52,58005,58005,0
13,US12->CS60,57901,57901,0
13,US13->CS5,57585,57585,0
13,US13->CS13,58141,58141,0
13,US13->CS21,57514,57514,0
13,US13->CS29,57467,57467,0
13,US13->CS37,57574,57574,0
13,US13->CS45,57957,57957,0
13,US13->CS53,57574,57574,0
13,US13->CS61,57732,57732,0
13,US14->CS6,57675,57675,0
13,US14->CS14,57903,57903,0
13,US14->CS22,57571,57571,0
13,US14->CS30,57632,57632,0
13,US14->CS38,58036,58036,0
13,US14->CS46,57754,57754,0
13,US14->CS54,57862,57862,0
13,US14->CS62,57481,57481,0
13,US15->CS7,57556,57556,0
13,US15->CS15,58096,58096,0
13,US15->CS23,57882,57882,0
13,US15->CS31,57981,57981,0
13,US15->CS39,58022,58022,0
13,US15->CS47,57545,57545,0
13,US15->CS55,57517,57517,0
13,US15->CS63,58016,58016,0
13,US16->CS0,54668,54668,0
13,US16->CS8,54689,54689,0
13,US16->CS16,54589,54589,0
13,US16->CS24,54460,54460,0
13,US16->CS32,54545,54545,0
13,US16->CS40,54594,54594,0
13,US16->CS48,54820,54820,0
13,US16->CS56,54655,54655,0
13,US17->CS1,54594,54594,0
13,US17->CS9,54742,54742,0
13,US17->CS17,54168,54168,0
13,US17->CS25,54371,54371,0
13,US17->CS33,54367,54367,0
13,US17->CS41,54588,54588,0
13,US17->CS49,54328,54328,0
13,US17->CS57,54882,54882,0
13,US18->CS2,54363,54363,0
13,US18->CS10,54872,54872,0
13,US18->CS18,54511,54511,0
13,US18->CS26,54776,54776,0
13,US18->CS34,54921,54921,0
13,US18->CS42,54517,54517,0
13,US18->CS50,54448,54448,0
13,US18->CS58,55017,55017,0
13,US19->CS3,54671,54671,0
13,US19->CS11,54327,54327,0
13,US19->CS19,54558,54558,0
13,US19->CS27,54714,54714,0
13,US19->CS35,54546,54546,0
13,US19->CS43,54494,54494,0
13,US19->CS51,54627,54627,0
13,US19->CS59,54607,54607,0
13,US20->CS4,54542,54542,0
13,US20->CS12,54918,54918,0
13,US20->CS20,54479,54479,0
13,US20->CS28,54898,54898,0
13,US20->CS36,55102,55102,0
13,US20->CS44,54880,54880,0
13,US20->CS52,54494,54494,0
13,US20->CS60,54580,54580,0
13,US21->CS5,54576,54576,0
13,US21->CS13,54180,54180,0
13,US21->CS21,54382,54382,0
13,US21->CS29,54778,54778,0
13,US21->CS37,54353,54353,0
13,US21->CS45,54532,54532,0
13,US21->CS53,54915,54915,0
13,US21->CS61,54698,54698,0
13,US22->CS6,55091,55091,0
13,US22->CS14,54468,54468,0
13,US22->CS22,54592,54592,0
13,US22->CS30,54333,54333,0
13,US22->CS38,54192,54192,0
13,US22->CS46,54701,54701,0
13,US22->CS54,53853,53853,0
13,US22->CS62,54196,54196,0
13,US23->CS7,54631,54631,0
13,US23->CS15,54623,54623,0
13,US23->CS23,54128,54128,0
13,US23->CS31,54487,54487,0
13,US23->CS39,54498,54498,0
13,US23->CS47,54835,54835,0
13,US23->CS55,54763,54763,0
13,US23->CS63,54625,54625,0
13,US24->CS0,51354,51354,0
13,US24->CS8,51371,51371,0
13,US24->CS16,51670,51670,0
13,US24->CS24,51271,51271,0
13,US24->CS32,51383,51383,0
13,US24->CS40,51057,51057,0
13,US24->CS48,51552,51552,0
13,US24->CS56,51512,51512,0
13,US25->CS1,50930,50930,0
13,US25->CS9,51523,51523,0
13,US25->CS17,51406,51406,0
13,US25->CS25,51110,51110,0
13,US25->CS33,51569,51569,0
13,US25->CS41,51539,51539,0
13,US25->CS49,51492,51492,0
13,US25->CS57,50926,50926,0
13,US26->CS2,51421,51421,0
13,US26->CS10,51454,51454,0
13,US26->CS18,51278,51278,0
13,US26->CS26,51353,51353,0
13,US26->CS34,50981,50981,0
13,US26->CS42,51141,51141,0
13,US26->CS50,51033,51033,0
13,US26->CS58,51143,51143,0
13,US27->CS3,51254,51254,0
13,US27->CS11,51506,51506,0
13,US27->CS19,51364,51364,0
13,US27->CS27,51402,51402,0
13,US27->CS35,51231,51231,0
13,US27->CS43,50960,50960,0
13,US27->CS51,51427,51427,0
13,US27->CS59,51197,51197,0
13,US28->CS4,51078,51078,0
13,US28->CS12,51367,51367,0
13,US28->CS20,51357,51357,0
13,US28->CS28,51482,51482,0
13,US28->CS36,51555,51555,0
13,US28->CS44,51587,51587,0
13,US28->CS52,51229,51229,0
13,US28->CS60,51115,51115,0
13,US29->CS5,51104,51104,0
13,US29->CS13,51426,51426,0
13,US29->CS21,51572,51572,0
13,US29->CS29,51308,51308,0
13,US29->CS37,51022,51022,0
13,US29->CS45,51146,51146,0
13,US29->CS53,51089,51089,0
13,US29->CS61,51594,51594,0
13,US30->CS6,51440,51440,0
13,US30->CS14,50905,50905,0
13,US30->CS22,51012,51012,0
13,US30->CS30,51301,51301,0
13,US30->CS38,51314,51314,0
13,US30->CS46,51283,51283,0
13,US30->CS54,51566,51566,0
13,US30->CS62,51225,51225,0
13,US31->CS7,51544,51544,0
13,US31->CS15,51991,51991,0
13,US31->CS23,50806,50806,0
13,US31->CS31,51334,51334,0
13,US31->CS39,50984,50984,0
13,US31->CS47,51587,51587,0
13,US31->CS55,51003,51003,0
13,US31->CS63,51526,51526,0
13,US32->CS0,51771,51771,0
13,US32->CS8,51663,51663,0
13,US32->CS16,51480,51480,0
13,US32->CS24,51524,51524,0
13,US32->CS32,51817,51817,0
13,US32->CS40,51490,51490,0
13,US32->CS48,51841,51841,0
13,US32->CS56,51639,51639,0
13,US33->CS1,51395,51395,0
13,US33->CS9,52029,52029,0
13,US33->CS17,51940,51940,0
13,US33->CS25,51978,51978,0
13,US33->CS33,51363,51363,0
13,US33->CS41,51529,51529,0
13,US33->CS49,51925,51925,0
13,US33->CS57,51687,51687,0
13,US34->CS2,51560,51560,0
13,US34->CS10,51736,51736,0
13,US34->CS18,51629,51629,0
13,US34->CS26,51851,51851,0
13,US34->CS34,51700,51700,0
13,US34->CS42,51653,51653,0
13,US34->CS50,51723,51723,0
13,US34->CS58,51376,51376,0
13,US35->CS3,51412,51412,0
13,US35->CS11,51470,51470,0
13,US35->CS19,52001,52001,0
13,US35->CS27,51574,51574,0
13,US35->CS35,51890,51890,0
13,US35->CS43,51735,51735,0
13,US35->CS51,51655,51655,0
13,US35->CS59,51369,51369,0
13,US36->CS4,51416,51416,0
13,US36->CS12,51564,51564,0
13,US36->CS20,51702,51702,0
13,US36->CS28,51243,51243,0
13,US36->CS36,51411,51411,0
13,US36->CS44,51575,51575,0
13,US36->CS52,51710,51710,0
13,US36->CS60,51196,51196,0
13,US37->CS5,51606,51606,0
13,US37->CS13,51954,51954,0
13,US37->CS21,51083,51083,0
13,US37->CS29,51938,51938,0
13,US37->CS37,51405,51405,0
13,US37->CS45,51719,51719,0
13,US37->CS53,51487,51487,0
13,US37->CS61,51735,51735,0
13,US38->CS6,51270,51270,0
13,US38->CS14,51210,51210,0
13,US38->CS22,51787,51787,0
13,US38->CS30,51704,51704,0
13,US38->CS38,51374,51374,0
13,US38->CS46,51711,51711,0
13,US38->CS54,51431,51431,0
13,US38->CS62,51167,51167,0
13,US39->CS7,51673,51673,0
13,US39->CS15,51390,51390,0
13,US39->CS23,51866,51866,0
13,US39->CS31,51869,51869,0
13,US39->CS39,51722,51722,0
13,US39->CS47,51683,51683,0
13,US39->CS55,51392,51392,0
13,US39->CS63,52027,52027,0
13,US40->CS0,57526,57526,0
13,US40->CS8,57742,57742,0
13,US40->CS16,57694,57694,0
13,US40->CS24,57538,57538,0
13,US40->CS32,57569,57569,0
13,US40->CS40,57488,57488,0
13,US40->CS48,58033,58033,0
13,US40->CS56,57887,57887,0
13,US41->CS1,57548,57548,0
13,US41->CS9,57855,57855,0
13,US41->CS17,57801,57801,0
13,US41->CS25,57282,57282,0
13,US41->CS33,57502,57502,0
13,US41->CS41,57350,57350,0
13,US41->CS49,57682,57682,0
13,US41->CS57,57647,57647,0
13,US42->CS2,57523,57523,0
13,US42->CS10,57866,57866,0
13,US42->CS18,57663,57663,0
13,US42->CS26,57530,57530,0
13,US42->CS34,57375,57375,0
13,US42->CS42,57447,57447,0
13,US42->CS50,57676,57676,0
13,US42->CS58,57569,57569,0
13,US43->CS3,57501,57501,0
13,US43->CS11,57682,57682,0
13,US43->CS19,57488,57488,0
13,US43->CS27,57624,57624,0
13,US43->CS35,57606,57606,0
13,US43->CS43,57703,57703,0
13,US43->CS51,57493,57493,0
13,US43->CS59,57280,57280,0
13,US44->CS4,57593,57593,0
13,US44->CS12,57723,57723,0
13,US44->CS20,57449,57449,0
13,US44->CS28,57643,57643,0
13,US44->CS36,57279,57279,0
13,US44->CS44,57306,57306,0
13,US44->CS52,57289,57289,0
13,US44->CS60,57556,57556,0
13,US45->CS5,57355,57355,0
13,US45->CS13,57964,57964,0
13,US45->CS21,57454,57454,0
13,US45->CS29,57530,57530,0
13,US45->CS37,57935,57935,0
13,US45->CS45,57220,57220,0
13,US45->CS53,57730,57730,0
13,US45->CS61,57474,57474,0
13,US46->CS6,58282,58282,0
13,US46->CS14,57223,57223,0
13,US46->CS22,57669,57669,0
13,US46->CS30,57363,57363,0
13,US46->CS38,57924,57924,0
13,US46->CS46,57720,57720,0
13,US46->CS54,57457,57457,0
13,US46->CS62,57460,57460,0
13,US47->CS7,57389,57389,0
13,US47->CS15,57738,57738,0
13,US47->CS23,57802,57802,0
13,US47->CS31,57166,57166,0
13,US47->CS39,57929,57929,0
13,US47->CS47,57695,57695,0
13,US47->CS55,57897,57897,0
13,US47->CS63,57574,57574,0
13,US48->CS0,51948,51948,0
13,US48->CS8,52171,52171,0
13,US48->CS16,52308,52308,0
13,US48->CS24,51804,51804,0
13,US48->CS32,51305,51305,0
13,US48->CS40,51505,51505,0
13,US48->CS48,51486,51486,0
13,US48->CS56,51673,51673,0
13,US49->CS1,51567,51567,0
13,US49->CS9,51427,51427,0
13,US49->CS17,52276,52276,0
13,US49->CS25,51618,51618,0
13,US49->CS33,51604,51604,0
13,US49->CS41,51748,51748,0
13,US49->CS49,52016,52016,0
13,US49->CS57,52134,52134,0
13,US50->CS2,51875,51875,0
13,US50->CS10,52082,52082,0
13,US50->CS18,52089,52089,0
13,US50->CS26,51575,51575,0
13,US50->CS34,51620,51620,0
13,US50->CS42,51607,51607,0
13,US50->CS50,51735,51735,0
13,US50->CS58,51519,51519,0
13,US51->CS3,51670,51670,0
13,US51->CS11,51520,51520,0
13,US51->CS19,51666,51666,0
13,US51->CS27,52095,52095,0
13,US51->CS35,51552,51552,0
13,US51->CS43,51425,51425,0
13,US51->CS51,51740,51740,0
13,US51->CS59,51986,51986,0
13,US52->CS4,51743,51743,0
13,US52->CS12,52273,52273,0
13,US52->CS20,51712,51712,0
13,US52->CS28,51990,51990,0
13,US52->CS36,51958,51958,0
13,US52->CS44,51557,51557,0
13,US52->CS52,51522,51522,0
13,US52->CS60,52068,52068,0
13,US53->CS5,51792,51792,0
13,US53->CS13,51843,51843,0
13,US53->CS21,51936,51936,0
13,US53->CS29,51872,51872,0
13,US53->CS37,51843,51843,0
13,US53->CS45,52000,52000,0
13,US53->CS53,51913,51913,0
13,US53->CS61,51792,51792,0
13,US54->CS6,51743,51743,0
13,US54->CS14,51640,51640,0
13,US54->CS22,51816,51816,0
13,US54->CS30,51640,51640,0
13,US54->CS38,51868,51868,0
13,US54->CS46,51845,51845,0
13,US54->CS54,51597,51597,0
13,US54->CS62,51971,51971,0
13,US55->CS7,51481,51481,0
13,US55->CS15,52004,52004,0
13,US55->CS23,51762,51762,0
13,US55->CS31,51609,51609,0
13,US55->CS39,51769,51769,0
13,US55->CS47,51537,51537,0
13,US55->CS55,51265,51265,0
13,US55->CS63,51709,51709,0
13,US56->CS0,51736,51736,0
13,US56->CS8,51833,51833,0
13,US56->CS16,51755,51755,0
13,US56->CS24,51810,51810,0
13,US56->CS32,51739,51739,0
13,US56->CS40,51577,51577,0
13,US56->CS48,51224,51224,0
13,US56->CS56,51593,51593,0
13,US57->CS1,51856,51856,0
13,US57->CS9,51006,51006,0
13,US57->CS17,51676,51676,0
13,US57->CS25,52096,52096,0
13,US57->CS33,51418,51418,0
13,US57->CS41,51722,51722,0
13,US57->CS49,51487,51487,0
13,US57->CS57,51227,51227,0
13,US58->CS2,51480,51480,0
13,US58->CS10,51616,51616,0
13,US58->CS18,51444,51444,0
13,US58->CS26,51241,51241,0
13,US58->CS34,51355,51355,0
13,US58->CS42,51763,51763,0
13,US58->CS50,51404,51404,0
13,US58->CS58,51193,51193,0
13,US59->CS3,51653,51653,0
13,US59->CS11,51121,51121,0
13,US59->CS19,51605,51605,0
13,US59->CS27,51547,51547,0
13,US59->CS35,51537,51537,0
13,US59->CS43,51235,51235,0
13,US59->CS51,51651,51651,0
13,US59->CS59,51619,51619,0
13,US60->CS4,51734,51734,0
13,US60->CS12,51568,51568,0
13,US60->CS20,51489,51489,0
13,US60->CS28,50918,50918,0
13,US60->CS36,51089,51089,0
13,US60->CS44,51517,51517,0
13,US60->CS52,51913,51913,0
13,US60->CS60,51436,51436,0
13,US61->CS5,51353,51353,0
13,US61->CS13,51796,51796,0
13,US61->CS21,51207,51207,0
13,US61->CS29,51311,51311,0
13,US61->CS37,51338,51338,0
13,US61->CS45,51996,51996,0
13,US61->CS53,51482,51482,0
13,US61->CS61,51837,51837,0
13,US62->CS6,51556,51556,0
13,US62->CS14,51474,51474,0
13,US62->CS22,51889,51889,0
13,US62->CS30,51429,51429,0
13,US62->CS38,50980,50980,0
13,US62->CS46,51930,51930,0
13,US62->CS54,51223,51223,0
13,US62->CS62,51314,51314,0
13,US63->CS7,51490,51490,0
13,US63->CS15,51365,51365,0
13,US63->CS23,51869,51869,0
13,US63->CS31,51907,51907,0
13,US63->CS39,51211,51211,0
13,US63->CS47,51161,51161,0
13,US63->CS55,51290,51290,0
13,US63->CS63,51546,51546,0
13,US64->CS0,51824,51824,0
13,US64->CS8,51531,51531,0
13,US64->CS16,51804,51804,0
13,US64->CS24,51844,51844,0
13,US64->CS32,51510,51510,0
13,US64->CS40,52248,52248,0
13,US64->CS48,51346,51346,0
13,US64->CS56,51649,51649,0
13,US65->CS1,51917,51917,0
13,US65->CS9,51913,51913,0
13,US65->CS17,51397,51397,0
13,US65->CS25,51650,51650,0
13,US65->CS33,51513,51513,0
13,US65->CS41,52012,52012,0
13,US65->CS49,51519,51519,0
13,US65->CS57,51600,51600,0
13,US66->CS2,51264,51264,0
13,US66->CS10,51068,51068,0
13,US66->CS18,51643,51643,0
13,US66->CS26,51945,51945,0
13,US66->CS34,51992,51992,0
13,US66->CS42,51724,51724,0
13,US66->CS50,51780,51780,0
13,US66->CS58,51304,51304,0
13,US67->CS3,51430,51430,0
13,US67->CS11,51859,51859,0
13,US67->CS19,51858,51858,0
13,US67->CS27,51340,51340,0
13,US67->CS35,51553,51553,0
13,US67->CS43,51672,51672,0
13,US67->CS51,51471,51471,0
13,US67->CS59,51587,51587,0
13,US68->CS4,51687,51687,0
13,US68->CS12,51808,51808,0
13,US68->CS20,51833,51833,0
13,US68->CS28,51794,51794,0
13,US68->CS36,51897,51897,0
13,US68->CS44,51402,51402,0
13,US68->CS52,51500,51500,0
13,US68->CS60,51636,51636,0
13,US69->CS5,51681,51681,0
13,US69->CS13,51643,51643,0
13,US69->CS21,51731,51731,0
13,US69->CS29,51680,51680,0
13,US69->CS37,51617,51617,0
13,US69->CS45,51438,51438,0
13,US69->CS53,51170,51170,0
13,US69->CS61,51296,51296,0
13,US70->CS6,51624,51624,0
13,US70->CS14,51694,51694,0
13,US70->CS22,51489,51489,0
13,US70->CS30,51413,51413,0
13,US70->CS38,52170,52170,0
13,US70->CS46,51398,51398,0
13,US70->CS54,52084,52084,0
13,US70->CS62,51696,51696,0
13,US71->CS7,51645,51645,0
13,US71->CS15,51726,51726,0
13,US71->CS23,51533,51533,0
13,US71->CS31,51659,51659,0
13,US71->CS39,51766,51766,0
13,US71->CS47,51661,51661,0
13,US71->CS55,51997,51997,0
13,US71->CS63,51433,51433,0
13,US72->CS0,51235,51235,0
13,US72->CS8,50993,50993,0
13,US72->CS16,51130,51130,0
13,US72->CS24,50431,50431,0
13,US72->CS32,51405,51405,0
13,US72->CS40,50552,50552,0
13,US72->CS48,50843,50843,0
13,US72->CS56,50828,50828,0
13,US73->CS1,50889,50889,0
13,US73->CS9,51140,51140,0
13,US73->CS17,51588,51588,0
13,US73->CS25,50758,50758,0
13,US73->CS33,51110,51110,0
13,US73->CS41,50788,50788,0
13,US73->CS49,51185,51185,0
13,US73->CS57,51480,51480,0
13,US74->CS2,50972,50972,0
13,US74->CS10,51262,51262,0
13,US74->CS18,51408,51408,0
13,US74->CS26,51234,51234,0
13,US74->CS34,50794,50794,0
13,US74->CS42,51315,51315,0
13,US74->CS50,50763,50763,0
13,US74->CS58,50842,50842,0
13,US75->CS3,51178,51178,0
13,US75->CS11,51152,51152,0
13,US75->CS19,50881,50881,0
13,US75->CS27,51059,51059,0
13,US75->CS35,51320,51320,0
13,US75->CS43,50746,50746,0
13,US75->CS51,51372,51372,0
13,US75->CS59,50913,50913,0
13,US76->CS4,50780,50780,0
13,US76->CS12,51138,51138,0
13,US76->CS20,50752,50752,0
13,US76->CS28,51168,51168,0
13,US76->CS36,51343,51343,0
13,US76->CS44,50813,50813,0
13,US76->CS52,50710,50710,0
13,US76->CS60,51125,51125,0
13,US77->CS5,50872,50872,0
13,US77->CS13,50950,50950,0
13,US77->CS21,51258,51258,0
13,US77->CS29,50782,50782,0
13,US77->CS37,50899,50899,0
13,US77->CS45,50630,50630,0
13,US77->CS53,50932,50932,0
13,US77->CS61,51115,51115,0
13,US78->CS6,51233,51233,0
13,US78->CS14,50842,50842,0
13,US78->CS22,51157,51157,0
13,US78->CS30,51259,51259,0
13,US78->CS38,51135,51135,0
13,US78->CS46,51284,51284,0
13,US78->CS54,50985,50985,0
13,US78->CS62,51009,51009,0
13,US79->CS7,51704,51704,0
13,US79->CS15,51480,51480,0
13,US79->CS23,51244,51244,0
13,US79->CS31,51082,51082,0
13,US79->CS39,51389,51389,0
13,US79->CS47,50942,50942,0
13,US79->CS55,51362,51362,0
13,US79->CS63,50795,50795,0
13,US80->CS0,51118,51118,0
13,US80->CS8,51157,51157,0
13,US80->CS16,51011,51011,0
13,US80->CS24,50964,50964,0
13,US80->CS32,50870,50870,0
13,US80->CS40,50870,50870,0
13,US80->CS48,50817,50817,0
13,US80->CS56,51042,51042,0
13,US81->CS1,50808,50808,0
13,US81->CS9,50764,50764,0
13,US81->CS17,50593,50593,0
13,US81->CS25,50684,50684,0
13,US81->CS33,50687,50687,0
13,US81->CS41,50734,50734,0
13,US81->CS49,50719,50719,0
13,US81->CS57,51083,51083,0
13,US82->CS2,50753,50753,0
13,US82->CS10,51043,51043,0
13,US82->CS18,51070,51070,0
13,US82->CS26,51017,51017,0
13,US82->CS34,50859,50859,0
13,US82->CS42,50925,50925,0
13,US82->CS50,50964,50964,0
13,US82->CS58,50883,50883,0
13,US83->CS3,50881,50881,0
13,US83->CS11,51028,51028,0
13,US83->CS19,50914,50914,0
13,US83->CS27,51043,51043,0
13,US83->CS35,50952,50952,0
13,US83->CS43,50812,50812,0
13,US83->CS51,50891,50891,0
13,US83->CS59,51202,51202,0
13,US84->CS4,50880,50880,0
13,US84->CS12,51032,51032,0
13,US84->CS20,50937,50937,0
13,US84->CS28,51138,51138,0
13,US84->CS36,50802,50802,0
13,US84->CS44,50688,50688,0
13,US84->CS52,50624,50624,0
13,US84->CS60,50937,50937,0
13,US85->CS5,51259,51259,0
13,US85->CS13,50735,50735,0
13,US85->CS21,50923,50923,0
13,US85->CS29,50767,50767,0
13,US85->CS37,50568,50568,0
13,US85->CS45,50710,50710,0
13,US85->CS53,50822,50822,0
13,US85->CS61,50649,50649,0
13,US86->CS6,50672,50672,0
13,US86->CS14,50854,50854,0
13,US86->CS22,50968,50968,0
13,US86->CS30,51038,51038,0
13,US86->CS38,50681,50681,0
13,US86->CS46,50995,50995,0
13,US86->CS54,50588,50588,0
13,US86->CS62,50850,50850,0
13,US87->CS7,51227,51227,0
13,US87->CS15,50866,50866,0
13,US87->CS23,50747,50747,0
13,US87->CS31,50985,50985,0
13,US87->CS39,50890,50890,0
13,US87->CS47,50654,50654,0
13,US87->CS55,50861,50861,0
13,US87->CS63,50839,50839,0
13,US88->CS0,51187,51187,0
13,US88->CS8,51038,51038,0
13,US88->CS16,51008,51008,0
13,US88->CS24,51358,51358,0
13,US88->CS32,51418,51418,0
13,US88->CS40,51328,51328,0
13,US88->CS48,51118,51118,0
13,US88->CS56,50919,50919,0
13,US89->CS1,51196,51196,0
13,US89->CS9,51516,51516,0
13,US89->CS17,51359,51359,0
13,US89->CS25,51386,51386,0
13,US89->CS33,51325,51325,0
13,US89->CS41,50819,50819,0
13,US89->CS49,51034,51034,0
13,US89->CS57,50944,50944,0
13,US90->CS2,51008,51008,0
13,US90->CS10,51070,51070,0
13,US90->CS18,51091,51091,0
13,US90->CS26,51208,51208,0
13,US90->CS34,51007,51007,0
13,US90->CS42,51511,51511,0
13,US90->CS50,51433,51433,0
13,US90->CS58,51458,51458,0
13,US91->CS3,51351,51351,0
13,US91->CS11,51109,51109,0
13,US91->CS19,51486,51486,0
13,US91->CS27,50948,50948,0
13,US91->CS35,51306,51306,0
13,US91->CS43,51377,51377,0
13,US91->CS51,51118,51118,0
13,US91->CS59,51415,51415,0
13,US92->CS4,51221,51221,0
13,US92->CS12,51518,51518,0
13,US92->CS20,51047,51047,0
13,US92->CS28,51052,51052,0
13,US92->CS36,50958,50958,0
13,US92->CS44,51439,51439,0
13,US92->CS52,51115,51115,0
13,US92->CS60,51524,51524,0
13,US93->CS5,51355,51355,0
13,US93->CS13,51326,51326,0
13,US93->CS21,51148,51148,0
13,US93->CS29,51071,51071,0
13,US93->CS37,51312,51312,0
13,US93->CS45,51122,51122,0
13,US93->CS53,51297,51297,0
13,US93->CS61,51506,51506,0
13,US94->CS6,51259,51259,0
13,US94->CS14,51048,51048,0
13,US94->CS22,51555,51555,0
13,US94->CS30,51136,51136,0
13,US94->CS38,51227,51227,0
13,US94->CS46,51053,51053,0
13,US94->CS54,51384,51384,0
13,US94->CS62,51324,51324,0
13,US95->CS7,51016,51016,0
13,US95->CS15,51185,51185,0
13,US95->CS23,50779,50779,0
13,US95->CS31,50700,50700,0
13,US95->CS39,51139,51139,0
13,US95->CS47,51216,51216,0
13,US95->CS55,50738,50738,0
13,US95->CS63,51250,51250,0
13,US96->CS0,51629,51629,0
13,US96->CS8,51164,51164,0
13,US96->CS16,51812,51812,0
13,US96->CS24,52056,52056,0
13,US96->CS32,51886,51886,0
13,US96->CS40,51514,51514,0
13,US96->CS48,51764,51764,0
13,US96->CS56,51288,51288,0
13,US97->CS1,51485,51485,0
13,US97->CS9,51636,51636,0
13,US97->CS17,51496,51496,0
13,US97->CS25,51685,51685,0
13,US97->CS33,51240,51240,0
13,US97->CS41,51612,51612,0
13,US97->CS49,51549,51549,0
13,US97->CS57,51681,51681,0
13,US98->CS2,51719,51719,0
13,US98->CS10,51565,51565,0
13,US98->CS18,51919,51919,0
13,US98->CS26,51561,51561,0
13,US98->CS34,51637,51637,0
13,US98->CS42,51703,51703,0
13,US98->CS50,51340,51340,0
13,US98->CS58,50997,50997,0
13,US99->CS3,51420,51420,0
13,US99->CS11,52071,52071,0
13,US99->CS19,52018,52018,0
13,US99->CS27,51501,51501,0
13,US99->CS35,51532,51532,0
13,US99->CS43,51963,51963,0
13,US99->CS51,51383,51383,0
13,US99->CS59,51259,51259,0
13,US100->CS4,51660,51660,0
13,US100->CS12,51749,51749,0
13,US100->CS20,51628,51628,0
13,US100->CS28,51266,51266,0
13,US100->CS36,51667,51667,0
13,US100->CS44,51686,51686,0
13,US100->CS52,51708,51708,0
13,US100->CS60,51807,51807,0
13,US101->CS5,51724,51724,0
13,US101->CS13,51776,51776,0
13,US101->CS21,51321,51321,0
13,US101->CS29,51750,51750,0
13,US101->CS37,51640,51640,0
13,US101->CS45,51929,51929,0
13,US101->CS53,51595,51595,0
13,US101->CS61,51479,51479,0
13,US102->CS6,51637,51637,0
13,US102->CS14,51903,51903,0
13,US102->CS22,51756,51756,0
13,US102->CS30,51285,51285,0
13,US102->CS38,51613,51613,0
13,US102->CS46,51358,51358,0
13,US102->CS54,51420,51420,0
13,US102->CS62,51733,51733,0
13,US103->CS7,51258,51258,0
13,US103->CS15,51847,51847,0
13,US103->CS23,51720,51720,0
13,US103->CS31,51539,51539,0
13,US103->CS39,51386,51386,0
13,US103->CS47,51083,51083,0
13,US103->CS55,51592,51592,0
13,US103->CS63,51741,51741,0
13,US104->CS0,51532,51532,0
13,US104->CS8,51626,51626,0
13,US104->CS16,51611,51611,0
13,US104->CS24,51407,51407,0
13,US104->CS32,51129,51129,0
13,US104->CS40,51343,51343,0
13,US104->CS48,51600,51600,0
13,US104->CS56,51443,51443,0
13,US105->CS1,51373,51373,0
13,US105->CS9,51160,51160,0
13,US105->CS17,51694,51694,0
13,US105->CS25,51351,51351,0
13,US105->CS33,51224,51224,0
13,US105->CS41,51779,51779,0
13,US105->CS49,51540,51540,0
13,US105->CS57,51476,51476,0
13,US106->CS2,51466,51466,0
13,US106->CS10,51419,51419,0
13,US106->CS18,51410,51410,0
13,US106->CS26,51325,51325,0
13,US106->CS34,51307,51307,0
13,US106->CS42,51384,51384,0
13,US106->CS50,51489,51489,0
13,US106->CS58,51651,51651,0
13,US107->CS3,51215,51215,0
13,US107->CS11,51496,51496,0
13,US107->CS19,51217,51217,0
13,US107->CS27,51331,51331,0
13,US107->CS35,50836,50836,0
13,US107->CS43,51912,51912,0
13,US107->CS51,51446,51446,0
13,US107->CS59,51337,51337,0
13,US108->CS4,51305,51305,0
13,US108->CS12,51301,51301,0
13,US108->CS20,51430,51430,0
13,US108->CS28,51209,51209,0
13,US108->CS36,51488,51488,0
13,US108->CS44,51392,51392,0
13,US108->CS52,51312,51312,0
13,US108->CS60,51042,51042,0
13,US109->CS5,51444,51444,0
13,US109->CS13,51565,51565,0
13,US109->CS21,51585,51585,0
13,US109->CS29,51413,51413,0
13,US109->CS37,51364,51364,0
13,US109->CS45,51583,51583,0
13,US109->CS53,51398,51398,0
13,US109->CS61,51477,51477,0
13,US110->CS6,51070,51070,0
13,US110->CS14,51385,51385,0
13,US110->CS22,51319,51319,0
13,US110->CS30,51196,51196,0
13,US110->CS38,51361,51361,0
13,US110->CS46,51214,51214,0
13,US110->CS54,51452,51452,0
13,US110->CS62,51656,51656,0
13,US111->CS7,51374,51374,0
13,US111->CS15,51545,51545,0
13,US111->CS23,51267,51267,0
13,US111->CS31,51435,51435,0
13,US111->CS39,51505,51505,0
13,US111->CS47,51269,51269,0
13,US111->CS55,51477,51477,0
13,US111->CS63,51701,51701,0
13,US112->CS0,51290,51290,0
13,US112->CS8,51274,51274,0
13,US112->CS16,51673,51673,0
13,US112->CS24,51537,51537,0
13,US112->CS32,51535,51535,0
13,US112->CS40,51328,51328,0
13,US112->CS48,51257,51257,0
13,US112->CS56,51144,51144,0
13,US113->CS1,51462,51462,0
13,US113->CS9,51869,51869,0
13,US113->CS17,51052,51052,0
13,US113->CS25,51687,51687,0
13,US113->CS33,51045,51045,0
13,US113->CS41,51301,51301,0
13,US113->CS49,51365,51365,0
13,US113->CS57,51278,51278,0
13,US114->CS2,51773,51773,0
13,US114->CS10,51390,51390,0
13,US114->CS18,51111,51111,0
13,US114->CS26,51393,51393,0
13,US114->CS34,51476,51476,0
13,US114->CS42,51425,51425,0
13,US114->CS50,51596,51596,0
13,US114->CS58,51326,51326,0
13,US115->CS3,51352,51352,0
13,US115->CS11,51175,51175,0
13,US115->CS19,51445,51445,0
13,US115->CS27,51548,51548,0
13,US115->CS35,51088,51088,0
13,US115->CS43,51210,51210,0
13,US115->CS51,51497,51497,0
13,US115->CS59,51243,51243,0
13,US116->CS4,51407,51407,0
13,US116->CS12,51100,51100,0
13,US116->CS20,51316,51316,0
13,US116->CS28,51545,51545,0
13,US116->CS36,51261,51261,0
13,US116->CS44,51697,51697,0
13,US116->CS52,51193,51193,0
13,US116->CS60,51347,51347,0
13,US117->CS5,51581,51581,0
13,US117->CS13,51127,51127,0
13,US117->CS21,51573,51573,0
13,US117->CS29,51306,51306,0
13,US117->CS37,51279,51279,0
13,US117->CS45,51412,51412,0
13,US117->CS53,51068,51068,0
13,US117->CS61,51108,51108,0
13,US118->CS6,51178,51178,0
13,US118->CS14,51313,51313,0
13,US118->CS22,51182,51182,0
13,US118->CS30,51389,51389,0
13,US118->CS38,51566,51566,0
13,US118->CS46,51288,51288,0
13,US118->CS54,51602,51602,0
13,US118->CS62,51052,51052,0
13,US119->CS7,51588,51588,0
13,US119->CS15,51251,51251,0
13,US119->CS23,51005,51005,0
13,US119->CS31,51311,51311,0
13,US119->CS39,51550,51550,0
13,US119->CS47,51556,51556,0
13,US119->CS55,51193,51193,0
13,US119->CS63,51318,51318,0
13,US120->CS0,50703,50703,0
13,US120->CS8,51136,51136,0
13,US120->CS16,50749,50749,0
13,US120->CS24,50672,50672,0
13,US120->CS32,50638,50638,0
13,US120->CS40,50334,50334,0
13,US120->CS48,50806,50806,0
13,US120->CS56,50632,50632,0
13,US121->CS1,51107,51107,0
13,US121->CS9,51185,51185,0
13,US121->CS17,51054,51054,0
13,US121->CS25,50587,50587,0
13,US121->CS33,50733,50733,0
13,US121->CS41,50863,50863,0
13,US121->CS49,51112,51112,0
13,US121->CS57,50445,50445,0
13,US122->CS2,51031,51031,0
13,US122->CS10,50675,50675,0
13,US122->CS18,50903,50903,0
13,US122->CS26,50655,50655,0
13,US122->CS34,50875,50875,0
13,US122->CS42,51124,51124,0
13,US122->CS50,50522,50522,0
13,US122->CS58,51011,51011,0
13,US123->CS3,50806,50806,0
13,US123->CS11,51139,51139,0
13,US123->CS19,50633,50633,0
13,US123->CS27,50535,50535,0
13,US123->CS35,50525,50525,0
13,US123->CS43,50975,50975,0
13,US123->CS51,51330,51330,0
13,US123->CS59,50775,50775,0
13,US124->CS4,50893,50893,0
13,US124->CS12,50930,50930,0
13,US124->CS20,50592,50592,0
13,US124->CS28,50804,50804,0
13,US124->CS36,50951,50951,0
13,US124->CS44,50437,50437,0
13,US124->CS52,50695,50695,0
13,US124->CS60,50740,50740,0
13,US125->CS5,50808,50808,0
13,US125->CS13,51060,51060,0
13,US125->CS21,50851,50851,0
13,US125->CS29,50631,50631,0
13,US125->CS37,51078,51078,0
13,US125->CS45,50907,50907,0
13,US125->CS53,50663,50663,0
13,US125->CS61,51119,51119,0
13,US126->CS6,50584,50584,0
13,US126->CS14,51307,51307,0
13,US126->CS22,50416,50416,0
13,US126->CS30,50648,50648,0
13,US126->CS38,51273,51273,0
13,US126->CS46,50999,50999,0
13,US126->CS54,50874,50874,0
13,US126->CS62,50710,50710,0
13,US127->CS7,50517,50517,0
13,US127->CS15,50789,50789,0
13,US127->CS23,50935,50935,0
13,US127->CS31,50914,50914,0
13,US127->CS39,51004,51004,0
13,US127->CS47,50846,50846,0
13,US127->CS55,50751,50751,0
13,US127->CS63,50997,50997,0
13,CS0->US0,51767,51767,0
13,CS0->US8,51003,51003,0
13,CS0->US16,50864,50864,0
13,CS0->US24,51861,51861,0
13,CS0->US32,51847,51847,0
13,CS0->US40,51335,51335,0
13,CS0->US48,51388,51388,0
13,CS0->US56,51480,51480,0
13,CS0->US64,51716,51716,0
13,CS0->US72,51191,51191,0
13,CS0->US80,57678,57678,0
13,CS0->US88,51272,51272,0
13,CS0->US96,51644,51644,0
13,CS0->US104,51543,51543,0
13,CS0->US112,57623,57623,0
13,CS0->US120,54699,54699,0
13,CS1->US1,51315,51315,0
13,CS1->US9,50887,50887,0
13,CS1->US17,51189,51189,0
13,CS1->US25,51917,51917,0
13,CS1->US33,51898,51898,0
13,CS1->US41,51584,51584,0
13,CS1->US49,51650,51650,0
13,CS1->US57,50932,50932,0
13,CS1->US65,51431,51431,0
13,CS1->US73,51152,51152,0
13,CS1->US81,57969,57969,0
13,CS1->US89,50966,50966,0
13,CS1->US97,51369,51369,0
13,CS1->US105,51476,51476,0
13,CS1->US113,57718,57718,0
13,CS1->US121,54534,54534,0
13,CS2->US2,51602,51602,0
13,CS2->US10,50739,50739,0
13,CS2->US18,51178,51178,0
13,CS2->US26,51557,51557,0
13,CS2->US34,51286,51286,0
13,CS2->US42,51828,51828,0
13,CS2->US50,51291,51291,0
13,CS2->US58,51488,51488,0
13,CS2->US66,51557,51557,0
13,CS2->US74,51006,51006,0
13,CS2->US82,57812,57812,0
13,CS2->US90,51135,51135,0
13,CS2->US98,51540,51540,0
13,CS2->US106,51669,51669,0
13,CS2->US114,57613,57613,0
13,CS2->US122,54294,54294,0
13,CS3->US3,51433,51433,0
13,CS3->US11,50939,50939,0
13,CS3->US19,50996,50996,0
13,CS3->US27,51802,51802,0
13,CS3->US35,51420,51420,0
13,CS3->US43,51464,51464,0
13,CS3->US51,51485,51485,0
13,CS3->US59,51289,51289,0
13,CS3->US67,51455,51455,0
13,CS3->US75,51371,51371,0
13,CS3->US83,57382,57382,0
13,CS3->US91,51252,51252,0
13,CS3->US99,51199,51199,0
13,CS3->US107,51360,51360,0
13,CS3->US115,57527,57527,0
13,CS3->US123,54602,54602,0
13,CS4->US4,51540,51540,0
13,CS4->US12,50859,50859,0
13,CS4->US20,51041,51041,0
13,CS4->US28,51835,51835,0
13,CS4->US36,51634,51634,0
13,CS4->US44,51428,51428,0
13,CS4->US52,51624,51624,0
13,CS4->US60,51190,51190,0
13,CS4->US68,51375,51375,0
13,CS4->US76,51212,51212,0
13,CS4->US84,58025,58025,0
13,CS4->US92,50849,50849,0
13,CS4->US100,51364,51364,0
13,CS4->US108,51678,51678,0
13,CS4->US116,57684,57684,0
13,CS4->US124,54546,54546,0
13,CS5->US5,51488,51488,0
13,CS5->US13,51263,51263,0
13,CS5->US21,51016,51016,0
13,CS5->US29,51444,51444,0
13,CS5->US37,51660,51660,0
13,CS5->US45,51688,51688,0
13,CS5->US53,51648,51648,0
13,CS5->US61,51160,51160,0
13,CS5->US69,51599,51599,0
13,CS5->US77,51353,51353,0
13,CS5->US85,57560,57560,0
13,CS5->US93,51006,51006,0
13,CS5->US101,51538,51538,0
13,CS5->US109,51697,51697,0
13,CS5->US117,57392,57392,0
13,CS5->US125,54492,54492,0
13,CS6->US6,51530,51530,0
13,CS6->US14,50713,50713,0
13,CS6->US22,50775,50775,0
13,CS6->US30,51673,51673,0
13,CS6->US38,51661,51661,0
13,CS6->US46,51208,51208,0
13,CS6->US54,51510,51510,0
13,CS6->US62,51398,51398,0
13,CS6->US70,51297,51297,0
13,CS6->US78,51220,51220,0
13,CS6->US86,57615,57615,0
13,CS6->US94,51345,51345,0
13,CS6->US102,51165,51165,0
13,CS6->US110,51534,51534,0
13,CS6->US118,58346,58346,0
13,CS6->US126,55041,55041,0
13,CS7->US7,51210,51210,0
13,CS7->US15,51312,51312,0
13,CS7->US23,50682,50682,0
13,CS7->US31,51545,51545,0
13,CS7->US39,51635,51635,0
13,CS7->US47,51692,51692,0
13,CS7->US55,51667,51667,0
13,CS7->US63,51463,51463,0
13,CS7->US71,51655,51655,0
13,CS7->US79,50983,50983,0
13,CS7->US87,57563,57563,0
13,CS7->US95,51791,51791,0
13,CS7->US103,51506,51506,0
13,CS7->US111,51229,51229,0
13,CS7->US119,57540,57540,0
13,CS7->US127,54593,54593,0
13,CS8->US0,51918,51918,0
13,CS8->US8,51215,51215,0
13,CS8->US16,51321,51321,0
13,CS8->US24,52002,52002,0
13,CS8->US32,51470,51470,0
13,CS8->US40,51351,51351,0
13,CS8->US48,51778,51778,0
13,CS8->US56,51361,51361,0
13,CS8->US64,51676,51676,0
13,CS8->US72,50960,50960,0
13,CS8->US80,57828,57828,0
13,CS8->US88,51098,51098,0
13,CS8->US96,51710,51710,0
13,CS8->US104,51166,51166,0
13,CS8->US112,57878,57878,0
13,CS8->US120,54615,54615,0
13,CS9->US1,51205,51205,0
13,CS9->US9,50813,50813,0
13,CS9->US17,51391,51391,0
13,CS9->US25,51060,51060,0
13,CS9->US33,51888,51888,0
13,CS9->US41,51955,51955,0
13,CS9->US49,51647,51647,0
13,CS9->US57,51499,51499,0
13,CS9->US65,52044,52044,0
13,CS9->US73,51435,51435,0
13,CS9->US81,57856,57856,0
13,CS9->US89,51176,51176,0
13,CS9->US97,51251,51251,0
13,CS9->US105,51648,51648,0
13,CS9->US113,57971,57971,0
13,CS9->US121,54711,54711,0
13,CS10->US2,51856,51856,0
13,CS10->US10,51071,51071,0
13,CS10->US18,50850,50850,0
13,CS10->US26,51561,51561,0
13,CS10->US34,51053,51053,0
13,CS10->US42,51489,51489,0
13,CS10->US50,51527,51527,0
13,CS10->US58,51537,51537,0
13,CS10->US66,51710,51710,0
13,CS10->US74,50974,50974,0
13,CS10->US82,57717,57717,0
13,CS10->US90,51302,51302,0
13,CS10->US98,51450,51450,0
13,CS10->US106,51566,51566,0
13,CS10->US114,57993,57993,0
13,CS10->US122,54843,54843,0
13,CS11->US3,51209,51209,0
13,CS11->US11,51101,51101,0
13,CS11->US19,51362,51362,0
13,CS11->US27,51298,51298,0
13,CS11->US35,51819,51819,0
13,CS11->US43,51365,51365,0
13,CS11->US51,51455,51455,0
13,CS11->US59,51556,51556,0
13,CS11->US67,51499,51499,0
13,CS11->US75,51037,51037,0
13,CS11->US83,58200,58200,0
13,CS11->US91,51184,51184,0
13,CS11->US99,51484,51484,0
13,CS11->US107,52027,52027,0
13,CS11->US115,57766,57766,0
13,CS11->US123,54276,54276,0
13,CS12->US4,51998,51998,0
13,CS12->US12,51029,51029,0
13,CS12->US20,51079,51079,0
13,CS12->US28,51680,51680,0
13,CS12->US36,51787,51787,0
13,CS12->US44,51261,51261,0
13,CS12->US52,51370,51370,0
13,CS12->US60,51344,51344,0
13,CS12->US68,51577,51577,0
13,CS12->US76,51435,51435,0
13,CS12->US84,57867,57867,0
13,CS12->US92,51201,51201,0
13,CS12->US100,51386,51386,0
13,CS12->US108,51736,51736,0
13,CS12->US116,57847,57847,0
13,CS12->US124,54897,54897,0
13,CS13->US5,51646,51646,0
13,CS13->US13,50777,50777,0
13,CS13->US21,51228,51228,0
13,CS13->US29,51789,51789,0
13,CS13->US37,51634,51634,0
13,CS13->US45,51179,51179,0
13,CS13->US53,51509,51509,0
13,CS13->US61,51428,51428,0
13,CS13->US69,51946,51946,0
13,CS13->US77,51283,51283,0
13,CS13->US85,58175,58175,0
13,CS13->US93,50973,50973,0
13,CS13->US101,51618,51618,0
13,CS13->US109,51784,51784,0
13,CS13->US117,58068,58068,0
13,CS13->US125,54213,54213,0
13,CS14->US6,51385,51385,0
13,CS14->US14,50902,50902,0
13,CS14->US22,51523,51523,0
13,CS14->US30,51541,51541,0
13,CS14->US38,51651,51651,0
13,CS14->US46,51414,51414,0
13,CS14->US54,51655,51655,0
13,CS14->US62,50904,50904,0
13,CS14->US70,51234,51234,0
13,CS14->US78,51019,51019,0
13,CS14->US86,57896,57896,0
13,CS14->US94,50900,50900,0
13,CS14->US102,51427,51427,0
13,CS14->US110,51897,51897,0
13,CS14->US118,57276,57276,0
13,CS14->US126,54451,54451,0
13,CS15->US7,51757,51757,0
13,CS15->US15,50911,50911,0
13,CS15->US23,50908,50908,0
13,CS15->US31,51363,51363,0
13,CS15->US39,51704,51704,0
13,CS15->US47,51365,51365,0
13,CS15->US55,51120,51120,0
13,CS15->US63,51943,51943,0
13,CS15->US71,51448,51448,0
13,CS15->US79,51150,51150,0
13,CS15->US87,58164,58164,0
13,CS15->US95,51490,51490,0
13,CS15->US103,51614,51614,0
13,CS15->US111,51852,51852,0
13,CS15->US119,57912,57912,0
13,CS15->US127,54622,54622,0
13,CS16->US0,52022,52022,0
13,CS16->US8,51001,51001,0
13,CS16->US16,50929,50929,0
13,CS16->US24,51771,51771,0
13,CS16->US32,51813,51813,0
13,CS16->US40,51778,51778,0
13,CS16->US48,51591,51591,0
13,CS16->US56,51741,51741,0
13,CS16->US64,51549,51549,0
13,CS16->US72,50926,50926,0
13,CS16->US80,57711,57711,0
13,CS16->US88,51228,51228,0
13,CS16->US96,51604,51604,0
13,CS16->US104,51787,51787,0
13,CS16->US112,57793,57793,0
13,CS16->US120,54549,54549,0
13,CS17->US1,52023,52023,0
13,CS17->US9,50575,50575,0
13,CS17->US17,51225,51225,0
13,CS17->US25,51793,51793,0
13,CS17->US33,51318,51318,0
13,CS17->US41,51197,51197,0
13,CS17->US49,51227,51227,0
13,CS17->US57,51458,51458,0
13,CS17->US65,51934,51934,0
13,CS17->US73,51308,51308,0
13,CS17->US81,57784,57784,0
13,CS17->US89,51618,51618,0
13,CS17->US97,51746,51746,0
13,CS17->US105,51548,51548,0
13,CS17->US113,57838,57838,0
13,CS17->US121,54166,54166,0
13,CS18->US2,51844,51844,0
13,CS18->US10,51099,51099,0
13,CS18->US18,51094,51094,0
13,CS18->US26,51469,51469,0
13,CS18->US34,51604,51604,0
13,CS18->US42,51222,51222,0
13,CS18->US50,51181,51181,0
13,CS18->US58,51276,51276,0
13,CS18->US66,51607,51607,0
13,CS18->US74,51089,51089,0
13,CS18->US82,57988,57988,0
13,CS18->US90,51427,51427,0
13,CS18->US98,51478,51478,0
13,CS18->US106,51971,51971,0
13,CS18->US114,57736,57736,0
13,CS18->US122,54553,54553,0
13,CS19->US3,51393,51393,0
13,CS19->US11,50972,50972,0
13,CS19->US19,50853,50853,0
13,CS19->US27,51775,51775,0
13,CS19->US35,51849,51849,0
13,CS19->US43,51587,51587,0
13,CS19->US51,51560,51560,0
13,CS19->US59,51429,51429,0
13,CS19->US67,52050,52050,0
13,CS19->US75,51404,51404,0
13,CS19->US83,57989,57989,0
13,CS19->US91,50924,50924,0
13,CS19->US99,51208,51208,0
13,CS19->US107,51899,51899,0
13,CS19->US115,57568,57568,0
13,CS19->US123,54483,54483,0
13,CS20->US4,51432,51432,0
13,CS20->US12,51026,51026,0
13,CS20->US20,50786,50786,0
13,CS20->US28,51545,51545,0
13,CS20->US36,51791,51791,0
13,CS20->US44,51481,51481,0
13,CS20->US52,51382,51382,0
13,CS20->US60,51358,51358,0
13,CS20->US68,51689,51689,0
13,CS20->US76,51020,51020,0
13,CS20->US84,57721,57721,0
13,CS20->US92,50828,50828,0
13,CS20->US100,51525,51525,0
13,CS20->US108,51635,51635,0
13,CS20->US116,57568,57568,0
13,CS20->US124,54346,54346,0
13,CS21->US5,51659,51659,0
13,CS21->US13,50983,50983,0
13,CS21->US21,51104,51104,0
13,CS21->US29,51277,51277,0
13,CS21->US37,51686,51686,0
13,CS21->US45,51662,51662,0
13,CS21->US53,51478,51478,0
13,CS21->US61,51528,51528,0
13,CS21->US69,51120,51120,0
13,CS21->US77,51029,51029,0
13,CS21->US85,57468,57468,0
13,CS21->US93,51356,51356,0
13,CS21->US101,51633,51633,0
13,CS21->US109,51319,51319,0
13,CS21->US117,57680,57680,0
13,CS21->US125,54371,54371,0
13,CS22->US6,51554,51554,0
13,CS22->US14,50957,50957,0
13,CS22->US22,50575,50575,0
13,CS22->US30,51874,51874,0
13,CS22->US38,51516,51516,0
13,CS22->US46,51280,51280,0
13,CS22->US54,51442,51442,0
13,CS22->US62,51080,51080,0
13,CS22->US70,51707,51707,0
13,CS22->US78,51517,51517,0
13,CS22->US86,57605,57605,0
13,CS22->US94,51222,51222,0
13,CS22->US102,51431,51431,0
13,CS22->US110,51752,51752,0
13,CS22->US118,57751,57751,0
13,CS22->US126,54602,54602,0
13,CS23->US7,51487,51487,0
13,CS23->US15,50793,50793,0
13,CS23->US23,51186,51186,0
13,CS23->US31,51920,51920,0
13,CS23->US39,51510,51510,0
13,CS23->US47,51159,51159,0
13,CS23->US55,51778,51778,0
13,CS23->US63,50822,50822,0
13,CS23->US71,51795,51795,0
13,CS23->US79,50702,50702,0
13,CS23->US87,57875,57875,0
13,CS23->US95,51289,51289,0
13,CS23->US103,51394,51394,0
13,CS23->US111,51701,51701,0
13,CS23->US119,57857,57857,0
13,CS23->US127,54086,54086,0
13,CS24->US0,51534,51534,0
13,CS24->US8,51005,51005,0
13,CS24->US16,50871,50871,0
13,CS24->US24,51714,51714,0
13,CS24->US32,51808,51808,0
13,CS24->US40,51589,51589,0
13,CS24->US48,51755,51755,0
13,CS24->US56,51319,51319,0
13,CS24->US64,51485,51485,0
13,CS24->US72,51264,51264,0
13,CS24->US80,57692,57692,0
13,CS24->US88,50596,50596,0
13,CS24->US96,51494,51494,0
13,CS24->US104,52186,52186,0
13,CS24->US112,57658,57658,0
13,CS24->US120,54376,54376,0
13,CS25->US1,51333,51333,0
13,CS25->US9,50656,50656,0
13,CS25->US17,50736,50736,0
13,CS25->US25,52251,52251,0
13,CS25->US33,51676,51676,0
13,CS25->US41,51880,51880,0
13,CS25->US49,51449,51449,0
13,CS25->US57,51166,51166,0
13,CS25->US65,52034,52034,0
13,CS25->US73,51391,51391,0
13,CS25->US81,57610,57610,0
13,CS25->US89,50752,50752,0
13,CS25->US97,51341,51341,0
13,CS25->US105,51596,51596,0
13,CS25->US113,57333,57333,0
13,CS25->US121,54395,54395,0
13,CS26->US2,51259,51259,0
13,CS26->US10,50998,50998,0
13,CS26->US18,50808,50808,0
13,CS26->US26,51296,51296,0
13,CS26->US34,51926,51926,0
13,CS26->US42,51523,51523,0
13,CS26->US50,51834,51834,0
13,CS26->US58,51466,51466,0
13,CS26->US66,51862,51862,0
13,CS26->US74,51117,51117,0
13,CS26->US82,58224,58224,0
13,CS26->US90,51324,51324,0
13,CS26->US98,51339,51339,0
13,CS26->US106,51574,51574,0
13,CS26->US114,57712,57712,0
13,CS26->US122,54753,54753,0
13,CS27->US3,51860,51860,0
13,CS27->US11,51001,51001,0
13,CS27->US19,50718,50718,0
13,CS27->US27,51631,51631,0
13,CS27->US35,51348,51348,0
13,CS27->US43,51655,51655,0
13,CS27->US51,51528,51528,0
13,CS27->US59,51413,51413,0
13,CS27->US67,51606,51606,0
13,CS27->US75,50907,50907,0
13,CS27->US83,57764,57764,0
13,CS27->US91,51131,51131,0
13,CS27->US99,51371,51371,0
13,CS27->US107,51458,51458,0
13,CS27->US115,57696,57696,0
13,CS27->US123,54729,54729,0
13,CS28->US4,51711,51711,0
13,CS28->US12,51178,51178,0
13,CS28->US20,50918,50918,0
13,CS28->US28,51056,51056,0
13,CS28->US36,51790,51790,0
13,CS28->US44,51649,51649,0
13,CS28->US52,51745,51745,0
13,CS28->US60,51490,51490,0
13,CS28->US68,51265,51265,0
13,CS28->US76,51049,51049,0
13,CS28->US84,57679,57679,0
13,CS28->US92,51255,51255,0
13,CS28->US100,51250,51250,0
13,CS28->US108,51225,51225,0
13,CS28->US116,57721,57721,0
13,CS28->US124,54875,54875,0
13,CS29->US5,51654,51654,0
13,CS29->US13,50746,50746,0
13,CS29->US21,50781,50781,0
13,CS29->US29,51342,51342,0
13,CS29->US37,51707,51707,0
13,CS29->US45,51345,51345,0
13,CS29->US53,51425,51425,0
13,CS29->US61,51375,51375,0
13,CS29->US69,51932,51932,0
13,CS29->US77,51065,51065,0
13,CS29->US85,57468,57468,0
13,CS29->US93,50832,50832,0
13,CS29->US101,51481,51481,0
13,CS29->US109,51721,51721,0
13,CS29->US117,57632,57632,0
13,CS29->US125,54799,54799,0
13,CS30->US6,51409,51409,0
13,CS30->US14,51040,51040,0
13,CS30->US22,50732,50732,0
13,CS30->US30,51549,51549,0
13,CS30->US38,51440,51440,0
13,CS30->US46,51418,51418,0
13,CS30->US54,51548,51548,0
13,CS30->US62,51361,51361,0
13,CS30->US70,51711,51711,0
13,CS30->US78,51153,51153,0
13,CS30->US86,57600,57600,0
13,CS30->US94,51352,51352,0
13,CS30->US102,51220,51220,0
13,CS30->US110,51227,51227,0
13,CS30->US118,57445,57445,0
13,CS30->US126,54349,54349,0
13,CS31->US7,51339,51339,0
13,CS31->US15,51013,51013,0
13,CS31->US23,51030,51030,0
13,CS31->US31,51966,51966,0
13,CS31->US39,51677,51677,0
13,CS31->US47,51430,51430,0
13,CS31->US55,51418,51418,0
13,CS31->US63,51349,51349,0
13,CS31->US71,51865,51865,0
13,CS31->US79,50735,50735,0
13,CS31->US87,57979,57979,0
13,CS31->US95,51186,51186,0
13,CS31->US103,51498,51498,0
13,CS31->US111,51476,51476,0
13,CS31->US119,57277,57277,0
13,CS31->US127,54432,54432,0
13,CS32->US0,51038,51038,0
13,CS32->US8,50878,50878,0
13,CS32->US16,50776,50776,0
13,CS32->US24,51808,51808,0
13,CS32->US32,51503,51503,0
13,CS32->US40,51628,51628,0
13,CS32->US48,51406,51406,0
13,CS32->US56,51392,51392,0
13,CS32->US64,51761,51761,0
13,CS32->US72,51422,51422,0
13,CS32->US80,57713,57713,0
13,CS32->US88,51506,51506,0
13,CS32->US96,51265,51265,0
13,CS32->US104,51846,51846,0
13,CS32->US112,57675,57675,0
13,CS32->US120,54521,54521,0
13,CS33->US1,51355,51355,0
13,CS33->US9,50647,50647,0
13,CS33->US17,50952,50952,0
13,CS33->US25,51481,51481,0
13,CS33->US33,51533,51533,0
13,CS33->US41,51116,51116,0
13,CS33->US49,51350,51350,0
13,CS33->US57,51586,51586,0
13,CS33->US65,51403,51403,0
13,CS33->US73,51244,51244,0
13,CS33->US81,57593,57593,0
13,CS33->US89,51215,51215,0
13,CS33->US97,51267,51267,0
13,CS33->US105,51151,51151,0
13,CS33->US113,57634,57634,0
13,CS33->US121,54380,54380,0
13,CS34->US2,51374,51374,0
13,CS34->US10,50903,50903,0
13,CS34->US18,51012,51012,0
13,CS34->US26,51398,51398,0
13,CS34->US34,51938,51938,0
13,CS34->US42,51518,51518,0
13,CS34->US50,51780,51780,0
13,CS34->US58,50991,50991,0
13,CS34->US66,51753,51753,0
13,CS34->US74,50995,50995,0
13,CS34->US82,57923,57923,0
13,CS34->US90,50892,50892,0
13,CS34->US98,51305,51305,0
13,CS34->US106,51656,51656,0
13,CS34->US114,57499,57499,0
13,CS34->US122,54922,54922,0
13,CS35->US3,51218,51218,0
13,CS35->US11,51020,51020,0
13,CS35->US19,50740,50740,0
13,CS35->US27,51608,51608,0
13,CS35->US35,51488,51488,0
13,CS35->US43,51300,51300,0
13,CS35->US51,51638,51638,0
13,CS35->US59,51276,51276,0
13,CS35->US67,51872,51872,0
13,CS35->US75,51176,51176,0
13,CS35->US83,58015,58015,0
13,CS35->US91,51377,51377,0
13,CS35->US99,50879,50879,0
13,CS35->US107,51562,51562,0
13,CS35->US115,57728,57728,0
13,CS35->US123,54473,54473,0
13,CS36->US4,51626,51626,0
13,CS36->US12,50857,50857,0
13,CS36->US20,51184,51184,0
13,CS36->US28,51222,51222,0
13,CS36->US36,51897,51897,0
13,CS36->US44,51482,51482,0
13,CS36->US52,51429,51429,0
13,CS36->US60,51589,51589,0
13,CS36->US68,51416,51416,0
13,CS36->US76,50879,50879,0
13,CS36->US84,57681,57681,0
13,CS36->US92,51342,51342,0
13,CS36->US100,51541,51541,0
13,CS36->US108,51642,51642,0
13,CS36->US116,57372,57372,0
13,CS36->US124,55067,55067,0
13,CS37->US5,51626,51626,0
13,CS37->US13,50619,50619,0
13,CS37->US21,51310,51310,0
13,CS37->US29,51427,51427,0
13,CS37->US37,51569,51569,0
13,CS37->US45,51293,51293,0
13,CS37->US53,51559,51559,0
13,CS37->US61,51096,51096,0
13,CS37->US69,51428,51428,0
13,CS37->US77,51295,51295,0
13,CS37->US85,57471,57471,0
13,CS37->US93,51076,51076,0
13,CS37->US101,51359,51359,0
13,CS37->US109,51655,51655,0
13,CS37->US117,57950,57950,0
13,CS37->US125,54236,54236,0
13,CS38->US6,51664,51664,0
13,CS38->US14,50640,50640,0
13,CS38->US22,51495,51495,0
13,CS38->US30,51053,51053,0
13,CS38->US38,52106,52106,0
13,CS38->US46,51630,51630,0
13,CS38->US54,51471,51471,0
13,CS38->US62,51352,51352,0
13,CS38->US70,51370,51370,0
13,CS38->US78,51191,51191,0
13,CS38->US86,57920,57920,0
13,CS38->US94,51185,51185,0
13,CS38->US102,51455,51455,0
13,CS38->US110,51664,51664,0
13,CS38->US118,58074,58074,0
13,CS38->US126,54195,54195,0
13,CS39->US7,51485,51485,0
13,CS39->US15,50925,50925,0
13,CS39->US23,51160,51160,0
13,CS39->US31,51245,51245,0
13,CS39->US39,51696,51696,0
13,CS39->US47,51697,51697,0
13,CS39->US55,51475,51475,0
13,CS39->US63,51018,51018,0
13,CS39->US71,51723,51723,0
13,CS39->US79,51139,51139,0
13,CS39->US87,58008,58008,0
13,CS39->US95,51458,51458,0
13,CS39->US103,51582,51582,0
13,CS39->US111,51444,51444,0
13,CS39->US119,58055,58055,0
13,CS39->US127,54419,54419,0
13,CS40->US0,51223,51223,0
13,CS40->US8,50956,50956,0
13,CS40->US16,50511,50511,0
13,CS40->US24,51658,51658,0
13,CS40->US32,52196,52196,0
13,CS40->US40,51425,51425,0
13,CS40->US48,51532,51532,0
13,CS40->US56,51094,51094,0
13,CS40->US64,51475,51475,0
13,CS40->US72,51234,51234,0
13,CS40->US80,58018,58018,0
13,CS40->US88,50620,50620,0
13,CS40->US96,51405,51405,0
13,CS40->US104,51521,51521,0
13,CS40->US112,57640,57640,0
13,CS40->US120,54541,54541,0
13,CS41->US1,51531,51531,0
13,CS41->US9,50776,50776,0
13,CS41->US17,51042,51042,0
13,CS41->US25,51792,51792,0
13,CS41->US33,52018,52018,0
13,CS41->US41,51423,51423,0
13,CS41->US49,51350,51350,0
13,CS41->US57,51567,51567,0
13,CS41->US65,51540,51540,0
13,CS41->US73,50822,50822,0
13,CS41->US81,57678,57678,0
13,CS41->US89,50732,50732,0
13,CS41->US97,51847,51847,0
13,CS41->US105,51590,51590,0
13,CS41->US113,57419,57419,0
13,CS41->US121,54590,54590,0
13,CS42->US2,51356,51356,0
13,CS42->US10,50944,50944,0
13,CS42->US18,51299,51299,0
13,CS42->US26,51776,51776,0
13,CS42->US34,51652,51652,0
13,CS42->US42,51510,51510,0
13,CS42->US50,51421,51421,0
13,CS42->US58,51218,51218,0
13,CS42->US66,51573,51573,0
13,CS42->US74,51423,51423,0
13,CS42->US82,57969,57969,0
13,CS42->US90,51392,51392,0
13,CS42->US98,51511,51511,0
13,CS42->US106,51756,51756,0
13,CS42->US114,57519,57519,0
13,CS42->US122,54463,54463,0
13,CS43->US3,51170,51170,0
13,CS43->US11,50819,50819,0
13,CS43->US19,51115,51115,0
13,CS43->US27,51253,51253,0
13,CS43->US35,51665,51665,0
13,CS43->US43,51325,51325,0
13,CS43->US51,51636,51636,0
13,CS43->US59,51010,51010,0
13,CS43->US67,51791,51791,0
13,CS43->US75,51378,51378,0
13,CS43->US83,57543,57543,0
13,CS43->US91,50794,50794,0
13,CS43->US99,51909,51909,0
13,CS43->US107,51939,51939,0
13,CS43->US115,57774,57774,0
13,CS43->US123,54476,54476,0
13,CS44->US4,51272,51272,0
13,CS44->US12,50742,50742,0
13,CS44->US20,50642,50642,0
13,CS44->US28,51605,51605,0
13,CS44->US36,51453,51453,0
13,CS44->US44,51719,51719,0
13,CS44->US52,51057,51057,0
13,CS44->US60,51638,51638,0
13,CS44->US68,51603,51603,0
13,CS44->US76,51305,51305,0
13,CS44->US84,57808,57808,0
13,CS44->US92,50966,50966,0
13,CS44->US100,51388,51388,0
13,CS44->US108,51562,51562,0
13,CS44->US116,57445,57445,0
13,CS44->US124,54861,54861,0
13,CS45->US5,51760,51760,0
13,CS45->US13,50735,50735,0
13,CS45->US21,51079,51079,0
13,CS45->US29,52096,52096,0
13,CS45->US37,51448,51448,0
13,CS45->US45,51481,51481,0
13,CS45->US53,51355,51355,0
13,CS45->US61,51241,51241,0
13,CS45->US69,51745,51745,0
13,CS45->US77,51101,51101,0
13,CS45->US85,57950,57950,0
13,CS45->US93,50744,50744,0
13,CS45->US101,51576,51576,0
13,CS45->US109,51844,51844,0
13,CS45->US117,57236,57236,0
13,CS45->US125,54450,54450,0
13,CS46->US6,51642,51642,0
13,CS46->US14,50962,50962,0
13,CS46->US22,51166,51166,0
13,CS46->US30,52011,52011,0
13,CS46->US38,51355,51355,0
13,CS46->US46,51313,51313,0
13,CS46->US54,51778,51778,0
13,CS46->US62,51293,51293,0
13,CS46->US70,51679,51679,0
13,CS46->US78,50978,50978,0
13,CS46->US86,57757,57757,0
13,CS46->US94,51392,51392,0
13,CS46->US102,51333,51333,0
13,CS46->US110,51354,51354,0
13,CS46->US118,57887,57887,0
13,CS46->US126,54707,54707,0
13,CS47->US7,51307,51307,0
13,CS47->US15,50643,50643,0
13,CS47->US23,50964,50964,0
13,CS47->US31,51254,51254,0
13,CS47->US39,51562,51562,0
13,CS47->US47,51605,51605,0
13,CS47->US55,51334,51334,0
13,CS47->US63,51667,51667,0
13,CS47->US71,51660,51660,0
13,CS47->US79,51237,51237,0
13,CS47->US87,57495,57495,0
13,CS47->US95,51037,51037,0
13,CS47->US103,51356,51356,0
13,CS47->US111,51157,51157,0
13,CS47->US119,57801,57801,0
13,CS47->US127,54788,54788,0
13,CS48->US0,51250,51250,0
13,CS48->US8,50842,50842,0
13,CS48->US16,50940,50940,0
13,CS48->US24,51206,51206,0
13,CS48->US32,51319,51319,0
13,CS48->US40,51337,51337,0
13,CS48->US48,51436,51436,0
13,CS48->US56,51637,51637,0
13,CS48->US64,51906,51906,0
13,CS48->US72,51123,51123,0
13,CS48->US80,58326,58326,0
13,CS48->US88,50940,50940,0
13,CS48->US96,51554,51554,0
13,CS48->US104,51778,51778,0
13,CS48->US112,58047,58047,0
13,CS48->US120,54750,54750,0
13,CS49->US1,51777,51777,0
13,CS49->US9,50813,50813,0
13,CS49->US17,51289,51289,0
13,CS49->US25,51497,51497,0
13,CS49->US33,51454,51454,0
13,CS49->US41,51480,51480,0
13,CS49->US49,51568,51568,0
13,CS49->US57,51412,51412,0
13,CS49->US65,51880,51880,0
13,CS49->US73,50907,50907,0
13,CS49->US81,58166,58166,0
13,CS49->US89,51206,51206,0
13,CS49->US97,51666,51666,0
13,CS49->US105,51597,51597,0
13,CS49->US113,57856,57856,0
13,CS49->US121,54336,54336,0
13,CS50->US2,51511,51511,0
13,CS50->US10,51086,51086,0
13,CS50->US18,50669,50669,0
13,CS50->US26,51381,51381,0
13,CS50->US34,51733,51733,0
13,CS50->US42,51666,51666,0
13,CS50->US50,51452,51452,0
13,CS50->US58,51071,51071,0
13,CS50->US66,51727,51727,0
13,CS50->US74,51377,51377,0
13,CS50->US82,57936,57936,0
13,CS50->US90,50883,50883,0
13,CS50->US98,51482,51482,0
13,CS50->US106,51365,51365,0
13,CS50->US114,57766,57766,0
13,CS50->US122,54325,54325,0
13,CS51->US3,51485,51485,0
13,CS51->US11,50953,50953,0
13,CS51->US19,51416,51416,0
13,CS51->US27,51683,51683,0
13,CS51->US35,51475,51475,0
13,CS51->US43,51597,51597,0
13,CS51->US51,51306,51306,0
13,CS51->US59,51495,51495,0
13,CS51->US67,51665,51665,0
13,CS51->US75,51115,51115,0
13,CS51->US83,58168,58168,0
13,CS51->US91,51475,51475,0
13,CS51->US99,51455,51455,0
13,CS51->US107,51360,51360,0
13,CS51->US115,57621,57621,0
13,CS51->US123,54530,54530,0
13,CS52->US4,51243,51243,0
13,CS52->US12,50631,50631,0
13,CS52->US20,50735,50735,0
13,CS52->US28,51911,51911,0
13,CS52->US36,51514,51514,0
13,CS52->US44,51337,51337,0
13,CS52->US52,51756,51756,0
13,CS52->US60,51251,51251,0
13,CS52->US68,51707,51707,0
13,CS52->US76,51148,51148,0
13,CS52->US84,58101,58101,0
13,CS52->US92,50764,50764,0
13,CS52->US100,51408,51408,0
13,CS52->US108,51671,51671,0
13,CS52->US116,57402,57402,0
13,CS52->US124,54453,54453,0
13,CS53->US5,51588,51588,0
13,CS53->US13,50745,50745,0
13,CS53->US21,50795,50795,0
13,CS53->US29,51500,51500,0
13,CS53->US37,51220,51220,0
13,CS53->US45,51247,51247,0
13,CS53->US53,51408,51408,0
13,CS53->US61,51129,51129,0
13,CS53->US69,51526,51526,0
13,CS53->US77,51269,51269,0
13,CS53->US85,57587,57587,0
13,CS53->US93,50957,50957,0
13,CS53->US101,51444,51444,0
13,CS53->US109,51569,51569,0
13,CS53->US117,57885,57885,0
13,CS53->US125,54988,54988,0
13,CS54->US6,51357,51357,0
13,CS54->US14,50627,50627,0
13,CS54->US22,51063,51063,0
13,CS54->US30,51342,51342,0
13,CS54->US38,52002,52002,0
13,CS54->US46,51709,51709,0
13,CS54->US54,51509,51509,0
13,CS54->US62,51620,51620,0
13,CS54->US70,51388,51388,0
13,CS54->US78,51296,51296,0
13,CS54->US86,57817,57817,0
13,CS54->US94,51077,51077,0
13,CS54->US102,51528,51528,0
13,CS54->US110,51461,51461,0
13,CS54->US118,57578,57578,0
13,CS54->US126,53768,53768,0
13,CS55->US7,51022,51022,0
13,CS55->US15,50916,50916,0
13,CS55->US23,50935,50935,0
13,CS55->US31,51382,51382,0
13,CS55->US39,51945,51945,0
13,CS55->US47,51266,51266,0
13,CS55->US55,51455,51455,0
13,CS55->US63,51098,51098,0
13,CS55->US71,51460,51460,0
13,CS55->US79,50683,50683,0
13,CS55->US87,57495,57495,0
13,CS55->US95,51418,51418,0
13,CS55->US103,51413,51413,0
13,CS55->US111,51612,51612,0
13,CS55->US119,58003,58003,0
13,CS55->US127,54723,54723,0
13,CS56->US0,51438,51438,0
13,CS56->US8,51055,51055,0
13,CS56->US16,50692,50692,0
13,CS56->US24,51723,51723,0
13,CS56->US32,51656,51656,0
13,CS56->US40,51191,51191,0
13,CS56->US48,51897,51897,0
13,CS56->US56,51481,51481,0
13,CS56->US64,51646,51646,0
13,CS56->US72,50990,50990,0
13,CS56->US80,58060,58060,0
13,CS56->US88,50908,50908,0
13,CS56->US96,51562,51562,0
13,CS56->US104,51239,51239,0
13,CS56->US112,57913,57913,0
13,CS56->US120,54655,54655,0
13,CS57->US1,51820,51820,0
13,CS57->US9,51137,51137,0
13,CS57->US17,50732,50732,0
13,CS57->US25,51303,51303,0
13,CS57->US33,51553,51553,0
13,CS57->US41,51462,51462,0
13,CS57->US49,51598,51598,0
13,CS57->US57,50952,50952,0
13,CS57->US65,51668,51668,0
13,CS57->US73,50858,50858,0
13,CS57->US81,57915,57915,0
13,CS57->US89,51533,51533,0
13,CS57->US97,51572,51572,0
13,CS57->US105,51667,51667,0
13,CS57->US113,57709,57709,0
13,CS57->US121,54802,54802,0
13,CS58->US2,51267,51267,0
13,CS58->US10,50851,50851,0
13,CS58->US18,51126,51126,0
13,CS58->US26,51224,51224,0
13,CS58->US34,51271,51271,0
13,CS58->US42,51494,51494,0
13,CS58->US50,51333,51333,0
13,CS58->US58,51228,51228,0
13,CS58->US66,51390,51390,0
13,CS58->US74,51452,51452,0
13,CS58->US82,57820,57820,0
13,CS58->US90,50789,50789,0
13,CS58->US98,51708,51708,0
13,CS58->US106,50991,50991,0
13,CS58->US114,57650,57650,0
13,CS58->US122,55030,55030,0
13,CS59->US3,51730,51730,0
13,CS59->US11,51149,51149,0
13,CS59->US19,50990,50990,0
13,CS59->US27,51676,51676,0
13,CS59->US35,51637,51637,0
13,CS59->US43,51355,51355,0
13,CS59->US51,51458,51458,0
13,CS59->US59,51313,51313,0
13,CS59->US67,51361,51361,0
13,CS59->US75,51345,51345,0
13,CS59->US83,57757,57757,0
13,CS59->US91,51010,51010,0
13,CS59->US99,51362,51362,0
13,CS59->US107,51184,51184,0
13,CS59->US115,57349,57349,0
13,CS59->US123,54574,54574,0
13,CS60->US4,51814,51814,0
13,CS60->US12,50973,50973,0
13,CS60->US20,50917,50917,0
13,CS60->US28,51495,51495,0
13,CS60->US36,51649,51649,0
13,CS60->US44,51493,51493,0
13,CS60->US52,51437,51437,0
13,CS60->US60,51133,51133,0
13,CS60->US68,51116,51116,0
13,CS60->US76,51523,51523,0
13,CS60->US84,57880,57880,0
13,CS60->US92,51144,51144,0
13,CS60->US100,51171,51171,0
13,CS60->US108,51752,51752,0
13,CS60->US116,57648,57648,0
13,CS60->US124,54566,54566,0
13,CS61->US5,51508,51508,0
13,CS61->US13,50631,50631,0
13,CS61->US21,51258,51258,0
13,CS61->US29,51921,51921,0
13,CS61->US37,51268,51268,0
13,CS61->US45,51243,51243,0
13,CS61->US53,51632,51632,0
13,CS61->US61,51659,51659,0
13,CS61->US69,51752,51752,0
13,CS61->US77,51438,51438,0
13,CS61->US85,57758,57758,0
13,CS61->US93,51161,51161,0
13,CS61->US101,51527,51527,0
13,CS61->US109,51424,51424,0
13,CS61->US117,57620,57620,0
13,CS61->US125,54687,54687,0
13,CS62->US6,51717,51717,0
13,CS62->US14,50921,50921,0
13,CS62->US22,50836,50836,0
13,CS62->US30,51329,51329,0
13,CS62->US38,51672,51672,0
13,CS62->US46,51191,51191,0
13,CS62->US54,51607,51607,0
13,CS62->US62,51241,51241,0
13,CS62->US70,51227,51227,0
13,CS62->US78,51310,51310,0
13,CS62->US86,57480,57480,0
13,CS62->US94,51073,51073,0
13,CS62->US102,51647,51647,0
13,CS62->US110,51772,51772,0
13,CS62->US118,57533,57533,0
13,CS62->US126,54109,54109,0
13,CS63->US7,51557,51557,0
13,CS63->US15,50812,50812,0
13,CS63->US23,51074,51074,0
13,CS63->US31,51669,51669,0
13,CS63->US39,51417,51417,0
13,CS63->US47,51335,51335,0
13,CS63->US55,51524,51524,0
13,CS63->US63,51643,51643,0
13,CS63->US71,52044,52044,0
13,CS63->US79,51250,51250,0
13,CS63->US87,58076,58076,0
13,CS63->US95,50820,50820,0
13,CS63->US103,51712,51712,0
13,CS63->US111,51666,51666,0
13,CS63->US119,57675,57675,0
13,CS63->US127,54617,54617,0
14,US0->CS0,51725,51725,0
14,US0->CS8,52135,52135,0
14,US0->CS16,51891,51891,0
14,US0->CS24,52076,52076,0
14,US0->CS32,51778,51778,0
14,US0->CS40,51892,51892,0
14,US0->CS48,51745,51745,0
14,US0->CS56,52234,52234,0
14,US1->CS1,51966,51966,0
14,US1->CS9,51968,51968,0
14,US1->CS17,51494,51494,0
14,US1->CS25,51758,51758,0
14,US1->CS33,51691,51691,0
14,US1->CS41,51697,51697,0
14,US1->CS49,51922,51922,0
14,US1->CS57,51908,51908,0
14,US2->CS2,51628,51628,0
14,US2->CS10,51878,51878,0
14,US2->CS18,51515,51515,0
14,US2->CS26,52201,52201,0
14,US2->CS34,52137,52137,0
14,US2->CS42,51718,51718,0
14,US2->CS50,51745,51745,0
14,US2->CS58,51668,51668,0
14,US3->CS3,51832,51832,0
14,US3->CS11,51775,51775,0
14,US3->CS19,51837,51837,0
14,US3->CS27,51848,51848,0
14,US3->CS35,51989,51989,0
14,US3->CS43,51924,51924,0
14,US3->CS51,51698,51698,0
14,US3->CS59,51783,51783,0
14,US4->CS4,51938,51938,0
14,US4->CS12,51725,51725,0
14,US4->CS20,51728,51728,0
14,US4->CS28,52064,52064,0
14,US4->CS36,51777,51777,0
14,US4->CS44,51412,51412,0
14,US4->CS52,52086,52086,0
14,US4->CS60,51787,51787,0
14,US5->CS5,51977,51977,0
14,US5->CS13,51848,51848,0
14,US5->CS21,51895,51895,0
14,US5->CS29,51777,51777,0
14,US5->CS37,51821,51821,0
14,US5->CS45,51628,51628,0
14,US5->CS53,51787,51787,0
14,US5->CS61,51962,51962,0
14,US6->CS6,51792,51792,0
14,US6->CS14,51981,51981,0
14,US6->CS22,51776,51776,0
14,US6->CS30,51867,51867,0
14,US6->CS38,51811,51811,0
14,US6->CS46,52163,52163,0
14,US6->CS54,51845,51845,0
14,US6->CS62,51904,51904,0
14,US7->CS7,52060,52060,0
14,US7->CS15,51523,51523,0
14,US7->CS23,52094,52094,0
14,US7->CS31,51767,51767,0
14,US7->CS39,51858,51858,0
14,US7->CS47,51688,51688,0
14,US7->CS55,51806,51806,0
14,US7->CS63,51879,51879,0
14,US8->CS0,58390,58390,0
14,US8->CS8,58544,58544,0
14,US8->CS16,58317,58317,0
14,US8->CS24,58294,58294,0
14,US8->CS32,58326,58326,0
14,US8->CS40,58616,58616,0
14,US8->CS48,58821,58821,0
14,US8->CS56,58674,58673,0
14,US9->CS1,58522,58521,0
14,US9->CS9,58556,58556,0
14,US9->CS17,58435,58435,0
14,US9->CS25,58331,58331,0
14,US9->CS33,58187,58187,0
14,US9->CS41,58328,58328,0
14,US9->CS49,58712,58711,0
14,US9->CS57,58571,58571,0
14,US10->CS2,58504,58503,0
14,US10->CS10,58248,58248,0
14,US10->CS18,58686,58686,0
14,US10->CS26,58851,58851,0
14,US10->CS34,58532,58532,0
14,US10->CS42,58511,58511,0
14,US10->CS50,58480,58480,0
14,US10->CS58,58366,58366,0
14,US11->CS3,58056,58056,0
14,US11->CS11,58888,58887,0
14,US11->CS19,58675,58674,0
14,US11->CS27,58418,58418,0
14,US11->CS35,58664,58664,0
14,US11->CS43,58133,58133,0
14,US11->CS51,58675,58675,0
14,US11->CS59,58435,58435,0
14,US12->CS4,58671,58670,0
14,US12->CS12,58470,58470,0
14,US12->CS20,58414,58414,0
14,US12->CS28,58338,58338,0
14,US12->CS36,58333,58333,0
14,US12->CS44,58394,58394,0
14,US12->CS52,58649,58649,0
14,US12->CS60,58545,58545,0
14,US13->CS5,58201,58201,0
14,US13->CS13,58760,58759,0
14,US13->CS21,58185,58185,0
14,US13->CS29,58075,58075,0
14,US13->CS37,58193,58193,0
14,US13->CS45,58609,58609,0
14,US13->CS53,58162,58162,0
14,US13->CS61,58345,58345,0
14,US14->CS6,58319,58319,0
14,US14->CS14,58489,58489,0
14,US14->CS22,58214,58214,0
14,US14->CS30,58264,58264,0
14,US14->CS38,58644,58644,0
14,US14->CS46,58421,58421,0
14,US14->CS54,58503,58503,0
14,US14->CS62,58137,58137,0
14,US15->CS7,58203,58203,0
14,US15->CS15,58725,58725,0
14,US15->CS23,58496,58496,0
14,US15->CS31,58568,58568,0
14,US15->CS39,58590,58590,0
14,US15->CS47,58143,58143,0
14,US15->CS55,58136,58136,0
14,US15->CS63,58638,58638,0
14,US16->CS0,54978,54978,0
14,US16->CS8,54957,54957,0
14,US16->CS16,54899,54899,0
14,US16->CS24,54745,54745,0
14,US16->CS32,54824,54824,0
14,US16->CS40,54888,54888,0
14,US16->CS48,55105,55105,0
14,US16->CS56,54928,54928,0
14,US17->CS1,54853,54853,0
14,US17->CS9,55043,55043,0
14,US17->CS17,54499,54499,0
14,US17->CS25,54670,54670,0
14,US17->CS33,54648,54648,0
14,US17->CS41,54884,54884,0
14,US17->CS49,54649,54649,0
14,US17->CS57,55175,55175,0
14,US18->CS2,54662,54662,0
14,US18->CS10,55159,55159,0
14,US18->CS18,54819,54819,0
14,US18->CS26,55089,55089,0
14,US18->CS34,55192,55192,0
14,US18->CS42,54785,54785,0
14,US18->CS50,54739,54739,0
14,US18->CS58,55287,55287,0
14,US19->CS3,54966,54966,0
14,US19->CS11,54608,54608,0
14,US19->CS19,54857,54857,0
14,US19->CS27,55010,55010,0
14,US19->CS35,54834,54834,0
14,US19->CS43,54793,54793,0
14,US19->CS51,54890,54890,0
14,US19->CS59,54911,54911,0
14,US20->CS4,54813,54813,0
14,US20->CS12,55252,55252,0
14,US20->CS20,54782,54782,0
14,US20->CS28,55197,55197,0
14,US20->CS36,55354,55354,0
14,US20->CS44,55169,55169,0
14,US20->CS52,54801,54801,0
14,US20->CS60,54870,54870,0
14,US21->CS5,54843,54843,0
14,US21->CS13,54458,54458,0
14,US21->CS21,54680,54680,0
14,US21->CS29,55073,55073,0
14,US21->CS37,54614,54614,0
14,US21->CS45,54836,54836,0
14,US21->CS53,55215,55215,0
14,US21->CS61,54994,54994,0
14,US22->CS6,55378,55378,0
14,US22->CS14,54744,54744,0
14,US22->CS22,54887,54887,0
14,US22->CS30,54624,54624,0
14,US22->CS38,54482,54482,0
14,US22->CS46,54981,54981,0
14,US22->CS54,54135,54135,0
14,US22->CS62,54475,54475,0
14,US23->CS7,54887,54887,0
14,US23->CS15,54947,54947,0
14,US23->CS23,54404,54404,0
14,US23->CS31,54780,54780,0
14,US23->CS39,54804,54804,0
14,US23->CS47,55135,55135,0
14,US23->CS55,55082,55082,0
14,US23->CS63,54927,54927,0
14,US24->CS0,56161,56161,0
14,US24->CS8,56133,56133,0
14,US24->CS16,56382,56382,0
14,US24->CS24,56090,56089,0
14,US24->CS32,56156,56156,0
14,US24->CS40,56007,56007,0
14,US24->CS48,56334,56334,0
14,US24->CS56,56348,56348,0
14,US25->CS1,55666,55666,0
14,US25->CS9,56417,56417,0
14,US25->CS17,56166,56166,0
14,US25->CS25,55871,55871,0
14,US25->CS33,56453,56453,0
14,US25->CS41,56426,56426,0
14,US25->CS49,56253,56253,0
14,US25->CS57,55779,55779,0
14,US26->CS2,56147,56147,0
14,US26->CS10,56303,56303,0
14,US26->CS18,56056,56056,0
14,US26->CS26,56156,56156,0
14,US26->CS34,55782,55781,0
14,US26->CS42,55935,55935,0
14,US26->CS50,55810,55810,0
14,US26->CS58,55955,55955,0
14,US27->CS3,56080,56080,0
14,US27->CS11,56195,56194,0
14,US27->CS19,56140,56139,0
14,US27->CS27,56191,56191,0
14,US27->CS35,55965,55964,0
14,US27->CS43,55726,55726,0
14,US27->CS51,56201,56201,0
14,US27->CS59,55951,55951,0
14,US28->CS4,55839,55839,0
14,US28->CS12,56180,56180,0
14,US28->CS20,56195,56194,0
14,US28->CS28,56314,56313,0
14,US28->CS36,56421,56420,0
14,US28->CS44,56433,56433,0
14,US28->CS52,55986,55986,0
14,US28->CS60,55935,55935,0
14,US29->CS5,55879,55879,0
14,US29->CS13,56319,56319,0
14,US29->CS21,56432,56432,0
14,US29->CS29,56149,56148,0
14,US29->CS37,55842,55841,0
14,US29->CS45,55837,55837,0
14,US29->CS53,55889,55889,0
14,US29->CS61,56344,56344,0
14,US30->CS6,56246,56246,0
14,US30->CS14,55646,55646,0
14,US30->CS22,55749,55749,0
14,US30->CS30,56093,56093,0
14,US30->CS38,56106,56106,0
14,US30->CS46,56142,56142,0
14,US30->CS54,56338,56338,0
14,US30->CS62,55992,55991,0
14,US31->CS7,56290,56289,0
14,US31->CS15,56918,56918,0
14,US31->CS23,55588,55588,0
14,US31->CS31,56197,56195,0
14,US31->CS39,55765,55765,0
14,US31->CS47,56286,56286,0
14,US31->CS55,55886,55885,0
14,US31->CS63,56329,56329,0
14,US32->CS0,71699,71698,0
14,US32->CS8,71528,71528,0
14,US32->CS16,71335,71335,0
14,US32->CS24,71535,71535,0
14,US32->CS32,71756,71755,0
14,US32->CS40,71432,71432,0
14,US32->CS48,71783,71783,0
14,US32->CS56,71802,71801,0
14,US33->CS1,71473,71473,0
14,US33->CS9,72031,72031,0
14,US33->CS17,72021,72021,0
14,US33->CS25,72232,72230,0
14,US33->CS33,71156,71155,0
14,US33->CS41,71514,71514,0
14,US33->CS49,72324,72322,0
14,US33->CS57,71642,71642,0
14,US34->CS2,71570,71570,0
14,US34->CS10,71765,71765,0
14,US34->CS18,71673,71673,0
14,US34->CS26,71962,71962,0
14,US34->CS34,71632,71632,0
14,US34->CS42,71803,71803,0
14,US34->CS50,71662,71661,0
14,US34->CS58,71352,71352,0
14,US35->CS3,71635,71635,0
14,US35->CS11,71489,71488,0
14,US35->CS19,72141,72140,0
14,US35->CS27,71659,71659,0
14,US35->CS35,71637,71637,0
14,US35->CS43,71764,71761,0
14,US35->CS51,71706,71706,0
14,US35->CS59,71456,71456,0
14,US36->CS4,71225,71225,0
14,US36->CS12,71691,71691,0
14,US36->CS20,71828,71827,0
14,US36->CS28,71505,71505,0
14,US36->CS36,71492,71492,0
14,US36->CS44,71761,71761,0
14,US36->CS52,71729,71729,0
14,US36->CS60,71326,71326,0
14,US37->CS5,71783,71783,0
14,US37->CS13,72054,72054,0
14,US37->CS21,71241,71241,0
14,US37->CS29,71780,71780,0
14,US37->CS37,71201,71200,0
14,US37->CS45,71826,71825,0
14,US37->CS53,71739,71739,0
14,US37->CS61,71514,71511,0
14,US38->CS6,71143,71143,0
14,US38->CS14,71354,71354,0
14,US38->CS22,71824,71822,0
14,US38->CS30,71961,71961,0
14,US38->CS38,71465,71463,0
14,US38->CS46,71792,71790,0
14,US38->CS54,71465,71465,0
14,US38->CS62,71230,71230,0
14,US39->CS7,71732,71732,0
14,US39->CS15,71687,71687,0
14,US39->CS23,71845,71845,0
14,US39->CS31,71912,71912,0
14,US39->CS39,71824,71824,0
14,US39->CS47,71810,71810,0
14,US39->CS55,71337,71337,0
14,US39->CS63,72176,72175,0
14,US40->CS0,57832,57832,0
14,US40->CS8,58066,58066,0
14,US40->CS16,58026,58026,0
14,US40->CS24,57879,57879,0
14,US40->CS32,57879,57879,0
14,US40->CS40,57825,57825,0
14,US40->CS48,58375,58375,0
14,US40->CS56,58212,58212,0
14,US41->CS1,57860,57860,0
14,US41->CS9,58172,58172,0
14,US41->CS17,58114,58114,0
14,US41->CS25,57611,57611,0
14,US41->CS33,57805,57805,0
14,US41->CS41,57706,57706,0
14,US41->CS49,58005,58005,0
14,US41->CS57,57984,57984,0
14,US42->CS2,57856,57856,0
14,US42->CS10,58216,58216,0
14,US42->CS18,57985,57985,0
14,US42->CS26,57873,57873,0
14,US42->CS34,57744,57744,0
14,US42->CS42,57751,57751,0
14,US42->CS50,57969,57969,0
14,US42->CS58,57863,57863,0
14,US43->CS3,57838,57838,0
14,US43->CS11,57991,57991,0
14,US43->CS19,57788,57788,0
14,US43->CS27,57936,57936,0
14,US43->CS35,57944,57944,0
14,US43->CS43,58036,58036,0
14,US43->CS51,57798,57798,0
14,US43->CS59,57586,57586,0
14,US44->CS4,57902,57902,0
14,US44->CS12,58037,58037,0
14,US44->CS20,57771,57771,0
14,US44->CS28,57977,57977,0
14,US44->CS36,57592,57592,0
14,US44->CS44,57634,57634,0
14,US44->CS52,57585,57585,0
14,US44->CS60,57857,57857,0
14,US45->CS5,57681,57681,0
14,US45->CS13,58297,58297,0
14,US45->CS21,57751,57751,0
14,US45->CS29,57857,57857,0
14,US45->CS37,58274,58274,0
14,US45->CS45,57547,57547,0
14,US45->CS53,58059,58059,0
14,US45->CS61,57785,57785,0
14,US46->CS6,58592,58592,0
14,US46->CS14,57564,57564,0
14,US46->CS22,57987,57987,0
14,US46->CS30,57706,57706,0
14,US46->CS38,58279,58279,0
14,US46->CS46,58000,58000,0
14,US46->CS54,57783,57783,0
14,US46->CS62,57786,57786,0
14,US47->CS7,57710,57710,0
14,US47->CS15,58031,58031,0
14,US47->CS23,58142,58142,0
14,US47->CS31,57512,57512,0
14,US47->CS39,58286,58286,0
14,US47->CS47,58025,58025,0
14,US47->CS55,58234,58234,0
14,US47->CS63,57920,57920,0
14,US48->CS0,52024,52024,0
14,US48->CS8,52261,52261,0
14,US48->CS16,52383,52383,0
14,US48->CS24,51888,51888,0
14,US48->CS32,51382,51382,0
14,US48->CS40,51596,51596,0
14,US48->CS48,51571,51571,0
14,US48->CS56,51745,51745,0
14,US49->CS1,51658,51658,0
14,US49->CS9,51503,51503,0
14,US49->CS17,52340,52340,0
14,US49->CS25,51703,51703,0
14,US49->CS33,51696,51696,0
14,US49->CS41,51815,51815,0
14,US49->CS49,52100,52100,0
14,US49->CS57,52212,52212,0
14,US50->CS2,51950,51950,0
14,US50->CS10,52154,52154,0
14,US50->CS18,52182,52182,0
14,US50->CS26,51659,51659,0
14,US50->CS34,51700,51700,0
14,US50->CS42,51701,51701,0
14,US50->CS50,51813,51813,0
14,US50->CS58,51594,51594,0
14,US51->CS3,51735,51735,0
14,US51->CS11,51595,51595,0
14,US51->CS19,51739,51739,0
14,US51->CS27,52170,52170,0
14,US51->CS35,51610,51610,0
14,US51->CS43,51514,51514,0
14,US51->CS51,51830,51830,0
14,US51->CS59,52061,52061,0
14,US52->CS4,51823,51823,0
14,US52->CS12,52367,52367,0
14,US52->CS20,51800,51800,0
14,US52->CS28,52068,52068,0
14,US52->CS36,52053,52053,0
14,US52->CS44,51646,51646,0
14,US52->CS52,51591,51591,0
14,US52->CS60,52148,52148,0
14,US53->CS5,51868,51868,0
14,US53->CS13,51922,51922,0
14,US53->CS21,52005,52005,0
14,US53->CS29,51944,51944,0
14,US53->CS37,51938,51938,0
14,US53->CS45,52094,52094,0
14,US53->CS53,51991,51991,0
14,US53->CS61,51863,51863,0
14,US54->CS6,51812,51812,0
14,US54->CS14,51718,51718,0
14,US54->CS22,51891,51891,0
14,US54->CS30,51714,51714,0
14,US54->CS38,51943,51943,0
14,US54->CS46,51911,51911,0
14,US54->CS54,51686,51686,0
14,US54->CS62,52057,52057,0
14,US55->CS7,51562,51562,0
14,US55->CS15,52084,52084,0
14,US55->CS23,51843,51843,0
14,US55->CS31,51696,51696,0
14,US55->CS39,51857,51857,0
14,US55->CS47,51624,51624,0
14,US55->CS55,51333,51333,0
14,US55->CS63,51790,51790,0
14,US56->CS0,56029,56028,0
14,US56->CS8,56286,56286,0
14,US56->CS16,56088,56088,0
14,US56->CS24,56256,56256,0
14,US56->CS32,56048,56048,0
14,US56->CS40,55846,55846,0
14,US56->CS48,55632,55632,0
14,US56->CS56,55830,55830,0
14,US57->CS1,56186,56186,0
14,US57->CS9,55256,55256,0
14,US57->CS17,55985,55985,0
14,US57->CS25,56342,56342,0
14,US57->CS33,55742,55741,0
14,US57->CS41,55983,55982,0
14,US57->CS49,55850,55850,0
14,US57->CS57,55517,55517,0
14,US58->CS2,55798,55798,0
14,US58->CS10,55919,55919,0
14,US58->CS18,55932,55932,0
14,US58->CS26,55558,55557,0
14,US58->CS34,55584,55584,0
14,US58->CS42,56144,56144,0
14,US58->CS50,55623,55623,0
14,US58->CS58,55431,55429,0
14,US59->CS3,55901,55901,0
14,US59->CS11,55426,55426,0
14,US59->CS19,56028,56027,0
14,US59->CS27,55825,55825,0
14,US59->CS35,55872,55872,0
14,US59->CS43,55492,55492,0
14,US59->CS51,56040,56040,0
14,US59->CS59,55964,55964,0
14,US60->CS4,56087,56087,0
14,US60->CS12,55904,55904,0
14,US60->CS20,55869,55869,0
14,US60->CS28,55317,55317,0
14,US60->CS36,55374,55373,0
14,US60->CS44,55913,55913,0
14,US60->CS52,56267,56267,0
14,US60->CS60,55647,55647,0
14,US61->CS5,55650,55650,0
14,US61->CS13,56114,56114,0
14,US61->CS21,55673,55671,0
14,US61->CS29,55615,55615,0
14,US61->CS37,55579,55578,0
14,US61->CS45,56333,56332,0
14,US61->CS53,55794,55794,0
14,US61->CS61,56167,56167,0
14,US62->CS6,55853,55853,0
14,US62->CS14,55775,55775,0
14,US62->CS22,56184,56184,0
14,US62->CS30,55746,55745,0
14,US62->CS38,55224,55223,0
14,US62->CS46,56228,56227,0
14,US62->CS54,55590,55590,0
14,US62->CS62,55679,55679,0
14,US63->CS7,55815,55815,0
14,US63->CS15,55789,55789,0
14,US63->CS23,56204,56204,0
14,US63->CS31,56170,56170,0
14,US63->CS39,55543,55543,0
14,US63->CS47,55519,55519,0
14,US63->CS55,55597,55597,0
14,US63->CS63,55825,55825,0
14,US64->CS0,71398,71398,0
14,US64->CS8,71203,71203,0
14,US64->CS16,71748,71748,0
14,US64->CS24,71479,71479,0
14,US64->CS32,71106,71106,0
14,US64->CS40,72096,72095,0
14,US64->CS48,71196,71196,0
14,US64->CS56,71571,71571,0
14,US65->CS1,71372,71371,0
14,US65->CS9,71326,71326,0
14,US65->CS17,70996,70996,0
14,US65->CS25,71200,71199,0
14,US65->CS33,71360,71360,0
14,US65->CS41,71634,71633,0
14,US65->CS49,71226,71226,0
14,US65->CS57,71173,71173,0
14,US66->CS2,71079,71079,0
14,US66->CS10,70824,70824,0
14,US66->CS18,71490,71490,0
14,US66->CS26,71629,71627,0
14,US66->CS34,71549,71549,0
14,US66->CS42,71662,71662,0
14,US66->CS50,71532,71531,0
14,US66->CS58,71240,71240,0
14,US67->CS3,71066,71066,0
14,US67->CS11,71615,71614,0
14,US67->CS19,71613,71613,0
14,US67->CS27,70898,70898,0
14,US67->CS35,71371,71371,0
14,US67->CS43,71755,71754,0
14,US67->CS51,70997,70997,0
14,US67->CS59,71342,71342,0
14,US68->CS4,71262,71260,0
14,US68->CS12,71247,71245,0
14,US68->CS20,71563,71563,0
14,US68->CS28,71314,71314,0
14,US68->CS36,71659,71657,0
14,US68->CS44,71118,71118,0
14,US68->CS52,71107,71107,0
14,US68->CS60,71172,71172,0
14,US69->CS5,71444,71444,0
14,US69->CS13,71515,71515,0
14,US69->CS21,71568,71568,0
14,US69->CS29,71330,71330,0
14,US69->CS37,71406,71406,0
14,US69->CS45,71456,71456,0
14,US69->CS53,70944,70944,0
14,US69->CS61,71309,71309,0
14,US70->CS6,71550,71550,0
14,US70->CS14,71318,71316,0
14,US70->CS22,71108,71107,0
14,US70->CS30,71183,71183,0
14,US70->CS38,71949,71948,0
14,US70->CS46,71140,71139,0
14,US70->CS54,72160,72160,0
14,US70->CS62,71650,71649,0
14,US71->CS7,71408,71408,0
14,US71->CS15,71542,71541,0
14,US71->CS23,71193,71193,0
14,US71->CS31,71309,71309,0
14,US71->CS39,71433,71433,0
14,US71->CS47,71346,71346,0
14,US71->CS55,71634,71634,0
14,US71->CS63,71294,71293,0
14,US72->CS0,51543,51543,0
14,US72->CS8,51286,51286,0
14,US72->CS16,51403,51403,0
14,US72->CS24,50695,50695,0
14,US72->CS32,51698,51698,0
14,US72->CS40,50819,50819,0
14,US72->CS48,51115,51115,0
14,US72->CS56,51113,51113,0
14,US73->CS1,51178,51178,0
14,US73->CS9,51401,51401,0
14,US73->CS17,51837,51837,0
14,US73->CS25,51024,51024,0
14,US73->CS33,51382,51382,0
14,US73->CS41,51087,51087,0
14,US73->CS49,51479,51479,0
14,US73->CS57,51742,51742,0
14,US74->CS2,51245,51245,0
14,US74->CS10,51533,51533,0
14,US74->CS18,51686,51686,0
14,US74->CS26,51501,51501,0
14,US74->CS34,51093,51093,0
14,US74->CS42,51604,51604,0
14,US74->CS50,51033,51033,0
14,US74->CS58,51135,51135,0
14,US75->CS3,51445,51445,0
14,US75->CS11,51418,51418,0
14,US75->CS19,51174,51174,0
14,US75->CS27,51340,51340,0
14,US75->CS35,51607,51607,0
14,US75->CS43,51010,51010,0
14,US75->CS51,51658,51658,0
14,US75->CS59,51197,51197,0
14,US76->CS4,51074,51074,0
14,US76->CS12,51427,51427,0
14,US76->CS20,51012,51012,0
14,US76->CS28,51435,51435,0
14,US76->CS36,51606,51606,0
14,US76->CS44,51084,51084,0
14,US76->CS52,50976,50976,0
14,US76->CS60,51421,51421,0
14,US77->CS5,51146,51146,0
14,US77->CS13,51218,51218,0
14,US77->CS21,51538,51538,0
14,US77->CS29,51050,51050,0
14,US77->CS37,51138,51138,0
14,US77->CS45,50912,50912,0
14,US77->CS53,51215,51215,0
14,US77->CS61,51404,51404,0
14,US78->CS6,51516,51516,0
14,US78->CS14,51119,51119,0
14,US78->CS22,51471,51471,0
14,US78->CS30,51561,51561,0
14,US78->CS38,51394,51394,0
14,US78->CS46,51558,51558,0
14,US78->CS54,51292,51292,0
14,US78->CS62,51297,51297,0
14,US79->CS7,51961,51961,0
14,US79->CS15,51747,51747,0
14,US79->CS23,51523,51523,0
14,US79->CS31,51343,51343,0
14,US79->CS39,51651,51651,0
14,US79->CS47,51228,51228,0
14,US79->CS55,51640,51640,0
14,US79->CS63,51076,51076,0
14,US80->CS0,51648,51648,0
14,US80->CS8,51710,51710,0
14,US80->CS16,51615,51615,0
14,US80->CS24,51518,51517,0
14,US80->CS32,51388,51388,0
14,US80->CS40,51398,51398,0
14,US80->CS48,51439,51439,0
14,US80->CS56,51565,51565,0
14,US81->CS1,51383,51383,0
14,US81->CS9,51337,51337,0
14,US81->CS17,51171,51171,0
14,US81->CS25,51239,51239,0
14,US81->CS33,51175,51175,0
14,US81->CS41,51288,51287,0
14,US81->CS49,51269,51268,0
14,US81->CS57,51600,51600,0
14,US82->CS2,51320,51320,0
14,US82->CS10,51592,51592,0
14,US82->CS18,51613,51613,0
14,US82->CS26,51583,51583,0
14,US82->CS34,51400,51400,0
14,US82->CS42,51485,51485,0
14,US82->CS50,51516,51516,0
14,US82->CS58,51472,51471,0
14,US83->CS3,51458,51458,0
14,US83->CS11,51588,51587,0
14,US83->CS19,51495,51495,0
14,US83->CS27,51641,51640,0
14,US83->CS35,51533,51533,0
14,US83->CS43,51345,51345,0
14,US83->CS51,51449,51448,0
14,US83->CS59,51770,51770,0
14,US84->CS4,51444,51443,0
14,US84->CS12,51629,51629,0
14,US84->CS20,51497,51497,0
14,US84->CS28,51631,51630,0
14,US84->CS36,51371,51371,0
14,US84->CS44,51219,51219,0
14,US84->CS52,51200,51200,0
14,US84->CS60,51498,51498,0
14,US85->CS5,51804,51804,0
14,US85->CS13,51309,51309,0
14,US85->CS21,51486,51486,0
14,US85->CS29,51338,51338,0
14,US85->CS37,51121,51121,0
14,US85->CS45,51279,51279,0
14,US85->CS53,51383,51383,0
14,US85->CS61,51187,51187,0
14,US86->CS6,51206,51206,0
14,US86->CS14,51405,51405,0
14,US86->CS22,51564,51564,0
14,US86->CS30,51580,51580,0
14,US86->CS38,51231,51231,0
14,US86->CS46,51535,51534,0
14,US86->CS54,51147,51147,0
14,US86->CS62,51386,51385,0
14,US87->CS7,51815,51815,0
14,US87->CS15,51432,51432,0
14,US87->CS23,51320,51320,0
14,US87->CS31,51591,51591,0
14,US87->CS39,51463,51463,0
14,US87->CS47,51234,51234,0
14,US87->CS55,51417,51417,0
14,US87->CS63,51347,51346,0
14,US88->CS0,51571,51571,0
14,US88->CS8,51439,51439,0
14,US88->CS16,51397,51397,0
14,US88->CS24,51747,51747,0
14,US88->CS32,51782,51782,0
14,US88->CS40,51716,51716,0
14,US88->CS48,51499,51499,0
14,US88->CS56,51317,51317,0
14,US89->CS1,51542,51542,0
14,US89->CS9,51889,51889,0
14,US89->CS17,51733,51733,0
14,US89->CS25,51762,51762,0
14,US89->CS33,51676,51676,0
14,US89->CS41,51195,51195,0
14,US89->CS49,51406,51406,0
14,US89->CS57,51301,51301,0
14,US90->CS2,51364,51364,0
14,US90->CS10,51415,51415,0
14,US90->CS18,51457,51457,0
14,US90->CS26,51587,51587,0
14,US90->CS34,51367,51367,0
14,US90->CS42,51819,51819,0
14,US90->CS50,51786,51786,0
14,US90->CS58,51829,51829,0
14,US91->CS3,51698,51698,0
14,US91->CS11,51499,51499,0
14,US91->CS19,51858,51858,0
14,US91->CS27,51310,51310,0
14,US91->CS35,51653,51653,0
14,US91->CS43,51750,51750,0
14,US91->CS51,51497,51497,0
14,US91->CS59,51756,51756,0
14,US92->CS4,51583,51583,0
14,US92->CS12,51869,51869,0
14,US92->CS20,51405,51405,0
14,US92->CS28,51399,51399,0
14,US92->CS36,51316,51316,0
14,US92->CS44,51818,51818,0
14,US92->CS52,51479,51479,0
14,US92->CS60,51903,51903,0
14,US93->CS5,51715,51715,0
14,US93->CS13,51698,51698,0
14,US93->CS21,51512,51512,0
14,US93->CS29,51450,51450,0
14,US93->CS37,51694,51694,0
14,US93->CS45,51472,51472,0
14,US93->CS53,51671,51671,0
14,US93->CS61,51868,51868,0
14,US94->CS6,51635,51635,0
14,US94->CS14,51423,51423,0
14,US94->CS22,51923,51923,0
14,US94->CS30,51512,51512,0
14,US94->CS38,51574,51574,0
14,US94->CS46,51453,51453,0
14,US94->CS54,51751,51751,0
14,US94->CS62,51695,51695,0
14,US95->CS7,51379,51379,0
14,US95->CS15,51536,51536,0
14,US95->CS23,51143,51143,0
14,US95->CS31,51060,51060,0
14,US95->CS39,51512,51512,0
14,US95->CS47,51586,51586,0
14,US95->CS55,51101,51101,0
14,US95->CS63,51602,51602,0
14,US96->CS0,64324,64324,0
14,US96->CS8,63901,63901,0
14,US96->CS16,64408,64408,0
14,US96->CS24,64758,64758,0
14,US96->CS32,64599,64599,0
14,US96->CS40,64314,64314,0
14,US96->CS48,64509,64507,0
14,US96->CS56,64055,64054,0
14,US97->CS1,64487,64487,0
14,US97->CS9,64326,64326,0
14,US97->CS17,64330,64330,0
14,US97->CS25,64144,64143,0
14,US97->CS33,64000,64000,0
14,US97->CS41,64171,64170,0
14,US97->CS49,64341,64341,0
14,US97->CS57,64473,64473,0
14,US98->CS2,64584,64584,0
14,US98->CS10,64146,64145,0
14,US98->CS18,64463,64462,0
14,US98->CS26,64162,64162,0
14,US98->CS34,64295,64295,0
14,US98->CS42,64435,64435,0
14,US98->CS50,63896,63895,0
14,US98->CS58,63619,63618,0
14,US99->CS3,64170,64170,0
14,US99->CS11,64947,64947,0
14,US99->CS19,64605,64604,0
14,US99->CS27,64083,64083,0
14,US99->CS35,64248,64248,0
14,US99->CS43,64627,64627,0
14,US99->CS51,64079,64079,0
14,US99->CS59,63543,63543,0
14,US100->CS4,64171,64170,0
14,US100->CS12,64401,64399,0
14,US100->CS20,64330,64330,0
14,US100->CS28,63917,63917,0
14,US100->CS36,64434,64434,0
14,US100->CS44,64292,64292,0
14,US100->CS52,64397,64397,0
14,US100->CS60,64546,64546,0
14,US101->CS5,64415,64415,0
14,US101->CS13,64399,64399,0
14,US101->CS21,64025,64024,0
14,US101->CS29,64227,64226,0
14,US101->CS37,64287,64286,0
14,US101->CS45,64786,64786,0
14,US101->CS53,64317,64317,0
14,US101->CS61,64017,64017,0
14,US102->CS6,64343,64342,0
14,US102->CS14,64656,64655,0
14,US102->CS22,64494,64494,0
14,US102->CS30,63907,63907,0
14,US102->CS38,64391,64391,0
14,US102->CS46,63901,63901,0
14,US102->CS54,64180,64180,0
14,US102->CS62,64358,64357,0
14,US103->CS7,64017,64016,0
14,US103->CS15,64521,64521,0
14,US103->CS23,64322,64322,0
14,US103->CS31,64014,64014,0
14,US103->CS39,64147,64147,0
14,US103->CS47,63885,63885,0
14,US103->CS55,64259,64258,0
14,US103->CS63,64579,64578,0
14,US104->CS0,62972,62972,0
14,US104->CS8,63026,63026,0
14,US104->CS16,62955,62955,0
14,US104->CS24,62763,62763,0
14,US104->CS32,62616,62615,0
14,US104->CS40,62671,62671,0
14,US104->CS48,63009,63009,0
14,US104->CS56,62970,62969,0
14,US105->CS1,62914,62912,0
14,US105->CS9,62533,62531,0
14,US105->CS17,63214,63213,0
14,US105->CS25,62921,62920,0
14,US105->CS33,62638,62637,0
14,US105->CS41,63323,63323,0
14,US105->CS49,62989,62989,0
14,US105->CS57,62939,62938,0
14,US106->CS2,62801,62801,0
14,US106->CS10,62819,62817,0
14,US106->CS18,62746,62746,0
14,US106->CS26,62816,62816,0
14,US106->CS34,62762,62762,0
14,US106->CS42,62932,62931,0
14,US106->CS50,62816,62816,0
14,US106->CS58,63029,63029,0
14,US107->CS3,62581,62579,0
14,US107->CS11,62705,62705,0
14,US107->CS19,62632,62632,0
14,US107->CS27,62664,62664,0
14,US107->CS35,62313,62313,0
14,US107->CS43,63158,63158,0
14,US107->CS51,62953,62953,0
14,US107->CS59,62702,62702,0
14,US108->CS4,62757,62756,0
14,US108->CS12,62652,62652,0
14,US108->CS20,63000,62999,0
14,US108->CS28,62598,62595,0
14,US108->CS36,62976,62976,0
14,US108->CS44,62687,62687,0
14,US108->CS52,62701,62701,0
14,US108->CS60,62440,62439,0
14,US109->CS5,62842,62841,0
14,US109->CS13,63024,63023,0
14,US109->CS21,63115,63114,0
14,US109->CS29,62816,62816,0
14,US109->CS37,62794,62794,0
14,US109->CS45,62938,62938,0
14,US109->CS53,62816,62816,0
14,US109->CS61,62817,62816,0
14,US110->CS6,62437,62437,0
14,US110->CS14,62767,62766,0
14,US110->CS22,62793,62793,0
14,US110->CS30,62675,62675,0
14,US110->CS38,62779,62779,0
14,US110->CS46,62600,62600,0
14,US110->CS54,62823,62822,0
14,US110->CS62,63253,63253,0
14,US111->CS7,62872,62872,0
14,US111->CS15,62985,62985,0
14,US111->CS23,62595,62595,0
14,US111->CS31,62667,62667,0
14,US111->CS39,62943,62941,0
14,US111->CS47,62703,62703,0
14,US111->CS55,62857,62857,0
14,US111->CS63,63250,63250,0
14,US112->CS0,51615,51615,0
14,US112->CS8,51613,51613,0
14,US112->CS16,52040,52040,0
14,US112->CS24,51900,51900,0
14,US112->CS32,51847,51847,0
14,US112->CS40,51708,51708,0
14,US112->CS48,51635,51635,0
14,US112->CS56,51485,51485,0
14,US113->CS1,51850,51850,0
14,US113->CS9,52229,52229,0
14,US113->CS17,51421,51421,0
14,US113->CS25,52019,52019,0
14,US113->CS33,51408,51408,0
14,US113->CS41,51653,51653,0
14,US113->CS49,51725,51725,0
14,US113->CS57,51636,51636,0
14,US114->CS2,52145,52145,0
14,US114->CS10,51716,51716,0
14,US114->CS18,51459,51459,0
14,US114->CS26,51778,51778,0
14,US114->CS34,51838,51838,0
14,US114->CS42,51760,51760,0
14,US114->CS50,51936,51936,0
14,US114->CS58,51661,51661,0
14,US115->CS3,51705,51705,0
14,US115->CS11,51518,51518,0
14,US115->CS19,51790,51790,0
14,US115->CS27,51902,51902,0
14,US115->CS35,51454,51454,0
14,US115->CS43,51583,51583,0
14,US115->CS51,51861,51861,0
14,US115->CS59,51619,51619,0
14,US116->CS4,51761,51761,0
14,US116->CS12,51493,51493,0
14,US116->CS20,51684,51684,0
14,US116->CS28,51925,51925,0
14,US116->CS36,51609,51609,0
14,US116->CS44,52035,52035,0
14,US116->CS52,51575,51575,0
14,US116->CS60,51715,51715,0
14,US117->CS5,51902,51902,0
14,US117->CS13,51505,51505,0
14,US117->CS21,51963,51963,0
14,US117->CS29,51681,51681,0
14,US117->CS37,51602,51602,0
14,US117->CS45,51757,51757,0
14,US117->CS53,51409,51409,0
14,US117->CS61,51465,51465,0
14,US118->CS6,51505,51505,0
14,US118->CS14,51620,51620,0
14,US118->CS22,51537,51537,0
14,US118->CS30,51726,51726,0
14,US118->CS38,51923,51923,0
14,US118->CS46,51662,51662,0
14,US118->CS54,51963,51963,0
14,US118->CS62,51371,51371,0
14,US119->CS7,51927,51927,0
14,US119->CS15,51623,51623,0
14,US119->CS23,51348,51348,0
14,US119->CS31,51654,51654,0
14,US119->CS39,51890,51890,0
14,US119->CS47,51903,51903,0
14,US119->CS55,51530,51530,0
14,US119->CS63,51678,51678,0
14,US120->CS0,51036,51036,0
14,US120->CS8,51452,51452,0
14,US120->CS16,51068,51068,0
14,US120->CS24,50984,50984,0
14,US120->CS32,50975,50975,0
14,US120->CS40,50650,50650,0
14,US120->CS48,51150,51150,0
14,US120->CS56,50934,50934,0
14,US121->CS1,51456,51456,0
14,US121->CS9,51530,51530,0
14,US121->CS17,51374,51374,0
14,US121->CS25,50886,50886,0
14,US121->CS33,51037,51037,0
14,US121->CS41,51163,51163,0
14,US121->CS49,51427,51427,0
14,US121->CS57,50786,50786,0
14,US122->CS2,51339,51339,0
14,US122->CS10,50996,50996,0
14,US122->CS18,51243,51243,0
14,US122->CS26,50976,50976,0
14,US122->CS34,51192,51192,0
14,US122->CS42,51450,51450,0
14,US122->CS50,50820,50820,0
14,US122->CS58,51330,51330,0
14,US123->CS3,51148,51148,0
14,US123->CS11,51467,51467,0
14,US123->CS19,50935,50935,0
14,US123->CS27,50870,50870,0
14,US123->CS35,50847,50847,0
14,US123->CS43,51301,51301,0
14,US123->CS51,51647,51647,0
14,US123->CS59,51096,51096,0
14,US124->CS4,51238,51238,0
14,US124->CS12,51260,51260,0
14,US124->CS20,50908,50908,0
14,US124->CS28,51114,51114,0
14,US124->CS36,51298,51298,0
14,US124->CS44,50778,50778,0
14,US124->CS52,50997,50997,0
14,US124->CS60,51082,51082,0
14,US125->CS5,51151,51151,0
14,US125->CS13,51399,51399,0
14,US125->CS21,51164,51164,0
14,US125->CS29,50949,50949,0
14,US125->CS37,51417,51417,0
14,US125->CS45,51245,51245,0
14,US125->CS53,50991,50991,0
14,US125->CS61,51445,51445,0
14,US126->CS6,50887,50887,0
14,US126->CS14,51603,51603,0
14,US126->CS22,50710,50710,0
14,US126->CS30,50979,50979,0
14,US126->CS38,51643,51643,0
14,US126->CS46,51341,51341,0
14,US126->CS54,51209,51209,0
14,US126->CS62,51035,51035,0
14,US127->CS7,50807,50807,0
14,US127->CS15,51107,51107,0
14,US127->CS23,51254,51254,0
14,US127->CS31,51238,51238,0
14,US127->CS39,51351,51351,0
14,US127->CS47,51177,51177,0
14,US127->CS55,51062,51062,0
14,US127->CS63,51321,51321,0
14,CS0->US0,52008,52008,0
14,CS0->US8,51621,51621,0
14,CS0->US16,51137,51137,0
14,CS0->US24,56091,56091,0
14,CS0->US32,71343,71342,0
14,CS0->US40,51641,51641,0
14,CS0->US48,51645,51645,0
14,CS0->US56,56297,56297,0
14,CS0->US64,71517,71516,0
14,CS0->US72,51519,51519,0
14,CS0->US80,58358,58358,0
14,CS0->US88,51590,51590,0
14,CS0->US96,63017,63016,0
14,CS0->US104,64193,64191,0
14,CS0->US112,58016,58016,0
14,CS0->US120,54948,54948,0
14,CS1->US1,51590,51590,0
14,CS1->US9,51489,51489,0
14,CS1->US17,51416,51416,0
14,CS1->US25,56200,56200,0
14,CS1->US33,71278,71277,0
14,CS1->US41,51890,51890,0
14,CS1->US49,51910,51910,0
14,CS1->US57,55706,55705,0
14,CS1->US65,71443,71443,0
14,CS1->US73,51493,51493,0
14,CS1->US81,58616,58616,0
14,CS1->US89,51272,51272,0
14,CS1->US97,62779,62778,0
14,CS1->US105,64418,64418,0
14,CS1->US113,58058,58058,0
14,CS1->US121,54803,54803,0
14,CS2->US2,51903,51903,0
14,CS2->US10,51294,51294,0
14,CS2->US18,51450,51450,0
14,CS2->US26,55861,55860,0
14,CS2->US34,70994,70994,0
14,CS2->US42,52090,52090,0
14,CS2->US50,51568,51568,0
14,CS2->US58,56260,56260,0
14,CS2->US66,71476,71476,0
14,CS2->US74,51309,51309,0
14,CS2->US82,58497,58496,0
14,CS2->US90,51453,51453,0
14,CS2->US98,62795,62795,0
14,CS2->US106,64481,64481,0
14,CS2->US114,57991,57991,0
14,CS2->US122,54569,54569,0
14,CS3->US3,51690,51690,0
14,CS3->US11,51536,51536,0
14,CS3->US19,51258,51258,0
14,CS3->US27,55984,55984,0
14,CS3->US35,70953,70952,0
14,CS3->US43,51705,51705,0
14,CS3->US51,51763,51763,0
14,CS3->US59,56135,56135,0
14,CS3->US67,71601,71601,0
14,CS3->US75,51707,51707,0
14,CS3->US83,58059,58059,0
14,CS3->US91,51590,51590,0
14,CS3->US99,62454,62453,0
14,CS3->US107,64082,64081,0
14,CS3->US115,57903,57903,0
14,CS3->US123,54892,54892,0
14,CS4->US4,51800,51800,0
14,CS4->US12,51460,51460,0
14,CS4->US20,51282,51282,0
14,CS4->US28,56158,56158,0
14,CS4->US36,71128,71127,0
14,CS4->US44,51722,51722,0
14,CS4->US52,51867,51867,0
14,CS4->US60,55968,55967,0
14,CS4->US68,71081,71081,0
14,CS4->US76,51561,51561,0
14,CS4->US84,58670,58670,0
14,CS4->US92,51157,51157,0
14,CS4->US100,62729,62728,0
14,CS4->US108,64131,64131,0
14,CS4->US116,58051,58051,0
14,CS4->US124,54817,54817,0
14,CS5->US5,51730,51730,0
14,CS5->US13,51840,51840,0
14,CS5->US21,51281,51281,0
14,CS5->US29,55657,55656,0
14,CS5->US37,71335,71335,0
14,CS5->US45,51957,51957,0
14,CS5->US53,51921,51921,0
14,CS5->US61,55944,55944,0
14,CS5->US69,71661,71661,0
14,CS5->US77,51694,51694,0
14,CS5->US85,58233,58233,0
14,CS5->US93,51294,51294,0
14,CS5->US101,62895,62895,0
14,CS5->US109,64370,64370,0
14,CS5->US117,57743,57743,0
14,CS5->US125,54745,54745,0
14,CS6->US6,51774,51774,0
14,CS6->US14,51267,51266,0
14,CS6->US22,51092,51092,0
14,CS6->US30,55935,55935,0
14,CS6->US38,71493,71493,0
14,CS6->US46,51469,51469,0
14,CS6->US54,51757,51757,0
14,CS6->US62,56237,56236,0
14,CS6->US70,71074,71074,0
14,CS6->US78,51526,51526,0
14,CS6->US86,58259,58259,0
14,CS6->US94,51662,51662,0
14,CS6->US102,62444,62444,0
14,CS6->US110,64201,64201,0
14,CS6->US118,58706,58706,0
14,CS6->US126,55316,55316,0
14,CS7->US7,51470,51470,0
14,CS7->US15,51877,51877,0
14,CS7->US23,50952,50952,0
14,CS7->US31,55848,55848,0
14,CS7->US39,71290,71290,0
14,CS7->US47,51958,51958,0
14,CS7->US55,51916,51916,0
14,CS7->US63,56231,56230,0
14,CS7->US71,71612,71612,0
14,CS7->US79,51287,51287,0
14,CS7->US87,58242,58242,0
14,CS7->US95,52073,52073,0
14,CS7->US103,62930,62927,0
14,CS7->US111,63937,63937,0
14,CS7->US119,57925,57925,0
14,CS7->US127,54894,54894,0
14,CS8->US0,52161,52161,0
14,CS8->US8,51823,51823,0
14,CS8->US16,51607,51607,0
14,CS8->US24,56372,56371,0
14,CS8->US32,71041,71040,0
14,CS8->US40,51651,51651,0
14,CS8->US48,52033,52033,0
14,CS8->US56,56097,56097,0
14,CS8->US64,71444,71444,0
14,CS8->US72,51281,51281,0
14,CS8->US80,58510,58510,0
14,CS8->US88,51403,51403,0
14,CS8->US96,63038,63038,0
14,CS8->US104,63911,63909,0
14,CS8->US112,58271,58271,0
14,CS8->US120,54897,54897,0
14,CS9->US1,51482,51482,0
14,CS9->US9,51394,51394,0
14,CS9->US17,51663,51663,0
14,CS9->US25,55281,55281,0
14,CS9->US33,71209,71209,0
14,CS9->US41,52213,52213,0
14,CS9->US49,51909,51909,0
14,CS9->US57,56377,56377,0
14,CS9->US65,71964,71964,0
14,CS9->US73,51779,51779,0
14,CS9->US81,58511,58510,0
14,CS9->US89,51498,51498,0
14,CS9->US97,62560,62559,0
14,CS9->US105,64312,64312,0
14,CS9->US113,58359,58359,0
14,CS9->US121,55004,55004,0
14,CS10->US2,52097,52097,0
14,CS10->US10,51672,51672,0
14,CS10->US18,51119,51119,0
14,CS10->US26,55849,55849,0
14,CS10->US34,70737,70737,0
14,CS10->US42,51766,51766,0
14,CS10->US50,51816,51816,0
14,CS10->US58,56340,56340,0
14,CS10->US66,71670,71670,0
14,CS10->US74,51302,51302,0
14,CS10->US82,58400,58400,0
14,CS10->US90,51615,51615,0
14,CS10->US98,62778,62778,0
14,CS10->US106,64070,64070,0
14,CS10->US114,58348,58348,0
14,CS10->US122,55101,55101,0
14,CS11->US3,51467,51467,0
14,CS11->US11,51697,51697,0
14,CS11->US19,51619,51619,0
14,CS11->US27,55573,55573,0
14,CS11->US35,71477,71477,0
14,CS11->US43,51630,51630,0
14,CS11->US51,51714,51714,0
14,CS11->US59,56228,56228,0
14,CS11->US67,71412,71412,0
14,CS11->US75,51357,51357,0
14,CS11->US83,58848,58848,0
14,CS11->US91,51491,51491,0
14,CS11->US99,62630,62629,0
14,CS11->US107,64856,64856,0
14,CS11->US115,58162,58162,0
14,CS11->US123,54558,54558,0
14,CS12->US4,52288,52288,0
14,CS12->US12,51612,51612,0
14,CS12->US20,51340,51340,0
14,CS12->US28,55940,55940,0
14,CS12->US36,71129,71128,0
14,CS12->US44,51556,51556,0
14,CS12->US52,51635,51635,0
14,CS12->US60,56215,56215,0
14,CS12->US68,71620,71620,0
14,CS12->US76,51744,51744,0
14,CS12->US84,58540,58540,0
14,CS12->US92,51581,51581,0
14,CS12->US100,62622,62622,0
14,CS12->US108,64370,64370,0
14,CS12->US116,58211,58211,0
14,CS12->US124,55197,55197,0
14,CS13->US5,51926,51926,0
14,CS13->US13,51376,51376,0
14,CS13->US21,51489,51489,0
14,CS13->US29,56046,56045,0
14,CS13->US37,71419,71419,0
14,CS13->US45,51451,51451,0
14,CS13->US53,51771,51771,0
14,CS13->US61,56329,56329,0
14,CS13->US69,71955,71954,0
14,CS13->US77,51626,51626,0
14,CS13->US85,58854,58854,0
14,CS13->US93,51293,51293,0
14,CS13->US101,63001,63000,0
14,CS13->US109,64370,64369,0
14,CS13->US117,58454,58454,0
14,CS13->US125,54477,54477,0
14,CS14->US6,51614,51614,0
14,CS14->US14,51452,51452,0
14,CS14->US22,51781,51781,0
14,CS14->US30,55767,55767,0
14,CS14->US38,71210,71210,0
14,CS14->US46,51694,51694,0
14,CS14->US54,51934,51934,0
14,CS14->US62,55659,55659,0
14,CS14->US70,71270,71270,0
14,CS14->US78,51315,51315,0
14,CS14->US86,58555,58555,0
14,CS14->US94,51203,51203,0
14,CS14->US102,62739,62738,0
14,CS14->US110,64575,64574,0
14,CS14->US118,57669,57669,0
14,CS14->US126,54741,54741,0
14,CS15->US7,52030,52030,0
14,CS15->US15,51507,51505,0
14,CS15->US23,51175,51175,0
14,CS15->US31,55750,55750,0
14,CS15->US39,71421,71420,0
14,CS15->US47,51632,51632,0
14,CS15->US55,51364,51364,0
14,CS15->US63,56870,56870,0
14,CS15->US71,71640,71640,0
14,CS15->US79,51451,51451,0
14,CS15->US87,58829,58829,0
14,CS15->US95,51849,51849,0
14,CS15->US103,63004,63004,0
14,CS15->US111,64492,64492,0
14,CS15->US119,58291,58291,0
14,CS15->US127,54891,54891,0
14,CS16->US0,52296,52296,0
14,CS16->US8,51589,51589,0
14,CS16->US16,51210,51210,0
14,CS16->US24,56054,56054,0
14,CS16->US32,71687,71687,0
14,CS16->US40,52043,52043,0
14,CS16->US48,51853,51853,0
14,CS16->US56,56452,56452,0
14,CS16->US64,71353,71352,0
14,CS16->US72,51259,51259,0
14,CS16->US80,58356,58356,0
14,CS16->US88,51574,51574,0
14,CS16->US96,62854,62853,0
14,CS16->US104,64336,64336,0
14,CS16->US112,58188,58188,0
14,CS16->US120,54850,54850,0
14,CS17->US1,52291,52291,0
14,CS17->US9,51140,51140,0
14,CS17->US17,51496,51496,0
14,CS17->US25,56025,56025,0
14,CS17->US33,70816,70816,0
14,CS17->US41,51439,51439,0
14,CS17->US49,51486,51486,0
14,CS17->US57,56255,56255,0
14,CS17->US65,71938,71938,0
14,CS17->US73,51630,51630,0
14,CS17->US81,58446,58446,0
14,CS17->US89,51981,51981,0
14,CS17->US97,63175,63175,0
14,CS17->US105,64341,64340,0
14,CS17->US113,58220,58220,0
14,CS17->US121,54449,54449,0
14,CS18->US2,52092,52092,0
14,CS18->US10,51686,51686,0
14,CS18->US18,51368,51368,0
14,CS18->US26,55862,55862,0
14,CS18->US34,71382,71382,0
14,CS18->US42,51506,51506,0
14,CS18->US50,51449,51449,0
14,CS18->US58,56054,56054,0
14,CS18->US66,71541,71540,0
14,CS18->US74,51419,51419,0
14,CS18->US82,58715,58715,0
14,CS18->US90,51767,51767,0
14,CS18->US98,62757,62757,0
14,CS18->US106,64458,64458,0
14,CS18->US114,58117,58117,0
14,CS18->US122,54830,54830,0
14,CS19->US3,51650,51650,0
14,CS19->US11,51566,51566,0
14,CS19->US19,51121,51121,0
14,CS19->US27,56113,56112,0
14,CS19->US35,71517,71517,0
14,CS19->US43,51877,51877,0
14,CS19->US51,51806,51806,0
14,CS19->US59,56237,56237,0
14,CS19->US67,72096,72095,0
14,CS19->US75,51702,51702,0
14,CS19->US83,58673,58673,0
14,CS19->US91,51247,51247,0
14,CS19->US99,62537,62537,0
14,CS19->US107,64465,64464,0
14,CS19->US115,57939,57939,0
14,CS19->US123,54756,54756,0
14,CS20->US4,51709,51709,0
14,CS20->US12,51644,51644,0
14,CS20->US20,51065,51065,0
14,CS20->US28,55876,55876,0
14,CS20->US36,71408,71408,0
14,CS20->US44,51755,51755,0
14,CS20->US52,51651,51651,0
14,CS20->US60,56176,56175,0
14,CS20->US68,71714,71713,0
14,CS20->US76,51330,51330,0
14,CS20->US84,58390,58390,0
14,CS20->US92,51159,51159,0
14,CS20->US100,63027,63026,0
14,CS20->US108,64323,64323,0
14,CS20->US116,57945,57945,0
14,CS20->US124,54611,54611,0
14,CS21->US5,51949,51949,0
14,CS21->US13,51546,51546,0
14,CS21->US21,51352,51352,0
14,CS21->US29,55708,55708,0
14,CS21->US37,71439,71438,0
14,CS21->US45,51938,51938,0
14,CS21->US53,51707,51707,0
14,CS21->US61,56447,56447,0
14,CS21->US69,71187,71186,0
14,CS21->US77,51347,51347,0
14,CS21->US85,58190,58190,0
14,CS21->US93,51695,51695,0
14,CS21->US101,63034,63033,0
14,CS21->US109,63967,63967,0
14,CS21->US117,58060,58060,0
14,CS21->US125,54663,54663,0
14,CS22->US6,51812,51812,0
14,CS22->US14,51557,51557,0
14,CS22->US22,50840,50840,0
14,CS22->US30,56154,56153,0
14,CS22->US38,71041,71041,0
14,CS22->US46,51576,51576,0
14,CS22->US54,51693,51693,0
14,CS22->US62,55802,55802,0
14,CS22->US70,71650,71650,0
14,CS22->US78,51827,51827,0
14,CS22->US86,58264,58264,0
14,CS22->US94,51556,51556,0
14,CS22->US102,62851,62851,0
14,CS22->US110,64433,64433,0
14,CS22->US118,58143,58143,0
14,CS22->US126,54910,54910,0
14,CS23->US7,51738,51738,0
14,CS23->US15,51362,51362,0
14,CS23->US23,51485,51485,0
14,CS23->US31,56212,56212,0
14,CS23->US39,71073,71073,0
14,CS23->US47,51440,51440,0
14,CS23->US55,52046,52046,0
14,CS23->US63,55641,55641,0
14,CS23->US71,71677,71676,0
14,CS23->US79,51035,51035,0
14,CS23->US87,58541,58541,0
14,CS23->US95,51608,51608,0
14,CS23->US103,62632,62632,0
14,CS23->US111,64238,64238,0
14,CS23->US119,58218,58218,0
14,CS23->US127,54367,54367,0
14,CS24->US0,51801,51801,0
14,CS24->US8,51565,51565,0
14,CS24->US16,51124,51124,0
14,CS24->US24,56072,56071,0
14,CS24->US32,71353,71353,0
14,CS24->US40,51859,51859,0
14,CS24->US48,52032,52032,0
14,CS24->US56,56172,56172,0
14,CS24->US64,71415,71415,0
14,CS24->US72,51583,51583,0
14,CS24->US80,58383,58383,0
14,CS24->US88,50922,50922,0
14,CS24->US96,62738,62738,0
14,CS24->US104,64865,64865,0
14,CS24->US112,58060,58060,0
14,CS24->US120,54660,54660,0
14,CS25->US1,51595,51595,0
14,CS25->US9,51225,51225,0
14,CS25->US17,51013,51013,0
14,CS25->US25,56450,56450,0
14,CS25->US33,71141,71141,0
14,CS25->US41,52159,52159,0
14,CS25->US49,51722,51722,0
14,CS25->US57,55946,55945,0
14,CS25->US65,72181,72181,0
14,CS25->US73,51692,51692,0
14,CS25->US81,58313,58313,0
14,CS25->US89,51058,51058,0
14,CS25->US97,62841,62841,0
14,CS25->US105,64000,63999,0
14,CS25->US113,57701,57701,0
14,CS25->US121,54671,54671,0
14,CS26->US2,51551,51551,0
14,CS26->US10,51560,51560,0
14,CS26->US18,51098,51098,0
14,CS26->US26,55565,55565,0
14,CS26->US34,71503,71503,0
14,CS26->US42,51799,51799,0
14,CS26->US50,52124,52124,0
14,CS26->US58,56305,56305,0
14,CS26->US66,71892,71892,0
14,CS26->US74,51430,51430,0
14,CS26->US82,58879,58879,0
14,CS26->US90,51663,51663,0
14,CS26->US98,62740,62740,0
14,CS26->US106,64150,64149,0
14,CS26->US114,58085,58085,0
14,CS26->US122,55034,55034,0
14,CS27->US3,52133,52133,0
14,CS27->US11,51622,51622,0
14,CS27->US19,50999,50999,0
14,CS27->US27,55827,55827,0
14,CS27->US35,70810,70810,0
14,CS27->US43,51929,51929,0
14,CS27->US51,51787,51787,0
14,CS27->US59,56239,56239,0
14,CS27->US67,71603,71603,0
14,CS27->US75,51231,51231,0
14,CS27->US83,58459,58459,0
14,CS27->US91,51427,51427,0
14,CS27->US99,62600,62600,0
14,CS27->US107,64022,64022,0
14,CS27->US115,58053,58053,0
14,CS27->US123,55023,55023,0
14,CS28->US4,52008,52008,0
14,CS28->US12,51742,51742,0
14,CS28->US20,51165,51165,0
14,CS28->US28,55359,55359,0
14,CS28->US36,71230,71230,0
14,CS28->US44,51912,51912,0
14,CS28->US52,52013,52013,0
14,CS28->US60,56293,56293,0
14,CS28->US68,71445,71444,0
14,CS28->US76,51382,51382,0
14,CS28->US84,58366,58366,0
14,CS28->US92,51569,51569,0
14,CS28->US100,62566,62565,0
14,CS28->US108,63845,63843,0
14,CS28->US116,58080,58080,0
14,CS28->US124,55133,55133,0
14,CS29->US5,51937,51937,0
14,CS29->US13,51306,51306,0
14,CS29->US21,51028,51028,0
14,CS29->US29,55572,55572,0
14,CS29->US37,71242,71242,0
14,CS29->US45,51591,51591,0
14,CS29->US53,51687,51687,0
14,CS29->US61,56232,56232,0
14,CS29->US69,71704,71702,0
14,CS29->US77,51381,51381,0
14,CS29->US85,58149,58149,0
14,CS29->US93,51157,51157,0
14,CS29->US101,62781,62781,0
14,CS29->US109,64198,64198,0
14,CS29->US117,58022,58022,0
14,CS29->US125,55122,55122,0
14,CS30->US6,51650,51650,0
14,CS30->US14,51630,51630,0
14,CS30->US22,51013,51013,0
14,CS30->US30,55815,55815,0
14,CS30->US38,71128,71127,0
14,CS30->US46,51719,51719,0
14,CS30->US54,51831,51831,0
14,CS30->US62,56167,56166,0
14,CS30->US70,71875,71875,0
14,CS30->US78,51484,51484,0
14,CS30->US86,58245,58245,0
14,CS30->US94,51670,51670,0
14,CS30->US102,62616,62616,0
14,CS30->US110,63820,63820,0
14,CS30->US118,57827,57827,0
14,CS30->US126,54607,54607,0
14,CS31->US7,51589,51589,0
14,CS31->US15,51577,51577,0
14,CS31->US23,51287,51287,0
14,CS31->US31,56173,56173,0
14,CS31->US39,71200,71200,0
14,CS31->US47,51700,51700,0
14,CS31->US55,51687,51687,0
14,CS31->US63,56226,56225,0
14,CS31->US71,71834,71834,0
14,CS31->US79,51092,51092,0
14,CS31->US87,58622,58622,0
14,CS31->US95,51518,51518,0
14,CS31->US103,62656,62655,0
14,CS31->US111,63926,63926,0
14,CS31->US119,57651,57651,0
14,CS31->US127,54737,54737,0
14,CS32->US0,51262,51262,0
14,CS32->US8,51466,51466,0
14,CS32->US16,51056,51056,0
14,CS32->US24,56041,56040,0
14,CS32->US32,70991,70990,0
14,CS32->US40,51907,51907,0
14,CS32->US48,51655,51655,0
14,CS32->US56,56139,56139,0
14,CS32->US64,71601,71601,0
14,CS32->US72,51760,51760,0
14,CS32->US80,58397,58397,0
14,CS32->US88,51814,51814,0
14,CS32->US96,62675,62674,0
14,CS32->US104,64545,64545,0
14,CS32->US112,58048,58048,0
14,CS32->US120,54801,54801,0
14,CS33->US1,51626,51626,0
14,CS33->US9,51204,51204,0
14,CS33->US17,51200,51200,0
14,CS33->US25,55766,55766,0
14,CS33->US33,71288,71288,0
14,CS33->US41,51411,51411,0
14,CS33->US49,51587,51587,0
14,CS33->US57,56493,56493,0
14,CS33->US65,71097,71096,0
14,CS33->US73,51555,51555,0
14,CS33->US81,58241,58240,0
14,CS33->US89,51527,51527,0
14,CS33->US97,62586,62586,0
14,CS33->US105,63868,63868,0
14,CS33->US113,57992,57992,0
14,CS33->US121,54610,54610,0
14,CS34->US2,51642,51642,0
14,CS34->US10,51450,51450,0
14,CS34->US18,51313,51313,0
14,CS34->US26,55539,55537,0
14,CS34->US34,71401,71400,0
14,CS34->US42,51812,51812,0
14,CS34->US50,52078,52078,0
14,CS34->US58,55792,55792,0
14,CS34->US66,71602,71601,0
14,CS34->US74,51329,51329,0
14,CS34->US82,58592,58592,0
14,CS34->US90,51203,51203,0
14,CS34->US98,62712,62712,0
14,CS34->US106,64283,64283,0
14,CS34->US114,57865,57865,0
14,CS34->US122,55185,55185,0
14,CS35->US3,51508,51508,0
14,CS35->US11,51636,51636,0
14,CS35->US19,51020,51020,0
14,CS35->US27,55857,55857,0
14,CS35->US35,71221,71221,0
14,CS35->US43,51571,51571,0
14,CS35->US51,51909,51909,0
14,CS35->US59,56020,56020,0
14,CS35->US67,71497,71495,0
14,CS35->US75,51502,51502,0
14,CS35->US83,58725,58725,0
14,CS35->US91,51678,51678,0
14,CS35->US99,62310,62309,0
14,CS35->US107,64260,64260,0
14,CS35->US115,58094,58094,0
14,CS35->US123,54732,54732,0
14,CS36->US4,51876,51876,0
14,CS36->US12,51444,51443,0
14,CS36->US20,51430,51430,0
14,CS36->US28,55485,55485,0
14,CS36->US36,71560,71560,0
14,CS36->US44,51761,51761,0
14,CS36->US52,51692,51692,0
14,CS36->US60,56419,56418,0
14,CS36->US68,71400,71399,0
14,CS36->US76,51216,51216,0
14,CS36->US84,58284,58283,0
14,CS36->US92,51647,51647,0
14,CS36->US100,62989,62989,0
14,CS36->US108,64370,64369,0
14,CS36->US116,57743,57743,0
14,CS36->US124,55344,55344,0
14,CS37->US5,51867,51867,0
14,CS37->US13,51174,51174,0
14,CS37->US21,51562,51562,0
14,CS37->US29,55611,55610,0
14,CS37->US37,71292,71292,0
14,CS37->US45,51550,51550,0
14,CS37->US53,51845,51845,0
14,CS37->US61,55926,55925,0
14,CS37->US69,71115,71115,0
14,CS37->US77,51615,51615,0
14,CS37->US85,58147,58147,0
14,CS37->US93,51364,51364,0
14,CS37->US101,62726,62726,0
14,CS37->US109,64244,64244,0
14,CS37->US117,58352,58352,0
14,CS37->US125,54526,54526,0
14,CS38->US6,51939,51939,0
14,CS38->US14,51214,51214,0
14,CS38->US22,51760,51760,0
14,CS38->US30,55226,55226,0
14,CS38->US38,71775,71775,0
14,CS38->US46,51900,51900,0
14,CS38->US54,51759,51759,0
14,CS38->US62,56197,56197,0
14,CS38->US70,71372,71371,0
14,CS38->US78,51554,51554,0
14,CS38->US86,58580,58580,0
14,CS38->US94,51500,51500,0
14,CS38->US102,62752,62750,0
14,CS38->US110,64448,64448,0
14,CS38->US118,58411,58411,0
14,CS38->US126,54447,54447,0
14,CS39->US7,51733,51733,0
14,CS39->US15,51550,51550,0
14,CS39->US23,51407,51407,0
14,CS39->US31,55523,55523,0
14,CS39->US39,71269,71268,0
14,CS39->US47,51979,51979,0
14,CS39->US55,51778,51778,0
14,CS39->US63,55795,55795,0
14,CS39->US71,71750,71750,0
14,CS39->US79,51476,51476,0
14,CS39->US87,58631,58631,0
14,CS39->US95,51790,51790,0
14,CS39->US103,62903,62902,0
14,CS39->US111,64179,64179,0
14,CS39->US119,58457,58457,0
14,CS39->US127,54695,54695,0
14,CS40->US0,51494,51494,0
14,CS40->US8,51496,51496,0
14,CS40->US16,50774,50774,0
14,CS40->US24,55853,55853,0
14,CS40->US32,71967,71967,0
14,CS40->US40,51707,51707,0
14,CS40->US48,51808,51808,0
14,CS40->US56,56083,56083,0
14,CS40->US64,71323,71323,0
14,CS40->US72,51555,51555,0
14,CS40->US80,58672,58672,0
14,CS40->US88,50974,50974,0
14,CS40->US96,62635,62635,0
14,CS40->US104,64278,64278,0
14,CS40->US112,58047,58047,0
14,CS40->US120,54807,54807,0
14,CS41->US1,51791,51791,0
14,CS41->US9,51365,51365,0
14,CS41->US17,51295,51295,0
14,CS41->US25,56002,56002,0
14,CS41->US33,71547,71547,0
14,CS41->US41,51702,51702,0
14,CS41->US49,51644,51644,0
14,CS41->US57,56478,56478,0
14,CS41->US65,71418,71417,0
14,CS41->US73,51129,51129,0
14,CS41->US81,58356,58356,0
14,CS41->US89,51063,51063,0
14,CS41->US97,63316,63316,0
14,CS41->US105,64092,64092,0
14,CS41->US113,57809,57809,0
14,CS41->US121,54855,54855,0
14,CS42->US2,51599,51599,0
14,CS42->US10,51551,51551,0
14,CS42->US18,51555,51555,0
14,CS42->US26,56062,56062,0
14,CS42->US34,71493,71492,0
14,CS42->US42,51809,51809,0
14,CS42->US50,51664,51664,0
14,CS42->US58,56001,56000,0
14,CS42->US66,71632,71632,0
14,CS42->US74,51743,51743,0
14,CS42->US82,58658,58658,0
14,CS42->US90,51706,51706,0
14,CS42->US98,62975,62975,0
14,CS42->US106,64477,64477,0
14,CS42->US114,57838,57838,0
14,CS42->US122,54731,54731,0
14,CS43->US3,51456,51456,0
14,CS43->US11,51374,51374,0
14,CS43->US19,51394,51394,0
14,CS43->US27,55471,55471,0
14,CS43->US35,71680,71679,0
14,CS43->US43,51600,51600,0
14,CS43->US51,51905,51905,0
14,CS43->US59,55776,55776,0
14,CS43->US67,71733,71733,0
14,CS43->US75,51711,51711,0
14,CS43->US83,58197,58197,0
14,CS43->US91,51118,51118,0
14,CS43->US99,63085,63085,0
14,CS43->US107,64539,64539,0
14,CS43->US115,58120,58120,0
14,CS43->US123,54748,54748,0
14,CS44->US4,51524,51524,0
14,CS44->US12,51301,51301,0
14,CS44->US20,50919,50919,0
14,CS44->US28,55903,55903,0
14,CS44->US36,71084,71083,0
14,CS44->US44,51991,51991,0
14,CS44->US52,51328,51328,0
14,CS44->US60,56504,56504,0
14,CS44->US68,71708,71707,0
14,CS44->US76,51646,51646,0
14,CS44->US84,58472,58472,0
14,CS44->US92,51287,51287,0
14,CS44->US100,62576,62576,0
14,CS44->US108,64148,64148,0
14,CS44->US116,57858,57858,0
14,CS44->US124,55143,55143,0
14,CS45->US5,52004,52004,0
14,CS45->US13,51325,51325,0
14,CS45->US21,51352,51352,0
14,CS45->US29,56374,56373,0
14,CS45->US37,71360,71360,0
14,CS45->US45,51774,51774,0
14,CS45->US53,51617,51617,0
14,CS45->US61,55903,55903,0
14,CS45->US69,71765,71764,0
14,CS45->US77,51450,51450,0
14,CS45->US85,58633,58633,0
14,CS45->US93,51074,51074,0
14,CS45->US101,62891,62891,0
14,CS45->US109,64680,64679,0
14,CS45->US117,57609,57609,0
14,CS45->US125,54741,54741,0
14,CS46->US6,51924,51924,0
14,CS46->US14,51523,51523,0
14,CS46->US22,51458,51458,0
14,CS46->US30,56230,56230,0
14,CS46->US38,70996,70996,0
14,CS46->US46,51573,51573,0
14,CS46->US54,51995,51995,0
14,CS46->US62,56156,56156,0
14,CS46->US70,71665,71665,0
14,CS46->US78,51324,51324,0
14,CS46->US86,58459,58459,0
14,CS46->US94,51710,51710,0
14,CS46->US102,62665,62665,0
14,CS46->US110,63892,63892,0
14,CS46->US118,58291,58291,0
14,CS46->US126,54962,54962,0
14,CS47->US7,51579,51579,0
14,CS47->US15,51230,51230,0
14,CS47->US23,51220,51220,0
14,CS47->US31,55550,55550,0
14,CS47->US39,71123,71123,0
14,CS47->US47,51911,51911,0
14,CS47->US55,51602,51602,0
14,CS47->US63,56388,56388,0
14,CS47->US71,71685,71685,0
14,CS47->US79,51570,51570,0
14,CS47->US87,58158,58158,0
14,CS47->US95,51353,51353,0
14,CS47->US103,62724,62723,0
14,CS47->US111,63952,63950,0
14,CS47->US119,58194,58194,0
14,CS47->US127,55053,55053,0
14,CS48->US0,51538,51538,0
14,CS48->US8,51434,51434,0
14,CS48->US16,51189,51189,0
14,CS48->US24,55586,55586,0
14,CS48->US32,71068,71068,0
14,CS48->US40,51613,51613,0
14,CS48->US48,51731,51731,0
14,CS48->US56,56422,56420,0
14,CS48->US64,71761,71761,0
14,CS48->US72,51445,51445,0
14,CS48->US80,59015,59013,0
14,CS48->US88,51268,51268,0
14,CS48->US96,62902,62901,0
14,CS48->US104,64458,64458,0
14,CS48->US112,58432,58432,0
14,CS48->US120,55053,55053,0
14,CS49->US1,52041,52041,0
14,CS49->US9,51375,51375,0
14,CS49->US17,51551,51551,0
14,CS49->US25,55820,55820,0
14,CS49->US33,71045,71045,0
14,CS49->US41,51781,51781,0
14,CS49->US49,51836,51836,0
14,CS49->US57,56214,56214,0
14,CS49->US65,72178,72178,0
14,CS49->US73,51208,51208,0
14,CS49->US81,58834,58834,0
14,CS49->US89,51549,51549,0
14,CS49->US97,63039,63039,0
14,CS49->US105,64366,64366,0
14,CS49->US113,58228,58228,0
14,CS49->US121,54608,54608,0
14,CS50->US2,51766,51766,0
14,CS50->US10,51673,51672,0
14,CS50->US18,50937,50937,0
14,CS50->US26,55561,55561,0
14,CS50->US34,71378,71378,0
14,CS50->US42,51930,51930,0
14,CS50->US50,51678,51678,0
14,CS50->US58,55874,55874,0
14,CS50->US66,71563,71563,0
14,CS50->US74,51683,51683,0
14,CS50->US82,58597,58597,0
14,CS50->US90,51195,51195,0
14,CS50->US98,62710,62710,0
14,CS50->US106,63893,63893,0
14,CS50->US114,58122,58122,0
14,CS50->US122,54613,54613,0
14,CS51->US3,51751,51751,0
14,CS51->US11,51537,51536,0
14,CS51->US19,51698,51698,0
14,CS51->US27,56002,56002,0
14,CS51->US35,70921,70921,0
14,CS51->US43,51882,51882,0
14,CS51->US51,51554,51554,0
14,CS51->US59,56276,56276,0
14,CS51->US67,71615,71615,0
14,CS51->US75,51431,51431,0
14,CS51->US83,58797,58797,0
14,CS51->US91,51781,51781,0
14,CS51->US99,62889,62889,0
14,CS51->US107,64023,64021,0
14,CS51->US115,58005,58005,0
14,CS51->US123,54816,54816,0
14,CS52->US4,51522,51522,0
14,CS52->US12,51262,51262,0
14,CS52->US20,51010,51010,0
14,CS52->US28,56251,56250,0
14,CS52->US36,71038,71037,0
14,CS52->US44,51597,51597,0
14,CS52->US52,52002,52002,0
14,CS52->US60,55966,55966,0
14,CS52->US68,71617,71617,0
14,CS52->US76,51443,51443,0
14,CS52->US84,58766,58766,0
14,CS52->US92,51101,51101,0
14,CS52->US100,62759,62758,0
14,CS52->US108,64297,64297,0
14,CS52->US116,57760,57760,0
14,CS52->US124,54735,54735,0
14,CS53->US5,51844,51844,0
14,CS53->US13,51370,51370,0
14,CS53->US21,51070,51070,0
14,CS53->US29,55785,55784,0
14,CS53->US37,70901,70901,0
14,CS53->US45,51530,51530,0
14,CS53->US53,51672,51672,0
14,CS53->US61,55919,55919,0
14,CS53->US69,71668,71668,0
14,CS53->US77,51609,51609,0
14,CS53->US85,58233,58232,0
14,CS53->US93,51270,51270,0
14,CS53->US101,62801,62801,0
14,CS53->US109,64215,64215,0
14,CS53->US117,58240,58240,0
14,CS53->US125,55255,55255,0
14,CS54->US6,51629,51629,0
14,CS54->US14,51216,51216,0
14,CS54->US22,51339,51339,0
14,CS54->US30,55636,55636,0
14,CS54->US38,71976,71976,0
14,CS54->US46,52007,52007,0
14,CS54->US54,51780,51780,0
14,CS54->US62,56405,56405,0
14,CS54->US70,71325,71325,0
14,CS54->US78,51620,51620,0
14,CS54->US86,58514,58514,0
14,CS54->US94,51387,51387,0
14,CS54->US102,62828,62828,0
14,CS54->US110,64196,64196,0
14,CS54->US118,57960,57960,0
14,CS54->US126,54051,54051,0
14,CS55->US7,51271,51271,0
14,CS55->US15,51504,51504,0
14,CS55->US23,51194,51194,0
14,CS55->US31,55655,55655,0
14,CS55->US39,71498,71496,0
14,CS55->US47,51524,51524,0
14,CS55->US55,51729,51729,0
14,CS55->US63,55951,55950,0
14,CS55->US71,71309,71309,0
14,CS55->US79,51004,51004,0
14,CS55->US87,58132,58132,0
14,CS55->US95,51774,51774,0
14,CS55->US103,62732,62732,0
14,CS55->US111,64240,64238,0
14,CS55->US119,58376,58376,0
14,CS55->US127,55016,55016,0
14,CS56->US0,51700,51700,0
14,CS56->US8,51605,51604,0
14,CS56->US16,50944,50944,0
14,CS56->US24,55892,55892,0
14,CS56->US32,71491,71491,0
14,CS56->US40,51463,51463,0
14,CS56->US48,52172,52172,0
14,CS56->US56,56305,56305,0
14,CS56->US64,71724,71724,0
14,CS56->US72,51280,51280,0
14,CS56->US80,58713,58713,0
14,CS56->US88,51218,51218,0
14,CS56->US96,63004,63004,0
14,CS56->US104,63988,63988,0
14,CS56->US112,58345,58345,0
14,CS56->US120,54934,54934,0
14,CS57->US1,52106,52106,0
14,CS57->US9,51744,51744,0
14,CS57->US17,51010,51010,0
14,CS57->US25,55539,55539,0
14,CS57->US33,71054,71054,0
14,CS57->US41,51733,51733,0
14,CS57->US49,51859,51859,0
14,CS57->US57,55802,55802,0
14,CS57->US65,71543,71543,0
14,CS57->US73,51206,51206,0
14,CS57->US81,58576,58575,0
14,CS57->US89,51818,51818,0
14,CS57->US97,62937,62937,0
14,CS57->US105,64397,64396,0
14,CS57->US113,58072,58072,0
14,CS57->US121,55041,55041,0
14,CS58->US2,51520,51520,0
14,CS58->US10,51415,51415,0
14,CS58->US18,51409,51409,0
14,CS58->US26,55396,55396,0
14,CS58->US34,71096,71096,0
14,CS58->US42,51783,51783,0
14,CS58->US50,51577,51577,0
14,CS58->US58,56049,56049,0
14,CS58->US66,71267,71267,0
14,CS58->US74,51753,51753,0
14,CS58->US82,58492,58492,0
14,CS58->US90,51082,51082,0
14,CS58->US98,63021,63021,0
14,CS58->US106,63592,63592,0
14,CS58->US114,58028,58028,0
14,CS58->US122,55347,55347,0
14,CS59->US3,52023,52023,0
14,CS59->US11,51722,51722,0
14,CS59->US19,51274,51274,0
14,CS59->US27,55925,55925,0
14,CS59->US35,71314,71314,0
14,CS59->US43,51635,51635,0
14,CS59->US51,51710,51710,0
14,CS59->US59,56094,56094,0
14,CS59->US67,71358,71357,0
14,CS59->US75,51665,51665,0
14,CS59->US83,58465,58465,0
14,CS59->US91,51331,51331,0
14,CS59->US99,62635,62635,0
14,CS59->US107,63429,63428,0
14,CS59->US115,57723,57723,0
14,CS59->US123,54869,54869,0
14,CS60->US4,52084,52084,0
14,CS60->US12,51521,51521,0
14,CS60->US20,51196,51196,0
14,CS60->US28,55664,55664,0
14,CS60->US36,71097,71097,0
14,CS60->US44,51786,51786,0
14,CS60->US52,51674,51674,0
14,CS60->US60,55964,55963,0
14,CS60->US68,71164,71164,0
14,CS60->US76,51862,51862,0
14,CS60->US84,58565,58565,0
14,CS60->US92,51478,51478,0
14,CS60->US100,62491,62491,0
14,CS60->US108,64441,64441,0
14,CS60->US116,58040,58040,0
14,CS60->US124,54864,54864,0
14,CS61->US5,51772,51772,0
14,CS61->US13,51215,51215,0
14,CS61->US21,51517,51517,0
14,CS61->US29,56157,56156,0
14,CS61->US37,71224,71223,0
14,CS61->US45,51513,51513,0
14,CS61->US53,51896,51896,0
14,CS61->US61,56433,56433,0
14,CS61->US69,71444,71442,0
14,CS61->US77,51747,51747,0
14,CS61->US85,58449,58448,0
14,CS61->US93,51491,51491,0
14,CS61->US101,62750,62750,0
14,CS61->US109,63900,63899,0
14,CS61->US117,58008,58008,0
14,CS61->US125,54966,54966,0
14,CS62->US6,51952,51952,0
14,CS62->US14,51492,51491,0
14,CS62->US22,51097,51097,0
14,CS62->US30,55640,55640,0
14,CS62->US38,71515,71515,0
14,CS62->US46,51487,51487,0
14,CS62->US54,51881,51881,0
14,CS62->US62,56000,56000,0
14,CS62->US70,71213,71211,0
14,CS62->US78,51627,51627,0
14,CS62->US86,58171,58171,0
14,CS62->US94,51381,51381,0
14,CS62->US102,63163,63163,0
14,CS62->US110,64387,64387,0
14,CS62->US118,57924,57924,0
14,CS62->US126,54371,54371,0
14,CS63->US7,51825,51825,0
14,CS63->US15,51371,51371,0
14,CS63->US23,51337,51337,0
14,CS63->US31,55950,55950,0
14,CS63->US39,71169,71169,0
14,CS63->US47,51622,51622,0
14,CS63->US55,51794,51794,0
14,CS63->US63,56456,56455,0
14,CS63->US71,72097,72097,0
14,CS63->US79,51597,51597,0
14,CS63->US87,58699,58699,0
14,CS63->US95,51150,51150,0
14,CS63->US103,63168,63168,0
14,CS63->US111,64466,64466,0
14,CS63->US119,58044,58044,0
14,CS63->US127,54882,54882,0
15,US0->CS0,51945,51945,0
15,US0->CS8,52360,52360,0
15,US0->CS16,52141,52141,0
15,US0->CS24,52299,52299,0
15,US0->CS32,52010,52010,0
15,US0->CS40,52089,52089,0
15,US0->CS48,51970,51970,0
15,US0->CS56,52459,52459,0
15,US1->CS1,52185,52185,0
15,US1->CS9,52205,52205,0
15,US1->CS17,51761,51761,0
15,US1->CS25,51980,51980,0
15,US1->CS33,51903,51903,0
15,US1->CS41,51934,51934,0
15,US1->CS49,52160,52160,0
15,US1->CS57,52153,52153,0
15,US2->CS2,51847,51847,0
15,US2->CS10,52112,52112,0
15,US2->CS18,51774,51774,0
15,US2->CS26,52433,52433,0
15,US2->CS34,52376,52376,0
15,US2->CS42,51959,51959,0
15,US2->CS50,51994,51994,0
15,US2->CS58,51915,51915,0
15,US3->CS3,52048,52048,0
15,US3->CS11,52011,52011,0
15,US3->CS19,52055,52055,0
15,US3->CS27,52082,52082,0
15,US3->CS35,52217,52217,0
15,US3->CS43,52128,52128,0
15,US3->CS51,51935,51935,0
15,US3->CS59,52046,52046,0
15,US4->CS4,52178,52178,0
15,US4->CS12,51966,51966,0
15,US4->CS20,51936,51936,0
15,US4->CS28,52315,52315,0
15,US4->CS36,51989,51989,0
15,US4->CS44,51671,51671,0
15,US4->CS52,52303,52303,0
15,US4->CS60,52012,52012,0
15,US5->CS5,52229,52229,0
15,US5->CS13,52077,52077,0
15,US5->CS21,52108,52108,0
15,US5->CS29,52005,52005,0
15,US5->CS37,52051,52051,0
15,US5->CS45,51856,51856,0
15,US5->CS53,52041,52041,0
15,US5->CS61,52205,52205,0
15,US6->CS6,52031,52031,0
15,US6->CS14,52237,52237,0
15,US6->CS22,52027,52027,0
15,US6->CS30,52104,52104,0
15,US6->CS38,52053,52053,0
15,US6->CS46,52385,52385,0
15,US6->CS54,52062,52062,0
15,US6->CS62,52157,52157,0
15,US7->CS7,52292,52292,0
15,US7->CS15,51724,51724,0
15,US7->CS23,52305,52305,0
15,US7->CS31,51994,51994,0
15,US7->CS39,52087,52087,0
15,US7->CS47,51911,51911,0
15,US7->CS55,52049,52049,0
15,US7->CS63,52137,52137,0
15,US8->CS0,88650,88650,0
15,US8->CS8,88725,88725,0
15,US8->CS16,88417,88417,0
15,US8->CS24,88617,88616,0
15,US8->CS32,88508,88508,0
15,US8->CS40,88767,88767,0
15,US8->CS48,89053,89052,0
15,US8->CS56,88875,88874,0
15,US9->CS1,88552,88552,0
15,US9->CS9,88361,88360,0
15,US9->CS17,88453,88452,0
15,US9->CS25,88508,88508,0
15,US9->CS33,88247,88247,0
15,US9->CS41,88612,88612,0
15,US9->CS49,88924,88924,0
15,US9->CS57,88880,88880,0
15,US10->CS2,88918,88918,0
15,US10->CS10,88566,88566,0
15,US10->CS18,88964,88964,0
15,US10->CS26,88936,88935,0
15,US10->CS34,88539,88538,0
15,US10->CS42,88384,88384,0
15,US10->CS50,88996,88996,0
15,US10->CS58,88859,88857,0
15,US11->CS3,88301,88300,0
15,US11->CS11,89382,89381,0
15,US11->CS19,88912,88911,0
15,US11->CS27,88511,88511,0
15,US11->CS35,88803,88803,0
15,US11->CS43,88463,88462,0
15,US11->CS51,89120,89120,0
15,US11->CS59,88705,88704,0
15,US12->CS4,89115,89114,0
15,US12->CS12,88797,88797,0
15,US12->CS20,88712,88711,0
15,US12->CS28,88829,88828,0
15,US12->CS36,88558,88558,0
15,US12->CS44,88480,88479,0
15,US12->CS52,88850,88850,0
15,US12->CS60,88652,88652,0
15,US13->CS5,88485,88484,0
15,US13->CS13,88841,88841,0
15,US13->CS21,88183,88182,0
15,US13->CS29,88077,88077,0
15,US13->CS37,88236,88235,0
15,US13->CS45,88524,88524,0
15,US13->CS53,88436,88435,0
15,US13->CS61,88740,88740,0
15,US14->CS6,88737,88734,0
15,US14->CS14,88876,88876,0
15,US14->CS22,88657,88657,0
15,US14->CS30,88745,88744,0
15,US14->CS38,89066,89066,0
15,US14->CS46,88523,88523,0
15,US14->CS54,88963,88963,0
15,US14->CS62,88479,88478,0
15,US15->CS7,88702,88701,0
15,US15->CS15,88835,88835,0
15,US15->CS23,88539,88539,0
15,US15->CS31,88995,88995,0
15,US15->CS39,88540,88540,0
15,US15->CS47,88230,88230,0
15,US15->CS55,88594,88593,0
15,US15->CS63,88669,88669,0
15,US16->CS0,76402,76402,0
15,US16->CS8,76572,76571,0
15,US16->CS16,76407,76407,0
15,US16->CS24,76232,76232,0
15,US16->CS32,76409,76408,0
15,US16->CS40,76537,76537,0
15,US16->CS48,76805,76805,0
15,US16->CS56,76385,76385,0
15,US17->CS1,76281,76281,0
15,US17->CS9,76334,76334,0
15,US17->CS17,76174,76174,0
15,US17->CS25,76062,76062,0
15,US17->CS33,76184,76184,0
15,US17->CS41,76244,76244,0
15,US17->CS49,76105,76105,0
15,US17->CS57,76680,76678,0
15,US18->CS2,76360,76360,0
15,US18->CS10,76692,76692,0
15,US18->CS18,76127,76127,0
15,US18->CS26,76511,76511,0
15,US18->CS34,76451,76450,0
15,US18->CS42,76208,76208,0
15,US18->CS50,75982,75982,0
15,US18->CS58,76721,76721,0
15,US19->CS3,76467,76467,0
15,US19->CS11,76329,76328,0
15,US19->CS19,76543,76543,0
15,US19->CS27,76527,76527,0
15,US19->CS35,76286,76286,0
15,US19->CS43,76157,76156,0
15,US19->CS51,76390,76390,0
15,US19->CS59,76458,76458,0
15,US20->CS4,76327,76326,0
15,US20->CS12,76618,76618,0
15,US20->CS20,76471,76471,0
15,US20->CS28,76857,76856,0
15,US20->CS36,76927,76927,0
15,US20->CS44,76521,76521,0
15,US20->CS52,75997,75997,0
15,US20->CS60,76266,76266,0
15,US21->CS5,76247,76247,0
15,US21->CS13,75956,75956,0
15,US21->CS21,76358,76358,0
15,US21->CS29,76584,76584,0
15,US21->CS37,76235,76235,0
15,US21->CS45,76223,76223,0
15,US21->CS53,76660,76659,0
15,US21->CS61,76398,76397,0
15,US22->CS6,77017,77017,0
15,US22->CS14,76620,76620,0
15,US22->CS22,76666,76666,0
15,US22->CS30,76262,76262,0
15,US22->CS38,75931,75931,0
15,US22->CS46,76370,76370,0
15,US22->CS54,75851,75850,0
15,US22->CS62,75982,75982,0
15,US23->CS7,76533,76532,0
15,US23->CS15,76329,76329,0
15,US23->CS23,75775,75775,0
15,US23->CS31,76393,76393,0
15,US23->CS39,76059,76058,0
15,US23->CS47,77042,77042,0
15,US23->CS55,76665,76665,0
15,US23->CS63,76309,76309,0
15,US24->CS0,95683,95683,0
15,US24->CS8,95377,95377,0
15,US24->CS16,96096,96096,0
15,US24->CS24,95622,95621,0
15,US24->CS32,95529,95529,0
15,US24->CS40,95691,95691,0
15,US24->CS48,95891,95891,0
15,US24->CS56,96198,96198,0
15,US25->CS1,94920,94918,0
15,US25->CS9,96172,96171,0
15,US25->CS17,95767,95767,0
15,US25->CS25,95437,95437,0
15,US25->CS33,96181,96181,0
15,US25->CS41,95747,95747,0
15,US25->CS49,95910,95909,0
15,US25->CS57,95158,95158,0
15,US26->CS2,95324,95324,0
15,US26->CS10,95805,95805,0
15,US26->CS18,95356,95356,0
15,US26->CS26,95571,95570,0
15,US26->CS34,95359,95358,0
15,US26->CS42,95203,95203,0
15,US26->CS50,95185,95184,0
15,US26->CS58,95279,95277,0
15,US27->CS3,95587,95586,0
15,US27->CS11,95386,95386,0
15,US27->CS19,95460,95459,0
15,US27->CS27,95569,95569,0
15,US27->CS35,95539,95538,0
15,US27->CS43,95228,95228,0
15,US27->CS51,95381,95379,0
15,US27->CS59,95749,95749,0
15,US28->CS4,95138,95138,0
15,US28->CS12,95742,95742,0
15,US28->CS20,95627,95627,0
15,US28->CS28,95503,95502,0
15,US28->CS36,95754,95753,0
15,US28->CS44,95825,95825,0
15,US28->CS52,95217,95217,0
15,US28->CS60,95583,95583,0
15,US29->CS5,95318,95315,0
15,US29->CS13,95888,95888,0
15,US29->CS21,96162,96161,0
15,US29->CS29,95726,95726,0
15,US29->CS37,95949,95949,0
15,US29->CS45,95476,95475,0
15,US29->CS53,95711,95711,0
15,US29->CS61,95814,95814,0
15,US30->CS6,95747,95747,0
15,US30->CS14,95369,95368,0
15,US30->CS22,95366,95363,0
15,US30->CS30,95583,95582,0
15,US30->CS38,95697,95697,0
15,US30->CS46,95702,95702,0
15,US30->CS54,95610,95609,0
15,US30->CS62,95729,95729,0
15,US31->CS7,95500,95500,0
15,US31->CS15,96522,96521,0
15,US31->CS23,95088,95088,0
15,US31->CS31,95640,95640,0
15,US31->CS39,95548,95547,0
15,US31->CS47,95496,95496,0
15,US31->CS55,95442,95441,0
15,US31->CS63,95782,95782,0
15,US32->CS0,118421,118421,0
15,US32->CS8,117908,117908,0
15,US32->CS16,118387,118386,0
15,US32->CS24,118362,118362,0
15,US32->CS32,118556,118555,0
15,US32->CS40,118374,118374,0
15,US32->CS48,118302,118302,0
15,US32->CS56,118688,118687,0
15,US33->CS1,118171,118170,0
15,US33->CS9,118678,118676,0
15,US33->CS17,118805,118804,0
15,US33->CS25,118996,118996,0
15,US33->CS33,117940,117939,0
15,US33->CS41,118495,118495,0
15,US33->CS49,119482,119482,0
15,US33->CS57,118406,118405,0
15,US34->CS2,118486,118486,0
15,US34->CS10,118513,118513,0
15,US34->CS18,118755,118753,0
15,US34->CS26,118912,118912,0
15,US34->CS34,118575,118575,0
15,US34->CS42,118620,118620,0
15,US34->CS50,118781,118780,0
15,US34->CS58,117878,117878,0
15,US35->CS3,118505,118503,0
15,US35->CS11,118678,118677,0
15,US35->CS19,119045,119044,0
15,US35->CS27,118066,118066,0
15,US35->CS35,118342,118341,0
15,US35->CS43,118752,118751,0
15,US35->CS51,118642,118642,0
15,US35->CS59,118391,118390,0
15,US36->CS4,117603,117603,0
15,US36->CS12,118738,118738,0
15,US36->CS20,118380,118379,0
15,US36->CS28,118074,118074,0
15,US36->CS36,117837,117837,0
15,US36->CS44,119030,119029,0
15,US36->CS52,118180,118180,0
15,US36->CS60,118225,118225,0
15,US37->CS5,118995,118995,0
15,US37->CS13,118732,118731,0
15,US37->CS21,117934,117933,0
15,US37->CS29,118767,118767,0
15,US37->CS37,118100,118099,0
15,US37->CS45,118463,118462,0
15,US37->CS53,118771,118771,0
15,US37->CS61,118222,118222,0
15,US38->CS6,117824,117824,0
15,US38->CS14,118218,118217,0
15,US38->CS22,118704,118704,0
15,US38->CS30,118470,118470,0
15,US38->CS38,118434,118434,0
15,US38->CS46,118612,118611,0
15,US38->CS54,118333,118331,0
15,US38->CS62,117692,117692,0
15,US39->CS7,118274,118273,0
15,US39->CS15,118159,118159,0
15,US39->CS23,118614,118614,0
15,US39->CS31,118624,118624,0
15,US39->CS39,118449,118449,0
15,US39->CS47,118737,118737,0
15,US39->CS55,118060,118059,0
15,US39->CS63,118307,118304,0
15,US40->CS0,64482,64481,0
15,US40->CS8,64693,64693,0
15,US40->CS16,64725,64724,0
15,US40->CS24,64501,64501,0
15,US40->CS32,64558,64558,0
15,US40->CS40,64604,64604,0
15,US40->CS48,65052,65052,0
15,US40->CS56,64918,64917,0
15,US41->CS1,64391,64391,0
15,US41->CS9,64867,64867,0
15,US41->CS17,64808,64808,0
15,US41->CS25,64208,64208,0
15,US41->CS33,64424,64423,0
15,US41->CS41,64392,64392,0
15,US41->CS49,64645,64645,0
15,US41->CS57,64672,64671,0
15,US42->CS2,64417,64417,0
15,US42->CS10,64901,64901,0
15,US42->CS18,64751,64751,0
15,US42->CS26,64436,64436,0
15,US42->CS34,64322,64322,0
15,US42->CS42,64351,64350,0
15,US42->CS50,64547,64547,0
15,US42->CS58,64442,64442,0
15,US43->CS3,64522,64522,0
15,US43->CS11,64450,64450,0
15,US43->CS19,64416,64416,0
15,US43->CS27,64721,64721,0
15,US43->CS35,64698,64698,0
15,US43->CS43,64579,64579,0
15,US43->CS51,64299,64299,0
15,US43->CS59,64284,64284,0
15,US44->CS4,64606,64606,0
15,US44->CS12,64730,64728,0
15,US44->CS20,64294,64293,0
15,US44->CS28,64593,64593,0
15,US44->CS36,64308,64308,0
15,US44->CS44,64299,64299,0
15,US44->CS52,64182,64182,0
15,US44->CS60,64545,64544,0
15,US45->CS5,64418,64417,0
15,US45->CS13,64924,64923,0
15,US45->CS21,64532,64532,0
15,US45->CS29,64512,64512,0
15,US45->CS37,64926,64925,0
15,US45->CS45,64213,64212,0
15,US45->CS53,64759,64759,0
15,US45->CS61,64297,64296,0
15,US46->CS6,65197,65197,0
15,US46->CS14,64101,64101,0
15,US46->CS22,64767,64767,0
15,US46->CS30,64388,64388,0
15,US46->CS38,64899,64899,0
15,US46->CS46,64611,64611,0
15,US46->CS54,64360,64360,0
15,US46->CS62,64582,64581,0
15,US47->CS7,64350,64350,0
15,US47->CS15,64654,64654,0
15,US47->CS23,64707,64707,0
15,US47->CS31,64113,64112,0
15,US47->CS39,64916,64916,0
15,US47->CS47,64631,64631,0
15,US47->CS55,64943,64942,0
15,US47->CS63,64536,64536,0
15,US48->CS0,52260,52260,0
15,US48->CS8,52478,52478,0
15,US48->CS16,52606,52606,0
15,US48->CS24,52103,52103,0
15,US48->CS32,51569,51569,0
15,US48->CS40,51814,51814,0
15,US48->CS48,51783,51783,0
15,US48->CS56,51963,51963,0
15,US49->CS1,51859,51859,0
15,US49->CS9,51725,51725,0
15,US49->CS17,52529,52529,0
15,US49->CS25,51910,51910,0
15,US49->CS33,51917,51917,0
15,US49->CS41,52015,52015,0
15,US49->CS49,52330,52330,0
15,US49->CS57,52432,52432,0
15,US50->CS2,52199,52199,0
15,US50->CS10,52386,52386,0
15,US50->CS18,52415,52415,0
15,US50->CS26,51874,51874,0
15,US50->CS34,51899,51899,0
15,US50->CS42,51913,51913,0
15,US50->CS50,52041,52041,0
15,US50->CS58,51795,51795,0
15,US51->CS3,51971,51971,0
15,US51->CS11,51792,51792,0
15,US51->CS19,51952,51952,0
15,US51->CS27,52385,52385,0
15,US51->CS35,51820,51820,0
15,US51->CS43,51730,51730,0
15,US51->CS51,52042,52042,0
15,US51->CS59,52283,52283,0
15,US52->CS4,52027,52027,0
15,US52->CS12,52592,52592,0
15,US52->CS20,52013,52013,0
15,US52->CS28,52269,52269,0
15,US52->CS36,52267,52267,0
15,US52->CS44,51844,51844,0
15,US52->CS52,51800,51800,0
15,US52->CS60,52350,52350,0
15,US53->CS5,52081,52081,0
15,US53->CS13,52158,52158,0
15,US53->CS21,52201,52201,0
15,US53->CS29,52131,52131,0
15,US53->CS37,52158,52158,0
15,US53->CS45,52294,52294,0
15,US53->CS53,52184,52184,0
15,US53->CS61,52059,52059,0
15,US54->CS6,52033,52033,0
15,US54->CS14,51934,51934,0
15,US54->CS22,52104,52104,0
15,US54->CS30,51940,51940,0
15,US54->CS38,52170,52170,0
15,US54->CS46,52107,52107,0
15,US54->CS54,51900,51900,0
15,US54->CS62,52262,52262,0
15,US55->CS7,51784,51784,0
15,US55->CS15,52276,52276,0
15,US55->CS23,52038,52038,0
15,US55->CS31,51906,51906,0
15,US55->CS39,52045,52045,0
15,US55->CS47,51841,51841,0
15,US55->CS55,51550,51550,0
15,US55->CS63,51970,51970,0
15,US56->CS0,96374,96373,0
15,US56->CS8,96606,96606,0
15,US56->CS16,96586,96586,0
15,US56->CS24,96501,96501,0
15,US56->CS32,96167,96167,0
15,US56->CS40,96477,96474,0
15,US56->CS48,95982,95981,0
15,US56->CS56,96183,96183,0
15,US57->CS1,96537,96535,0
15,US57->CS9,95731,95731,0
15,US57->CS17,96071,96071,0
15,US57->CS25,96776,96775,0
15,US57->CS33,96018,96017,0
15,US57->CS41,96408,96406,0
15,US57->CS49,96024,96024,0
15,US57->CS57,95973,95973,0
15,US58->CS2,95727,95727,0
15,US58->CS10,96465,96465,0
15,US58->CS18,96195,96194,0
15,US58->CS26,95585,95585,0
15,US58->CS34,95964,95963,0
15,US58->CS42,96336,96336,0
15,US58->CS50,96248,96248,0
15,US58->CS58,96011,96011,0
15,US59->CS3,96252,96252,0
15,US59->CS11,95378,95377,0
15,US59->CS19,96226,96226,0
15,US59->CS27,96570,96569,0
15,US59->CS35,96101,96101,0
15,US59->CS43,95677,95676,0
15,US59->CS51,95765,95764,0
15,US59->CS59,96193,96192,0
15,US60->CS4,96293,96293,0
15,US60->CS12,96593,96593,0
15,US60->CS20,96389,96389,0
15,US60->CS28,95844,95844,0
15,US60->CS36,95592,95592,0
15,US60->CS44,96520,96520,0
15,US60->CS52,96650,96649,0
15,US60->CS60,96025,96024,0
15,US61->CS5,96192,96192,0
15,US61->CS13,96707,96707,0
15,US61->CS21,95934,95934,0
15,US61->CS29,96054,96054,0
15,US61->CS37,95674,95673,0
15,US61->CS45,97076,97076,0
15,US61->CS53,95800,95800,0
15,US61->CS61,96374,96373,0
15,US62->CS6,96295,96294,0
15,US62->CS14,96354,96354,0
15,US62->CS22,96526,96526,0
15,US62->CS30,96153,96151,0
15,US62->CS38,95133,95133,0
15,US62->CS46,96564,96564,0
15,US62->CS54,95987,95987,0
15,US62->CS62,96094,96094,0
15,US63->CS7,95952,95952,0
15,US63->CS15,95920,95920,0
15,US63->CS23,96394,96392,0
15,US63->CS31,96332,96332,0
15,US63->CS39,96045,96045,0
15,US63->CS47,96109,96109,0
15,US63->CS55,96048,96046,0
15,US63->CS63,95937,95937,0
15,US64->CS0,117795,117794,0
15,US64->CS8,117957,117957,0
15,US64->CS16,118756,118755,0
15,US64->CS24,118004,118004,0
15,US64->CS32,118101,118100,0
15,US64->CS40,118945,118945,0
15,US64->CS48,117756,117756,0
15,US64->CS56,118149,118149,0
15,US65->CS1,118257,118256,0
15,US65->CS9,117585,117585,0
15,US65->CS17,117616,117613,0
15,US65->CS25,117881,117881,0
15,US65->CS33,118488,118487,0
15,US65->CS41,118542,118542,0
15,US65->CS49,118406,118405,0
15,US65->CS57,117695,117695,0
15,US66->CS2,118238,118238,0
15,US66->CS10,117785,117785,0
15,US66->CS18,118007,118005,0
15,US66->CS26,118124,118124,0
15,US66->CS34,118454,118452,0
15,US66->CS42,118151,118151,0
15,US66->CS50,118115,118114,0
15,US66->CS58,117776,117776,0
15,US67->CS3,117473,117473,0
15,US67->CS11,118198,118198,0
15,US67->CS19,118585,118585,0
15,US67->CS27,117428,117428,0
15,US67->CS35,117923,117922,0
15,US67->CS43,118556,118555,0
15,US67->CS51,117827,117827,0
15,US67->CS59,118440,118438,0
15,US68->CS4,117670,117670,0
15,US68->CS12,117322,117322,0
15,US68->CS20,118231,118230,0
15,US68->CS28,117959,117959,0
15,US68->CS36,118666,118665,0
15,US68->CS44,117832,117832,0
15,US68->CS52,117983,117983,0
15,US68->CS60,117915,117915,0
15,US69->CS5,118022,118022,0
15,US69->CS13,118302,118302,0
15,US69->CS21,118746,118746,0
15,US69->CS29,118110,118110,0
15,US69->CS37,118098,118097,0
15,US69->CS45,117841,117840,0
15,US69->CS53,117693,117693,0
15,US69->CS61,117818,117818,0
15,US70->CS6,118322,118322,0
15,US70->CS14,118012,118011,0
15,US70->CS22,118160,118159,0
15,US70->CS30,118107,118107,0
15,US70->CS38,118848,118847,0
15,US70->CS46,118027,118027,0
15,US70->CS54,118863,118863,0
15,US70->CS62,118276,118275,0
15,US71->CS7,118305,118305,0
15,US71->CS15,118100,118099,0
15,US71->CS23,118068,118068,0
15,US71->CS31,118198,118198,0
15,US71->CS39,118169,118168,0
15,US71->CS47,117971,117970,0
15,US71->CS55,118145,118145,0
15,US71->CS63,118108,118108,0
15,US72->CS0,64796,64796,0
15,US72->CS8,64193,64190,0
15,US72->CS16,64530,64530,0
15,US72->CS24,63698,63698,0
15,US72->CS32,64836,64836,0
15,US72->CS40,63887,63887,0
15,US72->CS48,64113,64112,0
15,US72->CS56,64285,64285,0
15,US73->CS1,64115,64115,0
15,US73->CS9,64516,64516,0
15,US73->CS17,65087,65086,0
15,US73->CS25,64154,64154,0
15,US73->CS33,64531,64531,0
15,US73->CS41,64119,64119,0
15,US73->CS49,64514,64514,0
15,US73->CS57,64885,64885,0
15,US74->CS2,64502,64502,0
15,US74->CS10,64844,64844,0
15,US74->CS18,64770,64768,0
15,US74->CS26,64553,64553,0
15,US74->CS34,64198,64198,0
15,US74->CS42,64761,64760,0
15,US74->CS50,64300,64300,0
15,US74->CS58,64432,64432,0
15,US75->CS3,64540,64540,0
15,US75->CS11,64532,64531,0
15,US75->CS19,64426,64426,0
15,US75->CS27,64526,64525,0
15,US75->CS35,64687,64686,0
15,US75->CS43,64403,64403,0
15,US75->CS51,64691,64691,0
15,US75->CS59,64476,64476,0
15,US76->CS4,64305,64305,0
15,US76->CS12,64409,64409,0
15,US76->CS20,64056,64056,0
15,US76->CS28,64529,64529,0
15,US76->CS36,64767,64766,0
15,US76->CS44,64345,64345,0
15,US76->CS52,63997,63997,0
15,US76->CS60,64757,64757,0
15,US77->CS5,64377,64377,0
15,US77->CS13,64158,64156,0
15,US77->CS21,64806,64806,0
15,US77->CS29,64155,64155,0
15,US77->CS37,64377,64377,0
15,US77->CS45,64100,64099,0
15,US77->CS53,64301,64300,0
15,US77->CS61,64751,64750,0
15,US78->CS6,64732,64732,0
15,US78->CS14,64264,64262,0
15,US78->CS22,64648,64648,0
15,US78->CS30,64546,64546,0
15,US78->CS38,64427,64426,0
15,US78->CS46,64774,64774,0
15,US78->CS54,64395,64395,0
15,US78->CS62,64477,64477,0
15,US79->CS7,65121,65121,0
15,US79->CS15,65034,65034,0
15,US79->CS23,64722,64720,0
15,US79->CS31,64560,64559,0
15,US79->CS39,64950,64950,0
15,US79->CS47,64359,64359,0
15,US79->CS55,64825,64825,0
15,US79->CS63,64221,64221,0
15,US80->CS0,83595,83595,0
15,US80->CS8,83274,83273,0
15,US80->CS16,83230,83229,0
15,US80->CS24,83082,83082,0
15,US80->CS32,83110,83109,0
15,US80->CS40,82886,82886,0
15,US80->CS48,83031,83031,0
15,US80->CS56,83375,83375,0
15,US81->CS1,83335,83335,0
15,US81->CS9,82801,82801,0
15,US81->CS17,82963,82963,0
15,US81->CS25,82817,82817,0
15,US81->CS33,82767,82766,0
15,US81->CS41,82742,82742,0
15,US81->CS49,82908,82908,0
15,US81->CS57,83238,83238,0
15,US82->CS2,82908,82907,0
15,US82->CS10,83016,83016,0
15,US82->CS18,83342,83342,0
15,US82->CS26,83466,83466,0
15,US82->CS34,82957,82955,0
15,US82->CS42,83172,83171,0
15,US82->CS50,83063,83063,0
15,US82->CS58,83273,83273,0
15,US83->CS3,83067,83067,0
15,US83->CS11,83411,83411,0
15,US83->CS19,83005,83004,0
15,US83->CS27,83437,83436,0
15,US83->CS35,83336,83334,0
15,US83->CS43,82962,82962,0
15,US83->CS51,83208,83208,0
15,US83->CS59,83610,83607,0
15,US84->CS4,83075,83075,0
15,US84->CS12,83230,83229,0
15,US84->CS20,83367,83367,0
15,US84->CS28,83130,83130,0
15,US84->CS36,83116,83116,0
15,US84->CS44,82786,82786,0
15,US84->CS52,83231,83230,0
15,US84->CS60,83373,83372,0
15,US85->CS5,83407,83407,0
15,US85->CS13,82870,82870,0
15,US85->CS21,83243,83242,0
15,US85->CS29,83097,83096,0
15,US85->CS37,82554,82554,0
15,US85->CS45,82927,82927,0
15,US85->CS53,82949,82948,0
15,US85->CS61,83107,83107,0
15,US86->CS6,82707,82706,0
15,US86->CS14,83007,83006,0
15,US86->CS22,83219,83219,0
15,US86->CS30,82954,82954,0
15,US86->CS38,82590,82590,0
15,US86->CS46,83258,83258,0
15,US86->CS54,82681,82681,0
15,US86->CS62,83210,83210,0
15,US87->CS7,83497,83496,0
15,US87->CS15,82830,82830,0
15,US87->CS23,82793,82793,0
15,US87->CS31,83494,83493,0
15,US87->CS39,83080,83080,0
15,US87->CS47,82967,82967,0
15,US87->CS55,83202,83202,0
15,US87->CS63,83245,83244,0
15,US88->CS0,64370,64370,0
15,US88->CS8,64195,64195,0
15,US88->CS16,64217,64217,0
15,US88->CS24,64459,64459,0
15,US88->CS32,64478,64478,0
15,US88->CS40,64447,64447,0
15,US88->CS48,64247,64247,0
15,US88->CS56,63992,63992,0
15,US89->CS1,64363,64362,0
15,US89->CS9,64679,64679,0
15,US89->CS17,64468,64467,0
15,US89->CS25,64514,64512,0
15,US89->CS33,64260,64259,0
15,US89->CS41,63850,63850,0
15,US89->CS49,64171,64169,2
15,US89->CS57,63995,63994,0
15,US90->CS2,64118,64118,0
15,US90->CS10,63995,63994,0
15,US90->CS18,64248,64248,0
15,US90->CS26,64362,64362,0
15,US90->CS34,63851,63851,0
15,US90->CS42,64729,64728,0
15,US90->CS50,64674,64672,0
15,US90->CS58,64472,64472,0
15,US91->CS3,64487,64487,0
15,US91->CS11,64275,64275,0
15,US91->CS19,64550,64550,0
15,US91->CS27,63943,63942,0
15,US91->CS35,64271,64270,0
15,US91->CS43,64564,64564,0
15,US91->CS51,64020,64020,0
15,US91->CS59,64530,64530,0
15,US92->CS4,64361,64359,0
15,US92->CS12,64469,64468,0
15,US92->CS20,64160,64160,0
15,US92->CS28,64394,64394,0
15,US92->CS36,64004,64003,0
15,US92->CS44,64457,64457,0
15,US92->CS52,63926,63926,0
15,US92->CS60,64720,64720,0
15,US93->CS5,64400,64400,0
15,US93->CS13,64617,64617,0
15,US93->CS21,64290,64289,0
15,US93->CS29,64120,64120,0
15,US93->CS37,64406,64406,0
15,US93->CS45,64184,64184,0
15,US93->CS53,64422,64421,0
15,US93->CS61,64556,64556,0
15,US94->CS6,64207,64207,0
15,US94->CS14,63807,63807,0
15,US94->CS22,64534,64533,0
15,US94->CS30,64284,64282,0
15,US94->CS38,64456,64456,0
15,US94->CS46,64057,64057,0
15,US94->CS54,64381,64379,0
15,US94->CS62,64413,64411,0
15,US95->CS7,64048,64047,0
15,US95->CS15,64168,64167,0
15,US95->CS23,63848,63848,0
15,US95->CS31,63829,63829,0
15,US95->CS39,64267,64267,0
15,US95->CS47,64340,64339,0
15,US95->CS55,63884,63884,0
15,US95->CS63,64417,64417,0
15,US96->CS0,108705,108705,0
15,US96->CS8,108092,108091,0
15,US96->CS16,108637,108637,0
15,US96->CS24,108781,108781,0
15,US96->CS32,109022,109022,0
15,US96->CS40,108668,108667,0
15,US96->CS48,109198,109197,0
15,US96->CS56,108781,108781,0
15,US97->CS1,108985,108985,0
15,US97->CS9,109155,109155,0
15,US97->CS17,108559,108557,0
15,US97->CS25,108320,108320,0
15,US97->CS33,108502,108502,0
15,US97->CS41,108760,108759,0
15,US97->CS49,108761,108760,0
15,US97->CS57,109184,109183,0
15,US98->CS2,109272,109271,0
15,US98->CS10,108858,108858,0
15,US98->CS18,109094,109093,0
15,US98->CS26,108719,108719,0
15,US98->CS34,108501,108501,0
15,US98->CS42,108554,108554,0
15,US98->CS50,108651,108650,0
15,US98->CS58,108358,108358,0
15,US99->CS3,108801,108801,0
15,US99->CS11,109688,109687,0
15,US99->CS19,108869,108868,0
15,US99->CS27,108768,108767,0
15,US99->CS35,108827,108826,0
15,US99->CS43,109164,109164,0
15,US99->CS51,108392,108392,0
15,US99->CS59,108091,108091,0
15,US100->CS4,108201,108199,0
15,US100->CS12,109118,109118,0
15,US100->CS20,108908,108907,0
15,US100->CS28,108325,108325,0
15,US100->CS36,108678,108677,0
15,US100->CS44,108892,108891,0
15,US100->CS52,108937,108935,0
15,US100->CS60,108792,108790,0
15,US101->CS5,108715,108715,0
15,US101->CS13,108986,108985,0
15,US101->CS21,108184,108184,0
15,US101->CS29,108409,108408,0
15,US101->CS37,108759,108758,0
15,US101->CS45,109390,109390,0
15,US101->CS53,108511,108511,0
15,US101->CS61,108695,108695,0
15,US102->CS6,108954,108954,0
15,US102->CS14,109163,109163,0
15,US102->CS22,108642,108642,0
15,US102->CS30,108516,108516,0
15,US102->CS38,108977,108977,0
15,US102->CS46,108402,108402,0
15,US102->CS54,108950,108950,0
15,US102->CS62,109099,109099,0
15,US103->CS7,108748,108748,0
15,US103->CS15,108499,108499,0
15,US103->CS23,108673,108671,0
15,US103->CS31,108735,108733,0
15,US103->CS39,108747,108747,0
15,US103->CS47,108301,108301,0
15,US103->CS55,108432,108432,0
15,US103->CS63,109112,109111,0
15,US104->CS0,107237,107237,0
15,US104->CS8,107211,107209,0
15,US104->CS16,106889,106889,0
15,US104->CS24,106784,106782,0
15,US104->CS32,106539,106538,0
15,US104->CS40,106342,106342,0
15,US104->CS48,106956,106955,0
15,US104->CS56,107028,107028,0
15,US105->CS1,106961,106960,0
15,US105->CS9,105994,105994,0
15,US105->CS17,107330,107330,0
15,US105->CS25,106394,106394,0
15,US105->CS33,106494,106494,0
15,US105->CS41,107204,107204,0
15,US105->CS49,106788,106787,0
15,US105->CS57,107009,107009,0
15,US106->CS2,106555,106555,0
15,US106->CS10,106634,106634,0
15,US106->CS18,106813,106813,0
15,US106->CS26,106658,106658,0
15,US106->CS34,107006,107005,0
15,US106->CS42,106934,106934,0
15,US106->CS50,106849,106848,0
15,US106->CS58,106909,106909,0
15,US107->CS3,106755,106753,0
15,US107->CS11,106914,106914,0
15,US107->CS19,106857,106857,0
15,US107->CS27,106916,106916,0
15,US107->CS35,106096,106096,0
15,US107->CS43,106907,106907,0
15,US107->CS51,107116,107115,0
15,US107->CS59,106657,106657,0
15,US108->CS4,106660,106660,0
15,US108->CS12,106976,106975,0
15,US108->CS20,106725,106723,0
15,US108->CS28,106500,106500,0
15,US108->CS36,107096,107096,0
15,US108->CS44,106723,106722,0
15,US108->CS52,106808,106808,0
15,US108->CS60,106354,106352,0
15,US109->CS5,106406,106406,0
15,US109->CS13,107194,107194,0
15,US109->CS21,107328,107327,0
15,US109->CS29,106598,106596,0
15,US109->CS37,106506,106505,0
15,US109->CS45,107122,107122,0
15,US109->CS53,107004,107004,0
15,US109->CS61,106875,106875,0
15,US110->CS6,106138,106137,0
15,US110->CS14,106771,106771,0
15,US110->CS22,107053,107053,0
15,US110->CS30,106736,106735,0
15,US110->CS38,106704,106704,0
15,US110->CS46,106705,106704,0
15,US110->CS54,107272,107270,0
15,US110->CS62,107104,107104,0
15,US111->CS7,106656,106656,0
15,US111->CS15,106783,106781,0
15,US111->CS23,106203,106203,0
15,US111->CS31,106971,106971,0
15,US111->CS39,106856,106856,0
15,US111->CS47,106494,106493,0
15,US111->CS55,107019,107019,0
15,US111->CS63,107181,107181,0
15,US112->CS0,57251,57251,0
15,US112->CS8,57298,57298,0
15,US112->CS16,57616,57615,0
15,US112->CS24,57604,57604,0
15,US112->CS32,57508,57508,0
15,US112->CS40,57355,57354,0
15,US112->CS48,57282,57282,0
15,US112->CS56,57058,57058,0
15,US113->CS1,57593,57592,0
15,US113->CS9,57967,57967,0
15,US113->CS17,57024,57024,0
15,US113->CS25,57761,57760,0
15,US113->CS33,57130,57130,0
15,US113->CS41,57340,57340,0
15,US113->CS49,57344,57344,0
15,US113->CS57,57432,57432,0
15,US114->CS2,57760,57760,0
15,US114->CS10,57457,57457,0
15,US114->CS18,57108,57108,0
15,US114->CS26,57409,57409,0
15,US114->CS34,57518,57517,0
15,US114->CS42,57502,57501,0
15,US114->CS50,57651,57650,0
15,US114->CS58,57368,57368,0
15,US115->CS3,57270,57270,0
15,US115->CS11,57310,57310,0
15,US115->CS19,57480,57480,0
15,US115->CS27,57617,57617,0
15,US115->CS35,57120,57119,0
15,US115->CS43,57289,57289,0
15,US115->CS51,57518,57516,0
15,US115->CS59,57212,57212,0
15,US116->CS4,57329,57329,0
15,US116->CS12,57172,57172,0
15,US116->CS20,57365,57365,0
15,US116->CS28,57654,57654,0
15,US116->CS36,57315,57314,0
15,US116->CS44,57715,57715,0
15,US116->CS52,57135,57134,0
15,US116->CS60,57493,57493,0
15,US117->CS5,57557,57557,0
15,US117->CS13,57153,57152,0
15,US117->CS21,57765,57765,0
15,US117->CS29,57414,57414,0
15,US117->CS37,57322,57322,0
15,US117->CS45,57387,57387,0
15,US117->CS53,57041,57041,0
15,US117->CS61,57161,57161,0
15,US118->CS6,57285,57285,0
15,US118->CS14,57436,57436,0
15,US118->CS22,57190,57189,0
15,US118->CS30,57355,57355,0
15,US118->CS38,57685,57684,0
15,US118->CS46,57226,57226,0
15,US118->CS54,57766,57766,0
15,US118->CS62,57068,57066,0
15,US119->CS7,57732,57732,0
15,US119->CS15,57269,57269,0
15,US119->CS23,57084,57084,0
15,US119->CS31,57329,57329,0
15,US119->CS39,57624,57624,0
15,US119->CS47,57631,57631,0
15,US119->CS55,57346,57346,0
15,US119->CS63,57388,57388,0
15,US120->CS0,72226,72225,0
15,US120->CS8,72525,72525,0
15,US120->CS16,72204,72204,0
15,US120->CS24,72239,72239,0
15,US120->CS32,72353,72353,0
15,US120->CS40,71894,71894,0
15,US120->CS48,72407,72407,0
15,US120->CS56,72123,72123,0
15,US121->CS1,72721,72720,0
15,US121->CS9,72534,72534,0
15,US121->CS17,72809,72808,0
15,US121->CS25,72451,72450,0
15,US121->CS33,72257,72257,0
15,US121->CS41,72493,72493,0
15,US121->CS49,72543,72543,0
15,US121->CS57,71767,71766,0
15,US122->CS2,72512,72512,0
15,US122->CS10,72211,72210,0
15,US122->CS18,72407,72406,0
15,US122->CS26,72148,72148,0
15,US122->CS34,72418,72415,0
15,US122->CS42,72739,72739,0
15,US122->CS50,72032,72032,0
15,US122->CS58,72574,72573,0
15,US123->CS3,72514,72514,0
15,US123->CS11,72594,72593,0
15,US123->CS19,72216,72216,0
15,US123->CS27,72049,72048,0
15,US123->CS35,72116,72115,0
15,US123->CS43,72666,72666,0
15,US123->CS51,72919,72918,0
15,US123->CS59,72290,72290,0
15,US124->CS4,72219,72217,0
15,US124->CS12,72391,72391,0
15,US124->CS20,72138,72138,0
15,US124->CS28,72218,72218,0
15,US124->CS36,72626,72626,0
15,US124->CS44,71998,71997,0
15,US124->CS52,72403,72403,0
15,US124->CS60,72231,72231,0
15,US125->CS5,72271,72271,0
15,US125->CS13,72466,72466,0
15,US125->CS21,72499,72499,0
15,US125->CS29,72291,72291,0
15,US125->CS37,72724,72723,0
15,US125->CS45,72326,72325,0
15,US125->CS53,72229,72228,0
15,US125->CS61,72714,72714,0
15,US126->CS6,72433,72433,0
15,US126->CS14,72930,72930,0
15,US126->CS22,71963,71963,0
15,US126->CS30,72029,72028,0
15,US126->CS38,72706,72705,0
15,US126->CS46,72252,72252,0
15,US126->CS54,72522,72521,0
15,US126->CS62,72258,72258,0
15,US127->CS7,72063,72063,0
15,US127->CS15,71972,71971,0
15,US127->CS23,72367,72367,0
15,US127->CS31,72277,72277,0
15,US127->CS39,72437,72437,0
15,US127->CS47,72468,72468,0
15,US127->CS55,72533,72533,0
15,US127->CS63,72480,72480,0
15,CS0->US0,52360,52360,0
15,CS0->US8,83523,83523,0
15,CS0->US16,72330,72329,0
15,CS0->US24,96436,96436,0
15,CS0->US32,117741,117741,0
15,CS0->US40,57262,57262,0
15,CS0->US48,52003,52003,0
15,CS0->US56,95819,95819,0
15,CS0->US64,118240,118239,0
15,CS0->US72,64366,64365,0
15,CS0->US80,88537,88537,0
15,CS0->US88,64815,64813,0
15,CS0->US96,107282,107280,0
15,CS0->US104,108574,108574,0
15,CS0->US112,64556,64555,0
15,CS0->US120,76344,76344,0
15,CS1->US1,51954,51954,0
15,CS1->US9,83381,83381,0
15,CS1->US17,72698,72698,0
15,CS1->US25,96549,96548,0
15,CS1->US33,118163,118163,0
15,CS1->US41,57578,57577,0
15,CS1->US49,52259,52259,0
15,CS1->US57,94958,94958,0
15,CS1->US65,118140,118138,0
15,CS1->US73,64319,64318,0
15,CS1->US81,88578,88578,0
15,CS1->US89,64170,64169,0
15,CS1->US97,106828,106826,0
15,CS1->US105,108916,108914,0
15,CS1->US113,64504,64504,0
15,CS1->US121,76221,76220,0
15,CS2->US2,52273,52273,0
15,CS2->US10,82838,82838,0
15,CS2->US18,72619,72619,0
15,CS2->US26,95790,95787,0
15,CS2->US34,118153,118152,0
15,CS2->US42,57708,57708,0
15,CS2->US50,51916,51916,0
15,CS2->US58,95437,95436,0
15,CS2->US66,118392,118392,0
15,CS2->US74,64074,64073,0
15,CS2->US82,88832,88832,0
15,CS2->US90,64639,64639,0
15,CS2->US98,106549,106549,0
15,CS2->US106,109168,109167,0
15,CS2->US114,64496,64496,0
15,CS2->US122,76257,76256,0
15,CS3->US3,52057,52057,0
15,CS3->US11,83107,83107,0
15,CS3->US19,72588,72588,0
15,CS3->US27,96334,96332,0
15,CS3->US35,117360,117360,0
15,CS3->US43,57292,57292,0
15,CS3->US51,52104,52104,0
15,CS3->US59,95641,95641,0
15,CS3->US67,118469,118468,0
15,CS3->US75,64564,64564,0
15,CS3->US83,88228,88228,0
15,CS3->US91,64629,64629,0
15,CS3->US99,106628,106628,0
15,CS3->US107,108712,108712,0
15,CS3->US115,64505,64505,0
15,CS3->US123,76334,76334,0
15,CS4->US4,52135,52135,0
15,CS4->US12,83050,83049,0
15,CS4->US20,72255,72255,0
15,CS4->US28,96364,96364,0
15,CS4->US36,117538,117538,0
15,CS4->US44,57266,57266,0
15,CS4->US52,52246,52246,0
15,CS4->US60,95267,95267,0
15,CS4->US68,117459,117459,0
15,CS4->US76,64396,64396,0
15,CS4->US84,89024,89023,0
15,CS4->US92,64341,64341,0
15,CS4->US100,106632,106631,0
15,CS4->US108,108160,108160,0
15,CS4->US116,64653,64653,0
15,CS4->US124,76312,76312,0
15,CS5->US5,52084,52084,0
15,CS5->US13,83408,83407,0
15,CS5->US21,72472,72471,0
15,CS5->US29,96199,96199,0
15,CS5->US37,117913,117913,0
15,CS5->US45,57601,57600,0
15,CS5->US53,52296,52296,0
15,CS5->US61,95379,95378,0
15,CS5->US69,118873,118872,0
15,CS5->US77,64361,64361,0
15,CS5->US85,88420,88419,0
15,CS5->US93,64466,64465,0
15,CS5->US101,106460,106460,0
15,CS5->US109,108670,108670,0
15,CS5->US117,64399,64399,0
15,CS5->US125,76113,76113,0
15,CS6->US6,52121,52121,0
15,CS6->US14,82712,82712,0
15,CS6->US22,72668,72667,0
15,CS6->US30,96376,96375,0
15,CS6->US38,118266,118266,0
15,CS6->US46,57267,57266,0
15,CS6->US54,52132,52132,0
15,CS6->US62,95738,95738,0
15,CS6->US70,117755,117755,0
15,CS6->US78,64095,64094,0
15,CS6->US86,88599,88598,0
15,CS6->US94,64797,64797,0
15,CS6->US102,106144,106144,0
15,CS6->US110,108813,108812,0
15,CS6->US118,65223,65223,0
15,CS6->US126,76946,76945,0
15,CS7->US7,51837,51837,0
15,CS7->US15,83517,83516,0
15,CS7->US23,72223,72223,0
15,CS7->US31,95985,95985,0
15,CS7->US39,118187,118185,0
15,CS7->US47,57734,57734,0
15,CS7->US55,52299,52299,0
15,CS7->US63,95442,95442,0
15,CS7->US71,118153,118153,0
15,CS7->US79,63958,63958,0
15,CS7->US87,88667,88667,0
15,CS7->US95,65186,65186,0
15,CS7->US103,106714,106714,0
15,CS7->US111,108670,108670,0
15,CS7->US119,64469,64468,0
15,CS7->US127,76511,76510,0
15,CS8->US0,52531,52531,0
15,CS8->US8,83343,83343,0
15,CS8->US16,72708,72708,0
15,CS8->US24,96692,96692,0
15,CS8->US32,117795,117795,0
15,CS8->US40,57291,57291,0
15,CS8->US48,52418,52418,0
15,CS8->US56,95341,95341,0
15,CS8->US64,117824,117822,0
15,CS8->US72,64036,64036,0
15,CS8->US80,88603,88603,0
15,CS8->US88,64272,64272,0
15,CS8->US96,107221,107221,0
15,CS8->US104,108101,108100,0
15,CS8->US112,64799,64799,0
15,CS8->US120,76481,76481,0
15,CS9->US1,51869,51869,0
15,CS9->US9,82807,82807,0
15,CS9->US17,72666,72666,0
15,CS9->US25,95754,95754,0
15,CS9->US33,117467,117466,0
15,CS9->US41,57923,57922,0
15,CS9->US49,52288,52288,0
15,CS9->US57,96131,96131,0
15,CS9->US65,118609,118609,0
15,CS9->US73,64580,64580,0
15,CS9->US81,88248,88248,0
15,CS9->US89,64538,64538,0
15,CS9->US97,106023,106022,0
15,CS9->US105,109141,109140,0
15,CS9->US113,64969,64969,0
15,CS9->US121,76283,76283,0
15,CS10->US2,52464,52464,0
15,CS10->US10,83064,83063,0
15,CS10->US18,72310,72310,0
15,CS10->US26,96395,96394,0
15,CS10->US34,117698,117698,0
15,CS10->US42,57512,57512,0
15,CS10->US50,52185,52185,0
15,CS10->US58,95842,95841,0
15,CS10->US66,118418,118418,0
15,CS10->US74,63906,63906,0
15,CS10->US82,88661,88659,0
15,CS10->US90,64856,64856,0
15,CS10->US98,106595,106594,0
15,CS10->US106,108783,108783,0
15,CS10->US114,64953,64953,0
15,CS10->US122,76596,76596,0
15,CS11->US3,51784,51784,0
15,CS11->US11,83475,83474,0
15,CS11->US19,72745,72745,0
15,CS11->US27,95524,95524,0
15,CS11->US35,118061,118061,0
15,CS11->US43,57435,57435,0
15,CS11->US51,52086,52086,0
15,CS11->US59,95420,95420,0
15,CS11->US67,118601,118599,0
15,CS11->US75,64153,64153,0
15,CS11->US83,89277,89275,0
15,CS11->US91,64564,64563,0
15,CS11->US99,106839,106839,0
15,CS11->US107,109596,109596,0
15,CS11->US115,64530,64530,0
15,CS11->US123,76231,76231,0
15,CS12->US4,52610,52610,0
15,CS12->US12,83155,83153,0
15,CS12->US20,72456,72456,0
15,CS12->US28,96629,96629,0
15,CS12->US36,117206,117206,0
15,CS12->US44,57283,57282,0
15,CS12->US52,52009,52009,0
15,CS12->US60,95777,95776,0
15,CS12->US68,118667,118667,0
15,CS12->US76,64344,64342,0
15,CS12->US84,88810,88810,0
15,CS12->US92,64491,64491,0
15,CS12->US100,106945,106944,0
15,CS12->US108,109089,109089,0
15,CS12->US116,64840,64840,0
15,CS12->US124,76547,76547,0
15,CS13->US5,52296,52296,0
15,CS13->US13,82884,82884,0
15,CS13->US21,72568,72567,0
15,CS13->US29,96639,96639,0
15,CS13->US37,118206,118205,0
15,CS13->US45,57067,57067,0
15,CS13->US53,52120,52120,0
15,CS13->US61,95898,95898,0
15,CS13->US69,118632,118631,0
15,CS13->US77,64550,64550,0
15,CS13->US85,88870,88869,0
15,CS13->US93,64199,64199,0
15,CS13->US101,107172,107171,0
15,CS13->US109,108956,108955,0
15,CS13->US117,65009,65009,0
15,CS13->US125,75957,75957,0
15,CS14->US6,51989,51989,0
15,CS14->US14,83035,83035,0
15,CS14->US22,73113,73113,0
15,CS14->US30,96346,96346,0
15,CS14->US38,117905,117905,0
15,CS14->US46,57473,57473,0
15,CS14->US54,52315,52315,0
15,CS14->US62,95381,95381,0
15,CS14->US70,118133,118133,0
15,CS14->US78,63728,63728,0
15,CS14->US86,88863,88861,0
15,CS14->US94,64292,64291,0
15,CS14->US102,106744,106744,0
15,CS14->US110,109083,109083,0
15,CS14->US118,64126,64126,0
15,CS14->US126,76567,76567,0
15,CS15->US7,52357,52357,0
15,CS15->US15,82827,82827,0
15,CS15->US23,72038,72038,0
15,CS15->US31,95881,95881,0
15,CS15->US39,117979,117979,0
15,CS15->US47,57262,57262,0
15,CS15->US55,51728,51728,0
15,CS15->US63,96473,96472,0
15,CS15->US71,118112,118112,0
15,CS15->US79,64098,64098,0
15,CS15->US87,88873,88871,0
15,CS15->US95,65104,65103,0
15,CS15->US103,106800,106800,0
15,CS15->US111,108470,108469,0
15,CS15->US119,64802,64802,0
15,CS15->US127,76264,76264,0
15,CS16->US0,52632,52632,0
15,CS16->US8,83150,83150,0
15,CS16->US16,72393,72393,0
15,CS16->US24,96552,96552,0
15,CS16->US32,118694,118693,0
15,CS16->US40,57640,57640,0
15,CS16->US48,52248,52248,0
15,CS16->US56,96167,96167,0
15,CS16->US64,118404,118404,0
15,CS16->US72,64091,64091,0
15,CS16->US80,88356,88356,0
15,CS16->US88,64628,64628,0
15,CS16->US96,106788,106788,0
15,CS16->US104,108564,108563,0
15,CS16->US112,64782,64781,0
15,CS16->US120,76349,76349,0
15,CS17->US1,52638,52638,0
15,CS17->US9,82884,82884,0
15,CS17->US17,72909,72909,0
15,CS17->US25,96111,96110,0
15,CS17->US33,117434,117434,0
15,CS17->US41,57037,57037,0
15,CS17->US49,51855,51855,0
15,CS17->US57,95856,95854,0
15,CS17->US65,118721,118720,0
15,CS17->US73,64385,64384,0
15,CS17->US81,88411,88409,0
15,CS17->US89,65168,65168,0
15,CS17->US97,107292,107291,0
15,CS17->US105,108568,108568,0
15,CS17->US113,64863,64863,0
15,CS17->US121,76080,76079,0
15,CS18->US2,52484,52484,0
15,CS18->US10,83377,83377,0
15,CS18->US18,72548,72548,0
15,CS18->US26,96124,96124,0
15,CS18->US34,117897,117896,0
15,CS18->US42,57115,57115,0
15,CS18->US50,51832,51832,0
15,CS18->US58,95355,95355,0
15,CS18->US66,118621,118621,0
15,CS18->US74,64252,64251,0
15,CS18->US82,88909,88909,0
15,CS18->US90,64810,64810,0
15,CS18->US98,106824,106824,0
15,CS18->US106,109089,109089,0
15,CS18->US114,64784,64784,0
15,CS18->US122,76096,76096,0
15,CS19->US3,52011,52011,0
15,CS19->US11,83012,83012,0
15,CS19->US19,72389,72389,0
15,CS19->US27,96312,96312,0
15,CS19->US35,118489,118489,0
15,CS19->US43,57579,57579,0
15,CS19->US51,52146,52146,0
15,CS19->US59,95557,95556,0
15,CS19->US67,119000,119000,0
15,CS19->US75,64398,64398,0
15,CS19->US83,88861,88858,0
15,CS19->US91,64398,64398,0
15,CS19->US99,106762,106762,0
15,CS19->US107,108729,108729,0
15,CS19->US115,64503,64503,0
15,CS19->US123,76446,76446,0
15,CS20->US4,52071,52071,0
15,CS20->US12,83443,83442,0
15,CS20->US20,72298,72297,0
15,CS20->US28,96396,96396,0
15,CS20->US36,118075,118074,0
15,CS20->US44,57424,57424,0
15,CS20->US52,52020,52020,0
15,CS20->US60,95609,95607,0
15,CS20->US68,118266,118266,0
15,CS20->US76,64098,64098,0
15,CS20->US84,88618,88618,0
15,CS20->US92,64142,64142,0
15,CS20->US100,106751,106750,0
15,CS20->US108,108900,108900,0
15,CS20->US116,64359,64359,0
15,CS20->US124,76295,76295,0
15,CS21->US5,52300,52300,0
15,CS21->US13,83229,83229,0
15,CS21->US21,72685,72685,0
15,CS21->US29,95971,95969,0
15,CS21->US37,118617,118617,0
15,CS21->US45,57723,57723,0
15,CS21->US53,52042,52042,0
15,CS21->US61,96176,96175,0
15,CS21->US69,117879,117878,0
15,CS21->US77,64148,64147,0
15,CS21->US85,88124,88124,0
15,CS21->US93,64886,64886,0
15,CS21->US101,107247,107247,0
15,CS21->US109,108127,108127,0
15,CS21->US117,64759,64759,0
15,CS21->US125,76352,76352,0
15,CS22->US6,52159,52159,0
15,CS22->US14,83184,83184,0
15,CS22->US22,72099,72099,0
15,CS22->US30,96496,96496,0
15,CS22->US38,118093,118092,0
15,CS22->US46,57261,57260,0
15,CS22->US54,52098,52098,0
15,CS22->US62,95415,95415,0
15,CS22->US70,118532,118532,0
15,CS22->US78,64495,64493,0
15,CS22->US86,88628,88628,0
15,CS22->US94,64620,64620,0
15,CS22->US102,107111,107109,0
15,CS22->US110,108581,108579,0
15,CS22->US118,64783,64783,0
15,CS22->US126,76663,76663,0
15,CS23->US7,52095,52095,0
15,CS23->US15,82780,82779,0
15,CS23->US23,72574,72573,0
15,CS23->US31,96400,96400,0
15,CS23->US39,117947,117945,0
15,CS23->US47,57169,57169,0
15,CS23->US55,52379,52379,0
15,CS23->US63,95140,95140,0
15,CS23->US71,118447,118447,0
15,CS23->US79,63746,63745,0
15,CS23->US87,88536,88536,0
15,CS23->US95,64731,64731,0
15,CS23->US103,106240,106240,0
15,CS23->US111,108587,108587,0
15,CS23->US119,64727,64727,0
15,CS23->US127,75712,75712,0
15,CS24->US0,52161,52161,0
15,CS24->US8,83089,83086,0
15,CS24->US16,72384,72384,0
15,CS24->US24,96317,96316,0
15,CS24->US32,117878,117878,0
15,CS24->US40,57558,57558,0
15,CS24->US48,52402,52402,0
15,CS24->US56,95704,95704,0
15,CS24->US64,118242,118241,0
15,CS24->US72,64304,64304,0
15,CS24->US80,88641,88640,0
15,CS24->US88,63861,63861,0
15,CS24->US96,106757,106757,0
15,CS24->US104,108888,108887,0
15,CS24->US112,64586,64585,0
15,CS24->US120,76112,76112,0
15,CS25->US1,51932,51932,0
15,CS25->US9,82779,82778,0
15,CS25->US17,72602,72601,0
15,CS25->US25,96883,96883,0
15,CS25->US33,117823,117823,0
15,CS25->US41,57915,57915,0
15,CS25->US49,52112,52112,0
15,CS25->US57,95512,95512,0
15,CS25->US65,118947,118946,0
15,CS25->US73,64423,64422,0
15,CS25->US81,88423,88422,0
15,CS25->US89,64115,64115,0
15,CS25->US97,106315,106315,0
15,CS25->US105,108177,108176,0
15,CS25->US113,64191,64191,0
15,CS25->US121,76015,76015,0
15,CS26->US2,51898,51898,0
15,CS26->US10,83411,83411,0
15,CS26->US18,72286,72284,0
15,CS26->US26,95593,95592,0
15,CS26->US34,118000,117998,0
15,CS26->US42,57445,57445,0
15,CS26->US50,52475,52475,0
15,CS26->US58,95719,95718,0
15,CS26->US66,118842,118841,0
15,CS26->US74,64252,64252,0
15,CS26->US82,88880,88880,0
15,CS26->US90,64636,64635,0
15,CS26->US98,106582,106582,0
15,CS26->US106,108707,108707,0
15,CS26->US114,64547,64547,0
15,CS26->US122,76420,76419,0
15,CS27->US3,52484,52484,0
15,CS27->US11,83388,83388,0
15,CS27->US19,72165,72165,0
15,CS27->US27,96571,96571,0
15,CS27->US35,117340,117340,0
15,CS27->US43,57663,57663,0
15,CS27->US51,52173,52173,0
15,CS27->US59,95617,95617,0
15,CS27->US67,118010,118010,0
15,CS27->US75,63856,63855,0
15,CS27->US83,88491,88490,0
15,CS27->US91,64518,64517,0
15,CS27->US99,106852,106852,0
15,CS27->US107,108706,108705,0
15,CS27->US115,64766,64766,0
15,CS27->US123,76509,76508,0
15,CS28->US4,52338,52338,0
15,CS28->US12,83196,83196,0
15,CS28->US20,72272,72270,0
15,CS28->US28,95886,95886,0
15,CS28->US36,117875,117875,0
15,CS28->US44,57637,57637,0
15,CS28->US52,52365,52365,0
15,CS28->US60,95482,95481,0
15,CS28->US68,118014,118014,0
15,CS28->US76,64417,64417,0
15,CS28->US84,88793,88793,0
15,CS28->US92,64611,64611,0
15,CS28->US100,106471,106471,0
15,CS28->US108,108253,108253,0
15,CS28->US116,64614,64613,0
15,CS28->US124,76765,76765,0
15,CS29->US5,52278,52278,0
15,CS29->US13,83028,83028,0
15,CS29->US21,72376,72374,0
15,CS29->US29,96011,96011,0
15,CS29->US37,118022,118021,0
15,CS29->US45,57301,57301,0
15,CS29->US53,52065,52065,0
15,CS29->US61,95810,95809,0
15,CS29->US69,118691,118691,0
15,CS29->US77,64059,64059,0
15,CS29->US85,88087,88087,0
15,CS29->US93,64203,64202,0
15,CS29->US101,106561,106561,0
15,CS29->US109,108380,108380,0
15,CS29->US117,64577,64577,0
15,CS29->US125,76596,76596,0
15,CS30->US6,52017,52017,0
15,CS30->US14,82946,82946,0
15,CS30->US22,72073,72073,0
15,CS30->US30,96221,96221,0
15,CS30->US38,118052,118051,0
15,CS30->US46,57341,57341,0
15,CS30->US54,52210,52210,0
15,CS30->US62,95656,95656,0
15,CS30->US70,118384,118383,0
15,CS30->US78,64288,64287,0
15,CS30->US86,88651,88650,0
15,CS30->US94,64593,64593,0
15,CS30->US102,106676,106675,0
15,CS30->US110,108429,108428,0
15,CS30->US118,64395,64395,0
15,CS30->US126,76231,76231,0
15,CS31->US7,51937,51937,0
15,CS31->US15,83436,83435,0
15,CS31->US23,72322,72322,0
15,CS31->US31,96334,96332,0
15,CS31->US39,118089,118089,0
15,CS31->US47,57398,57398,0
15,CS31->US55,52046,52046,0
15,CS31->US63,95671,95671,0
15,CS31->US71,118545,118544,0
15,CS31->US79,63864,63864,0
15,CS31->US87,88994,88994,0
15,CS31->US95,64658,64658,0
15,CS31->US103,106960,106959,0
15,CS31->US111,108645,108645,0
15,CS31->US119,64174,64174,0
15,CS31->US127,76309,76309,0
15,CS32->US0,51608,51608,0
15,CS32->US8,83140,83140,0
15,CS32->US16,72430,72429,0
15,CS32->US24,96160,96159,0
15,CS32->US32,117984,117984,0
15,CS32->US40,57523,57522,0
15,CS32->US48,52037,52037,0
15,CS32->US56,95512,95512,0
15,CS32->US64,118401,118401,0
15,CS32->US72,64489,64489,0
15,CS32->US80,88499,88498,0
15,CS32->US88,64901,64901,0
15,CS32->US96,106598,106597,0
15,CS32->US104,108968,108967,0
15,CS32->US112,64628,64628,0
15,CS32->US120,76369,76369,0
15,CS33->US1,51967,51967,0
15,CS33->US9,82753,82751,0
15,CS33->US17,72383,72382,0
15,CS33->US25,96042,96042,0
15,CS33->US33,118415,118415,0
15,CS33->US41,57145,57144,0
15,CS33->US49,51949,51949,0
15,CS33->US57,96221,96221,0
15,CS33->US65,117880,117880,0
15,CS33->US73,64160,64160,0
15,CS33->US81,88257,88256,0
15,CS33->US89,64608,64606,0
15,CS33->US97,106443,106443,0
15,CS33->US105,108369,108368,0
15,CS33->US113,64519,64517,0
15,CS33->US121,76124,76124,0
15,CS34->US2,51980,51980,0
15,CS34->US10,82949,82949,0
15,CS34->US18,72553,72553,0
15,CS34->US26,95918,95918,0
15,CS34->US34,118304,118304,0
15,CS34->US42,57501,57501,0
15,CS34->US50,52454,52454,0
15,CS34->US58,95369,95369,0
15,CS34->US66,118545,118545,0
15,CS34->US74,63825,63825,0
15,CS34->US82,88538,88538,0
15,CS34->US90,64197,64197,0
15,CS34->US98,106954,106954,0
15,CS34->US106,108489,108489,0
15,CS34->US114,64337,64337,0
15,CS34->US122,76461,76460,0
15,CS35->US3,51839,51839,0
15,CS35->US11,83400,83400,0
15,CS35->US19,72324,72323,0
15,CS35->US27,96086,96086,0
15,CS35->US35,117772,117771,0
15,CS35->US43,57264,57264,0
15,CS35->US51,52277,52277,0
15,CS35->US59,95594,95593,0
15,CS35->US67,118201,118201,0
15,CS35->US75,64124,64123,0
15,CS35->US83,88784,88784,0
15,CS35->US91,64646,64646,0
15,CS35->US99,106093,106092,0
15,CS35->US107,108838,108837,0
15,CS35->US115,64747,64747,0
15,CS35->US123,76183,76183,0
15,CS36->US4,52242,52242,0
15,CS36->US12,83147,83147,0
15,CS36->US20,72761,72760,0
15,CS36->US28,95704,95702,0
15,CS36->US36,118568,118568,0
15,CS36->US44,57449,57449,0
15,CS36->US52,52033,52033,0
15,CS36->US60,95752,95752,0
15,CS36->US68,117745,117745,0
15,CS36->US76,63927,63924,0
15,CS36->US84,88432,88432,0
15,CS36->US92,64757,64757,0
15,CS36->US100,107109,107109,0
15,CS36->US108,108613,108613,0
15,CS36->US116,64380,64380,0
15,CS36->US124,76873,76873,0
15,CS37->US5,52229,52229,0
15,CS37->US13,82574,82574,0
15,CS37->US21,72821,72821,0
15,CS37->US29,95706,95705,0
15,CS37->US37,117983,117983,0
15,CS37->US45,57262,57261,0
15,CS37->US53,52209,52209,0
15,CS37->US61,96034,96034,0
15,CS37->US69,118014,118014,0
15,CS37->US77,64369,64368,0
15,CS37->US85,88140,88140,0
15,CS37->US93,64530,64529,0
15,CS37->US101,106436,106436,0
15,CS37->US109,108717,108717,0
15,CS37->US117,64922,64922,0
15,CS37->US125,76119,76119,0
15,CS38->US6,52272,52272,0
15,CS38->US14,82512,82511,0
15,CS38->US22,72803,72803,0
15,CS38->US30,95136,95136,0
15,CS38->US38,118674,118674,0
15,CS38->US46,57696,57696,0
15,CS38->US54,52161,52161,0
15,CS38->US62,95788,95788,0
15,CS38->US70,118343,118342,0
15,CS38->US78,64485,64485,0
15,CS38->US86,88923,88923,0
15,CS38->US94,64444,64444,0
15,CS38->US102,106677,106677,0
15,CS38->US110,109034,109033,0
15,CS38->US118,64920,64920,0
15,CS38->US126,75904,75904,0
15,CS39->US7,52049,52049,0
15,CS39->US15,83119,83119,0
15,CS39->US23,72491,72491,0
15,CS39->US31,96025,96025,0
15,CS39->US39,118004,118003,0
15,CS39->US47,57699,57698,0
15,CS39->US55,52130,52130,0
15,CS39->US63,95577,95577,0
15,CS39->US71,118375,118375,0
15,CS39->US79,64256,64255,0
15,CS39->US87,88503,88503,0
15,CS39->US95,65034,65032,0
15,CS39->US103,106818,106818,0
15,CS39->US111,108779,108778,0
15,CS39->US119,65019,65019,0
15,CS39->US127,75938,75938,0
15,CS40->US0,51848,51848,0
15,CS40->US8,82951,82951,0
15,CS40->US16,71983,71983,0
15,CS40->US24,96481,96481,0
15,CS40->US32,118817,118817,0
15,CS40->US40,57354,57354,0
15,CS40->US48,52145,52145,0
15,CS40->US56,95767,95766,0
15,CS40->US64,118265,118265,0
15,CS40->US72,64354,64353,0
15,CS40->US80,88755,88755,0
15,CS40->US88,63989,63989,0
15,CS40->US96,106306,106306,0
15,CS40->US104,108631,108631,0
15,CS40->US112,64720,64720,0
15,CS40->US120,76405,76404,0
15,CS41->US1,52144,52144,0
15,CS41->US9,82789,82788,0
15,CS41->US17,72656,72656,0
15,CS41->US25,96426,96425,0
15,CS41->US33,118456,118456,0
15,CS41->US41,57372,57372,0
15,CS41->US49,52032,52032,0
15,CS41->US57,95799,95799,0
15,CS41->US65,118399,118399,0
15,CS41->US73,63776,63776,0
15,CS41->US81,88570,88569,0
15,CS41->US89,64016,64016,0
15,CS41->US97,107198,107198,0
15,CS41->US105,108681,108681,0
15,CS41->US113,64391,64390,0
15,CS41->US121,76189,76189,0
15,CS42->US2,51968,51968,0
15,CS42->US10,83196,83196,0
15,CS42->US18,72817,72817,0
15,CS42->US26,96254,96253,0
15,CS42->US34,117982,117981,0
15,CS42->US42,57562,57561,0
15,CS42->US50,52027,52027,0
15,CS42->US58,95269,95267,0
15,CS42->US66,118448,118447,0
15,CS42->US74,64696,64695,0
15,CS42->US82,88470,88470,0
15,CS42->US90,64766,64766,0
15,CS42->US98,106978,106978,0
15,CS42->US106,108596,108596,0
15,CS42->US114,64359,64359,0
15,CS42->US122,76122,76121,0
15,CS43->US3,51788,51788,0
15,CS43->US11,82949,82949,0
15,CS43->US19,72745,72745,0
15,CS43->US27,95655,95655,0
15,CS43->US35,118481,118481,0
15,CS43->US43,57354,57354,0
15,CS43->US51,52260,52260,0
15,CS43->US59,95278,95278,0
15,CS43->US67,118723,118723,0
15,CS43->US75,64527,64527,0
15,CS43->US83,88471,88471,0
15,CS43->US91,64418,64418,0
15,CS43->US99,106834,106833,0
15,CS43->US107,109076,109075,0
15,CS43->US115,64579,64578,0
15,CS43->US123,76082,76082,0
15,CS44->US4,51856,51856,0
15,CS44->US12,82830,82830,0
15,CS44->US20,72137,72136,0
15,CS44->US28,96511,96511,0
15,CS44->US36,117798,117797,0
15,CS44->US44,57678,57678,0
15,CS44->US52,51722,51722,0
15,CS44->US60,95896,95896,0
15,CS44->US68,118976,118976,0
15,CS44->US76,64276,64275,0
15,CS44->US84,88510,88508,0
15,CS44->US92,64468,64468,0
15,CS44->US100,106611,106609,0
15,CS44->US108,108747,108746,0
15,CS44->US116,64445,64445,0
15,CS44->US124,76472,76472,0
15,CS45->US5,52366,52366,0
15,CS45->US13,82920,82920,0
15,CS45->US21,72447,72447,0
15,CS45->US29,97118,97115,0
15,CS45->US37,117744,117743,0
15,CS45->US45,57371,57371,0
15,CS45->US53,51985,51985,0
15,CS45->US61,95541,95541,0
15,CS45->US69,118403,118403,0
15,CS45->US77,64190,64189,0
15,CS45->US85,88466,88466,0
15,CS45->US93,64181,64180,0
15,CS45->US101,107075,107075,0
15,CS45->US109,109283,109283,0
15,CS45->US117,64173,64172,0
15,CS45->US125,76132,76130,0
15,CS46->US6,52238,52238,0
15,CS46->US14,83215,83215,0
15,CS46->US22,72346,72344,0
15,CS46->US30,96567,96567,0
15,CS46->US38,117884,117883,0
15,CS46->US46,57132,57132,0
15,CS46->US54,52379,52379,0
15,CS46->US62,95716,95715,0
15,CS46->US70,118486,118485,0
15,CS46->US78,63937,63937,0
15,CS46->US86,88502,88501,0
15,CS46->US94,64855,64855,0
15,CS46->US102,106769,106768,0
15,CS46->US110,108393,108392,0
15,CS46->US118,64813,64812,0
15,CS46->US126,76341,76341,0
15,CS47->US7,51937,51937,0
15,CS47->US15,82905,82905,0
15,CS47->US23,72503,72503,0
15,CS47->US31,96140,96139,0
15,CS47->US39,117747,117746,0
15,CS47->US47,57625,57625,0
15,CS47->US55,51935,51935,0
15,CS47->US63,95598,95598,0
15,CS47->US71,118612,118611,0
15,CS47->US79,64340,64340,0
15,CS47->US87,88177,88177,0
15,CS47->US95,64431,64431,0
15,CS47->US103,106514,106512,0
15,CS47->US111,108368,108366,0
15,CS47->US119,64749,64749,0
15,CS47->US127,76944,76944,0
15,CS48->US0,51872,51872,0
15,CS48->US8,82989,82989,0
15,CS48->US16,72450,72450,0
15,CS48->US24,95936,95936,0
15,CS48->US32,117628,117627,0
15,CS48->US40,57279,57279,0
15,CS48->US48,52087,52087,0
15,CS48->US56,95979,95979,0
15,CS48->US64,118280,118279,0
15,CS48->US72,64204,64204,0
15,CS48->US80,89182,89182,0
15,CS48->US88,64186,64186,0
15,CS48->US96,106848,106848,0
15,CS48->US104,109148,109148,0
15,CS48->US112,65027,65027,0
15,CS48->US120,76728,76728,0
15,CS49->US1,52404,52404,0
15,CS49->US9,82968,82967,0
15,CS49->US17,72669,72668,0
15,CS49->US25,95994,95994,0
15,CS49->US33,118224,118223,0
15,CS49->US41,57394,57394,0
15,CS49->US49,52210,52210,0
15,CS49->US57,95870,95870,0
15,CS49->US65,119338,119337,0
15,CS49->US73,64007,64007,0
15,CS49->US81,88976,88975,0
15,CS49->US89,64512,64512,0
15,CS49->US97,106837,106835,0
15,CS49->US105,108785,108785,0
15,CS49->US113,64765,64765,0
15,CS49->US121,76055,76055,0
15,CS50->US2,52123,52123,0
15,CS50->US10,83176,83175,0
15,CS50->US18,72152,72152,0
15,CS50->US26,96186,96186,0
15,CS50->US34,117961,117961,0
15,CS50->US42,57665,57664,0
15,CS50->US50,52055,52055,0
15,CS50->US58,95248,95248,0
15,CS50->US66,118682,118682,0
15,CS50->US74,64574,64574,0
15,CS50->US82,89043,89043,0
15,CS50->US90,64371,64370,0
15,CS50->US98,106742,106741,0
15,CS50->US106,108648,108648,0
15,CS50->US114,64634,64634,0
15,CS50->US122,75841,75841,0
15,CS51->US3,52075,52075,0
15,CS51->US11,83228,83228,0
15,CS51->US19,72995,72995,0
15,CS51->US27,95726,95725,0
15,CS51->US35,117751,117751,0
15,CS51->US43,57565,57565,0
15,CS51->US51,51925,51925,0
15,CS51->US59,95454,95454,0
15,CS51->US67,118551,118551,0
15,CS51->US75,63956,63956,0
15,CS51->US83,89154,89154,0
15,CS51->US91,64750,64749,0
15,CS51->US99,107051,107051,0
15,CS51->US107,108336,108333,0
15,CS51->US115,64432,64432,0
15,CS51->US123,76309,76309,0
15,CS52->US4,51845,51845,0
15,CS52->US12,83226,83225,0
15,CS52->US20,72399,72398,0
15,CS52->US28,96633,96633,0
15,CS52->US36,117914,117914,0
15,CS52->US44,57178,57177,0
15,CS52->US52,52380,52380,0
15,CS52->US60,95197,95196,0
15,CS52->US68,118068,118068,0
15,CS52->US76,63937,63937,0
15,CS52->US84,88887,88886,0
15,CS52->US92,64047,64047,0
15,CS52->US100,106866,106864,0
15,CS52->US108,108835,108835,0
15,CS52->US116,64246,64245,0
15,CS52->US124,75936,75936,0
15,CS53->US5,52184,52184,0
15,CS53->US13,82890,82890,0
15,CS53->US21,72277,72275,0
15,CS53->US29,95791,95790,0
15,CS53->US37,117650,117650,0
15,CS53->US45,57150,57150,0
15,CS53->US53,52075,52075,0
15,CS53->US61,95741,95741,0
15,CS53->US69,118700,118700,0
15,CS53->US77,64436,64436,0
15,CS53->US85,88433,88433,0
15,CS53->US93,64271,64270,0
15,CS53->US101,106989,106989,0
15,CS53->US109,108409,108409,0
15,CS53->US117,64817,64817,0
15,CS53->US125,76693,76693,0
15,CS54->US6,51993,51993,0
15,CS54->US14,82698,82698,0
15,CS54->US22,72658,72657,0
15,CS54->US30,96033,96033,0
15,CS54->US38,118678,118678,0
15,CS54->US46,57773,57773,0
15,CS54->US54,52145,52145,0
15,CS54->US62,95676,95673,0
15,CS54->US70,118191,118190,0
15,CS54->US78,64261,64259,0
15,CS54->US86,88884,88883,0
15,CS54->US94,64449,64448,0
15,CS54->US102,107276,107276,0
15,CS54->US110,108966,108966,0
15,CS54->US118,64459,64458,0
15,CS54->US126,75746,75746,0
15,CS55->US7,51629,51629,0
15,CS55->US15,83230,83230,0
15,CS55->US23,72657,72657,0
15,CS55->US31,96103,96103,0
15,CS55->US39,118009,118008,0
15,CS55->US47,57325,57325,0
15,CS55->US55,52111,52111,0
15,CS55->US63,95507,95507,0
15,CS55->US71,118031,118030,0
15,CS55->US79,63830,63829,0
15,CS55->US87,88530,88530,0
15,CS55->US95,64921,64920,0
15,CS55->US103,106894,106894,0
15,CS55->US111,108414,108414,0
15,CS55->US119,64969,64969,0
15,CS55->US127,76569,76569,0
15,CS56->US0,52030,52030,0
15,CS56->US8,83373,83373,0
15,CS56->US16,72137,72137,0
15,CS56->US24,96245,96245,0
15,CS56->US32,118069,118069,0
15,CS56->US40,57083,57083,0
15,CS56->US48,52552,52552,0
15,CS56->US56,96155,96154,0
15,CS56->US64,118610,118610,0
15,CS56->US72,63959,63959,0
15,CS56->US80,88844,88842,0
15,CS56->US88,64332,64332,0
15,CS56->US96,107064,107063,0
15,CS56->US104,108715,108715,0
15,CS56->US112,64956,64956,0
15,CS56->US120,76332,76332,0
15,CS57->US1,52467,52467,0
15,CS57->US9,83339,83339,0
15,CS57->US17,71962,71962,0
15,CS57->US25,95995,95995,0
15,CS57->US33,117576,117576,0
15,CS57->US41,57528,57528,0
15,CS57->US49,52228,52228,0
15,CS57->US57,95181,95181,0
15,CS57->US65,118306,118304,0
15,CS57->US73,63920,63920,0
15,CS57->US81,88842,88842,0
15,CS57->US89,64897,64897,0
15,CS57->US97,107008,107008,0
15,CS57->US105,109107,109107,0
15,CS57->US113,64685,64685,0
15,CS57->US121,76511,76511,0
15,CS58->US2,51856,51856,0
15,CS58->US10,83169,83169,0
15,CS58->US18,72640,72640,0
15,CS58->US26,95978,95976,0
15,CS58->US34,117632,117631,0
15,CS58->US42,57519,57519,0
15,CS58->US50,51949,51949,0
15,CS58->US58,95371,95370,0
15,CS58->US66,117793,117792,0
15,CS58->US74,64436,64435,0
15,CS58->US82,88920,88920,0
15,CS58->US90,64292,64290,0
15,CS58->US98,106901,106901,0
15,CS58->US106,108332,108332,0
15,CS58->US114,64517,64517,0
15,CS58->US122,76752,76752,0
15,CS59->US3,52381,52381,0
15,CS59->US11,83500,83498,0
15,CS59->US19,72465,72465,0
15,CS59->US27,96153,96153,0
15,CS59->US35,118410,118410,0
15,CS59->US43,57223,57221,0
15,CS59->US51,52133,52133,0
15,CS59->US59,95892,95891,0
15,CS59->US67,118292,118291,0
15,CS59->US75,64438,64438,0
15,CS59->US83,88683,88683,0
15,CS59->US91,64549,64549,0
15,CS59->US99,106590,106588,0
15,CS59->US107,107977,107977,0
15,CS59->US115,64316,64316,0
15,CS59->US123,76405,76404,0
15,CS60->US4,52460,52460,0
15,CS60->US12,83363,83363,0
15,CS60->US20,72334,72333,0
15,CS60->US28,96040,96039,0
15,CS60->US36,117840,117840,0
15,CS60->US44,57508,57508,0
15,CS60->US52,52053,52053,0
15,CS60->US60,95612,95612,0
15,CS60->US68,118063,118062,0
15,CS60->US76,64680,64679,0
15,CS60->US84,88608,88608,0
15,CS60->US92,64782,64782,0
15,CS60->US100,106404,106404,0
15,CS60->US108,108685,108684,0
15,CS60->US116,64647,64647,0
15,CS60->US124,76205,76205,0
15,CS61->US5,52123,52123,0
15,CS61->US13,83066,83064,0
15,CS61->US21,72790,72790,0
15,CS61->US29,96363,96362,0
15,CS61->US37,117733,117730,0
15,CS61->US45,57203,57203,0
15,CS61->US53,52274,52274,0
15,CS61->US61,95903,95901,0
15,CS61->US69,118155,118155,0
15,CS61->US77,64420,64420,0
15,CS61->US85,88779,88779,0
15,CS61->US93,64761,64761,0
15,CS61->US101,106808,106808,0
15,CS61->US109,108578,108576,0
15,CS61->US117,64460,64459,0
15,CS61->US125,76365,76364,0
15,CS62->US6,52303,52303,0
15,CS62->US14,83270,83270,0
15,CS62->US22,72310,72310,0
15,CS62->US30,96055,96054,0
15,CS62->US38,118141,118140,0
15,CS62->US46,57165,57165,0
15,CS62->US54,52275,52275,0
15,CS62->US62,95738,95735,0
15,CS62->US70,117675,117675,0
15,CS62->US78,64372,64372,0
15,CS62->US86,88441,88441,0
15,CS62->US94,64532,64532,0
15,CS62->US102,107014,107014,0
15,CS62->US110,109129,109129,0
15,CS62->US118,64630,64630,0
15,CS62->US126,75825,75825,0
15,CS63->US7,52154,52154,0
15,CS63->US15,83234,83234,0
15,CS63->US23,72503,72503,0
15,CS63->US31,96062,96062,0
15,CS63->US39,117984,117982,0
15,CS63->US47,57303,57303,0
15,CS63->US55,52185,52185,0
15,CS63->US63,95909,95908,0
15,CS63->US71,118226,118226,0
15,CS63->US79,64433,64433,0
15,CS63->US87,88648,88648,0
15,CS63->US95,64232,64232,0
15,CS63->US103,107099,107099,0
15,CS63->US111,108999,108999,0
15,CS63->US119,64581,64580,0
15,CS63->US127,76242,76242,0
