epoch,link_name,tx,rx,drop
1,US0->CS0,27615,27615,0
1,US0->CS8,28030,28030,0
1,US0->CS16,28020,28020,0
1,US0->CS24,27548,27548,0
1,US0->CS32,27737,27736,0
1,US0->CS40,27647,27647,0
1,US0->CS48,27880,27880,0
1,US0->CS56,27420,27418,0
1,US1->CS1,27711,27709,0
1,US1->CS9,27801,27801,0
1,US1->CS17,27515,27514,0
1,US1->CS25,27803,27803,0
1,US1->CS33,27691,27691,0
1,US1->CS41,27753,27752,0
1,US1->CS49,27783,27781,0
1,US1->CS57,27701,27701,0
1,US2->CS2,27781,27781,0
1,US2->CS10,27550,27550,0
1,US2->CS18,27613,27613,0
1,US2->CS26,27432,27430,0
1,US2->CS34,27807,27807,0
1,US2->CS42,27951,27951,0
1,US2->CS50,27678,27678,0
1,US2->CS58,27773,27772,0
1,US3->CS3,27708,27708,0
1,US3->CS11,27404,27403,0
1,US3->CS19,27542,27542,0
1,US3->CS27,27444,27442,0
1,US3->CS35,27848,27848,0
1,US3->CS43,27733,27733,0
1,US3->CS51,27635,27634,0
1,US3->CS59,27585,27585,0
1,US4->CS4,27497,27497,0
1,US4->CS12,27512,27512,0
1,US4->CS20,27363,27363,0
1,US4->CS28,27765,27765,0
1,US4->CS36,27760,27760,0
1,US4->CS44,27853,27853,0
1,US4->CS52,27535,27534,0
1,US4->CS60,27455,27454,0
1,US5->CS5,27593,27593,0
1,US5->CS13,28013,28012,0
1,US5->CS21,27674,27674,0
1,US5->CS29,27818,27818,0
1,US5->CS37,27373,27371,0
1,US5->CS45,27665,27664,0
1,US5->CS53,27723,27722,0
1,US5->CS61,27550,27549,0
1,US6->CS6,27628,27628,0
1,US6->CS14,27431,27428,0
1,US6->CS22,27680,27680,0
1,US6->CS30,27746,27746,0
1,US6->CS38,27927,27927,0
1,US6->CS46,27736,27736,0
1,US6->CS54,27950,27950,0
1,US6->CS62,27983,27982,0
1,US7->CS7,27915,27915,0
1,US7->CS15,27904,27904,0
1,US7->CS23,27652,27652,0
1,US7->CS31,27593,27593,0
1,US7->CS39,27708,27708,0
1,US7->CS47,27647,27647,0
1,US7->CS55,27875,27875,0
1,US7->CS63,27718,27716,0
1,US8->CS0,0,0,0
1,US8->CS8,0,0,0
1,US8->CS16,0,0,0
1,US8->CS24,0,0,0
1,US8->CS32,0,0,0
1,US8->CS40,0,0,0
1,US8->CS48,0,0,0
1,US8->CS56,0,0,0
1,US9->CS1,0,0,0
1,US9->CS9,0,0,0
1,US9->CS17,0,0,0
1,US9->CS25,0,0,0
1,US9->CS33,0,0,0
1,US9->CS41,0,0,0
1,US9->CS49,0,0,0
1,US9->CS57,0,0,0
1,US10->CS2,0,0,0
1,US10->CS10,0,0,0
1,US10->CS18,0,0,0
1,US10->CS26,0,0,0
1,US10->CS34,0,0,0
1,US10->CS42,0,0,0
1,US10->CS50,0,0,0
1,US10->CS58,0,0,0
1,US11->CS3,0,0,0
1,US11->CS11,0,0,0
1,US11->CS19,0,0,0
1,US11->CS27,0,0,0
1,US11->CS35,0,0,0
1,US11->CS43,0,0,0
1,US11->CS51,0,0,0
1,US11->CS59,0,0,0
1,US12->CS4,0,0,0
1,US12->CS12,0,0,0
1,US12->CS20,0,0,0
1,US12->CS28,0,0,0
1,US12->CS36,0,0,0
1,US12->CS44,0,0,0
1,US12->CS52,0,0,0
1,US12->CS60,0,0,0
1,US13->CS5,0,0,0
1,US13->CS13,0,0,0
1,US13->CS21,0,0,0
1,US13->CS29,0,0,0
1,US13->CS37,0,0,0
1,US13->CS45,0,0,0
1,US13->CS53,0,0,0
1,US13->CS61,0,0,0
1,US14->CS6,0,0,0
1,US14->CS14,0,0,0
1,US14->CS22,0,0,0
1,US14->CS30,0,0,0
1,US14->CS38,0,0,0
1,US14->CS46,0,0,0
1,US14->CS54,0,0,0
1,US14->CS62,0,0,0
1,US15->CS7,0,0,0
1,US15->CS15,0,0,0
1,US15->CS23,0,0,0
1,US15->CS31,0,0,0
1,US15->CS39,0,0,0
1,US15->CS47,0,0,0
1,US15->CS55,0,0,0
1,US15->CS63,0,0,0
1,US16->CS0,0,0,0
1,US16->CS8,0,0,0
1,US16->CS16,0,0,0
1,US16->CS24,0,0,0
1,US16->CS32,0,0,0
1,US16->CS40,0,0,0
1,US16->CS48,0,0,0
1,US16->CS56,0,0,0
1,US17->CS1,0,0,0
1,US17->CS9,0,0,0
1,US17->CS17,0,0,0
1,US17->CS25,0,0,0
1,US17->CS33,0,0,0
1,US17->CS41,0,0,0
1,US17->CS49,0,0,0
1,US17->CS57,0,0,0
1,US18->CS2,0,0,0
1,US18->CS10,0,0,0
1,US18->CS18,0,0,0
1,US18->CS26,0,0,0
1,US18->CS34,0,0,0
1,US18->CS42,0,0,0
1,US18->CS50,0,0,0
1,US18->CS58,0,0,0
1,US19->CS3,0,0,0
1,US19->CS11,0,0,0
1,US19->CS19,0,0,0
1,US19->CS27,0,0,0
1,US19->CS35,0,0,0
1,US19->CS43,0,0,0
1,US19->CS51,0,0,0
1,US19->CS59,0,0,0
1,US20->CS4,0,0,0
1,US20->CS12,0,0,0
1,US20->CS20,0,0,0
1,US20->CS28,0,0,0
1,US20->CS36,0,0,0
1,US20->CS44,0,0,0
1,US20->CS52,0,0,0
1,US20->CS60,0,0,0
1,US21->CS5,0,0,0
1,US21->CS13,0,0,0
1,US21->CS21,0,0,0
1,US21->CS29,0,0,0
1,US21->CS37,0,0,0
1,US21->CS45,0,0,0
1,US21->CS53,0,0,0
1,US21->CS61,0,0,0
1,US22->CS6,0,0,0
1,US22->CS14,0,0,0
1,US22->CS22,0,0,0
1,US22->CS30,0,0,0
1,US22->CS38,0,0,0
1,US22->CS46,0,0,0
1,US22->CS54,0,0,0
1,US22->CS62,0,0,0
1,US23->CS7,0,0,0
1,US23->CS15,0,0,0
1,US23->CS23,0,0,0
1,US23->CS31,0,0,0
1,US23->CS39,0,0,0
1,US23->CS47,0,0,0
1,US23->CS55,0,0,0
1,US23->CS63,0,0,0
1,US24->CS0,0,0,0
1,US24->CS8,0,0,0
1,US24->CS16,0,0,0
1,US24->CS24,0,0,0
1,US24->CS32,0,0,0
1,US24->CS40,0,0,0
1,US24->CS48,0,0,0
1,US24->CS56,0,0,0
1,US25->CS1,0,0,0
1,US25->CS9,0,0,0
1,US25->CS17,0,0,0
1,US25->CS25,0,0,0
1,US25->CS33,0,0,0
1,US25->CS41,0,0,0
1,US25->CS49,0,0,0
1,US25->CS57,0,0,0
1,US26->CS2,0,0,0
1,US26->CS10,0,0,0
1,US26->CS18,0,0,0
1,US26->CS26,0,0,0
1,US26->CS34,0,0,0
1,US26->CS42,0,0,0
1,US26->CS50,0,0,0
1,US26->CS58,0,0,0
1,US27->CS3,0,0,0
1,US27->CS11,0,0,0
1,US27->CS19,0,0,0
1,US27->CS27,0,0,0
1,US27->CS35,0,0,0
1,US27->CS43,0,0,0
1,US27->CS51,0,0,0
1,US27->CS59,0,0,0
1,US28->CS4,0,0,0
1,US28->CS12,0,0,0
1,US28->CS20,0,0,0
1,US28->CS28,0,0,0
1,US28->CS36,0,0,0
1,US28->CS44,0,0,0
1,US28->CS52,0,0,0
1,US28->CS60,0,0,0
1,US29->CS5,0,0,0
1,US29->CS13,0,0,0
1,US29->CS21,0,0,0
1,US29->CS29,0,0,0
1,US29->CS37,0,0,0
1,US29->CS45,0,0,0
1,US29->CS53,0,0,0
1,US29->CS61,0,0,0
1,US30->CS6,0,0,0
1,US30->CS14,0,0,0
1,US30->CS22,0,0,0
1,US30->CS30,0,0,0
1,US30->CS38,0,0,0
1,US30->CS46,0,0,0
1,US30->CS54,0,0,0
1,US30->CS62,0,0,0
1,US31->CS7,0,0,0
1,US31->CS15,0,0,0
1,US31->CS23,0,0,0
1,US31->CS31,0,0,0
1,US31->CS39,0,0,0
1,US31->CS47,0,0,0
1,US31->CS55,0,0,0
1,US31->CS63,0,0,0
1,US32->CS0,0,0,0
1,US32->CS8,0,0,0
1,US32->CS16,0,0,0
1,US32->CS24,0,0,0
1,US32->CS32,0,0,0
1,US32->CS40,0,0,0
1,US32->CS48,0,0,0
1,US32->CS56,0,0,0
1,US33->CS1,0,0,0
1,US33->CS9,0,0,0
1,US33->CS17,0,0,0
1,US33->CS25,0,0,0
1,US33->CS33,0,0,0
1,US33->CS41,0,0,0
1,US33->CS49,0,0,0
1,US33->CS57,0,0,0
1,US34->CS2,0,0,0
1,US34->CS10,0,0,0
1,US34->CS18,0,0,0
1,US34->CS26,0,0,0
1,US34->CS34,0,0,0
1,US34->CS42,0,0,0
1,US34->CS50,0,0,0
1,US34->CS58,0,0,0
1,US35->CS3,0,0,0
1,US35->CS11,0,0,0
1,US35->CS19,0,0,0
1,US35->CS27,0,0,0
1,US35->CS35,0,0,0
1,US35->CS43,0,0,0
1,US35->CS51,0,0,0
1,US35->CS59,0,0,0
1,US36->CS4,0,0,0
1,US36->CS12,0,0,0
1,US36->CS20,0,0,0
1,US36->CS28,0,0,0
1,US36->CS36,0,0,0
1,US36->CS44,0,0,0
1,US36->CS52,0,0,0
1,US36->CS60,0,0,0
1,US37->CS5,0,0,0
1,US37->CS13,0,0,0
1,US37->CS21,0,0,0
1,US37->CS29,0,0,0
1,US37->CS37,0,0,0
1,US37->CS45,0,0,0
1,US37->CS53,0,0,0
1,US37->CS61,0,0,0
1,US38->CS6,0,0,0
1,US38->CS14,0,0,0
1,US38->CS22,0,0,0
1,US38->CS30,0,0,0
1,US38->CS38,0,0,0
1,US38->CS46,0,0,0
1,US38->CS54,0,0,0
1,US38->CS62,0,0,0
1,US39->CS7,0,0,0
1,US39->CS15,0,0,0
1,US39->CS23,0,0,0
1,US39->CS31,0,0,0
1,US39->CS39,0,0,0
1,US39->CS47,0,0,0
1,US39->CS55,0,0,0
1,US39->CS63,0,0,0
1,US40->CS0,0,0,0
1,US40->CS8,0,0,0
1,US40->CS16,0,0,0
1,US40->CS24,0,0,0
1,US40->CS32,0,0,0
1,US40->CS40,0,0,0
1,US40->CS48,0,0,0
1,US40->CS56,0,0,0
1,US41->CS1,0,0,0
1,US41->CS9,0,0,0
1,US41->CS17,0,0,0
1,US41->CS25,0,0,0
1,US41->CS33,0,0,0
1,US41->CS41,0,0,0
1,US41->CS49,0,0,0
1,US41->CS57,0,0,0
1,US42->CS2,0,0,0
1,US42->CS10,0,0,0
1,US42->CS18,0,0,0
1,US42->CS26,0,0,0
1,US42->CS34,0,0,0
1,US42->CS42,0,0,0
1,US42->CS50,0,0,0
1,US42->CS58,0,0,0
1,US43->CS3,0,0,0
1,US43->CS11,0,0,0
1,US43->CS19,0,0,0
1,US43->CS27,0,0,0
1,US43->CS35,0,0,0
1,US43->CS43,0,0,0
1,US43->CS51,0,0,0
1,US43->CS59,0,0,0
1,US44->CS4,0,0,0
1,US44->CS12,0,0,0
1,US44->CS20,0,0,0
1,US44->CS28,0,0,0
1,US44->CS36,0,0,0
1,US44->CS44,0,0,0
1,US44->CS52,0,0,0
1,US44->CS60,0,0,0
1,US45->CS5,0,0,0
1,US45->CS13,0,0,0
1,US45->CS21,0,0,0
1,US45->CS29,0,0,0
1,US45->CS37,0,0,0
1,US45->CS45,0,0,0
1,US45->CS53,0,0,0
1,US45->CS61,0,0,0
1,US46->CS6,0,0,0
1,US46->CS14,0,0,0
1,US46->CS22,0,0,0
1,US46->CS30,0,0,0
1,US46->CS38,0,0,0
1,US46->CS46,0,0,0
1,US46->CS54,0,0,0
1,US46->CS62,0,0,0
1,US47->CS7,0,0,0
1,US47->CS15,0,0,0
1,US47->CS23,0,0,0
1,US47->CS31,0,0,0
1,US47->CS39,0,0,0
1,US47->CS47,0,0,0
1,US47->CS55,0,0,0
1,US47->CS63,0,0,0
1,US48->CS0,27801,27801,0
1,US48->CS8,27961,27961,0
1,US48->CS16,27706,27704,0
1,US48->CS24,27928,27928,0
1,US48->CS32,27786,27786,0
1,US48->CS40,27510,27510,0
1,US48->CS48,27798,27797,0
1,US48->CS56,27799,27799,0
1,US49->CS1,27586,27585,0
1,US49->CS9,27589,27589,0
1,US49->CS17,27798,27797,0
1,US49->CS25,27731,27730,0
1,US49->CS33,27848,27846,0
1,US49->CS41,27809,27809,0
1,US49->CS49,27743,27742,0
1,US49->CS57,27718,27718,0
1,US50->CS2,27835,27835,0
1,US50->CS10,27779,27779,0
1,US50->CS18,27750,27750,0
1,US50->CS26,27884,27884,0
1,US50->CS34,27509,27508,0
1,US50->CS42,27662,27662,0
1,US50->CS50,27739,27739,0
1,US50->CS58,27877,27876,0
1,US51->CS3,27658,27658,0
1,US51->CS11,27651,27650,0
1,US51->CS19,27466,27465,0
1,US51->CS27,27718,27718,0
1,US51->CS35,27871,27871,0
1,US51->CS43,27588,27586,0
1,US51->CS51,27648,27648,0
1,US51->CS59,27828,27827,0
1,US52->CS4,27660,27660,0
1,US52->CS12,27908,27906,0
1,US52->CS20,27905,27904,0
1,US52->CS28,27638,27637,0
1,US52->CS36,27918,27918,0
1,US52->CS44,27566,27566,0
1,US52->CS52,27723,27723,0
1,US52->CS60,27686,27686,0
1,US53->CS5,27807,27806,0
1,US53->CS13,27749,27749,0
1,US53->CS21,27772,27772,0
1,US53->CS29,27622,27622,0
1,US53->CS37,27769,27769,0
1,US53->CS45,27500,27500,0
1,US53->CS53,27717,27716,0
1,US53->CS61,27901,27901,0
1,US54->CS6,27473,27473,0
1,US54->CS14,27707,27707,0
1,US54->CS22,27609,27609,0
1,US54->CS30,27933,27933,0
1,US54->CS38,27731,27729,0
1,US54->CS46,27561,27561,0
1,US54->CS54,27882,27882,0
1,US54->CS62,27879,27879,0
1,US55->CS7,27993,27993,0
1,US55->CS15,27699,27699,0
1,US55->CS23,27871,27870,0
1,US55->CS31,28116,28116,0
1,US55->CS39,27922,27921,0
1,US55->CS47,27840,27840,0
1,US55->CS55,27823,27823,0
1,US55->CS63,27311,27311,0
1,US56->CS0,0,0,0
1,US56->CS8,0,0,0
1,US56->CS16,0,0,0
1,US56->CS24,0,0,0
1,US56->CS32,0,0,0
1,US56->CS40,0,0,0
1,US56->CS48,0,0,0
1,US56->CS56,0,0,0
1,US57->CS1,0,0,0
1,US57->CS9,0,0,0
1,US57->CS17,0,0,0
1,US57->CS25,0,0,0
1,US57->CS33,0,0,0
1,US57->CS41,0,0,0
1,US57->CS49,0,0,0
1,US57->CS57,0,0,0
1,US58->CS2,0,0,0
1,US58->CS10,0,0,0
1,US58->CS18,0,0,0
1,US58->CS26,0,0,0
1,US58->CS34,0,0,0
1,US58->CS42,0,0,0
1,US58->CS50,0,0,0
1,US58->CS58,0,0,0
1,US59->CS3,0,0,0
1,US59->CS11,0,0,0
1,US59->CS19,0,0,0
1,US59->CS27,0,0,0
1,US59->CS35,0,0,0
1,US59->CS43,0,0,0
1,US59->CS51,0,0,0
1,US59->CS59,0,0,0
1,US60->CS4,0,0,0
1,US60->CS12,0,0,0
1,US60->CS20,0,0,0
1,US60->CS28,0,0,0
1,US60->CS36,0,0,0
1,US60->CS44,0,0,0
1,US60->CS52,0,0,0
1,US60->CS60,0,0,0
1,US61->CS5,0,0,0
1,US61->CS13,0,0,0
1,US61->CS21,0,0,0
1,US61->CS29,0,0,0
1,US61->CS37,0,0,0
1,US61->CS45,0,0,0
1,US61->CS53,0,0,0
1,US61->CS61,0,0,0
1,US62->CS6,0,0,0
1,US62->CS14,0,0,0
1,US62->CS22,0,0,0
1,US62->CS30,0,0,0
1,US62->CS38,0,0,0
1,US62->CS46,0,0,0
1,US62->CS54,0,0,0
1,US62->CS62,0,0,0
1,US63->CS7,0,0,0
1,US63->CS15,0,0,0
1,US63->CS23,0,0,0
1,US63->CS31,0,0,0
1,US63->CS39,0,0,0
1,US63->CS47,0,0,0
1,US63->CS55,0,0,0
1,US63->CS63,0,0,0
1,US64->CS0,0,0,0
1,US64->CS8,0,0,0
1,US64->CS16,0,0,0
1,US64->CS24,0,0,0
1,US64->CS32,0,0,0
1,US64->CS40,0,0,0
1,US64->CS48,0,0,0
1,US64->CS56,0,0,0
1,US65->CS1,0,0,0
1,US65->CS9,0,0,0
1,US65->CS17,0,0,0
1,US65->CS25,0,0,0
1,US65->CS33,0,0,0
1,US65->CS41,0,0,0
1,US65->CS49,0,0,0
1,US65->CS57,0,0,0
1,US66->CS2,0,0,0
1,US66->CS10,0,0,0
1,US66->CS18,0,0,0
1,US66->CS26,0,0,0
1,US66->CS34,0,0,0
1,US66->CS42,0,0,0
1,US66->CS50,0,0,0
1,US66->CS58,0,0,0
1,US67->CS3,0,0,0
1,US67->CS11,0,0,0
1,US67->CS19,0,0,0
1,US67->CS27,0,0,0
1,US67->CS35,0,0,0
1,US67->CS43,0,0,0
1,US67->CS51,0,0,0
1,US67->CS59,0,0,0
1,US68->CS4,0,0,0
1,US68->CS12,0,0,0
1,US68->CS20,0,0,0
1,US68->CS28,0,0,0
1,US68->CS36,0,0,0
1,US68->CS44,0,0,0
1,US68->CS52,0,0,0
1,US68->CS60,0,0,0
1,US69->CS5,0,0,0
1,US69->CS13,0,0,0
1,US69->CS21,0,0,0
1,US69->CS29,0,0,0
1,US69->CS37,0,0,0
1,US69->CS45,0,0,0
1,US69->CS53,0,0,0
1,US69->CS61,0,0,0
1,US70->CS6,0,0,0
1,US70->CS14,0,0,0
1,US70->CS22,0,0,0
1,US70->CS30,0,0,0
1,US70->CS38,0,0,0
1,US70->CS46,0,0,0
1,US70->CS54,0,0,0
1,US70->CS62,0,0,0
1,US71->CS7,0,0,0
1,US71->CS15,0,0,0
1,US71->CS23,0,0,0
1,US71->CS31,0,0,0
1,US71->CS39,0,0,0
1,US71->CS47,0,0,0
1,US71->CS55,0,0,0
1,US71->CS63,0,0,0
1,US72->CS0,0,0,0
1,US72->CS8,0,0,0
1,US72->CS16,0,0,0
1,US72->CS24,0,0,0
1,US72->CS32,0,0,0
1,US72->CS40,0,0,0
1,US72->CS48,0,0,0
1,US72->CS56,0,0,0
1,US73->CS1,0,0,0
1,US73->CS9,0,0,0
1,US73->CS17,0,0,0
1,US73->CS25,0,0,0
1,US73->CS33,0,0,0
1,US73->CS41,0,0,0
1,US73->CS49,0,0,0
1,US73->CS57,0,0,0
1,US74->CS2,0,0,0
1,US74->CS10,0,0,0
1,US74->CS18,0,0,0
1,US74->CS26,0,0,0
1,US74->CS34,0,0,0
1,US74->CS42,0,0,0
1,US74->CS50,0,0,0
1,US74->CS58,0,0,0
1,US75->CS3,0,0,0
1,US75->CS11,0,0,0
1,US75->CS19,0,0,0
1,US75->CS27,0,0,0
1,US75->CS35,0,0,0
1,US75->CS43,0,0,0
1,US75->CS51,0,0,0
1,US75->CS59,0,0,0
1,US76->CS4,0,0,0
1,US76->CS12,0,0,0
1,US76->CS20,0,0,0
1,US76->CS28,0,0,0
1,US76->CS36,0,0,0
1,US76->CS44,0,0,0
1,US76->CS52,0,0,0
1,US76->CS60,0,0,0
1,US77->CS5,0,0,0
1,US77->CS13,0,0,0
1,US77->CS21,0,0,0
1,US77->CS29,0,0,0
1,US77->CS37,0,0,0
1,US77->CS45,0,0,0
1,US77->CS53,0,0,0
1,US77->CS61,0,0,0
1,US78->CS6,0,0,0
1,US78->CS14,0,0,0
1,US78->CS22,0,0,0
1,US78->CS30,0,0,0
1,US78->CS38,0,0,0
1,US78->CS46,0,0,0
1,US78->CS54,0,0,0
1,US78->CS62,0,0,0
1,US79->CS7,0,0,0
1,US79->CS15,0,0,0
1,US79->CS23,0,0,0
1,US79->CS31,0,0,0
1,US79->CS39,0,0,0
1,US79->CS47,0,0,0
1,US79->CS55,0,0,0
1,US79->CS63,0,0,0
1,US80->CS0,0,0,0
1,US80->CS8,0,0,0
1,US80->CS16,0,0,0
1,US80->CS24,0,0,0
1,US80->CS32,0,0,0
1,US80->CS40,0,0,0
1,US80->CS48,0,0,0
1,US80->CS56,0,0,0
1,US81->CS1,0,0,0
1,US81->CS9,0,0,0
1,US81->CS17,0,0,0
1,US81->CS25,0,0,0
1,US81->CS33,0,0,0
1,US81->CS41,0,0,0
1,US81->CS49,0,0,0
1,US81->CS57,0,0,0
1,US82->CS2,0,0,0
1,US82->CS10,0,0,0
1,US82->CS18,0,0,0
1,US82->CS26,0,0,0
1,US82->CS34,0,0,0
1,US82->CS42,0,0,0
1,US82->CS50,0,0,0
1,US82->CS58,0,0,0
1,US83->CS3,0,0,0
1,US83->CS11,0,0,0
1,US83->CS19,0,0,0
1,US83->CS27,0,0,0
1,US83->CS35,0,0,0
1,US83->CS43,0,0,0
1,US83->CS51,0,0,0
1,US83->CS59,0,0,0
1,US84->CS4,0,0,0
1,US84->CS12,0,0,0
1,US84->CS20,0,0,0
1,US84->CS28,0,0,0
1,US84->CS36,0,0,0
1,US84->CS44,0,0,0
1,US84->CS52,0,0,0
1,US84->CS60,0,0,0
1,US85->CS5,0,0,0
1,US85->CS13,0,0,0
1,US85->CS21,0,0,0
1,US85->CS29,0,0,0
1,US85->CS37,0,0,0
1,US85->CS45,0,0,0
1,US85->CS53,0,0,0
1,US85->CS61,0,0,0
1,US86->CS6,0,0,0
1,US86->CS14,0,0,0
1,US86->CS22,0,0,0
1,US86->CS30,0,0,0
1,US86->CS38,0,0,0
1,US86->CS46,0,0,0
1,US86->CS54,0,0,0
1,US86->CS62,0,0,0
1,US87->CS7,0,0,0
1,US87->CS15,0,0,0
1,US87->CS23,0,0,0
1,US87->CS31,0,0,0
1,US87->CS39,0,0,0
1,US87->CS47,0,0,0
1,US87->CS55,0,0,0
1,US87->CS63,0,0,0
1,US88->CS0,0,0,0
1,US88->CS8,0,0,0
1,US88->CS16,0,0,0
1,US88->CS24,0,0,0
1,US88->CS32,0,0,0
1,US88->CS40,0,0,0
1,US88->CS48,0,0,0
1,US88->CS56,0,0,0
1,US89->CS1,0,0,0
1,US89->CS9,0,0,0
1,US89->CS17,0,0,0
1,US89->CS25,0,0,0
1,US89->CS33,0,0,0
1,US89->CS41,0,0,0
1,US89->CS49,0,0,0
1,US89->CS57,0,0,0
1,US90->CS2,0,0,0
1,US90->CS10,0,0,0
1,US90->CS18,0,0,0
1,US90->CS26,0,0,0
1,US90->CS34,0,0,0
1,US90->CS42,0,0,0
1,US90->CS50,0,0,0
1,US90->CS58,0,0,0
1,US91->CS3,0,0,0
1,US91->CS11,0,0,0
1,US91->CS19,0,0,0
1,US91->CS27,0,0,0
1,US91->CS35,0,0,0
1,US91->CS43,0,0,0
1,US91->CS51,0,0,0
1,US91->CS59,0,0,0
1,US92->CS4,0,0,0
1,US92->CS12,0,0,0
1,US92->CS20,0,0,0
1,US92->CS28,0,0,0
1,US92->CS36,0,0,0
1,US92->CS44,0,0,0
1,US92->CS52,0,0,0
1,US92->CS60,0,0,0
1,US93->CS5,0,0,0
1,US93->CS13,0,0,0
1,US93->CS21,0,0,0
1,US93->CS29,0,0,0
1,US93->CS37,0,0,0
1,US93->CS45,0,0,0
1,US93->CS53,0,0,0
1,US93->CS61,0,0,0
1,US94->CS6,0,0,0
1,US94->CS14,0,0,0
1,US94->CS22,0,0,0
1,US94->CS30,0,0,0
1,US94->CS38,0,0,0
1,US94->CS46,0,0,0
1,US94->CS54,0,0,0
1,US94->CS62,0,0,0
1,US95->CS7,0,0,0
1,US95->CS15,0,0,0
1,US95->CS23,0,0,0
1,US95->CS31,0,0,0
1,US95->CS39,0,0,0
1,US95->CS47,0,0,0
1,US95->CS55,0,0,0
1,US95->CS63,0,0,0
1,US96->CS0,0,0,0
1,US96->CS8,0,0,0
1,US96->CS16,0,0,0
1,US96->CS24,0,0,0
1,US96->CS32,0,0,0
1,US96->CS40,0,0,0
1,US96->CS48,0,0,0
1,US96->CS56,0,0,0
1,US97->CS1,0,0,0
1,US97->CS9,0,0,0
1,US97->CS17,0,0,0
1,US97->CS25,0,0,0
1,US97->CS33,0,0,0
1,US97->CS41,0,0,0
1,US97->CS49,0,0,0
1,US97->CS57,0,0,0
1,US98->CS2,0,0,0
1,US98->CS10,0,0,0
1,US98->CS18,0,0,0
1,US98->CS26,0,0,0
1,US98->CS34,0,0,0
1,US98->CS42,0,0,0
1,US98->CS50,0,0,0
1,US98->CS58,0,0,0
1,US99->CS3,0,0,0
1,US99->CS11,0,0,0
1,US99->CS19,0,0,0
1,US99->CS27,0,0,0
1,US99->CS35,0,0,0
1,US99->CS43,0,0,0
1,US99->CS51,0,0,0
1,US99->CS59,0,0,0
1,US100->CS4,0,0,0
1,US100->CS12,0,0,0
1,US100->CS20,0,0,0
1,US100->CS28,0,0,0
1,US100->CS36,0,0,0
1,US100->CS44,0,0,0
1,US100->CS52,0,0,0
1,US100->CS60,0,0,0
1,US101->CS5,0,0,0
1,US101->CS13,0,0,0
1,US101->CS21,0,0,0
1,US101->CS29,0,0,0
1,US101->CS37,0,0,0
1,US101->CS45,0,0,0
1,US101->CS53,0,0,0
1,US101->CS61,0,0,0
1,US102->CS6,0,0,0
1,US102->CS14,0,0,0
1,US102->CS22,0,0,0
1,US102->CS30,0,0,0
1,US102->CS38,0,0,0
1,US102->CS46,0,0,0
1,US102->CS54,0,0,0
1,US102->CS62,0,0,0
1,US103->CS7,0,0,0
1,US103->CS15,0,0,0
1,US103->CS23,0,0,0
1,US103->CS31,0,0,0
1,US103->CS39,0,0,0
1,US103->CS47,0,0,0
1,US103->CS55,0,0,0
1,US103->CS63,0,0,0
1,US104->CS0,0,0,0
1,US104->CS8,0,0,0
1,US104->CS16,0,0,0
1,US104->CS24,0,0,0
1,US104->CS32,0,0,0
1,US104->CS40,0,0,0
1,US104->CS48,0,0,0
1,US104->CS56,0,0,0
1,US105->CS1,0,0,0
1,US105->CS9,0,0,0
1,US105->CS17,0,0,0
1,US105->CS25,0,0,0
1,US105->CS33,0,0,0
1,US105->CS41,0,0,0
1,US105->CS49,0,0,0
1,US105->CS57,0,0,0
1,US106->CS2,0,0,0
1,US106->CS10,0,0,0
1,US106->CS18,0,0,0
1,US106->CS26,0,0,0
1,US106->CS34,0,0,0
1,US106->CS42,0,0,0
1,US106->CS50,0,0,0
1,US106->CS58,0,0,0
1,US107->CS3,0,0,0
1,US107->CS11,0,0,0
1,US107->CS19,0,0,0
1,US107->CS27,0,0,0
1,US107->CS35,0,0,0
1,US107->CS43,0,0,0
1,US107->CS51,0,0,0
1,US107->CS59,0,0,0
1,US108->CS4,0,0,0
1,US108->CS12,0,0,0
1,US108->CS20,0,0,0
1,US108->CS28,0,0,0
1,US108->CS36,0,0,0
1,US108->CS44,0,0,0
1,US108->CS52,0,0,0
1,US108->CS60,0,0,0
1,US109->CS5,0,0,0
1,US109->CS13,0,0,0
1,US109->CS21,0,0,0
1,US109->CS29,0,0,0
1,US109->CS37,0,0,0
1,US109->CS45,0,0,0
1,US109->CS53,0,0,0
1,US109->CS61,0,0,0
1,US110->CS6,0,0,0
1,US110->CS14,0,0,0
1,US110->CS22,0,0,0
1,US110->CS30,0,0,0
1,US110->CS38,0,0,0
1,US110->CS46,0,0,0
1,US110->CS54,0,0,0
1,US110->CS62,0,0,0
1,US111->CS7,0,0,0
1,US111->CS15,0,0,0
1,US111->CS23,0,0,0
1,US111->CS31,0,0,0
1,US111->CS39,0,0,0
1,US111->CS47,0,0,0
1,US111->CS55,0,0,0
1,US111->CS63,0,0,0
1,US112->CS0,0,0,0
1,US112->CS8,0,0,0
1,US112->CS16,0,0,0
1,US112->CS24,0,0,0
1,US112->CS32,0,0,0
1,US112->CS40,0,0,0
1,US112->CS48,0,0,0
1,US112->CS56,0,0,0
1,US113->CS1,0,0,0
1,US113->CS9,0,0,0
1,US113->CS17,0,0,0
1,US113->CS25,0,0,0
1,US113->CS33,0,0,0
1,US113->CS41,0,0,0
1,US113->CS49,0,0,0
1,US113->CS57,0,0,0
1,US114->CS2,0,0,0
1,US114->CS10,0,0,0
1,US114->CS18,0,0,0
1,US114->CS26,0,0,0
1,US114->CS34,0,0,0
1,US114->CS42,0,0,0
1,US114->CS50,0,0,0
1,US114->CS58,0,0,0
1,US115->CS3,0,0,0
1,US115->CS11,0,0,0
1,US115->CS19,0,0,0
1,US115->CS27,0,0,0
1,US115->CS35,0,0,0
1,US115->CS43,0,0,0
1,US115->CS51,0,0,0
1,US115->CS59,0,0,0
1,US116->CS4,0,0,0
1,US116->CS12,0,0,0
1,US116->CS20,0,0,0
1,US116->CS28,0,0,0
1,US116->CS36,0,0,0
1,US116->CS44,0,0,0
1,US116->CS52,0,0,0
1,US116->CS60,0,0,0
1,US117->CS5,0,0,0
1,US117->CS13,0,0,0
1,US117->CS21,0,0,0
1,US117->CS29,0,0,0
1,US117->CS37,0,0,0
1,US117->CS45,0,0,0
1,US117->CS53,0,0,0
1,US117->CS61,0,0,0
1,US118->CS6,0,0,0
1,US118->CS14,0,0,0
1,US118->CS22,0,0,0
1,US118->CS30,0,0,0
1,US118->CS38,0,0,0
1,US118->CS46,0,0,0
1,US118->CS54,0,0,0
1,US118->CS62,0,0,0
1,US119->CS7,0,0,0
1,US119->CS15,0,0,0
1,US119->CS23,0,0,0
1,US119->CS31,0,0,0
1,US119->CS39,0,0,0
1,US119->CS47,0,0,0
1,US119->CS55,0,0,0
1,US119->CS63,0,0,0
1,US120->CS0,0,0,0
1,US120->CS8,0,0,0
1,US120->CS16,0,0,0
1,US120->CS24,0,0,0
1,US120->CS32,0,0,0
1,US120->CS40,0,0,0
1,US120->CS48,0,0,0
1,US120->CS56,0,0,0
1,US121->CS1,0,0,0
1,US121->CS9,0,0,0
1,US121->CS17,0,0,0
1,US121->CS25,0,0,0
1,US121->CS33,0,0,0
1,US121->CS41,0,0,0
1,US121->CS49,0,0,0
1,US121->CS57,0,0,0
1,US122->CS2,0,0,0
1,US122->CS10,0,0,0
1,US122->CS18,0,0,0
1,US122->CS26,0,0,0
1,US122->CS34,0,0,0
1,US122->CS42,0,0,0
1,US122->CS50,0,0,0
1,US122->CS58,0,0,0
1,US123->CS3,0,0,0
1,US123->CS11,0,0,0
1,US123->CS19,0,0,0
1,US123->CS27,0,0,0
1,US123->CS35,0,0,0
1,US123->CS43,0,0,0
1,US123->CS51,0,0,0
1,US123->CS59,0,0,0
1,US124->CS4,0,0,0
1,US124->CS12,0,0,0
1,US124->CS20,0,0,0
1,US124->CS28,0,0,0
1,US124->CS36,0,0,0
1,US124->CS44,0,0,0
1,US124->CS52,0,0,0
1,US124->CS60,0,0,0
1,US125->CS5,0,0,0
1,US125->CS13,0,0,0
1,US125->CS21,0,0,0
1,US125->CS29,0,0,0
1,US125->CS37,0,0,0
1,US125->CS45,0,0,0
1,US125->CS53,0,0,0
1,US125->CS61,0,0,0
1,US126->CS6,0,0,0
1,US126->CS14,0,0,0
1,US126->CS22,0,0,0
1,US126->CS30,0,0,0
1,US126->CS38,0,0,0
1,US126->CS46,0,0,0
1,US126->CS54,0,0,0
1,US126->CS62,0,0,0
1,US127->CS7,0,0,0
1,US127->CS15,0,0,0
1,US127->CS23,0,0,0
1,US127->CS31,0,0,0
1,US127->CS39,0,0,0
1,US127->CS47,0,0,0
1,US127->CS55,0,0,0
1,US127->CS63,0,0,0
1,CS0->US0,27801,27800,0
1,CS0->US8,0,0,0
1,CS0->US16,0,0,0
1,CS0->US24,0,0,0
1,CS0->US32,0,0,0
1,CS0->US40,0,0,0
1,CS0->US48,27614,27614,0
1,CS0->US56,0,0,0
1,CS0->US64,0,0,0
1,CS0->US72,0,0,0
1,CS0->US80,0,0,0
1,CS0->US88,0,0,0
1,CS0->US96,0,0,0
1,CS0->US104,0,0,0
1,CS0->US112,0,0,0
1,CS0->US120,0,0,0
1,CS1->US1,27584,27584,0
1,CS1->US9,0,0,0
1,CS1->US17,0,0,0
1,CS1->US25,0,0,0
1,CS1->US33,0,0,0
1,CS1->US41,0,0,0
1,CS1->US49,27709,27706,0
1,CS1->US57,0,0,0
1,CS1->US65,0,0,0
1,CS1->US73,0,0,0
1,CS1->US81,0,0,0
1,CS1->US89,0,0,0
1,CS1->US97,0,0,0
1,CS1->US105,0,0,0
1,CS1->US113,0,0,0
1,CS1->US121,0,0,0
1,CS2->US2,27834,27834,0
1,CS2->US10,0,0,0
1,CS2->US18,0,0,0
1,CS2->US26,0,0,0
1,CS2->US34,0,0,0
1,CS2->US42,0,0,0
1,CS2->US50,27781,27781,0
1,CS2->US58,0,0,0
1,CS2->US66,0,0,0
1,CS2->US74,0,0,0
1,CS2->US82,0,0,0
1,CS2->US90,0,0,0
1,CS2->US98,0,0,0
1,CS2->US106,0,0,0
1,CS2->US114,0,0,0
1,CS2->US122,0,0,0
1,CS3->US3,27658,27658,0
1,CS3->US11,0,0,0
1,CS3->US19,0,0,0
1,CS3->US27,0,0,0
1,CS3->US35,0,0,0
1,CS3->US43,0,0,0
1,CS3->US51,27708,27708,0
1,CS3->US59,0,0,0
1,CS3->US67,0,0,0
1,CS3->US75,0,0,0
1,CS3->US83,0,0,0
1,CS3->US91,0,0,0
1,CS3->US99,0,0,0
1,CS3->US107,0,0,0
1,CS3->US115,0,0,0
1,CS3->US123,0,0,0
1,CS4->US4,27660,27660,0
1,CS4->US12,0,0,0
1,CS4->US20,0,0,0
1,CS4->US28,0,0,0
1,CS4->US36,0,0,0
1,CS4->US44,0,0,0
1,CS4->US52,27497,27497,0
1,CS4->US60,0,0,0
1,CS4->US68,0,0,0
1,CS4->US76,0,0,0
1,CS4->US84,0,0,0
1,CS4->US92,0,0,0
1,CS4->US100,0,0,0
1,CS4->US108,0,0,0
1,CS4->US116,0,0,0
1,CS4->US124,0,0,0
1,CS5->US5,27806,27806,0
1,CS5->US13,0,0,0
1,CS5->US21,0,0,0
1,CS5->US29,0,0,0
1,CS5->US37,0,0,0
1,CS5->US45,0,0,0
1,CS5->US53,27593,27593,0
1,CS5->US61,0,0,0
1,CS5->US69,0,0,0
1,CS5->US77,0,0,0
1,CS5->US85,0,0,0
1,CS5->US93,0,0,0
1,CS5->US101,0,0,0
1,CS5->US109,0,0,0
1,CS5->US117,0,0,0
1,CS5->US125,0,0,0
1,CS6->US6,27473,27472,0
1,CS6->US14,0,0,0
1,CS6->US22,0,0,0
1,CS6->US30,0,0,0
1,CS6->US38,0,0,0
1,CS6->US46,0,0,0
1,CS6->US54,27628,27628,0
1,CS6->US62,0,0,0
1,CS6->US70,0,0,0
1,CS6->US78,0,0,0
1,CS6->US86,0,0,0
1,CS6->US94,0,0,0
1,CS6->US102,0,0,0
1,CS6->US110,0,0,0
1,CS6->US118,0,0,0
1,CS6->US126,0,0,0
1,CS7->US7,27993,27993,0
1,CS7->US15,0,0,0
1,CS7->US23,0,0,0
1,CS7->US31,0,0,0
1,CS7->US39,0,0,0
1,CS7->US47,0,0,0
1,CS7->US55,27915,27915,0
1,CS7->US63,0,0,0
1,CS7->US71,0,0,0
1,CS7->US79,0,0,0
1,CS7->US87,0,0,0
1,CS7->US95,0,0,0
1,CS7->US103,0,0,0
1,CS7->US111,0,0,0
1,CS7->US119,0,0,0
1,CS7->US127,0,0,0
1,CS8->US0,27961,27961,0
1,CS8->US8,0,0,0
1,CS8->US16,0,0,0
1,CS8->US24,0,0,0
1,CS8->US32,0,0,0
1,CS8->US40,0,0,0
1,CS8->US48,28030,28029,0
1,CS8->US56,0,0,0
1,CS8->US64,0,0,0
1,CS8->US72,0,0,0
1,CS8->US80,0,0,0
1,CS8->US88,0,0,0
1,CS8->US96,0,0,0
1,CS8->US104,0,0,0
1,CS8->US112,0,0,0
1,CS8->US120,0,0,0
1,CS9->US1,27589,27589,0
1,CS9->US9,0,0,0
1,CS9->US17,0,0,0
1,CS9->US25,0,0,0
1,CS9->US33,0,0,0
1,CS9->US41,0,0,0
1,CS9->US49,27801,27801,0
1,CS9->US57,0,0,0
1,CS9->US65,0,0,0
1,CS9->US73,0,0,0
1,CS9->US81,0,0,0
1,CS9->US89,0,0,0
1,CS9->US97,0,0,0
1,CS9->US105,0,0,0
1,CS9->US113,0,0,0
1,CS9->US121,0,0,0
1,CS10->US2,27779,27779,0
1,CS10->US10,0,0,0
1,CS10->US18,0,0,0
1,CS10->US26,0,0,0
1,CS10->US34,0,0,0
1,CS10->US42,0,0,0
1,CS10->US50,27550,27550,0
1,CS10->US58,0,0,0
1,CS10->US66,0,0,0
1,CS10->US74,0,0,0
1,CS10->US82,0,0,0
1,CS10->US90,0,0,0
1,CS10->US98,0,0,0
1,CS10->US106,0,0,0
1,CS10->US114,0,0,0
1,CS10->US122,0,0,0
1,CS11->US3,27650,27648,0
1,CS11->US11,0,0,0
1,CS11->US19,0,0,0
1,CS11->US27,0,0,0
1,CS11->US35,0,0,0
1,CS11->US43,0,0,0
1,CS11->US51,27403,27403,0
1,CS11->US59,0,0,0
1,CS11->US67,0,0,0
1,CS11->US75,0,0,0
1,CS11->US83,0,0,0
1,CS11->US91,0,0,0
1,CS11->US99,0,0,0
1,CS11->US107,0,0,0
1,CS11->US115,0,0,0
1,CS11->US123,0,0,0
1,CS12->US4,27905,27905,0
1,CS12->US12,0,0,0
1,CS12->US20,0,0,0
1,CS12->US28,0,0,0
1,CS12->US36,0,0,0
1,CS12->US44,0,0,0
1,CS12->US52,27512,27511,0
1,CS12->US60,0,0,0
1,CS12->US68,0,0,0
1,CS12->US76,0,0,0
1,CS12->US84,0,0,0
1,CS12->US92,0,0,0
1,CS12->US100,0,0,0
1,CS12->US108,0,0,0
1,CS12->US116,0,0,0
1,CS12->US124,0,0,0
1,CS13->US5,27749,27749,0
1,CS13->US13,0,0,0
1,CS13->US21,0,0,0
1,CS13->US29,0,0,0
1,CS13->US37,0,0,0
1,CS13->US45,0,0,0
1,CS13->US53,28012,28012,0
1,CS13->US61,0,0,0
1,CS13->US69,0,0,0
1,CS13->US77,0,0,0
1,CS13->US85,0,0,0
1,CS13->US93,0,0,0
1,CS13->US101,0,0,0
1,CS13->US109,0,0,0
1,CS13->US117,0,0,0
1,CS13->US125,0,0,0
1,CS14->US6,27707,27707,0
1,CS14->US14,0,0,0
1,CS14->US22,0,0,0
1,CS14->US30,0,0,0
1,CS14->US38,0,0,0
1,CS14->US46,0,0,0
1,CS14->US54,27428,27427,0
1,CS14->US62,0,0,0
1,CS14->US70,0,0,0
1,CS14->US78,0,0,0
1,CS14->US86,0,0,0
1,CS14->US94,0,0,0
1,CS14->US102,0,0,0
1,CS14->US110,0,0,0
1,CS14->US118,0,0,0
1,CS14->US126,0,0,0
1,CS15->US7,27699,27698,0
1,CS15->US15,0,0,0
1,CS15->US23,0,0,0
1,CS15->US31,0,0,0
1,CS15->US39,0,0,0
1,CS15->US47,0,0,0
1,CS15->US55,27904,27904,0
1,CS15->US63,0,0,0
1,CS15->US71,0,0,0
1,CS15->US79,0,0,0
1,CS15->US87,0,0,0
1,CS15->US95,0,0,0
1,CS15->US103,0,0,0
1,CS15->US111,0,0,0
1,CS15->US119,0,0,0
1,CS15->US127,0,0,0
1,CS16->US0,27704,27703,0
1,CS16->US8,0,0,0
1,CS16->US16,0,0,0
1,CS16->US24,0,0,0
1,CS16->US32,0,0,0
1,CS16->US40,0,0,0
1,CS16->US48,28020,28019,0
1,CS16->US56,0,0,0
1,CS16->US64,0,0,0
1,CS16->US72,0,0,0
1,CS16->US80,0,0,0
1,CS16->US88,0,0,0
1,CS16->US96,0,0,0
1,CS16->US104,0,0,0
1,CS16->US112,0,0,0
1,CS16->US120,0,0,0
1,CS17->US1,27797,27797,0
1,CS17->US9,0,0,0
1,CS17->US17,0,0,0
1,CS17->US25,0,0,0
1,CS17->US33,0,0,0
1,CS17->US41,0,0,0
1,CS17->US49,27514,27514,0
1,CS17->US57,0,0,0
1,CS17->US65,0,0,0
1,CS17->US73,0,0,0
1,CS17->US81,0,0,0
1,CS17->US89,0,0,0
1,CS17->US97,0,0,0
1,CS17->US105,0,0,0
1,CS17->US113,0,0,0
1,CS17->US121,0,0,0
1,CS18->US2,27750,27749,0
1,CS18->US10,0,0,0
1,CS18->US18,0,0,0
1,CS18->US26,0,0,0
1,CS18->US34,0,0,0
1,CS18->US42,0,0,0
1,CS18->US50,27613,27613,0
1,CS18->US58,0,0,0
1,CS18->US66,0,0,0
1,CS18->US74,0,0,0
1,CS18->US82,0,0,0
1,CS18->US90,0,0,0
1,CS18->US98,0,0,0
1,CS18->US106,0,0,0
1,CS18->US114,0,0,0
1,CS18->US122,0,0,0
1,CS19->US3,27465,27465,0
1,CS19->US11,0,0,0
1,CS19->US19,0,0,0
1,CS19->US27,0,0,0
1,CS19->US35,0,0,0
1,CS19->US43,0,0,0
1,CS19->US51,27541,27541,0
1,CS19->US59,0,0,0
1,CS19->US67,0,0,0
1,CS19->US75,0,0,0
1,CS19->US83,0,0,0
1,CS19->US91,0,0,0
1,CS19->US99,0,0,0
1,CS19->US107,0,0,0
1,CS19->US115,0,0,0
1,CS19->US123,0,0,0
1,CS20->US4,27904,27901,0
1,CS20->US12,0,0,0
1,CS20->US20,0,0,0
1,CS20->US28,0,0,0
1,CS20->US36,0,0,0
1,CS20->US44,0,0,0
1,CS20->US52,27363,27363,0
1,CS20->US60,0,0,0
1,CS20->US68,0,0,0
1,CS20->US76,0,0,0
1,CS20->US84,0,0,0
1,CS20->US92,0,0,0
1,CS20->US100,0,0,0
1,CS20->US108,0,0,0
1,CS20->US116,0,0,0
1,CS20->US124,0,0,0
1,CS21->US5,27772,27771,0
1,CS21->US13,0,0,0
1,CS21->US21,0,0,0
1,CS21->US29,0,0,0
1,CS21->US37,0,0,0
1,CS21->US45,0,0,0
1,CS21->US53,27674,27673,0
1,CS21->US61,0,0,0
1,CS21->US69,0,0,0
1,CS21->US77,0,0,0
1,CS21->US85,0,0,0
1,CS21->US93,0,0,0
1,CS21->US101,0,0,0
1,CS21->US109,0,0,0
1,CS21->US117,0,0,0
1,CS21->US125,0,0,0
1,CS22->US6,27609,27609,0
1,CS22->US14,0,0,0
1,CS22->US22,0,0,0
1,CS22->US30,0,0,0
1,CS22->US38,0,0,0
1,CS22->US46,0,0,0
1,CS22->US54,27680,27679,0
1,CS22->US62,0,0,0
1,CS22->US70,0,0,0
1,CS22->US78,0,0,0
1,CS22->US86,0,0,0
1,CS22->US94,0,0,0
1,CS22->US102,0,0,0
1,CS22->US110,0,0,0
1,CS22->US118,0,0,0
1,CS22->US126,0,0,0
1,CS23->US7,27870,27869,0
1,CS23->US15,0,0,0
1,CS23->US23,0,0,0
1,CS23->US31,0,0,0
1,CS23->US39,0,0,0
1,CS23->US47,0,0,0
1,CS23->US55,27652,27650,0
1,CS23->US63,0,0,0
1,CS23->US71,0,0,0
1,CS23->US79,0,0,0
1,CS23->US87,0,0,0
1,CS23->US95,0,0,0
1,CS23->US103,0,0,0
1,CS23->US111,0,0,0
1,CS23->US119,0,0,0
1,CS23->US127,0,0,0
1,CS24->US0,27928,27927,0
1,CS24->US8,0,0,0
1,CS24->US16,0,0,0
1,CS24->US24,0,0,0
1,CS24->US32,0,0,0
1,CS24->US40,0,0,0
1,CS24->US48,27548,27547,0
1,CS24->US56,0,0,0
1,CS24->US64,0,0,0
1,CS24->US72,0,0,0
1,CS24->US80,0,0,0
1,CS24->US88,0,0,0
1,CS24->US96,0,0,0
1,CS24->US104,0,0,0
1,CS24->US112,0,0,0
1,CS24->US120,0,0,0
1,CS25->US1,27730,27730,0
1,CS25->US9,0,0,0
1,CS25->US17,0,0,0
1,CS25->US25,0,0,0
1,CS25->US33,0,0,0
1,CS25->US41,0,0,0
1,CS25->US49,27803,27803,0
1,CS25->US57,0,0,0
1,CS25->US65,0,0,0
1,CS25->US73,0,0,0
1,CS25->US81,0,0,0
1,CS25->US89,0,0,0
1,CS25->US97,0,0,0
1,CS25->US105,0,0,0
1,CS25->US113,0,0,0
1,CS25->US121,0,0,0
1,CS26->US2,27884,27884,0
1,CS26->US10,0,0,0
1,CS26->US18,0,0,0
1,CS26->US26,0,0,0
1,CS26->US34,0,0,0
1,CS26->US42,0,0,0
1,CS26->US50,27430,27429,0
1,CS26->US58,0,0,0
1,CS26->US66,0,0,0
1,CS26->US74,0,0,0
1,CS26->US82,0,0,0
1,CS26->US90,0,0,0
1,CS26->US98,0,0,0
1,CS26->US106,0,0,0
1,CS26->US114,0,0,0
1,CS26->US122,0,0,0
1,CS27->US3,27718,27718,0
1,CS27->US11,0,0,0
1,CS27->US19,0,0,0
1,CS27->US27,0,0,0
1,CS27->US35,0,0,0
1,CS27->US43,0,0,0
1,CS27->US51,27442,27442,0
1,CS27->US59,0,0,0
1,CS27->US67,0,0,0
1,CS27->US75,0,0,0
1,CS27->US83,0,0,0
1,CS27->US91,0,0,0
1,CS27->US99,0,0,0
1,CS27->US107,0,0,0
1,CS27->US115,0,0,0
1,CS27->US123,0,0,0
1,CS28->US4,27637,27637,0
1,CS28->US12,0,0,0
1,CS28->US20,0,0,0
1,CS28->US28,0,0,0
1,CS28->US36,0,0,0
1,CS28->US44,0,0,0
1,CS28->US52,27765,27763,0
1,CS28->US60,0,0,0
1,CS28->US68,0,0,0
1,CS28->US76,0,0,0
1,CS28->US84,0,0,0
1,CS28->US92,0,0,0
1,CS28->US100,0,0,0
1,CS28->US108,0,0,0
1,CS28->US116,0,0,0
1,CS28->US124,0,0,0
1,CS29->US5,27622,27622,0
1,CS29->US13,0,0,0
1,CS29->US21,0,0,0
1,CS29->US29,0,0,0
1,CS29->US37,0,0,0
1,CS29->US45,0,0,0
1,CS29->US53,27817,27817,0
1,CS29->US61,0,0,0
1,CS29->US69,0,0,0
1,CS29->US77,0,0,0
1,CS29->US85,0,0,0
1,CS29->US93,0,0,0
1,CS29->US101,0,0,0
1,CS29->US109,0,0,0
1,CS29->US117,0,0,0
1,CS29->US125,0,0,0
1,CS30->US6,27933,27932,0
1,CS30->US14,0,0,0
1,CS30->US22,0,0,0
1,CS30->US30,0,0,0
1,CS30->US38,0,0,0
1,CS30->US46,0,0,0
1,CS30->US54,27746,27746,0
1,CS30->US62,0,0,0
1,CS30->US70,0,0,0
1,CS30->US78,0,0,0
1,CS30->US86,0,0,0
1,CS30->US94,0,0,0
1,CS30->US102,0,0,0
1,CS30->US110,0,0,0
1,CS30->US118,0,0,0
1,CS30->US126,0,0,0
1,CS31->US7,28116,28116,0
1,CS31->US15,0,0,0
1,CS31->US23,0,0,0
1,CS31->US31,0,0,0
1,CS31->US39,0,0,0
1,CS31->US47,0,0,0
1,CS31->US55,27593,27592,0
1,CS31->US63,0,0,0
1,CS31->US71,0,0,0
1,CS31->US79,0,0,0
1,CS31->US87,0,0,0
1,CS31->US95,0,0,0
1,CS31->US103,0,0,0
1,CS31->US111,0,0,0
1,CS31->US119,0,0,0
1,CS31->US127,0,0,0
1,CS32->US0,27786,27785,0
1,CS32->US8,0,0,0
1,CS32->US16,0,0,0
1,CS32->US24,0,0,0
1,CS32->US32,0,0,0
1,CS32->US40,0,0,0
1,CS32->US48,27736,27735,0
1,CS32->US56,0,0,0
1,CS32->US64,0,0,0
1,CS32->US72,0,0,0
1,CS32->US80,0,0,0
1,CS32->US88,0,0,0
1,CS32->US96,0,0,0
1,CS32->US104,0,0,0
1,CS32->US112,0,0,0
1,CS32->US120,0,0,0
1,CS33->US1,27846,27846,0
1,CS33->US9,0,0,0
1,CS33->US17,0,0,0
1,CS33->US25,0,0,0
1,CS33->US33,0,0,0
1,CS33->US41,0,0,0
1,CS33->US49,27691,27691,0
1,CS33->US57,0,0,0
1,CS33->US65,0,0,0
1,CS33->US73,0,0,0
1,CS33->US81,0,0,0
1,CS33->US89,0,0,0
1,CS33->US97,0,0,0
1,CS33->US105,0,0,0
1,CS33->US113,0,0,0
1,CS33->US121,0,0,0
1,CS34->US2,27508,27508,0
1,CS34->US10,0,0,0
1,CS34->US18,0,0,0
1,CS34->US26,0,0,0
1,CS34->US34,0,0,0
1,CS34->US42,0,0,0
1,CS34->US50,27807,27807,0
1,CS34->US58,0,0,0
1,CS34->US66,0,0,0
1,CS34->US74,0,0,0
1,CS34->US82,0,0,0
1,CS34->US90,0,0,0
1,CS34->US98,0,0,0
1,CS34->US106,0,0,0
1,CS34->US114,0,0,0
1,CS34->US122,0,0,0
1,CS35->US3,27871,27871,0
1,CS35->US11,0,0,0
1,CS35->US19,0,0,0
1,CS35->US27,0,0,0
1,CS35->US35,0,0,0
1,CS35->US43,0,0,0
1,CS35->US51,27848,27847,0
1,CS35->US59,0,0,0
1,CS35->US67,0,0,0
1,CS35->US75,0,0,0
1,CS35->US83,0,0,0
1,CS35->US91,0,0,0
1,CS35->US99,0,0,0
1,CS35->US107,0,0,0
1,CS35->US115,0,0,0
1,CS35->US123,0,0,0
1,CS36->US4,27918,27918,0
1,CS36->US12,0,0,0
1,CS36->US20,0,0,0
1,CS36->US28,0,0,0
1,CS36->US36,0,0,0
1,CS36->US44,0,0,0
1,CS36->US52,27760,27759,0
1,CS36->US60,0,0,0
1,CS36->US68,0,0,0
1,CS36->US76,0,0,0
1,CS36->US84,0,0,0
1,CS36->US92,0,0,0
1,CS36->US100,0,0,0
1,CS36->US108,0,0,0
1,CS36->US116,0,0,0
1,CS36->US124,0,0,0
1,CS37->US5,27769,27769,0
1,CS37->US13,0,0,0
1,CS37->US21,0,0,0
1,CS37->US29,0,0,0
1,CS37->US37,0,0,0
1,CS37->US45,0,0,0
1,CS37->US53,27371,27371,0
1,CS37->US61,0,0,0
1,CS37->US69,0,0,0
1,CS37->US77,0,0,0
1,CS37->US85,0,0,0
1,CS37->US93,0,0,0
1,CS37->US101,0,0,0
1,CS37->US109,0,0,0
1,CS37->US117,0,0,0
1,CS37->US125,0,0,0
1,CS38->US6,27729,27729,0
1,CS38->US14,0,0,0
1,CS38->US22,0,0,0
1,CS38->US30,0,0,0
1,CS38->US38,0,0,0
1,CS38->US46,0,0,0
1,CS38->US54,27927,27927,0
1,CS38->US62,0,0,0
1,CS38->US70,0,0,0
1,CS38->US78,0,0,0
1,CS38->US86,0,0,0
1,CS38->US94,0,0,0
1,CS38->US102,0,0,0
1,CS38->US110,0,0,0
1,CS38->US118,0,0,0
1,CS38->US126,0,0,0
1,CS39->US7,27921,27921,0
1,CS39->US15,0,0,0
1,CS39->US23,0,0,0
1,CS39->US31,0,0,0
1,CS39->US39,0,0,0
1,CS39->US47,0,0,0
1,CS39->US55,27708,27707,0
1,CS39->US63,0,0,0
1,CS39->US71,0,0,0
1,CS39->US79,0,0,0
1,CS39->US87,0,0,0
1,CS39->US95,0,0,0
1,CS39->US103,0,0,0
1,CS39->US111,0,0,0
1,CS39->US119,0,0,0
1,CS39->US127,0,0,0
1,CS40->US0,27510,27509,0
1,CS40->US8,0,0,0
1,CS40->US16,0,0,0
1,CS40->US24,0,0,0
1,CS40->US32,0,0,0
1,CS40->US40,0,0,0
1,CS40->US48,27647,27646,0
1,CS40->US56,0,0,0
1,CS40->US64,0,0,0
1,CS40->US72,0,0,0
1,CS40->US80,0,0,0
1,CS40->US88,0,0,0
1,CS40->US96,0,0,0
1,CS40->US104,0,0,0
1,CS40->US112,0,0,0
1,CS40->US120,0,0,0
1,CS41->US1,27809,27807,0
1,CS41->US9,0,0,0
1,CS41->US17,0,0,0
1,CS41->US25,0,0,0
1,CS41->US33,0,0,0
1,CS41->US41,0,0,0
1,CS41->US49,27752,27750,0
1,CS41->US57,0,0,0
1,CS41->US65,0,0,0
1,CS41->US73,0,0,0
1,CS41->US81,0,0,0
1,CS41->US89,0,0,0
1,CS41->US97,0,0,0
1,CS41->US105,0,0,0
1,CS41->US113,0,0,0
1,CS41->US121,0,0,0
1,CS42->US2,27662,27661,0
1,CS42->US10,0,0,0
1,CS42->US18,0,0,0
1,CS42->US26,0,0,0
1,CS42->US34,0,0,0
1,CS42->US42,0,0,0
1,CS42->US50,27951,27951,0
1,CS42->US58,0,0,0
1,CS42->US66,0,0,0
1,CS42->US74,0,0,0
1,CS42->US82,0,0,0
1,CS42->US90,0,0,0
1,CS42->US98,0,0,0
1,CS42->US106,0,0,0
1,CS42->US114,0,0,0
1,CS42->US122,0,0,0
1,CS43->US3,27586,27585,0
1,CS43->US11,0,0,0
1,CS43->US19,0,0,0
1,CS43->US27,0,0,0
1,CS43->US35,0,0,0
1,CS43->US43,0,0,0
1,CS43->US51,27733,27733,0
1,CS43->US59,0,0,0
1,CS43->US67,0,0,0
1,CS43->US75,0,0,0
1,CS43->US83,0,0,0
1,CS43->US91,0,0,0
1,CS43->US99,0,0,0
1,CS43->US107,0,0,0
1,CS43->US115,0,0,0
1,CS43->US123,0,0,0
1,CS44->US4,27566,27566,0
1,CS44->US12,0,0,0
1,CS44->US20,0,0,0
1,CS44->US28,0,0,0
1,CS44->US36,0,0,0
1,CS44->US44,0,0,0
1,CS44->US52,27853,27852,0
1,CS44->US60,0,0,0
1,CS44->US68,0,0,0
1,CS44->US76,0,0,0
1,CS44->US84,0,0,0
1,CS44->US92,0,0,0
1,CS44->US100,0,0,0
1,CS44->US108,0,0,0
1,CS44->US116,0,0,0
1,CS44->US124,0,0,0
1,CS45->US5,27500,27500,0
1,CS45->US13,0,0,0
1,CS45->US21,0,0,0
1,CS45->US29,0,0,0
1,CS45->US37,0,0,0
1,CS45->US45,0,0,0
1,CS45->US53,27664,27664,0
1,CS45->US61,0,0,0
1,CS45->US69,0,0,0
1,CS45->US77,0,0,0
1,CS45->US85,0,0,0
1,CS45->US93,0,0,0
1,CS45->US101,0,0,0
1,CS45->US109,0,0,0
1,CS45->US117,0,0,0
1,CS45->US125,0,0,0
1,CS46->US6,27561,27559,0
1,CS46->US14,0,0,0
1,CS46->US22,0,0,0
1,CS46->US30,0,0,0
1,CS46->US38,0,0,0
1,CS46->US46,0,0,0
1,CS46->US54,27736,27735,0
1,CS46->US62,0,0,0
1,CS46->US70,0,0,0
1,CS46->US78,0,0,0
1,CS46->US86,0,0,0
1,CS46->US94,0,0,0
1,CS46->US102,0,0,0
1,CS46->US110,0,0,0
1,CS46->US118,0,0,0
1,CS46->US126,0,0,0
1,CS47->US7,27840,27840,0
1,CS47->US15,0,0,0
1,CS47->US23,0,0,0
1,CS47->US31,0,0,0
1,CS47->US39,0,0,0
1,CS47->US47,0,0,0
1,CS47->US55,27647,27647,0
1,CS47->US63,0,0,0
1,CS47->US71,0,0,0
1,CS47->US79,0,0,0
1,CS47->US87,0,0,0
1,CS47->US95,0,0,0
1,CS47->US103,0,0,0
1,CS47->US111,0,0,0
1,CS47->US119,0,0,0
1,CS47->US127,0,0,0
1,CS48->US0,27797,27797,0
1,CS48->US8,0,0,0
1,CS48->US16,0,0,0
1,CS48->US24,0,0,0
1,CS48->US32,0,0,0
1,CS48->US40,0,0,0
1,CS48->US48,27880,27880,0
1,CS48->US56,0,0,0
1,CS48->US64,0,0,0
1,CS48->US72,0,0,0
1,CS48->US80,0,0,0
1,CS48->US88,0,0,0
1,CS48->US96,0,0,0
1,CS48->US104,0,0,0
1,CS48->US112,0,0,0
1,CS48->US120,0,0,0
1,CS49->US1,27742,27742,0
1,CS49->US9,0,0,0
1,CS49->US17,0,0,0
1,CS49->US25,0,0,0
1,CS49->US33,0,0,0
1,CS49->US41,0,0,0
1,CS49->US49,27781,27781,0
1,CS49->US57,0,0,0
1,CS49->US65,0,0,0
1,CS49->US73,0,0,0
1,CS49->US81,0,0,0
1,CS49->US89,0,0,0
1,CS49->US97,0,0,0
1,CS49->US105,0,0,0
1,CS49->US113,0,0,0
1,CS49->US121,0,0,0
1,CS50->US2,27739,27739,0
1,CS50->US10,0,0,0
1,CS50->US18,0,0,0
1,CS50->US26,0,0,0
1,CS50->US34,0,0,0
1,CS50->US42,0,0,0
1,CS50->US50,27678,27677,0
1,CS50->US58,0,0,0
1,CS50->US66,0,0,0
1,CS50->US74,0,0,0
1,CS50->US82,0,0,0
1,CS50->US90,0,0,0
1,CS50->US98,0,0,0
1,CS50->US106,0,0,0
1,CS50->US114,0,0,0
1,CS50->US122,0,0,0
1,CS51->US3,27648,27648,0
1,CS51->US11,0,0,0
1,CS51->US19,0,0,0
1,CS51->US27,0,0,0
1,CS51->US35,0,0,0
1,CS51->US43,0,0,0
1,CS51->US51,27634,27633,0
1,CS51->US59,0,0,0
1,CS51->US67,0,0,0
1,CS51->US75,0,0,0
1,CS51->US83,0,0,0
1,CS51->US91,0,0,0
1,CS51->US99,0,0,0
1,CS51->US107,0,0,0
1,CS51->US115,0,0,0
1,CS51->US123,0,0,0
1,CS52->US4,27723,27723,0
1,CS52->US12,0,0,0
1,CS52->US20,0,0,0
1,CS52->US28,0,0,0
1,CS52->US36,0,0,0
1,CS52->US44,0,0,0
1,CS52->US52,27534,27532,0
1,CS52->US60,0,0,0
1,CS52->US68,0,0,0
1,CS52->US76,0,0,0
1,CS52->US84,0,0,0
1,CS52->US92,0,0,0
1,CS52->US100,0,0,0
1,CS52->US108,0,0,0
1,CS52->US116,0,0,0
1,CS52->US124,0,0,0
1,CS53->US5,27716,27716,0
1,CS53->US13,0,0,0
1,CS53->US21,0,0,0
1,CS53->US29,0,0,0
1,CS53->US37,0,0,0
1,CS53->US45,0,0,0
1,CS53->US53,27722,27722,0
1,CS53->US61,0,0,0
1,CS53->US69,0,0,0
1,CS53->US77,0,0,0
1,CS53->US85,0,0,0
1,CS53->US93,0,0,0
1,CS53->US101,0,0,0
1,CS53->US109,0,0,0
1,CS53->US117,0,0,0
1,CS53->US125,0,0,0
1,CS54->US6,27882,27882,0
1,CS54->US14,0,0,0
1,CS54->US22,0,0,0
1,CS54->US30,0,0,0
1,CS54->US38,0,0,0
1,CS54->US46,0,0,0
1,CS54->US54,27950,27950,0
1,CS54->US62,0,0,0
1,CS54->US70,0,0,0
1,CS54->US78,0,0,0
1,CS54->US86,0,0,0
1,CS54->US94,0,0,0
1,CS54->US102,0,0,0
1,CS54->US110,0,0,0
1,CS54->US118,0,0,0
1,CS54->US126,0,0,0
1,CS55->US7,27823,27823,0
1,CS55->US15,0,0,0
1,CS55->US23,0,0,0
1,CS55->US31,0,0,0
1,CS55->US39,0,0,0
1,CS55->US47,0,0,0
1,CS55->US55,27875,27875,0
1,CS55->US63,0,0,0
1,CS55->US71,0,0,0
1,CS55->US79,0,0,0
1,CS55->US87,0,0,0
1,CS55->US95,0,0,0
1,CS55->US103,0,0,0
1,CS55->US111,0,0,0
1,CS55->US119,0,0,0
1,CS55->US127,0,0,0
1,CS56->US0,27799,27799,0
1,CS56->US8,0,0,0
1,CS56->US16,0,0,0
1,CS56->US24,0,0,0
1,CS56->US32,0,0,0
1,CS56->US40,0,0,0
1,CS56->US48,27418,27418,0
1,CS56->US56,0,0,0
1,CS56->US64,0,0,0
1,CS56->US72,0,0,0
1,CS56->US80,0,0,0
1,CS56->US88,0,0,0
1,CS56->US96,0,0,0
1,CS56->US104,0,0,0
1,CS56->US112,0,0,0
1,CS56->US120,0,0,0
1,CS57->US1,27718,27718,0
1,CS57->US9,0,0,0
1,CS57->US17,0,0,0
1,CS57->US25,0,0,0
1,CS57->US33,0,0,0
1,CS57->US41,0,0,0
1,CS57->US49,27701,27701,0
1,CS57->US57,0,0,0
1,CS57->US65,0,0,0
1,CS57->US73,0,0,0
1,CS57->US81,0,0,0
1,CS57->US89,0,0,0
1,CS57->US97,0,0,0
1,CS57->US105,0,0,0
1,CS57->US113,0,0,0
1,CS57->US121,0,0,0
1,CS58->US2,27876,27875,0
1,CS58->US10,0,0,0
1,CS58->US18,0,0,0
1,CS58->US26,0,0,0
1,CS58->US34,0,0,0
1,CS58->US42,0,0,0
1,CS58->US50,27771,27771,0
1,CS58->US58,0,0,0
1,CS58->US66,0,0,0
1,CS58->US74,0,0,0
1,CS58->US82,0,0,0
1,CS58->US90,0,0,0
1,CS58->US98,0,0,0
1,CS58->US106,0,0,0
1,CS58->US114,0,0,0
1,CS58->US122,0,0,0
1,CS59->US3,27827,27827,0
1,CS59->US11,0,0,0
1,CS59->US19,0,0,0
1,CS59->US27,0,0,0
1,CS59->US35,0,0,0
1,CS59->US43,0,0,0
1,CS59->US51,27585,27585,0
1,CS59->US59,0,0,0
1,CS59->US67,0,0,0
1,CS59->US75,0,0,0
1,CS59->US83,0,0,0
1,CS59->US91,0,0,0
1,CS59->US99,0,0,0
1,CS59->US107,0,0,0
1,CS59->US115,0,0,0
1,CS59->US123,0,0,0
1,CS60->US4,27686,27686,0
1,CS60->US12,0,0,0
1,CS60->US20,0,0,0
1,CS60->US28,0,0,0
1,CS60->US36,0,0,0
1,CS60->US44,0,0,0
1,CS60->US52,27454,27454,0
1,CS60->US60,0,0,0
1,CS60->US68,0,0,0
1,CS60->US76,0,0,0
1,CS60->US84,0,0,0
1,CS60->US92,0,0,0
1,CS60->US100,0,0,0
1,CS60->US108,0,0,0
1,CS60->US116,0,0,0
1,CS60->US124,0,0,0
1,CS61->US5,27901,27901,0
1,CS61->US13,0,0,0
1,CS61->US21,0,0,0
1,CS61->US29,0,0,0
1,CS61->US37,0,0,0
1,CS61->US45,0,0,0
1,CS61->US53,27549,27549,0
1,CS61->US61,0,0,0
1,CS61->US69,0,0,0
1,CS61->US77,0,0,0
1,CS61->US85,0,0,0
1,CS61->US93,0,0,0
1,CS61->US101,0,0,0
1,CS61->US109,0,0,0
1,CS61->US117,0,0,0
1,CS61->US125,0,0,0
1,CS62->US6,27879,27879,0
1,CS62->US14,0,0,0
1,CS62->US22,0,0,0
1,CS62->US30,0,0,0
1,CS62->US38,0,0,0
1,CS62->US46,0,0,0
1,CS62->US54,27982,27981,0
1,CS62->US62,0,0,0
1,CS62->US70,0,0,0
1,CS62->US78,0,0,0
1,CS62->US86,0,0,0
1,CS62->US94,0,0,0
1,CS62->US102,0,0,0
1,CS62->US110,0,0,0
1,CS62->US118,0,0,0
1,CS62->US126,0,0,0
1,CS63->US7,27311,27311,0
1,CS63->US15,0,0,0
1,CS63->US23,0,0,0
1,CS63->US31,0,0,0
1,CS63->US39,0,0,0
1,CS63->US47,0,0,0
1,CS63->US55,27716,27716,0
1,CS63->US63,0,0,0
1,CS63->US71,0,0,0
1,CS63->US79,0,0,0
1,CS63->US87,0,0,0
1,CS63->US95,0,0,0
1,CS63->US103,0,0,0
1,CS63->US111,0,0,0
1,CS63->US119,0,0,0
1,CS63->US127,0,0,0
2,US0->CS0,51365,51365,0
2,US0->CS8,51890,51890,0
2,US0->CS16,51386,51386,0
2,US0->CS24,51335,51335,0
2,US0->CS32,51276,51276,0
2,US0->CS40,50949,50949,0
2,US0->CS48,51926,51926,0
2,US0->CS56,51038,51038,0
2,US1->CS1,51496,51496,0
2,US1->CS9,51714,51714,0
2,US1->CS17,51651,51651,0
2,US1->CS25,51625,51625,0
2,US1->CS33,51580,51580,0
2,US1->CS41,51771,51771,0
2,US1->CS49,51787,51787,0
2,US1->CS57,51683,51683,0
2,US2->CS2,51463,51463,0
2,US2->CS10,51261,51261,0
2,US2->CS18,51344,51344,0
2,US2->CS26,51181,51181,0
2,US2->CS34,51470,51470,0
2,US2->CS42,51761,51761,0
2,US2->CS50,51485,51485,0
2,US2->CS58,51816,51816,0
2,US3->CS3,51092,51092,0
2,US3->CS11,51023,51023,0
2,US3->CS19,51387,51387,0
2,US3->CS27,51226,51226,0
2,US3->CS35,51486,51486,0
2,US3->CS43,51338,51338,0
2,US3->CS51,51572,51572,0
2,US3->CS59,51218,51218,0
2,US4->CS4,51317,51317,0
2,US4->CS12,51355,51355,0
2,US4->CS20,50958,50958,0
2,US4->CS28,51722,51722,0
2,US4->CS36,51599,51599,0
2,US4->CS44,51641,51641,0
2,US4->CS52,50891,50891,0
2,US4->CS60,51052,51052,0
2,US5->CS5,51153,51153,0
2,US5->CS13,51719,51719,0
2,US5->CS21,51617,51617,0
2,US5->CS29,51488,51488,0
2,US5->CS37,51028,51028,0
2,US5->CS45,51630,51630,0
2,US5->CS53,51377,51377,0
2,US5->CS61,51255,51255,0
2,US6->CS6,51485,51485,0
2,US6->CS14,51099,51099,0
2,US6->CS22,51414,51414,0
2,US6->CS30,51603,51603,0
2,US6->CS38,51543,51543,0
2,US6->CS46,51779,51779,0
2,US6->CS54,51777,51777,0
2,US6->CS62,51788,51788,0
2,US7->CS7,51665,51665,0
2,US7->CS15,51675,51675,0
2,US7->CS23,51742,51742,0
2,US7->CS31,51646,51646,0
2,US7->CS39,51602,51602,0
2,US7->CS47,51329,51329,0
2,US7->CS55,51811,51811,0
2,US7->CS63,51363,51363,0
2,US8->CS0,0,0,0
2,US8->CS8,0,0,0
2,US8->CS16,0,0,0
2,US8->CS24,0,0,0
2,US8->CS32,0,0,0
2,US8->CS40,0,0,0
2,US8->CS48,0,0,0
2,US8->CS56,0,0,0
2,US9->CS1,0,0,0
2,US9->CS9,0,0,0
2,US9->CS17,0,0,0
2,US9->CS25,0,0,0
2,US9->CS33,0,0,0
2,US9->CS41,0,0,0
2,US9->CS49,0,0,0
2,US9->CS57,0,0,0
2,US10->CS2,0,0,0
2,US10->CS10,0,0,0
2,US10->CS18,0,0,0
2,US10->CS26,0,0,0
2,US10->CS34,0,0,0
2,US10->CS42,0,0,0
2,US10->CS50,0,0,0
2,US10->CS58,0,0,0
2,US11->CS3,0,0,0
2,US11->CS11,0,0,0
2,US11->CS19,0,0,0
2,US11->CS27,0,0,0
2,US11->CS35,0,0,0
2,US11->CS43,0,0,0
2,US11->CS51,0,0,0
2,US11->CS59,0,0,0
2,US12->CS4,0,0,0
2,US12->CS12,0,0,0
2,US12->CS20,0,0,0
2,US12->CS28,0,0,0
2,US12->CS36,0,0,0
2,US12->CS44,0,0,0
2,US12->CS52,0,0,0
2,US12->CS60,0,0,0
2,US13->CS5,0,0,0
2,US13->CS13,0,0,0
2,US13->CS21,0,0,0
2,US13->CS29,0,0,0
2,US13->CS37,0,0,0
2,US13->CS45,0,0,0
2,US13->CS53,0,0,0
2,US13->CS61,0,0,0
2,US14->CS6,0,0,0
2,US14->CS14,0,0,0
2,US14->CS22,0,0,0
2,US14->CS30,0,0,0
2,US14->CS38,0,0,0
2,US14->CS46,0,0,0
2,US14->CS54,0,0,0
2,US14->CS62,0,0,0
2,US15->CS7,0,0,0
2,US15->CS15,0,0,0
2,US15->CS23,0,0,0
2,US15->CS31,0,0,0
2,US15->CS39,0,0,0
2,US15->CS47,0,0,0
2,US15->CS55,0,0,0
2,US15->CS63,0,0,0
2,US16->CS0,0,0,0
2,US16->CS8,0,0,0
2,US16->CS16,0,0,0
2,US16->CS24,0,0,0
2,US16->CS32,0,0,0
2,US16->CS40,0,0,0
2,US16->CS48,0,0,0
2,US16->CS56,0,0,0
2,US17->CS1,0,0,0
2,US17->CS9,0,0,0
2,US17->CS17,0,0,0
2,US17->CS25,0,0,0
2,US17->CS33,0,0,0
2,US17->CS41,0,0,0
2,US17->CS49,0,0,0
2,US17->CS57,0,0,0
2,US18->CS2,0,0,0
2,US18->CS10,0,0,0
2,US18->CS18,0,0,0
2,US18->CS26,0,0,0
2,US18->CS34,0,0,0
2,US18->CS42,0,0,0
2,US18->CS50,0,0,0
2,US18->CS58,0,0,0
2,US19->CS3,0,0,0
2,US19->CS11,0,0,0
2,US19->CS19,0,0,0
2,US19->CS27,0,0,0
2,US19->CS35,0,0,0
2,US19->CS43,0,0,0
2,US19->CS51,0,0,0
2,US19->CS59,0,0,0
2,US20->CS4,0,0,0
2,US20->CS12,0,0,0
2,US20->CS20,0,0,0
2,US20->CS28,0,0,0
2,US20->CS36,0,0,0
2,US20->CS44,0,0,0
2,US20->CS52,0,0,0
2,US20->CS60,0,0,0
2,US21->CS5,0,0,0
2,US21->CS13,0,0,0
2,US21->CS21,0,0,0
2,US21->CS29,0,0,0
2,US21->CS37,0,0,0
2,US21->CS45,0,0,0
2,US21->CS53,0,0,0
2,US21->CS61,0,0,0
2,US22->CS6,0,0,0
2,US22->CS14,0,0,0
2,US22->CS22,0,0,0
2,US22->CS30,0,0,0
2,US22->CS38,0,0,0
2,US22->CS46,0,0,0
2,US22->CS54,0,0,0
2,US22->CS62,0,0,0
2,US23->CS7,0,0,0
2,US23->CS15,0,0,0
2,US23->CS23,0,0,0
2,US23->CS31,0,0,0
2,US23->CS39,0,0,0
2,US23->CS47,0,0,0
2,US23->CS55,0,0,0
2,US23->CS63,0,0,0
2,US24->CS0,0,0,0
2,US24->CS8,0,0,0
2,US24->CS16,0,0,0
2,US24->CS24,0,0,0
2,US24->CS32,0,0,0
2,US24->CS40,0,0,0
2,US24->CS48,0,0,0
2,US24->CS56,0,0,0
2,US25->CS1,0,0,0
2,US25->CS9,0,0,0
2,US25->CS17,0,0,0
2,US25->CS25,0,0,0
2,US25->CS33,0,0,0
2,US25->CS41,0,0,0
2,US25->CS49,0,0,0
2,US25->CS57,0,0,0
2,US26->CS2,0,0,0
2,US26->CS10,0,0,0
2,US26->CS18,0,0,0
2,US26->CS26,0,0,0
2,US26->CS34,0,0,0
2,US26->CS42,0,0,0
2,US26->CS50,0,0,0
2,US26->CS58,0,0,0
2,US27->CS3,0,0,0
2,US27->CS11,0,0,0
2,US27->CS19,0,0,0
2,US27->CS27,0,0,0
2,US27->CS35,0,0,0
2,US27->CS43,0,0,0
2,US27->CS51,0,0,0
2,US27->CS59,0,0,0
2,US28->CS4,0,0,0
2,US28->CS12,0,0,0
2,US28->CS20,0,0,0
2,US28->CS28,0,0,0
2,US28->CS36,0,0,0
2,US28->CS44,0,0,0
2,US28->CS52,0,0,0
2,US28->CS60,0,0,0
2,US29->CS5,0,0,0
2,US29->CS13,0,0,0
2,US29->CS21,0,0,0
2,US29->CS29,0,0,0
2,US29->CS37,0,0,0
2,US29->CS45,0,0,0
2,US29->CS53,0,0,0
2,US29->CS61,0,0,0
2,US30->CS6,0,0,0
2,US30->CS14,0,0,0
2,US30->CS22,0,0,0
2,US30->CS30,0,0,0
2,US30->CS38,0,0,0
2,US30->CS46,0,0,0
2,US30->CS54,0,0,0
2,US30->CS62,0,0,0
2,US31->CS7,0,0,0
2,US31->CS15,0,0,0
2,US31->CS23,0,0,0
2,US31->CS31,0,0,0
2,US31->CS39,0,0,0
2,US31->CS47,0,0,0
2,US31->CS55,0,0,0
2,US31->CS63,0,0,0
2,US32->CS0,0,0,0
2,US32->CS8,0,0,0
2,US32->CS16,0,0,0
2,US32->CS24,0,0,0
2,US32->CS32,0,0,0
2,US32->CS40,0,0,0
2,US32->CS48,0,0,0
2,US32->CS56,0,0,0
2,US33->CS1,0,0,0
2,US33->CS9,0,0,0
2,US33->CS17,0,0,0
2,US33->CS25,0,0,0
2,US33->CS33,0,0,0
2,US33->CS41,0,0,0
2,US33->CS49,0,0,0
2,US33->CS57,0,0,0
2,US34->CS2,0,0,0
2,US34->CS10,0,0,0
2,US34->CS18,0,0,0
2,US34->CS26,0,0,0
2,US34->CS34,0,0,0
2,US34->CS42,0,0,0
2,US34->CS50,0,0,0
2,US34->CS58,0,0,0
2,US35->CS3,0,0,0
2,US35->CS11,0,0,0
2,US35->CS19,0,0,0
2,US35->CS27,0,0,0
2,US35->CS35,0,0,0
2,US35->CS43,0,0,0
2,US35->CS51,0,0,0
2,US35->CS59,0,0,0
2,US36->CS4,0,0,0
2,US36->CS12,0,0,0
2,US36->CS20,0,0,0
2,US36->CS28,0,0,0
2,US36->CS36,0,0,0
2,US36->CS44,0,0,0
2,US36->CS52,0,0,0
2,US36->CS60,0,0,0
2,US37->CS5,0,0,0
2,US37->CS13,0,0,0
2,US37->CS21,0,0,0
2,US37->CS29,0,0,0
2,US37->CS37,0,0,0
2,US37->CS45,0,0,0
2,US37->CS53,0,0,0
2,US37->CS61,0,0,0
2,US38->CS6,0,0,0
2,US38->CS14,0,0,0
2,US38->CS22,0,0,0
2,US38->CS30,0,0,0
2,US38->CS38,0,0,0
2,US38->CS46,0,0,0
2,US38->CS54,0,0,0
2,US38->CS62,0,0,0
2,US39->CS7,0,0,0
2,US39->CS15,0,0,0
2,US39->CS23,0,0,0
2,US39->CS31,0,0,0
2,US39->CS39,0,0,0
2,US39->CS47,0,0,0
2,US39->CS55,0,0,0
2,US39->CS63,0,0,0
2,US40->CS0,11793,11792,0
2,US40->CS8,11851,11850,0
2,US40->CS16,11855,11855,0
2,US40->CS24,11788,11787,0
2,US40->CS32,12036,12035,0
2,US40->CS40,11730,11730,0
2,US40->CS48,11946,11946,0
2,US40->CS56,11804,11804,0
2,US41->CS1,11825,11824,0
2,US41->CS9,11679,11679,0
2,US41->CS17,11852,11852,0
2,US41->CS25,11857,11854,0
2,US41->CS33,11753,11752,0
2,US41->CS41,11780,11780,0
2,US41->CS49,11725,11724,0
2,US41->CS57,11826,11825,0
2,US42->CS2,11798,11798,0
2,US42->CS10,11767,11766,0
2,US42->CS18,11994,11994,0
2,US42->CS26,11788,11788,0
2,US42->CS34,11886,11885,0
2,US42->CS42,11969,11969,0
2,US42->CS50,12016,12015,0
2,US42->CS58,11602,11602,0
2,US43->CS3,11865,11865,0
2,US43->CS11,11672,11671,0
2,US43->CS19,11927,11926,0
2,US43->CS27,11866,11866,0
2,US43->CS35,11793,11793,0
2,US43->CS43,11874,11874,0
2,US43->CS51,11842,11841,0
2,US43->CS59,11939,11939,0
2,US44->CS4,11749,11749,0
2,US44->CS12,11824,11823,0
2,US44->CS20,12055,12055,0
2,US44->CS28,11807,11806,0
2,US44->CS36,11808,11807,0
2,US44->CS44,11849,11849,0
2,US44->CS52,11963,11963,0
2,US44->CS60,11843,11843,0
2,US45->CS5,11909,11909,0
2,US45->CS13,11916,11915,0
2,US45->CS21,11811,11810,0
2,US45->CS29,11757,11756,0
2,US45->CS37,11797,11796,0
2,US45->CS45,11716,11716,0
2,US45->CS53,11911,11911,0
2,US45->CS61,11757,11756,0
2,US46->CS6,11849,11847,0
2,US46->CS14,11785,11784,0
2,US46->CS22,11851,11851,0
2,US46->CS30,12021,12021,0
2,US46->CS38,11798,11797,0
2,US46->CS46,11752,11752,0
2,US46->CS54,11770,11770,0
2,US46->CS62,11745,11745,0
2,US47->CS7,11807,11806,0
2,US47->CS15,11963,11963,0
2,US47->CS23,11953,11953,0
2,US47->CS31,11808,11807,0
2,US47->CS39,11887,11887,0
2,US47->CS47,11811,11811,0
2,US47->CS55,11878,11878,0
2,US47->CS63,11936,11936,0
2,US48->CS0,51884,51884,0
2,US48->CS8,51798,51798,0
2,US48->CS16,51345,51345,0
2,US48->CS24,51780,51780,0
2,US48->CS32,51464,51464,0
2,US48->CS40,51353,51353,0
2,US48->CS48,51811,51811,0
2,US48->CS56,51534,51534,0
2,US49->CS1,51129,51129,0
2,US49->CS9,50698,50698,0
2,US49->CS17,51559,51559,0
2,US49->CS25,51518,51518,0
2,US49->CS33,51413,51413,0
2,US49->CS41,51571,51571,0
2,US49->CS49,51519,51519,0
2,US49->CS57,51307,51307,0
2,US50->CS2,51617,51617,0
2,US50->CS10,51562,51562,0
2,US50->CS18,51560,51560,0
2,US50->CS26,51595,51595,0
2,US50->CS34,51122,51122,0
2,US50->CS42,51347,51347,0
2,US50->CS50,51420,51420,0
2,US50->CS58,51780,51780,0
2,US51->CS3,51334,51334,0
2,US51->CS11,51178,51178,0
2,US51->CS19,51035,51035,0
2,US51->CS27,51488,51488,0
2,US51->CS35,51598,51598,0
2,US51->CS43,51143,51143,0
2,US51->CS51,51428,51428,0
2,US51->CS59,51456,51456,0
2,US52->CS4,51423,51423,0
2,US52->CS12,51533,51533,0
2,US52->CS20,51473,51473,0
2,US52->CS28,51179,51179,0
2,US52->CS36,51523,51523,0
2,US52->CS44,51129,51129,0
2,US52->CS52,51253,51253,0
2,US52->CS60,51122,51122,0
2,US53->CS5,51752,51752,0
2,US53->CS13,51384,51384,0
2,US53->CS21,51363,51363,0
2,US53->CS29,51277,51277,0
2,US53->CS37,51658,51658,0
2,US53->CS45,51165,51165,0
2,US53->CS53,51433,51433,0
2,US53->CS61,51813,51813,0
2,US54->CS6,50898,50898,0
2,US54->CS14,51351,51351,0
2,US54->CS22,51328,51328,0
2,US54->CS30,51580,51580,0
2,US54->CS38,51538,51538,0
2,US54->CS46,51005,51005,0
2,US54->CS54,51601,51601,0
2,US54->CS62,51344,51344,0
2,US55->CS7,51556,51556,0
2,US55->CS15,51576,51576,0
2,US55->CS23,51771,51771,0
2,US55->CS31,51919,51919,0
2,US55->CS39,51473,51473,0
2,US55->CS47,51402,51402,0
2,US55->CS55,51648,51648,0
2,US55->CS63,50896,50896,0
2,US56->CS0,0,0,0
2,US56->CS8,0,0,0
2,US56->CS16,0,0,0
2,US56->CS24,0,0,0
2,US56->CS32,0,0,0
2,US56->CS40,0,0,0
2,US56->CS48,0,0,0
2,US56->CS56,0,0,0
2,US57->CS1,0,0,0
2,US57->CS9,0,0,0
2,US57->CS17,0,0,0
2,US57->CS25,0,0,0
2,US57->CS33,0,0,0
2,US57->CS41,0,0,0
2,US57->CS49,0,0,0
2,US57->CS57,0,0,0
2,US58->CS2,0,0,0
2,US58->CS10,0,0,0
2,US58->CS18,0,0,0
2,US58->CS26,0,0,0
2,US58->CS34,0,0,0
2,US58->CS42,0,0,0
2,US58->CS50,0,0,0
2,US58->CS58,0,0,0
2,US59->CS3,0,0,0
2,US59->CS11,0,0,0
2,US59->CS19,0,0,0
2,US59->CS27,0,0,0
2,US59->CS35,0,0,0
2,US59->CS43,0,0,0
2,US59->CS51,0,0,0
2,US59->CS59,0,0,0
2,US60->CS4,0,0,0
2,US60->CS12,0,0,0
2,US60->CS20,0,0,0
2,US60->CS28,0,0,0
2,US60->CS36,0,0,0
2,US60->CS44,0,0,0
2,US60->CS52,0,0,0
2,US60->CS60,0,0,0
2,US61->CS5,0,0,0
2,US61->CS13,0,0,0
2,US61->CS21,0,0,0
2,US61->CS29,0,0,0
2,US61->CS37,0,0,0
2,US61->CS45,0,0,0
2,US61->CS53,0,0,0
2,US61->CS61,0,0,0
2,US62->CS6,0,0,0
2,US62->CS14,0,0,0
2,US62->CS22,0,0,0
2,US62->CS30,0,0,0
2,US62->CS38,0,0,0
2,US62->CS46,0,0,0
2,US62->CS54,0,0,0
2,US62->CS62,0,0,0
2,US63->CS7,0,0,0
2,US63->CS15,0,0,0
2,US63->CS23,0,0,0
2,US63->CS31,0,0,0
2,US63->CS39,0,0,0
2,US63->CS47,0,0,0
2,US63->CS55,0,0,0
2,US63->CS63,0,0,0
2,US64->CS0,0,0,0
2,US64->CS8,0,0,0
2,US64->CS16,0,0,0
2,US64->CS24,0,0,0
2,US64->CS32,0,0,0
2,US64->CS40,0,0,0
2,US64->CS48,0,0,0
2,US64->CS56,0,0,0
2,US65->CS1,0,0,0
2,US65->CS9,0,0,0
2,US65->CS17,0,0,0
2,US65->CS25,0,0,0
2,US65->CS33,0,0,0
2,US65->CS41,0,0,0
2,US65->CS49,0,0,0
2,US65->CS57,0,0,0
2,US66->CS2,0,0,0
2,US66->CS10,0,0,0
2,US66->CS18,0,0,0
2,US66->CS26,0,0,0
2,US66->CS34,0,0,0
2,US66->CS42,0,0,0
2,US66->CS50,0,0,0
2,US66->CS58,0,0,0
2,US67->CS3,0,0,0
2,US67->CS11,0,0,0
2,US67->CS19,0,0,0
2,US67->CS27,0,0,0
2,US67->CS35,0,0,0
2,US67->CS43,0,0,0
2,US67->CS51,0,0,0
2,US67->CS59,0,0,0
2,US68->CS4,0,0,0
2,US68->CS12,0,0,0
2,US68->CS20,0,0,0
2,US68->CS28,0,0,0
2,US68->CS36,0,0,0
2,US68->CS44,0,0,0
2,US68->CS52,0,0,0
2,US68->CS60,0,0,0
2,US69->CS5,0,0,0
2,US69->CS13,0,0,0
2,US69->CS21,0,0,0
2,US69->CS29,0,0,0
2,US69->CS37,0,0,0
2,US69->CS45,0,0,0
2,US69->CS53,0,0,0
2,US69->CS61,0,0,0
2,US70->CS6,0,0,0
2,US70->CS14,0,0,0
2,US70->CS22,0,0,0
2,US70->CS30,0,0,0
2,US70->CS38,0,0,0
2,US70->CS46,0,0,0
2,US70->CS54,0,0,0
2,US70->CS62,0,0,0
2,US71->CS7,0,0,0
2,US71->CS15,0,0,0
2,US71->CS23,0,0,0
2,US71->CS31,0,0,0
2,US71->CS39,0,0,0
2,US71->CS47,0,0,0
2,US71->CS55,0,0,0
2,US71->CS63,0,0,0
2,US72->CS0,0,0,0
2,US72->CS8,0,0,0
2,US72->CS16,0,0,0
2,US72->CS24,0,0,0
2,US72->CS32,0,0,0
2,US72->CS40,0,0,0
2,US72->CS48,0,0,0
2,US72->CS56,0,0,0
2,US73->CS1,0,0,0
2,US73->CS9,0,0,0
2,US73->CS17,0,0,0
2,US73->CS25,0,0,0
2,US73->CS33,0,0,0
2,US73->CS41,0,0,0
2,US73->CS49,0,0,0
2,US73->CS57,0,0,0
2,US74->CS2,0,0,0
2,US74->CS10,0,0,0
2,US74->CS18,0,0,0
2,US74->CS26,0,0,0
2,US74->CS34,0,0,0
2,US74->CS42,0,0,0
2,US74->CS50,0,0,0
2,US74->CS58,0,0,0
2,US75->CS3,0,0,0
2,US75->CS11,0,0,0
2,US75->CS19,0,0,0
2,US75->CS27,0,0,0
2,US75->CS35,0,0,0
2,US75->CS43,0,0,0
2,US75->CS51,0,0,0
2,US75->CS59,0,0,0
2,US76->CS4,0,0,0
2,US76->CS12,0,0,0
2,US76->CS20,0,0,0
2,US76->CS28,0,0,0
2,US76->CS36,0,0,0
2,US76->CS44,0,0,0
2,US76->CS52,0,0,0
2,US76->CS60,0,0,0
2,US77->CS5,0,0,0
2,US77->CS13,0,0,0
2,US77->CS21,0,0,0
2,US77->CS29,0,0,0
2,US77->CS37,0,0,0
2,US77->CS45,0,0,0
2,US77->CS53,0,0,0
2,US77->CS61,0,0,0
2,US78->CS6,0,0,0
2,US78->CS14,0,0,0
2,US78->CS22,0,0,0
2,US78->CS30,0,0,0
2,US78->CS38,0,0,0
2,US78->CS46,0,0,0
2,US78->CS54,0,0,0
2,US78->CS62,0,0,0
2,US79->CS7,0,0,0
2,US79->CS15,0,0,0
2,US79->CS23,0,0,0
2,US79->CS31,0,0,0
2,US79->CS39,0,0,0
2,US79->CS47,0,0,0
2,US79->CS55,0,0,0
2,US79->CS63,0,0,0
2,US80->CS0,0,0,0
2,US80->CS8,0,0,0
2,US80->CS16,0,0,0
2,US80->CS24,0,0,0
2,US80->CS32,0,0,0
2,US80->CS40,0,0,0
2,US80->CS48,0,0,0
2,US80->CS56,0,0,0
2,US81->CS1,0,0,0
2,US81->CS9,0,0,0
2,US81->CS17,0,0,0
2,US81->CS25,0,0,0
2,US81->CS33,0,0,0
2,US81->CS41,0,0,0
2,US81->CS49,0,0,0
2,US81->CS57,0,0,0
2,US82->CS2,0,0,0
2,US82->CS10,0,0,0
2,US82->CS18,0,0,0
2,US82->CS26,0,0,0
2,US82->CS34,0,0,0
2,US82->CS42,0,0,0
2,US82->CS50,0,0,0
2,US82->CS58,0,0,0
2,US83->CS3,0,0,0
2,US83->CS11,0,0,0
2,US83->CS19,0,0,0
2,US83->CS27,0,0,0
2,US83->CS35,0,0,0
2,US83->CS43,0,0,0
2,US83->CS51,0,0,0
2,US83->CS59,0,0,0
2,US84->CS4,0,0,0
2,US84->CS12,0,0,0
2,US84->CS20,0,0,0
2,US84->CS28,0,0,0
2,US84->CS36,0,0,0
2,US84->CS44,0,0,0
2,US84->CS52,0,0,0
2,US84->CS60,0,0,0
2,US85->CS5,0,0,0
2,US85->CS13,0,0,0
2,US85->CS21,0,0,0
2,US85->CS29,0,0,0
2,US85->CS37,0,0,0
2,US85->CS45,0,0,0
2,US85->CS53,0,0,0
2,US85->CS61,0,0,0
2,US86->CS6,0,0,0
2,US86->CS14,0,0,0
2,US86->CS22,0,0,0
2,US86->CS30,0,0,0
2,US86->CS38,0,0,0
2,US86->CS46,0,0,0
2,US86->CS54,0,0,0
2,US86->CS62,0,0,0
2,US87->CS7,0,0,0
2,US87->CS15,0,0,0
2,US87->CS23,0,0,0
2,US87->CS31,0,0,0
2,US87->CS39,0,0,0
2,US87->CS47,0,0,0
2,US87->CS55,0,0,0
2,US87->CS63,0,0,0
2,US88->CS0,0,0,0
2,US88->CS8,0,0,0
2,US88->CS16,0,0,0
2,US88->CS24,0,0,0
2,US88->CS32,0,0,0
2,US88->CS40,0,0,0
2,US88->CS48,0,0,0
2,US88->CS56,0,0,0
2,US89->CS1,0,0,0
2,US89->CS9,0,0,0
2,US89->CS17,0,0,0
2,US89->CS25,0,0,0
2,US89->CS33,0,0,0
2,US89->CS41,0,0,0
2,US89->CS49,0,0,0
2,US89->CS57,0,0,0
2,US90->CS2,0,0,0
2,US90->CS10,0,0,0
2,US90->CS18,0,0,0
2,US90->CS26,0,0,0
2,US90->CS34,0,0,0
2,US90->CS42,0,0,0
2,US90->CS50,0,0,0
2,US90->CS58,0,0,0
2,US91->CS3,0,0,0
2,US91->CS11,0,0,0
2,US91->CS19,0,0,0
2,US91->CS27,0,0,0
2,US91->CS35,0,0,0
2,US91->CS43,0,0,0
2,US91->CS51,0,0,0
2,US91->CS59,0,0,0
2,US92->CS4,0,0,0
2,US92->CS12,0,0,0
2,US92->CS20,0,0,0
2,US92->CS28,0,0,0
2,US92->CS36,0,0,0
2,US92->CS44,0,0,0
2,US92->CS52,0,0,0
2,US92->CS60,0,0,0
2,US93->CS5,0,0,0
2,US93->CS13,0,0,0
2,US93->CS21,0,0,0
2,US93->CS29,0,0,0
2,US93->CS37,0,0,0
2,US93->CS45,0,0,0
2,US93->CS53,0,0,0
2,US93->CS61,0,0,0
2,US94->CS6,0,0,0
2,US94->CS14,0,0,0
2,US94->CS22,0,0,0
2,US94->CS30,0,0,0
2,US94->CS38,0,0,0
2,US94->CS46,0,0,0
2,US94->CS54,0,0,0
2,US94->CS62,0,0,0
2,US95->CS7,0,0,0
2,US95->CS15,0,0,0
2,US95->CS23,0,0,0
2,US95->CS31,0,0,0
2,US95->CS39,0,0,0
2,US95->CS47,0,0,0
2,US95->CS55,0,0,0
2,US95->CS63,0,0,0
2,US96->CS0,0,0,0
2,US96->CS8,0,0,0
2,US96->CS16,0,0,0
2,US96->CS24,0,0,0
2,US96->CS32,0,0,0
2,US96->CS40,0,0,0
2,US96->CS48,0,0,0
2,US96->CS56,0,0,0
2,US97->CS1,0,0,0
2,US97->CS9,0,0,0
2,US97->CS17,0,0,0
2,US97->CS25,0,0,0
2,US97->CS33,0,0,0
2,US97->CS41,0,0,0
2,US97->CS49,0,0,0
2,US97->CS57,0,0,0
2,US98->CS2,0,0,0
2,US98->CS10,0,0,0
2,US98->CS18,0,0,0
2,US98->CS26,0,0,0
2,US98->CS34,0,0,0
2,US98->CS42,0,0,0
2,US98->CS50,0,0,0
2,US98->CS58,0,0,0
2,US99->CS3,0,0,0
2,US99->CS11,0,0,0
2,US99->CS19,0,0,0
2,US99->CS27,0,0,0
2,US99->CS35,0,0,0
2,US99->CS43,0,0,0
2,US99->CS51,0,0,0
2,US99->CS59,0,0,0
2,US100->CS4,0,0,0
2,US100->CS12,0,0,0
2,US100->CS20,0,0,0
2,US100->CS28,0,0,0
2,US100->CS36,0,0,0
2,US100->CS44,0,0,0
2,US100->CS52,0,0,0
2,US100->CS60,0,0,0
2,US101->CS5,0,0,0
2,US101->CS13,0,0,0
2,US101->CS21,0,0,0
2,US101->CS29,0,0,0
2,US101->CS37,0,0,0
2,US101->CS45,0,0,0
2,US101->CS53,0,0,0
2,US101->CS61,0,0,0
2,US102->CS6,0,0,0
2,US102->CS14,0,0,0
2,US102->CS22,0,0,0
2,US102->CS30,0,0,0
2,US102->CS38,0,0,0
2,US102->CS46,0,0,0
2,US102->CS54,0,0,0
2,US102->CS62,0,0,0
2,US103->CS7,0,0,0
2,US103->CS15,0,0,0
2,US103->CS23,0,0,0
2,US103->CS31,0,0,0
2,US103->CS39,0,0,0
2,US103->CS47,0,0,0
2,US103->CS55,0,0,0
2,US103->CS63,0,0,0
2,US104->CS0,0,0,0
2,US104->CS8,0,0,0
2,US104->CS16,0,0,0
2,US104->CS24,0,0,0
2,US104->CS32,0,0,0
2,US104->CS40,0,0,0
2,US104->CS48,0,0,0
2,US104->CS56,0,0,0
2,US105->CS1,0,0,0
2,US105->CS9,0,0,0
2,US105->CS17,0,0,0
2,US105->CS25,0,0,0
2,US105->CS33,0,0,0
2,US105->CS41,0,0,0
2,US105->CS49,0,0,0
2,US105->CS57,0,0,0
2,US106->CS2,0,0,0
2,US106->CS10,0,0,0
2,US106->CS18,0,0,0
2,US106->CS26,0,0,0
2,US106->CS34,0,0,0
2,US106->CS42,0,0,0
2,US106->CS50,0,0,0
2,US106->CS58,0,0,0
2,US107->CS3,0,0,0
2,US107->CS11,0,0,0
2,US107->CS19,0,0,0
2,US107->CS27,0,0,0
2,US107->CS35,0,0,0
2,US107->CS43,0,0,0
2,US107->CS51,0,0,0
2,US107->CS59,0,0,0
2,US108->CS4,0,0,0
2,US108->CS12,0,0,0
2,US108->CS20,0,0,0
2,US108->CS28,0,0,0
2,US108->CS36,0,0,0
2,US108->CS44,0,0,0
2,US108->CS52,0,0,0
2,US108->CS60,0,0,0
2,US109->CS5,0,0,0
2,US109->CS13,0,0,0
2,US109->CS21,0,0,0
2,US109->CS29,0,0,0
2,US109->CS37,0,0,0
2,US109->CS45,0,0,0
2,US109->CS53,0,0,0
2,US109->CS61,0,0,0
2,US110->CS6,0,0,0
2,US110->CS14,0,0,0
2,US110->CS22,0,0,0
2,US110->CS30,0,0,0
2,US110->CS38,0,0,0
2,US110->CS46,0,0,0
2,US110->CS54,0,0,0
2,US110->CS62,0,0,0
2,US111->CS7,0,0,0
2,US111->CS15,0,0,0
2,US111->CS23,0,0,0
2,US111->CS31,0,0,0
2,US111->CS39,0,0,0
2,US111->CS47,0,0,0
2,US111->CS55,0,0,0
2,US111->CS63,0,0,0
2,US112->CS0,11981,11981,0
2,US112->CS8,12088,12087,0
2,US112->CS16,11958,11956,0
2,US112->CS24,11879,11878,0
2,US112->CS32,11899,11898,0
2,US112->CS40,12132,12132,0
2,US112->CS48,11961,11961,0
2,US112->CS56,11913,11913,0
2,US113->CS1,11997,11997,0
2,US113->CS9,11910,11910,0
2,US113->CS17,12128,12126,0
2,US113->CS25,11859,11858,0
2,US113->CS33,11885,11885,0
2,US113->CS41,11966,11966,0
2,US113->CS49,12119,12119,0
2,US113->CS57,12153,12153,0
2,US114->CS2,12180,12180,0
2,US114->CS10,11762,11762,0
2,US114->CS18,11883,11881,0
2,US114->CS26,11838,11837,0
2,US114->CS34,11917,11915,0
2,US114->CS42,12037,12037,0
2,US114->CS50,11971,11971,0
2,US114->CS58,12170,12170,0
2,US115->CS3,11888,11888,0
2,US115->CS11,11884,11883,0
2,US115->CS19,11966,11965,0
2,US115->CS27,12051,12050,0
2,US115->CS35,11905,11905,0
2,US115->CS43,11983,11982,0
2,US115->CS51,11977,11977,0
2,US115->CS59,12058,12058,0
2,US116->CS4,12039,12039,0
2,US116->CS12,12189,12189,0
2,US116->CS20,12044,12044,0
2,US116->CS28,11903,11902,0
2,US116->CS36,12059,12059,0
2,US116->CS44,12123,12121,0
2,US116->CS52,12019,12019,0
2,US116->CS60,11939,11939,0
2,US117->CS5,11955,11954,0
2,US117->CS13,11884,11884,0
2,US117->CS21,12003,12002,0
2,US117->CS29,11862,11862,0
2,US117->CS37,12024,12024,0
2,US117->CS45,12026,12026,0
2,US117->CS53,12143,12142,0
2,US117->CS61,12128,12128,0
2,US118->CS6,12188,12188,0
2,US118->CS14,11934,11933,0
2,US118->CS22,11782,11781,0
2,US118->CS30,12077,12076,0
2,US118->CS38,12024,12024,0
2,US118->CS46,12038,12037,0
2,US118->CS54,11806,11806,0
2,US118->CS62,12168,12167,0
2,US119->CS7,11821,11821,0
2,US119->CS15,11784,11784,0
2,US119->CS23,12045,12045,0
2,US119->CS31,12052,12052,0
2,US119->CS39,11975,11974,0
2,US119->CS47,12093,12093,0
2,US119->CS55,12076,12075,0
2,US119->CS63,12074,12074,0
2,US120->CS0,0,0,0
2,US120->CS8,0,0,0
2,US120->CS16,0,0,0
2,US120->CS24,0,0,0
2,US120->CS32,0,0,0
2,US120->CS40,0,0,0
2,US120->CS48,0,0,0
2,US120->CS56,0,0,0
2,US121->CS1,0,0,0
2,US121->CS9,0,0,0
2,US121->CS17,0,0,0
2,US121->CS25,0,0,0
2,US121->CS33,0,0,0
2,US121->CS41,0,0,0
2,US121->CS49,0,0,0
2,US121->CS57,0,0,0
2,US122->CS2,0,0,0
2,US122->CS10,0,0,0
2,US122->CS18,0,0,0
2,US122->CS26,0,0,0
2,US122->CS34,0,0,0
2,US122->CS42,0,0,0
2,US122->CS50,0,0,0
2,US122->CS58,0,0,0
2,US123->CS3,0,0,0
2,US123->CS11,0,0,0
2,US123->CS19,0,0,0
2,US123->CS27,0,0,0
2,US123->CS35,0,0,0
2,US123->CS43,0,0,0
2,US123->CS51,0,0,0
2,US123->CS59,0,0,0
2,US124->CS4,0,0,0
2,US124->CS12,0,0,0
2,US124->CS20,0,0,0
2,US124->CS28,0,0,0
2,US124->CS36,0,0,0
2,US124->CS44,0,0,0
2,US124->CS52,0,0,0
2,US124->CS60,0,0,0
2,US125->CS5,0,0,0
2,US125->CS13,0,0,0
2,US125->CS21,0,0,0
2,US125->CS29,0,0,0
2,US125->CS37,0,0,0
2,US125->CS45,0,0,0
2,US125->CS53,0,0,0
2,US125->CS61,0,0,0
2,US126->CS6,0,0,0
2,US126->CS14,0,0,0
2,US126->CS22,0,0,0
2,US126->CS30,0,0,0
2,US126->CS38,0,0,0
2,US126->CS46,0,0,0
2,US126->CS54,0,0,0
2,US126->CS62,0,0,0
2,US127->CS7,0,0,0
2,US127->CS15,0,0,0
2,US127->CS23,0,0,0
2,US127->CS31,0,0,0
2,US127->CS39,0,0,0
2,US127->CS47,0,0,0
2,US127->CS55,0,0,0
2,US127->CS63,0,0,0
2,CS0->US0,51799,51799,0
2,CS0->US8,0,0,0
2,CS0->US16,0,0,0
2,CS0->US24,0,0,0
2,CS0->US32,0,0,0
2,CS0->US40,12066,12066,0
2,CS0->US48,51217,51217,0
2,CS0->US56,0,0,0
2,CS0->US64,0,0,0
2,CS0->US72,0,0,0
2,CS0->US80,0,0,0
2,CS0->US88,0,0,0
2,CS0->US96,0,0,0
2,CS0->US104,0,0,0
2,CS0->US112,11940,11940,0
2,CS0->US120,0,0,0
2,CS1->US1,51087,51087,0
2,CS1->US9,0,0,0
2,CS1->US17,0,0,0
2,CS1->US25,0,0,0
2,CS1->US33,0,0,0
2,CS1->US41,12039,12038,0
2,CS1->US49,51346,51346,0
2,CS1->US57,0,0,0
2,CS1->US65,0,0,0
2,CS1->US73,0,0,0
2,CS1->US81,0,0,0
2,CS1->US89,0,0,0
2,CS1->US97,0,0,0
2,CS1->US105,0,0,0
2,CS1->US113,11974,11974,0
2,CS1->US121,0,0,0
2,CS2->US2,51546,51546,0
2,CS2->US10,0,0,0
2,CS2->US18,0,0,0
2,CS2->US26,0,0,0
2,CS2->US34,0,0,0
2,CS2->US42,12251,12250,0
2,CS2->US50,51330,51330,0
2,CS2->US58,0,0,0
2,CS2->US66,0,0,0
2,CS2->US74,0,0,0
2,CS2->US82,0,0,0
2,CS2->US90,0,0,0
2,CS2->US98,0,0,0
2,CS2->US106,0,0,0
2,CS2->US114,11931,11931,0
2,CS2->US122,0,0,0
2,CS3->US3,51249,51249,0
2,CS3->US11,0,0,0
2,CS3->US19,0,0,0
2,CS3->US27,0,0,0
2,CS3->US35,0,0,0
2,CS3->US43,11973,11973,0
2,CS3->US51,50962,50962,0
2,CS3->US59,0,0,0
2,CS3->US67,0,0,0
2,CS3->US75,0,0,0
2,CS3->US83,0,0,0
2,CS3->US91,0,0,0
2,CS3->US99,0,0,0
2,CS3->US107,0,0,0
2,CS3->US115,11994,11993,0
2,CS3->US123,0,0,0
2,CS4->US4,51358,51358,0
2,CS4->US12,0,0,0
2,CS4->US20,0,0,0
2,CS4->US28,0,0,0
2,CS4->US36,0,0,0
2,CS4->US44,12104,12104,0
2,CS4->US52,51179,51179,0
2,CS4->US60,0,0,0
2,CS4->US68,0,0,0
2,CS4->US76,0,0,0
2,CS4->US84,0,0,0
2,CS4->US92,0,0,0
2,CS4->US100,0,0,0
2,CS4->US108,0,0,0
2,CS4->US116,11887,11886,0
2,CS4->US124,0,0,0
2,CS5->US5,51677,51677,0
2,CS5->US13,0,0,0
2,CS5->US21,0,0,0
2,CS5->US29,0,0,0
2,CS5->US37,0,0,0
2,CS5->US45,12029,12028,0
2,CS5->US53,51035,51035,0
2,CS5->US61,0,0,0
2,CS5->US69,0,0,0
2,CS5->US77,0,0,0
2,CS5->US85,0,0,0
2,CS5->US93,0,0,0
2,CS5->US101,0,0,0
2,CS5->US109,0,0,0
2,CS5->US117,12027,12026,0
2,CS5->US125,0,0,0
2,CS6->US6,50841,50841,0
2,CS6->US14,0,0,0
2,CS6->US22,0,0,0
2,CS6->US30,0,0,0
2,CS6->US38,0,0,0
2,CS6->US46,12245,12243,0
2,CS6->US54,51367,51367,0
2,CS6->US62,0,0,0
2,CS6->US70,0,0,0
2,CS6->US78,0,0,0
2,CS6->US86,0,0,0
2,CS6->US94,0,0,0
2,CS6->US102,0,0,0
2,CS6->US110,0,0,0
2,CS6->US118,11965,11965,0
2,CS6->US126,0,0,0
2,CS7->US7,51506,51506,0
2,CS7->US15,0,0,0
2,CS7->US23,0,0,0
2,CS7->US31,0,0,0
2,CS7->US39,0,0,0
2,CS7->US47,11871,11870,0
2,CS7->US55,51559,51559,0
2,CS7->US63,0,0,0
2,CS7->US71,0,0,0
2,CS7->US79,0,0,0
2,CS7->US87,0,0,0
2,CS7->US95,0,0,0
2,CS7->US103,0,0,0
2,CS7->US111,0,0,0
2,CS7->US119,11912,11912,0
2,CS7->US127,0,0,0
2,CS8->US0,51746,51746,0
2,CS8->US8,0,0,0
2,CS8->US16,0,0,0
2,CS8->US24,0,0,0
2,CS8->US32,0,0,0
2,CS8->US40,12139,12138,0
2,CS8->US48,51732,51732,0
2,CS8->US56,0,0,0
2,CS8->US64,0,0,0
2,CS8->US72,0,0,0
2,CS8->US80,0,0,0
2,CS8->US88,0,0,0
2,CS8->US96,0,0,0
2,CS8->US104,0,0,0
2,CS8->US112,12008,12007,0
2,CS8->US120,0,0,0
2,CS9->US1,50635,50635,0
2,CS9->US9,0,0,0
2,CS9->US17,0,0,0
2,CS9->US25,0,0,0
2,CS9->US33,0,0,0
2,CS9->US41,11973,11973,0
2,CS9->US49,51581,51581,0
2,CS9->US57,0,0,0
2,CS9->US65,0,0,0
2,CS9->US73,0,0,0
2,CS9->US81,0,0,0
2,CS9->US89,0,0,0
2,CS9->US97,0,0,0
2,CS9->US105,0,0,0
2,CS9->US113,11812,11811,0
2,CS9->US121,0,0,0
2,CS10->US2,51489,51489,0
2,CS10->US10,0,0,0
2,CS10->US18,0,0,0
2,CS10->US26,0,0,0
2,CS10->US34,0,0,0
2,CS10->US42,11835,11835,0
2,CS10->US50,51122,51122,0
2,CS10->US58,0,0,0
2,CS10->US66,0,0,0
2,CS10->US74,0,0,0
2,CS10->US82,0,0,0
2,CS10->US90,0,0,0
2,CS10->US98,0,0,0
2,CS10->US106,0,0,0
2,CS10->US114,11905,11905,0
2,CS10->US122,0,0,0
2,CS11->US3,51124,51124,0
2,CS11->US11,0,0,0
2,CS11->US19,0,0,0
2,CS11->US27,0,0,0
2,CS11->US35,0,0,0
2,CS11->US43,11937,11936,0
2,CS11->US51,50893,50893,0
2,CS11->US59,0,0,0
2,CS11->US67,0,0,0
2,CS11->US75,0,0,0
2,CS11->US83,0,0,0
2,CS11->US91,0,0,0
2,CS11->US99,0,0,0
2,CS11->US107,0,0,0
2,CS11->US115,11801,11801,0
2,CS11->US123,0,0,0
2,CS12->US4,51493,51493,0
2,CS12->US12,0,0,0
2,CS12->US20,0,0,0
2,CS12->US28,0,0,0
2,CS12->US36,0,0,0
2,CS12->US44,12229,12229,0
2,CS12->US52,51232,51232,0
2,CS12->US60,0,0,0
2,CS12->US68,0,0,0
2,CS12->US76,0,0,0
2,CS12->US84,0,0,0
2,CS12->US92,0,0,0
2,CS12->US100,0,0,0
2,CS12->US108,0,0,0
2,CS12->US116,11946,11945,0
2,CS12->US124,0,0,0
2,CS13->US5,51322,51322,0
2,CS13->US13,0,0,0
2,CS13->US21,0,0,0
2,CS13->US29,0,0,0
2,CS13->US37,0,0,0
2,CS13->US45,11946,11944,0
2,CS13->US53,51626,51626,0
2,CS13->US61,0,0,0
2,CS13->US69,0,0,0
2,CS13->US77,0,0,0
2,CS13->US85,0,0,0
2,CS13->US93,0,0,0
2,CS13->US101,0,0,0
2,CS13->US109,0,0,0
2,CS13->US117,12008,12008,0
2,CS13->US125,0,0,0
2,CS14->US6,51247,51247,0
2,CS14->US14,0,0,0
2,CS14->US22,0,0,0
2,CS14->US30,0,0,0
2,CS14->US38,0,0,0
2,CS14->US46,12037,12037,0
2,CS14->US54,50958,50958,0
2,CS14->US62,0,0,0
2,CS14->US70,0,0,0
2,CS14->US78,0,0,0
2,CS14->US86,0,0,0
2,CS14->US94,0,0,0
2,CS14->US102,0,0,0
2,CS14->US110,0,0,0
2,CS14->US118,11925,11925,0
2,CS14->US126,0,0,0
2,CS15->US7,51487,51487,0
2,CS15->US15,0,0,0
2,CS15->US23,0,0,0
2,CS15->US31,0,0,0
2,CS15->US39,0,0,0
2,CS15->US47,11873,11873,0
2,CS15->US55,51517,51517,0
2,CS15->US63,0,0,0
2,CS15->US71,0,0,0
2,CS15->US79,0,0,0
2,CS15->US87,0,0,0
2,CS15->US95,0,0,0
2,CS15->US103,0,0,0
2,CS15->US111,0,0,0
2,CS15->US119,12121,12120,0
2,CS15->US127,0,0,0
2,CS16->US0,51301,51301,0
2,CS16->US8,0,0,0
2,CS16->US16,0,0,0
2,CS16->US24,0,0,0
2,CS16->US32,0,0,0
2,CS16->US40,12000,12000,0
2,CS16->US48,51287,51287,0
2,CS16->US56,0,0,0
2,CS16->US64,0,0,0
2,CS16->US72,0,0,0
2,CS16->US80,0,0,0
2,CS16->US88,0,0,0
2,CS16->US96,0,0,0
2,CS16->US104,0,0,0
2,CS16->US112,11954,11954,0
2,CS16->US120,0,0,0
2,CS17->US1,51474,51474,0
2,CS17->US9,0,0,0
2,CS17->US17,0,0,0
2,CS17->US25,0,0,0
2,CS17->US33,0,0,0
2,CS17->US41,12211,12210,0
2,CS17->US49,51495,51495,0
2,CS17->US57,0,0,0
2,CS17->US65,0,0,0
2,CS17->US73,0,0,0
2,CS17->US81,0,0,0
2,CS17->US89,0,0,0
2,CS17->US97,0,0,0
2,CS17->US105,0,0,0
2,CS17->US113,12008,12008,0
2,CS17->US121,0,0,0
2,CS18->US2,51490,51490,0
2,CS18->US10,0,0,0
2,CS18->US18,0,0,0
2,CS18->US26,0,0,0
2,CS18->US34,0,0,0
2,CS18->US42,11951,11950,0
2,CS18->US50,51238,51238,0
2,CS18->US58,0,0,0
2,CS18->US66,0,0,0
2,CS18->US74,0,0,0
2,CS18->US82,0,0,0
2,CS18->US90,0,0,0
2,CS18->US98,0,0,0
2,CS18->US106,0,0,0
2,CS18->US114,12100,12099,0
2,CS18->US122,0,0,0
2,CS19->US3,50972,50972,0
2,CS19->US11,0,0,0
2,CS19->US19,0,0,0
2,CS19->US27,0,0,0
2,CS19->US35,0,0,0
2,CS19->US43,12028,12028,0
2,CS19->US51,51246,51246,0
2,CS19->US59,0,0,0
2,CS19->US67,0,0,0
2,CS19->US75,0,0,0
2,CS19->US83,0,0,0
2,CS19->US91,0,0,0
2,CS19->US99,0,0,0
2,CS19->US107,0,0,0
2,CS19->US115,12067,12067,0
2,CS19->US123,0,0,0
2,CS20->US4,51428,51428,0
2,CS20->US12,0,0,0
2,CS20->US20,0,0,0
2,CS20->US28,0,0,0
2,CS20->US36,0,0,0
2,CS20->US44,12089,12089,0
2,CS20->US52,50850,50850,0
2,CS20->US60,0,0,0
2,CS20->US68,0,0,0
2,CS20->US76,0,0,0
2,CS20->US84,0,0,0
2,CS20->US92,0,0,0
2,CS20->US100,0,0,0
2,CS20->US108,0,0,0
2,CS20->US116,12163,12160,0
2,CS20->US124,0,0,0
2,CS21->US5,51312,51312,0
2,CS21->US13,0,0,0
2,CS21->US21,0,0,0
2,CS21->US29,0,0,0
2,CS21->US37,0,0,0
2,CS21->US45,12053,12053,0
2,CS21->US53,51472,51472,0
2,CS21->US61,0,0,0
2,CS21->US69,0,0,0
2,CS21->US77,0,0,0
2,CS21->US85,0,0,0
2,CS21->US93,0,0,0
2,CS21->US101,0,0,0
2,CS21->US109,0,0,0
2,CS21->US117,11954,11954,0
2,CS21->US125,0,0,0
2,CS22->US6,51282,51282,0
2,CS22->US14,0,0,0
2,CS22->US22,0,0,0
2,CS22->US30,0,0,0
2,CS22->US38,0,0,0
2,CS22->US46,11827,11827,0
2,CS22->US54,51306,51306,0
2,CS22->US62,0,0,0
2,CS22->US70,0,0,0
2,CS22->US78,0,0,0
2,CS22->US86,0,0,0
2,CS22->US94,0,0,0
2,CS22->US102,0,0,0
2,CS22->US110,0,0,0
2,CS22->US118,11959,11959,0
2,CS22->US126,0,0,0
2,CS23->US7,51729,51729,0
2,CS23->US15,0,0,0
2,CS23->US23,0,0,0
2,CS23->US31,0,0,0
2,CS23->US39,0,0,0
2,CS23->US47,12087,12086,0
2,CS23->US55,51620,51620,0
2,CS23->US63,0,0,0
2,CS23->US71,0,0,0
2,CS23->US79,0,0,0
2,CS23->US87,0,0,0
2,CS23->US95,0,0,0
2,CS23->US103,0,0,0
2,CS23->US111,0,0,0
2,CS23->US119,12075,12075,0
2,CS23->US127,0,0,0
2,CS24->US0,51727,51727,0
2,CS24->US8,0,0,0
2,CS24->US16,0,0,0
2,CS24->US24,0,0,0
2,CS24->US32,0,0,0
2,CS24->US40,11931,11929,0
2,CS24->US48,51189,51189,0
2,CS24->US56,0,0,0
2,CS24->US64,0,0,0
2,CS24->US72,0,0,0
2,CS24->US80,0,0,0
2,CS24->US88,0,0,0
2,CS24->US96,0,0,0
2,CS24->US104,0,0,0
2,CS24->US112,11933,11933,0
2,CS24->US120,0,0,0
2,CS25->US1,51446,51446,0
2,CS25->US9,0,0,0
2,CS25->US17,0,0,0
2,CS25->US25,0,0,0
2,CS25->US33,0,0,0
2,CS25->US41,11930,11930,0
2,CS25->US49,51483,51483,0
2,CS25->US57,0,0,0
2,CS25->US65,0,0,0
2,CS25->US73,0,0,0
2,CS25->US81,0,0,0
2,CS25->US89,0,0,0
2,CS25->US97,0,0,0
2,CS25->US105,0,0,0
2,CS25->US113,11996,11996,0
2,CS25->US121,0,0,0
2,CS26->US2,51542,51542,0
2,CS26->US10,0,0,0
2,CS26->US18,0,0,0
2,CS26->US26,0,0,0
2,CS26->US34,0,0,0
2,CS26->US42,11890,11889,0
2,CS26->US50,51065,51065,0
2,CS26->US58,0,0,0
2,CS26->US66,0,0,0
2,CS26->US74,0,0,0
2,CS26->US82,0,0,0
2,CS26->US90,0,0,0
2,CS26->US98,0,0,0
2,CS26->US106,0,0,0
2,CS26->US114,11904,11904,0
2,CS26->US122,0,0,0
2,CS27->US3,51421,51421,0
2,CS27->US11,0,0,0
2,CS27->US19,0,0,0
2,CS27->US27,0,0,0
2,CS27->US35,0,0,0
2,CS27->US43,12117,12117,0
2,CS27->US51,51118,51118,0
2,CS27->US59,0,0,0
2,CS27->US67,0,0,0
2,CS27->US75,0,0,0
2,CS27->US83,0,0,0
2,CS27->US91,0,0,0
2,CS27->US99,0,0,0
2,CS27->US107,0,0,0
2,CS27->US115,11974,11974,0
2,CS27->US123,0,0,0
2,CS28->US4,51129,51129,0
2,CS28->US12,0,0,0
2,CS28->US20,0,0,0
2,CS28->US28,0,0,0
2,CS28->US36,0,0,0
2,CS28->US44,11952,11952,0
2,CS28->US52,51600,51600,0
2,CS28->US60,0,0,0
2,CS28->US68,0,0,0
2,CS28->US76,0,0,0
2,CS28->US84,0,0,0
2,CS28->US92,0,0,0
2,CS28->US100,0,0,0
2,CS28->US108,0,0,0
2,CS28->US116,11928,11928,0
2,CS28->US124,0,0,0
2,CS29->US5,51232,51232,0
2,CS29->US13,0,0,0
2,CS29->US21,0,0,0
2,CS29->US29,0,0,0
2,CS29->US37,0,0,0
2,CS29->US45,11906,11905,0
2,CS29->US53,51367,51367,0
2,CS29->US61,0,0,0
2,CS29->US69,0,0,0
2,CS29->US77,0,0,0
2,CS29->US85,0,0,0
2,CS29->US93,0,0,0
2,CS29->US101,0,0,0
2,CS29->US109,0,0,0
2,CS29->US117,11876,11876,0
2,CS29->US125,0,0,0
2,CS30->US6,51530,51530,0
2,CS30->US14,0,0,0
2,CS30->US22,0,0,0
2,CS30->US30,0,0,0
2,CS30->US38,0,0,0
2,CS30->US46,12126,12126,0
2,CS30->US54,51496,51496,0
2,CS30->US62,0,0,0
2,CS30->US70,0,0,0
2,CS30->US78,0,0,0
2,CS30->US86,0,0,0
2,CS30->US94,0,0,0
2,CS30->US102,0,0,0
2,CS30->US110,0,0,0
2,CS30->US118,12128,12127,0
2,CS30->US126,0,0,0
2,CS31->US7,51852,51852,0
2,CS31->US15,0,0,0
2,CS31->US23,0,0,0
2,CS31->US31,0,0,0
2,CS31->US39,0,0,0
2,CS31->US47,12119,12119,0
2,CS31->US55,51498,51498,0
2,CS31->US63,0,0,0
2,CS31->US71,0,0,0
2,CS31->US79,0,0,0
2,CS31->US87,0,0,0
2,CS31->US95,0,0,0
2,CS31->US103,0,0,0
2,CS31->US111,0,0,0
2,CS31->US119,11955,11955,0
2,CS31->US127,0,0,0
2,CS32->US0,51388,51388,0
2,CS32->US8,0,0,0
2,CS32->US16,0,0,0
2,CS32->US24,0,0,0
2,CS32->US32,0,0,0
2,CS32->US40,11974,11974,0
2,CS32->US48,51154,51154,0
2,CS32->US56,0,0,0
2,CS32->US64,0,0,0
2,CS32->US72,0,0,0
2,CS32->US80,0,0,0
2,CS32->US88,0,0,0
2,CS32->US96,0,0,0
2,CS32->US104,0,0,0
2,CS32->US112,12157,12156,0
2,CS32->US120,0,0,0
2,CS33->US1,51325,51325,0
2,CS33->US9,0,0,0
2,CS33->US17,0,0,0
2,CS33->US25,0,0,0
2,CS33->US33,0,0,0
2,CS33->US41,11972,11971,0
2,CS33->US49,51470,51470,0
2,CS33->US57,0,0,0
2,CS33->US65,0,0,0
2,CS33->US73,0,0,0
2,CS33->US81,0,0,0
2,CS33->US89,0,0,0
2,CS33->US97,0,0,0
2,CS33->US105,0,0,0
2,CS33->US113,11862,11862,0
2,CS33->US121,0,0,0
2,CS34->US2,51058,51058,0
2,CS34->US10,0,0,0
2,CS34->US18,0,0,0
2,CS34->US26,0,0,0
2,CS34->US34,0,0,0
2,CS34->US42,11979,11979,0
2,CS34->US50,51351,51351,0
2,CS34->US58,0,0,0
2,CS34->US66,0,0,0
2,CS34->US74,0,0,0
2,CS34->US82,0,0,0
2,CS34->US90,0,0,0
2,CS34->US98,0,0,0
2,CS34->US106,0,0,0
2,CS34->US114,12004,12004,0
2,CS34->US122,0,0,0
2,CS35->US3,51534,51534,0
2,CS35->US11,0,0,0
2,CS35->US19,0,0,0
2,CS35->US27,0,0,0
2,CS35->US35,0,0,0
2,CS35->US43,11969,11969,0
2,CS35->US51,51334,51334,0
2,CS35->US59,0,0,0
2,CS35->US67,0,0,0
2,CS35->US75,0,0,0
2,CS35->US83,0,0,0
2,CS35->US91,0,0,0
2,CS35->US99,0,0,0
2,CS35->US107,0,0,0
2,CS35->US115,11944,11943,0
2,CS35->US123,0,0,0
2,CS36->US4,51474,51474,0
2,CS36->US12,0,0,0
2,CS36->US20,0,0,0
2,CS36->US28,0,0,0
2,CS36->US36,0,0,0
2,CS36->US44,12108,12106,0
2,CS36->US52,51461,51461,0
2,CS36->US60,0,0,0
2,CS36->US68,0,0,0
2,CS36->US76,0,0,0
2,CS36->US84,0,0,0
2,CS36->US92,0,0,0
2,CS36->US100,0,0,0
2,CS36->US108,0,0,0
2,CS36->US116,11945,11944,0
2,CS36->US124,0,0,0
2,CS37->US5,51589,51589,0
2,CS37->US13,0,0,0
2,CS37->US21,0,0,0
2,CS37->US29,0,0,0
2,CS37->US37,0,0,0
2,CS37->US45,12093,12093,0
2,CS37->US53,50915,50915,0
2,CS37->US61,0,0,0
2,CS37->US69,0,0,0
2,CS37->US77,0,0,0
2,CS37->US85,0,0,0
2,CS37->US93,0,0,0
2,CS37->US101,0,0,0
2,CS37->US109,0,0,0
2,CS37->US117,11909,11909,0
2,CS37->US125,0,0,0
2,CS38->US6,51480,51480,0
2,CS38->US14,0,0,0
2,CS38->US22,0,0,0
2,CS38->US30,0,0,0
2,CS38->US38,0,0,0
2,CS38->US46,12082,12082,0
2,CS38->US54,51415,51415,0
2,CS38->US62,0,0,0
2,CS38->US70,0,0,0
2,CS38->US78,0,0,0
2,CS38->US86,0,0,0
2,CS38->US94,0,0,0
2,CS38->US102,0,0,0
2,CS38->US110,0,0,0
2,CS38->US118,11925,11925,0
2,CS38->US126,0,0,0
2,CS39->US7,51424,51424,0
2,CS39->US15,0,0,0
2,CS39->US23,0,0,0
2,CS39->US31,0,0,0
2,CS39->US39,0,0,0
2,CS39->US47,12023,12022,0
2,CS39->US55,51467,51467,0
2,CS39->US63,0,0,0
2,CS39->US71,0,0,0
2,CS39->US79,0,0,0
2,CS39->US87,0,0,0
2,CS39->US95,0,0,0
2,CS39->US103,0,0,0
2,CS39->US111,0,0,0
2,CS39->US119,12022,12022,0
2,CS39->US127,0,0,0
2,CS40->US0,51294,51294,0
2,CS40->US8,0,0,0
2,CS40->US16,0,0,0
2,CS40->US24,0,0,0
2,CS40->US32,0,0,0
2,CS40->US40,12191,12191,0
2,CS40->US48,50817,50817,0
2,CS40->US56,0,0,0
2,CS40->US64,0,0,0
2,CS40->US72,0,0,0
2,CS40->US80,0,0,0
2,CS40->US88,0,0,0
2,CS40->US96,0,0,0
2,CS40->US104,0,0,0
2,CS40->US112,11862,11861,0
2,CS40->US120,0,0,0
2,CS41->US1,51505,51505,0
2,CS41->US9,0,0,0
2,CS41->US17,0,0,0
2,CS41->US25,0,0,0
2,CS41->US33,0,0,0
2,CS41->US41,12032,12030,0
2,CS41->US49,51651,51651,0
2,CS41->US57,0,0,0
2,CS41->US65,0,0,0
2,CS41->US73,0,0,0
2,CS41->US81,0,0,0
2,CS41->US89,0,0,0
2,CS41->US97,0,0,0
2,CS41->US105,0,0,0
2,CS41->US113,11900,11900,0
2,CS41->US121,0,0,0
2,CS42->US2,51290,51290,0
2,CS42->US10,0,0,0
2,CS42->US18,0,0,0
2,CS42->US26,0,0,0
2,CS42->US34,0,0,0
2,CS42->US42,12092,12092,0
2,CS42->US50,51653,51653,0
2,CS42->US58,0,0,0
2,CS42->US66,0,0,0
2,CS42->US74,0,0,0
2,CS42->US82,0,0,0
2,CS42->US90,0,0,0
2,CS42->US98,0,0,0
2,CS42->US106,0,0,0
2,CS42->US114,12077,12077,0
2,CS42->US122,0,0,0
2,CS43->US3,51084,51084,0
2,CS43->US11,0,0,0
2,CS43->US19,0,0,0
2,CS43->US27,0,0,0
2,CS43->US35,0,0,0
2,CS43->US43,12041,12041,0
2,CS43->US51,51207,51207,0
2,CS43->US59,0,0,0
2,CS43->US67,0,0,0
2,CS43->US75,0,0,0
2,CS43->US83,0,0,0
2,CS43->US91,0,0,0
2,CS43->US99,0,0,0
2,CS43->US107,0,0,0
2,CS43->US115,12005,12005,0
2,CS43->US123,0,0,0
2,CS44->US4,51068,51068,0
2,CS44->US12,0,0,0
2,CS44->US20,0,0,0
2,CS44->US28,0,0,0
2,CS44->US36,0,0,0
2,CS44->US44,12181,12180,0
2,CS44->US52,51494,51494,0
2,CS44->US60,0,0,0
2,CS44->US68,0,0,0
2,CS44->US76,0,0,0
2,CS44->US84,0,0,0
2,CS44->US92,0,0,0
2,CS44->US100,0,0,0
2,CS44->US108,0,0,0
2,CS44->US116,11996,11996,0
2,CS44->US124,0,0,0
2,CS45->US5,51108,51108,0
2,CS45->US13,0,0,0
2,CS45->US21,0,0,0
2,CS45->US29,0,0,0
2,CS45->US37,0,0,0
2,CS45->US45,12083,12082,0
2,CS45->US53,51486,51486,0
2,CS45->US61,0,0,0
2,CS45->US69,0,0,0
2,CS45->US77,0,0,0
2,CS45->US85,0,0,0
2,CS45->US93,0,0,0
2,CS45->US101,0,0,0
2,CS45->US109,0,0,0
2,CS45->US117,11860,11858,0
2,CS45->US125,0,0,0
2,CS46->US6,50945,50945,0
2,CS46->US14,0,0,0
2,CS46->US22,0,0,0
2,CS46->US30,0,0,0
2,CS46->US38,0,0,0
2,CS46->US46,12097,12097,0
2,CS46->US54,51647,51647,0
2,CS46->US62,0,0,0
2,CS46->US70,0,0,0
2,CS46->US78,0,0,0
2,CS46->US86,0,0,0
2,CS46->US94,0,0,0
2,CS46->US102,0,0,0
2,CS46->US110,0,0,0
2,CS46->US118,11884,11883,0
2,CS46->US126,0,0,0
2,CS47->US7,51345,51345,0
2,CS47->US15,0,0,0
2,CS47->US23,0,0,0
2,CS47->US31,0,0,0
2,CS47->US39,0,0,0
2,CS47->US47,12150,12149,0
2,CS47->US55,51194,51194,0
2,CS47->US63,0,0,0
2,CS47->US71,0,0,0
2,CS47->US79,0,0,0
2,CS47->US87,0,0,0
2,CS47->US95,0,0,0
2,CS47->US103,0,0,0
2,CS47->US111,0,0,0
2,CS47->US119,11946,11944,0
2,CS47->US127,0,0,0
2,CS48->US0,51760,51760,0
2,CS48->US8,0,0,0
2,CS48->US16,0,0,0
2,CS48->US24,0,0,0
2,CS48->US32,0,0,0
2,CS48->US40,12012,12012,0
2,CS48->US48,51795,51795,0
2,CS48->US56,0,0,0
2,CS48->US64,0,0,0
2,CS48->US72,0,0,0
2,CS48->US80,0,0,0
2,CS48->US88,0,0,0
2,CS48->US96,0,0,0
2,CS48->US104,0,0,0
2,CS48->US112,12077,12077,0
2,CS48->US120,0,0,0
2,CS49->US1,51452,51452,0
2,CS49->US9,0,0,0
2,CS49->US17,0,0,0
2,CS49->US25,0,0,0
2,CS49->US33,0,0,0
2,CS49->US41,12186,12186,0
2,CS49->US49,51669,51669,0
2,CS49->US57,0,0,0
2,CS49->US65,0,0,0
2,CS49->US73,0,0,0
2,CS49->US81,0,0,0
2,CS49->US89,0,0,0
2,CS49->US97,0,0,0
2,CS49->US105,0,0,0
2,CS49->US113,11842,11842,0
2,CS49->US121,0,0,0
2,CS50->US2,51335,51335,0
2,CS50->US10,0,0,0
2,CS50->US18,0,0,0
2,CS50->US26,0,0,0
2,CS50->US34,0,0,0
2,CS50->US42,12056,12056,0
2,CS50->US50,51364,51364,0
2,CS50->US58,0,0,0
2,CS50->US66,0,0,0
2,CS50->US74,0,0,0
2,CS50->US82,0,0,0
2,CS50->US90,0,0,0
2,CS50->US98,0,0,0
2,CS50->US106,0,0,0
2,CS50->US114,12136,12134,0
2,CS50->US122,0,0,0
2,CS51->US3,51353,51353,0
2,CS51->US11,0,0,0
2,CS51->US19,0,0,0
2,CS51->US27,0,0,0
2,CS51->US35,0,0,0
2,CS51->US43,12052,12052,0
2,CS51->US51,51449,51449,0
2,CS51->US59,0,0,0
2,CS51->US67,0,0,0
2,CS51->US75,0,0,0
2,CS51->US83,0,0,0
2,CS51->US91,0,0,0
2,CS51->US99,0,0,0
2,CS51->US107,0,0,0
2,CS51->US115,11964,11964,0
2,CS51->US123,0,0,0
2,CS52->US4,51180,51180,0
2,CS52->US12,0,0,0
2,CS52->US20,0,0,0
2,CS52->US28,0,0,0
2,CS52->US36,0,0,0
2,CS52->US44,12092,12092,0
2,CS52->US52,50717,50717,0
2,CS52->US60,0,0,0
2,CS52->US68,0,0,0
2,CS52->US76,0,0,0
2,CS52->US84,0,0,0
2,CS52->US92,0,0,0
2,CS52->US100,0,0,0
2,CS52->US108,0,0,0
2,CS52->US116,12137,12136,0
2,CS52->US124,0,0,0
2,CS53->US5,51411,51411,0
2,CS53->US13,0,0,0
2,CS53->US21,0,0,0
2,CS53->US29,0,0,0
2,CS53->US37,0,0,0
2,CS53->US45,12164,12164,0
2,CS53->US53,51263,51263,0
2,CS53->US61,0,0,0
2,CS53->US69,0,0,0
2,CS53->US77,0,0,0
2,CS53->US85,0,0,0
2,CS53->US93,0,0,0
2,CS53->US101,0,0,0
2,CS53->US109,0,0,0
2,CS53->US117,12025,12024,0
2,CS53->US125,0,0,0
2,CS54->US6,51538,51538,0
2,CS54->US14,0,0,0
2,CS54->US22,0,0,0
2,CS54->US30,0,0,0
2,CS54->US38,0,0,0
2,CS54->US46,11869,11869,0
2,CS54->US54,51662,51662,0
2,CS54->US62,0,0,0
2,CS54->US70,0,0,0
2,CS54->US78,0,0,0
2,CS54->US86,0,0,0
2,CS54->US94,0,0,0
2,CS54->US102,0,0,0
2,CS54->US110,0,0,0
2,CS54->US118,11885,11885,0
2,CS54->US126,0,0,0
2,CS55->US7,51565,51565,0
2,CS55->US15,0,0,0
2,CS55->US23,0,0,0
2,CS55->US31,0,0,0
2,CS55->US39,0,0,0
2,CS55->US47,12158,12158,0
2,CS55->US55,51695,51695,0
2,CS55->US63,0,0,0
2,CS55->US71,0,0,0
2,CS55->US79,0,0,0
2,CS55->US87,0,0,0
2,CS55->US95,0,0,0
2,CS55->US103,0,0,0
2,CS55->US111,0,0,0
2,CS55->US119,11994,11994,0
2,CS55->US127,0,0,0
2,CS56->US0,51456,51456,0
2,CS56->US8,0,0,0
2,CS56->US16,0,0,0
2,CS56->US24,0,0,0
2,CS56->US32,0,0,0
2,CS56->US40,11991,11991,0
2,CS56->US48,50921,50921,0
2,CS56->US56,0,0,0
2,CS56->US64,0,0,0
2,CS56->US72,0,0,0
2,CS56->US80,0,0,0
2,CS56->US88,0,0,0
2,CS56->US96,0,0,0
2,CS56->US104,0,0,0
2,CS56->US112,11921,11920,0
2,CS56->US120,0,0,0
2,CS57->US1,51245,51245,0
2,CS57->US9,0,0,0
2,CS57->US17,0,0,0
2,CS57->US25,0,0,0
2,CS57->US33,0,0,0
2,CS57->US41,12215,12215,0
2,CS57->US49,51581,51581,0
2,CS57->US57,0,0,0
2,CS57->US65,0,0,0
2,CS57->US73,0,0,0
2,CS57->US81,0,0,0
2,CS57->US89,0,0,0
2,CS57->US97,0,0,0
2,CS57->US105,0,0,0
2,CS57->US113,11927,11927,0
2,CS57->US121,0,0,0
2,CS58->US2,51701,51701,0
2,CS58->US10,0,0,0
2,CS58->US18,0,0,0
2,CS58->US26,0,0,0
2,CS58->US34,0,0,0
2,CS58->US42,12248,12248,0
2,CS58->US50,51690,51690,0
2,CS58->US58,0,0,0
2,CS58->US66,0,0,0
2,CS58->US74,0,0,0
2,CS58->US82,0,0,0
2,CS58->US90,0,0,0
2,CS58->US98,0,0,0
2,CS58->US106,0,0,0
2,CS58->US114,11728,11728,0
2,CS58->US122,0,0,0
2,CS59->US3,51387,51387,0
2,CS59->US11,0,0,0
2,CS59->US19,0,0,0
2,CS59->US27,0,0,0
2,CS59->US35,0,0,0
2,CS59->US43,12127,12127,0
2,CS59->US51,51077,51077,0
2,CS59->US59,0,0,0
2,CS59->US67,0,0,0
2,CS59->US75,0,0,0
2,CS59->US83,0,0,0
2,CS59->US91,0,0,0
2,CS59->US99,0,0,0
2,CS59->US107,0,0,0
2,CS59->US115,12080,12079,0
2,CS59->US123,0,0,0
2,CS60->US4,51085,51085,0
2,CS60->US12,0,0,0
2,CS60->US20,0,0,0
2,CS60->US28,0,0,0
2,CS60->US36,0,0,0
2,CS60->US44,11976,11976,0
2,CS60->US52,50938,50938,0
2,CS60->US60,0,0,0
2,CS60->US68,0,0,0
2,CS60->US76,0,0,0
2,CS60->US84,0,0,0
2,CS60->US92,0,0,0
2,CS60->US100,0,0,0
2,CS60->US108,0,0,0
2,CS60->US116,11957,11956,0
2,CS60->US124,0,0,0
2,CS61->US5,51766,51766,0
2,CS61->US13,0,0,0
2,CS61->US21,0,0,0
2,CS61->US29,0,0,0
2,CS61->US37,0,0,0
2,CS61->US45,12175,12175,0
2,CS61->US53,51143,51143,0
2,CS61->US61,0,0,0
2,CS61->US69,0,0,0
2,CS61->US77,0,0,0
2,CS61->US85,0,0,0
2,CS61->US93,0,0,0
2,CS61->US101,0,0,0
2,CS61->US109,0,0,0
2,CS61->US117,11868,11866,0
2,CS61->US125,0,0,0
2,CS62->US6,51298,51298,0
2,CS62->US14,0,0,0
2,CS62->US22,0,0,0
2,CS62->US30,0,0,0
2,CS62->US38,0,0,0
2,CS62->US46,12213,12213,0
2,CS62->US54,51648,51648,0
2,CS62->US62,0,0,0
2,CS62->US70,0,0,0
2,CS62->US78,0,0,0
2,CS62->US86,0,0,0
2,CS62->US94,0,0,0
2,CS62->US102,0,0,0
2,CS62->US110,0,0,0
2,CS62->US118,11885,11885,0
2,CS62->US126,0,0,0
2,CS63->US7,50841,50841,0
2,CS63->US15,0,0,0
2,CS63->US23,0,0,0
2,CS63->US31,0,0,0
2,CS63->US39,0,0,0
2,CS63->US47,12129,12128,0
2,CS63->US55,51232,51232,0
2,CS63->US63,0,0,0
2,CS63->US71,0,0,0
2,CS63->US79,0,0,0
2,CS63->US87,0,0,0
2,CS63->US95,0,0,0
2,CS63->US103,0,0,0
2,CS63->US111,0,0,0
2,CS63->US119,12067,12067,0
2,CS63->US127,0,0,0
3,US0->CS0,51398,51398,0
3,US0->CS8,51920,51920,0
3,US0->CS16,51427,51427,0
3,US0->CS24,51360,51360,0
3,US0->CS32,51309,51309,0
3,US0->CS40,50986,50986,0
3,US0->CS48,51956,51956,0
3,US0->CS56,51073,51073,0
3,US1->CS1,51539,51539,0
3,US1->CS9,51751,51751,0
3,US1->CS17,51677,51677,0
3,US1->CS25,51657,51657,0
3,US1->CS33,51604,51604,0
3,US1->CS41,51808,51808,0
3,US1->CS49,51819,51819,0
3,US1->CS57,51717,51717,0
3,US2->CS2,51494,51494,0
3,US2->CS10,51303,51303,0
3,US2->CS18,51376,51376,0
3,US2->CS26,51219,51219,0
3,US2->CS34,51506,51506,0
3,US2->CS42,51801,51801,0
3,US2->CS50,51515,51515,0
3,US2->CS58,51846,51846,0
3,US3->CS3,51118,51118,0
3,US3->CS11,51060,51060,0
3,US3->CS19,51425,51425,0
3,US3->CS27,51267,51267,0
3,US3->CS35,51514,51514,0
3,US3->CS43,51365,51365,0
3,US3->CS51,51602,51602,0
3,US3->CS59,51246,51246,0
3,US4->CS4,51347,51347,0
3,US4->CS12,51391,51391,0
3,US4->CS20,50999,50999,0
3,US4->CS28,51750,51750,0
3,US4->CS36,51645,51645,0
3,US4->CS44,51678,51678,0
3,US4->CS52,50925,50925,0
3,US4->CS60,51090,51090,0
3,US5->CS5,51183,51183,0
3,US5->CS13,51749,51749,0
3,US5->CS21,51650,51650,0
3,US5->CS29,51523,51523,0
3,US5->CS37,51057,51057,0
3,US5->CS45,51652,51652,0
3,US5->CS53,51398,51398,0
3,US5->CS61,51285,51285,0
3,US6->CS6,51525,51525,0
3,US6->CS14,51129,51129,0
3,US6->CS22,51435,51435,0
3,US6->CS30,51643,51643,0
3,US6->CS38,51587,51587,0
3,US6->CS46,51818,51818,0
3,US6->CS54,51807,51807,0
3,US6->CS62,51815,51815,0
3,US7->CS7,51687,51687,0
3,US7->CS15,51713,51713,0
3,US7->CS23,51778,51778,0
3,US7->CS31,51681,51681,0
3,US7->CS39,51632,51632,0
3,US7->CS47,51359,51359,0
3,US7->CS55,51841,51841,0
3,US7->CS63,51400,51400,0
3,US8->CS0,0,0,0
3,US8->CS8,0,0,0
3,US8->CS16,0,0,0
3,US8->CS24,0,0,0
3,US8->CS32,0,0,0
3,US8->CS40,0,0,0
3,US8->CS48,0,0,0
3,US8->CS56,0,0,0
3,US9->CS1,0,0,0
3,US9->CS9,0,0,0
3,US9->CS17,0,0,0
3,US9->CS25,0,0,0
3,US9->CS33,0,0,0
3,US9->CS41,0,0,0
3,US9->CS49,0,0,0
3,US9->CS57,0,0,0
3,US10->CS2,0,0,0
3,US10->CS10,0,0,0
3,US10->CS18,0,0,0
3,US10->CS26,0,0,0
3,US10->CS34,0,0,0
3,US10->CS42,0,0,0
3,US10->CS50,0,0,0
3,US10->CS58,0,0,0
3,US11->CS3,0,0,0
3,US11->CS11,0,0,0
3,US11->CS19,0,0,0
3,US11->CS27,0,0,0
3,US11->CS35,0,0,0
3,US11->CS43,0,0,0
3,US11->CS51,0,0,0
3,US11->CS59,0,0,0
3,US12->CS4,0,0,0
3,US12->CS12,0,0,0
3,US12->CS20,0,0,0
3,US12->CS28,0,0,0
3,US12->CS36,0,0,0
3,US12->CS44,0,0,0
3,US12->CS52,0,0,0
3,US12->CS60,0,0,0
3,US13->CS5,0,0,0
3,US13->CS13,0,0,0
3,US13->CS21,0,0,0
3,US13->CS29,0,0,0
3,US13->CS37,0,0,0
3,US13->CS45,0,0,0
3,US13->CS53,0,0,0
3,US13->CS61,0,0,0
3,US14->CS6,0,0,0
3,US14->CS14,0,0,0
3,US14->CS22,0,0,0
3,US14->CS30,0,0,0
3,US14->CS38,0,0,0
3,US14->CS46,0,0,0
3,US14->CS54,0,0,0
3,US14->CS62,0,0,0
3,US15->CS7,0,0,0
3,US15->CS15,0,0,0
3,US15->CS23,0,0,0
3,US15->CS31,0,0,0
3,US15->CS39,0,0,0
3,US15->CS47,0,0,0
3,US15->CS55,0,0,0
3,US15->CS63,0,0,0
3,US16->CS0,0,0,0
3,US16->CS8,0,0,0
3,US16->CS16,0,0,0
3,US16->CS24,0,0,0
3,US16->CS32,0,0,0
3,US16->CS40,0,0,0
3,US16->CS48,0,0,0
3,US16->CS56,0,0,0
3,US17->CS1,0,0,0
3,US17->CS9,0,0,0
3,US17->CS17,0,0,0
3,US17->CS25,0,0,0
3,US17->CS33,0,0,0
3,US17->CS41,0,0,0
3,US17->CS49,0,0,0
3,US17->CS57,0,0,0
3,US18->CS2,0,0,0
3,US18->CS10,0,0,0
3,US18->CS18,0,0,0
3,US18->CS26,0,0,0
3,US18->CS34,0,0,0
3,US18->CS42,0,0,0
3,US18->CS50,0,0,0
3,US18->CS58,0,0,0
3,US19->CS3,0,0,0
3,US19->CS11,0,0,0
3,US19->CS19,0,0,0
3,US19->CS27,0,0,0
3,US19->CS35,0,0,0
3,US19->CS43,0,0,0
3,US19->CS51,0,0,0
3,US19->CS59,0,0,0
3,US20->CS4,0,0,0
3,US20->CS12,0,0,0
3,US20->CS20,0,0,0
3,US20->CS28,0,0,0
3,US20->CS36,0,0,0
3,US20->CS44,0,0,0
3,US20->CS52,0,0,0
3,US20->CS60,0,0,0
3,US21->CS5,0,0,0
3,US21->CS13,0,0,0
3,US21->CS21,0,0,0
3,US21->CS29,0,0,0
3,US21->CS37,0,0,0
3,US21->CS45,0,0,0
3,US21->CS53,0,0,0
3,US21->CS61,0,0,0
3,US22->CS6,0,0,0
3,US22->CS14,0,0,0
3,US22->CS22,0,0,0
3,US22->CS30,0,0,0
3,US22->CS38,0,0,0
3,US22->CS46,0,0,0
3,US22->CS54,0,0,0
3,US22->CS62,0,0,0
3,US23->CS7,0,0,0
3,US23->CS15,0,0,0
3,US23->CS23,0,0,0
3,US23->CS31,0,0,0
3,US23->CS39,0,0,0
3,US23->CS47,0,0,0
3,US23->CS55,0,0,0
3,US23->CS63,0,0,0
3,US24->CS0,0,0,0
3,US24->CS8,0,0,0
3,US24->CS16,0,0,0
3,US24->CS24,0,0,0
3,US24->CS32,0,0,0
3,US24->CS40,0,0,0
3,US24->CS48,0,0,0
3,US24->CS56,0,0,0
3,US25->CS1,0,0,0
3,US25->CS9,0,0,0
3,US25->CS17,0,0,0
3,US25->CS25,0,0,0
3,US25->CS33,0,0,0
3,US25->CS41,0,0,0
3,US25->CS49,0,0,0
3,US25->CS57,0,0,0
3,US26->CS2,0,0,0
3,US26->CS10,0,0,0
3,US26->CS18,0,0,0
3,US26->CS26,0,0,0
3,US26->CS34,0,0,0
3,US26->CS42,0,0,0
3,US26->CS50,0,0,0
3,US26->CS58,0,0,0
3,US27->CS3,0,0,0
3,US27->CS11,0,0,0
3,US27->CS19,0,0,0
3,US27->CS27,0,0,0
3,US27->CS35,0,0,0
3,US27->CS43,0,0,0
3,US27->CS51,0,0,0
3,US27->CS59,0,0,0
3,US28->CS4,0,0,0
3,US28->CS12,0,0,0
3,US28->CS20,0,0,0
3,US28->CS28,0,0,0
3,US28->CS36,0,0,0
3,US28->CS44,0,0,0
3,US28->CS52,0,0,0
3,US28->CS60,0,0,0
3,US29->CS5,0,0,0
3,US29->CS13,0,0,0
3,US29->CS21,0,0,0
3,US29->CS29,0,0,0
3,US29->CS37,0,0,0
3,US29->CS45,0,0,0
3,US29->CS53,0,0,0
3,US29->CS61,0,0,0
3,US30->CS6,0,0,0
3,US30->CS14,0,0,0
3,US30->CS22,0,0,0
3,US30->CS30,0,0,0
3,US30->CS38,0,0,0
3,US30->CS46,0,0,0
3,US30->CS54,0,0,0
3,US30->CS62,0,0,0
3,US31->CS7,0,0,0
3,US31->CS15,0,0,0
3,US31->CS23,0,0,0
3,US31->CS31,0,0,0
3,US31->CS39,0,0,0
3,US31->CS47,0,0,0
3,US31->CS55,0,0,0
3,US31->CS63,0,0,0
3,US32->CS0,0,0,0
3,US32->CS8,0,0,0
3,US32->CS16,0,0,0
3,US32->CS24,0,0,0
3,US32->CS32,0,0,0
3,US32->CS40,0,0,0
3,US32->CS48,0,0,0
3,US32->CS56,0,0,0
3,US33->CS1,0,0,0
3,US33->CS9,0,0,0
3,US33->CS17,0,0,0
3,US33->CS25,0,0,0
3,US33->CS33,0,0,0
3,US33->CS41,0,0,0
3,US33->CS49,0,0,0
3,US33->CS57,0,0,0
3,US34->CS2,0,0,0
3,US34->CS10,0,0,0
3,US34->CS18,0,0,0
3,US34->CS26,0,0,0
3,US34->CS34,0,0,0
3,US34->CS42,0,0,0
3,US34->CS50,0,0,0
3,US34->CS58,0,0,0
3,US35->CS3,0,0,0
3,US35->CS11,0,0,0
3,US35->CS19,0,0,0
3,US35->CS27,0,0,0
3,US35->CS35,0,0,0
3,US35->CS43,0,0,0
3,US35->CS51,0,0,0
3,US35->CS59,0,0,0
3,US36->CS4,0,0,0
3,US36->CS12,0,0,0
3,US36->CS20,0,0,0
3,US36->CS28,0,0,0
3,US36->CS36,0,0,0
3,US36->CS44,0,0,0
3,US36->CS52,0,0,0
3,US36->CS60,0,0,0
3,US37->CS5,0,0,0
3,US37->CS13,0,0,0
3,US37->CS21,0,0,0
3,US37->CS29,0,0,0
3,US37->CS37,0,0,0
3,US37->CS45,0,0,0
3,US37->CS53,0,0,0
3,US37->CS61,0,0,0
3,US38->CS6,0,0,0
3,US38->CS14,0,0,0
3,US38->CS22,0,0,0
3,US38->CS30,0,0,0
3,US38->CS38,0,0,0
3,US38->CS46,0,0,0
3,US38->CS54,0,0,0
3,US38->CS62,0,0,0
3,US39->CS7,0,0,0
3,US39->CS15,0,0,0
3,US39->CS23,0,0,0
3,US39->CS31,0,0,0
3,US39->CS39,0,0,0
3,US39->CS47,0,0,0
3,US39->CS55,0,0,0
3,US39->CS63,0,0,0
3,US40->CS0,55839,55839,0
3,US40->CS8,55309,55309,0
3,US40->CS16,55224,55224,0
3,US40->CS24,55776,55776,0
3,US40->CS32,55920,55920,0
3,US40->CS40,55432,55432,0
3,US40->CS48,55513,55513,0
3,US40->CS56,55617,55617,0
3,US41->CS1,55116,55116,0
3,US41->CS9,55396,55396,0
3,US41->CS17,55274,55274,0
3,US41->CS25,55764,55764,0
3,US41->CS33,55359,55359,0
3,US41->CS41,55305,55305,0
3,US41->CS49,55407,55407,0
3,US41->CS57,55298,55298,0
3,US42->CS2,55984,55984,0
3,US42->CS10,55537,55537,0
3,US42->CS18,55276,55276,0
3,US42->CS26,55641,55641,0
3,US42->CS34,55580,55580,0
3,US42->CS42,55481,55481,0
3,US42->CS50,55555,55555,0
3,US42->CS58,55258,55258,0
3,US43->CS3,55653,55653,0
3,US43->CS11,55456,55456,0
3,US43->CS19,55748,55748,0
3,US43->CS27,55550,55550,0
3,US43->CS35,55505,55505,0
3,US43->CS43,55481,55481,0
3,US43->CS51,55746,55746,0
3,US43->CS59,55753,55753,0
3,US44->CS4,55425,55425,0
3,US44->CS12,55649,55649,0
3,US44->CS20,55800,55800,0
3,US44->CS28,55236,55236,0
3,US44->CS36,55332,55332,0
3,US44->CS44,55670,55670,0
3,US44->CS52,55698,55698,0
3,US44->CS60,55353,55353,0
3,US45->CS5,55454,55454,0
3,US45->CS13,55553,55553,0
3,US45->CS21,55456,55456,0
3,US45->CS29,55462,55462,0
3,US45->CS37,55626,55626,0
3,US45->CS45,55165,55165,0
3,US45->CS53,55925,55925,0
3,US45->CS61,55760,55760,0
3,US46->CS6,55630,55630,0
3,US46->CS14,55657,55657,0
3,US46->CS22,55698,55698,0
3,US46->CS30,55544,55544,0
3,US46->CS38,55833,55833,0
3,US46->CS46,55004,55004,0
3,US46->CS54,55652,55652,0
3,US46->CS62,55361,55361,0
3,US47->CS7,55259,55259,0
3,US47->CS15,55740,55740,0
3,US47->CS23,55570,55570,0
3,US47->CS31,55720,55720,0
3,US47->CS39,55735,55735,0
3,US47->CS47,55599,55599,0
3,US47->CS55,55587,55587,0
3,US47->CS63,55768,55768,0
3,US48->CS0,51962,51962,0
3,US48->CS8,51861,51861,0
3,US48->CS16,51423,51423,0
3,US48->CS24,51848,51848,0
3,US48->CS32,51531,51531,0
3,US48->CS40,51415,51415,0
3,US48->CS48,51870,51870,0
3,US48->CS56,51601,51601,0
3,US49->CS1,51174,51174,0
3,US49->CS9,50765,50765,0
3,US49->CS17,51633,51633,0
3,US49->CS25,51579,51579,0
3,US49->CS33,51480,51480,0
3,US49->CS41,51639,51639,0
3,US49->CS49,51572,51572,0
3,US49->CS57,51376,51376,0
3,US50->CS2,51690,51690,0
3,US50->CS10,51618,51618,0
3,US50->CS18,51624,51624,0
3,US50->CS26,51660,51660,0
3,US50->CS34,51191,51191,0
3,US50->CS42,51403,51403,0
3,US50->CS50,51479,51479,0
3,US50->CS58,51841,51841,0
3,US51->CS3,51409,51409,0
3,US51->CS11,51239,51239,0
3,US51->CS19,51101,51101,0
3,US51->CS27,51544,51544,0
3,US51->CS35,51672,51672,0
3,US51->CS43,51225,51225,0
3,US51->CS51,51493,51493,0
3,US51->CS59,51521,51521,0
3,US52->CS4,51492,51492,0
3,US52->CS12,51595,51595,0
3,US52->CS20,51544,51544,0
3,US52->CS28,51242,51242,0
3,US52->CS36,51610,51610,0
3,US52->CS44,51210,51210,0
3,US52->CS52,51311,51311,0
3,US52->CS60,51192,51192,0
3,US53->CS5,51817,51817,0
3,US53->CS13,51453,51453,0
3,US53->CS21,51435,51435,0
3,US53->CS29,51335,51335,0
3,US53->CS37,51733,51733,0
3,US53->CS45,51234,51234,0
3,US53->CS53,51499,51499,0
3,US53->CS61,51869,51869,0
3,US54->CS6,50942,50942,0
3,US54->CS14,51414,51414,0
3,US54->CS22,51399,51399,0
3,US54->CS30,51643,51643,0
3,US54->CS38,51606,51606,0
3,US54->CS46,51079,51079,0
3,US54->CS54,51658,51658,0
3,US54->CS62,51406,51406,0
3,US55->CS7,51649,51649,0
3,US55->CS15,51650,51650,0
3,US55->CS23,51823,51823,0
3,US55->CS31,51977,51977,0
3,US55->CS39,51543,51543,0
3,US55->CS47,51469,51469,0
3,US55->CS55,51700,51700,0
3,US55->CS63,50968,50968,0
3,US56->CS0,0,0,0
3,US56->CS8,0,0,0
3,US56->CS16,0,0,0
3,US56->CS24,0,0,0
3,US56->CS32,0,0,0
3,US56->CS40,0,0,0
3,US56->CS48,0,0,0
3,US56->CS56,0,0,0
3,US57->CS1,0,0,0
3,US57->CS9,0,0,0
3,US57->CS17,0,0,0
3,US57->CS25,0,0,0
3,US57->CS33,0,0,0
3,US57->CS41,0,0,0
3,US57->CS49,0,0,0
3,US57->CS57,0,0,0
3,US58->CS2,0,0,0
3,US58->CS10,0,0,0
3,US58->CS18,0,0,0
3,US58->CS26,0,0,0
3,US58->CS34,0,0,0
3,US58->CS42,0,0,0
3,US58->CS50,0,0,0
3,US58->CS58,0,0,0
3,US59->CS3,0,0,0
3,US59->CS11,0,0,0
3,US59->CS19,0,0,0
3,US59->CS27,0,0,0
3,US59->CS35,0,0,0
3,US59->CS43,0,0,0
3,US59->CS51,0,0,0
3,US59->CS59,0,0,0
3,US60->CS4,0,0,0
3,US60->CS12,0,0,0
3,US60->CS20,0,0,0
3,US60->CS28,0,0,0
3,US60->CS36,0,0,0
3,US60->CS44,0,0,0
3,US60->CS52,0,0,0
3,US60->CS60,0,0,0
3,US61->CS5,0,0,0
3,US61->CS13,0,0,0
3,US61->CS21,0,0,0
3,US61->CS29,0,0,0
3,US61->CS37,0,0,0
3,US61->CS45,0,0,0
3,US61->CS53,0,0,0
3,US61->CS61,0,0,0
3,US62->CS6,0,0,0
3,US62->CS14,0,0,0
3,US62->CS22,0,0,0
3,US62->CS30,0,0,0
3,US62->CS38,0,0,0
3,US62->CS46,0,0,0
3,US62->CS54,0,0,0
3,US62->CS62,0,0,0
3,US63->CS7,0,0,0
3,US63->CS15,0,0,0
3,US63->CS23,0,0,0
3,US63->CS31,0,0,0
3,US63->CS39,0,0,0
3,US63->CS47,0,0,0
3,US63->CS55,0,0,0
3,US63->CS63,0,0,0
3,US64->CS0,0,0,0
3,US64->CS8,0,0,0
3,US64->CS16,0,0,0
3,US64->CS24,0,0,0
3,US64->CS32,0,0,0
3,US64->CS40,0,0,0
3,US64->CS48,0,0,0
3,US64->CS56,0,0,0
3,US65->CS1,0,0,0
3,US65->CS9,0,0,0
3,US65->CS17,0,0,0
3,US65->CS25,0,0,0
3,US65->CS33,0,0,0
3,US65->CS41,0,0,0
3,US65->CS49,0,0,0
3,US65->CS57,0,0,0
3,US66->CS2,0,0,0
3,US66->CS10,0,0,0
3,US66->CS18,0,0,0
3,US66->CS26,0,0,0
3,US66->CS34,0,0,0
3,US66->CS42,0,0,0
3,US66->CS50,0,0,0
3,US66->CS58,0,0,0
3,US67->CS3,0,0,0
3,US67->CS11,0,0,0
3,US67->CS19,0,0,0
3,US67->CS27,0,0,0
3,US67->CS35,0,0,0
3,US67->CS43,0,0,0
3,US67->CS51,0,0,0
3,US67->CS59,0,0,0
3,US68->CS4,0,0,0
3,US68->CS12,0,0,0
3,US68->CS20,0,0,0
3,US68->CS28,0,0,0
3,US68->CS36,0,0,0
3,US68->CS44,0,0,0
3,US68->CS52,0,0,0
3,US68->CS60,0,0,0
3,US69->CS5,0,0,0
3,US69->CS13,0,0,0
3,US69->CS21,0,0,0
3,US69->CS29,0,0,0
3,US69->CS37,0,0,0
3,US69->CS45,0,0,0
3,US69->CS53,0,0,0
3,US69->CS61,0,0,0
3,US70->CS6,0,0,0
3,US70->CS14,0,0,0
3,US70->CS22,0,0,0
3,US70->CS30,0,0,0
3,US70->CS38,0,0,0
3,US70->CS46,0,0,0
3,US70->CS54,0,0,0
3,US70->CS62,0,0,0
3,US71->CS7,0,0,0
3,US71->CS15,0,0,0
3,US71->CS23,0,0,0
3,US71->CS31,0,0,0
3,US71->CS39,0,0,0
3,US71->CS47,0,0,0
3,US71->CS55,0,0,0
3,US71->CS63,0,0,0
3,US72->CS0,0,0,0
3,US72->CS8,0,0,0
3,US72->CS16,0,0,0
3,US72->CS24,0,0,0
3,US72->CS32,0,0,0
3,US72->CS40,0,0,0
3,US72->CS48,0,0,0
3,US72->CS56,0,0,0
3,US73->CS1,0,0,0
3,US73->CS9,0,0,0
3,US73->CS17,0,0,0
3,US73->CS25,0,0,0
3,US73->CS33,0,0,0
3,US73->CS41,0,0,0
3,US73->CS49,0,0,0
3,US73->CS57,0,0,0
3,US74->CS2,0,0,0
3,US74->CS10,0,0,0
3,US74->CS18,0,0,0
3,US74->CS26,0,0,0
3,US74->CS34,0,0,0
3,US74->CS42,0,0,0
3,US74->CS50,0,0,0
3,US74->CS58,0,0,0
3,US75->CS3,0,0,0
3,US75->CS11,0,0,0
3,US75->CS19,0,0,0
3,US75->CS27,0,0,0
3,US75->CS35,0,0,0
3,US75->CS43,0,0,0
3,US75->CS51,0,0,0
3,US75->CS59,0,0,0
3,US76->CS4,0,0,0
3,US76->CS12,0,0,0
3,US76->CS20,0,0,0
3,US76->CS28,0,0,0
3,US76->CS36,0,0,0
3,US76->CS44,0,0,0
3,US76->CS52,0,0,0
3,US76->CS60,0,0,0
3,US77->CS5,0,0,0
3,US77->CS13,0,0,0
3,US77->CS21,0,0,0
3,US77->CS29,0,0,0
3,US77->CS37,0,0,0
3,US77->CS45,0,0,0
3,US77->CS53,0,0,0
3,US77->CS61,0,0,0
3,US78->CS6,0,0,0
3,US78->CS14,0,0,0
3,US78->CS22,0,0,0
3,US78->CS30,0,0,0
3,US78->CS38,0,0,0
3,US78->CS46,0,0,0
3,US78->CS54,0,0,0
3,US78->CS62,0,0,0
3,US79->CS7,0,0,0
3,US79->CS15,0,0,0
3,US79->CS23,0,0,0
3,US79->CS31,0,0,0
3,US79->CS39,0,0,0
3,US79->CS47,0,0,0
3,US79->CS55,0,0,0
3,US79->CS63,0,0,0
3,US80->CS0,0,0,0
3,US80->CS8,0,0,0
3,US80->CS16,0,0,0
3,US80->CS24,0,0,0
3,US80->CS32,0,0,0
3,US80->CS40,0,0,0
3,US80->CS48,0,0,0
3,US80->CS56,0,0,0
3,US81->CS1,0,0,0
3,US81->CS9,0,0,0
3,US81->CS17,0,0,0
3,US81->CS25,0,0,0
3,US81->CS33,0,0,0
3,US81->CS41,0,0,0
3,US81->CS49,0,0,0
3,US81->CS57,0,0,0
3,US82->CS2,0,0,0
3,US82->CS10,0,0,0
3,US82->CS18,0,0,0
3,US82->CS26,0,0,0
3,US82->CS34,0,0,0
3,US82->CS42,0,0,0
3,US82->CS50,0,0,0
3,US82->CS58,0,0,0
3,US83->CS3,0,0,0
3,US83->CS11,0,0,0
3,US83->CS19,0,0,0
3,US83->CS27,0,0,0
3,US83->CS35,0,0,0
3,US83->CS43,0,0,0
3,US83->CS51,0,0,0
3,US83->CS59,0,0,0
3,US84->CS4,0,0,0
3,US84->CS12,0,0,0
3,US84->CS20,0,0,0
3,US84->CS28,0,0,0
3,US84->CS36,0,0,0
3,US84->CS44,0,0,0
3,US84->CS52,0,0,0
3,US84->CS60,0,0,0
3,US85->CS5,0,0,0
3,US85->CS13,0,0,0
3,US85->CS21,0,0,0
3,US85->CS29,0,0,0
3,US85->CS37,0,0,0
3,US85->CS45,0,0,0
3,US85->CS53,0,0,0
3,US85->CS61,0,0,0
3,US86->CS6,0,0,0
3,US86->CS14,0,0,0
3,US86->CS22,0,0,0
3,US86->CS30,0,0,0
3,US86->CS38,0,0,0
3,US86->CS46,0,0,0
3,US86->CS54,0,0,0
3,US86->CS62,0,0,0
3,US87->CS7,0,0,0
3,US87->CS15,0,0,0
3,US87->CS23,0,0,0
3,US87->CS31,0,0,0
3,US87->CS39,0,0,0
3,US87->CS47,0,0,0
3,US87->CS55,0,0,0
3,US87->CS63,0,0,0
3,US88->CS0,0,0,0
3,US88->CS8,0,0,0
3,US88->CS16,0,0,0
3,US88->CS24,0,0,0
3,US88->CS32,0,0,0
3,US88->CS40,0,0,0
3,US88->CS48,0,0,0
3,US88->CS56,0,0,0
3,US89->CS1,0,0,0
3,US89->CS9,0,0,0
3,US89->CS17,0,0,0
3,US89->CS25,0,0,0
3,US89->CS33,0,0,0
3,US89->CS41,0,0,0
3,US89->CS49,0,0,0
3,US89->CS57,0,0,0
3,US90->CS2,0,0,0
3,US90->CS10,0,0,0
3,US90->CS18,0,0,0
3,US90->CS26,0,0,0
3,US90->CS34,0,0,0
3,US90->CS42,0,0,0
3,US90->CS50,0,0,0
3,US90->CS58,0,0,0
3,US91->CS3,0,0,0
3,US91->CS11,0,0,0
3,US91->CS19,0,0,0
3,US91->CS27,0,0,0
3,US91->CS35,0,0,0
3,US91->CS43,0,0,0
3,US91->CS51,0,0,0
3,US91->CS59,0,0,0
3,US92->CS4,0,0,0
3,US92->CS12,0,0,0
3,US92->CS20,0,0,0
3,US92->CS28,0,0,0
3,US92->CS36,0,0,0
3,US92->CS44,0,0,0
3,US92->CS52,0,0,0
3,US92->CS60,0,0,0
3,US93->CS5,0,0,0
3,US93->CS13,0,0,0
3,US93->CS21,0,0,0
3,US93->CS29,0,0,0
3,US93->CS37,0,0,0
3,US93->CS45,0,0,0
3,US93->CS53,0,0,0
3,US93->CS61,0,0,0
3,US94->CS6,0,0,0
3,US94->CS14,0,0,0
3,US94->CS22,0,0,0
3,US94->CS30,0,0,0
3,US94->CS38,0,0,0
3,US94->CS46,0,0,0
3,US94->CS54,0,0,0
3,US94->CS62,0,0,0
3,US95->CS7,0,0,0
3,US95->CS15,0,0,0
3,US95->CS23,0,0,0
3,US95->CS31,0,0,0
3,US95->CS39,0,0,0
3,US95->CS47,0,0,0
3,US95->CS55,0,0,0
3,US95->CS63,0,0,0
3,US96->CS0,0,0,0
3,US96->CS8,0,0,0
3,US96->CS16,0,0,0
3,US96->CS24,0,0,0
3,US96->CS32,0,0,0
3,US96->CS40,0,0,0
3,US96->CS48,0,0,0
3,US96->CS56,0,0,0
3,US97->CS1,0,0,0
3,US97->CS9,0,0,0
3,US97->CS17,0,0,0
3,US97->CS25,0,0,0
3,US97->CS33,0,0,0
3,US97->CS41,0,0,0
3,US97->CS49,0,0,0
3,US97->CS57,0,0,0
3,US98->CS2,0,0,0
3,US98->CS10,0,0,0
3,US98->CS18,0,0,0
3,US98->CS26,0,0,0
3,US98->CS34,0,0,0
3,US98->CS42,0,0,0
3,US98->CS50,0,0,0
3,US98->CS58,0,0,0
3,US99->CS3,0,0,0
3,US99->CS11,0,0,0
3,US99->CS19,0,0,0
3,US99->CS27,0,0,0
3,US99->CS35,0,0,0
3,US99->CS43,0,0,0
3,US99->CS51,0,0,0
3,US99->CS59,0,0,0
3,US100->CS4,0,0,0
3,US100->CS12,0,0,0
3,US100->CS20,0,0,0
3,US100->CS28,0,0,0
3,US100->CS36,0,0,0
3,US100->CS44,0,0,0
3,US100->CS52,0,0,0
3,US100->CS60,0,0,0
3,US101->CS5,0,0,0
3,US101->CS13,0,0,0
3,US101->CS21,0,0,0
3,US101->CS29,0,0,0
3,US101->CS37,0,0,0
3,US101->CS45,0,0,0
3,US101->CS53,0,0,0
3,US101->CS61,0,0,0
3,US102->CS6,0,0,0
3,US102->CS14,0,0,0
3,US102->CS22,0,0,0
3,US102->CS30,0,0,0
3,US102->CS38,0,0,0
3,US102->CS46,0,0,0
3,US102->CS54,0,0,0
3,US102->CS62,0,0,0
3,US103->CS7,0,0,0
3,US103->CS15,0,0,0
3,US103->CS23,0,0,0
3,US103->CS31,0,0,0
3,US103->CS39,0,0,0
3,US103->CS47,0,0,0
3,US103->CS55,0,0,0
3,US103->CS63,0,0,0
3,US104->CS0,0,0,0
3,US104->CS8,0,0,0
3,US104->CS16,0,0,0
3,US104->CS24,0,0,0
3,US104->CS32,0,0,0
3,US104->CS40,0,0,0
3,US104->CS48,0,0,0
3,US104->CS56,0,0,0
3,US105->CS1,0,0,0
3,US105->CS9,0,0,0
3,US105->CS17,0,0,0
3,US105->CS25,0,0,0
3,US105->CS33,0,0,0
3,US105->CS41,0,0,0
3,US105->CS49,0,0,0
3,US105->CS57,0,0,0
3,US106->CS2,0,0,0
3,US106->CS10,0,0,0
3,US106->CS18,0,0,0
3,US106->CS26,0,0,0
3,US106->CS34,0,0,0
3,US106->CS42,0,0,0
3,US106->CS50,0,0,0
3,US106->CS58,0,0,0
3,US107->CS3,0,0,0
3,US107->CS11,0,0,0
3,US107->CS19,0,0,0
3,US107->CS27,0,0,0
3,US107->CS35,0,0,0
3,US107->CS43,0,0,0
3,US107->CS51,0,0,0
3,US107->CS59,0,0,0
3,US108->CS4,0,0,0
3,US108->CS12,0,0,0
3,US108->CS20,0,0,0
3,US108->CS28,0,0,0
3,US108->CS36,0,0,0
3,US108->CS44,0,0,0
3,US108->CS52,0,0,0
3,US108->CS60,0,0,0
3,US109->CS5,0,0,0
3,US109->CS13,0,0,0
3,US109->CS21,0,0,0
3,US109->CS29,0,0,0
3,US109->CS37,0,0,0
3,US109->CS45,0,0,0
3,US109->CS53,0,0,0
3,US109->CS61,0,0,0
3,US110->CS6,0,0,0
3,US110->CS14,0,0,0
3,US110->CS22,0,0,0
3,US110->CS30,0,0,0
3,US110->CS38,0,0,0
3,US110->CS46,0,0,0
3,US110->CS54,0,0,0
3,US110->CS62,0,0,0
3,US111->CS7,0,0,0
3,US111->CS15,0,0,0
3,US111->CS23,0,0,0
3,US111->CS31,0,0,0
3,US111->CS39,0,0,0
3,US111->CS47,0,0,0
3,US111->CS55,0,0,0
3,US111->CS63,0,0,0
3,US112->CS0,50830,50830,0
3,US112->CS8,51100,51100,0
3,US112->CS16,51016,51016,0
3,US112->CS24,50996,50996,0
3,US112->CS32,50754,50754,0
3,US112->CS40,50994,50994,0
3,US112->CS48,50787,50787,0
3,US112->CS56,51070,51070,0
3,US113->CS1,51172,51172,0
3,US113->CS9,50866,50866,0
3,US113->CS17,51197,51197,0
3,US113->CS25,50736,50736,0
3,US113->CS33,50979,50979,0
3,US113->CS41,51106,51106,0
3,US113->CS49,51457,51457,0
3,US113->CS57,51144,51144,0
3,US114->CS2,51288,51288,0
3,US114->CS10,50634,50634,0
3,US114->CS18,50702,50702,0
3,US114->CS26,50884,50884,0
3,US114->CS34,51281,51281,0
3,US114->CS42,50867,50867,0
3,US114->CS50,50655,50655,0
3,US114->CS58,51017,51017,0
3,US115->CS3,50996,50996,0
3,US115->CS11,51030,51030,0
3,US115->CS19,50932,50932,0
3,US115->CS27,50850,50850,0
3,US115->CS35,51032,51032,0
3,US115->CS43,50677,50677,0
3,US115->CS51,50872,50872,0
3,US115->CS59,51293,51293,0
3,US116->CS4,51199,51199,0
3,US116->CS12,51166,51166,0
3,US116->CS20,51129,51129,0
3,US116->CS28,51236,51236,0
3,US116->CS36,51471,51471,0
3,US116->CS44,51145,51145,0
3,US116->CS52,51003,51003,0
3,US116->CS60,50793,50793,0
3,US117->CS5,50871,50871,0
3,US117->CS13,50982,50982,0
3,US117->CS21,51047,51047,0
3,US117->CS29,51044,51044,0
3,US117->CS37,51405,51405,0
3,US117->CS45,51236,51236,0
3,US117->CS53,50842,50842,0
3,US117->CS61,51319,51319,0
3,US118->CS6,51639,51639,0
3,US118->CS14,51358,51358,0
3,US118->CS22,50940,50940,0
3,US118->CS30,51212,51212,0
3,US118->CS38,50887,50887,0
3,US118->CS46,51105,51105,0
3,US118->CS54,50875,50875,0
3,US118->CS62,51591,51591,0
3,US119->CS7,51140,51140,0
3,US119->CS15,50689,50689,0
3,US119->CS23,51022,51022,0
3,US119->CS31,50781,50781,0
3,US119->CS39,50927,50927,0
3,US119->CS47,50759,50759,0
3,US119->CS55,50941,50941,0
3,US119->CS63,51068,51068,0
3,US120->CS0,0,0,0
3,US120->CS8,0,0,0
3,US120->CS16,0,0,0
3,US120->CS24,0,0,0
3,US120->CS32,0,0,0
3,US120->CS40,0,0,0
3,US120->CS48,0,0,0
3,US120->CS56,0,0,0
3,US121->CS1,0,0,0
3,US121->CS9,0,0,0
3,US121->CS17,0,0,0
3,US121->CS25,0,0,0
3,US121->CS33,0,0,0
3,US121->CS41,0,0,0
3,US121->CS49,0,0,0
3,US121->CS57,0,0,0
3,US122->CS2,0,0,0
3,US122->CS10,0,0,0
3,US122->CS18,0,0,0
3,US122->CS26,0,0,0
3,US122->CS34,0,0,0
3,US122->CS42,0,0,0
3,US122->CS50,0,0,0
3,US122->CS58,0,0,0
3,US123->CS3,0,0,0
3,US123->CS11,0,0,0
3,US123->CS19,0,0,0
3,US123->CS27,0,0,0
3,US123->CS35,0,0,0
3,US123->CS43,0,0,0
3,US123->CS51,0,0,0
3,US123->CS59,0,0,0
3,US124->CS4,0,0,0
3,US124->CS12,0,0,0
3,US124->CS20,0,0,0
3,US124->CS28,0,0,0
3,US124->CS36,0,0,0
3,US124->CS44,0,0,0
3,US124->CS52,0,0,0
3,US124->CS60,0,0,0
3,US125->CS5,0,0,0
3,US125->CS13,0,0,0
3,US125->CS21,0,0,0
3,US125->CS29,0,0,0
3,US125->CS37,0,0,0
3,US125->CS45,0,0,0
3,US125->CS53,0,0,0
3,US125->CS61,0,0,0
3,US126->CS6,0,0,0
3,US126->CS14,0,0,0
3,US126->CS22,0,0,0
3,US126->CS30,0,0,0
3,US126->CS38,0,0,0
3,US126->CS46,0,0,0
3,US126->CS54,0,0,0
3,US126->CS62,0,0,0
3,US127->CS7,0,0,0
3,US127->CS15,0,0,0
3,US127->CS23,0,0,0
3,US127->CS31,0,0,0
3,US127->CS39,0,0,0
3,US127->CS47,0,0,0
3,US127->CS55,0,0,0
3,US127->CS63,0,0,0
3,CS0->US0,51838,51838,0
3,CS0->US8,0,0,0
3,CS0->US16,0,0,0
3,CS0->US24,0,0,0
3,CS0->US32,0,0,0
3,CS0->US40,50954,50954,0
3,CS0->US48,51292,51292,0
3,CS0->US56,0,0,0
3,CS0->US64,0,0,0
3,CS0->US72,0,0,0
3,CS0->US80,0,0,0
3,CS0->US88,0,0,0
3,CS0->US96,0,0,0
3,CS0->US104,0,0,0
3,CS0->US112,55945,55945,0
3,CS0->US120,0,0,0
3,CS1->US1,51116,51116,0
3,CS1->US9,0,0,0
3,CS1->US17,0,0,0
3,CS1->US25,0,0,0
3,CS1->US33,0,0,0
3,CS1->US41,51230,51230,0
3,CS1->US49,51417,51417,0
3,CS1->US57,0,0,0
3,CS1->US65,0,0,0
3,CS1->US73,0,0,0
3,CS1->US81,0,0,0
3,CS1->US89,0,0,0
3,CS1->US97,0,0,0
3,CS1->US105,0,0,0
3,CS1->US113,55238,55238,0
3,CS1->US121,0,0,0
3,CS2->US2,51589,51589,0
3,CS2->US10,0,0,0
3,CS2->US18,0,0,0
3,CS2->US26,0,0,0
3,CS2->US34,0,0,0
3,CS2->US42,51389,51389,0
3,CS2->US50,51389,51389,0
3,CS2->US58,0,0,0
3,CS2->US66,0,0,0
3,CS2->US74,0,0,0
3,CS2->US82,0,0,0
3,CS2->US90,0,0,0
3,CS2->US98,0,0,0
3,CS2->US106,0,0,0
3,CS2->US114,56089,56089,0
3,CS2->US122,0,0,0
3,CS3->US3,51279,51279,0
3,CS3->US11,0,0,0
3,CS3->US19,0,0,0
3,CS3->US27,0,0,0
3,CS3->US35,0,0,0
3,CS3->US43,51126,51126,0
3,CS3->US51,51026,51026,0
3,CS3->US59,0,0,0
3,CS3->US67,0,0,0
3,CS3->US75,0,0,0
3,CS3->US83,0,0,0
3,CS3->US91,0,0,0
3,CS3->US99,0,0,0
3,CS3->US107,0,0,0
3,CS3->US115,55745,55745,0
3,CS3->US123,0,0,0
3,CS4->US4,51404,51404,0
3,CS4->US12,0,0,0
3,CS4->US20,0,0,0
3,CS4->US28,0,0,0
3,CS4->US36,0,0,0
3,CS4->US44,51287,51287,0
3,CS4->US52,51240,51240,0
3,CS4->US60,0,0,0
3,CS4->US68,0,0,0
3,CS4->US76,0,0,0
3,CS4->US84,0,0,0
3,CS4->US92,0,0,0
3,CS4->US100,0,0,0
3,CS4->US108,0,0,0
3,CS4->US116,55532,55532,0
3,CS4->US124,0,0,0
3,CS5->US5,51710,51710,0
3,CS5->US13,0,0,0
3,CS5->US21,0,0,0
3,CS5->US29,0,0,0
3,CS5->US37,0,0,0
3,CS5->US45,50978,50978,0
3,CS5->US53,51091,51091,0
3,CS5->US61,0,0,0
3,CS5->US69,0,0,0
3,CS5->US77,0,0,0
3,CS5->US85,0,0,0
3,CS5->US93,0,0,0
3,CS5->US101,0,0,0
3,CS5->US109,0,0,0
3,CS5->US117,55546,55546,0
3,CS5->US125,0,0,0
3,CS6->US6,50865,50865,0
3,CS6->US14,0,0,0
3,CS6->US22,0,0,0
3,CS6->US30,0,0,0
3,CS6->US38,0,0,0
3,CS6->US46,51716,51716,0
3,CS6->US54,51432,51432,0
3,CS6->US62,0,0,0
3,CS6->US70,0,0,0
3,CS6->US78,0,0,0
3,CS6->US86,0,0,0
3,CS6->US94,0,0,0
3,CS6->US102,0,0,0
3,CS6->US110,0,0,0
3,CS6->US118,55723,55723,0
3,CS6->US126,0,0,0
3,CS7->US7,51531,51531,0
3,CS7->US15,0,0,0
3,CS7->US23,0,0,0
3,CS7->US31,0,0,0
3,CS7->US39,0,0,0
3,CS7->US47,51258,51258,0
3,CS7->US55,51627,51627,0
3,CS7->US63,0,0,0
3,CS7->US71,0,0,0
3,CS7->US79,0,0,0
3,CS7->US87,0,0,0
3,CS7->US95,0,0,0
3,CS7->US103,0,0,0
3,CS7->US111,0,0,0
3,CS7->US119,55319,55319,0
3,CS7->US127,0,0,0
3,CS8->US0,51782,51782,0
3,CS8->US8,0,0,0
3,CS8->US16,0,0,0
3,CS8->US24,0,0,0
3,CS8->US32,0,0,0
3,CS8->US40,51179,51179,0
3,CS8->US48,51807,51807,0
3,CS8->US56,0,0,0
3,CS8->US64,0,0,0
3,CS8->US72,0,0,0
3,CS8->US80,0,0,0
3,CS8->US88,0,0,0
3,CS8->US96,0,0,0
3,CS8->US104,0,0,0
3,CS8->US112,55422,55422,0
3,CS8->US120,0,0,0
3,CS9->US1,50664,50664,0
3,CS9->US9,0,0,0
3,CS9->US17,0,0,0
3,CS9->US25,0,0,0
3,CS9->US33,0,0,0
3,CS9->US41,50967,50967,0
3,CS9->US49,51632,51632,0
3,CS9->US57,0,0,0
3,CS9->US65,0,0,0
3,CS9->US73,0,0,0
3,CS9->US81,0,0,0
3,CS9->US89,0,0,0
3,CS9->US97,0,0,0
3,CS9->US105,0,0,0
3,CS9->US113,55515,55515,0
3,CS9->US121,0,0,0
3,CS10->US2,51521,51521,0
3,CS10->US10,0,0,0
3,CS10->US18,0,0,0
3,CS10->US26,0,0,0
3,CS10->US34,0,0,0
3,CS10->US42,50731,50731,0
3,CS10->US50,51197,51197,0
3,CS10->US58,0,0,0
3,CS10->US66,0,0,0
3,CS10->US74,0,0,0
3,CS10->US82,0,0,0
3,CS10->US90,0,0,0
3,CS10->US98,0,0,0
3,CS10->US106,0,0,0
3,CS10->US114,55643,55643,0
3,CS10->US122,0,0,0
3,CS11->US3,51154,51154,0
3,CS11->US11,0,0,0
3,CS11->US19,0,0,0
3,CS11->US27,0,0,0
3,CS11->US35,0,0,0
3,CS11->US43,51115,51115,0
3,CS11->US51,50952,50952,0
3,CS11->US59,0,0,0
3,CS11->US67,0,0,0
3,CS11->US75,0,0,0
3,CS11->US83,0,0,0
3,CS11->US91,0,0,0
3,CS11->US99,0,0,0
3,CS11->US107,0,0,0
3,CS11->US115,55564,55564,0
3,CS11->US123,0,0,0
3,CS12->US4,51518,51518,0
3,CS12->US12,0,0,0
3,CS12->US20,0,0,0
3,CS12->US28,0,0,0
3,CS12->US36,0,0,0
3,CS12->US44,51243,51243,0
3,CS12->US52,51294,51294,0
3,CS12->US60,0,0,0
3,CS12->US68,0,0,0
3,CS12->US76,0,0,0
3,CS12->US84,0,0,0
3,CS12->US92,0,0,0
3,CS12->US100,0,0,0
3,CS12->US108,0,0,0
3,CS12->US116,55746,55746,0
3,CS12->US124,0,0,0
3,CS13->US5,51354,51354,0
3,CS13->US13,0,0,0
3,CS13->US21,0,0,0
3,CS13->US29,0,0,0
3,CS13->US37,0,0,0
3,CS13->US45,51081,51081,0
3,CS13->US53,51699,51699,0
3,CS13->US61,0,0,0
3,CS13->US69,0,0,0
3,CS13->US77,0,0,0
3,CS13->US85,0,0,0
3,CS13->US93,0,0,0
3,CS13->US101,0,0,0
3,CS13->US109,0,0,0
3,CS13->US117,55603,55603,0
3,CS13->US125,0,0,0
3,CS14->US6,51282,51282,0
3,CS14->US14,0,0,0
3,CS14->US22,0,0,0
3,CS14->US30,0,0,0
3,CS14->US38,0,0,0
3,CS14->US46,51490,51490,0
3,CS14->US54,51025,51025,0
3,CS14->US62,0,0,0
3,CS14->US70,0,0,0
3,CS14->US78,0,0,0
3,CS14->US86,0,0,0
3,CS14->US94,0,0,0
3,CS14->US102,0,0,0
3,CS14->US110,0,0,0
3,CS14->US118,55761,55761,0
3,CS14->US126,0,0,0
3,CS15->US7,51514,51514,0
3,CS15->US15,0,0,0
3,CS15->US23,0,0,0
3,CS15->US31,0,0,0
3,CS15->US39,0,0,0
3,CS15->US47,50825,50825,0
3,CS15->US55,51585,51585,0
3,CS15->US63,0,0,0
3,CS15->US71,0,0,0
3,CS15->US79,0,0,0
3,CS15->US87,0,0,0
3,CS15->US95,0,0,0
3,CS15->US103,0,0,0
3,CS15->US111,0,0,0
3,CS15->US119,55868,55868,0
3,CS15->US127,0,0,0
3,CS16->US0,51331,51331,0
3,CS16->US8,0,0,0
3,CS16->US16,0,0,0
3,CS16->US24,0,0,0
3,CS16->US32,0,0,0
3,CS16->US40,51108,51108,0
3,CS16->US48,51356,51356,0
3,CS16->US56,0,0,0
3,CS16->US64,0,0,0
3,CS16->US72,0,0,0
3,CS16->US80,0,0,0
3,CS16->US88,0,0,0
3,CS16->US96,0,0,0
3,CS16->US104,0,0,0
3,CS16->US112,55295,55295,0
3,CS16->US120,0,0,0
3,CS17->US1,51500,51500,0
3,CS17->US9,0,0,0
3,CS17->US17,0,0,0
3,CS17->US25,0,0,0
3,CS17->US33,0,0,0
3,CS17->US41,51330,51330,0
3,CS17->US49,51559,51559,0
3,CS17->US57,0,0,0
3,CS17->US65,0,0,0
3,CS17->US73,0,0,0
3,CS17->US81,0,0,0
3,CS17->US89,0,0,0
3,CS17->US97,0,0,0
3,CS17->US105,0,0,0
3,CS17->US113,55392,55392,0
3,CS17->US121,0,0,0
3,CS18->US2,51522,51522,0
3,CS18->US10,0,0,0
3,CS18->US18,0,0,0
3,CS18->US26,0,0,0
3,CS18->US34,0,0,0
3,CS18->US42,50804,50804,0
3,CS18->US50,51304,51304,0
3,CS18->US58,0,0,0
3,CS18->US66,0,0,0
3,CS18->US74,0,0,0
3,CS18->US82,0,0,0
3,CS18->US90,0,0,0
3,CS18->US98,0,0,0
3,CS18->US106,0,0,0
3,CS18->US114,55348,55348,0
3,CS18->US122,0,0,0
3,CS19->US3,50996,50996,0
3,CS19->US11,0,0,0
3,CS19->US19,0,0,0
3,CS19->US27,0,0,0
3,CS19->US35,0,0,0
3,CS19->US43,51037,51037,0
3,CS19->US51,51318,51318,0
3,CS19->US59,0,0,0
3,CS19->US67,0,0,0
3,CS19->US75,0,0,0
3,CS19->US83,0,0,0
3,CS19->US91,0,0,0
3,CS19->US99,0,0,0
3,CS19->US107,0,0,0
3,CS19->US115,55855,55855,0
3,CS19->US123,0,0,0
3,CS20->US4,51458,51458,0
3,CS20->US12,0,0,0
3,CS20->US20,0,0,0
3,CS20->US28,0,0,0
3,CS20->US36,0,0,0
3,CS20->US44,51215,51215,0
3,CS20->US52,50923,50923,0
3,CS20->US60,0,0,0
3,CS20->US68,0,0,0
3,CS20->US76,0,0,0
3,CS20->US84,0,0,0
3,CS20->US92,0,0,0
3,CS20->US100,0,0,0
3,CS20->US108,0,0,0
3,CS20->US116,55876,55876,0
3,CS20->US124,0,0,0
3,CS21->US5,51335,51335,0
3,CS21->US13,0,0,0
3,CS21->US21,0,0,0
3,CS21->US29,0,0,0
3,CS21->US37,0,0,0
3,CS21->US45,51147,51147,0
3,CS21->US53,51531,51531,0
3,CS21->US61,0,0,0
3,CS21->US69,0,0,0
3,CS21->US77,0,0,0
3,CS21->US85,0,0,0
3,CS21->US93,0,0,0
3,CS21->US101,0,0,0
3,CS21->US109,0,0,0
3,CS21->US117,55575,55575,0
3,CS21->US125,0,0,0
3,CS22->US6,51315,51315,0
3,CS22->US14,0,0,0
3,CS22->US22,0,0,0
3,CS22->US30,0,0,0
3,CS22->US38,0,0,0
3,CS22->US46,51024,51024,0
3,CS22->US54,51373,51373,0
3,CS22->US62,0,0,0
3,CS22->US70,0,0,0
3,CS22->US78,0,0,0
3,CS22->US86,0,0,0
3,CS22->US94,0,0,0
3,CS22->US102,0,0,0
3,CS22->US110,0,0,0
3,CS22->US118,55760,55760,0
3,CS22->US126,0,0,0
3,CS23->US7,51765,51765,0
3,CS23->US15,0,0,0
3,CS23->US23,0,0,0
3,CS23->US31,0,0,0
3,CS23->US39,0,0,0
3,CS23->US47,51080,51080,0
3,CS23->US55,51674,51674,0
3,CS23->US63,0,0,0
3,CS23->US71,0,0,0
3,CS23->US79,0,0,0
3,CS23->US87,0,0,0
3,CS23->US95,0,0,0
3,CS23->US103,0,0,0
3,CS23->US111,0,0,0
3,CS23->US119,55674,55674,0
3,CS23->US127,0,0,0
3,CS24->US0,51772,51772,0
3,CS24->US8,0,0,0
3,CS24->US16,0,0,0
3,CS24->US24,0,0,0
3,CS24->US32,0,0,0
3,CS24->US40,51072,51072,0
3,CS24->US48,51259,51259,0
3,CS24->US56,0,0,0
3,CS24->US64,0,0,0
3,CS24->US72,0,0,0
3,CS24->US80,0,0,0
3,CS24->US88,0,0,0
3,CS24->US96,0,0,0
3,CS24->US104,0,0,0
3,CS24->US112,55877,55877,0
3,CS24->US120,0,0,0
3,CS25->US1,51467,51467,0
3,CS25->US9,0,0,0
3,CS25->US17,0,0,0
3,CS25->US25,0,0,0
3,CS25->US33,0,0,0
3,CS25->US41,50848,50848,0
3,CS25->US49,51552,51552,0
3,CS25->US57,0,0,0
3,CS25->US65,0,0,0
3,CS25->US73,0,0,0
3,CS25->US81,0,0,0
3,CS25->US89,0,0,0
3,CS25->US97,0,0,0
3,CS25->US105,0,0,0
3,CS25->US113,55869,55869,0
3,CS25->US121,0,0,0
3,CS26->US2,51569,51569,0
3,CS26->US10,0,0,0
3,CS26->US18,0,0,0
3,CS26->US26,0,0,0
3,CS26->US34,0,0,0
3,CS26->US42,50975,50975,0
3,CS26->US50,51132,51132,0
3,CS26->US58,0,0,0
3,CS26->US66,0,0,0
3,CS26->US74,0,0,0
3,CS26->US82,0,0,0
3,CS26->US90,0,0,0
3,CS26->US98,0,0,0
3,CS26->US106,0,0,0
3,CS26->US114,55728,55728,0
3,CS26->US122,0,0,0
3,CS27->US3,51456,51456,0
3,CS27->US11,0,0,0
3,CS27->US19,0,0,0
3,CS27->US27,0,0,0
3,CS27->US35,0,0,0
3,CS27->US43,50938,50938,0
3,CS27->US51,51185,51185,0
3,CS27->US59,0,0,0
3,CS27->US67,0,0,0
3,CS27->US75,0,0,0
3,CS27->US83,0,0,0
3,CS27->US91,0,0,0
3,CS27->US99,0,0,0
3,CS27->US107,0,0,0
3,CS27->US115,55632,55632,0
3,CS27->US123,0,0,0
3,CS28->US4,51180,51180,0
3,CS28->US12,0,0,0
3,CS28->US20,0,0,0
3,CS28->US28,0,0,0
3,CS28->US36,0,0,0
3,CS28->US44,51298,51298,0
3,CS28->US52,51671,51671,0
3,CS28->US60,0,0,0
3,CS28->US68,0,0,0
3,CS28->US76,0,0,0
3,CS28->US84,0,0,0
3,CS28->US92,0,0,0
3,CS28->US100,0,0,0
3,CS28->US108,0,0,0
3,CS28->US116,55315,55315,0
3,CS28->US124,0,0,0
3,CS29->US5,51265,51265,0
3,CS29->US13,0,0,0
3,CS29->US21,0,0,0
3,CS29->US29,0,0,0
3,CS29->US37,0,0,0
3,CS29->US45,51114,51114,0
3,CS29->US53,51445,51445,0
3,CS29->US61,0,0,0
3,CS29->US69,0,0,0
3,CS29->US77,0,0,0
3,CS29->US85,0,0,0
3,CS29->US93,0,0,0
3,CS29->US101,0,0,0
3,CS29->US109,0,0,0
3,CS29->US117,55540,55540,0
3,CS29->US125,0,0,0
3,CS30->US6,51572,51572,0
3,CS30->US14,0,0,0
3,CS30->US22,0,0,0
3,CS30->US30,0,0,0
3,CS30->US38,0,0,0
3,CS30->US46,51283,51283,0
3,CS30->US54,51563,51563,0
3,CS30->US62,0,0,0
3,CS30->US70,0,0,0
3,CS30->US78,0,0,0
3,CS30->US86,0,0,0
3,CS30->US94,0,0,0
3,CS30->US102,0,0,0
3,CS30->US110,0,0,0
3,CS30->US118,55624,55624,0
3,CS30->US126,0,0,0
3,CS31->US7,51884,51884,0
3,CS31->US15,0,0,0
3,CS31->US23,0,0,0
3,CS31->US31,0,0,0
3,CS31->US39,0,0,0
3,CS31->US47,50874,50874,0
3,CS31->US55,51559,51559,0
3,CS31->US63,0,0,0
3,CS31->US71,0,0,0
3,CS31->US79,0,0,0
3,CS31->US87,0,0,0
3,CS31->US95,0,0,0
3,CS31->US103,0,0,0
3,CS31->US111,0,0,0
3,CS31->US119,55842,55842,0
3,CS31->US127,0,0,0
3,CS32->US0,51429,51429,0
3,CS32->US8,0,0,0
3,CS32->US16,0,0,0
3,CS32->US24,0,0,0
3,CS32->US32,0,0,0
3,CS32->US40,50856,50856,0
3,CS32->US48,51226,51226,0
3,CS32->US56,0,0,0
3,CS32->US64,0,0,0
3,CS32->US72,0,0,0
3,CS32->US80,0,0,0
3,CS32->US88,0,0,0
3,CS32->US96,0,0,0
3,CS32->US104,0,0,0
3,CS32->US112,56003,56003,0
3,CS32->US120,0,0,0
3,CS33->US1,51356,51356,0
3,CS33->US9,0,0,0
3,CS33->US17,0,0,0
3,CS33->US25,0,0,0
3,CS33->US33,0,0,0
3,CS33->US41,51103,51103,0
3,CS33->US49,51543,51543,0
3,CS33->US57,0,0,0
3,CS33->US65,0,0,0
3,CS33->US73,0,0,0
3,CS33->US81,0,0,0
3,CS33->US89,0,0,0
3,CS33->US97,0,0,0
3,CS33->US105,0,0,0
3,CS33->US113,55420,55420,0
3,CS33->US121,0,0,0
3,CS34->US2,51087,51087,0
3,CS34->US10,0,0,0
3,CS34->US18,0,0,0
3,CS34->US26,0,0,0
3,CS34->US34,0,0,0
3,CS34->US42,51385,51385,0
3,CS34->US50,51424,51424,0
3,CS34->US58,0,0,0
3,CS34->US66,0,0,0
3,CS34->US74,0,0,0
3,CS34->US82,0,0,0
3,CS34->US90,0,0,0
3,CS34->US98,0,0,0
3,CS34->US106,0,0,0
3,CS34->US114,55662,55662,0
3,CS34->US122,0,0,0
3,CS35->US3,51571,51571,0
3,CS35->US11,0,0,0
3,CS35->US19,0,0,0
3,CS35->US27,0,0,0
3,CS35->US35,0,0,0
3,CS35->US43,51133,51133,0
3,CS35->US51,51400,51400,0
3,CS35->US59,0,0,0
3,CS35->US67,0,0,0
3,CS35->US75,0,0,0
3,CS35->US83,0,0,0
3,CS35->US91,0,0,0
3,CS35->US99,0,0,0
3,CS35->US107,0,0,0
3,CS35->US115,55619,55619,0
3,CS35->US123,0,0,0
3,CS36->US4,51500,51500,0
3,CS36->US12,0,0,0
3,CS36->US20,0,0,0
3,CS36->US28,0,0,0
3,CS36->US36,0,0,0
3,CS36->US44,51581,51581,0
3,CS36->US52,51521,51521,0
3,CS36->US60,0,0,0
3,CS36->US68,0,0,0
3,CS36->US76,0,0,0
3,CS36->US84,0,0,0
3,CS36->US92,0,0,0
3,CS36->US100,0,0,0
3,CS36->US108,0,0,0
3,CS36->US116,55456,55456,0
3,CS36->US124,0,0,0
3,CS37->US5,51618,51618,0
3,CS37->US13,0,0,0
3,CS37->US21,0,0,0
3,CS37->US29,0,0,0
3,CS37->US37,0,0,0
3,CS37->US45,51520,51520,0
3,CS37->US53,50979,50979,0
3,CS37->US61,0,0,0
3,CS37->US69,0,0,0
3,CS37->US77,0,0,0
3,CS37->US85,0,0,0
3,CS37->US93,0,0,0
3,CS37->US101,0,0,0
3,CS37->US109,0,0,0
3,CS37->US117,55704,55704,0
3,CS37->US125,0,0,0
3,CS38->US6,51518,51518,0
3,CS38->US14,0,0,0
3,CS38->US22,0,0,0
3,CS38->US30,0,0,0
3,CS38->US38,0,0,0
3,CS38->US46,50975,50975,0
3,CS38->US54,51485,51485,0
3,CS38->US62,0,0,0
3,CS38->US70,0,0,0
3,CS38->US78,0,0,0
3,CS38->US86,0,0,0
3,CS38->US94,0,0,0
3,CS38->US102,0,0,0
3,CS38->US110,0,0,0
3,CS38->US118,55935,55935,0
3,CS38->US126,0,0,0
3,CS39->US7,51454,51454,0
3,CS39->US15,0,0,0
3,CS39->US23,0,0,0
3,CS39->US31,0,0,0
3,CS39->US39,0,0,0
3,CS39->US47,51016,51016,0
3,CS39->US55,51523,51523,0
3,CS39->US63,0,0,0
3,CS39->US71,0,0,0
3,CS39->US79,0,0,0
3,CS39->US87,0,0,0
3,CS39->US95,0,0,0
3,CS39->US103,0,0,0
3,CS39->US111,0,0,0
3,CS39->US119,55844,55844,0
3,CS39->US127,0,0,0
3,CS40->US0,51341,51341,0
3,CS40->US8,0,0,0
3,CS40->US16,0,0,0
3,CS40->US24,0,0,0
3,CS40->US32,0,0,0
3,CS40->US40,51068,51068,0
3,CS40->US48,50881,50881,0
3,CS40->US56,0,0,0
3,CS40->US64,0,0,0
3,CS40->US72,0,0,0
3,CS40->US80,0,0,0
3,CS40->US88,0,0,0
3,CS40->US96,0,0,0
3,CS40->US104,0,0,0
3,CS40->US112,55537,55537,0
3,CS40->US120,0,0,0
3,CS41->US1,51542,51542,0
3,CS41->US9,0,0,0
3,CS41->US17,0,0,0
3,CS41->US25,0,0,0
3,CS41->US33,0,0,0
3,CS41->US41,51203,51203,0
3,CS41->US49,51719,51719,0
3,CS41->US57,0,0,0
3,CS41->US65,0,0,0
3,CS41->US73,0,0,0
3,CS41->US81,0,0,0
3,CS41->US89,0,0,0
3,CS41->US97,0,0,0
3,CS41->US105,0,0,0
3,CS41->US113,55394,55394,0
3,CS41->US121,0,0,0
3,CS42->US2,51322,51322,0
3,CS42->US10,0,0,0
3,CS42->US18,0,0,0
3,CS42->US26,0,0,0
3,CS42->US34,0,0,0
3,CS42->US42,50948,50948,0
3,CS42->US50,51706,51706,0
3,CS42->US58,0,0,0
3,CS42->US66,0,0,0
3,CS42->US74,0,0,0
3,CS42->US82,0,0,0
3,CS42->US90,0,0,0
3,CS42->US98,0,0,0
3,CS42->US106,0,0,0
3,CS42->US114,55576,55576,0
3,CS42->US122,0,0,0
3,CS43->US3,51112,51112,0
3,CS43->US11,0,0,0
3,CS43->US19,0,0,0
3,CS43->US27,0,0,0
3,CS43->US35,0,0,0
3,CS43->US43,50790,50790,0
3,CS43->US51,51271,51271,0
3,CS43->US59,0,0,0
3,CS43->US67,0,0,0
3,CS43->US75,0,0,0
3,CS43->US83,0,0,0
3,CS43->US91,0,0,0
3,CS43->US99,0,0,0
3,CS43->US107,0,0,0
3,CS43->US115,55575,55575,0
3,CS43->US123,0,0,0
3,CS44->US4,51095,51095,0
3,CS44->US12,0,0,0
3,CS44->US20,0,0,0
3,CS44->US28,0,0,0
3,CS44->US36,0,0,0
3,CS44->US44,51260,51260,0
3,CS44->US52,51563,51563,0
3,CS44->US60,0,0,0
3,CS44->US68,0,0,0
3,CS44->US76,0,0,0
3,CS44->US84,0,0,0
3,CS44->US92,0,0,0
3,CS44->US100,0,0,0
3,CS44->US108,0,0,0
3,CS44->US116,55785,55785,0
3,CS44->US124,0,0,0
3,CS45->US5,51134,51134,0
3,CS45->US13,0,0,0
3,CS45->US21,0,0,0
3,CS45->US29,0,0,0
3,CS45->US37,0,0,0
3,CS45->US45,51336,51336,0
3,CS45->US53,51540,51540,0
3,CS45->US61,0,0,0
3,CS45->US69,0,0,0
3,CS45->US77,0,0,0
3,CS45->US85,0,0,0
3,CS45->US93,0,0,0
3,CS45->US101,0,0,0
3,CS45->US109,0,0,0
3,CS45->US117,55277,55277,0
3,CS45->US125,0,0,0
3,CS46->US6,50983,50983,0
3,CS46->US14,0,0,0
3,CS46->US22,0,0,0
3,CS46->US30,0,0,0
3,CS46->US38,0,0,0
3,CS46->US46,51201,51201,0
3,CS46->US54,51720,51720,0
3,CS46->US62,0,0,0
3,CS46->US70,0,0,0
3,CS46->US78,0,0,0
3,CS46->US86,0,0,0
3,CS46->US94,0,0,0
3,CS46->US102,0,0,0
3,CS46->US110,0,0,0
3,CS46->US118,55102,55102,0
3,CS46->US126,0,0,0
3,CS47->US7,51376,51376,0
3,CS47->US15,0,0,0
3,CS47->US23,0,0,0
3,CS47->US31,0,0,0
3,CS47->US39,0,0,0
3,CS47->US47,50852,50852,0
3,CS47->US55,51257,51257,0
3,CS47->US63,0,0,0
3,CS47->US71,0,0,0
3,CS47->US79,0,0,0
3,CS47->US87,0,0,0
3,CS47->US95,0,0,0
3,CS47->US103,0,0,0
3,CS47->US111,0,0,0
3,CS47->US119,55701,55701,0
3,CS47->US127,0,0,0
3,CS48->US0,51792,51792,0
3,CS48->US8,0,0,0
3,CS48->US16,0,0,0
3,CS48->US24,0,0,0
3,CS48->US32,0,0,0
3,CS48->US40,50865,50865,0
3,CS48->US48,51855,51855,0
3,CS48->US56,0,0,0
3,CS48->US64,0,0,0
3,CS48->US72,0,0,0
3,CS48->US80,0,0,0
3,CS48->US88,0,0,0
3,CS48->US96,0,0,0
3,CS48->US104,0,0,0
3,CS48->US112,55614,55614,0
3,CS48->US120,0,0,0
3,CS49->US1,51487,51487,0
3,CS49->US9,0,0,0
3,CS49->US17,0,0,0
3,CS49->US25,0,0,0
3,CS49->US33,0,0,0
3,CS49->US41,51542,51542,0
3,CS49->US49,51735,51735,0
3,CS49->US57,0,0,0
3,CS49->US65,0,0,0
3,CS49->US73,0,0,0
3,CS49->US81,0,0,0
3,CS49->US89,0,0,0
3,CS49->US97,0,0,0
3,CS49->US105,0,0,0
3,CS49->US113,55491,55491,0
3,CS49->US121,0,0,0
3,CS50->US2,51361,51361,0
3,CS50->US10,0,0,0
3,CS50->US18,0,0,0
3,CS50->US26,0,0,0
3,CS50->US34,0,0,0
3,CS50->US42,50773,50773,0
3,CS50->US50,51429,51429,0
3,CS50->US58,0,0,0
3,CS50->US66,0,0,0
3,CS50->US74,0,0,0
3,CS50->US82,0,0,0
3,CS50->US90,0,0,0
3,CS50->US98,0,0,0
3,CS50->US106,0,0,0
3,CS50->US114,55641,55641,0
3,CS50->US122,0,0,0
3,CS51->US3,51389,51389,0
3,CS51->US11,0,0,0
3,CS51->US19,0,0,0
3,CS51->US27,0,0,0
3,CS51->US35,0,0,0
3,CS51->US43,50976,50976,0
3,CS51->US51,51511,51511,0
3,CS51->US59,0,0,0
3,CS51->US67,0,0,0
3,CS51->US75,0,0,0
3,CS51->US83,0,0,0
3,CS51->US91,0,0,0
3,CS51->US99,0,0,0
3,CS51->US107,0,0,0
3,CS51->US115,55837,55837,0
3,CS51->US123,0,0,0
3,CS52->US4,51221,51221,0
3,CS52->US12,0,0,0
3,CS52->US20,0,0,0
3,CS52->US28,0,0,0
3,CS52->US36,0,0,0
3,CS52->US44,51093,51093,0
3,CS52->US52,50805,50805,0
3,CS52->US60,0,0,0
3,CS52->US68,0,0,0
3,CS52->US76,0,0,0
3,CS52->US84,0,0,0
3,CS52->US92,0,0,0
3,CS52->US100,0,0,0
3,CS52->US108,0,0,0
3,CS52->US116,55818,55818,0
3,CS52->US124,0,0,0
3,CS53->US5,51437,51437,0
3,CS53->US13,0,0,0
3,CS53->US21,0,0,0
3,CS53->US29,0,0,0
3,CS53->US37,0,0,0
3,CS53->US45,50904,50904,0
3,CS53->US53,51330,51330,0
3,CS53->US61,0,0,0
3,CS53->US69,0,0,0
3,CS53->US77,0,0,0
3,CS53->US85,0,0,0
3,CS53->US93,0,0,0
3,CS53->US101,0,0,0
3,CS53->US109,0,0,0
3,CS53->US117,55993,55993,0
3,CS53->US125,0,0,0
3,CS54->US6,51559,51559,0
3,CS54->US14,0,0,0
3,CS54->US22,0,0,0
3,CS54->US30,0,0,0
3,CS54->US38,0,0,0
3,CS54->US46,50974,50974,0
3,CS54->US54,51714,51714,0
3,CS54->US62,0,0,0
3,CS54->US70,0,0,0
3,CS54->US78,0,0,0
3,CS54->US86,0,0,0
3,CS54->US94,0,0,0
3,CS54->US102,0,0,0
3,CS54->US110,0,0,0
3,CS54->US118,55745,55745,0
3,CS54->US126,0,0,0
3,CS55->US7,51605,51605,0
3,CS55->US15,0,0,0
3,CS55->US23,0,0,0
3,CS55->US31,0,0,0
3,CS55->US39,0,0,0
3,CS55->US47,51036,51036,0
3,CS55->US55,51759,51759,0
3,CS55->US63,0,0,0
3,CS55->US71,0,0,0
3,CS55->US79,0,0,0
3,CS55->US87,0,0,0
3,CS55->US95,0,0,0
3,CS55->US103,0,0,0
3,CS55->US111,0,0,0
3,CS55->US119,55669,55669,0
3,CS55->US127,0,0,0
3,CS56->US0,51483,51483,0
3,CS56->US8,0,0,0
3,CS56->US16,0,0,0
3,CS56->US24,0,0,0
3,CS56->US32,0,0,0
3,CS56->US40,51188,51188,0
3,CS56->US48,50972,50972,0
3,CS56->US56,0,0,0
3,CS56->US64,0,0,0
3,CS56->US72,0,0,0
3,CS56->US80,0,0,0
3,CS56->US88,0,0,0
3,CS56->US96,0,0,0
3,CS56->US104,0,0,0
3,CS56->US112,55718,55718,0
3,CS56->US120,0,0,0
3,CS57->US1,51292,51292,0
3,CS57->US9,0,0,0
3,CS57->US17,0,0,0
3,CS57->US25,0,0,0
3,CS57->US33,0,0,0
3,CS57->US41,51228,51228,0
3,CS57->US49,51651,51651,0
3,CS57->US57,0,0,0
3,CS57->US65,0,0,0
3,CS57->US73,0,0,0
3,CS57->US81,0,0,0
3,CS57->US89,0,0,0
3,CS57->US97,0,0,0
3,CS57->US105,0,0,0
3,CS57->US113,55364,55364,0
3,CS57->US121,0,0,0
3,CS58->US2,51737,51737,0
3,CS58->US10,0,0,0
3,CS58->US18,0,0,0
3,CS58->US26,0,0,0
3,CS58->US34,0,0,0
3,CS58->US42,51121,51121,0
3,CS58->US50,51739,51739,0
3,CS58->US58,0,0,0
3,CS58->US66,0,0,0
3,CS58->US74,0,0,0
3,CS58->US82,0,0,0
3,CS58->US90,0,0,0
3,CS58->US98,0,0,0
3,CS58->US106,0,0,0
3,CS58->US114,55365,55365,0
3,CS58->US122,0,0,0
3,CS59->US3,51426,51426,0
3,CS59->US11,0,0,0
3,CS59->US19,0,0,0
3,CS59->US27,0,0,0
3,CS59->US35,0,0,0
3,CS59->US43,51388,51388,0
3,CS59->US51,51144,51144,0
3,CS59->US59,0,0,0
3,CS59->US67,0,0,0
3,CS59->US75,0,0,0
3,CS59->US83,0,0,0
3,CS59->US91,0,0,0
3,CS59->US99,0,0,0
3,CS59->US107,0,0,0
3,CS59->US115,55855,55855,0
3,CS59->US123,0,0,0
3,CS60->US4,51119,51119,0
3,CS60->US12,0,0,0
3,CS60->US20,0,0,0
3,CS60->US28,0,0,0
3,CS60->US36,0,0,0
3,CS60->US44,50866,50866,0
3,CS60->US52,50997,50997,0
3,CS60->US60,0,0,0
3,CS60->US68,0,0,0
3,CS60->US76,0,0,0
3,CS60->US84,0,0,0
3,CS60->US92,0,0,0
3,CS60->US100,0,0,0
3,CS60->US108,0,0,0
3,CS60->US116,55446,55446,0
3,CS60->US124,0,0,0
3,CS61->US5,51794,51794,0
3,CS61->US13,0,0,0
3,CS61->US21,0,0,0
3,CS61->US29,0,0,0
3,CS61->US37,0,0,0
3,CS61->US45,51394,51394,0
3,CS61->US53,51199,51199,0
3,CS61->US61,0,0,0
3,CS61->US69,0,0,0
3,CS61->US77,0,0,0
3,CS61->US85,0,0,0
3,CS61->US93,0,0,0
3,CS61->US101,0,0,0
3,CS61->US109,0,0,0
3,CS61->US117,55846,55846,0
3,CS61->US125,0,0,0
3,CS62->US6,51339,51339,0
3,CS62->US14,0,0,0
3,CS62->US22,0,0,0
3,CS62->US30,0,0,0
3,CS62->US38,0,0,0
3,CS62->US46,51658,51658,0
3,CS62->US54,51726,51726,0
3,CS62->US62,0,0,0
3,CS62->US70,0,0,0
3,CS62->US78,0,0,0
3,CS62->US86,0,0,0
3,CS62->US94,0,0,0
3,CS62->US102,0,0,0
3,CS62->US110,0,0,0
3,CS62->US118,55450,55450,0
3,CS62->US126,0,0,0
3,CS63->US7,50869,50869,0
3,CS63->US15,0,0,0
3,CS63->US23,0,0,0
3,CS63->US31,0,0,0
3,CS63->US39,0,0,0
3,CS63->US47,51167,51167,0
3,CS63->US55,51306,51306,0
3,CS63->US63,0,0,0
3,CS63->US71,0,0,0
3,CS63->US79,0,0,0
3,CS63->US87,0,0,0
3,CS63->US95,0,0,0
3,CS63->US103,0,0,0
3,CS63->US111,0,0,0
3,CS63->US119,55862,55862,0
3,CS63->US127,0,0,0
4,US0->CS0,51537,51537,0
4,US0->CS8,52048,52048,0
4,US0->CS16,51563,51563,0
4,US0->CS24,51505,51505,0
4,US0->CS32,51448,51448,0
4,US0->CS40,51121,51121,0
4,US0->CS48,52097,52097,0
4,US0->CS56,51192,51192,0
4,US1->CS1,51684,51684,0
4,US1->CS9,51886,51886,0
4,US1->CS17,51812,51812,0
4,US1->CS25,51768,51768,0
4,US1->CS33,51748,51748,0
4,US1->CS41,51948,51948,0
4,US1->CS49,51952,51952,0
4,US1->CS57,51839,51839,0
4,US2->CS2,51628,51628,0
4,US2->CS10,51438,51438,0
4,US2->CS18,51497,51497,0
4,US2->CS26,51354,51354,0
4,US2->CS34,51649,51649,0
4,US2->CS42,51927,51927,0
4,US2->CS50,51682,51682,0
4,US2->CS58,51987,51987,0
4,US3->CS3,51247,51247,0
4,US3->CS11,51189,51189,0
4,US3->CS19,51569,51569,0
4,US3->CS27,51399,51399,0
4,US3->CS35,51649,51649,0
4,US3->CS43,51480,51480,0
4,US3->CS51,51737,51737,0
4,US3->CS59,51383,51383,0
4,US4->CS4,51471,51471,0
4,US4->CS12,51523,51523,0
4,US4->CS20,51133,51133,0
4,US4->CS28,51875,51875,0
4,US4->CS36,51771,51771,0
4,US4->CS44,51794,51794,0
4,US4->CS52,51072,51072,0
4,US4->CS60,51213,51213,0
4,US5->CS5,51310,51310,0
4,US5->CS13,51871,51871,0
4,US5->CS21,51778,51778,0
4,US5->CS29,51663,51663,0
4,US5->CS37,51202,51202,0
4,US5->CS45,51789,51789,0
4,US5->CS53,51520,51520,0
4,US5->CS61,51434,51434,0
4,US6->CS6,51655,51655,0
4,US6->CS14,51244,51244,0
4,US6->CS22,51567,51567,0
4,US6->CS30,51776,51776,0
4,US6->CS38,51716,51716,0
4,US6->CS46,51952,51952,0
4,US6->CS54,51923,51923,0
4,US6->CS62,51926,51926,0
4,US7->CS7,51816,51816,0
4,US7->CS15,51843,51843,0
4,US7->CS23,51912,51912,0
4,US7->CS31,51817,51817,0
4,US7->CS39,51747,51747,0
4,US7->CS47,51510,51510,0
4,US7->CS55,51966,51966,0
4,US7->CS63,51526,51526,0
4,US8->CS0,0,0,0
4,US8->CS8,0,0,0
4,US8->CS16,0,0,0
4,US8->CS24,0,0,0
4,US8->CS32,0,0,0
4,US8->CS40,0,0,0
4,US8->CS48,0,0,0
4,US8->CS56,0,0,0
4,US9->CS1,0,0,0
4,US9->CS9,0,0,0
4,US9->CS17,0,0,0
4,US9->CS25,0,0,0
4,US9->CS33,0,0,0
4,US9->CS41,0,0,0
4,US9->CS49,0,0,0
4,US9->CS57,0,0,0
4,US10->CS2,0,0,0
4,US10->CS10,0,0,0
4,US10->CS18,0,0,0
4,US10->CS26,0,0,0
4,US10->CS34,0,0,0
4,US10->CS42,0,0,0
4,US10->CS50,0,0,0
4,US10->CS58,0,0,0
4,US11->CS3,0,0,0
4,US11->CS11,0,0,0
4,US11->CS19,0,0,0
4,US11->CS27,0,0,0
4,US11->CS35,0,0,0
4,US11->CS43,0,0,0
4,US11->CS51,0,0,0
4,US11->CS59,0,0,0
4,US12->CS4,0,0,0
4,US12->CS12,0,0,0
4,US12->CS20,0,0,0
4,US12->CS28,0,0,0
4,US12->CS36,0,0,0
4,US12->CS44,0,0,0
4,US12->CS52,0,0,0
4,US12->CS60,0,0,0
4,US13->CS5,0,0,0
4,US13->CS13,0,0,0
4,US13->CS21,0,0,0
4,US13->CS29,0,0,0
4,US13->CS37,0,0,0
4,US13->CS45,0,0,0
4,US13->CS53,0,0,0
4,US13->CS61,0,0,0
4,US14->CS6,0,0,0
4,US14->CS14,0,0,0
4,US14->CS22,0,0,0
4,US14->CS30,0,0,0
4,US14->CS38,0,0,0
4,US14->CS46,0,0,0
4,US14->CS54,0,0,0
4,US14->CS62,0,0,0
4,US15->CS7,0,0,0
4,US15->CS15,0,0,0
4,US15->CS23,0,0,0
4,US15->CS31,0,0,0
4,US15->CS39,0,0,0
4,US15->CS47,0,0,0
4,US15->CS55,0,0,0
4,US15->CS63,0,0,0
4,US16->CS0,0,0,0
4,US16->CS8,0,0,0
4,US16->CS16,0,0,0
4,US16->CS24,0,0,0
4,US16->CS32,0,0,0
4,US16->CS40,0,0,0
4,US16->CS48,0,0,0
4,US16->CS56,0,0,0
4,US17->CS1,0,0,0
4,US17->CS9,0,0,0
4,US17->CS17,0,0,0
4,US17->CS25,0,0,0
4,US17->CS33,0,0,0
4,US17->CS41,0,0,0
4,US17->CS49,0,0,0
4,US17->CS57,0,0,0
4,US18->CS2,0,0,0
4,US18->CS10,0,0,0
4,US18->CS18,0,0,0
4,US18->CS26,0,0,0
4,US18->CS34,0,0,0
4,US18->CS42,0,0,0
4,US18->CS50,0,0,0
4,US18->CS58,0,0,0
4,US19->CS3,0,0,0
4,US19->CS11,0,0,0
4,US19->CS19,0,0,0
4,US19->CS27,0,0,0
4,US19->CS35,0,0,0
4,US19->CS43,0,0,0
4,US19->CS51,0,0,0
4,US19->CS59,0,0,0
4,US20->CS4,0,0,0
4,US20->CS12,0,0,0
4,US20->CS20,0,0,0
4,US20->CS28,0,0,0
4,US20->CS36,0,0,0
4,US20->CS44,0,0,0
4,US20->CS52,0,0,0
4,US20->CS60,0,0,0
4,US21->CS5,0,0,0
4,US21->CS13,0,0,0
4,US21->CS21,0,0,0
4,US21->CS29,0,0,0
4,US21->CS37,0,0,0
4,US21->CS45,0,0,0
4,US21->CS53,0,0,0
4,US21->CS61,0,0,0
4,US22->CS6,0,0,0
4,US22->CS14,0,0,0
4,US22->CS22,0,0,0
4,US22->CS30,0,0,0
4,US22->CS38,0,0,0
4,US22->CS46,0,0,0
4,US22->CS54,0,0,0
4,US22->CS62,0,0,0
4,US23->CS7,0,0,0
4,US23->CS15,0,0,0
4,US23->CS23,0,0,0
4,US23->CS31,0,0,0
4,US23->CS39,0,0,0
4,US23->CS47,0,0,0
4,US23->CS55,0,0,0
4,US23->CS63,0,0,0
4,US24->CS0,0,0,0
4,US24->CS8,0,0,0
4,US24->CS16,0,0,0
4,US24->CS24,0,0,0
4,US24->CS32,0,0,0
4,US24->CS40,0,0,0
4,US24->CS48,0,0,0
4,US24->CS56,0,0,0
4,US25->CS1,0,0,0
4,US25->CS9,0,0,0
4,US25->CS17,0,0,0
4,US25->CS25,0,0,0
4,US25->CS33,0,0,0
4,US25->CS41,0,0,0
4,US25->CS49,0,0,0
4,US25->CS57,0,0,0
4,US26->CS2,0,0,0
4,US26->CS10,0,0,0
4,US26->CS18,0,0,0
4,US26->CS26,0,0,0
4,US26->CS34,0,0,0
4,US26->CS42,0,0,0
4,US26->CS50,0,0,0
4,US26->CS58,0,0,0
4,US27->CS3,0,0,0
4,US27->CS11,0,0,0
4,US27->CS19,0,0,0
4,US27->CS27,0,0,0
4,US27->CS35,0,0,0
4,US27->CS43,0,0,0
4,US27->CS51,0,0,0
4,US27->CS59,0,0,0
4,US28->CS4,0,0,0
4,US28->CS12,0,0,0
4,US28->CS20,0,0,0
4,US28->CS28,0,0,0
4,US28->CS36,0,0,0
4,US28->CS44,0,0,0
4,US28->CS52,0,0,0
4,US28->CS60,0,0,0
4,US29->CS5,0,0,0
4,US29->CS13,0,0,0
4,US29->CS21,0,0,0
4,US29->CS29,0,0,0
4,US29->CS37,0,0,0
4,US29->CS45,0,0,0
4,US29->CS53,0,0,0
4,US29->CS61,0,0,0
4,US30->CS6,0,0,0
4,US30->CS14,0,0,0
4,US30->CS22,0,0,0
4,US30->CS30,0,0,0
4,US30->CS38,0,0,0
4,US30->CS46,0,0,0
4,US30->CS54,0,0,0
4,US30->CS62,0,0,0
4,US31->CS7,0,0,0
4,US31->CS15,0,0,0
4,US31->CS23,0,0,0
4,US31->CS31,0,0,0
4,US31->CS39,0,0,0
4,US31->CS47,0,0,0
4,US31->CS55,0,0,0
4,US31->CS63,0,0,0
4,US32->CS0,0,0,0
4,US32->CS8,0,0,0
4,US32->CS16,0,0,0
4,US32->CS24,0,0,0
4,US32->CS32,0,0,0
4,US32->CS40,0,0,0
4,US32->CS48,0,0,0
4,US32->CS56,0,0,0
4,US33->CS1,0,0,0
4,US33->CS9,0,0,0
4,US33->CS17,0,0,0
4,US33->CS25,0,0,0
4,US33->CS33,0,0,0
4,US33->CS41,0,0,0
4,US33->CS49,0,0,0
4,US33->CS57,0,0,0
4,US34->CS2,0,0,0
4,US34->CS10,0,0,0
4,US34->CS18,0,0,0
4,US34->CS26,0,0,0
4,US34->CS34,0,0,0
4,US34->CS42,0,0,0
4,US34->CS50,0,0,0
4,US34->CS58,0,0,0
4,US35->CS3,0,0,0
4,US35->CS11,0,0,0
4,US35->CS19,0,0,0
4,US35->CS27,0,0,0
4,US35->CS35,0,0,0
4,US35->CS43,0,0,0
4,US35->CS51,0,0,0
4,US35->CS59,0,0,0
4,US36->CS4,0,0,0
4,US36->CS12,0,0,0
4,US36->CS20,0,0,0
4,US36->CS28,0,0,0
4,US36->CS36,0,0,0
4,US36->CS44,0,0,0
4,US36->CS52,0,0,0
4,US36->CS60,0,0,0
4,US37->CS5,0,0,0
4,US37->CS13,0,0,0
4,US37->CS21,0,0,0
4,US37->CS29,0,0,0
4,US37->CS37,0,0,0
4,US37->CS45,0,0,0
4,US37->CS53,0,0,0
4,US37->CS61,0,0,0
4,US38->CS6,0,0,0
4,US38->CS14,0,0,0
4,US38->CS22,0,0,0
4,US38->CS30,0,0,0
4,US38->CS38,0,0,0
4,US38->CS46,0,0,0
4,US38->CS54,0,0,0
4,US38->CS62,0,0,0
4,US39->CS7,0,0,0
4,US39->CS15,0,0,0
4,US39->CS23,0,0,0
4,US39->CS31,0,0,0
4,US39->CS39,0,0,0
4,US39->CS47,0,0,0
4,US39->CS55,0,0,0
4,US39->CS63,0,0,0
4,US40->CS0,56148,56148,0
4,US40->CS8,55612,55612,0
4,US40->CS16,55532,55532,0
4,US40->CS24,56082,56082,0
4,US40->CS32,56188,56188,0
4,US40->CS40,55748,55748,0
4,US40->CS48,55853,55853,0
4,US40->CS56,55918,55918,0
4,US41->CS1,55391,55391,0
4,US41->CS9,55696,55696,0
4,US41->CS17,55585,55585,0
4,US41->CS25,56073,56073,0
4,US41->CS33,55691,55691,0
4,US41->CS41,55608,55608,0
4,US41->CS49,55724,55724,0
4,US41->CS57,55599,55599,0
4,US42->CS2,56297,56297,0
4,US42->CS10,55819,55819,0
4,US42->CS18,55585,55585,0
4,US42->CS26,55948,55948,0
4,US42->CS34,55880,55880,0
4,US42->CS42,55778,55778,0
4,US42->CS50,55857,55857,0
4,US42->CS58,55581,55581,0
4,US43->CS3,55935,55935,0
4,US43->CS11,55743,55743,0
4,US43->CS19,56045,56045,0
4,US43->CS27,55854,55854,0
4,US43->CS35,55774,55774,0
4,US43->CS43,55757,55757,0
4,US43->CS51,56046,56046,0
4,US43->CS59,56051,56051,0
4,US44->CS4,55727,55727,0
4,US44->CS12,55923,55923,0
4,US44->CS20,56111,56111,0
4,US44->CS28,55541,55541,0
4,US44->CS36,55634,55634,0
4,US44->CS44,56004,56004,0
4,US44->CS52,56017,56017,0
4,US44->CS60,55643,55643,0
4,US45->CS5,55752,55752,0
4,US45->CS13,55866,55866,0
4,US45->CS21,55764,55764,0
4,US45->CS29,55790,55790,0
4,US45->CS37,55898,55898,0
4,US45->CS45,55477,55477,0
4,US45->CS53,56241,56241,0
4,US45->CS61,56114,56114,0
4,US46->CS6,55917,55917,0
4,US46->CS14,55954,55954,0
4,US46->CS22,56016,56016,0
4,US46->CS30,55852,55852,0
4,US46->CS38,56143,56143,0
4,US46->CS46,55290,55290,0
4,US46->CS54,55975,55975,0
4,US46->CS62,55651,55651,0
4,US47->CS7,55516,55516,0
4,US47->CS15,56069,56069,0
4,US47->CS23,55869,55869,0
4,US47->CS31,56032,56032,0
4,US47->CS39,56048,56048,0
4,US47->CS47,55922,55922,0
4,US47->CS55,55893,55893,0
4,US47->CS63,56078,56078,0
4,US48->CS0,52105,52105,0
4,US48->CS8,51976,51976,0
4,US48->CS16,51553,51553,0
4,US48->CS24,51982,51982,0
4,US48->CS32,51665,51665,0
4,US48->CS40,51555,51555,0
4,US48->CS48,51987,51987,0
4,US48->CS56,51733,51733,0
4,US49->CS1,51309,51309,0
4,US49->CS9,50904,50904,0
4,US49->CS17,51765,51765,0
4,US49->CS25,51702,51702,0
4,US49->CS33,51621,51621,0
4,US49->CS41,51771,51771,0
4,US49->CS49,51733,51733,0
4,US49->CS57,51499,51499,0
4,US50->CS2,51824,51824,0
4,US50->CS10,51755,51755,0
4,US50->CS18,51742,51742,0
4,US50->CS26,51794,51794,0
4,US50->CS34,51335,51335,0
4,US50->CS42,51542,51542,0
4,US50->CS50,51595,51595,0
4,US50->CS58,51986,51986,0
4,US51->CS3,51532,51532,0
4,US51->CS11,51356,51356,0
4,US51->CS19,51250,51250,0
4,US51->CS27,51679,51679,0
4,US51->CS35,51813,51813,0
4,US51->CS43,51361,51361,0
4,US51->CS51,51624,51624,0
4,US51->CS59,51658,51658,0
4,US52->CS4,51628,51628,0
4,US52->CS12,51717,51717,0
4,US52->CS20,51657,51657,0
4,US52->CS28,51374,51374,0
4,US52->CS36,51754,51754,0
4,US52->CS44,51323,51323,0
4,US52->CS52,51454,51454,0
4,US52->CS60,51332,51332,0
4,US53->CS5,51951,51951,0
4,US53->CS13,51577,51577,0
4,US53->CS21,51580,51580,0
4,US53->CS29,51469,51469,0
4,US53->CS37,51870,51870,0
4,US53->CS45,51365,51365,0
4,US53->CS53,51653,51653,0
4,US53->CS61,52009,52009,0
4,US54->CS6,51086,51086,0
4,US54->CS14,51527,51527,0
4,US54->CS22,51532,51532,0
4,US54->CS30,51770,51770,0
4,US54->CS38,51732,51732,0
4,US54->CS46,51216,51216,0
4,US54->CS54,51774,51774,0
4,US54->CS62,51524,51524,0
4,US55->CS7,51772,51772,0
4,US55->CS15,51766,51766,0
4,US55->CS23,51968,51968,0
4,US55->CS31,52097,52097,0
4,US55->CS39,51674,51674,0
4,US55->CS47,51606,51606,0
4,US55->CS55,51836,51836,0
4,US55->CS63,51085,51085,0
4,US56->CS0,0,0,0
4,US56->CS8,0,0,0
4,US56->CS16,0,0,0
4,US56->CS24,0,0,0
4,US56->CS32,0,0,0
4,US56->CS40,0,0,0
4,US56->CS48,0,0,0
4,US56->CS56,0,0,0
4,US57->CS1,0,0,0
4,US57->CS9,0,0,0
4,US57->CS17,0,0,0
4,US57->CS25,0,0,0
4,US57->CS33,0,0,0
4,US57->CS41,0,0,0
4,US57->CS49,0,0,0
4,US57->CS57,0,0,0
4,US58->CS2,0,0,0
4,US58->CS10,0,0,0
4,US58->CS18,0,0,0
4,US58->CS26,0,0,0
4,US58->CS34,0,0,0
4,US58->CS42,0,0,0
4,US58->CS50,0,0,0
4,US58->CS58,0,0,0
4,US59->CS3,0,0,0
4,US59->CS11,0,0,0
4,US59->CS19,0,0,0
4,US59->CS27,0,0,0
4,US59->CS35,0,0,0
4,US59->CS43,0,0,0
4,US59->CS51,0,0,0
4,US59->CS59,0,0,0
4,US60->CS4,0,0,0
4,US60->CS12,0,0,0
4,US60->CS20,0,0,0
4,US60->CS28,0,0,0
4,US60->CS36,0,0,0
4,US60->CS44,0,0,0
4,US60->CS52,0,0,0
4,US60->CS60,0,0,0
4,US61->CS5,0,0,0
4,US61->CS13,0,0,0
4,US61->CS21,0,0,0
4,US61->CS29,0,0,0
4,US61->CS37,0,0,0
4,US61->CS45,0,0,0
4,US61->CS53,0,0,0
4,US61->CS61,0,0,0
4,US62->CS6,0,0,0
4,US62->CS14,0,0,0
4,US62->CS22,0,0,0
4,US62->CS30,0,0,0
4,US62->CS38,0,0,0
4,US62->CS46,0,0,0
4,US62->CS54,0,0,0
4,US62->CS62,0,0,0
4,US63->CS7,0,0,0
4,US63->CS15,0,0,0
4,US63->CS23,0,0,0
4,US63->CS31,0,0,0
4,US63->CS39,0,0,0
4,US63->CS47,0,0,0
4,US63->CS55,0,0,0
4,US63->CS63,0,0,0
4,US64->CS0,0,0,0
4,US64->CS8,0,0,0
4,US64->CS16,0,0,0
4,US64->CS24,0,0,0
4,US64->CS32,0,0,0
4,US64->CS40,0,0,0
4,US64->CS48,0,0,0
4,US64->CS56,0,0,0
4,US65->CS1,0,0,0
4,US65->CS9,0,0,0
4,US65->CS17,0,0,0
4,US65->CS25,0,0,0
4,US65->CS33,0,0,0
4,US65->CS41,0,0,0
4,US65->CS49,0,0,0
4,US65->CS57,0,0,0
4,US66->CS2,0,0,0
4,US66->CS10,0,0,0
4,US66->CS18,0,0,0
4,US66->CS26,0,0,0
4,US66->CS34,0,0,0
4,US66->CS42,0,0,0
4,US66->CS50,0,0,0
4,US66->CS58,0,0,0
4,US67->CS3,0,0,0
4,US67->CS11,0,0,0
4,US67->CS19,0,0,0
4,US67->CS27,0,0,0
4,US67->CS35,0,0,0
4,US67->CS43,0,0,0
4,US67->CS51,0,0,0
4,US67->CS59,0,0,0
4,US68->CS4,0,0,0
4,US68->CS12,0,0,0
4,US68->CS20,0,0,0
4,US68->CS28,0,0,0
4,US68->CS36,0,0,0
4,US68->CS44,0,0,0
4,US68->CS52,0,0,0
4,US68->CS60,0,0,0
4,US69->CS5,0,0,0
4,US69->CS13,0,0,0
4,US69->CS21,0,0,0
4,US69->CS29,0,0,0
4,US69->CS37,0,0,0
4,US69->CS45,0,0,0
4,US69->CS53,0,0,0
4,US69->CS61,0,0,0
4,US70->CS6,0,0,0
4,US70->CS14,0,0,0
4,US70->CS22,0,0,0
4,US70->CS30,0,0,0
4,US70->CS38,0,0,0
4,US70->CS46,0,0,0
4,US70->CS54,0,0,0
4,US70->CS62,0,0,0
4,US71->CS7,0,0,0
4,US71->CS15,0,0,0
4,US71->CS23,0,0,0
4,US71->CS31,0,0,0
4,US71->CS39,0,0,0
4,US71->CS47,0,0,0
4,US71->CS55,0,0,0
4,US71->CS63,0,0,0
4,US72->CS0,42449,42449,0
4,US72->CS8,42727,42727,0
4,US72->CS16,42740,42739,0
4,US72->CS24,42623,42623,0
4,US72->CS32,42779,42777,0
4,US72->CS40,42466,42465,0
4,US72->CS48,42604,42603,0
4,US72->CS56,42576,42576,0
4,US73->CS1,42717,42717,0
4,US73->CS9,42729,42727,0
4,US73->CS17,42457,42457,0
4,US73->CS25,42715,42715,0
4,US73->CS33,42943,42943,0
4,US73->CS41,42916,42916,0
4,US73->CS49,42858,42858,0
4,US73->CS57,42763,42763,0
4,US74->CS2,42499,42498,0
4,US74->CS10,42644,42644,0
4,US74->CS18,42587,42586,0
4,US74->CS26,43122,43122,0
4,US74->CS34,42462,42462,0
4,US74->CS42,42461,42461,0
4,US74->CS50,43054,43053,0
4,US74->CS58,43028,43027,0
4,US75->CS3,42730,42729,0
4,US75->CS11,42531,42531,0
4,US75->CS19,43101,43100,0
4,US75->CS27,42710,42708,0
4,US75->CS35,42607,42607,0
4,US75->CS43,42273,42273,0
4,US75->CS51,42583,42582,0
4,US75->CS59,42583,42583,0
4,US76->CS4,42496,42496,0
4,US76->CS12,42677,42676,0
4,US76->CS20,42286,42285,0
4,US76->CS28,42510,42510,0
4,US76->CS36,42720,42720,0
4,US76->CS44,42778,42778,0
4,US76->CS52,43138,43137,0
4,US76->CS60,42677,42677,0
4,US77->CS5,42847,42846,0
4,US77->CS13,42902,42902,0
4,US77->CS21,42412,42412,0
4,US77->CS29,42521,42521,0
4,US77->CS37,42511,42511,0
4,US77->CS45,42667,42667,0
4,US77->CS53,42832,42832,0
4,US77->CS61,42728,42727,0
4,US78->CS6,42908,42906,0
4,US78->CS14,42707,42707,0
4,US78->CS22,42418,42418,0
4,US78->CS30,42767,42766,0
4,US78->CS38,42716,42716,0
4,US78->CS46,42286,42286,0
4,US78->CS54,42451,42450,0
4,US78->CS62,42227,42227,0
4,US79->CS7,42504,42503,0
4,US79->CS15,42484,42484,0
4,US79->CS23,42546,42546,0
4,US79->CS31,42690,42689,0
4,US79->CS39,42894,42894,0
4,US79->CS47,42547,42547,0
4,US79->CS55,42775,42773,0
4,US79->CS63,42617,42617,0
4,US80->CS0,0,0,0
4,US80->CS8,0,0,0
4,US80->CS16,0,0,0
4,US80->CS24,0,0,0
4,US80->CS32,0,0,0
4,US80->CS40,0,0,0
4,US80->CS48,0,0,0
4,US80->CS56,0,0,0
4,US81->CS1,0,0,0
4,US81->CS9,0,0,0
4,US81->CS17,0,0,0
4,US81->CS25,0,0,0
4,US81->CS33,0,0,0
4,US81->CS41,0,0,0
4,US81->CS49,0,0,0
4,US81->CS57,0,0,0
4,US82->CS2,0,0,0
4,US82->CS10,0,0,0
4,US82->CS18,0,0,0
4,US82->CS26,0,0,0
4,US82->CS34,0,0,0
4,US82->CS42,0,0,0
4,US82->CS50,0,0,0
4,US82->CS58,0,0,0
4,US83->CS3,0,0,0
4,US83->CS11,0,0,0
4,US83->CS19,0,0,0
4,US83->CS27,0,0,0
4,US83->CS35,0,0,0
4,US83->CS43,0,0,0
4,US83->CS51,0,0,0
4,US83->CS59,0,0,0
4,US84->CS4,0,0,0
4,US84->CS12,0,0,0
4,US84->CS20,0,0,0
4,US84->CS28,0,0,0
4,US84->CS36,0,0,0
4,US84->CS44,0,0,0
4,US84->CS52,0,0,0
4,US84->CS60,0,0,0
4,US85->CS5,0,0,0
4,US85->CS13,0,0,0
4,US85->CS21,0,0,0
4,US85->CS29,0,0,0
4,US85->CS37,0,0,0
4,US85->CS45,0,0,0
4,US85->CS53,0,0,0
4,US85->CS61,0,0,0
4,US86->CS6,0,0,0
4,US86->CS14,0,0,0
4,US86->CS22,0,0,0
4,US86->CS30,0,0,0
4,US86->CS38,0,0,0
4,US86->CS46,0,0,0
4,US86->CS54,0,0,0
4,US86->CS62,0,0,0
4,US87->CS7,0,0,0
4,US87->CS15,0,0,0
4,US87->CS23,0,0,0
4,US87->CS31,0,0,0
4,US87->CS39,0,0,0
4,US87->CS47,0,0,0
4,US87->CS55,0,0,0
4,US87->CS63,0,0,0
4,US88->CS0,42095,42095,0
4,US88->CS8,42576,42575,0
4,US88->CS16,42577,42577,0
4,US88->CS24,42075,42075,0
4,US88->CS32,42472,42472,0
4,US88->CS40,42534,42534,0
4,US88->CS48,42180,42180,0
4,US88->CS56,42594,42593,0
4,US89->CS1,42396,42396,0
4,US89->CS9,42316,42314,0
4,US89->CS17,42414,42414,0
4,US89->CS25,42450,42450,0
4,US89->CS33,42281,42281,0
4,US89->CS41,42376,42376,0
4,US89->CS49,42539,42537,0
4,US89->CS57,42355,42355,0
4,US90->CS2,42430,42429,0
4,US90->CS10,42362,42361,0
4,US90->CS18,42385,42385,0
4,US90->CS26,42377,42377,0
4,US90->CS34,42317,42316,0
4,US90->CS42,42682,42680,0
4,US90->CS50,42442,42442,0
4,US90->CS58,42456,42454,0
4,US91->CS3,42045,42043,0
4,US91->CS11,42649,42649,0
4,US91->CS19,42883,42883,0
4,US91->CS27,42320,42318,0
4,US91->CS35,42549,42549,0
4,US91->CS43,42439,42439,0
4,US91->CS51,42490,42490,0
4,US91->CS59,42140,42140,0
4,US92->CS4,42200,42200,0
4,US92->CS12,42609,42608,0
4,US92->CS20,42248,42248,0
4,US92->CS28,42297,42296,0
4,US92->CS36,42512,42512,0
4,US92->CS44,42240,42239,0
4,US92->CS52,42081,42081,0
4,US92->CS60,42105,42104,0
4,US93->CS5,42382,42382,0
4,US93->CS13,42224,42224,0
4,US93->CS21,42522,42522,0
4,US93->CS29,42475,42475,0
4,US93->CS37,42459,42458,0
4,US93->CS45,42133,42133,0
4,US93->CS53,42705,42705,0
4,US93->CS61,42611,42610,0
4,US94->CS6,42064,42064,0
4,US94->CS14,42500,42500,0
4,US94->CS22,42230,42229,0
4,US94->CS30,42134,42133,0
4,US94->CS38,42754,42754,0
4,US94->CS46,42377,42375,0
4,US94->CS54,42453,42453,0
4,US94->CS62,42541,42541,0
4,US95->CS7,42237,42236,0
4,US95->CS15,42162,42162,0
4,US95->CS23,41980,41980,0
4,US95->CS31,41989,41989,0
4,US95->CS39,42582,42580,0
4,US95->CS47,42182,42182,0
4,US95->CS55,42152,42151,0
4,US95->CS63,42400,42400,0
4,US96->CS0,0,0,0
4,US96->CS8,0,0,0
4,US96->CS16,0,0,0
4,US96->CS24,0,0,0
4,US96->CS32,0,0,0
4,US96->CS40,0,0,0
4,US96->CS48,0,0,0
4,US96->CS56,0,0,0
4,US97->CS1,0,0,0
4,US97->CS9,0,0,0
4,US97->CS17,0,0,0
4,US97->CS25,0,0,0
4,US97->CS33,0,0,0
4,US97->CS41,0,0,0
4,US97->CS49,0,0,0
4,US97->CS57,0,0,0
4,US98->CS2,0,0,0
4,US98->CS10,0,0,0
4,US98->CS18,0,0,0
4,US98->CS26,0,0,0
4,US98->CS34,0,0,0
4,US98->CS42,0,0,0
4,US98->CS50,0,0,0
4,US98->CS58,0,0,0
4,US99->CS3,0,0,0
4,US99->CS11,0,0,0
4,US99->CS19,0,0,0
4,US99->CS27,0,0,0
4,US99->CS35,0,0,0
4,US99->CS43,0,0,0
4,US99->CS51,0,0,0
4,US99->CS59,0,0,0
4,US100->CS4,0,0,0
4,US100->CS12,0,0,0
4,US100->CS20,0,0,0
4,US100->CS28,0,0,0
4,US100->CS36,0,0,0
4,US100->CS44,0,0,0
4,US100->CS52,0,0,0
4,US100->CS60,0,0,0
4,US101->CS5,0,0,0
4,US101->CS13,0,0,0
4,US101->CS21,0,0,0
4,US101->CS29,0,0,0
4,US101->CS37,0,0,0
4,US101->CS45,0,0,0
4,US101->CS53,0,0,0
4,US101->CS61,0,0,0
4,US102->CS6,0,0,0
4,US102->CS14,0,0,0
4,US102->CS22,0,0,0
4,US102->CS30,0,0,0
4,US102->CS38,0,0,0
4,US102->CS46,0,0,0
4,US102->CS54,0,0,0
4,US102->CS62,0,0,0
4,US103->CS7,0,0,0
4,US103->CS15,0,0,0
4,US103->CS23,0,0,0
4,US103->CS31,0,0,0
4,US103->CS39,0,0,0
4,US103->CS47,0,0,0
4,US103->CS55,0,0,0
4,US103->CS63,0,0,0
4,US104->CS0,0,0,0
4,US104->CS8,0,0,0
4,US104->CS16,0,0,0
4,US104->CS24,0,0,0
4,US104->CS32,0,0,0
4,US104->CS40,0,0,0
4,US104->CS48,0,0,0
4,US104->CS56,0,0,0
4,US105->CS1,0,0,0
4,US105->CS9,0,0,0
4,US105->CS17,0,0,0
4,US105->CS25,0,0,0
4,US105->CS33,0,0,0
4,US105->CS41,0,0,0
4,US105->CS49,0,0,0
4,US105->CS57,0,0,0
4,US106->CS2,0,0,0
4,US106->CS10,0,0,0
4,US106->CS18,0,0,0
4,US106->CS26,0,0,0
4,US106->CS34,0,0,0
4,US106->CS42,0,0,0
4,US106->CS50,0,0,0
4,US106->CS58,0,0,0
4,US107->CS3,0,0,0
4,US107->CS11,0,0,0
4,US107->CS19,0,0,0
4,US107->CS27,0,0,0
4,US107->CS35,0,0,0
4,US107->CS43,0,0,0
4,US107->CS51,0,0,0
4,US107->CS59,0,0,0
4,US108->CS4,0,0,0
4,US108->CS12,0,0,0
4,US108->CS20,0,0,0
4,US108->CS28,0,0,0
4,US108->CS36,0,0,0
4,US108->CS44,0,0,0
4,US108->CS52,0,0,0
4,US108->CS60,0,0,0
4,US109->CS5,0,0,0
4,US109->CS13,0,0,0
4,US109->CS21,0,0,0
4,US109->CS29,0,0,0
4,US109->CS37,0,0,0
4,US109->CS45,0,0,0
4,US109->CS53,0,0,0
4,US109->CS61,0,0,0
4,US110->CS6,0,0,0
4,US110->CS14,0,0,0
4,US110->CS22,0,0,0
4,US110->CS30,0,0,0
4,US110->CS38,0,0,0
4,US110->CS46,0,0,0
4,US110->CS54,0,0,0
4,US110->CS62,0,0,0
4,US111->CS7,0,0,0
4,US111->CS15,0,0,0
4,US111->CS23,0,0,0
4,US111->CS31,0,0,0
4,US111->CS39,0,0,0
4,US111->CS47,0,0,0
4,US111->CS55,0,0,0
4,US111->CS63,0,0,0
4,US112->CS0,51146,51146,0
4,US112->CS8,51433,51433,0
4,US112->CS16,51313,51313,0
4,US112->CS24,51352,51352,0
4,US112->CS32,51090,51090,0
4,US112->CS40,51318,51318,0
4,US112->CS48,51108,51108,0
4,US112->CS56,51388,51388,0
4,US113->CS1,51470,51470,0
4,US113->CS9,51169,51169,0
4,US113->CS17,51504,51504,0
4,US113->CS25,51043,51043,0
4,US113->CS33,51279,51279,0
4,US113->CS41,51378,51378,0
4,US113->CS49,51755,51755,0
4,US113->CS57,51459,51459,0
4,US114->CS2,51619,51619,0
4,US114->CS10,50928,50928,0
4,US114->CS18,51025,51025,0
4,US114->CS26,51176,51176,0
4,US114->CS34,51572,51572,0
4,US114->CS42,51147,51147,0
4,US114->CS50,50964,50964,0
4,US114->CS58,51319,51319,0
4,US115->CS3,51298,51298,0
4,US115->CS11,51331,51331,0
4,US115->CS19,51230,51230,0
4,US115->CS27,51175,51175,0
4,US115->CS35,51341,51341,0
4,US115->CS43,50959,50959,0
4,US115->CS51,51169,51169,0
4,US115->CS59,51608,51608,0
4,US116->CS4,51491,51491,0
4,US116->CS12,51462,51462,0
4,US116->CS20,51437,51437,0
4,US116->CS28,51566,51566,0
4,US116->CS36,51776,51776,0
4,US116->CS44,51479,51479,0
4,US116->CS52,51293,51293,0
4,US116->CS60,51094,51094,0
4,US117->CS5,51180,51180,0
4,US117->CS13,51277,51277,0
4,US117->CS21,51320,51320,0
4,US117->CS29,51343,51343,0
4,US117->CS37,51705,51705,0
4,US117->CS45,51531,51531,0
4,US117->CS53,51147,51147,0
4,US117->CS61,51613,51613,0
4,US118->CS6,51922,51922,0
4,US118->CS14,51681,51681,0
4,US118->CS22,51236,51236,0
4,US118->CS30,51502,51502,0
4,US118->CS38,51167,51167,0
4,US118->CS46,51414,51414,0
4,US118->CS54,51188,51188,0
4,US118->CS62,51876,51876,0
4,US119->CS7,51413,51413,0
4,US119->CS15,50976,50976,0
4,US119->CS23,51336,51336,0
4,US119->CS31,51067,51067,0
4,US119->CS39,51231,51231,0
4,US119->CS47,51069,51069,0
4,US119->CS55,51258,51258,0
4,US119->CS63,51373,51373,0
4,US120->CS0,0,0,0
4,US120->CS8,0,0,0
4,US120->CS16,0,0,0
4,US120->CS24,0,0,0
4,US120->CS32,0,0,0
4,US120->CS40,0,0,0
4,US120->CS48,0,0,0
4,US120->CS56,0,0,0
4,US121->CS1,0,0,0
4,US121->CS9,0,0,0
4,US121->CS17,0,0,0
4,US121->CS25,0,0,0
4,US121->CS33,0,0,0
4,US121->CS41,0,0,0
4,US121->CS49,0,0,0
4,US121->CS57,0,0,0
4,US122->CS2,0,0,0
4,US122->CS10,0,0,0
4,US122->CS18,0,0,0
4,US122->CS26,0,0,0
4,US122->CS34,0,0,0
4,US122->CS42,0,0,0
4,US122->CS50,0,0,0
4,US122->CS58,0,0,0
4,US123->CS3,0,0,0
4,US123->CS11,0,0,0
4,US123->CS19,0,0,0
4,US123->CS27,0,0,0
4,US123->CS35,0,0,0
4,US123->CS43,0,0,0
4,US123->CS51,0,0,0
4,US123->CS59,0,0,0
4,US124->CS4,0,0,0
4,US124->CS12,0,0,0
4,US124->CS20,0,0,0
4,US124->CS28,0,0,0
4,US124->CS36,0,0,0
4,US124->CS44,0,0,0
4,US124->CS52,0,0,0
4,US124->CS60,0,0,0
4,US125->CS5,0,0,0
4,US125->CS13,0,0,0
4,US125->CS21,0,0,0
4,US125->CS29,0,0,0
4,US125->CS37,0,0,0
4,US125->CS45,0,0,0
4,US125->CS53,0,0,0
4,US125->CS61,0,0,0
4,US126->CS6,0,0,0
4,US126->CS14,0,0,0
4,US126->CS22,0,0,0
4,US126->CS30,0,0,0
4,US126->CS38,0,0,0
4,US126->CS46,0,0,0
4,US126->CS54,0,0,0
4,US126->CS62,0,0,0
4,US127->CS7,0,0,0
4,US127->CS15,0,0,0
4,US127->CS23,0,0,0
4,US127->CS31,0,0,0
4,US127->CS39,0,0,0
4,US127->CS47,0,0,0
4,US127->CS55,0,0,0
4,US127->CS63,0,0,0
4,CS0->US0,51884,51884,0
4,CS0->US8,0,0,0
4,CS0->US16,0,0,0
4,CS0->US24,0,0,0
4,CS0->US32,0,0,0
4,CS0->US40,51274,51274,0
4,CS0->US48,51332,51332,0
4,CS0->US56,0,0,0
4,CS0->US64,0,0,0
4,CS0->US72,42127,42127,0
4,CS0->US80,0,0,0
4,CS0->US88,42542,42542,0
4,CS0->US96,0,0,0
4,CS0->US104,0,0,0
4,CS0->US112,56321,56321,0
4,CS0->US120,0,0,0
4,CS1->US1,51160,51160,0
4,CS1->US9,0,0,0
4,CS1->US17,0,0,0
4,CS1->US25,0,0,0
4,CS1->US33,0,0,0
4,CS1->US41,51566,51566,0
4,CS1->US49,51457,51457,0
4,CS1->US57,0,0,0
4,CS1->US65,0,0,0
4,CS1->US73,42402,42402,0
4,CS1->US81,0,0,0
4,CS1->US89,42770,42770,0
4,CS1->US97,0,0,0
4,CS1->US105,0,0,0
4,CS1->US113,55612,55612,0
4,CS1->US121,0,0,0
4,CS2->US2,51638,51638,0
4,CS2->US10,0,0,0
4,CS2->US18,0,0,0
4,CS2->US26,0,0,0
4,CS2->US34,0,0,0
4,CS2->US42,51707,51707,0
4,CS2->US50,51433,51433,0
4,CS2->US58,0,0,0
4,CS2->US66,0,0,0
4,CS2->US74,42482,42482,0
4,CS2->US82,0,0,0
4,CS2->US90,42595,42595,0
4,CS2->US98,0,0,0
4,CS2->US106,0,0,0
4,CS2->US114,56439,56439,0
4,CS2->US122,0,0,0
4,CS3->US3,51317,51317,0
4,CS3->US11,0,0,0
4,CS3->US19,0,0,0
4,CS3->US27,0,0,0
4,CS3->US35,0,0,0
4,CS3->US43,51429,51429,0
4,CS3->US51,51056,51056,0
4,CS3->US59,0,0,0
4,CS3->US67,0,0,0
4,CS3->US75,42075,42075,0
4,CS3->US83,0,0,0
4,CS3->US91,42813,42812,0
4,CS3->US99,0,0,0
4,CS3->US107,0,0,0
4,CS3->US115,56094,56094,0
4,CS3->US123,0,0,0
4,CS4->US4,51443,51443,0
4,CS4->US12,0,0,0
4,CS4->US20,0,0,0
4,CS4->US28,0,0,0
4,CS4->US36,0,0,0
4,CS4->US44,51614,51614,0
4,CS4->US52,51280,51280,0
4,CS4->US60,0,0,0
4,CS4->US68,0,0,0
4,CS4->US76,42236,42236,0
4,CS4->US84,0,0,0
4,CS4->US92,42558,42558,0
4,CS4->US100,0,0,0
4,CS4->US108,0,0,0
4,CS4->US116,55882,55882,0
4,CS4->US124,0,0,0
4,CS5->US5,51753,51753,0
4,CS5->US13,0,0,0
4,CS5->US21,0,0,0
4,CS5->US29,0,0,0
4,CS5->US37,0,0,0
4,CS5->US45,51317,51317,0
4,CS5->US53,51127,51127,0
4,CS5->US61,0,0,0
4,CS5->US69,0,0,0
4,CS5->US77,42439,42439,0
4,CS5->US85,0,0,0
4,CS5->US93,42907,42907,0
4,CS5->US101,0,0,0
4,CS5->US109,0,0,0
4,CS5->US117,55877,55877,0
4,CS5->US125,0,0,0
4,CS6->US6,50906,50906,0
4,CS6->US14,0,0,0
4,CS6->US22,0,0,0
4,CS6->US30,0,0,0
4,CS6->US38,0,0,0
4,CS6->US46,52043,52043,0
4,CS6->US54,51474,51474,0
4,CS6->US62,0,0,0
4,CS6->US70,0,0,0
4,CS6->US78,42098,42098,0
4,CS6->US86,0,0,0
4,CS6->US94,42965,42965,0
4,CS6->US102,0,0,0
4,CS6->US110,0,0,0
4,CS6->US118,56064,56064,0
4,CS6->US126,0,0,0
4,CS7->US7,51563,51563,0
4,CS7->US15,0,0,0
4,CS7->US23,0,0,0
4,CS7->US31,0,0,0
4,CS7->US39,0,0,0
4,CS7->US47,51568,51568,0
4,CS7->US55,51666,51666,0
4,CS7->US63,0,0,0
4,CS7->US71,0,0,0
4,CS7->US79,42243,42242,0
4,CS7->US87,0,0,0
4,CS7->US95,42557,42553,0
4,CS7->US103,0,0,0
4,CS7->US111,0,0,0
4,CS7->US119,55659,55659,0
4,CS7->US127,0,0,0
4,CS8->US0,51821,51821,0
4,CS8->US8,0,0,0
4,CS8->US16,0,0,0
4,CS8->US24,0,0,0
4,CS8->US32,0,0,0
4,CS8->US40,51489,51489,0
4,CS8->US48,51839,51839,0
4,CS8->US56,0,0,0
4,CS8->US64,0,0,0
4,CS8->US72,42608,42606,0
4,CS8->US80,0,0,0
4,CS8->US88,42826,42826,0
4,CS8->US96,0,0,0
4,CS8->US104,0,0,0
4,CS8->US112,55788,55788,0
4,CS8->US120,0,0,0
4,CS9->US1,50697,50697,0
4,CS9->US9,0,0,0
4,CS9->US17,0,0,0
4,CS9->US25,0,0,0
4,CS9->US33,0,0,0
4,CS9->US41,51291,51291,0
4,CS9->US49,51676,51676,0
4,CS9->US57,0,0,0
4,CS9->US65,0,0,0
4,CS9->US73,42367,42367,0
4,CS9->US81,0,0,0
4,CS9->US89,42812,42812,0
4,CS9->US97,0,0,0
4,CS9->US105,0,0,0
4,CS9->US113,55853,55853,0
4,CS9->US121,0,0,0
4,CS10->US2,51557,51557,0
4,CS10->US10,0,0,0
4,CS10->US18,0,0,0
4,CS10->US26,0,0,0
4,CS10->US34,0,0,0
4,CS10->US42,51062,51062,0
4,CS10->US50,51227,51227,0
4,CS10->US58,0,0,0
4,CS10->US66,0,0,0
4,CS10->US74,42386,42386,0
4,CS10->US82,0,0,0
4,CS10->US90,42708,42708,0
4,CS10->US98,0,0,0
4,CS10->US106,0,0,0
4,CS10->US114,56005,56005,0
4,CS10->US122,0,0,0
4,CS11->US3,51193,51193,0
4,CS11->US11,0,0,0
4,CS11->US19,0,0,0
4,CS11->US27,0,0,0
4,CS11->US35,0,0,0
4,CS11->US43,51425,51425,0
4,CS11->US51,50987,50987,0
4,CS11->US59,0,0,0
4,CS11->US67,0,0,0
4,CS11->US75,42692,42691,0
4,CS11->US83,0,0,0
4,CS11->US91,42600,42600,0
4,CS11->US99,0,0,0
4,CS11->US107,0,0,0
4,CS11->US115,55902,55902,0
4,CS11->US123,0,0,0
4,CS12->US4,51564,51564,0
4,CS12->US12,0,0,0
4,CS12->US20,0,0,0
4,CS12->US28,0,0,0
4,CS12->US36,0,0,0
4,CS12->US44,51553,51553,0
4,CS12->US52,51328,51328,0
4,CS12->US60,0,0,0
4,CS12->US68,0,0,0
4,CS12->US76,42658,42657,0
4,CS12->US84,0,0,0
4,CS12->US92,42738,42738,0
4,CS12->US100,0,0,0
4,CS12->US108,0,0,0
4,CS12->US116,56068,56068,0
4,CS12->US124,0,0,0
4,CS13->US5,51391,51391,0
4,CS13->US13,0,0,0
4,CS13->US21,0,0,0
4,CS13->US29,0,0,0
4,CS13->US37,0,0,0
4,CS13->US45,51412,51412,0
4,CS13->US53,51744,51744,0
4,CS13->US61,0,0,0
4,CS13->US69,0,0,0
4,CS13->US77,42272,42272,0
4,CS13->US85,0,0,0
4,CS13->US93,42953,42952,0
4,CS13->US101,0,0,0
4,CS13->US109,0,0,0
4,CS13->US117,55945,55945,0
4,CS13->US125,0,0,0
4,CS14->US6,51333,51333,0
4,CS14->US14,0,0,0
4,CS14->US22,0,0,0
4,CS14->US30,0,0,0
4,CS14->US38,0,0,0
4,CS14->US46,51824,51824,0
4,CS14->US54,51064,51064,0
4,CS14->US62,0,0,0
4,CS14->US70,0,0,0
4,CS14->US78,42542,42542,0
4,CS14->US86,0,0,0
4,CS14->US94,42758,42758,0
4,CS14->US102,0,0,0
4,CS14->US110,0,0,0
4,CS14->US118,56092,56092,0
4,CS14->US126,0,0,0
4,CS15->US7,51552,51552,0
4,CS15->US15,0,0,0
4,CS15->US23,0,0,0
4,CS15->US31,0,0,0
4,CS15->US39,0,0,0
4,CS15->US47,51134,51134,0
4,CS15->US55,51620,51620,0
4,CS15->US63,0,0,0
4,CS15->US71,0,0,0
4,CS15->US79,42243,42242,0
4,CS15->US87,0,0,0
4,CS15->US95,42539,42538,0
4,CS15->US103,0,0,0
4,CS15->US111,0,0,0
4,CS15->US119,56210,56210,0
4,CS15->US127,0,0,0
4,CS16->US0,51372,51372,0
4,CS16->US8,0,0,0
4,CS16->US16,0,0,0
4,CS16->US24,0,0,0
4,CS16->US32,0,0,0
4,CS16->US40,51432,51432,0
4,CS16->US48,51393,51393,0
4,CS16->US56,0,0,0
4,CS16->US64,0,0,0
4,CS16->US72,42639,42638,0
4,CS16->US80,0,0,0
4,CS16->US88,42801,42801,0
4,CS16->US96,0,0,0
4,CS16->US104,0,0,0
4,CS16->US112,55640,55640,0
4,CS16->US120,0,0,0
4,CS17->US1,51536,51536,0
4,CS17->US9,0,0,0
4,CS17->US17,0,0,0
4,CS17->US25,0,0,0
4,CS17->US33,0,0,0
4,CS17->US41,51653,51653,0
4,CS17->US49,51606,51606,0
4,CS17->US57,0,0,0
4,CS17->US65,0,0,0
4,CS17->US73,42475,42475,0
4,CS17->US81,0,0,0
4,CS17->US89,42536,42536,0
4,CS17->US97,0,0,0
4,CS17->US105,0,0,0
4,CS17->US113,55730,55730,0
4,CS17->US121,0,0,0
4,CS18->US2,51572,51572,0
4,CS18->US10,0,0,0
4,CS18->US18,0,0,0
4,CS18->US26,0,0,0
4,CS18->US34,0,0,0
4,CS18->US42,51129,51129,0
4,CS18->US50,51361,51361,0
4,CS18->US58,0,0,0
4,CS18->US66,0,0,0
4,CS18->US74,42412,42412,0
4,CS18->US82,0,0,0
4,CS18->US90,42652,42652,0
4,CS18->US98,0,0,0
4,CS18->US106,0,0,0
4,CS18->US114,55694,55694,0
4,CS18->US122,0,0,0
4,CS19->US3,51030,51030,0
4,CS19->US11,0,0,0
4,CS19->US19,0,0,0
4,CS19->US27,0,0,0
4,CS19->US35,0,0,0
4,CS19->US43,51364,51364,0
4,CS19->US51,51355,51355,0
4,CS19->US59,0,0,0
4,CS19->US67,0,0,0
4,CS19->US75,42891,42890,0
4,CS19->US83,0,0,0
4,CS19->US91,43186,43186,0
4,CS19->US99,0,0,0
4,CS19->US107,0,0,0
4,CS19->US115,56251,56251,0
4,CS19->US123,0,0,0
4,CS20->US4,51505,51505,0
4,CS20->US12,0,0,0
4,CS20->US20,0,0,0
4,CS20->US28,0,0,0
4,CS20->US36,0,0,0
4,CS20->US44,51537,51537,0
4,CS20->US52,50970,50970,0
4,CS20->US60,0,0,0
4,CS20->US68,0,0,0
4,CS20->US76,42305,42305,0
4,CS20->US84,0,0,0
4,CS20->US92,42337,42336,0
4,CS20->US100,0,0,0
4,CS20->US108,0,0,0
4,CS20->US116,56217,56217,0
4,CS20->US124,0,0,0
4,CS21->US5,51378,51378,0
4,CS21->US13,0,0,0
4,CS21->US21,0,0,0
4,CS21->US29,0,0,0
4,CS21->US37,0,0,0
4,CS21->US45,51467,51467,0
4,CS21->US53,51572,51572,0
4,CS21->US61,0,0,0
4,CS21->US69,0,0,0
4,CS21->US77,42575,42575,0
4,CS21->US85,0,0,0
4,CS21->US93,42467,42466,0
4,CS21->US101,0,0,0
4,CS21->US109,0,0,0
4,CS21->US117,55917,55917,0
4,CS21->US125,0,0,0
4,CS22->US6,51366,51366,0
4,CS22->US14,0,0,0
4,CS22->US22,0,0,0
4,CS22->US30,0,0,0
4,CS22->US38,0,0,0
4,CS22->US46,51360,51360,0
4,CS22->US54,51420,51420,0
4,CS22->US62,0,0,0
4,CS22->US70,0,0,0
4,CS22->US78,42284,42284,0
4,CS22->US86,0,0,0
4,CS22->US94,42460,42460,0
4,CS22->US102,0,0,0
4,CS22->US110,0,0,0
4,CS22->US118,56108,56108,0
4,CS22->US126,0,0,0
4,CS23->US7,51803,51803,0
4,CS23->US15,0,0,0
4,CS23->US23,0,0,0
4,CS23->US31,0,0,0
4,CS23->US39,0,0,0
4,CS23->US47,51435,51435,0
4,CS23->US55,51712,51712,0
4,CS23->US63,0,0,0
4,CS23->US71,0,0,0
4,CS23->US79,42021,42021,0
4,CS23->US87,0,0,0
4,CS23->US95,42612,42610,0
4,CS23->US103,0,0,0
4,CS23->US111,0,0,0
4,CS23->US119,56028,56028,0
4,CS23->US127,0,0,0
4,CS24->US0,51822,51822,0
4,CS24->US8,0,0,0
4,CS24->US16,0,0,0
4,CS24->US24,0,0,0
4,CS24->US32,0,0,0
4,CS24->US40,51405,51405,0
4,CS24->US48,51302,51302,0
4,CS24->US56,0,0,0
4,CS24->US64,0,0,0
4,CS24->US72,42134,42134,0
4,CS24->US80,0,0,0
4,CS24->US88,42730,42730,0
4,CS24->US96,0,0,0
4,CS24->US104,0,0,0
4,CS24->US112,56226,56226,0
4,CS24->US120,0,0,0
4,CS25->US1,51509,51509,0
4,CS25->US9,0,0,0
4,CS25->US17,0,0,0
4,CS25->US25,0,0,0
4,CS25->US33,0,0,0
4,CS25->US41,51182,51182,0
4,CS25->US49,51586,51586,0
4,CS25->US57,0,0,0
4,CS25->US65,0,0,0
4,CS25->US73,42501,42500,0
4,CS25->US81,0,0,0
4,CS25->US89,42769,42769,0
4,CS25->US97,0,0,0
4,CS25->US105,0,0,0
4,CS25->US113,56204,56204,0
4,CS25->US121,0,0,0
4,CS26->US2,51605,51605,0
4,CS26->US10,0,0,0
4,CS26->US18,0,0,0
4,CS26->US26,0,0,0
4,CS26->US34,0,0,0
4,CS26->US42,51323,51323,0
4,CS26->US50,51177,51177,0
4,CS26->US58,0,0,0
4,CS26->US66,0,0,0
4,CS26->US74,42439,42437,0
4,CS26->US82,0,0,0
4,CS26->US90,43164,43164,0
4,CS26->US98,0,0,0
4,CS26->US106,0,0,0
4,CS26->US114,56063,56063,0
4,CS26->US122,0,0,0
4,CS27->US3,51499,51499,0
4,CS27->US11,0,0,0
4,CS27->US19,0,0,0
4,CS27->US27,0,0,0
4,CS27->US35,0,0,0
4,CS27->US43,51294,51294,0
4,CS27->US51,51220,51220,0
4,CS27->US59,0,0,0
4,CS27->US67,0,0,0
4,CS27->US75,42365,42363,0
4,CS27->US83,0,0,0
4,CS27->US91,42769,42769,0
4,CS27->US99,0,0,0
4,CS27->US107,0,0,0
4,CS27->US115,55986,55986,0
4,CS27->US123,0,0,0
4,CS28->US4,51218,51218,0
4,CS28->US12,0,0,0
4,CS28->US20,0,0,0
4,CS28->US28,0,0,0
4,CS28->US36,0,0,0
4,CS28->US44,51620,51620,0
4,CS28->US52,51715,51715,0
4,CS28->US60,0,0,0
4,CS28->US68,0,0,0
4,CS28->US76,42324,42324,0
4,CS28->US84,0,0,0
4,CS28->US92,42612,42611,0
4,CS28->US100,0,0,0
4,CS28->US108,0,0,0
4,CS28->US116,55673,55673,0
4,CS28->US124,0,0,0
4,CS29->US5,51303,51303,0
4,CS29->US13,0,0,0
4,CS29->US21,0,0,0
4,CS29->US29,0,0,0
4,CS29->US37,0,0,0
4,CS29->US45,51447,51447,0
4,CS29->US53,51492,51492,0
4,CS29->US61,0,0,0
4,CS29->US69,0,0,0
4,CS29->US77,42521,42521,0
4,CS29->US85,0,0,0
4,CS29->US93,42583,42581,0
4,CS29->US101,0,0,0
4,CS29->US109,0,0,0
4,CS29->US117,55915,55915,0
4,CS29->US125,0,0,0
4,CS30->US6,51613,51613,0
4,CS30->US14,0,0,0
4,CS30->US22,0,0,0
4,CS30->US30,0,0,0
4,CS30->US38,0,0,0
4,CS30->US46,51596,51596,0
4,CS30->US54,51597,51597,0
4,CS30->US62,0,0,0
4,CS30->US70,0,0,0
4,CS30->US78,42204,42203,0
4,CS30->US86,0,0,0
4,CS30->US94,42829,42829,0
4,CS30->US102,0,0,0
4,CS30->US110,0,0,0
4,CS30->US118,55960,55960,0
4,CS30->US126,0,0,0
4,CS31->US7,51921,51921,0
4,CS31->US15,0,0,0
4,CS31->US23,0,0,0
4,CS31->US31,0,0,0
4,CS31->US39,0,0,0
4,CS31->US47,51168,51168,0
4,CS31->US55,51596,51596,0
4,CS31->US63,0,0,0
4,CS31->US71,0,0,0
4,CS31->US79,42057,42057,0
4,CS31->US87,0,0,0
4,CS31->US95,42764,42764,0
4,CS31->US103,0,0,0
4,CS31->US111,0,0,0
4,CS31->US119,56185,56185,0
4,CS31->US127,0,0,0
4,CS32->US0,51468,51468,0
4,CS32->US8,0,0,0
4,CS32->US16,0,0,0
4,CS32->US24,0,0,0
4,CS32->US32,0,0,0
4,CS32->US40,51168,51168,0
4,CS32->US48,51267,51267,0
4,CS32->US56,0,0,0
4,CS32->US64,0,0,0
4,CS32->US72,42466,42465,0
4,CS32->US80,0,0,0
4,CS32->US88,42896,42895,0
4,CS32->US96,0,0,0
4,CS32->US104,0,0,0
4,CS32->US112,56375,56375,0
4,CS32->US120,0,0,0
4,CS33->US1,51407,51407,0
4,CS33->US9,0,0,0
4,CS33->US17,0,0,0
4,CS33->US25,0,0,0
4,CS33->US33,0,0,0
4,CS33->US41,51445,51445,0
4,CS33->US49,51591,51591,0
4,CS33->US57,0,0,0
4,CS33->US65,0,0,0
4,CS33->US73,42363,42361,0
4,CS33->US81,0,0,0
4,CS33->US89,42991,42991,0
4,CS33->US97,0,0,0
4,CS33->US105,0,0,0
4,CS33->US113,55766,55766,0
4,CS33->US121,0,0,0
4,CS34->US2,51119,51119,0
4,CS34->US10,0,0,0
4,CS34->US18,0,0,0
4,CS34->US26,0,0,0
4,CS34->US34,0,0,0
4,CS34->US42,51731,51731,0
4,CS34->US50,51463,51463,0
4,CS34->US58,0,0,0
4,CS34->US66,0,0,0
4,CS34->US74,42349,42348,0
4,CS34->US82,0,0,0
4,CS34->US90,42519,42519,0
4,CS34->US98,0,0,0
4,CS34->US106,0,0,0
4,CS34->US114,56033,56033,0
4,CS34->US122,0,0,0
4,CS35->US3,51603,51603,0
4,CS35->US11,0,0,0
4,CS35->US19,0,0,0
4,CS35->US27,0,0,0
4,CS35->US35,0,0,0
4,CS35->US43,51458,51458,0
4,CS35->US51,51442,51442,0
4,CS35->US59,0,0,0
4,CS35->US67,0,0,0
4,CS35->US75,42569,42569,0
4,CS35->US83,0,0,0
4,CS35->US91,42700,42700,0
4,CS35->US99,0,0,0
4,CS35->US107,0,0,0
4,CS35->US115,55961,55961,0
4,CS35->US123,0,0,0
4,CS36->US4,51532,51532,0
4,CS36->US12,0,0,0
4,CS36->US20,0,0,0
4,CS36->US28,0,0,0
4,CS36->US36,0,0,0
4,CS36->US44,51940,51940,0
4,CS36->US52,51554,51554,0
4,CS36->US60,0,0,0
4,CS36->US68,0,0,0
4,CS36->US76,42558,42558,0
4,CS36->US84,0,0,0
4,CS36->US92,42778,42778,0
4,CS36->US100,0,0,0
4,CS36->US108,0,0,0
4,CS36->US116,55804,55804,0
4,CS36->US124,0,0,0
4,CS37->US5,51659,51659,0
4,CS37->US13,0,0,0
4,CS37->US21,0,0,0
4,CS37->US29,0,0,0
4,CS37->US37,0,0,0
4,CS37->US45,51859,51859,0
4,CS37->US53,51003,51003,0
4,CS37->US61,0,0,0
4,CS37->US69,0,0,0
4,CS37->US77,42491,42490,0
4,CS37->US85,0,0,0
4,CS37->US93,42568,42568,0
4,CS37->US101,0,0,0
4,CS37->US109,0,0,0
4,CS37->US117,56064,56064,0
4,CS37->US125,0,0,0
4,CS38->US6,51552,51552,0
4,CS38->US14,0,0,0
4,CS38->US22,0,0,0
4,CS38->US30,0,0,0
4,CS38->US38,0,0,0
4,CS38->US46,51287,51287,0
4,CS38->US54,51522,51522,0
4,CS38->US62,0,0,0
4,CS38->US70,0,0,0
4,CS38->US78,42817,42817,0
4,CS38->US86,0,0,0
4,CS38->US94,42776,42776,0
4,CS38->US102,0,0,0
4,CS38->US110,0,0,0
4,CS38->US118,56274,56274,0
4,CS38->US126,0,0,0
4,CS39->US7,51493,51493,0
4,CS39->US15,0,0,0
4,CS39->US23,0,0,0
4,CS39->US31,0,0,0
4,CS39->US39,0,0,0
4,CS39->US47,51347,51347,0
4,CS39->US55,51567,51567,0
4,CS39->US63,0,0,0
4,CS39->US71,0,0,0
4,CS39->US79,42621,42621,0
4,CS39->US87,0,0,0
4,CS39->US95,42959,42959,0
4,CS39->US103,0,0,0
4,CS39->US111,0,0,0
4,CS39->US119,56187,56187,0
4,CS39->US127,0,0,0
4,CS40->US0,51388,51388,0
4,CS40->US8,0,0,0
4,CS40->US16,0,0,0
4,CS40->US24,0,0,0
4,CS40->US32,0,0,0
4,CS40->US40,51388,51388,0
4,CS40->US48,50917,50917,0
4,CS40->US56,0,0,0
4,CS40->US64,0,0,0
4,CS40->US72,42585,42584,0
4,CS40->US80,0,0,0
4,CS40->US88,42562,42561,0
4,CS40->US96,0,0,0
4,CS40->US104,0,0,0
4,CS40->US112,55901,55901,0
4,CS40->US120,0,0,0
4,CS41->US1,51578,51578,0
4,CS41->US9,0,0,0
4,CS41->US17,0,0,0
4,CS41->US25,0,0,0
4,CS41->US33,0,0,0
4,CS41->US41,51501,51501,0
4,CS41->US49,51768,51768,0
4,CS41->US57,0,0,0
4,CS41->US65,0,0,0
4,CS41->US73,42397,42397,0
4,CS41->US81,0,0,0
4,CS41->US89,42986,42985,0
4,CS41->US97,0,0,0
4,CS41->US105,0,0,0
4,CS41->US113,55767,55767,0
4,CS41->US121,0,0,0
4,CS42->US2,51358,51358,0
4,CS42->US10,0,0,0
4,CS42->US18,0,0,0
4,CS42->US26,0,0,0
4,CS42->US34,0,0,0
4,CS42->US42,51271,51271,0
4,CS42->US50,51740,51740,0
4,CS42->US58,0,0,0
4,CS42->US66,0,0,0
4,CS42->US74,42709,42709,0
4,CS42->US82,0,0,0
4,CS42->US90,42521,42521,0
4,CS42->US98,0,0,0
4,CS42->US106,0,0,0
4,CS42->US114,55936,55936,0
4,CS42->US122,0,0,0
4,CS43->US3,51160,51160,0
4,CS43->US11,0,0,0
4,CS43->US19,0,0,0
4,CS43->US27,0,0,0
4,CS43->US35,0,0,0
4,CS43->US43,51118,51118,0
4,CS43->US51,51305,51305,0
4,CS43->US59,0,0,0
4,CS43->US67,0,0,0
4,CS43->US75,42477,42477,0
4,CS43->US83,0,0,0
4,CS43->US91,42315,42315,0
4,CS43->US99,0,0,0
4,CS43->US107,0,0,0
4,CS43->US115,55894,55894,0
4,CS43->US123,0,0,0
4,CS44->US4,51125,51125,0
4,CS44->US12,0,0,0
4,CS44->US20,0,0,0
4,CS44->US28,0,0,0
4,CS44->US36,0,0,0
4,CS44->US44,51561,51561,0
4,CS44->US52,51602,51602,0
4,CS44->US60,0,0,0
4,CS44->US68,0,0,0
4,CS44->US76,42334,42333,0
4,CS44->US84,0,0,0
4,CS44->US92,42894,42893,0
4,CS44->US100,0,0,0
4,CS44->US108,0,0,0
4,CS44->US116,56101,56101,0
4,CS44->US124,0,0,0
4,CS45->US5,51165,51165,0
4,CS45->US13,0,0,0
4,CS45->US21,0,0,0
4,CS45->US29,0,0,0
4,CS45->US37,0,0,0
4,CS45->US45,51664,51664,0
4,CS45->US53,51581,51581,0
4,CS45->US61,0,0,0
4,CS45->US69,0,0,0
4,CS45->US77,42192,42190,0
4,CS45->US85,0,0,0
4,CS45->US93,42734,42733,0
4,CS45->US101,0,0,0
4,CS45->US109,0,0,0
4,CS45->US117,55626,55626,0
4,CS45->US125,0,0,0
4,CS46->US6,51027,51027,0
4,CS46->US14,0,0,0
4,CS46->US22,0,0,0
4,CS46->US30,0,0,0
4,CS46->US38,0,0,0
4,CS46->US46,51533,51533,0
4,CS46->US54,51757,51757,0
4,CS46->US62,0,0,0
4,CS46->US70,0,0,0
4,CS46->US78,42402,42402,0
4,CS46->US86,0,0,0
4,CS46->US94,42356,42355,0
4,CS46->US102,0,0,0
4,CS46->US110,0,0,0
4,CS46->US118,55458,55458,0
4,CS46->US126,0,0,0
4,CS47->US7,51418,51418,0
4,CS47->US15,0,0,0
4,CS47->US23,0,0,0
4,CS47->US31,0,0,0
4,CS47->US39,0,0,0
4,CS47->US47,51194,51194,0
4,CS47->US55,51296,51296,0
4,CS47->US63,0,0,0
4,CS47->US71,0,0,0
4,CS47->US79,42266,42265,0
4,CS47->US87,0,0,0
4,CS47->US95,42610,42610,0
4,CS47->US103,0,0,0
4,CS47->US111,0,0,0
4,CS47->US119,56052,56052,0
4,CS47->US127,0,0,0
4,CS48->US0,51841,51841,0
4,CS48->US8,0,0,0
4,CS48->US16,0,0,0
4,CS48->US24,0,0,0
4,CS48->US32,0,0,0
4,CS48->US40,51177,51177,0
4,CS48->US48,51898,51898,0
4,CS48->US56,0,0,0
4,CS48->US64,0,0,0
4,CS48->US72,42247,42246,0
4,CS48->US80,0,0,0
4,CS48->US88,42680,42677,0
4,CS48->US96,0,0,0
4,CS48->US104,0,0,0
4,CS48->US112,55985,55985,0
4,CS48->US120,0,0,0
4,CS49->US1,51527,51527,0
4,CS49->US9,0,0,0
4,CS49->US17,0,0,0
4,CS49->US25,0,0,0
4,CS49->US33,0,0,0
4,CS49->US41,51906,51906,0
4,CS49->US49,51776,51776,0
4,CS49->US57,0,0,0
4,CS49->US65,0,0,0
4,CS49->US73,42613,42613,0
4,CS49->US81,0,0,0
4,CS49->US89,42913,42913,0
4,CS49->US97,0,0,0
4,CS49->US105,0,0,0
4,CS49->US113,55824,55824,0
4,CS49->US121,0,0,0
4,CS50->US2,51410,51410,0
4,CS50->US10,0,0,0
4,CS50->US18,0,0,0
4,CS50->US26,0,0,0
4,CS50->US34,0,0,0
4,CS50->US42,51053,51053,0
4,CS50->US50,51472,51472,0
4,CS50->US58,0,0,0
4,CS50->US66,0,0,0
4,CS50->US74,42500,42500,0
4,CS50->US82,0,0,0
4,CS50->US90,43149,43149,0
4,CS50->US98,0,0,0
4,CS50->US106,0,0,0
4,CS50->US114,56009,56009,0
4,CS50->US122,0,0,0
4,CS51->US3,51423,51423,0
4,CS51->US11,0,0,0
4,CS51->US19,0,0,0
4,CS51->US27,0,0,0
4,CS51->US35,0,0,0
4,CS51->US43,51318,51318,0
4,CS51->US51,51548,51548,0
4,CS51->US59,0,0,0
4,CS51->US67,0,0,0
4,CS51->US75,42526,42526,0
4,CS51->US83,0,0,0
4,CS51->US91,42634,42632,0
4,CS51->US99,0,0,0
4,CS51->US107,0,0,0
4,CS51->US115,56199,56199,0
4,CS51->US123,0,0,0
4,CS52->US4,51261,51261,0
4,CS52->US12,0,0,0
4,CS52->US20,0,0,0
4,CS52->US28,0,0,0
4,CS52->US36,0,0,0
4,CS52->US44,51419,51419,0
4,CS52->US52,50854,50854,0
4,CS52->US60,0,0,0
4,CS52->US68,0,0,0
4,CS52->US76,42132,42131,0
4,CS52->US84,0,0,0
4,CS52->US92,43204,43203,0
4,CS52->US100,0,0,0
4,CS52->US108,0,0,0
4,CS52->US116,56184,56184,0
4,CS52->US124,0,0,0
4,CS53->US5,51479,51479,0
4,CS53->US13,0,0,0
4,CS53->US21,0,0,0
4,CS53->US29,0,0,0
4,CS53->US37,0,0,0
4,CS53->US45,51260,51260,0
4,CS53->US53,51371,51371,0
4,CS53->US61,0,0,0
4,CS53->US69,0,0,0
4,CS53->US77,42766,42766,0
4,CS53->US85,0,0,0
4,CS53->US93,42893,42892,0
4,CS53->US101,0,0,0
4,CS53->US109,0,0,0
4,CS53->US117,56329,56329,0
4,CS53->US125,0,0,0
4,CS54->US6,51609,51609,0
4,CS54->US14,0,0,0
4,CS54->US22,0,0,0
4,CS54->US30,0,0,0
4,CS54->US38,0,0,0
4,CS54->US46,51275,51275,0
4,CS54->US54,51754,51754,0
4,CS54->US62,0,0,0
4,CS54->US70,0,0,0
4,CS54->US78,42542,42541,0
4,CS54->US86,0,0,0
4,CS54->US94,42528,42527,0
4,CS54->US102,0,0,0
4,CS54->US110,0,0,0
4,CS54->US118,56055,56055,0
4,CS54->US126,0,0,0
4,CS55->US7,51637,51637,0
4,CS55->US15,0,0,0
4,CS55->US23,0,0,0
4,CS55->US31,0,0,0
4,CS55->US39,0,0,0
4,CS55->US47,51350,51350,0
4,CS55->US55,51790,51790,0
4,CS55->US63,0,0,0
4,CS55->US71,0,0,0
4,CS55->US79,42186,42185,0
4,CS55->US87,0,0,0
4,CS55->US95,42880,42880,0
4,CS55->US103,0,0,0
4,CS55->US111,0,0,0
4,CS55->US119,56034,56034,0
4,CS55->US127,0,0,0
4,CS56->US0,51518,51518,0
4,CS56->US8,0,0,0
4,CS56->US16,0,0,0
4,CS56->US24,0,0,0
4,CS56->US32,0,0,0
4,CS56->US40,51521,51521,0
4,CS56->US48,51009,51009,0
4,CS56->US56,0,0,0
4,CS56->US64,0,0,0
4,CS56->US72,42651,42651,0
4,CS56->US80,0,0,0
4,CS56->US88,42658,42657,0
4,CS56->US96,0,0,0
4,CS56->US104,0,0,0
4,CS56->US112,56043,56043,0
4,CS56->US120,0,0,0
4,CS57->US1,51336,51336,0
4,CS57->US9,0,0,0
4,CS57->US17,0,0,0
4,CS57->US25,0,0,0
4,CS57->US33,0,0,0
4,CS57->US41,51529,51529,0
4,CS57->US49,51699,51699,0
4,CS57->US57,0,0,0
4,CS57->US65,0,0,0
4,CS57->US73,42386,42385,0
4,CS57->US81,0,0,0
4,CS57->US89,42856,42856,0
4,CS57->US97,0,0,0
4,CS57->US105,0,0,0
4,CS57->US113,55708,55708,0
4,CS57->US121,0,0,0
4,CS58->US2,51776,51776,0
4,CS58->US10,0,0,0
4,CS58->US18,0,0,0
4,CS58->US26,0,0,0
4,CS58->US34,0,0,0
4,CS58->US42,51468,51468,0
4,CS58->US50,51786,51786,0
4,CS58->US58,0,0,0
4,CS58->US66,0,0,0
4,CS58->US74,42502,42501,0
4,CS58->US82,0,0,0
4,CS58->US90,43088,43088,0
4,CS58->US98,0,0,0
4,CS58->US106,0,0,0
4,CS58->US114,55734,55734,0
4,CS58->US122,0,0,0
4,CS59->US3,51464,51464,0
4,CS59->US11,0,0,0
4,CS59->US19,0,0,0
4,CS59->US27,0,0,0
4,CS59->US35,0,0,0
4,CS59->US43,51720,51720,0
4,CS59->US51,51182,51182,0
4,CS59->US59,0,0,0
4,CS59->US67,0,0,0
4,CS59->US75,42218,42218,0
4,CS59->US83,0,0,0
4,CS59->US91,42665,42664,0
4,CS59->US99,0,0,0
4,CS59->US107,0,0,0
4,CS59->US115,56174,56174,0
4,CS59->US123,0,0,0
4,CS60->US4,51156,51156,0
4,CS60->US12,0,0,0
4,CS60->US20,0,0,0
4,CS60->US28,0,0,0
4,CS60->US36,0,0,0
4,CS60->US44,51201,51201,0
4,CS60->US52,51035,51035,0
4,CS60->US60,0,0,0
4,CS60->US68,0,0,0
4,CS60->US76,42155,42155,0
4,CS60->US84,0,0,0
4,CS60->US92,42745,42745,0
4,CS60->US100,0,0,0
4,CS60->US108,0,0,0
4,CS60->US116,55770,55770,0
4,CS60->US124,0,0,0
4,CS61->US5,51825,51825,0
4,CS61->US13,0,0,0
4,CS61->US21,0,0,0
4,CS61->US29,0,0,0
4,CS61->US37,0,0,0
4,CS61->US45,51711,51711,0
4,CS61->US53,51240,51240,0
4,CS61->US61,0,0,0
4,CS61->US69,0,0,0
4,CS61->US77,42711,42711,0
4,CS61->US85,0,0,0
4,CS61->US93,42813,42812,0
4,CS61->US101,0,0,0
4,CS61->US109,0,0,0
4,CS61->US117,56206,56206,0
4,CS61->US125,0,0,0
4,CS62->US6,51368,51368,0
4,CS62->US14,0,0,0
4,CS62->US22,0,0,0
4,CS62->US30,0,0,0
4,CS62->US38,0,0,0
4,CS62->US46,51936,51936,0
4,CS62->US54,51770,51770,0
4,CS62->US62,0,0,0
4,CS62->US70,0,0,0
4,CS62->US78,42569,42569,0
4,CS62->US86,0,0,0
4,CS62->US94,42323,42323,0
4,CS62->US102,0,0,0
4,CS62->US110,0,0,0
4,CS62->US118,55779,55779,0
4,CS62->US126,0,0,0
4,CS63->US7,50907,50907,0
4,CS63->US15,0,0,0
4,CS63->US23,0,0,0
4,CS63->US31,0,0,0
4,CS63->US39,0,0,0
4,CS63->US47,51474,51474,0
4,CS63->US55,51351,51351,0
4,CS63->US63,0,0,0
4,CS63->US71,0,0,0
4,CS63->US79,42450,42450,0
4,CS63->US87,0,0,0
4,CS63->US95,42694,42694,0
4,CS63->US103,0,0,0
4,CS63->US111,0,0,0
4,CS63->US119,56203,56203,0
4,CS63->US127,0,0,0
5,US0->CS0,51659,51659,0
5,US0->CS8,52195,52195,0
5,US0->CS16,51692,51692,0
5,US0->CS24,51648,51648,0
5,US0->CS32,51590,51590,0
5,US0->CS40,51249,51249,0
5,US0->CS48,52232,52232,0
5,US0->CS56,51306,51306,0
5,US1->CS1,51796,51796,0
5,US1->CS9,52001,52001,0
5,US1->CS17,51932,51932,0
5,US1->CS25,51894,51894,0
5,US1->CS33,51886,51886,0
5,US1->CS41,52088,52088,0
5,US1->CS49,52088,52088,0
5,US1->CS57,51971,51971,0
5,US2->CS2,51757,51757,0
5,US2->CS10,51566,51566,0
5,US2->CS18,51634,51634,0
5,US2->CS26,51500,51500,0
5,US2->CS34,51807,51807,0
5,US2->CS42,52053,52053,0
5,US2->CS50,51833,51833,0
5,US2->CS58,52113,52113,0
5,US3->CS3,51375,51375,0
5,US3->CS11,51293,51293,0
5,US3->CS19,51683,51683,0
5,US3->CS27,51523,51523,0
5,US3->CS35,51785,51785,0
5,US3->CS43,51628,51628,0
5,US3->CS51,51861,51861,0
5,US3->CS59,51496,51496,0
5,US4->CS4,51604,51604,0
5,US4->CS12,51667,51667,0
5,US4->CS20,51276,51276,0
5,US4->CS28,52018,52018,0
5,US4->CS36,51918,51918,0
5,US4->CS44,51936,51936,0
5,US4->CS52,51194,51194,0
5,US4->CS60,51339,51339,0
5,US5->CS5,51433,51433,0
5,US5->CS13,52005,52005,0
5,US5->CS21,51918,51918,0
5,US5->CS29,51804,51804,0
5,US5->CS37,51326,51326,0
5,US5->CS45,51900,51900,0
5,US5->CS53,51640,51640,0
5,US5->CS61,51572,51572,0
5,US6->CS6,51772,51772,0
5,US6->CS14,51392,51392,0
5,US6->CS22,51710,51710,0
5,US6->CS30,51895,51895,0
5,US6->CS38,51848,51848,0
5,US6->CS46,52083,52083,0
5,US6->CS54,52042,52042,0
5,US6->CS62,52069,52069,0
5,US7->CS7,51949,51949,0
5,US7->CS15,51977,51977,0
5,US7->CS23,52042,52042,0
5,US7->CS31,51961,51961,0
5,US7->CS39,51898,51898,0
5,US7->CS47,51638,51638,0
5,US7->CS55,52113,52113,0
5,US7->CS63,51653,51653,0
5,US8->CS0,0,0,0
5,US8->CS8,0,0,0
5,US8->CS16,0,0,0
5,US8->CS24,0,0,0
5,US8->CS32,0,0,0
5,US8->CS40,0,0,0
5,US8->CS48,0,0,0
5,US8->CS56,0,0,0
5,US9->CS1,0,0,0
5,US9->CS9,0,0,0
5,US9->CS17,0,0,0
5,US9->CS25,0,0,0
5,US9->CS33,0,0,0
5,US9->CS41,0,0,0
5,US9->CS49,0,0,0
5,US9->CS57,0,0,0
5,US10->CS2,0,0,0
5,US10->CS10,0,0,0
5,US10->CS18,0,0,0
5,US10->CS26,0,0,0
5,US10->CS34,0,0,0
5,US10->CS42,0,0,0
5,US10->CS50,0,0,0
5,US10->CS58,0,0,0
5,US11->CS3,0,0,0
5,US11->CS11,0,0,0
5,US11->CS19,0,0,0
5,US11->CS27,0,0,0
5,US11->CS35,0,0,0
5,US11->CS43,0,0,0
5,US11->CS51,0,0,0
5,US11->CS59,0,0,0
5,US12->CS4,0,0,0
5,US12->CS12,0,0,0
5,US12->CS20,0,0,0
5,US12->CS28,0,0,0
5,US12->CS36,0,0,0
5,US12->CS44,0,0,0
5,US12->CS52,0,0,0
5,US12->CS60,0,0,0
5,US13->CS5,0,0,0
5,US13->CS13,0,0,0
5,US13->CS21,0,0,0
5,US13->CS29,0,0,0
5,US13->CS37,0,0,0
5,US13->CS45,0,0,0
5,US13->CS53,0,0,0
5,US13->CS61,0,0,0
5,US14->CS6,0,0,0
5,US14->CS14,0,0,0
5,US14->CS22,0,0,0
5,US14->CS30,0,0,0
5,US14->CS38,0,0,0
5,US14->CS46,0,0,0
5,US14->CS54,0,0,0
5,US14->CS62,0,0,0
5,US15->CS7,0,0,0
5,US15->CS15,0,0,0
5,US15->CS23,0,0,0
5,US15->CS31,0,0,0
5,US15->CS39,0,0,0
5,US15->CS47,0,0,0
5,US15->CS55,0,0,0
5,US15->CS63,0,0,0
5,US16->CS0,24169,24168,0
5,US16->CS8,24340,24339,0
5,US16->CS16,24355,24354,0
5,US16->CS24,24567,24567,0
5,US16->CS32,24326,24325,0
5,US16->CS40,24329,24328,0
5,US16->CS48,24358,24358,0
5,US16->CS56,24305,24301,0
5,US17->CS1,24201,24200,0
5,US17->CS9,24596,24595,0
5,US17->CS17,24395,24395,0
5,US17->CS25,24492,24492,0
5,US17->CS33,24475,24475,0
5,US17->CS41,24341,24340,0
5,US17->CS49,24208,24208,0
5,US17->CS57,24227,24226,0
5,US18->CS2,24352,24351,0
5,US18->CS10,24562,24562,0
5,US18->CS18,24393,24393,0
5,US18->CS26,24392,24392,0
5,US18->CS34,24342,24342,0
5,US18->CS42,24255,24255,0
5,US18->CS50,24571,24571,0
5,US18->CS58,24276,24276,0
5,US19->CS3,24324,24322,0
5,US19->CS11,24485,24483,0
5,US19->CS19,24012,24012,0
5,US19->CS27,24530,24530,0
5,US19->CS35,24276,24275,0
5,US19->CS43,24681,24681,0
5,US19->CS51,24659,24659,0
5,US19->CS59,24527,24526,0
5,US20->CS4,24507,24507,0
5,US20->CS12,24242,24242,0
5,US20->CS20,24343,24343,0
5,US20->CS28,24266,24266,0
5,US20->CS36,24459,24459,0
5,US20->CS44,24210,24210,0
5,US20->CS52,24247,24245,0
5,US20->CS60,24352,24352,0
5,US21->CS5,24657,24657,0
5,US21->CS13,24443,24443,0
5,US21->CS21,24667,24665,0
5,US21->CS29,24252,24252,0
5,US21->CS37,24296,24295,0
5,US21->CS45,24355,24354,0
5,US21->CS53,24348,24348,0
5,US21->CS61,24332,24331,0
5,US22->CS6,24251,24251,0
5,US22->CS14,24416,24416,0
5,US22->CS22,24120,24119,0
5,US22->CS30,24654,24653,0
5,US22->CS38,24541,24538,0
5,US22->CS46,24504,24504,0
5,US22->CS54,24447,24446,0
5,US22->CS62,24494,24493,0
5,US23->CS7,24427,24427,0
5,US23->CS15,24300,24300,0
5,US23->CS23,24354,24352,0
5,US23->CS31,24482,24482,0
5,US23->CS39,24306,24305,0
5,US23->CS47,24463,24463,0
5,US23->CS55,24527,24527,0
5,US23->CS63,24485,24485,0
5,US24->CS0,0,0,0
5,US24->CS8,0,0,0
5,US24->CS16,0,0,0
5,US24->CS24,0,0,0
5,US24->CS32,0,0,0
5,US24->CS40,0,0,0
5,US24->CS48,0,0,0
5,US24->CS56,0,0,0
5,US25->CS1,0,0,0
5,US25->CS9,0,0,0
5,US25->CS17,0,0,0
5,US25->CS25,0,0,0
5,US25->CS33,0,0,0
5,US25->CS41,0,0,0
5,US25->CS49,0,0,0
5,US25->CS57,0,0,0
5,US26->CS2,0,0,0
5,US26->CS10,0,0,0
5,US26->CS18,0,0,0
5,US26->CS26,0,0,0
5,US26->CS34,0,0,0
5,US26->CS42,0,0,0
5,US26->CS50,0,0,0
5,US26->CS58,0,0,0
5,US27->CS3,0,0,0
5,US27->CS11,0,0,0
5,US27->CS19,0,0,0
5,US27->CS27,0,0,0
5,US27->CS35,0,0,0
5,US27->CS43,0,0,0
5,US27->CS51,0,0,0
5,US27->CS59,0,0,0
5,US28->CS4,0,0,0
5,US28->CS12,0,0,0
5,US28->CS20,0,0,0
5,US28->CS28,0,0,0
5,US28->CS36,0,0,0
5,US28->CS44,0,0,0
5,US28->CS52,0,0,0
5,US28->CS60,0,0,0
5,US29->CS5,0,0,0
5,US29->CS13,0,0,0
5,US29->CS21,0,0,0
5,US29->CS29,0,0,0
5,US29->CS37,0,0,0
5,US29->CS45,0,0,0
5,US29->CS53,0,0,0
5,US29->CS61,0,0,0
5,US30->CS6,0,0,0
5,US30->CS14,0,0,0
5,US30->CS22,0,0,0
5,US30->CS30,0,0,0
5,US30->CS38,0,0,0
5,US30->CS46,0,0,0
5,US30->CS54,0,0,0
5,US30->CS62,0,0,0
5,US31->CS7,0,0,0
5,US31->CS15,0,0,0
5,US31->CS23,0,0,0
5,US31->CS31,0,0,0
5,US31->CS39,0,0,0
5,US31->CS47,0,0,0
5,US31->CS55,0,0,0
5,US31->CS63,0,0,0
5,US32->CS0,0,0,0
5,US32->CS8,0,0,0
5,US32->CS16,0,0,0
5,US32->CS24,0,0,0
5,US32->CS32,0,0,0
5,US32->CS40,0,0,0
5,US32->CS48,0,0,0
5,US32->CS56,0,0,0
5,US33->CS1,0,0,0
5,US33->CS9,0,0,0
5,US33->CS17,0,0,0
5,US33->CS25,0,0,0
5,US33->CS33,0,0,0
5,US33->CS41,0,0,0
5,US33->CS49,0,0,0
5,US33->CS57,0,0,0
5,US34->CS2,0,0,0
5,US34->CS10,0,0,0
5,US34->CS18,0,0,0
5,US34->CS26,0,0,0
5,US34->CS34,0,0,0
5,US34->CS42,0,0,0
5,US34->CS50,0,0,0
5,US34->CS58,0,0,0
5,US35->CS3,0,0,0
5,US35->CS11,0,0,0
5,US35->CS19,0,0,0
5,US35->CS27,0,0,0
5,US35->CS35,0,0,0
5,US35->CS43,0,0,0
5,US35->CS51,0,0,0
5,US35->CS59,0,0,0
5,US36->CS4,0,0,0
5,US36->CS12,0,0,0
5,US36->CS20,0,0,0
5,US36->CS28,0,0,0
5,US36->CS36,0,0,0
5,US36->CS44,0,0,0
5,US36->CS52,0,0,0
5,US36->CS60,0,0,0
5,US37->CS5,0,0,0
5,US37->CS13,0,0,0
5,US37->CS21,0,0,0
5,US37->CS29,0,0,0
5,US37->CS37,0,0,0
5,US37->CS45,0,0,0
5,US37->CS53,0,0,0
5,US37->CS61,0,0,0
5,US38->CS6,0,0,0
5,US38->CS14,0,0,0
5,US38->CS22,0,0,0
5,US38->CS30,0,0,0
5,US38->CS38,0,0,0
5,US38->CS46,0,0,0
5,US38->CS54,0,0,0
5,US38->CS62,0,0,0
5,US39->CS7,0,0,0
5,US39->CS15,0,0,0
5,US39->CS23,0,0,0
5,US39->CS31,0,0,0
5,US39->CS39,0,0,0
5,US39->CS47,0,0,0
5,US39->CS55,0,0,0
5,US39->CS63,0,0,0
5,US40->CS0,56338,56338,0
5,US40->CS8,55806,55806,0
5,US40->CS16,55695,55695,0
5,US40->CS24,56280,56280,0
5,US40->CS32,56353,56353,0
5,US40->CS40,55915,55915,0
5,US40->CS48,56019,56019,0
5,US40->CS56,56106,56106,0
5,US41->CS1,55570,55570,0
5,US41->CS9,55854,55854,0
5,US41->CS17,55756,55756,0
5,US41->CS25,56236,56236,0
5,US41->CS33,55874,55874,0
5,US41->CS41,55785,55785,0
5,US41->CS49,55904,55904,0
5,US41->CS57,55769,55769,0
5,US42->CS2,56464,56464,0
5,US42->CS10,55985,55985,0
5,US42->CS18,55760,55760,0
5,US42->CS26,56129,56129,0
5,US42->CS34,56050,56050,0
5,US42->CS42,55944,55944,0
5,US42->CS50,56031,56031,0
5,US42->CS58,55732,55732,0
5,US43->CS3,56103,56103,0
5,US43->CS11,55906,55906,0
5,US43->CS19,56195,56195,0
5,US43->CS27,56035,56035,0
5,US43->CS35,55945,55945,0
5,US43->CS43,55923,55923,0
5,US43->CS51,56197,56197,0
5,US43->CS59,56235,56235,0
5,US44->CS4,55895,55895,0
5,US44->CS12,56098,56098,0
5,US44->CS20,56292,56292,0
5,US44->CS28,55717,55717,0
5,US44->CS36,55794,55794,0
5,US44->CS44,56177,56177,0
5,US44->CS52,56183,56183,0
5,US44->CS60,55803,55803,0
5,US45->CS5,55924,55924,0
5,US45->CS13,56017,56017,0
5,US45->CS21,55932,55932,0
5,US45->CS29,55997,55997,0
5,US45->CS37,56083,56083,0
5,US45->CS45,55659,55659,0
5,US45->CS53,56389,56389,0
5,US45->CS61,56283,56283,0
5,US46->CS6,56090,56090,0
5,US46->CS14,56123,56123,0
5,US46->CS22,56179,56179,0
5,US46->CS30,56021,56021,0
5,US46->CS38,56309,56309,0
5,US46->CS46,55461,55461,0
5,US46->CS54,56163,56163,0
5,US46->CS62,55830,55830,0
5,US47->CS7,55701,55701,0
5,US47->CS15,56245,56245,0
5,US47->CS23,56039,56039,0
5,US47->CS31,56221,56221,0
5,US47->CS39,56232,56232,0
5,US47->CS47,56077,56077,0
5,US47->CS55,56062,56062,0
5,US47->CS63,56238,56238,0
5,US48->CS0,52237,52237,0
5,US48->CS8,52111,52111,0
5,US48->CS16,51674,51674,0
5,US48->CS24,52118,52118,0
5,US48->CS32,51801,51801,0
5,US48->CS40,51686,51686,0
5,US48->CS48,52115,52115,0
5,US48->CS56,51898,51898,0
5,US49->CS1,51451,51451,0
5,US49->CS9,51026,51026,0
5,US49->CS17,51892,51892,0
5,US49->CS25,51836,51836,0
5,US49->CS33,51748,51748,0
5,US49->CS41,51913,51913,0
5,US49->CS49,51866,51866,0
5,US49->CS57,51617,51617,0
5,US50->CS2,51974,51974,0
5,US50->CS10,51887,51887,0
5,US50->CS18,51887,51887,0
5,US50->CS26,51917,51917,0
5,US50->CS34,51462,51462,0
5,US50->CS42,51676,51676,0
5,US50->CS50,51719,51719,0
5,US50->CS58,52127,52127,0
5,US51->CS3,51676,51676,0
5,US51->CS11,51486,51486,0
5,US51->CS19,51378,51378,0
5,US51->CS27,51818,51818,0
5,US51->CS35,51932,51932,0
5,US51->CS43,51502,51502,0
5,US51->CS51,51751,51751,0
5,US51->CS59,51793,51793,0
5,US52->CS4,51758,51758,0
5,US52->CS12,51822,51822,0
5,US52->CS20,51768,51768,0
5,US52->CS28,51508,51508,0
5,US52->CS36,51878,51878,0
5,US52->CS44,51472,51472,0
5,US52->CS52,51590,51590,0
5,US52->CS60,51488,51488,0
5,US53->CS5,52094,52094,0
5,US53->CS13,51701,51701,0
5,US53->CS21,51728,51728,0
5,US53->CS29,51596,51596,0
5,US53->CS37,52007,52007,0
5,US53->CS45,51488,51488,0
5,US53->CS53,51776,51776,0
5,US53->CS61,52120,52120,0
5,US54->CS6,51213,51213,0
5,US54->CS14,51646,51646,0
5,US54->CS22,51646,51646,0
5,US54->CS30,51908,51908,0
5,US54->CS38,51873,51873,0
5,US54->CS46,51346,51346,0
5,US54->CS54,51912,51912,0
5,US54->CS62,51667,51667,0
5,US55->CS7,51881,51881,0
5,US55->CS15,51898,51898,0
5,US55->CS23,52110,52110,0
5,US55->CS31,52222,52222,0
5,US55->CS39,51804,51804,0
5,US55->CS47,51748,51748,0
5,US55->CS55,51969,51969,0
5,US55->CS63,51221,51221,0
5,US56->CS0,0,0,0
5,US56->CS8,0,0,0
5,US56->CS16,0,0,0
5,US56->CS24,0,0,0
5,US56->CS32,0,0,0
5,US56->CS40,0,0,0
5,US56->CS48,0,0,0
5,US56->CS56,0,0,0
5,US57->CS1,0,0,0
5,US57->CS9,0,0,0
5,US57->CS17,0,0,0
5,US57->CS25,0,0,0
5,US57->CS33,0,0,0
5,US57->CS41,0,0,0
5,US57->CS49,0,0,0
5,US57->CS57,0,0,0
5,US58->CS2,0,0,0
5,US58->CS10,0,0,0
5,US58->CS18,0,0,0
5,US58->CS26,0,0,0
5,US58->CS34,0,0,0
5,US58->CS42,0,0,0
5,US58->CS50,0,0,0
5,US58->CS58,0,0,0
5,US59->CS3,0,0,0
5,US59->CS11,0,0,0
5,US59->CS19,0,0,0
5,US59->CS27,0,0,0
5,US59->CS35,0,0,0
5,US59->CS43,0,0,0
5,US59->CS51,0,0,0
5,US59->CS59,0,0,0
5,US60->CS4,0,0,0
5,US60->CS12,0,0,0
5,US60->CS20,0,0,0
5,US60->CS28,0,0,0
5,US60->CS36,0,0,0
5,US60->CS44,0,0,0
5,US60->CS52,0,0,0
5,US60->CS60,0,0,0
5,US61->CS5,0,0,0
5,US61->CS13,0,0,0
5,US61->CS21,0,0,0
5,US61->CS29,0,0,0
5,US61->CS37,0,0,0
5,US61->CS45,0,0,0
5,US61->CS53,0,0,0
5,US61->CS61,0,0,0
5,US62->CS6,0,0,0
5,US62->CS14,0,0,0
5,US62->CS22,0,0,0
5,US62->CS30,0,0,0
5,US62->CS38,0,0,0
5,US62->CS46,0,0,0
5,US62->CS54,0,0,0
5,US62->CS62,0,0,0
5,US63->CS7,0,0,0
5,US63->CS15,0,0,0
5,US63->CS23,0,0,0
5,US63->CS31,0,0,0
5,US63->CS39,0,0,0
5,US63->CS47,0,0,0
5,US63->CS55,0,0,0
5,US63->CS63,0,0,0
5,US64->CS0,0,0,0
5,US64->CS8,0,0,0
5,US64->CS16,0,0,0
5,US64->CS24,0,0,0
5,US64->CS32,0,0,0
5,US64->CS40,0,0,0
5,US64->CS48,0,0,0
5,US64->CS56,0,0,0
5,US65->CS1,0,0,0
5,US65->CS9,0,0,0
5,US65->CS17,0,0,0
5,US65->CS25,0,0,0
5,US65->CS33,0,0,0
5,US65->CS41,0,0,0
5,US65->CS49,0,0,0
5,US65->CS57,0,0,0
5,US66->CS2,0,0,0
5,US66->CS10,0,0,0
5,US66->CS18,0,0,0
5,US66->CS26,0,0,0
5,US66->CS34,0,0,0
5,US66->CS42,0,0,0
5,US66->CS50,0,0,0
5,US66->CS58,0,0,0
5,US67->CS3,0,0,0
5,US67->CS11,0,0,0
5,US67->CS19,0,0,0
5,US67->CS27,0,0,0
5,US67->CS35,0,0,0
5,US67->CS43,0,0,0
5,US67->CS51,0,0,0
5,US67->CS59,0,0,0
5,US68->CS4,0,0,0
5,US68->CS12,0,0,0
5,US68->CS20,0,0,0
5,US68->CS28,0,0,0
5,US68->CS36,0,0,0
5,US68->CS44,0,0,0
5,US68->CS52,0,0,0
5,US68->CS60,0,0,0
5,US69->CS5,0,0,0
5,US69->CS13,0,0,0
5,US69->CS21,0,0,0
5,US69->CS29,0,0,0
5,US69->CS37,0,0,0
5,US69->CS45,0,0,0
5,US69->CS53,0,0,0
5,US69->CS61,0,0,0
5,US70->CS6,0,0,0
5,US70->CS14,0,0,0
5,US70->CS22,0,0,0
5,US70->CS30,0,0,0
5,US70->CS38,0,0,0
5,US70->CS46,0,0,0
5,US70->CS54,0,0,0
5,US70->CS62,0,0,0
5,US71->CS7,0,0,0
5,US71->CS15,0,0,0
5,US71->CS23,0,0,0
5,US71->CS31,0,0,0
5,US71->CS39,0,0,0
5,US71->CS47,0,0,0
5,US71->CS55,0,0,0
5,US71->CS63,0,0,0
5,US72->CS0,50522,50522,0
5,US72->CS8,50710,50710,0
5,US72->CS16,50857,50857,0
5,US72->CS24,50682,50682,0
5,US72->CS32,50715,50715,0
5,US72->CS40,50569,50569,0
5,US72->CS48,50577,50577,0
5,US72->CS56,50502,50502,0
5,US73->CS1,50817,50817,0
5,US73->CS9,50767,50767,0
5,US73->CS17,50352,50352,0
5,US73->CS25,50790,50790,0
5,US73->CS33,50990,50990,0
5,US73->CS41,50900,50900,0
5,US73->CS49,50853,50853,0
5,US73->CS57,50646,50646,0
5,US74->CS2,50570,50570,0
5,US74->CS10,50661,50661,0
5,US74->CS18,50668,50668,0
5,US74->CS26,51042,51042,0
5,US74->CS34,50465,50465,0
5,US74->CS42,50648,50648,0
5,US74->CS50,50957,50957,0
5,US74->CS58,50936,50936,0
5,US75->CS3,50597,50597,0
5,US75->CS11,50492,50492,0
5,US75->CS19,51007,51007,0
5,US75->CS27,50680,50680,0
5,US75->CS35,50605,50605,0
5,US75->CS43,50326,50326,0
5,US75->CS51,50459,50459,0
5,US75->CS59,50504,50504,0
5,US76->CS4,50451,50451,0
5,US76->CS12,50617,50617,0
5,US76->CS20,50345,50345,0
5,US76->CS28,50526,50526,0
5,US76->CS36,50645,50645,0
5,US76->CS44,50692,50692,0
5,US76->CS52,51165,51165,0
5,US76->CS60,50564,50564,0
5,US77->CS5,50709,50709,0
5,US77->CS13,50924,50924,0
5,US77->CS21,50377,50377,0
5,US77->CS29,50563,50563,0
5,US77->CS37,50445,50445,0
5,US77->CS45,50641,50641,0
5,US77->CS53,50810,50810,0
5,US77->CS61,50906,50906,0
5,US78->CS6,50883,50883,0
5,US78->CS14,50747,50747,0
5,US78->CS22,50355,50355,0
5,US78->CS30,50720,50720,0
5,US78->CS38,50797,50797,0
5,US78->CS46,50275,50275,0
5,US78->CS54,50572,50572,0
5,US78->CS62,50227,50227,0
5,US79->CS7,50390,50390,0
5,US79->CS15,50484,50484,0
5,US79->CS23,50432,50432,0
5,US79->CS31,50693,50693,0
5,US79->CS39,50800,50800,0
5,US79->CS47,50495,50495,0
5,US79->CS55,50861,50861,0
5,US79->CS63,50660,50660,0
5,US80->CS0,0,0,0
5,US80->CS8,0,0,0
5,US80->CS16,0,0,0
5,US80->CS24,0,0,0
5,US80->CS32,0,0,0
5,US80->CS40,0,0,0
5,US80->CS48,0,0,0
5,US80->CS56,0,0,0
5,US81->CS1,0,0,0
5,US81->CS9,0,0,0
5,US81->CS17,0,0,0
5,US81->CS25,0,0,0
5,US81->CS33,0,0,0
5,US81->CS41,0,0,0
5,US81->CS49,0,0,0
5,US81->CS57,0,0,0
5,US82->CS2,0,0,0
5,US82->CS10,0,0,0
5,US82->CS18,0,0,0
5,US82->CS26,0,0,0
5,US82->CS34,0,0,0
5,US82->CS42,0,0,0
5,US82->CS50,0,0,0
5,US82->CS58,0,0,0
5,US83->CS3,0,0,0
5,US83->CS11,0,0,0
5,US83->CS19,0,0,0
5,US83->CS27,0,0,0
5,US83->CS35,0,0,0
5,US83->CS43,0,0,0
5,US83->CS51,0,0,0
5,US83->CS59,0,0,0
5,US84->CS4,0,0,0
5,US84->CS12,0,0,0
5,US84->CS20,0,0,0
5,US84->CS28,0,0,0
5,US84->CS36,0,0,0
5,US84->CS44,0,0,0
5,US84->CS52,0,0,0
5,US84->CS60,0,0,0
5,US85->CS5,0,0,0
5,US85->CS13,0,0,0
5,US85->CS21,0,0,0
5,US85->CS29,0,0,0
5,US85->CS37,0,0,0
5,US85->CS45,0,0,0
5,US85->CS53,0,0,0
5,US85->CS61,0,0,0
5,US86->CS6,0,0,0
5,US86->CS14,0,0,0
5,US86->CS22,0,0,0
5,US86->CS30,0,0,0
5,US86->CS38,0,0,0
5,US86->CS46,0,0,0
5,US86->CS54,0,0,0
5,US86->CS62,0,0,0
5,US87->CS7,0,0,0
5,US87->CS15,0,0,0
5,US87->CS23,0,0,0
5,US87->CS31,0,0,0
5,US87->CS39,0,0,0
5,US87->CS47,0,0,0
5,US87->CS55,0,0,0
5,US87->CS63,0,0,0
5,US88->CS0,50609,50609,0
5,US88->CS8,51047,51047,0
5,US88->CS16,50974,50974,0
5,US88->CS24,50512,50512,0
5,US88->CS32,50605,50605,0
5,US88->CS40,50999,50999,0
5,US88->CS48,50400,50400,0
5,US88->CS56,50951,50951,0
5,US89->CS1,50862,50862,0
5,US89->CS9,50641,50641,0
5,US89->CS17,50887,50887,0
5,US89->CS25,50745,50745,0
5,US89->CS33,50815,50815,0
5,US89->CS41,50816,50816,0
5,US89->CS49,50913,50913,0
5,US89->CS57,50698,50698,0
5,US90->CS2,50884,50884,0
5,US90->CS10,50654,50654,0
5,US90->CS18,50725,50725,0
5,US90->CS26,50682,50682,0
5,US90->CS34,50723,50723,0
5,US90->CS42,51215,51215,0
5,US90->CS50,50799,50799,0
5,US90->CS58,50825,50825,0
5,US91->CS3,50483,50483,0
5,US91->CS11,50941,50941,0
5,US91->CS19,51257,51257,0
5,US91->CS27,50709,50709,0
5,US91->CS35,50979,50979,0
5,US91->CS43,50754,50754,0
5,US91->CS51,50998,50998,0
5,US91->CS59,50487,50487,0
5,US92->CS4,50649,50649,0
5,US92->CS12,51037,51037,0
5,US92->CS20,50638,50638,0
5,US92->CS28,50697,50697,0
5,US92->CS36,50942,50942,0
5,US92->CS44,50543,50543,0
5,US92->CS52,50427,50427,0
5,US92->CS60,50499,50499,0
5,US93->CS5,50779,50779,0
5,US93->CS13,50543,50543,0
5,US93->CS21,50899,50899,0
5,US93->CS29,50874,50874,0
5,US93->CS37,50838,50838,0
5,US93->CS45,50484,50484,0
5,US93->CS53,50967,50967,0
5,US93->CS61,51053,51053,0
5,US94->CS6,50522,50522,0
5,US94->CS14,50982,50982,0
5,US94->CS22,50628,50628,0
5,US94->CS30,50565,50565,0
5,US94->CS38,51122,51122,0
5,US94->CS46,50796,50796,0
5,US94->CS54,50990,50990,0
5,US94->CS62,50920,50920,0
5,US95->CS7,50706,50706,0
5,US95->CS15,50622,50622,0
5,US95->CS23,50410,50410,0
5,US95->CS31,50396,50396,0
5,US95->CS39,51038,51038,0
5,US95->CS47,50458,50458,0
5,US95->CS55,50677,50677,0
5,US95->CS63,50811,50811,0
5,US96->CS0,0,0,0
5,US96->CS8,0,0,0
5,US96->CS16,0,0,0
5,US96->CS24,0,0,0
5,US96->CS32,0,0,0
5,US96->CS40,0,0,0
5,US96->CS48,0,0,0
5,US96->CS56,0,0,0
5,US97->CS1,0,0,0
5,US97->CS9,0,0,0
5,US97->CS17,0,0,0
5,US97->CS25,0,0,0
5,US97->CS33,0,0,0
5,US97->CS41,0,0,0
5,US97->CS49,0,0,0
5,US97->CS57,0,0,0
5,US98->CS2,0,0,0
5,US98->CS10,0,0,0
5,US98->CS18,0,0,0
5,US98->CS26,0,0,0
5,US98->CS34,0,0,0
5,US98->CS42,0,0,0
5,US98->CS50,0,0,0
5,US98->CS58,0,0,0
5,US99->CS3,0,0,0
5,US99->CS11,0,0,0
5,US99->CS19,0,0,0
5,US99->CS27,0,0,0
5,US99->CS35,0,0,0
5,US99->CS43,0,0,0
5,US99->CS51,0,0,0
5,US99->CS59,0,0,0
5,US100->CS4,0,0,0
5,US100->CS12,0,0,0
5,US100->CS20,0,0,0
5,US100->CS28,0,0,0
5,US100->CS36,0,0,0
5,US100->CS44,0,0,0
5,US100->CS52,0,0,0
5,US100->CS60,0,0,0
5,US101->CS5,0,0,0
5,US101->CS13,0,0,0
5,US101->CS21,0,0,0
5,US101->CS29,0,0,0
5,US101->CS37,0,0,0
5,US101->CS45,0,0,0
5,US101->CS53,0,0,0
5,US101->CS61,0,0,0
5,US102->CS6,0,0,0
5,US102->CS14,0,0,0
5,US102->CS22,0,0,0
5,US102->CS30,0,0,0
5,US102->CS38,0,0,0
5,US102->CS46,0,0,0
5,US102->CS54,0,0,0
5,US102->CS62,0,0,0
5,US103->CS7,0,0,0
5,US103->CS15,0,0,0
5,US103->CS23,0,0,0
5,US103->CS31,0,0,0
5,US103->CS39,0,0,0
5,US103->CS47,0,0,0
5,US103->CS55,0,0,0
5,US103->CS63,0,0,0
5,US104->CS0,0,0,0
5,US104->CS8,0,0,0
5,US104->CS16,0,0,0
5,US104->CS24,0,0,0
5,US104->CS32,0,0,0
5,US104->CS40,0,0,0
5,US104->CS48,0,0,0
5,US104->CS56,0,0,0
5,US105->CS1,0,0,0
5,US105->CS9,0,0,0
5,US105->CS17,0,0,0
5,US105->CS25,0,0,0
5,US105->CS33,0,0,0
5,US105->CS41,0,0,0
5,US105->CS49,0,0,0
5,US105->CS57,0,0,0
5,US106->CS2,0,0,0
5,US106->CS10,0,0,0
5,US106->CS18,0,0,0
5,US106->CS26,0,0,0
5,US106->CS34,0,0,0
5,US106->CS42,0,0,0
5,US106->CS50,0,0,0
5,US106->CS58,0,0,0
5,US107->CS3,0,0,0
5,US107->CS11,0,0,0
5,US107->CS19,0,0,0
5,US107->CS27,0,0,0
5,US107->CS35,0,0,0
5,US107->CS43,0,0,0
5,US107->CS51,0,0,0
5,US107->CS59,0,0,0
5,US108->CS4,0,0,0
5,US108->CS12,0,0,0
5,US108->CS20,0,0,0
5,US108->CS28,0,0,0
5,US108->CS36,0,0,0
5,US108->CS44,0,0,0
5,US108->CS52,0,0,0
5,US108->CS60,0,0,0
5,US109->CS5,0,0,0
5,US109->CS13,0,0,0
5,US109->CS21,0,0,0
5,US109->CS29,0,0,0
5,US109->CS37,0,0,0
5,US109->CS45,0,0,0
5,US109->CS53,0,0,0
5,US109->CS61,0,0,0
5,US110->CS6,0,0,0
5,US110->CS14,0,0,0
5,US110->CS22,0,0,0
5,US110->CS30,0,0,0
5,US110->CS38,0,0,0
5,US110->CS46,0,0,0
5,US110->CS54,0,0,0
5,US110->CS62,0,0,0
5,US111->CS7,0,0,0
5,US111->CS15,0,0,0
5,US111->CS23,0,0,0
5,US111->CS31,0,0,0
5,US111->CS39,0,0,0
5,US111->CS47,0,0,0
5,US111->CS55,0,0,0
5,US111->CS63,0,0,0
5,US112->CS0,51323,51323,0
5,US112->CS8,51602,51602,0
5,US112->CS16,51465,51465,0
5,US112->CS24,51528,51528,0
5,US112->CS32,51261,51261,0
5,US112->CS40,51468,51468,0
5,US112->CS48,51293,51293,0
5,US112->CS56,51548,51548,0
5,US113->CS1,51661,51661,0
5,US113->CS9,51343,51343,0
5,US113->CS17,51677,51677,0
5,US113->CS25,51216,51216,0
5,US113->CS33,51451,51451,0
5,US113->CS41,51542,51542,0
5,US113->CS49,51949,51949,0
5,US113->CS57,51620,51620,0
5,US114->CS2,51776,51776,0
5,US114->CS10,51114,51114,0
5,US114->CS18,51189,51189,0
5,US114->CS26,51364,51364,0
5,US114->CS34,51769,51769,0
5,US114->CS42,51327,51327,0
5,US114->CS50,51155,51155,0
5,US114->CS58,51502,51502,0
5,US115->CS3,51468,51468,0
5,US115->CS11,51481,51481,0
5,US115->CS19,51382,51382,0
5,US115->CS27,51332,51332,0
5,US115->CS35,51510,51510,0
5,US115->CS43,51147,51147,0
5,US115->CS51,51322,51322,0
5,US115->CS59,51768,51768,0
5,US116->CS4,51656,51656,0
5,US116->CS12,51627,51627,0
5,US116->CS20,51621,51621,0
5,US116->CS28,51727,51727,0
5,US116->CS36,51951,51951,0
5,US116->CS44,51646,51646,0
5,US116->CS52,51478,51478,0
5,US116->CS60,51268,51268,0
5,US117->CS5,51346,51346,0
5,US117->CS13,51440,51440,0
5,US117->CS21,51487,51487,0
5,US117->CS29,51526,51526,0
5,US117->CS37,51864,51864,0
5,US117->CS45,51711,51711,0
5,US117->CS53,51314,51314,0
5,US117->CS61,51759,51759,0
5,US118->CS6,52103,52103,0
5,US118->CS14,51856,51856,0
5,US118->CS22,51398,51398,0
5,US118->CS30,51660,51660,0
5,US118->CS38,51335,51335,0
5,US118->CS46,51598,51598,0
5,US118->CS54,51360,51360,0
5,US118->CS62,52068,52068,0
5,US119->CS7,51599,51599,0
5,US119->CS15,51154,51154,0
5,US119->CS23,51511,51511,0
5,US119->CS31,51257,51257,0
5,US119->CS39,51423,51423,0
5,US119->CS47,51227,51227,0
5,US119->CS55,51432,51432,0
5,US119->CS63,51539,51539,0
5,US120->CS0,24048,24047,0
5,US120->CS8,24049,24049,0
5,US120->CS16,24297,24295,0
5,US120->CS24,24146,24145,0
5,US120->CS32,24110,24109,0
5,US120->CS40,24116,24116,0
5,US120->CS48,23988,23988,0
5,US120->CS56,24483,24482,0
5,US121->CS1,24149,24149,0
5,US121->CS9,24205,24204,0
5,US121->CS17,24131,24130,0
5,US121->CS25,24418,24418,0
5,US121->CS33,24191,24190,0
5,US121->CS41,24219,24219,0
5,US121->CS49,24094,24094,0
5,US121->CS57,24268,24267,0
5,US122->CS2,24066,24065,0
5,US122->CS10,24147,24147,0
5,US122->CS18,24012,24012,0
5,US122->CS26,24329,24328,0
5,US122->CS34,24100,24099,0
5,US122->CS42,24148,24147,0
5,US122->CS50,24138,24137,0
5,US122->CS58,24212,24212,0
5,US123->CS3,24066,24066,0
5,US123->CS11,24158,24158,0
5,US123->CS19,24442,24442,0
5,US123->CS27,24056,24056,0
5,US123->CS35,23921,23921,0
5,US123->CS43,23979,23979,0
5,US123->CS51,24386,24385,0
5,US123->CS59,24121,24121,0
5,US124->CS4,24350,24350,0
5,US124->CS12,24357,24357,0
5,US124->CS20,24073,24073,0
5,US124->CS28,24409,24409,0
5,US124->CS36,24100,24099,0
5,US124->CS44,24013,24013,0
5,US124->CS52,23934,23934,0
5,US124->CS60,24038,24038,0
5,US125->CS5,24139,24139,0
5,US125->CS13,24006,24006,0
5,US125->CS21,24097,24096,0
5,US125->CS29,24320,24320,0
5,US125->CS37,24404,24404,0
5,US125->CS45,24166,24166,0
5,US125->CS53,24468,24468,0
5,US125->CS61,24545,24545,0
5,US126->CS6,24326,24326,0
5,US126->CS14,24190,24189,0
5,US126->CS22,23993,23991,0
5,US126->CS30,24239,24238,0
5,US126->CS38,24237,24236,0
5,US126->CS46,24044,24043,0
5,US126->CS54,24094,24093,0
5,US126->CS62,24101,24101,0
5,US127->CS7,24194,24194,0
5,US127->CS15,24390,24389,0
5,US127->CS23,24204,24203,0
5,US127->CS31,24240,24240,0
5,US127->CS39,24014,24014,0
5,US127->CS47,23998,23996,0
5,US127->CS55,24310,24310,0
5,US127->CS63,24108,24108,0
5,CS0->US0,51923,51923,0
5,CS0->US8,0,0,0
5,CS0->US16,24145,24145,0
5,CS0->US24,0,0,0
5,CS0->US32,0,0,0
5,CS0->US40,51451,51451,0
5,CS0->US48,51374,51374,0
5,CS0->US56,0,0,0
5,CS0->US64,0,0,0
5,CS0->US72,50656,50656,0
5,CS0->US80,0,0,0
5,CS0->US88,50692,50692,0
5,CS0->US96,0,0,0
5,CS0->US104,0,0,0
5,CS0->US112,56478,56478,0
5,CS0->US120,24184,24184,0
5,CS1->US1,51197,51197,0
5,CS1->US9,0,0,0
5,CS1->US17,24219,24219,0
5,CS1->US25,0,0,0
5,CS1->US33,0,0,0
5,CS1->US41,51750,51750,0
5,CS1->US49,51499,51499,0
5,CS1->US57,0,0,0
5,CS1->US65,0,0,0
5,CS1->US73,50891,50891,0
5,CS1->US81,0,0,0
5,CS1->US89,50906,50906,0
5,CS1->US97,0,0,0
5,CS1->US105,0,0,0
5,CS1->US113,55768,55768,0
5,CS1->US121,24275,24275,0
5,CS2->US2,51675,51675,0
5,CS2->US10,0,0,0
5,CS2->US18,24175,24175,0
5,CS2->US26,0,0,0
5,CS2->US34,0,0,0
5,CS2->US42,51888,51888,0
5,CS2->US50,51467,51467,0
5,CS2->US58,0,0,0
5,CS2->US66,0,0,0
5,CS2->US74,50922,50922,0
5,CS2->US82,0,0,0
5,CS2->US90,50713,50713,0
5,CS2->US98,0,0,0
5,CS2->US106,0,0,0
5,CS2->US114,56606,56606,0
5,CS2->US122,24395,24395,0
5,CS3->US3,51355,51355,0
5,CS3->US11,0,0,0
5,CS3->US19,24147,24146,0
5,CS3->US27,0,0,0
5,CS3->US35,0,0,0
5,CS3->US43,51605,51605,0
5,CS3->US51,51090,51090,0
5,CS3->US59,0,0,0
5,CS3->US67,0,0,0
5,CS3->US75,50530,50530,0
5,CS3->US83,0,0,0
5,CS3->US91,50766,50766,0
5,CS3->US99,0,0,0
5,CS3->US107,0,0,0
5,CS3->US115,56260,56260,0
5,CS3->US123,24337,24336,0
5,CS4->US4,51476,51476,0
5,CS4->US12,0,0,0
5,CS4->US20,24398,24398,0
5,CS4->US28,0,0,0
5,CS4->US36,0,0,0
5,CS4->US44,51776,51776,0
5,CS4->US52,51316,51316,0
5,CS4->US60,0,0,0
5,CS4->US68,0,0,0
5,CS4->US76,50712,50712,0
5,CS4->US84,0,0,0
5,CS4->US92,50551,50551,0
5,CS4->US100,0,0,0
5,CS4->US108,0,0,0
5,CS4->US116,56072,56072,0
5,CS4->US124,24569,24568,0
5,CS5->US5,51790,51790,0
5,CS5->US13,0,0,0
5,CS5->US21,24245,24243,0
5,CS5->US29,0,0,0
5,CS5->US37,0,0,0
5,CS5->US45,51497,51497,0
5,CS5->US53,51160,51160,0
5,CS5->US61,0,0,0
5,CS5->US69,0,0,0
5,CS5->US77,50827,50827,0
5,CS5->US85,0,0,0
5,CS5->US93,50833,50833,0
5,CS5->US101,0,0,0
5,CS5->US109,0,0,0
5,CS5->US117,56043,56043,0
5,CS5->US125,24686,24685,0
5,CS6->US6,50942,50942,0
5,CS6->US14,0,0,0
5,CS6->US22,24420,24419,0
5,CS6->US30,0,0,0
5,CS6->US38,0,0,0
5,CS6->US46,52204,52204,0
5,CS6->US54,51523,51523,0
5,CS6->US62,0,0,0
5,CS6->US70,0,0,0
5,CS6->US78,50546,50546,0
5,CS6->US86,0,0,0
5,CS6->US94,51036,51036,0
5,CS6->US102,0,0,0
5,CS6->US110,0,0,0
5,CS6->US118,56221,56221,0
5,CS6->US126,24268,24268,0
5,CS7->US7,51602,51602,0
5,CS7->US15,0,0,0
5,CS7->US23,24281,24281,0
5,CS7->US31,0,0,0
5,CS7->US39,0,0,0
5,CS7->US47,51719,51719,0
5,CS7->US55,51707,51707,0
5,CS7->US63,0,0,0
5,CS7->US71,0,0,0
5,CS7->US79,50729,50729,0
5,CS7->US87,0,0,0
5,CS7->US95,50539,50539,0
5,CS7->US103,0,0,0
5,CS7->US111,0,0,0
5,CS7->US119,55833,55833,0
5,CS7->US127,24437,24437,0
5,CS8->US0,51864,51864,0
5,CS8->US8,0,0,0
5,CS8->US16,24151,24151,0
5,CS8->US24,0,0,0
5,CS8->US32,0,0,0
5,CS8->US40,51668,51668,0
5,CS8->US48,51894,51894,0
5,CS8->US56,0,0,0
5,CS8->US64,0,0,0
5,CS8->US72,51077,51077,0
5,CS8->US80,0,0,0
5,CS8->US88,50861,50861,0
5,CS8->US96,0,0,0
5,CS8->US104,0,0,0
5,CS8->US112,55975,55975,0
5,CS8->US120,24369,24367,0
5,CS9->US1,50744,50744,0
5,CS9->US9,0,0,0
5,CS9->US17,24333,24333,0
5,CS9->US25,0,0,0
5,CS9->US33,0,0,0
5,CS9->US41,51449,51449,0
5,CS9->US49,51715,51715,0
5,CS9->US57,0,0,0
5,CS9->US65,0,0,0
5,CS9->US73,50649,50649,0
5,CS9->US81,0,0,0
5,CS9->US89,50900,50900,0
5,CS9->US97,0,0,0
5,CS9->US105,0,0,0
5,CS9->US113,56003,56003,0
5,CS9->US121,24638,24638,0
5,CS10->US2,51593,51593,0
5,CS10->US10,0,0,0
5,CS10->US18,24229,24225,0
5,CS10->US26,0,0,0
5,CS10->US34,0,0,0
5,CS10->US42,51231,51231,0
5,CS10->US50,51265,51265,0
5,CS10->US58,0,0,0
5,CS10->US66,0,0,0
5,CS10->US74,50692,50692,0
5,CS10->US82,0,0,0
5,CS10->US90,50790,50790,0
5,CS10->US98,0,0,0
5,CS10->US106,0,0,0
5,CS10->US114,56166,56166,0
5,CS10->US122,24610,24609,0
5,CS11->US3,51231,51231,0
5,CS11->US11,0,0,0
5,CS11->US19,24222,24222,0
5,CS11->US27,0,0,0
5,CS11->US35,0,0,0
5,CS11->US43,51591,51591,0
5,CS11->US51,51035,51035,0
5,CS11->US59,0,0,0
5,CS11->US67,0,0,0
5,CS11->US75,51001,51001,0
5,CS11->US83,0,0,0
5,CS11->US91,50607,50607,0
5,CS11->US99,0,0,0
5,CS11->US107,0,0,0
5,CS11->US115,56040,56040,0
5,CS11->US123,24513,24513,0
5,CS12->US4,51601,51601,0
5,CS12->US12,0,0,0
5,CS12->US20,24446,24444,0
5,CS12->US28,0,0,0
5,CS12->US36,0,0,0
5,CS12->US44,51704,51704,0
5,CS12->US52,51366,51366,0
5,CS12->US60,0,0,0
5,CS12->US68,0,0,0
5,CS12->US76,51089,51089,0
5,CS12->US84,0,0,0
5,CS12->US92,50716,50716,0
5,CS12->US100,0,0,0
5,CS12->US108,0,0,0
5,CS12->US116,56258,56258,0
5,CS12->US124,24287,24285,0
5,CS13->US5,51423,51423,0
5,CS13->US13,0,0,0
5,CS13->US21,24060,24060,0
5,CS13->US29,0,0,0
5,CS13->US37,0,0,0
5,CS13->US45,51571,51571,0
5,CS13->US53,51781,51781,0
5,CS13->US61,0,0,0
5,CS13->US69,0,0,0
5,CS13->US77,50604,50604,0
5,CS13->US85,0,0,0
5,CS13->US93,51082,51082,0
5,CS13->US101,0,0,0
5,CS13->US109,0,0,0
5,CS13->US117,56126,56126,0
5,CS13->US125,24432,24432,0
5,CS14->US6,51373,51373,0
5,CS14->US14,0,0,0
5,CS14->US22,24273,24272,0
5,CS14->US30,0,0,0
5,CS14->US38,0,0,0
5,CS14->US46,51980,51980,0
5,CS14->US54,51109,51109,0
5,CS14->US62,0,0,0
5,CS14->US70,0,0,0
5,CS14->US78,51016,51016,0
5,CS14->US86,0,0,0
5,CS14->US94,50839,50839,0
5,CS14->US102,0,0,0
5,CS14->US110,0,0,0
5,CS14->US118,56288,56288,0
5,CS14->US126,24473,24472,0
5,CS15->US7,51591,51591,0
5,CS15->US15,0,0,0
5,CS15->US23,24515,24515,0
5,CS15->US31,0,0,0
5,CS15->US39,0,0,0
5,CS15->US47,51303,51303,0
5,CS15->US55,51665,51665,0
5,CS15->US63,0,0,0
5,CS15->US71,0,0,0
5,CS15->US79,50663,50663,0
5,CS15->US87,0,0,0
5,CS15->US95,50607,50607,0
5,CS15->US103,0,0,0
5,CS15->US111,0,0,0
5,CS15->US119,56390,56390,0
5,CS15->US127,24335,24335,0
5,CS16->US0,51413,51413,0
5,CS16->US8,0,0,0
5,CS16->US16,24372,24372,0
5,CS16->US24,0,0,0
5,CS16->US32,0,0,0
5,CS16->US40,51605,51605,0
5,CS16->US48,51433,51433,0
5,CS16->US56,0,0,0
5,CS16->US64,0,0,0
5,CS16->US72,51048,51048,0
5,CS16->US80,0,0,0
5,CS16->US88,50997,50997,0
5,CS16->US96,0,0,0
5,CS16->US104,0,0,0
5,CS16->US112,55803,55803,0
5,CS16->US120,24335,24335,0
5,CS17->US1,51575,51575,0
5,CS17->US9,0,0,0
5,CS17->US17,24183,24183,0
5,CS17->US25,0,0,0
5,CS17->US33,0,0,0
5,CS17->US41,51815,51815,0
5,CS17->US49,51646,51646,0
5,CS17->US57,0,0,0
5,CS17->US65,0,0,0
5,CS17->US73,50996,50996,0
5,CS17->US81,0,0,0
5,CS17->US89,50536,50536,0
5,CS17->US97,0,0,0
5,CS17->US105,0,0,0
5,CS17->US113,55880,55880,0
5,CS17->US121,24390,24389,0
5,CS18->US2,51608,51608,0
5,CS18->US10,0,0,0
5,CS18->US18,24066,24065,0
5,CS18->US26,0,0,0
5,CS18->US34,0,0,0
5,CS18->US42,51310,51310,0
5,CS18->US50,51406,51406,0
5,CS18->US58,0,0,0
5,CS18->US66,0,0,0
5,CS18->US74,50785,50785,0
5,CS18->US82,0,0,0
5,CS18->US90,50791,50791,0
5,CS18->US98,0,0,0
5,CS18->US106,0,0,0
5,CS18->US114,55874,55874,0
5,CS18->US122,24428,24428,0
5,CS19->US3,51063,51063,0
5,CS19->US11,0,0,0
5,CS19->US19,24564,24564,0
5,CS19->US27,0,0,0
5,CS19->US35,0,0,0
5,CS19->US43,51532,51532,0
5,CS19->US51,51388,51388,0
5,CS19->US59,0,0,0
5,CS19->US67,0,0,0
5,CS19->US75,51221,51221,0
5,CS19->US83,0,0,0
5,CS19->US91,51121,51121,0
5,CS19->US99,0,0,0
5,CS19->US107,0,0,0
5,CS19->US115,56404,56404,0
5,CS19->US123,24063,24063,0
5,CS20->US4,51542,51542,0
5,CS20->US12,0,0,0
5,CS20->US20,24143,24142,0
5,CS20->US28,0,0,0
5,CS20->US36,0,0,0
5,CS20->US44,51695,51695,0
5,CS20->US52,51019,51019,0
5,CS20->US60,0,0,0
5,CS20->US68,0,0,0
5,CS20->US76,50707,50707,0
5,CS20->US84,0,0,0
5,CS20->US92,50485,50485,0
5,CS20->US100,0,0,0
5,CS20->US108,0,0,0
5,CS20->US116,56410,56410,0
5,CS20->US124,24355,24355,0
5,CS21->US5,51422,51422,0
5,CS21->US13,0,0,0
5,CS21->US21,24146,24145,0
5,CS21->US29,0,0,0
5,CS21->US37,0,0,0
5,CS21->US45,51652,51652,0
5,CS21->US53,51615,51615,0
5,CS21->US61,0,0,0
5,CS21->US69,0,0,0
5,CS21->US77,50969,50969,0
5,CS21->US85,0,0,0
5,CS21->US93,50502,50502,0
5,CS21->US101,0,0,0
5,CS21->US109,0,0,0
5,CS21->US117,56115,56115,0
5,CS21->US125,24681,24681,0
5,CS22->US6,51410,51410,0
5,CS22->US14,0,0,0
5,CS22->US22,24030,24030,0
5,CS22->US30,0,0,0
5,CS22->US38,0,0,0
5,CS22->US46,51513,51513,0
5,CS22->US54,51457,51457,0
5,CS22->US62,0,0,0
5,CS22->US70,0,0,0
5,CS22->US78,50743,50743,0
5,CS22->US86,0,0,0
5,CS22->US94,50420,50420,0
5,CS22->US102,0,0,0
5,CS22->US110,0,0,0
5,CS22->US118,56278,56278,0
5,CS22->US126,24175,24175,0
5,CS23->US7,51854,51854,0
5,CS23->US15,0,0,0
5,CS23->US23,24313,24312,0
5,CS23->US31,0,0,0
5,CS23->US39,0,0,0
5,CS23->US47,51621,51621,0
5,CS23->US55,51756,51756,0
5,CS23->US63,0,0,0
5,CS23->US71,0,0,0
5,CS23->US79,50435,50435,0
5,CS23->US87,0,0,0
5,CS23->US95,50541,50541,0
5,CS23->US103,0,0,0
5,CS23->US111,0,0,0
5,CS23->US119,56190,56190,0
5,CS23->US127,24389,24389,0
5,CS24->US0,51854,51854,0
5,CS24->US8,0,0,0
5,CS24->US16,24213,24213,0
5,CS24->US24,0,0,0
5,CS24->US32,0,0,0
5,CS24->US40,51582,51582,0
5,CS24->US48,51343,51343,0
5,CS24->US56,0,0,0
5,CS24->US64,0,0,0
5,CS24->US72,50616,50616,0
5,CS24->US80,0,0,0
5,CS24->US88,50877,50877,0
5,CS24->US96,0,0,0
5,CS24->US104,0,0,0
5,CS24->US112,56413,56413,0
5,CS24->US120,24582,24581,0
5,CS25->US1,51559,51559,0
5,CS25->US9,0,0,0
5,CS25->US17,24470,24470,0
5,CS25->US25,0,0,0
5,CS25->US33,0,0,0
5,CS25->US41,51355,51355,0
5,CS25->US49,51622,51622,0
5,CS25->US57,0,0,0
5,CS25->US65,0,0,0
5,CS25->US73,50828,50828,0
5,CS25->US81,0,0,0
5,CS25->US89,50921,50921,0
5,CS25->US97,0,0,0
5,CS25->US105,0,0,0
5,CS25->US113,56373,56373,0
5,CS25->US121,24499,24499,0
5,CS26->US2,51653,51653,0
5,CS26->US10,0,0,0
5,CS26->US18,24402,24402,0
5,CS26->US26,0,0,0
5,CS26->US34,0,0,0
5,CS26->US42,51478,51478,0
5,CS26->US50,51213,51213,0
5,CS26->US58,0,0,0
5,CS26->US66,0,0,0
5,CS26->US74,50771,50771,0
5,CS26->US82,0,0,0
5,CS26->US90,51172,51172,0
5,CS26->US98,0,0,0
5,CS26->US106,0,0,0
5,CS26->US114,56253,56253,0
5,CS26->US122,24412,24411,0
5,CS27->US3,51533,51533,0
5,CS27->US11,0,0,0
5,CS27->US19,24127,24124,0
5,CS27->US27,0,0,0
5,CS27->US35,0,0,0
5,CS27->US43,51477,51477,0
5,CS27->US51,51262,51262,0
5,CS27->US59,0,0,0
5,CS27->US67,0,0,0
5,CS27->US75,50790,50790,0
5,CS27->US83,0,0,0
5,CS27->US91,50771,50771,0
5,CS27->US99,0,0,0
5,CS27->US107,0,0,0
5,CS27->US115,56144,56144,0
5,CS27->US123,24578,24578,0
5,CS28->US4,51254,51254,0
5,CS28->US12,0,0,0
5,CS28->US20,24474,24474,0
5,CS28->US28,0,0,0
5,CS28->US36,0,0,0
5,CS28->US44,51788,51788,0
5,CS28->US52,51763,51763,0
5,CS28->US60,0,0,0
5,CS28->US68,0,0,0
5,CS28->US76,50757,50757,0
5,CS28->US84,0,0,0
5,CS28->US92,50705,50705,0
5,CS28->US100,0,0,0
5,CS28->US108,0,0,0
5,CS28->US116,55847,55847,0
5,CS28->US124,24280,24279,0
5,CS29->US5,51342,51342,0
5,CS29->US13,0,0,0
5,CS29->US21,24422,24421,0
5,CS29->US29,0,0,0
5,CS29->US37,0,0,0
5,CS29->US45,51604,51604,0
5,CS29->US53,51536,51536,0
5,CS29->US61,0,0,0
5,CS29->US69,0,0,0
5,CS29->US77,50925,50925,0
5,CS29->US85,0,0,0
5,CS29->US93,50727,50727,0
5,CS29->US101,0,0,0
5,CS29->US109,0,0,0
5,CS29->US117,56112,56112,0
5,CS29->US125,24264,24264,0
5,CS30->US6,51658,51658,0
5,CS30->US14,0,0,0
5,CS30->US22,24334,24334,0
5,CS30->US30,0,0,0
5,CS30->US38,0,0,0
5,CS30->US46,51785,51785,0
5,CS30->US54,51629,51629,0
5,CS30->US62,0,0,0
5,CS30->US70,0,0,0
5,CS30->US78,50635,50635,0
5,CS30->US86,0,0,0
5,CS30->US94,50819,50819,0
5,CS30->US102,0,0,0
5,CS30->US110,0,0,0
5,CS30->US118,56121,56121,0
5,CS30->US126,24679,24679,0
5,CS31->US7,51964,51964,0
5,CS31->US15,0,0,0
5,CS31->US23,24303,24303,0
5,CS31->US31,0,0,0
5,CS31->US39,0,0,0
5,CS31->US47,51339,51339,0
5,CS31->US55,51646,51646,0
5,CS31->US63,0,0,0
5,CS31->US71,0,0,0
5,CS31->US79,50491,50491,0
5,CS31->US87,0,0,0
5,CS31->US95,50829,50829,0
5,CS31->US103,0,0,0
5,CS31->US111,0,0,0
5,CS31->US119,56378,56378,0
5,CS31->US127,24522,24521,0
5,CS32->US0,51509,51509,0
5,CS32->US8,0,0,0
5,CS32->US16,24180,24179,0
5,CS32->US24,0,0,0
5,CS32->US32,0,0,0
5,CS32->US40,51346,51346,0
5,CS32->US48,51309,51309,0
5,CS32->US56,0,0,0
5,CS32->US64,0,0,0
5,CS32->US72,50607,50607,0
5,CS32->US80,0,0,0
5,CS32->US88,50899,50899,0
5,CS32->US96,0,0,0
5,CS32->US104,0,0,0
5,CS32->US112,56561,56561,0
5,CS32->US120,24348,24348,0
5,CS33->US1,51450,51450,0
5,CS33->US9,0,0,0
5,CS33->US17,24307,24306,0
5,CS33->US25,0,0,0
5,CS33->US33,0,0,0
5,CS33->US41,51606,51606,0
5,CS33->US49,51627,51627,0
5,CS33->US57,0,0,0
5,CS33->US65,0,0,0
5,CS33->US73,50887,50887,0
5,CS33->US81,0,0,0
5,CS33->US89,51102,51102,0
5,CS33->US97,0,0,0
5,CS33->US105,0,0,0
5,CS33->US113,55944,55944,0
5,CS33->US121,24506,24503,0
5,CS34->US2,51171,51171,0
5,CS34->US10,0,0,0
5,CS34->US18,24180,24179,0
5,CS34->US26,0,0,0
5,CS34->US34,0,0,0
5,CS34->US42,51906,51906,0
5,CS34->US50,51503,51503,0
5,CS34->US58,0,0,0
5,CS34->US66,0,0,0
5,CS34->US74,50768,50768,0
5,CS34->US82,0,0,0
5,CS34->US90,50604,50604,0
5,CS34->US98,0,0,0
5,CS34->US106,0,0,0
5,CS34->US114,56228,56228,0
5,CS34->US122,24357,24357,0
5,CS35->US3,51634,51634,0
5,CS35->US11,0,0,0
5,CS35->US19,23994,23994,0
5,CS35->US27,0,0,0
5,CS35->US35,0,0,0
5,CS35->US43,51617,51617,0
5,CS35->US51,51478,51478,0
5,CS35->US59,0,0,0
5,CS35->US67,0,0,0
5,CS35->US75,51014,51014,0
5,CS35->US83,0,0,0
5,CS35->US91,50743,50743,0
5,CS35->US99,0,0,0
5,CS35->US107,0,0,0
5,CS35->US115,56143,56143,0
5,CS35->US123,24328,24327,0
5,CS36->US4,51571,51571,0
5,CS36->US12,0,0,0
5,CS36->US20,24203,24203,0
5,CS36->US28,0,0,0
5,CS36->US36,0,0,0
5,CS36->US44,52102,52102,0
5,CS36->US52,51588,51588,0
5,CS36->US60,0,0,0
5,CS36->US68,0,0,0
5,CS36->US76,50956,50956,0
5,CS36->US84,0,0,0
5,CS36->US92,50790,50790,0
5,CS36->US100,0,0,0
5,CS36->US108,0,0,0
5,CS36->US116,56005,56005,0
5,CS36->US124,24470,24470,0
5,CS37->US5,51701,51701,0
5,CS37->US13,0,0,0
5,CS37->US21,24475,24475,0
5,CS37->US29,0,0,0
5,CS37->US37,0,0,0
5,CS37->US45,52053,52053,0
5,CS37->US53,51044,51044,0
5,CS37->US61,0,0,0
5,CS37->US69,0,0,0
5,CS37->US77,50916,50916,0
5,CS37->US85,0,0,0
5,CS37->US93,50537,50537,0
5,CS37->US101,0,0,0
5,CS37->US109,0,0,0
5,CS37->US117,56216,56216,0
5,CS37->US125,24320,24320,0
5,CS38->US6,51589,51589,0
5,CS38->US14,0,0,0
5,CS38->US22,24324,24324,0
5,CS38->US30,0,0,0
5,CS38->US38,0,0,0
5,CS38->US46,51463,51463,0
5,CS38->US54,51556,51556,0
5,CS38->US62,0,0,0
5,CS38->US70,0,0,0
5,CS38->US78,51187,51187,0
5,CS38->US86,0,0,0
5,CS38->US94,50945,50945,0
5,CS38->US102,0,0,0
5,CS38->US110,0,0,0
5,CS38->US118,56448,56448,0
5,CS38->US126,24546,24546,0
5,CS39->US7,51539,51539,0
5,CS39->US15,0,0,0
5,CS39->US23,24125,24125,0
5,CS39->US31,0,0,0
5,CS39->US39,0,0,0
5,CS39->US47,51511,51511,0
5,CS39->US55,51610,51610,0
5,CS39->US63,0,0,0
5,CS39->US71,0,0,0
5,CS39->US79,51064,51064,0
5,CS39->US87,0,0,0
5,CS39->US95,50980,50980,0
5,CS39->US103,0,0,0
5,CS39->US111,0,0,0
5,CS39->US119,56383,56383,0
5,CS39->US127,24302,24301,0
5,CS40->US0,51424,51424,0
5,CS40->US8,0,0,0
5,CS40->US16,24231,24231,0
5,CS40->US24,0,0,0
5,CS40->US32,0,0,0
5,CS40->US40,51555,51555,0
5,CS40->US48,50950,50950,0
5,CS40->US56,0,0,0
5,CS40->US64,0,0,0
5,CS40->US72,51032,51032,0
5,CS40->US80,0,0,0
5,CS40->US88,50771,50771,0
5,CS40->US96,0,0,0
5,CS40->US104,0,0,0
5,CS40->US112,56066,56066,0
5,CS40->US120,24301,24301,0
5,CS41->US1,51617,51617,0
5,CS41->US9,0,0,0
5,CS41->US17,24243,24243,0
5,CS41->US25,0,0,0
5,CS41->US33,0,0,0
5,CS41->US41,51687,51687,0
5,CS41->US49,51809,51809,0
5,CS41->US57,0,0,0
5,CS41->US65,0,0,0
5,CS41->US73,50904,50904,0
5,CS41->US81,0,0,0
5,CS41->US89,50988,50988,0
5,CS41->US97,0,0,0
5,CS41->US105,0,0,0
5,CS41->US113,55952,55952,0
5,CS41->US121,24403,24400,0
5,CS42->US2,51401,51401,0
5,CS42->US10,0,0,0
5,CS42->US18,24252,24252,0
5,CS42->US26,0,0,0
5,CS42->US34,0,0,0
5,CS42->US42,51444,51444,0
5,CS42->US50,51786,51786,0
5,CS42->US58,0,0,0
5,CS42->US66,0,0,0
5,CS42->US74,51221,51221,0
5,CS42->US82,0,0,0
5,CS42->US90,50761,50761,0
5,CS42->US98,0,0,0
5,CS42->US106,0,0,0
5,CS42->US114,56100,56100,0
5,CS42->US122,24299,24298,0
5,CS43->US3,51210,51210,0
5,CS43->US11,0,0,0
5,CS43->US19,24067,24067,0
5,CS43->US27,0,0,0
5,CS43->US35,0,0,0
5,CS43->US43,51302,51302,0
5,CS43->US51,51345,51345,0
5,CS43->US59,0,0,0
5,CS43->US67,0,0,0
5,CS43->US75,50796,50796,0
5,CS43->US83,0,0,0
5,CS43->US91,50456,50456,0
5,CS43->US99,0,0,0
5,CS43->US107,0,0,0
5,CS43->US115,56076,56076,0
5,CS43->US123,24688,24688,0
5,CS44->US4,51164,51164,0
5,CS44->US12,0,0,0
5,CS44->US20,24093,24092,0
5,CS44->US28,0,0,0
5,CS44->US36,0,0,0
5,CS44->US44,51741,51741,0
5,CS44->US52,51650,51650,0
5,CS44->US60,0,0,0
5,CS44->US68,0,0,0
5,CS44->US76,50649,50649,0
5,CS44->US84,0,0,0
5,CS44->US92,50892,50892,0
5,CS44->US100,0,0,0
5,CS44->US108,0,0,0
5,CS44->US116,56277,56277,0
5,CS44->US124,24223,24222,0
5,CS45->US5,51215,51215,0
5,CS45->US13,0,0,0
5,CS45->US21,24294,24293,0
5,CS45->US29,0,0,0
5,CS45->US37,0,0,0
5,CS45->US45,51832,51832,0
5,CS45->US53,51616,51616,0
5,CS45->US61,0,0,0
5,CS45->US69,0,0,0
5,CS45->US77,50526,50526,0
5,CS45->US85,0,0,0
5,CS45->US93,50760,50760,0
5,CS45->US101,0,0,0
5,CS45->US109,0,0,0
5,CS45->US117,55773,55773,0
5,CS45->US125,24387,24386,0
5,CS46->US6,51068,51068,0
5,CS46->US14,0,0,0
5,CS46->US22,24127,24125,0
5,CS46->US30,0,0,0
5,CS46->US38,0,0,0
5,CS46->US46,51709,51709,0
5,CS46->US54,51808,51808,0
5,CS46->US62,0,0,0
5,CS46->US70,0,0,0
5,CS46->US78,50824,50824,0
5,CS46->US86,0,0,0
5,CS46->US94,50397,50397,0
5,CS46->US102,0,0,0
5,CS46->US110,0,0,0
5,CS46->US118,55624,55624,0
5,CS46->US126,24549,24549,0
5,CS47->US7,51450,51450,0
5,CS47->US15,0,0,0
5,CS47->US23,24087,24087,0
5,CS47->US31,0,0,0
5,CS47->US39,0,0,0
5,CS47->US47,51372,51372,0
5,CS47->US55,51329,51329,0
5,CS47->US63,0,0,0
5,CS47->US71,0,0,0
5,CS47->US79,50535,50535,0
5,CS47->US87,0,0,0
5,CS47->US95,50616,50616,0
5,CS47->US103,0,0,0
5,CS47->US111,0,0,0
5,CS47->US119,56218,56218,0
5,CS47->US127,24495,24494,0
5,CS48->US0,51879,51879,0
5,CS48->US8,0,0,0
5,CS48->US16,24060,24060,0
5,CS48->US24,0,0,0
5,CS48->US32,0,0,0
5,CS48->US40,51347,51347,0
5,CS48->US48,51938,51938,0
5,CS48->US56,0,0,0
5,CS48->US64,0,0,0
5,CS48->US72,50483,50483,0
5,CS48->US80,0,0,0
5,CS48->US88,50714,50714,0
5,CS48->US96,0,0,0
5,CS48->US104,0,0,0
5,CS48->US112,56158,56158,0
5,CS48->US120,24403,24402,0
5,CS49->US1,51573,51573,0
5,CS49->US9,0,0,0
5,CS49->US17,24181,24181,0
5,CS49->US25,0,0,0
5,CS49->US33,0,0,0
5,CS49->US41,52084,52084,0
5,CS49->US49,51823,51823,0
5,CS49->US57,0,0,0
5,CS49->US65,0,0,0
5,CS49->US73,51001,51001,0
5,CS49->US81,0,0,0
5,CS49->US89,50985,50985,0
5,CS49->US97,0,0,0
5,CS49->US105,0,0,0
5,CS49->US113,55994,55994,0
5,CS49->US121,24234,24234,0
5,CS50->US2,51449,51449,0
5,CS50->US10,0,0,0
5,CS50->US18,24242,24242,0
5,CS50->US26,0,0,0
5,CS50->US34,0,0,0
5,CS50->US42,51211,51211,0
5,CS50->US50,51516,51516,0
5,CS50->US58,0,0,0
5,CS50->US66,0,0,0
5,CS50->US74,50846,50846,0
5,CS50->US82,0,0,0
5,CS50->US90,51165,51165,0
5,CS50->US98,0,0,0
5,CS50->US106,0,0,0
5,CS50->US114,56196,56196,0
5,CS50->US122,24577,24577,0
5,CS51->US3,51457,51457,0
5,CS51->US11,0,0,0
5,CS51->US19,24485,24484,0
5,CS51->US27,0,0,0
5,CS51->US35,0,0,0
5,CS51->US43,51479,51479,0
5,CS51->US51,51581,51581,0
5,CS51->US59,0,0,0
5,CS51->US67,0,0,0
5,CS51->US75,51017,51017,0
5,CS51->US83,0,0,0
5,CS51->US91,50543,50543,0
5,CS51->US99,0,0,0
5,CS51->US107,0,0,0
5,CS51->US115,56358,56358,0
5,CS51->US123,24712,24711,0
5,CS52->US4,51305,51305,0
5,CS52->US12,0,0,0
5,CS52->US20,24024,24023,0
5,CS52->US28,0,0,0
5,CS52->US36,0,0,0
5,CS52->US44,51602,51602,0
5,CS52->US52,50890,50890,0
5,CS52->US60,0,0,0
5,CS52->US68,0,0,0
5,CS52->US76,50486,50486,0
5,CS52->US84,0,0,0
5,CS52->US92,51304,51304,0
5,CS52->US100,0,0,0
5,CS52->US108,0,0,0
5,CS52->US116,56338,56338,0
5,CS52->US124,24267,24267,0
5,CS53->US5,51515,51515,0
5,CS53->US13,0,0,0
5,CS53->US21,24552,24551,0
5,CS53->US29,0,0,0
5,CS53->US37,0,0,0
5,CS53->US45,51419,51419,0
5,CS53->US53,51397,51397,0
5,CS53->US61,0,0,0
5,CS53->US69,0,0,0
5,CS53->US77,51026,51026,0
5,CS53->US85,0,0,0
5,CS53->US93,50904,50904,0
5,CS53->US101,0,0,0
5,CS53->US109,0,0,0
5,CS53->US117,56489,56489,0
5,CS53->US125,24410,24410,0
5,CS54->US6,51648,51648,0
5,CS54->US14,0,0,0
5,CS54->US22,24188,24188,0
5,CS54->US30,0,0,0
5,CS54->US38,0,0,0
5,CS54->US46,51469,51469,0
5,CS54->US54,51808,51808,0
5,CS54->US62,0,0,0
5,CS54->US70,0,0,0
5,CS54->US78,51079,51079,0
5,CS54->US86,0,0,0
5,CS54->US94,50716,50716,0
5,CS54->US102,0,0,0
5,CS54->US110,0,0,0
5,CS54->US118,56213,56213,0
5,CS54->US126,24457,24456,0
5,CS55->US7,51686,51686,0
5,CS55->US15,0,0,0
5,CS55->US23,24397,24397,0
5,CS55->US31,0,0,0
5,CS55->US39,0,0,0
5,CS55->US47,51510,51510,0
5,CS55->US55,51829,51829,0
5,CS55->US63,0,0,0
5,CS55->US71,0,0,0
5,CS55->US79,50719,50719,0
5,CS55->US87,0,0,0
5,CS55->US95,51048,51048,0
5,CS55->US103,0,0,0
5,CS55->US111,0,0,0
5,CS55->US119,56217,56217,0
5,CS55->US127,24545,24545,0
5,CS56->US0,51553,51553,0
5,CS56->US8,0,0,0
5,CS56->US16,24566,24566,0
5,CS56->US24,0,0,0
5,CS56->US32,0,0,0
5,CS56->US40,51731,51731,0
5,CS56->US48,51047,51047,0
5,CS56->US56,0,0,0
5,CS56->US64,0,0,0
5,CS56->US72,51033,51033,0
5,CS56->US80,0,0,0
5,CS56->US88,50624,50624,0
5,CS56->US96,0,0,0
5,CS56->US104,0,0,0
5,CS56->US112,56199,56199,0
5,CS56->US120,24341,24341,0
5,CS57->US1,51379,51379,0
5,CS57->US9,0,0,0
5,CS57->US17,24326,24326,0
5,CS57->US25,0,0,0
5,CS57->US33,0,0,0
5,CS57->US41,51685,51685,0
5,CS57->US49,51744,51744,0
5,CS57->US57,0,0,0
5,CS57->US65,0,0,0
5,CS57->US73,50763,50763,0
5,CS57->US81,0,0,0
5,CS57->US89,50809,50809,0
5,CS57->US97,0,0,0
5,CS57->US105,0,0,0
5,CS57->US113,55872,55872,0
5,CS57->US121,24236,24236,0
5,CS58->US2,51826,51826,0
5,CS58->US10,0,0,0
5,CS58->US18,24296,24296,0
5,CS58->US26,0,0,0
5,CS58->US34,0,0,0
5,CS58->US42,51642,51642,0
5,CS58->US50,51822,51822,0
5,CS58->US58,0,0,0
5,CS58->US66,0,0,0
5,CS58->US74,50859,50859,0
5,CS58->US82,0,0,0
5,CS58->US90,51069,51069,0
5,CS58->US98,0,0,0
5,CS58->US106,0,0,0
5,CS58->US114,55904,55904,0
5,CS58->US122,24304,24304,0
5,CS59->US3,51501,51501,0
5,CS59->US11,0,0,0
5,CS59->US19,24220,24219,0
5,CS59->US27,0,0,0
5,CS59->US35,0,0,0
5,CS59->US43,51905,51905,0
5,CS59->US51,51220,51220,0
5,CS59->US59,0,0,0
5,CS59->US67,0,0,0
5,CS59->US75,50568,50568,0
5,CS59->US83,0,0,0
5,CS59->US91,50659,50659,0
5,CS59->US99,0,0,0
5,CS59->US107,0,0,0
5,CS59->US115,56331,56331,0
5,CS59->US123,24526,24524,0
5,CS60->US4,51199,51199,0
5,CS60->US12,0,0,0
5,CS60->US20,24117,24116,0
5,CS60->US28,0,0,0
5,CS60->US36,0,0,0
5,CS60->US44,51397,51397,0
5,CS60->US52,51069,51069,0
5,CS60->US60,0,0,0
5,CS60->US68,0,0,0
5,CS60->US76,50563,50563,0
5,CS60->US84,0,0,0
5,CS60->US92,50678,50678,0
5,CS60->US100,0,0,0
5,CS60->US108,0,0,0
5,CS60->US116,55930,55930,0
5,CS60->US124,24398,24398,0
5,CS61->US5,51854,51854,0
5,CS61->US13,0,0,0
5,CS61->US21,24631,24630,0
5,CS61->US29,0,0,0
5,CS61->US37,0,0,0
5,CS61->US45,51867,51867,0
5,CS61->US53,51270,51270,0
5,CS61->US61,0,0,0
5,CS61->US69,0,0,0
5,CS61->US77,51163,51163,0
5,CS61->US85,0,0,0
5,CS61->US93,51076,51076,0
5,CS61->US101,0,0,0
5,CS61->US109,0,0,0
5,CS61->US117,56389,56389,0
5,CS61->US125,24319,24319,0
5,CS62->US6,51407,51407,0
5,CS62->US14,0,0,0
5,CS62->US22,24221,24221,0
5,CS62->US30,0,0,0
5,CS62->US38,0,0,0
5,CS62->US46,52117,52117,0
5,CS62->US54,51807,51807,0
5,CS62->US62,0,0,0
5,CS62->US70,0,0,0
5,CS62->US78,50932,50932,0
5,CS62->US86,0,0,0
5,CS62->US94,50378,50378,0
5,CS62->US102,0,0,0
5,CS62->US110,0,0,0
5,CS62->US118,55959,55959,0
5,CS62->US126,24553,24552,0
5,CS63->US7,50942,50942,0
5,CS63->US15,0,0,0
5,CS63->US23,24213,24213,0
5,CS63->US31,0,0,0
5,CS63->US39,0,0,0
5,CS63->US47,51659,51659,0
5,CS63->US55,51380,51380,0
5,CS63->US63,0,0,0
5,CS63->US71,0,0,0
5,CS63->US79,50853,50853,0
5,CS63->US87,0,0,0
5,CS63->US95,50784,50784,0
5,CS63->US103,0,0,0
5,CS63->US111,0,0,0
5,CS63->US119,56364,56364,0
5,CS63->US127,24520,24519,0
6,US0->CS0,51659,51659,0
6,US0->CS8,52195,52195,0
6,US0->CS16,51692,51692,0
6,US0->CS24,51648,51648,0
6,US0->CS32,51590,51590,0
6,US0->CS40,51249,51249,0
6,US0->CS48,52232,52232,0
6,US0->CS56,51306,51306,0
6,US1->CS1,51796,51796,0
6,US1->CS9,52001,52001,0
6,US1->CS17,51932,51932,0
6,US1->CS25,51894,51894,0
6,US1->CS33,51886,51886,0
6,US1->CS41,52088,52088,0
6,US1->CS49,52088,52088,0
6,US1->CS57,51971,51971,0
6,US2->CS2,51757,51757,0
6,US2->CS10,51566,51566,0
6,US2->CS18,51634,51634,0
6,US2->CS26,51500,51500,0
6,US2->CS34,51807,51807,0
6,US2->CS42,52053,52053,0
6,US2->CS50,51833,51833,0
6,US2->CS58,52113,52113,0
6,US3->CS3,51375,51375,0
6,US3->CS11,51293,51293,0
6,US3->CS19,51683,51683,0
6,US3->CS27,51523,51523,0
6,US3->CS35,51785,51785,0
6,US3->CS43,51628,51628,0
6,US3->CS51,51861,51861,0
6,US3->CS59,51496,51496,0
6,US4->CS4,51604,51604,0
6,US4->CS12,51667,51667,0
6,US4->CS20,51276,51276,0
6,US4->CS28,52018,52018,0
6,US4->CS36,51918,51918,0
6,US4->CS44,51936,51936,0
6,US4->CS52,51194,51194,0
6,US4->CS60,51339,51339,0
6,US5->CS5,51433,51433,0
6,US5->CS13,52005,52005,0
6,US5->CS21,51918,51918,0
6,US5->CS29,51804,51804,0
6,US5->CS37,51326,51326,0
6,US5->CS45,51900,51900,0
6,US5->CS53,51640,51640,0
6,US5->CS61,51572,51572,0
6,US6->CS6,51772,51772,0
6,US6->CS14,51392,51392,0
6,US6->CS22,51710,51710,0
6,US6->CS30,51895,51895,0
6,US6->CS38,51848,51848,0
6,US6->CS46,52083,52083,0
6,US6->CS54,52042,52042,0
6,US6->CS62,52069,52069,0
6,US7->CS7,51949,51949,0
6,US7->CS15,51977,51977,0
6,US7->CS23,52042,52042,0
6,US7->CS31,51961,51961,0
6,US7->CS39,51898,51898,0
6,US7->CS47,51638,51638,0
6,US7->CS55,52113,52113,0
6,US7->CS63,51653,51653,0
6,US8->CS0,4804,4804,0
6,US8->CS8,4972,4972,0
6,US8->CS16,4892,4891,0
6,US8->CS24,5004,5004,0
6,US8->CS32,4943,4943,0
6,US8->CS40,4856,4856,0
6,US8->CS48,4809,4809,0
6,US8->CS56,4983,4983,0
6,US9->CS1,5018,5018,0
6,US9->CS9,4881,4881,0
6,US9->CS17,4950,4949,0
6,US9->CS25,4918,4918,0
6,US9->CS33,4970,4970,0
6,US9->CS41,4949,4949,0
6,US9->CS49,5015,5014,0
6,US9->CS57,4923,4923,0
6,US10->CS2,4956,4956,0
6,US10->CS10,4910,4910,0
6,US10->CS18,4958,4958,0
6,US10->CS26,4868,4867,0
6,US10->CS34,4920,4920,0
6,US10->CS42,4863,4863,0
6,US10->CS50,4882,4882,0
6,US10->CS58,5023,5021,0
6,US11->CS3,4967,4967,0
6,US11->CS11,4853,4853,0
6,US11->CS19,4833,4833,0
6,US11->CS27,4907,4907,0
6,US11->CS35,5046,5046,0
6,US11->CS43,4942,4942,0
6,US11->CS51,5020,5020,0
6,US11->CS59,4993,4992,0
6,US12->CS4,5104,5103,0
6,US12->CS12,4896,4895,0
6,US12->CS20,4941,4941,0
6,US12->CS28,4951,4951,0
6,US12->CS36,4918,4918,0
6,US12->CS44,4965,4965,0
6,US12->CS52,4996,4995,0
6,US12->CS60,4869,4869,0
6,US13->CS5,4802,4802,0
6,US13->CS13,4857,4857,0
6,US13->CS21,4939,4938,0
6,US13->CS29,4839,4838,0
6,US13->CS37,4801,4801,0
6,US13->CS45,4973,4972,0
6,US13->CS53,4822,4822,0
6,US13->CS61,4927,4927,0
6,US14->CS6,4883,4883,0
6,US14->CS14,5013,5013,0
6,US14->CS22,4977,4977,0
6,US14->CS30,4967,4966,0
6,US14->CS38,4947,4947,0
6,US14->CS46,4889,4887,0
6,US14->CS54,4928,4926,0
6,US14->CS62,4973,4973,0
6,US15->CS7,5015,5014,0
6,US15->CS15,4941,4941,0
6,US15->CS23,4955,4954,0
6,US15->CS31,4953,4952,0
6,US15->CS39,4875,4875,0
6,US15->CS47,4950,4950,0
6,US15->CS55,4975,4974,0
6,US15->CS63,4915,4915,0
6,US16->CS0,53159,53159,0
6,US16->CS8,53143,53143,0
6,US16->CS16,53081,53081,0
6,US16->CS24,53306,53306,0
6,US16->CS32,53136,53136,0
6,US16->CS40,53057,53057,0
6,US16->CS48,53042,53042,0
6,US16->CS56,53116,53116,0
6,US17->CS1,53163,53163,0
6,US17->CS9,53404,53404,0
6,US17->CS17,53157,53157,0
6,US17->CS25,53373,53373,0
6,US17->CS33,53231,53231,0
6,US17->CS41,53165,53165,0
6,US17->CS49,52649,52649,0
6,US17->CS57,53166,53166,0
6,US18->CS2,53326,53326,0
6,US18->CS10,53268,53268,0
6,US18->CS18,53132,53132,0
6,US18->CS26,53273,53273,0
6,US18->CS34,52977,52977,0
6,US18->CS42,53249,53249,0
6,US18->CS50,53318,53318,0
6,US18->CS58,53152,53152,0
6,US19->CS3,53128,53128,0
6,US19->CS11,53030,53030,0
6,US19->CS19,52742,52742,0
6,US19->CS27,53160,53160,0
6,US19->CS35,52901,52901,0
6,US19->CS43,53347,53347,0
6,US19->CS51,53412,53412,0
6,US19->CS59,53310,53310,0
6,US20->CS4,53270,53270,0
6,US20->CS12,52721,52721,0
6,US20->CS20,53061,53061,0
6,US20->CS28,53080,53080,0
6,US20->CS36,53094,53094,0
6,US20->CS44,52757,52757,0
6,US20->CS52,53176,53176,0
6,US20->CS60,52999,52999,0
6,US21->CS5,53585,53585,0
6,US21->CS13,53301,53301,0
6,US21->CS21,53256,53256,0
6,US21->CS29,53055,53055,0
6,US21->CS37,53088,53088,0
6,US21->CS45,53113,53113,0
6,US21->CS53,53284,53284,0
6,US21->CS61,53576,53576,0
6,US22->CS6,52849,52849,0
6,US22->CS14,53126,53126,0
6,US22->CS22,52851,52851,0
6,US22->CS30,53530,53530,0
6,US22->CS38,53437,53437,0
6,US22->CS46,53317,53317,0
6,US22->CS54,53391,53391,0
6,US22->CS62,53186,53186,0
6,US23->CS7,53088,53088,0
6,US23->CS15,53123,53123,0
6,US23->CS23,53289,53289,0
6,US23->CS31,53077,53077,0
6,US23->CS39,53308,53308,0
6,US23->CS47,52892,52892,0
6,US23->CS55,53229,53229,0
6,US23->CS63,53510,53510,0
6,US24->CS0,0,0,0
6,US24->CS8,0,0,0
6,US24->CS16,0,0,0
6,US24->CS24,0,0,0
6,US24->CS32,0,0,0
6,US24->CS40,0,0,0
6,US24->CS48,0,0,0
6,US24->CS56,0,0,0
6,US25->CS1,0,0,0
6,US25->CS9,0,0,0
6,US25->CS17,0,0,0
6,US25->CS25,0,0,0
6,US25->CS33,0,0,0
6,US25->CS41,0,0,0
6,US25->CS49,0,0,0
6,US25->CS57,0,0,0
6,US26->CS2,0,0,0
6,US26->CS10,0,0,0
6,US26->CS18,0,0,0
6,US26->CS26,0,0,0
6,US26->CS34,0,0,0
6,US26->CS42,0,0,0
6,US26->CS50,0,0,0
6,US26->CS58,0,0,0
6,US27->CS3,0,0,0
6,US27->CS11,0,0,0
6,US27->CS19,0,0,0
6,US27->CS27,0,0,0
6,US27->CS35,0,0,0
6,US27->CS43,0,0,0
6,US27->CS51,0,0,0
6,US27->CS59,0,0,0
6,US28->CS4,0,0,0
6,US28->CS12,0,0,0
6,US28->CS20,0,0,0
6,US28->CS28,0,0,0
6,US28->CS36,0,0,0
6,US28->CS44,0,0,0
6,US28->CS52,0,0,0
6,US28->CS60,0,0,0
6,US29->CS5,0,0,0
6,US29->CS13,0,0,0
6,US29->CS21,0,0,0
6,US29->CS29,0,0,0
6,US29->CS37,0,0,0
6,US29->CS45,0,0,0
6,US29->CS53,0,0,0
6,US29->CS61,0,0,0
6,US30->CS6,0,0,0
6,US30->CS14,0,0,0
6,US30->CS22,0,0,0
6,US30->CS30,0,0,0
6,US30->CS38,0,0,0
6,US30->CS46,0,0,0
6,US30->CS54,0,0,0
6,US30->CS62,0,0,0
6,US31->CS7,0,0,0
6,US31->CS15,0,0,0
6,US31->CS23,0,0,0
6,US31->CS31,0,0,0
6,US31->CS39,0,0,0
6,US31->CS47,0,0,0
6,US31->CS55,0,0,0
6,US31->CS63,0,0,0
6,US32->CS0,0,0,0
6,US32->CS8,0,0,0
6,US32->CS16,0,0,0
6,US32->CS24,0,0,0
6,US32->CS32,0,0,0
6,US32->CS40,0,0,0
6,US32->CS48,0,0,0
6,US32->CS56,0,0,0
6,US33->CS1,0,0,0
6,US33->CS9,0,0,0
6,US33->CS17,0,0,0
6,US33->CS25,0,0,0
6,US33->CS33,0,0,0
6,US33->CS41,0,0,0
6,US33->CS49,0,0,0
6,US33->CS57,0,0,0
6,US34->CS2,0,0,0
6,US34->CS10,0,0,0
6,US34->CS18,0,0,0
6,US34->CS26,0,0,0
6,US34->CS34,0,0,0
6,US34->CS42,0,0,0
6,US34->CS50,0,0,0
6,US34->CS58,0,0,0
6,US35->CS3,0,0,0
6,US35->CS11,0,0,0
6,US35->CS19,0,0,0
6,US35->CS27,0,0,0
6,US35->CS35,0,0,0
6,US35->CS43,0,0,0
6,US35->CS51,0,0,0
6,US35->CS59,0,0,0
6,US36->CS4,0,0,0
6,US36->CS12,0,0,0
6,US36->CS20,0,0,0
6,US36->CS28,0,0,0
6,US36->CS36,0,0,0
6,US36->CS44,0,0,0
6,US36->CS52,0,0,0
6,US36->CS60,0,0,0
6,US37->CS5,0,0,0
6,US37->CS13,0,0,0
6,US37->CS21,0,0,0
6,US37->CS29,0,0,0
6,US37->CS37,0,0,0
6,US37->CS45,0,0,0
6,US37->CS53,0,0,0
6,US37->CS61,0,0,0
6,US38->CS6,0,0,0
6,US38->CS14,0,0,0
6,US38->CS22,0,0,0
6,US38->CS30,0,0,0
6,US38->CS38,0,0,0
6,US38->CS46,0,0,0
6,US38->CS54,0,0,0
6,US38->CS62,0,0,0
6,US39->CS7,0,0,0
6,US39->CS15,0,0,0
6,US39->CS23,0,0,0
6,US39->CS31,0,0,0
6,US39->CS39,0,0,0
6,US39->CS47,0,0,0
6,US39->CS55,0,0,0
6,US39->CS63,0,0,0
6,US40->CS0,56338,56338,0
6,US40->CS8,55806,55806,0
6,US40->CS16,55695,55695,0
6,US40->CS24,56280,56280,0
6,US40->CS32,56353,56353,0
6,US40->CS40,55915,55915,0
6,US40->CS48,56019,56019,0
6,US40->CS56,56106,56106,0
6,US41->CS1,55570,55570,0
6,US41->CS9,55854,55854,0
6,US41->CS17,55756,55756,0
6,US41->CS25,56236,56236,0
6,US41->CS33,55874,55874,0
6,US41->CS41,55785,55785,0
6,US41->CS49,55904,55904,0
6,US41->CS57,55769,55769,0
6,US42->CS2,56464,56464,0
6,US42->CS10,55985,55985,0
6,US42->CS18,55760,55760,0
6,US42->CS26,56129,56129,0
6,US42->CS34,56050,56050,0
6,US42->CS42,55944,55944,0
6,US42->CS50,56031,56031,0
6,US42->CS58,55732,55732,0
6,US43->CS3,56103,56103,0
6,US43->CS11,55906,55906,0
6,US43->CS19,56195,56195,0
6,US43->CS27,56035,56035,0
6,US43->CS35,55945,55945,0
6,US43->CS43,55923,55923,0
6,US43->CS51,56197,56197,0
6,US43->CS59,56235,56235,0
6,US44->CS4,55895,55895,0
6,US44->CS12,56098,56098,0
6,US44->CS20,56292,56292,0
6,US44->CS28,55717,55717,0
6,US44->CS36,55794,55794,0
6,US44->CS44,56177,56177,0
6,US44->CS52,56183,56183,0
6,US44->CS60,55803,55803,0
6,US45->CS5,55924,55924,0
6,US45->CS13,56017,56017,0
6,US45->CS21,55932,55932,0
6,US45->CS29,55997,55997,0
6,US45->CS37,56083,56083,0
6,US45->CS45,55659,55659,0
6,US45->CS53,56389,56389,0
6,US45->CS61,56283,56283,0
6,US46->CS6,56090,56090,0
6,US46->CS14,56123,56123,0
6,US46->CS22,56179,56179,0
6,US46->CS30,56021,56021,0
6,US46->CS38,56309,56309,0
6,US46->CS46,55461,55461,0
6,US46->CS54,56163,56163,0
6,US46->CS62,55830,55830,0
6,US47->CS7,55701,55701,0
6,US47->CS15,56245,56245,0
6,US47->CS23,56039,56039,0
6,US47->CS31,56221,56221,0
6,US47->CS39,56232,56232,0
6,US47->CS47,56077,56077,0
6,US47->CS55,56062,56062,0
6,US47->CS63,56238,56238,0
6,US48->CS0,52237,52237,0
6,US48->CS8,52111,52111,0
6,US48->CS16,51674,51674,0
6,US48->CS24,52118,52118,0
6,US48->CS32,51801,51801,0
6,US48->CS40,51686,51686,0
6,US48->CS48,52115,52115,0
6,US48->CS56,51898,51898,0
6,US49->CS1,51451,51451,0
6,US49->CS9,51026,51026,0
6,US49->CS17,51892,51892,0
6,US49->CS25,51836,51836,0
6,US49->CS33,51748,51748,0
6,US49->CS41,51913,51913,0
6,US49->CS49,51866,51866,0
6,US49->CS57,51617,51617,0
6,US50->CS2,51974,51974,0
6,US50->CS10,51887,51887,0
6,US50->CS18,51887,51887,0
6,US50->CS26,51917,51917,0
6,US50->CS34,51462,51462,0
6,US50->CS42,51676,51676,0
6,US50->CS50,51719,51719,0
6,US50->CS58,52127,52127,0
6,US51->CS3,51676,51676,0
6,US51->CS11,51486,51486,0
6,US51->CS19,51378,51378,0
6,US51->CS27,51818,51818,0
6,US51->CS35,51932,51932,0
6,US51->CS43,51502,51502,0
6,US51->CS51,51751,51751,0
6,US51->CS59,51793,51793,0
6,US52->CS4,51758,51758,0
6,US52->CS12,51822,51822,0
6,US52->CS20,51768,51768,0
6,US52->CS28,51508,51508,0
6,US52->CS36,51878,51878,0
6,US52->CS44,51472,51472,0
6,US52->CS52,51590,51590,0
6,US52->CS60,51488,51488,0
6,US53->CS5,52094,52094,0
6,US53->CS13,51701,51701,0
6,US53->CS21,51728,51728,0
6,US53->CS29,51596,51596,0
6,US53->CS37,52007,52007,0
6,US53->CS45,51488,51488,0
6,US53->CS53,51776,51776,0
6,US53->CS61,52120,52120,0
6,US54->CS6,51213,51213,0
6,US54->CS14,51646,51646,0
6,US54->CS22,51646,51646,0
6,US54->CS30,51908,51908,0
6,US54->CS38,51873,51873,0
6,US54->CS46,51346,51346,0
6,US54->CS54,51912,51912,0
6,US54->CS62,51667,51667,0
6,US55->CS7,51881,51881,0
6,US55->CS15,51898,51898,0
6,US55->CS23,52110,52110,0
6,US55->CS31,52222,52222,0
6,US55->CS39,51804,51804,0
6,US55->CS47,51748,51748,0
6,US55->CS55,51969,51969,0
6,US55->CS63,51221,51221,0
6,US56->CS0,0,0,0
6,US56->CS8,0,0,0
6,US56->CS16,0,0,0
6,US56->CS24,0,0,0
6,US56->CS32,0,0,0
6,US56->CS40,0,0,0
6,US56->CS48,0,0,0
6,US56->CS56,0,0,0
6,US57->CS1,0,0,0
6,US57->CS9,0,0,0
6,US57->CS17,0,0,0
6,US57->CS25,0,0,0
6,US57->CS33,0,0,0
6,US57->CS41,0,0,0
6,US57->CS49,0,0,0
6,US57->CS57,0,0,0
6,US58->CS2,0,0,0
6,US58->CS10,0,0,0
6,US58->CS18,0,0,0
6,US58->CS26,0,0,0
6,US58->CS34,0,0,0
6,US58->CS42,0,0,0
6,US58->CS50,0,0,0
6,US58->CS58,0,0,0
6,US59->CS3,0,0,0
6,US59->CS11,0,0,0
6,US59->CS19,0,0,0
6,US59->CS27,0,0,0
6,US59->CS35,0,0,0
6,US59->CS43,0,0,0
6,US59->CS51,0,0,0
6,US59->CS59,0,0,0
6,US60->CS4,0,0,0
6,US60->CS12,0,0,0
6,US60->CS20,0,0,0
6,US60->CS28,0,0,0
6,US60->CS36,0,0,0
6,US60->CS44,0,0,0
6,US60->CS52,0,0,0
6,US60->CS60,0,0,0
6,US61->CS5,0,0,0
6,US61->CS13,0,0,0
6,US61->CS21,0,0,0
6,US61->CS29,0,0,0
6,US61->CS37,0,0,0
6,US61->CS45,0,0,0
6,US61->CS53,0,0,0
6,US61->CS61,0,0,0
6,US62->CS6,0,0,0
6,US62->CS14,0,0,0
6,US62->CS22,0,0,0
6,US62->CS30,0,0,0
6,US62->CS38,0,0,0
6,US62->CS46,0,0,0
6,US62->CS54,0,0,0
6,US62->CS62,0,0,0
6,US63->CS7,0,0,0
6,US63->CS15,0,0,0
6,US63->CS23,0,0,0
6,US63->CS31,0,0,0
6,US63->CS39,0,0,0
6,US63->CS47,0,0,0
6,US63->CS55,0,0,0
6,US63->CS63,0,0,0
6,US64->CS0,0,0,0
6,US64->CS8,0,0,0
6,US64->CS16,0,0,0
6,US64->CS24,0,0,0
6,US64->CS32,0,0,0
6,US64->CS40,0,0,0
6,US64->CS48,0,0,0
6,US64->CS56,0,0,0
6,US65->CS1,0,0,0
6,US65->CS9,0,0,0
6,US65->CS17,0,0,0
6,US65->CS25,0,0,0
6,US65->CS33,0,0,0
6,US65->CS41,0,0,0
6,US65->CS49,0,0,0
6,US65->CS57,0,0,0
6,US66->CS2,0,0,0
6,US66->CS10,0,0,0
6,US66->CS18,0,0,0
6,US66->CS26,0,0,0
6,US66->CS34,0,0,0
6,US66->CS42,0,0,0
6,US66->CS50,0,0,0
6,US66->CS58,0,0,0
6,US67->CS3,0,0,0
6,US67->CS11,0,0,0
6,US67->CS19,0,0,0
6,US67->CS27,0,0,0
6,US67->CS35,0,0,0
6,US67->CS43,0,0,0
6,US67->CS51,0,0,0
6,US67->CS59,0,0,0
6,US68->CS4,0,0,0
6,US68->CS12,0,0,0
6,US68->CS20,0,0,0
6,US68->CS28,0,0,0
6,US68->CS36,0,0,0
6,US68->CS44,0,0,0
6,US68->CS52,0,0,0
6,US68->CS60,0,0,0
6,US69->CS5,0,0,0
6,US69->CS13,0,0,0
6,US69->CS21,0,0,0
6,US69->CS29,0,0,0
6,US69->CS37,0,0,0
6,US69->CS45,0,0,0
6,US69->CS53,0,0,0
6,US69->CS61,0,0,0
6,US70->CS6,0,0,0
6,US70->CS14,0,0,0
6,US70->CS22,0,0,0
6,US70->CS30,0,0,0
6,US70->CS38,0,0,0
6,US70->CS46,0,0,0
6,US70->CS54,0,0,0
6,US70->CS62,0,0,0
6,US71->CS7,0,0,0
6,US71->CS15,0,0,0
6,US71->CS23,0,0,0
6,US71->CS31,0,0,0
6,US71->CS39,0,0,0
6,US71->CS47,0,0,0
6,US71->CS55,0,0,0
6,US71->CS63,0,0,0
6,US72->CS0,50522,50522,0
6,US72->CS8,50710,50710,0
6,US72->CS16,50857,50857,0
6,US72->CS24,50682,50682,0
6,US72->CS32,50715,50715,0
6,US72->CS40,50569,50569,0
6,US72->CS48,50577,50577,0
6,US72->CS56,50502,50502,0
6,US73->CS1,50817,50817,0
6,US73->CS9,50767,50767,0
6,US73->CS17,50352,50352,0
6,US73->CS25,50790,50790,0
6,US73->CS33,50990,50990,0
6,US73->CS41,50900,50900,0
6,US73->CS49,50853,50853,0
6,US73->CS57,50646,50646,0
6,US74->CS2,50570,50570,0
6,US74->CS10,50661,50661,0
6,US74->CS18,50668,50668,0
6,US74->CS26,51042,51042,0
6,US74->CS34,50465,50465,0
6,US74->CS42,50648,50648,0
6,US74->CS50,50957,50957,0
6,US74->CS58,50936,50936,0
6,US75->CS3,50597,50597,0
6,US75->CS11,50492,50492,0
6,US75->CS19,51007,51007,0
6,US75->CS27,50680,50680,0
6,US75->CS35,50605,50605,0
6,US75->CS43,50326,50326,0
6,US75->CS51,50459,50459,0
6,US75->CS59,50504,50504,0
6,US76->CS4,50451,50451,0
6,US76->CS12,50617,50617,0
6,US76->CS20,50345,50345,0
6,US76->CS28,50526,50526,0
6,US76->CS36,50645,50645,0
6,US76->CS44,50692,50692,0
6,US76->CS52,51165,51165,0
6,US76->CS60,50564,50564,0
6,US77->CS5,50709,50709,0
6,US77->CS13,50924,50924,0
6,US77->CS21,50377,50377,0
6,US77->CS29,50563,50563,0
6,US77->CS37,50445,50445,0
6,US77->CS45,50641,50641,0
6,US77->CS53,50810,50810,0
6,US77->CS61,50906,50906,0
6,US78->CS6,50883,50883,0
6,US78->CS14,50747,50747,0
6,US78->CS22,50355,50355,0
6,US78->CS30,50720,50720,0
6,US78->CS38,50797,50797,0
6,US78->CS46,50275,50275,0
6,US78->CS54,50572,50572,0
6,US78->CS62,50227,50227,0
6,US79->CS7,50390,50390,0
6,US79->CS15,50484,50484,0
6,US79->CS23,50432,50432,0
6,US79->CS31,50693,50693,0
6,US79->CS39,50800,50800,0
6,US79->CS47,50495,50495,0
6,US79->CS55,50861,50861,0
6,US79->CS63,50660,50660,0
6,US80->CS0,5870,5870,0
6,US80->CS8,5905,5905,0
6,US80->CS16,5953,5952,0
6,US80->CS24,5933,5932,0
6,US80->CS32,5881,5880,0
6,US80->CS40,5925,5924,0
6,US80->CS48,5895,5894,0
6,US80->CS56,5960,5960,0
6,US81->CS1,5884,5884,0
6,US81->CS9,5978,5978,0
6,US81->CS17,6069,6069,0
6,US81->CS25,5954,5954,0
6,US81->CS33,5947,5946,0
6,US81->CS41,6024,6024,0
6,US81->CS49,5989,5989,0
6,US81->CS57,6031,6030,0
6,US82->CS2,5959,5959,0
6,US82->CS10,5835,5835,0
6,US82->CS18,5999,5999,0
6,US82->CS26,5972,5972,0
6,US82->CS34,5988,5988,0
6,US82->CS42,5893,5891,0
6,US82->CS50,6022,6022,0
6,US82->CS58,5922,5922,0
6,US83->CS3,5924,5924,0
6,US83->CS11,5872,5871,0
6,US83->CS19,5920,5919,0
6,US83->CS27,5957,5956,0
6,US83->CS35,5905,5904,0
6,US83->CS43,5819,5819,0
6,US83->CS51,5825,5825,0
6,US83->CS59,5928,5927,0
6,US84->CS4,5940,5940,0
6,US84->CS12,6048,6048,0
6,US84->CS20,5934,5934,0
6,US84->CS28,5988,5987,0
6,US84->CS36,5874,5874,0
6,US84->CS44,5980,5980,0
6,US84->CS52,5867,5866,0
6,US84->CS60,5959,5959,0
6,US85->CS5,5954,5954,0
6,US85->CS13,5879,5878,0
6,US85->CS21,5888,5887,0
6,US85->CS29,5805,5804,0
6,US85->CS37,6113,6113,0
6,US85->CS45,5884,5883,0
6,US85->CS53,5909,5909,0
6,US85->CS61,6116,6115,0
6,US86->CS6,5976,5976,0
6,US86->CS14,5916,5916,0
6,US86->CS22,5923,5922,0
6,US86->CS30,6003,6003,0
6,US86->CS38,5986,5986,0
6,US86->CS46,6028,6028,0
6,US86->CS54,5905,5905,0
6,US86->CS62,5819,5819,0
6,US87->CS7,5951,5951,0
6,US87->CS15,6035,6035,0
6,US87->CS23,5856,5855,0
6,US87->CS31,5931,5930,0
6,US87->CS39,6026,6026,0
6,US87->CS47,5910,5910,0
6,US87->CS55,6067,6067,0
6,US87->CS63,5976,5975,0
6,US88->CS0,50609,50609,0
6,US88->CS8,51047,51047,0
6,US88->CS16,50974,50974,0
6,US88->CS24,50512,50512,0
6,US88->CS32,50605,50605,0
6,US88->CS40,50999,50999,0
6,US88->CS48,50400,50400,0
6,US88->CS56,50951,50951,0
6,US89->CS1,50862,50862,0
6,US89->CS9,50641,50641,0
6,US89->CS17,50887,50887,0
6,US89->CS25,50745,50745,0
6,US89->CS33,50815,50815,0
6,US89->CS41,50816,50816,0
6,US89->CS49,50913,50913,0
6,US89->CS57,50698,50698,0
6,US90->CS2,50884,50884,0
6,US90->CS10,50654,50654,0
6,US90->CS18,50725,50725,0
6,US90->CS26,50682,50682,0
6,US90->CS34,50723,50723,0
6,US90->CS42,51215,51215,0
6,US90->CS50,50799,50799,0
6,US90->CS58,50825,50825,0
6,US91->CS3,50483,50483,0
6,US91->CS11,50941,50941,0
6,US91->CS19,51257,51257,0
6,US91->CS27,50709,50709,0
6,US91->CS35,50979,50979,0
6,US91->CS43,50754,50754,0
6,US91->CS51,50998,50998,0
6,US91->CS59,50487,50487,0
6,US92->CS4,50649,50649,0
6,US92->CS12,51037,51037,0
6,US92->CS20,50638,50638,0
6,US92->CS28,50697,50697,0
6,US92->CS36,50942,50942,0
6,US92->CS44,50543,50543,0
6,US92->CS52,50427,50427,0
6,US92->CS60,50499,50499,0
6,US93->CS5,50779,50779,0
6,US93->CS13,50543,50543,0
6,US93->CS21,50899,50899,0
6,US93->CS29,50874,50874,0
6,US93->CS37,50838,50838,0
6,US93->CS45,50484,50484,0
6,US93->CS53,50967,50967,0
6,US93->CS61,51053,51053,0
6,US94->CS6,50522,50522,0
6,US94->CS14,50982,50982,0
6,US94->CS22,50628,50628,0
6,US94->CS30,50565,50565,0
6,US94->CS38,51122,51122,0
6,US94->CS46,50796,50796,0
6,US94->CS54,50990,50990,0
6,US94->CS62,50920,50920,0
6,US95->CS7,50706,50706,0
6,US95->CS15,50622,50622,0
6,US95->CS23,50410,50410,0
6,US95->CS31,50396,50396,0
6,US95->CS39,51038,51038,0
6,US95->CS47,50458,50458,0
6,US95->CS55,50677,50677,0
6,US95->CS63,50811,50811,0
6,US96->CS0,0,0,0
6,US96->CS8,0,0,0
6,US96->CS16,0,0,0
6,US96->CS24,0,0,0
6,US96->CS32,0,0,0
6,US96->CS40,0,0,0
6,US96->CS48,0,0,0
6,US96->CS56,0,0,0
6,US97->CS1,0,0,0
6,US97->CS9,0,0,0
6,US97->CS17,0,0,0
6,US97->CS25,0,0,0
6,US97->CS33,0,0,0
6,US97->CS41,0,0,0
6,US97->CS49,0,0,0
6,US97->CS57,0,0,0
6,US98->CS2,0,0,0
6,US98->CS10,0,0,0
6,US98->CS18,0,0,0
6,US98->CS26,0,0,0
6,US98->CS34,0,0,0
6,US98->CS42,0,0,0
6,US98->CS50,0,0,0
6,US98->CS58,0,0,0
6,US99->CS3,0,0,0
6,US99->CS11,0,0,0
6,US99->CS19,0,0,0
6,US99->CS27,0,0,0
6,US99->CS35,0,0,0
6,US99->CS43,0,0,0
6,US99->CS51,0,0,0
6,US99->CS59,0,0,0
6,US100->CS4,0,0,0
6,US100->CS12,0,0,0
6,US100->CS20,0,0,0
6,US100->CS28,0,0,0
6,US100->CS36,0,0,0
6,US100->CS44,0,0,0
6,US100->CS52,0,0,0
6,US100->CS60,0,0,0
6,US101->CS5,0,0,0
6,US101->CS13,0,0,0
6,US101->CS21,0,0,0
6,US101->CS29,0,0,0
6,US101->CS37,0,0,0
6,US101->CS45,0,0,0
6,US101->CS53,0,0,0
6,US101->CS61,0,0,0
6,US102->CS6,0,0,0
6,US102->CS14,0,0,0
6,US102->CS22,0,0,0
6,US102->CS30,0,0,0
6,US102->CS38,0,0,0
6,US102->CS46,0,0,0
6,US102->CS54,0,0,0
6,US102->CS62,0,0,0
6,US103->CS7,0,0,0
6,US103->CS15,0,0,0
6,US103->CS23,0,0,0
6,US103->CS31,0,0,0
6,US103->CS39,0,0,0
6,US103->CS47,0,0,0
6,US103->CS55,0,0,0
6,US103->CS63,0,0,0
6,US104->CS0,0,0,0
6,US104->CS8,0,0,0
6,US104->CS16,0,0,0
6,US104->CS24,0,0,0
6,US104->CS32,0,0,0
6,US104->CS40,0,0,0
6,US104->CS48,0,0,0
6,US104->CS56,0,0,0
6,US105->CS1,0,0,0
6,US105->CS9,0,0,0
6,US105->CS17,0,0,0
6,US105->CS25,0,0,0
6,US105->CS33,0,0,0
6,US105->CS41,0,0,0
6,US105->CS49,0,0,0
6,US105->CS57,0,0,0
6,US106->CS2,0,0,0
6,US106->CS10,0,0,0
6,US106->CS18,0,0,0
6,US106->CS26,0,0,0
6,US106->CS34,0,0,0
6,US106->CS42,0,0,0
6,US106->CS50,0,0,0
6,US106->CS58,0,0,0
6,US107->CS3,0,0,0
6,US107->CS11,0,0,0
6,US107->CS19,0,0,0
6,US107->CS27,0,0,0
6,US107->CS35,0,0,0
6,US107->CS43,0,0,0
6,US107->CS51,0,0,0
6,US107->CS59,0,0,0
6,US108->CS4,0,0,0
6,US108->CS12,0,0,0
6,US108->CS20,0,0,0
6,US108->CS28,0,0,0
6,US108->CS36,0,0,0
6,US108->CS44,0,0,0
6,US108->CS52,0,0,0
6,US108->CS60,0,0,0
6,US109->CS5,0,0,0
6,US109->CS13,0,0,0
6,US109->CS21,0,0,0
6,US109->CS29,0,0,0
6,US109->CS37,0,0,0
6,US109->CS45,0,0,0
6,US109->CS53,0,0,0
6,US109->CS61,0,0,0
6,US110->CS6,0,0,0
6,US110->CS14,0,0,0
6,US110->CS22,0,0,0
6,US110->CS30,0,0,0
6,US110->CS38,0,0,0
6,US110->CS46,0,0,0
6,US110->CS54,0,0,0
6,US110->CS62,0,0,0
6,US111->CS7,0,0,0
6,US111->CS15,0,0,0
6,US111->CS23,0,0,0
6,US111->CS31,0,0,0
6,US111->CS39,0,0,0
6,US111->CS47,0,0,0
6,US111->CS55,0,0,0
6,US111->CS63,0,0,0
6,US112->CS0,51323,51323,0
6,US112->CS8,51602,51602,0
6,US112->CS16,51465,51465,0
6,US112->CS24,51528,51528,0
6,US112->CS32,51261,51261,0
6,US112->CS40,51468,51468,0
6,US112->CS48,51293,51293,0
6,US112->CS56,51548,51548,0
6,US113->CS1,51661,51661,0
6,US113->CS9,51343,51343,0
6,US113->CS17,51677,51677,0
6,US113->CS25,51216,51216,0
6,US113->CS33,51451,51451,0
6,US113->CS41,51542,51542,0
6,US113->CS49,51949,51949,0
6,US113->CS57,51620,51620,0
6,US114->CS2,51776,51776,0
6,US114->CS10,51114,51114,0
6,US114->CS18,51189,51189,0
6,US114->CS26,51364,51364,0
6,US114->CS34,51769,51769,0
6,US114->CS42,51327,51327,0
6,US114->CS50,51155,51155,0
6,US114->CS58,51502,51502,0
6,US115->CS3,51468,51468,0
6,US115->CS11,51481,51481,0
6,US115->CS19,51382,51382,0
6,US115->CS27,51332,51332,0
6,US115->CS35,51510,51510,0
6,US115->CS43,51147,51147,0
6,US115->CS51,51322,51322,0
6,US115->CS59,51768,51768,0
6,US116->CS4,51656,51656,0
6,US116->CS12,51627,51627,0
6,US116->CS20,51621,51621,0
6,US116->CS28,51727,51727,0
6,US116->CS36,51951,51951,0
6,US116->CS44,51646,51646,0
6,US116->CS52,51478,51478,0
6,US116->CS60,51268,51268,0
6,US117->CS5,51346,51346,0
6,US117->CS13,51440,51440,0
6,US117->CS21,51487,51487,0
6,US117->CS29,51526,51526,0
6,US117->CS37,51864,51864,0
6,US117->CS45,51711,51711,0
6,US117->CS53,51314,51314,0
6,US117->CS61,51759,51759,0
6,US118->CS6,52103,52103,0
6,US118->CS14,51856,51856,0
6,US118->CS22,51398,51398,0
6,US118->CS30,51660,51660,0
6,US118->CS38,51335,51335,0
6,US118->CS46,51598,51598,0
6,US118->CS54,51360,51360,0
6,US118->CS62,52068,52068,0
6,US119->CS7,51599,51599,0
6,US119->CS15,51154,51154,0
6,US119->CS23,51511,51511,0
6,US119->CS31,51257,51257,0
6,US119->CS39,51423,51423,0
6,US119->CS47,51227,51227,0
6,US119->CS55,51432,51432,0
6,US119->CS63,51539,51539,0
6,US120->CS0,49999,49999,0
6,US120->CS8,49990,49990,0
6,US120->CS16,50346,50346,0
6,US120->CS24,49927,49927,0
6,US120->CS32,50162,50162,0
6,US120->CS40,50178,50178,0
6,US120->CS48,49928,49928,0
6,US120->CS56,50599,50599,0
6,US121->CS1,50067,50067,0
6,US121->CS9,50132,50132,0
6,US121->CS17,50134,50134,0
6,US121->CS25,50508,50508,0
6,US121->CS33,50208,50208,0
6,US121->CS41,50463,50463,0
6,US121->CS49,50388,50388,0
6,US121->CS57,50086,50086,0
6,US122->CS2,49954,49954,0
6,US122->CS10,50354,50354,0
6,US122->CS18,49867,49867,0
6,US122->CS26,50563,50563,0
6,US122->CS34,49963,49963,0
6,US122->CS42,50076,50076,0
6,US122->CS50,50032,50032,0
6,US122->CS58,50117,50117,0
6,US123->CS3,50036,50036,0
6,US123->CS11,50414,50414,0
6,US123->CS19,50519,50519,0
6,US123->CS27,49935,49935,0
6,US123->CS35,49852,49852,0
6,US123->CS43,50014,50014,0
6,US123->CS51,50410,50410,0
6,US123->CS59,50016,50016,0
6,US124->CS4,49946,49946,0
6,US124->CS12,50395,50395,0
6,US124->CS20,50016,50016,0
6,US124->CS28,50256,50256,0
6,US124->CS36,50421,50421,0
6,US124->CS44,49886,49886,0
6,US124->CS52,50230,50230,0
6,US124->CS60,49848,49848,0
6,US125->CS5,50313,50313,0
6,US125->CS13,49955,49955,0
6,US125->CS21,50010,50010,0
6,US125->CS29,50303,50303,0
6,US125->CS37,50274,50274,0
6,US125->CS45,50177,50177,0
6,US125->CS53,50399,50399,0
6,US125->CS61,50487,50487,0
6,US126->CS6,50379,50379,0
6,US126->CS14,50191,50191,0
6,US126->CS22,49950,49950,0
6,US126->CS30,50173,50173,0
6,US126->CS38,50154,50154,0
6,US126->CS46,50171,50171,0
6,US126->CS54,50225,50225,0
6,US126->CS62,50318,50318,0
6,US127->CS7,50055,50055,0
6,US127->CS15,50517,50517,0
6,US127->CS23,50151,50151,0
6,US127->CS31,50156,50156,0
6,US127->CS39,50187,50187,0
6,US127->CS47,49823,49823,0
6,US127->CS55,50233,50233,0
6,US127->CS63,50428,50428,0
6,CS0->US0,51923,51923,0
6,CS0->US8,5984,5983,0
6,CS0->US16,50090,50090,0
6,CS0->US24,0,0,0
6,CS0->US32,0,0,0
6,CS0->US40,51451,51451,0
6,CS0->US48,51374,51374,0
6,CS0->US56,0,0,0
6,CS0->US64,0,0,0
6,CS0->US72,50656,50656,0
6,CS0->US80,4811,4811,0
6,CS0->US88,50692,50692,0
6,CS0->US96,0,0,0
6,CS0->US104,0,0,0
6,CS0->US112,56478,56478,0
6,CS0->US120,53061,53061,0
6,CS1->US1,51197,51197,0
6,CS1->US9,5985,5985,0
6,CS1->US17,50140,50140,0
6,CS1->US25,0,0,0
6,CS1->US33,0,0,0
6,CS1->US41,51750,51750,0
6,CS1->US49,51499,51499,0
6,CS1->US57,0,0,0
6,CS1->US65,0,0,0
6,CS1->US73,50891,50891,0
6,CS1->US81,5015,5015,0
6,CS1->US89,50906,50906,0
6,CS1->US97,0,0,0
6,CS1->US105,0,0,0
6,CS1->US113,55768,55768,0
6,CS1->US121,53138,53138,0
6,CS2->US2,51675,51675,0
6,CS2->US10,6047,6047,0
6,CS2->US18,50050,50050,0
6,CS2->US26,0,0,0
6,CS2->US34,0,0,0
6,CS2->US42,51888,51888,0
6,CS2->US50,51467,51467,0
6,CS2->US58,0,0,0
6,CS2->US66,0,0,0
6,CS2->US74,50922,50922,0
6,CS2->US82,4970,4970,0
6,CS2->US90,50713,50713,0
6,CS2->US98,0,0,0
6,CS2->US106,0,0,0
6,CS2->US114,56606,56606,0
6,CS2->US122,53282,53282,0
6,CS3->US3,51355,51355,0
6,CS3->US11,6014,6013,0
6,CS3->US19,50094,50094,0
6,CS3->US27,0,0,0
6,CS3->US35,0,0,0
6,CS3->US43,51605,51605,0
6,CS3->US51,51090,51090,0
6,CS3->US59,0,0,0
6,CS3->US67,0,0,0
6,CS3->US75,50530,50530,0
6,CS3->US83,4990,4990,0
6,CS3->US91,50766,50766,0
6,CS3->US99,0,0,0
6,CS3->US107,0,0,0
6,CS3->US115,56260,56260,0
6,CS3->US123,53053,53053,0
6,CS4->US4,51476,51476,0
6,CS4->US12,6040,6040,0
6,CS4->US20,50006,50006,0
6,CS4->US28,0,0,0
6,CS4->US36,0,0,0
6,CS4->US44,51776,51776,0
6,CS4->US52,51316,51316,0
6,CS4->US60,0,0,0
6,CS4->US68,0,0,0
6,CS4->US76,50712,50712,0
6,CS4->US84,5091,5090,0
6,CS4->US92,50551,50551,0
6,CS4->US100,0,0,0
6,CS4->US108,0,0,0
6,CS4->US116,56072,56072,0
6,CS4->US124,53232,53232,0
6,CS5->US5,51790,51790,0
6,CS5->US13,6070,6069,0
6,CS5->US21,50408,50408,0
6,CS5->US29,0,0,0
6,CS5->US37,0,0,0
6,CS5->US45,51497,51497,0
6,CS5->US53,51160,51160,0
6,CS5->US61,0,0,0
6,CS5->US69,0,0,0
6,CS5->US77,50827,50827,0
6,CS5->US85,4813,4813,0
6,CS5->US93,50833,50833,0
6,CS5->US101,0,0,0
6,CS5->US109,0,0,0
6,CS5->US117,56043,56043,0
6,CS5->US125,53498,53498,0
6,CS6->US6,50942,50942,0
6,CS6->US14,6070,6069,0
6,CS6->US22,50481,50481,0
6,CS6->US30,0,0,0
6,CS6->US38,0,0,0
6,CS6->US46,52204,52204,0
6,CS6->US54,51523,51523,0
6,CS6->US62,0,0,0
6,CS6->US70,0,0,0
6,CS6->US78,50546,50546,0
6,CS6->US86,4875,4875,0
6,CS6->US94,51036,51036,0
6,CS6->US102,0,0,0
6,CS6->US110,0,0,0
6,CS6->US118,56221,56221,0
6,CS6->US126,52772,52772,0
6,CS7->US7,51602,51602,0
6,CS7->US15,6063,6063,0
6,CS7->US23,50140,50140,0
6,CS7->US31,0,0,0
6,CS7->US39,0,0,0
6,CS7->US47,51719,51719,0
6,CS7->US55,51707,51707,0
6,CS7->US63,0,0,0
6,CS7->US71,0,0,0
6,CS7->US79,50729,50729,0
6,CS7->US87,5016,5016,0
6,CS7->US95,50539,50539,0
6,CS7->US103,0,0,0
6,CS7->US111,0,0,0
6,CS7->US119,55833,55833,0
6,CS7->US127,52986,52986,0
6,CS8->US0,51864,51864,0
6,CS8->US8,5980,5980,0
6,CS8->US16,50094,50094,0
6,CS8->US24,0,0,0
6,CS8->US32,0,0,0
6,CS8->US40,51668,51668,0
6,CS8->US48,51894,51894,0
6,CS8->US56,0,0,0
6,CS8->US64,0,0,0
6,CS8->US72,51077,51077,0
6,CS8->US80,4970,4969,0
6,CS8->US88,50861,50861,0
6,CS8->US96,0,0,0
6,CS8->US104,0,0,0
6,CS8->US112,55975,55975,0
6,CS8->US120,53098,53098,0
6,CS9->US1,50744,50744,0
6,CS9->US9,6071,6071,0
6,CS9->US17,50285,50285,0
6,CS9->US25,0,0,0
6,CS9->US33,0,0,0
6,CS9->US41,51449,51449,0
6,CS9->US49,51715,51715,0
6,CS9->US57,0,0,0
6,CS9->US65,0,0,0
6,CS9->US73,50649,50649,0
6,CS9->US81,4857,4857,0
6,CS9->US89,50900,50900,0
6,CS9->US97,0,0,0
6,CS9->US105,0,0,0
6,CS9->US113,56003,56003,0
6,CS9->US121,53354,53354,0
6,CS10->US2,51593,51593,0
6,CS10->US10,5946,5946,0
6,CS10->US18,50408,50408,0
6,CS10->US26,0,0,0
6,CS10->US34,0,0,0
6,CS10->US42,51231,51231,0
6,CS10->US50,51265,51265,0
6,CS10->US58,0,0,0
6,CS10->US66,0,0,0
6,CS10->US74,50692,50692,0
6,CS10->US82,4938,4938,0
6,CS10->US90,50790,50790,0
6,CS10->US98,0,0,0
6,CS10->US106,0,0,0
6,CS10->US114,56166,56166,0
6,CS10->US122,53205,53205,0
6,CS11->US3,51231,51231,0
6,CS11->US11,5937,5937,0
6,CS11->US19,50483,50483,0
6,CS11->US27,0,0,0
6,CS11->US35,0,0,0
6,CS11->US43,51591,51591,0
6,CS11->US51,51035,51035,0
6,CS11->US59,0,0,0
6,CS11->US67,0,0,0
6,CS11->US75,51001,51001,0
6,CS11->US83,4848,4848,0
6,CS11->US91,50607,50607,0
6,CS11->US99,0,0,0
6,CS11->US107,0,0,0
6,CS11->US115,56040,56040,0
6,CS11->US123,52994,52994,0
6,CS12->US4,51601,51601,0
6,CS12->US12,6151,6151,0
6,CS12->US20,50463,50463,0
6,CS12->US28,0,0,0
6,CS12->US36,0,0,0
6,CS12->US44,51704,51704,0
6,CS12->US52,51366,51366,0
6,CS12->US60,0,0,0
6,CS12->US68,0,0,0
6,CS12->US76,51089,51089,0
6,CS12->US84,4916,4916,0
6,CS12->US92,50716,50716,0
6,CS12->US100,0,0,0
6,CS12->US108,0,0,0
6,CS12->US116,56258,56258,0
6,CS12->US124,52663,52663,0
6,CS13->US5,51423,51423,0
6,CS13->US13,5964,5964,0
6,CS13->US21,50011,50011,0
6,CS13->US29,0,0,0
6,CS13->US37,0,0,0
6,CS13->US45,51571,51571,0
6,CS13->US53,51781,51781,0
6,CS13->US61,0,0,0
6,CS13->US69,0,0,0
6,CS13->US77,50604,50604,0
6,CS13->US85,4855,4855,0
6,CS13->US93,51082,51082,0
6,CS13->US101,0,0,0
6,CS13->US109,0,0,0
6,CS13->US117,56126,56126,0
6,CS13->US125,53204,53204,0
6,CS14->US6,51373,51373,0
6,CS14->US14,6015,6014,0
6,CS14->US22,50251,50251,0
6,CS14->US30,0,0,0
6,CS14->US38,0,0,0
6,CS14->US46,51980,51980,0
6,CS14->US54,51109,51109,0
6,CS14->US62,0,0,0
6,CS14->US70,0,0,0
6,CS14->US78,51016,51016,0
6,CS14->US86,5037,5037,0
6,CS14->US94,50839,50839,0
6,CS14->US102,0,0,0
6,CS14->US110,0,0,0
6,CS14->US118,56288,56288,0
6,CS14->US126,53084,53084,0
6,CS15->US7,51591,51591,0
6,CS15->US15,6115,6115,0
6,CS15->US23,50621,50621,0
6,CS15->US31,0,0,0
6,CS15->US39,0,0,0
6,CS15->US47,51303,51303,0
6,CS15->US55,51665,51665,0
6,CS15->US63,0,0,0
6,CS15->US71,0,0,0
6,CS15->US79,50663,50663,0
6,CS15->US87,4963,4963,0
6,CS15->US95,50607,50607,0
6,CS15->US103,0,0,0
6,CS15->US111,0,0,0
6,CS15->US119,56390,56390,0
6,CS15->US127,53078,53078,0
6,CS16->US0,51413,51413,0
6,CS16->US8,6040,6040,0
6,CS16->US16,50436,50436,0
6,CS16->US24,0,0,0
6,CS16->US32,0,0,0
6,CS16->US40,51605,51605,0
6,CS16->US48,51433,51433,0
6,CS16->US56,0,0,0
6,CS16->US64,0,0,0
6,CS16->US72,51048,51048,0
6,CS16->US80,4878,4877,0
6,CS16->US88,50997,50997,0
6,CS16->US96,0,0,0
6,CS16->US104,0,0,0
6,CS16->US112,55803,55803,0
6,CS16->US120,52974,52974,0
6,CS17->US1,51575,51575,0
6,CS17->US9,6140,6140,0
6,CS17->US17,50197,50197,0
6,CS17->US25,0,0,0
6,CS17->US33,0,0,0
6,CS17->US41,51815,51815,0
6,CS17->US49,51646,51646,0
6,CS17->US57,0,0,0
6,CS17->US65,0,0,0
6,CS17->US73,50996,50996,0
6,CS17->US81,4939,4939,0
6,CS17->US89,50536,50536,0
6,CS17->US97,0,0,0
6,CS17->US105,0,0,0
6,CS17->US113,55880,55880,0
6,CS17->US121,53081,53081,0
6,CS18->US2,51608,51608,0
6,CS18->US10,6087,6087,0
6,CS18->US18,49924,49924,0
6,CS18->US26,0,0,0
6,CS18->US34,0,0,0
6,CS18->US42,51310,51310,0
6,CS18->US50,51406,51406,0
6,CS18->US58,0,0,0
6,CS18->US66,0,0,0
6,CS18->US74,50785,50785,0
6,CS18->US82,4955,4954,0
6,CS18->US90,50791,50791,0
6,CS18->US98,0,0,0
6,CS18->US106,0,0,0
6,CS18->US114,55874,55874,0
6,CS18->US122,53079,53079,0
6,CS19->US3,51063,51063,0
6,CS19->US11,6014,6014,0
6,CS19->US19,50645,50645,0
6,CS19->US27,0,0,0
6,CS19->US35,0,0,0
6,CS19->US43,51532,51532,0
6,CS19->US51,51388,51388,0
6,CS19->US59,0,0,0
6,CS19->US67,0,0,0
6,CS19->US75,51221,51221,0
6,CS19->US83,4829,4828,0
6,CS19->US91,51121,51121,0
6,CS19->US99,0,0,0
6,CS19->US107,0,0,0
6,CS19->US115,56404,56404,0
6,CS19->US123,52698,52698,0
6,CS20->US4,51542,51542,0
6,CS20->US12,6034,6033,0
6,CS20->US20,50069,50069,0
6,CS20->US28,0,0,0
6,CS20->US36,0,0,0
6,CS20->US44,51695,51695,0
6,CS20->US52,51019,51019,0
6,CS20->US60,0,0,0
6,CS20->US68,0,0,0
6,CS20->US76,50707,50707,0
6,CS20->US84,4958,4958,0
6,CS20->US92,50485,50485,0
6,CS20->US100,0,0,0
6,CS20->US108,0,0,0
6,CS20->US116,56410,56410,0
6,CS20->US124,52973,52973,0
6,CS21->US5,51422,51422,0
6,CS21->US13,5991,5991,0
6,CS21->US21,50056,50056,0
6,CS21->US29,0,0,0
6,CS21->US37,0,0,0
6,CS21->US45,51652,51652,0
6,CS21->US53,51615,51615,0
6,CS21->US61,0,0,0
6,CS21->US69,0,0,0
6,CS21->US77,50969,50969,0
6,CS21->US85,4942,4942,0
6,CS21->US93,50502,50502,0
6,CS21->US101,0,0,0
6,CS21->US109,0,0,0
6,CS21->US117,56115,56115,0
6,CS21->US125,53168,53168,0
6,CS22->US6,51410,51410,0
6,CS22->US14,6011,6011,0
6,CS22->US22,49986,49986,0
6,CS22->US30,0,0,0
6,CS22->US38,0,0,0
6,CS22->US46,51513,51513,0
6,CS22->US54,51457,51457,0
6,CS22->US62,0,0,0
6,CS22->US70,0,0,0
6,CS22->US78,50743,50743,0
6,CS22->US86,4980,4979,0
6,CS22->US94,50420,50420,0
6,CS22->US102,0,0,0
6,CS22->US110,0,0,0
6,CS22->US118,56278,56278,0
6,CS22->US126,52817,52817,0
6,CS23->US7,51854,51854,0
6,CS23->US15,5947,5947,0
6,CS23->US23,50288,50288,0
6,CS23->US31,0,0,0
6,CS23->US39,0,0,0
6,CS23->US47,51621,51621,0
6,CS23->US55,51756,51756,0
6,CS23->US63,0,0,0
6,CS23->US71,0,0,0
6,CS23->US79,50435,50435,0
6,CS23->US87,4927,4926,0
6,CS23->US95,50541,50541,0
6,CS23->US103,0,0,0
6,CS23->US111,0,0,0
6,CS23->US119,56190,56190,0
6,CS23->US127,53234,53234,0
6,CS24->US0,51854,51854,0
6,CS24->US8,6008,6008,0
6,CS24->US16,50026,50026,0
6,CS24->US24,0,0,0
6,CS24->US32,0,0,0
6,CS24->US40,51582,51582,0
6,CS24->US48,51343,51343,0
6,CS24->US56,0,0,0
6,CS24->US64,0,0,0
6,CS24->US72,50616,50616,0
6,CS24->US80,4972,4972,0
6,CS24->US88,50877,50877,0
6,CS24->US96,0,0,0
6,CS24->US104,0,0,0
6,CS24->US112,56413,56413,0
6,CS24->US120,53245,53245,0
6,CS25->US1,51559,51559,0
6,CS25->US9,6041,6041,0
6,CS25->US17,50516,50516,0
6,CS25->US25,0,0,0
6,CS25->US33,0,0,0
6,CS25->US41,51355,51355,0
6,CS25->US49,51622,51622,0
6,CS25->US57,0,0,0
6,CS25->US65,0,0,0
6,CS25->US73,50828,50828,0
6,CS25->US81,4962,4962,0
6,CS25->US89,50921,50921,0
6,CS25->US97,0,0,0
6,CS25->US105,0,0,0
6,CS25->US113,56373,56373,0
6,CS25->US121,53293,53293,0
6,CS26->US2,51653,51653,0
6,CS26->US10,6059,6058,0
6,CS26->US18,50625,50625,0
6,CS26->US26,0,0,0
6,CS26->US34,0,0,0
6,CS26->US42,51478,51478,0
6,CS26->US50,51213,51213,0
6,CS26->US58,0,0,0
6,CS26->US66,0,0,0
6,CS26->US74,50771,50771,0
6,CS26->US82,4879,4879,0
6,CS26->US90,51172,51172,0
6,CS26->US98,0,0,0
6,CS26->US106,0,0,0
6,CS26->US114,56253,56253,0
6,CS26->US122,53206,53206,0
6,CS27->US3,51533,51533,0
6,CS27->US11,6052,6052,0
6,CS27->US19,49974,49974,0
6,CS27->US27,0,0,0
6,CS27->US35,0,0,0
6,CS27->US43,51477,51477,0
6,CS27->US51,51262,51262,0
6,CS27->US59,0,0,0
6,CS27->US67,0,0,0
6,CS27->US75,50790,50790,0
6,CS27->US83,4939,4938,0
6,CS27->US91,50771,50771,0
6,CS27->US99,0,0,0
6,CS27->US107,0,0,0
6,CS27->US115,56144,56144,0
6,CS27->US123,53113,53113,0
6,CS28->US4,51254,51254,0
6,CS28->US12,6074,6074,0
6,CS28->US20,50335,50335,0
6,CS28->US28,0,0,0
6,CS28->US36,0,0,0
6,CS28->US44,51788,51788,0
6,CS28->US52,51763,51763,0
6,CS28->US60,0,0,0
6,CS28->US68,0,0,0
6,CS28->US76,50757,50757,0
6,CS28->US84,4937,4937,0
6,CS28->US92,50705,50705,0
6,CS28->US100,0,0,0
6,CS28->US108,0,0,0
6,CS28->US116,55847,55847,0
6,CS28->US124,53007,53007,0
6,CS29->US5,51342,51342,0
6,CS29->US13,5907,5907,0
6,CS29->US21,50418,50418,0
6,CS29->US29,0,0,0
6,CS29->US37,0,0,0
6,CS29->US45,51604,51604,0
6,CS29->US53,51536,51536,0
6,CS29->US61,0,0,0
6,CS29->US69,0,0,0
6,CS29->US77,50925,50925,0
6,CS29->US85,4825,4825,0
6,CS29->US93,50727,50727,0
6,CS29->US101,0,0,0
6,CS29->US109,0,0,0
6,CS29->US117,56112,56112,0
6,CS29->US125,52964,52964,0
6,CS30->US6,51658,51658,0
6,CS30->US14,6084,6084,0
6,CS30->US22,50277,50277,0
6,CS30->US30,0,0,0
6,CS30->US38,0,0,0
6,CS30->US46,51785,51785,0
6,CS30->US54,51629,51629,0
6,CS30->US62,0,0,0
6,CS30->US70,0,0,0
6,CS30->US78,50635,50635,0
6,CS30->US86,4958,4958,0
6,CS30->US94,50819,50819,0
6,CS30->US102,0,0,0
6,CS30->US110,0,0,0
6,CS30->US118,56121,56121,0
6,CS30->US126,53475,53475,0
6,CS31->US7,51964,51964,0
6,CS31->US15,6030,6030,0
6,CS31->US23,50193,50193,0
6,CS31->US31,0,0,0
6,CS31->US39,0,0,0
6,CS31->US47,51339,51339,0
6,CS31->US55,51646,51646,0
6,CS31->US63,0,0,0
6,CS31->US71,0,0,0
6,CS31->US79,50491,50491,0
6,CS31->US87,4978,4978,0
6,CS31->US95,50829,50829,0
6,CS31->US103,0,0,0
6,CS31->US111,0,0,0
6,CS31->US119,56378,56378,0
6,CS31->US127,53017,53017,0
6,CS32->US0,51509,51509,0
6,CS32->US8,5960,5960,0
6,CS32->US16,50234,50234,0
6,CS32->US24,0,0,0
6,CS32->US32,0,0,0
6,CS32->US40,51346,51346,0
6,CS32->US48,51309,51309,0
6,CS32->US56,0,0,0
6,CS32->US64,0,0,0
6,CS32->US72,50607,50607,0
6,CS32->US80,4942,4942,0
6,CS32->US88,50899,50899,0
6,CS32->US96,0,0,0
6,CS32->US104,0,0,0
6,CS32->US112,56561,56561,0
6,CS32->US120,53079,53079,0
6,CS33->US1,51450,51450,0
6,CS33->US9,6052,6052,0
6,CS33->US17,50330,50330,0
6,CS33->US25,0,0,0
6,CS33->US33,0,0,0
6,CS33->US41,51606,51606,0
6,CS33->US49,51627,51627,0
6,CS33->US57,0,0,0
6,CS33->US65,0,0,0
6,CS33->US73,50887,50887,0
6,CS33->US81,4965,4964,0
6,CS33->US89,51102,51102,0
6,CS33->US97,0,0,0
6,CS33->US105,0,0,0
6,CS33->US113,55944,55944,0
6,CS33->US121,53156,53156,0
6,CS34->US2,51171,51171,0
6,CS34->US10,6096,6095,0
6,CS34->US18,50021,50021,0
6,CS34->US26,0,0,0
6,CS34->US34,0,0,0
6,CS34->US42,51906,51906,0
6,CS34->US50,51503,51503,0
6,CS34->US58,0,0,0
6,CS34->US66,0,0,0
6,CS34->US74,50768,50768,0
6,CS34->US82,4943,4943,0
6,CS34->US90,50604,50604,0
6,CS34->US98,0,0,0
6,CS34->US106,0,0,0
6,CS34->US114,56228,56228,0
6,CS34->US122,52884,52884,0
6,CS35->US3,51634,51634,0
6,CS35->US11,5979,5978,0
6,CS35->US19,49934,49934,0
6,CS35->US27,0,0,0
6,CS35->US35,0,0,0
6,CS35->US43,51617,51617,0
6,CS35->US51,51478,51478,0
6,CS35->US59,0,0,0
6,CS35->US67,0,0,0
6,CS35->US75,51014,51014,0
6,CS35->US83,5038,5037,0
6,CS35->US91,50743,50743,0
6,CS35->US99,0,0,0
6,CS35->US107,0,0,0
6,CS35->US115,56143,56143,0
6,CS35->US123,52879,52879,0
6,CS36->US4,51571,51571,0
6,CS36->US12,5955,5954,0
6,CS36->US20,50514,50514,0
6,CS36->US28,0,0,0
6,CS36->US36,0,0,0
6,CS36->US44,52102,52102,0
6,CS36->US52,51588,51588,0
6,CS36->US60,0,0,0
6,CS36->US68,0,0,0
6,CS36->US76,50956,50956,0
6,CS36->US84,4930,4929,0
6,CS36->US92,50790,50790,0
6,CS36->US100,0,0,0
6,CS36->US108,0,0,0
6,CS36->US116,56005,56005,0
6,CS36->US124,53024,53024,0
6,CS37->US5,51701,51701,0
6,CS37->US13,6200,6198,0
6,CS37->US21,50345,50345,0
6,CS37->US29,0,0,0
6,CS37->US37,0,0,0
6,CS37->US45,52053,52053,0
6,CS37->US53,51044,51044,0
6,CS37->US61,0,0,0
6,CS37->US69,0,0,0
6,CS37->US77,50916,50916,0
6,CS37->US85,4801,4801,0
6,CS37->US93,50537,50537,0
6,CS37->US101,0,0,0
6,CS37->US109,0,0,0
6,CS37->US117,56216,56216,0
6,CS37->US125,53026,53026,0
6,CS38->US6,51589,51589,0
6,CS38->US14,6083,6083,0
6,CS38->US22,50264,50264,0
6,CS38->US30,0,0,0
6,CS38->US38,0,0,0
6,CS38->US46,51463,51463,0
6,CS38->US54,51556,51556,0
6,CS38->US62,0,0,0
6,CS38->US70,0,0,0
6,CS38->US78,51187,51187,0
6,CS38->US86,4925,4925,0
6,CS38->US94,50945,50945,0
6,CS38->US102,0,0,0
6,CS38->US110,0,0,0
6,CS38->US118,56448,56448,0
6,CS38->US126,53348,53348,0
6,CS39->US7,51539,51539,0
6,CS39->US15,6135,6135,0
6,CS39->US23,50288,50288,0
6,CS39->US31,0,0,0
6,CS39->US39,0,0,0
6,CS39->US47,51511,51511,0
6,CS39->US55,51610,51610,0
6,CS39->US63,0,0,0
6,CS39->US71,0,0,0
6,CS39->US79,51064,51064,0
6,CS39->US87,4885,4885,0
6,CS39->US95,50980,50980,0
6,CS39->US103,0,0,0
6,CS39->US111,0,0,0
6,CS39->US119,56383,56383,0
6,CS39->US127,53196,53196,0
6,CS40->US0,51424,51424,0
6,CS40->US8,6000,5999,0
6,CS40->US16,50325,50325,0
6,CS40->US24,0,0,0
6,CS40->US32,0,0,0
6,CS40->US40,51555,51555,0
6,CS40->US48,50950,50950,0
6,CS40->US56,0,0,0
6,CS40->US64,0,0,0
6,CS40->US72,51032,51032,0
6,CS40->US80,4823,4823,0
6,CS40->US88,50771,50771,0
6,CS40->US96,0,0,0
6,CS40->US104,0,0,0
6,CS40->US112,56066,56066,0
6,CS40->US120,52954,52954,0
6,CS41->US1,51617,51617,0
6,CS41->US9,6138,6138,0
6,CS41->US17,50463,50463,0
6,CS41->US25,0,0,0
6,CS41->US33,0,0,0
6,CS41->US41,51687,51687,0
6,CS41->US49,51809,51809,0
6,CS41->US57,0,0,0
6,CS41->US65,0,0,0
6,CS41->US73,50904,50904,0
6,CS41->US81,4973,4973,0
6,CS41->US89,50988,50988,0
6,CS41->US97,0,0,0
6,CS41->US105,0,0,0
6,CS41->US113,55952,55952,0
6,CS41->US121,53114,53114,0
6,CS42->US2,51401,51401,0
6,CS42->US10,5988,5988,0
6,CS42->US18,50171,50171,0
6,CS42->US26,0,0,0
6,CS42->US34,0,0,0
6,CS42->US42,51444,51444,0
6,CS42->US50,51786,51786,0
6,CS42->US58,0,0,0
6,CS42->US66,0,0,0
6,CS42->US74,51221,51221,0
6,CS42->US82,4873,4871,0
6,CS42->US90,50761,50761,0
6,CS42->US98,0,0,0
6,CS42->US106,0,0,0
6,CS42->US114,56100,56100,0
6,CS42->US122,53197,53197,0
6,CS43->US3,51210,51210,0
6,CS43->US11,5914,5913,0
6,CS43->US19,50077,50077,0
6,CS43->US27,0,0,0
6,CS43->US35,0,0,0
6,CS43->US43,51302,51302,0
6,CS43->US51,51345,51345,0
6,CS43->US59,0,0,0
6,CS43->US67,0,0,0
6,CS43->US75,50796,50796,0
6,CS43->US83,4967,4966,0
6,CS43->US91,50456,50456,0
6,CS43->US99,0,0,0
6,CS43->US107,0,0,0
6,CS43->US115,56076,56076,0
6,CS43->US123,53259,53259,0
6,CS44->US4,51164,51164,0
6,CS44->US12,6051,6050,0
6,CS44->US20,49979,49979,0
6,CS44->US28,0,0,0
6,CS44->US36,0,0,0
6,CS44->US44,51741,51741,0
6,CS44->US52,51650,51650,0
6,CS44->US60,0,0,0
6,CS44->US68,0,0,0
6,CS44->US76,50649,50649,0
6,CS44->US84,4952,4949,0
6,CS44->US92,50892,50892,0
6,CS44->US100,0,0,0
6,CS44->US108,0,0,0
6,CS44->US116,56277,56277,0
6,CS44->US124,52699,52699,0
6,CS45->US5,51215,51215,0
6,CS45->US13,5983,5982,0
6,CS45->US21,50292,50292,0
6,CS45->US29,0,0,0
6,CS45->US37,0,0,0
6,CS45->US45,51832,51832,0
6,CS45->US53,51616,51616,0
6,CS45->US61,0,0,0
6,CS45->US69,0,0,0
6,CS45->US77,50526,50526,0
6,CS45->US85,4985,4985,0
6,CS45->US93,50760,50760,0
6,CS45->US101,0,0,0
6,CS45->US109,0,0,0
6,CS45->US117,55773,55773,0
6,CS45->US125,53046,53046,0
6,CS46->US6,51068,51068,0
6,CS46->US14,6120,6120,0
6,CS46->US22,50244,50244,0
6,CS46->US30,0,0,0
6,CS46->US38,0,0,0
6,CS46->US46,51709,51709,0
6,CS46->US54,51808,51808,0
6,CS46->US62,0,0,0
6,CS46->US70,0,0,0
6,CS46->US78,50824,50824,0
6,CS46->US86,4898,4898,0
6,CS46->US94,50397,50397,0
6,CS46->US102,0,0,0
6,CS46->US110,0,0,0
6,CS46->US118,55624,55624,0
6,CS46->US126,53270,53270,0
6,CS47->US7,51450,51450,0
6,CS47->US15,5997,5997,0
6,CS47->US23,49907,49907,0
6,CS47->US31,0,0,0
6,CS47->US39,0,0,0
6,CS47->US47,51372,51372,0
6,CS47->US55,51329,51329,0
6,CS47->US63,0,0,0
6,CS47->US71,0,0,0
6,CS47->US79,50535,50535,0
6,CS47->US87,4957,4957,0
6,CS47->US95,50616,50616,0
6,CS47->US103,0,0,0
6,CS47->US111,0,0,0
6,CS47->US119,56218,56218,0
6,CS47->US127,52837,52837,0
6,CS48->US0,51879,51879,0
6,CS48->US8,5997,5997,0
6,CS48->US16,50016,50016,0
6,CS48->US24,0,0,0
6,CS48->US32,0,0,0
6,CS48->US40,51347,51347,0
6,CS48->US48,51938,51938,0
6,CS48->US56,0,0,0
6,CS48->US64,0,0,0
6,CS48->US72,50483,50483,0
6,CS48->US80,4793,4793,0
6,CS48->US88,50714,50714,0
6,CS48->US96,0,0,0
6,CS48->US104,0,0,0
6,CS48->US112,56158,56158,0
6,CS48->US120,52984,52984,0
6,CS49->US1,51573,51573,0
6,CS49->US9,6103,6103,0
6,CS49->US17,50476,50476,0
6,CS49->US25,0,0,0
6,CS49->US33,0,0,0
6,CS49->US41,52084,52084,0
6,CS49->US49,51823,51823,0
6,CS49->US57,0,0,0
6,CS49->US65,0,0,0
6,CS49->US73,51001,51001,0
6,CS49->US81,5013,5013,0
6,CS49->US89,50985,50985,0
6,CS49->US97,0,0,0
6,CS49->US105,0,0,0
6,CS49->US113,55994,55994,0
6,CS49->US121,52561,52561,0
6,CS50->US2,51449,51449,0
6,CS50->US10,6111,6111,0
6,CS50->US18,50154,50154,0
6,CS50->US26,0,0,0
6,CS50->US34,0,0,0
6,CS50->US42,51211,51211,0
6,CS50->US50,51516,51516,0
6,CS50->US58,0,0,0
6,CS50->US66,0,0,0
6,CS50->US74,50846,50846,0
6,CS50->US82,4865,4865,0
6,CS50->US90,51165,51165,0
6,CS50->US98,0,0,0
6,CS50->US106,0,0,0
6,CS50->US114,56196,56196,0
6,CS50->US122,53235,53235,0
6,CS51->US3,51457,51457,0
6,CS51->US11,5907,5907,0
6,CS51->US19,50472,50472,0
6,CS51->US27,0,0,0
6,CS51->US35,0,0,0
6,CS51->US43,51479,51479,0
6,CS51->US51,51581,51581,0
6,CS51->US59,0,0,0
6,CS51->US67,0,0,0
6,CS51->US75,51017,51017,0
6,CS51->US83,5058,5058,0
6,CS51->US91,50543,50543,0
6,CS51->US99,0,0,0
6,CS51->US107,0,0,0
6,CS51->US115,56358,56358,0
6,CS51->US123,53383,53383,0
6,CS52->US4,51305,51305,0
6,CS52->US12,5951,5950,0
6,CS52->US20,50312,50312,0
6,CS52->US28,0,0,0
6,CS52->US36,0,0,0
6,CS52->US44,51602,51602,0
6,CS52->US52,50890,50890,0
6,CS52->US60,0,0,0
6,CS52->US68,0,0,0
6,CS52->US76,50486,50486,0
6,CS52->US84,5003,5003,0
6,CS52->US92,51304,51304,0
6,CS52->US100,0,0,0
6,CS52->US108,0,0,0
6,CS52->US116,56338,56338,0
6,CS52->US124,53113,53113,0
6,CS53->US5,51515,51515,0
6,CS53->US13,5982,5981,0
6,CS53->US21,50495,50495,0
6,CS53->US29,0,0,0
6,CS53->US37,0,0,0
6,CS53->US45,51419,51419,0
6,CS53->US53,51397,51397,0
6,CS53->US61,0,0,0
6,CS53->US69,0,0,0
6,CS53->US77,51026,51026,0
6,CS53->US85,4810,4809,0
6,CS53->US93,50904,50904,0
6,CS53->US101,0,0,0
6,CS53->US109,0,0,0
6,CS53->US117,56489,56489,0
6,CS53->US125,53273,53273,0
6,CS54->US6,51648,51648,0
6,CS54->US14,5973,5973,0
6,CS54->US22,50296,50296,0
6,CS54->US30,0,0,0
6,CS54->US38,0,0,0
6,CS54->US46,51469,51469,0
6,CS54->US54,51808,51808,0
6,CS54->US62,0,0,0
6,CS54->US70,0,0,0
6,CS54->US78,51079,51079,0
6,CS54->US86,4950,4950,0
6,CS54->US94,50716,50716,0
6,CS54->US102,0,0,0
6,CS54->US110,0,0,0
6,CS54->US118,56213,56213,0
6,CS54->US126,53334,53334,0
6,CS55->US7,51686,51686,0
6,CS55->US15,6160,6160,0
6,CS55->US23,50303,50303,0
6,CS55->US31,0,0,0
6,CS55->US39,0,0,0
6,CS55->US47,51510,51510,0
6,CS55->US55,51829,51829,0
6,CS55->US63,0,0,0
6,CS55->US71,0,0,0
6,CS55->US79,50719,50719,0
6,CS55->US87,4991,4991,0
6,CS55->US95,51048,51048,0
6,CS55->US103,0,0,0
6,CS55->US111,0,0,0
6,CS55->US119,56217,56217,0
6,CS55->US127,53154,53154,0
6,CS56->US0,51553,51553,0
6,CS56->US8,6056,6056,0
6,CS56->US16,50698,50698,0
6,CS56->US24,0,0,0
6,CS56->US32,0,0,0
6,CS56->US40,51731,51731,0
6,CS56->US48,51047,51047,0
6,CS56->US56,0,0,0
6,CS56->US64,0,0,0
6,CS56->US72,51033,51033,0
6,CS56->US80,4968,4968,0
6,CS56->US88,50624,50624,0
6,CS56->US96,0,0,0
6,CS56->US104,0,0,0
6,CS56->US112,56199,56199,0
6,CS56->US120,53059,53059,0
6,CS57->US1,51379,51379,0
6,CS57->US9,6143,6143,0
6,CS57->US17,50149,50149,0
6,CS57->US25,0,0,0
6,CS57->US33,0,0,0
6,CS57->US41,51685,51685,0
6,CS57->US49,51744,51744,0
6,CS57->US57,0,0,0
6,CS57->US65,0,0,0
6,CS57->US73,50763,50763,0
6,CS57->US81,4919,4917,0
6,CS57->US89,50809,50809,0
6,CS57->US97,0,0,0
6,CS57->US105,0,0,0
6,CS57->US113,55872,55872,0
6,CS57->US121,53063,53063,0
6,CS58->US2,51826,51826,0
6,CS58->US10,6008,6007,0
6,CS58->US18,50185,50185,0
6,CS58->US26,0,0,0
6,CS58->US34,0,0,0
6,CS58->US42,51642,51642,0
6,CS58->US50,51822,51822,0
6,CS58->US58,0,0,0
6,CS58->US66,0,0,0
6,CS58->US74,50859,50859,0
6,CS58->US82,5038,5038,0
6,CS58->US90,51069,51069,0
6,CS58->US98,0,0,0
6,CS58->US106,0,0,0
6,CS58->US114,55904,55904,0
6,CS58->US122,53094,53094,0
6,CS59->US3,51501,51501,0
6,CS59->US11,6012,6010,0
6,CS59->US19,50096,50096,0
6,CS59->US27,0,0,0
6,CS59->US35,0,0,0
6,CS59->US43,51905,51905,0
6,CS59->US51,51220,51220,0
6,CS59->US59,0,0,0
6,CS59->US67,0,0,0
6,CS59->US75,50568,50568,0
6,CS59->US83,5011,5011,0
6,CS59->US91,50659,50659,0
6,CS59->US99,0,0,0
6,CS59->US107,0,0,0
6,CS59->US115,56331,56331,0
6,CS59->US123,53225,53225,0
6,CS60->US4,51199,51199,0
6,CS60->US12,6050,6049,0
6,CS60->US20,49927,49927,0
6,CS60->US28,0,0,0
6,CS60->US36,0,0,0
6,CS60->US44,51397,51397,0
6,CS60->US52,51069,51069,0
6,CS60->US60,0,0,0
6,CS60->US68,0,0,0
6,CS60->US76,50563,50563,0
6,CS60->US84,4868,4867,0
6,CS60->US92,50678,50678,0
6,CS60->US100,0,0,0
6,CS60->US108,0,0,0
6,CS60->US116,55930,55930,0
6,CS60->US124,52954,52954,0
6,CS61->US5,51854,51854,0
6,CS61->US13,6216,6215,0
6,CS61->US21,50583,50583,0
6,CS61->US29,0,0,0
6,CS61->US37,0,0,0
6,CS61->US45,51867,51867,0
6,CS61->US53,51270,51270,0
6,CS61->US61,0,0,0
6,CS61->US69,0,0,0
6,CS61->US77,51163,51163,0
6,CS61->US85,4917,4916,0
6,CS61->US93,51076,51076,0
6,CS61->US101,0,0,0
6,CS61->US109,0,0,0
6,CS61->US117,56389,56389,0
6,CS61->US125,53463,53463,0
6,CS62->US6,51407,51407,0
6,CS62->US14,5904,5904,0
6,CS62->US22,50455,50455,0
6,CS62->US30,0,0,0
6,CS62->US38,0,0,0
6,CS62->US46,52117,52117,0
6,CS62->US54,51807,51807,0
6,CS62->US62,0,0,0
6,CS62->US70,0,0,0
6,CS62->US78,50932,50932,0
6,CS62->US86,4957,4957,0
6,CS62->US94,50378,50378,0
6,CS62->US102,0,0,0
6,CS62->US110,0,0,0
6,CS62->US118,55959,55959,0
6,CS62->US126,53161,53161,0
6,CS63->US7,50942,50942,0
6,CS63->US15,6057,6057,0
6,CS63->US23,50535,50535,0
6,CS63->US31,0,0,0
6,CS63->US39,0,0,0
6,CS63->US47,51659,51659,0
6,CS63->US55,51380,51380,0
6,CS63->US63,0,0,0
6,CS63->US71,0,0,0
6,CS63->US79,50853,50853,0
6,CS63->US87,4913,4912,0
6,CS63->US95,50784,50784,0
6,CS63->US103,0,0,0
6,CS63->US111,0,0,0
6,CS63->US119,56364,56364,0
6,CS63->US127,53463,53463,0
7,US0->CS0,51659,51659,0
7,US0->CS8,52195,52195,0
7,US0->CS16,51692,51692,0
7,US0->CS24,51648,51648,0
7,US0->CS32,51590,51590,0
7,US0->CS40,51249,51249,0
7,US0->CS48,52232,52232,0
7,US0->CS56,51306,51306,0
7,US1->CS1,51796,51796,0
7,US1->CS9,52001,52001,0
7,US1->CS17,51932,51932,0
7,US1->CS25,51894,51894,0
7,US1->CS33,51886,51886,0
7,US1->CS41,52088,52088,0
7,US1->CS49,52088,52088,0
7,US1->CS57,51971,51971,0
7,US2->CS2,51757,51757,0
7,US2->CS10,51566,51566,0
7,US2->CS18,51634,51634,0
7,US2->CS26,51500,51500,0
7,US2->CS34,51807,51807,0
7,US2->CS42,52053,52053,0
7,US2->CS50,51833,51833,0
7,US2->CS58,52113,52113,0
7,US3->CS3,51375,51375,0
7,US3->CS11,51293,51293,0
7,US3->CS19,51683,51683,0
7,US3->CS27,51523,51523,0
7,US3->CS35,51785,51785,0
7,US3->CS43,51628,51628,0
7,US3->CS51,51861,51861,0
7,US3->CS59,51496,51496,0
7,US4->CS4,51604,51604,0
7,US4->CS12,51667,51667,0
7,US4->CS20,51276,51276,0
7,US4->CS28,52018,52018,0
7,US4->CS36,51918,51918,0
7,US4->CS44,51936,51936,0
7,US4->CS52,51194,51194,0
7,US4->CS60,51339,51339,0
7,US5->CS5,51433,51433,0
7,US5->CS13,52005,52005,0
7,US5->CS21,51918,51918,0
7,US5->CS29,51804,51804,0
7,US5->CS37,51326,51326,0
7,US5->CS45,51900,51900,0
7,US5->CS53,51640,51640,0
7,US5->CS61,51572,51572,0
7,US6->CS6,51772,51772,0
7,US6->CS14,51392,51392,0
7,US6->CS22,51710,51710,0
7,US6->CS30,51895,51895,0
7,US6->CS38,51848,51848,0
7,US6->CS46,52083,52083,0
7,US6->CS54,52042,52042,0
7,US6->CS62,52069,52069,0
7,US7->CS7,51949,51949,0
7,US7->CS15,51977,51977,0
7,US7->CS23,52042,52042,0
7,US7->CS31,51961,51961,0
7,US7->CS39,51898,51898,0
7,US7->CS47,51638,51638,0
7,US7->CS55,52113,52113,0
7,US7->CS63,51653,51653,0
7,US8->CS0,55133,55132,0
7,US8->CS8,55564,55564,0
7,US8->CS16,55063,55063,0
7,US8->CS24,55291,55291,0
7,US8->CS32,55351,55351,0
7,US8->CS40,54549,54549,0
7,US8->CS48,54821,54821,0
7,US8->CS56,55601,55601,0
7,US9->CS1,55406,55406,0
7,US9->CS9,55269,55269,0
7,US9->CS17,54965,54965,0
7,US9->CS25,55400,55400,0
7,US9->CS33,55262,55262,0
7,US9->CS41,55322,55322,0
7,US9->CS49,55321,55321,0
7,US9->CS57,54990,54989,0
7,US10->CS2,55115,55115,0
7,US10->CS10,55432,55432,0
7,US10->CS18,54850,54849,0
7,US10->CS26,55088,55088,0
7,US10->CS34,54528,54528,0
7,US10->CS42,55178,55178,0
7,US10->CS50,55199,55199,0
7,US10->CS58,54999,54996,0
7,US11->CS3,54920,54920,0
7,US11->CS11,55107,55107,0
7,US11->CS19,55154,55153,0
7,US11->CS27,55359,55359,0
7,US11->CS35,55195,55195,0
7,US11->CS43,55102,55102,0
7,US11->CS51,55489,55489,0
7,US11->CS59,55271,55271,0
7,US12->CS4,55279,55279,0
7,US12->CS12,55075,55075,0
7,US12->CS20,55435,55435,0
7,US12->CS28,55241,55241,0
7,US12->CS36,55042,55042,0
7,US12->CS44,55682,55681,0
7,US12->CS52,55149,55149,0
7,US12->CS60,54913,54913,0
7,US13->CS5,55349,55349,0
7,US13->CS13,55179,55179,0
7,US13->CS21,55168,55167,0
7,US13->CS29,54424,54424,0
7,US13->CS37,55142,55142,0
7,US13->CS45,55272,55272,0
7,US13->CS53,55086,55085,0
7,US13->CS61,54989,54989,0
7,US14->CS6,55055,55055,0
7,US14->CS14,55094,55094,0
7,US14->CS22,55347,55346,0
7,US14->CS30,55282,55282,0
7,US14->CS38,55075,55073,0
7,US14->CS46,55241,55241,0
7,US14->CS54,55345,55345,0
7,US14->CS62,55306,55306,0
7,US15->CS7,55332,55332,0
7,US15->CS15,54948,54948,0
7,US15->CS23,55265,55265,0
7,US15->CS31,55258,55258,0
7,US15->CS39,55124,55124,0
7,US15->CS47,55540,55540,0
7,US15->CS55,55000,55000,0
7,US15->CS63,54872,54872,0
7,US16->CS0,53338,53338,0
7,US16->CS8,53330,53330,0
7,US16->CS16,53265,53265,0
7,US16->CS24,53493,53493,0
7,US16->CS32,53296,53296,0
7,US16->CS40,53219,53219,0
7,US16->CS48,53194,53194,0
7,US16->CS56,53283,53283,0
7,US17->CS1,53341,53341,0
7,US17->CS9,53581,53581,0
7,US17->CS17,53303,53303,0
7,US17->CS25,53545,53545,0
7,US17->CS33,53433,53433,0
7,US17->CS41,53343,53343,0
7,US17->CS49,52817,52817,0
7,US17->CS57,53372,53372,0
7,US18->CS2,53487,53487,0
7,US18->CS10,53445,53445,0
7,US18->CS18,53282,53282,0
7,US18->CS26,53461,53461,0
7,US18->CS34,53137,53137,0
7,US18->CS42,53441,53441,0
7,US18->CS50,53481,53481,0
7,US18->CS58,53323,53323,0
7,US19->CS3,53297,53297,0
7,US19->CS11,53225,53225,0
7,US19->CS19,52928,52928,0
7,US19->CS27,53335,53335,0
7,US19->CS35,53068,53068,0
7,US19->CS43,53528,53528,0
7,US19->CS51,53576,53576,0
7,US19->CS59,53463,53463,0
7,US20->CS4,53440,53440,0
7,US20->CS12,52881,52881,0
7,US20->CS20,53231,53231,0
7,US20->CS28,53253,53253,0
7,US20->CS36,53251,53251,0
7,US20->CS44,52928,52928,0
7,US20->CS52,53344,53344,0
7,US20->CS60,53164,53164,0
7,US21->CS5,53744,53744,0
7,US21->CS13,53478,53478,0
7,US21->CS21,53422,53422,0
7,US21->CS29,53208,53208,0
7,US21->CS37,53273,53273,0
7,US21->CS45,53298,53298,0
7,US21->CS53,53470,53470,0
7,US21->CS61,53744,53744,0
7,US22->CS6,53027,53027,0
7,US22->CS14,53288,53288,0
7,US22->CS22,53018,53018,0
7,US22->CS30,53689,53689,0
7,US22->CS38,53614,53614,0
7,US22->CS46,53505,53505,0
7,US22->CS54,53544,53544,0
7,US22->CS62,53355,53355,0
7,US23->CS7,53267,53267,0
7,US23->CS15,53302,53302,0
7,US23->CS23,53453,53453,0
7,US23->CS31,53248,53248,0
7,US23->CS39,53482,53482,0
7,US23->CS47,53078,53078,0
7,US23->CS55,53397,53397,0
7,US23->CS63,53670,53670,0
7,US24->CS0,0,0,0
7,US24->CS8,0,0,0
7,US24->CS16,0,0,0
7,US24->CS24,0,0,0
7,US24->CS32,0,0,0
7,US24->CS40,0,0,0
7,US24->CS48,0,0,0
7,US24->CS56,0,0,0
7,US25->CS1,0,0,0
7,US25->CS9,0,0,0
7,US25->CS17,0,0,0
7,US25->CS25,0,0,0
7,US25->CS33,0,0,0
7,US25->CS41,0,0,0
7,US25->CS49,0,0,0
7,US25->CS57,0,0,0
7,US26->CS2,0,0,0
7,US26->CS10,0,0,0
7,US26->CS18,0,0,0
7,US26->CS26,0,0,0
7,US26->CS34,0,0,0
7,US26->CS42,0,0,0
7,US26->CS50,0,0,0
7,US26->CS58,0,0,0
7,US27->CS3,0,0,0
7,US27->CS11,0,0,0
7,US27->CS19,0,0,0
7,US27->CS27,0,0,0
7,US27->CS35,0,0,0
7,US27->CS43,0,0,0
7,US27->CS51,0,0,0
7,US27->CS59,0,0,0
7,US28->CS4,0,0,0
7,US28->CS12,0,0,0
7,US28->CS20,0,0,0
7,US28->CS28,0,0,0
7,US28->CS36,0,0,0
7,US28->CS44,0,0,0
7,US28->CS52,0,0,0
7,US28->CS60,0,0,0
7,US29->CS5,0,0,0
7,US29->CS13,0,0,0
7,US29->CS21,0,0,0
7,US29->CS29,0,0,0
7,US29->CS37,0,0,0
7,US29->CS45,0,0,0
7,US29->CS53,0,0,0
7,US29->CS61,0,0,0
7,US30->CS6,0,0,0
7,US30->CS14,0,0,0
7,US30->CS22,0,0,0
7,US30->CS30,0,0,0
7,US30->CS38,0,0,0
7,US30->CS46,0,0,0
7,US30->CS54,0,0,0
7,US30->CS62,0,0,0
7,US31->CS7,0,0,0
7,US31->CS15,0,0,0
7,US31->CS23,0,0,0
7,US31->CS31,0,0,0
7,US31->CS39,0,0,0
7,US31->CS47,0,0,0
7,US31->CS55,0,0,0
7,US31->CS63,0,0,0
7,US32->CS0,0,0,0
7,US32->CS8,0,0,0
7,US32->CS16,0,0,0
7,US32->CS24,0,0,0
7,US32->CS32,0,0,0
7,US32->CS40,0,0,0
7,US32->CS48,0,0,0
7,US32->CS56,0,0,0
7,US33->CS1,0,0,0
7,US33->CS9,0,0,0
7,US33->CS17,0,0,0
7,US33->CS25,0,0,0
7,US33->CS33,0,0,0
7,US33->CS41,0,0,0
7,US33->CS49,0,0,0
7,US33->CS57,0,0,0
7,US34->CS2,0,0,0
7,US34->CS10,0,0,0
7,US34->CS18,0,0,0
7,US34->CS26,0,0,0
7,US34->CS34,0,0,0
7,US34->CS42,0,0,0
7,US34->CS50,0,0,0
7,US34->CS58,0,0,0
7,US35->CS3,0,0,0
7,US35->CS11,0,0,0
7,US35->CS19,0,0,0
7,US35->CS27,0,0,0
7,US35->CS35,0,0,0
7,US35->CS43,0,0,0
7,US35->CS51,0,0,0
7,US35->CS59,0,0,0
7,US36->CS4,0,0,0
7,US36->CS12,0,0,0
7,US36->CS20,0,0,0
7,US36->CS28,0,0,0
7,US36->CS36,0,0,0
7,US36->CS44,0,0,0
7,US36->CS52,0,0,0
7,US36->CS60,0,0,0
7,US37->CS5,0,0,0
7,US37->CS13,0,0,0
7,US37->CS21,0,0,0
7,US37->CS29,0,0,0
7,US37->CS37,0,0,0
7,US37->CS45,0,0,0
7,US37->CS53,0,0,0
7,US37->CS61,0,0,0
7,US38->CS6,0,0,0
7,US38->CS14,0,0,0
7,US38->CS22,0,0,0
7,US38->CS30,0,0,0
7,US38->CS38,0,0,0
7,US38->CS46,0,0,0
7,US38->CS54,0,0,0
7,US38->CS62,0,0,0
7,US39->CS7,0,0,0
7,US39->CS15,0,0,0
7,US39->CS23,0,0,0
7,US39->CS31,0,0,0
7,US39->CS39,0,0,0
7,US39->CS47,0,0,0
7,US39->CS55,0,0,0
7,US39->CS63,0,0,0
7,US40->CS0,56478,56478,0
7,US40->CS8,55941,55941,0
7,US40->CS16,55820,55820,0
7,US40->CS24,56437,56437,0
7,US40->CS32,56484,56484,0
7,US40->CS40,56041,56041,0
7,US40->CS48,56165,56165,0
7,US40->CS56,56228,56228,0
7,US41->CS1,55697,55697,0
7,US41->CS9,55991,55991,0
7,US41->CS17,55868,55868,0
7,US41->CS25,56388,56388,0
7,US41->CS33,56005,56005,0
7,US41->CS41,55897,55897,0
7,US41->CS49,56020,56020,0
7,US41->CS57,55911,55911,0
7,US42->CS2,56572,56572,0
7,US42->CS10,56125,56125,0
7,US42->CS18,55903,55903,0
7,US42->CS26,56252,56252,0
7,US42->CS34,56164,56164,0
7,US42->CS42,56081,56081,0
7,US42->CS50,56169,56169,0
7,US42->CS58,55858,55858,0
7,US43->CS3,56221,56221,0
7,US43->CS11,56036,56036,0
7,US43->CS19,56342,56342,0
7,US43->CS27,56164,56164,0
7,US43->CS35,56081,56081,0
7,US43->CS43,56070,56070,0
7,US43->CS51,56330,56330,0
7,US43->CS59,56368,56368,0
7,US44->CS4,56019,56019,0
7,US44->CS12,56220,56220,0
7,US44->CS20,56408,56408,0
7,US44->CS28,55847,55847,0
7,US44->CS36,55928,55928,0
7,US44->CS44,56308,56308,0
7,US44->CS52,56322,56322,0
7,US44->CS60,55921,55921,0
7,US45->CS5,56058,56058,0
7,US45->CS13,56161,56161,0
7,US45->CS21,56053,56053,0
7,US45->CS29,56150,56150,0
7,US45->CS37,56198,56198,0
7,US45->CS45,55782,55782,0
7,US45->CS53,56548,56548,0
7,US45->CS61,56427,56427,0
7,US46->CS6,56236,56236,0
7,US46->CS14,56247,56247,0
7,US46->CS22,56313,56313,0
7,US46->CS30,56143,56143,0
7,US46->CS38,56435,56435,0
7,US46->CS46,55596,55596,0
7,US46->CS54,56279,56279,0
7,US46->CS62,55965,55965,0
7,US47->CS7,55817,55817,0
7,US47->CS15,56407,56407,0
7,US47->CS23,56180,56180,0
7,US47->CS31,56350,56350,0
7,US47->CS39,56361,56361,0
7,US47->CS47,56218,56218,0
7,US47->CS55,56195,56195,0
7,US47->CS63,56377,56377,0
7,US48->CS0,52237,52237,0
7,US48->CS8,52111,52111,0
7,US48->CS16,51674,51674,0
7,US48->CS24,52118,52118,0
7,US48->CS32,51801,51801,0
7,US48->CS40,51686,51686,0
7,US48->CS48,52115,52115,0
7,US48->CS56,51898,51898,0
7,US49->CS1,51451,51451,0
7,US49->CS9,51026,51026,0
7,US49->CS17,51892,51892,0
7,US49->CS25,51836,51836,0
7,US49->CS33,51748,51748,0
7,US49->CS41,51913,51913,0
7,US49->CS49,51866,51866,0
7,US49->CS57,51617,51617,0
7,US50->CS2,51974,51974,0
7,US50->CS10,51887,51887,0
7,US50->CS18,51887,51887,0
7,US50->CS26,51917,51917,0
7,US50->CS34,51462,51462,0
7,US50->CS42,51676,51676,0
7,US50->CS50,51719,51719,0
7,US50->CS58,52127,52127,0
7,US51->CS3,51676,51676,0
7,US51->CS11,51486,51486,0
7,US51->CS19,51378,51378,0
7,US51->CS27,51818,51818,0
7,US51->CS35,51932,51932,0
7,US51->CS43,51502,51502,0
7,US51->CS51,51751,51751,0
7,US51->CS59,51793,51793,0
7,US52->CS4,51758,51758,0
7,US52->CS12,51822,51822,0
7,US52->CS20,51768,51768,0
7,US52->CS28,51508,51508,0
7,US52->CS36,51878,51878,0
7,US52->CS44,51472,51472,0
7,US52->CS52,51590,51590,0
7,US52->CS60,51488,51488,0
7,US53->CS5,52094,52094,0
7,US53->CS13,51701,51701,0
7,US53->CS21,51728,51728,0
7,US53->CS29,51596,51596,0
7,US53->CS37,52007,52007,0
7,US53->CS45,51488,51488,0
7,US53->CS53,51776,51776,0
7,US53->CS61,52120,52120,0
7,US54->CS6,51213,51213,0
7,US54->CS14,51646,51646,0
7,US54->CS22,51646,51646,0
7,US54->CS30,51908,51908,0
7,US54->CS38,51873,51873,0
7,US54->CS46,51346,51346,0
7,US54->CS54,51912,51912,0
7,US54->CS62,51667,51667,0
7,US55->CS7,51881,51881,0
7,US55->CS15,51898,51898,0
7,US55->CS23,52110,52110,0
7,US55->CS31,52222,52222,0
7,US55->CS39,51804,51804,0
7,US55->CS47,51748,51748,0
7,US55->CS55,51969,51969,0
7,US55->CS63,51221,51221,0
7,US56->CS0,0,0,0
7,US56->CS8,0,0,0
7,US56->CS16,0,0,0
7,US56->CS24,0,0,0
7,US56->CS32,0,0,0
7,US56->CS40,0,0,0
7,US56->CS48,0,0,0
7,US56->CS56,0,0,0
7,US57->CS1,0,0,0
7,US57->CS9,0,0,0
7,US57->CS17,0,0,0
7,US57->CS25,0,0,0
7,US57->CS33,0,0,0
7,US57->CS41,0,0,0
7,US57->CS49,0,0,0
7,US57->CS57,0,0,0
7,US58->CS2,0,0,0
7,US58->CS10,0,0,0
7,US58->CS18,0,0,0
7,US58->CS26,0,0,0
7,US58->CS34,0,0,0
7,US58->CS42,0,0,0
7,US58->CS50,0,0,0
7,US58->CS58,0,0,0
7,US59->CS3,0,0,0
7,US59->CS11,0,0,0
7,US59->CS19,0,0,0
7,US59->CS27,0,0,0
7,US59->CS35,0,0,0
7,US59->CS43,0,0,0
7,US59->CS51,0,0,0
7,US59->CS59,0,0,0
7,US60->CS4,0,0,0
7,US60->CS12,0,0,0
7,US60->CS20,0,0,0
7,US60->CS28,0,0,0
7,US60->CS36,0,0,0
7,US60->CS44,0,0,0
7,US60->CS52,0,0,0
7,US60->CS60,0,0,0
7,US61->CS5,0,0,0
7,US61->CS13,0,0,0
7,US61->CS21,0,0,0
7,US61->CS29,0,0,0
7,US61->CS37,0,0,0
7,US61->CS45,0,0,0
7,US61->CS53,0,0,0
7,US61->CS61,0,0,0
7,US62->CS6,0,0,0
7,US62->CS14,0,0,0
7,US62->CS22,0,0,0
7,US62->CS30,0,0,0
7,US62->CS38,0,0,0
7,US62->CS46,0,0,0
7,US62->CS54,0,0,0
7,US62->CS62,0,0,0
7,US63->CS7,0,0,0
7,US63->CS15,0,0,0
7,US63->CS23,0,0,0
7,US63->CS31,0,0,0
7,US63->CS39,0,0,0
7,US63->CS47,0,0,0
7,US63->CS55,0,0,0
7,US63->CS63,0,0,0
7,US64->CS0,0,0,0
7,US64->CS8,0,0,0
7,US64->CS16,0,0,0
7,US64->CS24,0,0,0
7,US64->CS32,0,0,0
7,US64->CS40,0,0,0
7,US64->CS48,0,0,0
7,US64->CS56,0,0,0
7,US65->CS1,0,0,0
7,US65->CS9,0,0,0
7,US65->CS17,0,0,0
7,US65->CS25,0,0,0
7,US65->CS33,0,0,0
7,US65->CS41,0,0,0
7,US65->CS49,0,0,0
7,US65->CS57,0,0,0
7,US66->CS2,0,0,0
7,US66->CS10,0,0,0
7,US66->CS18,0,0,0
7,US66->CS26,0,0,0
7,US66->CS34,0,0,0
7,US66->CS42,0,0,0
7,US66->CS50,0,0,0
7,US66->CS58,0,0,0
7,US67->CS3,0,0,0
7,US67->CS11,0,0,0
7,US67->CS19,0,0,0
7,US67->CS27,0,0,0
7,US67->CS35,0,0,0
7,US67->CS43,0,0,0
7,US67->CS51,0,0,0
7,US67->CS59,0,0,0
7,US68->CS4,0,0,0
7,US68->CS12,0,0,0
7,US68->CS20,0,0,0
7,US68->CS28,0,0,0
7,US68->CS36,0,0,0
7,US68->CS44,0,0,0
7,US68->CS52,0,0,0
7,US68->CS60,0,0,0
7,US69->CS5,0,0,0
7,US69->CS13,0,0,0
7,US69->CS21,0,0,0
7,US69->CS29,0,0,0
7,US69->CS37,0,0,0
7,US69->CS45,0,0,0
7,US69->CS53,0,0,0
7,US69->CS61,0,0,0
7,US70->CS6,0,0,0
7,US70->CS14,0,0,0
7,US70->CS22,0,0,0
7,US70->CS30,0,0,0
7,US70->CS38,0,0,0
7,US70->CS46,0,0,0
7,US70->CS54,0,0,0
7,US70->CS62,0,0,0
7,US71->CS7,0,0,0
7,US71->CS15,0,0,0
7,US71->CS23,0,0,0
7,US71->CS31,0,0,0
7,US71->CS39,0,0,0
7,US71->CS47,0,0,0
7,US71->CS55,0,0,0
7,US71->CS63,0,0,0
7,US72->CS0,50684,50684,0
7,US72->CS8,50859,50859,0
7,US72->CS16,51017,51017,0
7,US72->CS24,50839,50839,0
7,US72->CS32,50888,50888,0
7,US72->CS40,50757,50757,0
7,US72->CS48,50758,50758,0
7,US72->CS56,50697,50697,0
7,US73->CS1,50981,50981,0
7,US73->CS9,50950,50950,0
7,US73->CS17,50527,50527,0
7,US73->CS25,50953,50953,0
7,US73->CS33,51171,51171,0
7,US73->CS41,51066,51066,0
7,US73->CS49,51034,51034,0
7,US73->CS57,50815,50815,0
7,US74->CS2,50732,50732,0
7,US74->CS10,50828,50828,0
7,US74->CS18,50854,50854,0
7,US74->CS26,51220,51220,0
7,US74->CS34,50662,50662,0
7,US74->CS42,50831,50831,0
7,US74->CS50,51128,51128,0
7,US74->CS58,51113,51113,0
7,US75->CS3,50754,50754,0
7,US75->CS11,50662,50662,0
7,US75->CS19,51151,51151,0
7,US75->CS27,50840,50840,0
7,US75->CS35,50780,50780,0
7,US75->CS43,50500,50500,0
7,US75->CS51,50615,50615,0
7,US75->CS59,50662,50662,0
7,US76->CS4,50613,50613,0
7,US76->CS12,50760,50760,0
7,US76->CS20,50520,50520,0
7,US76->CS28,50687,50687,0
7,US76->CS36,50822,50822,0
7,US76->CS44,50859,50859,0
7,US76->CS52,51343,51343,0
7,US76->CS60,50731,50731,0
7,US77->CS5,50877,50877,0
7,US77->CS13,51106,51106,0
7,US77->CS21,50564,50564,0
7,US77->CS29,50728,50728,0
7,US77->CS37,50630,50630,0
7,US77->CS45,50822,50822,0
7,US77->CS53,50990,50990,0
7,US77->CS61,51058,51058,0
7,US78->CS6,51071,51071,0
7,US78->CS14,50919,50919,0
7,US78->CS22,50533,50533,0
7,US78->CS30,50874,50874,0
7,US78->CS38,50967,50967,0
7,US78->CS46,50465,50465,0
7,US78->CS54,50749,50749,0
7,US78->CS62,50386,50386,0
7,US79->CS7,50574,50574,0
7,US79->CS15,50658,50658,0
7,US79->CS23,50600,50600,0
7,US79->CS31,50857,50857,0
7,US79->CS39,51000,51000,0
7,US79->CS47,50666,50666,0
7,US79->CS55,51044,51044,0
7,US79->CS63,50841,50841,0
7,US80->CS0,49680,49680,0
7,US80->CS8,49968,49968,0
7,US80->CS16,50206,50206,0
7,US80->CS24,50098,50098,0
7,US80->CS32,49560,49560,0
7,US80->CS40,49849,49849,0
7,US80->CS48,49670,49670,0
7,US80->CS56,49910,49910,0
7,US81->CS1,49853,49853,0
7,US81->CS9,49630,49630,0
7,US81->CS17,49969,49969,0
7,US81->CS25,49954,49954,0
7,US81->CS33,50049,50049,0
7,US81->CS41,49689,49689,0
7,US81->CS49,49576,49576,0
7,US81->CS57,50225,50225,0
7,US82->CS2,49675,49675,0
7,US82->CS10,49811,49811,0
7,US82->CS18,50181,50181,0
7,US82->CS26,49916,49916,0
7,US82->CS34,49895,49895,0
7,US82->CS42,49927,49927,0
7,US82->CS50,49928,49928,0
7,US82->CS58,49969,49969,0
7,US83->CS3,49376,49376,0
7,US83->CS11,49794,49794,0
7,US83->CS19,49690,49690,0
7,US83->CS27,49698,49698,0
7,US83->CS35,49955,49955,0
7,US83->CS43,50030,50030,0
7,US83->CS51,49699,49699,0
7,US83->CS59,49996,49996,0
7,US84->CS4,50173,50173,0
7,US84->CS12,49647,49646,0
7,US84->CS20,49564,49564,0
7,US84->CS28,49892,49892,0
7,US84->CS36,49918,49918,0
7,US84->CS44,49593,49593,0
7,US84->CS52,49718,49718,0
7,US84->CS60,49597,49597,0
7,US85->CS5,50067,50067,0
7,US85->CS13,50034,50034,0
7,US85->CS21,49409,49409,0
7,US85->CS29,49799,49799,0
7,US85->CS37,50272,50272,0
7,US85->CS45,49726,49726,0
7,US85->CS53,49916,49916,0
7,US85->CS61,49760,49760,0
7,US86->CS6,49860,49860,0
7,US86->CS14,49927,49927,0
7,US86->CS22,49672,49672,0
7,US86->CS30,49702,49702,0
7,US86->CS38,49974,49974,0
7,US86->CS46,50136,50136,0
7,US86->CS54,49871,49871,0
7,US86->CS62,49742,49742,0
7,US87->CS7,49859,49859,0
7,US87->CS15,50218,50218,0
7,US87->CS23,49798,49798,0
7,US87->CS31,50024,50024,0
7,US87->CS39,50170,50169,0
7,US87->CS47,49856,49856,0
7,US87->CS55,50518,50518,0
7,US87->CS63,49474,49474,0
7,US88->CS0,50762,50762,0
7,US88->CS8,51222,51222,0
7,US88->CS16,51143,51143,0
7,US88->CS24,50712,50712,0
7,US88->CS32,50789,50789,0
7,US88->CS40,51175,51175,0
7,US88->CS48,50590,50590,0
7,US88->CS56,51118,51118,0
7,US89->CS1,51050,51050,0
7,US89->CS9,50810,50810,0
7,US89->CS17,51064,51064,0
7,US89->CS25,50902,50902,0
7,US89->CS33,50960,50960,0
7,US89->CS41,50987,50987,0
7,US89->CS49,51100,51100,0
7,US89->CS57,50855,50855,0
7,US90->CS2,51084,51084,0
7,US90->CS10,50810,50810,0
7,US90->CS18,50882,50882,0
7,US90->CS26,50856,50856,0
7,US90->CS34,50879,50879,0
7,US90->CS42,51371,51371,0
7,US90->CS50,50980,50980,0
7,US90->CS58,51002,51002,0
7,US91->CS3,50659,50659,0
7,US91->CS11,51092,51092,0
7,US91->CS19,51422,51422,0
7,US91->CS27,50877,50877,0
7,US91->CS35,51141,51141,0
7,US91->CS43,50918,50918,0
7,US91->CS51,51160,51160,0
7,US91->CS59,50668,50668,0
7,US92->CS4,50840,50840,0
7,US92->CS12,51216,51216,0
7,US92->CS20,50803,50803,0
7,US92->CS28,50875,50875,0
7,US92->CS36,51129,51129,0
7,US92->CS44,50731,50731,0
7,US92->CS52,50607,50607,0
7,US92->CS60,50666,50666,0
7,US93->CS5,50945,50945,0
7,US93->CS13,50740,50740,0
7,US93->CS21,51094,51094,0
7,US93->CS29,51041,51041,0
7,US93->CS37,51026,51026,0
7,US93->CS45,50645,50645,0
7,US93->CS53,51151,51151,0
7,US93->CS61,51241,51241,0
7,US94->CS6,50716,50716,0
7,US94->CS14,51117,51117,0
7,US94->CS22,50795,50795,0
7,US94->CS30,50719,50719,0
7,US94->CS38,51290,51290,0
7,US94->CS46,50982,50982,0
7,US94->CS54,51166,51166,0
7,US94->CS62,51106,51106,0
7,US95->CS7,50872,50872,0
7,US95->CS15,50808,50808,0
7,US95->CS23,50585,50585,0
7,US95->CS31,50554,50554,0
7,US95->CS39,51215,51215,0
7,US95->CS47,50619,50619,0
7,US95->CS55,50831,50831,0
7,US95->CS63,50940,50940,0
7,US96->CS0,0,0,0
7,US96->CS8,0,0,0
7,US96->CS16,0,0,0
7,US96->CS24,0,0,0
7,US96->CS32,0,0,0
7,US96->CS40,0,0,0
7,US96->CS48,0,0,0
7,US96->CS56,0,0,0
7,US97->CS1,0,0,0
7,US97->CS9,0,0,0
7,US97->CS17,0,0,0
7,US97->CS25,0,0,0
7,US97->CS33,0,0,0
7,US97->CS41,0,0,0
7,US97->CS49,0,0,0
7,US97->CS57,0,0,0
7,US98->CS2,0,0,0
7,US98->CS10,0,0,0
7,US98->CS18,0,0,0
7,US98->CS26,0,0,0
7,US98->CS34,0,0,0
7,US98->CS42,0,0,0
7,US98->CS50,0,0,0
7,US98->CS58,0,0,0
7,US99->CS3,0,0,0
7,US99->CS11,0,0,0
7,US99->CS19,0,0,0
7,US99->CS27,0,0,0
7,US99->CS35,0,0,0
7,US99->CS43,0,0,0
7,US99->CS51,0,0,0
7,US99->CS59,0,0,0
7,US100->CS4,0,0,0
7,US100->CS12,0,0,0
7,US100->CS20,0,0,0
7,US100->CS28,0,0,0
7,US100->CS36,0,0,0
7,US100->CS44,0,0,0
7,US100->CS52,0,0,0
7,US100->CS60,0,0,0
7,US101->CS5,0,0,0
7,US101->CS13,0,0,0
7,US101->CS21,0,0,0
7,US101->CS29,0,0,0
7,US101->CS37,0,0,0
7,US101->CS45,0,0,0
7,US101->CS53,0,0,0
7,US101->CS61,0,0,0
7,US102->CS6,0,0,0
7,US102->CS14,0,0,0
7,US102->CS22,0,0,0
7,US102->CS30,0,0,0
7,US102->CS38,0,0,0
7,US102->CS46,0,0,0
7,US102->CS54,0,0,0
7,US102->CS62,0,0,0
7,US103->CS7,0,0,0
7,US103->CS15,0,0,0
7,US103->CS23,0,0,0
7,US103->CS31,0,0,0
7,US103->CS39,0,0,0
7,US103->CS47,0,0,0
7,US103->CS55,0,0,0
7,US103->CS63,0,0,0
7,US104->CS0,0,0,0
7,US104->CS8,0,0,0
7,US104->CS16,0,0,0
7,US104->CS24,0,0,0
7,US104->CS32,0,0,0
7,US104->CS40,0,0,0
7,US104->CS48,0,0,0
7,US104->CS56,0,0,0
7,US105->CS1,0,0,0
7,US105->CS9,0,0,0
7,US105->CS17,0,0,0
7,US105->CS25,0,0,0
7,US105->CS33,0,0,0
7,US105->CS41,0,0,0
7,US105->CS49,0,0,0
7,US105->CS57,0,0,0
7,US106->CS2,0,0,0
7,US106->CS10,0,0,0
7,US106->CS18,0,0,0
7,US106->CS26,0,0,0
7,US106->CS34,0,0,0
7,US106->CS42,0,0,0
7,US106->CS50,0,0,0
7,US106->CS58,0,0,0
7,US107->CS3,0,0,0
7,US107->CS11,0,0,0
7,US107->CS19,0,0,0
7,US107->CS27,0,0,0
7,US107->CS35,0,0,0
7,US107->CS43,0,0,0
7,US107->CS51,0,0,0
7,US107->CS59,0,0,0
7,US108->CS4,0,0,0
7,US108->CS12,0,0,0
7,US108->CS20,0,0,0
7,US108->CS28,0,0,0
7,US108->CS36,0,0,0
7,US108->CS44,0,0,0
7,US108->CS52,0,0,0
7,US108->CS60,0,0,0
7,US109->CS5,0,0,0
7,US109->CS13,0,0,0
7,US109->CS21,0,0,0
7,US109->CS29,0,0,0
7,US109->CS37,0,0,0
7,US109->CS45,0,0,0
7,US109->CS53,0,0,0
7,US109->CS61,0,0,0
7,US110->CS6,0,0,0
7,US110->CS14,0,0,0
7,US110->CS22,0,0,0
7,US110->CS30,0,0,0
7,US110->CS38,0,0,0
7,US110->CS46,0,0,0
7,US110->CS54,0,0,0
7,US110->CS62,0,0,0
7,US111->CS7,0,0,0
7,US111->CS15,0,0,0
7,US111->CS23,0,0,0
7,US111->CS31,0,0,0
7,US111->CS39,0,0,0
7,US111->CS47,0,0,0
7,US111->CS55,0,0,0
7,US111->CS63,0,0,0
7,US112->CS0,51468,51468,0
7,US112->CS8,51737,51737,0
7,US112->CS16,51604,51604,0
7,US112->CS24,51673,51673,0
7,US112->CS32,51408,51408,0
7,US112->CS40,51607,51607,0
7,US112->CS48,51435,51435,0
7,US112->CS56,51676,51676,0
7,US113->CS1,51821,51821,0
7,US113->CS9,51486,51486,0
7,US113->CS17,51803,51803,0
7,US113->CS25,51337,51337,0
7,US113->CS33,51561,51561,0
7,US113->CS41,51669,51669,0
7,US113->CS49,52085,52085,0
7,US113->CS57,51751,51751,0
7,US114->CS2,51890,51890,0
7,US114->CS10,51264,51264,0
7,US114->CS18,51323,51323,0
7,US114->CS26,51488,51488,0
7,US114->CS34,51890,51890,0
7,US114->CS42,51434,51434,0
7,US114->CS50,51276,51276,0
7,US114->CS58,51612,51612,0
7,US115->CS3,51591,51591,0
7,US115->CS11,51615,51615,0
7,US115->CS19,51518,51518,0
7,US115->CS27,51471,51471,0
7,US115->CS35,51650,51650,0
7,US115->CS43,51267,51267,0
7,US115->CS51,51450,51450,0
7,US115->CS59,51910,51910,0
7,US116->CS4,51805,51805,0
7,US116->CS12,51757,51757,0
7,US116->CS20,51769,51769,0
7,US116->CS28,51852,51852,0
7,US116->CS36,52086,52086,0
7,US116->CS44,51782,51782,0
7,US116->CS52,51604,51604,0
7,US116->CS60,51417,51417,0
7,US117->CS5,51452,51452,0
7,US117->CS13,51574,51574,0
7,US117->CS21,51609,51609,0
7,US117->CS29,51680,51680,0
7,US117->CS37,51980,51980,0
7,US117->CS45,51848,51848,0
7,US117->CS53,51451,51451,0
7,US117->CS61,51886,51886,0
7,US118->CS6,52222,52222,0
7,US118->CS14,51989,51989,0
7,US118->CS22,51546,51546,0
7,US118->CS30,51792,51792,0
7,US118->CS38,51465,51465,0
7,US118->CS46,51724,51724,0
7,US118->CS54,51497,51497,0
7,US118->CS62,52196,52196,0
7,US119->CS7,51718,51718,0
7,US119->CS15,51281,51281,0
7,US119->CS23,51654,51654,0
7,US119->CS31,51397,51397,0
7,US119->CS39,51537,51537,0
7,US119->CS47,51365,51365,0
7,US119->CS55,51559,51559,0
7,US119->CS63,51678,51678,0
7,US120->CS0,50157,50157,0
7,US120->CS8,50168,50168,0
7,US120->CS16,50502,50502,0
7,US120->CS24,50111,50111,0
7,US120->CS32,50345,50345,0
7,US120->CS40,50354,50354,0
7,US120->CS48,50098,50098,0
7,US120->CS56,50767,50767,0
7,US121->CS1,50216,50216,0
7,US121->CS9,50288,50288,0
7,US121->CS17,50307,50307,0
7,US121->CS25,50699,50699,0
7,US121->CS33,50352,50352,0
7,US121->CS41,50637,50637,0
7,US121->CS49,50563,50563,0
7,US121->CS57,50265,50265,0
7,US122->CS2,50085,50085,0
7,US122->CS10,50533,50533,0
7,US122->CS18,50029,50029,0
7,US122->CS26,50753,50753,0
7,US122->CS34,50131,50131,0
7,US122->CS42,50225,50225,0
7,US122->CS50,50206,50206,0
7,US122->CS58,50297,50297,0
7,US123->CS3,50212,50212,0
7,US123->CS11,50578,50578,0
7,US123->CS19,50704,50704,0
7,US123->CS27,50119,50119,0
7,US123->CS35,50012,50012,0
7,US123->CS43,50191,50191,0
7,US123->CS51,50569,50569,0
7,US123->CS59,50180,50180,0
7,US124->CS4,50102,50102,0
7,US124->CS12,50551,50551,0
7,US124->CS20,50180,50180,0
7,US124->CS28,50430,50430,0
7,US124->CS36,50591,50591,0
7,US124->CS44,50051,50051,0
7,US124->CS52,50411,50411,0
7,US124->CS60,50016,50016,0
7,US125->CS5,50491,50491,0
7,US125->CS13,50129,50129,0
7,US125->CS21,50199,50199,0
7,US125->CS29,50475,50475,0
7,US125->CS37,50455,50455,0
7,US125->CS45,50350,50350,0
7,US125->CS53,50579,50579,0
7,US125->CS61,50652,50652,0
7,US126->CS6,50564,50564,0
7,US126->CS14,50363,50363,0
7,US126->CS22,50140,50140,0
7,US126->CS30,50337,50337,0
7,US126->CS38,50330,50330,0
7,US126->CS46,50336,50336,0
7,US126->CS54,50398,50398,0
7,US126->CS62,50515,50515,0
7,US127->CS7,50222,50222,0
7,US127->CS15,50659,50659,0
7,US127->CS23,50341,50341,0
7,US127->CS31,50337,50337,0
7,US127->CS39,50362,50362,0
7,US127->CS47,50010,50010,0
7,US127->CS55,50420,50420,0
7,US127->CS63,50617,50617,0
7,CS0->US0,51923,51923,0
7,CS0->US8,49814,49814,0
7,CS0->US16,50316,50316,0
7,CS0->US24,0,0,0
7,CS0->US32,0,0,0
7,CS0->US40,51489,51489,0
7,CS0->US48,51374,51374,0
7,CS0->US56,0,0,0
7,CS0->US64,0,0,0
7,CS0->US72,50821,50821,0
7,CS0->US80,55170,55170,0
7,CS0->US88,50874,50874,0
7,CS0->US96,0,0,0
7,CS0->US104,0,0,0
7,CS0->US112,56507,56507,0
7,CS0->US120,53307,53307,0
7,CS1->US1,51197,51197,0
7,CS1->US9,49943,49943,0
7,CS1->US17,50437,50437,0
7,CS1->US25,0,0,0
7,CS1->US33,0,0,0
7,CS1->US41,51786,51786,0
7,CS1->US49,51499,51499,0
7,CS1->US57,0,0,0
7,CS1->US65,0,0,0
7,CS1->US73,51055,51055,0
7,CS1->US81,55353,55353,0
7,CS1->US89,51101,51101,0
7,CS1->US97,0,0,0
7,CS1->US105,0,0,0
7,CS1->US113,55821,55821,0
7,CS1->US121,53420,53420,0
7,CS2->US2,51675,51675,0
7,CS2->US10,49749,49749,0
7,CS2->US18,50339,50339,0
7,CS2->US26,0,0,0
7,CS2->US34,0,0,0
7,CS2->US42,51923,51923,0
7,CS2->US50,51467,51467,0
7,CS2->US58,0,0,0
7,CS2->US66,0,0,0
7,CS2->US74,51057,51057,0
7,CS2->US82,55083,55083,0
7,CS2->US90,50861,50861,0
7,CS2->US98,0,0,0
7,CS2->US106,0,0,0
7,CS2->US114,56667,56667,0
7,CS2->US122,53550,53550,0
7,CS3->US3,51355,51355,0
7,CS3->US11,49481,49481,0
7,CS3->US19,50370,50370,0
7,CS3->US27,0,0,0
7,CS3->US35,0,0,0
7,CS3->US43,51642,51642,0
7,CS3->US51,51090,51090,0
7,CS3->US59,0,0,0
7,CS3->US67,0,0,0
7,CS3->US75,50692,50692,0
7,CS3->US83,54940,54938,0
7,CS3->US91,50924,50924,0
7,CS3->US99,0,0,0
7,CS3->US107,0,0,0
7,CS3->US115,56295,56295,0
7,CS3->US123,53292,53292,0
7,CS4->US4,51476,51476,0
7,CS4->US12,50289,50289,0
7,CS4->US20,50308,50308,0
7,CS4->US28,0,0,0
7,CS4->US36,0,0,0
7,CS4->US44,51807,51807,0
7,CS4->US52,51316,51316,0
7,CS4->US60,0,0,0
7,CS4->US68,0,0,0
7,CS4->US76,50878,50878,0
7,CS4->US84,55232,55232,0
7,CS4->US92,50733,50733,0
7,CS4->US100,0,0,0
7,CS4->US108,0,0,0
7,CS4->US116,56110,56110,0
7,CS4->US124,53484,53484,0
7,CS5->US5,51790,51790,0
7,CS5->US13,50182,50181,0
7,CS5->US21,50668,50668,0
7,CS5->US29,0,0,0
7,CS5->US37,0,0,0
7,CS5->US45,51541,51541,0
7,CS5->US53,51160,51160,0
7,CS5->US61,0,0,0
7,CS5->US69,0,0,0
7,CS5->US77,50996,50996,0
7,CS5->US85,55369,55369,0
7,CS5->US93,50979,50979,0
7,CS5->US101,0,0,0
7,CS5->US109,0,0,0
7,CS5->US117,56083,56083,0
7,CS5->US125,53742,53742,0
7,CS6->US6,50942,50942,0
7,CS6->US14,49951,49951,0
7,CS6->US22,50745,50745,0
7,CS6->US30,0,0,0
7,CS6->US38,0,0,0
7,CS6->US46,52251,52251,0
7,CS6->US54,51523,51523,0
7,CS6->US62,0,0,0
7,CS6->US70,0,0,0
7,CS6->US78,50728,50728,0
7,CS6->US86,55071,55071,0
7,CS6->US94,51206,51206,0
7,CS6->US102,0,0,0
7,CS6->US110,0,0,0
7,CS6->US118,56276,56276,0
7,CS6->US126,53043,53043,0
7,CS7->US7,51602,51602,0
7,CS7->US15,49993,49993,0
7,CS7->US23,50402,50402,0
7,CS7->US31,0,0,0
7,CS7->US39,0,0,0
7,CS7->US47,51767,51767,0
7,CS7->US55,51707,51707,0
7,CS7->US63,0,0,0
7,CS7->US71,0,0,0
7,CS7->US79,50886,50886,0
7,CS7->US87,55326,55325,0
7,CS7->US95,50698,50698,0
7,CS7->US103,0,0,0
7,CS7->US111,0,0,0
7,CS7->US119,55871,55871,0
7,CS7->US127,53239,53239,0
7,CS8->US0,51864,51864,0
7,CS8->US8,50059,50059,0
7,CS8->US16,50348,50348,0
7,CS8->US24,0,0,0
7,CS8->US32,0,0,0
7,CS8->US40,51700,51700,0
7,CS8->US48,51894,51894,0
7,CS8->US56,0,0,0
7,CS8->US64,0,0,0
7,CS8->US72,51266,51266,0
7,CS8->US80,55565,55565,0
7,CS8->US88,51040,51040,0
7,CS8->US96,0,0,0
7,CS8->US104,0,0,0
7,CS8->US112,56017,56017,0
7,CS8->US120,53342,53342,0
7,CS9->US1,50744,50744,0
7,CS9->US9,49720,49720,0
7,CS9->US17,50537,50537,0
7,CS9->US25,0,0,0
7,CS9->US33,0,0,0
7,CS9->US41,51498,51498,0
7,CS9->US49,51715,51715,0
7,CS9->US57,0,0,0
7,CS9->US65,0,0,0
7,CS9->US73,50837,50837,0
7,CS9->US81,55223,55223,0
7,CS9->US89,51085,51085,0
7,CS9->US97,0,0,0
7,CS9->US105,0,0,0
7,CS9->US113,56047,56047,0
7,CS9->US121,53626,53626,0
7,CS10->US2,51593,51593,0
7,CS10->US10,49928,49928,0
7,CS10->US18,50671,50671,0
7,CS10->US26,0,0,0
7,CS10->US34,0,0,0
7,CS10->US42,51269,51269,0
7,CS10->US50,51265,51265,0
7,CS10->US58,0,0,0
7,CS10->US66,0,0,0
7,CS10->US74,50877,50877,0
7,CS10->US82,55450,55450,0
7,CS10->US90,50987,50987,0
7,CS10->US98,0,0,0
7,CS10->US106,0,0,0
7,CS10->US114,56203,56203,0
7,CS10->US122,53458,53458,0
7,CS11->US3,51231,51231,0
7,CS11->US11,49876,49876,0
7,CS11->US19,50741,50741,0
7,CS11->US27,0,0,0
7,CS11->US35,0,0,0
7,CS11->US43,51626,51626,0
7,CS11->US51,51035,51035,0
7,CS11->US59,0,0,0
7,CS11->US67,0,0,0
7,CS11->US75,51171,51171,0
7,CS11->US83,55089,55089,0
7,CS11->US91,50783,50783,0
7,CS11->US99,0,0,0
7,CS11->US107,0,0,0
7,CS11->US115,56070,56070,0
7,CS11->US123,53266,53266,0
7,CS12->US4,51601,51601,0
7,CS12->US12,49754,49753,0
7,CS12->US20,50740,50740,0
7,CS12->US28,0,0,0
7,CS12->US36,0,0,0
7,CS12->US44,51734,51734,0
7,CS12->US52,51366,51366,0
7,CS12->US60,0,0,0
7,CS12->US68,0,0,0
7,CS12->US76,51243,51243,0
7,CS12->US84,55080,55080,0
7,CS12->US92,50878,50878,0
7,CS12->US100,0,0,0
7,CS12->US108,0,0,0
7,CS12->US116,56300,56300,0
7,CS12->US124,52899,52899,0
7,CS13->US5,51423,51423,0
7,CS13->US13,50114,50114,0
7,CS13->US21,50267,50267,0
7,CS13->US29,0,0,0
7,CS13->US37,0,0,0
7,CS13->US45,51619,51619,0
7,CS13->US53,51781,51781,0
7,CS13->US61,0,0,0
7,CS13->US69,0,0,0
7,CS13->US77,50787,50787,0
7,CS13->US85,55197,55196,0
7,CS13->US93,51264,51264,0
7,CS13->US101,0,0,0
7,CS13->US109,0,0,0
7,CS13->US117,56182,56182,0
7,CS13->US125,53473,53473,0
7,CS14->US6,51373,51373,0
7,CS14->US14,50016,50016,0
7,CS14->US22,50497,50497,0
7,CS14->US30,0,0,0
7,CS14->US38,0,0,0
7,CS14->US46,52015,52015,0
7,CS14->US54,51109,51109,0
7,CS14->US62,0,0,0
7,CS14->US70,0,0,0
7,CS14->US78,51194,51194,0
7,CS14->US86,55097,55097,0
7,CS14->US94,51022,51022,0
7,CS14->US102,0,0,0
7,CS14->US110,0,0,0
7,CS14->US118,56316,56316,0
7,CS14->US126,53343,53343,0
7,CS15->US7,51591,51591,0
7,CS15->US15,50309,50309,0
7,CS15->US23,50890,50890,0
7,CS15->US31,0,0,0
7,CS15->US39,0,0,0
7,CS15->US47,51340,51340,0
7,CS15->US55,51665,51665,0
7,CS15->US63,0,0,0
7,CS15->US71,0,0,0
7,CS15->US79,50863,50863,0
7,CS15->US87,54947,54947,0
7,CS15->US95,50776,50776,0
7,CS15->US103,0,0,0
7,CS15->US111,0,0,0
7,CS15->US119,56434,56434,0
7,CS15->US127,53341,53341,0
7,CS16->US0,51413,51413,0
7,CS16->US8,50304,50304,0
7,CS16->US16,50704,50704,0
7,CS16->US24,0,0,0
7,CS16->US32,0,0,0
7,CS16->US40,51639,51639,0
7,CS16->US48,51433,51433,0
7,CS16->US56,0,0,0
7,CS16->US64,0,0,0
7,CS16->US72,51206,51206,0
7,CS16->US80,55036,55036,0
7,CS16->US88,51178,51178,0
7,CS16->US96,0,0,0
7,CS16->US104,0,0,0
7,CS16->US112,55841,55841,0
7,CS16->US120,53232,53232,0
7,CS17->US1,51575,51575,0
7,CS17->US9,50018,50018,0
7,CS17->US17,50479,50479,0
7,CS17->US25,0,0,0
7,CS17->US33,0,0,0
7,CS17->US41,51854,51854,0
7,CS17->US49,51646,51646,0
7,CS17->US57,0,0,0
7,CS17->US65,0,0,0
7,CS17->US73,51149,51149,0
7,CS17->US81,54943,54943,0
7,CS17->US89,50696,50696,0
7,CS17->US97,0,0,0
7,CS17->US105,0,0,0
7,CS17->US113,55919,55919,0
7,CS17->US121,53351,53351,0
7,CS18->US2,51608,51608,0
7,CS18->US10,50256,50256,0
7,CS18->US18,50171,50171,0
7,CS18->US26,0,0,0
7,CS18->US34,0,0,0
7,CS18->US42,51354,51354,0
7,CS18->US50,51406,51406,0
7,CS18->US58,0,0,0
7,CS18->US66,0,0,0
7,CS18->US74,50961,50961,0
7,CS18->US82,54849,54849,0
7,CS18->US90,50956,50956,0
7,CS18->US98,0,0,0
7,CS18->US106,0,0,0
7,CS18->US114,55910,55910,0
7,CS18->US122,53353,53353,0
7,CS19->US3,51063,51063,0
7,CS19->US11,49797,49797,0
7,CS19->US19,50901,50901,0
7,CS19->US27,0,0,0
7,CS19->US35,0,0,0
7,CS19->US43,51564,51564,0
7,CS19->US51,51388,51388,0
7,CS19->US59,0,0,0
7,CS19->US67,0,0,0
7,CS19->US75,51406,51406,0
7,CS19->US83,55160,55160,0
7,CS19->US91,51301,51301,0
7,CS19->US99,0,0,0
7,CS19->US107,0,0,0
7,CS19->US115,56449,56449,0
7,CS19->US123,52940,52940,0
7,CS20->US4,51542,51542,0
7,CS20->US12,49650,49650,0
7,CS20->US20,50308,50308,0
7,CS20->US28,0,0,0
7,CS20->US36,0,0,0
7,CS20->US44,51737,51737,0
7,CS20->US52,51019,51019,0
7,CS20->US60,0,0,0
7,CS20->US68,0,0,0
7,CS20->US76,50865,50865,0
7,CS20->US84,55460,55460,0
7,CS20->US92,50673,50673,0
7,CS20->US100,0,0,0
7,CS20->US108,0,0,0
7,CS20->US116,56450,56450,0
7,CS20->US124,53250,53250,0
7,CS21->US5,51422,51422,0
7,CS21->US13,49516,49515,0
7,CS21->US21,50335,50335,0
7,CS21->US29,0,0,0
7,CS21->US37,0,0,0
7,CS21->US45,51697,51697,0
7,CS21->US53,51615,51615,0
7,CS21->US61,0,0,0
7,CS21->US69,0,0,0
7,CS21->US77,51120,51120,0
7,CS21->US85,55204,55203,0
7,CS21->US93,50670,50670,0
7,CS21->US101,0,0,0
7,CS21->US109,0,0,0
7,CS21->US117,56157,56157,0
7,CS21->US125,53427,53427,0
7,CS22->US6,51410,51410,0
7,CS22->US14,49766,49766,0
7,CS22->US22,50233,50233,0
7,CS22->US30,0,0,0
7,CS22->US38,0,0,0
7,CS22->US46,51549,51549,0
7,CS22->US54,51457,51457,0
7,CS22->US62,0,0,0
7,CS22->US70,0,0,0
7,CS22->US78,50915,50915,0
7,CS22->US86,55381,55381,0
7,CS22->US94,50604,50604,0
7,CS22->US102,0,0,0
7,CS22->US110,0,0,0
7,CS22->US118,56318,56318,0
7,CS22->US126,53086,53086,0
7,CS23->US7,51854,51854,0
7,CS23->US15,49886,49886,0
7,CS23->US23,50564,50564,0
7,CS23->US31,0,0,0
7,CS23->US39,0,0,0
7,CS23->US47,51670,51670,0
7,CS23->US55,51756,51756,0
7,CS23->US63,0,0,0
7,CS23->US71,0,0,0
7,CS23->US79,50619,50619,0
7,CS23->US87,55245,55245,0
7,CS23->US95,50725,50725,0
7,CS23->US103,0,0,0
7,CS23->US111,0,0,0
7,CS23->US119,56229,56229,0
7,CS23->US127,53480,53480,0
7,CS24->US0,51854,51854,0
7,CS24->US8,50186,50186,0
7,CS24->US16,50311,50311,0
7,CS24->US24,0,0,0
7,CS24->US32,0,0,0
7,CS24->US40,51621,51621,0
7,CS24->US48,51343,51343,0
7,CS24->US56,0,0,0
7,CS24->US64,0,0,0
7,CS24->US72,50806,50806,0
7,CS24->US80,55283,55282,0
7,CS24->US88,51059,51059,0
7,CS24->US96,0,0,0
7,CS24->US104,0,0,0
7,CS24->US112,56456,56456,0
7,CS24->US120,53501,53501,0
7,CS25->US1,51559,51559,0
7,CS25->US9,50046,50046,0
7,CS25->US17,50773,50773,0
7,CS25->US25,0,0,0
7,CS25->US33,0,0,0
7,CS25->US41,51391,51391,0
7,CS25->US49,51622,51622,0
7,CS25->US57,0,0,0
7,CS25->US65,0,0,0
7,CS25->US73,51025,51025,0
7,CS25->US81,55462,55462,0
7,CS25->US89,51074,51074,0
7,CS25->US97,0,0,0
7,CS25->US105,0,0,0
7,CS25->US113,56401,56401,0
7,CS25->US121,53555,53555,0
7,CS26->US2,51653,51653,0
7,CS26->US10,50022,50022,0
7,CS26->US18,50868,50868,0
7,CS26->US26,0,0,0
7,CS26->US34,0,0,0
7,CS26->US42,51511,51511,0
7,CS26->US50,51213,51213,0
7,CS26->US58,0,0,0
7,CS26->US66,0,0,0
7,CS26->US74,50928,50928,0
7,CS26->US82,55143,55143,0
7,CS26->US90,51337,51337,0
7,CS26->US98,0,0,0
7,CS26->US106,0,0,0
7,CS26->US114,56297,56297,0
7,CS26->US122,53479,53479,0
7,CS27->US3,51533,51533,0
7,CS27->US11,49787,49787,0
7,CS27->US19,50224,50224,0
7,CS27->US27,0,0,0
7,CS27->US35,0,0,0
7,CS27->US43,51511,51511,0
7,CS27->US51,51262,51262,0
7,CS27->US59,0,0,0
7,CS27->US67,0,0,0
7,CS27->US75,50971,50971,0
7,CS27->US83,55391,55390,0
7,CS27->US91,50956,50956,0
7,CS27->US99,0,0,0
7,CS27->US107,0,0,0
7,CS27->US115,56194,56194,0
7,CS27->US123,53375,53375,0
7,CS28->US4,51254,51254,0
7,CS28->US12,49961,49961,0
7,CS28->US20,50608,50608,0
7,CS28->US28,0,0,0
7,CS28->US36,0,0,0
7,CS28->US44,51835,51835,0
7,CS28->US52,51763,51763,0
7,CS28->US60,0,0,0
7,CS28->US68,0,0,0
7,CS28->US76,50922,50922,0
7,CS28->US84,55237,55237,0
7,CS28->US92,50882,50882,0
7,CS28->US100,0,0,0
7,CS28->US108,0,0,0
7,CS28->US116,55881,55881,0
7,CS28->US124,53260,53260,0
7,CS29->US5,51342,51342,0
7,CS29->US13,49909,49909,0
7,CS29->US21,50678,50678,0
7,CS29->US29,0,0,0
7,CS29->US37,0,0,0
7,CS29->US45,51639,51639,0
7,CS29->US53,51536,51536,0
7,CS29->US61,0,0,0
7,CS29->US69,0,0,0
7,CS29->US77,51116,51116,0
7,CS29->US85,54424,54424,0
7,CS29->US93,50909,50909,0
7,CS29->US101,0,0,0
7,CS29->US109,0,0,0
7,CS29->US117,56140,56140,0
7,CS29->US125,53212,53212,0
7,CS30->US6,51658,51658,0
7,CS30->US14,49785,49785,0
7,CS30->US22,50543,50543,0
7,CS30->US30,0,0,0
7,CS30->US38,0,0,0
7,CS30->US46,51827,51827,0
7,CS30->US54,51629,51629,0
7,CS30->US62,0,0,0
7,CS30->US70,0,0,0
7,CS30->US78,50810,50810,0
7,CS30->US86,55243,55243,0
7,CS30->US94,50990,50990,0
7,CS30->US102,0,0,0
7,CS30->US110,0,0,0
7,CS30->US118,56151,56151,0
7,CS30->US126,53705,53705,0
7,CS31->US7,51964,51964,0
7,CS31->US15,50107,50107,0
7,CS31->US23,50455,50455,0
7,CS31->US31,0,0,0
7,CS31->US39,0,0,0
7,CS31->US47,51377,51377,0
7,CS31->US55,51646,51646,0
7,CS31->US63,0,0,0
7,CS31->US71,0,0,0
7,CS31->US79,50658,50658,0
7,CS31->US87,55285,55285,0
7,CS31->US95,51022,51022,0
7,CS31->US103,0,0,0
7,CS31->US111,0,0,0
7,CS31->US119,56416,56416,0
7,CS31->US127,53278,53278,0
7,CS32->US0,51509,51509,0
7,CS32->US8,49647,49647,0
7,CS32->US16,50498,50498,0
7,CS32->US24,0,0,0
7,CS32->US32,0,0,0
7,CS32->US40,51390,51390,0
7,CS32->US48,51309,51309,0
7,CS32->US56,0,0,0
7,CS32->US64,0,0,0
7,CS32->US72,50773,50773,0
7,CS32->US80,55366,55365,0
7,CS32->US88,51078,51078,0
7,CS32->US96,0,0,0
7,CS32->US104,0,0,0
7,CS32->US112,56613,56613,0
7,CS32->US120,53329,53329,0
7,CS33->US1,51450,51450,0
7,CS33->US9,50180,50180,0
7,CS33->US17,50577,50577,0
7,CS33->US25,0,0,0
7,CS33->US33,0,0,0
7,CS33->US41,51653,51653,0
7,CS33->US49,51627,51627,0
7,CS33->US57,0,0,0
7,CS33->US65,0,0,0
7,CS33->US73,51049,51049,0
7,CS33->US81,55233,55233,0
7,CS33->US89,51252,51252,0
7,CS33->US97,0,0,0
7,CS33->US105,0,0,0
7,CS33->US113,55979,55979,0
7,CS33->US121,53427,53427,0
7,CS34->US2,51171,51171,0
7,CS34->US10,49978,49978,0
7,CS34->US18,50274,50274,0
7,CS34->US26,0,0,0
7,CS34->US34,0,0,0
7,CS34->US42,51960,51960,0
7,CS34->US50,51503,51503,0
7,CS34->US58,0,0,0
7,CS34->US66,0,0,0
7,CS34->US74,50916,50916,0
7,CS34->US82,54553,54553,0
7,CS34->US90,50775,50775,0
7,CS34->US98,0,0,0
7,CS34->US106,0,0,0
7,CS34->US114,56263,56263,0
7,CS34->US122,53162,53162,0
7,CS35->US3,51634,51634,0
7,CS35->US11,50015,50015,0
7,CS35->US19,50203,50203,0
7,CS35->US27,0,0,0
7,CS35->US35,0,0,0
7,CS35->US43,51668,51668,0
7,CS35->US51,51478,51478,0
7,CS35->US59,0,0,0
7,CS35->US67,0,0,0
7,CS35->US75,51191,51191,0
7,CS35->US83,55163,55163,0
7,CS35->US91,50929,50929,0
7,CS35->US99,0,0,0
7,CS35->US107,0,0,0
7,CS35->US115,56179,56179,0
7,CS35->US123,53139,53139,0
7,CS36->US4,51571,51571,0
7,CS36->US12,49993,49993,0
7,CS36->US20,50795,50795,0
7,CS36->US28,0,0,0
7,CS36->US36,0,0,0
7,CS36->US44,52143,52143,0
7,CS36->US52,51588,51588,0
7,CS36->US60,0,0,0
7,CS36->US68,0,0,0
7,CS36->US76,51135,51135,0
7,CS36->US84,55043,55043,0
7,CS36->US92,50962,50962,0
7,CS36->US100,0,0,0
7,CS36->US108,0,0,0
7,CS36->US116,56047,56047,0
7,CS36->US124,53286,53286,0
7,CS37->US5,51701,51701,0
7,CS37->US13,50376,50376,0
7,CS37->US21,50623,50623,0
7,CS37->US29,0,0,0
7,CS37->US37,0,0,0
7,CS37->US45,52096,52096,0
7,CS37->US53,51044,51044,0
7,CS37->US61,0,0,0
7,CS37->US69,0,0,0
7,CS37->US77,51071,51071,0
7,CS37->US85,55141,55140,0
7,CS37->US93,50694,50694,0
7,CS37->US101,0,0,0
7,CS37->US109,0,0,0
7,CS37->US117,56268,56268,0
7,CS37->US125,53295,53295,0
7,CS38->US6,51589,51589,0
7,CS38->US14,50095,50095,0
7,CS38->US22,50512,50512,0
7,CS38->US30,0,0,0
7,CS38->US38,0,0,0
7,CS38->US46,51499,51499,0
7,CS38->US54,51556,51556,0
7,CS38->US62,0,0,0
7,CS38->US70,0,0,0
7,CS38->US78,51354,51354,0
7,CS38->US86,55061,55061,0
7,CS38->US94,51106,51106,0
7,CS38->US102,0,0,0
7,CS38->US110,0,0,0
7,CS38->US118,56493,56493,0
7,CS38->US126,53604,53604,0
7,CS39->US7,51539,51539,0
7,CS39->US15,50299,50299,0
7,CS39->US23,50553,50553,0
7,CS39->US31,0,0,0
7,CS39->US39,0,0,0
7,CS39->US47,51569,51569,0
7,CS39->US55,51610,51610,0
7,CS39->US63,0,0,0
7,CS39->US71,0,0,0
7,CS39->US79,51231,51231,0
7,CS39->US87,55147,55147,0
7,CS39->US95,51137,51137,0
7,CS39->US103,0,0,0
7,CS39->US111,0,0,0
7,CS39->US119,56419,56419,0
7,CS39->US127,53448,53448,0
7,CS40->US0,51424,51424,0
7,CS40->US8,49922,49922,0
7,CS40->US16,50561,50561,0
7,CS40->US24,0,0,0
7,CS40->US32,0,0,0
7,CS40->US40,51603,51603,0
7,CS40->US48,50950,50950,0
7,CS40->US56,0,0,0
7,CS40->US64,0,0,0
7,CS40->US72,51202,51202,0
7,CS40->US80,54548,54548,0
7,CS40->US88,50949,50949,0
7,CS40->US96,0,0,0
7,CS40->US104,0,0,0
7,CS40->US112,56107,56107,0
7,CS40->US120,53220,53220,0
7,CS41->US1,51617,51617,0
7,CS41->US9,49812,49812,0
7,CS41->US17,50722,50722,0
7,CS41->US25,0,0,0
7,CS41->US33,0,0,0
7,CS41->US41,51726,51726,0
7,CS41->US49,51809,51809,0
7,CS41->US57,0,0,0
7,CS41->US65,0,0,0
7,CS41->US73,51061,51061,0
7,CS41->US81,55347,55347,0
7,CS41->US89,51153,51153,0
7,CS41->US97,0,0,0
7,CS41->US105,0,0,0
7,CS41->US113,55992,55992,0
7,CS41->US121,53372,53372,0
7,CS42->US2,51401,51401,0
7,CS42->US10,50035,50035,0
7,CS42->US18,50428,50428,0
7,CS42->US26,0,0,0
7,CS42->US34,0,0,0
7,CS42->US42,51483,51483,0
7,CS42->US50,51786,51786,0
7,CS42->US58,0,0,0
7,CS42->US66,0,0,0
7,CS42->US74,51401,51401,0
7,CS42->US82,55161,55160,0
7,CS42->US90,50907,50907,0
7,CS42->US98,0,0,0
7,CS42->US106,0,0,0
7,CS42->US114,56132,56132,0
7,CS42->US122,53483,53483,0
7,CS43->US3,51210,51210,0
7,CS43->US11,50141,50141,0
7,CS43->US19,50313,50313,0
7,CS43->US27,0,0,0
7,CS43->US35,0,0,0
7,CS43->US43,51340,51340,0
7,CS43->US51,51345,51345,0
7,CS43->US59,0,0,0
7,CS43->US67,0,0,0
7,CS43->US75,50976,50976,0
7,CS43->US83,55158,55158,0
7,CS43->US91,50606,50606,0
7,CS43->US99,0,0,0
7,CS43->US107,0,0,0
7,CS43->US115,56117,56117,0
7,CS43->US123,53530,53530,0
7,CS44->US4,51164,51164,0
7,CS44->US12,49673,49673,0
7,CS44->US20,50237,50237,0
7,CS44->US28,0,0,0
7,CS44->US36,0,0,0
7,CS44->US44,51776,51776,0
7,CS44->US52,51650,51650,0
7,CS44->US60,0,0,0
7,CS44->US68,0,0,0
7,CS44->US76,50813,50813,0
7,CS44->US84,55693,55693,0
7,CS44->US92,51059,51059,0
7,CS44->US100,0,0,0
7,CS44->US108,0,0,0
7,CS44->US116,56314,56314,0
7,CS44->US124,52962,52962,0
7,CS45->US5,51215,51215,0
7,CS45->US13,49837,49837,0
7,CS45->US21,50559,50559,0
7,CS45->US29,0,0,0
7,CS45->US37,0,0,0
7,CS45->US45,51871,51871,0
7,CS45->US53,51616,51616,0
7,CS45->US61,0,0,0
7,CS45->US69,0,0,0
7,CS45->US77,50686,50686,0
7,CS45->US85,55286,55286,0
7,CS45->US93,50939,50939,0
7,CS45->US101,0,0,0
7,CS45->US109,0,0,0
7,CS45->US117,55802,55802,0
7,CS45->US125,53320,53320,0
7,CS46->US6,51068,51068,0
7,CS46->US14,50230,50230,0
7,CS46->US22,50513,50513,0
7,CS46->US30,0,0,0
7,CS46->US38,0,0,0
7,CS46->US46,51754,51754,0
7,CS46->US54,51808,51808,0
7,CS46->US62,0,0,0
7,CS46->US70,0,0,0
7,CS46->US78,51000,51000,0
7,CS46->US86,55250,55250,0
7,CS46->US94,50567,50567,0
7,CS46->US102,0,0,0
7,CS46->US110,0,0,0
7,CS46->US118,55667,55667,0
7,CS46->US126,53557,53557,0
7,CS47->US7,51450,51450,0
7,CS47->US15,49927,49927,0
7,CS47->US23,50154,50154,0
7,CS47->US31,0,0,0
7,CS47->US39,0,0,0
7,CS47->US47,51409,51409,0
7,CS47->US55,51329,51329,0
7,CS47->US63,0,0,0
7,CS47->US71,0,0,0
7,CS47->US79,50721,50721,0
7,CS47->US87,55573,55573,0
7,CS47->US95,50804,50804,0
7,CS47->US103,0,0,0
7,CS47->US111,0,0,0
7,CS47->US119,56248,56248,0
7,CS47->US127,53123,53123,0
7,CS48->US0,51879,51879,0
7,CS48->US8,49776,49776,0
7,CS48->US16,50288,50288,0
7,CS48->US24,0,0,0
7,CS48->US32,0,0,0
7,CS48->US40,51382,51382,0
7,CS48->US48,51938,51938,0
7,CS48->US56,0,0,0
7,CS48->US64,0,0,0
7,CS48->US72,50666,50666,0
7,CS48->US80,54817,54817,0
7,CS48->US88,50896,50896,0
7,CS48->US96,0,0,0
7,CS48->US104,0,0,0
7,CS48->US112,56197,56197,0
7,CS48->US120,53239,53239,0
7,CS49->US1,51573,51573,0
7,CS49->US9,49692,49692,0
7,CS49->US17,50763,50763,0
7,CS49->US25,0,0,0
7,CS49->US33,0,0,0
7,CS49->US41,52122,52122,0
7,CS49->US49,51823,51823,0
7,CS49->US57,0,0,0
7,CS49->US65,0,0,0
7,CS49->US73,51148,51148,0
7,CS49->US81,55326,55326,0
7,CS49->US89,51163,51163,0
7,CS49->US97,0,0,0
7,CS49->US105,0,0,0
7,CS49->US113,56032,56032,0
7,CS49->US121,52828,52828,0
7,CS50->US2,51449,51449,0
7,CS50->US10,50034,50034,0
7,CS50->US18,50432,50432,0
7,CS50->US26,0,0,0
7,CS50->US34,0,0,0
7,CS50->US42,51253,51253,0
7,CS50->US50,51516,51516,0
7,CS50->US58,0,0,0
7,CS50->US66,0,0,0
7,CS50->US74,51017,51017,0
7,CS50->US82,55186,55185,0
7,CS50->US90,51333,51333,0
7,CS50->US98,0,0,0
7,CS50->US106,0,0,0
7,CS50->US114,56236,56236,0
7,CS50->US122,53463,53463,0
7,CS51->US3,51457,51457,0
7,CS51->US11,49774,49774,0
7,CS51->US19,50748,50748,0
7,CS51->US27,0,0,0
7,CS51->US35,0,0,0
7,CS51->US43,51512,51512,0
7,CS51->US51,51581,51581,0
7,CS51->US59,0,0,0
7,CS51->US67,0,0,0
7,CS51->US75,51193,51193,0
7,CS51->US83,55492,55492,0
7,CS51->US91,50712,50712,0
7,CS51->US99,0,0,0
7,CS51->US107,0,0,0
7,CS51->US115,56395,56395,0
7,CS51->US123,53636,53636,0
7,CS52->US4,51305,51305,0
7,CS52->US12,49817,49817,0
7,CS52->US20,50565,50565,0
7,CS52->US28,0,0,0
7,CS52->US36,0,0,0
7,CS52->US44,51641,51641,0
7,CS52->US52,50890,50890,0
7,CS52->US60,0,0,0
7,CS52->US68,0,0,0
7,CS52->US76,50659,50659,0
7,CS52->US84,55186,55186,0
7,CS52->US92,51462,51462,0
7,CS52->US100,0,0,0
7,CS52->US108,0,0,0
7,CS52->US116,56382,56382,0
7,CS52->US124,53374,53374,0
7,CS53->US5,51515,51515,0
7,CS53->US13,50023,50023,0
7,CS53->US21,50747,50747,0
7,CS53->US29,0,0,0
7,CS53->US37,0,0,0
7,CS53->US45,51461,51461,0
7,CS53->US53,51397,51397,0
7,CS53->US61,0,0,0
7,CS53->US69,0,0,0
7,CS53->US77,51234,51234,0
7,CS53->US85,55086,55086,0
7,CS53->US93,51083,51083,0
7,CS53->US101,0,0,0
7,CS53->US109,0,0,0
7,CS53->US117,56539,56539,0
7,CS53->US125,53521,53521,0
7,CS54->US6,51648,51648,0
7,CS54->US14,49941,49941,0
7,CS54->US22,50568,50568,0
7,CS54->US30,0,0,0
7,CS54->US38,0,0,0
7,CS54->US46,51510,51510,0
7,CS54->US54,51808,51808,0
7,CS54->US62,0,0,0
7,CS54->US70,0,0,0
7,CS54->US78,51237,51237,0
7,CS54->US86,55359,55359,0
7,CS54->US94,50887,50887,0
7,CS54->US102,0,0,0
7,CS54->US110,0,0,0
7,CS54->US118,56257,56257,0
7,CS54->US126,53587,53587,0
7,CS55->US7,51686,51686,0
7,CS55->US15,50632,50632,0
7,CS55->US23,50564,50564,0
7,CS55->US31,0,0,0
7,CS55->US39,0,0,0
7,CS55->US47,51546,51546,0
7,CS55->US55,51829,51829,0
7,CS55->US63,0,0,0
7,CS55->US71,0,0,0
7,CS55->US79,50900,50900,0
7,CS55->US87,55005,55004,0
7,CS55->US95,51207,51207,0
7,CS55->US103,0,0,0
7,CS55->US111,0,0,0
7,CS55->US119,56261,56261,0
7,CS55->US127,53416,53416,0
7,CS56->US0,51553,51553,0
7,CS56->US8,50014,50014,0
7,CS56->US16,50968,50968,0
7,CS56->US24,0,0,0
7,CS56->US32,0,0,0
7,CS56->US40,51774,51774,0
7,CS56->US48,51047,51047,0
7,CS56->US56,0,0,0
7,CS56->US64,0,0,0
7,CS56->US72,51191,51191,0
7,CS56->US80,55581,55581,0
7,CS56->US88,50791,50791,0
7,CS56->US96,0,0,0
7,CS56->US104,0,0,0
7,CS56->US112,56233,56233,0
7,CS56->US120,53332,53332,0
7,CS57->US1,51379,51379,0
7,CS57->US9,50365,50365,0
7,CS57->US17,50413,50413,0
7,CS57->US25,0,0,0
7,CS57->US33,0,0,0
7,CS57->US41,51731,51731,0
7,CS57->US49,51744,51744,0
7,CS57->US57,0,0,0
7,CS57->US65,0,0,0
7,CS57->US73,50953,50953,0
7,CS57->US81,54977,54977,0
7,CS57->US89,50994,50994,0
7,CS57->US97,0,0,0
7,CS57->US105,0,0,0
7,CS57->US113,55904,55904,0
7,CS57->US121,53311,53311,0
7,CS58->US2,51826,51826,0
7,CS58->US10,50075,50075,0
7,CS58->US18,50447,50447,0
7,CS58->US26,0,0,0
7,CS58->US34,0,0,0
7,CS58->US42,51677,51677,0
7,CS58->US50,51822,51822,0
7,CS58->US58,0,0,0
7,CS58->US66,0,0,0
7,CS58->US74,51026,51026,0
7,CS58->US82,55024,55024,0
7,CS58->US90,51217,51217,0
7,CS58->US98,0,0,0
7,CS58->US106,0,0,0
7,CS58->US114,55947,55947,0
7,CS58->US122,53349,53349,0
7,CS59->US3,51501,51501,0
7,CS59->US11,50066,50066,0
7,CS59->US19,50355,50355,0
7,CS59->US27,0,0,0
7,CS59->US35,0,0,0
7,CS59->US43,51937,51937,0
7,CS59->US51,51220,51220,0
7,CS59->US59,0,0,0
7,CS59->US67,0,0,0
7,CS59->US75,50741,50741,0
7,CS59->US83,55295,55295,0
7,CS59->US91,50845,50845,0
7,CS59->US99,0,0,0
7,CS59->US107,0,0,0
7,CS59->US115,56372,56372,0
7,CS59->US123,53475,53475,0
7,CS60->US4,51199,51199,0
7,CS60->US12,49694,49694,0
7,CS60->US20,50208,50208,0
7,CS60->US28,0,0,0
7,CS60->US36,0,0,0
7,CS60->US44,51437,51437,0
7,CS60->US52,51069,51069,0
7,CS60->US60,0,0,0
7,CS60->US68,0,0,0
7,CS60->US76,50730,50730,0
7,CS60->US84,54884,54884,0
7,CS60->US92,50868,50868,0
7,CS60->US100,0,0,0
7,CS60->US108,0,0,0
7,CS60->US116,55964,55964,0
7,CS60->US124,53199,53199,0
7,CS61->US5,51854,51854,0
7,CS61->US13,49866,49866,0
7,CS61->US21,50836,50836,0
7,CS61->US29,0,0,0
7,CS61->US37,0,0,0
7,CS61->US45,51908,51908,0
7,CS61->US53,51270,51270,0
7,CS61->US61,0,0,0
7,CS61->US69,0,0,0
7,CS61->US77,51353,51353,0
7,CS61->US85,54983,54983,0
7,CS61->US93,51234,51234,0
7,CS61->US101,0,0,0
7,CS61->US109,0,0,0
7,CS61->US117,56439,56439,0
7,CS61->US125,53706,53706,0
7,CS62->US6,51407,51407,0
7,CS62->US14,49810,49809,0
7,CS62->US22,50751,50751,0
7,CS62->US30,0,0,0
7,CS62->US38,0,0,0
7,CS62->US46,52151,52151,0
7,CS62->US54,51807,51807,0
7,CS62->US62,0,0,0
7,CS62->US70,0,0,0
7,CS62->US78,51107,51107,0
7,CS62->US86,55291,55291,0
7,CS62->US94,50544,50544,0
7,CS62->US102,0,0,0
7,CS62->US110,0,0,0
7,CS62->US118,56005,56005,0
7,CS62->US126,53434,53434,0
7,CS63->US7,50942,50942,0
7,CS63->US15,49554,49554,0
7,CS63->US23,50755,50755,0
7,CS63->US31,0,0,0
7,CS63->US39,0,0,0
7,CS63->US47,51700,51700,0
7,CS63->US55,51380,51380,0
7,CS63->US63,0,0,0
7,CS63->US71,0,0,0
7,CS63->US79,51037,51037,0
7,CS63->US87,54895,54895,0
7,CS63->US95,50957,50957,0
7,CS63->US103,0,0,0
7,CS63->US111,0,0,0
7,CS63->US119,56392,56392,0
7,CS63->US127,53731,53731,0
8,US0->CS0,51659,51659,0
8,US0->CS8,52195,52195,0
8,US0->CS16,51692,51692,0
8,US0->CS24,51648,51648,0
8,US0->CS32,51590,51590,0
8,US0->CS40,51249,51249,0
8,US0->CS48,52232,52232,0
8,US0->CS56,51306,51306,0
8,US1->CS1,51796,51796,0
8,US1->CS9,52001,52001,0
8,US1->CS17,51932,51932,0
8,US1->CS25,51894,51894,0
8,US1->CS33,51886,51886,0
8,US1->CS41,52088,52088,0
8,US1->CS49,52088,52088,0
8,US1->CS57,51971,51971,0
8,US2->CS2,51757,51757,0
8,US2->CS10,51566,51566,0
8,US2->CS18,51634,51634,0
8,US2->CS26,51500,51500,0
8,US2->CS34,51807,51807,0
8,US2->CS42,52053,52053,0
8,US2->CS50,51833,51833,0
8,US2->CS58,52113,52113,0
8,US3->CS3,51375,51375,0
8,US3->CS11,51293,51293,0
8,US3->CS19,51683,51683,0
8,US3->CS27,51523,51523,0
8,US3->CS35,51785,51785,0
8,US3->CS43,51628,51628,0
8,US3->CS51,51861,51861,0
8,US3->CS59,51496,51496,0
8,US4->CS4,51604,51604,0
8,US4->CS12,51667,51667,0
8,US4->CS20,51276,51276,0
8,US4->CS28,52018,52018,0
8,US4->CS36,51918,51918,0
8,US4->CS44,51936,51936,0
8,US4->CS52,51194,51194,0
8,US4->CS60,51339,51339,0
8,US5->CS5,51433,51433,0
8,US5->CS13,52005,52005,0
8,US5->CS21,51918,51918,0
8,US5->CS29,51804,51804,0
8,US5->CS37,51326,51326,0
8,US5->CS45,51900,51900,0
8,US5->CS53,51640,51640,0
8,US5->CS61,51572,51572,0
8,US6->CS6,51772,51772,0
8,US6->CS14,51392,51392,0
8,US6->CS22,51710,51710,0
8,US6->CS30,51895,51895,0
8,US6->CS38,51848,51848,0
8,US6->CS46,52083,52083,0
8,US6->CS54,52042,52042,0
8,US6->CS62,52069,52069,0
8,US7->CS7,51949,51949,0
8,US7->CS15,51977,51977,0
8,US7->CS23,52042,52042,0
8,US7->CS31,51961,51961,0
8,US7->CS39,51898,51898,0
8,US7->CS47,51638,51638,0
8,US7->CS55,52113,52113,0
8,US7->CS63,51653,51653,0
8,US8->CS0,55683,55683,0
8,US8->CS8,56101,56101,0
8,US8->CS16,55609,55609,0
8,US8->CS24,55838,55838,0
8,US8->CS32,55891,55891,0
8,US8->CS40,55085,55085,0
8,US8->CS48,55369,55369,0
8,US8->CS56,56197,56197,0
8,US9->CS1,55964,55964,0
8,US9->CS9,55847,55847,0
8,US9->CS17,55517,55517,0
8,US9->CS25,55955,55955,0
8,US9->CS33,55795,55795,0
8,US9->CS41,55876,55876,0
8,US9->CS49,55858,55858,0
8,US9->CS57,55536,55536,0
8,US10->CS2,55658,55658,0
8,US10->CS10,55995,55995,0
8,US10->CS18,55381,55381,0
8,US10->CS26,55666,55666,0
8,US10->CS34,55091,55091,0
8,US10->CS42,55785,55785,0
8,US10->CS50,55779,55779,0
8,US10->CS58,55558,55558,0
8,US11->CS3,55450,55450,0
8,US11->CS11,55683,55683,0
8,US11->CS19,55735,55735,0
8,US11->CS27,55955,55955,0
8,US11->CS35,55726,55726,0
8,US11->CS43,55681,55681,0
8,US11->CS51,56098,56098,0
8,US11->CS59,55837,55837,0
8,US12->CS4,55861,55861,0
8,US12->CS12,55655,55655,0
8,US12->CS20,56056,56056,0
8,US12->CS28,55847,55847,0
8,US12->CS36,55611,55611,0
8,US12->CS44,56223,56223,0
8,US12->CS52,55741,55741,0
8,US12->CS60,55470,55470,0
8,US13->CS5,55873,55873,0
8,US13->CS13,55729,55729,0
8,US13->CS21,55721,55721,0
8,US13->CS29,54943,54943,0
8,US13->CS37,55699,55699,0
8,US13->CS45,55845,55845,0
8,US13->CS53,55649,55649,0
8,US13->CS61,55545,55545,0
8,US14->CS6,55607,55607,0
8,US14->CS14,55615,55615,0
8,US14->CS22,55921,55921,0
8,US14->CS30,55827,55827,0
8,US14->CS38,55618,55618,0
8,US14->CS46,55814,55814,0
8,US14->CS54,55905,55905,0
8,US14->CS62,55864,55864,0
8,US15->CS7,55902,55902,0
8,US15->CS15,55521,55521,0
8,US15->CS23,55816,55816,0
8,US15->CS31,55813,55813,0
8,US15->CS39,55667,55667,0
8,US15->CS47,56120,56120,0
8,US15->CS55,55546,55546,0
8,US15->CS63,55427,55427,0
8,US16->CS0,53485,53485,0
8,US16->CS8,53508,53508,0
8,US16->CS16,53423,53423,0
8,US16->CS24,53663,53663,0
8,US16->CS32,53495,53495,0
8,US16->CS40,53376,53376,0
8,US16->CS48,53367,53367,0
8,US16->CS56,53460,53460,0
8,US17->CS1,53514,53514,0
8,US17->CS9,53755,53755,0
8,US17->CS17,53475,53475,0
8,US17->CS25,53722,53722,0
8,US17->CS33,53612,53612,0
8,US17->CS41,53509,53509,0
8,US17->CS49,52974,52974,0
8,US17->CS57,53549,53549,0
8,US18->CS2,53675,53675,0
8,US18->CS10,53612,53612,0
8,US18->CS18,53466,53466,0
8,US18->CS26,53626,53626,0
8,US18->CS34,53319,53319,0
8,US18->CS42,53621,53621,0
8,US18->CS50,53662,53662,0
8,US18->CS58,53487,53487,0
8,US19->CS3,53472,53472,0
8,US19->CS11,53394,53394,0
8,US19->CS19,53092,53092,0
8,US19->CS27,53479,53479,0
8,US19->CS35,53228,53228,0
8,US19->CS43,53714,53714,0
8,US19->CS51,53744,53744,0
8,US19->CS59,53639,53639,0
8,US20->CS4,53588,53588,0
8,US20->CS12,53061,53061,0
8,US20->CS20,53388,53388,0
8,US20->CS28,53421,53421,0
8,US20->CS36,53431,53431,0
8,US20->CS44,53100,53100,0
8,US20->CS52,53550,53550,0
8,US20->CS60,53345,53345,0
8,US21->CS5,53904,53904,0
8,US21->CS13,53651,53651,0
8,US21->CS21,53581,53581,0
8,US21->CS29,53380,53380,0
8,US21->CS37,53452,53452,0
8,US21->CS45,53456,53456,0
8,US21->CS53,53617,53617,0
8,US21->CS61,53945,53945,0
8,US22->CS6,53206,53206,0
8,US22->CS14,53459,53459,0
8,US22->CS22,53191,53191,0
8,US22->CS30,53862,53862,0
8,US22->CS38,53769,53769,0
8,US22->CS46,53667,53667,0
8,US22->CS54,53712,53712,0
8,US22->CS62,53530,53530,0
8,US23->CS7,53438,53438,0
8,US23->CS15,53471,53471,0
8,US23->CS23,53631,53631,0
8,US23->CS31,53418,53418,0
8,US23->CS39,53661,53661,0
8,US23->CS47,53288,53288,0
8,US23->CS55,53568,53568,0
8,US23->CS63,53841,53841,0
8,US24->CS0,32246,32246,0
8,US24->CS8,32072,32072,0
8,US24->CS16,31870,31868,0
8,US24->CS24,31467,31466,0
8,US24->CS32,32037,32037,0
8,US24->CS40,31682,31682,0
8,US24->CS48,32018,32018,0
8,US24->CS56,32054,32054,0
8,US25->CS1,31714,31714,0
8,US25->CS9,32110,32110,0
8,US25->CS17,31864,31863,0
8,US25->CS25,31662,31661,0
8,US25->CS33,31789,31789,0
8,US25->CS41,32103,32101,0
8,US25->CS49,32011,32011,0
8,US25->CS57,31768,31768,0
8,US26->CS2,32002,32000,0
8,US26->CS10,32089,32089,0
8,US26->CS18,31696,31695,0
8,US26->CS26,32050,32050,0
8,US26->CS34,31995,31995,0
8,US26->CS42,32020,32019,0
8,US26->CS50,31670,31670,0
8,US26->CS58,31837,31837,0
8,US27->CS3,31705,31705,0
8,US27->CS11,31819,31818,0
8,US27->CS19,32151,32151,0
8,US27->CS27,31957,31957,0
8,US27->CS35,32033,32033,0
8,US27->CS43,31759,31759,0
8,US27->CS51,31899,31899,0
8,US27->CS59,31775,31775,0
8,US28->CS4,31875,31874,0
8,US28->CS12,32290,32289,0
8,US28->CS20,32322,32322,0
8,US28->CS28,32129,32127,0
8,US28->CS36,32002,32000,0
8,US28->CS44,31903,31903,0
8,US28->CS52,31818,31818,0
8,US28->CS60,32240,32239,0
8,US29->CS5,32050,32050,0
8,US29->CS13,31757,31757,0
8,US29->CS21,31875,31874,0
8,US29->CS29,32170,32170,0
8,US29->CS37,31986,31985,0
8,US29->CS45,31875,31874,0
8,US29->CS53,32008,32008,0
8,US29->CS61,31730,31730,0
8,US30->CS6,31760,31759,0
8,US30->CS14,32196,32196,0
8,US30->CS22,31864,31863,0
8,US30->CS30,31804,31803,0
8,US30->CS38,31895,31895,0
8,US30->CS46,32084,32082,0
8,US30->CS54,31951,31951,0
8,US30->CS62,31948,31948,0
8,US31->CS7,31504,31504,0
8,US31->CS15,31634,31633,0
8,US31->CS23,32171,32170,0
8,US31->CS31,32309,32308,0
8,US31->CS39,31745,31744,0
8,US31->CS47,32303,32303,0
8,US31->CS55,31755,31755,0
8,US31->CS63,31727,31727,0
8,US32->CS0,0,0,0
8,US32->CS8,0,0,0
8,US32->CS16,0,0,0
8,US32->CS24,0,0,0
8,US32->CS32,0,0,0
8,US32->CS40,0,0,0
8,US32->CS48,0,0,0
8,US32->CS56,0,0,0
8,US33->CS1,0,0,0
8,US33->CS9,0,0,0
8,US33->CS17,0,0,0
8,US33->CS25,0,0,0
8,US33->CS33,0,0,0
8,US33->CS41,0,0,0
8,US33->CS49,0,0,0
8,US33->CS57,0,0,0
8,US34->CS2,0,0,0
8,US34->CS10,0,0,0
8,US34->CS18,0,0,0
8,US34->CS26,0,0,0
8,US34->CS34,0,0,0
8,US34->CS42,0,0,0
8,US34->CS50,0,0,0
8,US34->CS58,0,0,0
8,US35->CS3,0,0,0
8,US35->CS11,0,0,0
8,US35->CS19,0,0,0
8,US35->CS27,0,0,0
8,US35->CS35,0,0,0
8,US35->CS43,0,0,0
8,US35->CS51,0,0,0
8,US35->CS59,0,0,0
8,US36->CS4,0,0,0
8,US36->CS12,0,0,0
8,US36->CS20,0,0,0
8,US36->CS28,0,0,0
8,US36->CS36,0,0,0
8,US36->CS44,0,0,0
8,US36->CS52,0,0,0
8,US36->CS60,0,0,0
8,US37->CS5,0,0,0
8,US37->CS13,0,0,0
8,US37->CS21,0,0,0
8,US37->CS29,0,0,0
8,US37->CS37,0,0,0
8,US37->CS45,0,0,0
8,US37->CS53,0,0,0
8,US37->CS61,0,0,0
8,US38->CS6,0,0,0
8,US38->CS14,0,0,0
8,US38->CS22,0,0,0
8,US38->CS30,0,0,0
8,US38->CS38,0,0,0
8,US38->CS46,0,0,0
8,US38->CS54,0,0,0
8,US38->CS62,0,0,0
8,US39->CS7,0,0,0
8,US39->CS15,0,0,0
8,US39->CS23,0,0,0
8,US39->CS31,0,0,0
8,US39->CS39,0,0,0
8,US39->CS47,0,0,0
8,US39->CS55,0,0,0
8,US39->CS63,0,0,0
8,US40->CS0,56478,56478,0
8,US40->CS8,55941,55941,0
8,US40->CS16,55820,55820,0
8,US40->CS24,56437,56437,0
8,US40->CS32,56484,56484,0
8,US40->CS40,56041,56041,0
8,US40->CS48,56165,56165,0
8,US40->CS56,56228,56228,0
8,US41->CS1,55697,55697,0
8,US41->CS9,55991,55991,0
8,US41->CS17,55868,55868,0
8,US41->CS25,56388,56388,0
8,US41->CS33,56005,56005,0
8,US41->CS41,55897,55897,0
8,US41->CS49,56020,56020,0
8,US41->CS57,55911,55911,0
8,US42->CS2,56572,56572,0
8,US42->CS10,56125,56125,0
8,US42->CS18,55903,55903,0
8,US42->CS26,56252,56252,0
8,US42->CS34,56164,56164,0
8,US42->CS42,56081,56081,0
8,US42->CS50,56169,56169,0
8,US42->CS58,55858,55858,0
8,US43->CS3,56221,56221,0
8,US43->CS11,56036,56036,0
8,US43->CS19,56342,56342,0
8,US43->CS27,56164,56164,0
8,US43->CS35,56081,56081,0
8,US43->CS43,56070,56070,0
8,US43->CS51,56330,56330,0
8,US43->CS59,56368,56368,0
8,US44->CS4,56019,56019,0
8,US44->CS12,56220,56220,0
8,US44->CS20,56408,56408,0
8,US44->CS28,55847,55847,0
8,US44->CS36,55928,55928,0
8,US44->CS44,56308,56308,0
8,US44->CS52,56322,56322,0
8,US44->CS60,55921,55921,0
8,US45->CS5,56058,56058,0
8,US45->CS13,56161,56161,0
8,US45->CS21,56053,56053,0
8,US45->CS29,56150,56150,0
8,US45->CS37,56198,56198,0
8,US45->CS45,55782,55782,0
8,US45->CS53,56548,56548,0
8,US45->CS61,56427,56427,0
8,US46->CS6,56236,56236,0
8,US46->CS14,56247,56247,0
8,US46->CS22,56313,56313,0
8,US46->CS30,56143,56143,0
8,US46->CS38,56435,56435,0
8,US46->CS46,55596,55596,0
8,US46->CS54,56279,56279,0
8,US46->CS62,55965,55965,0
8,US47->CS7,55817,55817,0
8,US47->CS15,56407,56407,0
8,US47->CS23,56180,56180,0
8,US47->CS31,56350,56350,0
8,US47->CS39,56361,56361,0
8,US47->CS47,56218,56218,0
8,US47->CS55,56195,56195,0
8,US47->CS63,56377,56377,0
8,US48->CS0,52237,52237,0
8,US48->CS8,52111,52111,0
8,US48->CS16,51674,51674,0
8,US48->CS24,52118,52118,0
8,US48->CS32,51801,51801,0
8,US48->CS40,51686,51686,0
8,US48->CS48,52115,52115,0
8,US48->CS56,51898,51898,0
8,US49->CS1,51451,51451,0
8,US49->CS9,51026,51026,0
8,US49->CS17,51892,51892,0
8,US49->CS25,51836,51836,0
8,US49->CS33,51748,51748,0
8,US49->CS41,51913,51913,0
8,US49->CS49,51866,51866,0
8,US49->CS57,51617,51617,0
8,US50->CS2,51974,51974,0
8,US50->CS10,51887,51887,0
8,US50->CS18,51887,51887,0
8,US50->CS26,51917,51917,0
8,US50->CS34,51462,51462,0
8,US50->CS42,51676,51676,0
8,US50->CS50,51719,51719,0
8,US50->CS58,52127,52127,0
8,US51->CS3,51676,51676,0
8,US51->CS11,51486,51486,0
8,US51->CS19,51378,51378,0
8,US51->CS27,51818,51818,0
8,US51->CS35,51932,51932,0
8,US51->CS43,51502,51502,0
8,US51->CS51,51751,51751,0
8,US51->CS59,51793,51793,0
8,US52->CS4,51758,51758,0
8,US52->CS12,51822,51822,0
8,US52->CS20,51768,51768,0
8,US52->CS28,51508,51508,0
8,US52->CS36,51878,51878,0
8,US52->CS44,51472,51472,0
8,US52->CS52,51590,51590,0
8,US52->CS60,51488,51488,0
8,US53->CS5,52094,52094,0
8,US53->CS13,51701,51701,0
8,US53->CS21,51728,51728,0
8,US53->CS29,51596,51596,0
8,US53->CS37,52007,52007,0
8,US53->CS45,51488,51488,0
8,US53->CS53,51776,51776,0
8,US53->CS61,52120,52120,0
8,US54->CS6,51213,51213,0
8,US54->CS14,51646,51646,0
8,US54->CS22,51646,51646,0
8,US54->CS30,51908,51908,0
8,US54->CS38,51873,51873,0
8,US54->CS46,51346,51346,0
8,US54->CS54,51912,51912,0
8,US54->CS62,51667,51667,0
8,US55->CS7,51881,51881,0
8,US55->CS15,51898,51898,0
8,US55->CS23,52110,52110,0
8,US55->CS31,52222,52222,0
8,US55->CS39,51804,51804,0
8,US55->CS47,51748,51748,0
8,US55->CS55,51969,51969,0
8,US55->CS63,51221,51221,0
8,US56->CS0,31603,31603,0
8,US56->CS8,31487,31487,0
8,US56->CS16,31729,31727,0
8,US56->CS24,31644,31643,0
8,US56->CS32,31768,31768,0
8,US56->CS40,31617,31617,0
8,US56->CS48,31684,31682,0
8,US56->CS56,31722,31722,0
8,US57->CS1,31638,31637,0
8,US57->CS9,31883,31883,0
8,US57->CS17,31369,31369,0
8,US57->CS25,31459,31459,0
8,US57->CS33,31344,31343,0
8,US57->CS41,31791,31791,0
8,US57->CS49,31596,31596,0
8,US57->CS57,31643,31642,0
8,US58->CS2,31559,31558,0
8,US58->CS10,32134,32132,0
8,US58->CS18,31686,31686,0
8,US58->CS26,31598,31597,0
8,US58->CS34,31544,31543,0
8,US58->CS42,31565,31564,0
8,US58->CS50,31557,31557,0
8,US58->CS58,31387,31387,0
8,US59->CS3,31612,31612,0
8,US59->CS11,32081,32081,0
8,US59->CS19,31860,31860,0
8,US59->CS27,31554,31554,0
8,US59->CS35,31445,31443,0
8,US59->CS43,31533,31533,0
8,US59->CS51,31623,31623,0
8,US59->CS59,31797,31797,0
8,US60->CS4,31665,31664,0
8,US60->CS12,31468,31466,0
8,US60->CS20,31507,31507,0
8,US60->CS28,31696,31696,0
8,US60->CS36,31475,31474,0
8,US60->CS44,31852,31852,0
8,US60->CS52,31561,31561,0
8,US60->CS60,31942,31941,0
8,US61->CS5,31726,31726,0
8,US61->CS13,31832,31832,0
8,US61->CS21,31459,31459,0
8,US61->CS29,31893,31892,0
8,US61->CS37,31407,31406,0
8,US61->CS45,31736,31736,0
8,US61->CS53,31409,31409,0
8,US61->CS61,31927,31927,0
8,US62->CS6,31798,31796,0
8,US62->CS14,31793,31793,0
8,US62->CS22,31375,31375,0
8,US62->CS30,31905,31904,0
8,US62->CS38,31569,31568,0
8,US62->CS46,31515,31514,0
8,US62->CS54,31444,31444,0
8,US62->CS62,31508,31507,0
8,US63->CS7,31681,31680,0
8,US63->CS15,31515,31515,0
8,US63->CS23,32003,32003,0
8,US63->CS31,31466,31466,0
8,US63->CS39,31758,31758,0
8,US63->CS47,31593,31592,0
8,US63->CS55,31831,31831,0
8,US63->CS63,31462,31462,0
8,US64->CS0,0,0,0
8,US64->CS8,0,0,0
8,US64->CS16,0,0,0
8,US64->CS24,0,0,0
8,US64->CS32,0,0,0
8,US64->CS40,0,0,0
8,US64->CS48,0,0,0
8,US64->CS56,0,0,0
8,US65->CS1,0,0,0
8,US65->CS9,0,0,0
8,US65->CS17,0,0,0
8,US65->CS25,0,0,0
8,US65->CS33,0,0,0
8,US65->CS41,0,0,0
8,US65->CS49,0,0,0
8,US65->CS57,0,0,0
8,US66->CS2,0,0,0
8,US66->CS10,0,0,0
8,US66->CS18,0,0,0
8,US66->CS26,0,0,0
8,US66->CS34,0,0,0
8,US66->CS42,0,0,0
8,US66->CS50,0,0,0
8,US66->CS58,0,0,0
8,US67->CS3,0,0,0
8,US67->CS11,0,0,0
8,US67->CS19,0,0,0
8,US67->CS27,0,0,0
8,US67->CS35,0,0,0
8,US67->CS43,0,0,0
8,US67->CS51,0,0,0
8,US67->CS59,0,0,0
8,US68->CS4,0,0,0
8,US68->CS12,0,0,0
8,US68->CS20,0,0,0
8,US68->CS28,0,0,0
8,US68->CS36,0,0,0
8,US68->CS44,0,0,0
8,US68->CS52,0,0,0
8,US68->CS60,0,0,0
8,US69->CS5,0,0,0
8,US69->CS13,0,0,0
8,US69->CS21,0,0,0
8,US69->CS29,0,0,0
8,US69->CS37,0,0,0
8,US69->CS45,0,0,0
8,US69->CS53,0,0,0
8,US69->CS61,0,0,0
8,US70->CS6,0,0,0
8,US70->CS14,0,0,0
8,US70->CS22,0,0,0
8,US70->CS30,0,0,0
8,US70->CS38,0,0,0
8,US70->CS46,0,0,0
8,US70->CS54,0,0,0
8,US70->CS62,0,0,0
8,US71->CS7,0,0,0
8,US71->CS15,0,0,0
8,US71->CS23,0,0,0
8,US71->CS31,0,0,0
8,US71->CS39,0,0,0
8,US71->CS47,0,0,0
8,US71->CS55,0,0,0
8,US71->CS63,0,0,0
8,US72->CS0,50830,50830,0
8,US72->CS8,50977,50977,0
8,US72->CS16,51129,51129,0
8,US72->CS24,50972,50972,0
8,US72->CS32,51009,51009,0
8,US72->CS40,50880,50880,0
8,US72->CS48,50884,50884,0
8,US72->CS56,50836,50836,0
8,US73->CS1,51099,51099,0
8,US73->CS9,51086,51086,0
8,US73->CS17,50658,50658,0
8,US73->CS25,51094,51094,0
8,US73->CS33,51325,51325,0
8,US73->CS41,51196,51196,0
8,US73->CS49,51162,51162,0
8,US73->CS57,50937,50937,0
8,US74->CS2,50868,50868,0
8,US74->CS10,50951,50951,0
8,US74->CS18,50989,50989,0
8,US74->CS26,51346,51346,0
8,US74->CS34,50792,50792,0
8,US74->CS42,50968,50968,0
8,US74->CS50,51286,51286,0
8,US74->CS58,51240,51240,0
8,US75->CS3,50883,50883,0
8,US75->CS11,50798,50798,0
8,US75->CS19,51267,51267,0
8,US75->CS27,50976,50976,0
8,US75->CS35,50912,50912,0
8,US75->CS43,50635,50635,0
8,US75->CS51,50737,50737,0
8,US75->CS59,50804,50804,0
8,US76->CS4,50719,50719,0
8,US76->CS12,50894,50894,0
8,US76->CS20,50654,50654,0
8,US76->CS28,50829,50829,0
8,US76->CS36,50941,50941,0
8,US76->CS44,50988,50988,0
8,US76->CS52,51482,51482,0
8,US76->CS60,50855,50855,0
8,US77->CS5,51015,51015,0
8,US77->CS13,51221,51221,0
8,US77->CS21,50709,50709,0
8,US77->CS29,50862,50862,0
8,US77->CS37,50782,50782,0
8,US77->CS45,50956,50956,0
8,US77->CS53,51112,51112,0
8,US77->CS61,51182,51182,0
8,US78->CS6,51211,51211,0
8,US78->CS14,51051,51051,0
8,US78->CS22,50670,50670,0
8,US78->CS30,51007,51007,0
8,US78->CS38,51094,51094,0
8,US78->CS46,50602,50602,0
8,US78->CS54,50890,50890,0
8,US78->CS62,50509,50509,0
8,US79->CS7,50730,50730,0
8,US79->CS15,50768,50768,0
8,US79->CS23,50748,50748,0
8,US79->CS31,50999,50999,0
8,US79->CS39,51137,51137,0
8,US79->CS47,50788,50788,0
8,US79->CS55,51169,51169,0
8,US79->CS63,50990,50990,0
8,US80->CS0,50106,50106,0
8,US80->CS8,50420,50420,0
8,US80->CS16,50647,50647,0
8,US80->CS24,50548,50548,0
8,US80->CS32,50012,50012,0
8,US80->CS40,50275,50275,0
8,US80->CS48,50159,50159,0
8,US80->CS56,50392,50392,0
8,US81->CS1,50286,50286,0
8,US81->CS9,50086,50086,0
8,US81->CS17,50398,50398,0
8,US81->CS25,50383,50383,0
8,US81->CS33,50508,50508,0
8,US81->CS41,50155,50155,0
8,US81->CS49,50045,50045,0
8,US81->CS57,50629,50629,0
8,US82->CS2,50099,50099,0
8,US82->CS10,50242,50242,0
8,US82->CS18,50603,50603,0
8,US82->CS26,50356,50356,0
8,US82->CS34,50353,50353,0
8,US82->CS42,50361,50361,0
8,US82->CS50,50350,50350,0
8,US82->CS58,50436,50436,0
8,US83->CS3,49820,49820,0
8,US83->CS11,50245,50245,0
8,US83->CS19,50121,50121,0
8,US83->CS27,50139,50139,0
8,US83->CS35,50414,50414,0
8,US83->CS43,50475,50475,0
8,US83->CS51,50173,50173,0
8,US83->CS59,50476,50476,0
8,US84->CS4,50618,50618,0
8,US84->CS12,50107,50107,0
8,US84->CS20,50006,50006,0
8,US84->CS28,50336,50336,0
8,US84->CS36,50368,50368,0
8,US84->CS44,50048,50048,0
8,US84->CS52,50167,50167,0
8,US84->CS60,50020,50020,0
8,US85->CS5,50502,50502,0
8,US85->CS13,50449,50449,0
8,US85->CS21,49847,49847,0
8,US85->CS29,50247,50247,0
8,US85->CS37,50736,50736,0
8,US85->CS45,50153,50153,0
8,US85->CS53,50355,50355,0
8,US85->CS61,50155,50155,0
8,US86->CS6,50283,50283,0
8,US86->CS14,50349,50349,0
8,US86->CS22,50128,50128,0
8,US86->CS30,50101,50101,0
8,US86->CS38,50416,50416,0
8,US86->CS46,50598,50598,0
8,US86->CS54,50344,50344,0
8,US86->CS62,50164,50164,0
8,US87->CS7,50304,50304,0
8,US87->CS15,50664,50664,0
8,US87->CS23,50224,50224,0
8,US87->CS31,50429,50429,0
8,US87->CS39,50616,50616,0
8,US87->CS47,50325,50325,0
8,US87->CS55,50946,50946,0
8,US87->CS63,49937,49937,0
8,US88->CS0,50889,50889,0
8,US88->CS8,51358,51358,0
8,US88->CS16,51268,51268,0
8,US88->CS24,50854,50854,0
8,US88->CS32,50927,50927,0
8,US88->CS40,51290,51290,0
8,US88->CS48,50724,50724,0
8,US88->CS56,51254,51254,0
8,US89->CS1,51200,51200,0
8,US89->CS9,50926,50926,0
8,US89->CS17,51204,51204,0
8,US89->CS25,51020,51020,0
8,US89->CS33,51077,51077,0
8,US89->CS41,51107,51107,0
8,US89->CS49,51225,51225,0
8,US89->CS57,50962,50962,0
8,US90->CS2,51211,51211,0
8,US90->CS10,50942,50942,0
8,US90->CS18,51026,51026,0
8,US90->CS26,50981,50981,0
8,US90->CS34,51034,51034,0
8,US90->CS42,51493,51493,0
8,US90->CS50,51107,51107,0
8,US90->CS58,51142,51142,0
8,US91->CS3,50800,50800,0
8,US91->CS11,51208,51208,0
8,US91->CS19,51541,51541,0
8,US91->CS27,51016,51016,0
8,US91->CS35,51283,51283,0
8,US91->CS43,51051,51051,0
8,US91->CS51,51311,51311,0
8,US91->CS59,50806,50806,0
8,US92->CS4,50959,50959,0
8,US92->CS12,51359,51359,0
8,US92->CS20,50946,50946,0
8,US92->CS28,51000,51000,0
8,US92->CS36,51269,51269,0
8,US92->CS44,50870,50870,0
8,US92->CS52,50734,50734,0
8,US92->CS60,50802,50802,0
8,US93->CS5,51082,51082,0
8,US93->CS13,50859,50859,0
8,US93->CS21,51210,51210,0
8,US93->CS29,51184,51184,0
8,US93->CS37,51148,51148,0
8,US93->CS45,50786,50786,0
8,US93->CS53,51279,51279,0
8,US93->CS61,51368,51368,0
8,US94->CS6,50841,50841,0
8,US94->CS14,51250,51250,0
8,US94->CS22,50935,50935,0
8,US94->CS30,50842,50842,0
8,US94->CS38,51409,51409,0
8,US94->CS46,51141,51141,0
8,US94->CS54,51328,51328,0
8,US94->CS62,51231,51231,0
8,US95->CS7,51008,51008,0
8,US95->CS15,50951,50951,0
8,US95->CS23,50707,50707,0
8,US95->CS31,50665,50665,0
8,US95->CS39,51360,51360,0
8,US95->CS47,50751,50751,0
8,US95->CS55,50965,50965,0
8,US95->CS63,51077,51077,0
8,US96->CS0,0,0,0
8,US96->CS8,0,0,0
8,US96->CS16,0,0,0
8,US96->CS24,0,0,0
8,US96->CS32,0,0,0
8,US96->CS40,0,0,0
8,US96->CS48,0,0,0
8,US96->CS56,0,0,0
8,US97->CS1,0,0,0
8,US97->CS9,0,0,0
8,US97->CS17,0,0,0
8,US97->CS25,0,0,0
8,US97->CS33,0,0,0
8,US97->CS41,0,0,0
8,US97->CS49,0,0,0
8,US97->CS57,0,0,0
8,US98->CS2,0,0,0
8,US98->CS10,0,0,0
8,US98->CS18,0,0,0
8,US98->CS26,0,0,0
8,US98->CS34,0,0,0
8,US98->CS42,0,0,0
8,US98->CS50,0,0,0
8,US98->CS58,0,0,0
8,US99->CS3,0,0,0
8,US99->CS11,0,0,0
8,US99->CS19,0,0,0
8,US99->CS27,0,0,0
8,US99->CS35,0,0,0
8,US99->CS43,0,0,0
8,US99->CS51,0,0,0
8,US99->CS59,0,0,0
8,US100->CS4,0,0,0
8,US100->CS12,0,0,0
8,US100->CS20,0,0,0
8,US100->CS28,0,0,0
8,US100->CS36,0,0,0
8,US100->CS44,0,0,0
8,US100->CS52,0,0,0
8,US100->CS60,0,0,0
8,US101->CS5,0,0,0
8,US101->CS13,0,0,0
8,US101->CS21,0,0,0
8,US101->CS29,0,0,0
8,US101->CS37,0,0,0
8,US101->CS45,0,0,0
8,US101->CS53,0,0,0
8,US101->CS61,0,0,0
8,US102->CS6,0,0,0
8,US102->CS14,0,0,0
8,US102->CS22,0,0,0
8,US102->CS30,0,0,0
8,US102->CS38,0,0,0
8,US102->CS46,0,0,0
8,US102->CS54,0,0,0
8,US102->CS62,0,0,0
8,US103->CS7,0,0,0
8,US103->CS15,0,0,0
8,US103->CS23,0,0,0
8,US103->CS31,0,0,0
8,US103->CS39,0,0,0
8,US103->CS47,0,0,0
8,US103->CS55,0,0,0
8,US103->CS63,0,0,0
8,US104->CS0,0,0,0
8,US104->CS8,0,0,0
8,US104->CS16,0,0,0
8,US104->CS24,0,0,0
8,US104->CS32,0,0,0
8,US104->CS40,0,0,0
8,US104->CS48,0,0,0
8,US104->CS56,0,0,0
8,US105->CS1,0,0,0
8,US105->CS9,0,0,0
8,US105->CS17,0,0,0
8,US105->CS25,0,0,0
8,US105->CS33,0,0,0
8,US105->CS41,0,0,0
8,US105->CS49,0,0,0
8,US105->CS57,0,0,0
8,US106->CS2,0,0,0
8,US106->CS10,0,0,0
8,US106->CS18,0,0,0
8,US106->CS26,0,0,0
8,US106->CS34,0,0,0
8,US106->CS42,0,0,0
8,US106->CS50,0,0,0
8,US106->CS58,0,0,0
8,US107->CS3,0,0,0
8,US107->CS11,0,0,0
8,US107->CS19,0,0,0
8,US107->CS27,0,0,0
8,US107->CS35,0,0,0
8,US107->CS43,0,0,0
8,US107->CS51,0,0,0
8,US107->CS59,0,0,0
8,US108->CS4,0,0,0
8,US108->CS12,0,0,0
8,US108->CS20,0,0,0
8,US108->CS28,0,0,0
8,US108->CS36,0,0,0
8,US108->CS44,0,0,0
8,US108->CS52,0,0,0
8,US108->CS60,0,0,0
8,US109->CS5,0,0,0
8,US109->CS13,0,0,0
8,US109->CS21,0,0,0
8,US109->CS29,0,0,0
8,US109->CS37,0,0,0
8,US109->CS45,0,0,0
8,US109->CS53,0,0,0
8,US109->CS61,0,0,0
8,US110->CS6,0,0,0
8,US110->CS14,0,0,0
8,US110->CS22,0,0,0
8,US110->CS30,0,0,0
8,US110->CS38,0,0,0
8,US110->CS46,0,0,0
8,US110->CS54,0,0,0
8,US110->CS62,0,0,0
8,US111->CS7,0,0,0
8,US111->CS15,0,0,0
8,US111->CS23,0,0,0
8,US111->CS31,0,0,0
8,US111->CS39,0,0,0
8,US111->CS47,0,0,0
8,US111->CS55,0,0,0
8,US111->CS63,0,0,0
8,US112->CS0,51468,51468,0
8,US112->CS8,51737,51737,0
8,US112->CS16,51604,51604,0
8,US112->CS24,51673,51673,0
8,US112->CS32,51408,51408,0
8,US112->CS40,51607,51607,0
8,US112->CS48,51435,51435,0
8,US112->CS56,51676,51676,0
8,US113->CS1,51821,51821,0
8,US113->CS9,51486,51486,0
8,US113->CS17,51803,51803,0
8,US113->CS25,51337,51337,0
8,US113->CS33,51561,51561,0
8,US113->CS41,51669,51669,0
8,US113->CS49,52085,52085,0
8,US113->CS57,51751,51751,0
8,US114->CS2,51890,51890,0
8,US114->CS10,51264,51264,0
8,US114->CS18,51323,51323,0
8,US114->CS26,51488,51488,0
8,US114->CS34,51890,51890,0
8,US114->CS42,51434,51434,0
8,US114->CS50,51276,51276,0
8,US114->CS58,51612,51612,0
8,US115->CS3,51591,51591,0
8,US115->CS11,51615,51615,0
8,US115->CS19,51518,51518,0
8,US115->CS27,51471,51471,0
8,US115->CS35,51650,51650,0
8,US115->CS43,51267,51267,0
8,US115->CS51,51450,51450,0
8,US115->CS59,51910,51910,0
8,US116->CS4,51805,51805,0
8,US116->CS12,51757,51757,0
8,US116->CS20,51769,51769,0
8,US116->CS28,51852,51852,0
8,US116->CS36,52086,52086,0
8,US116->CS44,51782,51782,0
8,US116->CS52,51604,51604,0
8,US116->CS60,51417,51417,0
8,US117->CS5,51452,51452,0
8,US117->CS13,51574,51574,0
8,US117->CS21,51609,51609,0
8,US117->CS29,51680,51680,0
8,US117->CS37,51980,51980,0
8,US117->CS45,51848,51848,0
8,US117->CS53,51451,51451,0
8,US117->CS61,51886,51886,0
8,US118->CS6,52222,52222,0
8,US118->CS14,51989,51989,0
8,US118->CS22,51546,51546,0
8,US118->CS30,51792,51792,0
8,US118->CS38,51465,51465,0
8,US118->CS46,51724,51724,0
8,US118->CS54,51497,51497,0
8,US118->CS62,52196,52196,0
8,US119->CS7,51718,51718,0
8,US119->CS15,51281,51281,0
8,US119->CS23,51654,51654,0
8,US119->CS31,51397,51397,0
8,US119->CS39,51537,51537,0
8,US119->CS47,51365,51365,0
8,US119->CS55,51559,51559,0
8,US119->CS63,51678,51678,0
8,US120->CS0,50342,50342,0
8,US120->CS8,50348,50348,0
8,US120->CS16,50670,50670,0
8,US120->CS24,50263,50263,0
8,US120->CS32,50500,50500,0
8,US120->CS40,50510,50510,0
8,US120->CS48,50253,50253,0
8,US120->CS56,50940,50940,0
8,US121->CS1,50394,50394,0
8,US121->CS9,50458,50458,0
8,US121->CS17,50459,50459,0
8,US121->CS25,50843,50843,0
8,US121->CS33,50503,50503,0
8,US121->CS41,50834,50834,0
8,US121->CS49,50729,50729,0
8,US121->CS57,50453,50453,0
8,US122->CS2,50259,50259,0
8,US122->CS10,50713,50713,0
8,US122->CS18,50218,50218,0
8,US122->CS26,50916,50916,0
8,US122->CS34,50306,50306,0
8,US122->CS42,50394,50394,0
8,US122->CS50,50381,50381,0
8,US122->CS58,50475,50475,0
8,US123->CS3,50382,50382,0
8,US123->CS11,50770,50770,0
8,US123->CS19,50882,50882,0
8,US123->CS27,50291,50291,0
8,US123->CS35,50191,50191,0
8,US123->CS43,50361,50361,0
8,US123->CS51,50726,50726,0
8,US123->CS59,50355,50355,0
8,US124->CS4,50284,50284,0
8,US124->CS12,50738,50738,0
8,US124->CS20,50349,50349,0
8,US124->CS28,50591,50591,0
8,US124->CS36,50747,50747,0
8,US124->CS44,50209,50209,0
8,US124->CS52,50595,50595,0
8,US124->CS60,50178,50178,0
8,US125->CS5,50668,50668,0
8,US125->CS13,50332,50332,0
8,US125->CS21,50381,50381,0
8,US125->CS29,50656,50656,0
8,US125->CS37,50620,50620,0
8,US125->CS45,50520,50520,0
8,US125->CS53,50726,50726,0
8,US125->CS61,50849,50849,0
8,US126->CS6,50739,50739,0
8,US126->CS14,50537,50537,0
8,US126->CS22,50325,50325,0
8,US126->CS30,50534,50534,0
8,US126->CS38,50520,50520,0
8,US126->CS46,50518,50518,0
8,US126->CS54,50573,50573,0
8,US126->CS62,50664,50664,0
8,US127->CS7,50380,50380,0
8,US127->CS15,50830,50830,0
8,US127->CS23,50502,50502,0
8,US127->CS31,50535,50535,0
8,US127->CS39,50526,50526,0
8,US127->CS47,50149,50149,0
8,US127->CS55,50588,50588,0
8,US127->CS63,50791,50791,0
8,CS0->US0,51923,51923,0
8,CS0->US8,50261,50261,0
8,CS0->US16,50486,50486,0
8,CS0->US24,31663,31662,0
8,CS0->US32,0,0,0
8,CS0->US40,51489,51489,0
8,CS0->US48,51374,51374,0
8,CS0->US56,32290,32290,0
8,CS0->US64,0,0,0
8,CS0->US72,50857,50857,0
8,CS0->US80,55767,55767,0
8,CS0->US88,50903,50903,0
8,CS0->US96,0,0,0
8,CS0->US104,0,0,0
8,CS0->US112,56507,56507,0
8,CS0->US120,53506,53506,0
8,CS1->US1,51197,51197,0
8,CS1->US9,50351,50351,0
8,CS1->US17,50629,50629,0
8,CS1->US25,31679,31678,0
8,CS1->US33,0,0,0
8,CS1->US41,51786,51786,0
8,CS1->US49,51499,51499,0
8,CS1->US57,31820,31820,0
8,CS1->US65,0,0,0
8,CS1->US73,51091,51091,0
8,CS1->US81,55969,55969,0
8,CS1->US89,51150,51150,0
8,CS1->US97,0,0,0
8,CS1->US105,0,0,0
8,CS1->US113,55821,55821,0
8,CS1->US121,53581,53581,0
8,CS2->US2,51675,51675,0
8,CS2->US10,50207,50207,0
8,CS2->US18,50507,50507,0
8,CS2->US26,31605,31605,0
8,CS2->US34,0,0,0
8,CS2->US42,51923,51923,0
8,CS2->US50,51467,51467,0
8,CS2->US58,32068,32068,0
8,CS2->US66,0,0,0
8,CS2->US74,51107,51107,0
8,CS2->US82,55662,55662,0
8,CS2->US90,50911,50911,0
8,CS2->US98,0,0,0
8,CS2->US106,0,0,0
8,CS2->US114,56667,56667,0
8,CS2->US122,53722,53722,0
8,CS3->US3,51355,51355,0
8,CS3->US11,49911,49911,0
8,CS3->US19,50549,50549,0
8,CS3->US27,31630,31630,0
8,CS3->US35,0,0,0
8,CS3->US43,51642,51642,0
8,CS3->US51,51090,51090,0
8,CS3->US59,31819,31819,0
8,CS3->US67,0,0,0
8,CS3->US75,50726,50726,0
8,CS3->US83,55550,55550,0
8,CS3->US91,50962,50962,0
8,CS3->US99,0,0,0
8,CS3->US107,0,0,0
8,CS3->US115,56295,56295,0
8,CS3->US123,53458,53458,0
8,CS4->US4,51476,51476,0
8,CS4->US12,50708,50708,0
8,CS4->US20,50462,50462,0
8,CS4->US28,31719,31718,0
8,CS4->US36,0,0,0
8,CS4->US44,51807,51807,0
8,CS4->US52,51316,51316,0
8,CS4->US60,31975,31975,0
8,CS4->US68,0,0,0
8,CS4->US76,50928,50928,0
8,CS4->US84,55856,55856,0
8,CS4->US92,50770,50770,0
8,CS4->US100,0,0,0
8,CS4->US108,0,0,0
8,CS4->US116,56110,56110,0
8,CS4->US124,53625,53625,0
8,CS5->US5,51790,51790,0
8,CS5->US13,50588,50588,0
8,CS5->US21,50852,50852,0
8,CS5->US29,31754,31754,0
8,CS5->US37,0,0,0
8,CS5->US45,51541,51541,0
8,CS5->US53,51160,51160,0
8,CS5->US61,32167,32167,0
8,CS5->US69,0,0,0
8,CS5->US77,51037,51037,0
8,CS5->US85,55954,55954,0
8,CS5->US93,51016,51016,0
8,CS5->US101,0,0,0
8,CS5->US109,0,0,0
8,CS5->US117,56083,56083,0
8,CS5->US125,53915,53915,0
8,CS6->US6,50942,50942,0
8,CS6->US14,50396,50396,0
8,CS6->US22,50913,50913,0
8,CS6->US30,31852,31851,0
8,CS6->US38,0,0,0
8,CS6->US46,52251,52251,0
8,CS6->US54,51523,51523,0
8,CS6->US62,31827,31827,0
8,CS6->US70,0,0,0
8,CS6->US78,50760,50760,0
8,CS6->US86,55667,55667,0
8,CS6->US94,51255,51255,0
8,CS6->US102,0,0,0
8,CS6->US110,0,0,0
8,CS6->US118,56276,56276,0
8,CS6->US126,53223,53223,0
8,CS7->US7,51602,51602,0
8,CS7->US15,50426,50426,0
8,CS7->US23,50580,50580,0
8,CS7->US31,31739,31739,0
8,CS7->US39,0,0,0
8,CS7->US47,51767,51767,0
8,CS7->US55,51707,51707,0
8,CS7->US63,31613,31613,0
8,CS7->US71,0,0,0
8,CS7->US79,50930,50930,0
8,CS7->US87,55909,55909,0
8,CS7->US95,50738,50738,0
8,CS7->US103,0,0,0
8,CS7->US111,0,0,0
8,CS7->US119,55871,55871,0
8,CS7->US127,53429,53429,0
8,CS8->US0,51864,51864,0
8,CS8->US8,50478,50478,0
8,CS8->US16,50519,50519,0
8,CS8->US24,31506,31506,0
8,CS8->US32,0,0,0
8,CS8->US40,51700,51700,0
8,CS8->US48,51894,51894,0
8,CS8->US56,32201,32199,0
8,CS8->US64,0,0,0
8,CS8->US72,51304,51304,0
8,CS8->US80,56190,56190,0
8,CS8->US88,51084,51084,0
8,CS8->US96,0,0,0
8,CS8->US104,0,0,0
8,CS8->US112,56017,56017,0
8,CS8->US120,53498,53498,0
8,CS9->US1,50744,50744,0
8,CS9->US9,50176,50176,0
8,CS9->US17,50689,50689,0
8,CS9->US25,31929,31929,0
8,CS9->US33,0,0,0
8,CS9->US41,51498,51498,0
8,CS9->US49,51715,51715,0
8,CS9->US57,32208,32208,0
8,CS9->US65,0,0,0
8,CS9->US73,50873,50873,0
8,CS9->US81,55853,55853,0
8,CS9->US89,51120,51120,0
8,CS9->US97,0,0,0
8,CS9->US105,0,0,0
8,CS9->US113,56047,56047,0
8,CS9->US121,53803,53803,0
8,CS10->US2,51593,51593,0
8,CS10->US10,50364,50364,0
8,CS10->US18,50842,50842,0
8,CS10->US26,32185,32183,0
8,CS10->US34,0,0,0
8,CS10->US42,51269,51269,0
8,CS10->US50,51265,51265,0
8,CS10->US58,32192,32192,0
8,CS10->US66,0,0,0
8,CS10->US74,50928,50928,0
8,CS10->US82,56050,56050,0
8,CS10->US90,51018,51018,0
8,CS10->US98,0,0,0
8,CS10->US106,0,0,0
8,CS10->US114,56203,56203,0
8,CS10->US122,53609,53609,0
8,CS11->US3,51231,51231,0
8,CS11->US11,50295,50295,0
8,CS11->US19,50907,50907,0
8,CS11->US27,32136,32135,0
8,CS11->US35,0,0,0
8,CS11->US43,51626,51626,0
8,CS11->US51,51035,51035,0
8,CS11->US59,31928,31928,0
8,CS11->US67,0,0,0
8,CS11->US75,51214,51214,0
8,CS11->US83,55709,55709,0
8,CS11->US91,50832,50832,0
8,CS11->US99,0,0,0
8,CS11->US107,0,0,0
8,CS11->US115,56070,56070,0
8,CS11->US123,53444,53444,0
8,CS12->US4,51601,51601,0
8,CS12->US12,50217,50217,0
8,CS12->US20,50914,50914,0
8,CS12->US28,31542,31542,0
8,CS12->US36,0,0,0
8,CS12->US44,51734,51734,0
8,CS12->US52,51366,51366,0
8,CS12->US60,32406,32405,0
8,CS12->US68,0,0,0
8,CS12->US76,51281,51281,0
8,CS12->US84,55702,55702,0
8,CS12->US92,50914,50914,0
8,CS12->US100,0,0,0
8,CS12->US108,0,0,0
8,CS12->US116,56300,56300,0
8,CS12->US124,53058,53058,0
8,CS13->US5,51423,51423,0
8,CS13->US13,50538,50538,0
8,CS13->US21,50429,50429,0
8,CS13->US29,31877,31877,0
8,CS13->US37,0,0,0
8,CS13->US45,51619,51619,0
8,CS13->US53,51781,51781,0
8,CS13->US61,31841,31841,0
8,CS13->US69,0,0,0
8,CS13->US77,50847,50847,0
8,CS13->US85,55802,55802,0
8,CS13->US93,51306,51306,0
8,CS13->US101,0,0,0
8,CS13->US109,0,0,0
8,CS13->US117,56182,56182,0
8,CS13->US125,53626,53626,0
8,CS14->US6,51373,51373,0
8,CS14->US14,50462,50462,0
8,CS14->US22,50671,50671,0
8,CS14->US30,31824,31824,0
8,CS14->US38,0,0,0
8,CS14->US46,52015,52015,0
8,CS14->US54,51109,51109,0
8,CS14->US62,32285,32285,0
8,CS14->US70,0,0,0
8,CS14->US78,51238,51238,0
8,CS14->US86,55676,55676,0
8,CS14->US94,51053,51053,0
8,CS14->US102,0,0,0
8,CS14->US110,0,0,0
8,CS14->US118,56316,56316,0
8,CS14->US126,53502,53502,0
8,CS15->US7,51591,51591,0
8,CS15->US15,50735,50735,0
8,CS15->US23,51077,51077,0
8,CS15->US31,31571,31571,0
8,CS15->US39,0,0,0
8,CS15->US47,51340,51340,0
8,CS15->US55,51665,51665,0
8,CS15->US63,31735,31734,0
8,CS15->US71,0,0,0
8,CS15->US79,50901,50901,0
8,CS15->US87,55553,55553,0
8,CS15->US95,50815,50815,0
8,CS15->US103,0,0,0
8,CS15->US111,0,0,0
8,CS15->US119,56434,56434,0
8,CS15->US127,53499,53499,0
8,CS16->US0,51413,51413,0
8,CS16->US8,50706,50706,0
8,CS16->US16,50864,50864,0
8,CS16->US24,31772,31772,0
8,CS16->US32,0,0,0
8,CS16->US40,51639,51639,0
8,CS16->US48,51433,51433,0
8,CS16->US56,31990,31990,0
8,CS16->US64,0,0,0
8,CS16->US72,51237,51237,0
8,CS16->US80,55639,55639,0
8,CS16->US88,51222,51222,0
8,CS16->US96,0,0,0
8,CS16->US104,0,0,0
8,CS16->US112,55841,55841,0
8,CS16->US120,53375,53375,0
8,CS17->US1,51575,51575,0
8,CS17->US9,50450,50450,0
8,CS17->US17,50662,50662,0
8,CS17->US25,31411,31409,0
8,CS17->US33,0,0,0
8,CS17->US41,51854,51854,0
8,CS17->US49,51646,51646,0
8,CS17->US57,31950,31948,0
8,CS17->US65,0,0,0
8,CS17->US73,51188,51188,0
8,CS17->US81,55523,55523,0
8,CS17->US89,50739,50739,0
8,CS17->US97,0,0,0
8,CS17->US105,0,0,0
8,CS17->US113,55919,55919,0
8,CS17->US121,53521,53521,0
8,CS18->US2,51608,51608,0
8,CS18->US10,50711,50711,0
8,CS18->US18,50346,50346,0
8,CS18->US26,31720,31719,0
8,CS18->US34,0,0,0
8,CS18->US42,51354,51354,0
8,CS18->US50,51406,51406,0
8,CS18->US58,31765,31765,0
8,CS18->US66,0,0,0
8,CS18->US74,51005,51005,0
8,CS18->US82,55461,55461,0
8,CS18->US90,51001,51001,0
8,CS18->US98,0,0,0
8,CS18->US106,0,0,0
8,CS18->US114,55910,55910,0
8,CS18->US122,53524,53524,0
8,CS19->US3,51063,51063,0
8,CS19->US11,50249,50249,0
8,CS19->US19,51067,51067,0
8,CS19->US27,31919,31918,0
8,CS19->US35,0,0,0
8,CS19->US43,51564,51564,0
8,CS19->US51,51388,51388,0
8,CS19->US59,32223,32223,0
8,CS19->US67,0,0,0
8,CS19->US75,51433,51433,0
8,CS19->US83,55787,55787,0
8,CS19->US91,51338,51338,0
8,CS19->US99,0,0,0
8,CS19->US107,0,0,0
8,CS19->US115,56449,56449,0
8,CS19->US123,53090,53090,0
8,CS20->US4,51542,51542,0
8,CS20->US12,50115,50115,0
8,CS20->US20,50491,50491,0
8,CS20->US28,31604,31604,0
8,CS20->US36,0,0,0
8,CS20->US44,51737,51737,0
8,CS20->US52,51019,51019,0
8,CS20->US60,32371,32371,0
8,CS20->US68,0,0,0
8,CS20->US76,50905,50905,0
8,CS20->US84,56073,56073,0
8,CS20->US92,50712,50712,0
8,CS20->US100,0,0,0
8,CS20->US108,0,0,0
8,CS20->US116,56450,56450,0
8,CS20->US124,53430,53430,0
8,CS21->US5,51422,51422,0
8,CS21->US13,49965,49965,0
8,CS21->US21,50485,50485,0
8,CS21->US29,31499,31499,0
8,CS21->US37,0,0,0
8,CS21->US45,51697,51697,0
8,CS21->US53,51615,51615,0
8,CS21->US61,31955,31955,0
8,CS21->US69,0,0,0
8,CS21->US77,51163,51163,0
8,CS21->US85,55823,55823,0
8,CS21->US93,50703,50703,0
8,CS21->US101,0,0,0
8,CS21->US109,0,0,0
8,CS21->US117,56157,56157,0
8,CS21->US125,53606,53606,0
8,CS22->US6,51410,51410,0
8,CS22->US14,50185,50185,0
8,CS22->US22,50406,50406,0
8,CS22->US30,31421,31420,0
8,CS22->US38,0,0,0
8,CS22->US46,51549,51549,0
8,CS22->US54,51457,51457,0
8,CS22->US62,31984,31984,0
8,CS22->US70,0,0,0
8,CS22->US78,50961,50961,0
8,CS22->US86,56016,56016,0
8,CS22->US94,50643,50643,0
8,CS22->US102,0,0,0
8,CS22->US110,0,0,0
8,CS22->US118,56318,56318,0
8,CS22->US126,53273,53273,0
8,CS23->US7,51854,51854,0
8,CS23->US15,50339,50339,0
8,CS23->US23,50732,50732,0
8,CS23->US31,32032,32032,0
8,CS23->US39,0,0,0
8,CS23->US47,51670,51670,0
8,CS23->US55,51756,51756,0
8,CS23->US63,32245,32244,0
8,CS23->US71,0,0,0
8,CS23->US79,50662,50662,0
8,CS23->US87,55839,55839,0
8,CS23->US95,50765,50765,0
8,CS23->US103,0,0,0
8,CS23->US111,0,0,0
8,CS23->US119,56229,56229,0
8,CS23->US127,53664,53664,0
8,CS24->US0,51854,51854,0
8,CS24->US8,50643,50643,0
8,CS24->US16,50492,50492,0
8,CS24->US24,31709,31709,0
8,CS24->US32,0,0,0
8,CS24->US40,51621,51621,0
8,CS24->US48,51343,51343,0
8,CS24->US56,31536,31536,0
8,CS24->US64,0,0,0
8,CS24->US72,50841,50841,0
8,CS24->US80,55842,55842,0
8,CS24->US88,51102,51102,0
8,CS24->US96,0,0,0
8,CS24->US104,0,0,0
8,CS24->US112,56456,56456,0
8,CS24->US120,53684,53684,0
8,CS25->US1,51559,51559,0
8,CS25->US9,50504,50504,0
8,CS25->US17,50932,50932,0
8,CS25->US25,31480,31480,0
8,CS25->US33,0,0,0
8,CS25->US41,51391,51391,0
8,CS25->US49,51622,51622,0
8,CS25->US57,31720,31720,0
8,CS25->US65,0,0,0
8,CS25->US73,51059,51059,0
8,CS25->US81,56065,56065,0
8,CS25->US89,51120,51120,0
8,CS25->US97,0,0,0
8,CS25->US105,0,0,0
8,CS25->US113,56401,56401,0
8,CS25->US121,53739,53739,0
8,CS26->US2,51653,51653,0
8,CS26->US10,50451,50451,0
8,CS26->US18,51040,51040,0
8,CS26->US26,31667,31666,0
8,CS26->US34,0,0,0
8,CS26->US42,51511,51511,0
8,CS26->US50,51213,51213,0
8,CS26->US58,32144,32143,0
8,CS26->US66,0,0,0
8,CS26->US74,50974,50974,0
8,CS26->US82,55721,55721,0
8,CS26->US90,51370,51370,0
8,CS26->US98,0,0,0
8,CS26->US106,0,0,0
8,CS26->US114,56297,56297,0
8,CS26->US122,53654,53654,0
8,CS27->US3,51533,51533,0
8,CS27->US11,50219,50219,0
8,CS27->US19,50404,50404,0
8,CS27->US27,31621,31621,0
8,CS27->US35,0,0,0
8,CS27->US43,51511,51511,0
8,CS27->US51,51262,51262,0
8,CS27->US59,32036,32036,0
8,CS27->US67,0,0,0
8,CS27->US75,51002,51002,0
8,CS27->US83,56020,56020,0
8,CS27->US91,50987,50987,0
8,CS27->US99,0,0,0
8,CS27->US107,0,0,0
8,CS27->US115,56194,56194,0
8,CS27->US123,53554,53554,0
8,CS28->US4,51254,51254,0
8,CS28->US12,50416,50416,0
8,CS28->US20,50781,50781,0
8,CS28->US28,31771,31771,0
8,CS28->US36,0,0,0
8,CS28->US44,51835,51835,0
8,CS28->US52,51763,51763,0
8,CS28->US60,32207,32207,0
8,CS28->US68,0,0,0
8,CS28->US76,50957,50957,0
8,CS28->US84,55846,55846,0
8,CS28->US92,50925,50925,0
8,CS28->US100,0,0,0
8,CS28->US108,0,0,0
8,CS28->US116,55881,55881,0
8,CS28->US124,53436,53436,0
8,CS29->US5,51342,51342,0
8,CS29->US13,50338,50338,0
8,CS29->US21,50862,50862,0
8,CS29->US29,31920,31920,0
8,CS29->US37,0,0,0
8,CS29->US45,51639,51639,0
8,CS29->US53,51536,51536,0
8,CS29->US61,32277,32275,0
8,CS29->US69,0,0,0
8,CS29->US77,51161,51161,0
8,CS29->US85,55010,55010,0
8,CS29->US93,50948,50948,0
8,CS29->US101,0,0,0
8,CS29->US109,0,0,0
8,CS29->US117,56140,56140,0
8,CS29->US125,53391,53391,0
8,CS30->US6,51658,51658,0
8,CS30->US14,50212,50212,0
8,CS30->US22,50716,50716,0
8,CS30->US30,31962,31962,0
8,CS30->US38,0,0,0
8,CS30->US46,51827,51827,0
8,CS30->US54,51629,51629,0
8,CS30->US62,31877,31876,0
8,CS30->US70,0,0,0
8,CS30->US78,50850,50850,0
8,CS30->US86,55837,55837,0
8,CS30->US94,51026,51026,0
8,CS30->US102,0,0,0
8,CS30->US110,0,0,0
8,CS30->US118,56151,56151,0
8,CS30->US126,53873,53873,0
8,CS31->US7,51964,51964,0
8,CS31->US15,50521,50521,0
8,CS31->US23,50605,50605,0
8,CS31->US31,31524,31522,0
8,CS31->US39,0,0,0
8,CS31->US47,51377,51377,0
8,CS31->US55,51646,51646,0
8,CS31->US63,32383,32383,0
8,CS31->US71,0,0,0
8,CS31->US79,50698,50698,0
8,CS31->US87,55901,55901,0
8,CS31->US95,51068,51068,0
8,CS31->US103,0,0,0
8,CS31->US111,0,0,0
8,CS31->US119,56416,56416,0
8,CS31->US127,53460,53460,0
8,CS32->US0,51509,51509,0
8,CS32->US8,50096,50096,0
8,CS32->US16,50673,50673,0
8,CS32->US24,31794,31793,0
8,CS32->US32,0,0,0
8,CS32->US40,51390,51390,0
8,CS32->US48,51309,51309,0
8,CS32->US56,32145,32144,0
8,CS32->US64,0,0,0
8,CS32->US72,50819,50819,0
8,CS32->US80,55952,55952,0
8,CS32->US88,51119,51119,0
8,CS32->US96,0,0,0
8,CS32->US104,0,0,0
8,CS32->US112,56613,56613,0
8,CS32->US120,53503,53503,0
8,CS33->US1,51450,51450,0
8,CS33->US9,50599,50599,0
8,CS33->US17,50731,50731,0
8,CS33->US25,31381,31381,0
8,CS33->US33,0,0,0
8,CS33->US41,51653,51653,0
8,CS33->US49,51627,51627,0
8,CS33->US57,31924,31923,0
8,CS33->US65,0,0,0
8,CS33->US73,51086,51086,0
8,CS33->US81,55805,55805,0
8,CS33->US89,51294,51294,0
8,CS33->US97,0,0,0
8,CS33->US105,0,0,0
8,CS33->US113,55979,55979,0
8,CS33->US121,53623,53623,0
8,CS34->US2,51171,51171,0
8,CS34->US10,50403,50403,0
8,CS34->US18,50469,50469,0
8,CS34->US26,31610,31609,0
8,CS34->US34,0,0,0
8,CS34->US42,51960,51960,0
8,CS34->US50,51503,51503,0
8,CS34->US58,32116,32115,0
8,CS34->US66,0,0,0
8,CS34->US74,50957,50957,0
8,CS34->US82,55143,55143,0
8,CS34->US90,50819,50819,0
8,CS34->US98,0,0,0
8,CS34->US106,0,0,0
8,CS34->US114,56263,56263,0
8,CS34->US122,53342,53342,0
8,CS35->US3,51634,51634,0
8,CS35->US11,50478,50478,0
8,CS35->US19,50380,50380,0
8,CS35->US27,31498,31497,0
8,CS35->US35,0,0,0
8,CS35->US43,51668,51668,0
8,CS35->US51,51478,51478,0
8,CS35->US59,32111,32111,0
8,CS35->US67,0,0,0
8,CS35->US75,51226,51226,0
8,CS35->US83,55748,55748,0
8,CS35->US91,50964,50964,0
8,CS35->US99,0,0,0
8,CS35->US107,0,0,0
8,CS35->US115,56179,56179,0
8,CS35->US123,53314,53314,0
8,CS36->US4,51571,51571,0
8,CS36->US12,50430,50430,0
8,CS36->US20,50979,50979,0
8,CS36->US28,31510,31510,0
8,CS36->US36,0,0,0
8,CS36->US44,52143,52143,0
8,CS36->US52,51588,51588,0
8,CS36->US60,32112,32112,0
8,CS36->US68,0,0,0
8,CS36->US76,51185,51185,0
8,CS36->US84,55637,55637,0
8,CS36->US92,51009,51009,0
8,CS36->US100,0,0,0
8,CS36->US108,0,0,0
8,CS36->US116,56047,56047,0
8,CS36->US124,53439,53439,0
8,CS37->US5,51701,51701,0
8,CS37->US13,50829,50829,0
8,CS37->US21,50774,50774,0
8,CS37->US29,31469,31468,0
8,CS37->US37,0,0,0
8,CS37->US45,52096,52096,0
8,CS37->US53,51044,51044,0
8,CS37->US61,32077,32077,0
8,CS37->US69,0,0,0
8,CS37->US77,51100,51100,0
8,CS37->US85,55742,55742,0
8,CS37->US93,50745,50745,0
8,CS37->US101,0,0,0
8,CS37->US109,0,0,0
8,CS37->US117,56268,56268,0
8,CS37->US125,53494,53494,0
8,CS38->US6,51589,51589,0
8,CS38->US14,50539,50539,0
8,CS38->US22,50666,50666,0
8,CS38->US30,31628,31628,0
8,CS38->US38,0,0,0
8,CS38->US46,51499,51499,0
8,CS38->US54,51556,51556,0
8,CS38->US62,31979,31979,0
8,CS38->US70,0,0,0
8,CS38->US78,51396,51396,0
8,CS38->US86,55659,55659,0
8,CS38->US94,51141,51141,0
8,CS38->US102,0,0,0
8,CS38->US110,0,0,0
8,CS38->US118,56493,56493,0
8,CS38->US126,53765,53765,0
8,CS39->US7,51539,51539,0
8,CS39->US15,50751,50751,0
8,CS39->US23,50736,50736,0
8,CS39->US31,31771,31771,0
8,CS39->US39,0,0,0
8,CS39->US47,51569,51569,0
8,CS39->US55,51610,51610,0
8,CS39->US63,31840,31839,0
8,CS39->US71,0,0,0
8,CS39->US79,51270,51270,0
8,CS39->US87,55764,55764,0
8,CS39->US95,51169,51169,0
8,CS39->US103,0,0,0
8,CS39->US111,0,0,0
8,CS39->US119,56419,56419,0
8,CS39->US127,53631,53631,0
8,CS40->US0,51424,51424,0
8,CS40->US8,50330,50330,0
8,CS40->US16,50717,50717,0
8,CS40->US24,31640,31640,0
8,CS40->US32,0,0,0
8,CS40->US40,51603,51603,0
8,CS40->US48,50950,50950,0
8,CS40->US56,31772,31771,0
8,CS40->US64,0,0,0
8,CS40->US72,51238,51238,0
8,CS40->US80,55140,55140,0
8,CS40->US88,50991,50991,0
8,CS40->US96,0,0,0
8,CS40->US104,0,0,0
8,CS40->US112,56107,56107,0
8,CS40->US120,53386,53386,0
8,CS41->US1,51617,51617,0
8,CS41->US9,50307,50307,0
8,CS41->US17,50874,50874,0
8,CS41->US25,31859,31857,0
8,CS41->US33,0,0,0
8,CS41->US41,51726,51726,0
8,CS41->US49,51809,51809,0
8,CS41->US57,32154,32154,0
8,CS41->US65,0,0,0
8,CS41->US73,51109,51109,0
8,CS41->US81,55950,55950,0
8,CS41->US89,51190,51190,0
8,CS41->US97,0,0,0
8,CS41->US105,0,0,0
8,CS41->US113,55992,55992,0
8,CS41->US121,53549,53549,0
8,CS42->US2,51401,51401,0
8,CS42->US10,50474,50474,0
8,CS42->US18,50599,50599,0
8,CS42->US26,31616,31615,0
8,CS42->US34,0,0,0
8,CS42->US42,51483,51483,0
8,CS42->US50,51786,51786,0
8,CS42->US58,32109,32109,0
8,CS42->US66,0,0,0
8,CS42->US74,51444,51444,0
8,CS42->US82,55793,55793,0
8,CS42->US90,50957,50957,0
8,CS42->US98,0,0,0
8,CS42->US106,0,0,0
8,CS42->US114,56132,56132,0
8,CS42->US122,53655,53655,0
8,CS43->US3,51210,51210,0
8,CS43->US11,50596,50596,0
8,CS43->US19,50486,50486,0
8,CS43->US27,31618,31618,0
8,CS43->US35,0,0,0
8,CS43->US43,51340,51340,0
8,CS43->US51,51345,51345,0
8,CS43->US59,31852,31850,0
8,CS43->US67,0,0,0
8,CS43->US75,51015,51015,0
8,CS43->US83,55743,55743,0
8,CS43->US91,50648,50648,0
8,CS43->US99,0,0,0
8,CS43->US107,0,0,0
8,CS43->US115,56117,56117,0
8,CS43->US123,53706,53706,0
8,CS44->US4,51164,51164,0
8,CS44->US12,50155,50155,0
8,CS44->US20,50417,50417,0
8,CS44->US28,31864,31864,0
8,CS44->US36,0,0,0
8,CS44->US44,51776,51776,0
8,CS44->US52,51650,51650,0
8,CS44->US60,31969,31969,0
8,CS44->US68,0,0,0
8,CS44->US76,50848,50848,0
8,CS44->US84,56305,56305,0
8,CS44->US92,51098,51098,0
8,CS44->US100,0,0,0
8,CS44->US108,0,0,0
8,CS44->US116,56314,56314,0
8,CS44->US124,53131,53131,0
8,CS45->US5,51215,51215,0
8,CS45->US13,50267,50267,0
8,CS45->US21,50745,50745,0
8,CS45->US29,31805,31805,0
8,CS45->US37,0,0,0
8,CS45->US45,51871,51871,0
8,CS45->US53,51616,51616,0
8,CS45->US61,31969,31967,0
8,CS45->US69,0,0,0
8,CS45->US77,50730,50730,0
8,CS45->US85,55871,55871,0
8,CS45->US93,50971,50971,0
8,CS45->US101,0,0,0
8,CS45->US109,0,0,0
8,CS45->US117,55802,55802,0
8,CS45->US125,53482,53482,0
8,CS46->US6,51068,51068,0
8,CS46->US14,50685,50685,0
8,CS46->US22,50709,50709,0
8,CS46->US30,31573,31573,0
8,CS46->US38,0,0,0
8,CS46->US46,51754,51754,0
8,CS46->US54,51808,51808,0
8,CS46->US62,32178,32178,0
8,CS46->US70,0,0,0
8,CS46->US78,51040,51040,0
8,CS46->US86,55869,55869,0
8,CS46->US94,50603,50603,0
8,CS46->US102,0,0,0
8,CS46->US110,0,0,0
8,CS46->US118,55667,55667,0
8,CS46->US126,53731,53731,0
8,CS47->US7,51450,51450,0
8,CS47->US15,50403,50403,0
8,CS47->US23,50329,50329,0
8,CS47->US31,31646,31646,0
8,CS47->US39,0,0,0
8,CS47->US47,51409,51409,0
8,CS47->US55,51329,51329,0
8,CS47->US63,32408,32407,0
8,CS47->US71,0,0,0
8,CS47->US79,50756,50756,0
8,CS47->US87,56159,56159,0
8,CS47->US95,50856,50856,0
8,CS47->US103,0,0,0
8,CS47->US111,0,0,0
8,CS47->US119,56248,56248,0
8,CS47->US127,53291,53291,0
8,CS48->US0,51879,51879,0
8,CS48->US8,50215,50215,0
8,CS48->US16,50464,50464,0
8,CS48->US24,31725,31724,0
8,CS48->US32,0,0,0
8,CS48->US40,51382,51382,0
8,CS48->US48,51938,51938,0
8,CS48->US56,32150,32149,0
8,CS48->US64,0,0,0
8,CS48->US72,50698,50698,0
8,CS48->US80,55403,55403,0
8,CS48->US88,50935,50935,0
8,CS48->US96,0,0,0
8,CS48->US104,0,0,0
8,CS48->US112,56197,56197,0
8,CS48->US120,53417,53417,0
8,CS49->US1,51573,51573,0
8,CS49->US9,50125,50125,0
8,CS49->US17,50926,50926,0
8,CS49->US25,31595,31594,0
8,CS49->US33,0,0,0
8,CS49->US41,52122,52122,0
8,CS49->US49,51823,51823,0
8,CS49->US57,32138,32138,0
8,CS49->US65,0,0,0
8,CS49->US73,51196,51196,0
8,CS49->US81,55943,55943,0
8,CS49->US89,51192,51192,0
8,CS49->US97,0,0,0
8,CS49->US105,0,0,0
8,CS49->US113,56032,56032,0
8,CS49->US121,52993,52993,0
8,CS50->US2,51449,51449,0
8,CS50->US10,50489,50489,0
8,CS50->US18,50594,50594,0
8,CS50->US26,31638,31638,0
8,CS50->US34,0,0,0
8,CS50->US42,51253,51253,0
8,CS50->US50,51516,51516,0
8,CS50->US58,31741,31740,0
8,CS50->US66,0,0,0
8,CS50->US74,51058,51058,0
8,CS50->US82,55784,55784,0
8,CS50->US90,51366,51366,0
8,CS50->US98,0,0,0
8,CS50->US106,0,0,0
8,CS50->US114,56236,56236,0
8,CS50->US122,53665,53665,0
8,CS51->US3,51457,51457,0
8,CS51->US11,50230,50230,0
8,CS51->US19,50948,50948,0
8,CS51->US27,31695,31695,0
8,CS51->US35,0,0,0
8,CS51->US43,51512,51512,0
8,CS51->US51,51581,51581,0
8,CS51->US59,32001,31999,0
8,CS51->US67,0,0,0
8,CS51->US75,51227,51227,0
8,CS51->US83,56103,56103,0
8,CS51->US91,50744,50744,0
8,CS51->US99,0,0,0
8,CS51->US107,0,0,0
8,CS51->US115,56395,56395,0
8,CS51->US123,53810,53810,0
8,CS52->US4,51305,51305,0
8,CS52->US12,50274,50274,0
8,CS52->US20,50742,50742,0
8,CS52->US28,31653,31653,0
8,CS52->US36,0,0,0
8,CS52->US44,51641,51641,0
8,CS52->US52,50890,50890,0
8,CS52->US60,31924,31924,0
8,CS52->US68,0,0,0
8,CS52->US76,50697,50697,0
8,CS52->US84,55783,55783,0
8,CS52->US92,51516,51516,0
8,CS52->US100,0,0,0
8,CS52->US108,0,0,0
8,CS52->US116,56382,56382,0
8,CS52->US124,53551,53551,0
8,CS53->US5,51515,51515,0
8,CS53->US13,50429,50429,0
8,CS53->US21,50917,50917,0
8,CS53->US29,31461,31461,0
8,CS53->US37,0,0,0
8,CS53->US45,51461,51461,0
8,CS53->US53,51397,51397,0
8,CS53->US61,32110,32110,0
8,CS53->US69,0,0,0
8,CS53->US77,51270,51270,0
8,CS53->US85,55667,55667,0
8,CS53->US93,51128,51128,0
8,CS53->US101,0,0,0
8,CS53->US109,0,0,0
8,CS53->US117,56539,56539,0
8,CS53->US125,53675,53675,0
8,CS54->US6,51648,51648,0
8,CS54->US14,50407,50407,0
8,CS54->US22,50757,50757,0
8,CS54->US30,31487,31486,0
8,CS54->US38,0,0,0
8,CS54->US46,51510,51510,0
8,CS54->US54,51808,51808,0
8,CS54->US62,32057,32057,0
8,CS54->US70,0,0,0
8,CS54->US78,51287,51287,0
8,CS54->US86,55975,55975,0
8,CS54->US94,50921,50921,0
8,CS54->US102,0,0,0
8,CS54->US110,0,0,0
8,CS54->US118,56257,56257,0
8,CS54->US126,53763,53763,0
8,CS55->US7,51686,51686,0
8,CS55->US15,51066,51066,0
8,CS55->US23,50740,50740,0
8,CS55->US31,31866,31864,0
8,CS55->US39,0,0,0
8,CS55->US47,51546,51546,0
8,CS55->US55,51829,51829,0
8,CS55->US63,31833,31832,0
8,CS55->US71,0,0,0
8,CS55->US79,50937,50937,0
8,CS55->US87,55605,55605,0
8,CS55->US95,51251,51251,0
8,CS55->US103,0,0,0
8,CS55->US111,0,0,0
8,CS55->US119,56261,56261,0
8,CS55->US127,53584,53584,0
8,CS56->US0,51553,51553,0
8,CS56->US8,50482,50482,0
8,CS56->US16,51142,51142,0
8,CS56->US24,31788,31787,0
8,CS56->US32,0,0,0
8,CS56->US40,51774,51774,0
8,CS56->US48,51047,51047,0
8,CS56->US56,32168,32167,0
8,CS56->US64,0,0,0
8,CS56->US72,51223,51223,0
8,CS56->US80,56214,56214,0
8,CS56->US88,50826,50826,0
8,CS56->US96,0,0,0
8,CS56->US104,0,0,0
8,CS56->US112,56233,56233,0
8,CS56->US120,53513,53513,0
8,CS57->US1,51379,51379,0
8,CS57->US9,50802,50802,0
8,CS57->US17,50551,50551,0
8,CS57->US25,31690,31688,0
8,CS57->US33,0,0,0
8,CS57->US41,51731,51731,0
8,CS57->US49,51744,51744,0
8,CS57->US57,31836,31836,0
8,CS57->US65,0,0,0
8,CS57->US73,50989,50989,0
8,CS57->US81,55597,55597,0
8,CS57->US89,51027,51027,0
8,CS57->US97,0,0,0
8,CS57->US105,0,0,0
8,CS57->US113,55904,55904,0
8,CS57->US121,53475,53475,0
8,CS58->US2,51826,51826,0
8,CS58->US10,50512,50512,0
8,CS58->US18,50620,50620,0
8,CS58->US26,31447,31447,0
8,CS58->US34,0,0,0
8,CS58->US42,51677,51677,0
8,CS58->US50,51822,51822,0
8,CS58->US58,31946,31946,0
8,CS58->US66,0,0,0
8,CS58->US74,51076,51076,0
8,CS58->US82,55621,55621,0
8,CS58->US90,51261,51261,0
8,CS58->US98,0,0,0
8,CS58->US106,0,0,0
8,CS58->US114,55947,55947,0
8,CS58->US122,53517,53517,0
8,CS59->US3,51501,51501,0
8,CS59->US11,50537,50537,0
8,CS59->US19,50531,50531,0
8,CS59->US27,31836,31836,0
8,CS59->US35,0,0,0
8,CS59->US43,51937,51937,0
8,CS59->US51,51220,51220,0
8,CS59->US59,31882,31881,0
8,CS59->US67,0,0,0
8,CS59->US75,50783,50783,0
8,CS59->US83,55917,55917,0
8,CS59->US91,50883,50883,0
8,CS59->US99,0,0,0
8,CS59->US107,0,0,0
8,CS59->US115,56372,56372,0
8,CS59->US123,53657,53657,0
8,CS60->US4,51199,51199,0
8,CS60->US12,50143,50143,0
8,CS60->US20,50383,50383,0
8,CS60->US28,31999,31999,0
8,CS60->US36,0,0,0
8,CS60->US44,51437,51437,0
8,CS60->US52,51069,51069,0
8,CS60->US60,32319,32318,0
8,CS60->US68,0,0,0
8,CS60->US76,50769,50769,0
8,CS60->US84,55467,55467,0
8,CS60->US92,50901,50901,0
8,CS60->US100,0,0,0
8,CS60->US108,0,0,0
8,CS60->US116,55964,55964,0
8,CS60->US124,53364,53364,0
8,CS61->US5,51854,51854,0
8,CS61->US13,50313,50313,0
8,CS61->US21,51010,51010,0
8,CS61->US29,31915,31915,0
8,CS61->US37,0,0,0
8,CS61->US45,51908,51908,0
8,CS61->US53,51270,51270,0
8,CS61->US61,31797,31797,0
8,CS61->US69,0,0,0
8,CS61->US77,51399,51399,0
8,CS61->US85,55654,55654,0
8,CS61->US93,51285,51285,0
8,CS61->US101,0,0,0
8,CS61->US109,0,0,0
8,CS61->US117,56439,56439,0
8,CS61->US125,53861,53861,0
8,CS62->US6,51407,51407,0
8,CS62->US14,50247,50247,0
8,CS62->US22,50917,50917,0
8,CS62->US30,31548,31548,0
8,CS62->US38,0,0,0
8,CS62->US46,52151,52151,0
8,CS62->US54,51807,51807,0
8,CS62->US62,32033,32033,0
8,CS62->US70,0,0,0
8,CS62->US78,51142,51142,0
8,CS62->US86,55881,55881,0
8,CS62->US94,50583,50583,0
8,CS62->US102,0,0,0
8,CS62->US110,0,0,0
8,CS62->US118,56005,56005,0
8,CS62->US126,53593,53593,0
8,CS63->US7,50942,50942,0
8,CS63->US15,49981,49981,0
8,CS63->US23,50929,50929,0
8,CS63->US31,31489,31489,0
8,CS63->US39,0,0,0
8,CS63->US47,51700,51700,0
8,CS63->US55,51380,51380,0
8,CS63->US63,31851,31850,0
8,CS63->US71,0,0,0
8,CS63->US79,51071,51071,0
8,CS63->US87,55526,55526,0
8,CS63->US95,50999,50999,0
8,CS63->US103,0,0,0
8,CS63->US111,0,0,0
8,CS63->US119,56392,56392,0
8,CS63->US127,53921,53921,0
9,US0->CS0,51659,51659,0
9,US0->CS8,52195,52195,0
9,US0->CS16,51692,51692,0
9,US0->CS24,51648,51648,0
9,US0->CS32,51590,51590,0
9,US0->CS40,51249,51249,0
9,US0->CS48,52232,52232,0
9,US0->CS56,51306,51306,0
9,US1->CS1,51796,51796,0
9,US1->CS9,52001,52001,0
9,US1->CS17,51932,51932,0
9,US1->CS25,51894,51894,0
9,US1->CS33,51886,51886,0
9,US1->CS41,52088,52088,0
9,US1->CS49,52088,52088,0
9,US1->CS57,51971,51971,0
9,US2->CS2,51757,51757,0
9,US2->CS10,51566,51566,0
9,US2->CS18,51634,51634,0
9,US2->CS26,51500,51500,0
9,US2->CS34,51807,51807,0
9,US2->CS42,52053,52053,0
9,US2->CS50,51833,51833,0
9,US2->CS58,52113,52113,0
9,US3->CS3,51375,51375,0
9,US3->CS11,51293,51293,0
9,US3->CS19,51683,51683,0
9,US3->CS27,51523,51523,0
9,US3->CS35,51785,51785,0
9,US3->CS43,51628,51628,0
9,US3->CS51,51861,51861,0
9,US3->CS59,51496,51496,0
9,US4->CS4,51604,51604,0
9,US4->CS12,51667,51667,0
9,US4->CS20,51276,51276,0
9,US4->CS28,52018,52018,0
9,US4->CS36,51918,51918,0
9,US4->CS44,51936,51936,0
9,US4->CS52,51194,51194,0
9,US4->CS60,51339,51339,0
9,US5->CS5,51433,51433,0
9,US5->CS13,52005,52005,0
9,US5->CS21,51918,51918,0
9,US5->CS29,51804,51804,0
9,US5->CS37,51326,51326,0
9,US5->CS45,51900,51900,0
9,US5->CS53,51640,51640,0
9,US5->CS61,51572,51572,0
9,US6->CS6,51772,51772,0
9,US6->CS14,51392,51392,0
9,US6->CS22,51710,51710,0
9,US6->CS30,51895,51895,0
9,US6->CS38,51848,51848,0
9,US6->CS46,52083,52083,0
9,US6->CS54,52042,52042,0
9,US6->CS62,52069,52069,0
9,US7->CS7,51949,51949,0
9,US7->CS15,51977,51977,0
9,US7->CS23,52042,52042,0
9,US7->CS31,51961,51961,0
9,US7->CS39,51898,51898,0
9,US7->CS47,51638,51638,0
9,US7->CS55,52113,52113,0
9,US7->CS63,51653,51653,0
9,US8->CS0,55849,55849,0
9,US8->CS8,56264,56264,0
9,US8->CS16,55803,55803,0
9,US8->CS24,56031,56031,0
9,US8->CS32,56087,56087,0
9,US8->CS40,55243,55243,0
9,US8->CS48,55533,55533,0
9,US8->CS56,56363,56363,0
9,US9->CS1,56132,56132,0
9,US9->CS9,56057,56057,0
9,US9->CS17,55675,55675,0
9,US9->CS25,56101,56101,0
9,US9->CS33,55983,55983,0
9,US9->CS41,56041,56041,0
9,US9->CS49,56046,56046,0
9,US9->CS57,55705,55705,0
9,US10->CS2,55821,55821,0
9,US10->CS10,56176,56176,0
9,US10->CS18,55564,55564,0
9,US10->CS26,55843,55843,0
9,US10->CS34,55272,55272,0
9,US10->CS42,55954,55954,0
9,US10->CS50,55961,55961,0
9,US10->CS58,55702,55702,0
9,US11->CS3,55640,55640,0
9,US11->CS11,55831,55831,0
9,US11->CS19,55919,55919,0
9,US11->CS27,56115,56115,0
9,US11->CS35,55905,55905,0
9,US11->CS43,55872,55872,0
9,US11->CS51,56266,56266,0
9,US11->CS59,56028,56028,0
9,US12->CS4,56030,56030,0
9,US12->CS12,55834,55834,0
9,US12->CS20,56231,56231,0
9,US12->CS28,56018,56018,0
9,US12->CS36,55805,55805,0
9,US12->CS44,56381,56381,0
9,US12->CS52,55913,55913,0
9,US12->CS60,55657,55657,0
9,US13->CS5,56047,56047,0
9,US13->CS13,55902,55902,0
9,US13->CS21,55887,55887,0
9,US13->CS29,55099,55099,0
9,US13->CS37,55854,55854,0
9,US13->CS45,56015,56015,0
9,US13->CS53,55818,55818,0
9,US13->CS61,55733,55733,0
9,US14->CS6,55760,55760,0
9,US14->CS14,55772,55772,0
9,US14->CS22,56080,56080,0
9,US14->CS30,55984,55984,0
9,US14->CS38,55787,55787,0
9,US14->CS46,55981,55981,0
9,US14->CS54,56060,56060,0
9,US14->CS62,56032,56032,0
9,US15->CS7,56071,56071,0
9,US15->CS15,55689,55689,0
9,US15->CS23,55997,55997,0
9,US15->CS31,56008,56008,0
9,US15->CS39,55852,55852,0
9,US15->CS47,56275,56275,0
9,US15->CS55,55711,55711,0
9,US15->CS63,55593,55593,0
9,US16->CS0,53626,53626,0
9,US16->CS8,53648,53648,0
9,US16->CS16,53574,53574,0
9,US16->CS24,53807,53807,0
9,US16->CS32,53627,53627,0
9,US16->CS40,53505,53505,0
9,US16->CS48,53495,53495,0
9,US16->CS56,53587,53587,0
9,US17->CS1,53636,53636,0
9,US17->CS9,53883,53883,0
9,US17->CS17,53596,53596,0
9,US17->CS25,53853,53853,0
9,US17->CS33,53716,53716,0
9,US17->CS41,53630,53630,0
9,US17->CS49,53105,53105,0
9,US17->CS57,53682,53682,0
9,US18->CS2,53802,53802,0
9,US18->CS10,53743,53743,0
9,US18->CS18,53609,53609,0
9,US18->CS26,53765,53765,0
9,US18->CS34,53474,53474,0
9,US18->CS42,53754,53754,0
9,US18->CS50,53799,53799,0
9,US18->CS58,53616,53616,0
9,US19->CS3,53620,53620,0
9,US19->CS11,53504,53504,0
9,US19->CS19,53206,53206,0
9,US19->CS27,53602,53602,0
9,US19->CS35,53353,53353,0
9,US19->CS43,53842,53842,0
9,US19->CS51,53887,53887,0
9,US19->CS59,53749,53749,0
9,US20->CS4,53737,53737,0
9,US20->CS12,53186,53186,0
9,US20->CS20,53526,53526,0
9,US20->CS28,53547,53547,0
9,US20->CS36,53570,53570,0
9,US20->CS44,53239,53239,0
9,US20->CS52,53687,53687,0
9,US20->CS60,53504,53504,0
9,US21->CS5,54029,54029,0
9,US21->CS13,53772,53772,0
9,US21->CS21,53708,53708,0
9,US21->CS29,53507,53507,0
9,US21->CS37,53568,53568,0
9,US21->CS45,53599,53599,0
9,US21->CS53,53738,53738,0
9,US21->CS61,54086,54086,0
9,US22->CS6,53335,53335,0
9,US22->CS14,53606,53606,0
9,US22->CS22,53337,53337,0
9,US22->CS30,54002,54002,0
9,US22->CS38,53908,53908,0
9,US22->CS46,53793,53793,0
9,US22->CS54,53851,53851,0
9,US22->CS62,53649,53649,0
9,US23->CS7,53569,53569,0
9,US23->CS15,53591,53591,0
9,US23->CS23,53764,53764,0
9,US23->CS31,53559,53559,0
9,US23->CS39,53794,53794,0
9,US23->CS47,53410,53410,0
9,US23->CS55,53699,53699,0
9,US23->CS63,53982,53982,0
9,US24->CS0,51080,51080,0
9,US24->CS8,50826,50826,0
9,US24->CS16,50471,50471,0
9,US24->CS24,50156,50156,0
9,US24->CS32,50910,50910,0
9,US24->CS40,50192,50192,0
9,US24->CS48,50759,50759,0
9,US24->CS56,50944,50944,0
9,US25->CS1,50399,50399,0
9,US25->CS9,51094,51094,0
9,US25->CS17,50558,50558,0
9,US25->CS25,50507,50507,0
9,US25->CS33,50418,50418,0
9,US25->CS41,50825,50825,0
9,US25->CS49,50777,50777,0
9,US25->CS57,50599,50599,0
9,US26->CS2,50677,50677,0
9,US26->CS10,50871,50871,0
9,US26->CS18,50327,50327,0
9,US26->CS26,50683,50683,0
9,US26->CS34,50931,50931,0
9,US26->CS42,50899,50899,0
9,US26->CS50,50269,50269,0
9,US26->CS58,50350,50350,0
9,US27->CS3,50384,50384,0
9,US27->CS11,50673,50673,0
9,US27->CS19,50761,50761,0
9,US27->CS27,50534,50534,0
9,US27->CS35,50670,50670,0
9,US27->CS43,50386,50386,0
9,US27->CS51,50725,50725,0
9,US27->CS59,50507,50507,0
9,US28->CS4,50597,50597,0
9,US28->CS12,50961,50961,0
9,US28->CS20,51172,51172,0
9,US28->CS28,50818,50818,0
9,US28->CS36,50515,50515,0
9,US28->CS44,50761,50761,0
9,US28->CS52,50720,50720,0
9,US28->CS60,50925,50925,0
9,US29->CS5,50553,50553,0
9,US29->CS13,50417,50417,0
9,US29->CS21,50481,50481,0
9,US29->CS29,51055,51055,0
9,US29->CS37,51042,51042,0
9,US29->CS45,50668,50668,0
9,US29->CS53,50803,50803,0
9,US29->CS61,50693,50693,0
9,US30->CS6,50609,50609,0
9,US30->CS14,51141,51141,0
9,US30->CS22,50584,50584,0
9,US30->CS30,50473,50473,0
9,US30->CS38,50735,50735,0
9,US30->CS46,50684,50684,0
9,US30->CS54,50768,50768,0
9,US30->CS62,50631,50631,0
9,US31->CS7,50198,50198,0
9,US31->CS15,50287,50287,0
9,US31->CS23,51019,51019,0
9,US31->CS31,51047,51047,0
9,US31->CS39,50433,50433,0
9,US31->CS47,50983,50983,0
9,US31->CS55,50444,50444,0
9,US31->CS63,50324,50324,0
9,US32->CS0,0,0,0
9,US32->CS8,0,0,0
9,US32->CS16,0,0,0
9,US32->CS24,0,0,0
9,US32->CS32,0,0,0
9,US32->CS40,0,0,0
9,US32->CS48,0,0,0
9,US32->CS56,0,0,0
9,US33->CS1,0,0,0
9,US33->CS9,0,0,0
9,US33->CS17,0,0,0
9,US33->CS25,0,0,0
9,US33->CS33,0,0,0
9,US33->CS41,0,0,0
9,US33->CS49,0,0,0
9,US33->CS57,0,0,0
9,US34->CS2,0,0,0
9,US34->CS10,0,0,0
9,US34->CS18,0,0,0
9,US34->CS26,0,0,0
9,US34->CS34,0,0,0
9,US34->CS42,0,0,0
9,US34->CS50,0,0,0
9,US34->CS58,0,0,0
9,US35->CS3,0,0,0
9,US35->CS11,0,0,0
9,US35->CS19,0,0,0
9,US35->CS27,0,0,0
9,US35->CS35,0,0,0
9,US35->CS43,0,0,0
9,US35->CS51,0,0,0
9,US35->CS59,0,0,0
9,US36->CS4,0,0,0
9,US36->CS12,0,0,0
9,US36->CS20,0,0,0
9,US36->CS28,0,0,0
9,US36->CS36,0,0,0
9,US36->CS44,0,0,0
9,US36->CS52,0,0,0
9,US36->CS60,0,0,0
9,US37->CS5,0,0,0
9,US37->CS13,0,0,0
9,US37->CS21,0,0,0
9,US37->CS29,0,0,0
9,US37->CS37,0,0,0
9,US37->CS45,0,0,0
9,US37->CS53,0,0,0
9,US37->CS61,0,0,0
9,US38->CS6,0,0,0
9,US38->CS14,0,0,0
9,US38->CS22,0,0,0
9,US38->CS30,0,0,0
9,US38->CS38,0,0,0
9,US38->CS46,0,0,0
9,US38->CS54,0,0,0
9,US38->CS62,0,0,0
9,US39->CS7,0,0,0
9,US39->CS15,0,0,0
9,US39->CS23,0,0,0
9,US39->CS31,0,0,0
9,US39->CS39,0,0,0
9,US39->CS47,0,0,0
9,US39->CS55,0,0,0
9,US39->CS63,0,0,0
9,US40->CS0,56478,56478,0
9,US40->CS8,55941,55941,0
9,US40->CS16,55820,55820,0
9,US40->CS24,56437,56437,0
9,US40->CS32,56484,56484,0
9,US40->CS40,56041,56041,0
9,US40->CS48,56165,56165,0
9,US40->CS56,56228,56228,0
9,US41->CS1,55697,55697,0
9,US41->CS9,55991,55991,0
9,US41->CS17,55868,55868,0
9,US41->CS25,56388,56388,0
9,US41->CS33,56005,56005,0
9,US41->CS41,55897,55897,0
9,US41->CS49,56020,56020,0
9,US41->CS57,55911,55911,0
9,US42->CS2,56572,56572,0
9,US42->CS10,56125,56125,0
9,US42->CS18,55903,55903,0
9,US42->CS26,56252,56252,0
9,US42->CS34,56164,56164,0
9,US42->CS42,56081,56081,0
9,US42->CS50,56169,56169,0
9,US42->CS58,55858,55858,0
9,US43->CS3,56221,56221,0
9,US43->CS11,56036,56036,0
9,US43->CS19,56342,56342,0
9,US43->CS27,56164,56164,0
9,US43->CS35,56081,56081,0
9,US43->CS43,56070,56070,0
9,US43->CS51,56330,56330,0
9,US43->CS59,56368,56368,0
9,US44->CS4,56019,56019,0
9,US44->CS12,56220,56220,0
9,US44->CS20,56408,56408,0
9,US44->CS28,55847,55847,0
9,US44->CS36,55928,55928,0
9,US44->CS44,56308,56308,0
9,US44->CS52,56322,56322,0
9,US44->CS60,55921,55921,0
9,US45->CS5,56058,56058,0
9,US45->CS13,56161,56161,0
9,US45->CS21,56053,56053,0
9,US45->CS29,56150,56150,0
9,US45->CS37,56198,56198,0
9,US45->CS45,55782,55782,0
9,US45->CS53,56548,56548,0
9,US45->CS61,56427,56427,0
9,US46->CS6,56236,56236,0
9,US46->CS14,56247,56247,0
9,US46->CS22,56313,56313,0
9,US46->CS30,56143,56143,0
9,US46->CS38,56435,56435,0
9,US46->CS46,55596,55596,0
9,US46->CS54,56279,56279,0
9,US46->CS62,55965,55965,0
9,US47->CS7,55817,55817,0
9,US47->CS15,56407,56407,0
9,US47->CS23,56180,56180,0
9,US47->CS31,56350,56350,0
9,US47->CS39,56361,56361,0
9,US47->CS47,56218,56218,0
9,US47->CS55,56195,56195,0
9,US47->CS63,56377,56377,0
9,US48->CS0,52237,52237,0
9,US48->CS8,52111,52111,0
9,US48->CS16,51674,51674,0
9,US48->CS24,52118,52118,0
9,US48->CS32,51801,51801,0
9,US48->CS40,51686,51686,0
9,US48->CS48,52115,52115,0
9,US48->CS56,51898,51898,0
9,US49->CS1,51451,51451,0
9,US49->CS9,51026,51026,0
9,US49->CS17,51892,51892,0
9,US49->CS25,51836,51836,0
9,US49->CS33,51748,51748,0
9,US49->CS41,51913,51913,0
9,US49->CS49,51866,51866,0
9,US49->CS57,51617,51617,0
9,US50->CS2,51974,51974,0
9,US50->CS10,51887,51887,0
9,US50->CS18,51887,51887,0
9,US50->CS26,51917,51917,0
9,US50->CS34,51462,51462,0
9,US50->CS42,51676,51676,0
9,US50->CS50,51719,51719,0
9,US50->CS58,52127,52127,0
9,US51->CS3,51676,51676,0
9,US51->CS11,51486,51486,0
9,US51->CS19,51378,51378,0
9,US51->CS27,51818,51818,0
9,US51->CS35,51932,51932,0
9,US51->CS43,51502,51502,0
9,US51->CS51,51751,51751,0
9,US51->CS59,51793,51793,0
9,US52->CS4,51758,51758,0
9,US52->CS12,51822,51822,0
9,US52->CS20,51768,51768,0
9,US52->CS28,51508,51508,0
9,US52->CS36,51878,51878,0
9,US52->CS44,51472,51472,0
9,US52->CS52,51590,51590,0
9,US52->CS60,51488,51488,0
9,US53->CS5,52094,52094,0
9,US53->CS13,51701,51701,0
9,US53->CS21,51728,51728,0
9,US53->CS29,51596,51596,0
9,US53->CS37,52007,52007,0
9,US53->CS45,51488,51488,0
9,US53->CS53,51776,51776,0
9,US53->CS61,52120,52120,0
9,US54->CS6,51213,51213,0
9,US54->CS14,51646,51646,0
9,US54->CS22,51646,51646,0
9,US54->CS30,51908,51908,0
9,US54->CS38,51873,51873,0
9,US54->CS46,51346,51346,0
9,US54->CS54,51912,51912,0
9,US54->CS62,51667,51667,0
9,US55->CS7,51881,51881,0
9,US55->CS15,51898,51898,0
9,US55->CS23,52110,52110,0
9,US55->CS31,52222,52222,0
9,US55->CS39,51804,51804,0
9,US55->CS47,51748,51748,0
9,US55->CS55,51969,51969,0
9,US55->CS63,51221,51221,0
9,US56->CS0,51099,51099,0
9,US56->CS8,50909,50909,0
9,US56->CS16,51136,51136,0
9,US56->CS24,51090,51090,0
9,US56->CS32,50939,50939,0
9,US56->CS40,51130,51130,0
9,US56->CS48,51166,51166,0
9,US56->CS56,51184,51184,0
9,US57->CS1,51145,51145,0
9,US57->CS9,51216,51216,0
9,US57->CS17,50857,50857,0
9,US57->CS25,50734,50734,0
9,US57->CS33,50773,50773,0
9,US57->CS41,50870,50870,0
9,US57->CS49,50895,50895,0
9,US57->CS57,50980,50980,0
9,US58->CS2,50826,50826,0
9,US58->CS10,51556,51556,0
9,US58->CS18,50986,50986,0
9,US58->CS26,50837,50837,0
9,US58->CS34,51123,51123,0
9,US58->CS42,50983,50983,0
9,US58->CS50,50785,50785,0
9,US58->CS58,50733,50733,0
9,US59->CS3,50755,50755,0
9,US59->CS11,51468,51468,0
9,US59->CS19,51390,51390,0
9,US59->CS27,51093,51093,0
9,US59->CS35,50668,50668,0
9,US59->CS43,50715,50715,0
9,US59->CS51,50745,50745,0
9,US59->CS59,50973,50973,0
9,US60->CS4,50723,50723,0
9,US60->CS12,50696,50696,0
9,US60->CS20,50944,50944,0
9,US60->CS28,50911,50911,0
9,US60->CS36,50942,50942,0
9,US60->CS44,50881,50881,0
9,US60->CS52,51011,51011,0
9,US60->CS60,51092,51092,0
9,US61->CS5,51105,51105,0
9,US61->CS13,51042,51042,0
9,US61->CS21,50900,50900,0
9,US61->CS29,51347,51347,0
9,US61->CS37,50738,50738,0
9,US61->CS45,51105,51105,0
9,US61->CS53,50571,50571,0
9,US61->CS61,51199,51199,0
9,US62->CS6,51193,51193,0
9,US62->CS14,51137,51137,0
9,US62->CS22,50447,50447,0
9,US62->CS30,51009,51009,0
9,US62->CS38,50761,50761,0
9,US62->CS46,50712,50712,0
9,US62->CS54,50850,50850,0
9,US62->CS62,50780,50780,0
9,US63->CS7,51185,51185,0
9,US63->CS15,51023,51023,0
9,US63->CS23,51198,51198,0
9,US63->CS31,50731,50731,0
9,US63->CS39,50912,50912,0
9,US63->CS47,50993,50993,0
9,US63->CS55,51126,51126,0
9,US63->CS63,50740,50740,0
9,US64->CS0,0,0,0
9,US64->CS8,0,0,0
9,US64->CS16,0,0,0
9,US64->CS24,0,0,0
9,US64->CS32,0,0,0
9,US64->CS40,0,0,0
9,US64->CS48,0,0,0
9,US64->CS56,0,0,0
9,US65->CS1,0,0,0
9,US65->CS9,0,0,0
9,US65->CS17,0,0,0
9,US65->CS25,0,0,0
9,US65->CS33,0,0,0
9,US65->CS41,0,0,0
9,US65->CS49,0,0,0
9,US65->CS57,0,0,0
9,US66->CS2,0,0,0
9,US66->CS10,0,0,0
9,US66->CS18,0,0,0
9,US66->CS26,0,0,0
9,US66->CS34,0,0,0
9,US66->CS42,0,0,0
9,US66->CS50,0,0,0
9,US66->CS58,0,0,0
9,US67->CS3,0,0,0
9,US67->CS11,0,0,0
9,US67->CS19,0,0,0
9,US67->CS27,0,0,0
9,US67->CS35,0,0,0
9,US67->CS43,0,0,0
9,US67->CS51,0,0,0
9,US67->CS59,0,0,0
9,US68->CS4,0,0,0
9,US68->CS12,0,0,0
9,US68->CS20,0,0,0
9,US68->CS28,0,0,0
9,US68->CS36,0,0,0
9,US68->CS44,0,0,0
9,US68->CS52,0,0,0
9,US68->CS60,0,0,0
9,US69->CS5,0,0,0
9,US69->CS13,0,0,0
9,US69->CS21,0,0,0
9,US69->CS29,0,0,0
9,US69->CS37,0,0,0
9,US69->CS45,0,0,0
9,US69->CS53,0,0,0
9,US69->CS61,0,0,0
9,US70->CS6,0,0,0
9,US70->CS14,0,0,0
9,US70->CS22,0,0,0
9,US70->CS30,0,0,0
9,US70->CS38,0,0,0
9,US70->CS46,0,0,0
9,US70->CS54,0,0,0
9,US70->CS62,0,0,0
9,US71->CS7,0,0,0
9,US71->CS15,0,0,0
9,US71->CS23,0,0,0
9,US71->CS31,0,0,0
9,US71->CS39,0,0,0
9,US71->CS47,0,0,0
9,US71->CS55,0,0,0
9,US71->CS63,0,0,0
9,US72->CS0,50830,50830,0
9,US72->CS8,50977,50977,0
9,US72->CS16,51129,51129,0
9,US72->CS24,50972,50972,0
9,US72->CS32,51009,51009,0
9,US72->CS40,50880,50880,0
9,US72->CS48,50884,50884,0
9,US72->CS56,50836,50836,0
9,US73->CS1,51099,51099,0
9,US73->CS9,51086,51086,0
9,US73->CS17,50658,50658,0
9,US73->CS25,51094,51094,0
9,US73->CS33,51325,51325,0
9,US73->CS41,51196,51196,0
9,US73->CS49,51162,51162,0
9,US73->CS57,50937,50937,0
9,US74->CS2,50868,50868,0
9,US74->CS10,50951,50951,0
9,US74->CS18,50989,50989,0
9,US74->CS26,51346,51346,0
9,US74->CS34,50792,50792,0
9,US74->CS42,50968,50968,0
9,US74->CS50,51286,51286,0
9,US74->CS58,51240,51240,0
9,US75->CS3,50883,50883,0
9,US75->CS11,50798,50798,0
9,US75->CS19,51267,51267,0
9,US75->CS27,50976,50976,0
9,US75->CS35,50912,50912,0
9,US75->CS43,50635,50635,0
9,US75->CS51,50737,50737,0
9,US75->CS59,50804,50804,0
9,US76->CS4,50719,50719,0
9,US76->CS12,50894,50894,0
9,US76->CS20,50654,50654,0
9,US76->CS28,50829,50829,0
9,US76->CS36,50941,50941,0
9,US76->CS44,50988,50988,0
9,US76->CS52,51482,51482,0
9,US76->CS60,50855,50855,0
9,US77->CS5,51015,51015,0
9,US77->CS13,51221,51221,0
9,US77->CS21,50709,50709,0
9,US77->CS29,50862,50862,0
9,US77->CS37,50782,50782,0
9,US77->CS45,50956,50956,0
9,US77->CS53,51112,51112,0
9,US77->CS61,51182,51182,0
9,US78->CS6,51211,51211,0
9,US78->CS14,51051,51051,0
9,US78->CS22,50670,50670,0
9,US78->CS30,51007,51007,0
9,US78->CS38,51094,51094,0
9,US78->CS46,50602,50602,0
9,US78->CS54,50890,50890,0
9,US78->CS62,50509,50509,0
9,US79->CS7,50730,50730,0
9,US79->CS15,50768,50768,0
9,US79->CS23,50748,50748,0
9,US79->CS31,50999,50999,0
9,US79->CS39,51137,51137,0
9,US79->CS47,50788,50788,0
9,US79->CS55,51169,51169,0
9,US79->CS63,50990,50990,0
9,US80->CS0,50279,50279,0
9,US80->CS8,50564,50564,0
9,US80->CS16,50833,50833,0
9,US80->CS24,50724,50724,0
9,US80->CS32,50188,50188,0
9,US80->CS40,50447,50447,0
9,US80->CS48,50331,50331,0
9,US80->CS56,50549,50549,0
9,US81->CS1,50496,50496,0
9,US81->CS9,50261,50261,0
9,US81->CS17,50561,50561,0
9,US81->CS25,50565,50565,0
9,US81->CS33,50696,50696,0
9,US81->CS41,50320,50320,0
9,US81->CS49,50227,50227,0
9,US81->CS57,50784,50784,0
9,US82->CS2,50272,50272,0
9,US82->CS10,50429,50429,0
9,US82->CS18,50776,50776,0
9,US82->CS26,50515,50515,0
9,US82->CS34,50546,50546,0
9,US82->CS42,50532,50532,0
9,US82->CS50,50532,50532,0
9,US82->CS58,50594,50594,0
9,US83->CS3,49992,49992,0
9,US83->CS11,50411,50411,0
9,US83->CS19,50310,50310,0
9,US83->CS27,50322,50322,0
9,US83->CS35,50567,50567,0
9,US83->CS43,50634,50634,0
9,US83->CS51,50355,50355,0
9,US83->CS59,50633,50633,0
9,US84->CS4,50786,50786,0
9,US84->CS12,50262,50262,0
9,US84->CS20,50168,50168,0
9,US84->CS28,50518,50518,0
9,US84->CS36,50546,50546,0
9,US84->CS44,50217,50217,0
9,US84->CS52,50365,50365,0
9,US84->CS60,50200,50200,0
9,US85->CS5,50682,50682,0
9,US85->CS13,50626,50626,0
9,US85->CS21,50032,50032,0
9,US85->CS29,50417,50417,0
9,US85->CS37,50897,50897,0
9,US85->CS45,50333,50333,0
9,US85->CS53,50524,50524,0
9,US85->CS61,50354,50354,0
9,US86->CS6,50446,50446,0
9,US86->CS14,50496,50496,0
9,US86->CS22,50311,50311,0
9,US86->CS30,50270,50270,0
9,US86->CS38,50599,50599,0
9,US86->CS46,50768,50768,0
9,US86->CS54,50509,50509,0
9,US86->CS62,50336,50336,0
9,US87->CS7,50470,50470,0
9,US87->CS15,50824,50824,0
9,US87->CS23,50394,50394,0
9,US87->CS31,50601,50601,0
9,US87->CS39,50774,50774,0
9,US87->CS47,50471,50471,0
9,US87->CS55,51117,51117,0
9,US87->CS63,50099,50099,0
9,US88->CS0,50889,50889,0
9,US88->CS8,51358,51358,0
9,US88->CS16,51268,51268,0
9,US88->CS24,50854,50854,0
9,US88->CS32,50927,50927,0
9,US88->CS40,51290,51290,0
9,US88->CS48,50724,50724,0
9,US88->CS56,51254,51254,0
9,US89->CS1,51200,51200,0
9,US89->CS9,50926,50926,0
9,US89->CS17,51204,51204,0
9,US89->CS25,51020,51020,0
9,US89->CS33,51077,51077,0
9,US89->CS41,51107,51107,0
9,US89->CS49,51225,51225,0
9,US89->CS57,50962,50962,0
9,US90->CS2,51211,51211,0
9,US90->CS10,50942,50942,0
9,US90->CS18,51026,51026,0
9,US90->CS26,50981,50981,0
9,US90->CS34,51034,51034,0
9,US90->CS42,51493,51493,0
9,US90->CS50,51107,51107,0
9,US90->CS58,51142,51142,0
9,US91->CS3,50800,50800,0
9,US91->CS11,51208,51208,0
9,US91->CS19,51541,51541,0
9,US91->CS27,51016,51016,0
9,US91->CS35,51283,51283,0
9,US91->CS43,51051,51051,0
9,US91->CS51,51311,51311,0
9,US91->CS59,50806,50806,0
9,US92->CS4,50959,50959,0
9,US92->CS12,51359,51359,0
9,US92->CS20,50946,50946,0
9,US92->CS28,51000,51000,0
9,US92->CS36,51269,51269,0
9,US92->CS44,50870,50870,0
9,US92->CS52,50734,50734,0
9,US92->CS60,50802,50802,0
9,US93->CS5,51082,51082,0
9,US93->CS13,50859,50859,0
9,US93->CS21,51210,51210,0
9,US93->CS29,51184,51184,0
9,US93->CS37,51148,51148,0
9,US93->CS45,50786,50786,0
9,US93->CS53,51279,51279,0
9,US93->CS61,51368,51368,0
9,US94->CS6,50841,50841,0
9,US94->CS14,51250,51250,0
9,US94->CS22,50935,50935,0
9,US94->CS30,50842,50842,0
9,US94->CS38,51409,51409,0
9,US94->CS46,51141,51141,0
9,US94->CS54,51328,51328,0
9,US94->CS62,51231,51231,0
9,US95->CS7,51008,51008,0
9,US95->CS15,50951,50951,0
9,US95->CS23,50707,50707,0
9,US95->CS31,50665,50665,0
9,US95->CS39,51360,51360,0
9,US95->CS47,50751,50751,0
9,US95->CS55,50965,50965,0
9,US95->CS63,51077,51077,0
9,US96->CS0,12085,12084,0
9,US96->CS8,12216,12215,0
9,US96->CS16,12026,12025,0
9,US96->CS24,12021,12021,0
9,US96->CS32,12144,12144,0
9,US96->CS40,12092,12091,0
9,US96->CS48,12076,12074,0
9,US96->CS56,11834,11832,0
9,US97->CS1,11997,11997,0
9,US97->CS9,11923,11922,0
9,US97->CS17,12063,12063,0
9,US97->CS25,12094,12094,0
9,US97->CS33,12079,12079,0
9,US97->CS41,12089,12088,0
9,US97->CS49,11958,11957,0
9,US97->CS57,12177,12177,0
9,US98->CS2,12134,12133,0
9,US98->CS10,11960,11960,0
9,US98->CS18,12241,12241,0
9,US98->CS26,12267,12265,0
9,US98->CS34,12106,12106,0
9,US98->CS42,12054,12054,0
9,US98->CS50,12079,12079,0
9,US98->CS58,12261,12259,0
9,US99->CS3,11873,11873,0
9,US99->CS11,12154,12154,0
9,US99->CS19,11870,11870,0
9,US99->CS27,12059,12058,0
9,US99->CS35,11870,11869,0
9,US99->CS43,12009,12009,0
9,US99->CS51,12000,12000,0
9,US99->CS59,12147,12147,0
9,US100->CS4,11881,11881,0
9,US100->CS12,11993,11993,0
9,US100->CS20,11989,11988,0
9,US100->CS28,11947,11947,0
9,US100->CS36,12079,12079,0
9,US100->CS44,11905,11904,0
9,US100->CS52,11882,11880,0
9,US100->CS60,11922,11921,0
9,US101->CS5,11840,11840,0
9,US101->CS13,11905,11905,0
9,US101->CS21,11925,11924,0
9,US101->CS29,12062,12062,0
9,US101->CS37,12023,12023,0
9,US101->CS45,12011,12010,0
9,US101->CS53,11951,11951,0
9,US101->CS61,12021,12021,0
9,US102->CS6,11947,11947,0
9,US102->CS14,12036,12036,0
9,US102->CS22,11998,11998,0
9,US102->CS30,12092,12092,0
9,US102->CS38,12012,12012,0
9,US102->CS46,11954,11954,0
9,US102->CS54,12100,12100,0
9,US102->CS62,12124,12124,0
9,US103->CS7,11910,11910,0
9,US103->CS15,11808,11808,0
9,US103->CS23,12076,12075,0
9,US103->CS31,12000,12000,0
9,US103->CS39,11988,11987,0
9,US103->CS47,11874,11874,0
9,US103->CS55,12093,12093,0
9,US103->CS63,11906,11906,0
9,US104->CS0,12603,12602,0
9,US104->CS8,12281,12281,0
9,US104->CS16,12364,12364,0
9,US104->CS24,12550,12550,0
9,US104->CS32,12665,12663,0
9,US104->CS40,12340,12338,0
9,US104->CS48,12366,12366,0
9,US104->CS56,12479,12479,0
9,US105->CS1,12286,12285,0
9,US105->CS9,12385,12385,0
9,US105->CS17,12470,12468,0
9,US105->CS25,12588,12588,0
9,US105->CS33,12383,12383,0
9,US105->CS41,12442,12442,0
9,US105->CS49,12488,12487,0
9,US105->CS57,12598,12597,0
9,US106->CS2,12564,12563,0
9,US106->CS10,12494,12493,0
9,US106->CS18,12437,12436,0
9,US106->CS26,12610,12610,0
9,US106->CS34,12582,12581,0
9,US106->CS42,12547,12547,0
9,US106->CS50,12441,12441,0
9,US106->CS58,12451,12451,0
9,US107->CS3,12542,12542,0
9,US107->CS11,12608,12607,0
9,US107->CS19,12513,12512,0
9,US107->CS27,12481,12480,0
9,US107->CS35,12505,12505,0
9,US107->CS43,12571,12571,0
9,US107->CS51,12733,12733,0
9,US107->CS59,12453,12453,0
9,US108->CS4,12371,12371,0
9,US108->CS12,12485,12483,0
9,US108->CS20,12512,12512,0
9,US108->CS28,12539,12539,0
9,US108->CS36,12458,12457,0
9,US108->CS44,12573,12573,0
9,US108->CS52,12514,12513,0
9,US108->CS60,12506,12506,0
9,US109->CS5,12367,12366,0
9,US109->CS13,12508,12507,0
9,US109->CS21,12463,12463,0
9,US109->CS29,12361,12360,0
9,US109->CS37,12558,12558,0
9,US109->CS45,12331,12331,0
9,US109->CS53,12433,12433,0
9,US109->CS61,12514,12514,0
9,US110->CS6,12470,12469,0
9,US110->CS14,12558,12558,0
9,US110->CS22,12568,12568,0
9,US110->CS30,12412,12411,0
9,US110->CS38,12709,12708,0
9,US110->CS46,12653,12653,0
9,US110->CS54,12402,12402,0
9,US110->CS62,12674,12674,0
9,US111->CS7,12466,12466,0
9,US111->CS15,12395,12394,0
9,US111->CS23,12463,12463,0
9,US111->CS31,12730,12730,0
9,US111->CS39,12577,12577,0
9,US111->CS47,12578,12578,0
9,US111->CS55,12260,12260,0
9,US111->CS63,12477,12476,0
9,US112->CS0,51468,51468,0
9,US112->CS8,51737,51737,0
9,US112->CS16,51604,51604,0
9,US112->CS24,51673,51673,0
9,US112->CS32,51408,51408,0
9,US112->CS40,51607,51607,0
9,US112->CS48,51435,51435,0
9,US112->CS56,51676,51676,0
9,US113->CS1,51821,51821,0
9,US113->CS9,51486,51486,0
9,US113->CS17,51803,51803,0
9,US113->CS25,51337,51337,0
9,US113->CS33,51561,51561,0
9,US113->CS41,51669,51669,0
9,US113->CS49,52085,52085,0
9,US113->CS57,51751,51751,0
9,US114->CS2,51890,51890,0
9,US114->CS10,51264,51264,0
9,US114->CS18,51323,51323,0
9,US114->CS26,51488,51488,0
9,US114->CS34,51890,51890,0
9,US114->CS42,51434,51434,0
9,US114->CS50,51276,51276,0
9,US114->CS58,51612,51612,0
9,US115->CS3,51591,51591,0
9,US115->CS11,51615,51615,0
9,US115->CS19,51518,51518,0
9,US115->CS27,51471,51471,0
9,US115->CS35,51650,51650,0
9,US115->CS43,51267,51267,0
9,US115->CS51,51450,51450,0
9,US115->CS59,51910,51910,0
9,US116->CS4,51805,51805,0
9,US116->CS12,51757,51757,0
9,US116->CS20,51769,51769,0
9,US116->CS28,51852,51852,0
9,US116->CS36,52086,52086,0
9,US116->CS44,51782,51782,0
9,US116->CS52,51604,51604,0
9,US116->CS60,51417,51417,0
9,US117->CS5,51452,51452,0
9,US117->CS13,51574,51574,0
9,US117->CS21,51609,51609,0
9,US117->CS29,51680,51680,0
9,US117->CS37,51980,51980,0
9,US117->CS45,51848,51848,0
9,US117->CS53,51451,51451,0
9,US117->CS61,51886,51886,0
9,US118->CS6,52222,52222,0
9,US118->CS14,51989,51989,0
9,US118->CS22,51546,51546,0
9,US118->CS30,51792,51792,0
9,US118->CS38,51465,51465,0
9,US118->CS46,51724,51724,0
9,US118->CS54,51497,51497,0
9,US118->CS62,52196,52196,0
9,US119->CS7,51718,51718,0
9,US119->CS15,51281,51281,0
9,US119->CS23,51654,51654,0
9,US119->CS31,51397,51397,0
9,US119->CS39,51537,51537,0
9,US119->CS47,51365,51365,0
9,US119->CS55,51559,51559,0
9,US119->CS63,51678,51678,0
9,US120->CS0,50467,50467,0
9,US120->CS8,50454,50454,0
9,US120->CS16,50819,50819,0
9,US120->CS24,50410,50410,0
9,US120->CS32,50647,50647,0
9,US120->CS40,50631,50631,0
9,US120->CS48,50390,50390,0
9,US120->CS56,51053,51053,0
9,US121->CS1,50548,50548,0
9,US121->CS9,50578,50578,0
9,US121->CS17,50588,50588,0
9,US121->CS25,50989,50989,0
9,US121->CS33,50642,50642,0
9,US121->CS41,50969,50969,0
9,US121->CS49,50874,50874,0
9,US121->CS57,50577,50577,0
9,US122->CS2,50418,50418,0
9,US122->CS10,50850,50850,0
9,US122->CS18,50349,50349,0
9,US122->CS26,51024,51024,0
9,US122->CS34,50442,50442,0
9,US122->CS42,50537,50537,0
9,US122->CS50,50512,50512,0
9,US122->CS58,50615,50615,0
9,US123->CS3,50507,50507,0
9,US123->CS11,50904,50904,0
9,US123->CS19,50988,50988,0
9,US123->CS27,50413,50413,0
9,US123->CS35,50334,50334,0
9,US123->CS43,50482,50482,0
9,US123->CS51,50862,50862,0
9,US123->CS59,50491,50491,0
9,US124->CS4,50390,50390,0
9,US124->CS12,50852,50852,0
9,US124->CS20,50478,50478,0
9,US124->CS28,50723,50723,0
9,US124->CS36,50873,50873,0
9,US124->CS44,50339,50339,0
9,US124->CS52,50719,50719,0
9,US124->CS60,50332,50332,0
9,US125->CS5,50812,50812,0
9,US125->CS13,50457,50457,0
9,US125->CS21,50531,50531,0
9,US125->CS29,50780,50780,0
9,US125->CS37,50765,50765,0
9,US125->CS45,50645,50645,0
9,US125->CS53,50849,50849,0
9,US125->CS61,50969,50969,0
9,US126->CS6,50869,50869,0
9,US126->CS14,50648,50648,0
9,US126->CS22,50463,50463,0
9,US126->CS30,50653,50653,0
9,US126->CS38,50675,50675,0
9,US126->CS46,50661,50661,0
9,US126->CS54,50697,50697,0
9,US126->CS62,50787,50787,0
9,US127->CS7,50511,50511,0
9,US127->CS15,50968,50968,0
9,US127->CS23,50641,50641,0
9,US127->CS31,50676,50676,0
9,US127->CS39,50654,50654,0
9,US127->CS47,50284,50284,0
9,US127->CS55,50734,50734,0
9,US127->CS63,50922,50922,0
9,CS0->US0,51923,51923,0
9,CS0->US8,50442,50442,0
9,CS0->US16,50526,50526,0
9,CS0->US24,51173,51173,0
9,CS0->US32,0,0,0
9,CS0->US40,51489,51489,0
9,CS0->US48,51374,51374,0
9,CS0->US56,51111,51111,0
9,CS0->US64,0,0,0
9,CS0->US72,50857,50857,0
9,CS0->US80,55951,55951,0
9,CS0->US88,50903,50903,0
9,CS0->US96,12712,12712,0
9,CS0->US104,12137,12136,0
9,CS0->US112,56507,56507,0
9,CS0->US120,53542,53542,0
9,CS1->US1,51197,51197,0
9,CS1->US9,50507,50507,0
9,CS1->US17,50664,50664,0
9,CS1->US25,51260,51260,0
9,CS1->US33,0,0,0
9,CS1->US41,51786,51786,0
9,CS1->US49,51499,51499,0
9,CS1->US57,50562,50562,0
9,CS1->US65,0,0,0
9,CS1->US73,51091,51091,0
9,CS1->US81,56168,56168,0
9,CS1->US89,51150,51150,0
9,CS1->US97,12349,12349,0
9,CS1->US105,12011,12011,0
9,CS1->US113,55821,55821,0
9,CS1->US121,53636,53636,0
9,CS2->US2,51675,51675,0
9,CS2->US10,50369,50369,0
9,CS2->US18,50537,50537,0
9,CS2->US26,50957,50957,0
9,CS2->US34,0,0,0
9,CS2->US42,51923,51923,0
9,CS2->US50,51467,51467,0
9,CS2->US58,50769,50769,0
9,CS2->US66,0,0,0
9,CS2->US74,51107,51107,0
9,CS2->US82,55867,55867,0
9,CS2->US90,50911,50911,0
9,CS2->US98,12642,12642,0
9,CS2->US106,12136,12135,0
9,CS2->US114,56667,56667,0
9,CS2->US122,53757,53757,0
9,CS3->US3,51355,51355,0
9,CS3->US11,50098,50098,0
9,CS3->US19,50590,50590,0
9,CS3->US27,50869,50869,0
9,CS3->US35,0,0,0
9,CS3->US43,51642,51642,0
9,CS3->US51,51090,51090,0
9,CS3->US59,50516,50516,0
9,CS3->US67,0,0,0
9,CS3->US75,50726,50726,0
9,CS3->US83,55707,55707,0
9,CS3->US91,50962,50962,0
9,CS3->US99,12611,12611,0
9,CS3->US107,11894,11894,0
9,CS3->US115,56295,56295,0
9,CS3->US123,53504,53504,0
9,CS4->US4,51476,51476,0
9,CS4->US12,50898,50898,0
9,CS4->US20,50511,50511,0
9,CS4->US28,50856,50856,0
9,CS4->US36,0,0,0
9,CS4->US44,51807,51807,0
9,CS4->US52,51316,51316,0
9,CS4->US60,50666,50666,0
9,CS4->US68,0,0,0
9,CS4->US76,50928,50928,0
9,CS4->US84,55999,55999,0
9,CS4->US92,50770,50770,0
9,CS4->US100,12487,12486,0
9,CS4->US108,11886,11886,0
9,CS4->US116,56110,56110,0
9,CS4->US124,53668,53668,0
9,CS5->US5,51790,51790,0
9,CS5->US13,50755,50755,0
9,CS5->US21,50899,50899,0
9,CS5->US29,51240,51240,0
9,CS5->US37,0,0,0
9,CS5->US45,51541,51541,0
9,CS5->US53,51160,51160,0
9,CS5->US61,50692,50692,0
9,CS5->US69,0,0,0
9,CS5->US77,51037,51037,0
9,CS5->US85,56133,56133,0
9,CS5->US93,51016,51016,0
9,CS5->US101,12443,12442,0
9,CS5->US109,11825,11825,0
9,CS5->US117,56083,56083,0
9,CS5->US125,53954,53954,0
9,CS6->US6,50942,50942,0
9,CS6->US14,50562,50562,0
9,CS6->US22,50948,50948,0
9,CS6->US30,51272,51272,0
9,CS6->US38,0,0,0
9,CS6->US46,52251,52251,0
9,CS6->US54,51523,51523,0
9,CS6->US62,50712,50712,0
9,CS6->US70,0,0,0
9,CS6->US78,50760,50760,0
9,CS6->US86,55836,55836,0
9,CS6->US94,51255,51255,0
9,CS6->US102,12519,12519,0
9,CS6->US110,12003,12001,0
9,CS6->US118,56276,56276,0
9,CS6->US126,53264,53264,0
9,CS7->US7,51602,51602,0
9,CS7->US15,50603,50603,0
9,CS7->US23,50620,50620,0
9,CS7->US31,51277,51277,0
9,CS7->US39,0,0,0
9,CS7->US47,51767,51767,0
9,CS7->US55,51707,51707,0
9,CS7->US63,50312,50312,0
9,CS7->US71,0,0,0
9,CS7->US79,50930,50930,0
9,CS7->US87,56084,56084,0
9,CS7->US95,50738,50738,0
9,CS7->US103,12540,12540,0
9,CS7->US111,11962,11962,0
9,CS7->US119,55871,55871,0
9,CS7->US127,53470,53470,0
9,CS8->US0,51864,51864,0
9,CS8->US8,50649,50649,0
9,CS8->US16,50556,50556,0
9,CS8->US24,50967,50967,0
9,CS8->US32,0,0,0
9,CS8->US40,51700,51700,0
9,CS8->US48,51894,51894,0
9,CS8->US56,50944,50944,0
9,CS8->US64,0,0,0
9,CS8->US72,51304,51304,0
9,CS8->US80,56336,56336,0
9,CS8->US88,51084,51084,0
9,CS8->US96,12368,12368,0
9,CS8->US104,12261,12261,0
9,CS8->US112,56017,56017,0
9,CS8->US120,53535,53535,0
9,CS9->US1,50744,50744,0
9,CS9->US9,50335,50335,0
9,CS9->US17,50729,50729,0
9,CS9->US25,51413,51413,0
9,CS9->US33,0,0,0
9,CS9->US41,51498,51498,0
9,CS9->US49,51715,51715,0
9,CS9->US57,51247,51247,0
9,CS9->US65,0,0,0
9,CS9->US73,50873,50873,0
9,CS9->US81,56012,56012,0
9,CS9->US89,51120,51120,0
9,CS9->US97,12426,12426,0
9,CS9->US105,11902,11901,0
9,CS9->US113,56047,56047,0
9,CS9->US121,53851,53851,0
9,CS10->US2,51593,51593,0
9,CS10->US10,50536,50536,0
9,CS10->US18,50878,50878,0
9,CS10->US26,51721,51721,0
9,CS10->US34,0,0,0
9,CS10->US42,51269,51269,0
9,CS10->US50,51265,51265,0
9,CS10->US58,51028,51028,0
9,CS10->US66,0,0,0
9,CS10->US74,50928,50928,0
9,CS10->US82,56222,56222,0
9,CS10->US90,51018,51018,0
9,CS10->US98,12548,12547,0
9,CS10->US106,11958,11958,0
9,CS10->US114,56203,56203,0
9,CS10->US122,53646,53646,0
9,CS11->US3,51231,51231,0
9,CS11->US11,50450,50450,0
9,CS11->US19,50941,50941,0
9,CS11->US27,51545,51545,0
9,CS11->US35,0,0,0
9,CS11->US43,51626,51626,0
9,CS11->US51,51035,51035,0
9,CS11->US59,50799,50799,0
9,CS11->US67,0,0,0
9,CS11->US75,51214,51214,0
9,CS11->US83,55887,55887,0
9,CS11->US91,50832,50832,0
9,CS11->US99,12675,12675,0
9,CS11->US107,12202,12202,0
9,CS11->US115,56070,56070,0
9,CS11->US123,53481,53481,0
9,CS12->US4,51601,51601,0
9,CS12->US12,50386,50386,0
9,CS12->US20,50952,50952,0
9,CS12->US28,50875,50875,0
9,CS12->US36,0,0,0
9,CS12->US44,51734,51734,0
9,CS12->US52,51366,51366,0
9,CS12->US60,51040,51040,0
9,CS12->US68,0,0,0
9,CS12->US76,51281,51281,0
9,CS12->US84,55853,55853,0
9,CS12->US92,50914,50914,0
9,CS12->US100,12601,12601,0
9,CS12->US108,11994,11992,0
9,CS12->US116,56300,56300,0
9,CS12->US124,53089,53089,0
9,CS13->US5,51423,51423,0
9,CS13->US13,50706,50706,0
9,CS13->US21,50469,50469,0
9,CS13->US29,51181,51181,0
9,CS13->US37,0,0,0
9,CS13->US45,51619,51619,0
9,CS13->US53,51781,51781,0
9,CS13->US61,50507,50507,0
9,CS13->US69,0,0,0
9,CS13->US77,50847,50847,0
9,CS13->US85,55966,55966,0
9,CS13->US93,51306,51306,0
9,CS13->US101,12599,12597,0
9,CS13->US109,11905,11904,0
9,CS13->US117,56182,56182,0
9,CS13->US125,53658,53658,0
9,CS14->US6,51373,51373,0
9,CS14->US14,50653,50653,0
9,CS14->US22,50716,50716,0
9,CS14->US30,51244,51244,0
9,CS14->US38,0,0,0
9,CS14->US46,52015,52015,0
9,CS14->US54,51109,51109,0
9,CS14->US62,51222,51222,0
9,CS14->US70,0,0,0
9,CS14->US78,51238,51238,0
9,CS14->US86,55823,55823,0
9,CS14->US94,51053,51053,0
9,CS14->US102,12641,12640,0
9,CS14->US110,12036,12036,0
9,CS14->US118,56316,56316,0
9,CS14->US126,53530,53530,0
9,CS15->US7,51591,51591,0
9,CS15->US15,50890,50890,0
9,CS15->US23,51129,51129,0
9,CS15->US31,51160,51160,0
9,CS15->US39,0,0,0
9,CS15->US47,51340,51340,0
9,CS15->US55,51665,51665,0
9,CS15->US63,50370,50370,0
9,CS15->US71,0,0,0
9,CS15->US79,50901,50901,0
9,CS15->US87,55727,55727,0
9,CS15->US95,50815,50815,0
9,CS15->US103,12492,12491,0
9,CS15->US111,11807,11807,0
9,CS15->US119,56434,56434,0
9,CS15->US127,53545,53545,0
9,CS16->US0,51413,51413,0
9,CS16->US8,50905,50905,0
9,CS16->US16,50917,50917,0
9,CS16->US24,51256,51256,0
9,CS16->US32,0,0,0
9,CS16->US40,51639,51639,0
9,CS16->US48,51433,51433,0
9,CS16->US56,50635,50635,0
9,CS16->US64,0,0,0
9,CS16->US72,51237,51237,0
9,CS16->US80,55821,55821,0
9,CS16->US88,51222,51222,0
9,CS16->US96,12427,12426,0
9,CS16->US104,12058,12058,0
9,CS16->US112,55841,55841,0
9,CS16->US120,53407,53407,0
9,CS17->US1,51575,51575,0
9,CS17->US9,50613,50613,0
9,CS17->US17,50703,50703,0
9,CS17->US25,50913,50913,0
9,CS17->US33,0,0,0
9,CS17->US41,51854,51854,0
9,CS17->US49,51646,51646,0
9,CS17->US57,50617,50617,0
9,CS17->US65,0,0,0
9,CS17->US73,51188,51188,0
9,CS17->US81,55697,55697,0
9,CS17->US89,50739,50739,0
9,CS17->US97,12573,12573,0
9,CS17->US105,12121,12120,0
9,CS17->US113,55919,55919,0
9,CS17->US121,53565,53565,0
9,CS18->US2,51608,51608,0
9,CS18->US10,50886,50886,0
9,CS18->US18,50381,50381,0
9,CS18->US26,51130,51130,0
9,CS18->US34,0,0,0
9,CS18->US42,51354,51354,0
9,CS18->US50,51406,51406,0
9,CS18->US58,50438,50438,0
9,CS18->US66,0,0,0
9,CS18->US74,51005,51005,0
9,CS18->US82,55627,55627,0
9,CS18->US90,51001,51001,0
9,CS18->US98,12500,12500,0
9,CS18->US106,12244,12243,0
9,CS18->US114,55910,55910,0
9,CS18->US122,53560,53560,0
9,CS19->US3,51063,51063,0
9,CS19->US11,50404,50404,0
9,CS19->US19,51104,51104,0
9,CS19->US27,51571,51571,0
9,CS19->US35,0,0,0
9,CS19->US43,51564,51564,0
9,CS19->US51,51388,51388,0
9,CS19->US59,50884,50884,0
9,CS19->US67,0,0,0
9,CS19->US75,51433,51433,0
9,CS19->US83,55929,55929,0
9,CS19->US91,51338,51338,0
9,CS19->US99,12559,12559,0
9,CS19->US107,11858,11858,0
9,CS19->US115,56449,56449,0
9,CS19->US123,53140,53140,0
9,CS20->US4,51542,51542,0
9,CS20->US12,50298,50298,0
9,CS20->US20,50539,50539,0
9,CS20->US28,51102,51102,0
9,CS20->US36,0,0,0
9,CS20->US44,51737,51737,0
9,CS20->US52,51019,51019,0
9,CS20->US60,51229,51229,0
9,CS20->US68,0,0,0
9,CS20->US76,50905,50905,0
9,CS20->US84,56234,56234,0
9,CS20->US92,50712,50712,0
9,CS20->US100,12586,12586,0
9,CS20->US108,12022,12022,0
9,CS20->US116,56450,56450,0
9,CS20->US124,53465,53465,0
9,CS21->US5,51422,51422,0
9,CS21->US13,50128,50128,0
9,CS21->US21,50520,50520,0
9,CS21->US29,50980,50980,0
9,CS21->US37,0,0,0
9,CS21->US45,51697,51697,0
9,CS21->US53,51615,51615,0
9,CS21->US61,50524,50524,0
9,CS21->US69,0,0,0
9,CS21->US77,51163,51163,0
9,CS21->US85,56029,56029,0
9,CS21->US93,50703,50703,0
9,CS21->US101,12601,12601,0
9,CS21->US109,11959,11959,0
9,CS21->US117,56157,56157,0
9,CS21->US125,53655,53655,0
9,CS22->US6,51410,51410,0
9,CS22->US14,50375,50375,0
9,CS22->US22,50445,50445,0
9,CS22->US30,50520,50520,0
9,CS22->US38,0,0,0
9,CS22->US46,51549,51549,0
9,CS22->US54,51457,51457,0
9,CS22->US62,50719,50719,0
9,CS22->US70,0,0,0
9,CS22->US78,50961,50961,0
9,CS22->US86,56200,56200,0
9,CS22->US94,50643,50643,0
9,CS22->US102,12659,12659,0
9,CS22->US110,12045,12044,0
9,CS22->US118,56318,56318,0
9,CS22->US126,53306,53306,0
9,CS23->US7,51854,51854,0
9,CS23->US15,50515,50515,0
9,CS23->US23,50769,50769,0
9,CS23->US31,51330,51330,0
9,CS23->US39,0,0,0
9,CS23->US47,51670,51670,0
9,CS23->US55,51756,51756,0
9,CS23->US63,51082,51082,0
9,CS23->US71,0,0,0
9,CS23->US79,50662,50662,0
9,CS23->US87,56013,56013,0
9,CS23->US95,50765,50765,0
9,CS23->US103,12549,12549,0
9,CS23->US111,12081,12081,0
9,CS23->US119,56229,56229,0
9,CS23->US127,53717,53717,0
9,CS24->US0,51854,51854,0
9,CS24->US8,50831,50831,0
9,CS24->US16,50539,50539,0
9,CS24->US24,51149,51149,0
9,CS24->US32,0,0,0
9,CS24->US40,51621,51621,0
9,CS24->US48,51343,51343,0
9,CS24->US56,50270,50270,0
9,CS24->US64,0,0,0
9,CS24->US72,50841,50841,0
9,CS24->US80,56044,56044,0
9,CS24->US88,51102,51102,0
9,CS24->US96,12607,12607,0
9,CS24->US104,12119,12119,0
9,CS24->US112,56456,56456,0
9,CS24->US120,53715,53715,0
9,CS25->US1,51559,51559,0
9,CS25->US9,50663,50663,0
9,CS25->US17,50977,50977,0
9,CS25->US25,50780,50780,0
9,CS25->US33,0,0,0
9,CS25->US41,51391,51391,0
9,CS25->US49,51622,51622,0
9,CS25->US57,50622,50622,0
9,CS25->US65,0,0,0
9,CS25->US73,51059,51059,0
9,CS25->US81,56246,56246,0
9,CS25->US89,51120,51120,0
9,CS25->US97,12644,12644,0
9,CS25->US105,12135,12133,0
9,CS25->US113,56401,56401,0
9,CS25->US121,53781,53781,0
9,CS26->US2,51653,51653,0
9,CS26->US10,50639,50639,0
9,CS26->US18,51093,51093,0
9,CS26->US26,50953,50953,0
9,CS26->US34,0,0,0
9,CS26->US42,51511,51511,0
9,CS26->US50,51213,51213,0
9,CS26->US58,50775,50775,0
9,CS26->US66,0,0,0
9,CS26->US74,50974,50974,0
9,CS26->US82,55862,55862,0
9,CS26->US90,51370,51370,0
9,CS26->US98,12681,12680,0
9,CS26->US106,12310,12310,0
9,CS26->US114,56297,56297,0
9,CS26->US122,53695,53695,0
9,CS27->US3,51533,51533,0
9,CS27->US11,50381,50381,0
9,CS27->US19,50449,50449,0
9,CS27->US27,51182,51182,0
9,CS27->US35,0,0,0
9,CS27->US43,51511,51511,0
9,CS27->US51,51262,51262,0
9,CS27->US59,50653,50653,0
9,CS27->US67,0,0,0
9,CS27->US75,51002,51002,0
9,CS27->US83,56179,56179,0
9,CS27->US91,50987,50987,0
9,CS27->US99,12540,12540,0
9,CS27->US107,12114,12114,0
9,CS27->US115,56194,56194,0
9,CS27->US123,53598,53598,0
9,CS28->US4,51254,51254,0
9,CS28->US12,50571,50571,0
9,CS28->US20,50817,50817,0
9,CS28->US28,51072,51072,0
9,CS28->US36,0,0,0
9,CS28->US44,51835,51835,0
9,CS28->US52,51763,51763,0
9,CS28->US60,50918,50918,0
9,CS28->US68,0,0,0
9,CS28->US76,50957,50957,0
9,CS28->US84,56014,56014,0
9,CS28->US92,50925,50925,0
9,CS28->US100,12627,12626,0
9,CS28->US108,11960,11959,0
9,CS28->US116,55881,55881,0
9,CS28->US124,53481,53481,0
9,CS29->US5,51342,51342,0
9,CS29->US13,50498,50498,0
9,CS29->US21,50889,50889,0
9,CS29->US29,51424,51424,0
9,CS29->US37,0,0,0
9,CS29->US45,51639,51639,0
9,CS29->US53,51536,51536,0
9,CS29->US61,51216,51216,0
9,CS29->US69,0,0,0
9,CS29->US77,51161,51161,0
9,CS29->US85,55178,55178,0
9,CS29->US93,50948,50948,0
9,CS29->US101,12398,12398,0
9,CS29->US109,12098,12098,0
9,CS29->US117,56140,56140,0
9,CS29->US125,53436,53436,0
9,CS30->US6,51658,51658,0
9,CS30->US14,50394,50394,0
9,CS30->US22,50760,50760,0
9,CS30->US30,51138,51138,0
9,CS30->US38,0,0,0
9,CS30->US46,51827,51827,0
9,CS30->US54,51629,51629,0
9,CS30->US62,50619,50619,0
9,CS30->US70,0,0,0
9,CS30->US78,50850,50850,0
9,CS30->US86,55986,55986,0
9,CS30->US94,51026,51026,0
9,CS30->US102,12435,12435,0
9,CS30->US110,12103,12101,0
9,CS30->US118,56151,56151,0
9,CS30->US126,53904,53904,0
9,CS31->US7,51964,51964,0
9,CS31->US15,50703,50703,0
9,CS31->US23,50644,50644,0
9,CS31->US31,50888,50888,0
9,CS31->US39,0,0,0
9,CS31->US47,51377,51377,0
9,CS31->US55,51646,51646,0
9,CS31->US63,51142,51142,0
9,CS31->US71,0,0,0
9,CS31->US79,50698,50698,0
9,CS31->US87,56086,56086,0
9,CS31->US95,51068,51068,0
9,CS31->US103,12804,12803,0
9,CS31->US111,12013,12013,0
9,CS31->US119,56416,56416,0
9,CS31->US127,53497,53497,0
9,CS32->US0,51509,51509,0
9,CS32->US8,50264,50264,0
9,CS32->US16,50723,50723,0
9,CS32->US24,51063,51063,0
9,CS32->US32,0,0,0
9,CS32->US40,51390,51390,0
9,CS32->US48,51309,51309,0
9,CS32->US56,51032,51032,0
9,CS32->US64,0,0,0
9,CS32->US72,50819,50819,0
9,CS32->US80,56135,56135,0
9,CS32->US88,51119,51119,0
9,CS32->US96,12757,12757,0
9,CS32->US104,12156,12155,0
9,CS32->US112,56613,56613,0
9,CS32->US120,53535,53535,0
9,CS33->US1,51450,51450,0
9,CS33->US9,50735,50735,0
9,CS33->US17,50784,50784,0
9,CS33->US25,50898,50898,0
9,CS33->US33,0,0,0
9,CS33->US41,51653,51653,0
9,CS33->US49,51627,51627,0
9,CS33->US57,50586,50586,0
9,CS33->US65,0,0,0
9,CS33->US73,51086,51086,0
9,CS33->US81,55980,55980,0
9,CS33->US89,51294,51294,0
9,CS33->US97,12466,12465,0
9,CS33->US105,12091,12091,0
9,CS33->US113,55979,55979,0
9,CS33->US121,53663,53663,0
9,CS34->US2,51171,51171,0
9,CS34->US10,50596,50596,0
9,CS34->US18,50499,50499,0
9,CS34->US26,51312,51312,0
9,CS34->US34,0,0,0
9,CS34->US42,51960,51960,0
9,CS34->US50,51503,51503,0
9,CS34->US58,51097,51097,0
9,CS34->US66,0,0,0
9,CS34->US74,50957,50957,0
9,CS34->US82,55311,55311,0
9,CS34->US90,50819,50819,0
9,CS34->US98,12634,12632,0
9,CS34->US106,12103,12103,0
9,CS34->US114,56263,56263,0
9,CS34->US122,53398,53398,0
9,CS35->US3,51634,51634,0
9,CS35->US11,50644,50644,0
9,CS35->US19,50426,50426,0
9,CS35->US27,50756,50756,0
9,CS35->US35,0,0,0
9,CS35->US43,51668,51668,0
9,CS35->US51,51478,51478,0
9,CS35->US59,50761,50761,0
9,CS35->US67,0,0,0
9,CS35->US75,51226,51226,0
9,CS35->US83,55939,55939,0
9,CS35->US91,50964,50964,0
9,CS35->US99,12571,12571,0
9,CS35->US107,11921,11921,0
9,CS35->US115,56179,56179,0
9,CS35->US123,53347,53347,0
9,CS36->US4,51571,51571,0
9,CS36->US12,50612,50612,0
9,CS36->US20,51019,51019,0
9,CS36->US28,51099,51099,0
9,CS36->US36,0,0,0
9,CS36->US44,52143,52143,0
9,CS36->US52,51588,51588,0
9,CS36->US60,50649,50649,0
9,CS36->US68,0,0,0
9,CS36->US76,51185,51185,0
9,CS36->US84,55793,55793,0
9,CS36->US92,51009,51009,0
9,CS36->US100,12538,12538,0
9,CS36->US108,12083,12083,0
9,CS36->US116,56047,56047,0
9,CS36->US124,53471,53471,0
9,CS37->US5,51701,51701,0
9,CS37->US13,50988,50988,0
9,CS37->US21,50803,50803,0
9,CS37->US29,50874,50874,0
9,CS37->US37,0,0,0
9,CS37->US45,52096,52096,0
9,CS37->US53,51044,51044,0
9,CS37->US61,51109,51109,0
9,CS37->US69,0,0,0
9,CS37->US77,51100,51100,0
9,CS37->US85,55918,55918,0
9,CS37->US93,50745,50745,0
9,CS37->US101,12667,12666,0
9,CS37->US109,12045,12045,0
9,CS37->US117,56268,56268,0
9,CS37->US125,53528,53528,0
9,CS38->US6,51589,51589,0
9,CS38->US14,50718,50718,0
9,CS38->US22,50711,50711,0
9,CS38->US30,50893,50893,0
9,CS38->US38,0,0,0
9,CS38->US46,51499,51499,0
9,CS38->US54,51556,51556,0
9,CS38->US62,50835,50835,0
9,CS38->US70,0,0,0
9,CS38->US78,51396,51396,0
9,CS38->US86,55861,55861,0
9,CS38->US94,51141,51141,0
9,CS38->US102,12789,12787,0
9,CS38->US110,12017,12017,0
9,CS38->US118,56493,56493,0
9,CS38->US126,53811,53811,0
9,CS39->US7,51539,51539,0
9,CS39->US15,50921,50921,0
9,CS39->US23,50768,50768,0
9,CS39->US31,51025,51025,0
9,CS39->US39,0,0,0
9,CS39->US47,51569,51569,0
9,CS39->US55,51610,51610,0
9,CS39->US63,50528,50528,0
9,CS39->US71,0,0,0
9,CS39->US79,51270,51270,0
9,CS39->US87,55936,55936,0
9,CS39->US95,51169,51169,0
9,CS39->US103,12662,12662,0
9,CS39->US111,11996,11996,0
9,CS39->US119,56419,56419,0
9,CS39->US127,53668,53668,0
9,CS40->US0,51424,51424,0
9,CS40->US8,50501,50501,0
9,CS40->US16,50753,50753,0
9,CS40->US24,51225,51225,0
9,CS40->US32,0,0,0
9,CS40->US40,51603,51603,0
9,CS40->US48,50950,50950,0
9,CS40->US56,50288,50288,0
9,CS40->US64,0,0,0
9,CS40->US72,51238,51238,0
9,CS40->US80,55295,55295,0
9,CS40->US88,50991,50991,0
9,CS40->US96,12426,12426,0
9,CS40->US104,12107,12107,0
9,CS40->US112,56107,56107,0
9,CS40->US120,53422,53422,0
9,CS41->US1,51617,51617,0
9,CS41->US9,50470,50470,0
9,CS41->US17,50912,50912,0
9,CS41->US25,51022,51022,0
9,CS41->US33,0,0,0
9,CS41->US41,51726,51726,0
9,CS41->US49,51809,51809,0
9,CS41->US57,50887,50887,0
9,CS41->US65,0,0,0
9,CS41->US73,51109,51109,0
9,CS41->US81,56131,56131,0
9,CS41->US89,51190,51190,0
9,CS41->US97,12514,12513,0
9,CS41->US105,12085,12085,0
9,CS41->US113,55992,55992,0
9,CS41->US121,53591,53591,0
9,CS42->US2,51401,51401,0
9,CS42->US10,50630,50630,0
9,CS42->US18,50637,50637,0
9,CS42->US26,51102,51102,0
9,CS42->US34,0,0,0
9,CS42->US42,51483,51483,0
9,CS42->US50,51786,51786,0
9,CS42->US58,51035,51035,0
9,CS42->US66,0,0,0
9,CS42->US74,51444,51444,0
9,CS42->US82,55977,55977,0
9,CS42->US90,50957,50957,0
9,CS42->US98,12613,12613,0
9,CS42->US106,12077,12077,0
9,CS42->US114,56132,56132,0
9,CS42->US122,53691,53691,0
9,CS43->US3,51210,51210,0
9,CS43->US11,50772,50772,0
9,CS43->US19,50533,50533,0
9,CS43->US27,50888,50888,0
9,CS43->US35,0,0,0
9,CS43->US43,51340,51340,0
9,CS43->US51,51345,51345,0
9,CS43->US59,50494,50494,0
9,CS43->US67,0,0,0
9,CS43->US75,51015,51015,0
9,CS43->US83,55910,55910,0
9,CS43->US91,50648,50648,0
9,CS43->US99,12635,12635,0
9,CS43->US107,12019,12018,0
9,CS43->US115,56117,56117,0
9,CS43->US123,53738,53738,0
9,CS44->US4,51164,51164,0
9,CS44->US12,50338,50338,0
9,CS44->US20,50450,50450,0
9,CS44->US28,50972,50972,0
9,CS44->US36,0,0,0
9,CS44->US44,51776,51776,0
9,CS44->US52,51650,51650,0
9,CS44->US60,50848,50848,0
9,CS44->US68,0,0,0
9,CS44->US76,50848,50848,0
9,CS44->US84,56487,56487,0
9,CS44->US92,51098,51098,0
9,CS44->US100,12633,12632,0
9,CS44->US108,11898,11898,0
9,CS44->US116,56314,56314,0
9,CS44->US124,53175,53175,0
9,CS45->US5,51215,51215,0
9,CS45->US13,50445,50445,0
9,CS45->US21,50782,50782,0
9,CS45->US29,51266,51266,0
9,CS45->US37,0,0,0
9,CS45->US45,51871,51871,0
9,CS45->US53,51616,51616,0
9,CS45->US61,50798,50798,0
9,CS45->US69,0,0,0
9,CS45->US77,50730,50730,0
9,CS45->US85,56033,56033,0
9,CS45->US93,50971,50971,0
9,CS45->US101,12404,12403,0
9,CS45->US109,12014,12014,0
9,CS45->US117,55802,55802,0
9,CS45->US125,53519,53519,0
9,CS46->US6,51068,51068,0
9,CS46->US14,50856,50856,0
9,CS46->US22,50751,50751,0
9,CS46->US30,50866,50866,0
9,CS46->US38,0,0,0
9,CS46->US46,51754,51754,0
9,CS46->US54,51808,51808,0
9,CS46->US62,50782,50782,0
9,CS46->US70,0,0,0
9,CS46->US78,51040,51040,0
9,CS46->US86,56060,56060,0
9,CS46->US94,50603,50603,0
9,CS46->US102,12738,12738,0
9,CS46->US110,11936,11936,0
9,CS46->US118,55667,55667,0
9,CS46->US126,53769,53769,0
9,CS47->US7,51450,51450,0
9,CS47->US15,50577,50577,0
9,CS47->US23,50372,50372,0
9,CS47->US31,51099,51099,0
9,CS47->US39,0,0,0
9,CS47->US47,51409,51409,0
9,CS47->US55,51329,51329,0
9,CS47->US63,51092,51092,0
9,CS47->US71,0,0,0
9,CS47->US79,50756,50756,0
9,CS47->US87,56333,56333,0
9,CS47->US95,50856,50856,0
9,CS47->US103,12627,12625,0
9,CS47->US111,11896,11895,0
9,CS47->US119,56248,56248,0
9,CS47->US127,53332,53332,0
9,CS48->US0,51879,51879,0
9,CS48->US8,50397,50397,0
9,CS48->US16,50504,50504,0
9,CS48->US24,51282,51282,0
9,CS48->US32,0,0,0
9,CS48->US40,51382,51382,0
9,CS48->US48,51938,51938,0
9,CS48->US56,50938,50938,0
9,CS48->US64,0,0,0
9,CS48->US72,50698,50698,0
9,CS48->US80,55581,55581,0
9,CS48->US88,50935,50935,0
9,CS48->US96,12399,12399,0
9,CS48->US104,12084,12084,0
9,CS48->US112,56197,56197,0
9,CS48->US120,53455,53455,0
9,CS49->US1,51573,51573,0
9,CS49->US9,50299,50299,0
9,CS49->US17,50965,50965,0
9,CS49->US25,51034,51034,0
9,CS49->US33,0,0,0
9,CS49->US41,52122,52122,0
9,CS49->US49,51823,51823,0
9,CS49->US57,50935,50935,0
9,CS49->US65,0,0,0
9,CS49->US73,51196,51196,0
9,CS49->US81,56122,56122,0
9,CS49->US89,51192,51192,0
9,CS49->US97,12550,12549,0
9,CS49->US105,11933,11933,0
9,CS49->US113,56032,56032,0
9,CS49->US121,53038,53038,0
9,CS50->US2,51449,51449,0
9,CS50->US10,50664,50664,0
9,CS50->US18,50630,50630,0
9,CS50->US26,51012,51012,0
9,CS50->US34,0,0,0
9,CS50->US42,51253,51253,0
9,CS50->US50,51516,51516,0
9,CS50->US58,50349,50349,0
9,CS50->US66,0,0,0
9,CS50->US74,51058,51058,0
9,CS50->US82,55949,55949,0
9,CS50->US90,51366,51366,0
9,CS50->US98,12525,12525,0
9,CS50->US106,12045,12045,0
9,CS50->US114,56236,56236,0
9,CS50->US122,53716,53716,0
9,CS51->US3,51457,51457,0
9,CS51->US11,50415,50415,0
9,CS51->US19,50986,50986,0
9,CS51->US27,50905,50905,0
9,CS51->US35,0,0,0
9,CS51->US43,51512,51512,0
9,CS51->US51,51581,51581,0
9,CS51->US59,50865,50865,0
9,CS51->US67,0,0,0
9,CS51->US75,51227,51227,0
9,CS51->US83,56283,56283,0
9,CS51->US91,50744,50744,0
9,CS51->US99,12789,12789,0
9,CS51->US107,11998,11998,0
9,CS51->US115,56395,56395,0
9,CS51->US123,53856,53856,0
9,CS52->US4,51305,51305,0
9,CS52->US12,50445,50445,0
9,CS52->US20,50777,50777,0
9,CS52->US28,51156,51156,0
9,CS52->US36,0,0,0
9,CS52->US44,51641,51641,0
9,CS52->US52,50890,50890,0
9,CS52->US60,50901,50901,0
9,CS52->US68,0,0,0
9,CS52->US76,50697,50697,0
9,CS52->US84,55950,55950,0
9,CS52->US92,51516,51516,0
9,CS52->US100,12546,12544,0
9,CS52->US108,11921,11920,0
9,CS52->US116,56382,56382,0
9,CS52->US124,53607,53607,0
9,CS53->US5,51515,51515,0
9,CS53->US13,50584,50584,0
9,CS53->US21,50958,50958,0
9,CS53->US29,50672,50672,0
9,CS53->US37,0,0,0
9,CS53->US45,51461,51461,0
9,CS53->US53,51397,51397,0
9,CS53->US61,50953,50953,0
9,CS53->US69,0,0,0
9,CS53->US77,51270,51270,0
9,CS53->US85,55840,55840,0
9,CS53->US93,51128,51128,0
9,CS53->US101,12480,12479,0
9,CS53->US109,11980,11980,0
9,CS53->US117,56539,56539,0
9,CS53->US125,53715,53715,0
9,CS54->US6,51648,51648,0
9,CS54->US14,50580,50580,0
9,CS54->US22,50789,50789,0
9,CS54->US30,50936,50936,0
9,CS54->US38,0,0,0
9,CS54->US46,51510,51510,0
9,CS54->US54,51808,51808,0
9,CS54->US62,50882,50882,0
9,CS54->US70,0,0,0
9,CS54->US78,51287,51287,0
9,CS54->US86,56141,56141,0
9,CS54->US94,50921,50921,0
9,CS54->US102,12487,12487,0
9,CS54->US110,12138,12138,0
9,CS54->US118,56257,56257,0
9,CS54->US126,53801,53801,0
9,CS55->US7,51686,51686,0
9,CS55->US15,51234,51234,0
9,CS55->US23,50776,50776,0
9,CS55->US31,51239,51239,0
9,CS55->US39,0,0,0
9,CS55->US47,51546,51546,0
9,CS55->US55,51829,51829,0
9,CS55->US63,50550,50550,0
9,CS55->US71,0,0,0
9,CS55->US79,50937,50937,0
9,CS55->US87,55787,55787,0
9,CS55->US95,51251,51251,0
9,CS55->US103,12328,12328,0
9,CS55->US111,12108,12107,0
9,CS55->US119,56261,56261,0
9,CS55->US127,53622,53622,0
9,CS56->US0,51553,51553,0
9,CS56->US8,50654,50654,0
9,CS56->US16,51180,51180,0
9,CS56->US24,51318,51318,0
9,CS56->US32,0,0,0
9,CS56->US40,51774,51774,0
9,CS56->US48,51047,51047,0
9,CS56->US56,51075,51075,0
9,CS56->US64,0,0,0
9,CS56->US72,51223,51223,0
9,CS56->US80,56372,56372,0
9,CS56->US88,50826,50826,0
9,CS56->US96,12537,12536,0
9,CS56->US104,11847,11846,0
9,CS56->US112,56233,56233,0
9,CS56->US120,53550,53550,0
9,CS57->US1,51379,51379,0
9,CS57->US9,50979,50979,0
9,CS57->US17,50588,50588,0
9,CS57->US25,51075,51075,0
9,CS57->US33,0,0,0
9,CS57->US41,51731,51731,0
9,CS57->US49,51744,51744,0
9,CS57->US57,50666,50666,0
9,CS57->US65,0,0,0
9,CS57->US73,50989,50989,0
9,CS57->US81,55760,55760,0
9,CS57->US89,51027,51027,0
9,CS57->US97,12676,12676,0
9,CS57->US105,12223,12223,0
9,CS57->US113,55904,55904,0
9,CS57->US121,53509,53509,0
9,CS58->US2,51826,51826,0
9,CS58->US10,50684,50684,0
9,CS58->US18,50651,50651,0
9,CS58->US26,50828,50828,0
9,CS58->US34,0,0,0
9,CS58->US42,51677,51677,0
9,CS58->US50,51822,51822,0
9,CS58->US58,50468,50468,0
9,CS58->US66,0,0,0
9,CS58->US74,51076,51076,0
9,CS58->US82,55799,55799,0
9,CS58->US90,51261,51261,0
9,CS58->US98,12512,12511,0
9,CS58->US106,12299,12299,0
9,CS58->US114,55947,55947,0
9,CS58->US122,53562,53562,0
9,CS59->US3,51501,51501,0
9,CS59->US11,50679,50679,0
9,CS59->US19,50581,50581,0
9,CS59->US27,51107,51107,0
9,CS59->US35,0,0,0
9,CS59->US43,51937,51937,0
9,CS59->US51,51220,51220,0
9,CS59->US59,50642,50642,0
9,CS59->US67,0,0,0
9,CS59->US75,50783,50783,0
9,CS59->US83,56093,56093,0
9,CS59->US91,50883,50883,0
9,CS59->US99,12517,12517,0
9,CS59->US107,12153,12151,0
9,CS59->US115,56372,56372,0
9,CS59->US123,53690,53690,0
9,CS60->US4,51199,51199,0
9,CS60->US12,50345,50345,0
9,CS60->US20,50436,50436,0
9,CS60->US28,51234,51234,0
9,CS60->US36,0,0,0
9,CS60->US44,51437,51437,0
9,CS60->US52,51069,51069,0
9,CS60->US60,51068,51068,0
9,CS60->US68,0,0,0
9,CS60->US76,50769,50769,0
9,CS60->US84,55664,55664,0
9,CS60->US92,50901,50901,0
9,CS60->US100,12540,12539,0
9,CS60->US108,11928,11928,0
9,CS60->US116,55964,55964,0
9,CS60->US124,53405,53405,0
9,CS61->US5,51854,51854,0
9,CS61->US13,50492,50492,0
9,CS61->US21,51051,51051,0
9,CS61->US29,51275,51275,0
9,CS61->US37,0,0,0
9,CS61->US45,51908,51908,0
9,CS61->US53,51270,51270,0
9,CS61->US61,50801,50801,0
9,CS61->US69,0,0,0
9,CS61->US77,51399,51399,0
9,CS61->US85,55807,55807,0
9,CS61->US93,51285,51285,0
9,CS61->US101,12592,12591,0
9,CS61->US109,12048,12048,0
9,CS61->US117,56439,56439,0
9,CS61->US125,53903,53903,0
9,CS62->US6,51407,51407,0
9,CS62->US14,50410,50410,0
9,CS62->US22,50954,50954,0
9,CS62->US30,50902,50902,0
9,CS62->US38,0,0,0
9,CS62->US46,52151,52151,0
9,CS62->US54,51807,51807,0
9,CS62->US62,50732,50732,0
9,CS62->US70,0,0,0
9,CS62->US78,51142,51142,0
9,CS62->US86,56041,56041,0
9,CS62->US94,50583,50583,0
9,CS62->US102,12744,12744,0
9,CS62->US110,12137,12136,0
9,CS62->US118,56005,56005,0
9,CS62->US126,53635,53635,0
9,CS63->US7,50942,50942,0
9,CS63->US15,50164,50164,0
9,CS63->US23,50966,50966,0
9,CS63->US31,50814,50814,0
9,CS63->US39,0,0,0
9,CS63->US47,51700,51700,0
9,CS63->US55,51380,51380,0
9,CS63->US63,50452,50452,0
9,CS63->US71,0,0,0
9,CS63->US79,51071,51071,0
9,CS63->US87,55692,55692,0
9,CS63->US95,50999,50999,0
9,CS63->US103,12559,12559,0
9,CS63->US111,11953,11952,0
9,CS63->US119,56392,56392,0
9,CS63->US127,53954,53954,0
10,US0->CS0,51659,51659,0
10,US0->CS8,52195,52195,0
10,US0->CS16,51692,51692,0
10,US0->CS24,51648,51648,0
10,US0->CS32,51590,51590,0
10,US0->CS40,51249,51249,0
10,US0->CS48,52232,52232,0
10,US0->CS56,51306,51306,0
10,US1->CS1,51796,51796,0
10,US1->CS9,52001,52001,0
10,US1->CS17,51932,51932,0
10,US1->CS25,51894,51894,0
10,US1->CS33,51886,51886,0
10,US1->CS41,52088,52088,0
10,US1->CS49,52088,52088,0
10,US1->CS57,51971,51971,0
10,US2->CS2,51757,51757,0
10,US2->CS10,51566,51566,0
10,US2->CS18,51634,51634,0
10,US2->CS26,51500,51500,0
10,US2->CS34,51807,51807,0
10,US2->CS42,52053,52053,0
10,US2->CS50,51833,51833,0
10,US2->CS58,52113,52113,0
10,US3->CS3,51375,51375,0
10,US3->CS11,51293,51293,0
10,US3->CS19,51683,51683,0
10,US3->CS27,51523,51523,0
10,US3->CS35,51785,51785,0
10,US3->CS43,51628,51628,0
10,US3->CS51,51861,51861,0
10,US3->CS59,51496,51496,0
10,US4->CS4,51604,51604,0
10,US4->CS12,51667,51667,0
10,US4->CS20,51276,51276,0
10,US4->CS28,52018,52018,0
10,US4->CS36,51918,51918,0
10,US4->CS44,51936,51936,0
10,US4->CS52,51194,51194,0
10,US4->CS60,51339,51339,0
10,US5->CS5,51433,51433,0
10,US5->CS13,52005,52005,0
10,US5->CS21,51918,51918,0
10,US5->CS29,51804,51804,0
10,US5->CS37,51326,51326,0
10,US5->CS45,51900,51900,0
10,US5->CS53,51640,51640,0
10,US5->CS61,51572,51572,0
10,US6->CS6,51772,51772,0
10,US6->CS14,51392,51392,0
10,US6->CS22,51710,51710,0
10,US6->CS30,51895,51895,0
10,US6->CS38,51848,51848,0
10,US6->CS46,52083,52083,0
10,US6->CS54,52042,52042,0
10,US6->CS62,52069,52069,0
10,US7->CS7,51949,51949,0
10,US7->CS15,51977,51977,0
10,US7->CS23,52042,52042,0
10,US7->CS31,51961,51961,0
10,US7->CS39,51898,51898,0
10,US7->CS47,51638,51638,0
10,US7->CS55,52113,52113,0
10,US7->CS63,51653,51653,0
10,US8->CS0,55849,55849,0
10,US8->CS8,56264,56264,0
10,US8->CS16,55803,55803,0
10,US8->CS24,56031,56031,0
10,US8->CS32,56087,56087,0
10,US8->CS40,55243,55243,0
10,US8->CS48,55533,55533,0
10,US8->CS56,56363,56363,0
10,US9->CS1,56132,56132,0
10,US9->CS9,56057,56057,0
10,US9->CS17,55675,55675,0
10,US9->CS25,56101,56101,0
10,US9->CS33,55983,55983,0
10,US9->CS41,56041,56041,0
10,US9->CS49,56046,56046,0
10,US9->CS57,55705,55705,0
10,US10->CS2,55821,55821,0
10,US10->CS10,56176,56176,0
10,US10->CS18,55564,55564,0
10,US10->CS26,55843,55843,0
10,US10->CS34,55272,55272,0
10,US10->CS42,55954,55954,0
10,US10->CS50,55961,55961,0
10,US10->CS58,55702,55702,0
10,US11->CS3,55640,55640,0
10,US11->CS11,55831,55831,0
10,US11->CS19,55919,55919,0
10,US11->CS27,56115,56115,0
10,US11->CS35,55905,55905,0
10,US11->CS43,55872,55872,0
10,US11->CS51,56266,56266,0
10,US11->CS59,56028,56028,0
10,US12->CS4,56030,56030,0
10,US12->CS12,55834,55834,0
10,US12->CS20,56231,56231,0
10,US12->CS28,56018,56018,0
10,US12->CS36,55805,55805,0
10,US12->CS44,56381,56381,0
10,US12->CS52,55913,55913,0
10,US12->CS60,55657,55657,0
10,US13->CS5,56047,56047,0
10,US13->CS13,55902,55902,0
10,US13->CS21,55887,55887,0
10,US13->CS29,55099,55099,0
10,US13->CS37,55854,55854,0
10,US13->CS45,56015,56015,0
10,US13->CS53,55818,55818,0
10,US13->CS61,55733,55733,0
10,US14->CS6,55760,55760,0
10,US14->CS14,55772,55772,0
10,US14->CS22,56080,56080,0
10,US14->CS30,55984,55984,0
10,US14->CS38,55787,55787,0
10,US14->CS46,55981,55981,0
10,US14->CS54,56060,56060,0
10,US14->CS62,56032,56032,0
10,US15->CS7,56071,56071,0
10,US15->CS15,55689,55689,0
10,US15->CS23,55997,55997,0
10,US15->CS31,56008,56008,0
10,US15->CS39,55852,55852,0
10,US15->CS47,56275,56275,0
10,US15->CS55,55711,55711,0
10,US15->CS63,55593,55593,0
10,US16->CS0,53626,53626,0
10,US16->CS8,53648,53648,0
10,US16->CS16,53574,53574,0
10,US16->CS24,53807,53807,0
10,US16->CS32,53627,53627,0
10,US16->CS40,53505,53505,0
10,US16->CS48,53495,53495,0
10,US16->CS56,53587,53587,0
10,US17->CS1,53636,53636,0
10,US17->CS9,53883,53883,0
10,US17->CS17,53596,53596,0
10,US17->CS25,53853,53853,0
10,US17->CS33,53716,53716,0
10,US17->CS41,53630,53630,0
10,US17->CS49,53105,53105,0
10,US17->CS57,53682,53682,0
10,US18->CS2,53802,53802,0
10,US18->CS10,53743,53743,0
10,US18->CS18,53609,53609,0
10,US18->CS26,53765,53765,0
10,US18->CS34,53474,53474,0
10,US18->CS42,53754,53754,0
10,US18->CS50,53799,53799,0
10,US18->CS58,53616,53616,0
10,US19->CS3,53620,53620,0
10,US19->CS11,53504,53504,0
10,US19->CS19,53206,53206,0
10,US19->CS27,53602,53602,0
10,US19->CS35,53353,53353,0
10,US19->CS43,53842,53842,0
10,US19->CS51,53887,53887,0
10,US19->CS59,53749,53749,0
10,US20->CS4,53737,53737,0
10,US20->CS12,53186,53186,0
10,US20->CS20,53526,53526,0
10,US20->CS28,53547,53547,0
10,US20->CS36,53570,53570,0
10,US20->CS44,53239,53239,0
10,US20->CS52,53687,53687,0
10,US20->CS60,53504,53504,0
10,US21->CS5,54029,54029,0
10,US21->CS13,53772,53772,0
10,US21->CS21,53708,53708,0
10,US21->CS29,53507,53507,0
10,US21->CS37,53568,53568,0
10,US21->CS45,53599,53599,0
10,US21->CS53,53738,53738,0
10,US21->CS61,54086,54086,0
10,US22->CS6,53335,53335,0
10,US22->CS14,53606,53606,0
10,US22->CS22,53337,53337,0
10,US22->CS30,54002,54002,0
10,US22->CS38,53908,53908,0
10,US22->CS46,53793,53793,0
10,US22->CS54,53851,53851,0
10,US22->CS62,53649,53649,0
10,US23->CS7,53569,53569,0
10,US23->CS15,53591,53591,0
10,US23->CS23,53764,53764,0
10,US23->CS31,53559,53559,0
10,US23->CS39,53794,53794,0
10,US23->CS47,53410,53410,0
10,US23->CS55,53699,53699,0
10,US23->CS63,53982,53982,0
10,US24->CS0,51080,51080,0
10,US24->CS8,50826,50826,0
10,US24->CS16,50471,50471,0
10,US24->CS24,50156,50156,0
10,US24->CS32,50910,50910,0
10,US24->CS40,50192,50192,0
10,US24->CS48,50759,50759,0
10,US24->CS56,50944,50944,0
10,US25->CS1,50399,50399,0
10,US25->CS9,51094,51094,0
10,US25->CS17,50558,50558,0
10,US25->CS25,50507,50507,0
10,US25->CS33,50418,50418,0
10,US25->CS41,50825,50825,0
10,US25->CS49,50777,50777,0
10,US25->CS57,50599,50599,0
10,US26->CS2,50677,50677,0
10,US26->CS10,50871,50871,0
10,US26->CS18,50327,50327,0
10,US26->CS26,50683,50683,0
10,US26->CS34,50931,50931,0
10,US26->CS42,50899,50899,0
10,US26->CS50,50269,50269,0
10,US26->CS58,50350,50350,0
10,US27->CS3,50384,50384,0
10,US27->CS11,50673,50673,0
10,US27->CS19,50761,50761,0
10,US27->CS27,50534,50534,0
10,US27->CS35,50670,50670,0
10,US27->CS43,50386,50386,0
10,US27->CS51,50725,50725,0
10,US27->CS59,50507,50507,0
10,US28->CS4,50597,50597,0
10,US28->CS12,50961,50961,0
10,US28->CS20,51172,51172,0
10,US28->CS28,50818,50818,0
10,US28->CS36,50515,50515,0
10,US28->CS44,50761,50761,0
10,US28->CS52,50720,50720,0
10,US28->CS60,50925,50925,0
10,US29->CS5,50553,50553,0
10,US29->CS13,50417,50417,0
10,US29->CS21,50481,50481,0
10,US29->CS29,51055,51055,0
10,US29->CS37,51042,51042,0
10,US29->CS45,50668,50668,0
10,US29->CS53,50803,50803,0
10,US29->CS61,50693,50693,0
10,US30->CS6,50609,50609,0
10,US30->CS14,51141,51141,0
10,US30->CS22,50584,50584,0
10,US30->CS30,50473,50473,0
10,US30->CS38,50735,50735,0
10,US30->CS46,50684,50684,0
10,US30->CS54,50768,50768,0
10,US30->CS62,50631,50631,0
10,US31->CS7,50198,50198,0
10,US31->CS15,50287,50287,0
10,US31->CS23,51019,51019,0
10,US31->CS31,51047,51047,0
10,US31->CS39,50433,50433,0
10,US31->CS47,50983,50983,0
10,US31->CS55,50444,50444,0
10,US31->CS63,50324,50324,0
10,US32->CS0,0,0,0
10,US32->CS8,0,0,0
10,US32->CS16,0,0,0
10,US32->CS24,0,0,0
10,US32->CS32,0,0,0
10,US32->CS40,0,0,0
10,US32->CS48,0,0,0
10,US32->CS56,0,0,0
10,US33->CS1,0,0,0
10,US33->CS9,0,0,0
10,US33->CS17,0,0,0
10,US33->CS25,0,0,0
10,US33->CS33,0,0,0
10,US33->CS41,0,0,0
10,US33->CS49,0,0,0
10,US33->CS57,0,0,0
10,US34->CS2,0,0,0
10,US34->CS10,0,0,0
10,US34->CS18,0,0,0
10,US34->CS26,0,0,0
10,US34->CS34,0,0,0
10,US34->CS42,0,0,0
10,US34->CS50,0,0,0
10,US34->CS58,0,0,0
10,US35->CS3,0,0,0
10,US35->CS11,0,0,0
10,US35->CS19,0,0,0
10,US35->CS27,0,0,0
10,US35->CS35,0,0,0
10,US35->CS43,0,0,0
10,US35->CS51,0,0,0
10,US35->CS59,0,0,0
10,US36->CS4,0,0,0
10,US36->CS12,0,0,0
10,US36->CS20,0,0,0
10,US36->CS28,0,0,0
10,US36->CS36,0,0,0
10,US36->CS44,0,0,0
10,US36->CS52,0,0,0
10,US36->CS60,0,0,0
10,US37->CS5,0,0,0
10,US37->CS13,0,0,0
10,US37->CS21,0,0,0
10,US37->CS29,0,0,0
10,US37->CS37,0,0,0
10,US37->CS45,0,0,0
10,US37->CS53,0,0,0
10,US37->CS61,0,0,0
10,US38->CS6,0,0,0
10,US38->CS14,0,0,0
10,US38->CS22,0,0,0
10,US38->CS30,0,0,0
10,US38->CS38,0,0,0
10,US38->CS46,0,0,0
10,US38->CS54,0,0,0
10,US38->CS62,0,0,0
10,US39->CS7,0,0,0
10,US39->CS15,0,0,0
10,US39->CS23,0,0,0
10,US39->CS31,0,0,0
10,US39->CS39,0,0,0
10,US39->CS47,0,0,0
10,US39->CS55,0,0,0
10,US39->CS63,0,0,0
10,US40->CS0,56478,56478,0
10,US40->CS8,55941,55941,0
10,US40->CS16,55820,55820,0
10,US40->CS24,56437,56437,0
10,US40->CS32,56484,56484,0
10,US40->CS40,56041,56041,0
10,US40->CS48,56165,56165,0
10,US40->CS56,56228,56228,0
10,US41->CS1,55697,55697,0
10,US41->CS9,55991,55991,0
10,US41->CS17,55868,55868,0
10,US41->CS25,56388,56388,0
10,US41->CS33,56005,56005,0
10,US41->CS41,55897,55897,0
10,US41->CS49,56020,56020,0
10,US41->CS57,55911,55911,0
10,US42->CS2,56572,56572,0
10,US42->CS10,56125,56125,0
10,US42->CS18,55903,55903,0
10,US42->CS26,56252,56252,0
10,US42->CS34,56164,56164,0
10,US42->CS42,56081,56081,0
10,US42->CS50,56169,56169,0
10,US42->CS58,55858,55858,0
10,US43->CS3,56221,56221,0
10,US43->CS11,56036,56036,0
10,US43->CS19,56342,56342,0
10,US43->CS27,56164,56164,0
10,US43->CS35,56081,56081,0
10,US43->CS43,56070,56070,0
10,US43->CS51,56330,56330,0
10,US43->CS59,56368,56368,0
10,US44->CS4,56019,56019,0
10,US44->CS12,56220,56220,0
10,US44->CS20,56408,56408,0
10,US44->CS28,55847,55847,0
10,US44->CS36,55928,55928,0
10,US44->CS44,56308,56308,0
10,US44->CS52,56322,56322,0
10,US44->CS60,55921,55921,0
10,US45->CS5,56058,56058,0
10,US45->CS13,56161,56161,0
10,US45->CS21,56053,56053,0
10,US45->CS29,56150,56150,0
10,US45->CS37,56198,56198,0
10,US45->CS45,55782,55782,0
10,US45->CS53,56548,56548,0
10,US45->CS61,56427,56427,0
10,US46->CS6,56236,56236,0
10,US46->CS14,56247,56247,0
10,US46->CS22,56313,56313,0
10,US46->CS30,56143,56143,0
10,US46->CS38,56435,56435,0
10,US46->CS46,55596,55596,0
10,US46->CS54,56279,56279,0
10,US46->CS62,55965,55965,0
10,US47->CS7,55817,55817,0
10,US47->CS15,56407,56407,0
10,US47->CS23,56180,56180,0
10,US47->CS31,56350,56350,0
10,US47->CS39,56361,56361,0
10,US47->CS47,56218,56218,0
10,US47->CS55,56195,56195,0
10,US47->CS63,56377,56377,0
10,US48->CS0,52237,52237,0
10,US48->CS8,52111,52111,0
10,US48->CS16,51674,51674,0
10,US48->CS24,52118,52118,0
10,US48->CS32,51801,51801,0
10,US48->CS40,51686,51686,0
10,US48->CS48,52115,52115,0
10,US48->CS56,51898,51898,0
10,US49->CS1,51451,51451,0
10,US49->CS9,51026,51026,0
10,US49->CS17,51892,51892,0
10,US49->CS25,51836,51836,0
10,US49->CS33,51748,51748,0
10,US49->CS41,51913,51913,0
10,US49->CS49,51866,51866,0
10,US49->CS57,51617,51617,0
10,US50->CS2,51974,51974,0
10,US50->CS10,51887,51887,0
10,US50->CS18,51887,51887,0
10,US50->CS26,51917,51917,0
10,US50->CS34,51462,51462,0
10,US50->CS42,51676,51676,0
10,US50->CS50,51719,51719,0
10,US50->CS58,52127,52127,0
10,US51->CS3,51676,51676,0
10,US51->CS11,51486,51486,0
10,US51->CS19,51378,51378,0
10,US51->CS27,51818,51818,0
10,US51->CS35,51932,51932,0
10,US51->CS43,51502,51502,0
10,US51->CS51,51751,51751,0
10,US51->CS59,51793,51793,0
10,US52->CS4,51758,51758,0
10,US52->CS12,51822,51822,0
10,US52->CS20,51768,51768,0
10,US52->CS28,51508,51508,0
10,US52->CS36,51878,51878,0
10,US52->CS44,51472,51472,0
10,US52->CS52,51590,51590,0
10,US52->CS60,51488,51488,0
10,US53->CS5,52094,52094,0
10,US53->CS13,51701,51701,0
10,US53->CS21,51728,51728,0
10,US53->CS29,51596,51596,0
10,US53->CS37,52007,52007,0
10,US53->CS45,51488,51488,0
10,US53->CS53,51776,51776,0
10,US53->CS61,52120,52120,0
10,US54->CS6,51213,51213,0
10,US54->CS14,51646,51646,0
10,US54->CS22,51646,51646,0
10,US54->CS30,51908,51908,0
10,US54->CS38,51873,51873,0
10,US54->CS46,51346,51346,0
10,US54->CS54,51912,51912,0
10,US54->CS62,51667,51667,0
10,US55->CS7,51881,51881,0
10,US55->CS15,51898,51898,0
10,US55->CS23,52110,52110,0
10,US55->CS31,52222,52222,0
10,US55->CS39,51804,51804,0
10,US55->CS47,51748,51748,0
10,US55->CS55,51969,51969,0
10,US55->CS63,51221,51221,0
10,US56->CS0,51099,51099,0
10,US56->CS8,50909,50909,0
10,US56->CS16,51136,51136,0
10,US56->CS24,51090,51090,0
10,US56->CS32,50939,50939,0
10,US56->CS40,51130,51130,0
10,US56->CS48,51166,51166,0
10,US56->CS56,51184,51184,0
10,US57->CS1,51145,51145,0
10,US57->CS9,51216,51216,0
10,US57->CS17,50857,50857,0
10,US57->CS25,50734,50734,0
10,US57->CS33,50773,50773,0
10,US57->CS41,50870,50870,0
10,US57->CS49,50895,50895,0
10,US57->CS57,50980,50980,0
10,US58->CS2,50826,50826,0
10,US58->CS10,51556,51556,0
10,US58->CS18,50986,50986,0
10,US58->CS26,50837,50837,0
10,US58->CS34,51123,51123,0
10,US58->CS42,50983,50983,0
10,US58->CS50,50785,50785,0
10,US58->CS58,50733,50733,0
10,US59->CS3,50755,50755,0
10,US59->CS11,51468,51468,0
10,US59->CS19,51390,51390,0
10,US59->CS27,51093,51093,0
10,US59->CS35,50668,50668,0
10,US59->CS43,50715,50715,0
10,US59->CS51,50745,50745,0
10,US59->CS59,50973,50973,0
10,US60->CS4,50723,50723,0
10,US60->CS12,50696,50696,0
10,US60->CS20,50944,50944,0
10,US60->CS28,50911,50911,0
10,US60->CS36,50942,50942,0
10,US60->CS44,50881,50881,0
10,US60->CS52,51011,51011,0
10,US60->CS60,51092,51092,0
10,US61->CS5,51105,51105,0
10,US61->CS13,51042,51042,0
10,US61->CS21,50900,50900,0
10,US61->CS29,51347,51347,0
10,US61->CS37,50738,50738,0
10,US61->CS45,51105,51105,0
10,US61->CS53,50571,50571,0
10,US61->CS61,51199,51199,0
10,US62->CS6,51193,51193,0
10,US62->CS14,51137,51137,0
10,US62->CS22,50447,50447,0
10,US62->CS30,51009,51009,0
10,US62->CS38,50761,50761,0
10,US62->CS46,50712,50712,0
10,US62->CS54,50850,50850,0
10,US62->CS62,50780,50780,0
10,US63->CS7,51185,51185,0
10,US63->CS15,51023,51023,0
10,US63->CS23,51198,51198,0
10,US63->CS31,50731,50731,0
10,US63->CS39,50912,50912,0
10,US63->CS47,50993,50993,0
10,US63->CS55,51126,51126,0
10,US63->CS63,50740,50740,0
10,US64->CS0,0,0,0
10,US64->CS8,0,0,0
10,US64->CS16,0,0,0
10,US64->CS24,0,0,0
10,US64->CS32,0,0,0
10,US64->CS40,0,0,0
10,US64->CS48,0,0,0
10,US64->CS56,0,0,0
10,US65->CS1,0,0,0
10,US65->CS9,0,0,0
10,US65->CS17,0,0,0
10,US65->CS25,0,0,0
10,US65->CS33,0,0,0
10,US65->CS41,0,0,0
10,US65->CS49,0,0,0
10,US65->CS57,0,0,0
10,US66->CS2,0,0,0
10,US66->CS10,0,0,0
10,US66->CS18,0,0,0
10,US66->CS26,0,0,0
10,US66->CS34,0,0,0
10,US66->CS42,0,0,0
10,US66->CS50,0,0,0
10,US66->CS58,0,0,0
10,US67->CS3,0,0,0
10,US67->CS11,0,0,0
10,US67->CS19,0,0,0
10,US67->CS27,0,0,0
10,US67->CS35,0,0,0
10,US67->CS43,0,0,0
10,US67->CS51,0,0,0
10,US67->CS59,0,0,0
10,US68->CS4,0,0,0
10,US68->CS12,0,0,0
10,US68->CS20,0,0,0
10,US68->CS28,0,0,0
10,US68->CS36,0,0,0
10,US68->CS44,0,0,0
10,US68->CS52,0,0,0
10,US68->CS60,0,0,0
10,US69->CS5,0,0,0
10,US69->CS13,0,0,0
10,US69->CS21,0,0,0
10,US69->CS29,0,0,0
10,US69->CS37,0,0,0
10,US69->CS45,0,0,0
10,US69->CS53,0,0,0
10,US69->CS61,0,0,0
10,US70->CS6,0,0,0
10,US70->CS14,0,0,0
10,US70->CS22,0,0,0
10,US70->CS30,0,0,0
10,US70->CS38,0,0,0
10,US70->CS46,0,0,0
10,US70->CS54,0,0,0
10,US70->CS62,0,0,0
10,US71->CS7,0,0,0
10,US71->CS15,0,0,0
10,US71->CS23,0,0,0
10,US71->CS31,0,0,0
10,US71->CS39,0,0,0
10,US71->CS47,0,0,0
10,US71->CS55,0,0,0
10,US71->CS63,0,0,0
10,US72->CS0,50830,50830,0
10,US72->CS8,50977,50977,0
10,US72->CS16,51129,51129,0
10,US72->CS24,50972,50972,0
10,US72->CS32,51009,51009,0
10,US72->CS40,50880,50880,0
10,US72->CS48,50884,50884,0
10,US72->CS56,50836,50836,0
10,US73->CS1,51099,51099,0
10,US73->CS9,51086,51086,0
10,US73->CS17,50658,50658,0
10,US73->CS25,51094,51094,0
10,US73->CS33,51325,51325,0
10,US73->CS41,51196,51196,0
10,US73->CS49,51162,51162,0
10,US73->CS57,50937,50937,0
10,US74->CS2,50868,50868,0
10,US74->CS10,50951,50951,0
10,US74->CS18,50989,50989,0
10,US74->CS26,51346,51346,0
10,US74->CS34,50792,50792,0
10,US74->CS42,50968,50968,0
10,US74->CS50,51286,51286,0
10,US74->CS58,51240,51240,0
10,US75->CS3,50883,50883,0
10,US75->CS11,50798,50798,0
10,US75->CS19,51267,51267,0
10,US75->CS27,50976,50976,0
10,US75->CS35,50912,50912,0
10,US75->CS43,50635,50635,0
10,US75->CS51,50737,50737,0
10,US75->CS59,50804,50804,0
10,US76->CS4,50719,50719,0
10,US76->CS12,50894,50894,0
10,US76->CS20,50654,50654,0
10,US76->CS28,50829,50829,0
10,US76->CS36,50941,50941,0
10,US76->CS44,50988,50988,0
10,US76->CS52,51482,51482,0
10,US76->CS60,50855,50855,0
10,US77->CS5,51015,51015,0
10,US77->CS13,51221,51221,0
10,US77->CS21,50709,50709,0
10,US77->CS29,50862,50862,0
10,US77->CS37,50782,50782,0
10,US77->CS45,50956,50956,0
10,US77->CS53,51112,51112,0
10,US77->CS61,51182,51182,0
10,US78->CS6,51211,51211,0
10,US78->CS14,51051,51051,0
10,US78->CS22,50670,50670,0
10,US78->CS30,51007,51007,0
10,US78->CS38,51094,51094,0
10,US78->CS46,50602,50602,0
10,US78->CS54,50890,50890,0
10,US78->CS62,50509,50509,0
10,US79->CS7,50730,50730,0
10,US79->CS15,50768,50768,0
10,US79->CS23,50748,50748,0
10,US79->CS31,50999,50999,0
10,US79->CS39,51137,51137,0
10,US79->CS47,50788,50788,0
10,US79->CS55,51169,51169,0
10,US79->CS63,50990,50990,0
10,US80->CS0,50279,50279,0
10,US80->CS8,50564,50564,0
10,US80->CS16,50833,50833,0
10,US80->CS24,50724,50724,0
10,US80->CS32,50188,50188,0
10,US80->CS40,50447,50447,0
10,US80->CS48,50331,50331,0
10,US80->CS56,50549,50549,0
10,US81->CS1,50496,50496,0
10,US81->CS9,50261,50261,0
10,US81->CS17,50561,50561,0
10,US81->CS25,50565,50565,0
10,US81->CS33,50696,50696,0
10,US81->CS41,50320,50320,0
10,US81->CS49,50227,50227,0
10,US81->CS57,50784,50784,0
10,US82->CS2,50272,50272,0
10,US82->CS10,50429,50429,0
10,US82->CS18,50776,50776,0
10,US82->CS26,50515,50515,0
10,US82->CS34,50546,50546,0
10,US82->CS42,50532,50532,0
10,US82->CS50,50532,50532,0
10,US82->CS58,50594,50594,0
10,US83->CS3,49992,49992,0
10,US83->CS11,50411,50411,0
10,US83->CS19,50310,50310,0
10,US83->CS27,50322,50322,0
10,US83->CS35,50567,50567,0
10,US83->CS43,50634,50634,0
10,US83->CS51,50355,50355,0
10,US83->CS59,50633,50633,0
10,US84->CS4,50786,50786,0
10,US84->CS12,50262,50262,0
10,US84->CS20,50168,50168,0
10,US84->CS28,50518,50518,0
10,US84->CS36,50546,50546,0
10,US84->CS44,50217,50217,0
10,US84->CS52,50365,50365,0
10,US84->CS60,50200,50200,0
10,US85->CS5,50682,50682,0
10,US85->CS13,50626,50626,0
10,US85->CS21,50032,50032,0
10,US85->CS29,50417,50417,0
10,US85->CS37,50897,50897,0
10,US85->CS45,50333,50333,0
10,US85->CS53,50524,50524,0
10,US85->CS61,50354,50354,0
10,US86->CS6,50446,50446,0
10,US86->CS14,50496,50496,0
10,US86->CS22,50311,50311,0
10,US86->CS30,50270,50270,0
10,US86->CS38,50599,50599,0
10,US86->CS46,50768,50768,0
10,US86->CS54,50509,50509,0
10,US86->CS62,50336,50336,0
10,US87->CS7,50470,50470,0
10,US87->CS15,50824,50824,0
10,US87->CS23,50394,50394,0
10,US87->CS31,50601,50601,0
10,US87->CS39,50774,50774,0
10,US87->CS47,50471,50471,0
10,US87->CS55,51117,51117,0
10,US87->CS63,50099,50099,0
10,US88->CS0,50889,50889,0
10,US88->CS8,51358,51358,0
10,US88->CS16,51268,51268,0
10,US88->CS24,50854,50854,0
10,US88->CS32,50927,50927,0
10,US88->CS40,51290,51290,0
10,US88->CS48,50724,50724,0
10,US88->CS56,51254,51254,0
10,US89->CS1,51200,51200,0
10,US89->CS9,50926,50926,0
10,US89->CS17,51204,51204,0
10,US89->CS25,51020,51020,0
10,US89->CS33,51077,51077,0
10,US89->CS41,51107,51107,0
10,US89->CS49,51225,51225,0
10,US89->CS57,50962,50962,0
10,US90->CS2,51211,51211,0
10,US90->CS10,50942,50942,0
10,US90->CS18,51026,51026,0
10,US90->CS26,50981,50981,0
10,US90->CS34,51034,51034,0
10,US90->CS42,51493,51493,0
10,US90->CS50,51107,51107,0
10,US90->CS58,51142,51142,0
10,US91->CS3,50800,50800,0
10,US91->CS11,51208,51208,0
10,US91->CS19,51541,51541,0
10,US91->CS27,51016,51016,0
10,US91->CS35,51283,51283,0
10,US91->CS43,51051,51051,0
10,US91->CS51,51311,51311,0
10,US91->CS59,50806,50806,0
10,US92->CS4,50959,50959,0
10,US92->CS12,51359,51359,0
10,US92->CS20,50946,50946,0
10,US92->CS28,51000,51000,0
10,US92->CS36,51269,51269,0
10,US92->CS44,50870,50870,0
10,US92->CS52,50734,50734,0
10,US92->CS60,50802,50802,0
10,US93->CS5,51082,51082,0
10,US93->CS13,50859,50859,0
10,US93->CS21,51210,51210,0
10,US93->CS29,51184,51184,0
10,US93->CS37,51148,51148,0
10,US93->CS45,50786,50786,0
10,US93->CS53,51279,51279,0
10,US93->CS61,51368,51368,0
10,US94->CS6,50841,50841,0
10,US94->CS14,51250,51250,0
10,US94->CS22,50935,50935,0
10,US94->CS30,50842,50842,0
10,US94->CS38,51409,51409,0
10,US94->CS46,51141,51141,0
10,US94->CS54,51328,51328,0
10,US94->CS62,51231,51231,0
10,US95->CS7,51008,51008,0
10,US95->CS15,50951,50951,0
10,US95->CS23,50707,50707,0
10,US95->CS31,50665,50665,0
10,US95->CS39,51360,51360,0
10,US95->CS47,50751,50751,0
10,US95->CS55,50965,50965,0
10,US95->CS63,51077,51077,0
10,US96->CS0,50716,50716,0
10,US96->CS8,50610,50610,0
10,US96->CS16,50454,50454,0
10,US96->CS24,50345,50345,0
10,US96->CS32,50692,50692,0
10,US96->CS40,50166,50166,0
10,US96->CS48,50726,50726,0
10,US96->CS56,50648,50648,0
10,US97->CS1,50389,50389,0
10,US97->CS9,50631,50631,0
10,US97->CS17,50401,50401,0
10,US97->CS25,50709,50709,0
10,US97->CS33,50971,50971,0
10,US97->CS41,50691,50691,0
10,US97->CS49,50567,50567,0
10,US97->CS57,50606,50606,0
10,US98->CS2,50578,50578,0
10,US98->CS10,50207,50207,0
10,US98->CS18,50772,50772,0
10,US98->CS26,50311,50311,0
10,US98->CS34,50452,50452,0
10,US98->CS42,50391,50391,0
10,US98->CS50,50414,50414,0
10,US98->CS58,50535,50535,0
10,US99->CS3,50229,50229,0
10,US99->CS11,50716,50716,0
10,US99->CS19,50366,50366,0
10,US99->CS27,50513,50513,0
10,US99->CS35,50057,50057,0
10,US99->CS43,50486,50486,0
10,US99->CS51,50434,50434,0
10,US99->CS59,50920,50920,0
10,US100->CS4,50570,50570,0
10,US100->CS12,50508,50508,0
10,US100->CS20,50514,50514,0
10,US100->CS28,50216,50216,0
10,US100->CS36,50502,50502,0
10,US100->CS44,50294,50294,0
10,US100->CS52,50491,50491,0
10,US100->CS60,50180,50180,0
10,US101->CS5,50325,50325,0
10,US101->CS13,50599,50599,0
10,US101->CS21,50301,50301,0
10,US101->CS29,50654,50654,0
10,US101->CS37,50287,50287,0
10,US101->CS45,50421,50421,0
10,US101->CS53,50276,50276,0
10,US101->CS61,50500,50500,0
10,US102->CS6,50553,50553,0
10,US102->CS14,50749,50749,0
10,US102->CS22,50408,50408,0
10,US102->CS30,50429,50429,0
10,US102->CS38,50552,50552,0
10,US102->CS46,50165,50165,0
10,US102->CS54,50673,50673,0
10,US102->CS62,50621,50621,0
10,US103->CS7,50305,50305,0
10,US103->CS15,50086,50086,0
10,US103->CS23,50343,50343,0
10,US103->CS31,50382,50382,0
10,US103->CS39,50164,50164,0
10,US103->CS47,50334,50334,0
10,US103->CS55,50516,50516,0
10,US103->CS63,50617,50617,0
10,US104->CS0,50653,50653,0
10,US104->CS8,49896,49896,0
10,US104->CS16,50072,50072,0
10,US104->CS24,50197,50197,0
10,US104->CS32,50611,50611,0
10,US104->CS40,50259,50259,0
10,US104->CS48,50262,50262,0
10,US104->CS56,50615,50615,0
10,US105->CS1,50267,50267,0
10,US105->CS9,50137,50137,0
10,US105->CS17,49984,49984,0
10,US105->CS25,50394,50394,0
10,US105->CS33,50140,50140,0
10,US105->CS41,50317,50317,0
10,US105->CS49,50257,50257,0
10,US105->CS57,50574,50574,0
10,US106->CS2,50817,50817,0
10,US106->CS10,50423,50423,0
10,US106->CS18,50567,50567,0
10,US106->CS26,50404,50404,0
10,US106->CS34,50499,50499,0
10,US106->CS42,50557,50557,0
10,US106->CS50,50291,50291,0
10,US106->CS58,50523,50523,0
10,US107->CS3,50408,50408,0
10,US107->CS11,50039,50039,0
10,US107->CS19,50511,50511,0
10,US107->CS27,50388,50388,0
10,US107->CS35,50133,50133,0
10,US107->CS43,50497,50497,0
10,US107->CS51,50673,50673,0
10,US107->CS59,50122,50122,0
10,US108->CS4,50277,50277,0
10,US108->CS12,50166,50166,0
10,US108->CS20,50169,50169,0
10,US108->CS28,50758,50758,0
10,US108->CS36,50316,50316,0
10,US108->CS44,50561,50561,0
10,US108->CS52,50456,50456,0
10,US108->CS60,50396,50396,0
10,US109->CS5,50595,50595,0
10,US109->CS13,50124,50124,0
10,US109->CS21,50261,50261,0
10,US109->CS29,50293,50293,0
10,US109->CS37,50224,50224,0
10,US109->CS45,50309,50309,0
10,US109->CS53,50350,50350,0
10,US109->CS61,50330,50330,0
10,US110->CS6,50198,50198,0
10,US110->CS14,50054,50054,0
10,US110->CS22,50804,50804,0
10,US110->CS30,50222,50222,0
10,US110->CS38,50433,50433,0
10,US110->CS46,50468,50468,0
10,US110->CS54,50292,50292,0
10,US110->CS62,50599,50599,0
10,US111->CS7,50693,50693,0
10,US111->CS15,50252,50252,0
10,US111->CS23,50374,50374,0
10,US111->CS31,50672,50672,0
10,US111->CS39,50071,50071,0
10,US111->CS47,50292,50292,0
10,US111->CS55,50434,50434,0
10,US111->CS63,50148,50148,0
10,US112->CS0,51468,51468,0
10,US112->CS8,51737,51737,0
10,US112->CS16,51604,51604,0
10,US112->CS24,51673,51673,0
10,US112->CS32,51408,51408,0
10,US112->CS40,51607,51607,0
10,US112->CS48,51435,51435,0
10,US112->CS56,51676,51676,0
10,US113->CS1,51821,51821,0
10,US113->CS9,51486,51486,0
10,US113->CS17,51803,51803,0
10,US113->CS25,51337,51337,0
10,US113->CS33,51561,51561,0
10,US113->CS41,51669,51669,0
10,US113->CS49,52085,52085,0
10,US113->CS57,51751,51751,0
10,US114->CS2,51890,51890,0
10,US114->CS10,51264,51264,0
10,US114->CS18,51323,51323,0
10,US114->CS26,51488,51488,0
10,US114->CS34,51890,51890,0
10,US114->CS42,51434,51434,0
10,US114->CS50,51276,51276,0
10,US114->CS58,51612,51612,0
10,US115->CS3,51591,51591,0
10,US115->CS11,51615,51615,0
10,US115->CS19,51518,51518,0
10,US115->CS27,51471,51471,0
10,US115->CS35,51650,51650,0
10,US115->CS43,51267,51267,0
10,US115->CS51,51450,51450,0
10,US115->CS59,51910,51910,0
10,US116->CS4,51805,51805,0
10,US116->CS12,51757,51757,0
10,US116->CS20,51769,51769,0
10,US116->CS28,51852,51852,0
10,US116->CS36,52086,52086,0
10,US116->CS44,51782,51782,0
10,US116->CS52,51604,51604,0
10,US116->CS60,51417,51417,0
10,US117->CS5,51452,51452,0
10,US117->CS13,51574,51574,0
10,US117->CS21,51609,51609,0
10,US117->CS29,51680,51680,0
10,US117->CS37,51980,51980,0
10,US117->CS45,51848,51848,0
10,US117->CS53,51451,51451,0
10,US117->CS61,51886,51886,0
10,US118->CS6,52222,52222,0
10,US118->CS14,51989,51989,0
10,US118->CS22,51546,51546,0
10,US118->CS30,51792,51792,0
10,US118->CS38,51465,51465,0
10,US118->CS46,51724,51724,0
10,US118->CS54,51497,51497,0
10,US118->CS62,52196,52196,0
10,US119->CS7,51718,51718,0
10,US119->CS15,51281,51281,0
10,US119->CS23,51654,51654,0
10,US119->CS31,51397,51397,0
10,US119->CS39,51537,51537,0
10,US119->CS47,51365,51365,0
10,US119->CS55,51559,51559,0
10,US119->CS63,51678,51678,0
10,US120->CS0,50467,50467,0
10,US120->CS8,50454,50454,0
10,US120->CS16,50819,50819,0
10,US120->CS24,50410,50410,0
10,US120->CS32,50647,50647,0
10,US120->CS40,50631,50631,0
10,US120->CS48,50390,50390,0
10,US120->CS56,51053,51053,0
10,US121->CS1,50548,50548,0
10,US121->CS9,50578,50578,0
10,US121->CS17,50588,50588,0
10,US121->CS25,50989,50989,0
10,US121->CS33,50642,50642,0
10,US121->CS41,50969,50969,0
10,US121->CS49,50874,50874,0
10,US121->CS57,50577,50577,0
10,US122->CS2,50418,50418,0
10,US122->CS10,50850,50850,0
10,US122->CS18,50349,50349,0
10,US122->CS26,51024,51024,0
10,US122->CS34,50442,50442,0
10,US122->CS42,50537,50537,0
10,US122->CS50,50512,50512,0
10,US122->CS58,50615,50615,0
10,US123->CS3,50507,50507,0
10,US123->CS11,50904,50904,0
10,US123->CS19,50988,50988,0
10,US123->CS27,50413,50413,0
10,US123->CS35,50334,50334,0
10,US123->CS43,50482,50482,0
10,US123->CS51,50862,50862,0
10,US123->CS59,50491,50491,0
10,US124->CS4,50390,50390,0
10,US124->CS12,50852,50852,0
10,US124->CS20,50478,50478,0
10,US124->CS28,50723,50723,0
10,US124->CS36,50873,50873,0
10,US124->CS44,50339,50339,0
10,US124->CS52,50719,50719,0
10,US124->CS60,50332,50332,0
10,US125->CS5,50812,50812,0
10,US125->CS13,50457,50457,0
10,US125->CS21,50531,50531,0
10,US125->CS29,50780,50780,0
10,US125->CS37,50765,50765,0
10,US125->CS45,50645,50645,0
10,US125->CS53,50849,50849,0
10,US125->CS61,50969,50969,0
10,US126->CS6,50869,50869,0
10,US126->CS14,50648,50648,0
10,US126->CS22,50463,50463,0
10,US126->CS30,50653,50653,0
10,US126->CS38,50675,50675,0
10,US126->CS46,50661,50661,0
10,US126->CS54,50697,50697,0
10,US126->CS62,50787,50787,0
10,US127->CS7,50511,50511,0
10,US127->CS15,50968,50968,0
10,US127->CS23,50641,50641,0
10,US127->CS31,50676,50676,0
10,US127->CS39,50654,50654,0
10,US127->CS47,50284,50284,0
10,US127->CS55,50734,50734,0
10,US127->CS63,50922,50922,0
10,CS0->US0,51923,51923,0
10,CS0->US8,50442,50442,0
10,CS0->US16,50526,50526,0
10,CS0->US24,51173,51173,0
10,CS0->US32,0,0,0
10,CS0->US40,51489,51489,0
10,CS0->US48,51374,51374,0
10,CS0->US56,51111,51111,0
10,CS0->US64,0,0,0
10,CS0->US72,50857,50857,0
10,CS0->US80,55951,55951,0
10,CS0->US88,50903,50903,0
10,CS0->US96,50763,50763,0
10,CS0->US104,50769,50769,0
10,CS0->US112,56507,56507,0
10,CS0->US120,53542,53542,0
10,CS1->US1,51197,51197,0
10,CS1->US9,50507,50507,0
10,CS1->US17,50664,50664,0
10,CS1->US25,51260,51260,0
10,CS1->US33,0,0,0
10,CS1->US41,51786,51786,0
10,CS1->US49,51499,51499,0
10,CS1->US57,50562,50562,0
10,CS1->US65,0,0,0
10,CS1->US73,51091,51091,0
10,CS1->US81,56168,56168,0
10,CS1->US89,51150,51150,0
10,CS1->US97,50331,50331,0
10,CS1->US105,50404,50404,0
10,CS1->US113,55821,55821,0
10,CS1->US121,53636,53636,0
10,CS2->US2,51675,51675,0
10,CS2->US10,50369,50369,0
10,CS2->US18,50537,50537,0
10,CS2->US26,50957,50957,0
10,CS2->US34,0,0,0
10,CS2->US42,51923,51923,0
10,CS2->US50,51467,51467,0
10,CS2->US58,50769,50769,0
10,CS2->US66,0,0,0
10,CS2->US74,51107,51107,0
10,CS2->US82,55867,55867,0
10,CS2->US90,50911,50911,0
10,CS2->US98,50896,50896,0
10,CS2->US106,50581,50581,0
10,CS2->US114,56667,56667,0
10,CS2->US122,53757,53757,0
10,CS3->US3,51355,51355,0
10,CS3->US11,50098,50098,0
10,CS3->US19,50590,50590,0
10,CS3->US27,50869,50869,0
10,CS3->US35,0,0,0
10,CS3->US43,51642,51642,0
10,CS3->US51,51090,51090,0
10,CS3->US59,50516,50516,0
10,CS3->US67,0,0,0
10,CS3->US75,50726,50726,0
10,CS3->US83,55707,55707,0
10,CS3->US91,50962,50962,0
10,CS3->US99,50477,50477,0
10,CS3->US107,50250,50250,0
10,CS3->US115,56295,56295,0
10,CS3->US123,53504,53504,0
10,CS4->US4,51476,51476,0
10,CS4->US12,50898,50898,0
10,CS4->US20,50511,50511,0
10,CS4->US28,50856,50856,0
10,CS4->US36,0,0,0
10,CS4->US44,51807,51807,0
10,CS4->US52,51316,51316,0
10,CS4->US60,50666,50666,0
10,CS4->US68,0,0,0
10,CS4->US76,50928,50928,0
10,CS4->US84,55999,55999,0
10,CS4->US92,50770,50770,0
10,CS4->US100,50394,50394,0
10,CS4->US108,50575,50575,0
10,CS4->US116,56110,56110,0
10,CS4->US124,53668,53668,0
10,CS5->US5,51790,51790,0
10,CS5->US13,50755,50755,0
10,CS5->US21,50899,50899,0
10,CS5->US29,51240,51240,0
10,CS5->US37,0,0,0
10,CS5->US45,51541,51541,0
10,CS5->US53,51160,51160,0
10,CS5->US61,50692,50692,0
10,CS5->US69,0,0,0
10,CS5->US77,51037,51037,0
10,CS5->US85,56133,56133,0
10,CS5->US93,51016,51016,0
10,CS5->US101,50672,50672,0
10,CS5->US109,50310,50310,0
10,CS5->US117,56083,56083,0
10,CS5->US125,53954,53954,0
10,CS6->US6,50942,50942,0
10,CS6->US14,50562,50562,0
10,CS6->US22,50948,50948,0
10,CS6->US30,51272,51272,0
10,CS6->US38,0,0,0
10,CS6->US46,52251,52251,0
10,CS6->US54,51523,51523,0
10,CS6->US62,50712,50712,0
10,CS6->US70,0,0,0
10,CS6->US78,50760,50760,0
10,CS6->US86,55836,55836,0
10,CS6->US94,51255,51255,0
10,CS6->US102,50248,50248,0
10,CS6->US110,50609,50609,0
10,CS6->US118,56276,56276,0
10,CS6->US126,53264,53264,0
10,CS7->US7,51602,51602,0
10,CS7->US15,50603,50603,0
10,CS7->US23,50620,50620,0
10,CS7->US31,51277,51277,0
10,CS7->US39,0,0,0
10,CS7->US47,51767,51767,0
10,CS7->US55,51707,51707,0
10,CS7->US63,50312,50312,0
10,CS7->US71,0,0,0
10,CS7->US79,50930,50930,0
10,CS7->US87,56084,56084,0
10,CS7->US95,50738,50738,0
10,CS7->US103,50767,50767,0
10,CS7->US111,50357,50357,0
10,CS7->US119,55871,55871,0
10,CS7->US127,53470,53470,0
10,CS8->US0,51864,51864,0
10,CS8->US8,50649,50649,0
10,CS8->US16,50556,50556,0
10,CS8->US24,50967,50967,0
10,CS8->US32,0,0,0
10,CS8->US40,51700,51700,0
10,CS8->US48,51894,51894,0
10,CS8->US56,50944,50944,0
10,CS8->US64,0,0,0
10,CS8->US72,51304,51304,0
10,CS8->US80,56336,56336,0
10,CS8->US88,51084,51084,0
10,CS8->US96,49983,49983,0
10,CS8->US104,50657,50657,0
10,CS8->US112,56017,56017,0
10,CS8->US120,53535,53535,0
10,CS9->US1,50744,50744,0
10,CS9->US9,50335,50335,0
10,CS9->US17,50729,50729,0
10,CS9->US25,51413,51413,0
10,CS9->US33,0,0,0
10,CS9->US41,51498,51498,0
10,CS9->US49,51715,51715,0
10,CS9->US57,51247,51247,0
10,CS9->US65,0,0,0
10,CS9->US73,50873,50873,0
10,CS9->US81,56012,56012,0
10,CS9->US89,51120,51120,0
10,CS9->US97,50178,50178,0
10,CS9->US105,50611,50611,0
10,CS9->US113,56047,56047,0
10,CS9->US121,53851,53851,0
10,CS10->US2,51593,51593,0
10,CS10->US10,50536,50536,0
10,CS10->US18,50878,50878,0
10,CS10->US26,51721,51721,0
10,CS10->US34,0,0,0
10,CS10->US42,51269,51269,0
10,CS10->US50,51265,51265,0
10,CS10->US58,51028,51028,0
10,CS10->US66,0,0,0
10,CS10->US74,50928,50928,0
10,CS10->US82,56222,56222,0
10,CS10->US90,51018,51018,0
10,CS10->US98,50478,50478,0
10,CS10->US106,50205,50205,0
10,CS10->US114,56203,56203,0
10,CS10->US122,53646,53646,0
10,CS11->US3,51231,51231,0
10,CS11->US11,50450,50450,0
10,CS11->US19,50941,50941,0
10,CS11->US27,51545,51545,0
10,CS11->US35,0,0,0
10,CS11->US43,51626,51626,0
10,CS11->US51,51035,51035,0
10,CS11->US59,50799,50799,0
10,CS11->US67,0,0,0
10,CS11->US75,51214,51214,0
10,CS11->US83,55887,55887,0
10,CS11->US91,50832,50832,0
10,CS11->US99,50107,50107,0
10,CS11->US107,50764,50764,0
10,CS11->US115,56070,56070,0
10,CS11->US123,53481,53481,0
10,CS12->US4,51601,51601,0
10,CS12->US12,50386,50386,0
10,CS12->US20,50952,50952,0
10,CS12->US28,50875,50875,0
10,CS12->US36,0,0,0
10,CS12->US44,51734,51734,0
10,CS12->US52,51366,51366,0
10,CS12->US60,51040,51040,0
10,CS12->US68,0,0,0
10,CS12->US76,51281,51281,0
10,CS12->US84,55853,55853,0
10,CS12->US92,50914,50914,0
10,CS12->US100,50284,50284,0
10,CS12->US108,50509,50509,0
10,CS12->US116,56300,56300,0
10,CS12->US124,53089,53089,0
10,CS13->US5,51423,51423,0
10,CS13->US13,50706,50706,0
10,CS13->US21,50469,50469,0
10,CS13->US29,51181,51181,0
10,CS13->US37,0,0,0
10,CS13->US45,51619,51619,0
10,CS13->US53,51781,51781,0
10,CS13->US61,50507,50507,0
10,CS13->US69,0,0,0
10,CS13->US77,50847,50847,0
10,CS13->US85,55966,55966,0
10,CS13->US93,51306,51306,0
10,CS13->US101,50216,50216,0
10,CS13->US109,50599,50599,0
10,CS13->US117,56182,56182,0
10,CS13->US125,53658,53658,0
10,CS14->US6,51373,51373,0
10,CS14->US14,50653,50653,0
10,CS14->US22,50716,50716,0
10,CS14->US30,51244,51244,0
10,CS14->US38,0,0,0
10,CS14->US46,52015,52015,0
10,CS14->US54,51109,51109,0
10,CS14->US62,51222,51222,0
10,CS14->US70,0,0,0
10,CS14->US78,51238,51238,0
10,CS14->US86,55823,55823,0
10,CS14->US94,51053,51053,0
10,CS14->US102,50137,50137,0
10,CS14->US110,50749,50749,0
10,CS14->US118,56316,56316,0
10,CS14->US126,53530,53530,0
10,CS15->US7,51591,51591,0
10,CS15->US15,50890,50890,0
10,CS15->US23,51129,51129,0
10,CS15->US31,51160,51160,0
10,CS15->US39,0,0,0
10,CS15->US47,51340,51340,0
10,CS15->US55,51665,51665,0
10,CS15->US63,50370,50370,0
10,CS15->US71,0,0,0
10,CS15->US79,50901,50901,0
10,CS15->US87,55727,55727,0
10,CS15->US95,50815,50815,0
10,CS15->US103,50350,50350,0
10,CS15->US111,50085,50085,0
10,CS15->US119,56434,56434,0
10,CS15->US127,53545,53545,0
10,CS16->US0,51413,51413,0
10,CS16->US8,50905,50905,0
10,CS16->US16,50917,50917,0
10,CS16->US24,51256,51256,0
10,CS16->US32,0,0,0
10,CS16->US40,51639,51639,0
10,CS16->US48,51433,51433,0
10,CS16->US56,50635,50635,0
10,CS16->US64,0,0,0
10,CS16->US72,51237,51237,0
10,CS16->US80,55821,55821,0
10,CS16->US88,51222,51222,0
10,CS16->US96,50136,50136,0
10,CS16->US104,50487,50487,0
10,CS16->US112,55841,55841,0
10,CS16->US120,53407,53407,0
10,CS17->US1,51575,51575,0
10,CS17->US9,50613,50613,0
10,CS17->US17,50703,50703,0
10,CS17->US25,50913,50913,0
10,CS17->US33,0,0,0
10,CS17->US41,51854,51854,0
10,CS17->US49,51646,51646,0
10,CS17->US57,50617,50617,0
10,CS17->US65,0,0,0
10,CS17->US73,51188,51188,0
10,CS17->US81,55697,55697,0
10,CS17->US89,50739,50739,0
10,CS17->US97,50089,50089,0
10,CS17->US105,50459,50459,0
10,CS17->US113,55919,55919,0
10,CS17->US121,53565,53565,0
10,CS18->US2,51608,51608,0
10,CS18->US10,50886,50886,0
10,CS18->US18,50381,50381,0
10,CS18->US26,51130,51130,0
10,CS18->US34,0,0,0
10,CS18->US42,51354,51354,0
10,CS18->US50,51406,51406,0
10,CS18->US58,50438,50438,0
10,CS18->US66,0,0,0
10,CS18->US74,51005,51005,0
10,CS18->US82,55627,55627,0
10,CS18->US90,51001,51001,0
10,CS18->US98,50631,50631,0
10,CS18->US106,50775,50775,0
10,CS18->US114,55910,55910,0
10,CS18->US122,53560,53560,0
10,CS19->US3,51063,51063,0
10,CS19->US11,50404,50404,0
10,CS19->US19,51104,51104,0
10,CS19->US27,51571,51571,0
10,CS19->US35,0,0,0
10,CS19->US43,51564,51564,0
10,CS19->US51,51388,51388,0
10,CS19->US59,50884,50884,0
10,CS19->US67,0,0,0
10,CS19->US75,51433,51433,0
10,CS19->US83,55929,55929,0
10,CS19->US91,51338,51338,0
10,CS19->US99,50558,50558,0
10,CS19->US107,50355,50355,0
10,CS19->US115,56449,56449,0
10,CS19->US123,53140,53140,0
10,CS20->US4,51542,51542,0
10,CS20->US12,50298,50298,0
10,CS20->US20,50539,50539,0
10,CS20->US28,51102,51102,0
10,CS20->US36,0,0,0
10,CS20->US44,51737,51737,0
10,CS20->US52,51019,51019,0
10,CS20->US60,51229,51229,0
10,CS20->US68,0,0,0
10,CS20->US76,50905,50905,0
10,CS20->US84,56234,56234,0
10,CS20->US92,50712,50712,0
10,CS20->US100,50243,50243,0
10,CS20->US108,50548,50548,0
10,CS20->US116,56450,56450,0
10,CS20->US124,53465,53465,0
10,CS21->US5,51422,51422,0
10,CS21->US13,50128,50128,0
10,CS21->US21,50520,50520,0
10,CS21->US29,50980,50980,0
10,CS21->US37,0,0,0
10,CS21->US45,51697,51697,0
10,CS21->US53,51615,51615,0
10,CS21->US61,50524,50524,0
10,CS21->US69,0,0,0
10,CS21->US77,51163,51163,0
10,CS21->US85,56029,56029,0
10,CS21->US93,50703,50703,0
10,CS21->US101,50399,50399,0
10,CS21->US109,50336,50336,0
10,CS21->US117,56157,56157,0
10,CS21->US125,53655,53655,0
10,CS22->US6,51410,51410,0
10,CS22->US14,50375,50375,0
10,CS22->US22,50445,50445,0
10,CS22->US30,50520,50520,0
10,CS22->US38,0,0,0
10,CS22->US46,51549,51549,0
10,CS22->US54,51457,51457,0
10,CS22->US62,50719,50719,0
10,CS22->US70,0,0,0
10,CS22->US78,50961,50961,0
10,CS22->US86,56200,56200,0
10,CS22->US94,50643,50643,0
10,CS22->US102,50896,50896,0
10,CS22->US110,50455,50455,0
10,CS22->US118,56318,56318,0
10,CS22->US126,53306,53306,0
10,CS23->US7,51854,51854,0
10,CS23->US15,50515,50515,0
10,CS23->US23,50769,50769,0
10,CS23->US31,51330,51330,0
10,CS23->US39,0,0,0
10,CS23->US47,51670,51670,0
10,CS23->US55,51756,51756,0
10,CS23->US63,51082,51082,0
10,CS23->US71,0,0,0
10,CS23->US79,50662,50662,0
10,CS23->US87,56013,56013,0
10,CS23->US95,50765,50765,0
10,CS23->US103,50460,50460,0
10,CS23->US111,50349,50349,0
10,CS23->US119,56229,56229,0
10,CS23->US127,53717,53717,0
10,CS24->US0,51854,51854,0
10,CS24->US8,50831,50831,0
10,CS24->US16,50539,50539,0
10,CS24->US24,51149,51149,0
10,CS24->US32,0,0,0
10,CS24->US40,51621,51621,0
10,CS24->US48,51343,51343,0
10,CS24->US56,50270,50270,0
10,CS24->US64,0,0,0
10,CS24->US72,50841,50841,0
10,CS24->US80,56044,56044,0
10,CS24->US88,51102,51102,0
10,CS24->US96,50254,50254,0
10,CS24->US104,50443,50443,0
10,CS24->US112,56456,56456,0
10,CS24->US120,53715,53715,0
10,CS25->US1,51559,51559,0
10,CS25->US9,50663,50663,0
10,CS25->US17,50977,50977,0
10,CS25->US25,50780,50780,0
10,CS25->US33,0,0,0
10,CS25->US41,51391,51391,0
10,CS25->US49,51622,51622,0
10,CS25->US57,50622,50622,0
10,CS25->US65,0,0,0
10,CS25->US73,51059,51059,0
10,CS25->US81,56246,56246,0
10,CS25->US89,51120,51120,0
10,CS25->US97,50450,50450,0
10,CS25->US105,50750,50750,0
10,CS25->US113,56401,56401,0
10,CS25->US121,53781,53781,0
10,CS26->US2,51653,51653,0
10,CS26->US10,50639,50639,0
10,CS26->US18,51093,51093,0
10,CS26->US26,50953,50953,0
10,CS26->US34,0,0,0
10,CS26->US42,51511,51511,0
10,CS26->US50,51213,51213,0
10,CS26->US58,50775,50775,0
10,CS26->US66,0,0,0
10,CS26->US74,50974,50974,0
10,CS26->US82,55862,55862,0
10,CS26->US90,51370,51370,0
10,CS26->US98,50475,50475,0
10,CS26->US106,50356,50356,0
10,CS26->US114,56297,56297,0
10,CS26->US122,53695,53695,0
10,CS27->US3,51533,51533,0
10,CS27->US11,50381,50381,0
10,CS27->US19,50449,50449,0
10,CS27->US27,51182,51182,0
10,CS27->US35,0,0,0
10,CS27->US43,51511,51511,0
10,CS27->US51,51262,51262,0
10,CS27->US59,50653,50653,0
10,CS27->US67,0,0,0
10,CS27->US75,51002,51002,0
10,CS27->US83,56179,56179,0
10,CS27->US91,50987,50987,0
10,CS27->US99,50448,50448,0
10,CS27->US107,50569,50569,0
10,CS27->US115,56194,56194,0
10,CS27->US123,53598,53598,0
10,CS28->US4,51254,51254,0
10,CS28->US12,50571,50571,0
10,CS28->US20,50817,50817,0
10,CS28->US28,51072,51072,0
10,CS28->US36,0,0,0
10,CS28->US44,51835,51835,0
10,CS28->US52,51763,51763,0
10,CS28->US60,50918,50918,0
10,CS28->US68,0,0,0
10,CS28->US76,50957,50957,0
10,CS28->US84,56014,56014,0
10,CS28->US92,50925,50925,0
10,CS28->US100,50846,50846,0
10,CS28->US108,50229,50229,0
10,CS28->US116,55881,55881,0
10,CS28->US124,53481,53481,0
10,CS29->US5,51342,51342,0
10,CS29->US13,50498,50498,0
10,CS29->US21,50889,50889,0
10,CS29->US29,51424,51424,0
10,CS29->US37,0,0,0
10,CS29->US45,51639,51639,0
10,CS29->US53,51536,51536,0
10,CS29->US61,51216,51216,0
10,CS29->US69,0,0,0
10,CS29->US77,51161,51161,0
10,CS29->US85,55178,55178,0
10,CS29->US93,50948,50948,0
10,CS29->US101,50331,50331,0
10,CS29->US109,50690,50690,0
10,CS29->US117,56140,56140,0
10,CS29->US125,53436,53436,0
10,CS30->US6,51658,51658,0
10,CS30->US14,50394,50394,0
10,CS30->US22,50760,50760,0
10,CS30->US30,51138,51138,0
10,CS30->US38,0,0,0
10,CS30->US46,51827,51827,0
10,CS30->US54,51629,51629,0
10,CS30->US62,50619,50619,0
10,CS30->US70,0,0,0
10,CS30->US78,50850,50850,0
10,CS30->US86,55986,55986,0
10,CS30->US94,51026,51026,0
10,CS30->US102,50246,50246,0
10,CS30->US110,50441,50441,0
10,CS30->US118,56151,56151,0
10,CS30->US126,53904,53904,0
10,CS31->US7,51964,51964,0
10,CS31->US15,50703,50703,0
10,CS31->US23,50644,50644,0
10,CS31->US31,50888,50888,0
10,CS31->US39,0,0,0
10,CS31->US47,51377,51377,0
10,CS31->US55,51646,51646,0
10,CS31->US63,51142,51142,0
10,CS31->US71,0,0,0
10,CS31->US79,50698,50698,0
10,CS31->US87,56086,56086,0
10,CS31->US95,51068,51068,0
10,CS31->US103,50746,50746,0
10,CS31->US111,50395,50395,0
10,CS31->US119,56416,56416,0
10,CS31->US127,53497,53497,0
10,CS32->US0,51509,51509,0
10,CS32->US8,50264,50264,0
10,CS32->US16,50723,50723,0
10,CS32->US24,51063,51063,0
10,CS32->US32,0,0,0
10,CS32->US40,51390,51390,0
10,CS32->US48,51309,51309,0
10,CS32->US56,51032,51032,0
10,CS32->US64,0,0,0
10,CS32->US72,50819,50819,0
10,CS32->US80,56135,56135,0
10,CS32->US88,51119,51119,0
10,CS32->US96,50705,50705,0
10,CS32->US104,50704,50704,0
10,CS32->US112,56613,56613,0
10,CS32->US120,53535,53535,0
10,CS33->US1,51450,51450,0
10,CS33->US9,50735,50735,0
10,CS33->US17,50784,50784,0
10,CS33->US25,50898,50898,0
10,CS33->US33,0,0,0
10,CS33->US41,51653,51653,0
10,CS33->US49,51627,51627,0
10,CS33->US57,50586,50586,0
10,CS33->US65,0,0,0
10,CS33->US73,51086,51086,0
10,CS33->US81,55980,55980,0
10,CS33->US89,51294,51294,0
10,CS33->US97,50223,50223,0
10,CS33->US105,50983,50983,0
10,CS33->US113,55979,55979,0
10,CS33->US121,53663,53663,0
10,CS34->US2,51171,51171,0
10,CS34->US10,50596,50596,0
10,CS34->US18,50499,50499,0
10,CS34->US26,51312,51312,0
10,CS34->US34,0,0,0
10,CS34->US42,51960,51960,0
10,CS34->US50,51503,51503,0
10,CS34->US58,51097,51097,0
10,CS34->US66,0,0,0
10,CS34->US74,50957,50957,0
10,CS34->US82,55311,55311,0
10,CS34->US90,50819,50819,0
10,CS34->US98,50553,50553,0
10,CS34->US106,50449,50449,0
10,CS34->US114,56263,56263,0
10,CS34->US122,53398,53398,0
10,CS35->US3,51634,51634,0
10,CS35->US11,50644,50644,0
10,CS35->US19,50426,50426,0
10,CS35->US27,50756,50756,0
10,CS35->US35,0,0,0
10,CS35->US43,51668,51668,0
10,CS35->US51,51478,51478,0
10,CS35->US59,50761,50761,0
10,CS35->US67,0,0,0
10,CS35->US75,51226,51226,0
10,CS35->US83,55939,55939,0
10,CS35->US91,50964,50964,0
10,CS35->US99,50199,50199,0
10,CS35->US107,50109,50109,0
10,CS35->US115,56179,56179,0
10,CS35->US123,53347,53347,0
10,CS36->US4,51571,51571,0
10,CS36->US12,50612,50612,0
10,CS36->US20,51019,51019,0
10,CS36->US28,51099,51099,0
10,CS36->US36,0,0,0
10,CS36->US44,52143,52143,0
10,CS36->US52,51588,51588,0
10,CS36->US60,50649,50649,0
10,CS36->US68,0,0,0
10,CS36->US76,51185,51185,0
10,CS36->US84,55793,55793,0
10,CS36->US92,51009,51009,0
10,CS36->US100,50397,50397,0
10,CS36->US108,50506,50506,0
10,CS36->US116,56047,56047,0
10,CS36->US124,53471,53471,0
10,CS37->US5,51701,51701,0
10,CS37->US13,50988,50988,0
10,CS37->US21,50803,50803,0
10,CS37->US29,50874,50874,0
10,CS37->US37,0,0,0
10,CS37->US45,52096,52096,0
10,CS37->US53,51044,51044,0
10,CS37->US61,51109,51109,0
10,CS37->US69,0,0,0
10,CS37->US77,51100,51100,0
10,CS37->US85,55918,55918,0
10,CS37->US93,50745,50745,0
10,CS37->US101,50333,50333,0
10,CS37->US109,50309,50309,0
10,CS37->US117,56268,56268,0
10,CS37->US125,53528,53528,0
10,CS38->US6,51589,51589,0
10,CS38->US14,50718,50718,0
10,CS38->US22,50711,50711,0
10,CS38->US30,50893,50893,0
10,CS38->US38,0,0,0
10,CS38->US46,51499,51499,0
10,CS38->US54,51556,51556,0
10,CS38->US62,50835,50835,0
10,CS38->US70,0,0,0
10,CS38->US78,51396,51396,0
10,CS38->US86,55861,55861,0
10,CS38->US94,51141,51141,0
10,CS38->US102,50514,50514,0
10,CS38->US110,50557,50557,0
10,CS38->US118,56493,56493,0
10,CS38->US126,53811,53811,0
10,CS39->US7,51539,51539,0
10,CS39->US15,50921,50921,0
10,CS39->US23,50768,50768,0
10,CS39->US31,51025,51025,0
10,CS39->US39,0,0,0
10,CS39->US47,51569,51569,0
10,CS39->US55,51610,51610,0
10,CS39->US63,50528,50528,0
10,CS39->US71,0,0,0
10,CS39->US79,51270,51270,0
10,CS39->US87,55936,55936,0
10,CS39->US95,51169,51169,0
10,CS39->US103,50156,50156,0
10,CS39->US111,50173,50173,0
10,CS39->US119,56419,56419,0
10,CS39->US127,53668,53668,0
10,CS40->US0,51424,51424,0
10,CS40->US8,50501,50501,0
10,CS40->US16,50753,50753,0
10,CS40->US24,51225,51225,0
10,CS40->US32,0,0,0
10,CS40->US40,51603,51603,0
10,CS40->US48,50950,50950,0
10,CS40->US56,50288,50288,0
10,CS40->US64,0,0,0
10,CS40->US72,51238,51238,0
10,CS40->US80,55295,55295,0
10,CS40->US88,50991,50991,0
10,CS40->US96,50347,50347,0
10,CS40->US104,50182,50182,0
10,CS40->US112,56107,56107,0
10,CS40->US120,53422,53422,0
10,CS41->US1,51617,51617,0
10,CS41->US9,50470,50470,0
10,CS41->US17,50912,50912,0
10,CS41->US25,51022,51022,0
10,CS41->US33,0,0,0
10,CS41->US41,51726,51726,0
10,CS41->US49,51809,51809,0
10,CS41->US57,50887,50887,0
10,CS41->US65,0,0,0
10,CS41->US73,51109,51109,0
10,CS41->US81,56131,56131,0
10,CS41->US89,51190,51190,0
10,CS41->US97,50389,50389,0
10,CS41->US105,50688,50688,0
10,CS41->US113,55992,55992,0
10,CS41->US121,53591,53591,0
10,CS42->US2,51401,51401,0
10,CS42->US10,50630,50630,0
10,CS42->US18,50637,50637,0
10,CS42->US26,51102,51102,0
10,CS42->US34,0,0,0
10,CS42->US42,51483,51483,0
10,CS42->US50,51786,51786,0
10,CS42->US58,51035,51035,0
10,CS42->US66,0,0,0
10,CS42->US74,51444,51444,0
10,CS42->US82,55977,55977,0
10,CS42->US90,50957,50957,0
10,CS42->US98,50623,50623,0
10,CS42->US106,50414,50414,0
10,CS42->US114,56132,56132,0
10,CS42->US122,53691,53691,0
10,CS43->US3,51210,51210,0
10,CS43->US11,50772,50772,0
10,CS43->US19,50533,50533,0
10,CS43->US27,50888,50888,0
10,CS43->US35,0,0,0
10,CS43->US43,51340,51340,0
10,CS43->US51,51345,51345,0
10,CS43->US59,50494,50494,0
10,CS43->US67,0,0,0
10,CS43->US75,51015,51015,0
10,CS43->US83,55910,55910,0
10,CS43->US91,50648,50648,0
10,CS43->US99,50561,50561,0
10,CS43->US107,50496,50496,0
10,CS43->US115,56117,56117,0
10,CS43->US123,53738,53738,0
10,CS44->US4,51164,51164,0
10,CS44->US12,50338,50338,0
10,CS44->US20,50450,50450,0
10,CS44->US28,50972,50972,0
10,CS44->US36,0,0,0
10,CS44->US44,51776,51776,0
10,CS44->US52,51650,51650,0
10,CS44->US60,50848,50848,0
10,CS44->US68,0,0,0
10,CS44->US76,50848,50848,0
10,CS44->US84,56487,56487,0
10,CS44->US92,51098,51098,0
10,CS44->US100,50621,50621,0
10,CS44->US108,50288,50288,0
10,CS44->US116,56314,56314,0
10,CS44->US124,53175,53175,0
10,CS45->US5,51215,51215,0
10,CS45->US13,50445,50445,0
10,CS45->US21,50782,50782,0
10,CS45->US29,51266,51266,0
10,CS45->US37,0,0,0
10,CS45->US45,51871,51871,0
10,CS45->US53,51616,51616,0
10,CS45->US61,50798,50798,0
10,CS45->US69,0,0,0
10,CS45->US77,50730,50730,0
10,CS45->US85,56033,56033,0
10,CS45->US93,50971,50971,0
10,CS45->US101,50382,50382,0
10,CS45->US109,50425,50425,0
10,CS45->US117,55802,55802,0
10,CS45->US125,53519,53519,0
10,CS46->US6,51068,51068,0
10,CS46->US14,50856,50856,0
10,CS46->US22,50751,50751,0
10,CS46->US30,50866,50866,0
10,CS46->US38,0,0,0
10,CS46->US46,51754,51754,0
10,CS46->US54,51808,51808,0
10,CS46->US62,50782,50782,0
10,CS46->US70,0,0,0
10,CS46->US78,51040,51040,0
10,CS46->US86,56060,56060,0
10,CS46->US94,50603,50603,0
10,CS46->US102,50553,50553,0
10,CS46->US110,50147,50147,0
10,CS46->US118,55667,55667,0
10,CS46->US126,53769,53769,0
10,CS47->US7,51450,51450,0
10,CS47->US15,50577,50577,0
10,CS47->US23,50372,50372,0
10,CS47->US31,51099,51099,0
10,CS47->US39,0,0,0
10,CS47->US47,51409,51409,0
10,CS47->US55,51329,51329,0
10,CS47->US63,51092,51092,0
10,CS47->US71,0,0,0
10,CS47->US79,50756,50756,0
10,CS47->US87,56333,56333,0
10,CS47->US95,50856,50856,0
10,CS47->US103,50341,50341,0
10,CS47->US111,50356,50356,0
10,CS47->US119,56248,56248,0
10,CS47->US127,53332,53332,0
10,CS48->US0,51879,51879,0
10,CS48->US8,50397,50397,0
10,CS48->US16,50504,50504,0
10,CS48->US24,51282,51282,0
10,CS48->US32,0,0,0
10,CS48->US40,51382,51382,0
10,CS48->US48,51938,51938,0
10,CS48->US56,50938,50938,0
10,CS48->US64,0,0,0
10,CS48->US72,50698,50698,0
10,CS48->US80,55581,55581,0
10,CS48->US88,50935,50935,0
10,CS48->US96,50295,50295,0
10,CS48->US104,50736,50736,0
10,CS48->US112,56197,56197,0
10,CS48->US120,53455,53455,0
10,CS49->US1,51573,51573,0
10,CS49->US9,50299,50299,0
10,CS49->US17,50965,50965,0
10,CS49->US25,51034,51034,0
10,CS49->US33,0,0,0
10,CS49->US41,52122,52122,0
10,CS49->US49,51823,51823,0
10,CS49->US57,50935,50935,0
10,CS49->US65,0,0,0
10,CS49->US73,51196,51196,0
10,CS49->US81,56122,56122,0
10,CS49->US89,51192,51192,0
10,CS49->US97,50320,50320,0
10,CS49->US105,50543,50543,0
10,CS49->US113,56032,56032,0
10,CS49->US121,53038,53038,0
10,CS50->US2,51449,51449,0
10,CS50->US10,50664,50664,0
10,CS50->US18,50630,50630,0
10,CS50->US26,51012,51012,0
10,CS50->US34,0,0,0
10,CS50->US42,51253,51253,0
10,CS50->US50,51516,51516,0
10,CS50->US58,50349,50349,0
10,CS50->US66,0,0,0
10,CS50->US74,51058,51058,0
10,CS50->US82,55949,55949,0
10,CS50->US90,51366,51366,0
10,CS50->US98,50375,50375,0
10,CS50->US106,50380,50380,0
10,CS50->US114,56236,56236,0
10,CS50->US122,53716,53716,0
10,CS51->US3,51457,51457,0
10,CS51->US11,50415,50415,0
10,CS51->US19,50986,50986,0
10,CS51->US27,50905,50905,0
10,CS51->US35,0,0,0
10,CS51->US43,51512,51512,0
10,CS51->US51,51581,51581,0
10,CS51->US59,50865,50865,0
10,CS51->US67,0,0,0
10,CS51->US75,51227,51227,0
10,CS51->US83,56283,56283,0
10,CS51->US91,50744,50744,0
10,CS51->US99,50729,50729,0
10,CS51->US107,50432,50432,0
10,CS51->US115,56395,56395,0
10,CS51->US123,53856,53856,0
10,CS52->US4,51305,51305,0
10,CS52->US12,50445,50445,0
10,CS52->US20,50777,50777,0
10,CS52->US28,51156,51156,0
10,CS52->US36,0,0,0
10,CS52->US44,51641,51641,0
10,CS52->US52,50890,50890,0
10,CS52->US60,50901,50901,0
10,CS52->US68,0,0,0
10,CS52->US76,50697,50697,0
10,CS52->US84,55950,55950,0
10,CS52->US92,51516,51516,0
10,CS52->US100,50489,50489,0
10,CS52->US108,50532,50532,0
10,CS52->US116,56382,56382,0
10,CS52->US124,53607,53607,0
10,CS53->US5,51515,51515,0
10,CS53->US13,50584,50584,0
10,CS53->US21,50958,50958,0
10,CS53->US29,50672,50672,0
10,CS53->US37,0,0,0
10,CS53->US45,51461,51461,0
10,CS53->US53,51397,51397,0
10,CS53->US61,50953,50953,0
10,CS53->US69,0,0,0
10,CS53->US77,51270,51270,0
10,CS53->US85,55840,55840,0
10,CS53->US93,51128,51128,0
10,CS53->US101,50398,50398,0
10,CS53->US109,50305,50305,0
10,CS53->US117,56539,56539,0
10,CS53->US125,53715,53715,0
10,CS54->US6,51648,51648,0
10,CS54->US14,50580,50580,0
10,CS54->US22,50789,50789,0
10,CS54->US30,50936,50936,0
10,CS54->US38,0,0,0
10,CS54->US46,51510,51510,0
10,CS54->US54,51808,51808,0
10,CS54->US62,50882,50882,0
10,CS54->US70,0,0,0
10,CS54->US78,51287,51287,0
10,CS54->US86,56141,56141,0
10,CS54->US94,50921,50921,0
10,CS54->US102,50377,50377,0
10,CS54->US110,50711,50711,0
10,CS54->US118,56257,56257,0
10,CS54->US126,53801,53801,0
10,CS55->US7,51686,51686,0
10,CS55->US15,51234,51234,0
10,CS55->US23,50776,50776,0
10,CS55->US31,51239,51239,0
10,CS55->US39,0,0,0
10,CS55->US47,51546,51546,0
10,CS55->US55,51829,51829,0
10,CS55->US63,50550,50550,0
10,CS55->US71,0,0,0
10,CS55->US79,50937,50937,0
10,CS55->US87,55787,55787,0
10,CS55->US95,51251,51251,0
10,CS55->US103,50502,50502,0
10,CS55->US111,50531,50531,0
10,CS55->US119,56261,56261,0
10,CS55->US127,53622,53622,0
10,CS56->US0,51553,51553,0
10,CS56->US8,50654,50654,0
10,CS56->US16,51180,51180,0
10,CS56->US24,51318,51318,0
10,CS56->US32,0,0,0
10,CS56->US40,51774,51774,0
10,CS56->US48,51047,51047,0
10,CS56->US56,51075,51075,0
10,CS56->US64,0,0,0
10,CS56->US72,51223,51223,0
10,CS56->US80,56372,56372,0
10,CS56->US88,50826,50826,0
10,CS56->US96,50673,50673,0
10,CS56->US104,50663,50663,0
10,CS56->US112,56233,56233,0
10,CS56->US120,53550,53550,0
10,CS57->US1,51379,51379,0
10,CS57->US9,50979,50979,0
10,CS57->US17,50588,50588,0
10,CS57->US25,51075,51075,0
10,CS57->US33,0,0,0
10,CS57->US41,51731,51731,0
10,CS57->US49,51744,51744,0
10,CS57->US57,50666,50666,0
10,CS57->US65,0,0,0
10,CS57->US73,50989,50989,0
10,CS57->US81,55760,55760,0
10,CS57->US89,51027,51027,0
10,CS57->US97,50653,50653,0
10,CS57->US105,50652,50652,0
10,CS57->US113,55904,55904,0
10,CS57->US121,53509,53509,0
10,CS58->US2,51826,51826,0
10,CS58->US10,50684,50684,0
10,CS58->US18,50651,50651,0
10,CS58->US26,50828,50828,0
10,CS58->US34,0,0,0
10,CS58->US42,51677,51677,0
10,CS58->US50,51822,51822,0
10,CS58->US58,50468,50468,0
10,CS58->US66,0,0,0
10,CS58->US74,51076,51076,0
10,CS58->US82,55799,55799,0
10,CS58->US90,51261,51261,0
10,CS58->US98,50584,50584,0
10,CS58->US106,50575,50575,0
10,CS58->US114,55947,55947,0
10,CS58->US122,53562,53562,0
10,CS59->US3,51501,51501,0
10,CS59->US11,50679,50679,0
10,CS59->US19,50581,50581,0
10,CS59->US27,51107,51107,0
10,CS59->US35,0,0,0
10,CS59->US43,51937,51937,0
10,CS59->US51,51220,51220,0
10,CS59->US59,50642,50642,0
10,CS59->US67,0,0,0
10,CS59->US75,50783,50783,0
10,CS59->US83,56093,56093,0
10,CS59->US91,50883,50883,0
10,CS59->US99,50186,50186,0
10,CS59->US107,50926,50926,0
10,CS59->US115,56372,56372,0
10,CS59->US123,53690,53690,0
10,CS60->US4,51199,51199,0
10,CS60->US12,50345,50345,0
10,CS60->US20,50436,50436,0
10,CS60->US28,51234,51234,0
10,CS60->US36,0,0,0
10,CS60->US44,51437,51437,0
10,CS60->US52,51069,51069,0
10,CS60->US60,51068,51068,0
10,CS60->US68,0,0,0
10,CS60->US76,50769,50769,0
10,CS60->US84,55664,55664,0
10,CS60->US92,50901,50901,0
10,CS60->US100,50430,50430,0
10,CS60->US108,50187,50187,0
10,CS60->US116,55964,55964,0
10,CS60->US124,53405,53405,0
10,CS61->US5,51854,51854,0
10,CS61->US13,50492,50492,0
10,CS61->US21,51051,51051,0
10,CS61->US29,51275,51275,0
10,CS61->US37,0,0,0
10,CS61->US45,51908,51908,0
10,CS61->US53,51270,51270,0
10,CS61->US61,50801,50801,0
10,CS61->US69,0,0,0
10,CS61->US77,51399,51399,0
10,CS61->US85,55807,55807,0
10,CS61->US93,51285,51285,0
10,CS61->US101,50408,50408,0
10,CS61->US109,50527,50527,0
10,CS61->US117,56439,56439,0
10,CS61->US125,53903,53903,0
10,CS62->US6,51407,51407,0
10,CS62->US14,50410,50410,0
10,CS62->US22,50954,50954,0
10,CS62->US30,50902,50902,0
10,CS62->US38,0,0,0
10,CS62->US46,52151,52151,0
10,CS62->US54,51807,51807,0
10,CS62->US62,50732,50732,0
10,CS62->US70,0,0,0
10,CS62->US78,51142,51142,0
10,CS62->US86,56041,56041,0
10,CS62->US94,50583,50583,0
10,CS62->US102,50669,50669,0
10,CS62->US110,50634,50634,0
10,CS62->US118,56005,56005,0
10,CS62->US126,53635,53635,0
10,CS63->US7,50942,50942,0
10,CS63->US15,50164,50164,0
10,CS63->US23,50966,50966,0
10,CS63->US31,50814,50814,0
10,CS63->US39,0,0,0
10,CS63->US47,51700,51700,0
10,CS63->US55,51380,51380,0
10,CS63->US63,50452,50452,0
10,CS63->US71,0,0,0
10,CS63->US79,51071,51071,0
10,CS63->US87,55692,55692,0
10,CS63->US95,50999,50999,0
10,CS63->US103,50231,50231,0
10,CS63->US111,50664,50664,0
10,CS63->US119,56392,56392,0
10,CS63->US127,53954,53954,0
11,US0->CS0,51659,51659,0
11,US0->CS8,52195,52195,0
11,US0->CS16,51692,51692,0
11,US0->CS24,51648,51648,0
11,US0->CS32,51590,51590,0
11,US0->CS40,51249,51249,0
11,US0->CS48,52232,52232,0
11,US0->CS56,51306,51306,0
11,US1->CS1,51796,51796,0
11,US1->CS9,52001,52001,0
11,US1->CS17,51932,51932,0
11,US1->CS25,51894,51894,0
11,US1->CS33,51886,51886,0
11,US1->CS41,52088,52088,0
11,US1->CS49,52088,52088,0
11,US1->CS57,51971,51971,0
11,US2->CS2,51757,51757,0
11,US2->CS10,51566,51566,0
11,US2->CS18,51634,51634,0
11,US2->CS26,51500,51500,0
11,US2->CS34,51807,51807,0
11,US2->CS42,52053,52053,0
11,US2->CS50,51833,51833,0
11,US2->CS58,52113,52113,0
11,US3->CS3,51375,51375,0
11,US3->CS11,51293,51293,0
11,US3->CS19,51683,51683,0
11,US3->CS27,51523,51523,0
11,US3->CS35,51785,51785,0
11,US3->CS43,51628,51628,0
11,US3->CS51,51861,51861,0
11,US3->CS59,51496,51496,0
11,US4->CS4,51604,51604,0
11,US4->CS12,51667,51667,0
11,US4->CS20,51276,51276,0
11,US4->CS28,52018,52018,0
11,US4->CS36,51918,51918,0
11,US4->CS44,51936,51936,0
11,US4->CS52,51194,51194,0
11,US4->CS60,51339,51339,0
11,US5->CS5,51433,51433,0
11,US5->CS13,52005,52005,0
11,US5->CS21,51918,51918,0
11,US5->CS29,51804,51804,0
11,US5->CS37,51326,51326,0
11,US5->CS45,51900,51900,0
11,US5->CS53,51640,51640,0
11,US5->CS61,51572,51572,0
11,US6->CS6,51772,51772,0
11,US6->CS14,51392,51392,0
11,US6->CS22,51710,51710,0
11,US6->CS30,51895,51895,0
11,US6->CS38,51848,51848,0
11,US6->CS46,52083,52083,0
11,US6->CS54,52042,52042,0
11,US6->CS62,52069,52069,0
11,US7->CS7,51949,51949,0
11,US7->CS15,51977,51977,0
11,US7->CS23,52042,52042,0
11,US7->CS31,51961,51961,0
11,US7->CS39,51898,51898,0
11,US7->CS47,51638,51638,0
11,US7->CS55,52113,52113,0
11,US7->CS63,51653,51653,0
11,US8->CS0,55985,55985,0
11,US8->CS8,56406,56406,0
11,US8->CS16,55946,55946,0
11,US8->CS24,56198,56198,0
11,US8->CS32,56229,56229,0
11,US8->CS40,55368,55368,0
11,US8->CS48,55680,55680,0
11,US8->CS56,56496,56496,0
11,US9->CS1,56247,56247,0
11,US9->CS9,56179,56179,0
11,US9->CS17,55811,55811,0
11,US9->CS25,56230,56230,0
11,US9->CS33,56133,56133,0
11,US9->CS41,56176,56176,0
11,US9->CS49,56164,56164,0
11,US9->CS57,55841,55841,0
11,US10->CS2,55952,55952,0
11,US10->CS10,56297,56297,0
11,US10->CS18,55700,55700,0
11,US10->CS26,55971,55971,0
11,US10->CS34,55400,55400,0
11,US10->CS42,56094,56094,0
11,US10->CS50,56084,56084,0
11,US10->CS58,55842,55842,0
11,US11->CS3,55781,55781,0
11,US11->CS11,55960,55960,0
11,US11->CS19,56060,56060,0
11,US11->CS27,56248,56248,0
11,US11->CS35,56024,56024,0
11,US11->CS43,56000,56000,0
11,US11->CS51,56394,56394,0
11,US11->CS59,56167,56167,0
11,US12->CS4,56156,56156,0
11,US12->CS12,55963,55963,0
11,US12->CS20,56353,56353,0
11,US12->CS28,56152,56152,0
11,US12->CS36,55937,55937,0
11,US12->CS44,56559,56559,0
11,US12->CS52,56042,56042,0
11,US12->CS60,55781,55781,0
11,US13->CS5,56168,56168,0
11,US13->CS13,56039,56039,0
11,US13->CS21,56003,56003,0
11,US13->CS29,55247,55247,0
11,US13->CS37,55970,55970,0
11,US13->CS45,56142,56142,0
11,US13->CS53,55932,55932,0
11,US13->CS61,55867,55867,0
11,US14->CS6,55906,55906,0
11,US14->CS14,55915,55915,0
11,US14->CS22,56201,56201,0
11,US14->CS30,56104,56104,0
11,US14->CS38,55905,55905,0
11,US14->CS46,56115,56115,0
11,US14->CS54,56180,56180,0
11,US14->CS62,56169,56169,0
11,US15->CS7,56200,56200,0
11,US15->CS15,55811,55811,0
11,US15->CS23,56129,56129,0
11,US15->CS31,56152,56152,0
11,US15->CS39,55973,55973,0
11,US15->CS47,56397,56397,0
11,US15->CS55,55852,55852,0
11,US15->CS63,55723,55723,0
11,US16->CS0,53626,53626,0
11,US16->CS8,53648,53648,0
11,US16->CS16,53574,53574,0
11,US16->CS24,53807,53807,0
11,US16->CS32,53627,53627,0
11,US16->CS40,53505,53505,0
11,US16->CS48,53495,53495,0
11,US16->CS56,53587,53587,0
11,US17->CS1,53636,53636,0
11,US17->CS9,53883,53883,0
11,US17->CS17,53596,53596,0
11,US17->CS25,53853,53853,0
11,US17->CS33,53716,53716,0
11,US17->CS41,53630,53630,0
11,US17->CS49,53105,53105,0
11,US17->CS57,53682,53682,0
11,US18->CS2,53802,53802,0
11,US18->CS10,53743,53743,0
11,US18->CS18,53609,53609,0
11,US18->CS26,53765,53765,0
11,US18->CS34,53474,53474,0
11,US18->CS42,53754,53754,0
11,US18->CS50,53799,53799,0
11,US18->CS58,53616,53616,0
11,US19->CS3,53620,53620,0
11,US19->CS11,53504,53504,0
11,US19->CS19,53206,53206,0
11,US19->CS27,53602,53602,0
11,US19->CS35,53353,53353,0
11,US19->CS43,53842,53842,0
11,US19->CS51,53887,53887,0
11,US19->CS59,53749,53749,0
11,US20->CS4,53737,53737,0
11,US20->CS12,53186,53186,0
11,US20->CS20,53526,53526,0
11,US20->CS28,53547,53547,0
11,US20->CS36,53570,53570,0
11,US20->CS44,53239,53239,0
11,US20->CS52,53687,53687,0
11,US20->CS60,53504,53504,0
11,US21->CS5,54029,54029,0
11,US21->CS13,53772,53772,0
11,US21->CS21,53708,53708,0
11,US21->CS29,53507,53507,0
11,US21->CS37,53568,53568,0
11,US21->CS45,53599,53599,0
11,US21->CS53,53738,53738,0
11,US21->CS61,54086,54086,0
11,US22->CS6,53335,53335,0
11,US22->CS14,53606,53606,0
11,US22->CS22,53337,53337,0
11,US22->CS30,54002,54002,0
11,US22->CS38,53908,53908,0
11,US22->CS46,53793,53793,0
11,US22->CS54,53851,53851,0
11,US22->CS62,53649,53649,0
11,US23->CS7,53569,53569,0
11,US23->CS15,53591,53591,0
11,US23->CS23,53764,53764,0
11,US23->CS31,53559,53559,0
11,US23->CS39,53794,53794,0
11,US23->CS47,53410,53410,0
11,US23->CS55,53699,53699,0
11,US23->CS63,53982,53982,0
11,US24->CS0,51255,51255,0
11,US24->CS8,51021,51021,0
11,US24->CS16,50671,50671,0
11,US24->CS24,50321,50321,0
11,US24->CS32,51084,51084,0
11,US24->CS40,50356,50356,0
11,US24->CS48,50934,50934,0
11,US24->CS56,51113,51113,0
11,US25->CS1,50551,50551,0
11,US25->CS9,51281,51281,0
11,US25->CS17,50739,50739,0
11,US25->CS25,50685,50685,0
11,US25->CS33,50584,50584,0
11,US25->CS41,50999,50999,0
11,US25->CS49,50939,50939,0
11,US25->CS57,50754,50754,0
11,US26->CS2,50826,50826,0
11,US26->CS10,51044,51044,0
11,US26->CS18,50484,50484,0
11,US26->CS26,50850,50850,0
11,US26->CS34,51100,51100,0
11,US26->CS42,51080,51080,0
11,US26->CS50,50446,50446,0
11,US26->CS58,50505,50505,0
11,US27->CS3,50581,50581,0
11,US27->CS11,50839,50839,0
11,US27->CS19,50923,50923,0
11,US27->CS27,50706,50706,0
11,US27->CS35,50851,50851,0
11,US27->CS43,50572,50572,0
11,US27->CS51,50906,50906,0
11,US27->CS59,50669,50669,0
11,US28->CS4,50748,50748,0
11,US28->CS12,51130,51130,0
11,US28->CS20,51343,51343,0
11,US28->CS28,50990,50990,0
11,US28->CS36,50691,50691,0
11,US28->CS44,50935,50935,0
11,US28->CS52,50886,50886,0
11,US28->CS60,51084,51084,0
11,US29->CS5,50737,50737,0
11,US29->CS13,50595,50595,0
11,US29->CS21,50653,50653,0
11,US29->CS29,51228,51228,0
11,US29->CS37,51196,51196,0
11,US29->CS45,50843,50843,0
11,US29->CS53,50967,50967,0
11,US29->CS61,50855,50855,0
11,US30->CS6,50749,50749,0
11,US30->CS14,51330,51330,0
11,US30->CS22,50767,50767,0
11,US30->CS30,50662,50662,0
11,US30->CS38,50910,50910,0
11,US30->CS46,50843,50843,0
11,US30->CS54,50932,50932,0
11,US30->CS62,50793,50793,0
11,US31->CS7,50373,50373,0
11,US31->CS15,50453,50453,0
11,US31->CS23,51207,51207,0
11,US31->CS31,51240,51240,0
11,US31->CS39,50614,50614,0
11,US31->CS47,51155,51155,0
11,US31->CS55,50635,50635,0
11,US31->CS63,50492,50492,0
11,US32->CS0,42018,42018,0
11,US32->CS8,41313,41311,0
11,US32->CS16,41498,41498,0
11,US32->CS24,41322,41322,0
11,US32->CS32,41462,41462,0
11,US32->CS40,41449,41449,0
11,US32->CS48,41938,41937,0
11,US32->CS56,41589,41589,0
11,US33->CS1,41523,41523,0
11,US33->CS9,41727,41726,0
11,US33->CS17,42060,42059,0
11,US33->CS25,41690,41690,0
11,US33->CS33,41693,41692,0
11,US33->CS41,41658,41658,0
11,US33->CS49,41841,41841,0
11,US33->CS57,41837,41837,0
11,US34->CS2,41493,41493,0
11,US34->CS10,41647,41646,0
11,US34->CS18,41949,41948,0
11,US34->CS26,40840,40839,0
11,US34->CS34,41547,41547,0
11,US34->CS42,41411,41410,0
11,US34->CS50,41679,41676,0
11,US34->CS58,41488,41488,0
11,US35->CS3,41745,41743,0
11,US35->CS11,41549,41546,0
11,US35->CS19,41803,41802,0
11,US35->CS27,41781,41780,0
11,US35->CS35,41403,41403,0
11,US35->CS43,41705,41704,0
11,US35->CS51,42134,42134,0
11,US35->CS59,41639,41639,0
11,US36->CS4,41631,41631,0
11,US36->CS12,41413,41413,0
11,US36->CS20,41495,41493,0
11,US36->CS28,41920,41919,0
11,US36->CS36,41578,41577,0
11,US36->CS44,41662,41662,0
11,US36->CS52,41864,41863,0
11,US36->CS60,41262,41262,0
11,US37->CS5,41888,41888,0
11,US37->CS13,41426,41425,0
11,US37->CS21,41721,41721,0
11,US37->CS29,41769,41769,0
11,US37->CS37,41497,41496,0
11,US37->CS45,41883,41883,0
11,US37->CS53,41474,41474,0
11,US37->CS61,41521,41521,0
11,US38->CS6,41541,41539,0
11,US38->CS14,41650,41650,0
11,US38->CS22,41732,41732,0
11,US38->CS30,41433,41433,0
11,US38->CS38,41561,41561,0
11,US38->CS46,41861,41861,0
11,US38->CS54,41686,41686,0
11,US38->CS62,41665,41665,0
11,US39->CS7,41563,41563,0
11,US39->CS15,41518,41517,0
11,US39->CS23,41548,41548,0
11,US39->CS31,41237,41236,0
11,US39->CS39,41479,41479,0
11,US39->CS47,41241,41240,0
11,US39->CS55,41700,41700,0
11,US39->CS63,41615,41615,0
11,US40->CS0,56478,56478,0
11,US40->CS8,55941,55941,0
11,US40->CS16,55820,55820,0
11,US40->CS24,56437,56437,0
11,US40->CS32,56484,56484,0
11,US40->CS40,56041,56041,0
11,US40->CS48,56165,56165,0
11,US40->CS56,56228,56228,0
11,US41->CS1,55697,55697,0
11,US41->CS9,55991,55991,0
11,US41->CS17,55868,55868,0
11,US41->CS25,56388,56388,0
11,US41->CS33,56005,56005,0
11,US41->CS41,55897,55897,0
11,US41->CS49,56020,56020,0
11,US41->CS57,55911,55911,0
11,US42->CS2,56572,56572,0
11,US42->CS10,56125,56125,0
11,US42->CS18,55903,55903,0
11,US42->CS26,56252,56252,0
11,US42->CS34,56164,56164,0
11,US42->CS42,56081,56081,0
11,US42->CS50,56169,56169,0
11,US42->CS58,55858,55858,0
11,US43->CS3,56221,56221,0
11,US43->CS11,56036,56036,0
11,US43->CS19,56342,56342,0
11,US43->CS27,56164,56164,0
11,US43->CS35,56081,56081,0
11,US43->CS43,56070,56070,0
11,US43->CS51,56330,56330,0
11,US43->CS59,56368,56368,0
11,US44->CS4,56019,56019,0
11,US44->CS12,56220,56220,0
11,US44->CS20,56408,56408,0
11,US44->CS28,55847,55847,0
11,US44->CS36,55928,55928,0
11,US44->CS44,56308,56308,0
11,US44->CS52,56322,56322,0
11,US44->CS60,55921,55921,0
11,US45->CS5,56058,56058,0
11,US45->CS13,56161,56161,0
11,US45->CS21,56053,56053,0
11,US45->CS29,56150,56150,0
11,US45->CS37,56198,56198,0
11,US45->CS45,55782,55782,0
11,US45->CS53,56548,56548,0
11,US45->CS61,56427,56427,0
11,US46->CS6,56236,56236,0
11,US46->CS14,56247,56247,0
11,US46->CS22,56313,56313,0
11,US46->CS30,56143,56143,0
11,US46->CS38,56435,56435,0
11,US46->CS46,55596,55596,0
11,US46->CS54,56279,56279,0
11,US46->CS62,55965,55965,0
11,US47->CS7,55817,55817,0
11,US47->CS15,56407,56407,0
11,US47->CS23,56180,56180,0
11,US47->CS31,56350,56350,0
11,US47->CS39,56361,56361,0
11,US47->CS47,56218,56218,0
11,US47->CS55,56195,56195,0
11,US47->CS63,56377,56377,0
11,US48->CS0,52237,52237,0
11,US48->CS8,52111,52111,0
11,US48->CS16,51674,51674,0
11,US48->CS24,52118,52118,0
11,US48->CS32,51801,51801,0
11,US48->CS40,51686,51686,0
11,US48->CS48,52115,52115,0
11,US48->CS56,51898,51898,0
11,US49->CS1,51451,51451,0
11,US49->CS9,51026,51026,0
11,US49->CS17,51892,51892,0
11,US49->CS25,51836,51836,0
11,US49->CS33,51748,51748,0
11,US49->CS41,51913,51913,0
11,US49->CS49,51866,51866,0
11,US49->CS57,51617,51617,0
11,US50->CS2,51974,51974,0
11,US50->CS10,51887,51887,0
11,US50->CS18,51887,51887,0
11,US50->CS26,51917,51917,0
11,US50->CS34,51462,51462,0
11,US50->CS42,51676,51676,0
11,US50->CS50,51719,51719,0
11,US50->CS58,52127,52127,0
11,US51->CS3,51676,51676,0
11,US51->CS11,51486,51486,0
11,US51->CS19,51378,51378,0
11,US51->CS27,51818,51818,0
11,US51->CS35,51932,51932,0
11,US51->CS43,51502,51502,0
11,US51->CS51,51751,51751,0
11,US51->CS59,51793,51793,0
11,US52->CS4,51758,51758,0
11,US52->CS12,51822,51822,0
11,US52->CS20,51768,51768,0
11,US52->CS28,51508,51508,0
11,US52->CS36,51878,51878,0
11,US52->CS44,51472,51472,0
11,US52->CS52,51590,51590,0
11,US52->CS60,51488,51488,0
11,US53->CS5,52094,52094,0
11,US53->CS13,51701,51701,0
11,US53->CS21,51728,51728,0
11,US53->CS29,51596,51596,0
11,US53->CS37,52007,52007,0
11,US53->CS45,51488,51488,0
11,US53->CS53,51776,51776,0
11,US53->CS61,52120,52120,0
11,US54->CS6,51213,51213,0
11,US54->CS14,51646,51646,0
11,US54->CS22,51646,51646,0
11,US54->CS30,51908,51908,0
11,US54->CS38,51873,51873,0
11,US54->CS46,51346,51346,0
11,US54->CS54,51912,51912,0
11,US54->CS62,51667,51667,0
11,US55->CS7,51881,51881,0
11,US55->CS15,51898,51898,0
11,US55->CS23,52110,52110,0
11,US55->CS31,52222,52222,0
11,US55->CS39,51804,51804,0
11,US55->CS47,51748,51748,0
11,US55->CS55,51969,51969,0
11,US55->CS63,51221,51221,0
11,US56->CS0,51256,51256,0
11,US56->CS8,51097,51097,0
11,US56->CS16,51298,51298,0
11,US56->CS24,51257,51257,0
11,US56->CS32,51125,51125,0
11,US56->CS40,51302,51302,0
11,US56->CS48,51358,51358,0
11,US56->CS56,51349,51349,0
11,US57->CS1,51332,51332,0
11,US57->CS9,51395,51395,0
11,US57->CS17,51013,51013,0
11,US57->CS25,50904,50904,0
11,US57->CS33,50950,50950,0
11,US57->CS41,51034,51034,0
11,US57->CS49,51077,51077,0
11,US57->CS57,51134,51134,0
11,US58->CS2,51014,51014,0
11,US58->CS10,51732,51732,0
11,US58->CS18,51158,51158,0
11,US58->CS26,51014,51014,0
11,US58->CS34,51278,51278,0
11,US58->CS42,51159,51159,0
11,US58->CS50,50962,50962,0
11,US58->CS58,50898,50898,0
11,US59->CS3,50923,50923,0
11,US59->CS11,51640,51640,0
11,US59->CS19,51548,51548,0
11,US59->CS27,51255,51255,0
11,US59->CS35,50852,50852,0
11,US59->CS43,50890,50890,0
11,US59->CS51,50919,50919,0
11,US59->CS59,51139,51139,0
11,US60->CS4,50931,50931,0
11,US60->CS12,50860,50860,0
11,US60->CS20,51107,51107,0
11,US60->CS28,51076,51076,0
11,US60->CS36,51139,51139,0
11,US60->CS44,51052,51052,0
11,US60->CS52,51206,51206,0
11,US60->CS60,51261,51261,0
11,US61->CS5,51288,51288,0
11,US61->CS13,51212,51212,0
11,US61->CS21,51066,51066,0
11,US61->CS29,51528,51528,0
11,US61->CS37,50901,50901,0
11,US61->CS45,51285,51285,0
11,US61->CS53,50747,50747,0
11,US61->CS61,51366,51366,0
11,US62->CS6,51387,51387,0
11,US62->CS14,51323,51323,0
11,US62->CS22,50601,50601,0
11,US62->CS30,51173,51173,0
11,US62->CS38,50938,50938,0
11,US62->CS46,50883,50883,0
11,US62->CS54,51012,51012,0
11,US62->CS62,50955,50955,0
11,US63->CS7,51365,51365,0
11,US63->CS15,51190,51190,0
11,US63->CS23,51355,51355,0
11,US63->CS31,50873,50873,0
11,US63->CS39,51092,51092,0
11,US63->CS47,51166,51166,0
11,US63->CS55,51261,51261,0
11,US63->CS63,50905,50905,0
11,US64->CS0,40682,40680,0
11,US64->CS8,41133,41133,0
11,US64->CS16,40830,40830,0
11,US64->CS24,41186,41186,0
11,US64->CS32,40902,40901,0
11,US64->CS40,41134,41132,0
11,US64->CS48,41130,41130,0
11,US64->CS56,41347,41347,0
11,US65->CS1,40858,40858,0
11,US65->CS9,41109,41107,0
11,US65->CS17,41277,41276,0
11,US65->CS25,41075,41075,0
11,US65->CS33,41001,41001,0
11,US65->CS41,41024,41023,0
11,US65->CS49,41210,41209,0
11,US65->CS57,41253,41253,0
11,US66->CS2,40841,40841,0
11,US66->CS10,41107,41107,0
11,US66->CS18,40873,40873,0
11,US66->CS26,41000,41000,0
11,US66->CS34,41099,41099,0
11,US66->CS42,40946,40946,0
11,US66->CS50,41058,41058,0
11,US66->CS58,40997,40996,0
11,US67->CS3,40728,40728,0
11,US67->CS11,40840,40839,0
11,US67->CS19,41481,41480,0
11,US67->CS27,40795,40795,0
11,US67->CS35,41056,41055,0
11,US67->CS43,41100,41099,0
11,US67->CS51,40893,40892,0
11,US67->CS59,40798,40798,0
11,US68->CS4,40655,40655,0
11,US68->CS12,41039,41039,0
11,US68->CS20,41056,41056,0
11,US68->CS28,41166,41166,0
11,US68->CS36,41224,41224,0
11,US68->CS44,40910,40910,0
11,US68->CS52,41128,41126,0
11,US68->CS60,41152,41152,0
11,US69->CS5,41006,41005,0
11,US69->CS13,41258,41256,0
11,US69->CS21,40935,40934,0
11,US69->CS29,40677,40677,0
11,US69->CS37,41216,41216,0
11,US69->CS45,41207,41206,0
11,US69->CS53,40986,40985,0
11,US69->CS61,40830,40830,0
11,US70->CS6,40941,40941,0
11,US70->CS14,40994,40994,0
11,US70->CS22,41248,41247,0
11,US70->CS30,41173,41172,0
11,US70->CS38,41026,41026,0
11,US70->CS46,41336,41335,0
11,US70->CS54,41352,41351,0
11,US70->CS62,40733,40732,0
11,US71->CS7,40794,40794,0
11,US71->CS15,40979,40978,0
11,US71->CS23,41344,41344,0
11,US71->CS31,41165,41165,0
11,US71->CS39,40950,40950,0
11,US71->CS47,40850,40850,0
11,US71->CS55,40708,40708,0
11,US71->CS63,41282,41282,0
11,US72->CS0,50830,50830,0
11,US72->CS8,50977,50977,0
11,US72->CS16,51129,51129,0
11,US72->CS24,50972,50972,0
11,US72->CS32,51009,51009,0
11,US72->CS40,50880,50880,0
11,US72->CS48,50884,50884,0
11,US72->CS56,50836,50836,0
11,US73->CS1,51099,51099,0
11,US73->CS9,51086,51086,0
11,US73->CS17,50658,50658,0
11,US73->CS25,51094,51094,0
11,US73->CS33,51325,51325,0
11,US73->CS41,51196,51196,0
11,US73->CS49,51162,51162,0
11,US73->CS57,50937,50937,0
11,US74->CS2,50868,50868,0
11,US74->CS10,50951,50951,0
11,US74->CS18,50989,50989,0
11,US74->CS26,51346,51346,0
11,US74->CS34,50792,50792,0
11,US74->CS42,50968,50968,0
11,US74->CS50,51286,51286,0
11,US74->CS58,51240,51240,0
11,US75->CS3,50883,50883,0
11,US75->CS11,50798,50798,0
11,US75->CS19,51267,51267,0
11,US75->CS27,50976,50976,0
11,US75->CS35,50912,50912,0
11,US75->CS43,50635,50635,0
11,US75->CS51,50737,50737,0
11,US75->CS59,50804,50804,0
11,US76->CS4,50719,50719,0
11,US76->CS12,50894,50894,0
11,US76->CS20,50654,50654,0
11,US76->CS28,50829,50829,0
11,US76->CS36,50941,50941,0
11,US76->CS44,50988,50988,0
11,US76->CS52,51482,51482,0
11,US76->CS60,50855,50855,0
11,US77->CS5,51015,51015,0
11,US77->CS13,51221,51221,0
11,US77->CS21,50709,50709,0
11,US77->CS29,50862,50862,0
11,US77->CS37,50782,50782,0
11,US77->CS45,50956,50956,0
11,US77->CS53,51112,51112,0
11,US77->CS61,51182,51182,0
11,US78->CS6,51211,51211,0
11,US78->CS14,51051,51051,0
11,US78->CS22,50670,50670,0
11,US78->CS30,51007,51007,0
11,US78->CS38,51094,51094,0
11,US78->CS46,50602,50602,0
11,US78->CS54,50890,50890,0
11,US78->CS62,50509,50509,0
11,US79->CS7,50730,50730,0
11,US79->CS15,50768,50768,0
11,US79->CS23,50748,50748,0
11,US79->CS31,50999,50999,0
11,US79->CS39,51137,51137,0
11,US79->CS47,50788,50788,0
11,US79->CS55,51169,51169,0
11,US79->CS63,50990,50990,0
11,US80->CS0,50428,50428,0
11,US80->CS8,50701,50701,0
11,US80->CS16,50961,50961,0
11,US80->CS24,50870,50870,0
11,US80->CS32,50322,50322,0
11,US80->CS40,50572,50572,0
11,US80->CS48,50468,50468,0
11,US80->CS56,50671,50671,0
11,US81->CS1,50617,50617,0
11,US81->CS9,50390,50390,0
11,US81->CS17,50684,50684,0
11,US81->CS25,50694,50694,0
11,US81->CS33,50818,50818,0
11,US81->CS41,50451,50451,0
11,US81->CS49,50384,50384,0
11,US81->CS57,50913,50913,0
11,US82->CS2,50410,50410,0
11,US82->CS10,50563,50563,0
11,US82->CS18,50912,50912,0
11,US82->CS26,50622,50622,0
11,US82->CS34,50691,50691,0
11,US82->CS42,50672,50672,0
11,US82->CS50,50676,50676,0
11,US82->CS58,50730,50730,0
11,US83->CS3,50091,50091,0
11,US83->CS11,50523,50523,0
11,US83->CS19,50441,50441,0
11,US83->CS27,50472,50472,0
11,US83->CS35,50707,50707,0
11,US83->CS43,50788,50788,0
11,US83->CS51,50487,50487,0
11,US83->CS59,50757,50757,0
11,US84->CS4,50925,50925,0
11,US84->CS12,50413,50413,0
11,US84->CS20,50270,50270,0
11,US84->CS28,50643,50643,0
11,US84->CS36,50673,50673,0
11,US84->CS44,50348,50348,0
11,US84->CS52,50504,50504,0
11,US84->CS60,50318,50318,0
11,US85->CS5,50806,50806,0
11,US85->CS13,50769,50769,0
11,US85->CS21,50159,50159,0
11,US85->CS29,50563,50563,0
11,US85->CS37,51022,51022,0
11,US85->CS45,50492,50492,0
11,US85->CS53,50661,50661,0
11,US85->CS61,50495,50495,0
11,US86->CS6,50567,50567,0
11,US86->CS14,50647,50647,0
11,US86->CS22,50436,50436,0
11,US86->CS30,50398,50398,0
11,US86->CS38,50735,50735,0
11,US86->CS46,50900,50900,0
11,US86->CS54,50631,50631,0
11,US86->CS62,50465,50465,0
11,US87->CS7,50605,50605,0
11,US87->CS15,50961,50961,0
11,US87->CS23,50513,50513,0
11,US87->CS31,50737,50737,0
11,US87->CS39,50892,50892,0
11,US87->CS47,50588,50588,0
11,US87->CS55,51258,51258,0
11,US87->CS63,50225,50225,0
11,US88->CS0,50889,50889,0
11,US88->CS8,51358,51358,0
11,US88->CS16,51268,51268,0
11,US88->CS24,50854,50854,0
11,US88->CS32,50927,50927,0
11,US88->CS40,51290,51290,0
11,US88->CS48,50724,50724,0
11,US88->CS56,51254,51254,0
11,US89->CS1,51200,51200,0
11,US89->CS9,50926,50926,0
11,US89->CS17,51204,51204,0
11,US89->CS25,51020,51020,0
11,US89->CS33,51077,51077,0
11,US89->CS41,51107,51107,0
11,US89->CS49,51225,51225,0
11,US89->CS57,50962,50962,0
11,US90->CS2,51211,51211,0
11,US90->CS10,50942,50942,0
11,US90->CS18,51026,51026,0
11,US90->CS26,50981,50981,0
11,US90->CS34,51034,51034,0
11,US90->CS42,51493,51493,0
11,US90->CS50,51107,51107,0
11,US90->CS58,51142,51142,0
11,US91->CS3,50800,50800,0
11,US91->CS11,51208,51208,0
11,US91->CS19,51541,51541,0
11,US91->CS27,51016,51016,0
11,US91->CS35,51283,51283,0
11,US91->CS43,51051,51051,0
11,US91->CS51,51311,51311,0
11,US91->CS59,50806,50806,0
11,US92->CS4,50959,50959,0
11,US92->CS12,51359,51359,0
11,US92->CS20,50946,50946,0
11,US92->CS28,51000,51000,0
11,US92->CS36,51269,51269,0
11,US92->CS44,50870,50870,0
11,US92->CS52,50734,50734,0
11,US92->CS60,50802,50802,0
11,US93->CS5,51082,51082,0
11,US93->CS13,50859,50859,0
11,US93->CS21,51210,51210,0
11,US93->CS29,51184,51184,0
11,US93->CS37,51148,51148,0
11,US93->CS45,50786,50786,0
11,US93->CS53,51279,51279,0
11,US93->CS61,51368,51368,0
11,US94->CS6,50841,50841,0
11,US94->CS14,51250,51250,0
11,US94->CS22,50935,50935,0
11,US94->CS30,50842,50842,0
11,US94->CS38,51409,51409,0
11,US94->CS46,51141,51141,0
11,US94->CS54,51328,51328,0
11,US94->CS62,51231,51231,0
11,US95->CS7,51008,51008,0
11,US95->CS15,50951,50951,0
11,US95->CS23,50707,50707,0
11,US95->CS31,50665,50665,0
11,US95->CS39,51360,51360,0
11,US95->CS47,50751,50751,0
11,US95->CS55,50965,50965,0
11,US95->CS63,51077,51077,0
11,US96->CS0,51050,51050,0
11,US96->CS8,50915,50915,0
11,US96->CS16,50762,50762,0
11,US96->CS24,50674,50674,0
11,US96->CS32,50984,50984,0
11,US96->CS40,50472,50472,0
11,US96->CS48,51022,51022,0
11,US96->CS56,50918,50918,0
11,US97->CS1,50689,50689,0
11,US97->CS9,50920,50920,0
11,US97->CS17,50690,50690,0
11,US97->CS25,50984,50984,0
11,US97->CS33,51268,51268,0
11,US97->CS41,50984,50984,0
11,US97->CS49,50867,50867,0
11,US97->CS57,50926,50926,0
11,US98->CS2,50892,50892,0
11,US98->CS10,50510,50510,0
11,US98->CS18,51077,51077,0
11,US98->CS26,50608,50608,0
11,US98->CS34,50758,50758,0
11,US98->CS42,50693,50693,0
11,US98->CS50,50687,50687,0
11,US98->CS58,50836,50836,0
11,US99->CS3,50555,50555,0
11,US99->CS11,51028,51028,0
11,US99->CS19,50666,50666,0
11,US99->CS27,50822,50822,0
11,US99->CS35,50385,50385,0
11,US99->CS43,50816,50816,0
11,US99->CS51,50738,50738,0
11,US99->CS59,51253,51253,0
11,US100->CS4,50886,50886,0
11,US100->CS12,50813,50813,0
11,US100->CS20,50832,50832,0
11,US100->CS28,50502,50502,0
11,US100->CS36,50801,50801,0
11,US100->CS44,50600,50600,0
11,US100->CS52,50803,50803,0
11,US100->CS60,50467,50467,0
11,US101->CS5,50631,50631,0
11,US101->CS13,50893,50893,0
11,US101->CS21,50640,50640,0
11,US101->CS29,50980,50980,0
11,US101->CS37,50613,50613,0
11,US101->CS45,50701,50701,0
11,US101->CS53,50575,50575,0
11,US101->CS61,50796,50796,0
11,US102->CS6,50829,50829,0
11,US102->CS14,51022,51022,0
11,US102->CS22,50743,50743,0
11,US102->CS30,50738,50738,0
11,US102->CS38,50841,50841,0
11,US102->CS46,50449,50449,0
11,US102->CS54,50956,50956,0
11,US102->CS62,50941,50941,0
11,US103->CS7,50626,50626,0
11,US103->CS15,50365,50365,0
11,US103->CS23,50667,50667,0
11,US103->CS31,50714,50714,0
11,US103->CS39,50421,50421,0
11,US103->CS47,50656,50656,0
11,US103->CS55,50841,50841,0
11,US103->CS63,50894,50894,0
11,US104->CS0,50982,50982,0
11,US104->CS8,50179,50179,0
11,US104->CS16,50416,50416,0
11,US104->CS24,50496,50496,0
11,US104->CS32,50930,50930,0
11,US104->CS40,50558,50558,0
11,US104->CS48,50540,50540,0
11,US104->CS56,50955,50955,0
11,US105->CS1,50571,50571,0
11,US105->CS9,50460,50460,0
11,US105->CS17,50319,50319,0
11,US105->CS25,50710,50710,0
11,US105->CS33,50438,50438,0
11,US105->CS41,50574,50574,0
11,US105->CS49,50577,50577,0
11,US105->CS57,50883,50883,0
11,US106->CS2,51112,51112,0
11,US106->CS10,50709,50709,0
11,US106->CS18,50870,50870,0
11,US106->CS26,50708,50708,0
11,US106->CS34,50803,50803,0
11,US106->CS42,50835,50835,0
11,US106->CS50,50612,50612,0
11,US106->CS58,50818,50818,0
11,US107->CS3,50735,50735,0
11,US107->CS11,50356,50356,0
11,US107->CS19,50805,50805,0
11,US107->CS27,50694,50694,0
11,US107->CS35,50443,50443,0
11,US107->CS43,50798,50798,0
11,US107->CS51,50976,50976,0
11,US107->CS59,50418,50418,0
11,US108->CS4,50568,50568,0
11,US108->CS12,50451,50451,0
11,US108->CS20,50469,50469,0
11,US108->CS28,51069,51069,0
11,US108->CS36,50595,50595,0
11,US108->CS44,50868,50868,0
11,US108->CS52,50759,50759,0
11,US108->CS60,50704,50704,0
11,US109->CS5,50890,50890,0
11,US109->CS13,50413,50413,0
11,US109->CS21,50585,50585,0
11,US109->CS29,50600,50600,0
11,US109->CS37,50536,50536,0
11,US109->CS45,50603,50603,0
11,US109->CS53,50661,50661,0
11,US109->CS61,50643,50643,0
11,US110->CS6,50493,50493,0
11,US110->CS14,50366,50366,0
11,US110->CS22,51096,51096,0
11,US110->CS30,50512,50512,0
11,US110->CS38,50728,50728,0
11,US110->CS46,50768,50768,0
11,US110->CS54,50586,50586,0
11,US110->CS62,50881,50881,0
11,US111->CS7,51003,51003,0
11,US111->CS15,50556,50556,0
11,US111->CS23,50669,50669,0
11,US111->CS31,50973,50973,0
11,US111->CS39,50412,50412,0
11,US111->CS47,50596,50596,0
11,US111->CS55,50748,50748,0
11,US111->CS63,50447,50447,0
11,US112->CS0,51468,51468,0
11,US112->CS8,51737,51737,0
11,US112->CS16,51604,51604,0
11,US112->CS24,51673,51673,0
11,US112->CS32,51408,51408,0
11,US112->CS40,51607,51607,0
11,US112->CS48,51435,51435,0
11,US112->CS56,51676,51676,0
11,US113->CS1,51821,51821,0
11,US113->CS9,51486,51486,0
11,US113->CS17,51803,51803,0
11,US113->CS25,51337,51337,0
11,US113->CS33,51561,51561,0
11,US113->CS41,51669,51669,0
11,US113->CS49,52085,52085,0
11,US113->CS57,51751,51751,0
11,US114->CS2,51890,51890,0
11,US114->CS10,51264,51264,0
11,US114->CS18,51323,51323,0
11,US114->CS26,51488,51488,0
11,US114->CS34,51890,51890,0
11,US114->CS42,51434,51434,0
11,US114->CS50,51276,51276,0
11,US114->CS58,51612,51612,0
11,US115->CS3,51591,51591,0
11,US115->CS11,51615,51615,0
11,US115->CS19,51518,51518,0
11,US115->CS27,51471,51471,0
11,US115->CS35,51650,51650,0
11,US115->CS43,51267,51267,0
11,US115->CS51,51450,51450,0
11,US115->CS59,51910,51910,0
11,US116->CS4,51805,51805,0
11,US116->CS12,51757,51757,0
11,US116->CS20,51769,51769,0
11,US116->CS28,51852,51852,0
11,US116->CS36,52086,52086,0
11,US116->CS44,51782,51782,0
11,US116->CS52,51604,51604,0
11,US116->CS60,51417,51417,0
11,US117->CS5,51452,51452,0
11,US117->CS13,51574,51574,0
11,US117->CS21,51609,51609,0
11,US117->CS29,51680,51680,0
11,US117->CS37,51980,51980,0
11,US117->CS45,51848,51848,0
11,US117->CS53,51451,51451,0
11,US117->CS61,51886,51886,0
11,US118->CS6,52222,52222,0
11,US118->CS14,51989,51989,0
11,US118->CS22,51546,51546,0
11,US118->CS30,51792,51792,0
11,US118->CS38,51465,51465,0
11,US118->CS46,51724,51724,0
11,US118->CS54,51497,51497,0
11,US118->CS62,52196,52196,0
11,US119->CS7,51718,51718,0
11,US119->CS15,51281,51281,0
11,US119->CS23,51654,51654,0
11,US119->CS31,51397,51397,0
11,US119->CS39,51537,51537,0
11,US119->CS47,51365,51365,0
11,US119->CS55,51559,51559,0
11,US119->CS63,51678,51678,0
11,US120->CS0,50467,50467,0
11,US120->CS8,50454,50454,0
11,US120->CS16,50819,50819,0
11,US120->CS24,50410,50410,0
11,US120->CS32,50647,50647,0
11,US120->CS40,50631,50631,0
11,US120->CS48,50390,50390,0
11,US120->CS56,51053,51053,0
11,US121->CS1,50548,50548,0
11,US121->CS9,50578,50578,0
11,US121->CS17,50588,50588,0
11,US121->CS25,50989,50989,0
11,US121->CS33,50642,50642,0
11,US121->CS41,50969,50969,0
11,US121->CS49,50874,50874,0
11,US121->CS57,50577,50577,0
11,US122->CS2,50418,50418,0
11,US122->CS10,50850,50850,0
11,US122->CS18,50349,50349,0
11,US122->CS26,51024,51024,0
11,US122->CS34,50442,50442,0
11,US122->CS42,50537,50537,0
11,US122->CS50,50512,50512,0
11,US122->CS58,50615,50615,0
11,US123->CS3,50507,50507,0
11,US123->CS11,50904,50904,0
11,US123->CS19,50988,50988,0
11,US123->CS27,50413,50413,0
11,US123->CS35,50334,50334,0
11,US123->CS43,50482,50482,0
11,US123->CS51,50862,50862,0
11,US123->CS59,50491,50491,0
11,US124->CS4,50390,50390,0
11,US124->CS12,50852,50852,0
11,US124->CS20,50478,50478,0
11,US124->CS28,50723,50723,0
11,US124->CS36,50873,50873,0
11,US124->CS44,50339,50339,0
11,US124->CS52,50719,50719,0
11,US124->CS60,50332,50332,0
11,US125->CS5,50812,50812,0
11,US125->CS13,50457,50457,0
11,US125->CS21,50531,50531,0
11,US125->CS29,50780,50780,0
11,US125->CS37,50765,50765,0
11,US125->CS45,50645,50645,0
11,US125->CS53,50849,50849,0
11,US125->CS61,50969,50969,0
11,US126->CS6,50869,50869,0
11,US126->CS14,50648,50648,0
11,US126->CS22,50463,50463,0
11,US126->CS30,50653,50653,0
11,US126->CS38,50675,50675,0
11,US126->CS46,50661,50661,0
11,US126->CS54,50697,50697,0
11,US126->CS62,50787,50787,0
11,US127->CS7,50511,50511,0
11,US127->CS15,50968,50968,0
11,US127->CS23,50641,50641,0
11,US127->CS31,50676,50676,0
11,US127->CS39,50654,50654,0
11,US127->CS47,50284,50284,0
11,US127->CS55,50734,50734,0
11,US127->CS63,50922,50922,0
11,CS0->US0,51923,51923,0
11,CS0->US8,50503,50503,0
11,CS0->US16,50526,50526,0
11,CS0->US24,51365,51365,0
11,CS0->US32,40808,40808,0
11,CS0->US40,51489,51489,0
11,CS0->US48,51374,51374,0
11,CS0->US56,51312,51312,0
11,CS0->US64,42114,42114,0
11,CS0->US72,50857,50857,0
11,CS0->US80,55986,55986,0
11,CS0->US88,50903,50903,0
11,CS0->US96,51058,51058,0
11,CS0->US104,51041,51041,0
11,CS0->US112,56507,56507,0
11,CS0->US120,53542,53542,0
11,CS1->US1,51197,51197,0
11,CS1->US9,50537,50537,0
11,CS1->US17,50664,50664,0
11,CS1->US25,51416,51416,0
11,CS1->US33,40940,40939,0
11,CS1->US41,51786,51786,0
11,CS1->US49,51499,51499,0
11,CS1->US57,50721,50721,0
11,CS1->US65,41616,41616,0
11,CS1->US73,51091,51091,0
11,CS1->US81,56205,56205,0
11,CS1->US89,51150,51150,0
11,CS1->US97,50626,50626,0
11,CS1->US105,50731,50731,0
11,CS1->US113,55821,55821,0
11,CS1->US121,53636,53636,0
11,CS2->US2,51675,51675,0
11,CS2->US10,50411,50411,0
11,CS2->US18,50537,50537,0
11,CS2->US26,51130,51130,0
11,CS2->US34,40919,40919,0
11,CS2->US42,51923,51923,0
11,CS2->US50,51467,51467,0
11,CS2->US58,50934,50934,0
11,CS2->US66,41595,41594,0
11,CS2->US74,51107,51107,0
11,CS2->US82,55913,55913,0
11,CS2->US90,50911,50911,0
11,CS2->US98,51168,51168,0
11,CS2->US106,50917,50917,0
11,CS2->US114,56667,56667,0
11,CS2->US122,53757,53757,0
11,CS3->US3,51355,51355,0
11,CS3->US11,50155,50155,0
11,CS3->US19,50590,50590,0
11,CS3->US27,51042,51042,0
11,CS3->US35,40809,40809,0
11,CS3->US43,51642,51642,0
11,CS3->US51,51090,51090,0
11,CS3->US59,50659,50659,0
11,CS3->US67,41855,41854,0
11,CS3->US75,50726,50726,0
11,CS3->US83,55746,55746,0
11,CS3->US91,50962,50962,0
11,CS3->US99,50788,50788,0
11,CS3->US107,50591,50591,0
11,CS3->US115,56295,56295,0
11,CS3->US123,53504,53504,0
11,CS4->US4,51476,51476,0
11,CS4->US12,50935,50935,0
11,CS4->US20,50511,50511,0
11,CS4->US28,51023,51023,0
11,CS4->US36,40736,40735,0
11,CS4->US44,51807,51807,0
11,CS4->US52,51316,51316,0
11,CS4->US60,50838,50838,0
11,CS4->US68,41712,41712,0
11,CS4->US76,50928,50928,0
11,CS4->US84,56038,56038,0
11,CS4->US92,50770,50770,0
11,CS4->US100,50684,50684,0
11,CS4->US108,50938,50938,0
11,CS4->US116,56110,56110,0
11,CS4->US124,53668,53668,0
11,CS5->US5,51790,51790,0
11,CS5->US13,50799,50799,0
11,CS5->US21,50899,50899,0
11,CS5->US29,51407,51407,0
11,CS5->US37,41093,41093,0
11,CS5->US45,51541,51541,0
11,CS5->US53,51160,51160,0
11,CS5->US61,50856,50856,0
11,CS5->US69,41956,41956,0
11,CS5->US77,51037,51037,0
11,CS5->US85,56171,56171,0
11,CS5->US93,51016,51016,0
11,CS5->US101,50999,50999,0
11,CS5->US109,50627,50627,0
11,CS5->US117,56083,56083,0
11,CS5->US125,53954,53954,0
11,CS6->US6,50942,50942,0
11,CS6->US14,50594,50594,0
11,CS6->US22,50948,50948,0
11,CS6->US30,51450,51450,0
11,CS6->US38,40994,40993,0
11,CS6->US46,52251,52251,0
11,CS6->US54,51523,51523,0
11,CS6->US62,50863,50863,0
11,CS6->US70,41629,41629,0
11,CS6->US78,50760,50760,0
11,CS6->US86,55879,55879,0
11,CS6->US94,51255,51255,0
11,CS6->US102,50531,50531,0
11,CS6->US110,50951,50951,0
11,CS6->US118,56276,56276,0
11,CS6->US126,53264,53264,0
11,CS7->US7,51602,51602,0
11,CS7->US15,50645,50645,0
11,CS7->US23,50620,50620,0
11,CS7->US31,51443,51443,0
11,CS7->US39,40870,40870,0
11,CS7->US47,51767,51767,0
11,CS7->US55,51707,51707,0
11,CS7->US63,50484,50484,0
11,CS7->US71,41674,41673,0
11,CS7->US79,50930,50930,0
11,CS7->US87,56128,56128,0
11,CS7->US95,50738,50738,0
11,CS7->US103,51062,51062,0
11,CS7->US111,50701,50701,0
11,CS7->US119,55871,55871,0
11,CS7->US127,53470,53470,0
11,CS8->US0,51864,51864,0
11,CS8->US8,50695,50695,0
11,CS8->US16,50556,50556,0
11,CS8->US24,51144,51144,0
11,CS8->US32,41236,41236,0
11,CS8->US40,51700,51700,0
11,CS8->US48,51894,51894,0
11,CS8->US56,51112,51112,0
11,CS8->US64,41393,41393,0
11,CS8->US72,51304,51304,0
11,CS8->US80,56374,56374,0
11,CS8->US88,51084,51084,0
11,CS8->US96,50302,50302,0
11,CS8->US104,50974,50974,0
11,CS8->US112,56017,56017,0
11,CS8->US120,53535,53535,0
11,CS9->US1,50744,50744,0
11,CS9->US9,50376,50376,0
11,CS9->US17,50729,50729,0
11,CS9->US25,51565,51565,0
11,CS9->US33,41173,41173,0
11,CS9->US41,51498,51498,0
11,CS9->US49,51715,51715,0
11,CS9->US57,51419,51419,0
11,CS9->US65,41836,41836,0
11,CS9->US73,50873,50873,0
11,CS9->US81,56042,56042,0
11,CS9->US89,51120,51120,0
11,CS9->US97,50494,50494,0
11,CS9->US105,50953,50953,0
11,CS9->US113,56047,56047,0
11,CS9->US121,53851,53851,0
11,CS10->US2,51593,51593,0
11,CS10->US10,50583,50583,0
11,CS10->US18,50878,50878,0
11,CS10->US26,51888,51888,0
11,CS10->US34,41185,41185,0
11,CS10->US42,51269,51269,0
11,CS10->US50,51265,51265,0
11,CS10->US58,51202,51202,0
11,CS10->US66,41698,41698,0
11,CS10->US74,50928,50928,0
11,CS10->US82,56253,56253,0
11,CS10->US90,51018,51018,0
11,CS10->US98,50798,50798,0
11,CS10->US106,50529,50529,0
11,CS10->US114,56203,56203,0
11,CS10->US122,53646,53646,0
11,CS11->US3,51231,51231,0
11,CS11->US11,50487,50487,0
11,CS11->US19,50941,50941,0
11,CS11->US27,51713,51713,0
11,CS11->US35,40929,40927,0
11,CS11->US43,51626,51626,0
11,CS11->US51,51035,51035,0
11,CS11->US59,50961,50961,0
11,CS11->US67,41614,41613,0
11,CS11->US75,51214,51214,0
11,CS11->US83,55916,55916,0
11,CS11->US91,50832,50832,0
11,CS11->US99,50435,50435,0
11,CS11->US107,51090,51090,0
11,CS11->US115,56070,56070,0
11,CS11->US123,53481,53481,0
11,CS12->US4,51601,51601,0
11,CS12->US12,50428,50428,0
11,CS12->US20,50952,50952,0
11,CS12->US28,51049,51049,0
11,CS12->US36,41117,41117,0
11,CS12->US44,51734,51734,0
11,CS12->US52,51366,51366,0
11,CS12->US60,51224,51224,0
11,CS12->US68,41485,41485,0
11,CS12->US76,51281,51281,0
11,CS12->US84,55895,55895,0
11,CS12->US92,50914,50914,0
11,CS12->US100,50591,50591,0
11,CS12->US108,50813,50813,0
11,CS12->US116,56300,56300,0
11,CS12->US124,53089,53089,0
11,CS13->US5,51423,51423,0
11,CS13->US13,50746,50746,0
11,CS13->US21,50469,50469,0
11,CS13->US29,51348,51348,0
11,CS13->US37,41342,41341,0
11,CS13->US45,51619,51619,0
11,CS13->US53,51781,51781,0
11,CS13->US61,50692,50692,0
11,CS13->US69,41493,41490,0
11,CS13->US77,50847,50847,0
11,CS13->US85,56014,56014,0
11,CS13->US93,51306,51306,0
11,CS13->US101,50533,50533,0
11,CS13->US109,50899,50899,0
11,CS13->US117,56182,56182,0
11,CS13->US125,53658,53658,0
11,CS14->US6,51373,51373,0
11,CS14->US14,50695,50695,0
11,CS14->US22,50716,50716,0
11,CS14->US30,51418,51418,0
11,CS14->US38,41063,41062,0
11,CS14->US46,52015,52015,0
11,CS14->US54,51109,51109,0
11,CS14->US62,51410,51410,0
11,CS14->US70,41761,41761,0
11,CS14->US78,51238,51238,0
11,CS14->US86,55874,55874,0
11,CS14->US94,51053,51053,0
11,CS14->US102,50448,50448,0
11,CS14->US110,51057,51057,0
11,CS14->US118,56316,56316,0
11,CS14->US126,53530,53530,0
11,CS15->US7,51591,51591,0
11,CS15->US15,50934,50934,0
11,CS15->US23,51129,51129,0
11,CS15->US31,51316,51316,0
11,CS15->US39,41012,41011,0
11,CS15->US47,51340,51340,0
11,CS15->US55,51665,51665,0
11,CS15->US63,50546,50546,0
11,CS15->US71,41604,41604,0
11,CS15->US79,50901,50901,0
11,CS15->US87,55763,55763,0
11,CS15->US95,50815,50815,0
11,CS15->US103,50650,50650,0
11,CS15->US111,50427,50427,0
11,CS15->US119,56434,56434,0
11,CS15->US127,53545,53545,0
11,CS16->US0,51413,51413,0
11,CS16->US8,50959,50959,0
11,CS16->US16,50917,50917,0
11,CS16->US24,51436,51436,0
11,CS16->US32,40897,40897,0
11,CS16->US40,51639,51639,0
11,CS16->US48,51433,51433,0
11,CS16->US56,50802,50802,0
11,CS16->US64,41639,41638,0
11,CS16->US72,51237,51237,0
11,CS16->US80,55854,55854,0
11,CS16->US88,51222,51222,0
11,CS16->US96,50446,50446,0
11,CS16->US104,50820,50820,0
11,CS16->US112,55841,55841,0
11,CS16->US120,53407,53407,0
11,CS17->US1,51575,51575,0
11,CS17->US9,50660,50660,0
11,CS17->US17,50703,50703,0
11,CS17->US25,51082,51082,0
11,CS17->US33,41356,41355,0
11,CS17->US41,51854,51854,0
11,CS17->US49,51646,51646,0
11,CS17->US57,50783,50783,0
11,CS17->US65,42171,42170,0
11,CS17->US73,51188,51188,0
11,CS17->US81,55733,55733,0
11,CS17->US89,50739,50739,0
11,CS17->US97,50402,50402,0
11,CS17->US105,50755,50755,0
11,CS17->US113,55919,55919,0
11,CS17->US121,53565,53565,0
11,CS18->US2,51608,51608,0
11,CS18->US10,50916,50916,0
11,CS18->US18,50381,50381,0
11,CS18->US26,51300,51300,0
11,CS18->US34,40963,40963,0
11,CS18->US42,51354,51354,0
11,CS18->US50,51406,51406,0
11,CS18->US58,50612,50612,0
11,CS18->US66,42045,42044,0
11,CS18->US74,51005,51005,0
11,CS18->US82,55668,55668,0
11,CS18->US90,51001,51001,0
11,CS18->US98,50926,50926,0
11,CS18->US106,51086,51086,0
11,CS18->US114,55910,55910,0
11,CS18->US122,53560,53560,0
11,CS19->US3,51063,51063,0
11,CS19->US11,50451,50451,0
11,CS19->US19,51104,51104,0
11,CS19->US27,51751,51751,0
11,CS19->US35,41543,41543,0
11,CS19->US43,51564,51564,0
11,CS19->US51,51388,51388,0
11,CS19->US59,51063,51063,0
11,CS19->US67,41876,41876,0
11,CS19->US75,51433,51433,0
11,CS19->US83,55967,55967,0
11,CS19->US91,51338,51338,0
11,CS19->US99,50845,50845,0
11,CS19->US107,50673,50673,0
11,CS19->US115,56449,56449,0
11,CS19->US123,53140,53140,0
11,CS20->US4,51542,51542,0
11,CS20->US12,50341,50341,0
11,CS20->US20,50539,50539,0
11,CS20->US28,51271,51271,0
11,CS20->US36,41150,41149,0
11,CS20->US44,51737,51737,0
11,CS20->US52,51019,51019,0
11,CS20->US60,51357,51357,0
11,CS20->US68,41596,41596,0
11,CS20->US76,50905,50905,0
11,CS20->US84,56270,56270,0
11,CS20->US92,50712,50712,0
11,CS20->US100,50542,50542,0
11,CS20->US108,50852,50852,0
11,CS20->US116,56450,56450,0
11,CS20->US124,53465,53465,0
11,CS21->US5,51422,51422,0
11,CS21->US13,50167,50167,0
11,CS21->US21,50520,50520,0
11,CS21->US29,51137,51137,0
11,CS21->US37,41025,41024,0
11,CS21->US45,51697,51697,0
11,CS21->US53,51615,51615,0
11,CS21->US61,50692,50692,0
11,CS21->US69,41848,41847,0
11,CS21->US77,51163,51163,0
11,CS21->US85,56066,56066,0
11,CS21->US93,50703,50703,0
11,CS21->US101,50688,50688,0
11,CS21->US109,50672,50672,0
11,CS21->US117,56157,56157,0
11,CS21->US125,53655,53655,0
11,CS22->US6,51410,51410,0
11,CS22->US14,50422,50422,0
11,CS22->US22,50445,50445,0
11,CS22->US30,50683,50683,0
11,CS22->US38,41348,41348,0
11,CS22->US46,51549,51549,0
11,CS22->US54,51457,51457,0
11,CS22->US62,50878,50878,0
11,CS22->US70,41806,41806,0
11,CS22->US78,50961,50961,0
11,CS22->US86,56233,56233,0
11,CS22->US94,50643,50643,0
11,CS22->US102,51216,51216,0
11,CS22->US110,50768,50768,0
11,CS22->US118,56318,56318,0
11,CS22->US126,53306,53306,0
11,CS23->US7,51854,51854,0
11,CS23->US15,50558,50558,0
11,CS23->US23,50769,50769,0
11,CS23->US31,51513,51513,0
11,CS23->US39,41421,41421,0
11,CS23->US47,51670,51670,0
11,CS23->US55,51756,51756,0
11,CS23->US63,51243,51243,0
11,CS23->US71,41624,41624,0
11,CS23->US79,50662,50662,0
11,CS23->US87,56053,56053,0
11,CS23->US95,50765,50765,0
11,CS23->US103,50782,50782,0
11,CS23->US111,50662,50662,0
11,CS23->US119,56229,56229,0
11,CS23->US127,53717,53717,0
11,CS24->US0,51854,51854,0
11,CS24->US8,50878,50878,0
11,CS24->US16,50539,50539,0
11,CS24->US24,51354,51354,0
11,CS24->US32,41293,41292,0
11,CS24->US40,51621,51621,0
11,CS24->US48,51343,51343,0
11,CS24->US56,50456,50456,0
11,CS24->US64,41406,41406,0
11,CS24->US72,50841,50841,0
11,CS24->US80,56090,56090,0
11,CS24->US88,51102,51102,0
11,CS24->US96,50547,50547,0
11,CS24->US104,50748,50748,0
11,CS24->US112,56456,56456,0
11,CS24->US120,53715,53715,0
11,CS25->US1,51559,51559,0
11,CS25->US9,50698,50698,0
11,CS25->US17,50977,50977,0
11,CS25->US25,50937,50937,0
11,CS25->US33,41119,41118,0
11,CS25->US41,51391,51391,0
11,CS25->US49,51622,51622,0
11,CS25->US57,50794,50794,0
11,CS25->US65,41794,41794,0
11,CS25->US73,51059,51059,0
11,CS25->US81,56283,56283,0
11,CS25->US89,51120,51120,0
11,CS25->US97,50762,50762,0
11,CS25->US105,51086,51086,0
11,CS25->US113,56401,56401,0
11,CS25->US121,53781,53781,0
11,CS26->US2,51653,51653,0
11,CS26->US10,50696,50696,0
11,CS26->US18,51093,51093,0
11,CS26->US26,51112,51112,0
11,CS26->US34,41085,41085,0
11,CS26->US42,51511,51511,0
11,CS26->US50,51213,51213,0
11,CS26->US58,50926,50926,0
11,CS26->US66,40951,40950,0
11,CS26->US74,50974,50974,0
11,CS26->US82,55913,55913,0
11,CS26->US90,51370,51370,0
11,CS26->US98,50733,50733,0
11,CS26->US106,50663,50663,0
11,CS26->US114,56297,56297,0
11,CS26->US122,53695,53695,0
11,CS27->US3,51533,51533,0
11,CS27->US11,50426,50426,0
11,CS27->US19,50449,50449,0
11,CS27->US27,51353,51353,0
11,CS27->US35,40875,40875,0
11,CS27->US43,51511,51511,0
11,CS27->US51,51262,51262,0
11,CS27->US59,50839,50839,0
11,CS27->US67,41879,41878,0
11,CS27->US75,51002,51002,0
11,CS27->US83,56218,56218,0
11,CS27->US91,50987,50987,0
11,CS27->US99,50746,50746,0
11,CS27->US107,50883,50883,0
11,CS27->US115,56194,56194,0
11,CS27->US123,53598,53598,0
11,CS28->US4,51254,51254,0
11,CS28->US12,50608,50608,0
11,CS28->US20,50817,50817,0
11,CS28->US28,51242,51242,0
11,CS28->US36,41238,41237,0
11,CS28->US44,51835,51835,0
11,CS28->US52,51763,51763,0
11,CS28->US60,51084,51084,0
11,CS28->US68,42010,42009,0
11,CS28->US76,50957,50957,0
11,CS28->US84,56061,56061,0
11,CS28->US92,50925,50925,0
11,CS28->US100,51160,51160,0
11,CS28->US108,50525,50525,0
11,CS28->US116,55881,55881,0
11,CS28->US124,53481,53481,0
11,CS29->US5,51342,51342,0
11,CS29->US13,50534,50534,0
11,CS29->US21,50889,50889,0
11,CS29->US29,51624,51624,0
11,CS29->US37,40757,40757,0
11,CS29->US45,51639,51639,0
11,CS29->US53,51536,51536,0
11,CS29->US61,51403,51403,0
11,CS29->US69,41873,41873,0
11,CS29->US77,51161,51161,0
11,CS29->US85,55214,55214,0
11,CS29->US93,50948,50948,0
11,CS29->US101,50630,50630,0
11,CS29->US109,51029,51029,0
11,CS29->US117,56140,56140,0
11,CS29->US125,53436,53436,0
11,CS30->US6,51658,51658,0
11,CS30->US14,50432,50432,0
11,CS30->US22,50760,50760,0
11,CS30->US30,51303,51303,0
11,CS30->US38,41227,41226,0
11,CS30->US46,51827,51827,0
11,CS30->US54,51629,51629,0
11,CS30->US62,50784,50784,0
11,CS30->US70,41521,41521,0
11,CS30->US78,50850,50850,0
11,CS30->US86,56015,56015,0
11,CS30->US94,51026,51026,0
11,CS30->US102,50562,50562,0
11,CS30->US110,50785,50785,0
11,CS30->US118,56151,56151,0
11,CS30->US126,53904,53904,0
11,CS31->US7,51964,51964,0
11,CS31->US15,50746,50746,0
11,CS31->US23,50644,50644,0
11,CS31->US31,51076,51076,0
11,CS31->US39,41279,41279,0
11,CS31->US47,51377,51377,0
11,CS31->US55,51646,51646,0
11,CS31->US63,51324,51324,0
11,CS31->US71,41335,41335,0
11,CS31->US79,50698,50698,0
11,CS31->US87,56118,56118,0
11,CS31->US95,51068,51068,0
11,CS31->US103,51052,51052,0
11,CS31->US111,50679,50679,0
11,CS31->US119,56416,56416,0
11,CS31->US127,53497,53497,0
11,CS32->US0,51509,51509,0
11,CS32->US8,50316,50316,0
11,CS32->US16,50723,50723,0
11,CS32->US24,51242,51242,0
11,CS32->US32,40990,40989,0
11,CS32->US40,51390,51390,0
11,CS32->US48,51309,51309,0
11,CS32->US56,51202,51202,0
11,CS32->US64,41587,41587,0
11,CS32->US72,50819,50819,0
11,CS32->US80,56177,56177,0
11,CS32->US88,51119,51119,0
11,CS32->US96,50985,50985,0
11,CS32->US104,51014,51014,0
11,CS32->US112,56613,56613,0
11,CS32->US120,53535,53535,0
11,CS33->US1,51450,51450,0
11,CS33->US9,50774,50774,0
11,CS33->US17,50784,50784,0
11,CS33->US25,51086,51086,0
11,CS33->US33,41081,41080,0
11,CS33->US41,51653,51653,0
11,CS33->US49,51627,51627,0
11,CS33->US57,50742,50742,0
11,CS33->US65,41783,41781,0
11,CS33->US73,51086,51086,0
11,CS33->US81,56021,56021,0
11,CS33->US89,51294,51294,0
11,CS33->US97,50523,50523,0
11,CS33->US105,51298,51298,0
11,CS33->US113,55979,55979,0
11,CS33->US121,53663,53663,0
11,CS34->US2,51171,51171,0
11,CS34->US10,50635,50635,0
11,CS34->US18,50499,50499,0
11,CS34->US26,51481,51481,0
11,CS34->US34,41166,41165,0
11,CS34->US42,51960,51960,0
11,CS34->US50,51503,51503,0
11,CS34->US58,51285,51285,0
11,CS34->US66,41618,41618,0
11,CS34->US74,50957,50957,0
11,CS34->US82,55335,55335,0
11,CS34->US90,50819,50819,0
11,CS34->US98,50873,50873,0
11,CS34->US106,50778,50778,0
11,CS34->US114,56263,56263,0
11,CS34->US122,53398,53398,0
11,CS35->US3,51634,51634,0
11,CS35->US11,50686,50686,0
11,CS35->US19,50426,50426,0
11,CS35->US27,50919,50919,0
11,CS35->US35,41153,41151,0
11,CS35->US43,51668,51668,0
11,CS35->US51,51478,51478,0
11,CS35->US59,50938,50938,0
11,CS35->US67,41489,41489,0
11,CS35->US75,51226,51226,0
11,CS35->US83,55989,55989,0
11,CS35->US91,50964,50964,0
11,CS35->US99,50525,50525,0
11,CS35->US107,50428,50428,0
11,CS35->US115,56179,56179,0
11,CS35->US123,53347,53347,0
11,CS36->US4,51571,51571,0
11,CS36->US12,50643,50643,0
11,CS36->US20,51019,51019,0
11,CS36->US28,51277,51277,0
11,CS36->US36,41295,41294,0
11,CS36->US44,52143,52143,0
11,CS36->US52,51588,51588,0
11,CS36->US60,50818,50818,0
11,CS36->US68,41667,41667,0
11,CS36->US76,51185,51185,0
11,CS36->US84,55838,55838,0
11,CS36->US92,51009,51009,0
11,CS36->US100,50689,50689,0
11,CS36->US108,50840,50840,0
11,CS36->US116,56047,56047,0
11,CS36->US124,53471,53471,0
11,CS37->US5,51701,51701,0
11,CS37->US13,51024,51024,0
11,CS37->US21,50803,50803,0
11,CS37->US29,51026,51026,0
11,CS37->US37,41308,41307,0
11,CS37->US45,52096,52096,0
11,CS37->US53,51044,51044,0
11,CS37->US61,51283,51283,0
11,CS37->US69,41592,41592,0
11,CS37->US77,51100,51100,0
11,CS37->US85,55959,55959,0
11,CS37->US93,50745,50745,0
11,CS37->US101,50618,50618,0
11,CS37->US109,50629,50629,0
11,CS37->US117,56268,56268,0
11,CS37->US125,53528,53528,0
11,CS38->US6,51589,51589,0
11,CS38->US14,50758,50758,0
11,CS38->US22,50711,50711,0
11,CS38->US30,51044,51044,0
11,CS38->US38,41110,41109,0
11,CS38->US46,51499,51499,0
11,CS38->US54,51556,51556,0
11,CS38->US62,51018,51018,0
11,CS38->US70,41621,41621,0
11,CS38->US78,51396,51396,0
11,CS38->US86,55904,55904,0
11,CS38->US94,51141,51141,0
11,CS38->US102,50837,50837,0
11,CS38->US110,50863,50863,0
11,CS38->US118,56493,56493,0
11,CS38->US126,53811,53811,0
11,CS39->US7,51539,51539,0
11,CS39->US15,50951,50951,0
11,CS39->US23,50768,50768,0
11,CS39->US31,51185,51185,0
11,CS39->US39,40971,40970,0
11,CS39->US47,51569,51569,0
11,CS39->US55,51610,51610,0
11,CS39->US63,50694,50694,0
11,CS39->US71,41604,41604,0
11,CS39->US79,51270,51270,0
11,CS39->US87,55979,55979,0
11,CS39->US95,51169,51169,0
11,CS39->US103,50475,50475,0
11,CS39->US111,50507,50507,0
11,CS39->US119,56419,56419,0
11,CS39->US127,53668,53668,0
11,CS40->US0,51424,51424,0
11,CS40->US8,50531,50531,0
11,CS40->US16,50753,50753,0
11,CS40->US24,51378,51378,0
11,CS40->US32,41203,41203,0
11,CS40->US40,51603,51603,0
11,CS40->US48,50950,50950,0
11,CS40->US56,50448,50448,0
11,CS40->US64,41530,41529,0
11,CS40->US72,51238,51238,0
11,CS40->US80,55336,55336,0
11,CS40->US88,50991,50991,0
11,CS40->US96,50664,50664,0
11,CS40->US104,50520,50520,0
11,CS40->US112,56107,56107,0
11,CS40->US120,53422,53422,0
11,CS41->US1,51617,51617,0
11,CS41->US9,50497,50497,0
11,CS41->US17,50912,50912,0
11,CS41->US25,51193,51193,0
11,CS41->US33,41082,41082,0
11,CS41->US41,51726,51726,0
11,CS41->US49,51809,51809,0
11,CS41->US57,51044,51044,0
11,CS41->US65,41741,41740,0
11,CS41->US73,51109,51109,0
11,CS41->US81,56168,56168,0
11,CS41->US89,51190,51190,0
11,CS41->US97,50684,50684,0
11,CS41->US105,51013,51013,0
11,CS41->US113,55992,55992,0
11,CS41->US121,53591,53591,0
11,CS42->US2,51401,51401,0
11,CS42->US10,50670,50670,0
11,CS42->US18,50637,50637,0
11,CS42->US26,51283,51283,0
11,CS42->US34,40991,40990,0
11,CS42->US42,51483,51483,0
11,CS42->US50,51786,51786,0
11,CS42->US58,51208,51208,0
11,CS42->US66,41467,41466,0
11,CS42->US74,51444,51444,0
11,CS42->US82,56024,56024,0
11,CS42->US90,50957,50957,0
11,CS42->US98,50952,50952,0
11,CS42->US106,50759,50759,0
11,CS42->US114,56132,56132,0
11,CS42->US122,53691,53691,0
11,CS43->US3,51210,51210,0
11,CS43->US11,50813,50813,0
11,CS43->US19,50533,50533,0
11,CS43->US27,51067,51067,0
11,CS43->US35,41173,41173,0
11,CS43->US43,51340,51340,0
11,CS43->US51,51345,51345,0
11,CS43->US59,50692,50692,0
11,CS43->US67,41791,41790,0
11,CS43->US75,51015,51015,0
11,CS43->US83,55951,55951,0
11,CS43->US91,50648,50648,0
11,CS43->US99,50876,50876,0
11,CS43->US107,50835,50835,0
11,CS43->US115,56117,56117,0
11,CS43->US123,53738,53738,0
11,CS44->US4,51164,51164,0
11,CS44->US12,50375,50375,0
11,CS44->US20,50450,50450,0
11,CS44->US28,51195,51195,0
11,CS44->US36,40960,40960,0
11,CS44->US44,51776,51776,0
11,CS44->US52,51650,51650,0
11,CS44->US60,51017,51017,0
11,CS44->US68,41758,41757,0
11,CS44->US76,50848,50848,0
11,CS44->US84,56530,56530,0
11,CS44->US92,51098,51098,0
11,CS44->US100,50931,50931,0
11,CS44->US108,50627,50627,0
11,CS44->US116,56314,56314,0
11,CS44->US124,53175,53175,0
11,CS45->US5,51215,51215,0
11,CS45->US13,50479,50479,0
11,CS45->US21,50782,50782,0
11,CS45->US29,51426,51426,0
11,CS45->US37,41258,41257,0
11,CS45->US45,51871,51871,0
11,CS45->US53,51616,51616,0
11,CS45->US61,51001,51001,0
11,CS45->US69,41984,41982,0
11,CS45->US77,50730,50730,0
11,CS45->US85,56075,56075,0
11,CS45->US93,50971,50971,0
11,CS45->US101,50672,50672,0
11,CS45->US109,50758,50758,0
11,CS45->US117,55802,55802,0
11,CS45->US125,53519,53519,0
11,CS46->US6,51068,51068,0
11,CS46->US14,50893,50893,0
11,CS46->US22,50751,50751,0
11,CS46->US30,51037,51037,0
11,CS46->US38,41387,41387,0
11,CS46->US46,51754,51754,0
11,CS46->US54,51808,51808,0
11,CS46->US62,50953,50953,0
11,CS46->US70,41917,41917,0
11,CS46->US78,51040,51040,0
11,CS46->US86,56104,56104,0
11,CS46->US94,50603,50603,0
11,CS46->US102,50880,50880,0
11,CS46->US110,50469,50469,0
11,CS46->US118,55667,55667,0
11,CS46->US126,53769,53769,0
11,CS47->US7,51450,51450,0
11,CS47->US15,50604,50604,0
11,CS47->US23,50372,50372,0
11,CS47->US31,51266,51266,0
11,CS47->US39,40944,40944,0
11,CS47->US47,51409,51409,0
11,CS47->US55,51329,51329,0
11,CS47->US63,51256,51256,0
11,CS47->US71,41346,41346,0
11,CS47->US79,50756,50756,0
11,CS47->US87,56368,56368,0
11,CS47->US95,50856,50856,0
11,CS47->US103,50637,50637,0
11,CS47->US111,50677,50677,0
11,CS47->US119,56248,56248,0
11,CS47->US127,53332,53332,0
11,CS48->US0,51879,51879,0
11,CS48->US8,50439,50439,0
11,CS48->US16,50504,50504,0
11,CS48->US24,51463,51463,0
11,CS48->US32,41213,41213,0
11,CS48->US40,51382,51382,0
11,CS48->US48,51938,51938,0
11,CS48->US56,51118,51118,0
11,CS48->US64,41985,41985,0
11,CS48->US72,50698,50698,0
11,CS48->US80,55638,55638,0
11,CS48->US88,50935,50935,0
11,CS48->US96,50615,50615,0
11,CS48->US104,51050,51050,0
11,CS48->US112,56197,56197,0
11,CS48->US120,53455,53455,0
11,CS49->US1,51573,51573,0
11,CS49->US9,50325,50325,0
11,CS49->US17,50965,50965,0
11,CS49->US25,51186,51186,0
11,CS49->US33,41311,41310,0
11,CS49->US41,52122,52122,0
11,CS49->US49,51823,51823,0
11,CS49->US57,51149,51149,0
11,CS49->US65,41919,41918,0
11,CS49->US73,51196,51196,0
11,CS49->US81,56163,56163,0
11,CS49->US89,51192,51192,0
11,CS49->US97,50641,50641,0
11,CS49->US105,50848,50848,0
11,CS49->US113,56032,56032,0
11,CS49->US121,53038,53038,0
11,CS50->US2,51449,51449,0
11,CS50->US10,50715,50715,0
11,CS50->US18,50630,50630,0
11,CS50->US26,51172,51172,0
11,CS50->US34,41121,41121,0
11,CS50->US42,51253,51253,0
11,CS50->US50,51516,51516,0
11,CS50->US58,50544,50544,0
11,CS50->US66,41798,41797,0
11,CS50->US74,51058,51058,0
11,CS50->US82,55989,55989,0
11,CS50->US90,51366,51366,0
11,CS50->US98,50649,50649,0
11,CS50->US106,50690,50690,0
11,CS50->US114,56236,56236,0
11,CS50->US122,53716,53716,0
11,CS51->US3,51457,51457,0
11,CS51->US11,50455,50455,0
11,CS51->US19,50986,50986,0
11,CS51->US27,51075,51075,0
11,CS51->US35,40952,40951,0
11,CS51->US43,51512,51512,0
11,CS51->US51,51581,51581,0
11,CS51->US59,51031,51031,0
11,CS51->US67,42235,42235,0
11,CS51->US75,51227,51227,0
11,CS51->US83,56326,56326,0
11,CS51->US91,50744,50744,0
11,CS51->US99,51038,51038,0
11,CS51->US107,50765,50765,0
11,CS51->US115,56395,56395,0
11,CS51->US123,53856,53856,0
11,CS52->US4,51305,51305,0
11,CS52->US12,50480,50480,0
11,CS52->US20,50777,50777,0
11,CS52->US28,51319,51319,0
11,CS52->US36,41216,41216,0
11,CS52->US44,51641,51641,0
11,CS52->US52,50890,50890,0
11,CS52->US60,51070,51070,0
11,CS52->US68,41970,41970,0
11,CS52->US76,50697,50697,0
11,CS52->US84,55995,55995,0
11,CS52->US92,51516,51516,0
11,CS52->US100,50786,50786,0
11,CS52->US108,50870,50870,0
11,CS52->US116,56382,56382,0
11,CS52->US124,53607,53607,0
11,CS53->US5,51515,51515,0
11,CS53->US13,50619,50619,0
11,CS53->US21,50958,50958,0
11,CS53->US29,50831,50831,0
11,CS53->US37,41043,41043,0
11,CS53->US45,51461,51461,0
11,CS53->US53,51397,51397,0
11,CS53->US61,51125,51125,0
11,CS53->US69,41592,41591,0
11,CS53->US77,51270,51270,0
11,CS53->US85,55882,55882,0
11,CS53->US93,51128,51128,0
11,CS53->US101,50685,50685,0
11,CS53->US109,50635,50635,0
11,CS53->US117,56539,56539,0
11,CS53->US125,53715,53715,0
11,CS54->US6,51648,51648,0
11,CS54->US14,50626,50626,0
11,CS54->US22,50789,50789,0
11,CS54->US30,51104,51104,0
11,CS54->US38,41379,41379,0
11,CS54->US46,51510,51510,0
11,CS54->US54,51808,51808,0
11,CS54->US62,51047,51047,0
11,CS54->US70,41769,41769,0
11,CS54->US78,51287,51287,0
11,CS54->US86,56177,56177,0
11,CS54->US94,50921,50921,0
11,CS54->US102,50663,50663,0
11,CS54->US110,51043,51043,0
11,CS54->US118,56257,56257,0
11,CS54->US126,53801,53801,0
11,CS55->US7,51686,51686,0
11,CS55->US15,51271,51271,0
11,CS55->US23,50776,50776,0
11,CS55->US31,51436,51436,0
11,CS55->US39,40771,40770,0
11,CS55->US47,51546,51546,0
11,CS55->US55,51829,51829,0
11,CS55->US63,50739,50739,0
11,CS55->US71,41796,41796,0
11,CS55->US79,50937,50937,0
11,CS55->US87,55818,55818,0
11,CS55->US95,51251,51251,0
11,CS55->US103,50826,50826,0
11,CS55->US111,50841,50841,0
11,CS55->US119,56261,56261,0
11,CS55->US127,53622,53622,0
11,CS56->US0,51553,51553,0
11,CS56->US8,50691,50691,0
11,CS56->US16,51180,51180,0
11,CS56->US24,51491,51491,0
11,CS56->US32,41402,41402,0
11,CS56->US40,51774,51774,0
11,CS56->US48,51047,51047,0
11,CS56->US56,51238,51238,0
11,CS56->US64,41723,41723,0
11,CS56->US72,51223,51223,0
11,CS56->US80,56410,56410,0
11,CS56->US88,50826,50826,0
11,CS56->US96,50970,50970,0
11,CS56->US104,50965,50965,0
11,CS56->US112,56233,56233,0
11,CS56->US120,53550,53550,0
11,CS57->US1,51379,51379,0
11,CS57->US9,51013,51013,0
11,CS57->US17,50588,50588,0
11,CS57->US25,51267,51267,0
11,CS57->US33,41339,41339,0
11,CS57->US41,51731,51731,0
11,CS57->US49,51744,51744,0
11,CS57->US57,50838,50838,0
11,CS57->US65,41931,41931,0
11,CS57->US73,50989,50989,0
11,CS57->US81,55799,55799,0
11,CS57->US89,51027,51027,0
11,CS57->US97,50945,50945,0
11,CS57->US105,50944,50944,0
11,CS57->US113,55904,55904,0
11,CS57->US121,53509,53509,0
11,CS58->US2,51826,51826,0
11,CS58->US10,50717,50717,0
11,CS58->US18,50651,50651,0
11,CS58->US26,51012,51012,0
11,CS58->US34,41074,41074,0
11,CS58->US42,51677,51677,0
11,CS58->US50,51822,51822,0
11,CS58->US58,50634,50634,0
11,CS58->US66,41572,41572,0
11,CS58->US74,51076,51076,0
11,CS58->US82,55832,55832,0
11,CS58->US90,51261,51261,0
11,CS58->US98,50887,50887,0
11,CS58->US106,50886,50886,0
11,CS58->US114,55947,55947,0
11,CS58->US122,53562,53562,0
11,CS59->US3,51501,51501,0
11,CS59->US11,50717,50717,0
11,CS59->US19,50581,50581,0
11,CS59->US27,51286,51286,0
11,CS59->US35,40902,40901,0
11,CS59->US43,51937,51937,0
11,CS59->US51,51220,51220,0
11,CS59->US59,50810,50810,0
11,CS59->US67,41720,41719,0
11,CS59->US75,50783,50783,0
11,CS59->US83,56138,56138,0
11,CS59->US91,50883,50883,0
11,CS59->US99,50481,50481,0
11,CS59->US107,51236,51236,0
11,CS59->US115,56372,56372,0
11,CS59->US123,53690,53690,0
11,CS60->US4,51199,51199,0
11,CS60->US12,50376,50376,0
11,CS60->US20,50436,50436,0
11,CS60->US28,51398,51398,0
11,CS60->US36,41196,41196,0
11,CS60->US44,51437,51437,0
11,CS60->US52,51069,51069,0
11,CS60->US60,51221,51221,0
11,CS60->US68,41370,41370,0
11,CS60->US76,50769,50769,0
11,CS60->US84,55711,55711,0
11,CS60->US92,50901,50901,0
11,CS60->US100,50723,50723,0
11,CS60->US108,50512,50512,0
11,CS60->US116,55964,55964,0
11,CS60->US124,53405,53405,0
11,CS61->US5,51854,51854,0
11,CS61->US13,50528,50528,0
11,CS61->US21,51051,51051,0
11,CS61->US29,51446,51446,0
11,CS61->US37,40904,40904,0
11,CS61->US45,51908,51908,0
11,CS61->US53,51270,51270,0
11,CS61->US61,50982,50982,0
11,CS61->US69,41661,41659,0
11,CS61->US77,51399,51399,0
11,CS61->US85,55855,55855,0
11,CS61->US93,51285,51285,0
11,CS61->US101,50667,50667,0
11,CS61->US109,50831,50831,0
11,CS61->US117,56439,56439,0
11,CS61->US125,53903,53903,0
11,CS62->US6,51407,51407,0
11,CS62->US14,50449,50449,0
11,CS62->US22,50954,50954,0
11,CS62->US30,51081,51081,0
11,CS62->US38,40828,40828,0
11,CS62->US46,52151,52151,0
11,CS62->US54,51807,51807,0
11,CS62->US62,50905,50905,0
11,CS62->US70,41730,41730,0
11,CS62->US78,51142,51142,0
11,CS62->US86,56078,56078,0
11,CS62->US94,50583,50583,0
11,CS62->US102,50965,50965,0
11,CS62->US110,50954,50954,0
11,CS62->US118,56005,56005,0
11,CS62->US126,53635,53635,0
11,CS63->US7,50942,50942,0
11,CS63->US15,50204,50204,0
11,CS63->US23,50966,50966,0
11,CS63->US31,50983,50983,0
11,CS63->US39,41337,41336,0
11,CS63->US47,51700,51700,0
11,CS63->US55,51380,51380,0
11,CS63->US63,50617,50617,0
11,CS63->US71,41704,41704,0
11,CS63->US79,51071,51071,0
11,CS63->US87,55729,55729,0
11,CS63->US95,50999,50999,0
11,CS63->US103,50530,50530,0
11,CS63->US111,50975,50975,0
11,CS63->US119,56392,56392,0
11,CS63->US127,53954,53954,0
12,US0->CS0,51659,51659,0
12,US0->CS8,52195,52195,0
12,US0->CS16,51692,51692,0
12,US0->CS24,51648,51648,0
12,US0->CS32,51590,51590,0
12,US0->CS40,51249,51249,0
12,US0->CS48,52232,52232,0
12,US0->CS56,51306,51306,0
12,US1->CS1,51796,51796,0
12,US1->CS9,52001,52001,0
12,US1->CS17,51932,51932,0
12,US1->CS25,51894,51894,0
12,US1->CS33,51886,51886,0
12,US1->CS41,52088,52088,0
12,US1->CS49,52088,52088,0
12,US1->CS57,51971,51971,0
12,US2->CS2,51757,51757,0
12,US2->CS10,51566,51566,0
12,US2->CS18,51634,51634,0
12,US2->CS26,51500,51500,0
12,US2->CS34,51807,51807,0
12,US2->CS42,52053,52053,0
12,US2->CS50,51833,51833,0
12,US2->CS58,52113,52113,0
12,US3->CS3,51375,51375,0
12,US3->CS11,51293,51293,0
12,US3->CS19,51683,51683,0
12,US3->CS27,51523,51523,0
12,US3->CS35,51785,51785,0
12,US3->CS43,51628,51628,0
12,US3->CS51,51861,51861,0
12,US3->CS59,51496,51496,0
12,US4->CS4,51604,51604,0
12,US4->CS12,51667,51667,0
12,US4->CS20,51276,51276,0
12,US4->CS28,52018,52018,0
12,US4->CS36,51918,51918,0
12,US4->CS44,51936,51936,0
12,US4->CS52,51194,51194,0
12,US4->CS60,51339,51339,0
12,US5->CS5,51433,51433,0
12,US5->CS13,52005,52005,0
12,US5->CS21,51918,51918,0
12,US5->CS29,51804,51804,0
12,US5->CS37,51326,51326,0
12,US5->CS45,51900,51900,0
12,US5->CS53,51640,51640,0
12,US5->CS61,51572,51572,0
12,US6->CS6,51772,51772,0
12,US6->CS14,51392,51392,0
12,US6->CS22,51710,51710,0
12,US6->CS30,51895,51895,0
12,US6->CS38,51848,51848,0
12,US6->CS46,52083,52083,0
12,US6->CS54,52042,52042,0
12,US6->CS62,52069,52069,0
12,US7->CS7,51949,51949,0
12,US7->CS15,51977,51977,0
12,US7->CS23,52042,52042,0
12,US7->CS31,51961,51961,0
12,US7->CS39,51898,51898,0
12,US7->CS47,51638,51638,0
12,US7->CS55,52113,52113,0
12,US7->CS63,51653,51653,0
12,US8->CS0,55985,55985,0
12,US8->CS8,56406,56406,0
12,US8->CS16,55946,55946,0
12,US8->CS24,56198,56198,0
12,US8->CS32,56229,56229,0
12,US8->CS40,55368,55368,0
12,US8->CS48,55680,55680,0
12,US8->CS56,56496,56496,0
12,US9->CS1,56247,56247,0
12,US9->CS9,56179,56179,0
12,US9->CS17,55811,55811,0
12,US9->CS25,56230,56230,0
12,US9->CS33,56133,56133,0
12,US9->CS41,56176,56176,0
12,US9->CS49,56164,56164,0
12,US9->CS57,55841,55841,0
12,US10->CS2,55952,55952,0
12,US10->CS10,56297,56297,0
12,US10->CS18,55700,55700,0
12,US10->CS26,55971,55971,0
12,US10->CS34,55400,55400,0
12,US10->CS42,56094,56094,0
12,US10->CS50,56084,56084,0
12,US10->CS58,55842,55842,0
12,US11->CS3,55781,55781,0
12,US11->CS11,55960,55960,0
12,US11->CS19,56060,56060,0
12,US11->CS27,56248,56248,0
12,US11->CS35,56024,56024,0
12,US11->CS43,56000,56000,0
12,US11->CS51,56394,56394,0
12,US11->CS59,56167,56167,0
12,US12->CS4,56156,56156,0
12,US12->CS12,55963,55963,0
12,US12->CS20,56353,56353,0
12,US12->CS28,56152,56152,0
12,US12->CS36,55937,55937,0
12,US12->CS44,56559,56559,0
12,US12->CS52,56042,56042,0
12,US12->CS60,55781,55781,0
12,US13->CS5,56168,56168,0
12,US13->CS13,56039,56039,0
12,US13->CS21,56003,56003,0
12,US13->CS29,55247,55247,0
12,US13->CS37,55970,55970,0
12,US13->CS45,56142,56142,0
12,US13->CS53,55932,55932,0
12,US13->CS61,55867,55867,0
12,US14->CS6,55906,55906,0
12,US14->CS14,55915,55915,0
12,US14->CS22,56201,56201,0
12,US14->CS30,56104,56104,0
12,US14->CS38,55905,55905,0
12,US14->CS46,56115,56115,0
12,US14->CS54,56180,56180,0
12,US14->CS62,56169,56169,0
12,US15->CS7,56200,56200,0
12,US15->CS15,55811,55811,0
12,US15->CS23,56129,56129,0
12,US15->CS31,56152,56152,0
12,US15->CS39,55973,55973,0
12,US15->CS47,56397,56397,0
12,US15->CS55,55852,55852,0
12,US15->CS63,55723,55723,0
12,US16->CS0,53626,53626,0
12,US16->CS8,53648,53648,0
12,US16->CS16,53574,53574,0
12,US16->CS24,53807,53807,0
12,US16->CS32,53627,53627,0
12,US16->CS40,53505,53505,0
12,US16->CS48,53495,53495,0
12,US16->CS56,53587,53587,0
12,US17->CS1,53636,53636,0
12,US17->CS9,53883,53883,0
12,US17->CS17,53596,53596,0
12,US17->CS25,53853,53853,0
12,US17->CS33,53716,53716,0
12,US17->CS41,53630,53630,0
12,US17->CS49,53105,53105,0
12,US17->CS57,53682,53682,0
12,US18->CS2,53802,53802,0
12,US18->CS10,53743,53743,0
12,US18->CS18,53609,53609,0
12,US18->CS26,53765,53765,0
12,US18->CS34,53474,53474,0
12,US18->CS42,53754,53754,0
12,US18->CS50,53799,53799,0
12,US18->CS58,53616,53616,0
12,US19->CS3,53620,53620,0
12,US19->CS11,53504,53504,0
12,US19->CS19,53206,53206,0
12,US19->CS27,53602,53602,0
12,US19->CS35,53353,53353,0
12,US19->CS43,53842,53842,0
12,US19->CS51,53887,53887,0
12,US19->CS59,53749,53749,0
12,US20->CS4,53737,53737,0
12,US20->CS12,53186,53186,0
12,US20->CS20,53526,53526,0
12,US20->CS28,53547,53547,0
12,US20->CS36,53570,53570,0
12,US20->CS44,53239,53239,0
12,US20->CS52,53687,53687,0
12,US20->CS60,53504,53504,0
12,US21->CS5,54029,54029,0
12,US21->CS13,53772,53772,0
12,US21->CS21,53708,53708,0
12,US21->CS29,53507,53507,0
12,US21->CS37,53568,53568,0
12,US21->CS45,53599,53599,0
12,US21->CS53,53738,53738,0
12,US21->CS61,54086,54086,0
12,US22->CS6,53335,53335,0
12,US22->CS14,53606,53606,0
12,US22->CS22,53337,53337,0
12,US22->CS30,54002,54002,0
12,US22->CS38,53908,53908,0
12,US22->CS46,53793,53793,0
12,US22->CS54,53851,53851,0
12,US22->CS62,53649,53649,0
12,US23->CS7,53569,53569,0
12,US23->CS15,53591,53591,0
12,US23->CS23,53764,53764,0
12,US23->CS31,53559,53559,0
12,US23->CS39,53794,53794,0
12,US23->CS47,53410,53410,0
12,US23->CS55,53699,53699,0
12,US23->CS63,53982,53982,0
12,US24->CS0,51299,51299,0
12,US24->CS8,51058,51058,0
12,US24->CS16,50704,50704,0
12,US24->CS24,50360,50360,0
12,US24->CS32,51127,51127,0
12,US24->CS40,50399,50399,0
12,US24->CS48,50987,50987,0
12,US24->CS56,51151,51151,0
12,US25->CS1,50600,50600,0
12,US25->CS9,51324,51324,0
12,US25->CS17,50779,50779,0
12,US25->CS25,50723,50723,0
12,US25->CS33,50624,50624,0
12,US25->CS41,51041,51041,0
12,US25->CS49,50974,50974,0
12,US25->CS57,50793,50793,0
12,US26->CS2,50863,50863,0
12,US26->CS10,51086,51086,0
12,US26->CS18,50514,50514,0
12,US26->CS26,50893,50893,0
12,US26->CS34,51133,51133,0
12,US26->CS42,51117,51117,0
12,US26->CS50,50492,50492,0
12,US26->CS58,50546,50546,0
12,US27->CS3,50613,50613,0
12,US27->CS11,50885,50885,0
12,US27->CS19,50962,50962,0
12,US27->CS27,50739,50739,0
12,US27->CS35,50900,50900,0
12,US27->CS43,50618,50618,0
12,US27->CS51,50937,50937,0
12,US27->CS59,50703,50703,0
12,US28->CS4,50787,50787,0
12,US28->CS12,51170,51170,0
12,US28->CS20,51384,51384,0
12,US28->CS28,51024,51024,0
12,US28->CS36,50733,50733,0
12,US28->CS44,50973,50973,0
12,US28->CS52,50931,50931,0
12,US28->CS60,51123,51123,0
12,US29->CS5,50773,50773,0
12,US29->CS13,50623,50623,0
12,US29->CS21,50685,50685,0
12,US29->CS29,51263,51263,0
12,US29->CS37,51246,51246,0
12,US29->CS45,50880,50880,0
12,US29->CS53,51007,51007,0
12,US29->CS61,50897,50897,0
12,US30->CS6,50785,50785,0
12,US30->CS14,51387,51387,0
12,US30->CS22,50802,50802,0
12,US30->CS30,50706,50706,0
12,US30->CS38,50957,50957,0
12,US30->CS46,50884,50884,0
12,US30->CS54,50972,50972,0
12,US30->CS62,50827,50827,0
12,US31->CS7,50409,50409,0
12,US31->CS15,50493,50493,0
12,US31->CS23,51247,51247,0
12,US31->CS31,51281,51281,0
12,US31->CS39,50659,50659,0
12,US31->CS47,51203,51203,0
12,US31->CS55,50663,50663,0
12,US31->CS63,50543,50543,0
12,US32->CS0,51718,51718,0
12,US32->CS8,51023,51023,0
12,US32->CS16,50952,50952,0
12,US32->CS24,50962,50962,0
12,US32->CS32,51078,51078,0
12,US32->CS40,51115,51115,0
12,US32->CS48,51698,51698,0
12,US32->CS56,51295,51295,0
12,US33->CS1,51096,51096,0
12,US33->CS9,51559,51559,0
12,US33->CS17,51805,51805,0
12,US33->CS25,51495,51495,0
12,US33->CS33,51299,51299,0
12,US33->CS41,51268,51268,0
12,US33->CS49,51614,51614,0
12,US33->CS57,51546,51546,0
12,US34->CS2,51232,51232,0
12,US34->CS10,51315,51315,0
12,US34->CS18,51721,51721,0
12,US34->CS26,50672,50672,0
12,US34->CS34,51335,51335,0
12,US34->CS42,51148,51148,0
12,US34->CS50,51291,51291,0
12,US34->CS58,51184,51184,0
12,US35->CS3,51399,51399,0
12,US35->CS11,51272,51272,0
12,US35->CS19,51432,51432,0
12,US35->CS27,51501,51501,0
12,US35->CS35,51092,51092,0
12,US35->CS43,51276,51276,0
12,US35->CS51,51928,51928,0
12,US35->CS59,51392,51392,0
12,US36->CS4,51300,51300,0
12,US36->CS12,51236,51236,0
12,US36->CS20,51128,51128,0
12,US36->CS28,51556,51556,0
12,US36->CS36,51210,51210,0
12,US36->CS44,51262,51262,0
12,US36->CS52,51622,51622,0
12,US36->CS60,50983,50983,0
12,US37->CS5,51463,51463,0
12,US37->CS13,51108,51108,0
12,US37->CS21,51298,51298,0
12,US37->CS29,51606,51606,0
12,US37->CS37,51106,51106,0
12,US37->CS45,51360,51360,0
12,US37->CS53,51148,51148,0
12,US37->CS61,51105,51105,0
12,US38->CS6,51315,51315,0
12,US38->CS14,51405,51405,0
12,US38->CS22,51317,51317,0
12,US38->CS30,51336,51336,0
12,US38->CS38,51045,51045,0
12,US38->CS46,51787,51787,0
12,US38->CS54,51412,51412,0
12,US38->CS62,51461,51461,0
12,US39->CS7,51305,51305,0
12,US39->CS15,51271,51271,0
12,US39->CS23,51316,51316,0
12,US39->CS31,50973,50973,0
12,US39->CS39,51277,51277,0
12,US39->CS47,51064,51064,0
12,US39->CS55,51476,51476,0
12,US39->CS63,51246,51246,0
12,US40->CS0,56478,56478,0
12,US40->CS8,55941,55941,0
12,US40->CS16,55820,55820,0
12,US40->CS24,56437,56437,0
12,US40->CS32,56484,56484,0
12,US40->CS40,56041,56041,0
12,US40->CS48,56165,56165,0
12,US40->CS56,56228,56228,0
12,US41->CS1,55697,55697,0
12,US41->CS9,55991,55991,0
12,US41->CS17,55868,55868,0
12,US41->CS25,56388,56388,0
12,US41->CS33,56005,56005,0
12,US41->CS41,55897,55897,0
12,US41->CS49,56020,56020,0
12,US41->CS57,55911,55911,0
12,US42->CS2,56572,56572,0
12,US42->CS10,56125,56125,0
12,US42->CS18,55903,55903,0
12,US42->CS26,56252,56252,0
12,US42->CS34,56164,56164,0
12,US42->CS42,56081,56081,0
12,US42->CS50,56169,56169,0
12,US42->CS58,55858,55858,0
12,US43->CS3,56221,56221,0
12,US43->CS11,56036,56036,0
12,US43->CS19,56342,56342,0
12,US43->CS27,56164,56164,0
12,US43->CS35,56081,56081,0
12,US43->CS43,56070,56070,0
12,US43->CS51,56330,56330,0
12,US43->CS59,56368,56368,0
12,US44->CS4,56019,56019,0
12,US44->CS12,56220,56220,0
12,US44->CS20,56408,56408,0
12,US44->CS28,55847,55847,0
12,US44->CS36,55928,55928,0
12,US44->CS44,56308,56308,0
12,US44->CS52,56322,56322,0
12,US44->CS60,55921,55921,0
12,US45->CS5,56058,56058,0
12,US45->CS13,56161,56161,0
12,US45->CS21,56053,56053,0
12,US45->CS29,56150,56150,0
12,US45->CS37,56198,56198,0
12,US45->CS45,55782,55782,0
12,US45->CS53,56548,56548,0
12,US45->CS61,56427,56427,0
12,US46->CS6,56236,56236,0
12,US46->CS14,56247,56247,0
12,US46->CS22,56313,56313,0
12,US46->CS30,56143,56143,0
12,US46->CS38,56435,56435,0
12,US46->CS46,55596,55596,0
12,US46->CS54,56279,56279,0
12,US46->CS62,55965,55965,0
12,US47->CS7,55817,55817,0
12,US47->CS15,56407,56407,0
12,US47->CS23,56180,56180,0
12,US47->CS31,56350,56350,0
12,US47->CS39,56361,56361,0
12,US47->CS47,56218,56218,0
12,US47->CS55,56195,56195,0
12,US47->CS63,56377,56377,0
12,US48->CS0,52237,52237,0
12,US48->CS8,52111,52111,0
12,US48->CS16,51674,51674,0
12,US48->CS24,52118,52118,0
12,US48->CS32,51801,51801,0
12,US48->CS40,51686,51686,0
12,US48->CS48,52115,52115,0
12,US48->CS56,51898,51898,0
12,US49->CS1,51451,51451,0
12,US49->CS9,51026,51026,0
12,US49->CS17,51892,51892,0
12,US49->CS25,51836,51836,0
12,US49->CS33,51748,51748,0
12,US49->CS41,51913,51913,0
12,US49->CS49,51866,51866,0
12,US49->CS57,51617,51617,0
12,US50->CS2,51974,51974,0
12,US50->CS10,51887,51887,0
12,US50->CS18,51887,51887,0
12,US50->CS26,51917,51917,0
12,US50->CS34,51462,51462,0
12,US50->CS42,51676,51676,0
12,US50->CS50,51719,51719,0
12,US50->CS58,52127,52127,0
12,US51->CS3,51676,51676,0
12,US51->CS11,51486,51486,0
12,US51->CS19,51378,51378,0
12,US51->CS27,51818,51818,0
12,US51->CS35,51932,51932,0
12,US51->CS43,51502,51502,0
12,US51->CS51,51751,51751,0
12,US51->CS59,51793,51793,0
12,US52->CS4,51758,51758,0
12,US52->CS12,51822,51822,0
12,US52->CS20,51768,51768,0
12,US52->CS28,51508,51508,0
12,US52->CS36,51878,51878,0
12,US52->CS44,51472,51472,0
12,US52->CS52,51590,51590,0
12,US52->CS60,51488,51488,0
12,US53->CS5,52094,52094,0
12,US53->CS13,51701,51701,0
12,US53->CS21,51728,51728,0
12,US53->CS29,51596,51596,0
12,US53->CS37,52007,52007,0
12,US53->CS45,51488,51488,0
12,US53->CS53,51776,51776,0
12,US53->CS61,52120,52120,0
12,US54->CS6,51213,51213,0
12,US54->CS14,51646,51646,0
12,US54->CS22,51646,51646,0
12,US54->CS30,51908,51908,0
12,US54->CS38,51873,51873,0
12,US54->CS46,51346,51346,0
12,US54->CS54,51912,51912,0
12,US54->CS62,51667,51667,0
12,US55->CS7,51881,51881,0
12,US55->CS15,51898,51898,0
12,US55->CS23,52110,52110,0
12,US55->CS31,52222,52222,0
12,US55->CS39,51804,51804,0
12,US55->CS47,51748,51748,0
12,US55->CS55,51969,51969,0
12,US55->CS63,51221,51221,0
12,US56->CS0,51292,51292,0
12,US56->CS8,51130,51130,0
12,US56->CS16,51338,51338,0
12,US56->CS24,51287,51287,0
12,US56->CS32,51165,51165,0
12,US56->CS40,51344,51344,0
12,US56->CS48,51405,51405,0
12,US56->CS56,51391,51391,0
12,US57->CS1,51372,51372,0
12,US57->CS9,51435,51435,0
12,US57->CS17,51054,51054,0
12,US57->CS25,50948,50948,0
12,US57->CS33,51002,51002,0
12,US57->CS41,51078,51078,0
12,US57->CS49,51117,51117,0
12,US57->CS57,51181,51181,0
12,US58->CS2,51060,51060,0
12,US58->CS10,51785,51785,0
12,US58->CS18,51201,51201,0
12,US58->CS26,51065,51065,0
12,US58->CS34,51316,51316,0
12,US58->CS42,51201,51201,0
12,US58->CS50,51008,51008,0
12,US58->CS58,50934,50934,0
12,US59->CS3,50956,50956,0
12,US59->CS11,51683,51683,0
12,US59->CS19,51580,51580,0
12,US59->CS27,51310,51310,0
12,US59->CS35,50893,50893,0
12,US59->CS43,50928,50928,0
12,US59->CS51,50966,50966,0
12,US59->CS59,51181,51181,0
12,US60->CS4,50972,50972,0
12,US60->CS12,50896,50896,0
12,US60->CS20,51143,51143,0
12,US60->CS28,51109,51109,0
12,US60->CS36,51191,51191,0
12,US60->CS44,51099,51099,0
12,US60->CS52,51247,51247,0
12,US60->CS60,51291,51291,0
12,US61->CS5,51319,51319,0
12,US61->CS13,51257,51257,0
12,US61->CS21,51098,51098,0
12,US61->CS29,51561,51561,0
12,US61->CS37,50955,50955,0
12,US61->CS45,51327,51327,0
12,US61->CS53,50790,50790,0
12,US61->CS61,51410,51410,0
12,US62->CS6,51419,51419,0
12,US62->CS14,51360,51360,0
12,US62->CS22,50634,50634,0
12,US62->CS30,51208,51208,0
12,US62->CS38,50973,50973,0
12,US62->CS46,50918,50918,0
12,US62->CS54,51049,51049,0
12,US62->CS62,50988,50988,0
12,US63->CS7,51404,51404,0
12,US63->CS15,51216,51216,0
12,US63->CS23,51392,51392,0
12,US63->CS31,50908,50908,0
12,US63->CS39,51132,51132,0
12,US63->CS47,51213,51213,0
12,US63->CS55,51300,51300,0
12,US63->CS63,50936,50936,0
12,US64->CS0,50899,50899,0
12,US64->CS8,51498,51498,0
12,US64->CS16,51011,51011,0
12,US64->CS24,51573,51573,0
12,US64->CS32,51400,51400,0
12,US64->CS40,51328,51328,0
12,US64->CS48,51374,51374,0
12,US64->CS56,51556,51556,0
12,US65->CS1,51298,51298,0
12,US65->CS9,51228,51228,0
12,US65->CS17,51706,51706,0
12,US65->CS25,51341,51341,0
12,US65->CS33,51198,51198,0
12,US65->CS41,51478,51478,0
12,US65->CS49,51516,51516,0
12,US65->CS57,51519,51519,0
12,US66->CS2,50867,50867,0
12,US66->CS10,51293,51293,0
12,US66->CS18,50994,50994,0
12,US66->CS26,51166,51166,0
12,US66->CS34,51413,51413,0
12,US66->CS42,51135,51135,0
12,US66->CS50,51379,51379,0
12,US66->CS58,51299,51299,0
12,US67->CS3,50926,50926,0
12,US67->CS11,51105,51105,0
12,US67->CS19,51740,51740,0
12,US67->CS27,50901,50901,0
12,US67->CS35,51289,51289,0
12,US67->CS43,51317,51317,0
12,US67->CS51,51306,51306,0
12,US67->CS59,50960,50960,0
12,US68->CS4,50892,50892,0
12,US68->CS12,51487,51487,0
12,US68->CS20,51304,51304,0
12,US68->CS28,51396,51396,0
12,US68->CS36,51506,51506,0
12,US68->CS44,51098,51098,0
12,US68->CS52,51461,51461,0
12,US68->CS60,51446,51446,0
12,US69->CS5,51287,51287,0
12,US69->CS13,51434,51434,0
12,US69->CS21,51182,51182,0
12,US69->CS29,50879,50879,0
12,US69->CS37,51327,51327,0
12,US69->CS45,51465,51465,0
12,US69->CS53,51309,51309,0
12,US69->CS61,51121,51121,0
12,US70->CS6,51090,51090,0
12,US70->CS14,51254,51254,0
12,US70->CS22,51551,51551,0
12,US70->CS30,51429,51429,0
12,US70->CS38,51313,51313,0
12,US70->CS46,51600,51600,0
12,US70->CS54,51510,51510,0
12,US70->CS62,50947,50947,0
12,US71->CS7,51066,51066,0
12,US71->CS15,51082,51082,0
12,US71->CS23,51721,51721,0
12,US71->CS31,51342,51342,0
12,US71->CS39,50923,50923,0
12,US71->CS47,51213,51213,0
12,US71->CS55,51060,51060,0
12,US71->CS63,51500,51500,0
12,US72->CS0,50830,50830,0
12,US72->CS8,50977,50977,0
12,US72->CS16,51129,51129,0
12,US72->CS24,50972,50972,0
12,US72->CS32,51009,51009,0
12,US72->CS40,50880,50880,0
12,US72->CS48,50884,50884,0
12,US72->CS56,50836,50836,0
12,US73->CS1,51099,51099,0
12,US73->CS9,51086,51086,0
12,US73->CS17,50658,50658,0
12,US73->CS25,51094,51094,0
12,US73->CS33,51325,51325,0
12,US73->CS41,51196,51196,0
12,US73->CS49,51162,51162,0
12,US73->CS57,50937,50937,0
12,US74->CS2,50868,50868,0
12,US74->CS10,50951,50951,0
12,US74->CS18,50989,50989,0
12,US74->CS26,51346,51346,0
12,US74->CS34,50792,50792,0
12,US74->CS42,50968,50968,0
12,US74->CS50,51286,51286,0
12,US74->CS58,51240,51240,0
12,US75->CS3,50883,50883,0
12,US75->CS11,50798,50798,0
12,US75->CS19,51267,51267,0
12,US75->CS27,50976,50976,0
12,US75->CS35,50912,50912,0
12,US75->CS43,50635,50635,0
12,US75->CS51,50737,50737,0
12,US75->CS59,50804,50804,0
12,US76->CS4,50719,50719,0
12,US76->CS12,50894,50894,0
12,US76->CS20,50654,50654,0
12,US76->CS28,50829,50829,0
12,US76->CS36,50941,50941,0
12,US76->CS44,50988,50988,0
12,US76->CS52,51482,51482,0
12,US76->CS60,50855,50855,0
12,US77->CS5,51015,51015,0
12,US77->CS13,51221,51221,0
12,US77->CS21,50709,50709,0
12,US77->CS29,50862,50862,0
12,US77->CS37,50782,50782,0
12,US77->CS45,50956,50956,0
12,US77->CS53,51112,51112,0
12,US77->CS61,51182,51182,0
12,US78->CS6,51211,51211,0
12,US78->CS14,51051,51051,0
12,US78->CS22,50670,50670,0
12,US78->CS30,51007,51007,0
12,US78->CS38,51094,51094,0
12,US78->CS46,50602,50602,0
12,US78->CS54,50890,50890,0
12,US78->CS62,50509,50509,0
12,US79->CS7,50730,50730,0
12,US79->CS15,50768,50768,0
12,US79->CS23,50748,50748,0
12,US79->CS31,50999,50999,0
12,US79->CS39,51137,51137,0
12,US79->CS47,50788,50788,0
12,US79->CS55,51169,51169,0
12,US79->CS63,50990,50990,0
12,US80->CS0,50428,50428,0
12,US80->CS8,50701,50701,0
12,US80->CS16,50961,50961,0
12,US80->CS24,50870,50870,0
12,US80->CS32,50322,50322,0
12,US80->CS40,50572,50572,0
12,US80->CS48,50468,50468,0
12,US80->CS56,50671,50671,0
12,US81->CS1,50617,50617,0
12,US81->CS9,50390,50390,0
12,US81->CS17,50684,50684,0
12,US81->CS25,50694,50694,0
12,US81->CS33,50818,50818,0
12,US81->CS41,50451,50451,0
12,US81->CS49,50384,50384,0
12,US81->CS57,50913,50913,0
12,US82->CS2,50410,50410,0
12,US82->CS10,50563,50563,0
12,US82->CS18,50912,50912,0
12,US82->CS26,50622,50622,0
12,US82->CS34,50691,50691,0
12,US82->CS42,50672,50672,0
12,US82->CS50,50676,50676,0
12,US82->CS58,50730,50730,0
12,US83->CS3,50091,50091,0
12,US83->CS11,50523,50523,0
12,US83->CS19,50441,50441,0
12,US83->CS27,50472,50472,0
12,US83->CS35,50707,50707,0
12,US83->CS43,50788,50788,0
12,US83->CS51,50487,50487,0
12,US83->CS59,50757,50757,0
12,US84->CS4,50925,50925,0
12,US84->CS12,50413,50413,0
12,US84->CS20,50270,50270,0
12,US84->CS28,50643,50643,0
12,US84->CS36,50673,50673,0
12,US84->CS44,50348,50348,0
12,US84->CS52,50504,50504,0
12,US84->CS60,50318,50318,0
12,US85->CS5,50806,50806,0
12,US85->CS13,50769,50769,0
12,US85->CS21,50159,50159,0
12,US85->CS29,50563,50563,0
12,US85->CS37,51022,51022,0
12,US85->CS45,50492,50492,0
12,US85->CS53,50661,50661,0
12,US85->CS61,50495,50495,0
12,US86->CS6,50567,50567,0
12,US86->CS14,50647,50647,0
12,US86->CS22,50436,50436,0
12,US86->CS30,50398,50398,0
12,US86->CS38,50735,50735,0
12,US86->CS46,50900,50900,0
12,US86->CS54,50631,50631,0
12,US86->CS62,50465,50465,0
12,US87->CS7,50605,50605,0
12,US87->CS15,50961,50961,0
12,US87->CS23,50513,50513,0
12,US87->CS31,50737,50737,0
12,US87->CS39,50892,50892,0
12,US87->CS47,50588,50588,0
12,US87->CS55,51258,51258,0
12,US87->CS63,50225,50225,0
12,US88->CS0,50889,50889,0
12,US88->CS8,51358,51358,0
12,US88->CS16,51268,51268,0
12,US88->CS24,50854,50854,0
12,US88->CS32,50927,50927,0
12,US88->CS40,51290,51290,0
12,US88->CS48,50724,50724,0
12,US88->CS56,51254,51254,0
12,US89->CS1,51200,51200,0
12,US89->CS9,50926,50926,0
12,US89->CS17,51204,51204,0
12,US89->CS25,51020,51020,0
12,US89->CS33,51077,51077,0
12,US89->CS41,51107,51107,0
12,US89->CS49,51225,51225,0
12,US89->CS57,50962,50962,0
12,US90->CS2,51211,51211,0
12,US90->CS10,50942,50942,0
12,US90->CS18,51026,51026,0
12,US90->CS26,50981,50981,0
12,US90->CS34,51034,51034,0
12,US90->CS42,51493,51493,0
12,US90->CS50,51107,51107,0
12,US90->CS58,51142,51142,0
12,US91->CS3,50800,50800,0
12,US91->CS11,51208,51208,0
12,US91->CS19,51541,51541,0
12,US91->CS27,51016,51016,0
12,US91->CS35,51283,51283,0
12,US91->CS43,51051,51051,0
12,US91->CS51,51311,51311,0
12,US91->CS59,50806,50806,0
12,US92->CS4,50959,50959,0
12,US92->CS12,51359,51359,0
12,US92->CS20,50946,50946,0
12,US92->CS28,51000,51000,0
12,US92->CS36,51269,51269,0
12,US92->CS44,50870,50870,0
12,US92->CS52,50734,50734,0
12,US92->CS60,50802,50802,0
12,US93->CS5,51082,51082,0
12,US93->CS13,50859,50859,0
12,US93->CS21,51210,51210,0
12,US93->CS29,51184,51184,0
12,US93->CS37,51148,51148,0
12,US93->CS45,50786,50786,0
12,US93->CS53,51279,51279,0
12,US93->CS61,51368,51368,0
12,US94->CS6,50841,50841,0
12,US94->CS14,51250,51250,0
12,US94->CS22,50935,50935,0
12,US94->CS30,50842,50842,0
12,US94->CS38,51409,51409,0
12,US94->CS46,51141,51141,0
12,US94->CS54,51328,51328,0
12,US94->CS62,51231,51231,0
12,US95->CS7,51008,51008,0
12,US95->CS15,50951,50951,0
12,US95->CS23,50707,50707,0
12,US95->CS31,50665,50665,0
12,US95->CS39,51360,51360,0
12,US95->CS47,50751,50751,0
12,US95->CS55,50965,50965,0
12,US95->CS63,51077,51077,0
12,US96->CS0,51226,51226,0
12,US96->CS8,51093,51093,0
12,US96->CS16,50939,50939,0
12,US96->CS24,50855,50855,0
12,US96->CS32,51148,51148,0
12,US96->CS40,50641,50641,0
12,US96->CS48,51174,51174,0
12,US96->CS56,51071,51071,0
12,US97->CS1,50845,50845,0
12,US97->CS9,51073,51073,0
12,US97->CS17,50849,50849,0
12,US97->CS25,51167,51167,0
12,US97->CS33,51449,51449,0
12,US97->CS41,51158,51158,0
12,US97->CS49,51053,51053,0
12,US97->CS57,51093,51093,0
12,US98->CS2,51054,51054,0
12,US98->CS10,50715,50715,0
12,US98->CS18,51247,51247,0
12,US98->CS26,50791,50791,0
12,US98->CS34,50920,50920,0
12,US98->CS42,50869,50869,0
12,US98->CS50,50836,50836,0
12,US98->CS58,51026,51026,0
12,US99->CS3,50722,50722,0
12,US99->CS11,51178,51178,0
12,US99->CS19,50829,50829,0
12,US99->CS27,51003,51003,0
12,US99->CS35,50556,50556,0
12,US99->CS43,50983,50983,0
12,US99->CS51,50889,50889,0
12,US99->CS59,51428,51428,0
12,US100->CS4,51044,51044,0
12,US100->CS12,50983,50983,0
12,US100->CS20,50999,50999,0
12,US100->CS28,50680,50680,0
12,US100->CS36,51007,51007,0
12,US100->CS44,50773,50773,0
12,US100->CS52,50973,50973,0
12,US100->CS60,50647,50647,0
12,US101->CS5,50817,50817,0
12,US101->CS13,51084,51084,0
12,US101->CS21,50847,50847,0
12,US101->CS29,51157,51157,0
12,US101->CS37,50772,50772,0
12,US101->CS45,50890,50890,0
12,US101->CS53,50761,50761,0
12,US101->CS61,50968,50968,0
12,US102->CS6,50983,50983,0
12,US102->CS14,51210,51210,0
12,US102->CS22,50922,50922,0
12,US102->CS30,50903,50903,0
12,US102->CS38,51011,51011,0
12,US102->CS46,50626,50626,0
12,US102->CS54,51119,51119,0
12,US102->CS62,51108,51108,0
12,US103->CS7,50797,50797,0
12,US103->CS15,50529,50529,0
12,US103->CS23,50818,50818,0
12,US103->CS31,50888,50888,0
12,US103->CS39,50566,50566,0
12,US103->CS47,50832,50832,0
12,US103->CS55,51006,51006,0
12,US103->CS63,51087,51087,0
12,US104->CS0,51161,51161,0
12,US104->CS8,50369,50369,0
12,US104->CS16,50583,50583,0
12,US104->CS24,50675,50675,0
12,US104->CS32,51103,51103,0
12,US104->CS40,50752,50752,0
12,US104->CS48,50711,50711,0
12,US104->CS56,51128,51128,0
12,US105->CS1,50741,50741,0
12,US105->CS9,50615,50615,0
12,US105->CS17,50475,50475,0
12,US105->CS25,50896,50896,0
12,US105->CS33,50604,50604,0
12,US105->CS41,50751,50751,0
12,US105->CS49,50776,50776,0
12,US105->CS57,51076,51076,0
12,US106->CS2,51298,51298,0
12,US106->CS10,50862,50862,0
12,US106->CS18,51027,51027,0
12,US106->CS26,50872,50872,0
12,US106->CS34,50966,50966,0
12,US106->CS42,51006,51006,0
12,US106->CS50,50801,50801,0
12,US106->CS58,50999,50999,0
12,US107->CS3,50894,50894,0
12,US107->CS11,50511,50511,0
12,US107->CS19,50981,50981,0
12,US107->CS27,50863,50863,0
12,US107->CS35,50605,50605,0
12,US107->CS43,50971,50971,0
12,US107->CS51,51121,51121,0
12,US107->CS59,50591,50591,0
12,US108->CS4,50736,50736,0
12,US108->CS12,50642,50642,0
12,US108->CS20,50650,50650,0
12,US108->CS28,51242,51242,0
12,US108->CS36,50740,50740,0
12,US108->CS44,51043,51043,0
12,US108->CS52,50932,50932,0
12,US108->CS60,50861,50861,0
12,US109->CS5,51064,51064,0
12,US109->CS13,50595,50595,0
12,US109->CS21,50766,50766,0
12,US109->CS29,50763,50763,0
12,US109->CS37,50688,50688,0
12,US109->CS45,50787,50787,0
12,US109->CS53,50840,50840,0
12,US109->CS61,50821,50821,0
12,US110->CS6,50660,50660,0
12,US110->CS14,50544,50544,0
12,US110->CS22,51266,51266,0
12,US110->CS30,50682,50682,0
12,US110->CS38,50874,50874,0
12,US110->CS46,50936,50936,0
12,US110->CS54,50752,50752,0
12,US110->CS62,51053,51053,0
12,US111->CS7,51187,51187,0
12,US111->CS15,50737,50737,0
12,US111->CS23,50852,50852,0
12,US111->CS31,51160,51160,0
12,US111->CS39,50583,50583,0
12,US111->CS47,50775,50775,0
12,US111->CS55,50890,50890,0
12,US111->CS63,50625,50625,0
12,US112->CS0,51468,51468,0
12,US112->CS8,51737,51737,0
12,US112->CS16,51604,51604,0
12,US112->CS24,51673,51673,0
12,US112->CS32,51408,51408,0
12,US112->CS40,51607,51607,0
12,US112->CS48,51435,51435,0
12,US112->CS56,51676,51676,0
12,US113->CS1,51821,51821,0
12,US113->CS9,51486,51486,0
12,US113->CS17,51803,51803,0
12,US113->CS25,51337,51337,0
12,US113->CS33,51561,51561,0
12,US113->CS41,51669,51669,0
12,US113->CS49,52085,52085,0
12,US113->CS57,51751,51751,0
12,US114->CS2,51890,51890,0
12,US114->CS10,51264,51264,0
12,US114->CS18,51323,51323,0
12,US114->CS26,51488,51488,0
12,US114->CS34,51890,51890,0
12,US114->CS42,51434,51434,0
12,US114->CS50,51276,51276,0
12,US114->CS58,51612,51612,0
12,US115->CS3,51591,51591,0
12,US115->CS11,51615,51615,0
12,US115->CS19,51518,51518,0
12,US115->CS27,51471,51471,0
12,US115->CS35,51650,51650,0
12,US115->CS43,51267,51267,0
12,US115->CS51,51450,51450,0
12,US115->CS59,51910,51910,0
12,US116->CS4,51805,51805,0
12,US116->CS12,51757,51757,0
12,US116->CS20,51769,51769,0
12,US116->CS28,51852,51852,0
12,US116->CS36,52086,52086,0
12,US116->CS44,51782,51782,0
12,US116->CS52,51604,51604,0
12,US116->CS60,51417,51417,0
12,US117->CS5,51452,51452,0
12,US117->CS13,51574,51574,0
12,US117->CS21,51609,51609,0
12,US117->CS29,51680,51680,0
12,US117->CS37,51980,51980,0
12,US117->CS45,51848,51848,0
12,US117->CS53,51451,51451,0
12,US117->CS61,51886,51886,0
12,US118->CS6,52222,52222,0
12,US118->CS14,51989,51989,0
12,US118->CS22,51546,51546,0
12,US118->CS30,51792,51792,0
12,US118->CS38,51465,51465,0
12,US118->CS46,51724,51724,0
12,US118->CS54,51497,51497,0
12,US118->CS62,52196,52196,0
12,US119->CS7,51718,51718,0
12,US119->CS15,51281,51281,0
12,US119->CS23,51654,51654,0
12,US119->CS31,51397,51397,0
12,US119->CS39,51537,51537,0
12,US119->CS47,51365,51365,0
12,US119->CS55,51559,51559,0
12,US119->CS63,51678,51678,0
12,US120->CS0,50467,50467,0
12,US120->CS8,50454,50454,0
12,US120->CS16,50819,50819,0
12,US120->CS24,50410,50410,0
12,US120->CS32,50647,50647,0
12,US120->CS40,50631,50631,0
12,US120->CS48,50390,50390,0
12,US120->CS56,51053,51053,0
12,US121->CS1,50548,50548,0
12,US121->CS9,50578,50578,0
12,US121->CS17,50588,50588,0
12,US121->CS25,50989,50989,0
12,US121->CS33,50642,50642,0
12,US121->CS41,50969,50969,0
12,US121->CS49,50874,50874,0
12,US121->CS57,50577,50577,0
12,US122->CS2,50418,50418,0
12,US122->CS10,50850,50850,0
12,US122->CS18,50349,50349,0
12,US122->CS26,51024,51024,0
12,US122->CS34,50442,50442,0
12,US122->CS42,50537,50537,0
12,US122->CS50,50512,50512,0
12,US122->CS58,50615,50615,0
12,US123->CS3,50507,50507,0
12,US123->CS11,50904,50904,0
12,US123->CS19,50988,50988,0
12,US123->CS27,50413,50413,0
12,US123->CS35,50334,50334,0
12,US123->CS43,50482,50482,0
12,US123->CS51,50862,50862,0
12,US123->CS59,50491,50491,0
12,US124->CS4,50390,50390,0
12,US124->CS12,50852,50852,0
12,US124->CS20,50478,50478,0
12,US124->CS28,50723,50723,0
12,US124->CS36,50873,50873,0
12,US124->CS44,50339,50339,0
12,US124->CS52,50719,50719,0
12,US124->CS60,50332,50332,0
12,US125->CS5,50812,50812,0
12,US125->CS13,50457,50457,0
12,US125->CS21,50531,50531,0
12,US125->CS29,50780,50780,0
12,US125->CS37,50765,50765,0
12,US125->CS45,50645,50645,0
12,US125->CS53,50849,50849,0
12,US125->CS61,50969,50969,0
12,US126->CS6,50869,50869,0
12,US126->CS14,50648,50648,0
12,US126->CS22,50463,50463,0
12,US126->CS30,50653,50653,0
12,US126->CS38,50675,50675,0
12,US126->CS46,50661,50661,0
12,US126->CS54,50697,50697,0
12,US126->CS62,50787,50787,0
12,US127->CS7,50511,50511,0
12,US127->CS15,50968,50968,0
12,US127->CS23,50641,50641,0
12,US127->CS31,50676,50676,0
12,US127->CS39,50654,50654,0
12,US127->CS47,50284,50284,0
12,US127->CS55,50734,50734,0
12,US127->CS63,50922,50922,0
12,CS0->US0,51923,51923,0
12,CS0->US8,50503,50503,0
12,CS0->US16,50526,50526,0
12,CS0->US24,51498,51498,0
12,CS0->US32,50951,50951,0
12,CS0->US40,51489,51489,0
12,CS0->US48,51374,51374,0
12,CS0->US56,51452,51452,0
12,CS0->US64,51729,51729,0
12,CS0->US72,50857,50857,0
12,CS0->US80,55986,55986,0
12,CS0->US88,50903,50903,0
12,CS0->US96,51226,51226,0
12,CS0->US104,51196,51196,0
12,CS0->US112,56507,56507,0
12,CS0->US120,53542,53542,0
12,CS1->US1,51197,51197,0
12,CS1->US9,50537,50537,0
12,CS1->US17,50664,50664,0
12,CS1->US25,51545,51545,0
12,CS1->US33,51286,51286,0
12,CS1->US41,51786,51786,0
12,CS1->US49,51499,51499,0
12,CS1->US57,50852,50852,0
12,CS1->US65,51078,51078,0
12,CS1->US73,51091,51091,0
12,CS1->US81,56205,56205,0
12,CS1->US89,51150,51150,0
12,CS1->US97,50825,50825,0
12,CS1->US105,50892,50892,0
12,CS1->US113,55821,55821,0
12,CS1->US121,53636,53636,0
12,CS2->US2,51675,51675,0
12,CS2->US10,50411,50411,0
12,CS2->US18,50537,50537,0
12,CS2->US26,51253,51253,0
12,CS2->US34,50865,50865,0
12,CS2->US42,51923,51923,0
12,CS2->US50,51467,51467,0
12,CS2->US58,51075,51075,0
12,CS2->US66,51253,51253,0
12,CS2->US74,51107,51107,0
12,CS2->US82,55913,55913,0
12,CS2->US90,50911,50911,0
12,CS2->US98,51332,51332,0
12,CS2->US106,51082,51082,0
12,CS2->US114,56667,56667,0
12,CS2->US122,53757,53757,0
12,CS3->US3,51355,51355,0
12,CS3->US11,50155,50155,0
12,CS3->US19,50590,50590,0
12,CS3->US27,51168,51168,0
12,CS3->US35,50914,50914,0
12,CS3->US43,51642,51642,0
12,CS3->US51,51090,51090,0
12,CS3->US59,50792,50792,0
12,CS3->US67,51410,51410,0
12,CS3->US75,50726,50726,0
12,CS3->US83,55746,55746,0
12,CS3->US91,50962,50962,0
12,CS3->US99,50947,50947,0
12,CS3->US107,50759,50759,0
12,CS3->US115,56295,56295,0
12,CS3->US123,53504,53504,0
12,CS4->US4,51476,51476,0
12,CS4->US12,50935,50935,0
12,CS4->US20,50511,50511,0
12,CS4->US28,51150,51150,0
12,CS4->US36,50883,50883,0
12,CS4->US44,51807,51807,0
12,CS4->US52,51316,51316,0
12,CS4->US60,50967,50967,0
12,CS4->US68,51291,51291,0
12,CS4->US76,50928,50928,0
12,CS4->US84,56038,56038,0
12,CS4->US92,50770,50770,0
12,CS4->US100,50853,50853,0
12,CS4->US108,51100,51100,0
12,CS4->US116,56110,56110,0
12,CS4->US124,53668,53668,0
12,CS5->US5,51790,51790,0
12,CS5->US13,50799,50799,0
12,CS5->US21,50899,50899,0
12,CS5->US29,51557,51557,0
12,CS5->US37,51269,51269,0
12,CS5->US45,51541,51541,0
12,CS5->US53,51160,51160,0
12,CS5->US61,50992,50992,0
12,CS5->US69,51446,51446,0
12,CS5->US77,51037,51037,0
12,CS5->US85,56171,56171,0
12,CS5->US93,51016,51016,0
12,CS5->US101,51158,51158,0
12,CS5->US109,50800,50800,0
12,CS5->US117,56083,56083,0
12,CS5->US125,53954,53954,0
12,CS6->US6,50942,50942,0
12,CS6->US14,50594,50594,0
12,CS6->US22,50948,50948,0
12,CS6->US30,51570,51570,0
12,CS6->US38,51065,51065,0
12,CS6->US46,52251,52251,0
12,CS6->US54,51523,51523,0
12,CS6->US62,50996,50996,0
12,CS6->US70,51317,51317,0
12,CS6->US78,50760,50760,0
12,CS6->US86,55879,55879,0
12,CS6->US94,51255,51255,0
12,CS6->US102,50689,50689,0
12,CS6->US110,51095,51095,0
12,CS6->US118,56276,56276,0
12,CS6->US126,53264,53264,0
12,CS7->US7,51602,51602,0
12,CS7->US15,50645,50645,0
12,CS7->US23,50620,50620,0
12,CS7->US31,51571,51571,0
12,CS7->US39,51046,51046,0
12,CS7->US47,51767,51767,0
12,CS7->US55,51707,51707,0
12,CS7->US63,50630,50630,0
12,CS7->US71,51322,51322,0
12,CS7->US79,50930,50930,0
12,CS7->US87,56128,56128,0
12,CS7->US95,50738,50738,0
12,CS7->US103,51230,51230,0
12,CS7->US111,50879,50879,0
12,CS7->US119,55871,55871,0
12,CS7->US127,53470,53470,0
12,CS8->US0,51864,51864,0
12,CS8->US8,50695,50695,0
12,CS8->US16,50556,50556,0
12,CS8->US24,51295,51295,0
12,CS8->US32,51504,51504,0
12,CS8->US40,51700,51700,0
12,CS8->US48,51894,51894,0
12,CS8->US56,51260,51260,0
12,CS8->US64,51000,51000,0
12,CS8->US72,51304,51304,0
12,CS8->US80,56374,56374,0
12,CS8->US88,51084,51084,0
12,CS8->US96,50486,50486,0
12,CS8->US104,51131,51131,0
12,CS8->US112,56017,56017,0
12,CS8->US120,53535,53535,0
12,CS9->US1,50744,50744,0
12,CS9->US9,50376,50376,0
12,CS9->US17,50729,50729,0
12,CS9->US25,51684,51684,0
12,CS9->US33,51185,51185,0
12,CS9->US41,51498,51498,0
12,CS9->US49,51715,51715,0
12,CS9->US57,51536,51536,0
12,CS9->US65,51599,51599,0
12,CS9->US73,50873,50873,0
12,CS9->US81,56042,56042,0
12,CS9->US89,51120,51120,0
12,CS9->US97,50645,50645,0
12,CS9->US105,51136,51136,0
12,CS9->US113,56047,56047,0
12,CS9->US121,53851,53851,0
12,CS10->US2,51593,51593,0
12,CS10->US10,50583,50583,0
12,CS10->US18,50878,50878,0
12,CS10->US26,52042,52042,0
12,CS10->US34,51296,51296,0
12,CS10->US42,51269,51269,0
12,CS10->US50,51265,51265,0
12,CS10->US58,51324,51324,0
12,CS10->US66,51269,51269,0
12,CS10->US74,50928,50928,0
12,CS10->US82,56253,56253,0
12,CS10->US90,51018,51018,0
12,CS10->US98,50969,50969,0
12,CS10->US106,50708,50708,0
12,CS10->US114,56203,56203,0
12,CS10->US122,53646,53646,0
12,CS11->US3,51231,51231,0
12,CS11->US11,50487,50487,0
12,CS11->US19,50941,50941,0
12,CS11->US27,51826,51826,0
12,CS11->US35,51091,51091,0
12,CS11->US43,51626,51626,0
12,CS11->US51,51035,51035,0
12,CS11->US59,51073,51073,0
12,CS11->US67,51235,51235,0
12,CS11->US75,51214,51214,0
12,CS11->US83,55916,55916,0
12,CS11->US91,50832,50832,0
12,CS11->US99,50629,50629,0
12,CS11->US107,51274,51274,0
12,CS11->US115,56070,56070,0
12,CS11->US123,53481,53481,0
12,CS12->US4,51601,51601,0
12,CS12->US12,50428,50428,0
12,CS12->US20,50952,50952,0
12,CS12->US28,51187,51187,0
12,CS12->US36,51453,51453,0
12,CS12->US44,51734,51734,0
12,CS12->US52,51366,51366,0
12,CS12->US60,51371,51371,0
12,CS12->US68,51209,51209,0
12,CS12->US76,51281,51281,0
12,CS12->US84,55895,55895,0
12,CS12->US92,50914,50914,0
12,CS12->US100,50774,50774,0
12,CS12->US108,50993,50993,0
12,CS12->US116,56300,56300,0
12,CS12->US124,53089,53089,0
12,CS13->US5,51423,51423,0
12,CS13->US13,50746,50746,0
12,CS13->US21,50469,50469,0
12,CS13->US29,51494,51494,0
12,CS13->US37,51431,51431,0
12,CS13->US45,51619,51619,0
12,CS13->US53,51781,51781,0
12,CS13->US61,50831,50831,0
12,CS13->US69,51086,51086,0
12,CS13->US77,50847,50847,0
12,CS13->US85,56014,56014,0
12,CS13->US93,51306,51306,0
12,CS13->US101,50694,50694,0
12,CS13->US109,51078,51078,0
12,CS13->US117,56182,56182,0
12,CS13->US125,53658,53658,0
12,CS14->US6,51373,51373,0
12,CS14->US14,50695,50695,0
12,CS14->US22,50716,50716,0
12,CS14->US30,51556,51556,0
12,CS14->US38,51243,51243,0
12,CS14->US46,52015,52015,0
12,CS14->US54,51109,51109,0
12,CS14->US62,51538,51538,0
12,CS14->US70,51435,51435,0
12,CS14->US78,51238,51238,0
12,CS14->US86,55874,55874,0
12,CS14->US94,51053,51053,0
12,CS14->US102,50636,50636,0
12,CS14->US110,51224,51224,0
12,CS14->US118,56316,56316,0
12,CS14->US126,53530,53530,0
12,CS15->US7,51591,51591,0
12,CS15->US15,50934,50934,0
12,CS15->US23,51129,51129,0
12,CS15->US31,51437,51437,0
12,CS15->US39,51050,51050,0
12,CS15->US47,51340,51340,0
12,CS15->US55,51665,51665,0
12,CS15->US63,50674,50674,0
12,CS15->US71,51283,51283,0
12,CS15->US79,50901,50901,0
12,CS15->US87,55763,55763,0
12,CS15->US95,50815,50815,0
12,CS15->US103,50818,50818,0
12,CS15->US111,50562,50562,0
12,CS15->US119,56434,56434,0
12,CS15->US127,53545,53545,0
12,CS16->US0,51413,51413,0
12,CS16->US8,50959,50959,0
12,CS16->US16,50917,50917,0
12,CS16->US24,51572,51572,0
12,CS16->US32,50992,50992,0
12,CS16->US40,51639,51639,0
12,CS16->US48,51433,51433,0
12,CS16->US56,50926,50926,0
12,CS16->US64,51021,51021,0
12,CS16->US72,51237,51237,0
12,CS16->US80,55854,55854,0
12,CS16->US88,51222,51222,0
12,CS16->US96,50594,50594,0
12,CS16->US104,50987,50987,0
12,CS16->US112,55841,55841,0
12,CS16->US120,53407,53407,0
12,CS17->US1,51575,51575,0
12,CS17->US9,50660,50660,0
12,CS17->US17,50703,50703,0
12,CS17->US25,51199,51199,0
12,CS17->US33,51697,51697,0
12,CS17->US41,51854,51854,0
12,CS17->US49,51646,51646,0
12,CS17->US57,50900,50900,0
12,CS17->US65,51820,51820,0
12,CS17->US73,51188,51188,0
12,CS17->US81,55733,55733,0
12,CS17->US89,50739,50739,0
12,CS17->US97,50579,50579,0
12,CS17->US105,50927,50927,0
12,CS17->US113,55919,55919,0
12,CS17->US121,53565,53565,0
12,CS18->US2,51608,51608,0
12,CS18->US10,50916,50916,0
12,CS18->US18,50381,50381,0
12,CS18->US26,51431,51431,0
12,CS18->US34,50993,50993,0
12,CS18->US42,51354,51354,0
12,CS18->US50,51406,51406,0
12,CS18->US58,50731,50731,0
12,CS18->US66,51740,51740,0
12,CS18->US74,51005,51005,0
12,CS18->US82,55668,55668,0
12,CS18->US90,51001,51001,0
12,CS18->US98,51072,51072,0
12,CS18->US106,51260,51260,0
12,CS18->US114,55910,55910,0
12,CS18->US122,53560,53560,0
12,CS19->US3,51063,51063,0
12,CS19->US11,50451,50451,0
12,CS19->US19,51104,51104,0
12,CS19->US27,51873,51873,0
12,CS19->US35,51721,51721,0
12,CS19->US43,51564,51564,0
12,CS19->US51,51388,51388,0
12,CS19->US59,51199,51199,0
12,CS19->US67,51395,51395,0
12,CS19->US75,51433,51433,0
12,CS19->US83,55967,55967,0
12,CS19->US91,51338,51338,0
12,CS19->US99,51035,51035,0
12,CS19->US107,50828,50828,0
12,CS19->US115,56449,56449,0
12,CS19->US123,53140,53140,0
12,CS20->US4,51542,51542,0
12,CS20->US12,50341,50341,0
12,CS20->US20,50539,50539,0
12,CS20->US28,51403,51403,0
12,CS20->US36,51295,51295,0
12,CS20->US44,51737,51737,0
12,CS20->US52,51019,51019,0
12,CS20->US60,51492,51492,0
12,CS20->US68,51152,51152,0
12,CS20->US76,50905,50905,0
12,CS20->US84,56270,56270,0
12,CS20->US92,50712,50712,0
12,CS20->US100,50708,50708,0
12,CS20->US108,51026,51026,0
12,CS20->US116,56450,56450,0
12,CS20->US124,53465,53465,0
12,CS21->US5,51422,51422,0
12,CS21->US13,50167,50167,0
12,CS21->US21,50520,50520,0
12,CS21->US29,51290,51290,0
12,CS21->US37,51204,51204,0
12,CS21->US45,51697,51697,0
12,CS21->US53,51615,51615,0
12,CS21->US61,50825,50825,0
12,CS21->US69,51319,51319,0
12,CS21->US77,51163,51163,0
12,CS21->US85,56066,56066,0
12,CS21->US93,50703,50703,0
12,CS21->US101,50874,50874,0
12,CS21->US109,50827,50827,0
12,CS21->US117,56157,56157,0
12,CS21->US125,53655,53655,0
12,CS22->US6,51410,51410,0
12,CS22->US14,50422,50422,0
12,CS22->US22,50445,50445,0
12,CS22->US30,50817,50817,0
12,CS22->US38,51558,51558,0
12,CS22->US46,51549,51549,0
12,CS22->US54,51457,51457,0
12,CS22->US62,51009,51009,0
12,CS22->US70,51307,51307,0
12,CS22->US78,50961,50961,0
12,CS22->US86,56233,56233,0
12,CS22->US94,50643,50643,0
12,CS22->US102,51374,51374,0
12,CS22->US110,50940,50940,0
12,CS22->US118,56318,56318,0
12,CS22->US126,53306,53306,0
12,CS23->US7,51854,51854,0
12,CS23->US15,50558,50558,0
12,CS23->US23,50769,50769,0
12,CS23->US31,51628,51628,0
12,CS23->US39,51700,51700,0
12,CS23->US47,51670,51670,0
12,CS23->US55,51756,51756,0
12,CS23->US63,51382,51382,0
12,CS23->US71,51315,51315,0
12,CS23->US79,50662,50662,0
12,CS23->US87,56053,56053,0
12,CS23->US95,50765,50765,0
12,CS23->US103,50943,50943,0
12,CS23->US111,50833,50833,0
12,CS23->US119,56229,56229,0
12,CS23->US127,53717,53717,0
12,CS24->US0,51854,51854,0
12,CS24->US8,50878,50878,0
12,CS24->US16,50539,50539,0
12,CS24->US24,51494,51494,0
12,CS24->US32,51587,51587,0
12,CS24->US40,51621,51621,0
12,CS24->US48,51343,51343,0
12,CS24->US56,50590,50590,0
12,CS24->US64,50977,50977,0
12,CS24->US72,50841,50841,0
12,CS24->US80,56090,56090,0
12,CS24->US88,51102,51102,0
12,CS24->US96,50700,50700,0
12,CS24->US104,50912,50912,0
12,CS24->US112,56456,56456,0
12,CS24->US120,53715,53715,0
12,CS25->US1,51559,51559,0
12,CS25->US9,50698,50698,0
12,CS25->US17,50977,50977,0
12,CS25->US25,51075,51075,0
12,CS25->US33,51280,51280,0
12,CS25->US41,51391,51391,0
12,CS25->US49,51622,51622,0
12,CS25->US57,50925,50925,0
12,CS25->US65,51516,51516,0
12,CS25->US73,51059,51059,0
12,CS25->US81,56283,56283,0
12,CS25->US89,51120,51120,0
12,CS25->US97,50938,50938,0
12,CS25->US105,51280,51280,0
12,CS25->US113,56401,56401,0
12,CS25->US121,53781,53781,0
12,CS26->US2,51653,51653,0
12,CS26->US10,50696,50696,0
12,CS26->US18,51093,51093,0
12,CS26->US26,51243,51243,0
12,CS26->US34,51168,51168,0
12,CS26->US42,51511,51511,0
12,CS26->US50,51213,51213,0
12,CS26->US58,51058,51058,0
12,CS26->US66,50684,50684,0
12,CS26->US74,50974,50974,0
12,CS26->US82,55913,55913,0
12,CS26->US90,51370,51370,0
12,CS26->US98,50908,50908,0
12,CS26->US106,50849,50849,0
12,CS26->US114,56297,56297,0
12,CS26->US122,53695,53695,0
12,CS27->US3,51533,51533,0
12,CS27->US11,50426,50426,0
12,CS27->US19,50449,50449,0
12,CS27->US27,51486,51486,0
12,CS27->US35,50895,50895,0
12,CS27->US43,51511,51511,0
12,CS27->US51,51262,51262,0
12,CS27->US59,50970,50970,0
12,CS27->US67,51499,51499,0
12,CS27->US75,51002,51002,0
12,CS27->US83,56218,56218,0
12,CS27->US91,50987,50987,0
12,CS27->US99,50918,50918,0
12,CS27->US107,51072,51072,0
12,CS27->US115,56194,56194,0
12,CS27->US123,53598,53598,0
12,CS28->US4,51254,51254,0
12,CS28->US12,50608,50608,0
12,CS28->US20,50817,50817,0
12,CS28->US28,51380,51380,0
12,CS28->US36,51388,51388,0
12,CS28->US44,51835,51835,0
12,CS28->US52,51763,51763,0
12,CS28->US60,51216,51216,0
12,CS28->US68,51552,51552,0
12,CS28->US76,50957,50957,0
12,CS28->US84,56061,56061,0
12,CS28->US92,50925,50925,0
12,CS28->US100,51330,51330,0
12,CS28->US108,50678,50678,0
12,CS28->US116,55881,55881,0
12,CS28->US124,53481,53481,0
12,CS29->US5,51342,51342,0
12,CS29->US13,50534,50534,0
12,CS29->US21,50889,50889,0
12,CS29->US29,51759,51759,0
12,CS29->US37,50877,50877,0
12,CS29->US45,51639,51639,0
12,CS29->US53,51536,51536,0
12,CS29->US61,51535,51535,0
12,CS29->US69,51600,51600,0
12,CS29->US77,51161,51161,0
12,CS29->US85,55214,55214,0
12,CS29->US93,50948,50948,0
12,CS29->US101,50806,50806,0
12,CS29->US109,51186,51186,0
12,CS29->US117,56140,56140,0
12,CS29->US125,53436,53436,0
12,CS30->US6,51658,51658,0
12,CS30->US14,50432,50432,0
12,CS30->US22,50760,50760,0
12,CS30->US30,51422,51422,0
12,CS30->US38,51394,51394,0
12,CS30->US46,51827,51827,0
12,CS30->US54,51629,51629,0
12,CS30->US62,50920,50920,0
12,CS30->US70,51324,51324,0
12,CS30->US78,50850,50850,0
12,CS30->US86,56015,56015,0
12,CS30->US94,51026,51026,0
12,CS30->US102,50740,50740,0
12,CS30->US110,50956,50956,0
12,CS30->US118,56151,56151,0
12,CS30->US126,53904,53904,0
12,CS31->US7,51964,51964,0
12,CS31->US15,50746,50746,0
12,CS31->US23,50644,50644,0
12,CS31->US31,51201,51201,0
12,CS31->US39,51366,51366,0
12,CS31->US47,51377,51377,0
12,CS31->US55,51646,51646,0
12,CS31->US63,51476,51476,0
12,CS31->US71,50977,50977,0
12,CS31->US79,50698,50698,0
12,CS31->US87,56118,56118,0
12,CS31->US95,51068,51068,0
12,CS31->US103,51223,51223,0
12,CS31->US111,50853,50853,0
12,CS31->US119,56416,56416,0
12,CS31->US127,53497,53497,0
12,CS32->US0,51509,51509,0
12,CS32->US8,50316,50316,0
12,CS32->US16,50723,50723,0
12,CS32->US24,51363,51363,0
12,CS32->US32,51394,51394,0
12,CS32->US40,51390,51390,0
12,CS32->US48,51309,51309,0
12,CS32->US56,51319,51319,0
12,CS32->US64,51145,51145,0
12,CS32->US72,50819,50819,0
12,CS32->US80,56177,56177,0
12,CS32->US88,51119,51119,0
12,CS32->US96,51142,51142,0
12,CS32->US104,51192,51192,0
12,CS32->US112,56613,56613,0
12,CS32->US120,53535,53535,0
12,CS33->US1,51450,51450,0
12,CS33->US9,50774,50774,0
12,CS33->US17,50784,50784,0
12,CS33->US25,51228,51228,0
12,CS33->US33,51180,51180,0
12,CS33->US41,51653,51653,0
12,CS33->US49,51627,51627,0
12,CS33->US57,50869,50869,0
12,CS33->US65,51279,51279,0
12,CS33->US73,51086,51086,0
12,CS33->US81,56021,56021,0
12,CS33->US89,51294,51294,0
12,CS33->US97,50713,50713,0
12,CS33->US105,51487,51487,0
12,CS33->US113,55979,55979,0
12,CS33->US121,53663,53663,0
12,CS34->US2,51171,51171,0
12,CS34->US10,50635,50635,0
12,CS34->US18,50499,50499,0
12,CS34->US26,51600,51600,0
12,CS34->US34,51399,51399,0
12,CS34->US42,51960,51960,0
12,CS34->US50,51503,51503,0
12,CS34->US58,51403,51403,0
12,CS34->US66,51301,51301,0
12,CS34->US74,50957,50957,0
12,CS34->US82,55335,55335,0
12,CS34->US90,50819,50819,0
12,CS34->US98,51056,51056,0
12,CS34->US106,50940,50940,0
12,CS34->US114,56263,56263,0
12,CS34->US122,53398,53398,0
12,CS35->US3,51634,51634,0
12,CS35->US11,50686,50686,0
12,CS35->US19,50426,50426,0
12,CS35->US27,51056,51056,0
12,CS35->US35,51285,51285,0
12,CS35->US43,51668,51668,0
12,CS35->US51,51478,51478,0
12,CS35->US59,51059,51059,0
12,CS35->US67,51111,51111,0
12,CS35->US75,51226,51226,0
12,CS35->US83,55989,55989,0
12,CS35->US91,50964,50964,0
12,CS35->US99,50682,50682,0
12,CS35->US107,50606,50606,0
12,CS35->US115,56179,56179,0
12,CS35->US123,53347,53347,0
12,CS36->US4,51571,51571,0
12,CS36->US12,50643,50643,0
12,CS36->US20,51019,51019,0
12,CS36->US28,51431,51431,0
12,CS36->US36,51500,51500,0
12,CS36->US44,52143,52143,0
12,CS36->US52,51588,51588,0
12,CS36->US60,50931,50931,0
12,CS36->US68,51197,51197,0
12,CS36->US76,51185,51185,0
12,CS36->US84,55838,55838,0
12,CS36->US92,51009,51009,0
12,CS36->US100,50866,50866,0
12,CS36->US108,51021,51021,0
12,CS36->US116,56047,56047,0
12,CS36->US124,53471,53471,0
12,CS37->US5,51701,51701,0
12,CS37->US13,51024,51024,0
12,CS37->US21,50803,50803,0
12,CS37->US29,51149,51149,0
12,CS37->US37,51316,51316,0
12,CS37->US45,52096,52096,0
12,CS37->US53,51044,51044,0
12,CS37->US61,51398,51398,0
12,CS37->US69,51104,51104,0
12,CS37->US77,51100,51100,0
12,CS37->US85,55959,55959,0
12,CS37->US93,50745,50745,0
12,CS37->US101,50803,50803,0
12,CS37->US109,50822,50822,0
12,CS37->US117,56268,56268,0
12,CS37->US125,53528,53528,0
12,CS38->US6,51589,51589,0
12,CS38->US14,50758,50758,0
12,CS38->US22,50711,50711,0
12,CS38->US30,51168,51168,0
12,CS38->US38,51291,51291,0
12,CS38->US46,51499,51499,0
12,CS38->US54,51556,51556,0
12,CS38->US62,51117,51117,0
12,CS38->US70,51030,51030,0
12,CS38->US78,51396,51396,0
12,CS38->US86,55904,55904,0
12,CS38->US94,51141,51141,0
12,CS38->US102,51006,51006,0
12,CS38->US110,51050,51050,0
12,CS38->US118,56493,56493,0
12,CS38->US126,53811,53811,0
12,CS39->US7,51539,51539,0
12,CS39->US15,50951,50951,0
12,CS39->US23,50768,50768,0
12,CS39->US31,51310,51310,0
12,CS39->US39,50823,50823,0
12,CS39->US47,51569,51569,0
12,CS39->US55,51610,51610,0
12,CS39->US63,50834,50834,0
12,CS39->US71,51305,51305,0
12,CS39->US79,51270,51270,0
12,CS39->US87,55979,55979,0
12,CS39->US95,51169,51169,0
12,CS39->US103,50648,50648,0
12,CS39->US111,50688,50688,0
12,CS39->US119,56419,56419,0
12,CS39->US127,53668,53668,0
12,CS40->US0,51424,51424,0
12,CS40->US8,50531,50531,0
12,CS40->US16,50753,50753,0
12,CS40->US24,51518,51518,0
12,CS40->US32,51310,51310,0
12,CS40->US40,51603,51603,0
12,CS40->US48,50950,50950,0
12,CS40->US56,50594,50594,0
12,CS40->US64,51113,51113,0
12,CS40->US72,51238,51238,0
12,CS40->US80,55336,55336,0
12,CS40->US88,50991,50991,0
12,CS40->US96,50838,50838,0
12,CS40->US104,50680,50680,0
12,CS40->US112,56107,56107,0
12,CS40->US120,53422,53422,0
12,CS41->US1,51617,51617,0
12,CS41->US9,50497,50497,0
12,CS41->US17,50912,50912,0
12,CS41->US25,51330,51330,0
12,CS41->US33,51431,51431,0
12,CS41->US41,51726,51726,0
12,CS41->US49,51809,51809,0
12,CS41->US57,51175,51175,0
12,CS41->US65,51272,51272,0
12,CS41->US73,51109,51109,0
12,CS41->US81,56168,56168,0
12,CS41->US89,51190,51190,0
12,CS41->US97,50851,50851,0
12,CS41->US105,51200,51200,0
12,CS41->US113,55992,55992,0
12,CS41->US121,53591,53591,0
12,CS42->US2,51401,51401,0
12,CS42->US10,50670,50670,0
12,CS42->US18,50637,50637,0
12,CS42->US26,51421,51421,0
12,CS42->US34,51091,51091,0
12,CS42->US42,51483,51483,0
12,CS42->US50,51786,51786,0
12,CS42->US58,51350,51350,0
12,CS42->US66,51120,51120,0
12,CS42->US74,51444,51444,0
12,CS42->US82,56024,56024,0
12,CS42->US90,50957,50957,0
12,CS42->US98,51103,51103,0
12,CS42->US106,50928,50928,0
12,CS42->US114,56132,56132,0
12,CS42->US122,53691,53691,0
12,CS43->US3,51210,51210,0
12,CS43->US11,50813,50813,0
12,CS43->US19,50533,50533,0
12,CS43->US27,51196,51196,0
12,CS43->US35,51293,51293,0
12,CS43->US43,51340,51340,0
12,CS43->US51,51345,51345,0
12,CS43->US59,50837,50837,0
12,CS43->US67,51258,51258,0
12,CS43->US75,51015,51015,0
12,CS43->US83,55951,55951,0
12,CS43->US91,50648,50648,0
12,CS43->US99,51055,51055,0
12,CS43->US107,51009,51009,0
12,CS43->US115,56117,56117,0
12,CS43->US123,53738,53738,0
12,CS44->US4,51164,51164,0
12,CS44->US12,50375,50375,0
12,CS44->US20,50450,50450,0
12,CS44->US28,51330,51330,0
12,CS44->US36,51042,51042,0
12,CS44->US44,51776,51776,0
12,CS44->US52,51650,51650,0
12,CS44->US60,51157,51157,0
12,CS44->US68,51261,51261,0
12,CS44->US76,50848,50848,0
12,CS44->US84,56530,56530,0
12,CS44->US92,51098,51098,0
12,CS44->US100,51101,51101,0
12,CS44->US108,50818,50818,0
12,CS44->US116,56314,56314,0
12,CS44->US124,53175,53175,0
12,CS45->US5,51215,51215,0
12,CS45->US13,50479,50479,0
12,CS45->US21,50782,50782,0
12,CS45->US29,51565,51565,0
12,CS45->US37,51446,51446,0
12,CS45->US45,51871,51871,0
12,CS45->US53,51616,51616,0
12,CS45->US61,51144,51144,0
12,CS45->US69,51367,51367,0
12,CS45->US77,50730,50730,0
12,CS45->US85,56075,56075,0
12,CS45->US93,50971,50971,0
12,CS45->US101,50844,50844,0
12,CS45->US109,50921,50921,0
12,CS45->US117,55802,55802,0
12,CS45->US125,53519,53519,0
12,CS46->US6,51068,51068,0
12,CS46->US14,50893,50893,0
12,CS46->US22,50751,50751,0
12,CS46->US30,51170,51170,0
12,CS46->US38,51573,51573,0
12,CS46->US46,51754,51754,0
12,CS46->US54,51808,51808,0
12,CS46->US62,51083,51083,0
12,CS46->US70,51768,51768,0
12,CS46->US78,51040,51040,0
12,CS46->US86,56104,56104,0
12,CS46->US94,50603,50603,0
12,CS46->US102,51034,51034,0
12,CS46->US110,50627,50627,0
12,CS46->US118,55667,55667,0
12,CS46->US126,53769,53769,0
12,CS47->US7,51450,51450,0
12,CS47->US15,50604,50604,0
12,CS47->US23,50372,50372,0
12,CS47->US31,51411,51411,0
12,CS47->US39,51182,51182,0
12,CS47->US47,51409,51409,0
12,CS47->US55,51329,51329,0
12,CS47->US63,51391,51391,0
12,CS47->US71,51083,51083,0
12,CS47->US79,50756,50756,0
12,CS47->US87,56368,56368,0
12,CS47->US95,50856,50856,0
12,CS47->US103,50816,50816,0
12,CS47->US111,50880,50880,0
12,CS47->US119,56248,56248,0
12,CS47->US127,53332,53332,0
12,CS48->US0,51879,51879,0
12,CS48->US8,50439,50439,0
12,CS48->US16,50504,50504,0
12,CS48->US24,51586,51586,0
12,CS48->US32,51387,51387,0
12,CS48->US40,51382,51382,0
12,CS48->US48,51938,51938,0
12,CS48->US56,51248,51248,0
12,CS48->US64,51642,51642,0
12,CS48->US72,50698,50698,0
12,CS48->US80,55638,55638,0
12,CS48->US88,50935,50935,0
12,CS48->US96,50813,50813,0
12,CS48->US104,51196,51196,0
12,CS48->US112,56197,56197,0
12,CS48->US120,53455,53455,0
12,CS49->US1,51573,51573,0
12,CS49->US9,50325,50325,0
12,CS49->US17,50965,50965,0
12,CS49->US25,51331,51331,0
12,CS49->US33,51530,51530,0
12,CS49->US41,52122,52122,0
12,CS49->US49,51823,51823,0
12,CS49->US57,51295,51295,0
12,CS49->US65,51613,51613,0
12,CS49->US73,51196,51196,0
12,CS49->US81,56163,56163,0
12,CS49->US89,51192,51192,0
12,CS49->US97,50808,50808,0
12,CS49->US105,51017,51017,0
12,CS49->US113,56032,56032,0
12,CS49->US121,53038,53038,0
12,CS50->US2,51449,51449,0
12,CS50->US10,50715,50715,0
12,CS50->US18,50630,50630,0
12,CS50->US26,51281,51281,0
12,CS50->US34,51348,51348,0
12,CS50->US42,51253,51253,0
12,CS50->US50,51516,51516,0
12,CS50->US58,50693,50693,0
12,CS50->US66,51308,51308,0
12,CS50->US74,51058,51058,0
12,CS50->US82,55989,55989,0
12,CS50->US90,51366,51366,0
12,CS50->US98,50840,50840,0
12,CS50->US106,50870,50870,0
12,CS50->US114,56236,56236,0
12,CS50->US122,53716,53716,0
12,CS51->US3,51457,51457,0
12,CS51->US11,50455,50455,0
12,CS51->US19,50986,50986,0
12,CS51->US27,51191,51191,0
12,CS51->US35,51257,51257,0
12,CS51->US43,51512,51512,0
12,CS51->US51,51581,51581,0
12,CS51->US59,51144,51144,0
12,CS51->US67,51931,51931,0
12,CS51->US75,51227,51227,0
12,CS51->US83,56326,56326,0
12,CS51->US91,50744,50744,0
12,CS51->US99,51199,51199,0
12,CS51->US107,50956,50956,0
12,CS51->US115,56395,56395,0
12,CS51->US123,53856,53856,0
12,CS52->US4,51305,51305,0
12,CS52->US12,50480,50480,0
12,CS52->US20,50777,50777,0
12,CS52->US28,51452,51452,0
12,CS52->US36,51444,51444,0
12,CS52->US44,51641,51641,0
12,CS52->US52,50890,50890,0
12,CS52->US60,51208,51208,0
12,CS52->US68,51641,51641,0
12,CS52->US76,50697,50697,0
12,CS52->US84,55995,55995,0
12,CS52->US92,51516,51516,0
12,CS52->US100,50954,50954,0
12,CS52->US108,51055,51055,0
12,CS52->US116,56382,56382,0
12,CS52->US124,53607,53607,0
12,CS53->US5,51515,51515,0
12,CS53->US13,50619,50619,0
12,CS53->US21,50958,50958,0
12,CS53->US29,50977,50977,0
12,CS53->US37,51259,51259,0
12,CS53->US45,51461,51461,0
12,CS53->US53,51397,51397,0
12,CS53->US61,51266,51266,0
12,CS53->US69,51139,51139,0
12,CS53->US77,51270,51270,0
12,CS53->US85,55882,55882,0
12,CS53->US93,51128,51128,0
12,CS53->US101,50890,50890,0
12,CS53->US109,50826,50826,0
12,CS53->US117,56539,56539,0
12,CS53->US125,53715,53715,0
12,CS54->US6,51648,51648,0
12,CS54->US14,50626,50626,0
12,CS54->US22,50789,50789,0
12,CS54->US30,51230,51230,0
12,CS54->US38,51441,51441,0
12,CS54->US46,51510,51510,0
12,CS54->US54,51808,51808,0
12,CS54->US62,51180,51180,0
12,CS54->US70,51386,51386,0
12,CS54->US78,51287,51287,0
12,CS54->US86,56177,56177,0
12,CS54->US94,50921,50921,0
12,CS54->US102,50845,50845,0
12,CS54->US110,51215,51215,0
12,CS54->US118,56257,56257,0
12,CS54->US126,53801,53801,0
12,CS55->US7,51686,51686,0
12,CS55->US15,51271,51271,0
12,CS55->US23,50776,50776,0
12,CS55->US31,51555,51555,0
12,CS55->US39,51042,51042,0
12,CS55->US47,51546,51546,0
12,CS55->US55,51829,51829,0
12,CS55->US63,50845,50845,0
12,CS55->US71,51476,51476,0
12,CS55->US79,50937,50937,0
12,CS55->US87,55818,55818,0
12,CS55->US95,51251,51251,0
12,CS55->US103,50986,50986,0
12,CS55->US111,51007,51007,0
12,CS55->US119,56261,56261,0
12,CS55->US127,53622,53622,0
12,CS56->US0,51553,51553,0
12,CS56->US8,50691,50691,0
12,CS56->US16,51180,51180,0
12,CS56->US24,51614,51614,0
12,CS56->US32,51488,51488,0
12,CS56->US40,51774,51774,0
12,CS56->US48,51047,51047,0
12,CS56->US56,51374,51374,0
12,CS56->US64,51322,51322,0
12,CS56->US72,51223,51223,0
12,CS56->US80,56410,56410,0
12,CS56->US88,50826,50826,0
12,CS56->US96,51152,51152,0
12,CS56->US104,51160,51160,0
12,CS56->US112,56233,56233,0
12,CS56->US120,53550,53550,0
12,CS57->US1,51379,51379,0
12,CS57->US9,51013,51013,0
12,CS57->US17,50588,50588,0
12,CS57->US25,51393,51393,0
12,CS57->US33,51535,51535,0
12,CS57->US41,51731,51731,0
12,CS57->US49,51744,51744,0
12,CS57->US57,50977,50977,0
12,CS57->US65,51560,51560,0
12,CS57->US73,50989,50989,0
12,CS57->US81,55799,55799,0
12,CS57->US89,51027,51027,0
12,CS57->US97,51119,51119,0
12,CS57->US105,51103,51103,0
12,CS57->US113,55904,55904,0
12,CS57->US121,53509,53509,0
12,CS58->US2,51826,51826,0
12,CS58->US10,50717,50717,0
12,CS58->US18,50651,50651,0
12,CS58->US26,51160,51160,0
12,CS58->US34,51287,51287,0
12,CS58->US42,51677,51677,0
12,CS58->US50,51822,51822,0
12,CS58->US58,50780,50780,0
12,CS58->US66,51177,51177,0
12,CS58->US74,51076,51076,0
12,CS58->US82,55832,55832,0
12,CS58->US90,51261,51261,0
12,CS58->US98,51054,51054,0
12,CS58->US106,51054,51054,0
12,CS58->US114,55947,55947,0
12,CS58->US122,53562,53562,0
12,CS59->US3,51501,51501,0
12,CS59->US11,50717,50717,0
12,CS59->US19,50581,50581,0
12,CS59->US27,51423,51423,0
12,CS59->US35,50965,50965,0
12,CS59->US43,51937,51937,0
12,CS59->US51,51220,51220,0
12,CS59->US59,50943,50943,0
12,CS59->US67,51371,51371,0
12,CS59->US75,50783,50783,0
12,CS59->US83,56138,56138,0
12,CS59->US91,50883,50883,0
12,CS59->US99,50657,50657,0
12,CS59->US107,51415,51415,0
12,CS59->US115,56372,56372,0
12,CS59->US123,53690,53690,0
12,CS60->US4,51199,51199,0
12,CS60->US12,50376,50376,0
12,CS60->US20,50436,50436,0
12,CS60->US28,51535,51535,0
12,CS60->US36,51395,51395,0
12,CS60->US44,51437,51437,0
12,CS60->US52,51069,51069,0
12,CS60->US60,51343,51343,0
12,CS60->US68,50997,50997,0
12,CS60->US76,50769,50769,0
12,CS60->US84,55711,55711,0
12,CS60->US92,50901,50901,0
12,CS60->US100,50891,50891,0
12,CS60->US108,50680,50680,0
12,CS60->US116,55964,55964,0
12,CS60->US124,53405,53405,0
12,CS61->US5,51854,51854,0
12,CS61->US13,50528,50528,0
12,CS61->US21,51051,51051,0
12,CS61->US29,51582,51582,0
12,CS61->US37,51103,51103,0
12,CS61->US45,51908,51908,0
12,CS61->US53,51270,51270,0
12,CS61->US61,51118,51118,0
12,CS61->US69,51165,51165,0
12,CS61->US77,51399,51399,0
12,CS61->US85,55855,55855,0
12,CS61->US93,51285,51285,0
12,CS61->US101,50831,50831,0
12,CS61->US109,51003,51003,0
12,CS61->US117,56439,56439,0
12,CS61->US125,53903,53903,0
12,CS62->US6,51407,51407,0
12,CS62->US14,50449,50449,0
12,CS62->US22,50954,50954,0
12,CS62->US30,51206,51206,0
12,CS62->US38,50972,50972,0
12,CS62->US46,52151,52151,0
12,CS62->US54,51807,51807,0
12,CS62->US62,51041,51041,0
12,CS62->US70,51420,51420,0
12,CS62->US78,51142,51142,0
12,CS62->US86,56078,56078,0
12,CS62->US94,50583,50583,0
12,CS62->US102,51141,51141,0
12,CS62->US110,51100,51100,0
12,CS62->US118,56005,56005,0
12,CS62->US126,53635,53635,0
12,CS63->US7,50942,50942,0
12,CS63->US15,50204,50204,0
12,CS63->US23,50966,50966,0
12,CS63->US31,51126,51126,0
12,CS63->US39,51472,51472,0
12,CS63->US47,51700,51700,0
12,CS63->US55,51380,51380,0
12,CS63->US63,50755,50755,0
12,CS63->US71,51245,51245,0
12,CS63->US79,51071,51071,0
12,CS63->US87,55729,55729,0
12,CS63->US95,50999,50999,0
12,CS63->US103,50711,50711,0
12,CS63->US111,51139,51139,0
12,CS63->US119,56392,56392,0
12,CS63->US127,53954,53954,0
13,US0->CS0,51667,51667,0
13,US0->CS8,52205,52205,0
13,US0->CS16,51702,51702,0
13,US0->CS24,51659,51659,0
13,US0->CS32,51596,51596,0
13,US0->CS40,51257,51257,0
13,US0->CS48,52244,52244,0
13,US0->CS56,51317,51317,0
13,US1->CS1,51812,51812,0
13,US1->CS9,52013,52013,0
13,US1->CS17,51935,51935,0
13,US1->CS25,51906,51906,0
13,US1->CS33,51896,51896,0
13,US1->CS41,52096,52096,0
13,US1->CS49,52101,52101,0
13,US1->CS57,51978,51978,0
13,US2->CS2,51767,51767,0
13,US2->CS10,51576,51576,0
13,US2->CS18,51649,51649,0
13,US2->CS26,51505,51505,0
13,US2->CS34,51820,51820,0
13,US2->CS42,52066,52066,0
13,US2->CS50,51845,51845,0
13,US2->CS58,52126,52126,0
13,US3->CS3,51389,51389,0
13,US3->CS11,51299,51299,0
13,US3->CS19,51699,51699,0
13,US3->CS27,51532,51532,0
13,US3->CS35,51790,51790,0
13,US3->CS43,51634,51634,0
13,US3->CS51,51866,51866,0
13,US3->CS59,51505,51505,0
13,US4->CS4,51612,51612,0
13,US4->CS12,51673,51673,0
13,US4->CS20,51285,51285,0
13,US4->CS28,52032,52032,0
13,US4->CS36,51930,51930,0
13,US4->CS44,51944,51944,0
13,US4->CS52,51202,51202,0
13,US4->CS60,51351,51351,0
13,US5->CS5,51448,51448,0
13,US5->CS13,52012,52012,0
13,US5->CS21,51933,51933,0
13,US5->CS29,51816,51816,0
13,US5->CS37,51332,51332,0
13,US5->CS45,51907,51907,0
13,US5->CS53,51650,51650,0
13,US5->CS61,51583,51583,0
13,US6->CS6,51787,51787,0
13,US6->CS14,51403,51403,0
13,US6->CS22,51724,51724,0
13,US6->CS30,51905,51905,0
13,US6->CS38,51860,51860,0
13,US6->CS46,52090,52090,0
13,US6->CS54,52049,52049,0
13,US6->CS62,52083,52083,0
13,US7->CS7,51957,51957,0
13,US7->CS15,51987,51987,0
13,US7->CS23,52057,52057,0
13,US7->CS31,51966,51966,0
13,US7->CS39,51904,51904,0
13,US7->CS47,51648,51648,0
13,US7->CS55,52120,52120,0
13,US7->CS63,51664,51664,0
13,US8->CS0,56293,56293,0
13,US8->CS8,56744,56744,0
13,US8->CS16,56262,56262,0
13,US8->CS24,56530,56530,0
13,US8->CS32,56539,56539,0
13,US8->CS40,55700,55700,0
13,US8->CS48,55995,55995,0
13,US8->CS56,56817,56817,0
13,US9->CS1,56576,56576,0
13,US9->CS9,56494,56494,0
13,US9->CS17,56107,56107,0
13,US9->CS25,56572,56572,0
13,US9->CS33,56435,56435,0
13,US9->CS41,56473,56473,0
13,US9->CS49,56486,56486,0
13,US9->CS57,56174,56174,0
13,US10->CS2,56251,56251,0
13,US10->CS10,56604,56604,0
13,US10->CS18,56014,56014,0
13,US10->CS26,56283,56283,0
13,US10->CS34,55727,55727,0
13,US10->CS42,56446,56446,0
13,US10->CS50,56421,56421,0
13,US10->CS58,56143,56143,0
13,US11->CS3,56103,56103,0
13,US11->CS11,56274,56274,0
13,US11->CS19,56369,56369,0
13,US11->CS27,56569,56569,0
13,US11->CS35,56355,56355,0
13,US11->CS43,56303,56303,0
13,US11->CS51,56707,56707,0
13,US11->CS59,56461,56461,0
13,US12->CS4,56428,56428,0
13,US12->CS12,56259,56259,0
13,US12->CS20,56689,56689,0
13,US12->CS28,56454,56454,0
13,US12->CS36,56255,56255,0
13,US12->CS44,56883,56883,0
13,US12->CS52,56350,56350,0
13,US12->CS60,56074,56074,0
13,US13->CS5,56488,56488,0
13,US13->CS13,56334,56334,0
13,US13->CS21,56295,56295,0
13,US13->CS29,55557,55557,0
13,US13->CS37,56266,56266,0
13,US13->CS45,56416,56416,0
13,US13->CS53,56232,56232,0
13,US13->CS61,56186,56186,0
13,US14->CS6,56221,56221,0
13,US14->CS14,56207,56207,0
13,US14->CS22,56474,56474,0
13,US14->CS30,56422,56422,0
13,US14->CS38,56200,56200,0
13,US14->CS46,56410,56410,0
13,US14->CS54,56505,56505,0
13,US14->CS62,56473,56473,0
13,US15->CS7,56515,56515,0
13,US15->CS15,56110,56110,0
13,US15->CS23,56442,56442,0
13,US15->CS31,56451,56451,0
13,US15->CS39,56275,56275,0
13,US15->CS47,56710,56710,0
13,US15->CS55,56169,56169,0
13,US15->CS63,56026,56026,0
13,US16->CS0,53856,53856,0
13,US16->CS8,53900,53900,0
13,US16->CS16,53797,53797,0
13,US16->CS24,54025,54025,0
13,US16->CS32,53886,53886,0
13,US16->CS40,53769,53769,0
13,US16->CS48,53742,53742,0
13,US16->CS56,53851,53851,0
13,US17->CS1,53854,53854,0
13,US17->CS9,54131,54131,0
13,US17->CS17,53865,53865,0
13,US17->CS25,54111,54111,0
13,US17->CS33,53966,53966,0
13,US17->CS41,53898,53898,0
13,US17->CS49,53325,53325,0
13,US17->CS57,53916,53916,0
13,US18->CS2,54045,54045,0
13,US18->CS10,53985,53985,0
13,US18->CS18,53849,53849,0
13,US18->CS26,54022,54022,0
13,US18->CS34,53745,53745,0
13,US18->CS42,54014,54014,0
13,US18->CS50,54020,54020,0
13,US18->CS58,53851,53851,0
13,US19->CS3,53851,53851,0
13,US19->CS11,53744,53744,0
13,US19->CS19,53439,53439,0
13,US19->CS27,53837,53837,0
13,US19->CS35,53588,53588,0
13,US19->CS43,54069,54069,0
13,US19->CS51,54109,54109,0
13,US19->CS59,54005,54005,0
13,US20->CS4,53993,53993,0
13,US20->CS12,53439,53439,0
13,US20->CS20,53748,53748,0
13,US20->CS28,53742,53742,0
13,US20->CS36,53798,53798,0
13,US20->CS44,53461,53461,0
13,US20->CS52,53916,53916,0
13,US20->CS60,53727,53727,0
13,US21->CS5,54249,54249,0
13,US21->CS13,54019,54019,0
13,US21->CS21,53937,53937,0
13,US21->CS29,53731,53731,0
13,US21->CS37,53797,53797,0
13,US21->CS45,53842,53842,0
13,US21->CS53,53969,53969,0
13,US21->CS61,54304,54304,0
13,US22->CS6,53567,53567,0
13,US22->CS14,53818,53818,0
13,US22->CS22,53536,53536,0
13,US22->CS30,54214,54214,0
13,US22->CS38,54135,54135,0
13,US22->CS46,54029,54029,0
13,US22->CS54,54069,54069,0
13,US22->CS62,53876,53876,0
13,US23->CS7,53810,53810,0
13,US23->CS15,53803,53803,0
13,US23->CS23,53991,53991,0
13,US23->CS31,53803,53803,0
13,US23->CS39,54029,54029,0
13,US23->CS47,53626,53626,0
13,US23->CS55,53944,53944,0
13,US23->CS63,54193,54193,0
13,US24->CS0,51807,51807,0
13,US24->CS8,51538,51538,0
13,US24->CS16,51146,51146,0
13,US24->CS24,50800,50800,0
13,US24->CS32,51587,51587,0
13,US24->CS40,50854,50854,0
13,US24->CS48,51403,51403,0
13,US24->CS56,51602,51602,0
13,US25->CS1,51066,51066,0
13,US25->CS9,51775,51775,0
13,US25->CS17,51265,51265,0
13,US25->CS25,51196,51196,0
13,US25->CS33,51097,51097,0
13,US25->CS41,51482,51482,0
13,US25->CS49,51466,51466,0
13,US25->CS57,51233,51233,0
13,US26->CS2,51307,51307,0
13,US26->CS10,51575,51575,0
13,US26->CS18,50992,50992,0
13,US26->CS26,51373,51373,0
13,US26->CS34,51578,51578,0
13,US26->CS42,51589,51589,0
13,US26->CS50,50939,50939,0
13,US26->CS58,50984,50984,0
13,US27->CS3,51069,51069,0
13,US27->CS11,51321,51321,0
13,US27->CS19,51410,51410,0
13,US27->CS27,51180,51180,0
13,US27->CS35,51363,51363,0
13,US27->CS43,51065,51065,0
13,US27->CS51,51395,51395,0
13,US27->CS59,51189,51189,0
13,US28->CS4,51215,51215,0
13,US28->CS12,51619,51619,0
13,US28->CS20,51826,51826,0
13,US28->CS28,51492,51492,0
13,US28->CS36,51144,51144,0
13,US28->CS44,51425,51425,0
13,US28->CS52,51370,51370,0
13,US28->CS60,51600,51600,0
13,US29->CS5,51262,51262,0
13,US29->CS13,51095,51095,0
13,US29->CS21,51162,51162,0
13,US29->CS29,51706,51706,0
13,US29->CS37,51715,51715,0
13,US29->CS45,51316,51316,0
13,US29->CS53,51474,51474,0
13,US29->CS61,51315,51315,0
13,US30->CS6,51253,51253,0
13,US30->CS14,51839,51839,0
13,US30->CS22,51270,51270,0
13,US30->CS30,51116,51116,0
13,US30->CS38,51403,51403,0
13,US30->CS46,51344,51344,0
13,US30->CS54,51410,51410,0
13,US30->CS62,51264,51264,0
13,US31->CS7,50856,50856,0
13,US31->CS15,50944,50944,0
13,US31->CS23,51711,51711,0
13,US31->CS31,51717,51717,0
13,US31->CS39,51147,51147,0
13,US31->CS47,51625,51625,0
13,US31->CS55,51166,51166,0
13,US31->CS63,50992,50992,0
13,US32->CS0,52041,52041,0
13,US32->CS8,51393,51393,0
13,US32->CS16,51285,51285,0
13,US32->CS24,51347,51347,0
13,US32->CS32,51399,51399,0
13,US32->CS40,51480,51480,0
13,US32->CS48,52026,52026,0
13,US32->CS56,51646,51646,0
13,US33->CS1,51462,51462,0
13,US33->CS9,51906,51906,0
13,US33->CS17,52132,52132,0
13,US33->CS25,51832,51832,0
13,US33->CS33,51642,51642,0
13,US33->CS41,51619,51619,0
13,US33->CS49,51976,51976,0
13,US33->CS57,51886,51886,0
13,US34->CS2,51583,51583,0
13,US34->CS10,51603,51603,0
13,US34->CS18,52062,52062,0
13,US34->CS26,50996,50996,0
13,US34->CS34,51701,51701,0
13,US34->CS42,51479,51479,0
13,US34->CS50,51644,51644,0
13,US34->CS58,51524,51524,0
13,US35->CS3,51744,51744,0
13,US35->CS11,51593,51593,0
13,US35->CS19,51754,51754,0
13,US35->CS27,51877,51877,0
13,US35->CS35,51441,51441,0
13,US35->CS43,51621,51621,0
13,US35->CS51,52282,52282,0
13,US35->CS59,51769,51769,0
13,US36->CS4,51638,51638,0
13,US36->CS12,51594,51594,0
13,US36->CS20,51467,51467,0
13,US36->CS28,51883,51883,0
13,US36->CS36,51579,51579,0
13,US36->CS44,51630,51630,0
13,US36->CS52,51952,51952,0
13,US36->CS60,51333,51333,0
13,US37->CS5,51827,51827,0
13,US37->CS13,51432,51432,0
13,US37->CS21,51634,51634,0
13,US37->CS29,51977,51977,0
13,US37->CS37,51414,51414,0
13,US37->CS45,51684,51684,0
13,US37->CS53,51486,51486,0
13,US37->CS61,51440,51440,0
13,US38->CS6,51656,51656,0
13,US38->CS14,51713,51713,0
13,US38->CS22,51681,51681,0
13,US38->CS30,51682,51682,0
13,US38->CS38,51395,51395,0
13,US38->CS46,52113,52113,0
13,US38->CS54,51751,51751,0
13,US38->CS62,51836,51836,0
13,US39->CS7,51655,51655,0
13,US39->CS15,51611,51611,0
13,US39->CS23,51661,51661,0
13,US39->CS31,51324,51324,0
13,US39->CS39,51613,51613,0
13,US39->CS47,51411,51411,0
13,US39->CS55,51817,51817,0
13,US39->CS63,51587,51587,0
13,US40->CS0,56561,56561,0
13,US40->CS8,56027,56027,0
13,US40->CS16,55896,55896,0
13,US40->CS24,56498,56498,0
13,US40->CS32,56552,56552,0
13,US40->CS40,56107,56107,0
13,US40->CS48,56235,56235,0
13,US40->CS56,56304,56304,0
13,US41->CS1,55790,55790,0
13,US41->CS9,56052,56052,0
13,US41->CS17,55929,55929,0
13,US41->CS25,56463,56463,0
13,US41->CS33,56074,56074,0
13,US41->CS41,55962,55962,0
13,US41->CS49,56083,56083,0
13,US41->CS57,55974,55974,0
13,US42->CS2,56632,56632,0
13,US42->CS10,56215,56215,0
13,US42->CS18,55962,55962,0
13,US42->CS26,56326,56326,0
13,US42->CS34,56252,56252,0
13,US42->CS42,56160,56160,0
13,US42->CS50,56236,56236,0
13,US42->CS58,55923,55923,0
13,US43->CS3,56291,56291,0
13,US43->CS11,56121,56121,0
13,US43->CS19,56415,56415,0
13,US43->CS27,56242,56242,0
13,US43->CS35,56162,56162,0
13,US43->CS43,56153,56153,0
13,US43->CS51,56407,56407,0
13,US43->CS59,56441,56441,0
13,US44->CS4,56094,56094,0
13,US44->CS12,56301,56301,0
13,US44->CS20,56479,56479,0
13,US44->CS28,55913,55913,0
13,US44->CS36,56008,56008,0
13,US44->CS44,56381,56381,0
13,US44->CS52,56396,56396,0
13,US44->CS60,55992,55992,0
13,US45->CS5,56139,56139,0
13,US45->CS13,56231,56231,0
13,US45->CS21,56134,56134,0
13,US45->CS29,56218,56218,0
13,US45->CS37,56276,56276,0
13,US45->CS45,55864,55864,0
13,US45->CS53,56612,56612,0
13,US45->CS61,56492,56492,0
13,US46->CS6,56319,56319,0
13,US46->CS14,56317,56317,0
13,US46->CS22,56374,56374,0
13,US46->CS30,56224,56224,0
13,US46->CS38,56508,56508,0
13,US46->CS46,55661,55661,0
13,US46->CS54,56343,56343,0
13,US46->CS62,56033,56033,0
13,US47->CS7,55881,55881,0
13,US47->CS15,56477,56477,0
13,US47->CS23,56270,56270,0
13,US47->CS31,56425,56425,0
13,US47->CS39,56426,56426,0
13,US47->CS47,56276,56276,0
13,US47->CS55,56267,56267,0
13,US47->CS63,56468,56468,0
13,US48->CS0,52245,52245,0
13,US48->CS8,52123,52123,0
13,US48->CS16,51684,51684,0
13,US48->CS24,52124,52124,0
13,US48->CS32,51808,51808,0
13,US48->CS40,51695,51695,0
13,US48->CS48,52125,52125,0
13,US48->CS56,51908,51908,0
13,US49->CS1,51456,51456,0
13,US49->CS9,51040,51040,0
13,US49->CS17,51906,51906,0
13,US49->CS25,51848,51848,0
13,US49->CS33,51754,51754,0
13,US49->CS41,51925,51925,0
13,US49->CS49,51877,51877,0
13,US49->CS57,51634,51634,0
13,US50->CS2,51980,51980,0
13,US50->CS10,51897,51897,0
13,US50->CS18,51892,51892,0
13,US50->CS26,51927,51927,0
13,US50->CS34,51470,51470,0
13,US50->CS42,51685,51685,0
13,US50->CS50,51731,51731,0
13,US50->CS58,52136,52136,0
13,US51->CS3,51689,51689,0
13,US51->CS11,51494,51494,0
13,US51->CS19,51393,51393,0
13,US51->CS27,51829,51829,0
13,US51->CS35,51937,51937,0
13,US51->CS43,51509,51509,0
13,US51->CS51,51767,51767,0
13,US51->CS59,51803,51803,0
13,US52->CS4,51773,51773,0
13,US52->CS12,51832,51832,0
13,US52->CS20,51778,51778,0
13,US52->CS28,51513,51513,0
13,US52->CS36,51888,51888,0
13,US52->CS44,51482,51482,0
13,US52->CS52,51601,51601,0
13,US52->CS60,51497,51497,0
13,US53->CS5,52108,52108,0
13,US53->CS13,51708,51708,0
13,US53->CS21,51738,51738,0
13,US53->CS29,51607,51607,0
13,US53->CS37,52012,52012,0
13,US53->CS45,51498,51498,0
13,US53->CS53,51783,51783,0
13,US53->CS61,52127,52127,0
13,US54->CS6,51219,51219,0
13,US54->CS14,51658,51658,0
13,US54->CS22,51654,51654,0
13,US54->CS30,51915,51915,0
13,US54->CS38,51887,51887,0
13,US54->CS46,51359,51359,0
13,US54->CS54,51926,51926,0
13,US54->CS62,51678,51678,0
13,US55->CS7,51889,51889,0
13,US55->CS15,51910,51910,0
13,US55->CS23,52121,52121,0
13,US55->CS31,52236,52236,0
13,US55->CS39,51815,51815,0
13,US55->CS47,51760,51760,0
13,US55->CS55,51977,51977,0
13,US55->CS63,51232,51232,0
13,US56->CS0,51752,51752,0
13,US56->CS8,51578,51578,0
13,US56->CS16,51777,51777,0
13,US56->CS24,51706,51706,0
13,US56->CS32,51603,51603,0
13,US56->CS40,51813,51813,0
13,US56->CS48,51857,51857,0
13,US56->CS56,51835,51835,0
13,US57->CS1,51818,51818,0
13,US57->CS9,51916,51916,0
13,US57->CS17,51480,51480,0
13,US57->CS25,51392,51392,0
13,US57->CS33,51423,51423,0
13,US57->CS41,51528,51528,0
13,US57->CS49,51576,51576,0
13,US57->CS57,51614,51614,0
13,US58->CS2,51494,51494,0
13,US58->CS10,52190,52190,0
13,US58->CS18,51634,51634,0
13,US58->CS26,51533,51533,0
13,US58->CS34,51777,51777,0
13,US58->CS42,51632,51632,0
13,US58->CS50,51408,51408,0
13,US58->CS58,51390,51390,0
13,US59->CS3,51361,51361,0
13,US59->CS11,52153,52153,0
13,US59->CS19,52017,52017,0
13,US59->CS27,51782,51782,0
13,US59->CS35,51332,51332,0
13,US59->CS43,51366,51366,0
13,US59->CS51,51402,51402,0
13,US59->CS59,51596,51596,0
13,US60->CS4,51442,51442,0
13,US60->CS12,51342,51342,0
13,US60->CS20,51570,51570,0
13,US60->CS28,51544,51544,0
13,US60->CS36,51657,51657,0
13,US60->CS44,51506,51506,0
13,US60->CS52,51686,51686,0
13,US60->CS60,51773,51773,0
13,US61->CS5,51773,51773,0
13,US61->CS13,51714,51714,0
13,US61->CS21,51531,51531,0
13,US61->CS29,52040,52040,0
13,US61->CS37,51402,51402,0
13,US61->CS45,51789,51789,0
13,US61->CS53,51243,51243,0
13,US61->CS61,51856,51856,0
13,US62->CS6,51838,51838,0
13,US62->CS14,51805,51805,0
13,US62->CS22,51100,51100,0
13,US62->CS30,51642,51642,0
13,US62->CS38,51441,51441,0
13,US62->CS46,51374,51374,0
13,US62->CS54,51516,51516,0
13,US62->CS62,51425,51425,0
13,US63->CS7,51865,51865,0
13,US63->CS15,51639,51639,0
13,US63->CS23,51852,51852,0
13,US63->CS31,51337,51337,0
13,US63->CS39,51600,51600,0
13,US63->CS47,51697,51697,0
13,US63->CS55,51717,51717,0
13,US63->CS63,51409,51409,0
13,US64->CS0,51254,51254,0
13,US64->CS8,51873,51873,0
13,US64->CS16,51394,51394,0
13,US64->CS24,51925,51925,0
13,US64->CS32,51741,51741,0
13,US64->CS40,51688,51688,0
13,US64->CS48,51716,51716,0
13,US64->CS56,51889,51889,0
13,US65->CS1,51632,51632,0
13,US65->CS9,51539,51539,0
13,US65->CS17,52103,52103,0
13,US65->CS25,51719,51719,0
13,US65->CS33,51549,51549,0
13,US65->CS41,51817,51817,0
13,US65->CS49,51858,51858,0
13,US65->CS57,51884,51884,0
13,US66->CS2,51173,51173,0
13,US66->CS10,51663,51663,0
13,US66->CS18,51323,51323,0
13,US66->CS26,51480,51480,0
13,US66->CS34,51734,51734,0
13,US66->CS42,51441,51441,0
13,US66->CS50,51712,51712,0
13,US66->CS58,51635,51635,0
13,US67->CS3,51261,51261,0
13,US67->CS11,51466,51466,0
13,US67->CS19,52100,52100,0
13,US67->CS27,51227,51227,0
13,US67->CS35,51628,51628,0
13,US67->CS43,51662,51662,0
13,US67->CS51,51634,51634,0
13,US67->CS59,51307,51307,0
13,US68->CS4,51245,51245,0
13,US68->CS12,51828,51828,0
13,US68->CS20,51640,51640,0
13,US68->CS28,51746,51746,0
13,US68->CS36,51860,51860,0
13,US68->CS44,51449,51449,0
13,US68->CS52,51783,51783,0
13,US68->CS60,51782,51782,0
13,US69->CS5,51642,51642,0
13,US69->CS13,51775,51775,0
13,US69->CS21,51529,51529,0
13,US69->CS29,51223,51223,0
13,US69->CS37,51662,51662,0
13,US69->CS45,51834,51834,0
13,US69->CS53,51622,51622,0
13,US69->CS61,51497,51497,0
13,US70->CS6,51428,51428,0
13,US70->CS14,51592,51592,0
13,US70->CS22,51874,51874,0
13,US70->CS30,51752,51752,0
13,US70->CS38,51665,51665,0
13,US70->CS46,51962,51962,0
13,US70->CS54,51836,51836,0
13,US70->CS62,51284,51284,0
13,US71->CS7,51428,51428,0
13,US71->CS15,51432,51432,0
13,US71->CS23,52064,52064,0
13,US71->CS31,51682,51682,0
13,US71->CS39,51274,51274,0
13,US71->CS47,51580,51580,0
13,US71->CS55,51403,51403,0
13,US71->CS63,51823,51823,0
13,US72->CS0,51028,51028,0
13,US72->CS8,51144,51144,0
13,US72->CS16,51295,51295,0
13,US72->CS24,51144,51144,0
13,US72->CS32,51187,51187,0
13,US72->CS40,51044,51044,0
13,US72->CS48,51065,51065,0
13,US72->CS56,51015,51015,0
13,US73->CS1,51263,51263,0
13,US73->CS9,51276,51276,0
13,US73->CS17,50811,50811,0
13,US73->CS25,51282,51282,0
13,US73->CS33,51514,51514,0
13,US73->CS41,51366,51366,0
13,US73->CS49,51332,51332,0
13,US73->CS57,51129,51129,0
13,US74->CS2,51009,51009,0
13,US74->CS10,51123,51123,0
13,US74->CS18,51169,51169,0
13,US74->CS26,51525,51525,0
13,US74->CS34,50978,50978,0
13,US74->CS42,51132,51132,0
13,US74->CS50,51458,51458,0
13,US74->CS58,51407,51407,0
13,US75->CS3,51057,51057,0
13,US75->CS11,50982,50982,0
13,US75->CS19,51432,51432,0
13,US75->CS27,51152,51152,0
13,US75->CS35,51071,51071,0
13,US75->CS43,50770,50770,0
13,US75->CS51,50905,50905,0
13,US75->CS59,50978,50978,0
13,US76->CS4,50898,50898,0
13,US76->CS12,51080,51080,0
13,US76->CS20,50833,50833,0
13,US76->CS28,50995,50995,0
13,US76->CS36,51112,51112,0
13,US76->CS44,51161,51161,0
13,US76->CS52,51646,51646,0
13,US76->CS60,51006,51006,0
13,US77->CS5,51177,51177,0
13,US77->CS13,51403,51403,0
13,US77->CS21,50886,50886,0
13,US77->CS29,51045,51045,0
13,US77->CS37,50963,50963,0
13,US77->CS45,51136,51136,0
13,US77->CS53,51295,51295,0
13,US77->CS61,51337,51337,0
13,US78->CS6,51378,51378,0
13,US78->CS14,51216,51216,0
13,US78->CS22,50837,50837,0
13,US78->CS30,51152,51152,0
13,US78->CS38,51273,51273,0
13,US78->CS46,50791,50791,0
13,US78->CS54,51059,51059,0
13,US78->CS62,50659,50659,0
13,US79->CS7,50887,50887,0
13,US79->CS15,50945,50945,0
13,US79->CS23,50925,50925,0
13,US79->CS31,51180,51180,0
13,US79->CS39,51318,51318,0
13,US79->CS47,50929,50929,0
13,US79->CS55,51355,51355,0
13,US79->CS63,51171,51171,0
13,US80->CS0,50746,50746,0
13,US80->CS8,51031,51031,0
13,US80->CS16,51243,51243,0
13,US80->CS24,51160,51160,0
13,US80->CS32,50617,50617,0
13,US80->CS40,50885,50885,0
13,US80->CS48,50818,50818,0
13,US80->CS56,50967,50967,0
13,US81->CS1,50927,50927,0
13,US81->CS9,50691,50691,0
13,US81->CS17,51000,51000,0
13,US81->CS25,50973,50973,0
13,US81->CS33,51119,51119,0
13,US81->CS41,50763,50763,0
13,US81->CS49,50692,50692,0
13,US81->CS57,51234,51234,0
13,US82->CS2,50744,50744,0
13,US82->CS10,50843,50843,0
13,US82->CS18,51224,51224,0
13,US82->CS26,50910,50910,0
13,US82->CS34,51016,51016,0
13,US82->CS42,51006,51006,0
13,US82->CS50,50981,50981,0
13,US82->CS58,51021,51021,0
13,US83->CS3,50431,50431,0
13,US83->CS11,50869,50869,0
13,US83->CS19,50737,50737,0
13,US83->CS27,50822,50822,0
13,US83->CS35,51016,51016,0
13,US83->CS43,51119,51119,0
13,US83->CS51,50818,50818,0
13,US83->CS59,51074,51074,0
13,US84->CS4,51225,51225,0
13,US84->CS12,50717,50717,0
13,US84->CS20,50550,50550,0
13,US84->CS28,50947,50947,0
13,US84->CS36,50966,50966,0
13,US84->CS44,50661,50661,0
13,US84->CS52,50798,50798,0
13,US84->CS60,50598,50598,0
13,US85->CS5,51163,51163,0
13,US85->CS13,51125,51125,0
13,US85->CS21,50461,50461,0
13,US85->CS29,50870,50870,0
13,US85->CS37,51336,51336,0
13,US85->CS45,50787,50787,0
13,US85->CS53,51001,51001,0
13,US85->CS61,50784,50784,0
13,US86->CS6,50917,50917,0
13,US86->CS14,50932,50932,0
13,US86->CS22,50726,50726,0
13,US86->CS30,50683,50683,0
13,US86->CS38,51070,51070,0
13,US86->CS46,51204,51204,0
13,US86->CS54,50928,50928,0
13,US86->CS62,50783,50783,0
13,US87->CS7,50928,50928,0
13,US87->CS15,51258,51258,0
13,US87->CS23,50833,50833,0
13,US87->CS31,51064,51064,0
13,US87->CS39,51199,51199,0
13,US87->CS47,50890,50890,0
13,US87->CS55,51555,51555,0
13,US87->CS63,50549,50549,0
13,US88->CS0,51024,51024,0
13,US88->CS8,51526,51526,0
13,US88->CS16,51415,51415,0
13,US88->CS24,51002,51002,0
13,US88->CS32,51084,51084,0
13,US88->CS40,51437,51437,0
13,US88->CS48,50880,50880,0
13,US88->CS56,51420,51420,0
13,US89->CS1,51342,51342,0
13,US89->CS9,51067,51067,0
13,US89->CS17,51353,51353,0
13,US89->CS25,51177,51177,0
13,US89->CS33,51226,51226,0
13,US89->CS41,51268,51268,0
13,US89->CS49,51361,51361,0
13,US89->CS57,51120,51120,0
13,US90->CS2,51347,51347,0
13,US90->CS10,51088,51088,0
13,US90->CS18,51183,51183,0
13,US90->CS26,51130,51130,0
13,US90->CS34,51193,51193,0
13,US90->CS42,51659,51659,0
13,US90->CS50,51248,51248,0
13,US90->CS58,51297,51297,0
13,US91->CS3,50964,50964,0
13,US91->CS11,51346,51346,0
13,US91->CS19,51675,51675,0
13,US91->CS27,51161,51161,0
13,US91->CS35,51420,51420,0
13,US91->CS43,51179,51179,0
13,US91->CS51,51465,51465,0
13,US91->CS59,50959,50959,0
13,US92->CS4,51129,51129,0
13,US92->CS12,51512,51512,0
13,US92->CS20,51091,51091,0
13,US92->CS28,51143,51143,0
13,US92->CS36,51428,51428,0
13,US92->CS44,50993,50993,0
13,US92->CS52,50882,50882,0
13,US92->CS60,50955,50955,0
13,US93->CS5,51226,51226,0
13,US93->CS13,50988,50988,0
13,US93->CS21,51363,51363,0
13,US93->CS29,51333,51333,0
13,US93->CS37,51269,51269,0
13,US93->CS45,50955,50955,0
13,US93->CS53,51431,51431,0
13,US93->CS61,51517,51517,0
13,US94->CS6,50983,50983,0
13,US94->CS14,51399,51399,0
13,US94->CS22,51091,51091,0
13,US94->CS30,50990,50990,0
13,US94->CS38,51551,51551,0
13,US94->CS46,51292,51292,0
13,US94->CS54,51469,51469,0
13,US94->CS62,51378,51378,0
13,US95->CS7,51159,51159,0
13,US95->CS15,51108,51108,0
13,US95->CS23,50856,50856,0
13,US95->CS31,50801,50801,0
13,US95->CS39,51520,51520,0
13,US95->CS47,50908,50908,0
13,US95->CS55,51117,51117,0
13,US95->CS63,51231,51231,0
13,US96->CS0,51806,51806,0
13,US96->CS8,51685,51685,0
13,US96->CS16,51512,51512,0
13,US96->CS24,51448,51448,0
13,US96->CS32,51717,51717,0
13,US96->CS40,51212,51212,0
13,US96->CS48,51778,51778,0
13,US96->CS56,51627,51627,0
13,US97->CS1,51431,51431,0
13,US97->CS9,51643,51643,0
13,US97->CS17,51456,51456,0
13,US97->CS25,51774,51774,0
13,US97->CS33,52044,52044,0
13,US97->CS41,51727,51727,0
13,US97->CS49,51619,51619,0
13,US97->CS57,51660,51660,0
13,US98->CS2,51660,51660,0
13,US98->CS10,51310,51310,0
13,US98->CS18,51821,51821,0
13,US98->CS26,51390,51390,0
13,US98->CS34,51486,51486,0
13,US98->CS42,51459,51459,0
13,US98->CS50,51426,51426,0
13,US98->CS58,51596,51596,0
13,US99->CS3,51277,51277,0
13,US99->CS11,51762,51762,0
13,US99->CS19,51421,51421,0
13,US99->CS27,51577,51577,0
13,US99->CS35,51155,51155,0
13,US99->CS43,51581,51581,0
13,US99->CS51,51508,51508,0
13,US99->CS59,51979,51979,0
13,US100->CS4,51589,51589,0
13,US100->CS12,51570,51570,0
13,US100->CS20,51575,51575,0
13,US100->CS28,51254,51254,0
13,US100->CS36,51641,51641,0
13,US100->CS44,51359,51359,0
13,US100->CS52,51563,51563,0
13,US100->CS60,51202,51202,0
13,US101->CS5,51391,51391,0
13,US101->CS13,51658,51658,0
13,US101->CS21,51417,51417,0
13,US101->CS29,51750,51750,0
13,US101->CS37,51342,51342,0
13,US101->CS45,51452,51452,0
13,US101->CS53,51351,51351,0
13,US101->CS61,51575,51575,0
13,US102->CS6,51545,51545,0
13,US102->CS14,51774,51774,0
13,US102->CS22,51486,51486,0
13,US102->CS30,51506,51506,0
13,US102->CS38,51581,51581,0
13,US102->CS46,51182,51182,0
13,US102->CS54,51687,51687,0
13,US102->CS62,51694,51694,0
13,US103->CS7,51397,51397,0
13,US103->CS15,51110,51110,0
13,US103->CS23,51411,51411,0
13,US103->CS31,51468,51468,0
13,US103->CS39,51156,51156,0
13,US103->CS47,51439,51439,0
13,US103->CS55,51598,51598,0
13,US103->CS63,51655,51655,0
13,US104->CS0,51673,51673,0
13,US104->CS8,50901,50901,0
13,US104->CS16,51118,51118,0
13,US104->CS24,51245,51245,0
13,US104->CS32,51681,51681,0
13,US104->CS40,51312,51312,0
13,US104->CS48,51251,51251,0
13,US104->CS56,51679,51679,0
13,US105->CS1,51260,51260,0
13,US105->CS9,51158,51158,0
13,US105->CS17,50997,50997,0
13,US105->CS25,51425,51425,0
13,US105->CS33,51224,51224,0
13,US105->CS41,51320,51320,0
13,US105->CS49,51315,51315,0
13,US105->CS57,51632,51632,0
13,US106->CS2,51876,51876,0
13,US106->CS10,51393,51393,0
13,US106->CS18,51573,51573,0
13,US106->CS26,51434,51434,0
13,US106->CS34,51510,51510,0
13,US106->CS42,51564,51564,0
13,US106->CS50,51362,51362,0
13,US106->CS58,51538,51538,0
13,US107->CS3,51457,51457,0
13,US107->CS11,51014,51014,0
13,US107->CS19,51564,51564,0
13,US107->CS27,51429,51429,0
13,US107->CS35,51141,51141,0
13,US107->CS43,51538,51538,0
13,US107->CS51,51631,51631,0
13,US107->CS59,51166,51166,0
13,US108->CS4,51259,51259,0
13,US108->CS12,51225,51225,0
13,US108->CS20,51205,51205,0
13,US108->CS28,51811,51811,0
13,US108->CS36,51292,51292,0
13,US108->CS44,51618,51618,0
13,US108->CS52,51457,51457,0
13,US108->CS60,51445,51445,0
13,US109->CS5,51604,51604,0
13,US109->CS13,51126,51126,0
13,US109->CS21,51288,51288,0
13,US109->CS29,51322,51322,0
13,US109->CS37,51226,51226,0
13,US109->CS45,51317,51317,0
13,US109->CS53,51355,51355,0
13,US109->CS61,51370,51370,0
13,US110->CS6,51201,51201,0
13,US110->CS14,51113,51113,0
13,US110->CS22,51808,51808,0
13,US110->CS30,51257,51257,0
13,US110->CS38,51422,51422,0
13,US110->CS46,51496,51496,0
13,US110->CS54,51297,51297,0
13,US110->CS62,51574,51574,0
13,US111->CS7,51730,51730,0
13,US111->CS15,51324,51324,0
13,US111->CS23,51375,51375,0
13,US111->CS31,51701,51701,0
13,US111->CS39,51152,51152,0
13,US111->CS47,51320,51320,0
13,US111->CS55,51408,51408,0
13,US111->CS63,51184,51184,0
13,US112->CS0,51528,51528,0
13,US112->CS8,51786,51786,0
13,US112->CS16,51663,51663,0
13,US112->CS24,51739,51739,0
13,US112->CS32,51475,51475,0
13,US112->CS40,51679,51679,0
13,US112->CS48,51514,51514,0
13,US112->CS56,51739,51739,0
13,US113->CS1,51887,51887,0
13,US113->CS9,51533,51533,0
13,US113->CS17,51874,51874,0
13,US113->CS25,51396,51396,0
13,US113->CS33,51626,51626,0
13,US113->CS41,51739,51739,0
13,US113->CS49,52135,52135,0
13,US113->CS57,51811,51811,0
13,US114->CS2,51970,51970,0
13,US114->CS10,51324,51324,0
13,US114->CS18,51380,51380,0
13,US114->CS26,51550,51550,0
13,US114->CS34,51950,51950,0
13,US114->CS42,51496,51496,0
13,US114->CS50,51338,51338,0
13,US114->CS58,51675,51675,0
13,US115->CS3,51657,51657,0
13,US115->CS11,51671,51671,0
13,US115->CS19,51566,51566,0
13,US115->CS27,51539,51539,0
13,US115->CS35,51705,51705,0
13,US115->CS43,51336,51336,0
13,US115->CS51,51513,51513,0
13,US115->CS59,51992,51992,0
13,US116->CS4,51859,51859,0
13,US116->CS12,51815,51815,0
13,US116->CS20,51821,51821,0
13,US116->CS28,51919,51919,0
13,US116->CS36,52154,52154,0
13,US116->CS44,51851,51851,0
13,US116->CS52,51673,51673,0
13,US116->CS60,51470,51470,0
13,US117->CS5,51517,51517,0
13,US117->CS13,51632,51632,0
13,US117->CS21,51685,51685,0
13,US117->CS29,51760,51760,0
13,US117->CS37,52055,52055,0
13,US117->CS45,51911,51911,0
13,US117->CS53,51519,51519,0
13,US117->CS61,51952,51952,0
13,US118->CS6,52287,52287,0
13,US118->CS14,52051,52051,0
13,US118->CS22,51597,51597,0
13,US118->CS30,51849,51849,0
13,US118->CS38,51523,51523,0
13,US118->CS46,51784,51784,0
13,US118->CS54,51563,51563,0
13,US118->CS62,52257,52257,0
13,US119->CS7,51781,51781,0
13,US119->CS15,51332,51332,0
13,US119->CS23,51715,51715,0
13,US119->CS31,51456,51456,0
13,US119->CS39,51603,51603,0
13,US119->CS47,51422,51422,0
13,US119->CS55,51620,51620,0
13,US119->CS63,51752,51752,0
13,US120->CS0,50679,50679,0
13,US120->CS8,50644,50644,0
13,US120->CS16,51000,51000,0
13,US120->CS24,50619,50619,0
13,US120->CS32,50850,50850,0
13,US120->CS40,50821,50821,0
13,US120->CS48,50591,50591,0
13,US120->CS56,51254,51254,0
13,US121->CS1,50761,50761,0
13,US121->CS9,50801,50801,0
13,US121->CS17,50779,50779,0
13,US121->CS25,51196,51196,0
13,US121->CS33,50856,50856,0
13,US121->CS41,51203,51203,0
13,US121->CS49,51082,51082,0
13,US121->CS57,50763,50763,0
13,US122->CS2,50627,50627,0
13,US122->CS10,51063,51063,0
13,US122->CS18,50536,50536,0
13,US122->CS26,51216,51216,0
13,US122->CS34,50639,50639,0
13,US122->CS42,50759,50759,0
13,US122->CS50,50711,50711,0
13,US122->CS58,50819,50819,0
13,US123->CS3,50695,50695,0
13,US123->CS11,51097,51097,0
13,US123->CS19,51183,51183,0
13,US123->CS27,50590,50590,0
13,US123->CS35,50540,50540,0
13,US123->CS43,50689,50689,0
13,US123->CS51,51053,51053,0
13,US123->CS59,50706,50706,0
13,US124->CS4,50584,50584,0
13,US124->CS12,51063,51063,0
13,US124->CS20,50674,50674,0
13,US124->CS28,50917,50917,0
13,US124->CS36,51082,51082,0
13,US124->CS44,50510,50510,0
13,US124->CS52,50932,50932,0
13,US124->CS60,50521,50521,0
13,US125->CS5,51027,51027,0
13,US125->CS13,50646,50646,0
13,US125->CS21,50725,50725,0
13,US125->CS29,50974,50974,0
13,US125->CS37,50985,50985,0
13,US125->CS45,50861,50861,0
13,US125->CS53,51098,51098,0
13,US125->CS61,51174,51174,0
13,US126->CS6,51072,51072,0
13,US126->CS14,50843,50843,0
13,US126->CS22,50639,50639,0
13,US126->CS30,50865,50865,0
13,US126->CS38,50868,50868,0
13,US126->CS46,50876,50876,0
13,US126->CS54,50914,50914,0
13,US126->CS62,50974,50974,0
13,US127->CS7,50720,50720,0
13,US127->CS15,51166,51166,0
13,US127->CS23,50837,50837,0
13,US127->CS31,50852,50852,0
13,US127->CS39,50858,50858,0
13,US127->CS47,50498,50498,0
13,US127->CS55,50944,50944,0
13,US127->CS63,51119,51119,0
13,CS0->US0,51955,51955,0
13,CS0->US8,50879,50879,0
13,CS0->US16,50811,50811,0
13,CS0->US24,51828,51828,0
13,CS0->US32,51278,51278,0
13,CS0->US40,51653,51653,0
13,CS0->US48,51409,51409,0
13,CS0->US56,51741,51741,0
13,CS0->US64,52050,52050,0
13,CS0->US72,51044,51044,0
13,CS0->US80,56347,56347,0
13,CS0->US88,51085,51085,0
13,CS0->US96,51757,51757,0
13,CS0->US104,51723,51723,0
13,CS0->US112,56596,56596,0
13,CS0->US120,53804,53804,0
13,CS1->US1,51227,51227,0
13,CS1->US9,50856,50856,0
13,CS1->US17,50974,50974,0
13,CS1->US25,51858,51858,0
13,CS1->US33,51631,51631,0
13,CS1->US41,51913,51913,0
13,CS1->US49,51541,51541,0
13,CS1->US57,51137,51137,0
13,CS1->US65,51407,51407,0
13,CS1->US73,51276,51276,0
13,CS1->US81,56557,56557,0
13,CS1->US89,51339,51339,0
13,CS1->US97,51403,51403,0
13,CS1->US105,51399,51399,0
13,CS1->US113,55926,55926,0
13,CS1->US121,53893,53893,0
13,CS2->US2,51710,51710,0
13,CS2->US10,50734,50734,0
13,CS2->US18,50818,50818,0
13,CS2->US26,51553,51553,0
13,CS2->US34,51241,51241,0
13,CS2->US42,52039,52039,0
13,CS2->US50,51494,51494,0
13,CS2->US58,51365,51365,0
13,CS2->US66,51622,51622,0
13,CS2->US74,51280,51280,0
13,CS2->US82,56259,56259,0
13,CS2->US90,51136,51136,0
13,CS2->US98,51866,51866,0
13,CS2->US106,51545,51545,0
13,CS2->US114,56761,56761,0
13,CS2->US122,54042,54042,0
13,CS3->US3,51384,51384,0
13,CS3->US11,50463,50463,0
13,CS3->US19,50869,50869,0
13,CS3->US27,51479,51479,0
13,CS3->US35,51247,51247,0
13,CS3->US43,51792,51792,0
13,CS3->US51,51118,51118,0
13,CS3->US59,51079,51079,0
13,CS3->US67,51762,51762,0
13,CS3->US75,50894,50894,0
13,CS3->US83,56038,56038,0
13,CS3->US91,51160,51160,0
13,CS3->US99,51510,51510,0
13,CS3->US107,51269,51269,0
13,CS3->US115,56427,56427,0
13,CS3->US123,53805,53805,0
13,CS4->US4,51501,51501,0
13,CS4->US12,51272,51272,0
13,CS4->US20,50777,50777,0
13,CS4->US28,51442,51442,0
13,CS4->US36,51203,51203,0
13,CS4->US44,51963,51963,0
13,CS4->US52,51345,51345,0
13,CS4->US60,51233,51233,0
13,CS4->US68,51625,51625,0
13,CS4->US76,51106,51106,0
13,CS4->US84,56383,56383,0
13,CS4->US92,50979,50979,0
13,CS4->US100,51358,51358,0
13,CS4->US108,51640,51640,0
13,CS4->US116,56227,56227,0
13,CS4->US124,53929,53929,0
13,CS5->US5,51824,51824,0
13,CS5->US13,51146,51146,0
13,CS5->US21,51205,51205,0
13,CS5->US29,51878,51878,0
13,CS5->US37,51590,51590,0
13,CS5->US45,51678,51678,0
13,CS5->US53,51196,51196,0
13,CS5->US61,51277,51277,0
13,CS5->US69,51784,51784,0
13,CS5->US77,51225,51225,0
13,CS5->US85,56506,56506,0
13,CS5->US93,51205,51205,0
13,CS5->US101,51726,51726,0
13,CS5->US109,51346,51346,0
13,CS5->US117,56188,56188,0
13,CS5->US125,54267,54267,0
13,CS6->US6,50979,50979,0
13,CS6->US14,50911,50911,0
13,CS6->US22,51226,51226,0
13,CS6->US30,51861,51861,0
13,CS6->US38,51421,51421,0
13,CS6->US46,52388,52388,0
13,CS6->US54,51559,51559,0
13,CS6->US62,51288,51288,0
13,CS6->US70,51657,51657,0
13,CS6->US78,50938,50938,0
13,CS6->US86,56195,56195,0
13,CS6->US94,51452,51452,0
13,CS6->US102,51244,51244,0
13,CS6->US110,51608,51608,0
13,CS6->US118,56385,56385,0
13,CS6->US126,53559,53559,0
13,CS7->US7,51641,51641,0
13,CS7->US15,50985,50985,0
13,CS7->US23,50931,50931,0
13,CS7->US31,51869,51869,0
13,CS7->US39,51411,51411,0
13,CS7->US47,51896,51896,0
13,CS7->US55,51740,51740,0
13,CS7->US63,50928,50928,0
13,CS7->US71,51645,51645,0
13,CS7->US79,51108,51108,0
13,CS7->US87,56455,56455,0
13,CS7->US95,50927,50927,0
13,CS7->US103,51763,51763,0
13,CS7->US111,51437,51437,0
13,CS7->US119,55971,55971,0
13,CS7->US127,53751,53751,0
13,CS8->US0,51889,51889,0
13,CS8->US8,51031,51031,0
13,CS8->US16,50855,50855,0
13,CS8->US24,51637,51637,0
13,CS8->US32,51840,51840,0
13,CS8->US40,51841,51841,0
13,CS8->US48,51928,51928,0
13,CS8->US56,51557,51557,0
13,CS8->US64,51321,51321,0
13,CS8->US72,51480,51480,0
13,CS8->US80,56697,56697,0
13,CS8->US88,51278,51278,0
13,CS8->US96,51082,51082,0
13,CS8->US104,51697,51697,0
13,CS8->US112,56148,56148,0
13,CS8->US120,53817,53817,0
13,CS9->US1,50774,50774,0
13,CS9->US9,50724,50724,0
13,CS9->US17,51009,51009,0
13,CS9->US25,52015,52015,0
13,CS9->US33,51508,51508,0
13,CS9->US41,51663,51663,0
13,CS9->US49,51738,51738,0
13,CS9->US57,51823,51823,0
13,CS9->US65,51934,51934,0
13,CS9->US73,51068,51068,0
13,CS9->US81,56373,56373,0
13,CS9->US89,51308,51308,0
13,CS9->US97,51172,51172,0
13,CS9->US105,51663,51663,0
13,CS9->US113,56151,56151,0
13,CS9->US121,54112,54112,0
13,CS10->US2,51624,51624,0
13,CS10->US10,50930,50930,0
13,CS10->US18,51147,51147,0
13,CS10->US26,52369,52369,0
13,CS10->US34,51646,51646,0
13,CS10->US42,51414,51414,0
13,CS10->US50,51316,51316,0
13,CS10->US58,51585,51585,0
13,CS10->US66,51607,51607,0
13,CS10->US74,51120,51120,0
13,CS10->US82,56555,56555,0
13,CS10->US90,51223,51223,0
13,CS10->US98,51465,51465,0
13,CS10->US106,51241,51241,0
13,CS10->US114,56315,56315,0
13,CS10->US122,53895,53895,0
13,CS11->US3,51261,51261,0
13,CS11->US11,50818,50818,0
13,CS11->US19,51221,51221,0
13,CS11->US27,52135,52135,0
13,CS11->US35,51448,51448,0
13,CS11->US43,51772,51772,0
13,CS11->US51,51081,51081,0
13,CS11->US59,51358,51358,0
13,CS11->US67,51547,51547,0
13,CS11->US75,51377,51377,0
13,CS11->US83,56279,56279,0
13,CS11->US91,51025,51025,0
13,CS11->US99,51128,51128,0
13,CS11->US107,51811,51811,0
13,CS11->US115,56166,56166,0
13,CS11->US123,53779,53779,0
13,CS12->US4,51629,51629,0
13,CS12->US12,50759,50759,0
13,CS12->US20,51206,51206,0
13,CS12->US28,51521,51521,0
13,CS12->US36,51805,51805,0
13,CS12->US44,51896,51896,0
13,CS12->US52,51407,51407,0
13,CS12->US60,51661,51661,0
13,CS12->US68,51572,51572,0
13,CS12->US76,51471,51471,0
13,CS12->US84,56235,56235,0
13,CS12->US92,51131,51131,0
13,CS12->US100,51316,51316,0
13,CS12->US108,51501,51501,0
13,CS12->US116,56402,56402,0
13,CS12->US124,53357,53357,0
13,CS13->US5,51460,51460,0
13,CS13->US13,51115,51115,0
13,CS13->US21,50736,50736,0
13,CS13->US29,51784,51784,0
13,CS13->US37,51785,51785,0
13,CS13->US45,51768,51768,0
13,CS13->US53,51812,51812,0
13,CS13->US61,51128,51128,0
13,CS13->US69,51406,51406,0
13,CS13->US77,51014,51014,0
13,CS13->US85,56347,56347,0
13,CS13->US93,51491,51491,0
13,CS13->US101,51204,51204,0
13,CS13->US109,51603,51603,0
13,CS13->US117,56277,56277,0
13,CS13->US125,53968,53968,0
13,CS14->US6,51410,51410,0
13,CS14->US14,51003,51003,0
13,CS14->US22,50982,50982,0
13,CS14->US30,51849,51849,0
13,CS14->US38,51591,51591,0
13,CS14->US46,52150,52150,0
13,CS14->US54,51143,51143,0
13,CS14->US62,51849,51849,0
13,CS14->US70,51771,51771,0
13,CS14->US78,51406,51406,0
13,CS14->US86,56198,56198,0
13,CS14->US94,51229,51229,0
13,CS14->US102,51149,51149,0
13,CS14->US110,51746,51746,0
13,CS14->US118,56425,56425,0
13,CS14->US126,53779,53779,0
13,CS15->US7,51616,51616,0
13,CS15->US15,51262,51262,0
13,CS15->US23,51411,51411,0
13,CS15->US31,51726,51726,0
13,CS15->US39,51414,51414,0
13,CS15->US47,51494,51494,0
13,CS15->US55,51694,51694,0
13,CS15->US63,50983,50983,0
13,CS15->US71,51645,51645,0
13,CS15->US79,51069,51069,0
13,CS15->US87,56102,56102,0
13,CS15->US95,50980,50980,0
13,CS15->US103,51354,51354,0
13,CS15->US111,51067,51067,0
13,CS15->US119,56546,56546,0
13,CS15->US127,53793,53793,0
13,CS16->US0,51442,51442,0
13,CS16->US8,51277,51277,0
13,CS16->US16,51202,51202,0
13,CS16->US24,51868,51868,0
13,CS16->US32,51352,51352,0
13,CS16->US40,51772,51772,0
13,CS16->US48,51470,51470,0
13,CS16->US56,51181,51181,0
13,CS16->US64,51366,51366,0
13,CS16->US72,51390,51390,0
13,CS16->US80,56189,56189,0
13,CS16->US88,51406,51406,0
13,CS16->US96,51119,51119,0
13,CS16->US104,51541,51541,0
13,CS16->US112,55946,55946,0
13,CS16->US120,53668,53668,0
13,CS17->US1,51614,51614,0
13,CS17->US9,51015,51015,0
13,CS17->US17,50986,50986,0
13,CS17->US25,51505,51505,0
13,CS17->US33,52064,52064,0
13,CS17->US41,51978,51978,0
13,CS17->US49,51678,51678,0
13,CS17->US57,51180,51180,0
13,CS17->US65,52155,52155,0
13,CS17->US73,51347,51347,0
13,CS17->US81,56032,56032,0
13,CS17->US89,50964,50964,0
13,CS17->US97,51113,51113,0
13,CS17->US105,51511,51511,0
13,CS17->US113,56019,56019,0
13,CS17->US121,53831,53831,0
13,CS18->US2,51635,51635,0
13,CS18->US10,51270,51270,0
13,CS18->US18,50669,50669,0
13,CS18->US26,51762,51762,0
13,CS18->US34,51317,51317,0
13,CS18->US42,51505,51505,0
13,CS18->US50,51436,51436,0
13,CS18->US58,51018,51018,0
13,CS18->US66,52078,52078,0
13,CS18->US74,51152,51152,0
13,CS18->US82,55986,55986,0
13,CS18->US90,51196,51196,0
13,CS18->US98,51612,51612,0
13,CS18->US106,51773,51773,0
13,CS18->US114,56027,56027,0
13,CS18->US122,53827,53827,0
13,CS19->US3,51089,51089,0
13,CS19->US11,50744,50744,0
13,CS19->US19,51372,51372,0
13,CS19->US27,52192,52192,0
13,CS19->US35,52081,52081,0
13,CS19->US43,51703,51703,0
13,CS19->US51,51417,51417,0
13,CS19->US59,51518,51518,0
13,CS19->US67,51748,51748,0
13,CS19->US75,51612,51612,0
13,CS19->US83,56284,56284,0
13,CS19->US91,51528,51528,0
13,CS19->US99,51577,51577,0
13,CS19->US107,51368,51368,0
13,CS19->US115,56553,56553,0
13,CS19->US123,53388,53388,0
13,CS20->US4,51576,51576,0
13,CS20->US12,50669,50669,0
13,CS20->US20,50831,50831,0
13,CS20->US28,51730,51730,0
13,CS20->US36,51647,51647,0
13,CS20->US44,51879,51879,0
13,CS20->US52,51044,51044,0
13,CS20->US60,51775,51775,0
13,CS20->US68,51507,51507,0
13,CS20->US76,51064,51064,0
13,CS20->US84,56590,56590,0
13,CS20->US92,50883,50883,0
13,CS20->US100,51230,51230,0
13,CS20->US108,51552,51552,0
13,CS20->US116,56545,56545,0
13,CS20->US124,53709,53709,0
13,CS21->US5,51467,51467,0
13,CS21->US13,50497,50497,0
13,CS21->US21,50791,50791,0
13,CS21->US29,51581,51581,0
13,CS21->US37,51554,51554,0
13,CS21->US45,51845,51845,0
13,CS21->US53,51655,51655,0
13,CS21->US61,51096,51096,0
13,CS21->US69,51651,51651,0
13,CS21->US77,51332,51332,0
13,CS21->US85,56390,56390,0
13,CS21->US93,50903,50903,0
13,CS21->US101,51416,51416,0
13,CS21->US109,51349,51349,0
13,CS21->US117,56275,56275,0
13,CS21->US125,53916,53916,0
13,CS22->US6,51434,51434,0
13,CS22->US14,50759,50759,0
13,CS22->US22,50692,50692,0
13,CS22->US30,51142,51142,0
13,CS22->US38,51872,51872,0
13,CS22->US46,51688,51688,0
13,CS22->US54,51486,51486,0
13,CS22->US62,51285,51285,0
13,CS22->US70,51661,51661,0
13,CS22->US78,51113,51113,0
13,CS22->US86,56567,56567,0
13,CS22->US94,50801,50801,0
13,CS22->US102,51937,51937,0
13,CS22->US110,51451,51451,0
13,CS22->US118,56439,56439,0
13,CS22->US126,53544,53544,0
13,CS23->US7,51886,51886,0
13,CS23->US15,50887,50887,0
13,CS23->US23,51056,51056,0
13,CS23->US31,51939,51939,0
13,CS23->US39,52056,52056,0
13,CS23->US47,51810,51810,0
13,CS23->US55,51791,51791,0
13,CS23->US63,51664,51664,0
13,CS23->US71,51640,51640,0
13,CS23->US79,50853,50853,0
13,CS23->US87,56390,56390,0
13,CS23->US95,50961,50961,0
13,CS23->US103,51483,51483,0
13,CS23->US111,51359,51359,0
13,CS23->US119,56345,56345,0
13,CS23->US127,54001,54001,0
13,CS24->US0,51889,51889,0
13,CS24->US8,51181,51181,0
13,CS24->US16,50830,50830,0
13,CS24->US24,51835,51835,0
13,CS24->US32,51920,51920,0
13,CS24->US40,51756,51756,0
13,CS24->US48,51376,51376,0
13,CS24->US56,50894,50894,0
13,CS24->US64,51322,51322,0
13,CS24->US72,51002,51002,0
13,CS24->US80,56397,56397,0
13,CS24->US88,51293,51293,0
13,CS24->US96,51280,51280,0
13,CS24->US104,51452,51452,0
13,CS24->US112,56575,56575,0
13,CS24->US120,53969,53969,0
13,CS25->US1,51593,51593,0
13,CS25->US9,51041,51041,0
13,CS25->US17,51280,51280,0
13,CS25->US25,51411,51411,0
13,CS25->US33,51648,51648,0
13,CS25->US41,51534,51534,0
13,CS25->US49,51656,51656,0
13,CS25->US57,51197,51197,0
13,CS25->US65,51844,51844,0
13,CS25->US73,51243,51243,0
13,CS25->US81,56609,56609,0
13,CS25->US89,51327,51327,0
13,CS25->US97,51481,51481,0
13,CS25->US105,51840,51840,0
13,CS25->US113,56512,56512,0
13,CS25->US121,54046,54046,0
13,CS26->US2,51687,51687,0
13,CS26->US10,51058,51058,0
13,CS26->US18,51369,51369,0
13,CS26->US26,51558,51558,0
13,CS26->US34,51536,51536,0
13,CS26->US42,51655,51655,0
13,CS26->US50,51240,51240,0
13,CS26->US58,51339,51339,0
13,CS26->US66,51031,51031,0
13,CS26->US74,51136,51136,0
13,CS26->US82,56269,56269,0
13,CS26->US90,51574,51574,0
13,CS26->US98,51431,51431,0
13,CS26->US106,51352,51352,0
13,CS26->US114,56403,56403,0
13,CS26->US122,53962,53962,0
13,CS27->US3,51575,51575,0
13,CS27->US11,50749,50749,0
13,CS27->US19,50730,50730,0
13,CS27->US27,51812,51812,0
13,CS27->US35,51228,51228,0
13,CS27->US43,51654,51654,0
13,CS27->US51,51302,51302,0
13,CS27->US59,51274,51274,0
13,CS27->US67,51882,51882,0
13,CS27->US75,51154,51154,0
13,CS27->US83,56566,56566,0
13,CS27->US91,51177,51177,0
13,CS27->US99,51483,51483,0
13,CS27->US107,51584,51584,0
13,CS27->US115,56304,56304,0
13,CS27->US123,53871,53871,0
13,CS28->US4,51286,51286,0
13,CS28->US12,50943,50943,0
13,CS28->US20,51084,51084,0
13,CS28->US28,51692,51692,0
13,CS28->US36,51732,51732,0
13,CS28->US44,51970,51970,0
13,CS28->US52,51785,51785,0
13,CS28->US60,51477,51477,0
13,CS28->US68,51929,51929,0
13,CS28->US76,51117,51117,0
13,CS28->US84,56392,56392,0
13,CS28->US92,51108,51108,0
13,CS28->US100,51837,51837,0
13,CS28->US108,51210,51210,0
13,CS28->US116,55991,55991,0
13,CS28->US124,53752,53752,0
13,CS29->US5,51386,51386,0
13,CS29->US13,50848,50848,0
13,CS29->US21,51156,51156,0
13,CS29->US29,52110,52110,0
13,CS29->US37,51202,51202,0
13,CS29->US45,51792,51792,0
13,CS29->US53,51571,51571,0
13,CS29->US61,51839,51839,0
13,CS29->US69,51936,51936,0
13,CS29->US77,51313,51313,0
13,CS29->US85,55576,55576,0
13,CS29->US93,51142,51142,0
13,CS29->US101,51372,51372,0
13,CS29->US109,51722,51722,0
13,CS29->US117,56261,56261,0
13,CS29->US125,53703,53703,0
13,CS30->US6,51693,51693,0
13,CS30->US14,50732,50732,0
13,CS30->US22,51046,51046,0
13,CS30->US30,51765,51765,0
13,CS30->US38,51728,51728,0
13,CS30->US46,51942,51942,0
13,CS30->US54,51664,51664,0
13,CS30->US62,51200,51200,0
13,CS30->US70,51682,51682,0
13,CS30->US78,51045,51045,0
13,CS30->US86,56322,56322,0
13,CS30->US94,51195,51195,0
13,CS30->US102,51261,51261,0
13,CS30->US110,51469,51469,0
13,CS30->US118,56267,56267,0
13,CS30->US126,54163,54163,0
13,CS31->US7,51992,51992,0
13,CS31->US15,51075,51075,0
13,CS31->US23,50896,50896,0
13,CS31->US31,51517,51517,0
13,CS31->US39,51712,51712,0
13,CS31->US47,51525,51525,0
13,CS31->US55,51679,51679,0
13,CS31->US63,51792,51792,0
13,CS31->US71,51304,51304,0
13,CS31->US79,50858,50858,0
13,CS31->US87,56402,56402,0
13,CS31->US95,51275,51275,0
13,CS31->US103,51749,51749,0
13,CS31->US111,51396,51396,0
13,CS31->US119,56522,56522,0
13,CS31->US127,53769,53769,0
13,CS32->US0,51549,51549,0
13,CS32->US8,50658,50658,0
13,CS32->US16,51019,51019,0
13,CS32->US24,51666,51666,0
13,CS32->US32,51724,51724,0
13,CS32->US40,51532,51532,0
13,CS32->US48,51345,51345,0
13,CS32->US56,51609,51609,0
13,CS32->US64,51506,51506,0
13,CS32->US72,50968,50968,0
13,CS32->US80,56529,56529,0
13,CS32->US88,51322,51322,0
13,CS32->US96,51664,51664,0
13,CS32->US104,51705,51705,0
13,CS32->US112,56726,56726,0
13,CS32->US120,53800,53800,0
13,CS33->US1,51475,51475,0
13,CS33->US9,51150,51150,0
13,CS33->US17,51064,51064,0
13,CS33->US25,51540,51540,0
13,CS33->US33,51542,51542,0
13,CS33->US41,51813,51813,0
13,CS33->US49,51652,51652,0
13,CS33->US57,51155,51155,0
13,CS33->US65,51684,51684,0
13,CS33->US73,51270,51270,0
13,CS33->US81,56344,56344,0
13,CS33->US89,51503,51503,0
13,CS33->US97,51234,51234,0
13,CS33->US105,52010,52010,0
13,CS33->US113,56081,56081,0
13,CS33->US121,53928,53928,0
13,CS34->US2,51208,51208,0
13,CS34->US10,50974,50974,0
13,CS34->US18,50793,50793,0
13,CS34->US26,51905,51905,0
13,CS34->US34,51747,51747,0
13,CS34->US42,52114,52114,0
13,CS34->US50,51536,51536,0
13,CS34->US58,51704,51704,0
13,CS34->US66,51635,51635,0
13,CS34->US74,51147,51147,0
13,CS34->US82,55682,55682,0
13,CS34->US90,51032,51032,0
13,CS34->US98,51609,51609,0
13,CS34->US106,51437,51437,0
13,CS34->US114,56381,56381,0
13,CS34->US122,53672,53672,0
13,CS35->US3,51661,51661,0
13,CS35->US11,51037,51037,0
13,CS35->US19,50719,50719,0
13,CS35->US27,51394,51394,0
13,CS35->US35,51635,51635,0
13,CS35->US43,51788,51788,0
13,CS35->US51,51519,51519,0
13,CS35->US59,51322,51322,0
13,CS35->US67,51451,51451,0
13,CS35->US75,51404,51404,0
13,CS35->US83,56315,56315,0
13,CS35->US91,51163,51163,0
13,CS35->US99,51207,51207,0
13,CS35->US107,51126,51126,0
13,CS35->US115,56270,56270,0
13,CS35->US123,53633,53633,0
13,CS36->US4,51608,51608,0
13,CS36->US12,50949,50949,0
13,CS36->US20,51305,51305,0
13,CS36->US28,51783,51783,0
13,CS36->US36,51869,51869,0
13,CS36->US44,52273,52273,0
13,CS36->US52,51616,51616,0
13,CS36->US60,51214,51214,0
13,CS36->US68,51548,51548,0
13,CS36->US76,51373,51373,0
13,CS36->US84,56190,56190,0
13,CS36->US92,51194,51194,0
13,CS36->US100,51414,51414,0
13,CS36->US108,51562,51562,0
13,CS36->US116,56163,56163,0
13,CS36->US124,53733,53733,0
13,CS37->US5,51732,51732,0
13,CS37->US13,51383,51383,0
13,CS37->US21,51059,51059,0
13,CS37->US29,51468,51468,0
13,CS37->US37,51646,51646,0
13,CS37->US45,52231,52231,0
13,CS37->US53,51080,51080,0
13,CS37->US61,51678,51678,0
13,CS37->US69,51445,51445,0
13,CS37->US77,51305,51305,0
13,CS37->US85,56286,56286,0
13,CS37->US93,50944,50944,0
13,CS37->US101,51295,51295,0
13,CS37->US109,51334,51334,0
13,CS37->US117,56356,56356,0
13,CS37->US125,53810,53810,0
13,CS38->US6,51617,51617,0
13,CS38->US14,51080,51080,0
13,CS38->US22,50971,50971,0
13,CS38->US30,51478,51478,0
13,CS38->US38,51628,51628,0
13,CS38->US46,51650,51650,0
13,CS38->US54,51595,51595,0
13,CS38->US62,51405,51405,0
13,CS38->US70,51367,51367,0
13,CS38->US78,51551,51551,0
13,CS38->US86,56239,56239,0
13,CS38->US94,51327,51327,0
13,CS38->US102,51551,51551,0
13,CS38->US110,51607,51607,0
13,CS38->US118,56605,56605,0
13,CS38->US126,54111,54111,0
13,CS39->US7,51568,51568,0
13,CS39->US15,51275,51275,0
13,CS39->US23,51055,51055,0
13,CS39->US31,51616,51616,0
13,CS39->US39,51182,51182,0
13,CS39->US47,51714,51714,0
13,CS39->US55,51644,51644,0
13,CS39->US63,51106,51106,0
13,CS39->US71,51681,51681,0
13,CS39->US79,51433,51433,0
13,CS39->US87,56320,56320,0
13,CS39->US95,51382,51382,0
13,CS39->US103,51207,51207,0
13,CS39->US111,51238,51238,0
13,CS39->US119,56525,56525,0
13,CS39->US127,53943,53943,0
13,CS40->US0,51464,51464,0
13,CS40->US8,50885,50885,0
13,CS40->US16,51055,51055,0
13,CS40->US24,51844,51844,0
13,CS40->US32,51637,51637,0
13,CS40->US40,51739,51739,0
13,CS40->US48,50978,50978,0
13,CS40->US56,50906,50906,0
13,CS40->US64,51446,51446,0
13,CS40->US72,51406,51406,0
13,CS40->US80,55684,55684,0
13,CS40->US88,51207,51207,0
13,CS40->US96,51384,51384,0
13,CS40->US104,51220,51220,0
13,CS40->US112,56211,56211,0
13,CS40->US120,53687,53687,0
13,CS41->US1,51655,51655,0
13,CS41->US9,50857,50857,0
13,CS41->US17,51185,51185,0
13,CS41->US25,51645,51645,0
13,CS41->US33,51761,51761,0
13,CS41->US41,51865,51865,0
13,CS41->US49,51835,51835,0
13,CS41->US57,51456,51456,0
13,CS41->US65,51634,51634,0
13,CS41->US73,51300,51300,0
13,CS41->US81,56523,56523,0
13,CS41->US89,51404,51404,0
13,CS41->US97,51369,51369,0
13,CS41->US105,51716,51716,0
13,CS41->US113,56109,56109,0
13,CS41->US121,53872,53872,0
13,CS42->US2,51431,51431,0
13,CS42->US10,51049,51049,0
13,CS42->US18,50960,50960,0
13,CS42->US26,51735,51735,0
13,CS42->US34,51450,51450,0
13,CS42->US42,51623,51623,0
13,CS42->US50,51822,51822,0
13,CS42->US58,51651,51651,0
13,CS42->US66,51471,51471,0
13,CS42->US74,51623,51623,0
13,CS42->US82,56361,56361,0
13,CS42->US90,51159,51159,0
13,CS42->US98,51617,51617,0
13,CS42->US106,51414,51414,0
13,CS42->US114,56257,56257,0
13,CS42->US122,53964,53964,0
13,CS43->US3,51242,51242,0
13,CS43->US11,51134,51134,0
13,CS43->US19,50796,50796,0
13,CS43->US27,51520,51520,0
13,CS43->US35,51653,51653,0
13,CS43->US43,51460,51460,0
13,CS43->US51,51387,51387,0
13,CS43->US59,51117,51117,0
13,CS43->US67,51629,51629,0
13,CS43->US75,51184,51184,0
13,CS43->US83,56286,56286,0
13,CS43->US91,50839,50839,0
13,CS43->US99,51599,51599,0
13,CS43->US107,51536,51536,0
13,CS43->US115,56205,56205,0
13,CS43->US123,54007,54007,0
13,CS44->US4,51201,51201,0
13,CS44->US12,50679,50679,0
13,CS44->US20,50751,50751,0
13,CS44->US28,51653,51653,0
13,CS44->US36,51376,51376,0
13,CS44->US44,51922,51922,0
13,CS44->US52,51688,51688,0
13,CS44->US60,51440,51440,0
13,CS44->US68,51614,51614,0
13,CS44->US76,50991,50991,0
13,CS44->US84,56831,56831,0
13,CS44->US92,51299,51299,0
13,CS44->US100,51670,51670,0
13,CS44->US108,51338,51338,0
13,CS44->US116,56397,56397,0
13,CS44->US124,53464,53464,0
13,CS45->US5,51249,51249,0
13,CS45->US13,50816,50816,0
13,CS45->US21,51058,51058,0
13,CS45->US29,51885,51885,0
13,CS45->US37,51760,51760,0
13,CS45->US45,52031,52031,0
13,CS45->US53,51654,51654,0
13,CS45->US61,51417,51417,0
13,CS45->US69,51695,51695,0
13,CS45->US77,50913,50913,0
13,CS45->US85,56439,56439,0
13,CS45->US93,51170,51170,0
13,CS45->US101,51340,51340,0
13,CS45->US109,51465,51465,0
13,CS45->US117,55904,55904,0
13,CS45->US125,53773,53773,0
13,CS46->US6,51094,51094,0
13,CS46->US14,51247,51247,0
13,CS46->US22,51016,51016,0
13,CS46->US30,51485,51485,0
13,CS46->US38,51903,51903,0
13,CS46->US46,51921,51921,0
13,CS46->US54,51836,51836,0
13,CS46->US62,51383,51383,0
13,CS46->US70,52108,52108,0
13,CS46->US78,51229,51229,0
13,CS46->US86,56420,56420,0
13,CS46->US94,50805,50805,0
13,CS46->US102,51534,51534,0
13,CS46->US110,51192,51192,0
13,CS46->US118,55766,55766,0
13,CS46->US126,54028,54028,0
13,CS47->US7,51485,51485,0
13,CS47->US15,50919,50919,0
13,CS47->US23,50658,50658,0
13,CS47->US31,51755,51755,0
13,CS47->US39,51528,51528,0
13,CS47->US47,51536,51536,0
13,CS47->US55,51355,51355,0
13,CS47->US63,51653,51653,0
13,CS47->US71,51447,51447,0
13,CS47->US79,50934,50934,0
13,CS47->US87,56710,56710,0
13,CS47->US95,51017,51017,0
13,CS47->US103,51346,51346,0
13,CS47->US111,51457,51457,0
13,CS47->US119,56359,56359,0
13,CS47->US127,53580,53580,0
13,CS48->US0,51914,51914,0
13,CS48->US8,50748,50748,0
13,CS48->US16,50793,50793,0
13,CS48->US24,51912,51912,0
13,CS48->US32,51748,51748,0
13,CS48->US40,51525,51525,0
13,CS48->US48,51974,51974,0
13,CS48->US56,51514,51514,0
13,CS48->US64,51993,51993,0
13,CS48->US72,50864,50864,0
13,CS48->US80,55977,55977,0
13,CS48->US88,51154,51154,0
13,CS48->US96,51320,51320,0
13,CS48->US104,51720,51720,0
13,CS48->US112,56308,56308,0
13,CS48->US120,53776,53776,0
13,CS49->US1,51601,51601,0
13,CS49->US9,50680,50680,0
13,CS49->US17,51246,51246,0
13,CS49->US25,51663,51663,0
13,CS49->US33,51848,51848,0
13,CS49->US41,52268,52268,0
13,CS49->US49,51851,51851,0
13,CS49->US57,51547,51547,0
13,CS49->US65,51969,51969,0
13,CS49->US73,51363,51363,0
13,CS49->US81,56506,56506,0
13,CS49->US89,51372,51372,0
13,CS49->US97,51369,51369,0
13,CS49->US105,51551,51551,0
13,CS49->US113,56138,56138,0
13,CS49->US121,53312,53312,0
13,CS50->US2,51483,51483,0
13,CS50->US10,51056,51056,0
13,CS50->US18,50909,50909,0
13,CS50->US26,51618,51618,0
13,CS50->US34,51702,51702,0
13,CS50->US42,51397,51397,0
13,CS50->US50,51543,51543,0
13,CS50->US58,50975,50975,0
13,CS50->US66,51655,51655,0
13,CS50->US74,51234,51234,0
13,CS50->US82,56284,56284,0
13,CS50->US90,51543,51543,0
13,CS50->US98,51371,51371,0
13,CS50->US106,51371,51371,0
13,CS50->US114,56346,56346,0
13,CS50->US122,53993,53993,0
13,CS51->US3,51491,51491,0
13,CS51->US11,50771,50771,0
13,CS51->US19,51266,51266,0
13,CS51->US27,51519,51519,0
13,CS51->US35,51628,51628,0
13,CS51->US43,51644,51644,0
13,CS51->US51,51613,51613,0
13,CS51->US59,51424,51424,0
13,CS51->US67,52245,52245,0
13,CS51->US75,51389,51389,0
13,CS51->US83,56644,56644,0
13,CS51->US91,50926,50926,0
13,CS51->US99,51764,51764,0
13,CS51->US107,51476,51476,0
13,CS51->US115,56507,56507,0
13,CS51->US123,54155,54155,0
13,CS52->US4,51340,51340,0
13,CS52->US12,50817,50817,0
13,CS52->US20,51050,51050,0
13,CS52->US28,51766,51766,0
13,CS52->US36,51797,51797,0
13,CS52->US44,51775,51775,0
13,CS52->US52,50929,50929,0
13,CS52->US60,51486,51486,0
13,CS52->US68,51971,51971,0
13,CS52->US76,50873,50873,0
13,CS52->US84,56331,56331,0
13,CS52->US92,51705,51705,0
13,CS52->US100,51460,51460,0
13,CS52->US108,51552,51552,0
13,CS52->US116,56496,56496,0
13,CS52->US124,53859,53859,0
13,CS53->US5,51554,51554,0
13,CS53->US13,50923,50923,0
13,CS53->US21,51228,51228,0
13,CS53->US29,51298,51298,0
13,CS53->US37,51604,51604,0
13,CS53->US45,51610,51610,0
13,CS53->US53,51425,51425,0
13,CS53->US61,51542,51542,0
13,CS53->US69,51460,51460,0
13,CS53->US77,51468,51468,0
13,CS53->US85,56243,56243,0
13,CS53->US93,51323,51323,0
13,CS53->US101,51456,51456,0
13,CS53->US109,51318,51318,0
13,CS53->US117,56655,56655,0
13,CS53->US125,54014,54014,0
13,CS54->US6,51689,51689,0
13,CS54->US14,50971,50971,0
13,CS54->US22,51059,51059,0
13,CS54->US30,51557,51557,0
13,CS54->US38,51775,51775,0
13,CS54->US46,51653,51653,0
13,CS54->US54,51836,51836,0
13,CS54->US62,51445,51445,0
13,CS54->US70,51745,51745,0
13,CS54->US78,51456,51456,0
13,CS54->US86,56539,56539,0
13,CS54->US94,51095,51095,0
13,CS54->US102,51346,51346,0
13,CS54->US110,51730,51730,0
13,CS54->US118,56367,56367,0
13,CS54->US126,54059,54059,0
13,CS55->US7,51723,51723,0
13,CS55->US15,51621,51621,0
13,CS55->US23,51066,51066,0
13,CS55->US31,51892,51892,0
13,CS55->US39,51373,51373,0
13,CS55->US47,51690,51690,0
13,CS55->US55,51866,51866,0
13,CS55->US63,51116,51116,0
13,CS55->US71,51791,51791,0
13,CS55->US79,51096,51096,0
13,CS55->US87,56147,56147,0
13,CS55->US95,51459,51459,0
13,CS55->US103,51541,51541,0
13,CS55->US111,51524,51524,0
13,CS55->US119,56371,56371,0
13,CS55->US127,53901,53901,0
13,CS56->US0,51586,51586,0
13,CS56->US8,51007,51007,0
13,CS56->US16,51457,51457,0
13,CS56->US24,51930,51930,0
13,CS56->US32,51817,51817,0
13,CS56->US40,51917,51917,0
13,CS56->US48,51084,51084,0
13,CS56->US56,51666,51666,0
13,CS56->US64,51655,51655,0
13,CS56->US72,51386,51386,0
13,CS56->US80,56760,56760,0
13,CS56->US88,51038,51038,0
13,CS56->US96,51720,51720,0
13,CS56->US104,51664,51664,0
13,CS56->US112,56365,56365,0
13,CS56->US120,53818,53818,0
13,CS57->US1,51411,51411,0
13,CS57->US9,51361,51361,0
13,CS57->US17,50907,50907,0
13,CS57->US25,51709,51709,0
13,CS57->US33,51862,51862,0
13,CS57->US41,51900,51900,0
13,CS57->US49,51780,51780,0
13,CS57->US57,51258,51258,0
13,CS57->US65,51920,51920,0
13,CS57->US73,51132,51132,0
13,CS57->US81,56127,56127,0
13,CS57->US89,51225,51225,0
13,CS57->US97,51615,51615,0
13,CS57->US105,51643,51643,0
13,CS57->US113,56007,56007,0
13,CS57->US121,53785,53785,0
13,CS58->US2,51859,51859,0
13,CS58->US10,51058,51058,0
13,CS58->US18,50945,50945,0
13,CS58->US26,51463,51463,0
13,CS58->US34,51624,51624,0
13,CS58->US42,51813,51813,0
13,CS58->US50,51850,51850,0
13,CS58->US58,51056,51056,0
13,CS58->US66,51501,51501,0
13,CS58->US74,51258,51258,0
13,CS58->US82,56151,56151,0
13,CS58->US90,51447,51447,0
13,CS58->US98,51570,51570,0
13,CS58->US106,51586,51586,0
13,CS58->US114,56052,56052,0
13,CS58->US122,53832,53832,0
13,CS59->US3,51538,51538,0
13,CS59->US11,51084,51084,0
13,CS59->US19,50848,50848,0
13,CS59->US27,51709,51709,0
13,CS59->US35,51301,51301,0
13,CS59->US43,52086,52086,0
13,CS59->US51,51246,51246,0
13,CS59->US59,51243,51243,0
13,CS59->US67,51719,51719,0
13,CS59->US75,50960,50960,0
13,CS59->US83,56480,56480,0
13,CS59->US91,51116,51116,0
13,CS59->US99,51221,51221,0
13,CS59->US107,51920,51920,0
13,CS59->US115,56490,56490,0
13,CS59->US123,53969,53969,0
13,CS60->US4,51226,51226,0
13,CS60->US12,50731,50731,0
13,CS60->US20,50701,50701,0
13,CS60->US28,51840,51840,0
13,CS60->US36,51715,51715,0
13,CS60->US44,51566,51566,0
13,CS60->US52,51093,51093,0
13,CS60->US60,51633,51633,0
13,CS60->US68,51364,51364,0
13,CS60->US76,50937,50937,0
13,CS60->US84,56078,56078,0
13,CS60->US92,51075,51075,0
13,CS60->US100,51438,51438,0
13,CS60->US108,51199,51199,0
13,CS60->US116,56087,56087,0
13,CS60->US124,53643,53643,0
13,CS61->US5,51884,51884,0
13,CS61->US13,50824,50824,0
13,CS61->US21,51335,51335,0
13,CS61->US29,51910,51910,0
13,CS61->US37,51467,51467,0
13,CS61->US45,52032,52032,0
13,CS61->US53,51300,51300,0
13,CS61->US61,51399,51399,0
13,CS61->US69,51510,51510,0
13,CS61->US77,51564,51564,0
13,CS61->US85,56212,56212,0
13,CS61->US93,51483,51483,0
13,CS61->US101,51344,51344,0
13,CS61->US109,51543,51543,0
13,CS61->US117,56549,56549,0
13,CS61->US125,54153,54153,0
13,CS62->US6,51436,51436,0
13,CS62->US14,50764,50764,0
13,CS62->US22,51232,51232,0
13,CS62->US30,51528,51528,0
13,CS62->US38,51311,51311,0
13,CS62->US46,52280,52280,0
13,CS62->US54,51837,51837,0
13,CS62->US62,51319,51319,0
13,CS62->US70,51751,51751,0
13,CS62->US78,51294,51294,0
13,CS62->US86,56414,56414,0
13,CS62->US94,50786,50786,0
13,CS62->US102,51694,51694,0
13,CS62->US110,51611,51611,0
13,CS62->US118,56117,56117,0
13,CS62->US126,53897,53897,0
13,CS63->US7,50980,50980,0
13,CS63->US15,50517,50517,0
13,CS63->US23,51231,51231,0
13,CS63->US31,51426,51426,0
13,CS63->US39,51821,51821,0
13,CS63->US47,51857,51857,0
13,CS63->US55,51421,51421,0
13,CS63->US63,51063,51063,0
13,CS63->US71,51584,51584,0
13,CS63->US79,51251,51251,0
13,CS63->US87,56079,56079,0
13,CS63->US95,51190,51190,0
13,CS63->US103,51244,51244,0
13,CS63->US111,51652,51652,0
13,CS63->US119,56514,56514,0
13,CS63->US127,54225,54225,0
14,US0->CS0,51762,51762,0
14,US0->CS8,52278,52278,0
14,US0->CS16,51772,51772,0
14,US0->CS24,51732,51732,0
14,US0->CS32,51670,51670,0
14,US0->CS40,51330,51330,0
14,US0->CS48,52325,52325,0
14,US0->CS56,51386,51386,0
14,US1->CS1,51903,51903,0
14,US1->CS9,52079,52079,0
14,US1->CS17,52001,52001,0
14,US1->CS25,51975,51975,0
14,US1->CS33,51995,51995,0
14,US1->CS41,52170,52170,0
14,US1->CS49,52180,52180,0
14,US1->CS57,52063,52063,0
14,US2->CS2,51840,51840,0
14,US2->CS10,51659,51659,0
14,US2->CS18,51728,51728,0
14,US2->CS26,51587,51587,0
14,US2->CS34,51901,51901,0
14,US2->CS42,52145,52145,0
14,US2->CS50,51932,51932,0
14,US2->CS58,52209,52209,0
14,US3->CS3,51477,51477,0
14,US3->CS11,51382,51382,0
14,US3->CS19,51781,51781,0
14,US3->CS27,51602,51602,0
14,US3->CS35,51870,51870,0
14,US3->CS43,51728,51728,0
14,US3->CS51,51948,51948,0
14,US3->CS59,51584,51584,0
14,US4->CS4,51689,51689,0
14,US4->CS12,51736,51736,0
14,US4->CS20,51352,51352,0
14,US4->CS28,52098,52098,0
14,US4->CS36,52023,52023,0
14,US4->CS44,52030,52030,0
14,US4->CS52,51270,51270,0
14,US4->CS60,51430,51430,0
14,US5->CS5,51535,51535,0
14,US5->CS13,52104,52104,0
14,US5->CS21,52019,52019,0
14,US5->CS29,51896,51896,0
14,US5->CS37,51412,51412,0
14,US5->CS45,51998,51998,0
14,US5->CS53,51737,51737,0
14,US5->CS61,51657,51657,0
14,US6->CS6,51867,51867,0
14,US6->CS14,51486,51486,0
14,US6->CS22,51798,51798,0
14,US6->CS30,51980,51980,0
14,US6->CS38,51943,51943,0
14,US6->CS46,52177,52177,0
14,US6->CS54,52148,52148,0
14,US6->CS62,52167,52167,0
14,US7->CS7,52042,52042,0
14,US7->CS15,52060,52060,0
14,US7->CS23,52134,52134,0
14,US7->CS31,52049,52049,0
14,US7->CS39,52000,52000,0
14,US7->CS47,51719,51719,0
14,US7->CS55,52196,52196,0
14,US7->CS63,51732,51732,0
14,US8->CS0,56882,56882,0
14,US8->CS8,57306,57306,0
14,US8->CS16,56820,56820,0
14,US8->CS24,57100,57100,0
14,US8->CS32,57070,57070,0
14,US8->CS40,56271,56271,0
14,US8->CS48,56521,56521,0
14,US8->CS56,57328,57328,0
14,US9->CS1,57093,57093,0
14,US9->CS9,57026,57026,0
14,US9->CS17,56661,56661,0
14,US9->CS25,57129,57129,0
14,US9->CS33,56997,56997,0
14,US9->CS41,57029,57029,0
14,US9->CS49,57050,57050,0
14,US9->CS57,56775,56775,0
14,US10->CS2,56804,56804,0
14,US10->CS10,57134,57132,0
14,US10->CS18,56570,56570,0
14,US10->CS26,56816,56816,0
14,US10->CS34,56309,56309,0
14,US10->CS42,57018,57017,0
14,US10->CS50,57014,57012,0
14,US10->CS58,56678,56678,0
14,US11->CS3,56659,56659,0
14,US11->CS11,56803,56803,0
14,US11->CS19,56951,56951,0
14,US11->CS27,57127,57126,0
14,US11->CS35,56922,56922,0
14,US11->CS43,56863,56863,0
14,US11->CS51,57282,57282,0
14,US11->CS59,57015,57015,0
14,US12->CS4,56988,56988,0
14,US12->CS12,56806,56806,0
14,US12->CS20,57249,57249,0
14,US12->CS28,56996,56996,0
14,US12->CS36,56822,56822,0
14,US12->CS44,57433,57433,0
14,US12->CS52,56940,56940,0
14,US12->CS60,56600,56599,0
14,US13->CS5,57053,57053,0
14,US13->CS13,56884,56884,0
14,US13->CS21,56845,56845,0
14,US13->CS29,56127,56127,0
14,US13->CS37,56801,56801,0
14,US13->CS45,56948,56948,0
14,US13->CS53,56783,56783,0
14,US13->CS61,56757,56757,0
14,US14->CS6,56781,56781,0
14,US14->CS14,56762,56762,0
14,US14->CS22,56977,56976,0
14,US14->CS30,57015,57015,0
14,US14->CS38,56779,56779,0
14,US14->CS46,56918,56918,0
14,US14->CS54,57008,57008,0
14,US14->CS62,57040,57040,0
14,US15->CS7,57106,57106,0
14,US15->CS15,56665,56665,0
14,US15->CS23,57008,57008,0
14,US15->CS31,57050,57050,0
14,US15->CS39,56823,56823,0
14,US15->CS47,57247,57247,0
14,US15->CS55,56724,56724,0
14,US15->CS63,56567,56567,0
14,US16->CS0,54148,54148,0
14,US16->CS8,54146,54146,0
14,US16->CS16,54080,54080,0
14,US16->CS24,54317,54317,0
14,US16->CS32,54168,54168,0
14,US16->CS40,54055,54055,0
14,US16->CS48,54058,54058,0
14,US16->CS56,54145,54145,0
14,US17->CS1,54184,54184,0
14,US17->CS9,54428,54428,0
14,US17->CS17,54160,54160,0
14,US17->CS25,54365,54365,0
14,US17->CS33,54251,54251,0
14,US17->CS41,54184,54184,0
14,US17->CS49,53621,53621,0
14,US17->CS57,54226,54226,0
14,US18->CS2,54322,54322,0
14,US18->CS10,54310,54310,0
14,US18->CS18,54156,54156,0
14,US18->CS26,54292,54292,0
14,US18->CS34,54030,54030,0
14,US18->CS42,54339,54339,0
14,US18->CS50,54346,54346,0
14,US18->CS58,54152,54152,0
14,US19->CS3,54116,54116,0
14,US19->CS11,54054,54054,0
14,US19->CS19,53706,53706,0
14,US19->CS27,54137,54137,0
14,US19->CS35,53880,53880,0
14,US19->CS43,54341,54341,0
14,US19->CS51,54393,54393,0
14,US19->CS59,54305,54305,0
14,US20->CS4,54289,54289,0
14,US20->CS12,53728,53728,0
14,US20->CS20,54029,54029,0
14,US20->CS28,54076,54076,0
14,US20->CS36,54071,54071,0
14,US20->CS44,53767,53767,0
14,US20->CS52,54212,54212,0
14,US20->CS60,54018,54018,0
14,US21->CS5,54555,54555,0
14,US21->CS13,54300,54300,0
14,US21->CS21,54261,54261,0
14,US21->CS29,54011,54011,0
14,US21->CS37,54088,54088,0
14,US21->CS45,54115,54115,0
14,US21->CS53,54255,54255,0
14,US21->CS61,54618,54618,0
14,US22->CS6,53870,53870,0
14,US22->CS14,54161,54161,0
14,US22->CS22,53829,53829,0
14,US22->CS30,54491,54491,0
14,US22->CS38,54418,54418,0
14,US22->CS46,54354,54354,0
14,US22->CS54,54367,54367,0
14,US22->CS62,54133,54133,0
14,US23->CS7,54092,54092,0
14,US23->CS15,54045,54045,0
14,US23->CS23,54258,54258,0
14,US23->CS31,54087,54087,0
14,US23->CS39,54299,54299,0
14,US23->CS47,53890,53890,0
14,US23->CS55,54229,54229,0
14,US23->CS63,54466,54466,0
14,US24->CS0,56419,56419,0
14,US24->CS8,56195,56195,0
14,US24->CS16,55804,55804,0
14,US24->CS24,55501,55499,0
14,US24->CS32,56291,56291,0
14,US24->CS40,55546,55546,0
14,US24->CS48,56057,56057,0
14,US24->CS56,56245,56244,0
14,US25->CS1,55755,55754,0
14,US25->CS9,56447,56446,0
14,US25->CS17,55912,55912,0
14,US25->CS25,55886,55886,0
14,US25->CS33,55666,55666,0
14,US25->CS41,56126,56125,0
14,US25->CS49,56100,56100,0
14,US25->CS57,55972,55972,0
14,US26->CS2,55938,55938,0
14,US26->CS10,56220,56220,0
14,US26->CS18,55758,55758,0
14,US26->CS26,56190,56189,0
14,US26->CS34,56223,56223,0
14,US26->CS42,56275,56275,0
14,US26->CS50,55562,55562,0
14,US26->CS58,55734,55734,0
14,US27->CS3,55760,55760,0
14,US27->CS11,55969,55969,0
14,US27->CS19,56062,56062,0
14,US27->CS27,55799,55798,0
14,US27->CS35,56066,56066,0
14,US27->CS43,55694,55694,0
14,US27->CS51,56088,56087,0
14,US27->CS59,55783,55782,0
14,US28->CS4,55960,55960,0
14,US28->CS12,56135,56135,0
14,US28->CS20,56477,56477,0
14,US28->CS28,56065,56064,0
14,US28->CS36,55733,55732,0
14,US28->CS44,56052,56052,0
14,US28->CS52,56010,56010,0
14,US28->CS60,56299,56299,0
14,US29->CS5,56005,56005,0
14,US29->CS13,55733,55733,0
14,US29->CS21,55725,55725,0
14,US29->CS29,56323,56323,0
14,US29->CS37,56349,56349,0
14,US29->CS45,56000,55999,0
14,US29->CS53,56243,56243,0
14,US29->CS61,56073,56073,0
14,US30->CS6,55939,55938,0
14,US30->CS14,56411,56411,0
14,US30->CS22,55931,55931,0
14,US30->CS30,55742,55742,0
14,US30->CS38,56147,56147,0
14,US30->CS46,56014,56013,0
14,US30->CS54,56217,56217,0
14,US30->CS62,56017,56017,0
14,US31->CS7,55334,55334,0
14,US31->CS15,55601,55601,0
14,US31->CS23,56419,56419,0
14,US31->CS31,56328,56328,0
14,US31->CS39,55750,55750,0
14,US31->CS47,56271,56270,0
14,US31->CS55,55902,55902,0
14,US31->CS63,55767,55767,0
14,US32->CS0,71762,71762,0
14,US32->CS8,70969,70969,0
14,US32->CS16,71080,71079,0
14,US32->CS24,71224,71224,0
14,US32->CS32,70912,70911,0
14,US32->CS40,71189,71189,0
14,US32->CS48,71728,71728,0
14,US32->CS56,71568,71568,0
14,US33->CS1,71291,71291,0
14,US33->CS9,71643,71643,0
14,US33->CS17,71858,71857,0
14,US33->CS25,71553,71553,0
14,US33->CS33,71473,71473,0
14,US33->CS41,71244,71243,0
14,US33->CS49,71602,71602,0
14,US33->CS57,71930,71929,0
14,US34->CS2,71078,71078,0
14,US34->CS10,71509,71509,0
14,US34->CS18,71850,71849,0
14,US34->CS26,70752,70751,0
14,US34->CS34,71414,71414,0
14,US34->CS42,71267,71265,0
14,US34->CS50,71230,71230,0
14,US34->CS58,71373,71372,0
14,US35->CS3,71497,71497,0
14,US35->CS11,71274,71274,0
14,US35->CS19,71496,71496,0
14,US35->CS27,71573,71573,0
14,US35->CS35,71256,71256,0
14,US35->CS43,71453,71452,0
14,US35->CS51,72024,72024,0
14,US35->CS59,71800,71800,0
14,US36->CS4,71296,71295,0
14,US36->CS12,71323,71323,0
14,US36->CS20,71400,71399,0
14,US36->CS28,71494,71494,0
14,US36->CS36,71298,71297,0
14,US36->CS44,71305,71305,0
14,US36->CS52,71941,71941,0
14,US36->CS60,71187,71186,0
14,US37->CS5,71625,71625,0
14,US37->CS13,71334,71334,0
14,US37->CS21,71232,71232,0
14,US37->CS29,71622,71621,0
14,US37->CS37,71057,71057,0
14,US37->CS45,71304,71304,0
14,US37->CS53,71181,71179,0
14,US37->CS61,71346,71345,0
14,US38->CS6,71287,71286,0
14,US38->CS14,71661,71660,0
14,US38->CS22,71548,71548,0
14,US38->CS30,71218,71218,0
14,US38->CS38,71150,71149,0
14,US38->CS46,71845,71844,0
14,US38->CS54,71371,71371,0
14,US38->CS62,71491,71490,0
14,US39->CS7,71275,71275,0
14,US39->CS15,71183,71183,0
14,US39->CS23,71609,71608,0
14,US39->CS31,71197,71197,0
14,US39->CS39,71282,71282,0
14,US39->CS47,70966,70966,0
14,US39->CS55,71576,71576,0
14,US39->CS63,71183,71183,0
14,US40->CS0,56859,56859,0
14,US40->CS8,56316,56316,0
14,US40->CS16,56226,56226,0
14,US40->CS24,56829,56829,0
14,US40->CS32,56886,56886,0
14,US40->CS40,56425,56425,0
14,US40->CS48,56556,56556,0
14,US40->CS56,56617,56617,0
14,US41->CS1,56103,56103,0
14,US41->CS9,56374,56374,0
14,US41->CS17,56246,56246,0
14,US41->CS25,56778,56778,0
14,US41->CS33,56413,56413,0
14,US41->CS41,56283,56283,0
14,US41->CS49,56380,56380,0
14,US41->CS57,56308,56308,0
14,US42->CS2,56964,56964,0
14,US42->CS10,56533,56533,0
14,US42->CS18,56271,56271,0
14,US42->CS26,56686,56686,0
14,US42->CS34,56590,56590,0
14,US42->CS42,56527,56527,0
14,US42->CS50,56554,56554,0
14,US42->CS58,56267,56267,0
14,US43->CS3,56629,56629,0
14,US43->CS11,56463,56463,0
14,US43->CS19,56728,56728,0
14,US43->CS27,56549,56549,0
14,US43->CS35,56460,56460,0
14,US43->CS43,56481,56481,0
14,US43->CS51,56710,56710,0
14,US43->CS59,56769,56769,0
14,US44->CS4,56412,56412,0
14,US44->CS12,56649,56649,0
14,US44->CS20,56802,56802,0
14,US44->CS28,56238,56238,0
14,US44->CS36,56321,56321,0
14,US44->CS44,56683,56683,0
14,US44->CS52,56784,56784,0
14,US44->CS60,56300,56300,0
14,US45->CS5,56453,56453,0
14,US45->CS13,56551,56551,0
14,US45->CS21,56472,56472,0
14,US45->CS29,56564,56564,0
14,US45->CS37,56634,56634,0
14,US45->CS45,56167,56167,0
14,US45->CS53,56896,56896,0
14,US45->CS61,56788,56788,0
14,US46->CS6,56640,56640,0
14,US46->CS14,56635,56635,0
14,US46->CS22,56699,56699,0
14,US46->CS30,56569,56569,0
14,US46->CS38,56850,56850,0
14,US46->CS46,55980,55980,0
14,US46->CS54,56678,56678,0
14,US46->CS62,56358,56358,0
14,US47->CS7,56210,56210,0
14,US47->CS15,56798,56798,0
14,US47->CS23,56582,56582,0
14,US47->CS31,56745,56745,0
14,US47->CS39,56772,56772,0
14,US47->CS47,56604,56604,0
14,US47->CS55,56555,56555,0
14,US47->CS63,56805,56805,0
14,US48->CS0,52313,52313,0
14,US48->CS8,52202,52202,0
14,US48->CS16,51778,51778,0
14,US48->CS24,52198,52198,0
14,US48->CS32,51896,51896,0
14,US48->CS40,51773,51773,0
14,US48->CS48,52204,52204,0
14,US48->CS56,51988,51988,0
14,US49->CS1,51530,51530,0
14,US49->CS9,51123,51123,0
14,US49->CS17,51992,51992,0
14,US49->CS25,51927,51927,0
14,US49->CS33,51830,51830,0
14,US49->CS41,51992,51992,0
14,US49->CS49,51961,51961,0
14,US49->CS57,51707,51707,0
14,US50->CS2,52048,52048,0
14,US50->CS10,51976,51976,0
14,US50->CS18,51963,51963,0
14,US50->CS26,52011,52011,0
14,US50->CS34,51548,51548,0
14,US50->CS42,51773,51773,0
14,US50->CS50,51805,51805,0
14,US50->CS58,52223,52223,0
14,US51->CS3,51769,51769,0
14,US51->CS11,51587,51587,0
14,US51->CS19,51464,51464,0
14,US51->CS27,51911,51911,0
14,US51->CS35,52011,52011,0
14,US51->CS43,51602,51602,0
14,US51->CS51,51833,51833,0
14,US51->CS59,51895,51895,0
14,US52->CS4,51857,51857,0
14,US52->CS12,51905,51905,0
14,US52->CS20,51867,51867,0
14,US52->CS28,51599,51599,0
14,US52->CS36,51979,51979,0
14,US52->CS44,51553,51553,0
14,US52->CS52,51690,51690,0
14,US52->CS60,51579,51579,0
14,US53->CS5,52190,52190,0
14,US53->CS13,51794,51794,0
14,US53->CS21,51805,51805,0
14,US53->CS29,51694,51694,0
14,US53->CS37,52085,52085,0
14,US53->CS45,51560,51560,0
14,US53->CS53,51878,51878,0
14,US53->CS61,52208,52208,0
14,US54->CS6,51304,51304,0
14,US54->CS14,51728,51728,0
14,US54->CS22,51737,51737,0
14,US54->CS30,51989,51989,0
14,US54->CS38,51973,51973,0
14,US54->CS46,51434,51434,0
14,US54->CS54,52012,52012,0
14,US54->CS62,51762,51762,0
14,US55->CS7,51969,51969,0
14,US55->CS15,51986,51986,0
14,US55->CS23,52197,52197,0
14,US55->CS31,52313,52313,0
14,US55->CS39,51906,51906,0
14,US55->CS47,51839,51839,0
14,US55->CS55,52056,52056,0
14,US55->CS63,51306,51306,0
14,US56->CS0,55895,55894,0
14,US56->CS8,55828,55828,0
14,US56->CS16,55983,55982,0
14,US56->CS24,55923,55923,0
14,US56->CS32,55765,55765,0
14,US56->CS40,56084,56084,0
14,US56->CS48,56173,56172,0
14,US56->CS56,55990,55989,0
14,US57->CS1,55957,55957,0
14,US57->CS9,56184,56184,0
14,US57->CS17,55710,55710,0
14,US57->CS25,55448,55447,0
14,US57->CS33,55682,55681,0
14,US57->CS41,55659,55657,0
14,US57->CS49,55776,55776,0
14,US57->CS57,55732,55732,0
14,US58->CS2,55884,55884,0
14,US58->CS10,56331,56330,0
14,US58->CS18,55807,55807,0
14,US58->CS26,55649,55649,0
14,US58->CS34,55936,55936,0
14,US58->CS42,55804,55803,0
14,US58->CS50,55594,55594,0
14,US58->CS58,55730,55730,0
14,US59->CS3,55409,55408,0
14,US59->CS11,56322,56322,0
14,US59->CS19,56267,56267,0
14,US59->CS27,56011,56011,0
14,US59->CS35,55479,55479,0
14,US59->CS43,55559,55559,0
14,US59->CS51,55578,55578,0
14,US59->CS59,55801,55801,0
14,US60->CS4,55601,55600,0
14,US60->CS12,55655,55655,0
14,US60->CS20,55781,55781,0
14,US60->CS28,55687,55687,0
14,US60->CS36,55885,55885,0
14,US60->CS44,55740,55740,0
14,US60->CS52,55866,55866,0
14,US60->CS60,55887,55886,0
14,US61->CS5,56050,56050,0
14,US61->CS13,55879,55879,0
14,US61->CS21,55902,55902,0
14,US61->CS29,56251,56251,0
14,US61->CS37,55567,55567,0
14,US61->CS45,55947,55947,0
14,US61->CS53,55426,55426,0
14,US61->CS61,56012,56012,0
14,US62->CS6,55946,55946,0
14,US62->CS14,55981,55981,0
14,US62->CS22,55209,55209,0
14,US62->CS30,55798,55797,0
14,US62->CS38,55715,55715,0
14,US62->CS46,55565,55564,0
14,US62->CS54,55817,55817,0
14,US62->CS62,55644,55644,0
14,US63->CS7,56206,56206,0
14,US63->CS15,55905,55905,0
14,US63->CS23,56013,56013,0
14,US63->CS31,55423,55423,0
14,US63->CS39,55753,55753,0
14,US63->CS47,55833,55833,0
14,US63->CS55,55919,55919,0
14,US63->CS63,55618,55618,0
14,US64->CS0,70544,70544,0
14,US64->CS8,71406,71406,0
14,US64->CS16,71089,71088,0
14,US64->CS24,71450,71450,0
14,US64->CS32,71156,71156,0
14,US64->CS40,71259,71259,0
14,US64->CS48,71236,71236,0
14,US64->CS56,71601,71601,0
14,US65->CS1,71249,71249,0
14,US65->CS9,70933,70933,0
14,US65->CS17,71556,71556,0
14,US65->CS25,70999,70999,0
14,US65->CS33,70918,70918,0
14,US65->CS41,71295,71295,0
14,US65->CS49,71253,71253,0
14,US65->CS57,71724,71724,0
14,US66->CS2,70732,70730,0
14,US66->CS10,71070,71070,0
14,US66->CS18,70979,70979,0
14,US66->CS26,70913,70912,0
14,US66->CS34,71009,71009,0
14,US66->CS42,70845,70843,0
14,US66->CS50,71153,71153,0
14,US66->CS58,71175,71175,0
14,US67->CS3,70993,70993,0
14,US67->CS11,71032,71031,0
14,US67->CS19,71654,71654,0
14,US67->CS27,70648,70647,0
14,US67->CS35,71047,71046,0
14,US67->CS43,71247,71247,0
14,US67->CS51,71426,71426,0
14,US67->CS59,70441,70441,0
14,US68->CS4,70502,70501,0
14,US68->CS12,71327,71327,0
14,US68->CS20,71094,71094,0
14,US68->CS28,71300,71300,0
14,US68->CS36,71313,71313,0
14,US68->CS44,70861,70861,0
14,US68->CS52,71164,71162,0
14,US68->CS60,71453,71453,0
14,US69->CS5,71267,71266,0
14,US69->CS13,71121,71120,0
14,US69->CS21,70802,70802,0
14,US69->CS29,70657,70655,0
14,US69->CS37,71204,71202,0
14,US69->CS45,71326,71326,0
14,US69->CS53,71370,71369,0
14,US69->CS61,70846,70846,0
14,US70->CS6,70966,70965,0
14,US70->CS14,71043,71043,0
14,US70->CS22,71170,71170,0
14,US70->CS30,71240,71240,0
14,US70->CS38,70944,70944,0
14,US70->CS46,71415,71414,0
14,US70->CS54,71285,71285,0
14,US70->CS62,70658,70657,0
14,US71->CS7,70796,70795,0
14,US71->CS15,70977,70976,0
14,US71->CS23,71454,71454,0
14,US71->CS31,70983,70983,0
14,US71->CS39,70744,70743,0
14,US71->CS47,70958,70957,0
14,US71->CS55,70898,70898,0
14,US71->CS63,71343,71341,0
14,US72->CS0,51330,51330,0
14,US72->CS8,51436,51436,0
14,US72->CS16,51579,51579,0
14,US72->CS24,51445,51445,0
14,US72->CS32,51449,51449,0
14,US72->CS40,51286,51286,0
14,US72->CS48,51350,51350,0
14,US72->CS56,51278,51278,0
14,US73->CS1,51521,51521,0
14,US73->CS9,51546,51546,0
14,US73->CS17,51078,51078,0
14,US73->CS25,51542,51542,0
14,US73->CS33,51796,51796,0
14,US73->CS41,51667,51667,0
14,US73->CS49,51624,51624,0
14,US73->CS57,51417,51417,0
14,US74->CS2,51305,51305,0
14,US74->CS10,51373,51373,0
14,US74->CS18,51481,51481,0
14,US74->CS26,51805,51805,0
14,US74->CS34,51257,51257,0
14,US74->CS42,51421,51421,0
14,US74->CS50,51731,51731,0
14,US74->CS58,51660,51660,0
14,US75->CS3,51335,51335,0
14,US75->CS11,51233,51233,0
14,US75->CS19,51722,51722,0
14,US75->CS27,51442,51442,0
14,US75->CS35,51335,51335,0
14,US75->CS43,51054,51054,0
14,US75->CS51,51195,51195,0
14,US75->CS59,51267,51267,0
14,US76->CS4,51165,51165,0
14,US76->CS12,51301,51301,0
14,US76->CS20,51120,51120,0
14,US76->CS28,51297,51297,0
14,US76->CS36,51370,51370,0
14,US76->CS44,51426,51426,0
14,US76->CS52,51930,51930,0
14,US76->CS60,51298,51298,0
14,US77->CS5,51419,51419,0
14,US77->CS13,51680,51680,0
14,US77->CS21,51168,51168,0
14,US77->CS29,51310,51310,0
14,US77->CS37,51231,51231,0
14,US77->CS45,51400,51400,0
14,US77->CS53,51577,51577,0
14,US77->CS61,51645,51645,0
14,US78->CS6,51651,51651,0
14,US78->CS14,51494,51494,0
14,US78->CS22,51123,51123,0
14,US78->CS30,51432,51432,0
14,US78->CS38,51556,51556,0
14,US78->CS46,51052,51052,0
14,US78->CS54,51325,51325,0
14,US78->CS62,50958,50958,0
14,US79->CS7,51168,51168,0
14,US79->CS15,51250,51250,0
14,US79->CS23,51203,51203,0
14,US79->CS31,51475,51475,0
14,US79->CS39,51615,51615,0
14,US79->CS47,51230,51230,0
14,US79->CS55,51600,51600,0
14,US79->CS63,51448,51448,0
14,US80->CS0,51259,51259,0
14,US80->CS8,51501,51501,0
14,US80->CS16,51723,51723,0
14,US80->CS24,51648,51648,0
14,US80->CS32,51134,51134,0
14,US80->CS40,51384,51384,0
14,US80->CS48,51332,51332,0
14,US80->CS56,51447,51447,0
14,US81->CS1,51403,51403,0
14,US81->CS9,51161,51159,0
14,US81->CS17,51501,51501,0
14,US81->CS25,51439,51439,0
14,US81->CS33,51618,51618,0
14,US81->CS41,51271,51271,0
14,US81->CS49,51175,51175,0
14,US81->CS57,51709,51709,0
14,US82->CS2,51245,51245,0
14,US82->CS10,51338,51338,0
14,US82->CS18,51699,51698,0
14,US82->CS26,51390,51390,0
14,US82->CS34,51517,51516,0
14,US82->CS42,51486,51485,0
14,US82->CS50,51485,51485,0
14,US82->CS58,51539,51539,0
14,US83->CS3,50921,50920,0
14,US83->CS11,51352,51352,0
14,US83->CS19,51215,51215,0
14,US83->CS27,51277,51277,0
14,US83->CS35,51511,51511,0
14,US83->CS43,51593,51593,0
14,US83->CS51,51286,51286,0
14,US83->CS59,51504,51504,0
14,US84->CS4,51683,51683,0
14,US84->CS12,51167,51167,0
14,US84->CS20,51032,51032,0
14,US84->CS28,51419,51419,0
14,US84->CS36,51423,51423,0
14,US84->CS44,51133,51133,0
14,US84->CS52,51309,51309,0
14,US84->CS60,51075,51075,0
14,US85->CS5,51651,51651,0
14,US85->CS13,51572,51572,0
14,US85->CS21,50958,50958,0
14,US85->CS29,51337,51337,0
14,US85->CS37,51820,51820,0
14,US85->CS45,51254,51254,0
14,US85->CS53,51473,51473,0
14,US85->CS61,51219,51219,0
14,US86->CS6,51388,51387,0
14,US86->CS14,51354,51353,0
14,US86->CS22,51249,51249,0
14,US86->CS30,51170,51170,0
14,US86->CS38,51523,51523,0
14,US86->CS46,51672,51672,0
14,US86->CS54,51404,51404,0
14,US86->CS62,51231,51231,0
14,US87->CS7,51375,51373,0
14,US87->CS15,51754,51754,0
14,US87->CS23,51294,51293,0
14,US87->CS31,51532,51532,0
14,US87->CS39,51721,51721,0
14,US87->CS47,51408,51408,0
14,US87->CS55,51996,51996,0
14,US87->CS63,51025,51025,0
14,US88->CS0,51369,51369,0
14,US88->CS8,51907,51907,0
14,US88->CS16,51803,51803,0
14,US88->CS24,51354,51354,0
14,US88->CS32,51450,51450,0
14,US88->CS40,51789,51789,0
14,US88->CS48,51243,51243,0
14,US88->CS56,51795,51795,0
14,US89->CS1,51685,51685,0
14,US89->CS9,51421,51421,0
14,US89->CS17,51743,51743,0
14,US89->CS25,51531,51531,0
14,US89->CS33,51581,51581,0
14,US89->CS41,51619,51619,0
14,US89->CS49,51709,51709,0
14,US89->CS57,51494,51494,0
14,US90->CS2,51725,51725,0
14,US90->CS10,51426,51426,0
14,US90->CS18,51588,51588,0
14,US90->CS26,51506,51506,0
14,US90->CS34,51545,51545,0
14,US90->CS42,52031,52031,0
14,US90->CS50,51617,51617,0
14,US90->CS58,51656,51656,0
14,US91->CS3,51308,51308,0
14,US91->CS11,51696,51696,0
14,US91->CS19,52022,52022,0
14,US91->CS27,51520,51520,0
14,US91->CS35,51777,51777,0
14,US91->CS43,51523,51523,0
14,US91->CS51,51814,51814,0
14,US91->CS59,51332,51332,0
14,US92->CS4,51490,51490,0
14,US92->CS12,51881,51881,0
14,US92->CS20,51456,51456,0
14,US92->CS28,51502,51502,0
14,US92->CS36,51784,51784,0
14,US92->CS44,51363,51363,0
14,US92->CS52,51254,51254,0
14,US92->CS60,51331,51331,0
14,US93->CS5,51571,51571,0
14,US93->CS13,51379,51379,0
14,US93->CS21,51748,51748,0
14,US93->CS29,51720,51720,0
14,US93->CS37,51608,51608,0
14,US93->CS45,51329,51329,0
14,US93->CS53,51821,51821,0
14,US93->CS61,51902,51902,0
14,US94->CS6,51332,51332,0
14,US94->CS14,51767,51767,0
14,US94->CS22,51425,51425,0
14,US94->CS30,51363,51363,0
14,US94->CS38,51914,51914,0
14,US94->CS46,51710,51710,0
14,US94->CS54,51864,51864,0
14,US94->CS62,51760,51760,0
14,US95->CS7,51571,51571,0
14,US95->CS15,51477,51477,0
14,US95->CS23,51200,51200,0
14,US95->CS31,51172,51172,0
14,US95->CS39,51904,51904,0
14,US95->CS47,51270,51270,0
14,US95->CS55,51508,51508,0
14,US95->CS63,51603,51603,0
14,US96->CS0,64211,64211,0
14,US96->CS8,64214,64214,0
14,US96->CS16,63941,63938,0
14,US96->CS24,63616,63616,0
14,US96->CS32,64233,64233,0
14,US96->CS40,63532,63531,0
14,US96->CS48,64101,64100,0
14,US96->CS56,64119,64119,0
14,US97->CS1,64046,64046,0
14,US97->CS9,64016,64016,0
14,US97->CS17,63844,63844,0
14,US97->CS25,64052,64052,0
14,US97->CS33,64549,64549,0
14,US97->CS41,64250,64250,0
14,US97->CS49,63933,63932,0
14,US97->CS57,64170,64170,0
14,US98->CS2,64072,64072,0
14,US98->CS10,63657,63656,0
14,US98->CS18,64267,64266,0
14,US98->CS26,63933,63933,0
14,US98->CS34,63914,63914,0
14,US98->CS42,63701,63700,0
14,US98->CS50,63939,63939,0
14,US98->CS58,64226,64226,0
14,US99->CS3,63812,63812,0
14,US99->CS11,64336,64336,0
14,US99->CS19,63822,63821,0
14,US99->CS27,63981,63980,0
14,US99->CS35,63431,63430,0
14,US99->CS43,64260,64259,0
14,US99->CS51,63926,63926,0
14,US99->CS59,64350,64350,0
14,US100->CS4,63990,63989,0
14,US100->CS12,64208,64207,0
14,US100->CS20,64302,64302,0
14,US100->CS28,63818,63818,0
14,US100->CS36,64054,64054,0
14,US100->CS44,63775,63775,0
14,US100->CS52,64073,64073,0
14,US100->CS60,63523,63523,0
14,US101->CS5,63940,63939,0
14,US101->CS13,64095,64095,0
14,US101->CS21,63927,63926,0
14,US101->CS29,64307,64305,0
14,US101->CS37,63870,63870,0
14,US101->CS45,63819,63817,0
14,US101->CS53,63851,63851,0
14,US101->CS61,64206,64205,0
14,US102->CS6,63916,63914,0
14,US102->CS14,64270,64269,0
14,US102->CS22,64023,64023,0
14,US102->CS30,63957,63956,0
14,US102->CS38,63925,63925,0
14,US102->CS46,63699,63699,0
14,US102->CS54,64075,64075,0
14,US102->CS62,64029,64029,0
14,US103->CS7,63720,63720,0
14,US103->CS15,63618,63617,0
14,US103->CS23,63872,63872,0
14,US103->CS31,63955,63955,0
14,US103->CS39,63627,63625,0
14,US103->CS47,64011,64010,0
14,US103->CS55,64216,64216,0
14,US103->CS63,64187,64186,0
14,US104->CS0,62901,62900,0
14,US104->CS8,62257,62256,0
14,US104->CS16,62373,62373,0
14,US104->CS24,62545,62545,0
14,US104->CS32,62786,62786,0
14,US104->CS40,62564,62563,0
14,US104->CS48,62348,62348,0
14,US104->CS56,62832,62832,0
14,US105->CS1,62562,62562,0
14,US105->CS9,62485,62485,0
14,US105->CS17,62422,62422,0
14,US105->CS25,62750,62750,0
14,US105->CS33,62478,62478,0
14,US105->CS41,62707,62707,0
14,US105->CS49,62506,62506,0
14,US105->CS57,62980,62980,0
14,US106->CS2,63227,63227,0
14,US106->CS10,62644,62644,0
14,US106->CS18,62801,62800,0
14,US106->CS26,62755,62755,0
14,US106->CS34,62694,62694,0
14,US106->CS42,62979,62978,0
14,US106->CS50,62758,62757,0
14,US106->CS58,62920,62919,0
14,US107->CS3,62862,62862,0
14,US107->CS11,62352,62352,0
14,US107->CS19,63022,63021,0
14,US107->CS27,62573,62573,0
14,US107->CS35,62368,62368,0
14,US107->CS43,63003,63003,0
14,US107->CS51,62932,62932,0
14,US107->CS59,62429,62429,0
14,US108->CS4,62615,62615,0
14,US108->CS12,62584,62584,0
14,US108->CS20,62721,62721,0
14,US108->CS28,63120,63120,0
14,US108->CS36,62714,62714,0
14,US108->CS44,62990,62988,0
14,US108->CS52,62747,62747,0
14,US108->CS60,62670,62670,0
14,US109->CS5,62929,62928,0
14,US109->CS13,62310,62310,0
14,US109->CS21,62592,62592,0
14,US109->CS29,62456,62456,0
14,US109->CS37,62574,62574,0
14,US109->CS45,62565,62565,0
14,US109->CS53,62652,62651,0
14,US109->CS61,62566,62565,0
14,US110->CS6,62392,62392,0
14,US110->CS14,62263,62262,0
14,US110->CS22,62996,62995,0
14,US110->CS30,62542,62541,0
14,US110->CS38,62612,62612,0
14,US110->CS46,62797,62795,0
14,US110->CS54,62522,62522,0
14,US110->CS62,62965,62965,0
14,US111->CS7,62872,62872,0
14,US111->CS15,62681,62681,0
14,US111->CS23,62728,62727,0
14,US111->CS31,62996,62995,0
14,US111->CS39,62394,62394,0
14,US111->CS47,62808,62808,0
14,US111->CS55,62605,62605,0
14,US111->CS63,62314,62312,0
14,US112->CS0,51897,51897,0
14,US112->CS8,52160,52160,0
14,US112->CS16,51987,51987,0
14,US112->CS24,52103,52103,0
14,US112->CS32,51826,51826,0
14,US112->CS40,52020,52020,0
14,US112->CS48,51819,51819,0
14,US112->CS56,52100,52100,0
14,US113->CS1,52221,52221,0
14,US113->CS9,51884,51884,0
14,US113->CS17,52216,52216,0
14,US113->CS25,51756,51756,0
14,US113->CS33,52000,52000,0
14,US113->CS41,52108,52108,0
14,US113->CS49,52474,52474,0
14,US113->CS57,52175,52175,0
14,US114->CS2,52339,52339,0
14,US114->CS10,51669,51669,0
14,US114->CS18,51706,51706,0
14,US114->CS26,51879,51879,0
14,US114->CS34,52309,52309,0
14,US114->CS42,51849,51849,0
14,US114->CS50,51680,51680,0
14,US114->CS58,52054,52054,0
14,US115->CS3,52047,52047,0
14,US115->CS11,52045,52045,0
14,US115->CS19,51880,51880,0
14,US115->CS27,51884,51884,0
14,US115->CS35,52080,52080,0
14,US115->CS43,51691,51691,0
14,US115->CS51,51893,51893,0
14,US115->CS59,52338,52338,0
14,US116->CS4,52210,52210,0
14,US116->CS12,52171,52171,0
14,US116->CS20,52191,52191,0
14,US116->CS28,52247,52247,0
14,US116->CS36,52484,52484,0
14,US116->CS44,52180,52180,0
14,US116->CS52,52072,52072,0
14,US116->CS60,51840,51840,0
14,US117->CS5,51870,51870,0
14,US117->CS13,51983,51983,0
14,US117->CS21,52078,52078,0
14,US117->CS29,52124,52124,0
14,US117->CS37,52385,52385,0
14,US117->CS45,52263,52263,0
14,US117->CS53,51836,51836,0
14,US117->CS61,52290,52290,0
14,US118->CS6,52643,52643,0
14,US118->CS14,52353,52353,0
14,US118->CS22,51968,51968,0
14,US118->CS30,52209,52209,0
14,US118->CS38,51898,51898,0
14,US118->CS46,52125,52125,0
14,US118->CS54,51919,51919,0
14,US118->CS62,52645,52645,0
14,US119->CS7,52117,52117,0
14,US119->CS15,51681,51681,0
14,US119->CS23,52081,52081,0
14,US119->CS31,51812,51812,0
14,US119->CS39,51967,51967,0
14,US119->CS47,51805,51805,0
14,US119->CS55,51965,51965,0
14,US119->CS63,52117,52117,0
14,US120->CS0,51002,51002,0
14,US120->CS8,50946,50946,0
14,US120->CS16,51341,51341,0
14,US120->CS24,50946,50946,0
14,US120->CS32,51158,51158,0
14,US120->CS40,51167,51167,0
14,US120->CS48,50901,50901,0
14,US120->CS56,51577,51577,0
14,US121->CS1,51112,51112,0
14,US121->CS9,51118,51118,0
14,US121->CS17,51069,51069,0
14,US121->CS25,51499,51499,0
14,US121->CS33,51137,51137,0
14,US121->CS41,51502,51502,0
14,US121->CS49,51377,51377,0
14,US121->CS57,51065,51065,0
14,US122->CS2,50985,50985,0
14,US122->CS10,51390,51390,0
14,US122->CS18,50818,50818,0
14,US122->CS26,51573,51573,0
14,US122->CS34,50973,50973,0
14,US122->CS42,51101,51101,0
14,US122->CS50,51034,51034,0
14,US122->CS58,51138,51138,0
14,US123->CS3,51014,51014,0
14,US123->CS11,51385,51385,0
14,US123->CS19,51513,51513,0
14,US123->CS27,50938,50938,0
14,US123->CS35,50848,50848,0
14,US123->CS43,50990,50990,0
14,US123->CS51,51383,51383,0
14,US123->CS59,51067,51067,0
14,US124->CS4,50913,50913,0
14,US124->CS12,51386,51386,0
14,US124->CS20,51041,51041,0
14,US124->CS28,51220,51220,0
14,US124->CS36,51443,51443,0
14,US124->CS44,50834,50834,0
14,US124->CS52,51269,51269,0
14,US124->CS60,50840,50840,0
14,US125->CS5,51334,51334,0
14,US125->CS13,50957,50957,0
14,US125->CS21,51021,51021,0
14,US125->CS29,51286,51286,0
14,US125->CS37,51327,51327,0
14,US125->CS45,51167,51167,0
14,US125->CS53,51436,51436,0
14,US125->CS61,51518,51518,0
14,US126->CS6,51368,51368,0
14,US126->CS14,51180,51180,0
14,US126->CS22,50975,50975,0
14,US126->CS30,51215,51215,0
14,US126->CS38,51223,51223,0
14,US126->CS46,51210,51210,0
14,US126->CS54,51221,51221,0
14,US126->CS62,51284,51284,0
14,US127->CS7,51058,51058,0
14,US127->CS15,51491,51491,0
14,US127->CS23,51167,51167,0
14,US127->CS31,51173,51173,0
14,US127->CS39,51203,51203,0
14,US127->CS47,50826,50826,0
14,US127->CS55,51292,51292,0
14,US127->CS63,51424,51424,0
14,CS0->US0,52228,52228,0
14,CS0->US8,51386,51386,0
14,CS0->US16,51107,51107,0
14,CS0->US24,55902,55902,0
14,CS0->US32,70491,70490,0
14,CS0->US40,51933,51933,0
14,CS0->US48,51653,51653,0
14,CS0->US56,56373,56373,0
14,CS0->US64,71671,71671,0
14,CS0->US72,51364,51364,0
14,CS0->US80,56972,56972,0
14,CS0->US88,51405,51405,0
14,CS0->US96,62926,62925,0
14,CS0->US104,64068,64068,0
14,CS0->US112,56966,56966,0
14,CS0->US120,54106,54106,0
14,CS1->US1,51484,51484,0
14,CS1->US9,51396,51396,0
14,CS1->US17,51213,51213,0
14,CS1->US25,55936,55935,0
14,CS1->US33,71161,71161,0
14,CS1->US41,52159,52159,0
14,CS1->US49,51792,51792,0
14,CS1->US57,55817,55817,0
14,CS1->US65,71132,71132,0
14,CS1->US73,51617,51617,0
14,CS1->US81,57163,57163,0
14,CS1->US89,51671,51671,0
14,CS1->US97,62626,62626,0
14,CS1->US105,63970,63970,0
14,CS1->US113,56296,56296,0
14,CS1->US121,54181,54181,0
14,CS2->US2,51992,51992,0
14,CS2->US10,51236,51235,0
14,CS2->US18,51065,51065,0
14,CS2->US26,55907,55907,0
14,CS2->US34,70696,70695,0
14,CS2->US42,52319,52319,0
14,CS2->US50,51751,51751,0
14,CS2->US58,55994,55994,0
14,CS2->US66,71035,71035,0
14,CS2->US74,51653,51653,0
14,CS2->US82,56853,56853,0
14,CS2->US90,51440,51440,0
14,CS2->US98,63137,63137,0
14,CS2->US106,63935,63933,0
14,CS2->US114,57144,57144,0
14,CS2->US122,54349,54349,0
14,CS3->US3,51672,51672,0
14,CS3->US11,50939,50939,0
14,CS3->US19,51124,51124,0
14,CS3->US27,55486,55484,0
14,CS3->US35,70880,70880,0
14,CS3->US43,52074,52074,0
14,CS3->US51,51392,51392,0
14,CS3->US59,55802,55802,0
14,CS3->US67,71408,71408,0
14,CS3->US75,51204,51204,0
14,CS3->US83,56646,56646,0
14,CS3->US91,51485,51485,0
14,CS3->US99,62841,62841,0
14,CS3->US107,63781,63781,0
14,CS3->US115,56787,56787,0
14,CS3->US123,54084,54084,0
14,CS4->US4,51761,51761,0
14,CS4->US12,51780,51779,0
14,CS4->US20,51031,51031,0
14,CS4->US28,55555,55555,0
14,CS4->US36,70376,70376,0
14,CS4->US44,52237,52237,0
14,CS4->US52,51611,51611,0
14,CS4->US60,55995,55995,0
14,CS4->US68,71188,71187,0
14,CS4->US76,51424,51424,0
14,CS4->US84,56995,56995,0
14,CS4->US92,51302,51302,0
14,CS4->US100,62595,62595,0
14,CS4->US108,63996,63996,0
14,CS4->US116,56594,56594,0
14,CS4->US124,54216,54216,0
14,CS5->US5,52076,52076,0
14,CS5->US13,51665,51665,0
14,CS5->US21,51479,51479,0
14,CS5->US29,56111,56109,0
14,CS5->US37,71114,71113,0
14,CS5->US45,51925,51925,0
14,CS5->US53,51457,51457,0
14,CS5->US61,56014,56014,0
14,CS5->US69,71503,71503,0
14,CS5->US77,51528,51528,0
14,CS5->US85,57103,57103,0
14,CS5->US93,51545,51545,0
14,CS5->US101,62972,62972,0
14,CS5->US109,63849,63848,0
14,CS5->US117,56559,56559,0
14,CS5->US125,54542,54542,0
14,CS6->US6,51238,51238,0
14,CS6->US14,51447,51447,0
14,CS6->US22,51510,51510,0
14,CS6->US30,55920,55920,0
14,CS6->US38,70884,70884,0
14,CS6->US46,52655,52655,0
14,CS6->US54,51815,51815,0
14,CS6->US62,55943,55943,0
14,CS6->US70,71197,71196,0
14,CS6->US78,51245,51245,0
14,CS6->US86,56783,56783,0
14,CS6->US94,51787,51787,0
14,CS6->US102,62363,62362,0
14,CS6->US110,63921,63921,0
14,CS6->US118,56735,56735,0
14,CS6->US126,53841,53841,0
14,CS7->US7,51896,51896,0
14,CS7->US15,51503,51503,0
14,CS7->US23,51198,51198,0
14,CS7->US31,56111,56111,0
14,CS7->US39,70666,70666,0
14,CS7->US47,52180,52180,0
14,CS7->US55,52004,52004,0
14,CS7->US63,55384,55384,0
14,CS7->US71,71202,71202,0
14,CS7->US79,51453,51453,0
14,CS7->US87,57109,57109,0
14,CS7->US95,51219,51219,0
14,CS7->US103,62806,62806,0
14,CS7->US111,63773,63770,0
14,CS7->US119,56394,56394,0
14,CS7->US127,54010,54010,0
14,CS8->US0,52162,52162,0
14,CS8->US8,51550,51549,0
14,CS8->US16,51120,51120,0
14,CS8->US24,55851,55849,0
14,CS8->US32,71302,71302,0
14,CS8->US40,52126,52126,0
14,CS8->US48,52174,52174,0
14,CS8->US56,56191,56191,0
14,CS8->US64,70814,70814,0
14,CS8->US72,51767,51767,0
14,CS8->US80,57282,57282,0
14,CS8->US88,51573,51573,0
14,CS8->US96,62350,62350,0
14,CS8->US104,64174,64174,0
14,CS8->US112,56531,56531,0
14,CS8->US120,54099,54099,0
14,CS9->US1,51033,51033,0
14,CS9->US9,51217,51217,0
14,CS9->US17,51282,51282,0
14,CS9->US25,56233,56233,0
14,CS9->US33,70803,70803,0
14,CS9->US41,51930,51930,0
14,CS9->US49,51999,51999,0
14,CS9->US57,56505,56505,0
14,CS9->US65,71559,71559,0
14,CS9->US73,51395,51395,0
14,CS9->US81,56934,56934,0
14,CS9->US89,51640,51640,0
14,CS9->US97,62434,62434,0
14,CS9->US105,64004,64004,0
14,CS9->US113,56501,56501,0
14,CS9->US121,54396,54396,0
14,CS10->US2,51883,51883,0
14,CS10->US10,51425,51425,0
14,CS10->US18,51381,51381,0
14,CS10->US26,56448,56448,0
14,CS10->US34,70957,70957,0
14,CS10->US42,51685,51685,0
14,CS10->US50,51576,51576,0
14,CS10->US58,56254,56253,0
14,CS10->US66,71429,71428,0
14,CS10->US74,51448,51448,0
14,CS10->US82,57158,57158,0
14,CS10->US90,51574,51574,0
14,CS10->US98,62643,62642,0
14,CS10->US106,63559,63559,0
14,CS10->US114,56669,56669,0
14,CS10->US122,54146,54146,0
14,CS11->US3,51538,51538,0
14,CS11->US11,51318,51318,0
14,CS11->US19,51462,51462,0
14,CS11->US27,56228,56228,0
14,CS11->US35,70916,70916,0
14,CS11->US43,52043,52043,0
14,CS11->US51,51367,51367,0
14,CS11->US59,56014,56014,0
14,CS11->US67,71132,71131,0
14,CS11->US75,51665,51665,0
14,CS11->US83,56868,56867,0
14,CS11->US91,51368,51368,0
14,CS11->US99,62394,62394,0
14,CS11->US107,64367,64367,0
14,CS11->US115,56545,56545,0
14,CS11->US123,54059,54059,0
14,CS12->US4,51886,51886,0
14,CS12->US12,51233,51233,0
14,CS12->US20,51469,51469,0
14,CS12->US28,55709,55709,0
14,CS12->US36,71205,71205,0
14,CS12->US44,52124,52124,0
14,CS12->US52,51690,51690,0
14,CS12->US60,56194,56194,0
14,CS12->US68,71233,71233,0
14,CS12->US76,51805,51805,0
14,CS12->US84,56891,56891,0
14,CS12->US92,51460,51460,0
14,CS12->US100,62567,62567,0
14,CS12->US108,64115,64114,0
14,CS12->US116,56763,56763,0
14,CS12->US124,53617,53617,0
14,CS13->US5,51728,51728,0
14,CS13->US13,51588,51588,0
14,CS13->US21,51008,51008,0
14,CS13->US29,55878,55878,0
14,CS13->US37,71038,71038,0
14,CS13->US45,52068,52068,0
14,CS13->US53,52070,52070,0
14,CS13->US61,55785,55785,0
14,CS13->US69,71191,71191,0
14,CS13->US77,51329,51329,0
14,CS13->US85,56944,56944,0
14,CS13->US93,51802,51802,0
14,CS13->US101,62321,62320,0
14,CS13->US109,64008,64008,0
14,CS13->US117,56694,56694,0
14,CS13->US125,54223,54223,0
14,CS14->US6,51628,51628,0
14,CS14->US14,51483,51482,0
14,CS14->US22,51281,51281,0
14,CS14->US30,55915,55914,0
14,CS14->US38,70950,70950,0
14,CS14->US46,52420,52420,0
14,CS14->US54,51406,51406,0
14,CS14->US62,56409,56408,0
14,CS14->US70,71602,71601,0
14,CS14->US78,51737,51737,0
14,CS14->US86,56829,56829,0
14,CS14->US94,51591,51591,0
14,CS14->US102,62247,62246,0
14,CS14->US110,64209,64208,0
14,CS14->US118,56796,56796,0
14,CS14->US126,54042,54042,0
14,CS15->US7,51881,51881,0
14,CS15->US15,51763,51762,0
14,CS15->US23,51667,51667,0
14,CS15->US31,55951,55950,0
14,CS15->US39,70854,70854,0
14,CS15->US47,51782,51782,0
14,CS15->US55,51951,51951,0
14,CS15->US63,55685,55684,0
14,CS15->US71,71119,71118,0
14,CS15->US79,51406,51406,0
14,CS15->US87,56695,56694,0
14,CS15->US95,51261,51261,0
14,CS15->US103,62614,62614,0
14,CS15->US111,63548,63546,0
14,CS15->US119,56917,56917,0
14,CS15->US127,54076,54076,0
14,CS16->US0,51687,51687,0
14,CS16->US8,51733,51733,0
14,CS16->US16,51498,51498,0
14,CS16->US24,56028,56027,0
14,CS16->US32,70959,70957,0
14,CS16->US40,52074,52074,0
14,CS16->US48,51739,51739,0
14,CS16->US56,55872,55872,0
14,CS16->US64,71079,71079,0
14,CS16->US72,51726,51726,0
14,CS16->US80,56755,56755,0
14,CS16->US88,51706,51706,0
14,CS16->US96,62291,62290,0
14,CS16->US104,63935,63934,0
14,CS16->US112,56329,56329,0
14,CS16->US120,53961,53961,0
14,CS17->US1,51870,51870,0
14,CS17->US9,51497,51497,0
14,CS17->US17,51237,51237,0
14,CS17->US25,55659,55659,0
14,CS17->US33,71431,71430,0
14,CS17->US41,52247,52247,0
14,CS17->US49,51938,51938,0
14,CS17->US57,55879,55878,0
14,CS17->US65,71820,71819,0
14,CS17->US73,51650,51650,0
14,CS17->US81,56646,56646,0
14,CS17->US89,51285,51285,0
14,CS17->US97,62420,62420,0
14,CS17->US105,63865,63865,0
14,CS17->US113,56403,56403,0
14,CS17->US121,54120,54120,0
14,CS18->US2,51876,51876,0
14,CS18->US10,51791,51791,0
14,CS18->US18,50965,50965,0
14,CS18->US26,55874,55874,0
14,CS18->US34,70872,70871,0
14,CS18->US42,51798,51798,0
14,CS18->US50,51690,51690,0
14,CS18->US58,55773,55773,0
14,CS18->US66,71761,71761,0
14,CS18->US74,51432,51432,0
14,CS18->US82,56570,56570,0
14,CS18->US90,51522,51522,0
14,CS18->US98,62785,62785,0
14,CS18->US106,64191,64191,0
14,CS18->US114,56433,56433,0
14,CS18->US122,54105,54105,0
14,CS19->US3,51315,51315,0
14,CS19->US11,51240,51239,0
14,CS19->US19,51633,51633,0
14,CS19->US27,56377,56377,0
14,CS19->US35,71522,71521,0
14,CS19->US43,51965,51965,0
14,CS19->US51,51673,51673,0
14,CS19->US59,56174,56174,0
14,CS19->US67,71398,71396,0
14,CS19->US75,51942,51942,0
14,CS19->US83,56905,56905,0
14,CS19->US91,51838,51838,0
14,CS19->US99,62975,62974,0
14,CS19->US107,63770,63770,0
14,CS19->US115,56915,56915,0
14,CS19->US123,53661,53661,0
14,CS20->US4,51851,51851,0
14,CS20->US12,51159,51159,0
14,CS20->US20,51100,51100,0
14,CS20->US28,55914,55914,0
14,CS20->US36,70998,70998,0
14,CS20->US44,52176,52176,0
14,CS20->US52,51311,51311,0
14,CS20->US60,56448,56448,0
14,CS20->US68,71341,71341,0
14,CS20->US76,51407,51407,0
14,CS20->US84,57211,57211,0
14,CS20->US92,51200,51200,0
14,CS20->US100,62681,62681,0
14,CS20->US108,64235,64235,0
14,CS20->US116,56901,56901,0
14,CS20->US124,53980,53980,0
14,CS21->US5,51761,51761,0
14,CS21->US13,51026,51026,0
14,CS21->US21,51033,51033,0
14,CS21->US29,55884,55884,0
14,CS21->US37,70719,70719,0
14,CS21->US45,52121,52121,0
14,CS21->US53,51931,51931,0
14,CS21->US61,55685,55684,0
14,CS21->US69,71149,71149,0
14,CS21->US77,51653,51653,0
14,CS21->US85,56971,56971,0
14,CS21->US93,51262,51262,0
14,CS21->US101,62638,62638,0
14,CS21->US109,63865,63865,0
14,CS21->US117,56679,56679,0
14,CS21->US125,54177,54177,0
14,CS22->US6,51698,51698,0
14,CS22->US14,51312,51312,0
14,CS22->US22,50945,50945,0
14,CS22->US30,55182,55182,0
14,CS22->US38,71085,71085,0
14,CS22->US46,51970,51970,0
14,CS22->US54,51756,51756,0
14,CS22->US62,55909,55909,0
14,CS22->US70,71465,71464,0
14,CS22->US78,51433,51433,0
14,CS22->US86,57152,57152,0
14,CS22->US94,51139,51139,0
14,CS22->US102,63032,63032,0
14,CS22->US110,63929,63928,0
14,CS22->US118,56793,56793,0
14,CS22->US126,53855,53855,0
14,CS23->US7,52151,52151,0
14,CS23->US15,51365,51365,0
14,CS23->US23,51312,51312,0
14,CS23->US31,56020,56019,0
14,CS23->US39,71385,71385,0
14,CS23->US47,52087,52087,0
14,CS23->US55,52046,52046,0
14,CS23->US63,56443,56443,0
14,CS23->US71,71484,71484,0
14,CS23->US79,51176,51176,0
14,CS23->US87,57018,57018,0
14,CS23->US95,51273,51273,0
14,CS23->US103,62726,62726,0
14,CS23->US111,63775,63772,0
14,CS23->US119,56698,56698,0
14,CS23->US127,54257,54257,0
14,CS24->US0,52155,52155,0
14,CS24->US8,51673,51673,0
14,CS24->US16,51105,51105,0
14,CS24->US24,55986,55986,0
14,CS24->US32,71354,71354,0
14,CS24->US40,52053,52053,0
14,CS24->US48,51636,51636,0
14,CS24->US56,55641,55641,0
14,CS24->US64,71110,71109,0
14,CS24->US72,51335,51335,0
14,CS24->US80,57001,57001,0
14,CS24->US88,51626,51626,0
14,CS24->US96,62477,62477,0
14,CS24->US104,63604,63603,0
14,CS24->US112,56929,56929,0
14,CS24->US120,54244,54244,0
14,CS25->US1,51857,51857,0
14,CS25->US9,51511,51510,0
14,CS25->US17,51566,51566,0
14,CS25->US25,55435,55435,0
14,CS25->US33,70815,70815,0
14,CS25->US41,51799,51799,0
14,CS25->US49,51898,51898,0
14,CS25->US57,55882,55881,0
14,CS25->US65,71486,71486,0
14,CS25->US73,51568,51568,0
14,CS25->US81,57176,57176,0
14,CS25->US89,51628,51628,0
14,CS25->US97,62724,62724,0
14,CS25->US105,64095,64095,0
14,CS25->US113,56857,56857,0
14,CS25->US121,54331,54331,0
14,CS26->US2,51940,51940,0
14,CS26->US10,51574,51574,0
14,CS26->US18,51655,51655,0
14,CS26->US26,55627,55627,0
14,CS26->US34,70845,70845,0
14,CS26->US42,51935,51935,0
14,CS26->US50,51529,51529,0
14,CS26->US58,56173,56173,0
14,CS26->US66,70681,70680,0
14,CS26->US74,51508,51508,0
14,CS26->US82,56837,56837,0
14,CS26->US90,51858,51858,0
14,CS26->US98,62673,62673,0
14,CS26->US106,63868,63868,0
14,CS26->US114,56793,56793,0
14,CS26->US122,54238,54238,0
14,CS27->US3,51843,51843,0
14,CS27->US11,51234,51234,0
14,CS27->US19,51012,51012,0
14,CS27->US27,55950,55950,0
14,CS27->US35,70538,70538,0
14,CS27->US43,51941,51941,0
14,CS27->US51,51560,51560,0
14,CS27->US59,55891,55891,0
14,CS27->US67,71469,71469,0
14,CS27->US75,51484,51484,0
14,CS27->US83,57180,57180,0
14,CS27->US91,51495,51495,0
14,CS27->US99,62566,62565,0
14,CS27->US107,63978,63978,0
14,CS27->US115,56670,56670,0
14,CS27->US123,54156,54156,0
14,CS28->US4,51529,51529,0
14,CS28->US12,51415,51415,0
14,CS28->US20,51350,51350,0
14,CS28->US28,55808,55807,0
14,CS28->US36,71183,71182,0
14,CS28->US44,52271,52271,0
14,CS28->US52,52046,52046,0
14,CS28->US60,56079,56078,0
14,CS28->US68,71439,71439,0
14,CS28->US76,51429,51429,0
14,CS28->US84,56957,56957,0
14,CS28->US92,51468,51468,0
14,CS28->US100,63081,63081,0
14,CS28->US108,63734,63732,0
14,CS28->US116,56352,56352,0
14,CS28->US124,54034,54034,0
14,CS29->US5,51666,51666,0
14,CS29->US13,51371,51371,0
14,CS29->US21,51440,51440,0
14,CS29->US29,56238,56237,0
14,CS29->US37,70559,70559,0
14,CS29->US45,52061,52061,0
14,CS29->US53,51846,51846,0
14,CS29->US61,56458,56458,0
14,CS29->US69,71487,71486,0
14,CS29->US77,51645,51645,0
14,CS29->US85,56168,56168,0
14,CS29->US93,51447,51447,0
14,CS29->US101,62412,62412,0
14,CS29->US109,64256,64256,0
14,CS29->US117,56652,56652,0
14,CS29->US125,53974,53974,0
14,CS30->US6,51961,51961,0
14,CS30->US14,51217,51217,0
14,CS30->US22,51337,51337,0
14,CS30->US30,55919,55919,0
14,CS30->US38,71116,71116,0
14,CS30->US46,52217,52217,0
14,CS30->US54,51958,51958,0
14,CS30->US62,55879,55879,0
14,CS30->US70,71123,71122,0
14,CS30->US78,51389,51389,0
14,CS30->US86,56882,56881,0
14,CS30->US94,51513,51513,0
14,CS30->US102,62434,62434,0
14,CS30->US110,63890,63890,0
14,CS30->US118,56644,56644,0
14,CS30->US126,54448,54448,0
14,CS31->US7,52268,52268,0
14,CS31->US15,51573,51573,0
14,CS31->US23,51185,51185,0
14,CS31->US31,55559,55559,0
14,CS31->US39,70922,70921,0
14,CS31->US47,51806,51806,0
14,CS31->US55,51943,51943,0
14,CS31->US63,56386,56386,0
14,CS31->US71,71094,71093,0
14,CS31->US79,51171,51171,0
14,CS31->US87,57007,57007,0
14,CS31->US95,51576,51576,0
14,CS31->US103,62989,62988,0
14,CS31->US111,63856,63856,0
14,CS31->US119,56907,56907,0
14,CS31->US127,54047,54047,0
14,CS32->US0,51793,51793,0
14,CS32->US8,51180,51179,0
14,CS32->US16,51275,51275,0
14,CS32->US24,55771,55771,0
14,CS32->US32,71049,71048,0
14,CS32->US40,51813,51813,0
14,CS32->US48,51626,51626,0
14,CS32->US56,56369,56369,0
14,CS32->US64,70907,70907,0
14,CS32->US72,51262,51262,0
14,CS32->US80,57135,57134,0
14,CS32->US88,51645,51645,0
14,CS32->US96,62684,62683,0
14,CS32->US104,64167,64166,0
14,CS32->US112,57103,57103,0
14,CS32->US120,54070,54070,0
14,CS33->US1,51739,51739,0
14,CS33->US9,51707,51707,0
14,CS33->US17,51311,51311,0
14,CS33->US25,55736,55736,0
14,CS33->US33,70852,70852,0
14,CS33->US41,52081,52081,0
14,CS33->US49,51923,51923,0
14,CS33->US57,55678,55677,0
14,CS33->US65,71423,71421,0
14,CS33->US73,51568,51568,0
14,CS33->US81,56953,56953,0
14,CS33->US89,51830,51830,0
14,CS33->US97,62431,62431,0
14,CS33->US105,64451,64450,0
14,CS33->US113,56477,56477,0
14,CS33->US121,54223,54223,0
14,CS34->US2,51493,51493,0
14,CS34->US10,51483,51482,0
14,CS34->US18,51051,51051,0
14,CS34->US26,56014,56014,0
14,CS34->US34,70934,70934,0
14,CS34->US42,52404,52404,0
14,CS34->US50,51809,51809,0
14,CS34->US58,56325,56325,0
14,CS34->US66,71258,71258,0
14,CS34->US74,51486,51486,0
14,CS34->US82,56311,56310,0
14,CS34->US90,51342,51342,0
14,CS34->US98,62746,62745,0
14,CS34->US106,63822,63821,0
14,CS34->US114,56749,56749,0
14,CS34->US122,53940,53940,0
14,CS35->US3,51945,51945,0
14,CS35->US11,51576,51576,0
14,CS35->US19,50977,50977,0
14,CS35->US27,55467,55467,0
14,CS35->US35,70981,70981,0
14,CS35->US43,52060,52060,0
14,CS35->US51,51761,51761,0
14,CS35->US59,56025,56023,0
14,CS35->US67,71164,71164,0
14,CS35->US75,51717,51717,0
14,CS35->US83,56904,56904,0
14,CS35->US91,51487,51487,0
14,CS35->US99,62344,62344,0
14,CS35->US107,63384,63384,0
14,CS35->US115,56640,56640,0
14,CS35->US123,53906,53906,0
14,CS36->US4,51852,51852,0
14,CS36->US12,51445,51445,0
14,CS36->US20,51571,51571,0
14,CS36->US28,55954,55954,0
14,CS36->US36,71217,71216,0
14,CS36->US44,52548,52548,0
14,CS36->US52,51869,51869,0
14,CS36->US60,55825,55825,0
14,CS36->US68,71175,71174,0
14,CS36->US76,51723,51723,0
14,CS36->US84,56796,56796,0
14,CS36->US92,51483,51483,0
14,CS36->US100,62748,62748,0
14,CS36->US108,63965,63965,0
14,CS36->US116,56549,56549,0
14,CS36->US124,53992,53992,0
14,CS37->US5,51977,51977,0
14,CS37->US13,51863,51863,0
14,CS37->US21,51291,51291,0
14,CS37->US29,55616,55616,0
14,CS37->US37,71096,71095,0
14,CS37->US45,52496,52496,0
14,CS37->US53,51377,51377,0
14,CS37->US61,56386,56385,0
14,CS37->US69,70972,70972,0
14,CS37->US77,51645,51645,0
14,CS37->US85,56881,56881,0
14,CS37->US93,51263,51263,0
14,CS37->US101,62562,62561,0
14,CS37->US109,63801,63800,0
14,CS37->US117,56714,56714,0
14,CS37->US125,54070,54070,0
14,CS38->US6,51897,51897,0
14,CS38->US14,51567,51567,0
14,CS38->US22,51263,51263,0
14,CS38->US30,55693,55693,0
14,CS38->US38,70814,70814,0
14,CS38->US46,51936,51936,0
14,CS38->US54,51883,51883,0
14,CS38->US62,56154,56154,0
14,CS38->US70,71047,71047,0
14,CS38->US78,51900,51900,0
14,CS38->US86,56833,56833,0
14,CS38->US94,51651,51651,0
14,CS38->US102,62648,62648,0
14,CS38->US110,63930,63930,0
14,CS38->US118,56977,56977,0
14,CS38->US126,54376,54376,0
14,CS39->US7,51852,51852,0
14,CS39->US15,51825,51825,0
14,CS39->US23,51298,51298,0
14,CS39->US31,55778,55778,0
14,CS39->US39,70578,70577,0
14,CS39->US47,52001,52001,0
14,CS39->US55,51919,51919,0
14,CS39->US63,55698,55698,0
14,CS39->US71,71238,71238,0
14,CS39->US79,51793,51793,0
14,CS39->US87,56874,56874,0
14,CS39->US95,51663,51663,0
14,CS39->US103,62400,62400,0
14,CS39->US111,63635,63635,0
14,CS39->US119,56948,56948,0
14,CS39->US127,54256,54256,0
14,CS40->US0,51716,51716,0
14,CS40->US8,51393,51393,0
14,CS40->US16,51310,51310,0
14,CS40->US24,56038,56038,0
14,CS40->US32,71115,71115,0
14,CS40->US40,51992,51992,0
14,CS40->US48,51233,51233,0
14,CS40->US56,55604,55604,0
14,CS40->US64,71056,71056,0
14,CS40->US72,51766,51766,0
14,CS40->US80,56296,56296,0
14,CS40->US88,51532,51532,0
14,CS40->US96,62571,62571,0
14,CS40->US104,63529,63529,0
14,CS40->US112,56568,56568,0
14,CS40->US120,53952,53952,0
14,CS41->US1,51937,51937,0
14,CS41->US9,51370,51370,0
14,CS41->US17,51455,51455,0
14,CS41->US25,55738,55738,0
14,CS41->US33,71148,71148,0
14,CS41->US41,52144,52144,0
14,CS41->US49,52099,52099,0
14,CS41->US57,56119,56119,0
14,CS41->US65,71162,71161,0
14,CS41->US73,51602,51602,0
14,CS41->US81,57124,57123,0
14,CS41->US89,51711,51711,0
14,CS41->US97,62680,62680,0
14,CS41->US105,64178,64178,0
14,CS41->US113,56461,56461,0
14,CS41->US121,54174,54174,0
14,CS42->US2,51689,51689,0
14,CS42->US10,51587,51587,0
14,CS42->US18,51219,51219,0
14,CS42->US26,55824,55824,0
14,CS42->US34,70737,70735,0
14,CS42->US42,51907,51907,0
14,CS42->US50,52124,52124,0
14,CS42->US58,56331,56331,0
14,CS42->US66,71165,71165,0
14,CS42->US74,51961,51961,0
14,CS42->US82,57010,57010,0
14,CS42->US90,51506,51506,0
14,CS42->US98,62939,62939,0
14,CS42->US106,63649,63648,0
14,CS42->US114,56643,56643,0
14,CS42->US122,54261,54261,0
14,CS43->US3,51510,51510,0
14,CS43->US11,51617,51617,0
14,CS43->US19,51063,51063,0
14,CS43->US27,55590,55590,0
14,CS43->US35,71147,71147,0
14,CS43->US43,51758,51758,0
14,CS43->US51,51658,51658,0
14,CS43->US59,55758,55758,0
14,CS43->US67,71347,71347,0
14,CS43->US75,51487,51487,0
14,CS43->US83,56899,56899,0
14,CS43->US91,51142,51142,0
14,CS43->US99,63026,63026,0
14,CS43->US107,64216,64216,0
14,CS43->US115,56590,56590,0
14,CS43->US123,54272,54272,0
14,CS44->US4,51435,51435,0
14,CS44->US12,51160,51160,0
14,CS44->US20,51032,51032,0
14,CS44->US28,55853,55853,0
14,CS44->US36,70712,70712,0
14,CS44->US44,52197,52197,0
14,CS44->US52,51933,51933,0
14,CS44->US60,56118,56117,0
14,CS44->US68,71208,71207,0
14,CS44->US76,51308,51308,0
14,CS44->US84,57434,57433,0
14,CS44->US92,51631,51631,0
14,CS44->US100,62930,62929,0
14,CS44->US108,63674,63672,0
14,CS44->US116,56773,56773,0
14,CS44->US124,53725,53725,0
14,CS45->US5,51522,51522,0
14,CS45->US13,51306,51306,0
14,CS45->US21,51322,51322,0
14,CS45->US29,55970,55969,0
14,CS45->US37,71166,71166,0
14,CS45->US45,52284,52284,0
14,CS45->US53,51904,51904,0
14,CS45->US61,56125,56125,0
14,CS45->US69,71227,71227,0
14,CS45->US77,51208,51208,0
14,CS45->US85,57035,57035,0
14,CS45->US93,51468,51468,0
14,CS45->US101,62494,62493,0
14,CS45->US109,63803,63803,0
14,CS45->US117,56290,56290,0
14,CS45->US125,54034,54034,0
14,CS46->US6,51340,51340,0
14,CS46->US14,51738,51737,0
14,CS46->US22,51278,51278,0
14,CS46->US30,55626,55626,0
14,CS46->US38,71256,71256,0
14,CS46->US46,52179,52179,0
14,CS46->US54,52097,52097,0
14,CS46->US62,56042,56042,0
14,CS46->US70,71737,71737,0
14,CS46->US78,51562,51562,0
14,CS46->US86,57020,57020,0
14,CS46->US94,51161,51161,0
14,CS46->US102,62794,62794,0
14,CS46->US110,63655,63655,0
14,CS46->US118,56178,56178,0
14,CS46->US126,54298,54298,0
14,CS47->US7,51770,51770,0
14,CS47->US15,51403,51403,0
14,CS47->US23,50926,50926,0
14,CS47->US31,55840,55840,0
14,CS47->US39,70790,70789,0
14,CS47->US47,51838,51838,0
14,CS47->US55,51615,51615,0
14,CS47->US63,56336,56336,0
14,CS47->US71,70918,70918,0
14,CS47->US79,51287,51287,0
14,CS47->US87,57261,57261,0
14,CS47->US95,51325,51325,0
14,CS47->US103,62744,62744,0
14,CS47->US111,64018,64018,0
14,CS47->US119,56729,56729,0
14,CS47->US127,53881,53881,0
14,CS48->US0,52142,52142,0
14,CS48->US8,51265,51264,0
14,CS48->US16,51068,51068,0
14,CS48->US24,56150,56150,0
14,CS48->US32,71157,71157,0
14,CS48->US40,51801,51801,0
14,CS48->US48,52242,52242,0
14,CS48->US56,56197,56197,0
14,CS48->US64,71599,71599,0
14,CS48->US72,51155,51155,0
14,CS48->US80,56604,56604,0
14,CS48->US88,51479,51479,0
14,CS48->US96,62335,62335,0
14,CS48->US104,64000,64000,0
14,CS48->US112,56678,56678,0
14,CS48->US120,54078,54078,0
14,CS49->US1,51861,51861,0
14,CS49->US9,51216,51216,0
14,CS49->US17,51548,51548,0
14,CS49->US25,55824,55824,0
14,CS49->US33,71170,71170,0
14,CS49->US41,52569,52569,0
14,CS49->US49,52090,52090,0
14,CS49->US57,56186,56186,0
14,CS49->US65,71516,71516,0
14,CS49->US73,51668,51668,0
14,CS49->US81,57073,57073,0
14,CS49->US89,51689,51689,0
14,CS49->US97,62452,62451,0
14,CS49->US105,63797,63796,0
14,CS49->US113,56487,56487,0
14,CS49->US121,53574,53574,0
14,CS50->US2,51743,51743,0
14,CS50->US10,51609,51609,0
14,CS50->US18,51184,51184,0
14,CS50->US26,55792,55792,0
14,CS50->US34,71066,71065,0
14,CS50->US42,51653,51653,0
14,CS50->US50,51797,51797,0
14,CS50->US58,55565,55565,0
14,CS50->US66,71139,71139,0
14,CS50->US74,51556,51556,0
14,CS50->US82,56894,56894,0
14,CS50->US90,51880,51880,0
14,CS50->US98,62726,62725,0
14,CS50->US106,63819,63819,0
14,CS50->US114,56727,56727,0
14,CS50->US122,54281,54281,0
14,CS51->US3,51783,51783,0
14,CS51->US11,51271,51271,0
14,CS51->US19,51529,51529,0
14,CS51->US27,55635,55635,0
14,CS51->US35,71343,71343,0
14,CS51->US43,51917,51917,0
14,CS51->US51,51852,51852,0
14,CS51->US59,56131,56131,0
14,CS51->US67,71913,71913,0
14,CS51->US75,51726,51726,0
14,CS51->US83,57267,57267,0
14,CS51->US91,51235,51235,0
14,CS51->US99,62955,62953,0
14,CS51->US107,63835,63835,0
14,CS51->US115,56880,56880,0
14,CS51->US123,54438,54438,0
14,CS52->US4,51659,51659,0
14,CS52->US12,51331,51331,0
14,CS52->US20,51322,51322,0
14,CS52->US28,55935,55935,0
14,CS52->US36,71101,71100,0
14,CS52->US44,52072,52072,0
14,CS52->US52,51240,51240,0
14,CS52->US60,56107,56106,0
14,CS52->US68,71889,71889,0
14,CS52->US76,51237,51237,0
14,CS52->US84,56935,56935,0
14,CS52->US92,52024,52024,0
14,CS52->US100,62684,62684,0
14,CS52->US108,63984,63984,0
14,CS52->US116,56864,56864,0
14,CS52->US124,54145,54145,0
14,CS53->US5,51784,51784,0
14,CS53->US13,51392,51392,0
14,CS53->US21,51511,51511,0
14,CS53->US29,55431,55431,0
14,CS53->US37,71252,71251,0
14,CS53->US45,51902,51902,0
14,CS53->US53,51662,51662,0
14,CS53->US61,56326,56326,0
14,CS53->US69,71060,71060,0
14,CS53->US77,51783,51783,0
14,CS53->US85,56834,56834,0
14,CS53->US93,51636,51636,0
14,CS53->US101,62690,62689,0
14,CS53->US109,63787,63787,0
14,CS53->US117,57059,57059,0
14,CS53->US125,54302,54302,0
14,CS54->US6,51947,51947,0
14,CS54->US14,51461,51461,0
14,CS54->US22,51331,51331,0
14,CS54->US30,55798,55798,0
14,CS54->US38,71108,71108,0
14,CS54->US46,51925,51925,0
14,CS54->US54,52108,52108,0
14,CS54->US62,56269,56268,0
14,CS54->US70,71278,71278,0
14,CS54->US78,51762,51762,0
14,CS54->US86,57116,57116,0
14,CS54->US94,51434,51434,0
14,CS54->US102,62478,62476,0
14,CS54->US110,64093,64093,0
14,CS54->US118,56780,56780,0
14,CS54->US126,54345,54345,0
14,CS55->US7,51987,51987,0
14,CS55->US15,52098,52098,0
14,CS55->US23,51322,51322,0
14,CS55->US31,56037,56037,0
14,CS55->US39,70776,70775,0
14,CS55->US47,51947,51947,0
14,CS55->US55,52104,52104,0
14,CS55->US63,55858,55858,0
14,CS55->US71,71466,71466,0
14,CS55->US79,51415,51415,0
14,CS55->US87,56797,56797,0
14,CS55->US95,51768,51768,0
14,CS55->US103,62656,62654,0
14,CS55->US111,64091,64091,0
14,CS55->US119,56766,56766,0
14,CS55->US127,54148,54148,0
14,CS56->US0,51843,51843,0
14,CS56->US8,51524,51524,0
14,CS56->US16,51716,51716,0
14,CS56->US24,56030,56030,0
14,CS56->US32,71454,71454,0
14,CS56->US40,52182,52182,0
14,CS56->US48,51333,51333,0
14,CS56->US56,56312,56312,0
14,CS56->US64,71488,71487,0
14,CS56->US72,51710,51710,0
14,CS56->US80,57321,57320,0
14,CS56->US88,51366,51366,0
14,CS56->US96,62786,62786,0
14,CS56->US104,64100,64098,0
14,CS56->US112,56748,56748,0
14,CS56->US120,54101,54101,0
14,CS57->US1,51689,51689,0
14,CS57->US9,51871,51871,0
14,CS57->US17,51182,51182,0
14,CS57->US25,55801,55801,0
14,CS57->US33,71612,71612,0
14,CS57->US41,52182,52182,0
14,CS57->US49,52049,52049,0
14,CS57->US57,55983,55983,0
14,CS57->US65,71884,71884,0
14,CS57->US73,51443,51443,0
14,CS57->US81,56741,56741,0
14,CS57->US89,51557,51557,0
14,CS57->US97,62877,62877,0
14,CS57->US105,64113,64113,0
14,CS57->US113,56390,56390,0
14,CS57->US121,54071,54071,0
14,CS58->US2,52147,52147,0
14,CS58->US10,51590,51590,0
14,CS58->US18,51193,51193,0
14,CS58->US26,55762,55762,0
14,CS58->US34,71079,71078,0
14,CS58->US42,52101,52101,0
14,CS58->US50,52139,52139,0
14,CS58->US58,55798,55798,0
14,CS58->US66,71265,71264,0
14,CS58->US74,51571,51571,0
14,CS58->US82,56758,56758,0
14,CS58->US90,51786,51786,0
14,CS58->US98,62878,62877,0
14,CS58->US106,64155,64154,0
14,CS58->US114,56422,56422,0
14,CS58->US122,54088,54088,0
14,CS59->US3,51810,51810,0
14,CS59->US11,51563,51562,0
14,CS59->US19,51134,51134,0
14,CS59->US27,55828,55828,0
14,CS59->US35,70356,70355,0
14,CS59->US43,52385,52385,0
14,CS59->US51,51503,51503,0
14,CS59->US59,55834,55834,0
14,CS59->US67,71648,71648,0
14,CS59->US75,51323,51323,0
14,CS59->US83,57123,57123,0
14,CS59->US91,51426,51426,0
14,CS59->US99,62407,62406,0
14,CS59->US107,64228,64228,0
14,CS59->US115,56864,56864,0
14,CS59->US123,54247,54247,0
14,CS60->US4,51487,51487,0
14,CS60->US12,51250,51250,0
14,CS60->US20,50965,50965,0
14,CS60->US28,55866,55866,0
14,CS60->US36,71281,71281,0
14,CS60->US44,51854,51854,0
14,CS60->US52,51354,51354,0
14,CS60->US60,56336,56336,0
14,CS60->US68,71137,71136,0
14,CS60->US76,51231,51231,0
14,CS60->US84,56698,56698,0
14,CS60->US92,51422,51422,0
14,CS60->US100,62554,62554,0
14,CS60->US108,63500,63498,0
14,CS60->US116,56467,56467,0
14,CS60->US124,53925,53925,0
14,CS61->US5,52134,52134,0
14,CS61->US13,51284,51284,0
14,CS61->US21,51615,51615,0
14,CS61->US29,55989,55989,0
14,CS61->US37,70712,70709,0
14,CS61->US45,52333,52333,0
14,CS61->US53,51536,51536,0
14,CS61->US61,56177,56177,0
14,CS61->US69,71328,71328,0
14,CS61->US77,51896,51896,0
14,CS61->US85,56839,56838,0
14,CS61->US93,51825,51825,0
14,CS61->US101,62456,62456,0
14,CS61->US109,64166,64166,0
14,CS61->US117,56931,56931,0
14,CS61->US125,54426,54426,0
14,CS62->US6,51727,51727,0
14,CS62->US14,51244,51244,0
14,CS62->US22,51519,51519,0
14,CS62->US30,55713,55713,0
14,CS62->US38,70609,70609,0
14,CS62->US46,52580,52580,0
14,CS62->US54,52106,52106,0
14,CS62->US62,56068,56068,0
14,CS62->US70,71330,71329,0
14,CS62->US78,51610,51610,0
14,CS62->US86,57008,57008,0
14,CS62->US94,51091,51091,0
14,CS62->US102,62987,62987,0
14,CS62->US110,63864,63863,0
14,CS62->US118,56510,56510,0
14,CS62->US126,54173,54173,0
14,CS63->US7,51254,51254,0
14,CS63->US15,51005,51005,0
14,CS63->US23,51492,51492,0
14,CS63->US31,55605,55605,0
14,CS63->US39,71244,71243,0
14,CS63->US47,52118,52118,0
14,CS63->US55,51704,51704,0
14,CS63->US63,55834,55834,0
14,CS63->US71,71061,71061,0
14,CS63->US79,51544,51544,0
14,CS63->US87,56646,56646,0
14,CS63->US95,51503,51503,0
14,CS63->US103,62345,62345,0
14,CS63->US111,64150,64150,0
14,CS63->US119,56891,56891,0
14,CS63->US127,54504,54504,0
15,US0->CS0,52002,52002,0
15,US0->CS8,52491,52491,0
15,US0->CS16,52022,52022,0
15,US0->CS24,52002,52002,0
15,US0->CS32,51880,51880,0
15,US0->CS40,51543,51543,0
15,US0->CS48,52551,52551,0
15,US0->CS56,51603,51603,0
15,US1->CS1,52135,52135,0
15,US1->CS9,52311,52311,0
15,US1->CS17,52232,52232,0
15,US1->CS25,52202,52202,0
15,US1->CS33,52231,52231,0
15,US1->CS41,52383,52383,0
15,US1->CS49,52428,52428,0
15,US1->CS57,52286,52286,0
15,US2->CS2,52073,52073,0
15,US2->CS10,51870,51870,0
15,US2->CS18,51957,51957,0
15,US2->CS26,51815,51815,0
15,US2->CS34,52114,52114,0
15,US2->CS42,52413,52413,0
15,US2->CS50,52170,52170,0
15,US2->CS58,52475,52475,0
15,US3->CS3,51726,51726,0
15,US3->CS11,51624,51624,0
15,US3->CS19,52044,52044,0
15,US3->CS27,51849,51849,0
15,US3->CS35,52113,52113,0
15,US3->CS43,51964,51964,0
15,US3->CS51,52207,52207,0
15,US3->CS59,51797,51797,0
15,US4->CS4,51907,51907,0
15,US4->CS12,51965,51965,0
15,US4->CS20,51584,51584,0
15,US4->CS28,52302,52302,0
15,US4->CS36,52253,52253,0
15,US4->CS44,52270,52270,0
15,US4->CS52,51536,51536,0
15,US4->CS60,51688,51688,0
15,US5->CS5,51755,51755,0
15,US5->CS13,52314,52314,0
15,US5->CS21,52234,52234,0
15,US5->CS29,52146,52146,0
15,US5->CS37,51654,51654,0
15,US5->CS45,52252,52252,0
15,US5->CS53,51956,51956,0
15,US5->CS61,51922,51922,0
15,US6->CS6,52089,52089,0
15,US6->CS14,51712,51712,0
15,US6->CS22,52012,52012,0
15,US6->CS30,52208,52208,0
15,US6->CS38,52145,52145,0
15,US6->CS46,52401,52401,0
15,US6->CS54,52389,52389,0
15,US6->CS62,52399,52399,0
15,US7->CS7,52275,52275,0
15,US7->CS15,52293,52293,0
15,US7->CS23,52374,52374,0
15,US7->CS31,52269,52269,0
15,US7->CS39,52223,52223,0
15,US7->CS47,51948,51948,0
15,US7->CS55,52408,52408,0
15,US7->CS63,51982,51982,0
15,US8->CS0,86734,86733,0
15,US8->CS8,87343,87341,0
15,US8->CS16,86786,86786,0
15,US8->CS24,87298,87298,0
15,US8->CS32,86823,86823,0
15,US8->CS40,85897,85897,0
15,US8->CS48,86509,86509,0
15,US8->CS56,87016,87015,0
15,US9->CS1,87212,87211,0
15,US9->CS9,86823,86823,0
15,US9->CS17,86438,86438,0
15,US9->CS25,87316,87316,0
15,US9->CS33,86929,86929,0
15,US9->CS41,87126,87126,0
15,US9->CS49,87273,87273,0
15,US9->CS57,86648,86648,0
15,US10->CS2,86557,86555,0
15,US10->CS10,87073,87073,0
15,US10->CS18,86639,86639,0
15,US10->CS26,86632,86631,0
15,US10->CS34,86180,86180,0
15,US10->CS42,87043,87042,0
15,US10->CS50,86938,86936,0
15,US10->CS58,86541,86540,0
15,US11->CS3,86530,86530,0
15,US11->CS11,86665,86665,0
15,US11->CS19,87045,87045,0
15,US11->CS27,87175,87175,0
15,US11->CS35,87048,87048,0
15,US11->CS43,86715,86715,0
15,US11->CS51,87370,87370,0
15,US11->CS59,87024,87024,0
15,US12->CS4,86703,86702,0
15,US12->CS12,86964,86964,0
15,US12->CS20,87437,87437,0
15,US12->CS28,87076,87076,0
15,US12->CS36,86740,86740,0
15,US12->CS44,87467,87465,0
15,US12->CS52,86923,86923,0
15,US12->CS60,86626,86626,0
15,US13->CS5,87384,87384,0
15,US13->CS13,86731,86731,0
15,US13->CS21,86474,86473,0
15,US13->CS29,86163,86162,0
15,US13->CS37,87016,87015,0
15,US13->CS45,87128,87128,0
15,US13->CS53,86954,86954,0
15,US13->CS61,86646,86646,0
15,US14->CS6,86825,86824,0
15,US14->CS14,86928,86928,0
15,US14->CS22,86919,86919,0
15,US14->CS30,86991,86991,0
15,US14->CS38,86926,86926,0
15,US14->CS46,87189,87188,0
15,US14->CS54,87100,87100,0
15,US14->CS62,86887,86887,0
15,US15->CS7,86797,86796,0
15,US15->CS15,86494,86494,0
15,US15->CS23,86893,86892,0
15,US15->CS31,87082,87081,0
15,US15->CS39,86830,86830,0
15,US15->CS47,87108,87108,0
15,US15->CS55,86676,86676,0
15,US15->CS63,86417,86416,0
15,US16->CS0,75358,75357,0
15,US16->CS8,75500,75499,0
15,US16->CS16,75208,75207,0
15,US16->CS24,75684,75683,0
15,US16->CS32,75379,75379,0
15,US16->CS40,75532,75531,0
15,US16->CS48,75274,75273,0
15,US16->CS56,75395,75394,0
15,US17->CS1,75351,75351,0
15,US17->CS9,75604,75604,0
15,US17->CS17,75466,75464,0
15,US17->CS25,75387,75385,0
15,US17->CS33,75556,75556,0
15,US17->CS41,75363,75363,0
15,US17->CS49,74699,74698,0
15,US17->CS57,75280,75280,0
15,US18->CS2,75467,75467,0
15,US18->CS10,75470,75468,0
15,US18->CS18,75176,75175,0
15,US18->CS26,75340,75340,0
15,US18->CS34,75002,75002,0
15,US18->CS42,75619,75619,0
15,US18->CS50,75618,75618,0
15,US18->CS58,75467,75467,0
15,US19->CS3,75360,75360,0
15,US19->CS11,75093,75093,0
15,US19->CS19,74627,74627,0
15,US19->CS27,75264,75263,0
15,US19->CS35,75086,75086,0
15,US19->CS43,75514,75514,0
15,US19->CS51,75734,75733,0
15,US19->CS59,75788,75787,0
15,US20->CS4,75372,75372,0
15,US20->CS12,74975,74973,0
15,US20->CS20,75404,75404,0
15,US20->CS28,75564,75563,0
15,US20->CS36,75129,75128,0
15,US20->CS44,74746,74744,0
15,US20->CS52,75243,75241,0
15,US20->CS60,75135,75135,0
15,US21->CS5,75918,75916,0
15,US21->CS13,75415,75414,0
15,US21->CS21,75634,75633,0
15,US21->CS29,75339,75339,0
15,US21->CS37,75409,75409,0
15,US21->CS45,75414,75414,0
15,US21->CS53,75274,75274,0
15,US21->CS61,75910,75909,0
15,US22->CS6,75143,75143,0
15,US22->CS14,75380,75379,0
15,US22->CS22,75162,75162,0
15,US22->CS30,75499,75499,0
15,US22->CS38,75258,75258,0
15,US22->CS46,75703,75702,0
15,US22->CS54,75635,75635,0
15,US22->CS62,75137,75137,0
15,US23->CS7,75282,75282,0
15,US23->CS15,75400,75400,0
15,US23->CS23,75446,75446,0
15,US23->CS31,75103,75103,0
15,US23->CS39,75491,75491,0
15,US23->CS47,75118,75118,0
15,US23->CS55,75372,75372,0
15,US23->CS63,75695,75695,0
15,US24->CS0,96186,96185,0
15,US24->CS8,95394,95394,0
15,US24->CS16,95471,95471,0
15,US24->CS24,94814,94814,0
15,US24->CS32,95549,95549,0
15,US24->CS40,95028,95026,0
15,US24->CS48,95297,95297,0
15,US24->CS56,95518,95517,0
15,US25->CS1,95262,95262,0
15,US25->CS9,96071,96071,0
15,US25->CS17,95301,95301,0
15,US25->CS25,95150,95150,0
15,US25->CS33,95123,95122,0
15,US25->CS41,95819,95819,0
15,US25->CS49,95418,95417,0
15,US25->CS57,95340,95337,0
15,US26->CS2,95479,95478,0
15,US26->CS10,95517,95517,0
15,US26->CS18,95448,95446,0
15,US26->CS26,95599,95599,0
15,US26->CS34,95799,95799,0
15,US26->CS42,95593,95592,0
15,US26->CS50,95083,95083,0
15,US26->CS58,95150,95148,0
15,US27->CS3,95440,95439,0
15,US27->CS11,95115,95115,0
15,US27->CS19,95516,95515,0
15,US27->CS27,95200,95199,0
15,US27->CS35,95241,95241,0
15,US27->CS43,95289,95288,0
15,US27->CS51,95310,95309,0
15,US27->CS59,95108,95108,0
15,US28->CS4,95706,95706,0
15,US28->CS12,95689,95689,0
15,US28->CS20,95946,95946,0
15,US28->CS28,95183,95183,0
15,US28->CS36,95360,95359,0
15,US28->CS44,95164,95164,0
15,US28->CS52,95524,95524,0
15,US28->CS60,95625,95625,0
15,US29->CS5,95505,95505,0
15,US29->CS13,95206,95205,0
15,US29->CS21,94886,94885,0
15,US29->CS29,95579,95579,0
15,US29->CS37,95932,95931,0
15,US29->CS45,95232,95231,0
15,US29->CS53,95536,95536,0
15,US29->CS61,95671,95671,0
15,US30->CS6,95673,95673,0
15,US30->CS14,95584,95584,0
15,US30->CS22,95143,95143,0
15,US30->CS30,94986,94986,0
15,US30->CS38,95666,95665,0
15,US30->CS46,95640,95640,0
15,US30->CS54,96067,96067,0
15,US30->CS62,95646,95646,0
15,US31->CS7,94746,94746,0
15,US31->CS15,94758,94757,0
15,US31->CS23,95875,95875,0
15,US31->CS31,96012,96012,0
15,US31->CS39,95056,95056,0
15,US31->CS47,95487,95487,0
15,US31->CS55,95390,95390,0
15,US31->CS63,95457,95455,0
15,US32->CS0,118747,118747,0
15,US32->CS8,117672,117671,0
15,US32->CS16,118035,118034,0
15,US32->CS24,118108,118107,0
15,US32->CS32,117610,117610,0
15,US32->CS40,117811,117810,0
15,US32->CS48,118462,118462,0
15,US32->CS56,118622,118622,0
15,US33->CS1,118007,118007,0
15,US33->CS9,118387,118386,0
15,US33->CS17,118660,118660,0
15,US33->CS25,118526,118526,0
15,US33->CS33,118291,118289,0
15,US33->CS41,118225,118225,0
15,US33->CS49,118613,118613,0
15,US33->CS57,118780,118780,0
15,US34->CS2,118021,118021,0
15,US34->CS10,118623,118622,0
15,US34->CS18,118804,118803,0
15,US34->CS26,117751,117750,0
15,US34->CS34,118120,118120,0
15,US34->CS42,118187,118187,0
15,US34->CS50,117860,117860,0
15,US34->CS58,118042,118042,0
15,US35->CS3,118239,118239,0
15,US35->CS11,118347,118347,0
15,US35->CS19,118469,118469,0
15,US35->CS27,118431,118431,0
15,US35->CS35,117855,117854,0
15,US35->CS43,118372,118372,0
15,US35->CS51,118811,118810,0
15,US35->CS59,118227,118227,0
15,US36->CS4,117946,117946,0
15,US36->CS12,118286,118285,0
15,US36->CS20,118263,118263,0
15,US36->CS28,118647,118647,0
15,US36->CS36,118285,118284,0
15,US36->CS44,118065,118065,0
15,US36->CS52,118668,118667,0
15,US36->CS60,117980,117980,0
15,US37->CS5,118318,118317,0
15,US37->CS13,118328,118327,0
15,US37->CS21,118218,118218,0
15,US37->CS29,118670,118670,0
15,US37->CS37,118155,118153,0
15,US37->CS45,117973,117973,0
15,US37->CS53,117960,117960,0
15,US37->CS61,118438,118438,0
15,US38->CS6,117997,117997,0
15,US38->CS14,118634,118633,0
15,US38->CS22,118193,118193,0
15,US38->CS30,118483,118479,0
15,US38->CS38,117938,117937,0
15,US38->CS46,118974,118973,0
15,US38->CS54,118008,118006,0
15,US38->CS62,118618,118618,0
15,US39->CS7,117713,117713,0
15,US39->CS15,118288,118288,0
15,US39->CS23,118757,118756,0
15,US39->CS31,117996,117996,0
15,US39->CS39,117988,117987,0
15,US39->CS47,118095,118094,0
15,US39->CS55,118002,118002,0
15,US39->CS63,117919,117919,0
15,US40->CS0,63268,63268,0
15,US40->CS8,62802,62802,0
15,US40->CS16,62672,62671,0
15,US40->CS24,63242,63242,0
15,US40->CS32,63347,63346,0
15,US40->CS40,62921,62921,0
15,US40->CS48,63011,63011,0
15,US40->CS56,63080,63080,0
15,US41->CS1,62316,62316,0
15,US41->CS9,62755,62755,0
15,US41->CS17,62774,62773,0
15,US41->CS25,63260,63260,0
15,US41->CS33,62778,62778,0
15,US41->CS41,62608,62608,0
15,US41->CS49,62902,62902,0
15,US41->CS57,62739,62738,0
15,US42->CS2,63539,63539,0
15,US42->CS10,63087,63087,0
15,US42->CS18,62701,62700,1
15,US42->CS26,63155,63155,0
15,US42->CS34,63085,63085,0
15,US42->CS42,62875,62874,0
15,US42->CS50,62873,62873,0
15,US42->CS58,62820,62820,0
15,US43->CS3,63117,63117,0
15,US43->CS11,62874,62874,0
15,US43->CS19,63212,63212,0
15,US43->CS27,63020,63020,0
15,US43->CS35,63006,63005,0
15,US43->CS43,63036,63036,0
15,US43->CS51,63225,63225,0
15,US43->CS59,63262,63262,0
15,US44->CS4,62982,62982,0
15,US44->CS12,63145,63144,0
15,US44->CS20,63217,63217,0
15,US44->CS28,62668,62668,0
15,US44->CS36,62916,62913,0
15,US44->CS44,63238,63238,0
15,US44->CS52,63257,63257,0
15,US44->CS60,62769,62769,0
15,US45->CS5,62981,62981,0
15,US45->CS13,63179,63178,0
15,US45->CS21,63012,63011,0
15,US45->CS29,62931,62930,0
15,US45->CS37,63037,63037,0
15,US45->CS45,62671,62671,0
15,US45->CS53,63364,63363,0
15,US45->CS61,63287,63287,0
15,US46->CS6,63079,63079,0
15,US46->CS14,63076,63075,0
15,US46->CS22,63092,63091,0
15,US46->CS30,63129,63129,0
15,US46->CS38,63472,63471,0
15,US46->CS46,62526,62526,0
15,US46->CS54,63165,63165,0
15,US46->CS62,62867,62867,0
15,US47->CS7,62575,62575,0
15,US47->CS15,63345,63344,0
15,US47->CS23,62947,62947,0
15,US47->CS31,63263,63262,0
15,US47->CS39,63122,63122,0
15,US47->CS47,63062,63061,0
15,US47->CS55,63020,63020,0
15,US47->CS63,63235,63235,0
15,US48->CS0,52526,52526,0
15,US48->CS8,52401,52401,0
15,US48->CS16,51979,51979,0
15,US48->CS24,52423,52423,0
15,US48->CS32,52095,52095,0
15,US48->CS40,51999,51999,0
15,US48->CS48,52413,52413,0
15,US48->CS56,52187,52187,0
15,US49->CS1,51744,51744,0
15,US49->CS9,51308,51308,0
15,US49->CS17,52202,52202,0
15,US49->CS25,52112,52112,0
15,US49->CS33,52042,52042,0
15,US49->CS41,52192,52192,0
15,US49->CS49,52174,52174,0
15,US49->CS57,51934,51934,0
15,US50->CS2,52288,52288,0
15,US50->CS10,52194,52194,0
15,US50->CS18,52178,52178,0
15,US50->CS26,52238,52238,0
15,US50->CS34,51747,51747,0
15,US50->CS42,51967,51967,0
15,US50->CS50,52004,52004,0
15,US50->CS58,52437,52437,0
15,US51->CS3,51958,51958,0
15,US51->CS11,51792,51792,0
15,US51->CS19,51677,51677,0
15,US51->CS27,52152,52152,0
15,US51->CS35,52206,52206,0
15,US51->CS43,51830,51830,0
15,US51->CS51,52039,52039,0
15,US51->CS59,52108,52108,0
15,US52->CS4,52045,52045,0
15,US52->CS12,52115,52115,0
15,US52->CS20,52072,52072,0
15,US52->CS28,51810,51810,0
15,US52->CS36,52198,52198,0
15,US52->CS44,51767,51767,0
15,US52->CS52,51875,51875,0
15,US52->CS60,51796,51796,0
15,US53->CS5,52419,52418,0
15,US53->CS13,51982,51981,0
15,US53->CS21,52017,52017,0
15,US53->CS29,51895,51895,0
15,US53->CS37,52289,52289,0
15,US53->CS45,51754,51754,0
15,US53->CS53,52080,52080,0
15,US53->CS61,52421,52421,0
15,US54->CS6,51502,51502,0
15,US54->CS14,51950,51950,0
15,US54->CS22,51934,51934,0
15,US54->CS30,52182,52182,0
15,US54->CS38,52207,52207,0
15,US54->CS46,51633,51633,0
15,US54->CS54,52213,52213,0
15,US54->CS62,51984,51984,0
15,US55->CS7,52176,52176,0
15,US55->CS15,52195,52195,0
15,US55->CS23,52404,52404,0
15,US55->CS31,52526,52526,0
15,US55->CS39,52151,52151,0
15,US55->CS47,52039,52039,0
15,US55->CS55,52253,52253,0
15,US55->CS63,51535,51535,0
15,US56->CS0,95885,95885,0
15,US56->CS8,96184,96183,0
15,US56->CS16,96272,96271,0
15,US56->CS24,96014,96012,0
15,US56->CS32,96015,96015,0
15,US56->CS40,96032,96032,0
15,US56->CS48,96752,96752,0
15,US56->CS56,96341,96341,0
15,US57->CS1,96177,96176,0
15,US57->CS9,96817,96816,0
15,US57->CS17,95793,95791,0
15,US57->CS25,95652,95652,0
15,US57->CS33,96013,96013,0
15,US57->CS41,95726,95726,0
15,US57->CS49,96143,96143,0
15,US57->CS57,95722,95722,0
15,US58->CS2,96130,96130,0
15,US58->CS10,96558,96558,0
15,US58->CS18,95662,95662,0
15,US58->CS26,95817,95816,0
15,US58->CS34,96218,96217,0
15,US58->CS42,95858,95858,0
15,US58->CS50,95661,95660,0
15,US58->CS58,95993,95991,0
15,US59->CS3,95279,95279,0
15,US59->CS11,96113,96113,0
15,US59->CS19,96981,96980,0
15,US59->CS27,96105,96105,0
15,US59->CS35,95672,95671,0
15,US59->CS43,96192,96192,0
15,US59->CS51,95451,95451,0
15,US59->CS59,95861,95861,0
15,US60->CS4,95713,95711,0
15,US60->CS12,95791,95791,0
15,US60->CS20,95748,95748,0
15,US60->CS28,95854,95852,0
15,US60->CS36,96120,96120,0
15,US60->CS44,96006,96006,0
15,US60->CS52,95904,95903,0
15,US60->CS60,95952,95952,0
15,US61->CS5,96031,96031,0
15,US61->CS13,95850,95849,0
15,US61->CS21,96117,96117,0
15,US61->CS29,96584,96583,0
15,US61->CS37,95486,95486,0
15,US61->CS45,95723,95723,0
15,US61->CS53,95449,95449,0
15,US61->CS61,96192,96191,0
15,US62->CS6,95894,95893,0
15,US62->CS14,96129,96128,0
15,US62->CS22,95417,95416,0
15,US62->CS30,96022,96022,0
15,US62->CS38,96211,96210,0
15,US62->CS46,95726,95726,0
15,US62->CS54,95657,95656,0
15,US62->CS62,95648,95648,0
15,US63->CS7,96465,96464,0
15,US63->CS15,96062,96062,0
15,US63->CS23,95966,95966,0
15,US63->CS31,95781,95781,0
15,US63->CS39,96106,96104,0
15,US63->CS47,95924,95924,0
15,US63->CS55,95915,95914,0
15,US63->CS63,95925,95924,0
15,US64->CS0,117455,117454,0
15,US64->CS8,118378,118378,0
15,US64->CS16,117560,117559,0
15,US64->CS24,118004,118004,0
15,US64->CS32,118155,118155,0
15,US64->CS40,117888,117888,0
15,US64->CS48,117979,117979,0
15,US64->CS56,118453,118453,0
15,US65->CS1,117898,117897,0
15,US65->CS9,117646,117646,0
15,US65->CS17,118429,118428,0
15,US65->CS25,117783,117783,0
15,US65->CS33,117621,117620,0
15,US65->CS41,118054,118054,0
15,US65->CS49,117984,117984,0
15,US65->CS57,118380,118379,0
15,US66->CS2,117652,117652,0
15,US66->CS10,117597,117597,0
15,US66->CS18,117933,117933,0
15,US66->CS26,117610,117610,0
15,US66->CS34,117777,117776,0
15,US66->CS42,117607,117607,0
15,US66->CS50,117847,117847,0
15,US66->CS58,118068,118068,0
15,US67->CS3,117738,117737,0
15,US67->CS11,117513,117513,0
15,US67->CS19,118360,118359,0
15,US67->CS27,117346,117345,0
15,US67->CS35,117865,117865,0
15,US67->CS43,117752,117752,0
15,US67->CS51,118061,118060,0
15,US67->CS59,116681,116681,0
15,US68->CS4,117212,117211,0
15,US68->CS12,118306,118306,0
15,US68->CS20,117762,117760,0
15,US68->CS28,118338,118338,0
15,US68->CS36,118064,118064,0
15,US68->CS44,117661,117660,0
15,US68->CS52,117887,117887,0
15,US68->CS60,117979,117979,0
15,US69->CS5,118149,118149,0
15,US69->CS13,118148,118148,0
15,US69->CS21,117914,117914,0
15,US69->CS29,117312,117312,0
15,US69->CS37,117660,117659,0
15,US69->CS45,118210,118209,0
15,US69->CS53,118140,118140,0
15,US69->CS61,117835,117835,0
15,US70->CS6,117534,117534,0
15,US70->CS14,117495,117494,0
15,US70->CS22,118193,118193,0
15,US70->CS30,117591,117590,0
15,US70->CS38,117296,117295,0
15,US70->CS46,117792,117792,0
15,US70->CS54,118170,118170,0
15,US70->CS62,116924,116924,0
15,US71->CS7,117715,117714,0
15,US71->CS15,117755,117755,0
15,US71->CS23,118167,118165,0
15,US71->CS31,117327,117326,0
15,US71->CS39,117496,117495,0
15,US71->CS47,117862,117861,0
15,US71->CS55,117407,117406,0
15,US71->CS63,117817,117817,0
15,US72->CS0,64318,64318,0
15,US72->CS8,64596,64595,0
15,US72->CS16,64716,64716,0
15,US72->CS24,64493,64493,0
15,US72->CS32,64415,64415,0
15,US72->CS40,64285,64285,0
15,US72->CS48,64173,64173,0
15,US72->CS56,64367,64367,0
15,US73->CS1,64404,64402,0
15,US73->CS9,64481,64481,0
15,US73->CS17,64138,64137,0
15,US73->CS25,64337,64337,0
15,US73->CS33,64776,64776,0
15,US73->CS41,64815,64814,0
15,US73->CS49,64773,64773,0
15,US73->CS57,64332,64331,0
15,US74->CS2,64262,64261,0
15,US74->CS10,64372,64371,0
15,US74->CS18,64565,64563,0
15,US74->CS26,64948,64948,0
15,US74->CS34,64490,64487,0
15,US74->CS42,64556,64556,0
15,US74->CS50,64900,64900,0
15,US74->CS58,64491,64491,0
15,US75->CS3,64444,64444,0
15,US75->CS11,64186,64186,0
15,US75->CS19,64658,64658,0
15,US75->CS27,64400,64400,0
15,US75->CS35,64313,64312,0
15,US75->CS43,64050,64049,0
15,US75->CS51,64037,64036,0
15,US75->CS59,64316,64316,0
15,US76->CS4,64166,64166,0
15,US76->CS12,64274,64274,0
15,US76->CS20,64200,64200,0
15,US76->CS28,64040,64039,0
15,US76->CS36,64171,64171,0
15,US76->CS44,64525,64525,0
15,US76->CS52,64736,64736,0
15,US76->CS60,64222,64222,0
15,US77->CS5,64284,64284,0
15,US77->CS13,64555,64555,0
15,US77->CS21,64080,64079,0
15,US77->CS29,64387,64387,0
15,US77->CS37,64370,64370,0
15,US77->CS45,64386,64386,0
15,US77->CS53,64632,64632,0
15,US77->CS61,64755,64754,0
15,US78->CS6,64734,64734,0
15,US78->CS14,64331,64330,0
15,US78->CS22,64242,64242,0
15,US78->CS30,64343,64343,0
15,US78->CS38,64487,64487,0
15,US78->CS46,64231,64231,0
15,US78->CS54,64328,64328,0
15,US78->CS62,63815,63815,0
15,US79->CS7,64107,64107,0
15,US79->CS15,64281,64280,0
15,US79->CS23,64070,64070,0
15,US79->CS31,64356,64356,0
15,US79->CS39,64443,64443,0
15,US79->CS47,64163,64163,0
15,US79->CS55,64562,64562,0
15,US79->CS63,64488,64488,0
15,US80->CS0,82841,82841,0
15,US80->CS8,83492,83491,0
15,US80->CS16,83220,83219,0
15,US80->CS24,83256,83256,0
15,US80->CS32,82995,82995,0
15,US80->CS40,83195,83195,0
15,US80->CS48,82753,82751,0
15,US80->CS56,83119,83118,0
15,US81->CS1,83326,83326,0
15,US81->CS9,82649,82649,0
15,US81->CS17,82949,82949,0
15,US81->CS25,83318,83318,0
15,US81->CS33,83297,83297,0
15,US81->CS41,82796,82796,0
15,US81->CS49,82803,82803,0
15,US81->CS57,83576,83576,0
15,US82->CS2,82761,82760,0
15,US82->CS10,83180,83179,0
15,US82->CS18,83248,83248,0
15,US82->CS26,83091,83090,0
15,US82->CS34,83099,83099,0
15,US82->CS42,83243,83241,0
15,US82->CS50,83115,83115,0
15,US82->CS58,83177,83177,0
15,US83->CS3,82556,82556,0
15,US83->CS11,83159,83159,0
15,US83->CS19,83062,83062,0
15,US83->CS27,82957,82957,0
15,US83->CS35,83041,83041,0
15,US83->CS43,83144,83144,0
15,US83->CS51,82716,82715,0
15,US83->CS59,83044,83044,0
15,US84->CS4,83882,83880,0
15,US84->CS12,83179,83179,0
15,US84->CS20,82394,82394,0
15,US84->CS28,83187,83186,0
15,US84->CS36,83092,83092,0
15,US84->CS44,82992,82991,0
15,US84->CS52,83009,83009,0
15,US84->CS60,82766,82765,0
15,US85->CS5,82966,82966,0
15,US85->CS13,83224,83223,0
15,US85->CS21,82626,82624,0
15,US85->CS29,83153,83153,0
15,US85->CS37,83321,83321,0
15,US85->CS45,82679,82678,0
15,US85->CS53,83116,83115,0
15,US85->CS61,82796,82796,0
15,US86->CS6,82965,82965,0
15,US86->CS14,82904,82904,0
15,US86->CS22,83107,83105,0
15,US86->CS30,83023,83023,0
15,US86->CS38,83179,83178,0
15,US86->CS46,83303,83303,0
15,US86->CS54,83077,83076,0
15,US86->CS62,82837,82837,0
15,US87->CS7,83185,83185,0
15,US87->CS15,83544,83544,0
15,US87->CS23,83200,83200,0
15,US87->CS31,83435,83435,0
15,US87->CS39,83406,83403,0
15,US87->CS47,83148,83148,0
15,US87->CS55,83653,83652,0
15,US87->CS63,82807,82807,0
15,US88->CS0,63895,63894,0
15,US88->CS8,64482,64481,0
15,US88->CS16,64362,64361,0
15,US88->CS24,64071,64071,0
15,US88->CS32,64085,64084,0
15,US88->CS40,64608,64608,0
15,US88->CS48,63875,63875,0
15,US88->CS56,64386,64385,0
15,US89->CS1,64060,64059,0
15,US89->CS9,63876,63876,0
15,US89->CS17,64292,64292,0
15,US89->CS25,63950,63950,0
15,US89->CS33,64064,64064,0
15,US89->CS41,64358,64358,0
15,US89->CS49,64245,64244,0
15,US89->CS57,64085,64085,0
15,US90->CS2,64474,64474,0
15,US90->CS10,64004,64004,0
15,US90->CS18,64346,64346,0
15,US90->CS26,63993,63992,0
15,US90->CS34,64216,64214,0
15,US90->CS42,64741,64741,0
15,US90->CS50,64323,64322,0
15,US90->CS58,64160,64160,0
15,US91->CS3,63880,63879,0
15,US91->CS11,64411,64411,0
15,US91->CS19,64570,64568,0
15,US91->CS27,64141,64140,0
15,US91->CS35,64560,64559,0
15,US91->CS43,64247,64247,0
15,US91->CS51,64391,64391,0
15,US91->CS59,64038,64038,0
15,US92->CS4,64234,64234,0
15,US92->CS12,64677,64677,0
15,US92->CS20,64129,64129,0
15,US92->CS28,64285,64285,0
15,US92->CS36,64222,64222,0
15,US92->CS44,63845,63845,0
15,US92->CS52,63802,63802,0
15,US92->CS60,63911,63911,0
15,US93->CS5,64028,64028,0
15,US93->CS13,64108,64107,0
15,US93->CS21,64432,64432,0
15,US93->CS29,64333,64333,0
15,US93->CS37,64258,64257,0
15,US93->CS45,64066,64066,0
15,US93->CS53,64361,64360,0
15,US93->CS61,64674,64674,0
15,US94->CS6,63904,63904,0
15,US94->CS14,64438,64438,0
15,US94->CS22,63958,63956,0
15,US94->CS30,63959,63958,0
15,US94->CS38,64386,64386,0
15,US94->CS46,64341,64340,0
15,US94->CS54,64228,64228,0
15,US94->CS62,64391,64391,0
15,US95->CS7,64004,64004,0
15,US95->CS15,63993,63993,0
15,US95->CS23,63857,63857,0
15,US95->CS31,63595,63595,0
15,US95->CS39,64335,64335,0
15,US95->CS47,63775,63774,0
15,US95->CS55,64198,64198,0
15,US95->CS63,64275,64275,0
15,US96->CS0,108519,108518,0
15,US96->CS8,108986,108985,0
15,US96->CS16,108412,108412,0
15,US96->CS24,107790,107790,0
15,US96->CS32,108915,108914,0
15,US96->CS40,107780,107779,0
15,US96->CS48,108377,108377,0
15,US96->CS56,108514,108514,0
15,US97->CS1,108557,108554,0
15,US97->CS9,108390,108389,0
15,US97->CS17,108299,108299,0
15,US97->CS25,108688,108688,0
15,US97->CS33,109010,109010,0
15,US97->CS41,108875,108873,0
15,US97->CS49,108073,108072,0
15,US97->CS57,108382,108382,0
15,US98->CS2,108547,108547,0
15,US98->CS10,108113,108111,0
15,US98->CS18,108582,108580,0
15,US98->CS26,108310,108310,0
15,US98->CS34,108432,108432,0
15,US98->CS42,108219,108219,0
15,US98->CS50,108243,108242,0
15,US98->CS58,108778,108778,0
15,US99->CS3,108041,108040,0
15,US99->CS11,108489,108489,0
15,US99->CS19,108173,108173,0
15,US99->CS27,108023,108023,0
15,US99->CS35,108059,108058,0
15,US99->CS43,108736,108736,0
15,US99->CS51,108642,108641,0
15,US99->CS59,108793,108792,0
15,US100->CS4,108338,108338,0
15,US100->CS12,108446,108445,0
15,US100->CS20,109110,109110,0
15,US100->CS28,108133,108133,0
15,US100->CS36,108649,108648,0
15,US100->CS44,108211,108211,0
15,US100->CS52,108626,108626,0
15,US100->CS60,107894,107894,0
15,US101->CS5,108328,108327,0
15,US101->CS13,108690,108690,0
15,US101->CS21,108526,108526,0
15,US101->CS29,108467,108467,0
15,US101->CS37,107868,107867,0
15,US101->CS45,108140,108139,0
15,US101->CS53,107962,107962,0
15,US101->CS61,108497,108496,0
15,US102->CS6,108145,108144,0
15,US102->CS14,108401,108401,0
15,US102->CS22,108374,108373,0
15,US102->CS30,108536,108536,0
15,US102->CS38,108495,108495,0
15,US102->CS46,108221,108221,0
15,US102->CS54,108694,108694,0
15,US102->CS62,108371,108370,0
15,US103->CS7,107840,107839,0
15,US103->CS15,107930,107930,0
15,US103->CS23,108463,108463,0
15,US103->CS31,108222,108221,0
15,US103->CS39,107895,107895,0
15,US103->CS47,108545,108545,0
15,US103->CS55,108583,108583,0
15,US103->CS63,108592,108591,0
15,US104->CS0,106663,106663,0
15,US104->CS8,106151,106151,0
15,US104->CS16,106376,106376,0
15,US104->CS24,106617,106615,0
15,US104->CS32,106858,106858,0
15,US104->CS40,106409,106409,0
15,US104->CS48,106307,106307,0
15,US104->CS56,106861,106860,0
15,US105->CS1,106381,106381,0
15,US105->CS9,106444,106444,0
15,US105->CS17,106293,106291,0
15,US105->CS25,106486,106486,0
15,US105->CS33,106510,106509,0
15,US105->CS41,106661,106659,0
15,US105->CS49,106247,106247,0
15,US105->CS57,106926,106926,0
15,US106->CS2,106753,106753,0
15,US106->CS10,106299,106299,0
15,US106->CS18,106665,106665,0
15,US106->CS26,106356,106353,0
15,US106->CS34,106500,106499,0
15,US106->CS42,106866,106864,0
15,US106->CS50,106472,106472,0
15,US106->CS58,106654,106654,0
15,US107->CS3,106844,106844,0
15,US107->CS11,106246,106246,0
15,US107->CS19,106675,106674,0
15,US107->CS27,106109,106109,0
15,US107->CS35,106091,106090,0
15,US107->CS43,106859,106858,0
15,US107->CS51,107029,107029,0
15,US107->CS59,106365,106365,0
15,US108->CS4,106461,106460,0
15,US108->CS12,106340,106339,0
15,US108->CS20,106176,106176,0
15,US108->CS28,107359,107357,0
15,US108->CS36,106650,106650,0
15,US108->CS44,106620,106620,0
15,US108->CS52,106540,106540,0
15,US108->CS60,106695,106695,0
15,US109->CS5,106876,106875,0
15,US109->CS13,106489,106489,0
15,US109->CS21,106649,106649,0
15,US109->CS29,105795,105795,0
15,US109->CS37,106469,106469,0
15,US109->CS45,106692,106692,0
15,US109->CS53,106115,106115,0
15,US109->CS61,106732,106730,0
15,US110->CS6,106266,106266,0
15,US110->CS14,106136,106136,0
15,US110->CS22,107256,107255,0
15,US110->CS30,106624,106624,0
15,US110->CS38,106382,106381,0
15,US110->CS46,106838,106838,0
15,US110->CS54,106443,106443,0
15,US110->CS62,106664,106664,0
15,US111->CS7,106945,106945,0
15,US111->CS15,106441,106441,0
15,US111->CS23,106076,106074,0
15,US111->CS31,106855,106855,0
15,US111->CS39,106217,106217,0
15,US111->CS47,106661,106660,0
15,US111->CS55,106601,106600,0
15,US111->CS63,106115,106115,0
15,US112->CS0,57615,57615,0
15,US112->CS8,57754,57754,0
15,US112->CS16,57521,57521,0
15,US112->CS24,57789,57789,0
15,US112->CS32,57452,57452,0
15,US112->CS40,57623,57623,0
15,US112->CS48,57337,57337,0
15,US112->CS56,57780,57780,0
15,US113->CS1,57841,57841,0
15,US113->CS9,57545,57545,0
15,US113->CS17,57722,57722,0
15,US113->CS25,57308,57308,0
15,US113->CS33,57559,57559,0
15,US113->CS41,57584,57584,0
15,US113->CS49,57964,57964,0
15,US113->CS57,57636,57636,0
15,US114->CS2,57982,57982,0
15,US114->CS10,57138,57138,0
15,US114->CS18,57317,57317,0
15,US114->CS26,57429,57429,0
15,US114->CS34,57841,57840,0
15,US114->CS42,57601,57601,0
15,US114->CS50,57269,57269,0
15,US114->CS58,57653,57653,0
15,US115->CS3,57609,57609,0
15,US115->CS11,57621,57621,0
15,US115->CS19,57265,57265,0
15,US115->CS27,57400,57400,0
15,US115->CS35,57681,57681,0
15,US115->CS43,57231,57230,0
15,US115->CS51,57339,57338,0
15,US115->CS59,57894,57894,0
15,US116->CS4,57691,57691,0
15,US116->CS12,57804,57804,0
15,US116->CS20,57802,57802,0
15,US116->CS28,57914,57914,0
15,US116->CS36,58098,58098,0
15,US116->CS44,57787,57787,0
15,US116->CS52,57662,57662,0
15,US116->CS60,57457,57456,0
15,US117->CS5,57404,57402,0
15,US117->CS13,57646,57646,0
15,US117->CS21,57626,57626,0
15,US117->CS29,57666,57666,0
15,US117->CS37,58092,58091,0
15,US117->CS45,57826,57826,0
15,US117->CS53,57433,57433,0
15,US117->CS61,57744,57744,0
15,US118->CS6,58182,58181,0
15,US118->CS14,58045,58045,0
15,US118->CS22,57498,57498,0
15,US118->CS30,57805,57804,0
15,US118->CS38,57452,57452,0
15,US118->CS46,57687,57687,0
15,US118->CS54,57435,57435,0
15,US118->CS62,58274,58274,0
15,US119->CS7,57696,57696,0
15,US119->CS15,57208,57207,0
15,US119->CS23,57568,57568,0
15,US119->CS31,57452,57452,0
15,US119->CS39,57535,57535,0
15,US119->CS47,57341,57341,0
15,US119->CS55,57634,57634,0
15,US119->CS63,57644,57644,0
15,US120->CS0,71898,71897,0
15,US120->CS8,71718,71718,0
15,US120->CS16,72572,72571,0
15,US120->CS24,71847,71847,0
15,US120->CS32,72218,72217,0
15,US120->CS40,72199,72198,0
15,US120->CS48,71888,71888,0
15,US120->CS56,72453,72453,0
15,US121->CS1,72068,72068,0
15,US121->CS9,72225,72224,0
15,US121->CS17,71927,71927,0
15,US121->CS25,72196,72196,0
15,US121->CS33,72064,72064,0
15,US121->CS41,72438,72438,0
15,US121->CS49,72515,72515,0
15,US121->CS57,72128,72128,0
15,US122->CS2,71961,71960,0
15,US122->CS10,72403,72401,0
15,US122->CS18,71698,71698,0
15,US122->CS26,72701,72701,0
15,US122->CS34,71910,71909,0
15,US122->CS42,72124,72123,0
15,US122->CS50,72064,72064,0
15,US122->CS58,71988,71988,0
15,US123->CS3,72064,72064,0
15,US123->CS11,72571,72571,0
15,US123->CS19,72416,72416,0
15,US123->CS27,72066,72066,0
15,US123->CS35,72011,72011,0
15,US123->CS43,72372,72372,0
15,US123->CS51,72515,72514,0
15,US123->CS59,72200,72200,0
15,US124->CS4,71816,71816,0
15,US124->CS12,72569,72569,0
15,US124->CS20,72159,72159,0
15,US124->CS28,72247,72247,0
15,US124->CS36,72362,72362,0
15,US124->CS44,72059,72059,0
15,US124->CS52,72203,72203,0
15,US124->CS60,71924,71924,0
15,US125->CS5,72376,72376,0
15,US125->CS13,71821,71821,0
15,US125->CS21,72041,72041,0
15,US125->CS29,72282,72282,0
15,US125->CS37,72447,72446,0
15,US125->CS45,72040,72039,0
15,US125->CS53,72580,72580,0
15,US125->CS61,72502,72502,0
15,US126->CS6,72592,72592,0
15,US126->CS14,72135,72135,0
15,US126->CS22,71869,71869,0
15,US126->CS30,72368,72368,0
15,US126->CS38,72297,72296,0
15,US126->CS46,72080,72080,0
15,US126->CS54,72187,72186,0
15,US126->CS62,72255,72255,0
15,US127->CS7,72199,72199,0
15,US127->CS15,72533,72533,0
15,US127->CS23,72519,72518,0
15,US127->CS31,72368,72367,0
15,US127->CS39,72319,72319,0
15,US127->CS47,71915,71915,0
15,US127->CS55,72354,72354,0
15,US127->CS63,72484,72483,0
15,CS0->US0,52590,52590,0
15,CS0->US8,82936,82935,0
15,CS0->US16,71990,71990,0
15,CS0->US24,95893,95893,0
15,CS0->US32,117400,117399,0
15,CS0->US40,57633,57633,0
15,CS0->US48,52007,52007,0
15,CS0->US56,96139,96139,0
15,CS0->US64,118656,118656,0
15,CS0->US72,63956,63956,0
15,CS0->US80,86762,86762,0
15,CS0->US88,64322,64322,0
15,CS0->US96,106689,106688,0
15,CS0->US104,108375,108374,0
15,CS0->US112,63267,63267,0
15,CS0->US120,75287,75287,0
15,CS1->US1,51836,51836,0
15,CS1->US9,83289,83288,0
15,CS1->US17,72198,72198,0
15,CS1->US25,96155,96154,0
15,CS1->US33,117809,117807,0
15,CS1->US41,57772,57772,0
15,CS1->US49,52150,52150,0
15,CS1->US57,95325,95325,0
15,CS1->US65,117848,117848,0
15,CS1->US73,63965,63965,0
15,CS1->US81,87210,87210,0
15,CS1->US89,64509,64509,0
15,CS1->US97,106445,106444,0
15,CS1->US105,108478,108477,0
15,CS1->US113,62451,62451,0
15,CS1->US121,75290,75289,0
15,CS2->US2,52355,52355,0
15,CS2->US10,82718,82718,0
15,CS2->US18,72043,72042,0
15,CS2->US26,96153,96153,0
15,CS2->US34,117618,117618,0
15,CS2->US42,57961,57961,0
15,CS2->US50,52135,52135,0
15,CS2->US58,95534,95534,0
15,CS2->US66,117978,117978,0
15,CS2->US74,64412,64412,0
15,CS2->US82,86545,86544,0
15,CS2->US90,64345,64345,0
15,CS2->US98,106663,106663,0
15,CS2->US106,108410,108409,0
15,CS2->US114,63614,63614,0
15,CS2->US122,75456,75455,0
15,CS3->US3,52007,52007,0
15,CS3->US11,82525,82524,0
15,CS3->US19,72208,72207,0
15,CS3->US27,95357,95357,0
15,CS3->US35,117624,117624,0
15,CS3->US43,57590,57590,0
15,CS3->US51,51788,51788,0
15,CS3->US59,95481,95480,0
15,CS3->US67,118151,118151,0
15,CS3->US75,63759,63759,0
15,CS3->US83,86442,86442,0
15,CS3->US91,64575,64574,0
15,CS3->US99,106823,106823,0
15,CS3->US107,108009,108009,0
15,CS3->US115,63185,63184,0
15,CS3->US123,75297,75296,0
15,CS4->US4,52100,52100,0
15,CS4->US12,83933,83933,0
15,CS4->US20,71913,71912,0
15,CS4->US28,95666,95666,0
15,CS4->US36,117086,117085,0
15,CS4->US44,57737,57736,0
15,CS4->US52,51945,51945,0
15,CS4->US60,95741,95741,0
15,CS4->US68,117839,117838,0
15,CS4->US76,64178,64176,0
15,CS4->US84,86652,86651,0
15,CS4->US92,64198,64198,0
15,CS4->US100,106438,106438,0
15,CS4->US108,108345,108345,0
15,CS4->US116,63116,63116,0
15,CS4->US124,75278,75278,0
15,CS5->US5,52422,52422,0
15,CS5->US13,82927,82927,0
15,CS5->US21,72542,72542,0
15,CS5->US29,96092,96092,0
15,CS5->US37,117997,117997,0
15,CS5->US45,57470,57470,0
15,CS5->US53,51818,51818,0
15,CS5->US61,95515,95514,0
15,CS5->US69,118195,118195,0
15,CS5->US77,63990,63989,0
15,CS5->US85,87354,87352,0
15,CS5->US93,64352,64352,0
15,CS5->US101,106919,106919,0
15,CS5->US109,108237,108236,0
15,CS5->US117,63000,63000,0
15,CS5->US125,75883,75882,0
15,CS6->US6,51590,51590,0
15,CS6->US14,82971,82970,0
15,CS6->US22,72739,72737,0
15,CS6->US30,95867,95867,0
15,CS6->US38,117453,117453,0
15,CS6->US46,58182,58182,0
15,CS6->US54,52152,52152,0
15,CS6->US62,95678,95678,0
15,CS6->US70,117908,117906,0
15,CS6->US78,63812,63812,0
15,CS6->US86,86755,86754,0
15,CS6->US94,64793,64793,0
15,CS6->US102,106237,106237,0
15,CS6->US110,108151,108150,0
15,CS6->US118,63130,63130,0
15,CS6->US126,75102,75102,0
15,CS7->US7,52260,52260,0
15,CS7->US15,83253,83252,0
15,CS7->US23,72340,72340,0
15,CS7->US31,96369,96369,0
15,CS7->US39,117585,117585,0
15,CS7->US47,57744,57744,0
15,CS7->US55,52359,52359,0
15,CS7->US63,94796,94793,0
15,CS7->US71,117640,117639,0
15,CS7->US79,63875,63875,0
15,CS7->US87,86756,86756,0
15,CS7->US95,64069,64068,0
15,CS7->US103,106879,106879,0
15,CS7->US111,107892,107892,0
15,CS7->US119,62690,62689,0
15,CS7->US127,75209,75208,0
15,CS8->US0,52493,52493,0
15,CS8->US8,83472,83472,0
15,CS8->US16,71912,71912,0
15,CS8->US24,96206,96206,0
15,CS8->US32,118274,118274,0
15,CS8->US40,57733,57733,0
15,CS8->US48,52514,52514,0
15,CS8->US56,95390,95390,0
15,CS8->US64,117516,117516,0
15,CS8->US72,64332,64331,0
15,CS8->US80,87237,87237,0
15,CS8->US88,64658,64658,0
15,CS8->US96,106245,106245,0
15,CS8->US104,108945,108944,0
15,CS8->US112,62959,62959,0
15,CS8->US120,75449,75448,0
15,CS9->US1,51344,51344,0
15,CS9->US9,82669,82669,0
15,CS9->US17,72410,72410,0
15,CS9->US25,96865,96865,0
15,CS9->US33,117516,117516,0
15,CS9->US41,57612,57612,0
15,CS9->US49,52347,52346,0
15,CS9->US57,96130,96130,0
15,CS9->US65,118302,118302,0
15,CS9->US73,63869,63868,0
15,CS9->US81,86647,86647,0
15,CS9->US89,64522,64521,0
15,CS9->US97,106393,106392,0
15,CS9->US105,108377,108377,0
15,CS9->US113,62809,62808,0
15,CS9->US121,75516,75516,0
15,CS10->US2,52230,52230,0
15,CS10->US10,83217,83217,0
15,CS10->US18,72372,72372,0
15,CS10->US26,96676,96675,0
15,CS10->US34,117484,117484,0
15,CS10->US42,57156,57156,0
15,CS10->US50,51932,51932,0
15,CS10->US58,95551,95551,0
15,CS10->US66,118542,118541,0
15,CS10->US74,64053,64052,0
15,CS10->US82,87035,87035,0
15,CS10->US90,64522,64522,0
15,CS10->US98,106298,106298,0
15,CS10->US106,108014,108014,0
15,CS10->US114,63135,63134,0
15,CS10->US122,75272,75272,0
15,CS11->US3,51870,51870,0
15,CS11->US11,83077,83077,0
15,CS11->US19,72628,72628,0
15,CS11->US27,96019,96017,0
15,CS11->US35,117398,117398,0
15,CS11->US43,57606,57606,0
15,CS11->US51,51726,51726,0
15,CS11->US59,95160,95159,0
15,CS11->US67,118205,118204,0
15,CS11->US75,64430,64429,0
15,CS11->US83,86661,86661,0
15,CS11->US91,64252,64252,0
15,CS11->US99,106288,106288,0
15,CS11->US107,108520,108519,0
15,CS11->US115,62877,62877,0
15,CS11->US123,75100,75100,0
15,CS12->US4,52254,52254,0
15,CS12->US12,83187,83187,0
15,CS12->US20,72614,72614,0
15,CS12->US28,95845,95845,0
15,CS12->US36,118184,118183,0
15,CS12->US44,57741,57741,0
15,CS12->US52,52044,52044,0
15,CS12->US60,95748,95748,0
15,CS12->US68,118195,118194,0
15,CS12->US76,64645,64645,0
15,CS12->US84,86997,86997,0
15,CS12->US92,64362,64362,0
15,CS12->US100,106322,106320,0
15,CS12->US108,108353,108352,0
15,CS12->US116,63179,63179,0
15,CS12->US124,74848,74847,0
15,CS13->US5,52068,52068,0
15,CS13->US13,83195,83195,0
15,CS13->US21,71858,71858,0
15,CS13->US29,95848,95847,0
15,CS13->US37,118066,118065,0
15,CS13->US45,57695,57695,0
15,CS13->US53,52451,52451,0
15,CS13->US61,95257,95256,0
15,CS13->US69,118184,118183,0
15,CS13->US77,64056,64055,0
15,CS13->US85,86729,86729,0
15,CS13->US93,64648,64648,0
15,CS13->US101,106500,106500,0
15,CS13->US109,108603,108603,0
15,CS13->US117,63227,63227,0
15,CS13->US125,75293,75293,0
15,CS14->US6,51990,51990,0
15,CS14->US14,82990,82990,0
15,CS14->US22,72219,72217,0
15,CS14->US30,96062,96062,0
15,CS14->US38,117401,117400,0
15,CS14->US46,58115,58114,0
15,CS14->US54,51748,51747,0
15,CS14->US62,95582,95582,0
15,CS14->US70,118575,118575,0
15,CS14->US78,64422,64421,0
15,CS14->US86,86944,86943,0
15,CS14->US94,64355,64355,0
15,CS14->US102,106121,106119,0
15,CS14->US110,108341,108340,0
15,CS14->US118,63174,63174,0
15,CS14->US126,75233,75233,0
15,CS15->US7,52239,52239,0
15,CS15->US15,83488,83488,0
15,CS15->US23,72706,72706,0
15,CS15->US31,96108,96108,0
15,CS15->US39,117633,117633,0
15,CS15->US47,57309,57308,0
15,CS15->US55,52319,52319,0
15,CS15->US63,94841,94841,0
15,CS15->US71,118224,118224,0
15,CS15->US79,63975,63975,0
15,CS15->US87,86448,86448,0
15,CS15->US95,64207,64207,0
15,CS15->US103,106374,106373,0
15,CS15->US111,107861,107861,0
15,CS15->US119,63353,63352,0
15,CS15->US127,75430,75430,0
15,CS16->US0,52028,52028,0
15,CS16->US8,83185,83185,0
15,CS16->US16,72711,72710,0
15,CS16->US24,96317,96316,0
15,CS16->US32,117430,117429,0
15,CS16->US40,57616,57616,0
15,CS16->US48,52092,52092,0
15,CS16->US56,95539,95539,0
15,CS16->US64,118034,118033,0
15,CS16->US72,64306,64306,0
15,CS16->US80,86657,86656,0
15,CS16->US88,64770,64770,0
15,CS16->US96,106294,106294,0
15,CS16->US104,108410,108410,0
15,CS16->US112,62730,62729,0
15,CS16->US120,75056,75056,0
15,CS17->US1,52202,52202,0
15,CS17->US9,82901,82901,0
15,CS17->US17,72105,72105,0
15,CS17->US25,95740,95740,0
15,CS17->US33,118303,118303,0
15,CS17->US41,57776,57775,0
15,CS17->US49,52281,52281,0
15,CS17->US57,95268,95268,0
15,CS17->US65,118623,118623,0
15,CS17->US73,64208,64208,0
15,CS17->US81,86348,86348,0
15,CS17->US89,64271,64271,0
15,CS17->US97,106289,106289,0
15,CS17->US105,108321,108321,0
15,CS17->US113,62874,62874,0
15,CS17->US121,75396,75396,0
15,CS18->US2,52230,52230,0
15,CS18->US10,83274,83274,0
15,CS18->US18,71866,71866,0
15,CS18->US26,95729,95729,0
15,CS18->US34,117826,117826,0
15,CS18->US42,57418,57418,0
15,CS18->US50,52040,52040,0
15,CS18->US58,95461,95460,0
15,CS18->US66,118715,118714,0
15,CS18->US74,64212,64212,0
15,CS18->US82,86543,86543,0
15,CS18->US90,64526,64526,0
15,CS18->US98,106650,106650,0
15,CS18->US106,108505,108504,0
15,CS18->US114,62794,62794,0
15,CS18->US122,75121,75121,0
15,CS19->US3,51670,51670,0
15,CS19->US11,83026,83026,0
15,CS19->US19,72548,72548,0
15,CS19->US27,97090,97087,0
15,CS19->US35,118227,118227,0
15,CS19->US43,57367,57367,0
15,CS19->US51,52036,52036,0
15,CS19->US59,95626,95626,0
15,CS19->US67,118371,118371,0
15,CS19->US75,64502,64501,0
15,CS19->US83,86929,86929,0
15,CS19->US91,64678,64678,0
15,CS19->US99,106628,106627,0
15,CS19->US107,108122,108122,0
15,CS19->US115,63343,63343,0
15,CS19->US123,74580,74579,0
15,CS20->US4,52213,52213,0
15,CS20->US12,82471,82471,0
15,CS20->US20,72216,72216,0
15,CS20->US28,95881,95880,0
15,CS20->US36,117664,117664,0
15,CS20->US44,57739,57739,0
15,CS20->US52,51663,51663,0
15,CS20->US60,95917,95916,0
15,CS20->US68,118205,118205,0
15,CS20->US76,64110,64110,0
15,CS20->US84,87336,87336,0
15,CS20->US92,64227,64227,0
15,CS20->US100,106135,106135,0
15,CS20->US108,109043,109042,0
15,CS20->US116,63231,63230,0
15,CS20->US124,75349,75349,0
15,CS21->US5,52102,52102,0
15,CS21->US13,82632,82632,0
15,CS21->US21,72020,72020,0
15,CS21->US29,96099,96099,0
15,CS21->US37,117831,117830,0
15,CS21->US45,57681,57681,0
15,CS21->US53,52299,52299,0
15,CS21->US61,94845,94845,0
15,CS21->US69,118135,118133,0
15,CS21->US77,64399,64399,0
15,CS21->US85,86532,86532,0
15,CS21->US93,64113,64113,0
15,CS21->US101,106695,106695,0
15,CS21->US109,108465,108465,0
15,CS21->US117,63102,63102,0
15,CS21->US125,75528,75528,0
15,CS22->US6,52033,52033,0
15,CS22->US14,83121,83120,0
15,CS22->US22,71853,71853,0
15,CS22->US30,95388,95387,0
15,CS22->US38,118108,118108,0
15,CS22->US46,57486,57486,0
15,CS22->US54,52114,52113,0
15,CS22->US62,95121,95121,0
15,CS22->US70,118110,118109,0
15,CS22->US78,63953,63953,0
15,CS22->US86,87047,87046,0
15,CS22->US94,64188,64188,0
15,CS22->US102,107292,107291,0
15,CS22->US110,108279,108278,0
15,CS22->US118,63086,63086,0
15,CS22->US126,75181,75180,0
15,CS23->US7,52472,52472,0
15,CS23->US15,83240,83239,0
15,CS23->US23,72671,72671,0
15,CS23->US31,95973,95973,0
15,CS23->US39,118096,118095,0
15,CS23->US47,57598,57598,0
15,CS23->US55,52412,52412,0
15,CS23->US63,95899,95897,0
15,CS23->US71,118632,118632,0
15,CS23->US79,63864,63864,0
15,CS23->US87,86819,86819,0
15,CS23->US95,64086,64085,0
15,CS23->US103,106073,106070,0
15,CS23->US111,108366,108366,0
15,CS23->US119,62981,62981,0
15,CS23->US127,75393,75391,0
15,CS24->US0,52511,52511,0
15,CS24->US8,83237,83237,0
15,CS24->US16,72000,72000,0
15,CS24->US24,96075,96075,0
15,CS24->US32,117908,117908,0
15,CS24->US40,57772,57772,0
15,CS24->US48,52034,52034,0
15,CS24->US56,94956,94956,0
15,CS24->US64,117993,117993,0
15,CS24->US72,64044,64044,0
15,CS24->US80,87139,87138,0
15,CS24->US88,64568,64567,0
15,CS24->US96,106547,106547,0
15,CS24->US104,107778,107777,0
15,CS24->US112,63288,63288,0
15,CS24->US120,75596,75595,0
15,CS25->US1,52181,52181,0
15,CS25->US9,83352,83351,0
15,CS25->US17,72241,72241,0
15,CS25->US25,95640,95640,0
15,CS25->US33,117599,117599,0
15,CS25->US41,57365,57365,0
15,CS25->US49,52289,52289,0
15,CS25->US57,95146,95146,0
15,CS25->US65,118459,118457,0
15,CS25->US73,64008,64008,0
15,CS25->US81,87303,87303,0
15,CS25->US89,64361,64360,0
15,CS25->US97,106460,106458,0
15,CS25->US105,108730,108729,0
15,CS25->US113,63236,63236,0
15,CS25->US121,75298,75298,0
15,CS26->US2,52293,52293,0
15,CS26->US10,83223,83223,0
15,CS26->US18,72821,72821,0
15,CS26->US26,95794,95792,0
15,CS26->US34,117543,117543,0
15,CS26->US42,57509,57509,0
15,CS26->US50,51884,51884,0
15,CS26->US58,95583,95581,0
15,CS26->US66,117680,117679,0
15,CS26->US74,63973,63973,0
15,CS26->US82,86571,86570,0
15,CS26->US90,64937,64937,0
15,CS26->US98,106271,106271,0
15,CS26->US106,108245,108245,0
15,CS26->US114,63199,63198,0
15,CS26->US122,75251,75250,0
15,CS27->US3,52219,52219,0
15,CS27->US11,82861,82860,0
15,CS27->US19,72153,72153,0
15,CS27->US27,96045,96045,0
15,CS27->US35,117236,117236,0
15,CS27->US43,57419,57419,0
15,CS27->US51,51920,51920,0
15,CS27->US59,95292,95292,0
15,CS27->US67,118327,118327,0
15,CS27->US75,64121,64121,0
15,CS27->US83,87164,87164,0
15,CS27->US91,64419,64419,0
15,CS27->US99,106102,106101,0
15,CS27->US107,108021,108020,0
15,CS27->US115,63062,63062,0
15,CS27->US123,75271,75271,0
15,CS28->US4,51896,51896,0
15,CS28->US12,83146,83146,0
15,CS28->US20,72395,72395,0
15,CS28->US28,95973,95973,0
15,CS28->US36,118221,118221,0
15,CS28->US44,57913,57913,0
15,CS28->US52,52368,52368,0
15,CS28->US60,95198,95198,0
15,CS28->US68,118592,118592,0
15,CS28->US76,64243,64243,0
15,CS28->US84,86933,86932,0
15,CS28->US92,64140,64140,0
15,CS28->US100,107318,107318,0
15,CS28->US108,108049,108048,0
15,CS28->US116,62719,62719,0
15,CS28->US124,75496,75495,0
15,CS29->US5,52019,52019,0
15,CS29->US13,83167,83167,0
15,CS29->US21,72417,72417,0
15,CS29->US29,96570,96570,0
15,CS29->US37,117216,117216,0
15,CS29->US45,57601,57601,0
15,CS29->US53,52229,52229,0
15,CS29->US61,95714,95713,0
15,CS29->US69,118536,118536,0
15,CS29->US77,64284,64283,0
15,CS29->US85,86123,86123,0
15,CS29->US93,64449,64449,0
15,CS29->US101,105751,105751,0
15,CS29->US109,108418,108416,0
15,CS29->US117,62957,62956,0
15,CS29->US125,75247,75247,0
15,CS30->US6,52297,52297,0
15,CS30->US14,83029,83029,0
15,CS30->US22,72504,72504,0
15,CS30->US30,96144,96144,0
15,CS30->US38,117466,117466,0
15,CS30->US46,57800,57800,0
15,CS30->US54,52326,52326,0
15,CS30->US62,95122,95122,0
15,CS30->US70,118384,118384,0
15,CS30->US78,64003,64002,0
15,CS30->US86,86784,86784,0
15,CS30->US94,64357,64357,0
15,CS30->US102,106517,106517,0
15,CS30->US110,108470,108470,0
15,CS30->US118,63105,63105,0
15,CS30->US126,75432,75432,0
15,CS31->US7,52611,52611,0
15,CS31->US15,83441,83441,0
15,CS31->US23,72350,72350,0
15,CS31->US31,95917,95916,0
15,CS31->US39,117265,117265,0
15,CS31->US47,57430,57430,0
15,CS31->US55,52273,52273,0
15,CS31->US63,96070,96070,0
15,CS31->US71,117893,117893,0
15,CS31->US79,63651,63651,0
15,CS31->US87,86975,86975,0
15,CS31->US95,64398,64396,0
15,CS31->US103,106849,106849,0
15,CS31->US111,108122,108122,0
15,CS31->US119,63349,63349,0
15,CS31->US127,75043,75042,0
15,CS32->US0,52127,52127,0
15,CS32->US8,83003,83002,0
15,CS32->US16,72376,72376,0
15,CS32->US24,96021,96021,0
15,CS32->US32,118048,118048,0
15,CS32->US40,57429,57429,0
15,CS32->US48,51981,51981,0
15,CS32->US56,95627,95625,0
15,CS32->US64,117606,117604,0
15,CS32->US72,63899,63899,0
15,CS32->US80,86808,86808,0
15,CS32->US88,64571,64571,0
15,CS32->US96,106756,106756,0
15,CS32->US104,108848,108848,0
15,CS32->US112,63453,63453,0
15,CS32->US120,75234,75233,0
15,CS33->US1,52100,52100,0
15,CS33->US9,83327,83327,0
15,CS33->US17,72242,72242,0
15,CS33->US25,96068,96068,0
15,CS33->US33,117552,117551,0
15,CS33->US41,57632,57631,0
15,CS33->US49,52290,52290,0
15,CS33->US57,95134,95134,0
15,CS33->US65,118239,118238,0
15,CS33->US73,64081,64081,0
15,CS33->US81,86818,86818,0
15,CS33->US89,64743,64743,0
15,CS33->US97,106462,106461,0
15,CS33->US105,108912,108910,0
15,CS33->US113,62744,62744,0
15,CS33->US121,75513,75513,0
15,CS34->US2,51829,51829,0
15,CS34->US10,83020,83020,0
15,CS34->US18,72012,72012,0
15,CS34->US26,96295,96294,0
15,CS34->US34,117702,117700,0
15,CS34->US42,57932,57932,0
15,CS34->US50,52181,52181,0
15,CS34->US58,95901,95901,0
15,CS34->US66,117963,117963,0
15,CS34->US74,64142,64142,0
15,CS34->US82,86113,86113,0
15,CS34->US90,64504,64504,0
15,CS34->US98,106551,106551,0
15,CS34->US106,108340,108338,0
15,CS34->US114,63142,63142,0
15,CS34->US122,74892,74891,0
15,CS35->US3,52284,52284,0
15,CS35->US11,83068,83068,0
15,CS35->US19,72131,72131,0
15,CS35->US27,95659,95659,0
15,CS35->US35,117800,117799,0
15,CS35->US43,57673,57673,0
15,CS35->US51,52112,52112,0
15,CS35->US59,95200,95200,0
15,CS35->US67,117762,117761,0
15,CS35->US75,64509,64508,0
15,CS35->US83,86958,86958,0
15,CS35->US91,64362,64361,0
15,CS35->US99,106066,106066,0
15,CS35->US107,108013,108013,0
15,CS35->US115,63147,63147,0
15,CS35->US123,75096,75096,0
15,CS36->US4,52218,52218,0
15,CS36->US12,83046,83046,0
15,CS36->US20,72522,72522,0
15,CS36->US28,96189,96189,0
15,CS36->US36,117969,117968,0
15,CS36->US44,58150,58150,0
15,CS36->US52,52222,52222,0
15,CS36->US60,95452,95452,0
15,CS36->US68,118163,118162,0
15,CS36->US76,64193,64193,0
15,CS36->US84,86635,86635,0
15,CS36->US92,64219,64219,0
15,CS36->US100,106684,106684,0
15,CS36->US108,108559,108559,0
15,CS36->US116,63033,63033,0
15,CS36->US124,75047,75047,0
15,CS37->US5,52295,52295,0
15,CS37->US13,83318,83317,0
15,CS37->US21,72382,72382,0
15,CS37->US29,95535,95535,0
15,CS37->US37,117553,117553,0
15,CS37->US45,58208,58207,0
15,CS37->US53,51744,51743,0
15,CS37->US61,95968,95968,0
15,CS37->US69,118067,118067,0
15,CS37->US77,64309,64308,0
15,CS37->US85,87045,87044,0
15,CS37->US93,64357,64357,0
15,CS37->US101,106457,106456,0
15,CS37->US109,107798,107798,0
15,CS37->US117,63055,63055,0
15,CS37->US125,75362,75362,0
15,CS38->US6,52273,52273,0
15,CS38->US14,83175,83174,0
15,CS38->US22,72349,72349,0
15,CS38->US30,96188,96187,0
15,CS38->US38,117165,117165,0
15,CS38->US46,57498,57498,0
15,CS38->US54,52239,52239,0
15,CS38->US62,95672,95671,0
15,CS38->US70,117835,117835,0
15,CS38->US78,64383,64383,0
15,CS38->US86,86919,86919,0
15,CS38->US94,64461,64459,0
15,CS38->US102,106417,106417,0
15,CS38->US110,108500,108499,0
15,CS38->US118,63480,63479,0
15,CS38->US126,75234,75232,0
15,CS39->US7,52203,52203,0
15,CS39->US15,83462,83462,0
15,CS39->US23,72392,72390,0
15,CS39->US31,96129,96127,0
15,CS39->US39,117330,117329,0
15,CS39->US47,57608,57607,0
15,CS39->US55,52278,52278,0
15,CS39->US63,95004,95004,0
15,CS39->US71,117943,117943,0
15,CS39->US79,64288,64287,0
15,CS39->US87,86814,86814,0
15,CS39->US95,64415,64415,0
15,CS39->US103,106223,106223,0
15,CS39->US111,107905,107905,0
15,CS39->US119,63187,63187,0
15,CS39->US127,75425,75425,0
15,CS40->US0,52088,52088,0
15,CS40->US8,83152,83151,0
15,CS40->US16,72338,72338,0
15,CS40->US24,95986,95986,0
15,CS40->US32,117744,117743,0
15,CS40->US40,57589,57589,0
15,CS40->US48,51571,51570,0
15,CS40->US56,95084,95084,0
15,CS40->US64,117677,117677,0
15,CS40->US72,64622,64622,0
15,CS40->US80,85847,85847,0
15,CS40->US88,64459,64459,0
15,CS40->US96,106417,106417,0
15,CS40->US104,107777,107777,0
15,CS40->US112,62980,62980,0
15,CS40->US120,75410,75410,0
15,CS41->US1,52284,52284,0
15,CS41->US9,82857,82856,0
15,CS41->US17,72412,72411,0
15,CS41->US25,95807,95807,0
15,CS41->US33,117907,117905,0
15,CS41->US41,57611,57611,0
15,CS41->US49,52447,52447,0
15,CS41->US57,95813,95813,0
15,CS41->US65,118143,118143,0
15,CS41->US73,64323,64322,0
15,CS41->US81,87155,87154,0
15,CS41->US89,64781,64781,0
15,CS41->US97,106632,106632,0
15,CS41->US105,108801,108801,0
15,CS41->US113,62714,62714,0
15,CS41->US121,75330,75330,0
15,CS42->US2,52029,52029,0
15,CS42->US10,83305,83303,0
15,CS42->US18,72239,72239,0
15,CS42->US26,95879,95879,0
15,CS42->US34,117501,117500,0
15,CS42->US42,57651,57651,0
15,CS42->US50,52482,52482,0
15,CS42->US58,95648,95647,0
15,CS42->US66,118087,118087,0
15,CS42->US74,64714,64714,0
15,CS42->US82,86956,86956,0
15,CS42->US90,64568,64567,0
15,CS42->US98,106825,106824,0
15,CS42->US106,108168,108167,0
15,CS42->US114,62937,62937,0
15,CS42->US122,75514,75514,0
15,CS43->US3,51881,51881,0
15,CS43->US11,83111,83111,0
15,CS43->US19,72452,72452,0
15,CS43->US27,96223,96223,0
15,CS43->US35,117652,117652,0
15,CS43->US43,57281,57281,0
15,CS43->US51,52031,52031,0
15,CS43->US59,95352,95351,0
15,CS43->US67,118267,118265,0
15,CS43->US75,64237,64236,0
15,CS43->US83,86677,86677,0
15,CS43->US91,64094,64094,0
15,CS43->US99,106881,106881,0
15,CS43->US107,108693,108693,0
15,CS43->US115,63048,63048,0
15,CS43->US123,75418,75416,0
15,CS44->US4,51792,51792,0
15,CS44->US12,82987,82986,0
15,CS44->US20,72264,72263,0
15,CS44->US28,96119,96119,0
15,CS44->US36,117511,117511,0
15,CS44->US44,57782,57781,0
15,CS44->US52,52329,52329,0
15,CS44->US60,95230,95229,0
15,CS44->US68,117968,117968,0
15,CS44->US76,63805,63803,0
15,CS44->US84,87398,87397,0
15,CS44->US92,64681,64681,0
15,CS44->US100,106562,106561,0
15,CS44->US108,108110,108110,0
15,CS44->US116,63217,63217,0
15,CS44->US124,74660,74660,0
15,CS45->US5,51844,51844,0
15,CS45->US13,82683,82682,0
15,CS45->US21,72176,72176,0
15,CS45->US29,95746,95745,0
15,CS45->US37,118049,118049,0
15,CS45->US45,57827,57827,0
15,CS45->US53,52282,52282,0
15,CS45->US61,95357,95356,0
15,CS45->US69,117896,117896,0
15,CS45->US77,63995,63994,0
15,CS45->US85,87141,87140,0
15,CS45->US93,64413,64413,0
15,CS45->US101,106621,106620,0
15,CS45->US109,108124,108124,0
15,CS45->US117,62711,62711,0
15,CS45->US125,75313,75313,0
15,CS46->US6,51701,51701,0
15,CS46->US14,83322,83322,0
15,CS46->US22,72119,72119,0
15,CS46->US30,95788,95788,0
15,CS46->US38,117634,117633,0
15,CS46->US46,57715,57715,0
15,CS46->US54,52475,52475,0
15,CS46->US62,95669,95669,0
15,CS46->US70,118866,118865,0
15,CS46->US78,64258,64258,0
15,CS46->US86,87216,87216,0
15,CS46->US94,64272,64272,0
15,CS46->US102,106836,106836,0
15,CS46->US110,108177,108177,0
15,CS46->US118,62607,62607,0
15,CS46->US126,75625,75622,0
15,CS47->US7,52117,52117,0
15,CS47->US15,83090,83090,0
15,CS47->US23,72000,71999,0
15,CS47->US31,95930,95930,0
15,CS47->US39,117694,117694,0
15,CS47->US47,57360,57360,0
15,CS47->US55,51979,51979,0
15,CS47->US63,95553,95553,0
15,CS47->US71,118046,118046,0
15,CS47->US79,63836,63836,0
15,CS47->US87,87066,87065,0
15,CS47->US95,64173,64172,0
15,CS47->US103,106597,106597,0
15,CS47->US111,108553,108552,0
15,CS47->US119,63076,63076,0
15,CS47->US127,75114,75114,0
15,CS48->US0,52494,52494,0
15,CS48->US8,82649,82648,0
15,CS48->US16,72050,72050,0
15,CS48->US24,96730,96730,0
15,CS48->US32,117900,117900,0
15,CS48->US40,57313,57313,0
15,CS48->US48,52597,52597,0
15,CS48->US56,95437,95437,0
15,CS48->US64,118333,118332,0
15,CS48->US72,63812,63812,0
15,CS48->US80,86523,86522,0
15,CS48->US88,64248,64248,0
15,CS48->US96,106294,106293,0
15,CS48->US104,108277,108276,0
15,CS48->US112,63053,63053,0
15,CS48->US120,75245,75244,0
15,CS49->US1,52214,52214,0
15,CS49->US9,82781,82780,0
15,CS49->US17,72675,72675,0
15,CS49->US25,96190,96189,0
15,CS49->US33,117901,117899,0
15,CS49->US41,58072,58072,0
15,CS49->US49,52477,52477,0
15,CS49->US57,95503,95501,0
15,CS49->US65,118527,118527,0
15,CS49->US73,64221,64220,0
15,CS49->US81,87234,87234,0
15,CS49->US89,64751,64751,0
15,CS49->US97,106193,106192,0
15,CS49->US105,107937,107937,0
15,CS49->US113,62925,62925,0
15,CS49->US121,74647,74647,0
15,CS50->US2,52089,52089,0
15,CS50->US10,83190,83190,0
15,CS50->US18,72234,72234,0
15,CS50->US26,95858,95857,0
15,CS50->US34,117760,117758,0
15,CS50->US42,57225,57225,0
15,CS50->US50,52144,52144,0
15,CS50->US58,95086,95083,0
15,CS50->US66,117769,117769,0
15,CS50->US74,64249,64249,0
15,CS50->US82,86737,86736,0
15,CS50->US90,64999,64999,0
15,CS50->US98,106441,106441,0
15,CS50->US106,108122,108122,0
15,CS50->US114,63010,63010,0
15,CS50->US122,75522,75522,0
15,CS51->US3,52138,52138,0
15,CS51->US11,82675,82675,0
15,CS51->US19,72634,72634,0
15,CS51->US27,95508,95506,0
15,CS51->US35,117977,117977,0
15,CS51->US43,57361,57361,0
15,CS51->US51,52217,52217,0
15,CS51->US59,95353,95352,0
15,CS51->US67,118699,118699,0
15,CS51->US75,64342,64342,0
15,CS51->US83,87284,87284,0
15,CS51->US91,63996,63996,0
15,CS51->US99,107052,107051,0
15,CS51->US107,108550,108550,0
15,CS51->US115,63347,63347,0
15,CS51->US123,75734,75734,0
15,CS52->US4,51982,51982,0
15,CS52->US12,82985,82985,0
15,CS52->US20,72262,72262,0
15,CS52->US28,95972,95972,0
15,CS52->US36,117826,117826,0
15,CS52->US44,57629,57629,0
15,CS52->US52,51629,51629,0
15,CS52->US60,95620,95620,0
15,CS52->US68,118615,118614,0
15,CS52->US76,63769,63769,0
15,CS52->US84,86847,86846,0
15,CS52->US92,64808,64808,0
15,CS52->US100,106477,106477,0
15,CS52->US108,108537,108537,0
15,CS52->US116,63295,63294,0
15,CS52->US124,75137,75137,0
15,CS53->US5,52148,52148,0
15,CS53->US13,82983,82982,0
15,CS53->US21,72652,72652,0
15,CS53->US29,95454,95454,0
15,CS53->US37,118023,118023,0
15,CS53->US45,57459,57459,0
15,CS53->US53,52019,52019,0
15,CS53->US61,95619,95617,0
15,CS53->US69,117841,117841,0
15,CS53->US77,64348,64348,0
15,CS53->US85,86945,86944,0
15,CS53->US93,64633,64633,0
15,CS53->US101,106154,106154,0
15,CS53->US109,107898,107898,0
15,CS53->US117,63425,63425,0
15,CS53->US125,75308,75308,0
15,CS54->US6,52289,52289,0
15,CS54->US14,83096,83096,0
15,CS54->US22,72276,72275,0
15,CS54->US30,95637,95636,0
15,CS54->US38,117993,117993,0
15,CS54->US46,57454,57454,0
15,CS54->US54,52456,52456,0
15,CS54->US62,96119,96119,0
15,CS54->US70,117912,117912,0
15,CS54->US78,64171,64171,0
15,CS54->US86,87145,87145,0
15,CS54->US94,64360,64359,0
15,CS54->US102,106399,106399,0
15,CS54->US110,108711,108710,0
15,CS54->US118,63197,63197,0
15,CS54->US126,75573,75572,0
15,CS55->US7,52365,52365,0
15,CS55->US15,83718,83718,0
15,CS55->US23,72388,72387,0
15,CS55->US31,96032,96028,0
15,CS55->US39,117284,117284,0
15,CS55->US47,57580,57580,0
15,CS55->US55,52458,52458,0
15,CS55->US63,95346,95346,0
15,CS55->US71,117893,117893,0
15,CS55->US79,64121,64121,0
15,CS55->US87,86688,86687,0
15,CS55->US95,64665,64665,0
15,CS55->US103,106651,106651,0
15,CS55->US111,108458,108458,0
15,CS55->US119,63130,63130,0
15,CS55->US127,75247,75247,0
15,CS56->US0,52175,52175,0
15,CS56->US8,83125,83124,0
15,CS56->US16,72609,72608,0
15,CS56->US24,96382,96382,0
15,CS56->US32,118306,118306,0
15,CS56->US40,57871,57871,0
15,CS56->US48,51686,51686,0
15,CS56->US56,95585,95584,0
15,CS56->US64,118542,118541,0
15,CS56->US72,64305,64305,0
15,CS56->US80,86928,86928,0
15,CS56->US88,64350,64347,0
15,CS56->US96,106814,106814,0
15,CS56->US104,108495,108495,0
15,CS56->US112,63133,63133,0
15,CS56->US120,75383,75383,0
15,CS57->US1,52047,52047,0
15,CS57->US9,83679,83678,0
15,CS57->US17,72224,72224,0
15,CS57->US25,95791,95790,0
15,CS57->US33,118267,118267,0
15,CS57->US41,57623,57623,0
15,CS57->US49,52423,52423,0
15,CS57->US57,95348,95347,0
15,CS57->US65,118735,118734,0
15,CS57->US73,64041,64041,0
15,CS57->US81,86559,86558,0
15,CS57->US89,64428,64428,0
15,CS57->US97,106823,106823,0
15,CS57->US105,108325,108325,0
15,CS57->US113,62738,62738,0
15,CS57->US121,75116,75115,0
15,CS58->US2,52513,52513,0
15,CS58->US10,83191,83191,0
15,CS58->US18,72003,72002,0
15,CS58->US26,96023,96023,0
15,CS58->US34,117972,117971,0
15,CS58->US42,57686,57686,0
15,CS58->US50,52553,52553,0
15,CS58->US58,95212,95212,0
15,CS58->US66,117935,117933,0
15,CS58->US74,64151,64151,0
15,CS58->US82,86551,86549,0
15,CS58->US90,64539,64539,0
15,CS58->US98,106613,106610,0
15,CS58->US106,108707,108707,0
15,CS58->US114,62860,62860,0
15,CS58->US122,75380,75380,0
15,CS59->US3,52145,52145,0
15,CS59->US11,83073,83070,0
15,CS59->US19,72260,72259,0
15,CS59->US27,95888,95888,0
15,CS59->US35,116596,116595,0
15,CS59->US43,57941,57941,0
15,CS59->US51,51870,51870,0
15,CS59->US59,95160,95160,0
15,CS59->US67,118075,118075,0
15,CS59->US75,64033,64033,0
15,CS59->US83,87075,87074,0
15,CS59->US91,64419,64419,0
15,CS59->US99,106343,106343,0
15,CS59->US107,108670,108670,0
15,CS59->US115,63263,63263,0
15,CS59->US123,75693,75693,0
15,CS60->US4,51842,51842,0
15,CS60->US12,82898,82897,0
15,CS60->US20,72090,72090,0
15,CS60->US28,95931,95931,0
15,CS60->US36,117807,117807,0
15,CS60->US44,57470,57469,0
15,CS60->US52,51746,51746,0
15,CS60->US60,95662,95662,0
15,CS60->US68,117931,117931,0
15,CS60->US76,63788,63788,0
15,CS60->US84,86642,86642,0
15,CS60->US92,64289,64289,0
15,CS60->US100,106579,106579,0
15,CS60->US108,107871,107871,0
15,CS60->US116,62867,62867,0
15,CS60->US124,75003,75003,0
15,CS61->US5,52487,52487,0
15,CS61->US13,82821,82821,0
15,CS61->US21,72587,72587,0
15,CS61->US29,96168,96168,0
15,CS61->US37,117701,117701,0
15,CS61->US45,57787,57787,0
15,CS61->US53,51908,51908,0
15,CS61->US61,95775,95774,0
15,CS61->US69,118421,118421,0
15,CS61->US77,64716,64716,0
15,CS61->US85,86655,86655,0
15,CS61->US93,64859,64859,0
15,CS61->US101,106621,106620,0
15,CS61->US109,108458,108458,0
15,CS61->US117,63360,63360,0
15,CS61->US125,75692,75692,0
15,CS62->US6,52107,52107,0
15,CS62->US14,82808,82808,0
15,CS62->US22,72471,72471,0
15,CS62->US30,95717,95716,0
15,CS62->US38,116876,116875,0
15,CS62->US46,58180,58180,0
15,CS62->US54,52467,52467,0
15,CS62->US62,95697,95697,0
15,CS62->US70,118458,118458,0
15,CS62->US78,64266,64266,0
15,CS62->US86,86792,86792,0
15,CS62->US94,63900,63900,0
15,CS62->US102,106687,106687,0
15,CS62->US110,108204,108203,0
15,CS62->US118,62947,62946,0
15,CS62->US126,75137,75137,0
15,CS63->US7,51637,51637,0
15,CS63->US15,82732,82732,0
15,CS63->US23,72576,72575,0
15,CS63->US31,95910,95910,0
15,CS63->US39,117720,117720,0
15,CS63->US47,57623,57623,0
15,CS63->US55,52095,52094,0
15,CS63->US63,95522,95522,0
15,CS63->US71,117797,117796,0
15,CS63->US79,64236,64235,0
15,CS63->US87,86409,86409,0
15,CS63->US95,64474,64471,0
15,CS63->US103,106148,106148,0
15,CS63->US111,108555,108555,0
15,CS63->US119,63221,63221,0
15,CS63->US127,75725,75725,0
